0.16780	4.61635e-02
0.16804	4.59056e-02
0.16825	4.56888e-02
0.16844	4.55171e-02
0.16860	4.53944e-02
0.16874	4.53247e-02
0.16886	4.53117e-02
0.16895	4.53591e-02
0.16901	4.54701e-02
0.16904	4.56475e-02
0.16905	4.58935e-02
0.16904	4.62099e-02
0.16899	4.65976e-02
0.16892	4.70568e-02
0.16883	4.75871e-02
0.16871	4.81870e-02
0.16857	4.88544e-02
0.16840	4.95864e-02
0.16822	5.03793e-02
0.16801	5.12287e-02
0.16779	5.21297e-02
0.16755	5.30768e-02
0.16730	5.40641e-02
0.16704	5.50854e-02
0.16677	5.61344e-02
0.16650	5.72045e-02
0.16622	5.82891e-02
0.16594	5.93818e-02
0.16567	6.04763e-02
0.16541	6.15663e-02
0.16515	6.26461e-02
0.16491	6.37101e-02
0.16468	6.47531e-02
0.16446	6.57706e-02
0.16426	6.67581e-02
0.16407	6.77120e-02
0.16390	6.86288e-02
0.16374	6.95057e-02
0.16360	7.03400e-02
0.16347	7.11294e-02
0.16334	7.18712e-02
0.16323	7.25630e-02
0.16312	7.32014e-02
0.16301	7.37823e-02
0.16291	7.43001e-02
0.16281	7.47471e-02
0.16271	7.51131e-02
0.16262	7.53842e-02
0.16255	7.55424e-02
0.16249	7.55662e-02
0.16246	7.54318e-02
0.16247	7.51172e-02
0.16251	7.46085e-02
0.16258	7.39036e-02
0.16268	7.30132e-02
0.16280	7.19568e-02
0.16291	7.07569e-02
0.16300	6.94350e-02
0.16307	6.80098e-02
0.16311	6.64964e-02
0.16311	6.49068e-02
0.16307	6.32509e-02
0.16298	6.15365e-02
0.16284	5.97705e-02
0.16265	5.79589e-02
0.16242	5.61073e-02
0.16213	5.42208e-02
0.16180	5.23051e-02
0.16142	5.03658e-02
0.16099	4.84091e-02
0.16052	4.64418e-02
0.16000	4.44716e-02
0.15945	4.25074e-02
0.15886	4.05593e-02
0.15823	3.86392e-02
0.15757	3.67609e-02
0.15688	3.49406e-02
0.15616	3.31969e-02
0.15542	3.15515e-02
0.15466	3.00288e-02
0.15388	2.86562e-02
0.15308	2.74630e-02
0.15227	2.64791e-02
0.15145	2.57331e-02
0.15063	2.52491e-02
0.14980	2.50435e-02
0.14897	2.51230e-02
0.14814	2.54832e-02
0.14732	2.61089e-02
0.14650	2.69769e-02
0.14570	2.80584e-02
0.14490	2.93223e-02
0.14412	3.07372e-02
0.14335	3.22735e-02
0.14260	3.39033e-02
0.14187	3.56015e-02
0.14116	3.73447e-02
0.14048	3.91117e-02
0.13982	4.08824e-02
0.13920	4.26375e-02
0.13865	4.43600e-02
0.13813	4.60297e-02
0.13766	4.76274e-02
0.13725	4.91347e-02
0.13688	5.05347e-02
0.13658	5.18136e-02
0.13635	5.29612e-02
0.13618	5.39728e-02
0.13609	5.48492e-02
0.13606	5.55973e-02
0.13609	5.62284e-02
0.13617	5.67577e-02
0.13629	5.72024e-02
0.13645	5.75808e-02
0.13664	5.79111e-02
0.13684	5.82104e-02
0.13704	5.84947e-02
0.13724	5.87780e-02
0.13743	5.90722e-02
0.13761	5.93870e-02
0.13776	5.97300e-02
0.13789	6.01062e-02
0.13799	6.05188e-02
0.13806	6.09690e-02
0.13809	6.14562e-02
0.13809	6.19782e-02
0.13806	6.25314e-02
0.13798	6.31111e-02
0.13788	6.37115e-02
0.13774	6.43260e-02
0.13756	6.49470e-02
0.13736	6.55664e-02
0.13712	6.61751e-02
0.13686	6.67633e-02
0.13657	6.73205e-02
0.13627	6.78356e-02
0.13595	6.82976e-02
0.13562	6.86966e-02
0.13528	6.90255e-02
0.13493	6.92815e-02
0.13457	6.94673e-02
0.13420	6.95903e-02
0.13381	6.96605e-02
0.13340	6.96884e-02
0.13296	6.96830e-02
0.13249	6.96510e-02
0.13199	6.95968e-02
0.13146	6.95222e-02
0.13089	6.94273e-02
0.13031	6.93107e-02
0.12970	6.91692e-02
0.12910	6.89949e-02
0.12848	6.87868e-02
0.12786	6.85382e-02
0.12725	6.82408e-02
0.12665	6.78846e-02
0.12607	6.74573e-02
0.12552	6.69444e-02
0.12502	6.63297e-02
0.12458	6.55975e-02
0.12420	6.47362e-02
0.12388	6.37432e-02
0.12363	6.26264e-02
0.12343	6.14038e-02
0.12327	6.00995e-02
0.12313	5.87390e-02
0.12301	5.73485e-02
0.12288	5.59510e-02
0.12275	5.45688e-02
0.12261	5.32228e-02
0.12244	5.19331e-02
0.12225	5.07192e-02
0.12202	4.95998e-02
0.12175	4.85931e-02
0.12144	4.77163e-02
0.12108	4.69850e-02
0.12067	4.64133e-02
0.12021	4.60125e-02
0.11970	4.57912e-02
0.11913	4.57544e-02
0.11850	4.59036e-02
0.11782	4.62363e-02
0.11708	4.67463e-02
0.11629	4.74238e-02
0.11545	4.82561e-02
0.11456	4.92276e-02
0.11362	5.03203e-02
0.11265	5.15141e-02
0.11165	5.27865e-02
0.11062	5.41125e-02
0.10958	5.54640e-02
0.10855	5.68098e-02
0.10754	5.81161e-02
0.10658	5.93505e-02
0.10567	6.04888e-02
0.10484	6.15209e-02
0.10407	6.24517e-02
0.10337	6.32932e-02
0.10273	6.40575e-02
0.10215	6.47516e-02
0.10153	6.55292e-02
0.10099	6.62227e-02
0.10052	6.68277e-02
0.10012	6.73420e-02
0.09980	6.77677e-02
0.09956	6.81114e-02
0.09938	6.83811e-02
0.09927	6.85823e-02
0.09922	6.87103e-02
0.09927	6.87384e-02
0.09946	6.85967e-02
0.09986	6.81724e-02
0.10050	6.74190e-02
0.10131	6.64257e-02
0.10222	6.52990e-02
0.10317	6.41017e-02
0.10415	6.28675e-02
0.10515	6.16171e-02
0.10614	6.03653e-02
0.10714	5.91244e-02
0.10813	5.79054e-02
0.10910	5.67186e-02
0.11007	5.55740e-02
0.11101	5.44812e-02
0.11193	5.34493e-02
0.11282	5.24870e-02
0.11369	5.16023e-02
0.11453	5.08026e-02
0.11533	5.00941e-02
0.11610	4.94822e-02
0.11683	4.89710e-02
0.11752	4.85631e-02
0.11817	4.82598e-02
0.11878	4.80609e-02
0.11934	4.79647e-02
0.11985	4.79682e-02
0.12031	4.80669e-02
0.12071	4.82550e-02
0.12106	4.85260e-02
0.12135	4.88723e-02
0.12158	4.92857e-02
0.12175	4.97574e-02
0.12185	5.02785e-02
0.12189	5.08397e-02
0.12186	5.14316e-02
0.12175	5.20450e-02
0.12158	5.26705e-02
0.12134	5.32988e-02
0.12102	5.39207e-02
0.12064	5.45270e-02
0.12019	5.51086e-02
0.11967	5.56564e-02
0.11909	5.61616e-02
0.11846	5.66157e-02
0.11778	5.70113e-02
0.11705	5.73419e-02
0.11628	5.76031e-02
0.11548	5.77929e-02
0.11464	5.79118e-02
0.11377	5.79635e-02
0.11288	5.79539e-02
0.11196	5.78910e-02
0.11102	5.77842e-02
0.11006	5.76433e-02
0.10908	5.74783e-02
0.10807	5.72987e-02
0.10707	5.70944e-02
0.10606	5.68926e-02
0.10504	5.67010e-02
0.10401	5.65268e-02
0.10298	5.63768e-02
0.10194	5.62575e-02
0.10091	5.61753e-02
0.09988	5.61361e-02
0.09886	5.61458e-02
0.09783	5.62098e-02
0.09682	5.63332e-02
0.09637	5.55519e-02
0.09649	5.38644e-02
0.09661	5.22188e-02
0.09673	5.06266e-02
0.09686	4.91002e-02
0.09698	4.76521e-02
0.09710	4.62943e-02
0.09721	4.50375e-02
0.09732	4.38893e-02
0.09744	4.28518e-02
0.09756	4.19182e-02
0.09771	4.10677e-02
0.09789	4.02617e-02
0.09814	3.94437e-02
0.09849	3.85537e-02
0.09894	3.75563e-02
0.09949	3.64615e-02
0.10011	3.53167e-02
0.10080	3.41830e-02
0.10153	3.31179e-02
0.10230	3.21699e-02
0.10308	3.13776e-02
0.10389	3.07700e-02
0.10475	3.03925e-02
0.10564	3.02202e-02
0.10655	3.02511e-02
0.10751	3.04762e-02
0.10850	3.08820e-02
0.10953	3.14514e-02
0.11061	3.21659e-02
0.11173	3.30070e-02
0.11289	3.39572e-02
0.11410	3.50011e-02
0.11536	3.61254e-02
0.11665	3.73193e-02
0.11799	3.85745e-02
0.11936	3.98852e-02
0.12076	4.12472e-02
0.12218	4.26581e-02
0.12362	4.41165e-02
0.12507	4.56214e-02
0.12652	4.71718e-02
0.12798	4.87661e-02
0.12942	5.04023e-02
0.13085	5.20776e-02
0.13227	5.37883e-02
0.13365	5.55300e-02
0.13501	5.72977e-02
0.13634	5.90858e-02
0.13763	6.08880e-02
0.13888	6.26978e-02
0.14009	6.45082e-02
0.14126	6.63118e-02
0.14238	6.81008e-02
0.14346	6.98669e-02
0.14449	7.16010e-02
0.14547	7.32933e-02
0.14642	7.49328e-02
0.14732	7.65070e-02
0.14819	7.80025e-02
0.14903	7.94058e-02
0.14984	8.07060e-02
0.15062	8.18984e-02
0.15138	8.29858e-02
0.15210	8.39769e-02
0.15277	8.48827e-02
0.15340	8.57130e-02
0.15397	8.64755e-02
0.15449	8.71755e-02
0.15494	8.78164e-02
0.15533	8.84005e-02
0.15567	8.89292e-02
0.15594	8.94033e-02
0.15615	8.98235e-02
0.15630	9.01899e-02
0.15639	9.05031e-02
0.15642	9.07574e-02
0.15639	9.09594e-02
0.15630	9.11092e-02
0.15616	9.12070e-02
0.15597	9.12530e-02
0.15573	9.12474e-02
0.15544	9.11905e-02
0.15511	9.10826e-02
0.15473	9.09239e-02
0.15430	9.07147e-02
0.15383	9.04553e-02
0.15332	9.01462e-02
0.15277	8.97876e-02
0.15220	8.93777e-02
0.15160	8.89197e-02
0.15096	8.84144e-02
0.15029	8.78632e-02
0.14959	8.72677e-02
0.14887	8.66300e-02
0.14811	8.59527e-02
0.14734	8.52387e-02
0.14653	8.44913e-02
0.14571	8.37135e-02
0.14487	8.29085e-02
0.14401	8.20790e-02
0.14314	8.12273e-02
0.14225	8.03556e-02
0.14136	7.94658e-02
0.14047	7.85605e-02
0.13958	7.76424e-02
0.13869	7.67144e-02
0.13781	7.57781e-02
0.13695	7.48331e-02
0.13610	7.38759e-02
0.13529	7.28988e-02
0.13452	7.18918e-02
0.13381	7.08449e-02
0.13315	6.97541e-02
0.13256	6.86267e-02
0.13203	6.74833e-02
0.13154	6.63556e-02
0.13108	6.52801e-02
0.13065	6.42932e-02
0.13023	6.34279e-02
0.12981	6.27125e-02
0.12940	6.21697e-02
0.12898	6.18169e-02
0.12852	6.16657e-02
0.12806	6.17278e-02
0.12759	6.20036e-02
0.12712	6.24877e-02
0.12664	6.31681e-02
0.12617	6.40254e-02
0.12571	6.50317e-02
0.12528	6.61463e-02
0.12490	6.73096e-02
0.12462	6.84330e-02
0.12450	6.93916e-02
0.12463	7.00499e-02
0.12504	7.03444e-02
0.12569	7.03395e-02
0.12649	7.01636e-02
0.12737	6.99262e-02
0.12831	6.96957e-02
0.12925	6.95092e-02
0.13020	6.93841e-02
0.13114	6.93264e-02
0.13208	6.93348e-02
0.13299	6.94038e-02
0.13389	6.95250e-02
0.13478	6.96889e-02
0.13565	6.98851e-02
0.13651	7.01032e-02
0.13735	7.03335e-02
0.13818	7.05672e-02
0.13899	7.07965e-02
0.13979	7.10152e-02
0.14057	7.12183e-02
0.14133	7.14021e-02
0.14208	7.15642e-02
0.14280	7.17032e-02
0.14350	7.18184e-02
0.14418	7.19097e-02
0.14484	7.19772e-02
0.14547	7.20215e-02
0.14608	7.20427e-02
0.14666	7.20415e-02
0.14723	7.20181e-02
0.14777	7.19728e-02
0.14830	7.19062e-02
0.14881	7.18188e-02
0.14931	7.17119e-02
0.14980	7.15872e-02
0.15028	7.14474e-02
0.15075	7.12959e-02
0.15121	7.11375e-02
0.15166	7.09776e-02
0.15210	7.08228e-02
0.15252	7.06798e-02
0.15292	7.05562e-02
0.15329	7.04278e-02
0.15364	7.03329e-02
0.15396	7.02781e-02
0.15425	7.02689e-02
0.15450	7.03101e-02
0.15472	7.04052e-02
0.15490	7.05565e-02
0.15505	7.07652e-02
0.15515	7.10308e-02
0.15521	7.13515e-02
0.15523	7.17242e-02
0.15522	7.21438e-02
0.15517	7.26038e-02
0.15507	7.31067e-02
0.15494	7.36303e-02
0.15479	7.41621e-02
0.15463	7.46874e-02
0.15446	7.51898e-02
0.15430	7.56517e-02
0.15415	7.60554e-02
0.15403	7.63851e-02
0.15394	7.66288e-02
0.15389	7.67803e-02
0.15389	7.68399e-02
0.15391	7.68140e-02
0.15398	7.67136e-02
0.15407	7.65520e-02
0.15418	7.63436e-02
0.15431	7.61025e-02
0.15445	7.58423e-02
0.15459	7.55756e-02
0.15473	7.53141e-02
0.15486	7.50690e-02
0.15499	7.48507e-02
0.15510	7.46688e-02
0.15520	7.45323e-02
0.15527	7.44489e-02
0.15533	7.44252e-02
0.15536	7.44663e-02
0.15537	7.45752e-02
0.15535	7.47527e-02
0.15532	7.49965e-02
0.15527	7.53009e-02
0.15521	7.56558e-02
0.15515	7.60461e-02
0.15511	7.64513e-02
0.15508	7.68449e-02
0.15504	7.71897e-02
0.15505	7.74548e-02
0.15514	7.76003e-02
0.15534	7.75853e-02
0.15566	7.73709e-02
0.15612	7.69237e-02
0.15673	7.62213e-02
0.15748	7.52576e-02
0.15838	7.40452e-02
0.15939	7.26134e-02
0.16050	7.10019e-02
0.16167	6.92551e-02
0.16289	6.74171e-02
0.16413	6.55299e-02
0.16537	6.36327e-02
0.16661	6.17621e-02
0.16783	5.99526e-02
0.16902	5.82371e-02
0.17017	5.66466e-02
0.17128	5.52106e-02
0.17234	5.39561e-02
0.17334	5.29071e-02
0.17428	5.20835e-02
0.17515	5.15003e-02
0.17596	5.11670e-02
0.17670	5.10868e-02
0.17737	5.12568e-02
0.17796	5.16684e-02
0.17847	5.23081e-02
0.17891	5.31584e-02
0.17928	5.41995e-02
0.17956	5.54100e-02
0.17977	5.67682e-02
0.17990	5.82530e-02
0.17995	5.98441e-02
0.17992	6.15229e-02
0.17982	6.32725e-02
0.17963	6.50776e-02
0.17937	6.69249e-02
0.17903	6.88025e-02
0.17862	7.07002e-02
0.17813	7.26091e-02
0.17756	7.45214e-02
0.17692	7.64305e-02
0.17620	7.83305e-02
0.17542	8.02160e-02
0.17456	8.20824e-02
0.17364	8.39252e-02
0.17265	8.57400e-02
0.17161	8.75224e-02
0.17051	8.92673e-02
0.16936	9.09692e-02
0.16817	9.26211e-02
0.16692	9.42108e-02
0.16565	9.57298e-02
0.16438	9.71616e-02
0.16311	9.84833e-02
0.16188	9.96646e-02
0.16072	1.00669e-01
0.15966	1.01460e-01
0.15872	1.02016e-01
0.15791	1.02338e-01
0.15722	1.02440e-01
0.15665	1.02333e-01
0.15622	1.02014e-01
0.15592	1.01466e-01
0.15574	1.00679e-01
0.15570	9.96459e-02
0.15580	9.83957e-02
0.15599	9.69762e-02
0.15625	9.54349e-02
0.15655	9.38112e-02
0.15688	9.21352e-02
0.15721	9.04297e-02
0.15754	8.87128e-02
0.15786	8.69991e-02
0.15817	8.53014e-02
0.15847	8.36311e-02
0.15875	8.19984e-02
0.15901	8.04132e-02
0.15925	7.88846e-02
0.15947	7.74211e-02
0.15967	7.60310e-02
0.15986	7.47217e-02
0.16002	7.35003e-02
0.16017	7.23732e-02
0.16031	7.13461e-02
0.16044	7.04241e-02
0.16055	6.96117e-02
0.16067	6.89124e-02
0.16078	6.83291e-02
0.16089	6.78637e-02
0.16100	6.75172e-02
0.16113	6.72897e-02
0.16126	6.71799e-02
0.16141	6.71850e-02
0.16157	6.73007e-02
0.16175	6.75206e-02
0.16196	6.78355e-02
0.16219	6.82329e-02
0.16248	6.85885e-02
0.16281	6.89785e-02
0.16320	6.93720e-02
0.16365	6.97282e-02
0.16419	6.99967e-02
0.16484	7.01216e-02
0.16561	7.00536e-02
0.16650	6.97670e-02
0.16751	6.92699e-02
0.16861	6.85977e-02
0.16978	6.77972e-02
0.17099	6.69127e-02
0.17221	6.59797e-02
0.17343	6.50247e-02
0.17465	6.40659e-02
0.17584	6.31159e-02
0.17700	6.21832e-02
0.17813	6.12731e-02
0.17923	6.03888e-02
0.18028	5.95325e-02
0.18128	5.87053e-02
0.18224	5.79077e-02
0.18316	5.71404e-02
0.18402	5.64040e-02
0.18483	5.56994e-02
0.18558	5.50278e-02
0.18629	5.43911e-02
0.18694	5.37913e-02
0.18754	5.32311e-02
0.18808	5.27133e-02
0.18856	5.22413e-02
0.18899	5.18183e-02
0.18936	5.14478e-02
0.18968	5.11329e-02
0.18994	5.08766e-02
0.19014	5.06815e-02
0.19029	5.05497e-02
0.19038	5.04827e-02
0.19041	5.04814e-02
0.19039	5.05460e-02
0.19031	5.06761e-02
0.19018	5.08704e-02
0.19000	5.11273e-02
0.18976	5.14441e-02
0.18946	5.18178e-02
0.18912	5.22448e-02
0.18873	5.27209e-02
0.18829	5.32416e-02
0.18781	5.38018e-02
0.18728	5.43962e-02
0.18671	5.50194e-02
0.18611	5.56659e-02
0.18547	5.63305e-02
0.18480	5.70157e-02
0.18410	5.77098e-02
0.18337	5.84101e-02
0.18262	5.91157e-02
0.18186	5.98275e-02
0.18107	6.05483e-02
0.18026	6.12828e-02
0.17944	6.20372e-02
0.17859	6.28183e-02
0.17773	6.36332e-02
0.17684	6.44885e-02
0.17593	6.53893e-02
0.17499	6.63391e-02
0.17402	6.73221e-02
0.17302	6.83524e-02
0.17199	6.94264e-02
0.17093	7.05385e-02
0.16985	7.16805e-02
0.16875	7.28427e-02
0.16762	7.40132e-02
0.16648	7.51788e-02
0.16533	7.63253e-02
0.16416	7.74371e-02
0.16300	7.84984e-02
0.16183	7.94932e-02
0.16068	8.04058e-02
0.15955	8.12217e-02
0.15843	8.19281e-02
0.15735	8.25147e-02
0.15630	8.29747e-02
0.15528	8.33049e-02
0.15429	8.35062e-02
0.15333	8.35830e-02
0.15240	8.35429e-02
0.15150	8.33958e-02
0.15061	8.31531e-02
0.14973	8.28270e-02
0.14885	8.24294e-02
0.14798	8.19720e-02
0.14710	8.14654e-02
0.14621	8.09192e-02
0.14530	8.03415e-02
0.14438	7.97390e-02
0.14345	7.91167e-02
0.14250	7.84781e-02
0.14154	7.78248e-02
0.14056	7.71565e-02
0.13955	7.64495e-02
0.13853	7.57251e-02
0.13752	7.49786e-02
0.13651	7.42055e-02
0.13552	7.34020e-02
0.13453	7.25657e-02
0.13356	7.16964e-02
0.13261	7.07952e-02
0.13167	6.98643e-02
0.13075	6.89066e-02
0.12984	6.79246e-02
0.12895	6.69208e-02
0.12807	6.58974e-02
0.12721	6.48562e-02
0.12636	6.37994e-02
0.12553	6.27288e-02
0.12471	6.16466e-02
0.12390	6.05553e-02
0.12311	5.94580e-02
0.12233	5.83581e-02
0.12156	5.72601e-02
0.12080	5.61696e-02
0.12005	5.50933e-02
0.11931	5.40394e-02
0.11857	5.30174e-02
0.11784	5.20383e-02
0.11711	5.11144e-02
0.11638	5.02590e-02
0.11565	4.94862e-02
0.11492	4.88106e-02
0.11419	4.82470e-02
0.11346	4.78093e-02
0.11272	4.75107e-02
0.11199	4.73622e-02
0.11127	4.73730e-02
0.11055	4.75486e-02
0.10984	4.78913e-02
0.10914	4.83995e-02
0.10847	4.90672e-02
0.10782	4.98846e-02
0.10721	5.08382e-02
0.10664	5.19120e-02
0.10613	5.30885e-02
0.10568	5.43493e-02
0.10530	5.56753e-02
0.10500	5.70434e-02
0.10481	5.84190e-02
0.10476	5.97435e-02
0.10489	6.09228e-02
0.10529	6.18546e-02
0.10595	6.25185e-02
0.10683	6.30047e-02
0.10785	6.34251e-02
0.10898	6.38432e-02
0.11017	6.43005e-02
0.11143	6.48023e-02
0.11275	6.53322e-02
0.11414	6.58528e-02
0.11565	6.63064e-02
0.11728	6.66260e-02
0.11908	6.67644e-02
0.12102	6.67228e-02
0.12306	6.65441e-02
0.12519	6.62825e-02
0.12735	6.59821e-02
0.12953	6.56730e-02
0.13172	6.53813e-02
0.13390	6.51072e-02
0.13607	6.48569e-02
0.13824	6.46326e-02
0.14038	6.44338e-02
0.14251	6.42581e-02
0.14463	6.41019e-02
0.14671	6.39607e-02
0.14878	6.38296e-02
0.15082	6.37036e-02
0.15284	6.35777e-02
0.15482	6.34472e-02
0.15678	6.33077e-02
0.15870	6.31550e-02
0.16058	6.29855e-02
0.16242	6.27957e-02
0.16422	6.25826e-02
0.16597	6.23436e-02
0.16767	6.20762e-02
0.16932	6.17784e-02
0.17091	6.14484e-02
0.17243	6.10850e-02
0.17389	6.06873e-02
0.17528	6.02548e-02
0.17660	5.97875e-02
0.17784	5.92859e-02
0.17900	5.87512e-02
0.18007	5.81849e-02
0.18106	5.75891e-02
0.18196	5.69666e-02
0.18277	5.63205e-02
0.18347	5.56545e-02
0.18408	5.49725e-02
0.18459	5.42789e-02
0.18492	5.35336e-02
0.18515	5.27808e-02
0.18527	5.20255e-02
0.18529	5.12727e-02
0.18521	5.05277e-02
0.18502	4.97958e-02
0.18474	4.90827e-02
0.18436	4.83939e-02
0.18388	4.77352e-02
0.18330	4.71123e-02
0.18264	4.65309e-02
0.18189	4.59966e-02
0.18105	4.55151e-02
0.18014	4.50919e-02
0.17916	4.47327e-02
0.17810	4.44428e-02
0.17699	4.42275e-02
0.17581	4.40919e-02
0.17458	4.40408e-02
0.17330	4.40788e-02
0.17198	4.42098e-02
0.17062	4.44375e-02
0.16922	4.47647e-02
0.16779	4.51933e-02
0.16633	4.57243e-02
0.16484	4.63578e-02
0.16332	4.70926e-02
0.16178	4.79262e-02
0.16021	4.88553e-02
0.15861	4.98749e-02
0.15698	5.09793e-02
0.15533	5.21617e-02
0.15364	5.34144e-02
0.15193	5.47289e-02
0.15018	5.60962e-02
0.14840	5.75067e-02
0.14658	5.89503e-02
0.14473	6.04167e-02
0.14284	6.18948e-02
0.14093	6.33731e-02
0.13899	6.48389e-02
0.13703	6.62783e-02
0.13505	6.76750e-02
0.13308	6.90089e-02
0.13112	7.02540e-02
0.12921	7.13741e-02
0.12738	7.23163e-02
0.12568	7.30032e-02
0.12419	7.33366e-02
0.12297	7.32365e-02
0.12203	7.26943e-02
0.12135	7.17603e-02
0.12089	7.04948e-02
0.12060	6.89262e-02
0.12047	6.71204e-02
0.12047	6.51157e-02
0.12057	6.29460e-02
0.12076	6.06410e-02
0.12102	5.82281e-02
0.12133	5.57341e-02
0.12168	5.31861e-02
0.12205	5.06133e-02
0.12244	4.80475e-02
0.12283	4.55242e-02
0.12322	4.30837e-02
0.12360	4.07715e-02
0.12393	3.86523e-02
0.12424	3.67649e-02
0.12452	3.51695e-02
0.12478	3.39266e-02
0.12499	3.30916e-02
0.12517	3.27076e-02
0.12532	3.27979e-02
0.12543	3.33618e-02
0.12550	3.43747e-02
0.12554	3.57925e-02
0.12555	3.75590e-02
0.12553	3.96119e-02
0.12549	4.18876e-02
0.12544	4.43227e-02
0.12540	4.68525e-02
0.12538	4.94069e-02
0.12541	5.19024e-02
0.12555	5.42325e-02
0.12586	5.62640e-02
0.12640	5.78656e-02
0.12723	5.89773e-02
0.12831	5.96484e-02
0.12960	5.99837e-02
0.13105	6.00777e-02
0.13262	5.99977e-02
0.13427	5.97913e-02
0.13599	5.94953e-02
0.13776	5.91397e-02
0.13955	5.87489e-02
0.14135	5.83423e-02
0.14314	5.79350e-02
0.14493	5.75385e-02
0.14670	5.71615e-02
0.14844	5.68104e-02
0.15009	5.64865e-02
0.15169	5.61912e-02
0.15326	5.59265e-02
0.15477	5.56939e-02
0.15624	5.54946e-02
0.15765	5.53298e-02
0.15900	5.52007e-02
0.16030	5.51082e-02
0.16152	5.50534e-02
0.16269	5.50370e-02
0.16378	5.50599e-02
0.16481	5.51224e-02
0.16577	5.52249e-02
0.16666	5.53673e-02
0.16748	5.55494e-02
0.16823	5.57703e-02
0.16892	5.60291e-02
0.16954	5.63242e-02
0.17009	5.66538e-02
0.17058	5.70160e-02
0.17101	5.74082e-02
0.17139	5.78279e-02
0.17171	5.82727e-02
0.17198	5.87400e-02
0.17220	5.92273e-02
0.17237	5.97325e-02
0.17251	6.02536e-02
0.17260	6.07892e-02
0.17266	6.13380e-02
0.17269	6.18990e-02
0.17269	6.24715e-02
0.17266	6.30549e-02
0.17260	6.36482e-02
0.17252	6.42498e-02
0.17243	6.48575e-02
0.17232	6.54673e-02
0.17220	6.60734e-02
0.17207	6.66672e-02
0.17195	6.72376e-02
0.17183	6.77701e-02
0.17173	6.82485e-02
0.17165	6.86567e-02
0.17160	6.89825e-02
0.17158	6.92216e-02
0.17159	6.93802e-02
0.17163	6.94750e-02
0.17167	6.95295e-02
0.17172	6.95701e-02
0.17175	6.96220e-02
0.17176	6.97073e-02
0.17174	6.98439e-02
0.17169	7.00455e-02
0.17159	7.03216e-02
0.17144	7.06786e-02
0.17123	7.11192e-02
0.17097	7.16441e-02
0.17064	7.22521e-02
0.17026	7.29398e-02
0.16980	7.37027e-02
0.16928	7.45346e-02
0.16869	7.54287e-02
0.16803	7.63769e-02
0.16730	7.73707e-02
0.16650	7.84007e-02
0.16563	7.94570e-02
0.16470	8.05293e-02
0.16369	8.15987e-02
0.16262	8.26631e-02
0.16150	8.37113e-02
0.16032	8.47317e-02
0.15908	8.57127e-02
0.15781	8.66428e-02
0.15650	8.75110e-02
0.15516	8.83066e-02
0.15380	8.90204e-02
0.15242	8.96445e-02
0.15104	9.01727e-02
0.14966	9.06013e-02
0.14828	9.09284e-02
0.14691	9.11543e-02
0.14555	9.12806e-02
0.14421	9.13096e-02
0.14289	9.12432e-02
0.14159	9.10820e-02
0.14033	9.08244e-02
0.13910	9.04651e-02
0.13793	8.99929e-02
0.13683	8.93885e-02
0.13581	8.86254e-02
0.13491	8.76871e-02
0.13410	8.65912e-02
0.13336	8.53815e-02
0.13267	8.41002e-02
0.13200	8.27776e-02
0.13136	8.14352e-02
0.13072	8.00886e-02
0.13010	7.87500e-02
0.12947	7.74291e-02
0.12885	7.61338e-02
0.12823	7.48705e-02
0.12758	7.37028e-02
0.12694	7.25689e-02
0.12632	7.14674e-02
0.12572	7.03955e-02
0.12514	6.93481e-02
0.12460	6.83188e-02
0.12409	6.72997e-02
0.12364	6.62826e-02
0.12323	6.52597e-02
0.12289	6.42248e-02
0.12260	6.31739e-02
0.12238	6.21065e-02
0.12223	6.10251e-02
0.12214	5.99352e-02
0.12210	5.88449e-02
0.12213	5.77641e-02
0.12220	5.67035e-02
0.12232	5.56744e-02
0.12249	5.46880e-02
0.12269	5.37554e-02
0.12293	5.28868e-02
0.12321	5.20918e-02
0.12351	5.13791e-02
0.12384	5.07566e-02
0.12419	5.02309e-02
0.12456	4.98077e-02
0.12495	4.94915e-02
0.12536	4.92858e-02
0.12579	4.91929e-02
0.12622	4.92138e-02
0.12666	4.93473e-02
0.12710	4.95935e-02
0.12755	4.99500e-02
0.12801	5.04130e-02
0.12847	5.09775e-02
0.12893	5.16371e-02
0.12939	5.23842e-02
0.12985	5.32099e-02
0.13031	5.41043e-02
0.13077	5.50561e-02
0.13123	5.60533e-02
0.13170	5.70832e-02
0.13216	5.81326e-02
0.13263	5.91877e-02
0.13311	6.02353e-02
0.13360	6.12624e-02
0.13409	6.22570e-02
0.13460	6.32087e-02
0.13513	6.41089e-02
0.13566	6.49515e-02
0.13621	6.57323e-02
0.13676	6.64498e-02
0.13732	6.71041e-02
0.13788	6.76935e-02
0.13844	6.82242e-02
0.13899	6.86997e-02
0.13953	6.91234e-02
0.14005	6.94987e-02
0.14054	6.98289e-02
0.14101	7.01167e-02
0.14145	7.03644e-02
0.14185	7.05741e-02
0.14221	7.07471e-02
0.14252	7.08844e-02
0.14279	7.09864e-02
0.14300	7.10535e-02
0.14314	7.11015e-02
0.14322	7.11180e-02
0.14324	7.11015e-02
0.14318	7.10502e-02
0.14306	7.09624e-02
0.14287	7.08362e-02
0.14261	7.06702e-02
0.14228	7.04628e-02
0.14188	7.02130e-02
0.14141	6.99204e-02
0.14087	6.95848e-02
0.14026	6.92066e-02
0.13959	6.87870e-02
0.13884	6.83274e-02
0.13804	6.78300e-02
0.13718	6.72971e-02
0.13627	6.67317e-02
0.13530	6.61370e-02
0.13429	6.55165e-02
0.13324	6.48738e-02
0.13215	6.42129e-02
0.13105	6.35378e-02
0.12992	6.28528e-02
0.12878	6.21621e-02
0.12765	6.14708e-02
0.12652	6.07838e-02
0.12540	6.01070e-02
0.12431	5.94468e-02
0.12325	5.88106e-02
0.12222	5.82068e-02
0.12125	5.76447e-02
0.12032	5.71347e-02
0.11945	5.66882e-02
0.11864	5.63175e-02
0.11783	5.60329e-02
0.11709	5.58517e-02
0.11643	5.57858e-02
0.11583	5.58456e-02
0.11529	5.60397e-02
0.11483	5.63734e-02
0.11443	5.68494e-02
0.11409	5.74664e-02
0.11382	5.82195e-02
0.11361	5.91001e-02
0.11347	6.00960e-02
0.11339	6.11921e-02
0.11337	6.23707e-02
0.11342	6.36121e-02
0.11354	6.48955e-02
0.11373	6.62002e-02
0.11400	6.75059e-02
0.11434	6.87943e-02
0.11476	7.00500e-02
0.11526	7.12614e-02
0.11582	7.24212e-02
0.11645	7.35264e-02
0.11714	7.45780e-02
0.11786	7.55797e-02
0.11861	7.65370e-02
0.11938	7.74559e-02
0.12015	7.83422e-02
0.12091	7.92010e-02
0.12165	8.00363e-02
0.12236	8.08509e-02
0.12302	8.16460e-02
0.12364	8.24230e-02
0.12420	8.31820e-02
0.12469	8.39226e-02
0.12512	8.46440e-02
0.12547	8.53452e-02
0.12574	8.60250e-02
0.12592	8.66822e-02
0.12602	8.73155e-02
0.12602	8.79240e-02
0.12594	8.85067e-02
0.12575	8.90629e-02
0.12547	8.95918e-02
0.12510	9.00931e-02
0.12462	9.05664e-02
0.12405	9.10114e-02
0.12339	9.14279e-02
0.12263	9.18157e-02
0.12178	9.21744e-02
0.12085	9.25031e-02
0.11983	9.28004e-02
0.11874	9.30640e-02
0.11758	9.32890e-02
0.11635	9.34705e-02
0.11508	9.35903e-02
0.11380	9.36218e-02
0.11254	9.35296e-02
0.11134	9.32918e-02
0.11018	9.29230e-02
0.10905	9.24582e-02
0.10793	9.19276e-02
0.10681	9.13505e-02
0.10568	9.07386e-02
0.10456	9.00990e-02
0.10343	8.94365e-02
0.10231	8.87535e-02
0.10119	8.80329e-02
0.10010	8.72867e-02
0.09905	8.64903e-02
0.09816	8.55381e-02
0.09754	8.42864e-02
0.09707	8.28738e-02
0.09667	8.14170e-02
0.09630	7.99471e-02
0.09597	7.84719e-02
0.09568	7.69865e-02
0.09545	7.54671e-02
0.09532	7.38637e-02
0.09532	7.21481e-02
0.09540	7.03717e-02
0.09551	6.86005e-02
0.09563	6.68750e-02
0.09575	6.52194e-02
0.09585	6.36512e-02
0.09594	6.21847e-02
0.09601	6.08328e-02
0.09605	5.96069e-02
0.09608	5.85172e-02
0.09609	5.75725e-02
0.09608	5.67797e-02
0.09605	5.61436e-02
0.09600	5.56665e-02
0.09594	5.53481e-02
0.09587	5.51853e-02
0.09578	5.51722e-02
0.09569	5.53001e-02
0.09560	5.55579e-02
0.09551	5.59325e-02
0.09542	5.64091e-02
0.09535	5.69716e-02
0.09528	5.75682e-02
0.09523	5.82092e-02
0.09520	5.88776e-02
0.09520	5.95565e-02
0.09524	6.02296e-02
0.09532	6.08806e-02
0.09544	6.14925e-02
0.09562	6.20443e-02
0.09586	6.25038e-02
0.09621	6.28161e-02
0.09670	6.29229e-02
0.09730	6.28426e-02
0.09798	6.26448e-02
0.09870	6.23747e-02
0.09943	6.20591e-02
0.10018	6.17025e-02
0.10094	6.13131e-02
0.10170	6.08985e-02
0.10246	6.04672e-02
0.10322	6.00285e-02
0.10397	5.95927e-02
0.10472	5.91707e-02
0.10544	5.87740e-02
0.10615	5.84144e-02
0.10685	5.81035e-02
0.10751	5.78527e-02
0.10816	5.76725e-02
0.10877	5.75725e-02
0.10936	5.75610e-02
0.10993	5.76447e-02
0.11047	5.78295e-02
0.11098	5.81173e-02
0.11146	5.85087e-02
0.11192	5.90019e-02
0.11236	5.95930e-02
0.11279	6.02754e-02
0.11319	6.10406e-02
0.11359	6.18776e-02
0.11398	6.27737e-02
0.11438	6.37150e-02
0.11479	6.46869e-02
0.11521	6.56750e-02
0.11566	6.66663e-02
0.11614	6.76492e-02
0.11665	6.86127e-02
0.11719	6.95454e-02
0.11779	7.04337e-02
0.11843	7.12598e-02
0.11914	7.20005e-02
0.11993	7.26271e-02
0.12082	7.31076e-02
0.12181	7.34120e-02
0.12292	7.35209e-02
0.12413	7.34105e-02
0.12543	7.31147e-02
0.12680	7.26572e-02
0.12823	7.20643e-02
0.12968	7.13605e-02
0.13113	7.05664e-02
0.13259	6.96988e-02
0.13402	6.87718e-02
0.13542	6.77969e-02
0.13678	6.67843e-02
0.13808	6.57427e-02
0.13933	6.46803e-02
0.14052	6.36043e-02
0.14161	6.25006e-02
0.14262	6.13971e-02
0.14355	6.02996e-02
0.14440	5.92128e-02
0.14516	5.81412e-02
0.14584	5.70884e-02
0.14642	5.60575e-02
0.14690	5.50510e-02
0.14729	5.40708e-02
0.14759	5.31183e-02
0.14780	5.21945e-02
0.14791	5.12999e-02
0.14793	5.04349e-02
0.14786	4.95998e-02
0.14771	4.87947e-02
0.14746	4.80199e-02
0.14714	4.72760e-02
0.14673	4.65639e-02
0.14625	4.58852e-02
0.14569	4.52417e-02
0.14507	4.46362e-02
0.14437	4.40720e-02
0.14361	4.35530e-02
0.14278	4.30840e-02
0.14190	4.26702e-02
0.14096	4.23174e-02
0.13997	4.20320e-02
0.13893	4.18204e-02
0.13783	4.16894e-02
0.13669	4.16456e-02
0.13551	4.16954e-02
0.13428	4.18447e-02
0.13300	4.20987e-02
0.13169	4.24617e-02
0.13030	4.29000e-02
0.12887	4.34520e-02
0.12740	4.41193e-02
0.12589	4.49021e-02
0.12434	4.57996e-02
0.12276	4.68100e-02
0.12113	4.79304e-02
0.11946	4.91567e-02
0.11775	5.04840e-02
0.11608	5.17228e-02
0.11561	5.02930e-02
0.11512	4.89991e-02
0.11459	4.78698e-02
0.11403	4.69219e-02
0.11343	4.61716e-02
0.11280	4.56302e-02
0.11213	4.53064e-02
0.11143	4.52048e-02
0.11069	4.53248e-02
0.10993	4.56596e-02
0.10915	4.61952e-02
0.10835	4.69061e-02
0.10755	4.77446e-02
0.10680	4.86124e-02
0.10618	4.93323e-02
0.10573	4.98055e-02
0.10540	5.01889e-02
0.10510	5.06513e-02
0.10479	5.12660e-02
0.10447	5.20558e-02
0.10413	5.30106e-02
0.10377	5.41344e-02
0.10339	5.54165e-02
0.10298	5.68437e-02
0.10254	5.84017e-02
0.10208	6.00759e-02
0.10161	6.18511e-02
0.10111	6.37106e-02
0.10062	6.56226e-02
0.10039	6.71871e-02
0.10070	6.80175e-02
0.10104	6.88862e-02
0.10138	6.98403e-02
0.10172	7.08621e-02
0.10209	7.19080e-02
0.10256	7.28741e-02
0.10330	7.35295e-02
0.10442	7.36944e-02
0.10580	7.35424e-02
0.10729	7.32668e-02
0.10883	7.29416e-02
0.11041	7.25874e-02
0.11201	7.22054e-02
0.11366	7.17752e-02
0.11533	7.13044e-02
0.11703	7.07855e-02
0.11876	7.02144e-02
0.12050	6.95916e-02
0.12225	6.89229e-02
0.12400	6.82185e-02
0.12573	6.74919e-02
0.12743	6.67584e-02
0.12910	6.60339e-02
0.13071	6.53346e-02
0.13227	6.46757e-02
0.13375	6.40721e-02
0.13516	6.35648e-02
0.13649	6.31375e-02
0.13773	6.28013e-02
0.13886	6.25656e-02
0.13989	6.24383e-02
0.14082	6.24259e-02
0.14163	6.25330e-02
0.14233	6.27622e-02
0.14291	6.31144e-02
0.14338	6.35887e-02
0.14372	6.41821e-02
0.14395	6.48902e-02
0.14405	6.57065e-02
0.14404	6.66230e-02
0.14391	6.76300e-02
0.14367	6.87160e-02
0.14331	6.98672e-02
0.14286	7.10668e-02
0.14231	7.22936e-02
0.14169	7.35199e-02
0.14100	7.47080e-02
0.14028	7.58092e-02
0.13956	7.67695e-02
0.13887	7.75503e-02
0.13822	7.81510e-02
0.13759	7.86031e-02
0.13696	7.89449e-02
0.13632	7.92041e-02
0.13567	7.93950e-02
0.13501	7.95219e-02
0.13433	7.95829e-02
0.13366	7.95739e-02
0.13298	7.94919e-02
0.13232	7.93375e-02
0.13164	7.91129e-02
0.13097	7.88295e-02
0.13030	7.85006e-02
0.12962	7.81413e-02
0.12893	7.77666e-02
0.12823	7.73900e-02
0.12750	7.70211e-02
0.12695	7.63522e-02
0.12708	7.45241e-02
0.12718	7.27036e-02
0.12723	7.09250e-02
0.12725	6.92014e-02
0.12722	6.75443e-02
0.12715	6.59651e-02
0.12702	6.44736e-02
0.12684	6.30758e-02
0.12663	6.17797e-02
0.12640	6.05922e-02
0.12613	5.95186e-02
0.12585	5.85626e-02
0.12555	5.77262e-02
0.12525	5.70094e-02
0.12494	5.64104e-02
0.12465	5.59257e-02
0.12437	5.55503e-02
0.12411	5.52780e-02
0.12388	5.51024e-02
0.12369	5.50166e-02
0.12353	5.50142e-02
0.12342	5.50899e-02
0.12333	5.52772e-02
0.12329	5.55352e-02
0.12329	5.58617e-02
0.12334	5.62556e-02
0.12343	5.67165e-02
0.12355	5.72444e-02
0.12371	5.78391e-02
0.12389	5.84996e-02
0.12409	5.92241e-02
0.12432	6.00093e-02
0.12455	6.08504e-02
0.12480	6.17411e-02
0.12506	6.26734e-02
0.12532	6.36381e-02
0.12558	6.46251e-02
0.12585	6.56243e-02
0.12612	6.66262e-02
0.12639	6.76228e-02
0.12666	6.86080e-02
0.12693	6.95772e-02
0.12718	7.05269e-02
0.12743	7.14534e-02
0.12767	7.23528e-02
0.12788	7.32224e-02
0.12809	7.40539e-02
0.12828	7.48398e-02
0.12846	7.55723e-02
0.12864	7.62446e-02
0.12881	7.68524e-02
0.12897	7.73955e-02
0.12912	7.78777e-02
0.12925	7.83063e-02
0.12936	7.86905e-02
0.12943	7.90398e-02
0.12947	7.93627e-02
0.12947	7.96667e-02
0.12941	7.99564e-02
0.12931	8.02383e-02
0.12915	8.05158e-02
0.12894	8.07910e-02
0.12868	8.10651e-02
0.12836	8.13383e-02
0.12799	8.16097e-02
0.12757	8.18780e-02
0.12709	8.21408e-02
0.12658	8.23948e-02
0.12602	8.26363e-02
0.12542	8.28605e-02
0.12479	8.30622e-02
0.12414	8.32353e-02
0.12347	8.33728e-02
0.12279	8.34671e-02
0.12210	8.35096e-02
0.12142	8.34905e-02
0.12075	8.33991e-02
0.12011	8.32239e-02
0.11950	8.29527e-02
0.11893	8.25735e-02
0.11841	8.20759e-02
0.11795	8.14520e-02
0.11755	8.06978e-02
0.11720	7.98135e-02
0.11690	7.88031e-02
0.11664	7.76728e-02
0.11641	7.64301e-02
0.11620	7.50828e-02
0.11602	7.36393e-02
0.11583	7.21087e-02
0.11564	7.05027e-02
0.11544	6.88348e-02
0.11525	6.70894e-02
0.11503	6.53155e-02
0.11476	6.35305e-02
0.11445	6.17514e-02
0.11407	5.99951e-02
0.11364	5.82783e-02
0.11314	5.66173e-02
0.11257	5.50282e-02
0.11193	5.35267e-02
0.11123	5.21283e-02
0.11045	5.08476e-02
0.10961	4.96984e-02
0.10870	4.86928e-02
0.10774	4.78410e-02
0.10670	4.71244e-02
0.10560	4.65682e-02
0.10447	4.61727e-02
0.10330	4.59334e-02
0.10211	4.58406e-02
0.10090	4.58781e-02
0.09971	4.60237e-02
0.09854	4.62494e-02
0.09742	4.65245e-02
0.09636	4.68176e-02
0.09541	4.70969e-02
0.09457	4.73272e-02
0.09389	4.74680e-02
0.09338	4.74810e-02
0.09307	4.73432e-02
0.09296	4.70567e-02
0.09307	4.66496e-02
0.09336	4.61398e-02
0.09384	4.55371e-02
0.09449	4.48386e-02
0.09531	4.40420e-02
0.09629	4.31610e-02
0.09741	4.22331e-02
0.09864	4.13132e-02
0.09994	4.04621e-02
0.10129	3.97372e-02
0.10266	3.91871e-02
0.10405	3.88499e-02
0.10543	3.87524e-02
0.10680	3.89101e-02
0.10815	3.93282e-02
0.10947	4.00020e-02
0.11076	4.09195e-02
0.11201	4.20627e-02
0.11322	4.34099e-02
0.11439	4.49377e-02
0.11550	4.66222e-02
0.11657	4.84400e-02
0.11759	5.03692e-02
0.11853	5.23882e-02
0.11942	5.44797e-02
0.12025	5.66267e-02
0.12103	5.88138e-02
0.12174	6.10269e-02
0.12240	6.32531e-02
0.12300	6.54802e-02
0.12354	6.76971e-02
0.12402	6.98931e-02
0.12444	7.20580e-02
0.12480	7.41816e-02
0.12511	7.62536e-02
0.12538	7.82626e-02
0.12560	8.02007e-02
0.12579	8.20372e-02
0.12599	8.37050e-02
0.12634	8.50059e-02
0.12689	8.58637e-02
0.12749	8.65126e-02
0.12805	8.70536e-02
0.12858	8.75061e-02
0.12906	8.78710e-02
0.12949	8.81446e-02
0.12988	8.83224e-02
0.13023	8.84007e-02
0.13053	8.83763e-02
0.13080	8.82470e-02
0.13102	8.80118e-02
0.13120	8.76706e-02
0.13135	8.72244e-02
0.13145	8.66757e-02
0.13152	8.60280e-02
0.13154	8.52862e-02
0.13151	8.44565e-02
0.13145	8.35458e-02
0.13133	8.25622e-02
0.13116	8.15142e-02
0.13095	8.04108e-02
0.13068	7.92615e-02
0.13035	7.80759e-02
0.12997	7.68636e-02
0.12954	7.56347e-02
0.12905	7.43990e-02
0.12850	7.31667e-02
0.12790	7.19476e-02
0.12724	7.07519e-02
0.12653	6.95893e-02
0.12576	6.85240e-02
0.12494	6.75098e-02
0.12406	6.65549e-02
0.12314	6.56668e-02
0.12217	6.48520e-02
0.12115	6.41151e-02
0.12009	6.34590e-02
0.11899	6.28834e-02
0.11786	6.23837e-02
0.11670	6.19500e-02
0.11554	6.15655e-02
0.11439	6.12074e-02
0.11326	6.08510e-02
0.11217	6.04795e-02
0.11112	6.00991e-02
0.11011	5.97218e-02
0.10914	5.93757e-02
0.10818	5.90899e-02
0.10725	5.88895e-02
0.10632	5.87944e-02
0.10540	5.88195e-02
0.10448	5.89753e-02
0.10357	5.92686e-02
0.10267	5.97032e-02
0.10178	6.02797e-02
0.10090	6.09965e-02
0.10003	6.18493e-02
0.09919	6.28320e-02
0.09837	6.39365e-02
0.09757	6.51531e-02
0.09684	6.64625e-02
0.09615	6.78590e-02
0.09550	6.93296e-02
0.09491	7.08603e-02
0.09437	7.24351e-02
0.09391	7.40357e-02
0.09354	7.56373e-02
0.09328	7.72004e-02
0.09320	7.86541e-02
0.09338	7.98946e-02
0.09385	8.08850e-02
0.09453	8.17110e-02
0.09534	8.24584e-02
0.09624	8.31659e-02
0.09721	8.38410e-02
0.09825	8.44637e-02
0.09941	8.49595e-02
0.10074	8.52636e-02
0.10215	8.54563e-02
0.10357	8.56020e-02
0.10498	8.57199e-02
0.10637	8.58149e-02
0.10772	8.58882e-02
0.10904	8.59363e-02
0.11031	8.59609e-02
0.11152	8.59611e-02
0.11266	8.59357e-02
0.11374	8.58836e-02
0.11475	8.58037e-02
0.11569	8.56947e-02
0.11655	8.55554e-02
0.11734	8.53848e-02
0.11804	8.51815e-02
0.11867	8.49446e-02
0.11922	8.46728e-02
0.11969	8.43652e-02
0.12006	8.40265e-02
0.12036	8.36500e-02
0.12058	8.32349e-02
0.12074	8.27806e-02
0.12082	8.22868e-02
0.12083	8.17532e-02
0.12079	8.11798e-02
0.12068	8.05669e-02
0.12051	7.99148e-02
0.12029	7.92244e-02
0.12001	7.84964e-02
0.11968	7.77320e-02
0.11931	7.69325e-02
0.11889	7.60991e-02
0.11843	7.52333e-02
0.11793	7.43361e-02
0.11740	7.34086e-02
0.11683	7.24510e-02
0.11624	7.14627e-02
0.11562	7.04417e-02
0.11498	6.93840e-02
0.11434	6.82830e-02
0.11370	6.71291e-02
0.11307	6.59107e-02
0.11246	6.46170e-02
0.11187	6.32428e-02
0.11131	6.17930e-02
0.11077	6.02835e-02
0.11024	5.87374e-02
0.10971	5.71803e-02
0.10918	5.56368e-02
0.10862	5.41295e-02
0.10805	5.26790e-02
0.10746	5.13035e-02
0.10678	5.00688e-02
0.10608	4.89399e-02
0.10537	4.79293e-02
0.10463	4.70471e-02
0.10388	4.63011e-02
0.10311	4.56958e-02
0.10233	4.52326e-02
0.10155	4.49094e-02
0.10077	4.47203e-02
0.10000	4.46559e-02
0.09924	4.47034e-02
0.09849	4.48467e-02
0.09777	4.50675e-02
0.09709	4.53453e-02
0.09643	4.56446e-02
0.09582	4.59573e-02
0.09528	4.62621e-02
0.09480	4.65392e-02
0.09441	4.67717e-02
0.09409	4.69464e-02
0.09386	4.70548e-02
0.09371	4.70941e-02
0.09364	4.70667e-02
0.09364	4.69795e-02
0.09370	4.68429e-02
0.09380	4.66696e-02
0.09394	4.64728e-02
0.09411	4.62660e-02
0.09430	4.60613e-02
0.09449	4.58699e-02
0.09466	4.57071e-02
0.09483	4.55745e-02
0.09498	4.54779e-02
0.09510	4.54218e-02
0.09520	4.54092e-02
0.09527	4.54418e-02
0.09531	4.55202e-02
0.09531	4.56438e-02
0.09527	4.58109e-02
0.09521	4.60189e-02
0.09510	4.62646e-02
0.09496	4.65436e-02
0.09479	4.68505e-02
0.09459	4.71791e-02
0.09437	4.75209e-02
0.09412	4.78652e-02
0.09386	4.81977e-02
0.09360	4.84989e-02
0.09336	4.87434e-02
0.09314	4.89026e-02
0.09298	4.89522e-02
0.09286	4.88828e-02
0.09280	4.87056e-02
0.09278	4.84475e-02
0.09278	4.81341e-02
0.09280	4.77902e-02
0.09282	4.74352e-02
0.09284	4.70843e-02
0.09286	4.67489e-02
0.09288	4.64382e-02
0.09288	4.61590e-02
0.09288	4.59169e-02
0.09288	4.57158e-02
0.09287	4.55585e-02
0.09285	4.54464e-02
0.09283	4.53799e-02
0.09280	4.53662e-02
0.09278	4.53933e-02
0.09277	4.54560e-02
0.09276	4.55465e-02
0.09278	4.56544e-02
0.09282	4.57675e-02
0.09290	4.58753e-02
0.09301	4.59741e-02
0.09315	4.60683e-02
0.09332	4.61666e-02
0.09352	4.62762e-02
0.09373	4.63994e-02
0.09397	4.65334e-02
0.09424	4.66703e-02
0.09453	4.67986e-02
0.09486	4.69042e-02
0.09522	4.69727e-02
0.09563	4.69921e-02
0.09608	4.69563e-02
0.09656	4.68675e-02
0.09708	4.67362e-02
0.09762	4.65790e-02
0.09816	4.64158e-02
0.09870	4.62661e-02
0.09923	4.61481e-02
0.09974	4.60770e-02
0.10022	4.60648e-02
0.10068	4.61207e-02
0.10110	4.62507e-02
0.10150	4.64581e-02
0.10186	4.67430e-02
0.10220	4.71029e-02
0.10252	4.75333e-02
0.10282	4.80284e-02
0.10308	4.86613e-02
0.10333	4.93593e-02
0.10357	5.01191e-02
0.10380	5.09388e-02
0.10404	5.18179e-02
0.10428	5.27556e-02
0.10452	5.37502e-02
0.10477	5.47982e-02
0.10503	5.58940e-02
0.10531	5.70304e-02
0.10560	5.81988e-02
0.10592	5.93896e-02
0.10627	6.05929e-02
0.10665	6.17993e-02
0.10708	6.30018e-02
0.10755	6.41904e-02
0.10807	6.53528e-02
0.10866	6.64354e-02
0.10958	6.70453e-02
0.11085	6.71224e-02
0.11218	6.71250e-02
0.11353	6.71262e-02
0.11488	6.71411e-02
0.11622	6.71761e-02
0.11755	6.72352e-02
0.11886	6.73207e-02
0.12015	6.74335e-02
0.12141	6.75739e-02
0.12264	6.77406e-02
0.12384	6.79321e-02
0.12498	6.81641e-02
0.12609	6.84149e-02
0.12716	6.86800e-02
0.12819	6.89539e-02
0.12917	6.92308e-02
0.13012	6.95038e-02
0.13103	6.97651e-02
0.13190	7.00062e-02
0.13274	7.02174e-02
0.13354	7.03881e-02
0.13432	7.05072e-02
0.13508	7.05640e-02
0.13582	7.05492e-02
0.13654	7.04563e-02
0.13724	7.02830e-02
0.13793	7.00315e-02
0.13859	6.97069e-02
0.13923	6.93169e-02
0.13984	6.88693e-02
0.14042	6.83722e-02
0.14095	6.78325e-02
0.14145	6.72562e-02
0.14191	6.66484e-02
0.14231	6.60150e-02
0.14267	6.53584e-02
0.14298	6.46815e-02
0.14324	6.39868e-02
0.14345	6.32763e-02
0.14361	6.25518e-02
0.14372	6.18152e-02
0.14378	6.10680e-02
0.14378	6.03118e-02
0.14373	5.95483e-02
0.14362	5.87791e-02
0.14345	5.80063e-02
0.14321	5.72320e-02
0.14291	5.64462e-02
0.14254	5.56627e-02
0.14211	5.48842e-02
0.14161	5.41135e-02
0.14103	5.33537e-02
0.14039	5.26080e-02
0.13968	5.18795e-02
0.13890	5.11715e-02
0.13804	5.04869e-02
0.13711	4.98288e-02
0.13610	4.91998e-02
0.13503	4.86021e-02
0.13388	4.80377e-02
0.13266	4.75082e-02
0.13137	4.70146e-02
0.13002	4.65574e-02
0.12860	4.61366e-02
0.12713	4.57517e-02
0.12560	4.54018e-02
0.12401	4.50855e-02
0.12238	4.48008e-02
0.12072	4.45458e-02
0.11902	4.43178e-02
0.11730	4.41143e-02
0.11556	4.39324e-02
0.11381	4.37692e-02
0.11206	4.36217e-02
0.11033	4.34867e-02
0.10861	4.33614e-02
0.10693	4.32428e-02
0.10529	4.31281e-02
0.10370	4.30146e-02
0.10217	4.28999e-02
0.10072	4.27820e-02
0.09934	4.26919e-02
0.09806	4.26045e-02
0.09687	4.25196e-02
0.09580	4.24385e-02
0.09483	4.23639e-02
0.09398	4.23006e-02
0.09325	4.22554e-02
0.09263	4.22372e-02
0.09213	4.22560e-02
0.09174	4.23212e-02
0.09146	4.24398e-02
0.09128	4.26154e-02
0.09120	4.28466e-02
0.09123	4.31270e-02
0.09137	4.34554e-02
0.09162	4.38058e-02
0.09198	4.41589e-02
0.09244	4.44933e-02
0.09302	4.47885e-02
0.09371	4.50272e-02
0.09451	4.51977e-02
0.09541	4.52949e-02
0.09641	4.53204e-02
0.09750	4.52807e-02
0.09866	4.51848e-02
0.09989	4.50434e-02
0.10117	4.48667e-02
0.10249	4.46643e-02
0.10385	4.44450e-02
0.10524	4.42163e-02
0.10667	4.39868e-02
0.10812	4.37609e-02
0.10959	4.35439e-02
0.11109	4.33405e-02
0.11259	4.31549e-02
0.11412	4.29913e-02
0.11565	4.28540e-02
0.11720	4.27471e-02
0.11875	4.26750e-02
0.12032	4.26422e-02
0.12188	4.26532e-02
0.12345	4.27127e-02
0.12502	4.28254e-02
0.12657	4.29956e-02
0.12812	4.32273e-02
0.12966	4.35242e-02
0.13117	4.38891e-02
0.13266	4.43240e-02
0.13412	4.48301e-02
0.13554	4.54076e-02
0.13692	4.60557e-02
0.13826	4.67727e-02
0.13955	4.75559e-02
0.14076	4.83796e-02
0.14192	4.92615e-02
0.14301	5.01967e-02
0.14404	5.11798e-02
0.14500	5.22052e-02
0.14588	5.32664e-02
0.14668	5.43573e-02
0.14741	5.54710e-02
0.14806	5.66009e-02
0.14863	5.77403e-02
0.14911	5.88824e-02
0.14952	6.00205e-02
0.14984	6.11482e-02
0.15008	6.22606e-02
0.15024	6.33533e-02
0.15032	6.44194e-02
0.15033	6.54522e-02
0.15026	6.64449e-02
0.15012	6.73903e-02
0.14992	6.82811e-02
0.14965	6.91100e-02
0.14934	6.98688e-02
0.14898	7.05497e-02
0.14857	7.11443e-02
0.14814	7.16446e-02
0.14768	7.20436e-02
0.14719	7.23359e-02
0.14670	7.25191e-02
0.14618	7.25944e-02
0.14566	7.25670e-02
0.14513	7.24451e-02
0.14458	7.22389e-02
0.14401	7.19583e-02
0.14343	7.16118e-02
0.14283	7.12051e-02
0.14221	7.07402e-02
0.14158	7.02156e-02
0.14094	6.96263e-02
0.14030	6.89648e-02
0.13966	6.82223e-02
0.13904	6.73912e-02
0.13842	6.64665e-02
0.13782	6.54482e-02
0.13722	6.43413e-02
0.13664	6.31561e-02
0.13605	6.19069e-02
0.13546	6.06099e-02
0.13487	5.92267e-02
0.13426	5.78269e-02
0.13362	5.64278e-02
0.13296	5.50456e-02
0.13227	5.36962e-02
0.13154	5.23945e-02
0.13078	5.11551e-02
0.12999	4.99923e-02
0.12916	4.89195e-02
0.12830	4.79497e-02
0.12740	4.70951e-02
0.12647	4.63664e-02
0.12552	4.57730e-02
0.12453	4.53223e-02
0.12354	4.50040e-02
0.12253	4.48362e-02
0.12150	4.48189e-02
0.12045	4.49490e-02
0.11940	4.52207e-02
0.11834	4.56253e-02
0.11728	4.61522e-02
0.11623	4.67889e-02
0.11519	4.75216e-02
0.11416	4.83356e-02
0.11316	4.92159e-02
0.11219	5.01478e-02
0.11125	5.11167e-02
0.11036	5.21090e-02
0.10950	5.31121e-02
0.10870	5.41146e-02
0.10792	5.50773e-02
0.10721	5.60212e-02
0.10655	5.69393e-02
0.10595	5.78261e-02
0.10542	5.86770e-02
0.10494	5.94889e-02
0.10453	6.02595e-02
0.10417	6.09875e-02
0.10387	6.16726e-02
0.10363	6.23151e-02
0.10343	6.29164e-02
0.10328	6.34783e-02
0.10317	6.40035e-02
0.10311	6.44952e-02
0.10307	6.49572e-02
0.10306	6.53935e-02
0.10308	6.58086e-02
0.10312	6.62067e-02
0.10317	6.65923e-02
0.10324	6.69695e-02
0.10331	6.73421e-02
0.10339	6.77138e-02
0.10347	6.80877e-02
0.10356	6.84690e-02
0.10365	6.88595e-02
0.10373	6.92620e-02
0.10381	6.96790e-02
0.10388	7.01128e-02
0.10394	7.05653e-02
0.10399	7.10380e-02
0.10403	7.15312e-02
0.10406	7.20419e-02
0.10409	7.25474e-02
0.10427	7.28333e-02
0.10468	7.27957e-02
0.10511	7.27223e-02
0.10554	7.26646e-02
0.10595	7.26202e-02
0.10636	7.25874e-02
0.10675	7.25621e-02
0.10714	7.25381e-02
0.10752	7.25064e-02
0.10791	7.24550e-02
0.10832	7.23675e-02
0.10875	7.22226e-02
0.10923	7.19940e-02
0.10977	7.16523e-02
0.11038	7.11709e-02
0.11108	7.05328e-02
0.11186	6.97361e-02
0.11270	6.87927e-02
0.11360	6.77220e-02
0.11453	6.65456e-02
0.11548	6.52841e-02
0.11644	6.39573e-02
0.11739	6.25839e-02
0.11832	6.11827e-02
0.11922	5.97717e-02
0.12008	5.83688e-02
0.12091	5.69908e-02
0.12168	5.56540e-02
0.12240	5.43736e-02
0.12306	5.31637e-02
0.12366	5.20373e-02
0.12419	5.10061e-02
0.12466	5.00799e-02
0.12506	4.92670e-02
0.12540	4.85734e-02
0.12567	4.80029e-02
0.12587	4.75570e-02
0.12596	4.72184e-02
0.12599	4.69997e-02
0.12595	4.68947e-02
0.12585	4.68953e-02
0.12570	4.69918e-02
0.12550	4.71739e-02
0.12525	4.74310e-02
0.12496	4.77528e-02
0.12463	4.81305e-02
0.12426	4.85561e-02
0.12387	4.90231e-02
0.12345	4.95255e-02
0.12301	5.00562e-02
0.12255	5.06037e-02
0.12209	5.11441e-02
0.12165	5.16232e-02
0.12129	5.19123e-02
0.12114	5.17422e-02
0.12131	5.08354e-02
0.12174	4.93030e-02
0.12228	4.74594e-02
0.12285	4.55048e-02
0.12342	4.35392e-02
0.12395	4.16198e-02
0.12446	3.97869e-02
0.12492	3.80743e-02
0.12534	3.65125e-02
0.12572	3.51310e-02
0.12605	3.39570e-02
0.12635	3.30150e-02
0.12661	3.23261e-02
0.12683	3.19028e-02
0.12701	3.17499e-02
0.12715	3.18632e-02
0.12726	3.22293e-02
0.12734	3.28266e-02
0.12739	3.36272e-02
0.12742	3.45989e-02
0.12741	3.57073e-02
0.12739	3.69174e-02
0.12736	3.81954e-02
0.12731	3.95104e-02
0.12726	4.08359e-02
0.12721	4.21521e-02
0.12715	4.34475e-02
0.12709	4.47197e-02
0.12702	4.59744e-02
0.12694	4.72234e-02
0.12684	4.84811e-02
0.12670	4.97619e-02
0.12653	5.10781e-02
0.12631	5.24391e-02
0.12604	5.38505e-02
0.12575	5.53233e-02
0.12540	5.68468e-02
0.12499	5.84177e-02
0.12453	6.00214e-02
0.12448	6.06961e-02
0.12499	6.01953e-02
0.12543	5.97723e-02
0.12581	5.94510e-02
0.12611	5.92379e-02
0.12634	5.91365e-02
0.12650	5.91480e-02
0.12659	5.92710e-02
0.12661	5.95015e-02
0.12656	5.98260e-02
0.12644	6.02382e-02
0.12627	6.07171e-02
0.12605	6.12261e-02
0.12584	6.16960e-02
0.12568	6.19932e-02
0.12569	6.19137e-02
0.12591	6.13453e-02
0.12628	6.04142e-02
0.12670	5.93050e-02
0.12712	5.81305e-02
0.12751	5.69477e-02
0.12785	5.57867e-02
0.12814	5.46640e-02
0.12839	5.35898e-02
0.12858	5.25704e-02
0.12872	5.16099e-02
0.12882	5.07104e-02
0.12887	4.98734e-02
0.12888	4.90994e-02
0.12886	4.83890e-02
0.12880	4.77426e-02
0.12871	4.71610e-02
0.12859	4.66458e-02
0.12845	4.61989e-02
0.12828	4.58231e-02
0.12809	4.55215e-02
0.12789	4.52976e-02
0.12767	4.51547e-02
0.12743	4.50957e-02
0.12719	4.51225e-02
0.12693	4.52362e-02
0.12666	4.54363e-02
0.12638	4.57209e-02
0.12610	4.61475e-02
0.12581	4.66521e-02
0.12552	4.72280e-02
0.12523	4.78669e-02
0.12494	4.85598e-02
0.12466	4.92971e-02
0.12439	5.00687e-02
0.12412	5.08645e-02
0.12387	5.16742e-02
0.12363	5.24880e-02
0.12340	5.32961e-02
0.12320	5.40889e-02
0.12302	5.48566e-02
0.12287	5.55887e-02
0.12275	5.62752e-02
0.12266	5.69002e-02
0.12261	5.74479e-02
0.12261	5.79007e-02
0.12266	5.82409e-02
0.12277	5.84545e-02
0.12295	5.85353e-02
0.12317	5.84873e-02
0.12345	5.83231e-02
0.12376	5.80601e-02
0.12409	5.77163e-02
0.12444	5.73080e-02
0.12479	5.68488e-02
0.12515	5.63496e-02
0.12550	5.58194e-02
0.12583	5.52656e-02
0.12617	5.46667e-02
0.12650	5.40562e-02
0.12680	5.34393e-02
0.12708	5.28209e-02
0.12734	5.22053e-02
0.12758	5.15969e-02
0.12779	5.09999e-02
0.12798	5.04183e-02
0.12813	4.98560e-02
0.12827	4.93169e-02
0.12837	4.88044e-02
0.12845	4.83220e-02
0.12851	4.78727e-02
0.12853	4.74593e-02
0.12852	4.70839e-02
0.12849	4.67487e-02
0.12843	4.64549e-02
0.12833	4.62035e-02
0.12821	4.59947e-02
0.12805	4.58282e-02
0.12786	4.57033e-02
0.12764	4.56184e-02
0.12738	4.55714e-02
0.12709	4.55580e-02
0.12677	4.55766e-02
0.12640	4.56236e-02
0.12600	4.56948e-02
0.12555	4.57860e-02
0.12506	4.58922e-02
0.12453	4.60086e-02
0.12394	4.61299e-02
0.12331	4.62510e-02
0.12263	4.63665e-02
0.12190	4.64711e-02
0.12112	4.65595e-02
0.12029	4.66263e-02
0.11938	4.66568e-02
0.11843	4.66562e-02
0.11743	4.66194e-02
0.11638	4.65422e-02
0.11529	4.64202e-02
0.11416	4.62499e-02
0.11299	4.60282e-02
0.11179	4.57532e-02
0.11055	4.54239e-02
0.10930	4.50410e-02
0.10802	4.46068e-02
0.10673	4.41256e-02
0.10543	4.36037e-02
0.10412	4.30490e-02
0.10281	4.24717e-02
0.10151	4.18833e-02
0.10022	4.12968e-02
0.09895	4.07263e-02
0.09770	4.01865e-02
0.09648	3.96925e-02
0.09529	3.92590e-02
0.09415	3.88996e-02
0.09306	3.86265e-02
0.09202	3.84493e-02
0.09105	3.83747e-02
0.09015	3.84062e-02
0.08934	3.85440e-02
0.08862	3.87855e-02
0.08799	3.91251e-02
0.08747	3.95556e-02
0.08707	4.00683e-02
0.08677	4.06532e-02
0.08660	4.12986e-02
0.08655	4.19893e-02
0.08664	4.26850e-02
0.08688	4.33582e-02
0.08729	4.39427e-02
0.08792	4.43369e-02
0.08879	4.44584e-02
0.08988	4.43372e-02
0.09112	4.40755e-02
0.09244	4.37552e-02
0.09382	4.34208e-02
0.09523	4.30931e-02
0.09666	4.27806e-02
0.09810	4.24853e-02
0.09953	4.22050e-02
0.10095	4.19358e-02
0.10236	4.16669e-02
0.10375	4.13966e-02
0.10511	4.11179e-02
0.10646	4.08237e-02
0.10777	4.05069e-02
0.10906	4.01607e-02
0.11032	3.97786e-02
0.11154	3.93547e-02
0.11274	3.88835e-02
0.11390	3.83602e-02
0.11504	3.77810e-02
0.11614	3.71426e-02
0.11721	3.64425e-02
0.11824	3.56795e-02
0.11924	3.48528e-02
0.12021	3.39629e-02
0.12115	3.30161e-02
0.12205	3.20112e-02
0.12292	3.09513e-02
0.12374	2.98408e-02
0.12453	2.86856e-02
0.12527	2.74932e-02
0.12597	2.62730e-02
0.12663	2.50368e-02
0.12723	2.37990e-02
0.12779	2.25776e-02
0.12829	2.13936e-02
0.12875	2.02736e-02
0.12914	1.92492e-02
0.12948	1.83569e-02
0.12977	1.76368e-02
0.12999	1.71296e-02
0.13015	1.68712e-02
0.13025	1.68876e-02
0.13029	1.71889e-02
0.13026	1.77680e-02
0.13018	1.86023e-02
0.13003	1.96586e-02
0.12981	2.08981e-02
0.12953	2.22892e-02
0.12920	2.37827e-02
0.12881	2.53429e-02
0.12837	2.69363e-02
0.12789	2.85316e-02
0.12738	3.00990e-02
0.12685	3.16106e-02
0.12631	3.30406e-02
0.12576	3.43669e-02
0.12522	3.55727e-02
0.12469	3.66486e-02
0.12419	3.75945e-02
0.12372	3.84192e-02
0.12327	3.91378e-02
0.12284	3.97728e-02
0.12244	4.03469e-02
0.12206	4.08816e-02
0.12170	4.13953e-02
0.12135	4.19031e-02
0.12101	4.24162e-02
0.12069	4.29430e-02
0.12038	4.34885e-02
0.12009	4.40549e-02
0.11981	4.46411e-02
0.11956	4.52422e-02
0.11933	4.58487e-02
0.11912	4.64475e-02
0.11895	4.70229e-02
0.11883	4.75598e-02
0.11874	4.80476e-02
0.11870	4.84841e-02
0.11870	4.88760e-02
0.11874	4.92369e-02
0.11879	4.95834e-02
0.11885	4.99306e-02
0.11891	5.02904e-02
0.11897	5.06692e-02
0.11902	5.10692e-02
0.11905	5.14878e-02
0.11906	5.19194e-02
0.11905	5.23561e-02
0.11902	5.27884e-02
0.11896	5.32062e-02
0.11888	5.35994e-02
0.11877	5.39587e-02
0.11864	5.42758e-02
0.11849	5.45438e-02
0.11826	5.47041e-02
0.11800	5.48053e-02
0.11771	5.48449e-02
0.11739	5.48215e-02
0.11704	5.47341e-02
0.11666	5.45828e-02
0.11623	5.43679e-02
0.11577	5.40913e-02
0.11526	5.37559e-02
0.11471	5.33659e-02
0.11411	5.29269e-02
0.11346	5.24455e-02
0.11276	5.19295e-02
0.11200	5.13868e-02
0.11117	5.08199e-02
0.11028	5.02440e-02
0.10933	4.96670e-02
0.10831	4.90965e-02
0.10723	4.85394e-02
0.10608	4.80017e-02
0.10488	4.74887e-02
0.10361	4.70042e-02
0.10229	4.65500e-02
0.10092	4.61253e-02
0.09950	4.57249e-02
0.09805	4.53364e-02
0.09658	4.49361e-02
0.09512	4.44849e-02
0.09369	4.39329e-02
0.09233	4.32437e-02
0.09103	4.24197e-02
0.08977	4.15079e-02
0.08855	4.05568e-02
0.08735	3.96037e-02
0.08616	3.86735e-02
0.08500	3.77815e-02
0.08386	3.69362e-02
0.08274	3.61400e-02
0.08166	3.53904e-02
0.08062	3.46801e-02
0.07963	3.40186e-02
0.07870	3.33671e-02
0.07786	3.27160e-02
0.07710	3.20635e-02
0.07644	3.14193e-02
0.07586	3.08043e-02
0.07537	3.02472e-02
0.07496	2.97797e-02
0.07461	2.94319e-02
0.07433	2.92298e-02
0.07411	2.91941e-02
0.07394	2.93411e-02
0.07383	2.96825e-02
0.07377	3.02047e-02
0.07375	3.09303e-02
0.07378	3.18562e-02
0.07383	3.29709e-02
0.07393	3.42547e-02
0.07405	3.56809e-02
0.07423	3.72182e-02
0.07445	3.88321e-02
0.07474	4.04871e-02
0.07510	4.21480e-02
0.07555	4.37817e-02
0.07611	4.53605e-02
0.07678	4.68642e-02
0.07757	4.82837e-02
0.07847	4.96196e-02
0.07947	5.08826e-02
0.08056	5.20887e-02
0.08171	5.32555e-02
0.08290	5.43992e-02
0.08413	5.55335e-02
0.08538	5.66683e-02
0.08664	5.78107e-02
0.08789	5.89645e-02
0.08913	6.01310e-02
0.09035	6.13095e-02
0.09156	6.24973e-02
0.09274	6.36904e-02
0.09390	6.48837e-02
0.09503	6.60709e-02
0.09615	6.72455e-02
0.09724	6.84000e-02
0.09832	6.95270e-02
0.09938	7.06188e-02
0.10043	7.16678e-02
0.10147	7.26669e-02
0.10251	7.36092e-02
0.10355	7.44883e-02
0.10460	7.52987e-02
0.10565	7.60358e-02
0.10671	7.66960e-02
0.10779	7.72766e-02
0.10887	7.77764e-02
0.10997	7.81951e-02
0.11108	7.85337e-02
0.11219	7.87941e-02
0.11332	7.89791e-02
0.11445	7.90924e-02
0.11563	7.91264e-02
0.11680	7.90977e-02
0.11797	7.90109e-02
0.11914	7.88709e-02
0.12030	7.86827e-02
0.12144	7.84516e-02
0.12257	7.81827e-02
0.12367	7.78812e-02
0.12476	7.75523e-02
0.12581	7.72009e-02
0.12684	7.68318e-02
0.12783	7.64490e-02
0.12879	7.60560e-02
0.12971	7.56545e-02
0.13061	7.52577e-02
0.13147	7.48471e-02
0.13232	7.44066e-02
0.13315	7.39033e-02
0.13401	7.32868e-02
0.13490	7.25171e-02
0.13582	7.16036e-02
0.13675	7.05886e-02
0.13766	6.95122e-02
0.13853	6.84016e-02
0.13935	6.72748e-02
0.14013	6.61455e-02
0.14085	6.50246e-02
0.14152	6.39223e-02
0.14213	6.28482e-02
0.14267	6.18120e-02
0.14318	6.08083e-02
0.14363	5.98582e-02
0.14401	5.89711e-02
0.14432	5.81562e-02
0.14457	5.74222e-02
0.14477	5.67564e-02
0.14491	5.61863e-02
0.14497	5.57187e-02
0.14497	5.53593e-02
0.14491	5.51120e-02
0.14480	5.49991e-02
0.14463	5.49983e-02
0.14440	5.51079e-02
0.14411	5.53237e-02
0.14376	5.56394e-02
0.14337	5.60461e-02
0.14292	5.65325e-02
0.14244	5.70855e-02
0.14193	5.76901e-02
0.14138	5.83307e-02
0.14082	5.89921e-02
0.14025	5.96609e-02
0.13968	6.03273e-02
0.13910	6.09863e-02
0.13852	6.16380e-02
0.13794	6.22876e-02
0.13736	6.29436e-02
0.13678	6.36165e-02
0.13618	6.43164e-02
0.13557	6.50523e-02
0.13494	6.58308e-02
0.13430	6.66561e-02
0.13363	6.75298e-02
0.13294	6.84510e-02
0.13223	6.94167e-02
0.13150	7.04221e-02
0.13074	7.14677e-02
0.12996	7.25404e-02
0.12917	7.36325e-02
0.12836	7.47360e-02
0.12754	7.58428e-02
0.12672	7.69450e-02
0.12589	7.80355e-02
0.12507	7.91077e-02
0.12424	8.01555e-02
0.12343	8.11732e-02
0.12262	8.21526e-02
0.12185	8.30707e-02
0.12121	8.37863e-02
0.12112	8.37067e-02
0.12138	8.31169e-02
0.12171	8.24214e-02
0.12208	8.16852e-02
0.12246	8.09292e-02
0.12284	8.01671e-02
0.12323	7.94110e-02
0.12362	7.86721e-02
0.12400	7.79609e-02
0.12437	7.72869e-02
0.12473	7.66575e-02
0.12507	7.60777e-02
0.12541	7.55484e-02
0.12574	7.50652e-02
0.12608	7.46156e-02
0.12643	7.41767e-02
0.12683	7.37126e-02
0.12729	7.31764e-02
0.12785	7.25218e-02
0.12852	7.17203e-02
0.12929	7.07687e-02
0.13014	6.96209e-02
0.13106	6.83692e-02
0.13202	6.70518e-02
0.13301	6.57070e-02
0.13399	6.43709e-02
0.13496	6.30753e-02
0.13590	6.18474e-02
0.13680	6.07092e-02
0.13765	5.96785e-02
0.13845	5.87691e-02
0.13919	5.79907e-02
0.13987	5.73497e-02
0.14048	5.68490e-02
0.14103	5.64883e-02
0.14151	5.62482e-02
0.14192	5.61376e-02
0.14226	5.61485e-02
0.14255	5.62710e-02
0.14277	5.64937e-02
0.14293	5.68039e-02
0.14303	5.71885e-02
0.14309	5.76337e-02
0.14309	5.81257e-02
0.14304	5.86507e-02
0.14295	5.91953e-02
0.14283	5.97463e-02
0.14267	6.02911e-02
0.14249	6.08175e-02
0.14229	6.13144e-02
0.14206	6.17715e-02
0.14183	6.21809e-02
0.14160	6.25364e-02
0.14135	6.28354e-02
0.14111	6.30791e-02
0.14086	6.32721e-02
0.14061	6.34116e-02
0.14035	6.35168e-02
0.14009	6.36001e-02
0.13981	6.36738e-02
0.13951	6.37493e-02
0.13919	6.38336e-02
0.13885	6.39346e-02
0.13849	6.40584e-02
0.13810	6.42102e-02
0.13769	6.43936e-02
0.13725	6.46113e-02
0.13678	6.48655e-02
0.13628	6.51573e-02
0.13576	6.54877e-02
0.13520	6.58570e-02
0.13461	6.62651e-02
0.13399	6.67113e-02
0.13334	6.71947e-02
0.13265	6.77138e-02
0.13193	6.82668e-02
0.13117	6.88514e-02
0.13037	6.94653e-02
0.12953	7.01056e-02
0.12865	7.07694e-02
0.12774	7.14538e-02
0.12677	7.21556e-02
0.12577	7.28716e-02
0.12472	7.35985e-02
0.12362	7.43328e-02
0.12248	7.50705e-02
0.12129	7.58065e-02
0.12004	7.65334e-02
0.11878	7.72084e-02
0.11778	7.73892e-02
0.11727	7.67496e-02
0.11678	7.60108e-02
0.11624	7.52707e-02
0.11563	7.45419e-02
0.11497	7.38277e-02
0.11423	7.31293e-02
0.11343	7.24469e-02
0.11256	7.17803e-02
0.11162	7.11285e-02
0.11061	7.04900e-02
0.10953	6.98629e-02
0.10838	6.92442e-02
0.10717	6.86304e-02
0.10590	6.80170e-02
0.10458	6.73986e-02
0.10320	6.67689e-02
0.10179	6.61213e-02
0.10033	6.54496e-02
0.09885	6.47485e-02
0.09735	6.40151e-02
0.09583	6.32493e-02
0.09430	6.24539e-02
0.09276	6.16339e-02
0.09121	6.07958e-02
0.08966	5.99456e-02
0.08811	5.90882e-02
0.08658	5.82266e-02
0.08506	5.73619e-02
0.08357	5.64926e-02
0.08212	5.56155e-02
0.08072	5.47259e-02
0.07941	5.38038e-02
0.07817	5.28601e-02
0.07703	5.18884e-02
0.07600	5.08830e-02
0.07508	4.98393e-02
0.07428	4.87547e-02
0.07362	4.76294e-02
0.07309	4.64679e-02
0.07269	4.52822e-02
0.07240	4.40955e-02
0.07221	4.29397e-02
0.07209	4.18504e-02
0.07204	4.08595e-02
0.07203	3.99909e-02
0.07208	3.92446e-02
0.07217	3.86283e-02
0.07233	3.81106e-02
0.07259	3.76181e-02
0.07300	3.70300e-02
0.07360	3.62390e-02
0.07439	3.52535e-02
0.07529	3.41736e-02
0.07624	3.30977e-02
0.07722	3.20929e-02
0.07820	3.12038e-02
0.07917	3.04618e-02
0.08011	2.98899e-02
0.08103	2.95049e-02
0.08191	2.93173e-02
0.08275	2.93314e-02
0.08358	2.95471e-02
0.08436	2.99540e-02
0.08509	3.05383e-02
0.08577	3.12814e-02
0.08641	3.21604e-02
0.08702	3.31291e-02
0.08758	3.41749e-02
0.08811	3.52656e-02
0.08862	3.63661e-02
0.08911	3.74400e-02
0.08961	3.84591e-02
0.09010	3.93963e-02
0.09061	4.02443e-02
0.09111	4.10124e-02
0.09160	4.17196e-02
0.09206	4.23860e-02
0.09250	4.30270e-02
0.09288	4.36511e-02
0.09323	4.42608e-02
0.09353	4.48523e-02
0.09378	4.54169e-02
0.09399	4.59413e-02
0.09417	4.64085e-02
0.09432	4.68001e-02
0.09445	4.71007e-02
0.09456	4.73023e-02
0.09465	4.74070e-02
0.09472	4.74240e-02
0.09476	4.73651e-02
0.09476	4.72403e-02
0.09473	4.70570e-02
0.09465	4.68190e-02
0.09453	4.65279e-02
0.09436	4.61834e-02
0.09416	4.57835e-02
0.09392	4.53258e-02
0.09365	4.48210e-02
0.09336	4.42513e-02
0.09303	4.36132e-02
0.09268	4.29041e-02
0.09230	4.21219e-02
0.09191	4.12658e-02
0.09149	4.03365e-02
0.09106	3.93363e-02
0.09061	3.82693e-02
0.09013	3.71416e-02
0.08964	3.59609e-02
0.08913	3.47366e-02
0.08860	3.34796e-02
0.08804	3.22023e-02
0.08746	3.09186e-02
0.08686	2.96443e-02
0.08622	2.83966e-02
0.08557	2.71950e-02
0.08488	2.60610e-02
0.08417	2.50185e-02
0.08343	2.40932e-02
0.08267	2.33121e-02
0.08188	2.27022e-02
0.08107	2.22886e-02
0.08023	2.20919e-02
0.07937	2.21259e-02
0.07850	2.23956e-02
0.07760	2.28965e-02
0.07669	2.36145e-02
0.07577	2.45279e-02
0.07484	2.56086e-02
0.07392	2.68235e-02
0.07302	2.81351e-02
0.07214	2.95010e-02
0.07132	3.08778e-02
0.07058	3.22056e-02
0.06994	3.34307e-02
0.06945	3.45004e-02
0.06915	3.53563e-02
0.06908	3.59182e-02
0.06929	3.61223e-02
0.06974	3.60285e-02
0.07035	3.57871e-02
0.07105	3.55197e-02
0.07181	3.52945e-02
0.07259	3.51442e-02
0.07340	3.50817e-02
0.07422	3.51099e-02
0.07506	3.52262e-02
0.07590	3.54268e-02
0.07676	3.57077e-02
0.07761	3.60651e-02
0.07847	3.64941e-02
0.07933	3.69888e-02
0.08018	3.75407e-02
0.08102	3.81394e-02
0.08187	3.87725e-02
0.08271	3.94265e-02
0.08355	4.00871e-02
0.08439	4.07409e-02
0.08523	4.13756e-02
0.08608	4.19815e-02
0.08692	4.25515e-02
0.08777	4.30812e-02
0.08862	4.35861e-02
0.08946	4.40485e-02
0.09029	4.44697e-02
0.09110	4.48525e-02
0.09189	4.51998e-02
0.09263	4.55141e-02
0.09335	4.58005e-02
0.09403	4.60617e-02
0.09467	4.63000e-02
0.09527	4.65163e-02
0.09584	4.67208e-02
0.09636	4.68993e-02
0.09685	4.70473e-02
0.09731	4.71581e-02
0.09773	4.72242e-02
0.09812	4.72389e-02
0.09849	4.71988e-02
0.09884	4.71051e-02
0.09916	4.69629e-02
0.09945	4.67796e-02
0.09971	4.65627e-02
0.09995	4.63188e-02
0.10015	4.60537e-02
0.10032	4.57725e-02
0.10046	4.54799e-02
0.10057	4.51811e-02
0.10064	4.48816e-02
0.10069	4.45871e-02
0.10070	4.43041e-02
0.10068	4.40389e-02
0.10062	4.37978e-02
0.10053	4.35871e-02
0.10040	4.34122e-02
0.10023	4.32782e-02
0.10003	4.31896e-02
0.09979	4.31498e-02
0.09951	4.31535e-02
0.09919	4.32111e-02
0.09884	4.33240e-02
0.09845	4.34929e-02
0.09803	4.37178e-02
0.09757	4.39980e-02
0.09707	4.43322e-02
0.09655	4.47184e-02
0.09599	4.51539e-02
0.09541	4.56354e-02
0.09480	4.61582e-02
0.09416	4.67161e-02
0.09350	4.73000e-02
0.09283	4.78947e-02
0.09216	4.84713e-02
0.09153	4.89685e-02
0.09100	4.92701e-02
0.09063	4.92839e-02
0.09037	4.90878e-02
0.09016	4.88075e-02
0.08997	4.85080e-02
0.08977	4.82133e-02
0.08957	4.79296e-02
0.08938	4.76542e-02
0.08918	4.73798e-02
0.08900	4.70953e-02
0.08884	4.67856e-02
0.08870	4.64328e-02
0.08861	4.60183e-02
0.08856	4.55280e-02
0.08857	4.49588e-02
0.08862	4.43216e-02
0.08870	4.36390e-02
0.08881	4.29392e-02
0.08890	4.22342e-02
0.08900	4.15587e-02
0.08908	4.09369e-02
0.08914	4.03892e-02
0.08918	3.99328e-02
0.08920	3.95813e-02
0.08919	3.93448e-02
0.08915	3.92302e-02
0.08908	3.92408e-02
0.08898	3.93768e-02
0.08885	3.96346e-02
0.08869	4.00080e-02
0.08850	4.04880e-02
0.08829	4.10631e-02
0.08805	4.17232e-02
0.08780	4.24503e-02
0.08753	4.32296e-02
0.08725	4.40474e-02
0.08696	4.48920e-02
0.08667	4.57544e-02
0.08637	4.66286e-02
0.08607	4.75105e-02
0.08577	4.83961e-02
0.08546	4.92808e-02
0.08515	5.01580e-02
0.08484	5.10180e-02
0.08455	5.18442e-02
0.08429	5.25994e-02
0.08413	5.31785e-02
0.08424	5.33376e-02
0.08465	5.29691e-02
0.08523	5.23236e-02
0.08585	5.15704e-02
0.08648	5.07700e-02
0.08711	4.99458e-02
0.08772	4.91075e-02
0.08830	4.82663e-02
0.08887	4.74301e-02
0.08940	4.66069e-02
0.08990	4.58048e-02
0.09033	4.50175e-02
0.09072	4.42669e-02
0.09107	4.35601e-02
0.09137	4.29030e-02
0.09162	4.23000e-02
0.09182	4.17538e-02
0.09198	4.12652e-02
0.09208	4.08333e-02
0.09214	4.04550e-02
0.09215	4.01259e-02
0.09212	3.98407e-02
0.09205	3.95940e-02
0.09194	3.93812e-02
0.09179	3.91990e-02
0.09160	3.90450e-02
0.09138	3.89176e-02
0.09113	3.88152e-02
0.09084	3.87350e-02
0.09052	3.86730e-02
0.09016	3.86238e-02
0.08978	3.85805e-02
0.08937	3.85351e-02
0.08894	3.84784e-02
0.08850	3.84008e-02
0.08804	3.82924e-02
0.08757	3.81437e-02
0.08708	3.79553e-02
0.08660	3.77081e-02
0.08611	3.73956e-02
0.08563	3.70134e-02
0.08515	3.65589e-02
0.08467	3.60318e-02
0.08419	3.54340e-02
0.08370	3.47696e-02
0.08322	3.40446e-02
0.08272	3.32669e-02
0.08220	3.24452e-02
0.08167	3.15893e-02
0.08112	3.07098e-02
0.08055	2.98177e-02
0.07995	2.89244e-02
0.07933	2.80419e-02
0.07867	2.71826e-02
0.07798	2.63600e-02
0.07727	2.55878e-02
0.07652	2.48809e-02
0.07575	2.42545e-02
0.07495	2.37238e-02
0.07413	2.33035e-02
0.07329	2.30066e-02
0.07243	2.28431e-02
0.07157	2.28184e-02
0.07070	2.29319e-02
0.06985	2.31749e-02
0.06901	2.35291e-02
0.06822	2.39645e-02
0.06749	2.44375e-02
0.06685	2.48910e-02
0.06634	2.52599e-02
0.06599	2.54885e-02
0.06584	2.55333e-02
0.06587	2.54434e-02
0.06605	2.52860e-02
0.06637	2.51356e-02
0.06678	2.50557e-02
0.06728	2.50919e-02
0.06785	2.52734e-02
0.06849	2.56150e-02
0.06918	2.61202e-02
0.06991	2.67847e-02
0.07069	2.75988e-02
0.07150	2.85492e-02
0.07235	2.96213e-02
0.07321	3.08002e-02
0.07411	3.20646e-02
0.07502	3.34094e-02
0.07593	3.48215e-02
0.07685	3.62889e-02
0.07777	3.78001e-02
0.07869	3.93437e-02
0.07960	4.09078e-02
0.08051	4.24782e-02
0.08142	4.40366e-02
0.08235	4.55555e-02
0.08331	4.69921e-02
0.08434	4.82830e-02
0.08549	4.93618e-02
0.08676	5.02085e-02
0.08813	5.08697e-02
0.08955	5.14145e-02
0.09100	5.19013e-02
0.09245	5.23604e-02
0.09389	5.28136e-02
0.09531	5.32750e-02
0.09670	5.37548e-02
0.09806	5.42575e-02
0.09939	5.47909e-02
0.10067	5.53581e-02
0.10192	5.59601e-02
0.10312	5.65947e-02
0.10427	5.72692e-02
0.10538	5.79511e-02
0.10648	5.86004e-02
0.10761	5.91321e-02
0.10883	5.94202e-02
0.11016	5.94254e-02
0.11154	5.92488e-02
0.11290	5.89921e-02
0.11421	5.87093e-02
0.11546	5.84274e-02
0.11665	5.81614e-02
0.11775	5.79208e-02
0.11877	5.77123e-02
0.11971	5.75410e-02
0.12057	5.74108e-02
0.12133	5.73245e-02
0.12201	5.72840e-02
0.12261	5.72900e-02
0.12311	5.73420e-02
0.12353	5.74380e-02
0.12386	5.75748e-02
0.12411	5.77475e-02
0.12428	5.79497e-02
0.12436	5.81741e-02
0.12438	5.84121e-02
0.12431	5.86554e-02
0.12417	5.88987e-02
0.12396	5.91329e-02
0.12369	5.93533e-02
0.12335	5.95573e-02
0.12295	5.97440e-02
0.12249	5.99138e-02
0.12197	6.00679e-02
0.12138	6.02082e-02
0.12073	6.03363e-02
0.12002	6.04542e-02
0.11925	6.05633e-02
0.11843	6.06650e-02
0.11755	6.07600e-02
0.11663	6.08485e-02
0.11566	6.09293e-02
0.11466	6.10001e-02
0.11364	6.10565e-02
0.11259	6.10923e-02
0.11155	6.10989e-02
0.11050	6.10675e-02
0.10948	6.09920e-02
0.10848	6.08729e-02
0.10750	6.07202e-02
0.10655	6.05509e-02
0.10562	6.03845e-02
0.10470	6.02387e-02
0.10379	6.01259e-02
0.10290	6.00508e-02
0.10203	6.00046e-02
0.10122	5.99480e-02
0.10052	5.97655e-02
0.10007	5.92754e-02
0.09984	5.84997e-02
0.09972	5.76287e-02
0.09969	5.67995e-02
0.09968	5.60394e-02
0.09968	5.53687e-02
0.09969	5.47966e-02
0.09970	5.43267e-02
0.09973	5.39588e-02
0.09976	5.36902e-02
0.09980	5.35162e-02
0.09986	5.34311e-02
0.09994	5.34289e-02
0.10003	5.35030e-02
0.10014	5.36477e-02
0.10027	5.38571e-02
0.10042	5.41262e-02
0.10060	5.44404e-02
0.10080	5.48043e-02
0.10101	5.52147e-02
0.10123	5.56694e-02
0.10147	5.61676e-02
0.10171	5.67094e-02
0.10196	5.72960e-02
0.10220	5.79289e-02
0.10243	5.86088e-02
0.10266	5.93350e-02
0.10287	6.01027e-02
0.10307	6.08984e-02
0.10328	6.16880e-02
0.10355	6.23909e-02
0.10393	6.28900e-02
0.10444	6.31866e-02
0.10499	6.34023e-02
0.10553	6.36203e-02
0.10604	6.38746e-02
0.10652	6.41772e-02
0.10695	6.45311e-02
0.10735	6.49261e-02
0.10770	6.53666e-02
0.10802	6.58482e-02
0.10829	6.63665e-02
0.10853	6.69167e-02
0.10874	6.74963e-02
0.10892	6.80990e-02
0.10907	6.87210e-02
0.10919	6.93583e-02
0.10929	7.00053e-02
0.10938	7.06475e-02
0.10950	7.12153e-02
0.10998	7.12035e-02
0.11102	7.03073e-02
0.11214	6.92236e-02
0.11326	6.81015e-02
0.11435	6.69639e-02
0.11541	6.58130e-02
0.11645	6.46409e-02
0.11747	6.34323e-02
0.11849	6.21687e-02
0.11949	6.08391e-02
0.12048	5.94503e-02
0.12144	5.80268e-02
0.12234	5.66007e-02
0.12318	5.52034e-02
0.12394	5.38617e-02
0.12461	5.25983e-02
0.12519	5.14319e-02
0.12567	5.03784e-02
0.12605	4.94510e-02
0.12631	4.86592e-02
0.12647	4.80124e-02
0.12652	4.75164e-02
0.12647	4.71739e-02
0.12630	4.69849e-02
0.12603	4.69463e-02
0.12566	4.70527e-02
0.12518	4.72960e-02
0.12460	4.76659e-02
0.12393	4.81505e-02
0.12316	4.87364e-02
0.12231	4.94093e-02
0.12137	5.01542e-02
0.12036	5.09558e-02
0.11927	5.17985e-02
0.11811	5.26667e-02
0.11690	5.35447e-02
0.11564	5.44167e-02
0.11434	5.52667e-02
0.11301	5.60781e-02
0.11166	5.68337e-02
0.11030	5.75154e-02
0.10895	5.81043e-02
0.10762	5.85816e-02
0.10634	5.89289e-02
0.10510	5.91312e-02
0.10393	5.91786e-02
0.10283	5.90683e-02
0.10180	5.88049e-02
0.10084	5.83989e-02
0.09995	5.78642e-02
0.09911	5.72152e-02
0.09833	5.64664e-02
0.09759	5.56310e-02
0.09686	5.47209e-02
0.09616	5.37478e-02
0.09549	5.27255e-02
0.09484	5.16691e-02
0.09421	5.05946e-02
0.09358	4.95186e-02
0.09295	4.84583e-02
0.09231	4.74305e-02
0.09166	4.64520e-02
0.09100	4.55389e-02
0.09033	4.47064e-02
0.08963	4.39688e-02
0.08890	4.33389e-02
0.08816	4.28278e-02
0.08739	4.24463e-02
0.08660	4.21995e-02
0.08578	4.20912e-02
0.08494	4.21218e-02
0.08407	4.22886e-02
0.08318	4.25849e-02
0.08228	4.30001e-02
0.08136	4.35187e-02
0.08044	4.41187e-02
0.07953	4.47670e-02
0.07866	4.54100e-02
0.07788	4.59592e-02
0.07726	4.62946e-02
0.07685	4.63507e-02
0.07661	4.61931e-02
0.07648	4.59296e-02
0.07641	4.56118e-02
0.07638	4.52914e-02
0.07637	4.49840e-02
0.07638	4.46951e-02
0.07640	4.44264e-02
0.07644	4.41701e-02
0.07648	4.39378e-02
0.07653	4.37304e-02
0.07657	4.35491e-02
0.07661	4.33953e-02
0.07665	4.32684e-02
0.07667	4.31715e-02
0.07669	4.31064e-02
0.07669	4.30740e-02
0.07668	4.30751e-02
0.07665	4.31093e-02
0.07660	4.31760e-02
0.07653	4.32747e-02
0.07644	4.34049e-02
0.07632	4.35672e-02
0.07618	4.37627e-02
0.07600	4.39926e-02
0.07579	4.42584e-02
0.07555	4.45606e-02
0.07527	4.48993e-02
0.07494	4.52732e-02
0.07457	4.56805e-02
0.07415	4.61182e-02
0.07369	4.65827e-02
0.07318	4.70698e-02
0.07263	4.75748e-02
0.07202	4.80924e-02
0.07137	4.86168e-02
0.07068	4.91418e-02
0.06994	4.96605e-02
0.06916	5.01655e-02
0.06837	5.06420e-02
0.06755	5.10868e-02
0.06671	5.14877e-02
0.06587	5.18304e-02
0.06504	5.20994e-02
0.06425	5.22809e-02
0.06349	5.23687e-02
0.06278	5.23680e-02
0.06211	5.22945e-02
0.06146	5.21682e-02
0.06083	5.20090e-02
0.06020	5.18342e-02
0.05959	5.16585e-02
0.05898	5.14937e-02
0.05838	5.13477e-02
0.05780	5.12235e-02
0.05724	5.11135e-02
0.05675	5.09911e-02
0.05640	5.07995e-02
0.05623	5.04747e-02
0.05628	5.00149e-02
0.05651	4.94513e-02
0.05696	4.87491e-02
0.05764	4.78817e-02
0.05851	4.68865e-02
0.05976	4.55136e-02
0.06131	4.38078e-02
0.06291	4.20691e-02
0.06452	4.03720e-02
0.06611	3.87479e-02
0.06769	3.72204e-02
0.06924	3.58109e-02
0.07077	3.45393e-02
0.07228	3.34236e-02
0.07375	3.24760e-02
0.07520	3.17041e-02
0.07663	3.11099e-02
0.07805	3.06888e-02
0.07945	3.04305e-02
0.08085	3.03208e-02
0.08224	3.03456e-02
0.08363	3.04931e-02
0.08500	3.07548e-02
0.08637	3.11240e-02
0.08773	3.15930e-02
0.08907	3.21494e-02
0.09040	3.27727e-02
0.09172	3.34310e-02
0.09304	3.40803e-02
0.09439	3.46538e-02
0.09579	3.50744e-02
0.09727	3.52643e-02
0.09883	3.51706e-02
0.10048	3.47874e-02
0.10219	3.41546e-02
0.10393	3.33363e-02
0.10566	3.23996e-02
0.10737	3.14047e-02
0.10904	3.04030e-02
0.11065	2.94387e-02
0.11220	2.85513e-02
0.11367	2.77762e-02
0.11507	2.71454e-02
0.11639	2.66871e-02
0.11761	2.64282e-02
0.11875	2.63790e-02
0.11980	2.65492e-02
0.12076	2.69402e-02
0.12163	2.75463e-02
0.12240	2.83317e-02
0.12309	2.93044e-02
0.12368	3.04448e-02
0.12419	3.17318e-02
0.12461	3.31439e-02
0.12496	3.46471e-02
0.12524	3.62324e-02
0.12544	3.78810e-02
0.12556	3.95755e-02
0.12562	4.12994e-02
0.12561	4.30369e-02
0.12553	4.47732e-02
0.12541	4.64942e-02
0.12523	4.81864e-02
0.12502	4.98372e-02
0.12477	5.14347e-02
0.12449	5.29683e-02
0.12419	5.44285e-02
0.12388	5.58075e-02
0.12356	5.70993e-02
0.12324	5.82995e-02
0.12292	5.94057e-02
0.12262	6.04166e-02
0.12232	6.13321e-02
0.12205	6.21519e-02
0.12179	6.28747e-02
0.12157	6.34972e-02
0.12138	6.40133e-02
0.12123	6.44139e-02
0.12114	6.46886e-02
0.12110	6.48288e-02
0.12114	6.48312e-02
0.12123	6.47005e-02
0.12139	6.44480e-02
0.12160	6.40881e-02
0.12186	6.36333e-02
0.12217	6.30912e-02
0.12251	6.24642e-02
0.12290	6.17511e-02
0.12333	6.09511e-02
0.12380	6.00677e-02
0.12430	5.91099e-02
0.12483	5.80913e-02
0.12536	5.70271e-02
0.12590	5.59321e-02
0.12644	5.48198e-02
0.12697	5.37020e-02
0.12749	5.25892e-02
0.12798	5.14910e-02
0.12845	5.04168e-02
0.12889	4.93753e-02
0.12929	4.83755e-02
0.12966	4.74266e-02
0.12998	4.65376e-02
0.13025	4.57179e-02
0.13047	4.49767e-02
0.13064	4.43230e-02
0.13074	4.37658e-02
0.13078	4.33131e-02
0.13076	4.29726e-02
0.13066	4.27509e-02
0.13050	4.26533e-02
0.13025	4.26839e-02
0.12993	4.28454e-02
0.12953	4.31387e-02
0.12904	4.35860e-02
0.12847	4.41589e-02
0.12781	4.48535e-02
0.12707	4.56646e-02
0.12623	4.65857e-02
0.12531	4.76098e-02
0.12429	4.87292e-02
0.12319	4.99356e-02
0.12200	5.12204e-02
0.12072	5.25749e-02
0.11935	5.39900e-02
0.11790	5.54562e-02
0.11637	5.69636e-02
0.11476	5.85009e-02
0.11305	6.00614e-02
0.11129	6.16171e-02
0.10948	6.31406e-02
0.10765	6.45845e-02
0.10588	6.58631e-02
0.10424	6.68555e-02
0.10280	6.74953e-02
0.10156	6.78101e-02
0.10069	6.75663e-02
0.10086	6.57891e-02
0.10127	6.35961e-02
0.10174	6.12644e-02
0.10221	5.88983e-02
0.10265	5.65556e-02
0.10303	5.42729e-02
0.10336	5.20786e-02
0.10365	4.99775e-02
0.10388	4.80127e-02
0.10406	4.62054e-02
0.10420	4.45751e-02
0.10428	4.31389e-02
0.10431	4.19158e-02
0.10431	4.09059e-02
0.10429	4.01104e-02
0.10424	3.95223e-02
0.10418	3.91260e-02
0.10412	3.88995e-02
0.10408	3.88110e-02
0.10405	3.88260e-02
0.10406	3.89102e-02
0.10410	3.90341e-02
0.10419	3.91766e-02
0.10432	3.93262e-02
0.10448	3.94807e-02
0.10468	3.96431e-02
0.10490	3.98182e-02
0.10513	4.00083e-02
0.10537	4.02108e-02
0.10562	4.04171e-02
0.10588	4.06128e-02
0.10614	4.07802e-02
0.10641	4.09034e-02
0.10668	4.09737e-02
0.10696	4.09940e-02
0.10723	4.09791e-02
0.10747	4.09511e-02
0.10767	4.09332e-02
0.10783	4.09460e-02
0.10793	4.10050e-02
0.10797	4.11203e-02
0.10794	4.12973e-02
0.10783	4.15373e-02
0.10767	4.18436e-02
0.10744	4.22044e-02
0.10714	4.26137e-02
0.10676	4.30644e-02
0.10631	4.35488e-02
0.10578	4.40586e-02
0.10520	4.45857e-02
0.10455	4.51224e-02
0.10384	4.56610e-02
0.10307	4.61948e-02
0.10224	4.67176e-02
0.10137	4.72236e-02
0.10046	4.77082e-02
0.09950	4.81669e-02
0.09850	4.85960e-02
0.09748	4.89922e-02
0.09643	4.93525e-02
0.09536	4.96742e-02
0.09427	4.99546e-02
0.09317	5.01913e-02
0.09208	5.03823e-02
0.09099	5.05260e-02
0.08991	5.06216e-02
0.08885	5.06693e-02
0.08782	5.06710e-02
0.08681	5.06300e-02
0.08585	5.05513e-02
0.08492	5.04419e-02
0.08403	5.03102e-02
0.08319	5.01654e-02
0.08239	5.00176e-02
0.08165	4.98762e-02
0.08095	4.97500e-02
0.08031	4.96460e-02
0.07973	4.95160e-02
0.07921	4.94162e-02
0.07877	4.93417e-02
0.07843	4.92771e-02
0.07820	4.91915e-02
0.07814	4.90341e-02
0.07829	4.87328e-02
0.07869	4.82195e-02
0.07933	4.75115e-02
0.08014	4.67118e-02
0.08107	4.59168e-02
0.08207	4.51915e-02
0.08312	4.45785e-02
0.08421	4.41049e-02
0.08535	4.37860e-02
0.08653	4.36241e-02
0.08775	4.36101e-02
0.08902	4.37240e-02
0.09034	4.39377e-02
0.09173	4.42221e-02
0.09320	4.45555e-02
0.09473	4.49299e-02
0.09632	4.53503e-02
0.09796	4.58277e-02
0.09964	4.63724e-02
0.10133	4.69897e-02
0.10305	4.76786e-02
0.10477	4.84312e-02
0.10650	4.92328e-02
0.10824	5.00616e-02
0.10999	5.08846e-02
0.11177	5.16674e-02
0.11359	5.23652e-02
0.11546	5.29299e-02
0.11739	5.33190e-02
0.11940	5.35108e-02
0.12146	5.35006e-02
0.12357	5.33088e-02
0.12569	5.29671e-02
0.12781	5.25095e-02
0.12991	5.19667e-02
0.13197	5.13640e-02
0.13399	5.07218e-02
0.13594	5.00572e-02
0.13784	4.93844e-02
0.13966	4.87156e-02
0.14142	4.80619e-02
0.14309	4.74334e-02
0.14469	4.68395e-02
0.14620	4.62890e-02
0.14763	4.57900e-02
0.14898	4.53502e-02
0.15023	4.49766e-02
0.15140	4.46753e-02
0.15248	4.44516e-02
0.15347	4.43099e-02
0.15437	4.42536e-02
0.15518	4.42846e-02
0.15590	4.44041e-02
0.15652	4.46118e-02
0.15706	4.49063e-02
0.15749	4.52851e-02
0.15784	4.57448e-02
0.15809	4.62809e-02
0.15824	4.68879e-02
0.15830	4.75598e-02
0.15827	4.82919e-02
0.15814	4.90736e-02
0.15792	4.98962e-02
0.15760	5.07493e-02
0.15719	5.16205e-02
0.15669	5.24935e-02
0.15610	5.33462e-02
0.15544	5.41464e-02
0.15472	5.48483e-02
0.15396	5.53962e-02
0.15318	5.57495e-02
0.15237	5.59150e-02
0.15152	5.59422e-02
0.15061	5.58878e-02
0.14962	5.57937e-02
0.14855	5.56870e-02
0.14739	5.55837e-02
0.14614	5.54939e-02
0.14479	5.54236e-02
0.14336	5.53765e-02
0.14184	5.53545e-02
0.14024	5.53584e-02
0.13857	5.53881e-02
0.13683	5.54424e-02
0.13503	5.55196e-02
0.13317	5.56168e-02
0.13127	5.57309e-02
0.12934	5.58576e-02
0.12739	5.59923e-02
0.12543	5.61295e-02
0.12348	5.62634e-02
0.12154	5.63881e-02
0.11963	5.64974e-02
0.11777	5.65855e-02
0.11597	5.66419e-02
0.11424	5.66686e-02
0.11258	5.66621e-02
0.11103	5.66188e-02
0.10957	5.65301e-02
0.10825	5.63681e-02
0.10712	5.60287e-02
0.10633	5.52393e-02
0.10591	5.39460e-02
0.10569	5.24460e-02
0.10560	5.08934e-02
0.10561	4.93411e-02
0.10570	4.78142e-02
0.10587	4.63302e-02
0.10610	4.49049e-02
0.10639	4.35560e-02
0.10673	4.23010e-02
0.10710	4.11594e-02
0.10752	4.01521e-02
0.10795	3.92999e-02
0.10841	3.86225e-02
0.10887	3.81367e-02
0.10934	3.78553e-02
0.10980	3.77854e-02
0.11026	3.79280e-02
0.11071	3.82777e-02
0.11115	3.88233e-02
0.11157	3.95480e-02
0.11198	4.04313e-02
0.11238	4.14500e-02
0.11275	4.25881e-02
0.11311	4.38100e-02
0.11346	4.50900e-02
0.11380	4.64032e-02
0.11414	4.77266e-02
0.11449	4.90351e-02
0.11485	5.03171e-02
0.11521	5.15582e-02
0.11557	5.27484e-02
0.11594	5.38824e-02
0.11629	5.49519e-02
0.11665	5.59671e-02
0.11698	5.69328e-02
0.11730	5.78547e-02
0.11760	5.87367e-02
0.11787	5.95674e-02
0.11823	6.01074e-02
0.11927	5.92213e-02
0.12042	5.79434e-02
0.12152	5.66006e-02
0.12255	5.52216e-02
0.12351	5.38180e-02
0.12440	5.23986e-02
0.12519	5.09717e-02
0.12590	4.95459e-02
0.12652	4.81304e-02
0.12704	4.67349e-02
0.12747	4.53702e-02
0.12780	4.40483e-02
0.12803	4.27820e-02
0.12815	4.15853e-02
0.12818	4.04735e-02
0.12810	3.94626e-02
0.12791	3.85693e-02
0.12762	3.78106e-02
0.12723	3.72030e-02
0.12672	3.67605e-02
0.12612	3.64980e-02
0.12541	3.64262e-02
0.12459	3.65520e-02
0.12368	3.68785e-02
0.12267	3.74043e-02
0.12156	3.81238e-02
0.12036	3.90275e-02
0.11907	4.01027e-02
0.11770	4.13339e-02
0.11624	4.27035e-02
0.11472	4.41924e-02
0.11312	4.57802e-02
0.11147	4.74455e-02
0.10977	4.91656e-02
0.10804	5.09166e-02
0.10629	5.26735e-02
0.10454	5.44100e-02
0.10280	5.60999e-02
0.10110	5.77169e-02
0.09948	5.92267e-02
0.09803	6.04680e-02
0.09712	6.09006e-02
0.09647	6.10208e-02
0.09590	6.11128e-02
0.09539	6.12193e-02
0.09493	6.13564e-02
0.09450	6.15317e-02
0.09410	6.17463e-02
0.09374	6.19964e-02
0.09342	6.22751e-02
0.09313	6.25731e-02
0.09288	6.28800e-02
0.09267	6.31835e-02
0.09252	6.34206e-02
0.09245	6.35852e-02
0.09255	6.35388e-02
0.09293	6.31108e-02
0.09351	6.23972e-02
0.09416	6.15805e-02
0.09481	6.07453e-02
0.09543	5.99267e-02
0.09602	5.91424e-02
0.09655	5.84037e-02
0.09703	5.77188e-02
0.09744	5.70939e-02
0.09778	5.65339e-02
0.09805	5.60422e-02
0.09826	5.56134e-02
0.09840	5.52571e-02
0.09845	5.49719e-02
0.09844	5.47550e-02
0.09835	5.46014e-02
0.09819	5.45043e-02
0.09796	5.44543e-02
0.09768	5.44398e-02
0.09734	5.44475e-02
0.09696	5.44639e-02
0.09654	5.44784e-02
0.09609	5.44853e-02
0.09561	5.44843e-02
0.09509	5.44779e-02
0.09454	5.44691e-02
0.09395	5.44596e-02
0.09334	5.44343e-02
0.09270	5.44065e-02
0.09203	5.43737e-02
0.09134	5.43323e-02
0.09063	5.42784e-02
0.08990	5.42095e-02
0.08917	5.41190e-02
0.08842	5.40029e-02
0.08768	5.38575e-02
0.08694	5.36796e-02
0.08620	5.34679e-02
0.08547	5.32220e-02
0.08475	5.29420e-02
0.08405	5.26298e-02
0.08335	5.22882e-02
0.08266	5.19216e-02
0.08199	5.15352e-02
0.08132	5.11354e-02
0.08067	5.07286e-02
0.08002	5.03219e-02
0.07937	4.99223e-02
0.07874	4.95364e-02
0.07810	4.91704e-02
0.07748	4.88299e-02
0.07686	4.85188e-02
0.07626	4.82385e-02
0.07568	4.79826e-02
0.07515	4.77159e-02
0.07478	4.72761e-02
0.07476	4.63523e-02
0.07498	4.51222e-02
0.07528	4.38231e-02
0.07563	4.25210e-02
0.07600	4.12446e-02
0.07641	4.00108e-02
0.07684	3.88342e-02
0.07726	3.77011e-02
0.07771	3.66577e-02
0.07818	3.57197e-02
0.07866	3.49029e-02
0.07915	3.42222e-02
0.07965	3.36910e-02
0.08016	3.33199e-02
0.08068	3.31158e-02
0.08120	3.30806e-02
0.08172	3.32093e-02
0.08224	3.34877e-02
0.08278	3.38893e-02
0.08333	3.43719e-02
0.08393	3.48830e-02
0.08457	3.53825e-02
0.08525	3.58678e-02
0.08597	3.63631e-02
0.08669	3.68938e-02
0.08740	3.74750e-02
0.08811	3.81117e-02
0.08879	3.88023e-02
0.08946	3.95402e-02
0.09010	4.03150e-02
0.09072	4.11126e-02
0.09131	4.19151e-02
0.09189	4.27001e-02
0.09247	4.34402e-02
0.09304	4.41034e-02
0.09364	4.46562e-02
0.09426	4.50694e-02
0.09492	4.53270e-02
0.09561	4.54299e-02
0.09631	4.53934e-02
0.09703	4.52382e-02
0.09779	4.50204e-02
0.09854	4.47220e-02
0.09926	4.43531e-02
0.09997	4.39203e-02
0.10064	4.34279e-02
0.10128	4.28795e-02
0.10189	4.22791e-02
0.10247	4.16317e-02
0.10302	4.09439e-02
0.10352	4.02241e-02
0.10399	3.94823e-02
0.10442	3.87303e-02
0.10480	3.79812e-02
0.10514	3.72497e-02
0.10544	3.65599e-02
0.10569	3.59182e-02
0.10589	3.53414e-02
0.10603	3.48465e-02
0.10613	3.44500e-02
0.10616	3.41673e-02
0.10614	3.40117e-02
0.10607	3.39940e-02
0.10593	3.41209e-02
0.10574	3.43940e-02
0.10550	3.48082e-02
0.10520	3.53475e-02
0.10487	3.59774e-02
0.10452	3.66245e-02
0.10420	3.71447e-02
0.10399	3.73615e-02
0.10391	3.72811e-02
0.10386	3.70610e-02
0.10382	3.68341e-02
0.10376	3.66670e-02
0.10367	3.65903e-02
0.10353	3.66277e-02
0.10335	3.67716e-02
0.10314	3.70179e-02
0.10291	3.73570e-02
0.10266	3.77742e-02
0.10239	3.82619e-02
0.10213	3.87903e-02
0.10189	3.93323e-02
0.10167	3.98593e-02
0.10150	4.03440e-02
0.10138	4.07647e-02
0.10133	4.11093e-02
0.10134	4.13785e-02
0.10142	4.15850e-02
0.10156	4.17503e-02
0.10174	4.19005e-02
0.10197	4.20616e-02
0.10223	4.22575e-02
0.10252	4.25080e-02
0.10282	4.28289e-02
0.10313	4.32313e-02
0.10345	4.37218e-02
0.10377	4.43024e-02
0.10410	4.49704e-02
0.10442	4.57182e-02
0.10475	4.65328e-02
0.10508	4.73951e-02
0.10543	4.82807e-02
0.10580	4.91546e-02
0.10622	4.99749e-02
0.10669	5.06952e-02
0.10724	5.12728e-02
0.10787	5.16881e-02
0.10858	5.19466e-02
0.10934	5.20758e-02
0.11014	5.21110e-02
0.11095	5.20859e-02
0.11176	5.20281e-02
0.11256	5.19598e-02
0.11332	5.18985e-02
0.11405	5.18585e-02
0.11473	5.18513e-02
0.11536	5.18859e-02
0.11593	5.19692e-02
0.11645	5.21061e-02
0.11689	5.22997e-02
0.11728	5.25512e-02
0.11760	5.28602e-02
0.11785	5.32252e-02
0.11803	5.36436e-02
0.11815	5.41123e-02
0.11821	5.46278e-02
0.11820	5.51867e-02
0.11813	5.57860e-02
0.11799	5.64231e-02
0.11780	5.70956e-02
0.11755	5.78013e-02
0.11723	5.85379e-02
0.11687	5.93022e-02
0.11644	6.00897e-02
0.11598	6.08938e-02
0.11546	6.17046e-02
0.11492	6.25079e-02
0.11436	6.32826e-02
0.11380	6.39976e-02
0.11327	6.45895e-02
0.11280	6.50110e-02
0.11246	6.51948e-02
0.11227	6.50922e-02
0.11225	6.46993e-02
0.11236	6.40530e-02
0.11259	6.32027e-02
0.11290	6.21912e-02
0.11329	6.10519e-02
0.11373	5.98128e-02
0.11421	5.84993e-02
0.11472	5.71365e-02
0.11525	5.57489e-02
0.11579	5.43604e-02
0.11633	5.29866e-02
0.11685	5.16587e-02
0.11738	5.03986e-02
0.11789	4.92270e-02
0.11838	4.81634e-02
0.11887	4.72254e-02
0.11934	4.64289e-02
0.11980	4.57868e-02
0.12025	4.53092e-02
0.12068	4.50021e-02
0.12111	4.48672e-02
0.12154	4.49020e-02
0.12195	4.50992e-02
0.12237	4.54474e-02
0.12280	4.59313e-02
0.12323	4.65326e-02
0.12367	4.72277e-02
0.12412	4.79977e-02
0.12459	4.88195e-02
0.12509	4.96705e-02
0.12562	5.05291e-02
0.12619	5.13666e-02
0.12679	5.21767e-02
0.12743	5.29471e-02
0.12810	5.36700e-02
0.12879	5.43423e-02
0.12949	5.49573e-02
0.13021	5.55288e-02
0.13093	5.60650e-02
0.13165	5.65759e-02
0.13234	5.70720e-02
0.13302	5.75637e-02
0.13365	5.80602e-02
0.13425	5.85691e-02
0.13480	5.90967e-02
0.13530	5.96470e-02
0.13574	6.02225e-02
0.13612	6.08237e-02
0.13644	6.14490e-02
0.13670	6.20950e-02
0.13690	6.27560e-02
0.13704	6.34237e-02
0.13714	6.40869e-02
0.13719	6.47310e-02
0.13720	6.53368e-02
0.13720	6.58804e-02
0.13718	6.63341e-02
0.13718	6.66692e-02
0.13720	6.68705e-02
0.13726	6.69195e-02
0.13733	6.68230e-02
0.13743	6.66018e-02
0.13753	6.62836e-02
0.13761	6.58975e-02
0.13768	6.54705e-02
0.13771	6.50266e-02
0.13769	6.45866e-02
0.13763	6.41687e-02
0.13750	6.37884e-02
0.13731	6.34590e-02
0.13705	6.31918e-02
0.13673	6.29960e-02
0.13632	6.28790e-02
0.13584	6.28463e-02
0.13528	6.29017e-02
0.13464	6.30474e-02
0.13392	6.32839e-02
0.13312	6.36104e-02
0.13224	6.40247e-02
0.13128	6.45234e-02
0.13023	6.51020e-02
0.12912	6.57550e-02
0.12792	6.64758e-02
0.12666	6.72568e-02
0.12532	6.80882e-02
0.12393	6.89553e-02
0.12250	6.98218e-02
0.12114	7.04962e-02
0.12025	7.03345e-02
0.11961	6.97282e-02
0.11899	6.90669e-02
0.11837	6.84056e-02
0.11774	6.77541e-02
0.11712	6.71136e-02
0.11650	6.64827e-02
0.11590	6.58589e-02
0.11531	6.52384e-02
0.11475	6.46171e-02
0.11424	6.39922e-02
0.11377	6.33609e-02
0.11336	6.27211e-02
0.11301	6.20714e-02
0.11273	6.14110e-02
0.11253	6.07399e-02
0.11241	6.00593e-02
0.11238	5.93711e-02
0.11243	5.86786e-02
0.11256	5.79867e-02
0.11278	5.73025e-02
0.11307	5.66351e-02
0.11343	5.59961e-02
0.11386	5.53992e-02
0.11434	5.48592e-02
0.11486	5.43913e-02
0.11540	5.40096e-02
0.11597	5.37260e-02
0.11654	5.35489e-02
0.11712	5.34825e-02
0.11768	5.35257e-02
0.11822	5.36715e-02
0.11875	5.39054e-02
0.11925	5.42039e-02
0.11975	5.45312e-02
0.12024	5.48359e-02
0.12075	5.50506e-02
0.12130	5.51065e-02
0.12191	5.49663e-02
0.12255	5.46456e-02
0.12319	5.41943e-02
0.12380	5.36647e-02
0.12435	5.30959e-02
0.12483	5.25200e-02
0.12522	5.19483e-02
0.12552	5.13917e-02
0.12572	5.08582e-02
0.12581	5.03538e-02
0.12578	4.98803e-02
0.12565	4.94439e-02
0.12540	4.90474e-02
0.12503	4.86935e-02
0.12455	4.83840e-02
0.12395	4.81201e-02
0.12323	4.79026e-02
0.12240	4.77317e-02
0.12145	4.76069e-02
0.12039	4.75276e-02
0.11921	4.74925e-02
0.11792	4.74999e-02
0.11653	4.75480e-02
0.11503	4.76343e-02
0.11343	4.77563e-02
0.11174	4.79110e-02
0.10995	4.80949e-02
0.10809	4.83041e-02
0.10614	4.85336e-02
0.10413	4.87768e-02
0.10206	4.90243e-02
0.09995	4.92602e-02
0.09782	4.94599e-02
0.09572	4.95540e-02
0.09372	4.94087e-02
0.09195	4.88666e-02
0.09039	4.79684e-02
0.08895	4.69092e-02
0.08757	4.58279e-02
0.08624	4.47967e-02
0.08495	4.38545e-02
0.08371	4.30195e-02
0.08255	4.22896e-02
0.08148	4.16390e-02
0.08056	4.10179e-02
0.07984	4.03620e-02
0.07936	3.96068e-02
0.07917	3.87078e-02
0.07926	3.76744e-02
0.07959	3.65916e-02
0.08011	3.55927e-02
0.08077	3.48125e-02
0.08153	3.43603e-02
0.08237	3.43092e-02
0.08327	3.46901e-02
0.08423	3.54850e-02
0.08528	3.66083e-02
0.08649	3.78511e-02
0.08803	3.88067e-02
0.09001	3.91870e-02
0.09228	3.92764e-02
0.09467	3.94254e-02
0.09710	3.97930e-02
0.09953	4.04349e-02
0.10194	4.13619e-02
0.10432	4.25631e-02
0.10666	4.40159e-02
0.10896	4.56918e-02
0.11121	4.75599e-02
0.11340	4.95892e-02
0.11553	5.17453e-02
0.11759	5.40046e-02
0.11959	5.63381e-02
0.12167	5.84257e-02
0.12397	5.99837e-02
0.12620	6.15807e-02
0.12836	6.32151e-02
0.13045	6.48750e-02
0.13246	6.65489e-02
0.13440	6.82260e-02
0.13627	6.98966e-02
0.13806	7.15522e-02
0.13977	7.31850e-02
0.14141	7.47884e-02
0.14297	7.63533e-02
0.14446	7.78776e-02
0.14587	7.93571e-02
0.14720	8.07884e-02
0.14846	8.21689e-02
0.14965	8.34962e-02
0.15076	8.47687e-02
0.15179	8.59852e-02
0.15275	8.71445e-02
0.15363	8.82461e-02
0.15444	8.92892e-02
0.15518	9.02735e-02
0.15585	9.11985e-02
0.15644	9.20639e-02
0.15696	9.28694e-02
0.15742	9.36144e-02
0.15782	9.43195e-02
0.15815	9.49630e-02
0.15841	9.55495e-02
0.15862	9.60720e-02
0.15877	9.65287e-02
0.15886	9.69177e-02
0.15891	9.72361e-02
0.15890	9.74806e-02
0.15885	9.76474e-02
0.15876	9.77321e-02
0.15863	9.77294e-02
0.15847	9.76357e-02
0.15828	9.74471e-02
0.15807	9.71610e-02
0.15784	9.67762e-02
0.15759	9.62942e-02
0.15731	9.57180e-02
0.15701	9.50532e-02
0.15668	9.43064e-02
0.15632	9.34853e-02
0.15593	9.25982e-02
0.15550	9.16530e-02
0.15503	9.06575e-02
0.15452	8.96190e-02
0.15396	8.85443e-02
0.15335	8.74396e-02
0.15269	8.63105e-02
0.15198	8.51621e-02
0.15122	8.39994e-02
0.15041	8.28265e-02
0.14955	8.16475e-02
0.14864	8.04661e-02
0.14765	7.93069e-02
0.14660	7.81505e-02
0.14551	7.69994e-02
0.14437	7.58556e-02
0.14321	7.47062e-02
0.14200	7.35645e-02
0.14075	7.24308e-02
0.13946	7.13049e-02
0.13812	7.01854e-02
0.13676	6.90702e-02
0.13536	6.79561e-02
0.13393	6.68387e-02
0.13249	6.57125e-02
0.13103	6.45711e-02
0.12956	6.34075e-02
0.12809	6.22147e-02
0.12662	6.09858e-02
0.12516	5.97152e-02
0.12372	5.83987e-02
0.12229	5.70341e-02
0.12088	5.56211e-02
0.11950	5.41618e-02
0.11813	5.26603e-02
0.11679	5.11229e-02
0.11547	4.95584e-02
0.11416	4.79775e-02
0.11287	4.63937e-02
0.11159	4.48219e-02
0.11031	4.32795e-02
0.10904	4.17847e-02
0.10777	4.03572e-02
0.10650	3.90170e-02
0.10522	3.77845e-02
0.10392	3.66793e-02
0.10262	3.57202e-02
0.10131	3.49237e-02
0.09998	3.43035e-02
0.09863	3.38691e-02
0.09729	3.36018e-02
0.09594	3.35233e-02
0.09458	3.36254e-02
0.09322	3.38924e-02
0.09187	3.42996e-02
0.09053	3.48116e-02
0.08922	3.53778e-02
0.08798	3.59293e-02
0.08683	3.63860e-02
0.08581	3.66933e-02
0.08491	3.68636e-02
0.08411	3.69581e-02
0.08339	3.70371e-02
0.08273	3.71394e-02
0.08210	3.72787e-02
0.08152	3.74681e-02
0.08099	3.77052e-02
0.08049	3.79810e-02
0.08005	3.82818e-02
0.07966	3.85931e-02
0.07933	3.89031e-02
0.07905	3.92070e-02
0.07883	3.95069e-02
0.07866	3.98084e-02
0.07854	4.01135e-02
0.07847	4.04136e-02
0.07845	4.06867e-02
0.07850	4.09068e-02
0.07863	4.10694e-02
0.07880	4.12093e-02
0.07898	4.13968e-02
0.07914	4.16663e-02
0.07927	4.20535e-02
0.07936	4.25691e-02
0.07940	4.32152e-02
0.07940	4.39850e-02
0.07935	4.48654e-02
0.07926	4.58381e-02
0.07913	4.68800e-02
0.07899	4.79631e-02
0.07884	4.90531e-02
0.07871	5.01098e-02
0.07863	5.10850e-02
0.07865	5.19237e-02
0.07880	5.25761e-02
0.07910	5.30195e-02
0.07954	5.32648e-02
0.08011	5.33398e-02
0.08078	5.32761e-02
0.08154	5.31055e-02
0.08236	5.28531e-02
0.08324	5.25307e-02
0.08418	5.21332e-02
0.08520	5.16384e-02
0.08631	5.10138e-02
0.08752	5.02293e-02
0.08885	4.92719e-02
0.09026	4.81505e-02
0.09176	4.68890e-02
0.09331	4.55148e-02
0.09490	4.40531e-02
0.09651	4.25252e-02
0.09814	4.09477e-02
0.09978	3.93377e-02
0.10142	3.77098e-02
0.10305	3.60789e-02
0.10463	3.45070e-02
0.10620	3.29697e-02
0.10774	3.14875e-02
0.10927	3.00831e-02
0.11076	2.87823e-02
0.11222	2.76133e-02
0.11364	2.66063e-02
0.11502	2.57920e-02
0.11636	2.51993e-02
0.11765	2.48530e-02
0.11889	2.47707e-02
0.12008	2.49602e-02
0.12121	2.54189e-02
0.12229	2.61342e-02
0.12331	2.70856e-02
0.12426	2.82474e-02
0.12516	2.95916e-02
0.12600	3.10897e-02
0.12678	3.27149e-02
0.12749	3.44420e-02
0.12815	3.62488e-02
0.12874	3.81150e-02
0.12927	4.00231e-02
0.12974	4.19572e-02
0.13015	4.39033e-02
0.13050	4.58489e-02
0.13080	4.77828e-02
0.13103	4.96947e-02
0.13122	5.15753e-02
0.13135	5.34159e-02
0.13142	5.52086e-02
0.13145	5.69460e-02
0.13143	5.86209e-02
0.13136	6.02268e-02
0.13123	6.17519e-02
0.13106	6.31944e-02
0.13086	6.45481e-02
0.13061	6.58067e-02
0.13033	6.69635e-02
0.13003	6.80118e-02
0.12969	6.89446e-02
0.12934	6.97552e-02
0.12897	7.04375e-02
0.12859	7.09865e-02
0.12819	7.14000e-02
0.12779	7.16783e-02
0.12737	7.18257e-02
0.12693	7.18493e-02
0.12646	7.17428e-02
0.12596	7.15342e-02
0.12543	7.12354e-02
0.12486	7.08582e-02
0.12424	7.04136e-02
0.12358	6.99117e-02
0.12287	6.93618e-02
0.12210	6.87726e-02
0.12127	6.81520e-02
0.12039	6.75074e-02
0.11944	6.68458e-02
0.11844	6.61740e-02
0.11737	6.54984e-02
0.11625	6.48253e-02
0.11506	6.41603e-02
0.11382	6.35082e-02
0.11251	6.28681e-02
0.11115	6.22394e-02
0.10976	6.16008e-02
0.10839	6.08625e-02
0.10715	5.98439e-02
0.10602	5.85843e-02
0.10491	5.72440e-02
0.10378	5.59169e-02
0.10261	5.46506e-02
0.10139	5.34710e-02
0.10010	5.23939e-02
0.09876	5.14324e-02
0.09737	5.05972e-02
0.09593	4.98970e-02
0.09443	4.93382e-02
0.09290	4.89237e-02
0.09132	4.86524e-02
0.08970	4.85163e-02
0.08806	4.84933e-02
0.08644	4.85258e-02
0.08493	4.84462e-02
0.08374	4.78921e-02
0.08293	4.67997e-02
0.08227	4.55443e-02
0.08164	4.43436e-02
0.08100	4.32793e-02
0.08034	4.23884e-02
0.07966	4.16906e-02
0.07894	4.11966e-02
0.07820	4.09100e-02
0.07742	4.08280e-02
0.07662	4.09414e-02
0.07580	4.12357e-02
0.07496	4.16868e-02
0.07413	4.22634e-02
0.07331	4.29240e-02
0.07253	4.36024e-02
0.07184	4.42504e-02
0.07128	4.47949e-02
0.07091	4.51621e-02
0.07074	4.53192e-02
0.07076	4.53183e-02
0.07089	4.52556e-02
0.07108	4.52032e-02
0.07134	4.51799e-02
0.07168	4.51279e-02
0.07219	4.49132e-02
0.07288	4.45157e-02
0.07366	4.40820e-02
0.07445	4.37215e-02
0.07523	4.34827e-02
0.07598	4.33856e-02
0.07671	4.34368e-02
0.07742	4.36345e-02
0.07810	4.39708e-02
0.07878	4.44316e-02
0.07945	4.49964e-02
0.08013	4.56380e-02
0.08084	4.63212e-02
0.08159	4.70046e-02
0.08242	4.76469e-02
0.08333	4.82198e-02
0.08432	4.87194e-02
0.08539	4.91637e-02
0.08650	4.95796e-02
0.08765	4.99910e-02
0.08881	5.04146e-02
0.08999	5.08587e-02
0.09117	5.13222e-02
0.09237	5.17662e-02
0.09389	5.16327e-02
0.09582	5.07264e-02
0.09775	4.97296e-02
0.09966	4.87135e-02
0.10152	4.76911e-02
0.10334	4.66695e-02
0.10510	4.56554e-02
0.10681	4.46557e-02
0.10846	4.36781e-02
0.11004	4.27310e-02
0.11154	4.18236e-02
0.11298	4.09657e-02
0.11433	4.01675e-02
0.11560	3.94395e-02
0.11678	3.87958e-02
0.11787	3.82418e-02
0.11887	3.77870e-02
0.11977	3.74401e-02
0.12056	3.72085e-02
0.12126	3.70981e-02
0.12184	3.71127e-02
0.12232	3.72545e-02
0.12269	3.75235e-02
0.12294	3.79177e-02
0.12309	3.84333e-02
0.12312	3.90651e-02
0.12304	3.98063e-02
0.12285	4.06495e-02
0.12254	4.15865e-02
0.12212	4.26086e-02
0.12160	4.37054e-02
0.12097	4.48700e-02
0.12022	4.60912e-02
0.11937	4.73648e-02
0.11842	4.86829e-02
0.11737	5.00380e-02
0.11623	5.14232e-02
0.11500	5.28317e-02
0.11368	5.42571e-02
0.11228	5.56933e-02
0.11080	5.71383e-02
0.10925	5.85835e-02
0.10764	6.00227e-02
0.10597	6.14497e-02
0.10425	6.28576e-02
0.10249	6.42386e-02
0.10071	6.55834e-02
0.09893	6.68798e-02
0.09715	6.81108e-02
0.09541	6.92500e-02
0.09377	7.02531e-02
0.09228	7.10437e-02
0.09107	7.15066e-02
0.09024	7.15382e-02
0.08981	7.11344e-02
0.08973	7.03728e-02
0.08991	6.93444e-02
0.09030	6.81304e-02
0.09110	6.64438e-02
0.09224	6.43418e-02
0.09345	6.21693e-02
0.09471	5.99569e-02
0.09601	5.77429e-02
0.09733	5.55386e-02
0.09864	5.33673e-02
0.09995	5.12526e-02
0.10126	4.91986e-02
0.10254	4.72502e-02
0.10379	4.54342e-02
0.10500	4.37777e-02
0.10617	4.23082e-02
0.10729	4.10522e-02
0.10836	4.00337e-02
0.10937	3.92730e-02
0.11031	3.87844e-02
0.11120	3.85751e-02
0.11202	3.86442e-02
0.11277	3.89827e-02
0.11346	3.95741e-02
0.11407	4.03960e-02
0.11462	4.14220e-02
0.11510	4.26234e-02
0.11550	4.39709e-02
0.11584	4.54357e-02
0.11611	4.69906e-02
0.11631	4.86101e-02
0.11644	5.02711e-02
0.11651	5.19525e-02
0.11652	5.36355e-02
0.11647	5.53031e-02
0.11636	5.69401e-02
0.11619	5.85331e-02
0.11597	6.00699e-02
0.11570	6.15399e-02
0.11539	6.29337e-02
0.11503	6.42432e-02
0.11463	6.54616e-02
0.11420	6.65833e-02
0.11373	6.76041e-02
0.11323	6.85213e-02
0.11272	6.93272e-02
0.11218	7.00265e-02
0.11162	7.06209e-02
0.11103	7.11132e-02
0.11042	7.15072e-02
0.10978	7.18073e-02
0.10911	7.20181e-02
0.10841	7.21434e-02
0.10769	7.21836e-02
0.10696	7.21281e-02
0.10623	7.19467e-02
0.10550	7.16533e-02
0.10473	7.13042e-02
0.10392	7.09251e-02
0.10306	7.05244e-02
0.10214	7.01059e-02
0.10118	6.96711e-02
0.10017	6.92204e-02
0.09913	6.87531e-02
0.09804	6.82679e-02
0.09693	6.77623e-02
0.09580	6.72326e-02
0.09466	6.66741e-02
0.09352	6.60789e-02
0.09239	6.54351e-02
0.09130	6.47222e-02
0.09027	6.39086e-02
0.08935	6.29545e-02
0.08855	6.18307e-02
0.08789	6.05445e-02
0.08732	5.91237e-02
0.08683	5.76335e-02
0.08638	5.61260e-02
0.08597	5.46205e-02
0.08560	5.31418e-02
0.08526	5.17096e-02
0.08495	5.03405e-02
0.08468	4.90493e-02
0.08444	4.78509e-02
0.08423	4.67612e-02
0.08405	4.57994e-02
0.08391	4.49854e-02
0.08379	4.43363e-02
0.08370	4.38631e-02
0.08365	4.35659e-02
0.08364	4.34265e-02
0.08370	4.33987e-02
0.08387	4.33986e-02
0.08421	4.33131e-02
0.08475	4.30550e-02
0.08549	4.26312e-02
0.08636	4.21260e-02
0.08732	4.16323e-02
0.08832	4.12157e-02
0.08934	4.09141e-02
0.09037	4.07451e-02
0.09139	4.07117e-02
0.09240	4.08059e-02
0.09340	4.10111e-02
0.09439	4.13038e-02
0.09537	4.16546e-02
0.09635	4.20302e-02
0.09733	4.24004e-02
0.09831	4.27305e-02
0.09931	4.29980e-02
0.10031	4.31935e-02
0.10131	4.33246e-02
0.10230	4.34030e-02
0.10326	4.34494e-02
0.10418	4.34845e-02
0.10503	4.35272e-02
0.10583	4.35928e-02
0.10655	4.36932e-02
0.10719	4.38376e-02
0.10776	4.40327e-02
0.10824	4.42832e-02
0.10863	4.45926e-02
0.10894	4.49627e-02
0.10916	4.53946e-02
0.10930	4.58883e-02
0.10935	4.64432e-02
0.10932	4.70580e-02
0.10921	4.77307e-02
0.10901	4.84591e-02
0.10873	4.92404e-02
0.10837	5.00712e-02
0.10793	5.09483e-02
0.10742	5.18677e-02
0.10683	5.28255e-02
0.10617	5.38173e-02
0.10543	5.48387e-02
0.10462	5.58848e-02
0.10374	5.69506e-02
0.10280	5.80306e-02
0.10179	5.91190e-02
0.10073	6.02092e-02
0.09961	6.12938e-02
0.09844	6.23640e-02
0.09724	6.34096e-02
0.09600	6.44184e-02
0.09475	6.53790e-02
0.09350	6.62703e-02
0.09226	6.70754e-02
0.09106	6.77799e-02
0.08990	6.83759e-02
0.08880	6.88652e-02
0.08775	6.92596e-02
0.08674	6.95780e-02
0.08576	6.98411e-02
0.08481	7.00599e-02
0.08436	6.96856e-02
0.08408	6.91041e-02
0.08381	6.85339e-02
0.08354	6.79841e-02
0.08327	6.74588e-02
0.08301	6.69625e-02
0.08274	6.64976e-02
0.08249	6.60651e-02
0.08224	6.56649e-02
0.08201	6.52963e-02
0.08179	6.49573e-02
0.08160	6.46458e-02
0.08143	6.43592e-02
0.08128	6.40955e-02
0.08117	6.38531e-02
0.08109	6.36311e-02
0.08104	6.34280e-02
0.08103	6.32392e-02
0.08106	6.30528e-02
0.08116	6.28452e-02
0.08133	6.25877e-02
0.08160	6.22700e-02
0.08193	6.19147e-02
0.08230	6.15609e-02
0.08268	6.12354e-02
0.08305	6.09452e-02
0.08346	6.06573e-02
0.08390	6.03465e-02
0.08432	6.00876e-02
0.08469	5.99226e-02
0.08500	5.98601e-02
0.08525	5.99000e-02
0.08544	6.00374e-02
0.08557	6.02647e-02
0.08564	6.05712e-02
0.08565	6.09435e-02
0.08563	6.13658e-02
0.08556	6.18203e-02
0.08547	6.22887e-02
0.08536	6.27538e-02
0.08524	6.32019e-02
0.08522	6.34860e-02
0.08532	6.35778e-02
0.08543	6.36158e-02
0.08555	6.36063e-02
0.08567	6.35543e-02
0.08580	6.34627e-02
0.08593	6.33317e-02
0.08606	6.31588e-02
0.08621	6.29387e-02
0.08637	6.26637e-02
0.08656	6.23248e-02
0.08679	6.19136e-02
0.08706	6.14167e-02
0.08739	6.08208e-02
0.08780	6.01081e-02
0.08828	5.92610e-02
0.08886	5.82518e-02
0.08955	5.70678e-02
0.09033	5.57152e-02
0.09119	5.42192e-02
0.09209	5.26143e-02
0.09302	5.09358e-02
0.09396	4.92144e-02
0.09488	4.74761e-02
0.09579	4.57427e-02
0.09667	4.40331e-02
0.09752	4.23592e-02
0.09834	4.07393e-02
0.09912	3.91868e-02
0.09986	3.77141e-02
0.10056	3.63320e-02
0.10122	3.50501e-02
0.10184	3.38766e-02
0.10242	3.28174e-02
0.10295	3.18766e-02
0.10344	3.10558e-02
0.10389	3.03540e-02
0.10429	2.97679e-02
0.10465	2.92916e-02
0.10497	2.89173e-02
0.10524	2.86353e-02
0.10548	2.84350e-02
0.10567	2.83050e-02
0.10581	2.82339e-02
0.10592	2.82107e-02
0.10598	2.82252e-02
0.10599	2.82683e-02
0.10596	2.83324e-02
0.10588	2.84113e-02
0.10577	2.84960e-02
0.10562	2.85914e-02
0.10541	2.86964e-02
0.10516	2.88112e-02
0.10486	2.89376e-02
0.10450	2.90787e-02
0.10410	2.92390e-02
0.10364	2.94238e-02
0.10313	2.96395e-02
0.10257	2.98931e-02
0.10195	3.01920e-02
0.10129	3.05435e-02
0.10057	3.09546e-02
0.09980	3.14316e-02
0.09898	3.19797e-02
0.09812	3.26026e-02
0.09721	3.33020e-02
0.09627	3.40777e-02
0.09530	3.49270e-02
0.09430	3.58449e-02
0.09328	3.68236e-02
0.09226	3.78527e-02
0.09124	3.89192e-02
0.09024	4.00077e-02
0.08927	4.11007e-02
0.08835	4.21772e-02
0.08752	4.32068e-02
0.08679	4.41296e-02
0.08628	4.48046e-02
0.08609	4.50182e-02
0.08625	4.47780e-02
0.08662	4.43423e-02
0.08711	4.38871e-02
0.08767	4.34960e-02
0.08830	4.32127e-02
0.08897	4.30627e-02
0.08969	4.30624e-02
0.09045	4.32214e-02
0.09124	4.35450e-02
0.09206	4.40342e-02
0.09291	4.46849e-02
0.09378	4.54942e-02
0.09468	4.64546e-02
0.09559	4.75562e-02
0.09652	4.87869e-02
0.09746	5.01332e-02
0.09841	5.15793e-02
0.09937	5.31083e-02
0.10034	5.47013e-02
0.10133	5.63381e-02
0.10233	5.79970e-02
0.10335	5.96550e-02
0.10439	6.12884e-02
0.10547	6.28726e-02
0.10658	6.43784e-02
0.10776	6.57551e-02
0.10909	6.68722e-02
0.11066	6.75351e-02
0.11243	6.78223e-02
0.11426	6.79289e-02
0.11609	6.79425e-02
0.11789	6.78978e-02
0.11965	6.78043e-02
0.12135	6.76810e-02
0.12299	6.75349e-02
0.12455	6.73710e-02
0.12603	6.71931e-02
0.12742	6.70044e-02
0.12871	6.68071e-02
0.12992	6.66033e-02
0.13102	6.63950e-02
0.13202	6.61838e-02
0.13292	6.59714e-02
0.13371	6.57594e-02
0.13439	6.55496e-02
0.13496	6.53436e-02
0.13542	6.51434e-02
0.13577	6.49514e-02
0.13601	6.47695e-02
0.13614	6.45999e-02
0.13617	6.44450e-02
0.13608	6.43074e-02
0.13588	6.41898e-02
0.13558	6.40949e-02
0.13517	6.40257e-02
0.13466	6.39849e-02
0.13405	6.39753e-02
0.13333	6.39998e-02
0.13253	6.40610e-02
0.13163	6.41612e-02
0.13064	6.43028e-02
0.12956	6.44876e-02
0.12841	6.47171e-02
0.12717	6.49924e-02
0.12586	6.53142e-02
0.12449	6.56823e-02
0.12305	6.60959e-02
0.12155	6.65533e-02
0.12001	6.70513e-02
0.11842	6.75849e-02
0.11686	6.82182e-02
0.11528	6.88596e-02
0.11372	6.94650e-02
0.11226	6.99051e-02
0.11110	6.99197e-02
0.11022	6.95245e-02
0.10948	6.89789e-02
0.10881	6.83972e-02
0.10819	6.78109e-02
0.10763	6.72276e-02
0.10713	6.66475e-02
0.10669	6.60695e-02
0.10631	6.54941e-02
0.10601	6.49247e-02
0.10576	6.43676e-02
0.10558	6.38319e-02
0.10545	6.33282e-02
0.10537	6.28664e-02
0.10533	6.24553e-02
0.10534	6.21002e-02
0.10538	6.18034e-02
0.10545	6.15631e-02
0.10556	6.13752e-02
0.10570	6.12351e-02
0.10587	6.11412e-02
0.10607	6.10966e-02
0.10628	6.11095e-02
0.10650	6.11915e-02
0.10671	6.13541e-02
0.10689	6.16067e-02
0.10705	6.19491e-02
0.10717	6.23915e-02
0.10724	6.29310e-02
0.10725	6.35639e-02
0.10721	6.42829e-02
0.10712	6.50764e-02
0.10740	6.52127e-02
0.10805	6.47005e-02
0.10863	6.42534e-02
0.10914	6.38702e-02
0.10956	6.35447e-02
0.10991	6.32720e-02
0.11017	6.30452e-02
0.11036	6.28569e-02
0.11047	6.26989e-02
0.11050	6.25629e-02
0.11045	6.24400e-02
0.11033	6.23211e-02
0.11013	6.21963e-02
0.10987	6.20558e-02
0.10953	6.18888e-02
0.10914	6.16841e-02
0.10868	6.14299e-02
0.10818	6.11140e-02
0.10763	6.07246e-02
0.10705	6.02511e-02
0.10643	5.96852e-02
0.10579	5.90224e-02
0.10512	5.82619e-02
0.10442	5.74063e-02
0.10370	5.64606e-02
0.10295	5.54315e-02
0.10217	5.43233e-02
0.10135	5.31469e-02
0.10051	5.19109e-02
0.09964	5.06250e-02
0.09875	4.92996e-02
0.09782	4.79468e-02
0.09687	4.65801e-02
0.09589	4.52149e-02
0.09488	4.38688e-02
0.09385	4.25616e-02
0.09280	4.13153e-02
0.09172	4.01545e-02
0.09061	3.91053e-02
0.08949	3.81956e-02
0.08835	3.74533e-02
0.08719	3.69059e-02
0.08601	3.65770e-02
0.08482	3.64854e-02
0.08363	3.66433e-02
0.08243	3.70536e-02
0.08124	3.77081e-02
0.08007	3.85829e-02
0.07894	3.96285e-02
0.07791	4.07380e-02
0.07711	4.16805e-02
0.07671	4.21746e-02
0.07669	4.23083e-02
0.07735	4.15102e-02
0.07849	4.00853e-02
0.07970	3.88051e-02
0.08093	3.77202e-02
0.08219	3.68593e-02
0.08347	3.62413e-02
0.08476	3.58744e-02
0.08606	3.57570e-02
0.08738	3.58770e-02
0.08871	3.62115e-02
0.09006	3.67277e-02
0.09143	3.73694e-02
0.09282	3.81009e-02
0.09426	3.88686e-02
0.09575	3.96218e-02
0.09730	4.03231e-02
0.09890	4.09576e-02
0.10054	4.15341e-02
0.10222	4.20770e-02
0.10389	4.26146e-02
0.10556	4.31716e-02
0.10719	4.37661e-02
0.10880	4.44088e-02
0.11035	4.51053e-02
0.11186	4.58566e-02
0.11331	4.66618e-02
0.11471	4.75163e-02
0.11604	4.84143e-02
0.11731	4.93495e-02
0.11851	5.03148e-02
0.11964	5.13026e-02
0.12071	5.23055e-02
0.12170	5.33158e-02
0.12262	5.43260e-02
0.12347	5.53287e-02
0.12425	5.63168e-02
0.12495	5.72832e-02
0.12558	5.82214e-02
0.12613	5.91250e-02
0.12660	5.99881e-02
0.12700	6.08049e-02
0.12732	6.15702e-02
0.12757	6.22790e-02
0.12773	6.29276e-02
0.12782	6.35091e-02
0.12784	6.40165e-02
0.12779	6.44383e-02
0.12769	6.47498e-02
0.12757	6.48886e-02
0.12749	6.47282e-02
0.12748	6.42112e-02
0.12748	6.34451e-02
0.12744	6.25451e-02
0.12734	6.15551e-02
0.12716	6.04942e-02
0.12691	5.93728e-02
0.12659	5.81981e-02
0.12620	5.69754e-02
0.12573	5.57096e-02
0.12519	5.44050e-02
0.12458	5.30657e-02
0.12390	5.16956e-02
0.12316	5.02981e-02
0.12236	4.88769e-02
0.12149	4.74352e-02
0.12058	4.59760e-02
0.11961	4.45024e-02
0.11860	4.30173e-02
0.11754	4.15238e-02
0.11645	4.00247e-02
0.11532	3.85235e-02
0.11417	3.70237e-02
0.11299	3.55299e-02
0.11180	3.40441e-02
0.11059	3.25761e-02
0.10937	3.11347e-02
0.10814	2.97314e-02
0.10692	2.83811e-02
0.10570	2.71029e-02
0.10449	2.59210e-02
0.10329	2.48645e-02
0.10209	2.39675e-02
0.10091	2.32672e-02
0.09974	2.28009e-02
0.09858	2.26015e-02
0.09743	2.26923e-02
0.09630	2.30825e-02
0.09518	2.37654e-02
0.09409	2.47170e-02
0.09302	2.59042e-02
0.09197	2.72826e-02
0.09097	2.88012e-02
0.09002	3.04046e-02
0.08914	3.20340e-02
0.08835	3.36302e-02
0.08769	3.51392e-02
0.08717	3.65216e-02
0.08680	3.77617e-02
0.08659	3.88685e-02
0.08654	3.98665e-02
0.08662	4.07836e-02
0.08683	4.16432e-02
0.08715	4.24597e-02
0.08758	4.32329e-02
0.08812	4.39295e-02
0.08879	4.45156e-02
0.08962	4.49368e-02
0.09061	4.51705e-02
0.09173	4.52495e-02
0.09294	4.52375e-02
0.09420	4.51916e-02
0.09550	4.51348e-02
0.09682	4.50921e-02
0.09815	4.50561e-02
0.09950	4.49987e-02
0.10089	4.48721e-02
0.10233	4.46193e-02
0.10383	4.42000e-02
0.10538	4.36149e-02
0.10695	4.28995e-02
0.10853	4.20995e-02
0.11008	4.12551e-02
0.11160	4.03991e-02
0.11307	3.95587e-02
0.11448	3.87583e-02
0.11583	3.80053e-02
0.11712	3.73446e-02
0.11832	3.67978e-02
0.11945	3.63860e-02
0.12049	3.61291e-02
0.12145	3.60452e-02
0.12233	3.61493e-02
0.12312	3.64526e-02
0.12382	3.69620e-02
0.12443	3.76793e-02
0.12495	3.86017e-02
0.12539	3.97221e-02
0.12575	4.10297e-02
0.12602	4.25109e-02
0.12621	4.41499e-02
0.12633	4.59292e-02
0.12637	4.78305e-02
0.12634	4.98341e-02
0.12625	5.19151e-02
0.12610	5.40545e-02
0.12591	5.62237e-02
0.12570	5.83831e-02
0.12550	6.04673e-02
0.12537	6.23494e-02
0.12545	6.38026e-02
0.12583	6.46582e-02
0.12647	6.50309e-02
0.12729	6.50731e-02
0.12826	6.48450e-02
0.12935	6.43825e-02
0.13054	6.37326e-02
0.13180	6.29463e-02
0.13309	6.20663e-02
0.13442	6.11228e-02
0.13575	6.01362e-02
0.13709	5.91203e-02
0.13843	5.80851e-02
0.13975	5.70391e-02
0.14107	5.59897e-02
0.14237	5.49448e-02
0.14365	5.39120e-02
0.14490	5.28995e-02
0.14613	5.19154e-02
0.14732	5.09678e-02
0.14846	5.00644e-02
0.14957	4.92123e-02
0.15063	4.84179e-02
0.15164	4.76867e-02
0.15260	4.70221e-02
0.15350	4.64280e-02
0.15434	4.59061e-02
0.15512	4.54572e-02
0.15584	4.50807e-02
0.15650	4.47747e-02
0.15709	4.45363e-02
0.15761	4.43615e-02
0.15806	4.42455e-02
0.15844	4.41830e-02
0.15875	4.41681e-02
0.15900	4.41944e-02
0.15916	4.42556e-02
0.15926	4.43455e-02
0.15927	4.44580e-02
0.15921	4.45975e-02
0.15907	4.47489e-02
0.15884	4.49072e-02
0.15854	4.50681e-02
0.15816	4.52278e-02
0.15770	4.53831e-02
0.15715	4.55317e-02
0.15652	4.56716e-02
0.15580	4.58017e-02
0.15499	4.59212e-02
0.15410	4.60301e-02
0.15311	4.61286e-02
0.15204	4.62176e-02
0.15088	4.62983e-02
0.14963	4.63722e-02
0.14828	4.64411e-02
0.14684	4.65072e-02
0.14532	4.65732e-02
0.14370	4.66417e-02
0.14200	4.67153e-02
0.14023	4.67969e-02
0.13837	4.68893e-02
0.13644	4.69950e-02
0.13442	4.71025e-02
0.13234	4.72274e-02
0.13019	4.73717e-02
0.12799	4.75376e-02
0.12573	4.77267e-02
0.12343	4.79403e-02
0.12109	4.81796e-02
0.11871	4.84452e-02
0.11630	4.87380e-02
0.11386	4.90583e-02
0.11140	4.94065e-02
0.10893	4.97826e-02
0.10644	5.01867e-02
0.10395	5.06180e-02
0.10146	5.10666e-02
0.09898	5.15377e-02
0.09651	5.20274e-02
0.09406	5.25287e-02
0.09164	5.30305e-02
0.08927	5.35158e-02
0.08697	5.39608e-02
0.08477	5.43347e-02
0.08271	5.45982e-02
0.08127	5.40381e-02
0.08056	5.25391e-02
0.07999	5.09883e-02
0.07951	4.94513e-02
0.07910	4.79800e-02
0.07874	4.66188e-02
0.07841	4.54043e-02
0.07811	4.43659e-02
0.07782	4.35267e-02
0.07757	4.29055e-02
0.07732	4.25103e-02
0.07710	4.23438e-02
0.07689	4.23975e-02
0.07672	4.26320e-02
0.07669	4.28381e-02
0.07697	4.27332e-02
0.07736	4.26528e-02
0.07776	4.27366e-02
0.07817	4.29972e-02
0.07859	4.34232e-02
0.07903	4.39914e-02
0.07948	4.46649e-02
0.07999	4.53841e-02
0.08059	4.60507e-02
0.08134	4.65392e-02
0.08227	4.68010e-02
0.08332	4.69209e-02
0.08441	4.70036e-02
0.08551	4.71082e-02
0.08659	4.72598e-02
0.08764	4.74673e-02
0.08865	4.77321e-02
0.08961	4.80535e-02
0.09052	4.84300e-02
0.09137	4.88600e-02
0.09216	4.93418e-02
0.09288	4.98733e-02
0.09353	5.04520e-02
0.09410	5.10743e-02
0.09458	5.17424e-02
0.09499	5.24434e-02
0.09531	5.31700e-02
0.09555	5.39130e-02
0.09573	5.46602e-02
0.09583	5.53941e-02
0.09589	5.60889e-02
0.09592	5.67054e-02
0.09595	5.71911e-02
0.09602	5.74980e-02
0.09613	5.76185e-02
0.09627	5.75885e-02
0.09641	5.74534e-02
0.09654	5.72477e-02
0.09663	5.69945e-02
0.09669	5.67189e-02
0.09670	5.64280e-02
0.09668	5.61356e-02
0.09661	5.58555e-02
0.09650	5.56014e-02
0.09634	5.53867e-02
0.09613	5.52237e-02
0.09587	5.51234e-02
0.09556	5.50952e-02
0.09521	5.51462e-02
0.09481	5.52819e-02
0.09437	5.55055e-02
0.09390	5.58179e-02
0.09339	5.62176e-02
0.09286	5.66972e-02
0.09234	5.72173e-02
0.09223	5.71387e-02
0.09278	5.60653e-02
0.09339	5.49441e-02
0.09401	5.38583e-02
0.09465	5.28197e-02
0.09530	5.18313e-02
0.09598	5.08904e-02
0.09671	4.99640e-02
0.09748	4.90618e-02
0.09831	4.81638e-02
0.09919	4.72551e-02
0.10014	4.63364e-02
0.10112	4.54280e-02
0.10214	4.45613e-02
0.10317	4.37663e-02
0.10421	4.30633e-02
0.10525	4.24581e-02
0.10631	4.19410e-02
0.10737	4.14881e-02
0.10847	4.10660e-02
0.10959	4.06421e-02
0.11075	4.01945e-02
0.11194	3.97273e-02
0.11314	3.92641e-02
0.11435	3.88418e-02
0.11553	3.85009e-02
0.11668	3.82777e-02
0.11779	3.81998e-02
0.11885	3.82849e-02
0.11984	3.85408e-02
0.12077	3.89660e-02
0.12163	3.95510e-02
0.12243	4.02801e-02
0.12317	4.11326e-02
0.12384	4.20843e-02
0.12445	4.31087e-02
0.12500	4.41784e-02
0.12551	4.52652e-02
0.12598	4.63415e-02
0.12641	4.73804e-02
0.12682	4.83579e-02
0.12721	4.92534e-02
0.12758	5.00509e-02
0.12795	5.07407e-02
0.12830	5.13198e-02
0.12865	5.17915e-02
0.12898	5.21643e-02
0.12930	5.24496e-02
0.12959	5.26611e-02
0.12985	5.28121e-02
0.13009	5.29153e-02
0.13029	5.29819e-02
0.13044	5.30219e-02
0.13056	5.30435e-02
0.13063	5.30536e-02
0.13065	5.30579e-02
0.13063	5.30609e-02
0.13056	5.30661e-02
0.13045	5.30761e-02
0.13028	5.30924e-02
0.13007	5.31158e-02
0.12981	5.31465e-02
0.12950	5.31835e-02
0.12915	5.32254e-02
0.12875	5.32698e-02
0.12831	5.33139e-02
0.12783	5.33539e-02
0.12732	5.33858e-02
0.12676	5.34050e-02
0.12617	5.34066e-02
0.12555	5.33858e-02
0.12490	5.33381e-02
0.12422	5.32596e-02
0.12352	5.31472e-02
0.12279	5.29985e-02
0.12205	5.28118e-02
0.12128	5.25855e-02
0.12049	5.23179e-02
0.11968	5.20062e-02
0.11885	5.16467e-02
0.11802	5.12339e-02
0.11717	5.07621e-02
0.11632	5.02258e-02
0.11546	4.96220e-02
0.11460	4.89494e-02
0.11373	4.82152e-02
0.11286	4.74278e-02
0.11197	4.65981e-02
0.11107	4.57372e-02
0.11015	4.48553e-02
0.10921	4.39611e-02
0.10825	4.30611e-02
0.10727	4.21601e-02
0.10627	4.12612e-02
0.10525	4.03666e-02
0.10422	3.94776e-02
0.10318	3.85957e-02
0.10212	3.77226e-02
0.10106	3.68611e-02
0.09999	3.60148e-02
0.09893	3.51840e-02
0.09787	3.43765e-02
0.09680	3.35972e-02
0.09574	3.28502e-02
0.09469	3.21379e-02
0.09364	3.14597e-02
0.09261	3.08114e-02
0.09160	3.01752e-02
0.09061	2.95426e-02
0.08966	2.88918e-02
0.08876	2.81956e-02
0.08793	2.74243e-02
0.08716	2.65512e-02
0.08648	2.55598e-02
0.08587	2.44492e-02
0.08533	2.32351e-02
0.08485	2.19479e-02
0.08442	2.06278e-02
0.08403	1.93219e-02
0.08366	1.80824e-02
0.08332	1.69666e-02
0.08300	1.60377e-02
0.08268	1.53536e-02
0.08238	1.49709e-02
0.08208	1.49305e-02
0.08178	1.52477e-02
0.08149	1.59097e-02
0.08120	1.68808e-02
0.08091	1.81131e-02
0.08062	1.95557e-02
0.08033	2.11613e-02
0.08006	2.28879e-02
0.07979	2.46984e-02
0.07955	2.65582e-02
0.07932	2.84317e-02
0.07914	3.02765e-02
0.07903	3.20347e-02
0.07902	3.36254e-02
0.07916	3.49586e-02
0.07949	3.59884e-02
0.07997	3.67889e-02
0.08056	3.74627e-02
0.08123	3.80863e-02
0.08195	3.87017e-02
0.08269	3.93292e-02
0.08347	3.99788e-02
0.08426	4.06557e-02
0.08506	4.13518e-02
0.08587	4.20760e-02
0.08668	4.28252e-02
0.08749	4.35916e-02
0.08830	4.43629e-02
0.08911	4.51216e-02
0.08992	4.58463e-02
0.09075	4.65151e-02
0.09160	4.71121e-02
0.09246	4.76327e-02
0.09333	4.80852e-02
0.09419	4.84869e-02
0.09503	4.88578e-02
0.09584	4.92153e-02
0.09660	4.95730e-02
0.09731	4.99399e-02
0.09797	5.03206e-02
0.09856	5.07164e-02
0.09910	5.11249e-02
0.09958	5.15399e-02
0.10000	5.19513e-02
0.10038	5.23449e-02
0.10072	5.27029e-02
0.10104	5.30081e-02
0.10133	5.32503e-02
0.10161	5.34314e-02
0.10186	5.35645e-02
0.10207	5.36680e-02
0.10225	5.37597e-02
0.10239	5.38543e-02
0.10247	5.39632e-02
0.10251	5.40945e-02
0.10251	5.42543e-02
0.10246	5.44466e-02
0.10237	5.46740e-02
0.10225	5.49376e-02
0.10209	5.52374e-02
0.10191	5.55715e-02
0.10171	5.59373e-02
0.10149	5.63300e-02
0.10128	5.67435e-02
0.10106	5.71703e-02
0.10087	5.76015e-02
0.10069	5.80278e-02
0.10056	5.84401e-02
0.10047	5.88312e-02
0.10043	5.91959e-02
0.10044	5.95329e-02
0.10052	5.98441e-02
0.10066	6.01340e-02
0.10085	6.04088e-02
0.10110	6.06752e-02
0.10141	6.09393e-02
0.10174	6.12214e-02
0.10213	6.15091e-02
0.10257	6.18042e-02
0.10306	6.21078e-02
0.10360	6.24206e-02
0.10419	6.27436e-02
0.10482	6.30784e-02
0.10549	6.34094e-02
0.10618	6.37588e-02
0.10691	6.41305e-02
0.10767	6.45282e-02
0.10844	6.49544e-02
0.10923	6.54093e-02
0.11004	6.58885e-02
0.11087	6.63796e-02
0.11174	6.68573e-02
0.11265	6.72767e-02
0.11366	6.75703e-02
0.11480	6.76673e-02
0.11607	6.75376e-02
0.11746	6.72116e-02
0.11891	6.67489e-02
0.12040	6.62002e-02
0.12189	6.56019e-02
0.12337	6.49782e-02
0.12481	6.43454e-02
0.12623	6.37152e-02
0.12759	6.30964e-02
0.12891	6.24960e-02
0.13017	6.19202e-02
0.13136	6.13742e-02
0.13250	6.08628e-02
0.13356	6.03905e-02
0.13455	5.99611e-02
0.13545	5.95784e-02
0.13628	5.92454e-02
0.13702	5.89650e-02
0.13768	5.87393e-02
0.13824	5.85700e-02
0.13870	5.84638e-02
0.13906	5.84170e-02
0.13932	5.84297e-02
0.13948	5.85014e-02
0.13954	5.86311e-02
0.13950	5.88175e-02
0.13935	5.90586e-02
0.13909	5.93525e-02
0.13874	5.97036e-02
0.13828	6.01032e-02
0.13772	6.05482e-02
0.13705	6.10352e-02
0.13627	6.15606e-02
0.13540	6.21204e-02
0.13442	6.27097e-02
0.13335	6.33229e-02
0.13219	6.39528e-02
0.13095	6.45892e-02
0.12963	6.52179e-02
0.12826	6.58177e-02
0.12685	6.63562e-02
0.12543	6.67851e-02
0.12404	6.70406e-02
0.12274	6.70606e-02
0.12154	6.68210e-02
0.12043	6.63573e-02
0.11938	6.57406e-02
0.11835	6.50409e-02
0.11733	6.43122e-02
0.11630	6.35927e-02
0.11526	6.29077e-02
0.11420	6.22783e-02
0.11311	6.17185e-02
0.11201	6.12381e-02
0.11089	6.08433e-02
0.10976	6.05371e-02
0.10862	6.03189e-02
0.10749	6.01840e-02
0.10638	6.01236e-02
0.10530	6.01241e-02
0.10427	6.01674e-02
0.10330	6.02315e-02
0.10241	6.02929e-02
0.10164	6.03289e-02
0.10098	6.03218e-02
0.10047	6.02518e-02
0.10010	6.01292e-02
0.09985	5.99691e-02
0.09973	5.97966e-02
0.09970	5.96399e-02
0.09975	5.95227e-02
0.09989	5.94591e-02
0.10010	5.94493e-02
0.10038	5.94801e-02
0.10076	5.95282e-02
0.10124	5.95706e-02
0.10182	5.95971e-02
0.10249	5.96174e-02
0.10323	5.96558e-02
0.10402	5.97401e-02
0.10483	5.98936e-02
0.10567	6.01327e-02
0.10650	6.04654e-02
0.10733	6.08940e-02
0.10815	6.14163e-02
0.10896	6.20272e-02
0.10975	6.27198e-02
0.11051	6.34863e-02
0.11123	6.43292e-02
0.11192	6.52337e-02
0.11258	6.61923e-02
0.11320	6.71981e-02
0.11378	6.82446e-02
0.11431	6.93252e-02
0.11480	7.04331e-02
0.11524	7.15606e-02
0.11563	7.26988e-02
0.11598	7.38371e-02
0.11627	7.49624e-02
0.11653	7.60577e-02
0.11675	7.71011e-02
0.11696	7.80642e-02
0.11717	7.89112e-02
0.11741	7.96065e-02
0.11769	8.01200e-02
0.11803	8.04380e-02
0.11843	8.05617e-02
0.11886	8.05011e-02
0.11934	8.02693e-02
0.11983	7.98828e-02
0.12032	7.93619e-02
0.12080	7.87296e-02
0.12126	7.80092e-02
0.12167	7.72220e-02
0.12203	7.63863e-02
0.12233	7.55175e-02
0.12257	7.46283e-02
0.12274	7.37296e-02
0.12284	7.28304e-02
0.12286	7.19388e-02
0.12283	7.10936e-02
0.12273	7.02686e-02
0.12256	6.94696e-02
0.12232	6.87014e-02
0.12202	6.79688e-02
0.12165	6.72759e-02
0.12121	6.66263e-02
0.12072	6.60233e-02
0.12016	6.54815e-02
0.11955	6.49897e-02
0.11888	6.45493e-02
0.11817	6.41607e-02
0.11742	6.38232e-02
0.11663	6.35349e-02
0.11581	6.32921e-02
0.11497	6.30887e-02
0.11412	6.29150e-02
0.11325	6.27564e-02
0.11241	6.25905e-02
0.11159	6.23854e-02
0.11083	6.20998e-02
0.11016	6.16933e-02
0.10959	6.11462e-02
0.10910	6.04731e-02
0.10869	5.97123e-02
0.10833	5.89051e-02
0.10800	5.80837e-02
0.10769	5.72695e-02
0.10740	5.64754e-02
0.10712	5.57085e-02
0.10685	5.49793e-02
0.10659	5.42818e-02
0.10635	5.36152e-02
0.10611	5.29786e-02
0.10589	5.23712e-02
0.10568	5.17929e-02
0.10548	5.12449e-02
0.10529	5.07297e-02
0.10510	5.02506e-02
0.10492	4.98121e-02
0.10474	4.94192e-02
0.10456	4.90767e-02
0.10438	4.87892e-02
0.10420	4.85610e-02
0.10400	4.83950e-02
0.10380	4.82926e-02
0.10359	4.82560e-02
0.10338	4.82849e-02
0.10315	4.83777e-02
0.10292	4.85312e-02
0.10269	4.87412e-02
0.10245	4.90020e-02
0.10221	4.93066e-02
0.10197	4.96469e-02
0.10174	5.00136e-02
0.10151	5.03963e-02
0.10130	5.07841e-02
0.10110	5.11653e-02
0.10092	5.15279e-02
0.10077	5.18599e-02
0.10065	5.21499e-02
0.10057	5.23911e-02
0.10054	5.25722e-02
0.10054	5.26858e-02
0.10058	5.27269e-02
0.10066	5.26935e-02
0.10078	5.25864e-02
0.10093	5.24095e-02
0.10112	5.21398e-02
0.10133	5.18125e-02
0.10155	5.14369e-02
0.10177	5.10229e-02
0.10198	5.05797e-02
0.10219	5.01155e-02
0.10238	4.96372e-02
0.10256	4.91504e-02
0.10272	4.86590e-02
0.10285	4.81656e-02
0.10297	4.76714e-02
0.10306	4.71765e-02
0.10313	4.66802e-02
0.10319	4.61812e-02
0.10323	4.56757e-02
0.10325	4.51657e-02
0.10326	4.46527e-02
0.10326	4.41399e-02
0.10324	4.36331e-02
0.10321	4.31404e-02
0.10316	4.26718e-02
0.10309	4.22391e-02
0.10301	4.18550e-02
0.10290	4.15329e-02
0.10277	4.12861e-02
0.10262	4.11269e-02
0.10244	4.10666e-02
0.10224	4.11143e-02
0.10201	4.12762e-02
0.10176	4.15552e-02
0.10149	4.19498e-02
0.10120	4.24541e-02
0.10091	4.30626e-02
0.10062	4.37524e-02
0.10034	4.45000e-02
0.10009	4.52757e-02
0.09987	4.60446e-02
0.09972	4.67677e-02
0.09965	4.74056e-02
0.09969	4.79217e-02
0.09984	4.82583e-02
0.10012	4.84075e-02
0.10056	4.83375e-02
0.10118	4.80195e-02
0.10196	4.74431e-02
0.10289	4.66281e-02
0.10395	4.56193e-02
0.10510	4.44685e-02
0.10632	4.32224e-02
0.10759	4.19193e-02
0.10888	4.05906e-02
0.11019	3.92641e-02
0.11150	3.79659e-02
0.11282	3.67220e-02
0.11412	3.55595e-02
0.11540	3.45064e-02
0.11666	3.35915e-02
0.11788	3.28440e-02
0.11907	3.22916e-02
0.12022	3.19595e-02
0.12132	3.18681e-02
0.12237	3.20316e-02
0.12337	3.24564e-02
0.12430	3.31415e-02
0.12518	3.40786e-02
0.12598	3.52531e-02
0.12672	3.66464e-02
0.12739	3.82369e-02
0.12798	4.00019e-02
0.12850	4.19183e-02
0.12894	4.39635e-02
0.12930	4.61156e-02
0.12958	4.83536e-02
0.12978	5.06568e-02
0.12991	5.30047e-02
0.12997	5.53762e-02
0.12996	5.77483e-02
0.12990	6.01004e-02
0.12980	6.23829e-02
0.12975	6.44301e-02
0.13019	6.53659e-02
0.13098	6.55321e-02
0.13182	6.54934e-02
0.13269	6.52983e-02
0.13358	6.49583e-02
0.13447	6.44910e-02
0.13536	6.39206e-02
0.13622	6.32742e-02
0.13705	6.25777e-02
0.13782	6.18540e-02
0.13854	6.11230e-02
0.13918	6.04020e-02
0.13975	5.97056e-02
0.14024	5.90348e-02
0.14063	5.84137e-02
0.14095	5.78535e-02
0.14117	5.73642e-02
0.14131	5.69552e-02
0.14136	5.66350e-02
0.14131	5.64114e-02
0.14117	5.62906e-02
0.14094	5.62767e-02
0.14062	5.63747e-02
0.14021	5.65883e-02
0.13971	5.69199e-02
0.13911	5.73705e-02
0.13843	5.79396e-02
0.13766	5.86249e-02
0.13680	5.94230e-02
0.13586	6.03286e-02
0.13484	6.13348e-02
0.13374	6.24335e-02
0.13256	6.36143e-02
0.13132	6.48650e-02
0.13002	6.61663e-02
0.12866	6.74996e-02
0.12728	6.88316e-02
0.12590	7.01001e-02
0.12461	7.11913e-02
0.12346	7.19965e-02
0.12245	7.25671e-02
0.12151	7.30200e-02
0.12062	7.34103e-02
0.11977	7.37444e-02
0.11898	7.40053e-02
0.11827	7.41629e-02
0.11766	7.41804e-02
0.11719	7.40212e-02
0.11686	7.36600e-02
0.11669	7.30930e-02
0.11665	7.23402e-02
0.11672	7.14376e-02
0.11687	7.04262e-02
0.11707	6.93448e-02
0.11731	6.82276e-02
0.11756	6.71037e-02
0.11781	6.59977e-02
0.11806	6.49300e-02
0.11828	6.39176e-02
0.11849	6.29741e-02
0.11867	6.21078e-02
0.11882	6.13299e-02
0.11893	6.06468e-02
0.11902	6.00627e-02
0.11907	5.95802e-02
0.11908	5.92004e-02
0.11907	5.89233e-02
0.11902	5.87479e-02
0.11895	5.86722e-02
0.11884	5.86932e-02
0.11871	5.88069e-02
0.11854	5.90081e-02
0.11835	5.92904e-02
0.11814	5.96459e-02
0.11790	6.00658e-02
0.11765	6.05399e-02
0.11738	6.10576e-02
0.11710	6.16075e-02
0.11680	6.21781e-02
0.11651	6.27574e-02
0.11621	6.33313e-02
0.11593	6.38793e-02
0.11567	6.43636e-02
0.11549	6.47129e-02
0.11544	6.47979e-02
0.11559	6.45130e-02
0.11590	6.39229e-02
0.11628	6.31770e-02
0.11666	6.23785e-02
0.11702	6.15808e-02
0.11735	6.08110e-02
0.11763	6.00838e-02
0.11786	5.94073e-02
0.11804	5.87857e-02
0.11817	5.82212e-02
0.11825	5.77148e-02
0.11828	5.72666e-02
0.11825	5.68808e-02
0.11817	5.65540e-02
0.11803	5.62873e-02
0.11785	5.60827e-02
0.11761	5.59421e-02
0.11731	5.58681e-02
0.11696	5.58625e-02
0.11655	5.59270e-02
0.11608	5.60620e-02
0.11556	5.62667e-02
0.11497	5.65388e-02
0.11433	5.68745e-02
0.11364	5.72678e-02
0.11290	5.77110e-02
0.11211	5.81938e-02
0.11129	5.87027e-02
0.11044	5.92231e-02
0.10957	5.97319e-02
0.10871	6.02024e-02
0.10787	6.06029e-02
0.10708	6.09004e-02
0.10636	6.10679e-02
0.10572	6.10929e-02
0.10514	6.09430e-02
0.10465	6.06743e-02
0.10422	6.03101e-02
0.10385	5.98706e-02
0.10354	5.93682e-02
0.10329	5.88045e-02
0.10310	5.81649e-02
0.10301	5.74085e-02
0.10306	5.64613e-02
0.10327	5.52544e-02
0.10363	5.38087e-02
0.10407	5.22180e-02
0.10456	5.05678e-02
0.10506	4.89156e-02
0.10554	4.73006e-02
0.10600	4.57537e-02
0.10643	4.43012e-02
0.10683	4.29669e-02
0.10718	4.17727e-02
0.10749	4.07381e-02
0.10774	3.98798e-02
0.10795	3.92111e-02
0.10810	3.87405e-02
0.10820	3.84719e-02
0.10825	3.84035e-02
0.10824	3.85282e-02
0.10818	3.88342e-02
0.10807	3.93055e-02
0.10791	3.99229e-02
0.10771	4.06656e-02
0.10747	4.15120e-02
0.10718	4.24409e-02
0.10688	4.34430e-02
0.10655	4.44889e-02
0.10618	4.55626e-02
0.10579	4.66512e-02
0.10537	4.77444e-02
0.10493	4.88343e-02
0.10446	4.99153e-02
0.10397	5.09836e-02
0.10346	5.20684e-02
0.10293	5.31368e-02
0.10238	5.41875e-02
0.10179	5.52196e-02
0.10119	5.62317e-02
0.10055	5.72220e-02
0.09989	5.81858e-02
0.09924	5.90698e-02
0.09898	5.92548e-02
0.09879	5.92656e-02
0.09857	5.92827e-02
0.09833	5.93093e-02
0.09805	5.93435e-02
0.09774	5.93821e-02
0.09742	5.94213e-02
0.09707	5.94569e-02
0.09670	5.94834e-02
0.09632	5.94941e-02
0.09594	5.94791e-02
0.09556	5.94227e-02
0.09522	5.92981e-02
0.09492	5.90593e-02
0.09472	5.86382e-02
0.09465	5.79981e-02
0.09468	5.71667e-02
0.09478	5.62125e-02
0.09491	5.51947e-02
0.09505	5.41514e-02
0.09519	5.31072e-02
0.09533	5.20797e-02
0.09545	5.10831e-02
0.09557	5.01296e-02
0.09567	4.92307e-02
0.09576	4.83971e-02
0.09584	4.76389e-02
0.09592	4.69650e-02
0.09598	4.63835e-02
0.09605	4.58926e-02
0.09611	4.55056e-02
0.09617	4.52259e-02
0.09623	4.50544e-02
0.09630	4.49904e-02
0.09638	4.50314e-02
0.09646	4.51732e-02
0.09657	4.54109e-02
0.09669	4.57385e-02
0.09684	4.61503e-02
0.09702	4.66487e-02
0.09722	4.72181e-02
0.09745	4.78552e-02
0.09771	4.85579e-02
0.09799	4.93255e-02
0.09830	5.01583e-02
0.09862	5.10572e-02
0.09896	5.20237e-02
0.09932	5.30591e-02
0.09968	5.41640e-02
0.10004	5.53371e-02
0.10041	5.65666e-02
0.10110	5.72990e-02
0.10260	5.66301e-02
0.10413	5.59264e-02
0.10565	5.52491e-02
0.10715	5.46078e-02
0.10864	5.40088e-02
0.11009	5.34568e-02
0.11150	5.29556e-02
0.11288	5.25079e-02
0.11422	5.21157e-02
0.11550	5.17795e-02
0.11674	5.14989e-02
0.11793	5.12726e-02
0.11906	5.10977e-02
0.12013	5.09704e-02
0.12116	5.08750e-02
0.12213	5.08158e-02
0.12304	5.07859e-02
0.12390	5.07777e-02
0.12469	5.07829e-02
0.12544	5.07928e-02
0.12612	5.07982e-02
0.12676	5.07906e-02
0.12734	5.07615e-02
0.12787	5.07041e-02
0.12836	5.06127e-02
0.12879	5.04842e-02
0.12918	5.03174e-02
0.12951	5.01140e-02
0.12980	4.98775e-02
0.13003	4.96138e-02
0.13020	4.93302e-02
0.13031	4.90348e-02
0.13036	4.87352e-02
0.13035	4.84423e-02
0.13027	4.81652e-02
0.13012	4.79128e-02
0.12990	4.76932e-02
0.12962	4.75138e-02
0.12926	4.73810e-02
0.12883	4.73003e-02
0.12834	4.72752e-02
0.12777	4.73085e-02
0.12714	4.74010e-02
0.12644	4.75520e-02
0.12568	4.77593e-02
0.12487	4.80188e-02
0.12400	4.83247e-02
0.12308	4.86698e-02
0.12212	4.90452e-02
0.12112	4.94407e-02
0.12009	4.98445e-02
0.11904	5.02442e-02
0.11798	5.06262e-02
0.11691	5.09764e-02
0.11586	5.12808e-02
0.11482	5.15255e-02
0.11382	5.16980e-02
0.11285	5.17872e-02
0.11193	5.17848e-02
0.11107	5.16852e-02
0.11027	5.14861e-02
0.10954	5.11886e-02
0.10887	5.08017e-02
0.10827	5.03284e-02
0.10774	4.97753e-02
0.10727	4.91490e-02
0.10687	4.84557e-02
0.10655	4.77011e-02
0.10629	4.68906e-02
0.10609	4.60300e-02
0.10597	4.51271e-02
0.10591	4.41917e-02
0.10591	4.32366e-02
0.10596	4.22766e-02
0.10606	4.13276e-02
0.10620	4.04058e-02
0.10638	3.95266e-02
0.10660	3.87039e-02
0.10685	3.79522e-02
0.10712	3.72834e-02
0.10741	3.67078e-02
0.10771	3.62344e-02
0.10803	3.58708e-02
0.10834	3.56223e-02
0.10866	3.54926e-02
0.10898	3.54826e-02
0.10929	3.55910e-02
0.10960	3.58081e-02
0.10989	3.61348e-02
0.11017	3.65623e-02
0.11044	3.70808e-02
0.11069	3.76793e-02
0.11092	3.83459e-02
0.11113	3.90687e-02
0.11133	3.98359e-02
0.11150	4.06362e-02
0.11165	4.14595e-02
0.11178	4.22965e-02
0.11189	4.31393e-02
0.11198	4.39814e-02
0.11204	4.48246e-02
0.11207	4.56593e-02
0.11208	4.64825e-02
0.11207	4.72914e-02
0.11203	4.80837e-02
0.11197	4.88576e-02
0.11189	4.96107e-02
0.11178	5.03408e-02
0.11164	5.10454e-02
0.11148	5.17217e-02
0.11130	5.23665e-02
0.11110	5.29767e-02
0.11087	5.35490e-02
0.11062	5.40803e-02
0.11035	5.45674e-02
0.11006	5.50077e-02
0.10975	5.53989e-02
0.10941	5.57390e-02
0.10906	5.60270e-02
0.10868	5.62620e-02
0.10828	5.64442e-02
0.10786	5.65741e-02
0.10741	5.66530e-02
0.10694	5.66827e-02
0.10644	5.66657e-02
0.10592	5.66046e-02
0.10537	5.65026e-02
0.10479	5.63631e-02
0.10419	5.61896e-02
0.10356	5.59851e-02
0.10291	5.57525e-02
0.10223	5.54937e-02
0.10154	5.52091e-02
0.10083	5.48981e-02
0.10011	5.45569e-02
0.09939	5.41778e-02
0.09868	5.37487e-02
0.09799	5.32530e-02
0.09734	5.26709e-02
0.09674	5.19839e-02
0.09619	5.11667e-02
0.09570	5.02380e-02
0.09526	4.92125e-02
0.09487	4.81128e-02
0.09452	4.69649e-02
0.09418	4.57958e-02
0.09386	4.46329e-02
0.09354	4.35030e-02
0.09322	4.24325e-02
0.09288	4.14461e-02
0.09253	4.05669e-02
0.09215	3.98153e-02
0.09176	3.92082e-02
0.09134	3.87589e-02
0.09090	3.84762e-02
0.09044	3.83639e-02
0.08995	3.84209e-02
0.08946	3.86411e-02
0.08895	3.90141e-02
0.08844	3.95255e-02
0.08793	4.01585e-02
0.08743	4.08947e-02
0.08695	4.17112e-02
0.08650	4.25940e-02
0.08608	4.35279e-02
0.08570	4.45013e-02
0.08537	4.55074e-02
0.08507	4.65438e-02
0.08481	4.76128e-02
0.08459	4.87192e-02
0.08440	4.98690e-02
0.08423	5.10672e-02
0.08408	5.23165e-02
0.08395	5.36160e-02
0.08383	5.49597e-02
0.08374	5.63272e-02
0.08389	5.73937e-02
0.08492	5.72267e-02
0.08608	5.69297e-02
0.08727	5.66169e-02
0.08851	5.62801e-02
0.08979	5.59066e-02
0.09110	5.54900e-02
0.09245	5.50334e-02
0.09381	5.45491e-02
0.09518	5.40542e-02
0.09653	5.35666e-02
0.09785	5.31019e-02
0.09914	5.26756e-02
0.10038	5.22961e-02
0.10156	5.19711e-02
0.10269	5.17059e-02
0.10376	5.15039e-02
0.10475	5.13665e-02
0.10568	5.12932e-02
0.10653	5.12821e-02
0.10731	5.13296e-02
0.10801	5.14307e-02
0.10864	5.15792e-02
0.10919	5.17676e-02
0.10968	5.19710e-02
0.11010	5.21953e-02
0.11045	5.24294e-02
0.11073	5.26612e-02
0.11093	5.28778e-02
0.11108	5.30654e-02
0.11116	5.32102e-02
0.11119	5.32985e-02
0.11117	5.33176e-02
0.11111	5.32564e-02
0.11100	5.31061e-02
0.11085	5.28606e-02
0.11066	5.25159e-02
0.11042	5.20700e-02
0.11015	5.15222e-02
0.10984	5.08728e-02
0.10949	5.01225e-02
0.10910	4.92729e-02
0.10866	4.83263e-02
0.10818	4.72863e-02
0.10766	4.61573e-02
0.10710	4.49455e-02
0.10649	4.36580e-02
0.10583	4.23031e-02
0.10513	4.08902e-02
0.10439	3.94295e-02
0.10360	3.79319e-02
0.10276	3.64094e-02
0.10189	3.48748e-02
0.10098	3.33419e-02
0.10004	3.18262e-02
0.09907	3.03447e-02
0.09806	2.89173e-02
0.09705	2.75649e-02
0.09601	2.63106e-02
0.09498	2.51797e-02
0.09394	2.41985e-02
0.09291	2.33934e-02
0.09190	2.27892e-02
0.09091	2.24069e-02
0.08997	2.22777e-02
0.08907	2.23860e-02
0.08821	2.27304e-02
0.08741	2.33019e-02
0.08666	2.40850e-02
0.08597	2.50598e-02
0.08535	2.62032e-02
0.08479	2.74902e-02
0.08432	2.88952e-02
0.08392	3.03928e-02
0.08360	3.19581e-02
0.08337	3.35668e-02
0.08324	3.51889e-02
0.08334	3.65260e-02
0.08412	3.65575e-02
0.08507	3.64757e-02
0.08613	3.63946e-02
0.08728	3.63202e-02
0.08852	3.62588e-02
0.08983	3.62213e-02
0.09120	3.62213e-02
0.09262	3.62742e-02
0.09408	3.63973e-02
0.09555	3.66027e-02
0.09704	3.69012e-02
0.09854	3.73007e-02
0.10003	3.78056e-02
0.10150	3.84171e-02
0.10297	3.91331e-02
0.10441	3.99491e-02
0.10583	4.08584e-02
0.10722	4.18526e-02
0.10858	4.29224e-02
0.10991	4.40577e-02
0.11120	4.52484e-02
0.11246	4.64846e-02
0.11368	4.77570e-02
0.11486	4.90570e-02
0.11601	5.03768e-02
0.11711	5.17097e-02
0.11816	5.30500e-02
0.11917	5.43926e-02
0.12014	5.57332e-02
0.12105	5.70678e-02
0.12191	5.83919e-02
0.12271	5.97002e-02
0.12346	6.09836e-02
0.12417	6.22232e-02
0.12485	6.33652e-02
0.12559	6.42266e-02
0.12655	6.45340e-02
0.12761	6.44737e-02
0.12864	6.42869e-02
0.12962	6.40482e-02
0.13052	6.37801e-02
0.13133	6.34910e-02
0.13206	6.31844e-02
0.13270	6.28622e-02
0.13325	6.25252e-02
0.13371	6.21737e-02
0.13408	6.18015e-02
0.13437	6.14144e-02
0.13457	6.10125e-02
0.13468	6.05958e-02
0.13472	6.01647e-02
0.13468	5.97192e-02
0.13457	5.92598e-02
0.13439	5.87867e-02
0.13415	5.83004e-02
0.13385	5.78015e-02
0.13350	5.72906e-02
0.13310	5.67685e-02
0.13266	5.62365e-02
0.13219	5.56960e-02
0.13170	5.51487e-02
0.13118	5.45971e-02
0.13064	5.40438e-02
0.13010	5.34920e-02
0.12956	5.29453e-02
0.12901	5.24076e-02
0.12848	5.18830e-02
0.12796	5.13758e-02
0.12746	5.08902e-02
0.12698	5.04302e-02
0.12653	4.99995e-02
0.12612	4.96020e-02
0.12574	4.92409e-02
0.12541	4.89196e-02
0.12512	4.86413e-02
0.12488	4.84090e-02
0.12469	4.82257e-02
0.12455	4.80940e-02
0.12446	4.80159e-02
0.12442	4.79926e-02
0.12443	4.80245e-02
0.12449	4.81103e-02
0.12460	4.82478e-02
0.12476	4.84335e-02
0.12496	4.86628e-02
0.12522	4.89300e-02
0.12551	4.92293e-02
0.12585	4.95546e-02
0.12622	4.99001e-02
0.12664	5.02606e-02
0.12708	5.06319e-02
0.12756	5.10110e-02
0.12806	5.13964e-02
0.12859	5.17880e-02
0.12913	5.21871e-02
0.12967	5.25964e-02
0.13022	5.30197e-02
0.13077	5.34615e-02
0.13131	5.39268e-02
0.13184	5.44206e-02
0.13235	5.49481e-02
0.13283	5.55138e-02
0.13328	5.61214e-02
0.13369	5.67741e-02
0.13407	5.74740e-02
0.13440	5.82220e-02
0.13469	5.90180e-02
0.13493	5.98610e-02
0.13514	6.07400e-02
0.13529	6.16597e-02
0.13540	6.26157e-02
0.13546	6.36025e-02
0.13547	6.46135e-02
0.13544	6.56412e-02
0.13536	6.66766e-02
0.13525	6.77096e-02
0.13511	6.87284e-02
0.13494	6.97190e-02
0.13476	7.06654e-02
0.13458	7.15488e-02
0.13440	7.23472e-02
0.13425	7.30362e-02
0.13414	7.35905e-02
0.13409	7.39866e-02
0.13410	7.42064e-02
0.13420	7.42407e-02
0.13437	7.40895e-02
0.13461	7.37600e-02
0.13491	7.32635e-02
0.13527	7.26133e-02
0.13568	7.18227e-02
0.13612	7.09051e-02
0.13660	6.98736e-02
0.13708	6.87465e-02
0.13757	6.75306e-02
0.13806	6.62377e-02
0.13854	6.48795e-02
0.13900	6.34676e-02
0.13944	6.20131e-02
0.13985	6.05270e-02
0.14022	5.90206e-02
0.14055	5.75049e-02
0.14083	5.59914e-02
0.14106	5.44919e-02
0.14123	5.30186e-02
0.14133	5.15843e-02
0.14138	5.02026e-02
0.14135	4.88875e-02
0.14125	4.76536e-02
0.14109	4.65160e-02
0.14084	4.54897e-02
0.14053	4.45897e-02
0.14013	4.38300e-02
0.13966	4.32236e-02
0.13911	4.27813e-02
0.13849	4.25118e-02
0.13778	4.24204e-02
0.13701	4.25094e-02
0.13615	4.27775e-02
0.13522	4.32197e-02
0.13422	4.38280e-02
0.13314	4.45917e-02
0.13200	4.54977e-02
0.13079	4.65309e-02
0.12951	4.76751e-02
0.12818	4.89127e-02
0.12678	5.02244e-02
0.12534	5.15877e-02
0.12386	5.29721e-02
0.12237	5.43232e-02
0.12092	5.55095e-02
0.11967	5.62286e-02
0.11870	5.63412e-02
0.11785	5.61906e-02
0.11702	5.60163e-02
0.11616	5.58960e-02
0.11528	5.58531e-02
0.11436	5.58934e-02
0.11340	5.60157e-02
0.11241	5.62160e-02
0.11139	5.64889e-02
0.11034	5.68285e-02
0.10927	5.72289e-02
0.10817	5.76845e-02
0.10705	5.81895e-02
0.10592	5.87386e-02
0.10477	5.93087e-02
0.10361	5.99102e-02
0.10244	6.05326e-02
0.10128	6.11567e-02
0.10016	6.17406e-02
0.09913	6.21833e-02
0.09833	6.23015e-02
0.09779	6.20450e-02
0.09739	6.16101e-02
0.09703	6.11510e-02
0.09667	6.07300e-02
0.09629	6.03688e-02
0.09589	6.00725e-02
0.09547	5.98374e-02
0.09504	5.96540e-02
0.09459	5.95078e-02
0.09415	5.93792e-02
0.09373	5.92436e-02
0.09333	5.90687e-02
0.09300	5.88001e-02
0.09281	5.83227e-02
0.09277	5.75852e-02
0.09282	5.67050e-02
0.09289	5.57525e-02
0.09298	5.47543e-02
0.09307	5.37242e-02
0.09315	5.26701e-02
0.09322	5.15965e-02
0.09328	5.05055e-02
0.09333	4.93979e-02
0.09336	4.82734e-02
0.09337	4.71316e-02
0.09337	4.59721e-02
0.09335	4.47951e-02
0.09332	4.36014e-02
0.09328	4.23926e-02
0.09322	4.11712e-02
0.09316	3.99351e-02
0.09308	3.86938e-02
0.09299	3.74521e-02
0.09289	3.62155e-02
0.09277	3.49900e-02
0.09265	3.37824e-02
0.09252	3.25997e-02
0.09238	3.14497e-02
0.09224	3.03405e-02
0.09210	2.92807e-02
0.09196	2.82794e-02
0.09182	2.73460e-02
0.09169	2.64902e-02
0.09157	2.57225e-02
0.09147	2.50533e-02
0.09138	2.44937e-02
0.09132	2.40548e-02
0.09127	2.37475e-02
0.09126	2.35823e-02
0.09126	2.35690e-02
0.09130	2.37158e-02
0.09136	2.40292e-02
0.09145	2.45132e-02
0.09156	2.51694e-02
0.09170	2.59968e-02
0.09187	2.69919e-02
0.09205	2.81485e-02
0.09224	2.94584e-02
0.09245	3.09113e-02
0.09266	3.24939e-02
0.09289	3.41869e-02
0.09313	3.59463e-02
0.09349	3.74809e-02
0.09470	3.70048e-02
0.09634	3.55150e-02
0.09799	3.39730e-02
0.09962	3.24794e-02
0.10121	3.10710e-02
0.10276	2.97769e-02
0.10425	2.86251e-02
0.10569	2.76436e-02
0.10705	2.68598e-02
0.10834	2.62982e-02
0.10954	2.59788e-02
0.11067	2.59145e-02
0.11170	2.61096e-02
0.11264	2.65592e-02
0.11349	2.72504e-02
0.11424	2.81637e-02
0.11489	2.92751e-02
0.11545	3.05588e-02
0.11590	3.19884e-02
0.11625	3.35383e-02
0.11651	3.51841e-02
0.11667	3.69022e-02
0.11674	3.86691e-02
0.11672	4.04595e-02
0.11662	4.22422e-02
0.11646	4.39724e-02
0.11627	4.55756e-02
0.11611	4.69280e-02
0.11604	4.78918e-02
0.11607	4.84619e-02
0.11614	4.87891e-02
0.11620	4.90207e-02
0.11621	4.92396e-02
0.11615	4.94855e-02
0.11602	4.97763e-02
0.11582	5.01187e-02
0.11553	5.05134e-02
0.11518	5.09577e-02
0.11474	5.14465e-02
0.11424	5.19735e-02
0.11367	5.25314e-02
0.11304	5.31128e-02
0.11235	5.37100e-02
0.11160	5.43161e-02
0.11080	5.49247e-02
0.10995	5.55303e-02
0.10906	5.61290e-02
0.10813	5.67178e-02
0.10716	5.72945e-02
0.10616	5.78565e-02
0.10512	5.83956e-02
0.10410	5.88563e-02
0.10347	5.85952e-02
0.10338	5.73296e-02
0.10334	5.59304e-02
0.10327	5.45015e-02
0.10319	5.30594e-02
0.10309	5.16098e-02
0.10298	5.01539e-02
0.10285	4.86903e-02
0.10272	4.72154e-02
0.10260	4.57252e-02
0.10249	4.42187e-02
0.10238	4.27013e-02
0.10229	4.11879e-02
0.10221	3.97024e-02
0.10213	3.82758e-02
0.10205	3.69186e-02
0.10197	3.56897e-02
0.10189	3.46262e-02
0.10179	3.37625e-02
0.10168	3.31283e-02
0.10156	3.27467e-02
0.10144	3.26319e-02
0.10130	3.27872e-02
0.10117	3.32046e-02
0.10103	3.38647e-02
0.10092	3.47480e-02
0.10082	3.58222e-02
0.10076	3.70267e-02
0.10073	3.83099e-02
0.10075	3.96155e-02
0.10085	4.08855e-02
0.10105	4.20664e-02
0.10135	4.31190e-02
0.10176	4.40281e-02
0.10228	4.48063e-02
0.10288	4.54857e-02
0.10354	4.61063e-02
0.10424	4.67047e-02
0.10499	4.73115e-02
0.10574	4.79438e-02
0.10648	4.86131e-02
0.10720	4.93249e-02
0.10788	5.00798e-02
0.10853	5.08752e-02
0.10914	5.17063e-02
0.10970	5.25663e-02
0.11022	5.34474e-02
0.11069	5.43413e-02
0.11111	5.52390e-02
0.11147	5.61318e-02
0.11179	5.70110e-02
0.11205	5.78684e-02
0.11226	5.86962e-02
0.11242	5.94875e-02
0.11254	6.02360e-02
0.11260	6.09359e-02
0.11261	6.15819e-02
0.11258	6.21690e-02
0.11250	6.26928e-02
0.11238	6.31495e-02
0.11222	6.35368e-02
0.11201	6.38544e-02
0.11176	6.41047e-02
0.11147	6.42930e-02
0.11112	6.44268e-02
0.11073	6.45150e-02
0.11028	6.45668e-02
0.10977	6.45910e-02
0.10921	6.45949e-02
0.10858	6.45842e-02
0.10790	6.45693e-02
0.10717	6.45446e-02
0.10639	6.45080e-02
0.10557	6.44539e-02
0.10473	6.43727e-02
0.10387	6.42505e-02
0.10301	6.40698e-02
0.10218	6.38118e-02
0.10139	6.34627e-02
0.10065	6.30149e-02
0.09996	6.24753e-02
0.09933	6.18633e-02
0.09874	6.12054e-02
0.09819	6.05308e-02
0.09766	5.98670e-02
0.09714	5.92385e-02
0.09665	5.86657e-02
0.09616	5.81652e-02
0.09569	5.77497e-02
0.09524	5.74280e-02
0.09480	5.72045e-02
0.09439	5.70772e-02
0.09403	5.70301e-02
0.09376	5.69970e-02
0.09376	5.66655e-02
0.09440	5.54555e-02
0.09538	5.37786e-02
0.09647	5.20296e-02
0.09762	5.03065e-02
0.09879	4.86449e-02
0.09999	4.70682e-02
0.10120	4.55947e-02
0.10242	4.42420e-02
0.10366	4.30274e-02
0.10489	4.19669e-02
0.10612	4.10749e-02
0.10735	4.03635e-02
0.10857	3.98414e-02
0.10978	3.95135e-02
0.11097	3.93800e-02
0.11214	3.94369e-02
0.11329	3.96752e-02
0.11442	4.00823e-02
0.11552	4.06423e-02
0.11660	4.13370e-02
0.11767	4.21403e-02
0.11872	4.30358e-02
0.11974	4.40034e-02
0.12073	4.50237e-02
0.12169	4.60788e-02
0.12262	4.71523e-02
0.12352	4.82293e-02
0.12439	4.92972e-02
0.12523	5.03449e-02
0.12604	5.13637e-02
0.12681	5.23450e-02
0.12755	5.32756e-02
0.12825	5.41602e-02
0.12891	5.49964e-02
0.12953	5.57832e-02
0.13011	5.65205e-02
0.13065	5.72089e-02
0.13114	5.78496e-02
0.13158	5.84441e-02
0.13197	5.89943e-02
0.13232	5.95023e-02
0.13261	5.99700e-02
0.13285	6.03993e-02
0.13301	6.07697e-02
0.13313	6.11038e-02
0.13319	6.14033e-02
0.13320	6.16692e-02
0.13317	6.19027e-02
0.13308	6.21045e-02
0.13295	6.22750e-02
0.13277	6.24146e-02
0.13255	6.25234e-02
0.13229	6.26017e-02
0.13200	6.26499e-02
0.13168	6.26685e-02
0.13133	6.26586e-02
0.13095	6.26219e-02
0.13054	6.25609e-02
0.13012	6.24786e-02
0.12967	6.23791e-02
0.12920	6.22673e-02
0.12872	6.21487e-02
0.12821	6.20297e-02
0.12769	6.19173e-02
0.12714	6.18189e-02
0.12658	6.17422e-02
0.12599	6.16951e-02
0.12538	6.16854e-02
0.12474	6.17208e-02
0.12407	6.18080e-02
0.12338	6.19531e-02
0.12265	6.21608e-02
0.12190	6.24335e-02
0.12111	6.27714e-02
0.12030	6.31699e-02
0.11945	6.36033e-02
0.11860	6.40626e-02
0.11776	6.44976e-02
0.11700	6.48059e-02
0.11642	6.48134e-02
0.11610	6.43815e-02
0.11600	6.35865e-02
0.11600	6.26100e-02
0.11605	6.15706e-02
0.11610	6.05401e-02
0.11614	5.95507e-02
0.11616	5.86187e-02
0.11617	5.77522e-02
0.11616	5.69541e-02
0.11613	5.62241e-02
0.11609	5.55600e-02
0.11604	5.49575e-02
0.11599	5.44113e-02
0.11593	5.39146e-02
0.11587	5.34593e-02
0.11582	5.30350e-02
0.11578	5.26284e-02
0.11575	5.22234e-02
0.11575	5.18011e-02
0.11579	5.13429e-02
0.11586	5.08347e-02
0.11596	5.02764e-02
0.11609	4.96737e-02
0.11624	4.90477e-02
0.11639	4.84271e-02
0.11653	4.78396e-02
0.11664	4.73171e-02
0.11672	4.68841e-02
0.11676	4.65601e-02
0.11674	4.63599e-02
0.11667	4.62933e-02
0.11654	4.63658e-02
0.11634	4.65790e-02
0.11608	4.69312e-02
0.11575	4.74174e-02
0.11535	4.80302e-02
0.11488	4.87600e-02
0.11434	4.95951e-02
0.11374	5.05212e-02
0.11308	5.15198e-02
0.11237	5.25622e-02
0.11163	5.35868e-02
0.11097	5.44010e-02
0.11061	5.45525e-02
0.11053	5.40875e-02
0.11051	5.34712e-02
0.11046	5.28817e-02
0.11035	5.23709e-02
0.11019	5.19579e-02
0.10997	5.16507e-02
0.10968	5.14546e-02
0.10933	5.13724e-02
0.10893	5.13975e-02
0.10849	5.15259e-02
0.10799	5.17517e-02
0.10746	5.20675e-02
0.10689	5.24647e-02
0.10629	5.29336e-02
0.10567	5.34630e-02
0.10503	5.40409e-02
0.10438	5.46534e-02
0.10374	5.52851e-02
0.10311	5.59175e-02
0.10247	5.65178e-02
0.10187	5.70711e-02
0.10134	5.75395e-02
0.10091	5.78788e-02
0.10060	5.80540e-02
0.10041	5.80603e-02
0.10034	5.79240e-02
0.10036	5.76799e-02
0.10045	5.73552e-02
0.10061	5.69675e-02
0.10084	5.65375e-02
0.10111	5.60642e-02
0.10144	5.55547e-02
0.10180	5.50160e-02
0.10219	5.44552e-02
0.10262	5.38789e-02
0.10306	5.32936e-02
0.10351	5.27047e-02
0.10398	5.21170e-02
0.10446	5.15340e-02
0.10493	5.09583e-02
0.10540	5.03913e-02
0.10587	4.98338e-02
0.10633	4.92855e-02
0.10678	4.87458e-02
0.10722	4.82139e-02
0.10764	4.76887e-02
0.10804	4.71694e-02
0.10841	4.66514e-02
0.10876	4.61388e-02
0.10907	4.56322e-02
0.10936	4.51332e-02
0.10961	4.46437e-02
0.10982	4.41666e-02
0.10999	4.37054e-02
0.11011	4.32641e-02
0.11018	4.28471e-02
0.11020	4.24590e-02
0.11016	4.21048e-02
0.11007	4.17890e-02
0.10990	4.15068e-02
0.10967	4.12720e-02
0.10937	4.10884e-02
0.10900	4.09594e-02
0.10857	4.08877e-02
0.10806	4.08753e-02
0.10749	4.09235e-02
0.10685	4.10331e-02
0.10614	4.12039e-02
0.10537	4.14351e-02
0.10452	4.17253e-02
0.10361	4.20724e-02
0.10264	4.24734e-02
0.10161	4.29246e-02
0.10052	4.34209e-02
0.09937	4.39554e-02
0.09817	4.45171e-02
0.09694	4.50861e-02
0.09569	4.56219e-02
0.09447	4.60353e-02
0.09336	4.62092e-02
0.09234	4.61564e-02
0.09134	4.59825e-02
0.09035	4.57881e-02
0.08935	4.56078e-02
0.08834	4.54533e-02
0.08732	4.53246e-02
0.08631	4.52129e-02
0.08531	4.50999e-02
0.08435	4.49554e-02
0.08345	4.47394e-02
0.08263	4.44152e-02
0.08192	4.39695e-02
0.08130	4.34140e-02
0.08076	4.27708e-02
0.08030	4.20662e-02
0.07990	4.13292e-02
0.07954	4.05905e-02
0.07922	3.98792e-02
0.07892	3.92210e-02
0.07864	3.86370e-02
0.07837	3.81437e-02
0.07811	3.77528e-02
0.07784	3.74717e-02
0.07759	3.73040e-02
0.07733	3.72494e-02
0.07709	3.73042e-02
0.07685	3.74613e-02
0.07660	3.77275e-02
0.07638	3.80677e-02
0.07618	3.84605e-02
0.07603	3.88720e-02
0.07594	3.92423e-02
0.07598	3.94843e-02
0.07615	3.95523e-02
0.07644	3.95047e-02
0.07679	3.94211e-02
0.07717	3.93470e-02
0.07759	3.93022e-02
0.07802	3.92952e-02
0.07849	3.93228e-02
0.07897	3.93896e-02
0.07946	3.94960e-02
0.07996	3.96425e-02
0.08047	3.98289e-02
0.08099	4.00554e-02
0.08152	4.03215e-02
0.08205	4.06266e-02
0.08259	4.09693e-02
0.08314	4.13470e-02
0.08369	4.17555e-02
0.08426	4.21880e-02
0.08484	4.26336e-02
0.08544	4.30759e-02
0.08608	4.34899e-02
0.08678	4.38413e-02
0.08754	4.40886e-02
0.08839	4.41946e-02
0.08934	4.41429e-02
0.09038	4.39440e-02
0.09148	4.36257e-02
0.09263	4.32183e-02
0.09381	4.27476e-02
0.09501	4.22334e-02
0.09622	4.16904e-02
0.09744	4.11303e-02
0.09865	4.05625e-02
0.09985	3.99955e-02
0.10103	3.94320e-02
0.10220	3.88838e-02
0.10334	3.83580e-02
0.10445	3.78617e-02
0.10552	3.74018e-02
0.10656	3.69855e-02
0.10756	3.66196e-02
0.10851	3.63106e-02
0.10941	3.60649e-02
0.11026	3.58878e-02
0.11105	3.57844e-02
0.11180	3.57585e-02
0.11248	3.58130e-02
0.11310	3.59499e-02
0.11366	3.61696e-02
0.11416	3.64714e-02
0.11459	3.68535e-02
0.11497	3.73127e-02
0.11528	3.78450e-02
0.11553	3.84452e-02
0.11573	3.91074e-02
0.11586	3.98250e-02
0.11594	4.05908e-02
0.11596	4.13970e-02
0.11594	4.22357e-02
0.11586	4.30983e-02
0.11574	4.39763e-02
0.11558	4.48608e-02
0.11538	4.57429e-02
0.11515	4.66137e-02
0.11489	4.74691e-02
0.11461	4.82975e-02
0.11430	4.90903e-02
0.11398	4.98388e-02
0.11365	5.05336e-02
0.11332	5.11667e-02
0.11298	5.17297e-02
0.11266	5.22134e-02
0.11235	5.26070e-02
0.11206	5.29010e-02
0.11179	5.30841e-02
0.11156	5.31463e-02
0.11136	5.30807e-02
0.11120	5.28854e-02
0.11107	5.25645e-02
0.11097	5.21264e-02
0.11089	5.15816e-02
0.11083	5.09411e-02
0.11078	5.02147e-02
0.11074	4.94109e-02
0.11072	4.85346e-02
0.11070	4.75948e-02
0.11067	4.65972e-02
0.11064	4.55477e-02
0.11059	4.44522e-02
0.11053	4.33170e-02
0.11045	4.21489e-02
0.11036	4.09554e-02
0.11024	3.97449e-02
0.11011	3.85273e-02
0.10995	3.73126e-02
0.10976	3.61120e-02
0.10956	3.49381e-02
0.10933	3.38047e-02
0.10908	3.27265e-02
0.10880	3.17193e-02
0.10851	3.07998e-02
0.10819	2.99847e-02
0.10786	2.92910e-02
0.10751	2.87346e-02
0.10714	2.83295e-02
0.10677	2.80872e-02
0.10637	2.80119e-02
0.10596	2.81142e-02
0.10556	2.83913e-02
0.10515	2.88343e-02
0.10476	2.94282e-02
0.10438	3.01529e-02
0.10402	3.09834e-02
0.10368	3.18908e-02
0.10339	3.28436e-02
0.10314	3.38085e-02
0.10296	3.47528e-02
0.10285	3.56460e-02
0.10282	3.64632e-02
0.10287	3.71878e-02
0.10302	3.78128e-02
0.10326	3.83414e-02
0.10358	3.87845e-02
0.10398	3.91578e-02
0.10444	3.94782e-02
0.10496	3.97616e-02
0.10553	4.00205e-02
0.10615	4.02644e-02
0.10679	4.04993e-02
0.10746	4.07288e-02
0.10816	4.09543e-02
0.10888	4.11765e-02
0.10961	4.13955e-02
0.11035	4.16117e-02
0.11109	4.18242e-02
0.11184	4.20369e-02
0.11258	4.22525e-02
0.11331	4.24744e-02
0.11402	4.27067e-02
0.11471	4.29537e-02
0.11538	4.32198e-02
0.11602	4.35092e-02
0.11662	4.38256e-02
0.11719	4.41716e-02
0.11771	4.45489e-02
0.11818	4.49576e-02
0.11861	4.53982e-02
0.11899	4.58639e-02
0.11931	4.63489e-02
0.11959	4.68452e-02
0.11983	4.73432e-02
0.12002	4.78316e-02
0.12017	4.82984e-02
0.12028	4.87317e-02
0.12035	4.91215e-02
0.12039	4.94602e-02
0.12040	4.97446e-02
0.12038	4.99761e-02
0.12032	5.01605e-02
0.12022	5.03071e-02
0.12007	5.04275e-02
0.11988	5.05340e-02
0.11962	5.06388e-02
0.11931	5.07529e-02
0.11894	5.08860e-02
0.11850	5.10459e-02
0.11800	5.12387e-02
0.11742	5.14688e-02
0.11678	5.17393e-02
0.11607	5.20501e-02
0.11530	5.24002e-02
0.11447	5.27869e-02
0.11358	5.32053e-02
0.11263	5.36482e-02
0.11164	5.41061e-02
0.11061	5.45663e-02
0.10956	5.50133e-02
0.10849	5.54291e-02
0.10743	5.57952e-02
0.10638	5.60962e-02
0.10536	5.63241e-02
0.10437	5.64819e-02
0.10340	5.65833e-02
0.10246	5.66481e-02
0.10155	5.66971e-02
0.10064	5.67468e-02
0.09976	5.68076e-02
0.09889	5.68847e-02
0.09804	5.69807e-02
0.09722	5.70999e-02
0.09642	5.72514e-02
0.09563	5.74490e-02
0.09487	5.77078e-02
0.09411	5.80403e-02
0.09336	5.84476e-02
0.09263	5.89155e-02
0.09194	5.93993e-02
0.09138	5.97944e-02
0.09107	5.98992e-02
0.09115	5.95122e-02
0.09158	5.86897e-02
0.09220	5.76537e-02
0.09290	5.65628e-02
0.09362	5.54973e-02
0.09435	5.44979e-02
0.09507	5.35867e-02
0.09577	5.27703e-02
0.09644	5.20634e-02
0.09708	5.14710e-02
0.09771	5.09955e-02
0.09830	5.06370e-02
0.09887	5.03931e-02
0.09941	5.02587e-02
0.09993	5.02259e-02
0.10043	5.02834e-02
0.10092	5.04182e-02
0.10140	5.06157e-02
0.10188	5.08636e-02
0.10235	5.11536e-02
0.10282	5.14842e-02
0.10328	5.18596e-02
0.10374	5.22883e-02
0.10417	5.27798e-02
0.10459	5.33426e-02
0.10497	5.39827e-02
0.10532	5.47032e-02
0.10564	5.55040e-02
0.10593	5.63822e-02
0.10619	5.73316e-02
0.10642	5.83437e-02
0.10662	5.94066e-02
0.10681	6.05056e-02
0.10698	6.16219e-02
0.10716	6.27320e-02
0.10736	6.38071e-02
0.10759	6.48125e-02
0.10788	6.57111e-02
0.10826	6.64702e-02
0.10872	6.70731e-02
0.10926	6.75251e-02
0.10988	6.78496e-02
0.11053	6.80770e-02
0.11121	6.82352e-02
0.11190	6.83457e-02
0.11258	6.84234e-02
0.11324	6.84782e-02
0.11386	6.85112e-02
0.11445	6.85309e-02
0.11501	6.85399e-02
0.11553	6.85395e-02
0.11600	6.85311e-02
0.11644	6.85160e-02
0.11682	6.84954e-02
0.11716	6.84709e-02
0.11745	6.84442e-02
0.11768	6.84170e-02
0.11786	6.83909e-02
0.11798	6.83675e-02
0.11805	6.83477e-02
0.11806	6.83320e-02
0.11800	6.83202e-02
0.11790	6.83111e-02
0.11773	6.83025e-02
0.11751	6.82911e-02
0.11724	6.82691e-02
0.11692	6.82337e-02
0.11656	6.81779e-02
0.11616	6.80932e-02
0.11573	6.79723e-02
0.11529	6.78010e-02
0.11483	6.75647e-02
0.11438	6.72463e-02
0.11394	6.68305e-02
0.11351	6.63135e-02
0.11308	6.57090e-02
0.11266	6.50422e-02
0.11222	6.43400e-02
0.11174	6.36260e-02
0.11124	6.29195e-02
0.11069	6.22369e-02
0.11010	6.15916e-02
0.10946	6.09947e-02
0.10878	6.04549e-02
0.10805	5.99788e-02
0.10728	5.95710e-02
0.10647	5.92320e-02
0.10563	5.89609e-02
0.10476	5.87539e-02
0.10387	5.86049e-02
0.10296	5.85051e-02
0.10205	5.84439e-02
0.10116	5.84086e-02
0.10028	5.83862e-02
0.09941	5.83840e-02
0.09859	5.83692e-02
0.09782	5.83339e-02
0.09711	5.82743e-02
0.09645	5.81907e-02
0.09586	5.80866e-02
0.09532	5.79673e-02
0.09485	5.78386e-02
0.09444	5.77047e-02
0.09408	5.75683e-02
0.09379	5.74291e-02
0.09356	5.72845e-02
0.09341	5.71291e-02
0.09332	5.69479e-02
0.09332	5.67347e-02
0.09341	5.64784e-02
0.09359	5.61674e-02
0.09387	5.57913e-02
0.09426	5.53423e-02
0.09475	5.48168e-02
0.09534	5.42155e-02
0.09603	5.35439e-02
0.09680	5.28116e-02
0.09765	5.20315e-02
0.09857	5.12184e-02
0.09954	5.03878e-02
0.10055	4.95545e-02
0.10160	4.87315e-02
0.10268	4.79290e-02
0.10379	4.71531e-02
0.10491	4.64063e-02
0.10605	4.56865e-02
0.10722	4.49880e-02
0.10841	4.43029e-02
0.10962	4.36226e-02
0.11085	4.29409e-02
0.11210	4.22555e-02
0.11336	4.15698e-02
0.11463	4.08919e-02
0.11591	4.02342e-02
0.11718	3.96109e-02
0.11843	3.90414e-02
0.11966	3.85360e-02
0.12086	3.81075e-02
0.12203	3.77667e-02
0.12317	3.75217e-02
0.12427	3.73783e-02
0.12533	3.73395e-02
0.12635	3.74058e-02
0.12732	3.75752e-02
0.12825	3.78436e-02
0.12913	3.82047e-02
0.12997	3.86507e-02
0.13075	3.91726e-02
0.13150	3.97600e-02
0.13219	4.04020e-02
0.13284	4.10872e-02
0.13345	4.18038e-02
0.13401	4.25401e-02
0.13453	4.32848e-02
0.13501	4.40267e-02
0.13546	4.47559e-02
0.13586	4.54632e-02
0.13623	4.61411e-02
0.13656	4.67838e-02
0.13686	4.73877e-02
0.13712	4.79511e-02
0.13734	4.84744e-02
0.13752	4.89601e-02
0.13766	4.94119e-02
0.13775	4.98349e-02
0.13779	5.02369e-02
0.13778	5.06231e-02
0.13772	5.09994e-02
0.13759	5.13714e-02
0.13741	5.17440e-02
0.13717	5.21215e-02
0.13686	5.25074e-02
0.13648	5.29046e-02
0.13604	5.33149e-02
0.13553	5.37397e-02
0.13496	5.41796e-02
0.13433	5.46344e-02
0.13363	5.51038e-02
0.13287	5.55867e-02
0.13205	5.60816e-02
0.13118	5.65869e-02
0.13025	5.71004e-02
0.12928	5.76200e-02
0.12826	5.81431e-02
0.12721	5.86671e-02
0.12612	5.91881e-02
0.12501	5.97039e-02
0.12388	6.02115e-02
0.12273	6.07075e-02
0.12157	6.11883e-02
0.12042	6.16502e-02
0.11927	6.20888e-02
0.11814	6.24997e-02
0.11704	6.28776e-02
0.11597	6.32165e-02
0.11495	6.35093e-02
0.11399	6.37485e-02
0.11311	6.39257e-02
0.11230	6.40323e-02
0.11159	6.40597e-02
0.11099	6.40002e-02
0.11050	6.38481e-02
0.11012	6.36008e-02
0.10987	6.32594e-02
0.10975	6.28289e-02
0.10974	6.23178e-02
0.10984	6.17368e-02
0.11008	6.11048e-02
0.11041	6.04228e-02
0.11083	5.96985e-02
0.11133	5.89349e-02
0.11192	5.81278e-02
0.11259	5.72638e-02
0.11335	5.63189e-02
0.11421	5.52616e-02
0.11518	5.40652e-02
0.11623	5.27227e-02
0.11737	5.12523e-02
0.11855	4.96888e-02
0.11975	4.80709e-02
0.12096	4.64341e-02
0.12215	4.48089e-02
0.12332	4.32219e-02
0.12444	4.16966e-02
0.12552	4.02547e-02
0.12654	3.89168e-02
0.12751	3.77021e-02
0.12841	3.66286e-02
0.12923	3.57125e-02
0.12999	3.49671e-02
0.13068	3.44025e-02
0.13128	3.40243e-02
0.13181	3.38333e-02
0.13226	3.38246e-02
0.13264	3.39884e-02
0.13294	3.43101e-02
0.13316	3.47705e-02
0.13331	3.53475e-02
0.13339	3.60169e-02
0.13341	3.67527e-02
0.13336	3.75288e-02
0.13325	3.83183e-02
0.13310	3.90949e-02
0.13289	3.98324e-02
0.13265	4.05055e-02
0.13238	4.10894e-02
0.13209	4.15608e-02
0.13176	4.19272e-02
0.13142	4.21380e-02
0.13109	4.21770e-02
0.13076	4.20330e-02
0.13043	4.17011e-02
0.13012	4.11835e-02
0.12981	4.04895e-02
0.12950	3.96344e-02
0.12919	3.86388e-02
0.12886	3.75267e-02
0.12852	3.63248e-02
0.12815	3.50612e-02
0.12775	3.37651e-02
0.12732	3.24667e-02
0.12684	3.11969e-02
0.12633	2.99877e-02
0.12578	2.88719e-02
0.12518	2.78830e-02
0.12454	2.70557e-02
0.12387	2.64191e-02
0.12315	2.60016e-02
0.12239	2.58265e-02
0.12160	2.59038e-02
0.12078	2.62482e-02
0.11991	2.68584e-02
0.11902	2.77250e-02
0.11809	2.88315e-02
0.11713	3.01570e-02
0.11613	3.16777e-02
0.11512	3.33686e-02
0.11407	3.52050e-02
0.11301	3.71623e-02
0.11193	3.92170e-02
0.11084	4.13460e-02
0.10974	4.35268e-02
0.10865	4.57369e-02
0.10756	4.79536e-02
0.10650	5.01536e-02
0.10548	5.23224e-02
0.10451	5.44260e-02
0.10361	5.64409e-02
0.10280	5.83470e-02
0.10210	6.01302e-02
0.10152	6.17837e-02
0.10107	6.33081e-02
0.10074	6.47048e-02
0.10058	6.59358e-02
0.10098	6.63759e-02
0.10226	6.55606e-02
0.10371	6.45228e-02
0.10523	6.34138e-02
0.10678	6.22630e-02
0.10834	6.10859e-02
0.10992	5.98938e-02
0.11148	5.86954e-02
0.11303	5.74983e-02
0.11456	5.63088e-02
0.11605	5.51333e-02
0.11750	5.39762e-02
0.11891	5.28421e-02
0.12027	5.17254e-02
0.12156	5.06387e-02
0.12280	4.95864e-02
0.12396	4.85731e-02
0.12506	4.76036e-02
0.12608	4.66825e-02
0.12703	4.58147e-02
0.12789	4.50045e-02
0.12867	4.42562e-02
0.12936	4.35733e-02
0.12996	4.29587e-02
0.13047	4.24142e-02
0.13089	4.19408e-02
0.13122	4.15378e-02
0.13146	4.12033e-02
0.13161	4.09358e-02
0.13167	4.07285e-02
0.13164	4.05752e-02
0.13152	4.04679e-02
0.13132	4.03976e-02
0.13104	4.03542e-02
0.13069	4.03268e-02
0.13026	4.03039e-02
0.12977	4.02741e-02
0.12921	4.02260e-02
0.12860	4.01494e-02
0.12794	4.00349e-02
0.12724	3.98753e-02
0.12650	3.96596e-02
0.12572	3.93908e-02
0.12492	3.90696e-02
0.12409	3.86991e-02
0.12324	3.82856e-02
0.12238	3.78375e-02
0.12150	3.73656e-02
0.12062	3.68821e-02
0.11972	3.64003e-02
0.11882	3.59344e-02
0.11792	3.54987e-02
0.11702	3.51076e-02
0.11613	3.47748e-02
0.11524	3.45140e-02
0.11437	3.43377e-02
0.11352	3.42579e-02
0.11269	3.42854e-02
0.11188	3.44300e-02
0.11109	3.47002e-02
0.11034	3.51031e-02
0.10962	3.56441e-02
0.10893	3.63264e-02
0.10827	3.71513e-02
0.10764	3.81175e-02
0.10705	3.92211e-02
0.10650	4.04558e-02
0.10598	4.18129e-02
0.10550	4.32811e-02
0.10505	4.48474e-02
0.10464	4.64967e-02
0.10429	4.82160e-02
0.10397	4.99818e-02
0.10371	5.17730e-02
0.10351	5.35648e-02
0.10338	5.53265e-02
0.10335	5.70175e-02
0.10344	5.85842e-02
0.10369	5.99612e-02
0.10414	6.10904e-02
0.10480	6.19543e-02
0.10564	6.25874e-02
0.10662	6.30481e-02
0.10771	6.33873e-02
0.10888	6.36397e-02
0.11010	6.38269e-02
0.11136	6.39632e-02
0.11264	6.40592e-02
0.11395	6.41226e-02
0.11525	6.41597e-02
0.11656	6.41742e-02
0.11783	6.41740e-02
0.11910	6.41516e-02
0.12034	6.41052e-02
0.12157	6.40315e-02
0.12277	6.39256e-02
0.12396	6.37819e-02
0.12512	6.35936e-02
0.12627	6.33536e-02
0.12739	6.30546e-02
0.12850	6.26887e-02
0.12959	6.22503e-02
0.13065	6.17340e-02
0.13170	6.11356e-02
0.13273	6.04531e-02
0.13372	5.96862e-02
0.13469	5.88370e-02
0.13563	5.79092e-02
0.13653	5.69082e-02
0.13739	5.58409e-02
0.13820	5.47151e-02
0.13895	5.35392e-02
0.13966	5.23223e-02
0.14031	5.10560e-02
0.14089	4.97672e-02
0.14142	4.84663e-02
0.14187	4.71640e-02
0.14227	4.58715e-02
0.14259	4.46000e-02
0.14284	4.33616e-02
0.14302	4.21682e-02
0.14314	4.10324e-02
0.14318	3.99672e-02
0.14316	3.89853e-02
0.14306	3.80996e-02
0.14290	3.73225e-02
0.14268	3.66655e-02
0.14239	3.61389e-02
0.14204	3.57511e-02
0.14163	3.55084e-02
0.14116	3.54139e-02
0.14063	3.54683e-02
0.14006	3.56686e-02
0.13944	3.60089e-02
0.13877	3.64806e-02
0.13806	3.70725e-02
0.13732	3.77717e-02
0.13655	3.85638e-02
0.13575	3.94340e-02
0.13493	4.03671e-02
0.13410	4.13488e-02
0.13325	4.23654e-02
0.13240	4.34045e-02
0.13155	4.44556e-02
0.13070	4.55093e-02
0.12986	4.65583e-02
0.12903	4.75962e-02
0.12822	4.86174e-02
0.12742	4.96170e-02
0.12665	5.05896e-02
0.12590	5.15288e-02
0.12517	5.24271e-02
0.12448	5.32750e-02
0.12383	5.40605e-02
0.12322	5.47688e-02
0.12267	5.53824e-02
0.12217	5.58820e-02
0.12175	5.62491e-02
0.12141	5.64714e-02
0.12114	5.65479e-02
0.12095	5.64912e-02
0.12081	5.63246e-02
0.12071	5.60759e-02
0.12063	5.57722e-02
0.12057	5.54368e-02
0.12051	5.50883e-02
0.12045	5.47410e-02
0.12037	5.44050e-02
0.12027	5.40870e-02
0.12015	5.37906e-02
0.12000	5.35167e-02
0.11983	5.32618e-02
0.11964	5.30241e-02
0.11943	5.27977e-02
0.11919	5.25750e-02
0.11894	5.23480e-02
0.11869	5.21059e-02
0.11842	5.18385e-02
0.11815	5.15366e-02
0.11788	5.11926e-02
0.11761	5.08023e-02
0.11735	5.03661e-02
0.11708	4.98892e-02
0.11681	4.93821e-02
0.11653	4.88597e-02
0.11623	4.83395e-02
0.11591	4.78405e-02
0.11555	4.73814e-02
0.11516	4.69797e-02
0.11473	4.66506e-02
0.11425	4.64059e-02
0.11373	4.62541e-02
0.11316	4.61979e-02
0.11254	4.62343e-02
0.11189	4.63533e-02
0.11120	4.65366e-02
0.11050	4.67560e-02
0.10980	4.69736e-02
0.10913	4.71443e-02
0.10850	4.72247e-02
0.10792	4.71873e-02
0.10741	4.70318e-02
0.10696	4.67839e-02
0.10655	4.64831e-02
0.10616	4.61693e-02
0.10578	4.58752e-02
0.10541	4.56244e-02
0.10504	4.54312e-02
0.10467	4.53018e-02
0.10430	4.52348e-02
0.10394	4.52219e-02
0.10359	4.52478e-02
0.10327	4.52921e-02
0.10298	4.53317e-02
0.10274	4.53445e-02
0.10255	4.53162e-02
0.10242	4.52448e-02
0.10233	4.51385e-02
0.10228	4.50116e-02
0.10227	4.48794e-02
0.10229	4.47548e-02
0.10232	4.46476e-02
0.10237	4.45647e-02
0.10243	4.45105e-02
0.10251	4.44879e-02
0.10258	4.44988e-02
0.10266	4.45443e-02
0.10274	4.46252e-02
0.10281	4.47448e-02
0.10288	4.49016e-02
0.10294	4.50959e-02
0.10299	4.53276e-02
0.10302	4.55964e-02
0.10304	4.59017e-02
0.10305	4.62424e-02
0.10303	4.66169e-02
0.10299	4.70234e-02
0.10294	4.74594e-02
0.10286	4.79223e-02
0.10275	4.84088e-02
0.10262	4.89155e-02
0.10246	4.94307e-02
0.10227	4.99597e-02
0.10205	5.04986e-02
0.10181	5.10433e-02
0.10154	5.15901e-02
0.10125	5.21350e-02
0.10093	5.26740e-02
0.10058	5.32036e-02
0.10021	5.37198e-02
0.09981	5.42190e-02
0.09940	5.46976e-02
0.09896	5.51516e-02
0.09851	5.55772e-02
0.09805	5.59702e-02
0.09758	5.63262e-02
0.09710	5.66408e-02
0.09663	5.69091e-02
0.09617	5.71269e-02
0.09572	5.72905e-02
0.09530	5.73976e-02
0.09490	5.74479e-02
0.09453	5.74432e-02
0.09419	5.73882e-02
0.09388	5.72893e-02
0.09361	5.71544e-02
0.09337	5.69919e-02
0.09316	5.68097e-02
0.09299	5.66139e-02
0.09287	5.64072e-02
0.09278	5.61858e-02
0.09276	5.59334e-02
0.09283	5.56080e-02
0.09304	5.51240e-02
0.09347	5.43646e-02
0.09413	5.32845e-02
0.09496	5.19630e-02
0.09590	5.05047e-02
0.09691	4.89783e-02
0.09795	4.74224e-02
0.09903	4.58600e-02
0.10013	4.43061e-02
0.10125	4.27723e-02
0.10238	4.12678e-02
0.10351	3.98013e-02
0.10465	3.83810e-02
0.10580	3.70152e-02
0.10694	3.57124e-02
0.10807	3.44813e-02
0.10920	3.33310e-02
0.11031	3.22707e-02
0.11142	3.13097e-02
0.11250	3.04570e-02
0.11356	2.97210e-02
0.11460	2.91088e-02
0.11561	2.86261e-02
0.11660	2.82768e-02
0.11755	2.80622e-02
0.11848	2.79814e-02
0.11936	2.80309e-02
0.12021	2.82027e-02
0.12102	2.84920e-02
0.12179	2.88898e-02
0.12252	2.93862e-02
0.12321	2.99703e-02
0.12386	3.06315e-02
0.12446	3.13590e-02
0.12502	3.21428e-02
0.12553	3.29730e-02
0.12600	3.38405e-02
0.12642	3.47368e-02
0.12680	3.56539e-02
0.12713	3.65842e-02
0.12742	3.75203e-02
0.12767	3.84548e-02
0.12787	3.93805e-02
0.12803	4.02898e-02
0.12816	4.11746e-02
0.12825	4.20265e-02
0.12830	4.28364e-02
0.12833	4.35945e-02
0.12833	4.42905e-02
0.12832	4.49141e-02
0.12828	4.54553e-02
0.12823	4.59050e-02
0.12817	4.62567e-02
0.12810	4.65064e-02
0.12802	4.66541e-02
0.12793	4.67036e-02
0.12783	4.66620e-02
0.12771	4.65394e-02
0.12756	4.63475e-02
0.12739	4.60985e-02
0.12719	4.58046e-02
0.12694	4.54770e-02
0.12666	4.51259e-02
0.12632	4.47598e-02
0.12594	4.43861e-02
0.12550	4.40103e-02
0.12502	4.36370e-02
0.12447	4.32692e-02
0.12387	4.29088e-02
0.12321	4.25564e-02
0.12250	4.22117e-02
0.12173	4.18734e-02
0.12090	4.15393e-02
0.12002	4.12063e-02
0.11909	4.08707e-02
0.11810	4.05281e-02
0.11707	4.01737e-02
0.11599	3.98023e-02
0.11486	3.94087e-02
0.11370	3.89880e-02
0.11250	3.85355e-02
0.11126	3.80475e-02
0.10999	3.75216e-02
0.10869	3.69567e-02
0.10736	3.63534e-02
0.10600	3.57145e-02
0.10462	3.50444e-02
0.10321	3.43496e-02
0.10178	3.36384e-02
0.10033	3.29203e-02
0.09885	3.22061e-02
0.09734	3.15076e-02
0.09582	3.08368e-02
0.09427	3.02061e-02
0.09270	2.96274e-02
0.09111	2.91122e-02
0.08950	2.86709e-02
0.08788	2.83127e-02
0.08622	2.80328e-02
0.08456	2.78476e-02
0.08289	2.77612e-02
0.08121	2.77760e-02
0.07952	2.78947e-02
0.07783	2.81138e-02
0.07615	2.84340e-02
0.07447	2.88556e-02
0.07281	2.93781e-02
0.07116	2.99998e-02
0.06952	3.07158e-02
0.06791	3.15165e-02
0.06633	3.23796e-02
0.06482	3.32370e-02
0.06357	3.37445e-02
0.06291	3.33305e-02
0.06252	3.26430e-02
0.06220	3.20453e-02
0.06192	3.16152e-02
0.06167	3.13869e-02
0.06142	3.13646e-02
0.06118	3.15733e-02
0.06096	3.20099e-02
0.06075	3.26590e-02
0.06055	3.34935e-02
0.06039	3.44763e-02
0.06027	3.55614e-02
0.06023	3.66941e-02
0.06029	3.78059e-02
0.06059	3.86874e-02
0.06161	3.85865e-02
0.06294	3.80995e-02
0.06438	3.75255e-02
0.06590	3.68983e-02
0.06747	3.62305e-02
0.06908	3.55303e-02
0.07071	3.48052e-02
0.07236	3.40630e-02
0.07401	3.33125e-02
0.07566	3.25631e-02
0.07729	3.18246e-02
0.07889	3.11068e-02
0.08045	3.04383e-02
0.08197	2.98087e-02
0.08346	2.92255e-02
0.08489	2.86950e-02
0.08627	2.82231e-02
0.08759	2.78143e-02
0.08886	2.74726e-02
0.09006	2.72011e-02
0.09120	2.70016e-02
0.09228	2.68756e-02
0.09329	2.68230e-02
0.09423	2.68433e-02
0.09510	2.69346e-02
0.09590	2.70943e-02
0.09663	2.73186e-02
0.09728	2.76029e-02
0.09787	2.79415e-02
0.09838	2.83278e-02
0.09882	2.87540e-02
0.09920	2.92118e-02
0.09950	2.96918e-02
0.09975	3.01844e-02
0.09993	3.06795e-02
0.10005	3.11673e-02
0.10013	3.16387e-02
0.10015	3.20863e-02
0.10012	3.25053e-02
0.10006	3.28941e-02
0.09995	3.32547e-02
0.09980	3.35928e-02
0.09961	3.39170e-02
0.09939	3.42379e-02
0.09912	3.45672e-02
0.09881	3.49161e-02
0.09847	3.52952e-02
0.09809	3.57135e-02
0.09768	3.61785e-02
0.09724	3.66958e-02
0.09676	3.72690e-02
0.09627	3.78998e-02
0.09575	3.85880e-02
0.09523	3.93307e-02
0.09469	4.01223e-02
0.09417	4.09537e-02
0.09365	4.18108e-02
0.09317	4.26736e-02
0.09273	4.35147e-02
0.09237	4.43002e-02
0.09210	4.49954e-02
0.09195	4.55770e-02
0.09192	4.60444e-02
0.09200	4.64185e-02
0.09219	4.67287e-02
0.09248	4.69998e-02
0.09286	4.72457e-02
0.09334	4.74694e-02
0.09390	4.76637e-02
0.09458	4.78124e-02
0.09536	4.78924e-02
0.09628	4.78805e-02
0.09732	4.77630e-02
0.09848	4.75452e-02
0.09975	4.72505e-02
0.10110	4.69120e-02
0.10252	4.65626e-02
0.10398	4.62306e-02
0.10548	4.59383e-02
0.10700	4.57026e-02
0.10853	4.55356e-02
0.11008	4.54456e-02
0.11162	4.54379e-02
0.11316	4.55153e-02
0.11468	4.56787e-02
0.11620	4.59280e-02
0.11769	4.62620e-02
0.11916	4.66790e-02
0.12059	4.71772e-02
0.12199	4.77541e-02
0.12334	4.84044e-02
0.12464	4.91266e-02
0.12588	4.99162e-02
0.12707	5.07677e-02
0.12819	5.16748e-02
0.12925	5.26302e-02
0.13024	5.36255e-02
0.13115	5.46515e-02
0.13199	5.56980e-02
0.13273	5.67340e-02
0.13340	5.77652e-02
0.13399	5.87782e-02
0.13451	5.97589e-02
0.13496	6.06916e-02
0.13534	6.15602e-02
0.13565	6.23489e-02
0.13592	6.30446e-02
0.13612	6.36384e-02
0.13628	6.41285e-02
0.13638	6.45197e-02
0.13642	6.48224e-02
0.13639	6.50498e-02
0.13631	6.52111e-02
0.13615	6.53224e-02
0.13590	6.53943e-02
0.13558	6.54349e-02
0.13517	6.54505e-02
0.13468	6.54454e-02
0.13410	6.54225e-02
0.13344	6.53824e-02
0.13270	6.53243e-02
0.13189	6.52443e-02
0.13101	6.51350e-02
0.13008	6.49830e-02
0.12911	6.47653e-02
0.12812	6.44450e-02
0.12715	6.39699e-02
0.12624	6.32906e-02
0.12540	6.23799e-02
0.12461	6.12630e-02
0.12386	5.99898e-02
0.12312	5.86055e-02
0.12239	5.71414e-02
0.12166	5.56173e-02
0.12093	5.40464e-02
0.12020	5.24383e-02
0.11947	5.08018e-02
0.11875	4.91464e-02
0.11802	4.74836e-02
0.11730	4.58278e-02
0.11656	4.41957e-02
0.11583	4.26120e-02
0.11509	4.11014e-02
0.11434	3.96911e-02
0.11359	3.84105e-02
0.11283	3.72901e-02
0.11205	3.63598e-02
0.11126	3.56474e-02
0.11046	3.51765e-02
0.10964	3.49648e-02
0.10880	3.50219e-02
0.10795	3.53490e-02
0.10707	3.59390e-02
0.10618	3.67770e-02
0.10527	3.78426e-02
0.10434	3.91111e-02
0.10340	4.05557e-02
0.10245	4.21483e-02
0.10149	4.38600e-02
0.10053	4.56604e-02
0.09958	4.75143e-02
0.09865	4.93763e-02
0.09777	5.11786e-02
0.09702	5.28245e-02
0.09643	5.42319e-02
0.09600	5.54232e-02
0.09570	5.64831e-02
0.09550	5.74462e-02
0.09543	5.82701e-02
0.09554	5.88817e-02
0.09580	5.92815e-02
0.09618	5.95504e-02
0.09663	5.97768e-02
0.09711	6.00139e-02
0.09759	6.02870e-02
0.09808	6.06062e-02
0.09855	6.09734e-02
0.09902	6.13860e-02
0.09947	6.18382e-02
0.09991	6.23222e-02
0.10035	6.28285e-02
0.10077	6.33467e-02
0.10119	6.38647e-02
0.10162	6.43698e-02
0.10205	6.48485e-02
0.10249	6.52868e-02
0.10295	6.56714e-02
0.10343	6.59903e-02
0.10393	6.62348e-02
0.10446	6.64001e-02
0.10503	6.64944e-02
0.10561	6.65132e-02
0.10620	6.64624e-02
0.10680	6.63495e-02
0.10740	6.61830e-02
0.10799	6.59713e-02
0.10856	6.57235e-02
0.10911	6.54486e-02
0.10963	6.51558e-02
0.11012	6.48469e-02
0.11057	6.45383e-02
0.11097	6.42381e-02
0.11132	6.39533e-02
0.11161	6.36899e-02
0.11185	6.34529e-02
0.11203	6.32463e-02
0.11215	6.30730e-02
0.11221	6.29350e-02
0.11221	6.28333e-02
0.11214	6.27682e-02
0.11202	6.27389e-02
0.11183	6.27437e-02
0.11156	6.27828e-02
0.11123	6.28529e-02
0.11085	6.29473e-02
0.11043	6.30543e-02
0.10997	6.31526e-02
0.10951	6.31987e-02
0.10910	6.31035e-02
0.10881	6.27303e-02
0.10867	6.20230e-02
0.10863	6.10934e-02
0.10860	6.00689e-02
0.10855	5.90194e-02
0.10846	5.79785e-02
0.10832	5.69624e-02
0.10813	5.59781e-02
0.10788	5.50097e-02
0.10758	5.40641e-02
0.10726	5.31188e-02
0.10693	5.21254e-02
0.10664	5.09970e-02
0.10644	4.96338e-02
0.10632	4.80122e-02
0.10625	4.62032e-02
0.10618	4.42904e-02
0.10608	4.23298e-02
0.10596	4.03554e-02
0.10578	3.83896e-02
0.10557	3.64495e-02
0.10528	3.45805e-02
0.10495	3.27659e-02
0.10456	3.10198e-02
0.10413	2.93571e-02
0.10365	2.77940e-02
0.10312	2.63481e-02
0.10254	2.50382e-02
0.10192	2.38837e-02
0.10126	2.29033e-02
0.10055	2.21136e-02
0.09982	2.15265e-02
0.09904	2.11471e-02
0.09824	2.09716e-02
0.09741	2.09860e-02
0.09656	2.11663e-02
0.09570	2.14792e-02
0.09484	2.18849e-02
0.09398	2.23394e-02
0.09314	2.27988e-02
0.09233	2.32242e-02
0.09156	2.35884e-02
0.09083	2.38814e-02
0.09014	2.41140e-02
0.08949	2.43155e-02
0.08887	2.45265e-02
0.08826	2.47909e-02
0.08766	2.51483e-02
0.08706	2.56290e-02
0.08644	2.62519e-02
0.08582	2.70243e-02
0.08517	2.79360e-02
0.08451	2.89786e-02
0.08383	3.01256e-02
0.08316	3.13344e-02
0.08253	3.25316e-02
0.08196	3.36249e-02
0.08153	3.45012e-02
0.08124	3.51382e-02
0.08106	3.56387e-02
0.08094	3.61187e-02
0.08086	3.66438e-02
0.08080	3.72358e-02
0.08077	3.78866e-02
0.08079	3.85649e-02
0.08087	3.92182e-02
0.08104	3.97860e-02
0.08133	4.02339e-02
0.08172	4.05814e-02
0.08218	4.08816e-02
0.08268	4.11840e-02
0.08321	4.15257e-02
0.08375	4.19153e-02
0.08430	4.23536e-02
0.08485	4.28313e-02
0.08542	4.33299e-02
0.08600	4.38233e-02
0.08661	4.42796e-02
0.08727	4.46683e-02
0.08796	4.49691e-02
0.08871	4.51826e-02
0.08948	4.53142e-02
0.09028	4.53789e-02
0.09108	4.53896e-02
0.09188	4.53537e-02
0.09267	4.52736e-02
0.09346	4.51481e-02
0.09423	4.49758e-02
0.09499	4.47582e-02
0.09573	4.45014e-02
0.09644	4.42166e-02
0.09712	4.39175e-02
0.09776	4.36193e-02
0.09835	4.33546e-02
0.09889	4.31192e-02
0.09937	4.29244e-02
0.09980	4.27797e-02
0.10018	4.26924e-02
0.10050	4.26681e-02
0.10076	4.27099e-02
0.10098	4.28187e-02
0.10114	4.29928e-02
0.10126	4.32281e-02
0.10134	4.35173e-02
0.10138	4.38512e-02
0.10140	4.42181e-02
0.10140	4.46058e-02
0.10138	4.50030e-02
0.10136	4.54008e-02
0.10134	4.57950e-02
0.10132	4.61860e-02
0.10130	4.65782e-02
0.10127	4.69781e-02
0.10125	4.73922e-02
0.10121	4.78258e-02
0.10117	4.82814e-02
0.10113	4.87590e-02
0.10109	4.92554e-02
0.10104	4.97648e-02
0.10101	5.02787e-02
0.10098	5.07866e-02
0.10097	5.12745e-02
0.10099	5.17313e-02
0.10104	5.21444e-02
0.10112	5.25033e-02
0.10125	5.28007e-02
0.10143	5.30340e-02
0.10165	5.32051e-02
0.10191	5.33201e-02
0.10220	5.33870e-02
0.10253	5.34146e-02
0.10288	5.34111e-02
0.10326	5.33825e-02
0.10365	5.33325e-02
0.10406	5.32613e-02
0.10448	5.31653e-02
0.10493	5.30367e-02
0.10540	5.28632e-02
0.10591	5.26299e-02
0.10645	5.23216e-02
0.10703	5.19278e-02
0.10765	5.14465e-02
0.10829	5.08858e-02
0.10896	5.02605e-02
0.10964	4.95881e-02
0.11032	4.88851e-02
0.11099	4.81646e-02
0.11164	4.74370e-02
0.11228	4.67092e-02
0.11290	4.59860e-02
0.11350	4.52705e-02
0.11406	4.45712e-02
0.11461	4.38821e-02
0.11512	4.32043e-02
0.11561	4.25395e-02
0.11606	4.18852e-02
0.11648	4.12473e-02
0.11687	4.06293e-02
0.11723	4.00351e-02
0.11756	3.94695e-02
0.11785	3.89377e-02
0.11811	3.84453e-02
0.11832	3.79981e-02
0.11850	3.76022e-02
0.11864	3.72631e-02
0.11873	3.69862e-02
0.11878	3.67762e-02
0.11879	3.66371e-02
0.11875	3.65719e-02
0.11867	3.65824e-02
0.11854	3.66696e-02
0.11838	3.68269e-02
0.11817	3.70563e-02
0.11792	3.73553e-02
0.11763	3.77210e-02
0.11730	3.81492e-02
0.11693	3.86355e-02
0.11653	3.91746e-02
0.11609	3.97609e-02
0.11561	4.03882e-02
0.11512	4.10600e-02
0.11461	4.17592e-02
0.11408	4.24761e-02
0.11353	4.31984e-02
0.11297	4.39098e-02
0.11241	4.45873e-02
0.11187	4.51977e-02
0.11137	4.56944e-02
0.11093	4.60199e-02
0.11059	4.61231e-02
0.11035	4.59922e-02
0.11019	4.56678e-02
0.11009	4.52190e-02
0.10998	4.46925e-02
0.10988	4.41554e-02
0.10978	4.36397e-02
0.10966	4.31652e-02
0.10953	4.27437e-02
0.10937	4.23808e-02
0.10920	4.20780e-02
0.10902	4.18335e-02
0.10882	4.16430e-02
0.10862	4.14999e-02
0.10840	4.13962e-02
0.10819	4.13228e-02
0.10799	4.12699e-02
0.10779	4.12277e-02
0.10761	4.11870e-02
0.10745	4.11423e-02
0.10731	4.10860e-02
0.10720	4.10144e-02
0.10711	4.09266e-02
0.10704	4.08241e-02
0.10700	4.07107e-02
0.10698	4.05916e-02
0.10698	4.04730e-02
0.10699	4.03611e-02
0.10702	4.02622e-02
0.10706	4.01818e-02
0.10711	4.01247e-02
0.10716	4.00945e-02
0.10721	4.00960e-02
0.10726	4.01286e-02
0.10731	4.01927e-02
0.10736	4.02873e-02
0.10741	4.04097e-02
0.10746	4.05543e-02
0.10750	4.07104e-02
0.10756	4.08567e-02
0.10763	4.09504e-02
0.10776	4.09240e-02
0.10793	4.07449e-02
0.10815	4.04669e-02
0.10837	4.01552e-02
0.10858	3.98430e-02
0.10879	3.95422e-02
0.10898	3.92547e-02
0.10916	3.89782e-02
0.10933	3.87083e-02
0.10948	3.84398e-02
0.10963	3.81670e-02
0.10977	3.78846e-02
0.10991	3.75881e-02
0.11003	3.72734e-02
0.11016	3.69379e-02
0.11027	3.65800e-02
0.11038	3.61997e-02
0.11048	3.57986e-02
0.11057	3.53796e-02
0.11064	3.49472e-02
0.11070	3.45075e-02
0.11075	3.40657e-02
0.11077	3.36319e-02
0.11076	3.32148e-02
0.11072	3.28233e-02
0.11064	3.24650e-02
0.11053	3.21500e-02
0.11037	3.18863e-02
0.11016	3.16813e-02
0.10991	3.15410e-02
0.10961	3.14702e-02
0.10925	3.14720e-02
0.10885	3.15481e-02
0.10839	3.16986e-02
0.10788	3.19218e-02
0.10732	3.22147e-02
0.10671	3.25728e-02
0.10605	3.29902e-02
0.10534	3.34602e-02
0.10458	3.39746e-02
0.10379	3.45245e-02
0.10295	3.50905e-02
0.10208	3.56699e-02
0.10118	3.62507e-02
0.10027	3.68191e-02
0.09934	3.73597e-02
0.09841	3.78551e-02
0.09749	3.82854e-02
0.09659	3.86288e-02
0.09572	3.88622e-02
0.09489	3.89593e-02
0.09412	3.89060e-02
0.09341	3.86923e-02
0.09276	3.83189e-02
0.09217	3.77968e-02
0.09164	3.71443e-02
0.09115	3.63829e-02
0.09068	3.55343e-02
0.09025	3.46185e-02
0.08982	3.36537e-02
0.08940	3.26562e-02
0.08899	3.16408e-02
0.08858	3.06215e-02
0.08817	2.96171e-02
0.08776	2.86369e-02
0.08734	2.76918e-02
0.08691	2.67910e-02
0.08646	2.59414e-02
0.08602	2.51474e-02
0.08557	2.44103e-02
0.08512	2.37289e-02
0.08467	2.31000e-02
0.08424	2.25205e-02
0.08382	2.19894e-02
0.08343	2.15099e-02
0.08306	2.10908e-02
0.08271	2.07463e-02
0.08239	2.04936e-02
0.08211	2.03620e-02
0.08186	2.03608e-02
0.08163	2.05029e-02
0.08144	2.07969e-02
0.08127	2.12476e-02
0.08113	2.18560e-02
0.08101	2.26205e-02
0.08093	2.35366e-02
0.08087	2.45969e-02
0.08084	2.57907e-02
0.08084	2.71035e-02
0.08086	2.85158e-02
0.08092	3.00013e-02
0.08102	3.15156e-02
0.08118	3.30035e-02
0.08145	3.43628e-02
0.08191	3.54382e-02
0.08260	3.60949e-02
0.08354	3.63655e-02
0.08462	3.64121e-02
0.08580	3.63755e-02
0.08701	3.63359e-02
0.08825	3.63323e-02
0.08951	3.63790e-02
0.09076	3.64727e-02
0.09203	3.65923e-02
0.09331	3.66941e-02
0.09462	3.67110e-02
0.09599	3.65798e-02
0.09740	3.62931e-02
0.09883	3.59014e-02
0.10024	3.54648e-02
0.10161	3.50258e-02
0.10293	3.46097e-02
0.10419	3.42311e-02
0.10539	3.38979e-02
0.10651	3.36140e-02
0.10756	3.33809e-02
0.10853	3.31981e-02
0.10942	3.30637e-02
0.11023	3.29751e-02
0.11096	3.29287e-02
0.11161	3.29203e-02
0.11218	3.29453e-02
0.11266	3.29991e-02
0.11307	3.30766e-02
0.11340	3.31732e-02
0.11364	3.32831e-02
0.11381	3.34030e-02
0.11391	3.35299e-02
0.11393	3.36619e-02
0.11389	3.37980e-02
0.11377	3.39390e-02
0.11359	3.40869e-02
0.11334	3.42454e-02
0.11302	3.44195e-02
0.11264	3.46151e-02
0.11219	3.48395e-02
0.11168	3.50999e-02
0.11109	3.54041e-02
0.11044	3.57592e-02
0.10972	3.61717e-02
0.10894	3.66472e-02
0.10808	3.71860e-02
0.10714	3.77946e-02
0.10615	3.84742e-02
0.10508	3.92239e-02
0.10394	4.00415e-02
0.10274	4.09228e-02
0.10147	4.18619e-02
0.10014	4.28513e-02
0.09875	4.38812e-02
0.09733	4.49397e-02
0.09586	4.60117e-02
0.09437	4.70783e-02
0.09286	4.81164e-02
0.09135	4.91001e-02
0.08987	5.00056e-02
0.08843	5.08206e-02
0.08703	5.15525e-02
0.08568	5.22252e-02
0.08435	5.28689e-02
0.08305	5.35081e-02
0.08176	5.41555e-02
0.08050	5.47958e-02
0.07938	5.52682e-02
0.07877	5.50756e-02
0.07842	5.45862e-02
0.07812	5.41245e-02
0.07783	5.37345e-02
0.07756	5.34173e-02
0.07731	5.31631e-02
0.07710	5.29599e-02
0.07693	5.27989e-02
0.07680	5.26775e-02
0.07671	5.25967e-02
0.07667	5.25487e-02
0.07671	5.24717e-02
0.07704	5.20661e-02
0.07786	5.10087e-02
0.07888	4.96842e-02
0.07994	4.83347e-02
0.08098	4.70275e-02
0.08200	4.57905e-02
0.08297	4.46411e-02
0.08391	4.35926e-02
0.08479	4.26561e-02
0.08562	4.18410e-02
0.08640	4.11546e-02
0.08712	4.06025e-02
0.08778	4.01879e-02
0.08838	3.99115e-02
0.08892	3.97713e-02
0.08939	3.97607e-02
0.08980	3.98746e-02
0.09014	4.01027e-02
0.09043	4.04322e-02
0.09066	4.08480e-02
0.09084	4.13328e-02
0.09096	4.18672e-02
0.09105	4.24300e-02
0.09110	4.29986e-02
0.09112	4.35506e-02
0.09112	4.40648e-02
0.09112	4.45244e-02
0.09110	4.49188e-02
0.09108	4.52443e-02
0.09105	4.55037e-02
0.09101	4.57042e-02
0.09095	4.58557e-02
0.09087	4.59685e-02
0.09076	4.60529e-02
0.09062	4.61175e-02
0.09045	4.61693e-02
0.09023	4.62133e-02
0.08998	4.62525e-02
0.08969	4.62883e-02
0.08936	4.63201e-02
0.08899	4.63457e-02
0.08858	4.63616e-02
0.08815	4.63625e-02
0.08769	4.63423e-02
0.08720	4.62936e-02
0.08671	4.61971e-02
0.08621	4.60572e-02
0.08570	4.58676e-02
0.08519	4.56240e-02
0.08469	4.53230e-02
0.08419	4.49661e-02
0.08370	4.45562e-02
0.08321	4.40978e-02
0.08273	4.35959e-02
0.08225	4.30554e-02
0.08178	4.24810e-02
0.08131	4.18765e-02
0.08085	4.12453e-02
0.08041	4.05905e-02
0.07997	3.99155e-02
0.07955	3.92242e-02
0.07915	3.85218e-02
0.07876	3.78147e-02
0.07839	3.71109e-02
0.07805	3.64200e-02
0.07771	3.57517e-02
0.07740	3.51197e-02
0.07710	3.45355e-02
0.07682	3.40100e-02
0.07656	3.35524e-02
0.07632	3.31697e-02
0.07610	3.28661e-02
0.07591	3.26426e-02
0.07574	3.24973e-02
0.07562	3.24200e-02
0.07552	3.24112e-02
0.07547	3.24657e-02
0.07545	3.25799e-02
0.07548	3.27526e-02
0.07553	3.29850e-02
0.07562	3.32806e-02
0.07573	3.36436e-02
0.07587	3.40776e-02
0.07602	3.45842e-02
0.07617	3.51611e-02
0.07634	3.58013e-02
0.07652	3.64915e-02
0.07672	3.72381e-02
0.07694	3.79918e-02
0.07718	3.87263e-02
0.07746	3.94259e-02
0.07776	4.00946e-02
0.07808	4.07519e-02
0.07839	4.14204e-02
0.07868	4.21172e-02
0.07894	4.28522e-02
0.07916	4.36287e-02
0.07935	4.44457e-02
0.07949	4.52987e-02
0.07959	4.61815e-02
0.07966	4.70869e-02
0.07968	4.80076e-02
0.07967	4.89319e-02
0.07962	4.98600e-02
0.07954	5.07879e-02
0.07943	5.17122e-02
0.07930	5.26296e-02
0.07915	5.35354e-02
0.07898	5.44235e-02
0.07881	5.52851e-02
0.07865	5.61077e-02
0.07850	5.68748e-02
0.07840	5.75643e-02
0.07837	5.81496e-02
0.07842	5.86015e-02
0.07861	5.88856e-02
0.07893	5.89855e-02
0.07940	5.88893e-02
0.08001	5.86036e-02
0.08074	5.81577e-02
0.08154	5.75945e-02
0.08239	5.69559e-02
0.08326	5.62753e-02
0.08413	5.55777e-02
0.08499	5.48817e-02
0.08583	5.42017e-02
0.08665	5.35489e-02
0.08743	5.29326e-02
0.08818	5.23601e-02
0.08890	5.18376e-02
0.08957	5.13695e-02
0.09021	5.09578e-02
0.09081	5.06010e-02
0.09138	5.02874e-02
0.09195	4.99780e-02
0.09257	4.95687e-02
0.09328	4.89720e-02
0.09404	4.82766e-02
0.09478	4.75795e-02
0.09551	4.69220e-02
0.09620	4.63228e-02
0.09685	4.57928e-02
0.09747	4.53395e-02
0.09805	4.49685e-02
0.09859	4.46843e-02
0.09912	4.44816e-02
0.09961	4.43713e-02
0.10007	4.43543e-02
0.10049	4.44304e-02
0.10089	4.45976e-02
0.10125	4.48528e-02
0.10159	4.51914e-02
0.10190	4.56070e-02
0.10218	4.60919e-02
0.10244	4.66367e-02
0.10269	4.72301e-02
0.10291	4.78592e-02
0.10313	4.85094e-02
0.10333	4.91643e-02
0.10354	4.98063e-02
0.10376	5.04170e-02
0.10398	5.09784e-02
0.10423	5.14743e-02
0.10450	5.18919e-02
0.10479	5.22235e-02
0.10511	5.24672e-02
0.10545	5.26268e-02
0.10579	5.27106e-02
0.10614	5.27302e-02
0.10649	5.26985e-02
0.10681	5.26281e-02
0.10712	5.25309e-02
0.10739	5.24170e-02
0.10763	5.22948e-02
0.10784	5.21649e-02
0.10799	5.20379e-02
0.10811	5.19175e-02
0.10817	5.18064e-02
0.10818	5.17060e-02
0.10813	5.16171e-02
0.10804	5.15398e-02
0.10790	5.14738e-02
0.10770	5.14180e-02
0.10746	5.13715e-02
0.10718	5.13329e-02
0.10686	5.13007e-02
0.10650	5.12735e-02
0.10611	5.12480e-02
0.10568	5.12235e-02
0.10523	5.11998e-02
0.10476	5.11770e-02
0.10428	5.11559e-02
0.10378	5.11385e-02
0.10327	5.11277e-02
0.10276	5.11277e-02
0.10224	5.11435e-02
0.10172	5.11813e-02
0.10120	5.12480e-02
0.10067	5.13508e-02
0.10015	5.14970e-02
0.09963	5.16936e-02
0.09912	5.19468e-02
0.09861	5.22567e-02
0.09811	5.26331e-02
0.09761	5.30775e-02
0.09713	5.35894e-02
0.09666	5.41666e-02
0.09621	5.48055e-02
0.09579	5.55031e-02
0.09539	5.62576e-02
0.09503	5.70706e-02
0.09468	5.79464e-02
0.09436	5.88922e-02
0.09406	5.99154e-02
0.09377	6.10215e-02
0.09349	6.22084e-02
0.09357	6.29538e-02
0.09457	6.24320e-02
0.09560	6.19635e-02
0.09663	6.15861e-02
0.09766	6.13064e-02
0.09868	6.11276e-02
0.09970	6.10512e-02
0.10070	6.10767e-02
0.10169	6.12019e-02
0.10267	6.14227e-02
0.10364	6.17332e-02
0.10460	6.21258e-02
0.10554	6.25915e-02
0.10648	6.31205e-02
0.10740	6.37030e-02
0.10832	6.43299e-02
0.10923	6.49936e-02
0.11014	6.56887e-02
0.11103	6.64117e-02
0.11191	6.71606e-02
0.11277	6.79349e-02
0.11360	6.87343e-02
0.11441	6.95586e-02
0.11519	7.04073e-02
0.11594	7.12793e-02
0.11664	7.21729e-02
0.11731	7.30856e-02
0.11793	7.40146e-02
0.11851	7.49561e-02
0.11903	7.59003e-02
0.11950	7.68492e-02
0.11993	7.77978e-02
0.12032	7.87410e-02
0.12064	7.96843e-02
0.12091	8.06105e-02
0.12115	8.15135e-02
0.12134	8.23872e-02
0.12150	8.32255e-02
0.12163	8.40227e-02
0.12172	8.47744e-02
0.12179	8.54774e-02
0.12183	8.61308e-02
0.12185	8.67360e-02
0.12184	8.72961e-02
0.12180	8.78160e-02
0.12173	8.83008e-02
0.12162	8.87556e-02
0.12148	8.91848e-02
0.12130	8.95917e-02
0.12111	8.99917e-02
0.12088	9.03715e-02
0.12062	9.07315e-02
0.12033	9.10710e-02
0.12002	9.13881e-02
0.11968	9.16789e-02
0.11933	9.19365e-02
0.11898	9.21475e-02
0.11864	9.22893e-02
0.11835	9.23382e-02
0.11809	9.22935e-02
0.11786	9.21764e-02
0.11765	9.20058e-02
0.11744	9.17911e-02
0.11723	9.15362e-02
0.11702	9.12422e-02
0.11681	9.09077e-02
0.11662	9.05281e-02
0.11644	9.00892e-02
0.11631	8.95439e-02
0.11633	8.87681e-02
0.11654	8.77162e-02
0.11683	8.64949e-02
0.11715	8.51992e-02
0.11747	8.38530e-02
0.11779	8.24673e-02
0.11809	8.10497e-02
0.11838	7.96066e-02
0.11865	7.81443e-02
0.11889	7.66689e-02
0.11911	7.51873e-02
0.11931	7.37063e-02
0.11947	7.22331e-02
0.11961	7.07752e-02
0.11971	6.93404e-02
0.11979	6.79368e-02
0.11982	6.65725e-02
0.11983	6.52638e-02
0.11979	6.40108e-02
0.11973	6.28216e-02
0.11962	6.17040e-02
0.11948	6.06657e-02
0.11929	5.97136e-02
0.11907	5.88541e-02
0.11882	5.80925e-02
0.11852	5.74334e-02
0.11818	5.68798e-02
0.11781	5.64336e-02
0.11740	5.60951e-02
0.11695	5.58625e-02
0.11646	5.57318e-02
0.11594	5.56970e-02
0.11539	5.57459e-02
0.11482	5.58471e-02
0.11430	5.58436e-02
0.11406	5.52813e-02
0.11395	5.44562e-02
0.11383	5.36353e-02
0.11369	5.28519e-02
0.11353	5.21033e-02
0.11334	5.13779e-02
0.11315	5.06610e-02
0.11294	4.99372e-02
0.11273	4.91935e-02
0.11253	4.84227e-02
0.11232	4.76251e-02
0.11211	4.68101e-02
0.11188	4.59953e-02
0.11164	4.52041e-02
0.11138	4.44632e-02
0.11107	4.38003e-02
0.11073	4.32418e-02
0.11034	4.28117e-02
0.10991	4.25303e-02
0.10942	4.24137e-02
0.10888	4.24727e-02
0.10830	4.27128e-02
0.10766	4.31340e-02
0.10699	4.37303e-02
0.10627	4.44900e-02
0.10553	4.53929e-02
0.10476	4.64163e-02
0.10400	4.75260e-02
0.10325	4.86741e-02
0.10255	4.97954e-02
0.10196	5.08023e-02
0.10151	5.16125e-02
0.10125	5.22005e-02
0.10113	5.26216e-02
0.10112	5.29681e-02
0.10119	5.33169e-02
0.10130	5.37159e-02
0.10144	5.41888e-02
0.10161	5.47435e-02
0.10180	5.53776e-02
0.10203	5.60826e-02
0.10228	5.68469e-02
0.10258	5.76590e-02
0.10292	5.85090e-02
0.10329	5.93909e-02
0.10370	6.03072e-02
0.10414	6.12525e-02
0.10461	6.22253e-02
0.10511	6.32202e-02
0.10564	6.42247e-02
0.10621	6.52145e-02
0.10685	6.61479e-02
0.10759	6.69671e-02
0.10845	6.76245e-02
0.10941	6.81404e-02
0.11044	6.85486e-02
0.11152	6.89052e-02
0.11260	6.92489e-02
0.11367	6.96012e-02
0.11471	6.99717e-02
0.11573	7.03638e-02
0.11671	7.07767e-02
0.11765	7.12074e-02
0.11855	7.16515e-02
0.11940	7.21039e-02
0.12021	7.25590e-02
0.12098	7.30111e-02
0.12169	7.34490e-02
0.12235	7.38724e-02
0.12296	7.42758e-02
0.12352	7.46540e-02
0.12404	7.50022e-02
0.12450	7.53158e-02
0.12492	7.55908e-02
0.12528	7.58232e-02
0.12560	7.60097e-02
0.12586	7.61472e-02
0.12607	7.62330e-02
0.12623	7.62647e-02
0.12633	7.62405e-02
0.12638	7.61586e-02
0.12638	7.60179e-02
0.12632	7.58103e-02
0.12619	7.55425e-02
0.12602	7.52143e-02
0.12579	7.48259e-02
0.12550	7.43776e-02
0.12516	7.38703e-02
0.12477	7.33054e-02
0.12432	7.26844e-02
0.12382	7.20099e-02
0.12327	7.12847e-02
0.12266	7.05124e-02
0.12200	6.96970e-02
0.12129	6.88434e-02
0.12053	6.79519e-02
0.11971	6.70325e-02
0.11885	6.60911e-02
0.11794	6.51340e-02
0.11698	6.41678e-02
0.11598	6.31990e-02
0.11493	6.22344e-02
0.11385	6.12807e-02
0.11273	6.03447e-02
0.11158	5.94330e-02
0.11039	5.85520e-02
0.10919	5.77078e-02
0.10796	5.69059e-02
0.10672	5.61507e-02
0.10546	5.54453e-02
0.10420	5.47906e-02
0.10295	5.41847e-02
0.10171	5.36215e-02
0.10050	5.30900e-02
0.09933	5.25734e-02
0.09822	5.20495e-02
0.09719	5.14939e-02
0.09625	5.08873e-02
0.09540	5.02240e-02
0.09465	4.95162e-02
0.09399	4.87910e-02
0.09339	4.80806e-02
0.09284	4.74150e-02
0.09234	4.68168e-02
0.09187	4.63004e-02
0.09143	4.58732e-02
0.09101	4.55316e-02
0.09064	4.52646e-02
0.09030	4.50504e-02
0.09001	4.48431e-02
0.08981	4.45977e-02
0.08971	4.42468e-02
0.08974	4.37377e-02
0.08990	4.30652e-02
0.09015	4.22685e-02
0.09047	4.13972e-02
0.09083	4.04913e-02
0.09122	3.95791e-02
0.09162	3.86808e-02
0.09201	3.78118e-02
0.09240	3.69849e-02
0.09277	3.62116e-02
0.09313	3.55025e-02
0.09346	3.48673e-02
0.09376	3.43152e-02
0.09402	3.38545e-02
0.09425	3.34919e-02
0.09443	3.32329e-02
0.09457	3.30809e-02
0.09466	3.30377e-02
0.09471	3.31027e-02
0.09470	3.32734e-02
0.09464	3.35454e-02
0.09453	3.39128e-02
0.09440	3.43532e-02
0.09421	3.48741e-02
0.09396	3.54668e-02
0.09367	3.61221e-02
0.09332	3.68307e-02
0.09293	3.75827e-02
0.09249	3.83683e-02
0.09201	3.91771e-02
0.09149	3.99974e-02
0.09094	4.08151e-02
0.09037	4.16110e-02
0.08979	4.23552e-02
0.08924	4.29961e-02
0.08879	4.34693e-02
0.08845	4.36840e-02
0.08823	4.36136e-02
0.08811	4.33269e-02
0.08805	4.29147e-02
0.08800	4.24404e-02
0.08797	4.19429e-02
0.08793	4.14476e-02
0.08788	4.09736e-02
0.08782	4.05370e-02
0.08773	4.01514e-02
0.08763	3.98286e-02
0.08750	3.95786e-02
0.08735	3.94088e-02
0.08717	3.93243e-02
0.08696	3.93276e-02
0.08673	3.94173e-02
0.08647	3.95892e-02
0.08620	3.98357e-02
0.08590	4.01461e-02
0.08559	4.05065e-02
0.08527	4.08997e-02
0.08496	4.13056e-02
0.08466	4.17021e-02
0.08439	4.20656e-02
0.08415	4.23736e-02
0.08396	4.26069e-02
0.08383	4.27522e-02
0.08376	4.28042e-02
0.08374	4.27641e-02
0.08379	4.26393e-02
0.08389	4.24406e-02
0.08404	4.21811e-02
0.08422	4.18755e-02
0.08444	4.15404e-02
0.08468	4.11950e-02
0.08494	4.08607e-02
0.08521	4.05611e-02
0.08547	4.03203e-02
0.08571	4.01620e-02
0.08594	4.01079e-02
0.08614	4.01768e-02
0.08630	4.03840e-02
0.08643	4.07404e-02
0.08651	4.12529e-02
0.08655	4.19238e-02
0.08653	4.27514e-02
0.08647	4.37301e-02
0.08635	4.48515e-02
0.08618	4.61039e-02
0.08596	4.74740e-02
0.08569	4.89460e-02
0.08538	5.05026e-02
0.08502	5.21247e-02
0.08462	5.37899e-02
0.08421	5.54717e-02
0.08379	5.71357e-02
0.08340	5.87335e-02
0.08310	6.01912e-02
0.08296	6.14307e-02
0.08301	6.23964e-02
0.08326	6.30946e-02
0.08369	6.35600e-02
0.08426	6.38334e-02
0.08496	6.39380e-02
0.08576	6.38853e-02
0.08667	6.36806e-02
0.08766	6.33302e-02
0.08873	6.28458e-02
0.08985	6.22445e-02
0.09102	6.15464e-02
0.09220	6.07718e-02
0.09339	5.99391e-02
0.09457	5.90650e-02
0.09574	5.81642e-02
0.09689	5.72496e-02
0.09801	5.63329e-02
0.09910	5.54245e-02
0.10015	5.45374e-02
0.10116	5.36761e-02
0.10214	5.28481e-02
0.10308	5.20597e-02
0.10398	5.13156e-02
0.10485	5.06190e-02
0.10569	4.99711e-02
0.10650	4.93709e-02
0.10727	4.88158e-02
0.10803	4.82999e-02
0.10877	4.78189e-02
0.10950	4.73677e-02
0.11020	4.69427e-02
0.11089	4.65420e-02
0.11157	4.61661e-02
0.11222	4.58171e-02
0.11286	4.54982e-02
0.11347	4.52133e-02
0.11406	4.49657e-02
0.11462	4.47581e-02
0.11516	4.45920e-02
0.11567	4.44678e-02
0.11612	4.43877e-02
0.11653	4.43509e-02
0.11693	4.43543e-02
0.11729	4.43942e-02
0.11762	4.44663e-02
0.11793	4.45664e-02
0.11821	4.46906e-02
0.11847	4.48357e-02
0.11871	4.49990e-02
0.11892	4.51788e-02
0.11910	4.53743e-02
0.11927	4.55848e-02
0.11940	4.58105e-02
0.11952	4.60512e-02
0.11961	4.63068e-02
0.11966	4.65646e-02
0.11969	4.68360e-02
0.11970	4.71195e-02
0.11968	4.74133e-02
0.11963	4.77145e-02
0.11956	4.80196e-02
0.11947	4.83242e-02
0.11936	4.86231e-02
0.11922	4.89105e-02
0.11907	4.91802e-02
0.11890	4.94264e-02
0.11871	4.96439e-02
0.11850	4.98294e-02
0.11828	4.99801e-02
0.11804	5.00997e-02
0.11778	5.01927e-02
0.11749	5.02650e-02
0.11717	5.03233e-02
0.11683	5.03739e-02
0.11644	5.04223e-02
0.11603	5.04726e-02
0.11557	5.05280e-02
0.11507	5.05902e-02
0.11453	5.06604e-02
0.11395	5.07390e-02
0.11333	5.08260e-02
0.11267	5.09213e-02
0.11198	5.10246e-02
0.11124	5.11357e-02
0.11047	5.12544e-02
0.10970	5.12913e-02
0.10925	5.05909e-02
0.10874	4.99662e-02
0.10816	4.94281e-02
0.10752	4.89800e-02
0.10682	4.86247e-02
0.10607	4.83635e-02
0.10526	4.81965e-02
0.10441	4.81222e-02
0.10350	4.81372e-02
0.10256	4.82360e-02
0.10159	4.84109e-02
0.10060	4.86515e-02
0.09960	4.89734e-02
0.09860	4.93341e-02
0.09760	4.97145e-02
0.09664	5.00929e-02
0.09570	5.04454e-02
0.09483	5.07490e-02
0.09402	5.09824e-02
0.09330	5.11289e-02
0.09268	5.11792e-02
0.09215	5.11318e-02
0.09171	5.09924e-02
0.09137	5.07676e-02
0.09115	5.04161e-02
0.09117	4.96974e-02
0.09138	4.87175e-02
0.09166	4.76652e-02
0.09198	4.65880e-02
0.09233	4.55108e-02
0.09270	4.44520e-02
0.09309	4.34272e-02
0.09346	4.24518e-02
0.09384	4.15351e-02
0.09421	4.06871e-02
0.09457	3.99161e-02
0.09492	3.92294e-02
0.09526	3.86328e-02
0.09558	3.81306e-02
0.09588	3.77256e-02
0.09616	3.74189e-02
0.09643	3.72061e-02
0.09669	3.70864e-02
0.09693	3.70545e-02
0.09716	3.71027e-02
0.09738	3.72215e-02
0.09760	3.73985e-02
0.09782	3.76196e-02
0.09804	3.78686e-02
0.09827	3.81279e-02
0.09852	3.83798e-02
0.09880	3.86075e-02
0.09910	3.87975e-02
0.09944	3.89410e-02
0.09979	3.90383e-02
0.10018	3.90902e-02
0.10058	3.91067e-02
0.10101	3.91019e-02
0.10145	3.90924e-02
0.10189	3.90952e-02
0.10233	3.91262e-02
0.10276	3.91998e-02
0.10317	3.93274e-02
0.10356	3.95178e-02
0.10392	3.97768e-02
0.10425	4.01069e-02
0.10455	4.05078e-02
0.10482	4.09768e-02
0.10506	4.15085e-02
0.10526	4.20860e-02
0.10543	4.27114e-02
0.10556	4.33756e-02
0.10567	4.40693e-02
0.10574	4.47835e-02
0.10580	4.55100e-02
0.10582	4.62419e-02
0.10583	4.69740e-02
0.10580	4.77028e-02
0.10576	4.84260e-02
0.10569	4.91421e-02
0.10560	4.98486e-02
0.10549	5.05372e-02
0.10536	5.11842e-02
0.10532	5.16097e-02
0.10562	5.12610e-02
0.10620	5.02872e-02
0.10681	4.91692e-02
0.10739	4.80286e-02
0.10792	4.69020e-02
0.10841	4.58093e-02
0.10884	4.47658e-02
0.10922	4.37851e-02
0.10954	4.28799e-02
0.10981	4.20624e-02
0.11001	4.13438e-02
0.11016	4.07345e-02
0.11025	4.02436e-02
0.11028	3.98786e-02
0.11026	3.96450e-02
0.11019	3.95460e-02
0.11006	3.95825e-02
0.10989	3.97525e-02
0.10967	4.00509e-02
0.10941	4.04696e-02
0.10912	4.09961e-02
0.10879	4.16131e-02
0.10846	4.22956e-02
0.10811	4.30067e-02
0.10780	4.36901e-02
0.10754	4.42597e-02
0.10740	4.45990e-02
0.10743	4.45997e-02
0.10763	4.42409e-02
0.10797	4.36074e-02
0.10839	4.28192e-02
0.10886	4.19745e-02
0.10934	4.11368e-02
0.10983	4.03556e-02
0.11031	3.96627e-02
0.11078	3.90811e-02
0.11123	3.86277e-02
0.11166	3.83149e-02
0.11207	3.81508e-02
0.11246	3.81395e-02
0.11282	3.82814e-02
0.11315	3.85732e-02
0.11346	3.90084e-02
0.11374	3.95775e-02
0.11400	4.02686e-02
0.11423	4.10677e-02
0.11444	4.19593e-02
0.11463	4.29269e-02
0.11479	4.39513e-02
0.11493	4.50175e-02
0.11506	4.61079e-02
0.11519	4.72052e-02
0.11530	4.82933e-02
0.11542	4.93569e-02
0.11554	5.03830e-02
0.11567	5.13606e-02
0.11580	5.22816e-02
0.11595	5.31459e-02
0.11611	5.39447e-02
0.11628	5.46780e-02
0.11647	5.53479e-02
0.11667	5.59575e-02
0.11687	5.65106e-02
0.11708	5.70112e-02
0.11729	5.74629e-02
0.11750	5.78694e-02
0.11771	5.82339e-02
0.11792	5.85594e-02
0.11811	5.88486e-02
0.11830	5.91040e-02
0.11846	5.93541e-02
0.11860	5.95737e-02
0.11873	5.97649e-02
0.11885	5.99297e-02
0.11894	6.00699e-02
0.11901	6.01871e-02
0.11907	6.02824e-02
0.11910	6.03569e-02
0.11910	6.04113e-02
0.11909	6.04460e-02
0.11905	6.04613e-02
0.11898	6.04570e-02
0.11889	6.04331e-02
0.11878	6.03893e-02
0.11865	6.03253e-02
0.11849	6.02304e-02
0.11830	6.01137e-02
0.11809	5.99739e-02
0.11786	5.98090e-02
0.11762	5.96145e-02
0.11736	5.93826e-02
0.11709	5.90995e-02
0.11682	5.87428e-02
0.11658	5.82832e-02
0.11636	5.76962e-02
0.11617	5.69804e-02
0.11600	5.61605e-02
0.11583	5.52706e-02
0.11563	5.43380e-02
0.11541	5.33862e-02
0.11516	5.24305e-02
0.11486	5.14822e-02
0.11453	5.05507e-02
0.11415	4.96433e-02
0.11373	4.87668e-02
0.11326	4.79271e-02
0.11275	4.71294e-02
0.11220	4.63788e-02
0.11160	4.56794e-02
0.11095	4.50349e-02
0.11026	4.44481e-02
0.10953	4.39210e-02
0.10876	4.34543e-02
0.10795	4.30473e-02
0.10710	4.26973e-02
0.10623	4.23994e-02
0.10532	4.21452e-02
0.10440	4.19227e-02
0.10346	4.17146e-02
0.10252	4.14985e-02
0.10160	4.12478e-02
0.10070	4.09359e-02
0.09984	4.05438e-02
0.09902	4.00685e-02
0.09824	3.95245e-02
0.09748	3.89394e-02
0.09674	3.83455e-02
0.09600	3.77735e-02
0.09526	3.72436e-02
0.09452	3.67830e-02
0.09377	3.64088e-02
0.09300	3.61346e-02
0.09221	3.59711e-02
0.09141	3.59235e-02
0.09060	3.59955e-02
0.08977	3.61881e-02
0.08893	3.65000e-02
0.08808	3.69276e-02
0.08721	3.74658e-02
0.08634	3.81082e-02
0.08546	3.88472e-02
0.08457	3.96748e-02
0.08368	4.05825e-02
0.08278	4.15620e-02
0.08189	4.26047e-02
0.08100	4.37024e-02
0.08012	4.48469e-02
0.07926	4.60300e-02
0.07839	4.72245e-02
0.07755	4.84389e-02
0.07674	4.96587e-02
0.07599	5.08576e-02
0.07533	5.19673e-02
0.07493	5.28009e-02
0.07486	5.32395e-02
0.07500	5.34680e-02
0.07528	5.36061e-02
0.07567	5.36857e-02
0.07615	5.37233e-02
0.07672	5.37312e-02
0.07738	5.36926e-02
0.07833	5.33335e-02
0.07961	5.25471e-02
0.08096	5.16925e-02
0.08235	5.08340e-02
0.08375	4.99857e-02
0.08516	4.91539e-02
0.08658	4.83428e-02
0.08800	4.75549e-02
0.08942	4.67925e-02
0.09086	4.60565e-02
0.09228	4.53501e-02
0.09370	4.46739e-02
0.09511	4.40281e-02
0.09650	4.34131e-02
0.09788	4.28290e-02
0.09924	4.22756e-02
0.10058	4.17530e-02
0.10191	4.12612e-02
0.10321	4.08001e-02
0.10450	4.03699e-02
0.10575	3.99707e-02
0.10699	3.96028e-02
0.10820	3.92665e-02
0.10938	3.89625e-02
0.11053	3.86931e-02
0.11165	3.84595e-02
0.11273	3.82629e-02
0.11379	3.81047e-02
0.11481	3.79862e-02
0.11579	3.79089e-02
0.11674	3.78744e-02
0.11765	3.78844e-02
0.11852	3.79402e-02
0.11935	3.80433e-02
0.12015	3.81947e-02
0.12090	3.83953e-02
0.12161	3.86453e-02
0.12227	3.89514e-02
0.12290	3.93061e-02
0.12348	3.97082e-02
0.12402	4.01557e-02
0.12452	4.06462e-02
0.12499	4.11769e-02
0.12542	4.17441e-02
0.12580	4.23442e-02
0.12616	4.29730e-02
0.12648	4.36261e-02
0.12676	4.42989e-02
0.12701	4.49871e-02
0.12723	4.56861e-02
0.12742	4.63918e-02
0.12758	4.71000e-02
0.12771	4.78069e-02
0.12781	4.85092e-02
0.12789	4.92035e-02
0.12794	4.98870e-02
0.12797	5.05570e-02
0.12797	5.12111e-02
0.12796	5.18471e-02
0.12792	5.24628e-02
0.12786	5.30562e-02
0.12779	5.36253e-02
0.12769	5.41683e-02
0.12758	5.46831e-02
0.12746	5.51679e-02
0.12732	5.56208e-02
0.12716	5.60401e-02
0.12699	5.64239e-02
0.12681	5.67706e-02
0.12662	5.70787e-02
0.12641	5.73467e-02
0.12619	5.75718e-02
0.12596	5.77546e-02
0.12572	5.78943e-02
0.12547	5.79902e-02
0.12520	5.80419e-02
0.12492	5.80495e-02
0.12463	5.80129e-02
0.12433	5.79329e-02
0.12402	5.78101e-02
0.12369	5.76457e-02
0.12334	5.74413e-02
0.12298	5.71988e-02
0.12260	5.69204e-02
0.12220	5.66089e-02
0.12179	5.62675e-02
0.12135	5.58996e-02
0.12090	5.55092e-02
0.12042	5.51004e-02
0.11992	5.46780e-02
0.11940	5.42467e-02
0.11885	5.38117e-02
0.11828	5.33782e-02
0.11769	5.29513e-02
0.11707	5.25363e-02
0.11642	5.21380e-02
0.11574	5.17612e-02
0.11504	5.14103e-02
0.11432	5.10888e-02
0.11357	5.07994e-02
0.11280	5.05442e-02
0.11201	5.03239e-02
0.11120	5.01384e-02
0.11038	4.99861e-02
0.10954	4.98644e-02
0.10869	4.97690e-02
0.10784	4.96946e-02
0.10699	4.96347e-02
0.10614	4.95818e-02
0.10529	4.95126e-02
0.10445	4.94330e-02
0.10364	4.93352e-02
0.10286	4.92127e-02
0.10211	4.90612e-02
0.10140	4.88789e-02
0.10073	4.86674e-02
0.10009	4.84307e-02
0.09949	4.81755e-02
0.09893	4.79103e-02
0.09840	4.76443e-02
0.09790	4.73870e-02
0.09742	4.71474e-02
0.09697	4.69339e-02
0.09655	4.67541e-02
0.09615	4.66100e-02
0.09577	4.65120e-02
0.09541	4.64649e-02
0.09507	4.64726e-02
0.09474	4.65382e-02
0.09444	4.66644e-02
0.09414	4.68532e-02
0.09387	4.71061e-02
0.09361	4.74241e-02
0.09337	4.78077e-02
0.09314	4.82567e-02
0.09292	4.87703e-02
0.09272	4.93462e-02
0.09253	4.99810e-02
0.09237	5.06385e-02
0.09254	5.07602e-02
0.09325	4.99759e-02
0.09402	4.91388e-02
0.09480	4.83208e-02
0.09560	4.75325e-02
0.09639	4.67787e-02
0.09719	4.60626e-02
0.09798	4.53868e-02
0.09876	4.47535e-02
0.09952	4.41643e-02
0.10027	4.36205e-02
0.10100	4.31230e-02
0.10169	4.26722e-02
0.10237	4.22680e-02
0.10300	4.19098e-02
0.10361	4.15967e-02
0.10417	4.13274e-02
0.10469	4.10998e-02
0.10518	4.09120e-02
0.10561	4.07614e-02
0.10600	4.06451e-02
0.10635	4.05603e-02
0.10665	4.05039e-02
0.10690	4.04727e-02
0.10711	4.04638e-02
0.10727	4.04739e-02
0.10739	4.05005e-02
0.10746	4.05408e-02
0.10749	4.05925e-02
0.10748	4.06535e-02
0.10743	4.07222e-02
0.10735	4.07971e-02
0.10723	4.08756e-02
0.10708	4.09577e-02
0.10690	4.10430e-02
0.10670	4.11317e-02
0.10647	4.12239e-02
0.10622	4.13199e-02
0.10596	4.14202e-02
0.10567	4.15254e-02
0.10538	4.16359e-02
0.10507	4.17526e-02
0.10476	4.18763e-02
0.10445	4.20081e-02
0.10413	4.21495e-02
0.10381	4.23029e-02
0.10350	4.24709e-02
0.10319	4.26573e-02
0.10288	4.28667e-02
0.10259	4.31043e-02
0.10229	4.33763e-02
0.10201	4.36890e-02
0.10172	4.40488e-02
0.10144	4.44620e-02
0.10116	4.49341e-02
0.10086	4.54618e-02
0.10056	4.60564e-02
0.10027	4.67082e-02
0.09997	4.74305e-02
0.09967	4.82238e-02
0.09936	4.90869e-02
0.09904	5.00176e-02
0.09871	5.10118e-02
0.09836	5.20636e-02
0.09802	5.31622e-02
0.09767	5.42856e-02
0.09736	5.53729e-02
0.09717	5.62829e-02
0.09712	5.69925e-02
0.09712	5.76587e-02
0.09712	5.83530e-02
0.09712	5.90803e-02
0.09712	5.98292e-02
0.09713	6.05830e-02
0.09716	6.13292e-02
0.09721	6.20665e-02
0.09727	6.28045e-02
0.09733	6.35567e-02
0.09737	6.43337e-02
0.09740	6.51411e-02
0.09740	6.59791e-02
0.09739	6.68445e-02
0.09735	6.77303e-02
0.09729	6.86273e-02
0.09723	6.95235e-02
0.09714	7.04141e-02
0.09706	7.12707e-02
0.09700	7.20757e-02
0.09696	7.28126e-02
0.09695	7.34700e-02
0.09697	7.40439e-02
0.09701	7.45376e-02
0.09708	7.49576e-02
0.09716	7.53111e-02
0.09724	7.56036e-02
0.09731	7.58392e-02
0.09738	7.60210e-02
0.09743	7.61509e-02
0.09747	7.62309e-02
0.09748	7.62625e-02
0.09748	7.62469e-02
0.09744	7.61852e-02
0.09737	7.60783e-02
0.09727	7.59267e-02
0.09714	7.57306e-02
0.09698	7.54900e-02
0.09678	7.52045e-02
0.09654	7.48735e-02
0.09627	7.44959e-02
0.09597	7.40705e-02
0.09564	7.35952e-02
0.09527	7.30674e-02
0.09488	7.24829e-02
0.09447	7.18360e-02
0.09405	7.11182e-02
0.09363	7.03190e-02
0.09321	6.94279e-02
0.09280	6.84389e-02
0.09240	6.73555e-02
0.09201	6.61907e-02
0.09160	6.49629e-02
0.09118	6.36903e-02
0.09073	6.23885e-02
0.09025	6.10705e-02
0.08973	5.97469e-02
0.08919	5.84267e-02
0.08862	5.71177e-02
0.08802	5.58269e-02
0.08739	5.45606e-02
0.08675	5.33245e-02
0.08610	5.21236e-02
0.08544	5.09623e-02
0.08478	4.98382e-02
0.08413	4.87613e-02
0.08351	4.77335e-02
0.08291	4.67560e-02
0.08235	4.58285e-02
0.08184	4.49496e-02
0.08139	4.41165e-02
0.08101	4.33254e-02
0.08071	4.25709e-02
0.08050	4.18473e-02
0.08038	4.11492e-02
0.08037	4.04719e-02
0.08047	3.98130e-02
0.08068	3.91728e-02
0.08099	3.85543e-02
0.08142	3.79628e-02
0.08194	3.74055e-02
0.08256	3.68903e-02
0.08327	3.64248e-02
0.08407	3.60163e-02
0.08495	3.56802e-02
0.08591	3.54128e-02
0.08693	3.52199e-02
0.08801	3.51072e-02
0.08913	3.50808e-02
0.09030	3.51471e-02
0.09150	3.53121e-02
0.09273	3.55811e-02
0.09397	3.59582e-02
0.09522	3.64453e-02
0.09648	3.70423e-02
0.09774	3.77471e-02
0.09899	3.85552e-02
0.10022	3.94605e-02
0.10144	4.04560e-02
0.10264	4.15334e-02
0.10382	4.26845e-02
0.10497	4.39009e-02
0.10609	4.51846e-02
0.10717	4.65169e-02
0.10822	4.78904e-02
0.10922	4.92984e-02
0.11018	5.07345e-02
0.11110	5.21929e-02
0.11196	5.36682e-02
0.11277	5.51553e-02
0.11353	5.66492e-02
0.11422	5.81448e-02
0.11486	5.96373e-02
0.11544	6.11213e-02
0.11596	6.25909e-02
0.11642	6.40387e-02
0.11682	6.54541e-02
0.11717	6.68192e-02
0.11748	6.80981e-02
0.11781	6.92272e-02
0.11816	7.01579e-02
0.11853	7.09295e-02
0.11887	7.16079e-02
0.11916	7.22284e-02
0.11938	7.28050e-02
0.11955	7.33422e-02
0.11964	7.38408e-02
0.11967	7.42999e-02
0.11964	7.47177e-02
0.11954	7.50921e-02
0.11938	7.54209e-02
0.11916	7.57020e-02
0.11888	7.59334e-02
0.11855	7.61135e-02
0.11816	7.62410e-02
0.11773	7.63155e-02
0.11725	7.63374e-02
0.11672	7.63081e-02
0.11615	7.62304e-02
0.11554	7.61085e-02
0.11489	7.59478e-02
0.11419	7.57556e-02
0.11345	7.55401e-02
0.11267	7.53107e-02
0.11184	7.50774e-02
0.11096	7.48508e-02
0.11003	7.46413e-02
0.10905	7.44589e-02
0.10802	7.43133e-02
0.10693	7.42132e-02
0.10579	7.41665e-02
0.10459	7.41797e-02
0.10334	7.42585e-02
0.10204	7.44070e-02
0.10069	7.46281e-02
0.09929	7.49226e-02
0.09785	7.52880e-02
0.09639	7.57017e-02
0.09532	7.56606e-02
0.09481	7.49645e-02
0.09430	7.43231e-02
0.09379	7.37784e-02
0.09325	7.33339e-02
0.09271	7.29868e-02
0.09217	7.27297e-02
0.09165	7.25499e-02
0.09117	7.24274e-02
0.09075	7.23326e-02
0.09042	7.22223e-02
0.09025	7.20389e-02
0.09027	7.17179e-02
0.09053	7.12129e-02
0.09101	7.05201e-02
0.09169	6.96731e-02
0.09251	6.87195e-02
0.09344	6.77051e-02
0.09443	6.66664e-02
0.09547	6.56308e-02
0.09653	6.46175e-02
0.09761	6.36390e-02
0.09869	6.26984e-02
0.09977	6.18032e-02
0.10084	6.09540e-02
0.10190	6.01490e-02
0.10296	5.93736e-02
0.10400	5.86357e-02
0.10502	5.79332e-02
0.10603	5.72651e-02
0.10700	5.66315e-02
0.10795	5.60335e-02
0.10886	5.54726e-02
0.10973	5.49505e-02
0.11056	5.44688e-02
0.11134	5.40288e-02
0.11206	5.36309e-02
0.11274	5.32753e-02
0.11336	5.29612e-02
0.11392	5.26871e-02
0.11441	5.24508e-02
0.11485	5.22497e-02
0.11522	5.20803e-02
0.11553	5.19387e-02
0.11577	5.18207e-02
0.11594	5.17217e-02
0.11605	5.16370e-02
0.11610	5.15620e-02
0.11608	5.14919e-02
0.11600	5.14223e-02
0.11586	5.13490e-02
0.11566	5.12682e-02
0.11540	5.11764e-02
0.11509	5.10704e-02
0.11473	5.09473e-02
0.11432	5.08042e-02
0.11386	5.06384e-02
0.11337	5.04470e-02
0.11284	5.02266e-02
0.11230	4.99455e-02
0.11173	4.96264e-02
0.11115	4.92647e-02
0.11056	4.88550e-02
0.10996	4.83917e-02
0.10936	4.78706e-02
0.10877	4.72896e-02
0.10819	4.66503e-02
0.10762	4.59581e-02
0.10706	4.52224e-02
0.10651	4.44549e-02
0.10597	4.36683e-02
0.10543	4.28756e-02
0.10491	4.20928e-02
0.10439	4.13276e-02
0.10388	4.05903e-02
0.10337	3.98899e-02
0.10288	3.92347e-02
0.10240	3.86318e-02
0.10193	3.80875e-02
0.10147	3.76073e-02
0.10104	3.71962e-02
0.10063	3.68587e-02
0.10024	3.65991e-02
0.09988	3.64215e-02
0.09954	3.63305e-02
0.09924	3.63309e-02
0.09896	3.64276e-02
0.09872	3.66254e-02
0.09851	3.69288e-02
0.09832	3.73417e-02
0.09817	3.78663e-02
0.09804	3.85032e-02
0.09794	3.92514e-02
0.09786	4.01072e-02
0.09780	4.10653e-02
0.09777	4.21179e-02
0.09776	4.32552e-02
0.09777	4.44655e-02
0.09781	4.57346e-02
0.09787	4.70455e-02
0.09796	4.83775e-02
0.09809	4.97041e-02
0.09828	5.09899e-02
0.09854	5.21859e-02
0.09891	5.32231e-02
0.09943	5.40163e-02
0.10014	5.45033e-02
0.10101	5.47085e-02
0.10198	5.47247e-02
0.10301	5.46412e-02
0.10404	5.45174e-02
0.10506	5.43889e-02
0.10605	5.42761e-02
0.10699	5.41904e-02
0.10787	5.41372e-02
0.10869	5.41184e-02
0.10945	5.41333e-02
0.11014	5.41798e-02
0.11076	5.42543e-02
0.11131	5.43526e-02
0.11178	5.44701e-02
0.11217	5.46014e-02
0.11247	5.47423e-02
0.11270	5.48874e-02
0.11285	5.50312e-02
0.11291	5.51682e-02
0.11290	5.52929e-02
0.11281	5.54006e-02
0.11264	5.54864e-02
0.11240	5.55458e-02
0.11208	5.55746e-02
0.11170	5.55642e-02
0.11124	5.55162e-02
0.11073	5.54279e-02
0.11015	5.52970e-02
0.10951	5.51218e-02
0.10882	5.49013e-02
0.10808	5.46349e-02
0.10728	5.43229e-02
0.10645	5.39664e-02
0.10557	5.35669e-02
0.10465	5.31270e-02
0.10369	5.26499e-02
0.10271	5.21396e-02
0.10167	5.16131e-02
0.10061	5.10647e-02
0.09952	5.05004e-02
0.09841	4.99266e-02
0.09728	4.93498e-02
0.09613	4.87770e-02
0.09496	4.82151e-02
0.09378	4.76705e-02
0.09259	4.71494e-02
0.09138	4.66574e-02
0.09017	4.61990e-02
0.08895	4.57773e-02
0.08774	4.53939e-02
0.08653	4.50483e-02
0.08532	4.47369e-02
0.08413	4.44488e-02
0.08297	4.41749e-02
0.08186	4.38966e-02
0.08080	4.35898e-02
0.07982	4.32291e-02
0.07894	4.27972e-02
0.07815	4.22938e-02
0.07746	4.17344e-02
0.07685	4.11402e-02
0.07631	4.05290e-02
0.07586	3.99115e-02
0.07548	3.92911e-02
0.07517	3.86655e-02
0.07495	3.80329e-02
0.07482	3.73796e-02
0.07477	3.66984e-02
0.07482	3.59848e-02
0.07495	3.52390e-02
0.07516	3.44661e-02
0.07545	3.36756e-02
0.07580	3.28801e-02
0.07620	3.20936e-02
0.07665	3.13308e-02
0.07713	3.06055e-02
0.07763	2.99308e-02
0.07815	2.93182e-02
0.07867	2.87776e-02
0.07920	2.83167e-02
0.07972	2.79415e-02
0.08024	2.76554e-02
0.08074	2.74600e-02
0.08121	2.73545e-02
0.08167	2.73361e-02
0.08210	2.74007e-02
0.08250	2.75424e-02
0.08287	2.77545e-02
0.08321	2.80295e-02
0.08351	2.83598e-02
0.08378	2.87376e-02
0.08402	2.91554e-02
0.08422	2.96061e-02
0.08438	3.00831e-02
0.08452	3.05805e-02
0.08462	3.10931e-02
0.08469	3.16164e-02
0.08473	3.21515e-02
0.08475	3.26894e-02
0.08475	3.32258e-02
0.08472	3.37594e-02
0.08467	3.42888e-02
0.08461	3.48133e-02
0.08453	3.53327e-02
0.08444	3.58473e-02
0.08433	3.63578e-02
0.08422	3.68653e-02
0.08409	3.73713e-02
0.08396	3.78775e-02
0.08383	3.83858e-02
0.08369	3.88980e-02
0.08355	3.94155e-02
0.08341	3.99388e-02
0.08327	4.04668e-02
0.08314	4.09953e-02
0.08301	4.15092e-02
0.08290	4.19988e-02
0.08283	4.24458e-02
0.08279	4.28429e-02
0.08280	4.32013e-02
0.08283	4.35403e-02
0.08289	4.38743e-02
0.08298	4.42057e-02
0.08310	4.45184e-02
0.08327	4.47455e-02
0.08357	4.47880e-02
0.08404	4.45723e-02
0.08464	4.41764e-02
0.08531	4.36992e-02
0.08602	4.32023e-02
0.08675	4.27142e-02
0.08751	4.22513e-02
0.08828	4.18245e-02
0.08906	4.14425e-02
0.08985	4.11123e-02
0.09065	4.08397e-02
0.09146	4.06298e-02
0.09227	4.04849e-02
0.09308	4.04092e-02
0.09390	4.04046e-02
0.09470	4.04724e-02
0.09551	4.06128e-02
0.09630	4.08253e-02
0.09708	4.11086e-02
0.09785	4.14606e-02
0.09859	4.18789e-02
0.09932	4.23603e-02
0.10002	4.29012e-02
0.10069	4.34976e-02
0.10132	4.41453e-02
0.10192	4.48397e-02
0.10248	4.55762e-02
0.10299	4.63519e-02
0.10345	4.71593e-02
0.10386	4.79930e-02
0.10423	4.88479e-02
0.10453	4.97185e-02
0.10479	5.05994e-02
0.10498	5.14849e-02
0.10512	5.23691e-02
0.10520	5.32460e-02
0.10522	5.41087e-02
0.10518	5.49500e-02
0.10509	5.57613e-02
0.10496	5.65327e-02
0.10478	5.72528e-02
0.10456	5.79061e-02
0.10432	5.84745e-02
0.10408	5.89357e-02
0.10384	5.92642e-02
0.10363	5.94346e-02
0.10345	5.94284e-02
0.10332	5.92414e-02
0.10323	5.88851e-02
0.10317	5.83808e-02
0.10312	5.77521e-02
0.10307	5.70207e-02
0.10301	5.62048e-02
0.10294	5.53193e-02
0.10285	5.43762e-02
0.10274	5.33854e-02
0.10261	5.23512e-02
0.10245	5.12850e-02
0.10225	5.01938e-02
0.10203	4.90845e-02
0.10177	4.79637e-02
0.10147	4.68384e-02
0.10114	4.57159e-02
0.10077	4.46038e-02
0.10035	4.35102e-02
0.09989	4.24436e-02
0.09939	4.14127e-02
0.09884	4.04260e-02
0.09824	3.94924e-02
0.09759	3.86200e-02
0.09689	3.78164e-02
0.09614	3.70883e-02
0.09535	3.64435e-02
0.09451	3.58838e-02
0.09363	3.54256e-02
0.09270	3.50519e-02
0.09173	3.47584e-02
0.09072	3.45356e-02
0.08967	3.43658e-02
0.08862	3.42147e-02
0.08757	3.40142e-02
0.08660	3.36340e-02
0.08576	3.28959e-02
0.08509	3.17317e-02
0.08454	3.02618e-02
0.08403	2.86376e-02
0.08354	2.69595e-02
0.08305	2.52945e-02
0.08255	2.36974e-02
0.08203	2.22237e-02
0.08148	2.09433e-02
0.08090	1.99146e-02
0.08030	1.92057e-02
0.07966	1.88768e-02
0.07900	1.89671e-02
0.07830	1.94853e-02
0.07758	2.04081e-02
0.07682	2.16878e-02
0.07604	2.32644e-02
0.07525	2.50905e-02
0.07444	2.70914e-02
0.07362	2.92115e-02
0.07280	3.13920e-02
0.07204	3.34688e-02
0.07191	3.43260e-02
0.07215	3.46083e-02
0.07249	3.48936e-02
0.07292	3.51850e-02
0.07345	3.54829e-02
0.07405	3.58081e-02
0.07470	3.61917e-02
0.07540	3.66608e-02
0.07611	3.72702e-02
0.07684	3.79938e-02
0.07758	3.88280e-02
0.07833	3.97630e-02
0.07909	4.07848e-02
0.07987	4.18773e-02
0.08065	4.30235e-02
0.08146	4.42069e-02
0.08229	4.54120e-02
0.08314	4.66248e-02
0.08402	4.78332e-02
0.08494	4.90266e-02
0.08589	5.01962e-02
0.08687	5.13349e-02
0.08789	5.24374e-02
0.08895	5.34998e-02
0.09004	5.45200e-02
0.09117	5.54976e-02
0.09232	5.64337e-02
0.09351	5.73308e-02
0.09472	5.81923e-02
0.09594	5.90222e-02
0.09718	5.98241e-02
0.09843	6.06015e-02
0.09968	6.13567e-02
0.10093	6.20907e-02
0.10218	6.28031e-02
0.10343	6.34920e-02
0.10465	6.41349e-02
0.10587	6.47451e-02
0.10708	6.53164e-02
0.10829	6.58417e-02
0.10949	6.63134e-02
0.11068	6.67242e-02
0.11187	6.70675e-02
0.11306	6.73386e-02
0.11423	6.75346e-02
0.11540	6.76549e-02
0.11654	6.77011e-02
0.11766	6.76763e-02
0.11874	6.75851e-02
0.11979	6.74324e-02
0.12079	6.72236e-02
0.12174	6.69638e-02
0.12265	6.66738e-02
0.12350	6.63437e-02
0.12428	6.59774e-02
0.12499	6.55779e-02
0.12563	6.51477e-02
0.12619	6.46888e-02
0.12667	6.42027e-02
0.12707	6.36906e-02
0.12740	6.31531e-02
0.12764	6.25905e-02
0.12780	6.20029e-02
0.12788	6.13901e-02
0.12788	6.07516e-02
0.12780	6.00871e-02
0.12765	5.93959e-02
0.12741	5.86778e-02
0.12711	5.79291e-02
0.12672	5.71537e-02
0.12628	5.63483e-02
0.12576	5.55168e-02
0.12517	5.46613e-02
0.12451	5.37846e-02
0.12378	5.28906e-02
0.12299	5.19840e-02
0.12213	5.10701e-02
0.12120	5.01550e-02
0.12020	4.92452e-02
0.11913	4.83471e-02
0.11801	4.74673e-02
0.11682	4.66114e-02
0.11556	4.57841e-02
0.11426	4.49880e-02
0.11290	4.42228e-02
0.11149	4.34841e-02
0.11004	4.27807e-02
0.10856	4.20719e-02
0.10708	4.13294e-02
0.10561	4.05173e-02
0.10418	3.95999e-02
0.10280	3.85565e-02
0.10148	3.73948e-02
0.10019	3.61494e-02
0.09895	3.48694e-02
0.09772	3.35994e-02
0.09651	3.23888e-02
0.09532	3.12742e-02
0.09415	3.02852e-02
0.09301	2.94386e-02
0.09190	2.87562e-02
0.09083	2.82483e-02
0.08980	2.79188e-02
0.08882	2.77647e-02
0.08791	2.77775e-02
0.08708	2.79435e-02
0.08632	2.82456e-02
0.08567	2.86647e-02
0.08510	2.91942e-02
0.08464	2.98045e-02
0.08430	3.04778e-02
0.08408	3.11983e-02
0.08400	3.19518e-02
0.08404	3.27255e-02
0.08421	3.35076e-02
0.08451	3.42856e-02
0.08495	3.50462e-02
0.08551	3.57736e-02
0.08620	3.64501e-02
0.08702	3.70561e-02
0.08796	3.75737e-02
0.08903	3.79899e-02
0.09021	3.83012e-02
0.09149	3.85150e-02
0.09284	3.86484e-02
0.09425	3.87236e-02
0.09571	3.87645e-02
0.09718	3.87927e-02
0.09866	3.88271e-02
0.10012	3.88829e-02
0.10157	3.89720e-02
0.10299	3.91036e-02
0.10437	3.92841e-02
0.10570	3.95181e-02
0.10699	3.98084e-02
0.10823	4.01564e-02
0.10943	4.05705e-02
0.11057	4.10422e-02
0.11166	4.15695e-02
0.11269	4.21496e-02
0.11365	4.27786e-02
0.11455	4.34525e-02
0.11540	4.41662e-02
0.11618	4.49143e-02
0.11690	4.56908e-02
0.11757	4.64890e-02
0.11818	4.73019e-02
0.11873	4.81218e-02
0.11923	4.89404e-02
0.11969	4.97492e-02
0.12010	5.05390e-02
0.12047	5.13007e-02
0.12080	5.20357e-02
0.12111	5.27268e-02
0.12139	5.33669e-02
0.12164	5.39506e-02
0.12187	5.44747e-02
0.12208	5.49386e-02
0.12227	5.53443e-02
0.12243	5.56954e-02
0.12258	5.59975e-02
0.12270	5.62569e-02
0.12280	5.64805e-02
0.12287	5.66752e-02
0.12291	5.68478e-02
0.12292	5.70050e-02
0.12290	5.71532e-02
0.12285	5.72986e-02
0.12278	5.74603e-02
0.12267	5.76315e-02
0.12253	5.78186e-02
0.12235	5.80259e-02
0.12214	5.82588e-02
0.12189	5.85221e-02
0.12160	5.88205e-02
0.12128	5.91581e-02
0.12092	5.95386e-02
0.12052	5.99646e-02
0.12007	6.04381e-02
0.11959	6.09591e-02
0.11907	6.15250e-02
0.11852	6.21260e-02
0.11795	6.27275e-02
0.11746	6.31636e-02
0.11732	6.29442e-02
0.11742	6.22499e-02
0.11755	6.14652e-02
0.11765	6.06992e-02
0.11773	5.99781e-02
0.11778	5.93133e-02
0.11779	5.87112e-02
0.11777	5.81756e-02
0.11773	5.77085e-02
0.11765	5.73104e-02
0.11754	5.69800e-02
0.11742	5.67105e-02
0.11727	5.65022e-02
0.11710	5.63492e-02
0.11691	5.62446e-02
0.11670	5.61880e-02
0.11648	5.61631e-02
0.11626	5.61613e-02
0.11603	5.61745e-02
0.11580	5.61962e-02
0.11557	5.62219e-02
0.11534	5.62494e-02
0.11510	5.62790e-02
0.11487	5.63124e-02
0.11466	5.63378e-02
0.11444	5.63811e-02
0.11420	5.64447e-02
0.11395	5.65299e-02
0.11368	5.66360e-02
0.11339	5.67604e-02
0.11308	5.68979e-02
0.11275	5.70396e-02
0.11242	5.71718e-02
0.11210	5.72743e-02
0.11178	5.73188e-02
0.11150	5.72703e-02
0.11127	5.70950e-02
0.11109	5.67745e-02
0.11097	5.63163e-02
0.11089	5.57481e-02
0.11082	5.51038e-02
0.11075	5.44139e-02
0.11067	5.37022e-02
0.11057	5.29870e-02
0.11044	5.22825e-02
0.11027	5.16002e-02
0.11007	5.09497e-02
0.10981	5.03395e-02
0.10952	4.97768e-02
0.10917	4.92684e-02
0.10876	4.88198e-02
0.10831	4.84358e-02
0.10778	4.81342e-02
0.10720	4.79027e-02
0.10655	4.77425e-02
0.10584	4.76529e-02
0.10507	4.76315e-02
0.10424	4.76736e-02
0.10335	4.77723e-02
0.10240	4.79175e-02
0.10140	4.80968e-02
0.10036	4.82950e-02
0.09928	4.84964e-02
0.09817	4.86874e-02
0.09703	4.88604e-02
0.09587	4.90169e-02
0.09469	4.91665e-02
0.09348	4.93244e-02
0.09224	4.94878e-02
0.09096	4.96884e-02
0.08964	4.99355e-02
0.08829	5.02219e-02
0.08699	5.03966e-02
0.08636	4.94232e-02
0.08601	4.79725e-02
0.08565	4.65502e-02
0.08525	4.52054e-02
0.08484	4.39513e-02
0.08440	4.27792e-02
0.08400	4.16179e-02
0.08376	4.02072e-02
0.08382	3.82510e-02
0.08403	3.59753e-02
0.08428	3.36321e-02
0.08455	3.13363e-02
0.08480	2.91337e-02
0.08502	2.70705e-02
0.08523	2.51983e-02
0.08541	2.35716e-02
0.08556	2.22491e-02
0.08570	2.12878e-02
0.08581	2.07339e-02
0.08589	2.06122e-02
0.08596	2.09181e-02
0.08600	2.16180e-02
0.08602	2.26571e-02
0.08603	2.39705e-02
0.08602	2.54932e-02
0.08599	2.71657e-02
0.08596	2.89361e-02
0.08593	3.07593e-02
0.08590	3.25951e-02
0.08589	3.44043e-02
0.08592	3.61458e-02
0.08599	3.77696e-02
0.08615	3.92153e-02
0.08643	4.04224e-02
0.08685	4.13605e-02
0.08740	4.20558e-02
0.08805	4.25781e-02
0.08876	4.30020e-02
0.08951	4.34051e-02
0.09028	4.38091e-02
0.09105	4.42384e-02
0.09181	4.47062e-02
0.09256	4.52179e-02
0.09329	4.57701e-02
0.09403	4.63295e-02
0.09484	4.67462e-02
0.09591	4.66260e-02
0.09720	4.60554e-02
0.09852	4.53871e-02
0.09981	4.47322e-02
0.10107	4.41253e-02
0.10227	4.35845e-02
0.10342	4.31202e-02
0.10452	4.27409e-02
0.10555	4.24531e-02
0.10653	4.22619e-02
0.10745	4.21707e-02
0.10829	4.21813e-02
0.10908	4.22938e-02
0.10979	4.25068e-02
0.11043	4.28142e-02
0.11100	4.32183e-02
0.11149	4.37132e-02
0.11190	4.42919e-02
0.11225	4.49465e-02
0.11251	4.56684e-02
0.11271	4.64485e-02
0.11283	4.72773e-02
0.11289	4.81450e-02
0.11288	4.90418e-02
0.11280	4.99575e-02
0.11267	5.08819e-02
0.11249	5.18039e-02
0.11226	5.27118e-02
0.11200	5.35927e-02
0.11171	5.44311e-02
0.11140	5.52090e-02
0.11109	5.59040e-02
0.11080	5.64896e-02
0.11056	5.69398e-02
0.11037	5.72224e-02
0.11026	5.73185e-02
0.11022	5.72246e-02
0.11025	5.69542e-02
0.11034	5.65319e-02
0.11048	5.59857e-02
0.11066	5.53421e-02
0.11086	5.46238e-02
0.11107	5.38503e-02
0.11129	5.30389e-02
0.11152	5.22051e-02
0.11174	5.13639e-02
0.11195	5.05296e-02
0.11215	4.97159e-02
0.11232	4.89356e-02
0.11249	4.81874e-02
0.11264	4.74944e-02
0.11276	4.68644e-02
0.11284	4.63031e-02
0.11290	4.58135e-02
0.11293	4.53956e-02
0.11293	4.50464e-02
0.11290	4.47601e-02
0.11285	4.45278e-02
0.11278	4.43376e-02
0.11269	4.41756e-02
0.11259	4.40257e-02
0.11248	4.38701e-02
0.11237	4.36906e-02
0.11227	4.34691e-02
0.11219	4.31883e-02
0.11211	4.28312e-02
0.11206	4.23881e-02
0.11204	4.18667e-02
0.11205	4.12470e-02
0.11208	4.05297e-02
0.11213	3.97206e-02
0.11220	3.88291e-02
0.11228	3.78684e-02
0.11237	3.68547e-02
0.11246	3.58068e-02
0.11255	3.47453e-02
0.11263	3.36924e-02
0.11271	3.26714e-02
0.11276	3.17062e-02
0.11280	3.08204e-02
0.11282	3.00368e-02
0.11282	2.93760e-02
0.11279	2.88557e-02
0.11274	2.84893e-02
0.11266	2.82849e-02
0.11256	2.82451e-02
0.11243	2.83664e-02
0.11228	2.86398e-02
0.11211	2.90519e-02
0.11192	2.95857e-02
0.11171	3.02222e-02
0.11148	3.09412e-02
0.11124	3.17241e-02
0.11099	3.25515e-02
0.11074	3.34052e-02
0.11048	3.42683e-02
0.11024	3.51357e-02
0.11001	3.59847e-02
0.10978	3.68027e-02
0.10957	3.75788e-02
0.10937	3.83031e-02
0.10920	3.89673e-02
0.10904	3.95646e-02
0.10891	4.00896e-02
0.10881	4.05384e-02
0.10873	4.08876e-02
0.10867	4.11578e-02
0.10865	4.13505e-02
0.10867	4.14692e-02
0.10871	4.15195e-02
0.10878	4.15088e-02
0.10887	4.14461e-02
0.10898	4.13422e-02
0.10911	4.12092e-02
0.10925	4.10663e-02
0.10939	4.09204e-02
0.10953	4.07863e-02
0.10967	4.06786e-02
0.10979	4.06121e-02
0.10991	4.06007e-02
0.11000	4.06574e-02
0.11008	4.07941e-02
0.11012	4.10204e-02
0.11013	4.13442e-02
0.11010	4.17707e-02
0.11003	4.23028e-02
0.10992	4.29407e-02
0.10977	4.36819e-02
0.10957	4.45216e-02
0.10932	4.54522e-02
0.10903	4.64639e-02
0.10869	4.75444e-02
0.10830	4.86778e-02
0.10789	4.98371e-02
0.10745	5.10036e-02
0.10700	5.21409e-02
0.10654	5.32116e-02
0.10613	5.41340e-02
0.10581	5.48390e-02
0.10560	5.52959e-02
0.10547	5.55375e-02
0.10541	5.56332e-02
0.10536	5.56475e-02
0.10532	5.56239e-02
0.10525	5.55873e-02
0.10517	5.55499e-02
0.10507	5.55163e-02
0.10494	5.54853e-02
0.10480	5.54522e-02
0.10464	5.54096e-02
0.10448	5.53480e-02
0.10432	5.52566e-02
0.10416	5.51237e-02
0.10402	5.49379e-02
0.10391	5.46886e-02
0.10382	5.43674e-02
0.10377	5.39686e-02
0.10376	5.34897e-02
0.10378	5.29318e-02
0.10383	5.22985e-02
0.10392	5.15954e-02
0.10404	5.08290e-02
0.10418	5.00056e-02
0.10434	4.91309e-02
0.10453	4.82094e-02
0.10475	4.72423e-02
0.10498	4.62345e-02
0.10523	4.52012e-02
0.10550	4.41317e-02
0.10578	4.30297e-02
0.10607	4.19005e-02
0.10636	4.07512e-02
0.10665	3.95907e-02
0.10694	3.84304e-02
0.10722	3.72837e-02
0.10749	3.61660e-02
0.10774	3.50951e-02
0.10796	3.40901e-02
0.10816	3.31718e-02
0.10833	3.23620e-02
0.10847	3.16828e-02
0.10857	3.11554e-02
0.10863	3.07992e-02
0.10865	3.06303e-02
0.10862	3.06602e-02
0.10855	3.08950e-02
0.10843	3.13344e-02
0.10826	3.19725e-02
0.10804	3.27977e-02
0.10777	3.37941e-02
0.10746	3.49426e-02
0.10711	3.62221e-02
0.10671	3.76172e-02
0.10626	3.90995e-02
0.10579	4.06472e-02
0.10529	4.22388e-02
0.10477	4.38598e-02
0.10423	4.54847e-02
0.10368	4.70949e-02
0.10313	4.86730e-02
0.10259	5.02019e-02
0.10207	5.16647e-02
0.10158	5.30442e-02
0.10113	5.43218e-02
0.10074	5.54769e-02
0.10043	5.64672e-02
0.10020	5.72904e-02
0.10009	5.79255e-02
0.10010	5.83606e-02
0.10023	5.85970e-02
0.10047	5.86507e-02
0.10081	5.85468e-02
0.10122	5.83139e-02
0.10170	5.79804e-02
0.10223	5.75794e-02
0.10278	5.71292e-02
0.10335	5.66524e-02
0.10391	5.61695e-02
0.10447	5.56993e-02
0.10500	5.52587e-02
0.10550	5.48624e-02
0.10595	5.45227e-02
0.10637	5.42496e-02
0.10673	5.40504e-02
0.10704	5.39290e-02
0.10729	5.38860e-02
0.10749	5.39174e-02
0.10762	5.40140e-02
0.10771	5.41597e-02
0.10777	5.43294e-02
0.10779	5.44876e-02
0.10782	5.45896e-02
0.10786	5.45918e-02
0.10792	5.44780e-02
0.10801	5.42489e-02
0.10810	5.39394e-02
0.10819	5.35996e-02
0.10825	5.32563e-02
0.10827	5.29322e-02
0.10824	5.26402e-02
0.10817	5.23854e-02
0.10807	5.21670e-02
0.10792	5.19797e-02
0.10775	5.18146e-02
0.10756	5.16604e-02
0.10737	5.15041e-02
0.10717	5.13327e-02
0.10698	5.11345e-02
0.10681	5.09000e-02
0.10666	5.06234e-02
0.10654	5.03022e-02
0.10646	4.99367e-02
0.10641	4.95276e-02
0.10639	4.90741e-02
0.10643	4.85723e-02
0.10651	4.80147e-02
0.10665	4.73932e-02
0.10684	4.67047e-02
0.10710	4.59574e-02
0.10740	4.51743e-02
0.10773	4.43913e-02
0.10808	4.36519e-02
0.10844	4.30006e-02
0.10878	4.24776e-02
0.10910	4.21163e-02
0.10939	4.19349e-02
0.10965	4.19526e-02
0.10987	4.21721e-02
0.11006	4.25845e-02
0.11022	4.31702e-02
0.11037	4.38986e-02
0.11050	4.47304e-02
0.11063	4.56190e-02
0.11079	4.65156e-02
0.11098	4.73765e-02
0.11122	4.81721e-02
0.11150	4.88921e-02
0.11184	4.95410e-02
0.11222	5.01371e-02
0.11261	5.06980e-02
0.11302	5.12390e-02
0.11343	5.17711e-02
0.11385	5.23009e-02
0.11425	5.28295e-02
0.11465	5.33520e-02
0.11505	5.38547e-02
0.11546	5.43138e-02
0.11590	5.46958e-02
0.11637	5.49648e-02
0.11689	5.50985e-02
0.11745	5.51012e-02
0.11804	5.50002e-02
0.11866	5.48185e-02
0.11927	5.45943e-02
0.11987	5.43518e-02
0.12046	5.41069e-02
0.12102	5.38697e-02
0.12155	5.36458e-02
0.12206	5.34378e-02
0.12254	5.32470e-02
0.12299	5.30735e-02
0.12342	5.29173e-02
0.12382	5.27785e-02
0.12420	5.26577e-02
0.12455	5.25564e-02
0.12489	5.24950e-02
0.12520	5.24543e-02
0.12549	5.24385e-02
0.12574	5.24526e-02
0.12595	5.25020e-02
0.12612	5.25929e-02
0.12626	5.27313e-02
0.12634	5.29229e-02
0.12637	5.31734e-02
0.12636	5.34880e-02
0.12628	5.38710e-02
0.12614	5.43255e-02
0.12595	5.48538e-02
0.12568	5.54572e-02
0.12535	5.61365e-02
0.12495	5.68914e-02
0.12448	5.77214e-02
0.12394	5.86251e-02
0.12332	5.96008e-02
0.12264	6.06463e-02
0.12188	6.17592e-02
0.12104	6.29367e-02
0.12014	6.41756e-02
0.11917	6.54725e-02
0.11812	6.68234e-02
0.11702	6.82237e-02
0.11585	6.96678e-02
0.11463	7.11480e-02
0.11336	7.26529e-02
0.11206	7.41639e-02
0.11075	7.56479e-02
0.10947	7.70588e-02
0.10827	7.83472e-02
0.10714	7.95330e-02
0.10607	8.06716e-02
0.10502	8.17934e-02
0.10401	8.28954e-02
0.10306	8.39478e-02
0.10224	8.48957e-02
0.10161	8.56609e-02
0.10127	8.61540e-02
0.10128	8.62955e-02
0.10170	8.60336e-02
0.10252	8.53674e-02
0.10367	8.43666e-02
0.10504	8.31361e-02
0.10654	8.17678e-02
0.10813	8.03268e-02
0.10975	7.88571e-02
0.11138	7.73891e-02
0.11302	7.59445e-02
0.11463	7.45393e-02
0.11623	7.31856e-02
0.11781	7.18918e-02
0.11935	7.06634e-02
0.12087	6.95027e-02
0.12236	6.84090e-02
0.12383	6.73782e-02
0.12529	6.64037e-02
0.12672	6.54775e-02
0.12814	6.45930e-02
0.12954	6.37456e-02
0.13091	6.29412e-02
0.13227	6.21843e-02
0.13360	6.14879e-02
0.13490	6.08670e-02
0.13615	6.03361e-02
0.13735	5.99070e-02
0.13850	5.95887e-02
0.13958	5.93862e-02
0.14061	5.93006e-02
0.14157	5.93295e-02
0.14247	5.94672e-02
0.14331	5.97045e-02
0.14408	6.00293e-02
0.14479	6.04272e-02
0.14544	6.08809e-02
0.14604	6.13711e-02
0.14658	6.18763e-02
0.14708	6.23733e-02
0.14754	6.28374e-02
0.14797	6.32429e-02
0.14838	6.35643e-02
0.14878	6.37876e-02
0.14917	6.38826e-02
0.14956	6.38367e-02
0.14993	6.36451e-02
0.15030	6.32985e-02
0.15064	6.28181e-02
0.15096	6.22179e-02
0.15125	6.15136e-02
0.15148	6.07204e-02
0.15166	5.98531e-02
0.15179	5.89246e-02
0.15185	5.79465e-02
0.15185	5.69291e-02
0.15177	5.58818e-02
0.15163	5.48133e-02
0.15141	5.37316e-02
0.15111	5.26444e-02
0.15075	5.16093e-02
0.15030	5.05823e-02
0.14979	4.95704e-02
0.14919	4.85800e-02
0.14851	4.76177e-02
0.14776	4.66899e-02
0.14693	4.58026e-02
0.14602	4.49617e-02
0.14503	4.41730e-02
0.14399	4.34315e-02
0.14287	4.27524e-02
0.14168	4.21400e-02
0.14043	4.15981e-02
0.13911	4.11296e-02
0.13772	4.07364e-02
0.13628	4.04193e-02
0.13478	4.01780e-02
0.13322	4.00108e-02
0.13162	3.99144e-02
0.12997	3.98845e-02
0.12828	3.99149e-02
0.12656	3.99982e-02
0.12481	4.01257e-02
0.12303	4.02875e-02
0.12125	4.04730e-02
0.11945	4.06715e-02
0.11766	4.08728e-02
0.11588	4.10683e-02
0.11412	4.12521e-02
0.11239	4.14217e-02
0.11068	4.15783e-02
0.10902	4.17259e-02
0.10739	4.18725e-02
0.10581	4.20263e-02
0.10427	4.21952e-02
0.10278	4.23834e-02
0.10134	4.25901e-02
0.09998	4.28063e-02
0.09869	4.30118e-02
0.09750	4.31738e-02
0.09644	4.32481e-02
0.09553	4.31933e-02
0.09479	4.29927e-02
0.09421	4.26677e-02
0.09377	4.22657e-02
0.09345	4.18382e-02
0.09323	4.14283e-02
0.09310	4.10692e-02
0.09303	4.07859e-02
0.09303	4.05973e-02
0.09309	4.05179e-02
0.09318	4.05579e-02
0.09332	4.07247e-02
0.09348	4.10224e-02
0.09366	4.14520e-02
0.09385	4.20121e-02
0.09404	4.26979e-02
0.09423	4.35018e-02
0.09441	4.44134e-02
0.09458	4.54201e-02
0.09473	4.65038e-02
0.09485	4.76521e-02
0.09494	4.88475e-02
0.09500	5.00712e-02
0.09503	5.13052e-02
0.09504	5.25306e-02
0.09503	5.37271e-02
0.09501	5.48716e-02
0.09499	5.59362e-02
0.09498	5.68859e-02
0.09501	5.76763e-02
0.09511	5.82580e-02
0.09531	5.85915e-02
0.09560	5.86694e-02
0.09596	5.85188e-02
0.09637	5.81812e-02
0.09680	5.76932e-02
0.09723	5.70802e-02
0.09766	5.63580e-02
0.09807	5.55365e-02
0.09846	5.46216e-02
0.09883	5.36177e-02
0.09918	5.25290e-02
0.09949	5.13458e-02
0.09978	5.00883e-02
0.10005	4.87631e-02
0.10029	4.73782e-02
0.10051	4.59454e-02
0.10071	4.44735e-02
0.10088	4.29745e-02
0.10103	4.14617e-02
0.10116	3.99474e-02
0.10126	3.84506e-02
0.10134	3.69895e-02
0.10140	3.55840e-02
0.10144	3.42560e-02
0.10146	3.30289e-02
0.10147	3.19277e-02
0.10146	3.09782e-02
0.10143	3.02062e-02
0.10139	2.96246e-02
0.10135	2.92710e-02
0.10129	2.91629e-02
0.10122	2.93115e-02
0.10115	2.97209e-02
0.10106	3.03874e-02
0.10097	3.13007e-02
0.10087	3.24450e-02
0.10076	3.38006e-02
0.10065	3.53423e-02
0.10054	3.70498e-02
0.10043	3.88978e-02
0.10031	4.08582e-02
0.10021	4.28964e-02
0.10013	4.49579e-02
0.10013	4.69238e-02
0.10038	4.84720e-02
0.10113	4.90906e-02
0.10232	4.89492e-02
0.10368	4.85572e-02
0.10511	4.81317e-02
0.10656	4.77447e-02
0.10803	4.74235e-02
0.10951	4.71802e-02
0.11098	4.70207e-02
0.11245	4.69482e-02
0.11391	4.69648e-02
0.11536	4.70718e-02
0.11679	4.72698e-02
0.11820	4.75591e-02
0.11959	4.79387e-02
0.12095	4.84079e-02
0.12227	4.89634e-02
0.12356	4.96011e-02
0.12482	5.03155e-02
0.12604	5.10996e-02
0.12724	5.19388e-02
0.12839	5.28288e-02
0.12951	5.37579e-02
0.13059	5.47132e-02
0.13164	5.56803e-02
0.13265	5.66438e-02
0.13363	5.75872e-02
0.13459	5.84944e-02
0.13552	5.93502e-02
0.13642	6.01411e-02
0.13730	6.08571e-02
0.13816	6.14916e-02
0.13899	6.20416e-02
0.13978	6.25071e-02
0.14054	6.28905e-02
0.14126	6.31953e-02
0.14193	6.34255e-02
0.14255	6.35851e-02
0.14311	6.36779e-02
0.14360	6.37072e-02
0.14403	6.36760e-02
0.14440	6.35869e-02
0.14469	6.34423e-02
0.14490	6.32445e-02
0.14505	6.30061e-02
0.14512	6.27199e-02
0.14514	6.23854e-02
0.14508	6.20084e-02
0.14494	6.15920e-02
0.14473	6.11398e-02
0.14445	6.06557e-02
0.14410	6.01444e-02
0.14367	5.96108e-02
0.14318	5.90607e-02
0.14262	5.85004e-02
0.14199	5.79368e-02
0.14130	5.73776e-02
0.14054	5.68308e-02
0.13972	5.63053e-02
0.13883	5.58103e-02
0.13788	5.53553e-02
0.13688	5.49502e-02
0.13581	5.46046e-02
0.13468	5.43282e-02
0.13349	5.41299e-02
0.13224	5.40182e-02
0.13093	5.40003e-02
0.12957	5.40894e-02
0.12816	5.42830e-02
0.12669	5.45837e-02
0.12515	5.49922e-02
0.12356	5.55070e-02
0.12192	5.61225e-02
0.12023	5.68257e-02
0.11851	5.75711e-02
0.11694	5.79979e-02
0.11594	5.73019e-02
0.11506	5.63834e-02
0.11416	5.55589e-02
0.11321	5.48703e-02
0.11222	5.43295e-02
0.11117	5.39405e-02
0.11008	5.37026e-02
0.10895	5.36115e-02
0.10778	5.36590e-02
0.10657	5.38363e-02
0.10532	5.41293e-02
0.10406	5.45195e-02
0.10277	5.49838e-02
0.10148	5.54919e-02
0.10021	5.60020e-02
0.09898	5.64530e-02
0.09786	5.67554e-02
0.09690	5.68003e-02
0.09615	5.65180e-02
0.09559	5.59423e-02
0.09516	5.51722e-02
0.09480	5.42943e-02
0.09448	5.33603e-02
0.09417	5.23961e-02
0.09388	5.14136e-02
0.09359	5.04186e-02
0.09330	4.94152e-02
0.09301	4.84082e-02
0.09271	4.74040e-02
0.09240	4.64105e-02
0.09207	4.54362e-02
0.09173	4.44893e-02
0.09136	4.35767e-02
0.09097	4.27031e-02
0.09056	4.18696e-02
0.09013	4.10719e-02
0.08969	4.02981e-02
0.08925	3.95267e-02
0.08882	3.87253e-02
0.08843	3.78454e-02
0.08809	3.68665e-02
0.08779	3.57827e-02
0.08753	3.46186e-02
0.08727	3.34177e-02
0.08702	3.22278e-02
0.08675	3.10915e-02
0.08645	3.00450e-02
0.08612	2.91182e-02
0.08576	2.83355e-02
0.08536	2.77159e-02
0.08492	2.72734e-02
0.08444	2.70165e-02
0.08393	2.69484e-02
0.08338	2.70668e-02
0.08279	2.73645e-02
0.08217	2.78306e-02
0.08152	2.84516e-02
0.08084	2.92121e-02
0.08012	3.00962e-02
0.07939	3.10883e-02
0.07862	3.21734e-02
0.07784	3.33372e-02
0.07703	3.45667e-02
0.07621	3.58490e-02
0.07537	3.71716e-02
0.07453	3.85212e-02
0.07368	3.98813e-02
0.07286	4.12235e-02
0.07217	4.23427e-02
0.07199	4.26577e-02
0.07196	4.28162e-02
0.07205	4.28523e-02
0.07232	4.26673e-02
0.07281	4.21834e-02
0.07352	4.14040e-02
0.07438	4.03997e-02
0.07535	3.92534e-02
0.07638	3.80320e-02
0.07743	3.67840e-02
0.07850	3.55448e-02
0.07957	3.43408e-02
0.08063	3.31932e-02
0.08168	3.21194e-02
0.08271	3.11345e-02
0.08372	3.02513e-02
0.08472	2.94810e-02
0.08569	2.88326e-02
0.08665	2.83135e-02
0.08758	2.79281e-02
0.08850	2.76790e-02
0.08939	2.75658e-02
0.09027	2.75820e-02
0.09112	2.77273e-02
0.09195	2.79949e-02
0.09277	2.83765e-02
0.09357	2.88717e-02
0.09436	2.94608e-02
0.09513	3.01343e-02
0.09588	3.08828e-02
0.09660	3.16824e-02
0.09730	3.25395e-02
0.09798	3.34470e-02
0.09864	3.43988e-02
0.09928	3.53896e-02
0.09989	3.64150e-02
0.10049	3.74712e-02
0.10106	3.85553e-02
0.10161	3.96648e-02
0.10212	4.08133e-02
0.10260	4.19847e-02
0.10306	4.31777e-02
0.10350	4.43914e-02
0.10391	4.56251e-02
0.10431	4.68779e-02
0.10468	4.81492e-02
0.10503	4.94381e-02
0.10535	5.07436e-02
0.10567	5.20648e-02
0.10596	5.34001e-02
0.10624	5.47481e-02
0.10651	5.61068e-02
0.10676	5.74743e-02
0.10701	5.88482e-02
0.10726	6.02258e-02
0.10750	6.16046e-02
0.10775	6.29817e-02
0.10801	6.43545e-02
0.10827	6.57203e-02
0.10855	6.70766e-02
0.10885	6.84210e-02
0.10916	6.97508e-02
0.10951	7.10630e-02
0.10988	7.23534e-02
0.11029	7.36161e-02
0.11075	7.48425e-02
0.11126	7.60193e-02
0.11184	7.71245e-02
0.11252	7.81184e-02
0.11335	7.89439e-02
0.11434	7.95688e-02
0.11547	8.00352e-02
0.11668	8.04140e-02
0.11794	8.07581e-02
0.11923	8.10971e-02
0.12052	8.14464e-02
0.12182	8.18113e-02
0.12313	8.21918e-02
0.12444	8.25835e-02
0.12576	8.29791e-02
0.12710	8.33687e-02
0.12845	8.37414e-02
0.12982	8.40859e-02
0.13122	8.43927e-02
0.13263	8.46544e-02
0.13408	8.48664e-02
0.13553	8.50270e-02
0.13701	8.51368e-02
0.13849	8.51977e-02
0.13997	8.52125e-02
0.14145	8.51843e-02
0.14292	8.51161e-02
0.14437	8.50112e-02
0.14580	8.48726e-02
0.14720	8.47032e-02
0.14857	8.45062e-02
0.14990	8.42847e-02
0.15119	8.40420e-02
0.15243	8.37813e-02
0.15363	8.35180e-02
0.15478	8.32429e-02
0.15589	8.29510e-02
0.15694	8.26538e-02
0.15792	8.23551e-02
0.15882	8.20590e-02
0.15966	8.17696e-02
0.16041	8.14911e-02
0.16108	8.12276e-02
0.16167	8.09834e-02
0.16217	8.07626e-02
0.16258	8.05692e-02
0.16290	8.04070e-02
0.16313	8.02798e-02
0.16327	8.01908e-02
0.16330	8.01431e-02
0.16325	8.01392e-02
0.16309	8.01814e-02
0.16284	8.02711e-02
0.16250	8.04097e-02
0.16206	8.05975e-02
0.16152	8.08344e-02
0.16089	8.11197e-02
0.16017	8.14516e-02
0.15937	8.18281e-02
0.15847	8.22457e-02
0.15750	8.26997e-02
0.15646	8.31916e-02
0.15535	8.37019e-02
0.15419	8.42102e-02
0.15299	8.46726e-02
0.15183	8.49661e-02
0.15084	8.48586e-02
0.15009	8.42512e-02
0.14945	8.33791e-02
0.14880	8.24353e-02
0.14811	8.14979e-02
0.14737	8.05979e-02
0.14657	7.97492e-02
0.14570	7.89580e-02
0.14479	7.82462e-02
0.14382	7.75886e-02
0.14280	7.69816e-02
0.14173	7.64187e-02
0.14064	7.58895e-02
0.13952	7.53781e-02
0.13840	7.48619e-02
0.13729	7.43089e-02
0.13623	7.36772e-02
0.13523	7.29173e-02
0.13434	7.19815e-02
0.13357	7.08402e-02
0.13292	6.94931e-02
0.13238	6.79670e-02
0.13191	6.63030e-02
0.13150	6.45452e-02
0.13113	6.27346e-02
0.13078	6.09066e-02
0.13043	5.90915e-02
0.13008	5.73143e-02
0.12973	5.55962e-02
0.12936	5.39548e-02
0.12897	5.24047e-02
0.12856	5.09581e-02
0.12813	4.96245e-02
0.12768	4.84111e-02
0.12721	4.73223e-02
0.12672	4.63600e-02
0.12621	4.55230e-02
0.12570	4.48074e-02
0.12517	4.42063e-02
0.12464	4.37210e-02
0.12411	4.33291e-02
0.12358	4.30169e-02
0.12306	4.27694e-02
0.12256	4.25707e-02
0.12208	4.24058e-02
0.12162	4.22599e-02
0.12120	4.21200e-02
0.12081	4.19755e-02
0.12046	4.18185e-02
0.12015	4.16442e-02
0.11988	4.14514e-02
0.11965	4.12424e-02
0.11946	4.10229e-02
0.11931	4.08016e-02
0.11919	4.05902e-02
0.11910	4.04028e-02
0.11904	4.02551e-02
0.11900	4.01638e-02
0.11897	4.01459e-02
0.11896	4.02172e-02
0.11895	4.03919e-02
0.11893	4.06814e-02
0.11892	4.10934e-02
0.11889	4.16318e-02
0.11886	4.22963e-02
0.11881	4.30826e-02
0.11874	4.39829e-02
0.11865	4.49862e-02
0.11854	4.60634e-02
0.11841	4.72180e-02
0.11826	4.84272e-02
0.11811	4.96815e-02
0.11794	5.09648e-02
0.11776	5.22609e-02
0.11757	5.35541e-02
0.11738	5.48299e-02
0.11720	5.60757e-02
0.11701	5.72829e-02
0.11683	5.84485e-02
0.11665	5.95758e-02
0.11647	6.06742e-02
0.11627	6.17564e-02
0.11604	6.28362e-02
0.11579	6.39256e-02
0.11550	6.50340e-02
0.11517	6.61674e-02
0.11479	6.73284e-02
0.11436	6.85157e-02
0.11389	6.97231e-02
0.11338	7.09343e-02
0.11285	7.21033e-02
0.11241	7.30762e-02
0.11232	7.34708e-02
0.11249	7.34212e-02
0.11270	7.32604e-02
0.11289	7.30813e-02
0.11306	7.28994e-02
0.11319	7.27104e-02
0.11331	7.25044e-02
0.11342	7.23002e-02
0.11352	7.20596e-02
0.11361	7.17749e-02
0.11369	7.14383e-02
0.11376	7.10410e-02
0.11384	7.05757e-02
0.11391	7.00382e-02
0.11398	6.94307e-02
0.11405	6.87621e-02
0.11410	6.80378e-02
0.11413	6.72877e-02
0.11411	6.65323e-02
0.11403	6.57918e-02
0.11387	6.50846e-02
0.11364	6.44272e-02
0.11333	6.38333e-02
0.11292	6.33144e-02
0.11241	6.28798e-02
0.11181	6.25364e-02
0.11111	6.22894e-02
0.11031	6.21416e-02
0.10940	6.20943e-02
0.10840	6.21468e-02
0.10729	6.22965e-02
0.10609	6.25390e-02
0.10480	6.28669e-02
0.10343	6.32694e-02
0.10199	6.37286e-02
0.10050	6.42119e-02
0.09900	6.46507e-02
0.09762	6.48974e-02
0.09648	6.47556e-02
0.09560	6.42485e-02
0.09483	6.35890e-02
0.09408	6.29182e-02
0.09333	6.22966e-02
0.09257	6.17485e-02
0.09179	6.12831e-02
0.09100	6.09024e-02
0.09022	6.06045e-02
0.08946	6.04171e-02
0.08871	6.03022e-02
0.08799	6.02549e-02
0.08731	6.02711e-02
0.08666	6.03474e-02
0.08604	6.04862e-02
0.08547	6.06780e-02
0.08495	6.09182e-02
0.08449	6.12012e-02
0.08409	6.15195e-02
0.08376	6.18637e-02
0.08350	6.22232e-02
0.08333	6.25863e-02
0.08324	6.29410e-02
0.08325	6.32758e-02
0.08336	6.35809e-02
0.08357	6.38486e-02
0.08389	6.40752e-02
0.08431	6.42609e-02
0.08482	6.44096e-02
0.08541	6.45273e-02
0.08607	6.46211e-02
0.08680	6.46979e-02
0.08757	6.47634e-02
0.08840	6.48220e-02
0.08926	6.48754e-02
0.09015	6.49228e-02
0.09109	6.49601e-02
0.09205	6.49798e-02
0.09307	6.49805e-02
0.09413	6.49381e-02
0.09524	6.48367e-02
0.09641	6.46599e-02
0.09765	6.43947e-02
0.09895	6.40351e-02
0.10031	6.35844e-02
0.10170	6.30551e-02
0.10312	6.24661e-02
0.10454	6.18401e-02
0.10596	6.11998e-02
0.10735	6.05670e-02
0.10870	5.99613e-02
0.11000	5.93997e-02
0.11125	5.88971e-02
0.11243	5.84658e-02
0.11355	5.81159e-02
0.11459	5.78552e-02
0.11556	5.76893e-02
0.11645	5.76214e-02
0.11726	5.76523e-02
0.11799	5.77795e-02
0.11864	5.79975e-02
0.11923	5.82801e-02
0.11976	5.86279e-02
0.12022	5.90167e-02
0.12063	5.94158e-02
0.12100	5.97929e-02
0.12133	6.01411e-02
0.12162	6.04692e-02
0.12187	6.07953e-02
0.12207	6.11395e-02
0.12220	6.15080e-02
0.12226	6.19056e-02
0.12226	6.23334e-02
0.12219	6.27906e-02
0.12205	6.32751e-02
0.12184	6.37842e-02
0.12157	6.43145e-02
0.12123	6.48626e-02
0.12085	6.54196e-02
0.12041	6.59867e-02
0.11991	6.65603e-02
0.11936	6.71368e-02
0.11876	6.77120e-02
0.11810	6.82807e-02
0.11741	6.88360e-02
0.11668	6.93652e-02
0.11593	6.98361e-02
0.11525	7.01240e-02
0.11490	6.97859e-02
0.11492	6.87730e-02
0.11500	6.75598e-02
0.11506	6.62939e-02
0.11507	6.50096e-02
0.11504	6.37183e-02
0.11495	6.24249e-02
0.11480	6.11324e-02
0.11460	5.98423e-02
0.11435	5.85559e-02
0.11405	5.72740e-02
0.11369	5.59973e-02
0.11327	5.47263e-02
0.11281	5.34615e-02
0.11230	5.22036e-02
0.11174	5.09540e-02
0.11113	4.97147e-02
0.11047	4.84888e-02
0.10977	4.72808e-02
0.10903	4.60966e-02
0.10824	4.49438e-02
0.10740	4.38310e-02
0.10651	4.27696e-02
0.10558	4.17708e-02
0.10460	4.08467e-02
0.10357	4.00092e-02
0.10249	3.92680e-02
0.10136	3.86351e-02
0.10018	3.81199e-02
0.09896	3.77300e-02
0.09770	3.74708e-02
0.09639	3.73455e-02
0.09505	3.73539e-02
0.09368	3.74927e-02
0.09228	3.77538e-02
0.09086	3.81217e-02
0.08944	3.85655e-02
0.08805	3.90086e-02
0.08681	3.92231e-02
0.08593	3.87612e-02
0.08538	3.76940e-02
0.08496	3.64813e-02
0.08458	3.53271e-02
0.08421	3.43019e-02
0.08385	3.34346e-02
0.08351	3.27380e-02
0.08319	3.22148e-02
0.08289	3.18601e-02
0.08264	3.16628e-02
0.08242	3.16070e-02
0.08225	3.16694e-02
0.08213	3.18308e-02
0.08209	3.20715e-02
0.08211	3.23693e-02
0.08221	3.27066e-02
0.08238	3.30694e-02
0.08263	3.34478e-02
0.08296	3.38359e-02
0.08336	3.42320e-02
0.08383	3.46373e-02
0.08435	3.50554e-02
0.08493	3.54912e-02
0.08554	3.59498e-02
0.08619	3.64359e-02
0.08687	3.69531e-02
0.08756	3.75037e-02
0.08826	3.80884e-02
0.08896	3.87062e-02
0.08967	3.93545e-02
0.09037	4.00296e-02
0.09106	4.07265e-02
0.09173	4.14391e-02
0.09240	4.21607e-02
0.09304	4.29002e-02
0.09367	4.36336e-02
0.09428	4.43516e-02
0.09488	4.50446e-02
0.09547	4.57046e-02
0.09606	4.63207e-02
0.09665	4.68843e-02
0.09723	4.73884e-02
0.09781	4.78388e-02
0.09839	4.82250e-02
0.09897	4.85492e-02
0.09955	4.88172e-02
0.10011	4.90381e-02
0.10067	4.92232e-02
0.10120	4.93847e-02
0.10171	4.95352e-02
0.10219	4.96864e-02
0.10262	4.98460e-02
0.10302	5.00257e-02
0.10338	5.02332e-02
0.10369	5.04745e-02
0.10397	5.07536e-02
0.10421	5.10727e-02
0.10441	5.14318e-02
0.10458	5.18286e-02
0.10471	5.22579e-02
0.10482	5.27118e-02
0.10491	5.31797e-02
0.10499	5.36495e-02
0.10507	5.41095e-02
0.10515	5.45509e-02
0.10523	5.49692e-02
0.10532	5.53627e-02
0.10542	5.57305e-02
0.10553	5.60713e-02
0.10565	5.63824e-02
0.10578	5.66597e-02
0.10593	5.68976e-02
0.10610	5.70900e-02
0.10630	5.72303e-02
0.10651	5.73121e-02
0.10676	5.73300e-02
0.10703	5.72798e-02
0.10734	5.71596e-02
0.10766	5.69695e-02
0.10802	5.67122e-02
0.10839	5.63926e-02
0.10879	5.60177e-02
0.10920	5.55852e-02
0.10961	5.51174e-02
0.11003	5.46261e-02
0.11043	5.41237e-02
0.11083	5.36228e-02
0.11121	5.31372e-02
0.11156	5.26780e-02
0.11190	5.22565e-02
0.11221	5.18826e-02
0.11249	5.15646e-02
0.11274	5.13088e-02
0.11297	5.11187e-02
0.11318	5.09956e-02
0.11336	5.09381e-02
0.11354	5.09429e-02
0.11370	5.10055e-02
0.11387	5.11210e-02
0.11403	5.12854e-02
0.11420	5.14956e-02
0.11437	5.17495e-02
0.11456	5.20457e-02
0.11476	5.23827e-02
0.11498	5.27577e-02
0.11522	5.31668e-02
0.11549	5.36043e-02
0.11578	5.40631e-02
0.11611	5.45353e-02
0.11649	5.50129e-02
0.11690	5.54883e-02
0.11738	5.59576e-02
0.11790	5.64132e-02
0.11846	5.68730e-02
0.11908	5.73154e-02
0.11975	5.77395e-02
0.12046	5.81460e-02
0.12123	5.85372e-02
0.12205	5.89164e-02
0.12290	5.92883e-02
0.12379	5.96581e-02
0.12471	6.00316e-02
0.12565	6.04147e-02
0.12661	6.08131e-02
0.12758	6.12319e-02
0.12855	6.16754e-02
0.12952	6.21471e-02
0.13048	6.26489e-02
0.13143	6.31817e-02
0.13236	6.37446e-02
0.13326	6.43354e-02
0.13414	6.49505e-02
0.13498	6.55846e-02
0.13580	6.62315e-02
0.13656	6.68645e-02
0.13729	6.74958e-02
0.13797	6.81197e-02
0.13862	6.87235e-02
0.13924	6.92977e-02
0.13982	6.98327e-02
0.14037	7.03199e-02
0.14089	7.07517e-02
0.14139	7.11180e-02
0.14186	7.14179e-02
0.14231	7.16492e-02
0.14273	7.18119e-02
0.14313	7.19085e-02
0.14349	7.19434e-02
0.14383	7.19227e-02
0.14413	7.18542e-02
0.14441	7.17464e-02
0.14466	7.16368e-02
0.14488	7.15054e-02
0.14506	7.13609e-02
0.14520	7.12116e-02
0.14530	7.10647e-02
0.14536	7.09262e-02
0.14540	7.08006e-02
0.14539	7.06898e-02
0.14537	7.05908e-02
0.14533	7.04899e-02
0.14531	7.03386e-02
0.14537	6.99830e-02
0.14563	6.92272e-02
0.14601	6.82075e-02
0.14642	6.71064e-02
0.14684	6.59897e-02
0.14726	6.48805e-02
0.14767	6.37896e-02
0.14809	6.27238e-02
0.14849	6.16885e-02
0.14890	6.06896e-02
0.14930	5.97332e-02
0.14969	5.88264e-02
0.15007	5.79771e-02
0.15043	5.71937e-02
0.15078	5.64852e-02
0.15111	5.58602e-02
0.15141	5.53268e-02
0.15168	5.48921e-02
0.15192	5.45615e-02
0.15213	5.43379e-02
0.15230	5.42270e-02
0.15243	5.42205e-02
0.15251	5.43121e-02
0.15256	5.44919e-02
0.15257	5.47458e-02
0.15254	5.50634e-02
0.15249	5.54148e-02
0.15240	5.57740e-02
0.15230	5.61128e-02
0.15219	5.64025e-02
0.15208	5.66172e-02
0.15197	5.67384e-02
0.15187	5.67577e-02
0.15178	5.66791e-02
0.15168	5.65167e-02
0.15158	5.62915e-02
0.15145	5.60272e-02
0.15130	5.57470e-02
0.15112	5.54711e-02
0.15090	5.52166e-02
0.15064	5.49964e-02
0.15033	5.48204e-02
0.14997	5.46952e-02
0.14957	5.46249e-02
0.14913	5.46117e-02
0.14865	5.46557e-02
0.14812	5.47560e-02
0.14756	5.49103e-02
0.14696	5.51153e-02
0.14632	5.53684e-02
0.14565	5.56631e-02
0.14497	5.59717e-02
0.14427	5.63101e-02
0.14356	5.66721e-02
0.14283	5.70515e-02
0.14210	5.74415e-02
0.14135	5.78349e-02
0.14061	5.82247e-02
0.13987	5.86032e-02
0.13913	5.89629e-02
0.13841	5.92960e-02
0.13771	5.95948e-02
0.13702	5.98511e-02
0.13637	6.00568e-02
0.13574	6.02038e-02
0.13515	6.02840e-02
0.13460	6.02897e-02
0.13410	6.02143e-02
0.13365	6.00521e-02
0.13326	5.97986e-02
0.13292	5.94515e-02
0.13264	5.90099e-02
0.13244	5.84982e-02
0.13229	5.78958e-02
0.13220	5.72076e-02
0.13217	5.64403e-02
0.13219	5.56063e-02
0.13227	5.47131e-02
0.13239	5.37735e-02
0.13254	5.28028e-02
0.13273	5.18187e-02
0.13294	5.08399e-02
0.13317	4.98873e-02
0.13342	4.89829e-02
0.13367	4.81499e-02
0.13391	4.74175e-02
0.13414	4.68019e-02
0.13437	4.63232e-02
0.13457	4.59991e-02
0.13476	4.58351e-02
0.13492	4.58493e-02
0.13506	4.60463e-02
0.13516	4.64252e-02
0.13524	4.69804e-02
0.13527	4.77017e-02
0.13527	4.85752e-02
0.13524	4.95841e-02
0.13517	5.07100e-02
0.13506	5.19328e-02
0.13493	5.32326e-02
0.13476	5.45890e-02
0.13457	5.59826e-02
0.13435	5.73944e-02
0.13410	5.88065e-02
0.13384	6.02020e-02
0.13356	6.15647e-02
0.13327	6.28797e-02
0.13297	6.41325e-02
0.13267	6.53098e-02
0.13237	6.63988e-02
0.13207	6.73874e-02
0.13179	6.82647e-02
0.13152	6.90209e-02
0.13127	6.96478e-02
0.13103	7.01396e-02
0.13082	7.04932e-02
0.13063	7.07086e-02
0.13046	7.07890e-02
0.13030	7.07404e-02
0.13015	7.05707e-02
0.13001	7.02855e-02
0.12986	6.98983e-02
0.12969	6.94194e-02
0.12951	6.88586e-02
0.12931	6.82249e-02
0.12908	6.75498e-02
0.12881	6.68181e-02
0.12851	6.60368e-02
0.12816	6.52121e-02
0.12777	6.43500e-02
0.12734	6.34558e-02
0.12685	6.25346e-02
0.12631	6.15913e-02
0.12571	6.06307e-02
0.12507	5.96577e-02
0.12436	5.86772e-02
0.12360	5.76943e-02
0.12278	5.67144e-02
0.12190	5.57431e-02
0.12097	5.47867e-02
0.11997	5.38515e-02
0.11892	5.29443e-02
0.11780	5.20721e-02
0.11663	5.12421e-02
0.11540	5.04614e-02
0.11411	4.97369e-02
0.11277	4.90748e-02
0.11137	4.84803e-02
0.10992	4.79572e-02
0.10842	4.75197e-02
0.10687	4.71542e-02
0.10529	4.68535e-02
0.10369	4.66104e-02
0.10208	4.64077e-02
0.10047	4.62191e-02
0.09889	4.60096e-02
0.09737	4.57406e-02
0.09592	4.53835e-02
0.09456	4.49369e-02
0.09328	4.44303e-02
0.09206	4.39104e-02
0.09088	4.34236e-02
0.08975	4.30065e-02
0.08865	4.26842e-02
0.08759	4.24725e-02
0.08655	4.23802e-02
0.08555	4.24113e-02
0.08460	4.25668e-02
0.08368	4.28456e-02
0.08281	4.32455e-02
0.08199	4.37623e-02
0.08123	4.43900e-02
0.08052	4.51205e-02
0.07987	4.59431e-02
0.07929	4.68470e-02
0.07878	4.78194e-02
0.07835	4.88500e-02
0.07799	4.99299e-02
0.07772	5.10493e-02
0.07753	5.21931e-02
0.07744	5.33356e-02
0.07747	5.44490e-02
0.07762	5.55156e-02
0.07788	5.65456e-02
0.07823	5.75627e-02
0.07866	5.85855e-02
0.07914	5.96229e-02
0.07966	6.06783e-02
0.08023	6.17524e-02
0.08081	6.28521e-02
0.08141	6.39729e-02
0.08211	6.50173e-02
0.08388	6.47149e-02
0.08566	6.43836e-02
0.08745	6.40358e-02
0.08923	6.36711e-02
0.09101	6.32871e-02
0.09277	6.28804e-02
0.09453	6.24487e-02
0.09626	6.19927e-02
0.09797	6.15184e-02
0.09966	6.10360e-02
0.10130	6.05580e-02
0.10289	6.00974e-02
0.10443	5.96668e-02
0.10592	5.92781e-02
0.10733	5.89421e-02
0.10869	5.86688e-02
0.10997	5.84669e-02
0.11118	5.83444e-02
0.11232	5.83079e-02
0.11338	5.83629e-02
0.11438	5.85139e-02
0.11529	5.87646e-02
0.11614	5.91160e-02
0.11691	5.95685e-02
0.11761	6.01213e-02
0.11825	6.07723e-02
0.11881	6.15185e-02
0.11932	6.23558e-02
0.11977	6.32745e-02
0.12016	6.42740e-02
0.12050	6.53478e-02
0.12079	6.64890e-02
0.12103	6.76903e-02
0.12124	6.89429e-02
0.12141	7.02393e-02
0.12155	7.15710e-02
0.12167	7.29292e-02
0.12177	7.43046e-02
0.12186	7.56873e-02
0.12194	7.70669e-02
0.12203	7.84319e-02
0.12213	7.97693e-02
0.12225	8.10642e-02
0.12241	8.22985e-02
0.12262	8.34497e-02
0.12291	8.44877e-02
0.12331	8.53672e-02
0.12387	8.60051e-02
0.12471	8.62401e-02
0.12594	8.59042e-02
0.12750	8.50651e-02
0.12924	8.39144e-02
0.13107	8.25724e-02
0.13295	8.10984e-02
0.13484	7.95247e-02
0.13673	7.78718e-02
0.13861	7.61544e-02
0.14047	7.43846e-02
0.14230	7.25724e-02
0.14412	7.07096e-02
0.14590	6.88197e-02
0.14764	6.69113e-02
0.14933	6.49928e-02
0.15098	6.30727e-02
0.15258	6.11595e-02
0.15413	5.92619e-02
0.15562	5.73889e-02
0.15705	5.55495e-02
0.15842	5.37528e-02
0.15972	5.20083e-02
0.16096	5.03253e-02
0.16213	4.87134e-02
0.16323	4.71818e-02
0.16426	4.57398e-02
0.16521	4.43960e-02
0.16609	4.31584e-02
0.16689	4.20343e-02
0.16761	4.10298e-02
0.16825	4.01497e-02
0.16881	3.93970e-02
0.16928	3.87781e-02
0.16968	3.82868e-02
0.16998	3.79247e-02
0.17020	3.76822e-02
0.17032	3.75610e-02
0.17036	3.75458e-02
0.17030	3.76271e-02
0.17016	3.77942e-02
0.16994	3.80443e-02
0.16963	3.83583e-02
0.16924	3.87246e-02
0.16876	3.91322e-02
0.16819	3.95704e-02
0.16754	4.00294e-02
0.16681	4.05003e-02
0.16599	4.09754e-02
0.16509	4.14479e-02
0.16412	4.19111e-02
0.16306	4.23618e-02
0.16194	4.27967e-02
0.16073	4.32140e-02
0.15946	4.36131e-02
0.15811	4.39943e-02
0.15669	4.43592e-02
0.15521	4.47099e-02
0.15366	4.50493e-02
0.15204	4.53810e-02
0.15036	4.57087e-02
0.14861	4.60362e-02
0.14681	4.63677e-02
0.14494	4.67069e-02
0.14302	4.70575e-02
0.14105	4.74230e-02
0.13903	4.78064e-02
0.13696	4.82103e-02
0.13484	4.86368e-02
0.13268	4.90873e-02
0.13049	4.95623e-02
0.12827	5.00610e-02
0.12602	5.05809e-02
0.12375	5.11163e-02
0.12149	5.16610e-02
0.11923	5.21947e-02
0.11700	5.26916e-02
0.11482	5.31155e-02
0.11272	5.34286e-02
0.11072	5.36138e-02
0.10882	5.36939e-02
0.10701	5.37219e-02
0.10528	5.37450e-02
0.10360	5.37981e-02
0.10199	5.38999e-02
0.10043	5.40570e-02
0.09895	5.42698e-02
0.09754	5.45268e-02
0.09622	5.48122e-02
0.09501	5.51044e-02
0.09394	5.53775e-02
0.09301	5.56068e-02
0.09224	5.57776e-02
0.09164	5.58941e-02
0.09120	5.59775e-02
0.09089	5.60536e-02
0.09070	5.61381e-02
0.09065	5.62231e-02
0.09075	5.62680e-02
0.09104	5.61953e-02
0.09155	5.59672e-02
0.09224	5.56300e-02
0.09305	5.52490e-02
0.09396	5.48623e-02
0.09495	5.44862e-02
0.09601	5.41254e-02
0.09714	5.37790e-02
0.09833	5.34435e-02
0.09957	5.31139e-02
0.10086	5.27841e-02
0.10221	5.24476e-02
0.10361	5.21050e-02
0.10504	5.17408e-02
0.10652	5.13502e-02
0.10804	5.09289e-02
0.10958	5.04745e-02
0.11115	4.99864e-02
0.11274	4.94659e-02
0.11434	4.89165e-02
0.11595	4.83429e-02
0.11756	4.77515e-02
0.11917	4.71495e-02
0.12076	4.65449e-02
0.12233	4.59458e-02
0.12388	4.53604e-02
0.12540	4.47966e-02
0.12689	4.42619e-02
0.12835	4.37628e-02
0.12978	4.33053e-02
0.13116	4.28940e-02
0.13251	4.25324e-02
0.13382	4.22230e-02
0.13509	4.19667e-02
0.13631	4.17633e-02
0.13750	4.16108e-02
0.13866	4.14985e-02
0.13978	4.14293e-02
0.14087	4.13985e-02
0.14192	4.14016e-02
0.14294	4.14333e-02
0.14393	4.14882e-02
0.14489	4.15554e-02
0.14582	4.16365e-02
0.14671	4.17268e-02
0.14758	4.18223e-02
0.14843	4.19198e-02
0.14924	4.20164e-02
0.15003	4.21100e-02
0.15078	4.21993e-02
0.15151	4.22834e-02
0.15221	4.23679e-02
0.15288	4.24483e-02
0.15351	4.25252e-02
0.15411	4.25999e-02
0.15467	4.26738e-02
0.15518	4.27490e-02
0.15566	4.28275e-02
0.15608	4.29118e-02
0.15646	4.30045e-02
0.15679	4.31081e-02
0.15706	4.32253e-02
0.15728	4.33587e-02
0.15745	4.35106e-02
0.15755	4.36832e-02
0.15760	4.38785e-02
0.15758	4.40980e-02
0.15751	4.43429e-02
0.15737	4.46141e-02
0.15716	4.49120e-02
0.15689	4.52365e-02
0.15655	4.55873e-02
0.15615	4.59635e-02
0.15568	4.63640e-02
0.15514	4.67876e-02
0.15453	4.72448e-02
0.15385	4.77206e-02
0.15311	4.82134e-02
0.15230	4.87217e-02
0.15143	4.92441e-02
0.15050	4.97797e-02
0.14951	5.03277e-02
0.14847	5.08819e-02
0.14738	5.14456e-02
0.14624	5.20184e-02
0.14504	5.25997e-02
0.14379	5.31886e-02
0.14250	5.37834e-02
0.14117	5.43817e-02
0.13979	5.49796e-02
0.13838	5.55722e-02
0.13695	5.61522e-02
0.13549	5.67110e-02
0.13402	5.72376e-02
0.13254	5.77197e-02
0.13107	5.81441e-02
0.12961	5.84983e-02
0.12818	5.87719e-02
0.12677	5.89577e-02
0.12541	5.90528e-02
0.12408	5.90562e-02
0.12280	5.89667e-02
0.12157	5.87789e-02
0.12040	5.84802e-02
0.11930	5.80520e-02
0.11829	5.74750e-02
0.11736	5.67409e-02
0.11652	5.58612e-02
0.11575	5.48671e-02
0.11503	5.37992e-02
0.11435	5.26976e-02
0.11369	5.15966e-02
0.11304	5.05246e-02
0.11241	4.94909e-02
0.11179	4.85212e-02
0.11117	4.76278e-02
0.11055	4.68197e-02
0.10994	4.61025e-02
0.10934	4.54782e-02
0.10876	4.49448e-02
0.10821	4.44964e-02
0.10769	4.41230e-02
0.10722	4.38112e-02
0.10681	4.35466e-02
0.10646	4.33172e-02
0.10619	4.31177e-02
0.10599	4.29525e-02
0.10586	4.28361e-02
0.10579	4.27906e-02
0.10578	4.28408e-02
0.10581	4.30097e-02
0.10589	4.33152e-02
0.10599	4.37693e-02
0.10611	4.43766e-02
0.10628	4.51353e-02
0.10646	4.60389e-02
0.10664	4.70841e-02
0.10684	4.82534e-02
0.10706	4.95318e-02
0.10729	5.09016e-02
0.10753	5.23452e-02
0.10780	5.38440e-02
0.10807	5.53715e-02
0.10838	5.69150e-02
0.10872	5.84511e-02
0.10910	5.99521e-02
0.10954	6.13839e-02
0.11007	6.27060e-02
0.11070	6.38795e-02
0.11145	6.48836e-02
0.11230	6.57298e-02
0.11324	6.64533e-02
0.11425	6.70920e-02
0.11529	6.76690e-02
0.11638	6.81875e-02
0.11750	6.86346e-02
0.11868	6.89970e-02
0.11989	6.92804e-02
0.12113	6.95059e-02
0.12237	6.96934e-02
0.12362	6.98547e-02
0.12485	6.99949e-02
0.12607	7.01149e-02
0.12728	7.02132e-02
0.12846	7.02877e-02
0.12962	7.03363e-02
0.13076	7.03578e-02
0.13186	7.03524e-02
0.13292	7.03217e-02
0.13394	7.02690e-02
0.13491	7.01985e-02
0.13582	7.01152e-02
0.13667	7.00242e-02
0.13746	6.99306e-02
0.13817	6.98393e-02
0.13880	6.97545e-02
0.13936	6.96799e-02
0.13983	6.96184e-02
0.14021	6.95728e-02
0.14051	6.95448e-02
0.14073	6.95362e-02
0.14085	6.95480e-02
0.14090	6.95842e-02
0.14087	6.96413e-02
0.14075	6.97196e-02
0.14055	6.98191e-02
0.14027	6.99396e-02
0.13991	7.00786e-02
0.13948	7.02381e-02
0.13897	7.04170e-02
0.13839	7.06142e-02
0.13775	7.08276e-02
0.13704	7.10550e-02
0.13627	7.12932e-02
0.13544	7.15387e-02
0.13457	7.17869e-02
0.13365	7.20325e-02
0.13269	7.22692e-02
0.13171	7.24902e-02
0.13070	7.26875e-02
0.12967	7.28528e-02
0.12864	7.29770e-02
0.12761	7.30508e-02
0.12659	7.30646e-02
0.12560	7.30092e-02
0.12463	7.28766e-02
0.12371	7.26613e-02
0.12282	7.23617e-02
0.12198	7.19811e-02
0.12119	7.15276e-02
0.12043	7.10130e-02
0.11970	7.04508e-02
0.11900	6.98573e-02
0.11833	6.92579e-02
0.11768	6.86500e-02
0.11704	6.80449e-02
0.11640	6.74527e-02
0.11576	6.68829e-02
0.11513	6.63439e-02
0.11448	6.58434e-02
0.11383	6.53881e-02
0.11317	6.49839e-02
0.11249	6.46355e-02
0.11181	6.43465e-02
0.11111	6.41186e-02
0.11040	6.39507e-02
0.10968	6.38351e-02
0.10898	6.37475e-02
0.10834	6.36067e-02
0.10789	6.31845e-02
0.10773	6.23338e-02
0.10772	6.12745e-02
0.10778	6.01602e-02
0.10787	5.90363e-02
0.10802	5.79092e-02
0.10821	5.67791e-02
0.10844	5.56351e-02
0.10874	5.44620e-02
0.10911	5.32458e-02
0.10956	5.19696e-02
0.11008	5.06235e-02
0.11069	4.92054e-02
0.11140	4.77330e-02
0.11217	4.62092e-02
0.11300	4.46547e-02
0.11388	4.30945e-02
0.11480	4.15568e-02
0.11574	4.00715e-02
0.11670	3.86698e-02
0.11767	3.73839e-02
0.11864	3.62456e-02
0.11960	3.52861e-02
0.12054	3.45340e-02
0.12147	3.40141e-02
0.12237	3.37453e-02
0.12324	3.37391e-02
0.12407	3.39988e-02
0.12487	3.45188e-02
0.12564	3.52857e-02
0.12636	3.62792e-02
0.12705	3.74737e-02
0.12769	3.88389e-02
0.12830	4.03411e-02
0.12889	4.19425e-02
0.12944	4.36002e-02
0.12999	4.52655e-02
0.13055	4.68843e-02
0.13113	4.84035e-02
0.13175	4.97847e-02
0.13242	5.10211e-02
0.13312	5.21395e-02
0.13383	5.31864e-02
0.13454	5.42083e-02
0.13523	5.52414e-02
0.13588	5.63092e-02
0.13649	5.74184e-02
0.13705	5.85806e-02
0.13756	5.97958e-02
0.13803	6.10599e-02
0.13844	6.23663e-02
0.13881	6.37062e-02
0.13914	6.50695e-02
0.13942	6.64449e-02
0.13968	6.78200e-02
0.13991	6.91813e-02
0.14013	7.05149e-02
0.14033	7.18063e-02
0.14054	7.30421e-02
0.14076	7.42079e-02
0.14100	7.52922e-02
0.14126	7.62869e-02
0.14156	7.71877e-02
0.14189	7.79951e-02
0.14226	7.87132e-02
0.14265	7.93492e-02
0.14307	7.99118e-02
0.14351	8.04099e-02
0.14396	8.08511e-02
0.14443	8.12412e-02
0.14490	8.15836e-02
0.14538	8.18790e-02
0.14586	8.21254e-02
0.14636	8.23186e-02
0.14685	8.24518e-02
0.14736	8.25169e-02
0.14788	8.25051e-02
0.14841	8.24077e-02
0.14896	8.22176e-02
0.14952	8.19301e-02
0.15009	8.15434e-02
0.15067	8.10591e-02
0.15125	8.04812e-02
0.15182	7.98182e-02
0.15238	7.90748e-02
0.15292	7.82587e-02
0.15343	7.73777e-02
0.15391	7.64395e-02
0.15435	7.54513e-02
0.15475	7.44203e-02
0.15510	7.33536e-02
0.15540	7.22585e-02
0.15564	7.11422e-02
0.15583	7.00123e-02
0.15594	6.88763e-02
0.15599	6.77422e-02
0.15597	6.66180e-02
0.15588	6.55115e-02
0.15572	6.44308e-02
0.15548	6.33833e-02
0.15516	6.23766e-02
0.15477	6.14176e-02
0.15430	6.05126e-02
0.15376	5.96676e-02
0.15315	5.88877e-02
0.15246	5.81775e-02
0.15170	5.75408e-02
0.15087	5.69836e-02
0.14998	5.65058e-02
0.14901	5.61111e-02
0.14799	5.57991e-02
0.14691	5.55699e-02
0.14578	5.54230e-02
0.14459	5.53601e-02
0.14336	5.53761e-02
0.14208	5.54684e-02
0.14076	5.56333e-02
0.13941	5.58667e-02
0.13803	5.61635e-02
0.13663	5.65184e-02
0.13520	5.69254e-02
0.13376	5.73780e-02
0.13231	5.78697e-02
0.13086	5.83931e-02
0.12942	5.89403e-02
0.12798	5.95026e-02
0.12656	6.00696e-02
0.12518	6.06283e-02
0.12383	6.11599e-02
0.12255	6.16351e-02
0.12136	6.20011e-02
0.12032	6.21629e-02
0.11950	6.19834e-02
0.11896	6.13822e-02
0.11866	6.04301e-02
0.11852	5.92476e-02
0.11852	5.79123e-02
0.11862	5.64640e-02
0.11882	5.49239e-02
0.11910	5.33074e-02
0.11946	5.16290e-02
0.11988	4.99039e-02
0.12037	4.81491e-02
0.12091	4.63832e-02
0.12149	4.46262e-02
0.12210	4.28996e-02
0.12275	4.12262e-02
0.12343	3.96315e-02
0.12412	3.81424e-02
0.12481	3.67872e-02
0.12552	3.55954e-02
0.12622	3.45963e-02
0.12691	3.38175e-02
0.12758	3.32802e-02
0.12823	3.30064e-02
0.12886	3.30066e-02
0.12946	3.32824e-02
0.13002	3.38265e-02
0.13053	3.46198e-02
0.13100	3.56436e-02
0.13142	3.68710e-02
0.13179	3.82719e-02
0.13210	3.98134e-02
0.13236	4.14591e-02
0.13257	4.31639e-02
0.13275	4.48608e-02
0.13293	4.64249e-02
0.13320	4.76191e-02
0.13366	4.82113e-02
0.13424	4.83301e-02
0.13486	4.82698e-02
0.13544	4.81998e-02
0.13596	4.81920e-02
0.13641	4.82775e-02
0.13678	4.84699e-02
0.13708	4.87746e-02
0.13730	4.91925e-02
0.13745	4.97220e-02
0.13753	5.03596e-02
0.13754	5.11004e-02
0.13749	5.19386e-02
0.13738	5.28676e-02
0.13721	5.38802e-02
0.13700	5.49737e-02
0.13675	5.61217e-02
0.13646	5.73288e-02
0.13614	5.85864e-02
0.13578	5.98854e-02
0.13539	6.12165e-02
0.13498	6.25699e-02
0.13456	6.39353e-02
0.13413	6.53021e-02
0.13370	6.66595e-02
0.13328	6.79965e-02
0.13287	6.93030e-02
0.13248	7.05702e-02
0.13211	7.17920e-02
0.13178	7.29662e-02
0.13147	7.40945e-02
0.13119	7.51825e-02
0.13094	7.62380e-02
0.13070	7.72704e-02
0.13049	7.82883e-02
0.13028	7.92992e-02
0.13008	8.03085e-02
0.12989	8.13195e-02
0.12970	8.23332e-02
0.12951	8.33361e-02
0.12932	8.43366e-02
0.12912	8.53368e-02
0.12894	8.63183e-02
0.12877	8.72670e-02
0.12863	8.81646e-02
0.12853	8.89904e-02
0.12849	8.97248e-02
0.12851	9.03575e-02
0.12859	9.08909e-02
0.12871	9.13376e-02
0.12887	9.17127e-02
0.12905	9.20291e-02
0.12924	9.22956e-02
0.12944	9.25178e-02
0.12964	9.26931e-02
0.12985	9.28297e-02
0.13005	9.29292e-02
0.13024	9.29929e-02
0.13043	9.30216e-02
0.13060	9.30160e-02
0.13076	9.29759e-02
0.13091	9.28996e-02
0.13105	9.27821e-02
0.13119	9.26125e-02
0.13134	9.23693e-02
0.13153	9.20234e-02
0.13176	9.15637e-02
0.13202	9.10135e-02
0.13229	9.04044e-02
0.13255	8.97564e-02
0.13279	8.90791e-02
0.13302	8.83762e-02
0.13323	8.76486e-02
0.13342	8.68957e-02
0.13361	8.61161e-02
0.13378	8.53082e-02
0.13394	8.44705e-02
0.13409	8.36017e-02
0.13423	8.26965e-02
0.13436	8.17593e-02
0.13447	8.07907e-02
0.13458	7.97915e-02
0.13467	7.87632e-02
0.13475	7.77074e-02
0.13481	7.66256e-02
0.13486	7.55204e-02
0.13489	7.43918e-02
0.13491	7.32407e-02
0.13491	7.20676e-02
0.13490	7.08725e-02
0.13488	6.96548e-02
0.13485	6.84148e-02
0.13481	6.71528e-02
0.13477	6.58696e-02
0.13472	6.45675e-02
0.13467	6.32498e-02
0.13462	6.19215e-02
0.13456	6.05891e-02
0.13451	5.92604e-02
0.13445	5.79446e-02
0.13438	5.66513e-02
0.13432	5.53910e-02
0.13425	5.41744e-02
0.13417	5.30120e-02
0.13410	5.19141e-02
0.13401	5.08907e-02
0.13393	4.99509e-02
0.13384	4.91026e-02
0.13374	4.83527e-02
0.13365	4.77068e-02
0.13355	4.71686e-02
0.13345	4.67401e-02
0.13336	4.64216e-02
0.13326	4.62111e-02
0.13316	4.61052e-02
0.13307	4.60999e-02
0.13297	4.61861e-02
0.13288	4.63554e-02
0.13279	4.65984e-02
0.13270	4.69052e-02
0.13262	4.72652e-02
0.13253	4.76676e-02
0.13245	4.81015e-02
0.13237	4.85561e-02
0.13229	4.90207e-02
0.13222	4.94846e-02
0.13215	4.99375e-02
0.13207	5.03691e-02
0.13201	5.07694e-02
0.13194	5.11292e-02
0.13188	5.14405e-02
0.13182	5.16974e-02
0.13176	5.18972e-02
0.13171	5.20407e-02
0.13165	5.21335e-02
0.13158	5.21845e-02
0.13150	5.22059e-02
0.13140	5.22164e-02
0.13128	5.22259e-02
0.13114	5.22256e-02
0.13097	5.22473e-02
0.13077	5.23040e-02
0.13054	5.24010e-02
0.13027	5.25441e-02
0.12995	5.27369e-02
0.12960	5.29858e-02
0.12920	5.32853e-02
0.12875	5.36338e-02
0.12827	5.40281e-02
0.12774	5.44638e-02
0.12717	5.49355e-02
0.12657	5.54369e-02
0.12592	5.59611e-02
0.12525	5.65007e-02
0.12454	5.70440e-02
0.12381	5.75874e-02
0.12305	5.81232e-02
0.12227	5.86432e-02
0.12147	5.91394e-02
0.12066	5.96035e-02
0.11984	6.00269e-02
0.11902	6.04006e-02
0.11820	6.07155e-02
0.11739	6.09622e-02
0.11659	6.11321e-02
0.11582	6.12172e-02
0.11508	6.12111e-02
0.11437	6.11091e-02
0.11370	6.09087e-02
0.11307	6.06086e-02
0.11249	6.02091e-02
0.11195	5.97119e-02
0.11147	5.91206e-02
0.11103	5.84420e-02
0.11063	5.76864e-02
0.11028	5.68675e-02
0.10996	5.60020e-02
0.10967	5.51075e-02
0.10941	5.42018e-02
0.10916	5.33016e-02
0.10893	5.24224e-02
0.10871	5.15781e-02
0.10850	5.07811e-02
0.10829	5.00417e-02
0.10810	4.93682e-02
0.10792	4.87670e-02
0.10775	4.82405e-02
0.10759	4.77877e-02
0.10746	4.74032e-02
0.10736	4.70773e-02
0.10731	4.67974e-02
0.10730	4.65471e-02
0.10735	4.63125e-02
0.10746	4.60846e-02
0.10764	4.58617e-02
0.10789	4.56481e-02
0.10820	4.54511e-02
0.10857	4.52781e-02
0.10901	4.51347e-02
0.10950	4.50246e-02
0.11006	4.49505e-02
0.11067	4.49147e-02
0.11134	4.49200e-02
0.11206	4.49697e-02
0.11283	4.50668e-02
0.11364	4.52128e-02
0.11450	4.54071e-02
0.11540	4.56454e-02
0.11634	4.59199e-02
0.11732	4.62188e-02
0.11835	4.65282e-02
0.11941	4.68336e-02
0.12052	4.71235e-02
0.12167	4.73920e-02
0.12284	4.76405e-02
0.12404	4.78749e-02
0.12525	4.81085e-02
0.12647	4.83571e-02
0.12767	4.86347e-02
0.12885	4.89532e-02
0.12999	4.93214e-02
0.13110	4.97450e-02
0.13217	5.02265e-02
0.13319	5.07659e-02
0.13415	5.13608e-02
0.13506	5.20069e-02
0.13591	5.26985e-02
0.13669	5.34287e-02
0.13742	5.41899e-02
0.13808	5.49735e-02
0.13869	5.57709e-02
0.13923	5.65731e-02
0.13971	5.73712e-02
0.14014	5.81567e-02
0.14051	5.89216e-02
0.14082	5.96588e-02
0.14108	6.03625e-02
0.14129	6.10305e-02
0.14146	6.16582e-02
0.14157	6.22482e-02
0.14164	6.27968e-02
0.14165	6.33055e-02
0.14162	6.37764e-02
0.14153	6.42124e-02
0.14139	6.46164e-02
0.14120	6.49891e-02
0.14096	6.53354e-02
0.14066	6.56580e-02
0.14031	6.59588e-02
0.13990	6.62397e-02
0.13944	6.65019e-02
0.13892	6.67464e-02
0.13835	6.69739e-02
0.13773	6.71848e-02
0.13707	6.73661e-02
0.13636	6.75344e-02
0.13560	6.76890e-02
0.13479	6.78290e-02
0.13394	6.79533e-02
0.13305	6.80606e-02
0.13212	6.81494e-02
0.13115	6.82182e-02
0.13016	6.82652e-02
0.12914	6.82887e-02
0.12809	6.82868e-02
0.12703	6.82576e-02
0.12596	6.81993e-02
0.12488	6.81104e-02
0.12380	6.79892e-02
0.12272	6.78347e-02
0.12164	6.76462e-02
0.12058	6.74236e-02
0.11953	6.71673e-02
0.11850	6.68787e-02
0.11749	6.65597e-02
0.11651	6.62131e-02
0.11555	6.58426e-02
0.11462	6.54525e-02
0.11371	6.50525e-02
0.11283	6.46442e-02
0.11198	6.42343e-02
0.11116	6.38301e-02
0.11036	6.34396e-02
0.10958	6.30712e-02
0.10883	6.27336e-02
0.10810	6.24386e-02
0.10738	6.21917e-02
0.10669	6.20002e-02
0.10601	6.18697e-02
0.10534	6.18037e-02
0.10470	6.18024e-02
0.10408	6.18610e-02
0.10349	6.19649e-02
0.10296	6.20812e-02
0.10252	6.21412e-02
0.10226	6.20200e-02
0.10226	6.15802e-02
0.10251	6.08170e-02
0.10294	5.98608e-02
0.10346	5.88343e-02
0.10402	5.78084e-02
0.10461	5.68200e-02
0.10521	5.58889e-02
0.10581	5.50255e-02
0.10642	5.42350e-02
0.10702	5.35191e-02
0.10761	5.28770e-02
0.10819	5.23065e-02
0.10877	5.18045e-02
0.10934	5.13678e-02
0.10989	5.09939e-02
0.11042	5.06812e-02
0.11093	5.04295e-02
0.11143	5.02391e-02
0.11189	5.01108e-02
0.11232	5.00413e-02
0.11273	5.00383e-02
0.11310	5.00972e-02
0.11343	5.02158e-02
0.11373	5.03913e-02
0.11400	5.06201e-02
0.11423	5.08981e-02
0.11442	5.12206e-02
0.11458	5.15829e-02
0.11471	5.19799e-02
0.11481	5.24066e-02
0.11489	5.28580e-02
0.11493	5.33293e-02
0.11495	5.38158e-02
0.11496	5.43133e-02
0.11494	5.48180e-02
0.11490	5.53264e-02
0.11484	5.58357e-02
0.11477	5.63436e-02
0.11468	5.68483e-02
0.11457	5.73482e-02
0.11446	5.78418e-02
0.11432	5.83270e-02
0.11418	5.87990e-02
0.11403	5.92526e-02
0.11388	5.96725e-02
0.11374	6.00362e-02
0.11362	6.03481e-02
0.11350	6.06207e-02
0.11337	6.08744e-02
0.11321	6.11305e-02
0.11303	6.14002e-02
0.11282	6.16944e-02
0.11256	6.20213e-02
0.11227	6.23878e-02
0.11194	6.27991e-02
0.11156	6.32597e-02
0.11114	6.37729e-02
0.11067	6.43411e-02
0.11014	6.49734e-02
0.10956	6.56633e-02
0.10893	6.64107e-02
0.10826	6.72148e-02
0.10753	6.80739e-02
0.10676	6.89854e-02
0.10594	6.99456e-02
0.10507	7.09488e-02
0.10418	7.19865e-02
0.10325	7.30442e-02
0.10232	7.40935e-02
0.10143	7.50698e-02
0.10094	7.55132e-02
0.10102	7.52015e-02
0.10126	7.47048e-02
0.10154	7.41552e-02
0.10183	7.36246e-02
0.10209	7.31470e-02
0.10232	7.27398e-02
0.10250	7.24129e-02
0.10265	7.21709e-02
0.10281	7.19366e-02
0.10323	7.13656e-02
0.10361	7.08722e-02
0.10394	7.04775e-02
0.10422	7.01817e-02
0.10445	6.99809e-02
0.10464	6.98633e-02
0.10482	6.97959e-02
0.10504	6.96764e-02
0.10551	6.92108e-02
0.10635	6.81716e-02
0.10736	6.68366e-02
0.10839	6.54443e-02
0.10938	6.40745e-02
0.11032	6.27576e-02
0.11119	6.15083e-02
0.11199	6.03366e-02
0.11272	5.92489e-02
0.11337	5.82500e-02
0.11394	5.73431e-02
0.11444	5.65305e-02
0.11486	5.58133e-02
0.11520	5.51916e-02
0.11546	5.46644e-02
0.11565	5.42299e-02
0.11577	5.38858e-02
0.11581	5.36288e-02
0.11578	5.34554e-02
0.11568	5.33619e-02
0.11551	5.33444e-02
0.11528	5.33991e-02
0.11499	5.35224e-02
0.11464	5.37114e-02
0.11424	5.39630e-02
0.11378	5.42750e-02
0.11327	5.46449e-02
0.11272	5.50704e-02
0.11213	5.55484e-02
0.11150	5.60744e-02
0.11084	5.66405e-02
0.11016	5.72319e-02
0.10950	5.78146e-02
0.10887	5.83297e-02
0.10837	5.86316e-02
0.10812	5.84983e-02
0.10814	5.78966e-02
0.10832	5.70412e-02
0.10855	5.61037e-02
0.10881	5.51646e-02
0.10906	5.42625e-02
0.10930	5.34200e-02
0.10953	5.26534e-02
0.10974	5.19761e-02
0.10991	5.13998e-02
0.11006	5.09347e-02
0.11018	5.05887e-02
0.11026	5.03677e-02
0.11030	5.02743e-02
0.11030	5.03086e-02
0.11027	5.04673e-02
0.11019	5.07439e-02
0.11009	5.11288e-02
0.10995	5.16107e-02
0.10979	5.21731e-02
0.10962	5.27975e-02
0.10943	5.34668e-02
0.10925	5.41615e-02
0.10907	5.48628e-02
0.10891	5.55546e-02
0.10878	5.62248e-02
0.10868	5.68594e-02
0.10861	5.74616e-02
0.10858	5.80297e-02
0.10858	5.85574e-02
0.10863	5.90236e-02
0.10877	5.93645e-02
0.10908	5.94110e-02
0.10970	5.89254e-02
0.11059	5.79670e-02
0.11159	5.67796e-02
0.11263	5.54970e-02
0.11368	5.41747e-02
0.11472	5.28400e-02
0.11574	5.15103e-02
0.11674	5.01993e-02
0.11772	4.89188e-02
0.11865	4.76819e-02
0.11955	4.64978e-02
0.12040	4.53761e-02
0.12120	4.43259e-02
0.12196	4.33551e-02
0.12266	4.24703e-02
0.12331	4.16771e-02
0.12390	4.09793e-02
0.12444	4.03795e-02
0.12491	3.98785e-02
0.12533	3.94756e-02
0.12570	3.91684e-02
0.12600	3.89534e-02
0.12625	3.88253e-02
0.12645	3.87781e-02
0.12659	3.88047e-02
0.12668	3.88974e-02
0.12672	3.90338e-02
0.12672	3.92188e-02
0.12667	3.94443e-02
0.12658	3.97024e-02
0.12644	3.99854e-02
0.12627	4.02863e-02
0.12606	4.05987e-02
0.12582	4.09169e-02
0.12555	4.12359e-02
0.12524	4.15516e-02
0.12491	4.18608e-02
0.12456	4.21610e-02
0.12419	4.24500e-02
0.12380	4.27274e-02
0.12339	4.29932e-02
0.12297	4.32477e-02
0.12252	4.34919e-02
0.12207	4.37272e-02
0.12160	4.39553e-02
0.12111	4.41780e-02
0.12062	4.43973e-02
0.12011	4.46152e-02
0.11960	4.48333e-02
0.11908	4.50532e-02
0.11855	4.52760e-02
0.11801	4.55027e-02
0.11747	4.57336e-02
0.11693	4.59689e-02
0.11639	4.62085e-02
0.11586	4.64520e-02
0.11533	4.66989e-02
0.11481	4.69489e-02
0.11430	4.72016e-02
0.11380	4.74571e-02
0.11332	4.77161e-02
0.11286	4.79799e-02
0.11242	4.82509e-02
0.11201	4.85312e-02
0.11163	4.88274e-02
0.11126	4.91434e-02
0.11093	4.94848e-02
0.11062	4.98579e-02
0.11034	5.02684e-02
0.11009	5.07221e-02
0.10987	5.12237e-02
0.10967	5.17770e-02
0.10950	5.23844e-02
0.10937	5.30471e-02
0.10926	5.37645e-02
0.10919	5.45346e-02
0.10915	5.53539e-02
0.10915	5.62172e-02
0.10919	5.71183e-02
0.10927	5.80496e-02
0.10940	5.90021e-02
0.10958	5.99660e-02
0.10981	6.09303e-02
0.11011	6.18830e-02
0.11046	6.28116e-02
0.11087	6.37017e-02
0.11136	6.45447e-02
0.11192	6.53323e-02
0.11255	6.60607e-02
0.11325	6.67298e-02
0.11401	6.73456e-02
0.11482	6.79146e-02
0.11568	6.84429e-02
0.11656	6.89443e-02
0.11747	6.94107e-02
0.11840	6.98435e-02
0.11935	7.02421e-02
0.12032	7.06050e-02
0.12130	7.09298e-02
0.12228	7.12136e-02
0.12327	7.14541e-02
0.12427	7.16493e-02
0.12527	7.18149e-02
0.12627	7.19343e-02
0.12727	7.20088e-02
0.12826	7.20412e-02
0.12924	7.20350e-02
0.13021	7.19948e-02
0.13116	7.19259e-02
0.13210	7.18334e-02
0.13301	7.17243e-02
0.13390	7.16048e-02
0.13477	7.14815e-02
0.13560	7.13606e-02
0.13641	7.12484e-02
0.13719	7.11509e-02
0.13794	7.10736e-02
0.13865	7.10219e-02
0.13934	7.10004e-02
0.13999	7.10133e-02
0.14061	7.10643e-02
0.14119	7.11562e-02
0.14174	7.12910e-02
0.14226	7.14703e-02
0.14273	7.16945e-02
0.14317	7.19634e-02
0.14358	7.22732e-02
0.14394	7.26239e-02
0.14427	7.30127e-02
0.14455	7.34359e-02
0.14480	7.38893e-02
0.14501	7.43679e-02
0.14517	7.48659e-02
0.14530	7.53775e-02
0.14539	7.58958e-02
0.14544	7.64141e-02
0.14545	7.69253e-02
0.14543	7.74222e-02
0.14538	7.79038e-02
0.14529	7.83573e-02
0.14518	7.87764e-02
0.14505	7.91551e-02
0.14490	7.94884e-02
0.14474	7.97721e-02
0.14455	8.00031e-02
0.14436	8.01795e-02
0.14416	8.03003e-02
0.14395	8.03660e-02
0.14373	8.03778e-02
0.14351	8.03382e-02
0.14327	8.02502e-02
0.14303	8.01175e-02
0.14277	7.99443e-02
0.14250	7.97349e-02
0.14222	7.94939e-02
0.14193	7.92258e-02
0.14162	7.89347e-02
0.14129	7.86246e-02
0.14094	7.82992e-02
0.14057	7.79615e-02
0.14018	7.76143e-02
0.13976	7.72598e-02
0.13932	7.68996e-02
0.13884	7.65357e-02
0.13834	7.61674e-02
0.13781	7.57948e-02
0.13725	7.54174e-02
0.13667	7.50342e-02
0.13607	7.46435e-02
0.13545	7.42428e-02
0.13482	7.38288e-02
0.13417	7.33975e-02
0.13352	7.29437e-02
0.13286	7.24611e-02
0.13222	7.19426e-02
0.13158	7.13798e-02
0.13097	7.07641e-02
0.13039	7.00866e-02
0.12985	6.93392e-02
0.12936	6.85160e-02
0.12892	6.76144e-02
0.12853	6.66364e-02
0.12820	6.55895e-02
0.12792	6.44860e-02
0.12769	6.33428e-02
0.12749	6.21781e-02
0.12733	6.10131e-02
0.12721	5.98678e-02
0.12711	5.87627e-02
0.12702	5.77156e-02
0.12695	5.67423e-02
0.12690	5.58562e-02
0.12685	5.50684e-02
0.12680	5.43810e-02
0.12676	5.38069e-02
0.12673	5.33486e-02
0.12670	5.30064e-02
0.12668	5.27781e-02
0.12666	5.26594e-02
0.12664	5.26446e-02
0.12663	5.27270e-02
0.12661	5.28994e-02
0.12660	5.31489e-02
0.12659	5.34722e-02
0.12656	5.38634e-02
0.12652	5.43177e-02
0.12647	5.48315e-02
0.12639	5.54023e-02
0.12628	5.60285e-02
0.12614	5.67085e-02
0.12595	5.74407e-02
0.12572	5.82235e-02
0.12543	5.90543e-02
0.12509	5.99290e-02
0.12469	6.08414e-02
0.12422	6.17816e-02
0.12370	6.27343e-02
0.12313	6.36737e-02
0.12252	6.45527e-02
0.12194	6.52840e-02
0.12144	6.57291e-02
0.12110	6.57838e-02
0.12087	6.55167e-02
0.12067	6.50852e-02
0.12044	6.46012e-02
0.12015	6.41218e-02
0.11977	6.36752e-02
0.11931	6.32727e-02
0.11876	6.29182e-02
0.11814	6.26109e-02
0.11743	6.23469e-02
0.11666	6.21196e-02
0.11582	6.19209e-02
0.11492	6.17414e-02
0.11397	6.15709e-02
0.11297	6.13994e-02
0.11194	6.12176e-02
0.11088	6.10183e-02
0.10980	6.07961e-02
0.10869	6.05507e-02
0.10757	6.02836e-02
0.10643	5.99986e-02
0.10528	5.97005e-02
0.10411	5.93945e-02
0.10293	5.90855e-02
0.10174	5.87775e-02
0.10054	5.84739e-02
0.09933	5.81769e-02
0.09812	5.78885e-02
0.09691	5.76098e-02
0.09570	5.73420e-02
0.09450	5.70860e-02
0.09330	5.68432e-02
0.09213	5.66148e-02
0.09096	5.64028e-02
0.08982	5.62088e-02
0.08870	5.60344e-02
0.08760	5.58808e-02
0.08652	5.57481e-02
0.08548	5.56346e-02
0.08446	5.55362e-02
0.08349	5.54442e-02
0.08256	5.53409e-02
0.08172	5.51861e-02
0.08106	5.48370e-02
0.08069	5.41386e-02
0.08049	5.32309e-02
0.08041	5.21915e-02
0.08041	5.10660e-02
0.08047	4.98929e-02
0.08055	4.86995e-02
0.08064	4.75039e-02
0.08074	4.63181e-02
0.08083	4.51507e-02
0.08091	4.40086e-02
0.08097	4.28977e-02
0.08100	4.18236e-02
0.08101	4.07915e-02
0.08099	3.98069e-02
0.08094	3.88748e-02
0.08086	3.80002e-02
0.08074	3.71881e-02
0.08059	3.64429e-02
0.08040	3.57686e-02
0.08018	3.51687e-02
0.07992	3.46371e-02
0.07963	3.41858e-02
0.07932	3.38056e-02
0.07898	3.35059e-02
0.07862	3.32859e-02
0.07824	3.31440e-02
0.07784	3.30774e-02
0.07742	3.30815e-02
0.07699	3.31431e-02
0.07656	3.32552e-02
0.07613	3.33956e-02
0.07574	3.35244e-02
0.07541	3.35749e-02
0.07518	3.34644e-02
0.07507	3.31577e-02
0.07506	3.27091e-02
0.07512	3.22027e-02
0.07521	3.17025e-02
0.07533	3.12425e-02
0.07547	3.08442e-02
0.07564	3.05206e-02
0.07584	3.02805e-02
0.07606	3.01300e-02
0.07631	3.00733e-02
0.07661	3.01053e-02
0.07694	3.02346e-02
0.07732	3.04621e-02
0.07773	3.07873e-02
0.07819	3.12087e-02
0.07870	3.17237e-02
0.07925	3.23288e-02
0.07985	3.30198e-02
0.08051	3.37915e-02
0.08121	3.46384e-02
0.08197	3.55537e-02
0.08277	3.65300e-02
0.08364	3.75583e-02
0.08456	3.86273e-02
0.08553	3.97220e-02
0.08658	4.08223e-02
0.08770	4.19010e-02
0.08891	4.29329e-02
0.09022	4.38855e-02
0.09163	4.47514e-02
0.09314	4.55471e-02
0.09472	4.63016e-02
0.09635	4.70423e-02
0.09804	4.77899e-02
0.09975	4.85580e-02
0.10149	4.93552e-02
0.10326	5.01862e-02
0.10503	5.10534e-02
0.10682	5.19568e-02
0.10861	5.29061e-02
0.11041	5.38875e-02
0.11221	5.48976e-02
0.11401	5.59314e-02
0.11579	5.69833e-02
0.11758	5.80471e-02
0.11935	5.91156e-02
0.12111	6.01816e-02
0.12285	6.12371e-02
0.12459	6.22741e-02
0.12630	6.32846e-02
0.12801	6.42607e-02
0.12970	6.51951e-02
0.13137	6.60810e-02
0.13303	6.69127e-02
0.13468	6.76858e-02
0.13630	6.83974e-02
0.13791	6.90459e-02
0.13949	6.96315e-02
0.14105	7.01557e-02
0.14259	7.06212e-02
0.14409	7.10316e-02
0.14557	7.13910e-02
0.14701	7.17040e-02
0.14841	7.19751e-02
0.14978	7.22129e-02
0.15110	7.24215e-02
0.15238	7.26020e-02
0.15362	7.27582e-02
0.15482	7.28938e-02
0.15597	7.30121e-02
0.15707	7.31163e-02
0.15812	7.32092e-02
0.15913	7.32937e-02
0.16009	7.33723e-02
0.16100	7.34474e-02
0.16186	7.35212e-02
0.16267	7.35959e-02
0.16343	7.36733e-02
0.16414	7.37552e-02
0.16479	7.38430e-02
0.16539	7.39378e-02
0.16594	7.40407e-02
0.16643	7.41522e-02
0.16687	7.42727e-02
0.16726	7.44020e-02
0.16760	7.45396e-02
0.16788	7.46846e-02
0.16812	7.48356e-02
0.16831	7.49908e-02
0.16846	7.51479e-02
0.16856	7.53040e-02
0.16861	7.54560e-02
0.16863	7.56001e-02
0.16860	7.57320e-02
0.16853	7.58487e-02
0.16842	7.59442e-02
0.16829	7.60132e-02
0.16812	7.60501e-02
0.16793	7.60490e-02
0.16772	7.60043e-02
0.16749	7.59109e-02
0.16724	7.57638e-02
0.16697	7.55592e-02
0.16669	7.52968e-02
0.16640	7.49711e-02
0.16609	7.45813e-02
0.16577	7.41274e-02
0.16544	7.36108e-02
0.16510	7.30335e-02
0.16475	7.23983e-02
0.16440	7.17046e-02
0.16403	7.09592e-02
0.16364	7.01655e-02
0.16324	6.93271e-02
0.16282	6.84476e-02
0.16238	6.75302e-02
0.16191	6.65783e-02
0.16142	6.55952e-02
0.16091	6.45839e-02
0.16038	6.35477e-02
0.15982	6.24898e-02
0.15923	6.14138e-02
0.15862	6.03232e-02
0.15798	5.92221e-02
0.15732	5.81148e-02
0.15663	5.70063e-02
0.15591	5.59019e-02
0.15517	5.48093e-02
0.15440	5.37333e-02
0.15360	5.26812e-02
0.15278	5.16611e-02
0.15194	5.06819e-02
0.15108	4.97535e-02
0.15020	4.88863e-02
0.14930	4.80918e-02
0.14838	4.73820e-02
0.14744	4.67694e-02
0.14649	4.62667e-02
0.14552	4.58861e-02
0.14453	4.56397e-02
0.14354	4.55375e-02
0.14253	4.55881e-02
0.14151	4.57982e-02
0.14047	4.61716e-02
0.13944	4.67090e-02
0.13839	4.74080e-02
0.13734	4.82630e-02
0.13628	4.92652e-02
0.13522	5.04026e-02
0.13416	5.16604e-02
0.13311	5.30197e-02
0.13207	5.44554e-02
0.13106	5.59279e-02
0.13011	5.73493e-02
0.12934	5.84737e-02
0.12889	5.90027e-02
0.12866	5.91690e-02
0.12854	5.92312e-02
0.12848	5.92640e-02
0.12847	5.92827e-02
0.12851	5.92869e-02
0.12859	5.92718e-02
0.12872	5.92318e-02
0.12888	5.91617e-02
0.12909	5.90556e-02
0.12933	5.89106e-02
0.12959	5.87239e-02
0.12988	5.84939e-02
0.13019	5.82207e-02
0.13051	5.79063e-02
0.13083	5.75549e-02
0.13116	5.71724e-02
0.13147	5.67667e-02
0.13177	5.63470e-02
0.13204	5.59232e-02
0.13228	5.55057e-02
0.13249	5.51048e-02
0.13265	5.47305e-02
0.13275	5.43919e-02
0.13281	5.40976e-02
0.13280	5.38548e-02
0.13273	5.36698e-02
0.13259	5.35476e-02
0.13239	5.34916e-02
0.13211	5.35034e-02
0.13176	5.35813e-02
0.13135	5.37223e-02
0.13089	5.38725e-02
0.13050	5.37202e-02
0.13036	5.28599e-02
0.13025	5.18543e-02
0.13007	5.08951e-02
0.12980	5.00181e-02
0.12945	4.92359e-02
0.12903	4.85589e-02
0.12853	4.79865e-02
0.12794	4.75199e-02
0.12729	4.71588e-02
0.12656	4.69010e-02
0.12577	4.67429e-02
0.12491	4.66794e-02
0.12399	4.67039e-02
0.12302	4.68089e-02
0.12200	4.69864e-02
0.12094	4.72267e-02
0.11984	4.75205e-02
0.11870	4.78588e-02
0.11753	4.82330e-02
0.11634	4.86354e-02
0.11513	4.90597e-02
0.11391	4.94986e-02
0.11267	4.99507e-02
0.11142	5.04146e-02
0.11015	5.08900e-02
0.10888	5.13778e-02
0.10759	5.18788e-02
0.10630	5.23933e-02
0.10499	5.29199e-02
0.10368	5.34536e-02
0.10236	5.39843e-02
0.10105	5.44940e-02
0.09977	5.49544e-02
0.09853	5.53280e-02
0.09737	5.55770e-02
0.09629	5.56849e-02
0.09530	5.56712e-02
0.09436	5.55816e-02
0.09345	5.54626e-02
0.09257	5.53421e-02
0.09171	5.52116e-02
0.09094	5.49796e-02
0.09038	5.44477e-02
0.09004	5.36072e-02
0.08979	5.26678e-02
0.08956	5.17559e-02
0.08933	5.09251e-02
0.08909	5.02020e-02
0.08884	4.96027e-02
0.08857	4.91372e-02
0.08830	4.88104e-02
0.08803	4.86250e-02
0.08776	4.85788e-02
0.08750	4.86661e-02
0.08727	4.88774e-02
0.08706	4.91939e-02
0.08695	4.95120e-02
0.08745	4.89401e-02
0.08836	4.77748e-02
0.08934	4.66276e-02
0.09036	4.55554e-02
0.09142	4.45740e-02
0.09251	4.36902e-02
0.09363	4.29041e-02
0.09480	4.22087e-02
0.09601	4.15891e-02
0.09727	4.10223e-02
0.09861	4.04783e-02
0.10001	3.99232e-02
0.10150	3.93237e-02
0.10307	3.86531e-02
0.10472	3.78957e-02
0.10644	3.70491e-02
0.10822	3.61223e-02
0.11005	3.51330e-02
0.11190	3.41031e-02
0.11377	3.30648e-02
0.11563	3.20347e-02
0.11748	3.10363e-02
0.11931	3.00922e-02
0.12110	2.92242e-02
0.12285	2.84534e-02
0.12455	2.77996e-02
0.12619	2.72812e-02
0.12778	2.69146e-02
0.12930	2.67131e-02
0.13075	2.66862e-02
0.13212	2.68394e-02
0.13343	2.71733e-02
0.13465	2.76841e-02
0.13579	2.83637e-02
0.13685	2.92011e-02
0.13782	3.01825e-02
0.13871	3.12930e-02
0.13951	3.25167e-02
0.14022	3.38378e-02
0.14085	3.52405e-02
0.14139	3.67049e-02
0.14186	3.82215e-02
0.14223	3.97666e-02
0.14252	4.13364e-02
0.14273	4.29111e-02
0.14288	4.44859e-02
0.14295	4.60498e-02
0.14296	4.75926e-02
0.14292	4.91047e-02
0.14282	5.05770e-02
0.14267	5.20014e-02
0.14247	5.33707e-02
0.14224	5.46790e-02
0.14198	5.59215e-02
0.14169	5.70950e-02
0.14138	5.81974e-02
0.14105	5.92281e-02
0.14072	6.02005e-02
0.14038	6.11031e-02
0.14002	6.19379e-02
0.13966	6.27075e-02
0.13929	6.34148e-02
0.13892	6.40628e-02
0.13854	6.46545e-02
0.13816	6.51890e-02
0.13778	6.56742e-02
0.13740	6.61134e-02
0.13701	6.65098e-02
0.13661	6.68667e-02
0.13622	6.71871e-02
0.13581	6.74740e-02
0.13540	6.77297e-02
0.13499	6.79561e-02
0.13457	6.81541e-02
0.13414	6.83237e-02
0.13372	6.84638e-02
0.13329	6.85720e-02
0.13287	6.86449e-02
0.13245	6.86784e-02
0.13204	6.86684e-02
0.13165	6.86113e-02
0.13126	6.85080e-02
0.13089	6.83587e-02
0.13052	6.81685e-02
0.13016	6.79449e-02
0.12980	6.76957e-02
0.12944	6.74268e-02
0.12908	6.71377e-02
0.12873	6.68160e-02
0.12840	6.64280e-02
0.12813	6.59143e-02
0.12795	6.52142e-02
0.12786	6.43201e-02
0.12784	6.32839e-02
0.12785	6.21686e-02
0.12787	6.10207e-02
0.12789	5.98710e-02
0.12790	5.87408e-02
0.12790	5.76460e-02
0.12789	5.65995e-02
0.12787	5.56121e-02
0.12783	5.46930e-02
0.12779	5.38497e-02
0.12773	5.30875e-02
0.12767	5.24095e-02
0.12761	5.18155e-02
0.12755	5.13016e-02
0.12750	5.08595e-02
0.12747	5.04769e-02
0.12746	5.01382e-02
0.12748	4.98281e-02
0.12753	4.95362e-02
0.12762	4.92624e-02
0.12775	4.90190e-02
0.12790	4.88286e-02
0.12806	4.87176e-02
0.12823	4.87112e-02
0.12839	4.88286e-02
0.12855	4.90818e-02
0.12870	4.94753e-02
0.12884	5.00057e-02
0.12897	5.06639e-02
0.12909	5.14358e-02
0.12922	5.23028e-02
0.12935	5.32435e-02
0.12950	5.42342e-02
0.12967	5.52505e-02
0.12987	5.62686e-02
0.13012	5.72674e-02
0.13041	5.82300e-02
0.13076	5.91453e-02
0.13117	6.00095e-02
0.13163	6.08251e-02
0.13214	6.16006e-02
0.13269	6.23483e-02
0.13328	6.30826e-02
0.13389	6.38180e-02
0.13453	6.45683e-02
0.13518	6.53454e-02
0.13583	6.61593e-02
0.13647	6.70302e-02
0.13710	6.79522e-02
0.13772	6.89187e-02
0.13833	6.99401e-02
0.13893	7.10240e-02
0.13951	7.21610e-02
0.14007	7.33464e-02
0.14060	7.45722e-02
0.14112	7.58158e-02
0.14162	7.70597e-02
0.14214	7.82465e-02
0.14274	7.92552e-02
0.14350	7.99424e-02
0.14441	8.03353e-02
0.14537	8.05700e-02
0.14634	8.07300e-02
0.14730	8.08493e-02
0.14822	8.09395e-02
0.14911	8.10046e-02
0.14996	8.10432e-02
0.15077	8.10510e-02
0.15153	8.10222e-02
0.15225	8.09504e-02
0.15292	8.08291e-02
0.15355	8.06536e-02
0.15413	8.04192e-02
0.15465	8.01242e-02
0.15513	7.97692e-02
0.15554	7.93568e-02
0.15590	7.88912e-02
0.15618	7.83779e-02
0.15640	7.78225e-02
0.15655	7.72307e-02
0.15663	7.66080e-02
0.15663	7.59591e-02
0.15655	7.52879e-02
0.15640	7.45976e-02
0.15618	7.38902e-02
0.15589	7.31666e-02
0.15553	7.24268e-02
0.15512	7.16668e-02
0.15464	7.08895e-02
0.15411	7.00879e-02
0.15354	6.92587e-02
0.15292	6.83985e-02
0.15226	6.75051e-02
0.15157	6.65780e-02
0.15085	6.56185e-02
0.15011	6.46300e-02
0.14933	6.36174e-02
0.14853	6.25872e-02
0.14770	6.15461e-02
0.14684	6.05012e-02
0.14596	5.94592e-02
0.14505	5.84262e-02
0.14411	5.74079e-02
0.14315	5.64090e-02
0.14216	5.54336e-02
0.14116	5.44848e-02
0.14013	5.35655e-02
0.13908	5.26775e-02
0.13802	5.18225e-02
0.13695	5.10012e-02
0.13586	5.02145e-02
0.13476	4.94627e-02
0.13365	4.87460e-02
0.13254	4.80650e-02
0.13143	4.74204e-02
0.13032	4.68139e-02
0.12921	4.62480e-02
0.12810	4.57268e-02
0.12701	4.52558e-02
0.12592	4.48417e-02
0.12484	4.44926e-02
0.12376	4.42170e-02
0.12270	4.40234e-02
0.12165	4.39191e-02
0.12061	4.39098e-02
0.11959	4.39990e-02
0.11859	4.41987e-02
0.11761	4.44942e-02
0.11665	4.48805e-02
0.11572	4.53498e-02
0.11482	4.58927e-02
0.11396	4.64985e-02
0.11313	4.71561e-02
0.11235	4.78536e-02
0.11161	4.85788e-02
0.11093	4.93179e-02
0.11031	5.00547e-02
0.10976	5.07690e-02
0.10929	5.14361e-02
0.10890	5.20285e-02
0.10863	5.25206e-02
0.10846	5.28965e-02
0.10840	5.31567e-02
0.10844	5.33184e-02
0.10856	5.34090e-02
0.10874	5.34566e-02
0.10897	5.34841e-02
0.10925	5.35058e-02
0.10956	5.35244e-02
0.10991	5.35333e-02
0.11029	5.35164e-02
0.11071	5.34567e-02
0.11118	5.33412e-02
0.11169	5.31706e-02
0.11222	5.29614e-02
0.11277	5.27370e-02
0.11332	5.25201e-02
0.11386	5.23281e-02
0.11437	5.21731e-02
0.11486	5.20635e-02
0.11532	5.20053e-02
0.11575	5.20027e-02
0.11613	5.20588e-02
0.11648	5.21758e-02
0.11677	5.23514e-02
0.11702	5.25901e-02
0.11722	5.28920e-02
0.11738	5.32558e-02
0.11748	5.36794e-02
0.11754	5.41596e-02
0.11755	5.46918e-02
0.11751	5.52570e-02
0.11742	5.58612e-02
0.11729	5.64962e-02
0.11713	5.71528e-02
0.11695	5.78208e-02
0.11674	5.84896e-02
0.11652	5.91492e-02
0.11630	5.97904e-02
0.11607	6.04062e-02
0.11584	6.09917e-02
0.11563	6.15445e-02
0.11542	6.20641e-02
0.11522	6.25513e-02
0.11503	6.30074e-02
0.11486	6.34337e-02
0.11471	6.38313e-02
0.11456	6.42021e-02
0.11444	6.45462e-02
0.11434	6.48625e-02
0.11426	6.51502e-02
0.11420	6.54079e-02
0.11417	6.56323e-02
0.11417	6.58190e-02
0.11420	6.59616e-02
0.11428	6.60530e-02
0.11440	6.60858e-02
0.11457	6.60544e-02
0.11479	6.59565e-02
0.11506	6.57935e-02
0.11538	6.55714e-02
0.11574	6.52998e-02
0.11614	6.49900e-02
0.11657	6.46545e-02
0.11701	6.43051e-02
0.11747	6.39528e-02
0.11794	6.36071e-02
0.11841	6.32760e-02
0.11888	6.29661e-02
0.11935	6.26828e-02
0.11981	6.24303e-02
0.12026	6.22119e-02
0.12070	6.20301e-02
0.12113	6.18865e-02
0.12153	6.17822e-02
0.12192	6.17174e-02
0.12229	6.16921e-02
0.12263	6.17056e-02
0.12295	6.17568e-02
0.12325	6.18443e-02
0.12352	6.19661e-02
0.12377	6.21200e-02
0.12400	6.23034e-02
0.12420	6.25133e-02
0.12438	6.27461e-02
0.12454	6.29976e-02
0.12468	6.32632e-02
0.12480	6.35363e-02
0.12492	6.38098e-02
0.12503	6.40755e-02
0.12514	6.43257e-02
0.12524	6.45560e-02
0.12535	6.47670e-02
0.12546	6.49645e-02
0.12556	6.51564e-02
0.12566	6.53509e-02
0.12574	6.55547e-02
0.12581	6.57732e-02
0.12586	6.60105e-02
0.12589	6.62701e-02
0.12590	6.65548e-02
0.12590	6.68672e-02
0.12586	6.72096e-02
0.12581	6.75842e-02
0.12572	6.79930e-02
0.12561	6.84378e-02
0.12547	6.89203e-02
0.12530	6.94423e-02
0.12510	7.00036e-02
0.12487	7.06041e-02
0.12461	7.12449e-02
0.12432	7.19249e-02
0.12398	7.26447e-02
0.12362	7.34037e-02
0.12323	7.42009e-02
0.12280	7.50349e-02
0.12235	7.59041e-02
0.12188	7.68066e-02
0.12138	7.77404e-02
0.12086	7.87035e-02
0.12033	7.96937e-02
0.11979	8.07089e-02
0.11923	8.17468e-02
0.11867	8.28047e-02
0.11812	8.38799e-02
0.11758	8.49674e-02
0.11704	8.60616e-02
0.11652	8.71552e-02
0.11603	8.82384e-02
0.11557	8.92986e-02
0.11516	9.03190e-02
0.11483	9.12738e-02
0.11460	9.21294e-02
0.11451	9.28343e-02
0.11463	9.33265e-02
0.11498	9.35678e-02
0.11556	9.35582e-02
0.11635	9.33260e-02
0.11729	9.29184e-02
0.11834	9.23850e-02
0.11947	9.17660e-02
0.12065	9.10905e-02
0.12185	9.03792e-02
0.12307	8.96475e-02
0.12429	8.89070e-02
0.12550	8.81671e-02
0.12670	8.74359e-02
0.12787	8.67205e-02
0.12903	8.60304e-02
0.13016	8.53689e-02
0.13125	8.47422e-02
0.13231	8.41560e-02
0.13333	8.36160e-02
0.13431	8.31275e-02
0.13523	8.26958e-02
0.13611	8.23254e-02
0.13694	8.20208e-02
0.13771	8.17854e-02
0.13842	8.16221e-02
0.13908	8.15331e-02
0.13967	8.15193e-02
0.14019	8.15808e-02
0.14065	8.17165e-02
0.14104	8.19240e-02
0.14136	8.22000e-02
0.14162	8.25394e-02
0.14180	8.29361e-02
0.14191	8.33824e-02
0.14196	8.38693e-02
0.14194	8.43862e-02
0.14187	8.49209e-02
0.14174	8.54596e-02
0.14156	8.59867e-02
0.14134	8.64847e-02
0.14109	8.69347e-02
0.14082	8.73164e-02
0.14055	8.76086e-02
0.14029	8.77899e-02
0.14005	8.78400e-02
0.13985	8.77404e-02
0.13970	8.74757e-02
0.13960	8.70345e-02
0.13955	8.64103e-02
0.13957	8.56023e-02
0.13964	8.46157e-02
0.13975	8.34405e-02
0.13989	8.21106e-02
0.14006	8.06443e-02
0.14024	7.90621e-02
0.14041	7.73852e-02
0.14057	7.56349e-02
0.14070	7.38321e-02
0.14078	7.19970e-02
0.14082	7.01490e-02
0.14081	6.83073e-02
0.14073	6.64902e-02
0.14058	6.47159e-02
0.14036	6.30024e-02
0.14006	6.13674e-02
0.13969	5.98283e-02
0.13923	5.84023e-02
0.13868	5.71060e-02
0.13806	5.59549e-02
0.13735	5.49637e-02
0.13655	5.41451e-02
0.13568	5.35095e-02
0.13472	5.30649e-02
0.13369	5.28132e-02
0.13258	5.27584e-02
0.13140	5.28989e-02
0.13015	5.32287e-02
0.12884	5.37374e-02
0.12748	5.44154e-02
0.12606	5.52478e-02
0.12460	5.62165e-02
0.12309	5.73007e-02
0.12156	5.84750e-02
0.12001	5.97050e-02
0.11847	6.09306e-02
0.11703	6.20007e-02
0.11588	6.25862e-02
0.11504	6.26832e-02
0.11432	6.26245e-02
0.11367	6.25363e-02
0.11309	6.24466e-02
0.11256	6.23478e-02
0.11209	6.22390e-02
0.11168	6.21253e-02
0.11131	6.20172e-02
0.11099	6.19288e-02
0.11070	6.18740e-02
0.11045	6.18621e-02
0.11023	6.18968e-02
0.11004	6.19687e-02
0.10991	6.20524e-02
0.10985	6.21065e-02
0.10990	6.20826e-02
0.11008	6.19453e-02
0.11039	6.16932e-02
0.11081	6.13621e-02
0.11131	6.10040e-02
0.11187	6.06602e-02
0.11250	6.03347e-02
0.11322	5.99640e-02
0.11411	5.94066e-02
0.11521	5.85639e-02
0.11648	5.75232e-02
0.11783	5.64428e-02
0.11919	5.54352e-02
0.12056	5.45667e-02
0.12190	5.38780e-02
0.12321	5.33953e-02
0.12449	5.31343e-02
0.12573	5.31031e-02
0.12695	5.33024e-02
0.12812	5.37264e-02
0.12927	5.43631e-02
0.13038	5.51958e-02
0.13146	5.62033e-02
0.13252	5.73613e-02
0.13356	5.86427e-02
0.13459	6.00187e-02
0.13561	6.14589e-02
0.13662	6.29317e-02
0.13765	6.44038e-02
0.13869	6.58413e-02
0.13976	6.72101e-02
0.14087	6.84790e-02
0.14202	6.96232e-02
0.14322	7.06290e-02
0.14447	7.14953e-02
0.14574	7.22314e-02
0.14702	7.28527e-02
0.14831	7.33759e-02
0.14959	7.38162e-02
0.15084	7.41857e-02
0.15205	7.44936e-02
0.15322	7.47464e-02
0.15434	7.49488e-02
0.15539	7.51036e-02
0.15639	7.52128e-02
0.15732	7.52774e-02
0.15818	7.52974e-02
0.15897	7.52724e-02
0.15968	7.52012e-02
0.16034	7.50678e-02
0.16093	7.48847e-02
0.16145	7.46478e-02
0.16190	7.43516e-02
0.16230	7.39892e-02
0.16263	7.35527e-02
0.16292	7.30341e-02
0.16316	7.24261e-02
0.16336	7.17234e-02
0.16352	7.09247e-02
0.16364	7.00336e-02
0.16371	6.90585e-02
0.16374	6.80118e-02
0.16373	6.69089e-02
0.16365	6.57664e-02
0.16352	6.46007e-02
0.16333	6.34274e-02
0.16308	6.22606e-02
0.16277	6.11126e-02
0.16238	5.99943e-02
0.16194	5.89147e-02
0.16143	5.78814e-02
0.16087	5.69002e-02
0.16024	5.59762e-02
0.15956	5.51127e-02
0.15883	5.43122e-02
0.15804	5.35763e-02
0.15721	5.29052e-02
0.15633	5.22988e-02
0.15542	5.17560e-02
0.15446	5.12751e-02
0.15347	5.08543e-02
0.15245	5.04912e-02
0.15141	5.01836e-02
0.15033	4.99290e-02
0.14924	4.97252e-02
0.14812	4.95705e-02
0.14699	4.94630e-02
0.14584	4.94014e-02
0.14467	4.93944e-02
0.14348	4.94325e-02
0.14228	4.95152e-02
0.14107	4.96415e-02
0.13985	4.98103e-02
0.13862	5.00203e-02
0.13739	5.02691e-02
0.13616	5.05536e-02
0.13493	5.08696e-02
0.13370	5.12114e-02
0.13249	5.15717e-02
0.13130	5.19414e-02
0.13014	5.23094e-02
0.12902	5.26629e-02
0.12795	5.29874e-02
0.12694	5.32682e-02
0.12601	5.34915e-02
0.12516	5.36471e-02
0.12441	5.37308e-02
0.12376	5.37462e-02
0.12321	5.37056e-02
0.12276	5.36287e-02
0.12240	5.35405e-02
0.12212	5.34681e-02
0.12193	5.34383e-02
0.12180	5.34756e-02
0.12174	5.36008e-02
0.12174	5.38306e-02
0.12179	5.41768e-02
0.12190	5.46461e-02
0.12205	5.52400e-02
0.12226	5.59543e-02
0.12252	5.67793e-02
0.12284	5.76994e-02
0.12323	5.86933e-02
0.12368	5.97341e-02
0.12422	6.07908e-02
0.12485	6.18302e-02
0.12559	6.28208e-02
0.12645	6.37374e-02
0.12741	6.45655e-02
0.12849	6.53020e-02
0.12967	6.59540e-02
0.13092	6.65348e-02
0.13225	6.70600e-02
0.13363	6.75450e-02
0.13504	6.80036e-02
0.13647	6.84479e-02
0.13790	6.88875e-02
0.13934	6.93304e-02
0.14075	6.97829e-02
0.14214	7.02496e-02
0.14349	7.07339e-02
0.14481	7.12378e-02
0.14608	7.17622e-02
0.14729	7.23071e-02
0.14845	7.28718e-02
0.14955	7.34548e-02
0.15059	7.40541e-02
0.15156	7.46673e-02
0.15247	7.52913e-02
0.15333	7.59283e-02
0.15412	7.65680e-02
0.15485	7.72052e-02
0.15552	7.78342e-02
0.15613	7.84488e-02
0.15668	7.90424e-02
0.15717	7.96080e-02
0.15762	8.01388e-02
0.15802	8.06286e-02
0.15837	8.10719e-02
0.15868	8.14646e-02
0.15895	8.18038e-02
0.15917	8.20883e-02
0.15936	8.23179e-02
0.15951	8.24937e-02
0.15963	8.26173e-02
0.15970	8.26904e-02
0.15974	8.27149e-02
0.15974	8.26919e-02
0.15970	8.26226e-02
0.15964	8.25071e-02
0.15954	8.23452e-02
0.15942	8.21360e-02
0.15927	8.18785e-02
0.15910	8.15710e-02
0.15891	8.12120e-02
0.15871	8.07943e-02
0.15850	8.03200e-02
0.15828	7.97879e-02
0.15805	7.91973e-02
0.15782	7.85544e-02
0.15759	7.78536e-02
0.15735	7.70964e-02
0.15711	7.62850e-02
0.15687	7.54227e-02
0.15662	7.45132e-02
0.15637	7.35612e-02
0.15611	7.25719e-02
0.15585	7.15509e-02
0.15559	7.04999e-02
0.15531	6.94291e-02
0.15503	6.83445e-02
0.15474	6.72522e-02
0.15443	6.61578e-02
0.15412	6.50666e-02
0.15379	6.39837e-02
0.15345	6.29138e-02
0.15310	6.18609e-02
0.15274	6.08285e-02
0.15236	5.98202e-02
0.15197	5.88388e-02
0.15157	5.78871e-02
0.15115	5.69721e-02
0.15072	5.60918e-02
0.15027	5.52486e-02
0.14981	5.44453e-02
0.14934	5.36846e-02
0.14886	5.29693e-02
0.14836	5.23024e-02
0.14785	5.16870e-02
0.14733	5.11259e-02
0.14679	5.06222e-02
0.14624	5.01785e-02
0.14567	4.97970e-02
0.14509	4.94796e-02
0.14450	4.92276e-02
0.14389	4.90416e-02
0.14327	4.89218e-02
0.14264	4.88676e-02
0.14199	4.88776e-02
0.14133	4.89501e-02
0.14066	4.90827e-02
0.13998	4.92725e-02
0.13929	4.95161e-02
0.13858	4.98098e-02
0.13785	5.01495e-02
0.13712	5.05309e-02
0.13637	5.09492e-02
0.13560	5.13997e-02
0.13482	5.18773e-02
0.13402	5.23771e-02
0.13320	5.28937e-02
0.13236	5.34222e-02
0.13150	5.39574e-02
0.13062	5.44944e-02
0.12972	5.50283e-02
0.12880	5.55543e-02
0.12786	5.60681e-02
0.12690	5.65650e-02
0.12592	5.70404e-02
0.12492	5.74898e-02
0.12390	5.79079e-02
0.12287	5.82887e-02
0.12184	5.86255e-02
0.12080	5.89101e-02
0.11977	5.91326e-02
0.11874	5.92820e-02
0.11774	5.93461e-02
0.11677	5.93127e-02
0.11584	5.91704e-02
0.11496	5.89163e-02
0.11413	5.85435e-02
0.11335	5.80533e-02
0.11263	5.74551e-02
0.11195	5.67635e-02
0.11132	5.59970e-02
0.11072	5.51744e-02
0.11014	5.43140e-02
0.10958	5.34313e-02
0.10904	5.25395e-02
0.10851	5.16492e-02
0.10800	5.07697e-02
0.10749	4.99097e-02
0.10698	4.90788e-02
0.10648	4.82879e-02
0.10598	4.75499e-02
0.10548	4.68796e-02
0.10498	4.62930e-02
0.10446	4.58068e-02
0.10393	4.54373e-02
0.10339	4.51995e-02
0.10282	4.51065e-02
0.10224	4.51685e-02
0.10164	4.53926e-02
0.10101	4.57827e-02
0.10036	4.63392e-02
0.09971	4.70530e-02
0.09903	4.79250e-02
0.09834	4.89473e-02
0.09763	5.01095e-02
0.09692	5.14005e-02
0.09621	5.28032e-02
0.09550	5.42984e-02
0.09480	5.58602e-02
0.09415	5.74489e-02
0.09359	5.89972e-02
0.09318	6.03957e-02
0.09301	6.15362e-02
0.09307	6.24347e-02
0.09330	6.32109e-02
0.09364	6.39493e-02
0.09406	6.46709e-02
0.09459	6.53432e-02
0.09526	6.59038e-02
0.09609	6.63250e-02
0.09704	6.66517e-02
0.09805	6.69471e-02
0.09910	6.72514e-02
0.10017	6.75830e-02
0.10124	6.79481e-02
0.10231	6.83460e-02
0.10337	6.87727e-02
0.10443	6.92178e-02
0.10548	6.96786e-02
0.10651	7.01475e-02
0.10754	7.06168e-02
0.10855	7.10786e-02
0.10954	7.15254e-02
0.11053	7.19500e-02
0.11150	7.23457e-02
0.11246	7.27064e-02
0.11341	7.30267e-02
0.11434	7.33018e-02
0.11527	7.35297e-02
0.11618	7.37047e-02
0.11708	7.38241e-02
0.11798	7.38859e-02
0.11887	7.38885e-02
0.11975	7.38307e-02
0.12063	7.37116e-02
0.12150	7.35298e-02
0.12236	7.32836e-02
0.12322	7.29697e-02
0.12409	7.25830e-02
0.12495	7.21163e-02
0.12583	7.15613e-02
0.12672	7.09117e-02
0.12762	7.01668e-02
0.12852	6.93338e-02
0.12942	6.84258e-02
0.13031	6.74582e-02
0.13117	6.64459e-02
0.13201	6.54031e-02
0.13281	6.43427e-02
0.13356	6.32764e-02
0.13427	6.22156e-02
0.13493	6.11707e-02
0.13553	6.01522e-02
0.13608	5.91695e-02
0.13656	5.82321e-02
0.13697	5.73486e-02
0.13732	5.65269e-02
0.13759	5.57744e-02
0.13780	5.50974e-02
0.13794	5.45013e-02
0.13800	5.39905e-02
0.13800	5.35683e-02
0.13792	5.32367e-02
0.13778	5.29969e-02
0.13756	5.28485e-02
0.13729	5.27922e-02
0.13695	5.28263e-02
0.13655	5.29462e-02
0.13609	5.31481e-02
0.13558	5.34273e-02
0.13501	5.37789e-02
0.13439	5.41971e-02
0.13373	5.46763e-02
0.13302	5.52103e-02
0.13228	5.57932e-02
0.13149	5.64189e-02
0.13068	5.70816e-02
0.12984	5.77756e-02
0.12897	5.84958e-02
0.12808	5.92371e-02
0.12718	5.99950e-02
0.12626	6.07655e-02
0.12534	6.15447e-02
0.12441	6.23296e-02
0.12349	6.31173e-02
0.12257	6.39053e-02
0.12166	6.46914e-02
0.12076	6.54734e-02
0.11988	6.62490e-02
0.11903	6.70156e-02
0.11820	6.77699e-02
0.11740	6.85065e-02
0.11665	6.92194e-02
0.11596	6.98989e-02
0.11532	7.05322e-02
0.11477	7.10988e-02
0.11432	7.15798e-02
0.11397	7.19546e-02
0.11376	7.22084e-02
0.11367	7.23382e-02
0.11371	7.23562e-02
0.11385	7.22854e-02
0.11409	7.21538e-02
0.11440	7.19888e-02
0.11476	7.18127e-02
0.11517	7.16468e-02
0.11560	7.15073e-02
0.11606	7.14076e-02
0.11653	7.13585e-02
0.11700	7.13670e-02
0.11748	7.14417e-02
0.11794	7.15878e-02
0.11840	7.18091e-02
0.11884	7.21081e-02
0.11926	7.24857e-02
0.11967	7.29416e-02
0.12005	7.34741e-02
0.12041	7.40764e-02
0.12076	7.47483e-02
0.12108	7.54837e-02
0.12138	7.62748e-02
0.12166	7.71111e-02
0.12194	7.79791e-02
0.12221	7.88599e-02
0.12251	7.97281e-02
0.12284	8.05507e-02
0.12322	8.12929e-02
0.12369	8.19316e-02
0.12421	8.24753e-02
0.12480	8.29408e-02
0.12541	8.33554e-02
0.12605	8.37424e-02
0.12669	8.41187e-02
0.12733	8.44962e-02
0.12795	8.48835e-02
0.12856	8.52869e-02
0.12914	8.57115e-02
0.12970	8.61613e-02
0.13023	8.66395e-02
0.13073	8.71466e-02
0.13123	8.76336e-02
0.13272	8.65868e-02
0.13445	8.51295e-02
0.13613	8.36548e-02
0.13778	8.21752e-02
0.13937	8.06997e-02
0.14092	7.92368e-02
0.14241	7.77955e-02
0.14385	7.63854e-02
0.14523	7.50163e-02
0.14656	7.36983e-02
0.14782	7.24418e-02
0.14903	7.12570e-02
0.15017	7.01537e-02
0.15125	6.91416e-02
0.15226	6.82291e-02
0.15320	6.74240e-02
0.15407	6.67326e-02
0.15487	6.61594e-02
0.15561	6.57072e-02
0.15626	6.53766e-02
0.15685	6.51658e-02
0.15736	6.50704e-02
0.15779	6.50832e-02
0.15815	6.51940e-02
0.15843	6.53900e-02
0.15864	6.56537e-02
0.15879	6.59641e-02
0.15887	6.62966e-02
0.15890	6.66223e-02
0.15888	6.69089e-02
0.15882	6.71224e-02
0.15874	6.72313e-02
0.15863	6.72113e-02
0.15850	6.70502e-02
0.15835	6.67504e-02
0.15817	6.63261e-02
0.15794	6.57985e-02
0.15765	6.51909e-02
0.15729	6.45241e-02
0.15685	6.38156e-02
0.15633	6.30786e-02
0.15573	6.23222e-02
0.15503	6.15525e-02
0.15424	6.07726e-02
0.15337	5.99836e-02
0.15241	5.91854e-02
0.15138	5.83908e-02
0.15027	5.75847e-02
0.14909	5.67702e-02
0.14784	5.59462e-02
0.14652	5.51163e-02
0.14514	5.42859e-02
0.14368	5.34628e-02
0.14217	5.26565e-02
0.14058	5.18774e-02
0.13894	5.11377e-02
0.13723	5.04495e-02
0.13547	4.98245e-02
0.13364	4.92741e-02
0.13177	4.88086e-02
0.12984	4.84370e-02
0.12786	4.81671e-02
0.12583	4.80049e-02
0.12375	4.79593e-02
0.12164	4.80285e-02
0.11948	4.82126e-02
0.11730	4.85095e-02
0.11509	4.89150e-02
0.11286	4.94174e-02
0.11062	5.00129e-02
0.10837	5.06906e-02
0.10613	5.14363e-02
0.10390	5.22311e-02
0.10170	5.30496e-02
0.09956	5.38545e-02
0.09752	5.45895e-02
0.09563	5.51739e-02
0.09397	5.55005e-02
0.09260	5.54941e-02
0.09153	5.51584e-02
0.09074	5.45486e-02
0.09019	5.37209e-02
0.08986	5.27096e-02
0.08975	5.15266e-02
0.08983	5.01796e-02
0.09008	4.86921e-02
0.09047	4.71049e-02
0.09095	4.54610e-02
0.09151	4.38123e-02
0.09212	4.22017e-02
0.09276	4.06676e-02
0.09341	3.92450e-02
0.09407	3.79653e-02
0.09471	3.68563e-02
0.09535	3.59418e-02
0.09597	3.52398e-02
0.09657	3.47623e-02
0.09715	3.45131e-02
0.09771	3.44876e-02
0.09825	3.46725e-02
0.09879	3.50456e-02
0.09932	3.55768e-02
0.09985	3.62286e-02
0.10040	3.69575e-02
0.10098	3.77150e-02
0.10161	3.84499e-02
0.10230	3.91113e-02
0.10307	3.96517e-02
0.10394	4.00316e-02
0.10490	4.02236e-02
0.10597	4.02159e-02
0.10713	4.00175e-02
0.10837	3.96572e-02
0.10967	3.91791e-02
0.11100	3.86336e-02
0.11234	3.80703e-02
0.11369	3.75347e-02
0.11501	3.70660e-02
0.11631	3.66978e-02
0.11757	3.64574e-02
0.11879	3.63665e-02
0.11997	3.64406e-02
0.12110	3.66896e-02
0.12217	3.71172e-02
0.12320	3.77218e-02
0.12417	3.84967e-02
0.12509	3.94316e-02
0.12595	4.05126e-02
0.12676	4.17237e-02
0.12752	4.30466e-02
0.12823	4.44623e-02
0.12889	4.59504e-02
0.12952	4.74894e-02
0.13011	4.90567e-02
0.13067	5.06276e-02
0.13121	5.21750e-02
0.13175	5.36682e-02
0.13229	5.50734e-02
0.13287	5.63531e-02
0.13349	5.74688e-02
0.13417	5.83848e-02
0.13493	5.90733e-02
0.13578	5.95205e-02
0.13672	5.97299e-02
0.13773	5.97216e-02
0.13881	5.95273e-02
0.13992	5.91782e-02
0.14106	5.87164e-02
0.14222	5.81870e-02
0.14339	5.76049e-02
0.14456	5.69942e-02
0.14572	5.63726e-02
0.14686	5.57569e-02
0.14798	5.51617e-02
0.14910	5.46023e-02
0.15019	5.40883e-02
0.15126	5.36310e-02
0.15230	5.32409e-02
0.15333	5.29280e-02
0.15432	5.27019e-02
0.15530	5.25713e-02
0.15624	5.25443e-02
0.15716	5.26277e-02
0.15806	5.28246e-02
0.15894	5.31421e-02
0.15979	5.35828e-02
0.16060	5.41475e-02
0.16139	5.48348e-02
0.16215	5.56405e-02
0.16289	5.65593e-02
0.16359	5.75831e-02
0.16426	5.87013e-02
0.16490	5.99015e-02
0.16552	6.11693e-02
0.16612	6.24893e-02
0.16669	6.38451e-02
0.16723	6.52318e-02
0.16777	6.66223e-02
0.16828	6.80034e-02
0.16879	6.93652e-02
0.16929	7.07020e-02
0.16977	7.20120e-02
0.17024	7.32968e-02
0.17069	7.45601e-02
0.17111	7.58061e-02
0.17151	7.70385e-02
0.17187	7.82593e-02
0.17221	7.94684e-02
0.17251	8.06626e-02
0.17278	8.18356e-02
0.17302	8.29767e-02
0.17324	8.40698e-02
0.17345	8.50917e-02
0.17366	8.60093e-02
0.17389	8.67788e-02
0.17417	8.73502e-02
0.17452	8.76826e-02
0.17495	8.77662e-02
0.17543	8.76292e-02
0.17594	8.73216e-02
0.17645	8.68925e-02
0.17695	8.63800e-02
0.17741	8.58100e-02
0.17783	8.51990e-02
0.17821	8.45571e-02
0.17854	8.38902e-02
0.17881	8.32013e-02
0.17904	8.24916e-02
0.17921	8.17612e-02
0.17933	8.10095e-02
0.17939	8.02354e-02
0.17941	7.94377e-02
0.17939	7.86154e-02
0.17931	7.77675e-02
0.17920	7.68933e-02
0.17904	7.59928e-02
0.17884	7.50661e-02
0.17861	7.41142e-02
0.17834	7.31383e-02
0.17804	7.21404e-02
0.17770	7.11229e-02
0.17735	7.00888e-02
0.17696	6.90415e-02
0.17655	6.79849e-02
0.17613	6.69427e-02
0.17570	6.58963e-02
0.17525	6.48533e-02
0.17478	6.38190e-02
0.17430	6.27986e-02
0.17380	6.17972e-02
0.17330	6.08200e-02
0.17279	5.98721e-02
0.17227	5.89579e-02
0.17175	5.80818e-02
0.17122	5.72473e-02
0.17068	5.64575e-02
0.17015	5.57146e-02
0.16961	5.50201e-02
0.16907	5.43747e-02
0.16854	5.37782e-02
0.16801	5.32297e-02
0.16748	5.27276e-02
0.16696	5.22696e-02
0.16644	5.18533e-02
0.16594	5.14759e-02
0.16544	5.11349e-02
0.16495	5.08209e-02
0.16448	5.05385e-02
0.16401	5.02886e-02
0.16355	5.00690e-02
0.16311	4.98807e-02
0.16267	4.97261e-02
0.16224	4.96083e-02
0.16181	4.95318e-02
0.16139	4.95035e-02
0.16097	4.95268e-02
0.16055	4.96074e-02
0.16013	4.97506e-02
0.15970	4.99611e-02
0.15926	5.02428e-02
0.15881	5.05978e-02
0.15835	5.10269e-02
0.15787	5.15290e-02
0.15737	5.21010e-02
0.15687	5.27377e-02
0.15634	5.34324e-02
0.15580	5.41761e-02
0.15525	5.49584e-02
0.15468	5.57674e-02
0.15410	5.65899e-02
0.15352	5.74115e-02
0.15294	5.82171e-02
0.15237	5.89910e-02
0.15180	5.97173e-02
0.15125	6.03803e-02
0.15072	6.09648e-02
0.15022	6.14567e-02
0.14975	6.18437e-02
0.14933	6.21157e-02
0.14894	6.22654e-02
0.14861	6.22884e-02
0.14832	6.21839e-02
0.14808	6.19542e-02
0.14788	6.16045e-02
0.14773	6.11430e-02
0.14761	6.05800e-02
0.14753	5.99280e-02
0.14749	5.92030e-02
0.14747	5.84181e-02
0.14746	5.75898e-02
0.14747	5.67350e-02
0.14749	5.58714e-02
0.14750	5.50170e-02
0.14751	5.41896e-02
0.14751	5.34069e-02
0.14749	5.26858e-02
0.14745	5.20423e-02
0.14738	5.14908e-02
0.14728	5.10436e-02
0.14714	5.07107e-02
0.14696	5.04991e-02
0.14675	5.04127e-02
0.14649	5.04531e-02
0.14619	5.06156e-02
0.14584	5.08930e-02
0.14545	5.12745e-02
0.14503	5.17459e-02
0.14457	5.22897e-02
0.14409	5.28854e-02
0.14358	5.35103e-02
0.14306	5.41400e-02
0.14254	5.47498e-02
0.14202	5.53157e-02
0.14151	5.58170e-02
0.14103	5.62373e-02
0.14057	5.65663e-02
0.14014	5.67996e-02
0.13973	5.69381e-02
0.13936	5.69862e-02
0.13902	5.69475e-02
0.13869	5.68322e-02
0.13839	5.66472e-02
0.13810	5.63991e-02
0.13782	5.60939e-02
0.13755	5.57394e-02
0.13728	5.53382e-02
0.13701	5.48952e-02
0.13673	5.44150e-02
0.13646	5.39018e-02
0.13617	5.33595e-02
0.13587	5.27919e-02
0.13557	5.22013e-02
0.13526	5.15918e-02
0.13493	5.09661e-02
0.13459	5.03266e-02
0.13425	4.96719e-02
0.13389	4.90076e-02
0.13352	4.83358e-02
0.13314	4.76583e-02
0.13276	4.69770e-02
0.13237	4.62934e-02
0.13197	4.56093e-02
0.13158	4.49262e-02
0.13119	4.42455e-02
0.13080	4.35684e-02
0.13042	4.28964e-02
0.13006	4.22306e-02
0.12971	4.15724e-02
0.12937	4.09231e-02
0.12906	4.02848e-02
0.12876	3.96599e-02
0.12850	3.90517e-02
0.12825	3.84641e-02
0.12803	3.79021e-02
0.12784	3.73720e-02
0.12767	3.68807e-02
0.12753	3.64367e-02
0.12740	3.60488e-02
0.12730	3.57266e-02
0.12722	3.54800e-02
0.12715	3.53186e-02
0.12709	3.52514e-02
0.12705	3.52863e-02
0.12701	3.54298e-02
0.12697	3.56866e-02
0.12694	3.60592e-02
0.12690	3.65481e-02
0.12686	3.71518e-02
0.12682	3.78726e-02
0.12677	3.86971e-02
0.12670	3.96188e-02
0.12662	4.06301e-02
0.12653	4.17224e-02
0.12641	4.28869e-02
0.12628	4.41144e-02
0.12612	4.53955e-02
0.12594	4.67210e-02
0.12574	4.80818e-02
0.12551	4.94690e-02
0.12526	5.08740e-02
0.12498	5.22886e-02
0.12469	5.37049e-02
0.12437	5.51152e-02
0.12403	5.65123e-02
0.12368	5.78897e-02
0.12331	5.92413e-02
0.12293	6.05615e-02
0.12256	6.18520e-02
0.12217	6.31036e-02
0.12179	6.43135e-02
0.12141	6.54802e-02
0.12103	6.66032e-02
0.12067	6.76831e-02
0.12031	6.87217e-02
0.11996	6.97215e-02
0.11962	7.06855e-02
0.11930	7.16175e-02
0.11899	7.25210e-02
0.11869	7.33997e-02
0.11840	7.42562e-02
0.11813	7.50917e-02
0.11788	7.59038e-02
0.11765	7.66806e-02
0.11748	7.73815e-02
0.11744	7.78904e-02
0.11761	7.80961e-02
0.11790	7.81144e-02
0.11825	7.80679e-02
0.11862	7.79964e-02
0.11901	7.79015e-02
0.11943	7.77559e-02
0.11992	7.74874e-02
0.12056	7.70011e-02
0.12130	7.63190e-02
0.12209	7.55489e-02
0.12288	7.47589e-02
0.12364	7.39791e-02
0.12437	7.32230e-02
0.12507	7.24975e-02
0.12572	7.18063e-02
0.12634	7.11520e-02
0.12693	7.05356e-02
0.12747	6.99580e-02
0.12798	6.94190e-02
0.12845	6.89168e-02
0.12889	6.84525e-02
0.12929	6.80250e-02
0.12967	6.76329e-02
0.13001	6.72745e-02
0.13033	6.69477e-02
0.13063	6.66507e-02
0.13090	6.63812e-02
0.13115	6.61369e-02
0.13138	6.59153e-02
0.13160	6.57134e-02
0.13181	6.55227e-02
0.13200	6.53447e-02
0.13220	6.51750e-02
0.13239	6.50082e-02
0.13258	6.48388e-02
0.13277	6.46610e-02
0.13297	6.44690e-02
0.13319	6.42578e-02
0.13342	6.40228e-02
0.13366	6.37609e-02
0.13392	6.34695e-02
0.13420	6.31451e-02
0.13451	6.27894e-02
0.13483	6.24030e-02
0.13517	6.19833e-02
0.13552	6.15313e-02
0.13589	6.10495e-02
0.13627	6.05419e-02
0.13666	6.00140e-02
0.13704	5.94616e-02
0.13742	5.89015e-02
0.13779	5.83408e-02
0.13815	5.77859e-02
0.13850	5.72417e-02
0.13883	5.67121e-02
0.13915	5.61992e-02
0.13944	5.57037e-02
0.13971	5.52253e-02
0.13996	5.47626e-02
0.14019	5.43142e-02
0.14040	5.38784e-02
0.14060	5.34543e-02
0.14076	5.30420e-02
0.14092	5.26427e-02
0.14104	5.22590e-02
0.14115	5.18953e-02
0.14122	5.15577e-02
0.14127	5.12535e-02
0.14129	5.09912e-02
0.14127	5.07796e-02
0.14122	5.06280e-02
0.14112	5.05455e-02
0.14098	5.05403e-02
0.14080	5.06200e-02
0.14057	5.07909e-02
0.14030	5.10575e-02
0.13998	5.14230e-02
0.13960	5.18887e-02
0.13918	5.24539e-02
0.13871	5.31162e-02
0.13820	5.38713e-02
0.13764	5.47130e-02
0.13704	5.56334e-02
0.13640	5.66228e-02
0.13572	5.76700e-02
0.13502	5.87620e-02
0.13429	5.98844e-02
0.13355	6.10217e-02
0.13279	6.21572e-02
0.13204	6.32740e-02
0.13130	6.43558e-02
0.13058	6.53884e-02
0.12988	6.63612e-02
0.12921	6.72686e-02
0.12858	6.81102e-02
0.12797	6.88905e-02
0.12739	6.96170e-02
0.12683	7.02972e-02
0.12629	7.09357e-02
0.12576	7.15273e-02
0.12527	7.20410e-02
0.12488	7.23777e-02
0.12466	7.23805e-02
0.12460	7.20925e-02
0.12459	7.16845e-02
0.12457	7.12395e-02
0.12454	7.07821e-02
0.12448	7.03122e-02
0.12440	6.98158e-02
0.12431	6.92665e-02
0.12423	6.86286e-02
0.12417	6.78681e-02
0.12413	6.69700e-02
0.12411	6.59470e-02
0.12407	6.48290e-02
0.12401	6.36484e-02
0.12390	6.24320e-02
0.12373	6.12002e-02
0.12350	5.99689e-02
0.12320	5.87508e-02
0.12282	5.75569e-02
0.12237	5.63970e-02
0.12183	5.52806e-02
0.12122	5.42166e-02
0.12053	5.32140e-02
0.11975	5.22814e-02
0.11889	5.14213e-02
0.11795	5.06468e-02
0.11693	4.99656e-02
0.11584	4.93845e-02
0.11468	4.89072e-02
0.11346	4.85424e-02
0.11217	4.82941e-02
0.11082	4.81647e-02
0.10942	4.81555e-02
0.10796	4.82662e-02
0.10646	4.84951e-02
0.10491	4.88388e-02
0.10333	4.92928e-02
0.10171	4.98507e-02
0.10007	5.05049e-02
0.09840	5.12450e-02
0.09672	5.20604e-02
0.09504	5.29363e-02
0.09336	5.38523e-02
0.09171	5.47784e-02
0.09011	5.56692e-02
0.08862	5.64631e-02
0.08727	5.71109e-02
0.08607	5.76232e-02
0.08497	5.80730e-02
0.08393	5.85254e-02
0.08293	5.90195e-02
0.08195	5.95759e-02
0.08097	6.02047e-02
0.08000	6.09105e-02
0.07902	6.16941e-02
0.07803	6.25528e-02
0.07705	6.34926e-02
0.07605	6.44942e-02
0.07506	6.55456e-02
0.07408	6.66283e-02
0.07314	6.77001e-02
0.07244	6.85783e-02
0.07252	6.86771e-02
0.07315	6.82784e-02
0.07388	6.78262e-02
0.07465	6.73970e-02
0.07544	6.70116e-02
0.07624	6.66797e-02
0.07706	6.64072e-02
0.07788	6.61977e-02
0.07872	6.60526e-02
0.07957	6.59706e-02
0.08044	6.59483e-02
0.08133	6.59789e-02
0.08226	6.60525e-02
0.08323	6.61553e-02
0.08426	6.62705e-02
0.08536	6.63795e-02
0.08654	6.64644e-02
0.08780	6.65112e-02
0.08914	6.65231e-02
0.09057	6.64875e-02
0.09206	6.64072e-02
0.09361	6.62872e-02
0.09519	6.61326e-02
0.09681	6.59483e-02
0.09845	6.57392e-02
0.10010	6.55094e-02
0.10175	6.52631e-02
0.10339	6.50039e-02
0.10500	6.47349e-02
0.10659	6.44587e-02
0.10814	6.41776e-02
0.10965	6.38930e-02
0.11110	6.36062e-02
0.11250	6.33185e-02
0.11384	6.30294e-02
0.11511	6.27393e-02
0.11630	6.24480e-02
0.11742	6.21554e-02
0.11846	6.18611e-02
0.11942	6.15647e-02
0.12029	6.12657e-02
0.12106	6.09634e-02
0.12175	6.06572e-02
0.12234	6.03464e-02
0.12283	6.00303e-02
0.12322	5.97081e-02
0.12352	5.93791e-02
0.12372	5.90427e-02
0.12382	5.86981e-02
0.12382	5.83448e-02
0.12373	5.79825e-02
0.12354	5.76108e-02
0.12326	5.72295e-02
0.12289	5.68388e-02
0.12243	5.64389e-02
0.12190	5.60265e-02
0.12129	5.56062e-02
0.12061	5.51790e-02
0.11986	5.47458e-02
0.11904	5.43081e-02
0.11816	5.38673e-02
0.11723	5.34253e-02
0.11626	5.29889e-02
0.11524	5.25560e-02
0.11418	5.21289e-02
0.11309	5.17105e-02
0.11196	5.13042e-02
0.11081	5.09131e-02
0.10964	5.05404e-02
0.10845	5.01900e-02
0.10725	4.98658e-02
0.10603	4.95718e-02
0.10481	4.93122e-02
0.10359	4.90911e-02
0.10236	4.89127e-02
0.10114	4.87812e-02
0.09993	4.87004e-02
0.09873	4.86736e-02
0.09755	4.87049e-02
0.09639	4.87916e-02
0.09525	4.89427e-02
0.09414	4.91607e-02
0.09306	4.94478e-02
0.09201	4.98055e-02
0.09100	5.02348e-02
0.09003	5.07358e-02
0.08910	5.13081e-02
0.08822	5.19501e-02
0.08740	5.26594e-02
0.08663	5.34317e-02
0.08592	5.42614e-02
0.08528	5.51408e-02
0.08472	5.60607e-02
0.08424	5.70106e-02
0.08385	5.79805e-02
0.08356	5.89636e-02
0.08337	5.99552e-02
0.08329	6.09507e-02
0.08332	6.19404e-02
0.08347	6.29031e-02
0.08378	6.38064e-02
0.08425	6.46216e-02
0.08489	6.53493e-02
0.08567	6.60203e-02
0.08655	6.66717e-02
0.08751	6.73318e-02
0.08852	6.80182e-02
0.08957	6.87398e-02
0.09067	6.94933e-02
0.09186	7.01833e-02
0.09383	6.99182e-02
0.09619	6.91421e-02
0.09859	6.83091e-02
0.10100	6.74519e-02
0.10341	6.65793e-02
0.10581	6.56971e-02
0.10819	6.48105e-02
0.11056	6.39246e-02
0.11290	6.30439e-02
0.11522	6.21742e-02
0.11750	6.13206e-02
0.11975	6.04883e-02
0.12196	5.96821e-02
0.12412	5.89068e-02
0.12624	5.81666e-02
0.12832	5.74655e-02
0.13034	5.68069e-02
0.13230	5.61938e-02
0.13421	5.56287e-02
0.13606	5.51137e-02
0.13785	5.46505e-02
0.13957	5.42404e-02
0.14122	5.38846e-02
0.14281	5.35839e-02
0.14433	5.33391e-02
0.14577	5.31510e-02
0.14714	5.30205e-02
0.14843	5.29483e-02
0.14965	5.29356e-02
0.15079	5.29849e-02
0.15185	5.30956e-02
0.15284	5.32688e-02
0.15374	5.35056e-02
0.15456	5.38069e-02
0.15531	5.41735e-02
0.15597	5.46058e-02
0.15655	5.51038e-02
0.15705	5.56671e-02
0.15747	5.62946e-02
0.15782	5.69848e-02
0.15808	5.77355e-02
0.15827	5.85438e-02
0.15839	5.94063e-02
0.15843	6.03190e-02
0.15840	6.12775e-02
0.15830	6.22769e-02
0.15812	6.33180e-02
0.15787	6.43885e-02
0.15757	6.54828e-02
0.15719	6.65950e-02
0.15676	6.77193e-02
0.15627	6.88497e-02
0.15573	6.99849e-02
0.15514	7.11126e-02
0.15450	7.22227e-02
0.15384	7.32981e-02
0.15317	7.43076e-02
0.15255	7.51495e-02
0.15209	7.55930e-02
0.15189	7.54736e-02
0.15185	7.50106e-02
0.15186	7.44133e-02
0.15189	7.37638e-02
0.15193	7.30943e-02
0.15199	7.24205e-02
0.15206	7.17524e-02
0.15214	7.10977e-02
0.15225	7.04632e-02
0.15238	6.98557e-02
0.15254	6.92824e-02
0.15274	6.87510e-02
0.15297	6.82698e-02
0.15325	6.78482e-02
0.15356	6.74964e-02
0.15392	6.72253e-02
0.15432	6.70463e-02
0.15476	6.69709e-02
0.15525	6.70100e-02
0.15577	6.71737e-02
0.15633	6.74703e-02
0.15692	6.79062e-02
0.15754	6.84853e-02
0.15818	6.92090e-02
0.15885	7.00761e-02
0.15954	7.10829e-02
0.16025	7.22237e-02
0.16097	7.34906e-02
0.16170	7.48743e-02
0.16243	7.63645e-02
0.16317	7.79495e-02
0.16392	7.96178e-02
0.16466	8.13574e-02
0.16539	8.31558e-02
0.16612	8.50006e-02
0.16684	8.68795e-02
0.16754	8.87799e-02
0.16823	9.06896e-02
0.16891	9.25960e-02
0.16957	9.44868e-02
0.17020	9.63496e-02
0.17082	9.81725e-02
0.17143	9.99440e-02
0.17201	1.01654e-01
0.17257	1.03294e-01
0.17310	1.04857e-01
0.17362	1.06339e-01
0.17410	1.07738e-01
0.17455	1.09052e-01
0.17496	1.10282e-01
0.17533	1.11422e-01
0.17566	1.12468e-01
0.17595	1.13414e-01
0.17621	1.14253e-01
0.17643	1.14977e-01
0.17662	1.15583e-01
0.17678	1.16073e-01
0.17690	1.16453e-01
0.17698	1.16735e-01
0.17700	1.16930e-01
0.17697	1.17048e-01
0.17688	1.17099e-01
0.17673	1.17090e-01
0.17651	1.17027e-01
0.17624	1.16922e-01
0.17592	1.16768e-01
0.17554	1.16564e-01
0.17511	1.16309e-01
0.17465	1.15995e-01
0.17415	1.15615e-01
0.17364	1.15155e-01
0.17314	1.14598e-01
0.17265	1.13926e-01
0.17219	1.13120e-01
0.17177	1.12166e-01
0.17140	1.11062e-01
0.17108	1.09815e-01
0.17078	1.08446e-01
0.17050	1.06978e-01
0.17022	1.05438e-01
0.16993	1.03851e-01
0.16960	1.02238e-01
0.16924	1.00617e-01
0.16883	9.90030e-02
0.16837	9.74085e-02
0.16785	9.58436e-02
0.16729	9.43565e-02
0.16665	9.29227e-02
0.16594	9.15411e-02
0.16517	9.02168e-02
0.16433	8.89543e-02
0.16342	8.77578e-02
0.16245	8.66305e-02
0.16141	8.55753e-02
0.16030	8.45941e-02
0.15914	8.36879e-02
0.15793	8.28559e-02
0.15666	8.20950e-02
0.15536	8.13993e-02
0.15403	8.07581e-02
0.15268	8.01538e-02
0.15134	7.95604e-02
0.15003	7.89427e-02
0.14878	7.82599e-02
0.14761	7.74772e-02
0.14653	7.65808e-02
0.14554	7.55846e-02
0.14463	7.45211e-02
0.14379	7.34152e-02
0.14300	7.23094e-02
0.14226	7.12354e-02
0.14156	7.02019e-02
0.14089	6.92193e-02
0.14025	6.82942e-02
0.13964	6.74306e-02
0.13906	6.66316e-02
0.13851	6.58997e-02
0.13797	6.52373e-02
0.13746	6.46475e-02
0.13696	6.41333e-02
0.13647	6.36981e-02
0.13599	6.33450e-02
0.13550	6.30764e-02
0.13500	6.28940e-02
0.13449	6.27978e-02
0.13395	6.27867e-02
0.13339	6.28576e-02
0.13280	6.30061e-02
0.13217	6.32256e-02
0.13150	6.35083e-02
0.13079	6.38445e-02
0.13004	6.42234e-02
0.12924	6.46327e-02
0.12841	6.50590e-02
0.12754	6.54871e-02
0.12664	6.59005e-02
0.12571	6.62812e-02
0.12476	6.66097e-02
0.12381	6.68657e-02
0.12287	6.70297e-02
0.12194	6.70857e-02
0.12104	6.70246e-02
0.12016	6.68472e-02
0.11930	6.65645e-02
0.11846	6.61949e-02
0.11763	6.57603e-02
0.11680	6.52821e-02
0.11596	6.47790e-02
0.11511	6.42664e-02
0.11425	6.37562e-02
0.11338	6.32575e-02
0.11250	6.27772e-02
0.11161	6.23205e-02
0.11072	6.18915e-02
0.10982	6.14934e-02
0.10893	6.11288e-02
0.10804	6.07999e-02
0.10717	6.05081e-02
0.10631	6.02538e-02
0.10547	6.00328e-02
0.10466	5.98247e-02
0.10393	5.95565e-02
0.10333	5.91676e-02
0.10279	5.87560e-02
0.10228	5.83938e-02
0.10178	5.81040e-02
0.10129	5.78946e-02
0.10082	5.77685e-02
0.10037	5.77247e-02
0.09994	5.77593e-02
0.09953	5.78642e-02
0.09916	5.80272e-02
0.09883	5.82311e-02
0.09857	5.84530e-02
0.09839	5.86646e-02
0.09830	5.88347e-02
0.09834	5.89349e-02
0.09852	5.89473e-02
0.09882	5.88709e-02
0.09925	5.87206e-02
0.09979	5.85202e-02
0.10043	5.82934e-02
0.10114	5.80585e-02
0.10193	5.78265e-02
0.10278	5.76013e-02
0.10369	5.73810e-02
0.10467	5.71606e-02
0.10573	5.69489e-02
0.10685	5.67216e-02
0.10803	5.64710e-02
0.10928	5.61910e-02
0.11058	5.58775e-02
0.11194	5.55285e-02
0.11336	5.51384e-02
0.11482	5.47123e-02
0.11632	5.42515e-02
0.11785	5.37580e-02
0.11940	5.32336e-02
0.12098	5.26807e-02
0.12257	5.21012e-02
0.12417	5.14972e-02
0.12578	5.08703e-02
0.12739	5.02224e-02
0.12899	4.95553e-02
0.13058	4.88706e-02
0.13215	4.81702e-02
0.13370	4.74561e-02
0.13523	4.67305e-02
0.13673	4.59959e-02
0.13819	4.52551e-02
0.13961	4.45116e-02
0.14099	4.37694e-02
0.14231	4.30333e-02
0.14358	4.23091e-02
0.14479	4.16036e-02
0.14593	4.09247e-02
0.14700	4.02815e-02
0.14800	3.96848e-02
0.14892	3.91464e-02
0.14976	3.86795e-02
0.15052	3.82985e-02
0.15119	3.80188e-02
0.15177	3.78560e-02
0.15226	3.78261e-02
0.15266	3.79441e-02
0.15297	3.82240e-02
0.15319	3.86777e-02
0.15331	3.93146e-02
0.15335	4.01411e-02
0.15330	4.11603e-02
0.15317	4.23720e-02
0.15295	4.37729e-02
0.15265	4.53568e-02
0.15228	4.71151e-02
0.15183	4.90369e-02
0.15132	5.11095e-02
0.15074	5.33188e-02
0.15010	5.56486e-02
0.14941	5.80812e-02
0.14868	6.05958e-02
0.14792	6.31683e-02
0.14715	6.57680e-02
0.14638	6.83553e-02
0.14565	7.08771e-02
0.14499	7.32645e-02
0.14446	7.54421e-02
0.14409	7.73579e-02
0.14390	7.90195e-02
0.14385	8.04925e-02
0.14391	8.18589e-02
0.14403	8.31847e-02
0.14420	8.45107e-02
0.14438	8.58563e-02
0.14458	8.72248e-02
0.14480	8.86062e-02
0.14505	8.99787e-02
0.14533	9.13077e-02
0.14568	9.25468e-02
0.14615	9.36140e-02
0.14716	9.38356e-02
0.14845	9.35936e-02
0.14980	9.32393e-02
0.15117	9.28237e-02
0.15253	9.23815e-02
0.15387	9.19347e-02
0.15516	9.14987e-02
0.15640	9.10822e-02
0.15758	9.06898e-02
0.15869	9.03233e-02
0.15973	8.99821e-02
0.16070	8.96698e-02
0.16160	8.93770e-02
0.16242	8.90992e-02
0.16317	8.88313e-02
0.16384	8.85672e-02
0.16444	8.83002e-02
0.16496	8.80233e-02
0.16540	8.77295e-02
0.16577	8.74118e-02
0.16607	8.70634e-02
0.16630	8.66788e-02
0.16645	8.62530e-02
0.16653	8.57828e-02
0.16653	8.52665e-02
0.16646	8.47040e-02
0.16632	8.40969e-02
0.16612	8.34761e-02
0.16583	8.28169e-02
0.16547	8.21244e-02
0.16502	8.14043e-02
0.16449	8.06628e-02
0.16387	7.99062e-02
0.16318	7.91406e-02
0.16240	7.83722e-02
0.16153	7.76063e-02
0.16059	7.68480e-02
0.15957	7.61013e-02
0.15847	7.53782e-02
0.15730	7.46722e-02
0.15607	7.39836e-02
0.15478	7.33117e-02
0.15344	7.26540e-02
0.15206	7.20067e-02
0.15064	7.13644e-02
0.14921	7.07212e-02
0.14776	7.00706e-02
0.14631	6.94067e-02
0.14487	6.87253e-02
0.14345	6.80278e-02
0.14205	6.73135e-02
0.14069	6.65892e-02
0.13937	6.58626e-02
0.13810	6.51456e-02
0.13686	6.44504e-02
0.13568	6.37880e-02
0.13455	6.31663e-02
0.13348	6.25882e-02
0.13249	6.20506e-02
0.13158	6.15441e-02
0.13078	6.10549e-02
0.13010	6.05681e-02
0.12955	6.00730e-02
0.12913	5.95683e-02
0.12886	5.90644e-02
0.12873	5.85827e-02
0.12872	5.81516e-02
0.12883	5.78018e-02
0.12905	5.75618e-02
0.12936	5.74561e-02
0.12976	5.75031e-02
0.13024	5.77122e-02
0.13080	5.80928e-02
0.13142	5.86467e-02
0.13211	5.93714e-02
0.13285	6.02612e-02
0.13364	6.13072e-02
0.13448	6.24988e-02
0.13536	6.38234e-02
0.13627	6.52669e-02
0.13722	6.68135e-02
0.13819	6.84451e-02
0.13919	7.01404e-02
0.14022	7.18733e-02
0.14129	7.36106e-02
0.14240	7.53092e-02
0.14359	7.69136e-02
0.14487	7.83589e-02
0.14627	7.95848e-02
0.14780	8.05582e-02
0.14945	8.12880e-02
0.15118	8.18138e-02
0.15296	8.21828e-02
0.15476	8.24353e-02
0.15656	8.26005e-02
0.15832	8.26982e-02
0.16005	8.27415e-02
0.16172	8.27388e-02
0.16334	8.26959e-02
0.16489	8.26171e-02
0.16636	8.25053e-02
0.16775	8.23633e-02
0.16906	8.21936e-02
0.17028	8.19987e-02
0.17141	8.17813e-02
0.17245	8.15450e-02
0.17339	8.12910e-02
0.17423	8.10225e-02
0.17497	8.07432e-02
0.17562	8.04566e-02
0.17616	8.01667e-02
0.17660	7.98772e-02
0.17694	7.95922e-02
0.17718	7.93155e-02
0.17732	7.90511e-02
0.17736	7.88027e-02
0.17730	7.85742e-02
0.17715	7.83692e-02
0.17690	7.81912e-02
0.17656	7.80435e-02
0.17613	7.79294e-02
0.17561	7.78517e-02
0.17500	7.78134e-02
0.17431	7.78168e-02
0.17355	7.78642e-02
0.17270	7.79576e-02
0.17179	7.80983e-02
0.17081	7.82855e-02
0.16977	7.85218e-02
0.16867	7.88076e-02
0.16751	7.91428e-02
0.16629	7.95270e-02
0.16502	7.99594e-02
0.16370	8.04389e-02
0.16233	8.09622e-02
0.16092	8.15299e-02
0.15946	8.21400e-02
0.15797	8.27900e-02
0.15644	8.34791e-02
0.15489	8.41989e-02
0.15331	8.49362e-02
0.15173	8.56540e-02
0.15023	8.62444e-02
0.14888	8.65578e-02
0.14766	8.66803e-02
0.14648	8.67667e-02
0.14530	8.68766e-02
0.14413	8.70275e-02
0.14296	8.72216e-02
0.14182	8.74548e-02
0.14070	8.77050e-02
0.13964	8.79342e-02
0.13868	8.80689e-02
0.13792	8.79920e-02
0.13743	8.75976e-02
0.13719	8.69009e-02
0.13713	8.60172e-02
0.13719	8.50519e-02
0.13733	8.40676e-02
0.13753	8.30957e-02
0.13778	8.21496e-02
0.13808	8.12316e-02
0.13843	8.03368e-02
0.13885	7.94549e-02
0.13933	7.85725e-02
0.13988	7.76752e-02
0.14050	7.67505e-02
0.14120	7.57901e-02
0.14197	7.47921e-02
0.14281	7.37618e-02
0.14370	7.27113e-02
0.14464	7.16575e-02
0.14561	7.06206e-02
0.14660	6.96217e-02
0.14759	6.86818e-02
0.14859	6.78205e-02
0.14957	6.70555e-02
0.15053	6.64018e-02
0.15148	6.58719e-02
0.15240	6.54747e-02
0.15329	6.52160e-02
0.15416	6.50979e-02
0.15501	6.51186e-02
0.15583	6.52726e-02
0.15663	6.55510e-02
0.15741	6.59413e-02
0.15818	6.64287e-02
0.15895	6.69960e-02
0.15971	6.76247e-02
0.16048	6.82963e-02
0.16126	6.89938e-02
0.16205	6.96980e-02
0.16286	7.03941e-02
0.16368	7.10702e-02
0.16452	7.17172e-02
0.16537	7.23296e-02
0.16622	7.29313e-02
0.16706	7.34954e-02
0.16791	7.40234e-02
0.16875	7.45178e-02
0.16957	7.49822e-02
0.17037	7.54202e-02
0.17114	7.58354e-02
0.17187	7.62308e-02
0.17256	7.66092e-02
0.17320	7.69723e-02
0.17379	7.73219e-02
0.17431	7.76588e-02
0.17478	7.79837e-02
0.17518	7.82967e-02
0.17551	7.85978e-02
0.17577	7.88866e-02
0.17596	7.91628e-02
0.17607	7.94257e-02
0.17611	7.96750e-02
0.17608	7.99101e-02
0.17597	8.01303e-02
0.17579	8.03353e-02
0.17553	8.05245e-02
0.17520	8.06975e-02
0.17481	8.08536e-02
0.17434	8.09925e-02
0.17381	8.11136e-02
0.17322	8.12163e-02
0.17256	8.13001e-02
0.17184	8.13644e-02
0.17106	8.14085e-02
0.17023	8.14345e-02
0.16934	8.14387e-02
0.16840	8.14206e-02
0.16741	8.13796e-02
0.16638	8.13152e-02
0.16530	8.12267e-02
0.16417	8.11137e-02
0.16302	8.09670e-02
0.16182	8.07939e-02
0.16058	8.05940e-02
0.15931	8.03663e-02
0.15801	8.01104e-02
0.15667	7.98251e-02
0.15530	7.95091e-02
0.15391	7.91607e-02
0.15249	7.87780e-02
0.15106	7.83584e-02
0.14961	7.78989e-02
0.14816	7.73954e-02
0.14670	7.68430e-02
0.14524	7.62357e-02
0.14380	7.55661e-02
0.14238	7.48262e-02
0.14099	7.40068e-02
0.13963	7.30839e-02
0.13832	7.20660e-02
0.13705	7.09513e-02
0.13585	6.97433e-02
0.13471	6.84511e-02
0.13362	6.70882e-02
0.13259	6.56721e-02
0.13161	6.42220e-02
0.13069	6.27590e-02
0.12982	6.13049e-02
0.12899	5.98824e-02
0.12821	5.85152e-02
0.12748	5.72277e-02
0.12680	5.60449e-02
0.12616	5.49925e-02
0.12556	5.40958e-02
0.12502	5.33796e-02
0.12451	5.28666e-02
0.12405	5.25767e-02
0.12364	5.25251e-02
0.12328	5.27179e-02
0.12297	5.31566e-02
0.12271	5.38291e-02
0.12251	5.47007e-02
0.12242	5.56874e-02
0.12251	5.65992e-02
0.12291	5.71703e-02
0.12361	5.74083e-02
0.12450	5.75701e-02
0.12548	5.78208e-02
0.12653	5.82190e-02
0.12763	5.87690e-02
0.12880	5.94361e-02
0.13006	6.01366e-02
0.13148	6.07111e-02
0.13315	6.09421e-02
0.13510	6.07329e-02
0.13725	6.02166e-02
0.13952	5.95768e-02
0.14183	5.89294e-02
0.14415	5.83385e-02
0.14647	5.78373e-02
0.14878	5.74440e-02
0.15106	5.71684e-02
0.15331	5.70154e-02
0.15552	5.69865e-02
0.15770	5.70800e-02
0.15984	5.72920e-02
0.16194	5.76170e-02
0.16399	5.80478e-02
0.16599	5.85764e-02
0.16794	5.91937e-02
0.16983	5.98903e-02
0.17166	6.06567e-02
0.17344	6.14833e-02
0.17515	6.23607e-02
0.17680	6.32802e-02
0.17838	6.42338e-02
0.17988	6.52141e-02
0.18131	6.62145e-02
0.18266	6.72292e-02
0.18393	6.82532e-02
0.18511	6.92822e-02
0.18619	7.03125e-02
0.18719	7.13410e-02
0.18808	7.23650e-02
0.18887	7.33822e-02
0.18956	7.43906e-02
0.19014	7.53882e-02
0.19061	7.63735e-02
0.19097	7.73446e-02
0.19121	7.83000e-02
0.19134	7.92378e-02
0.19135	8.01561e-02
0.19124	8.10529e-02
0.19102	8.19258e-02
0.19068	8.27701e-02
0.19022	8.35830e-02
0.18966	8.43597e-02
0.18899	8.50933e-02
0.18823	8.57736e-02
0.18737	8.63847e-02
0.18644	8.69015e-02
0.18547	8.72927e-02
0.18448	8.75063e-02
0.18348	8.75053e-02
0.18249	8.72873e-02
0.18150	8.68865e-02
0.18047	8.63454e-02
0.17942	8.56988e-02
0.17832	8.49696e-02
0.17718	8.41715e-02
0.17599	8.33118e-02
0.17477	8.23936e-02
0.17351	8.14168e-02
0.17222	8.03789e-02
0.17090	7.92759e-02
0.16957	7.81023e-02
0.16823	7.68525e-02
0.16689	7.55214e-02
0.16555	7.41059e-02
0.16422	7.26055e-02
0.16289	7.10240e-02
0.16158	6.93696e-02
0.16027	6.76544e-02
0.15897	6.58938e-02
0.15768	6.41063e-02
0.15639	6.23119e-02
0.15510	6.05328e-02
0.15381	5.87921e-02
0.15251	5.71142e-02
0.15122	5.55241e-02
0.14991	5.40476e-02
0.14861	5.27105e-02
0.14730	5.15380e-02
0.14599	5.05542e-02
0.14468	4.97805e-02
0.14336	4.92350e-02
0.14205	4.89313e-02
0.14075	4.88774e-02
0.13945	4.90760e-02
0.13815	4.95232e-02
0.13687	5.02092e-02
0.13560	5.11192e-02
0.13436	5.22342e-02
0.13314	5.35319e-02
0.13194	5.49875e-02
0.13079	5.65744e-02
0.12967	5.82645e-02
0.12861	6.00286e-02
0.12761	6.18357e-02
0.12669	6.36533e-02
0.12586	6.54474e-02
0.12514	6.71835e-02
0.12455	6.88286e-02
0.12410	7.03560e-02
0.12381	7.17497e-02
0.12368	7.30070e-02
0.12370	7.41373e-02
0.12388	7.51534e-02
0.12418	7.60767e-02
0.12460	7.69249e-02
0.12511	7.77131e-02
0.12571	7.84539e-02
0.12637	7.91579e-02
0.12710	7.98338e-02
0.12788	8.04886e-02
0.12870	8.11279e-02
0.12955	8.17562e-02
0.13043	8.23765e-02
0.13132	8.29909e-02
0.13224	8.36006e-02
0.13316	8.42058e-02
0.13409	8.48062e-02
0.13501	8.54013e-02
0.13594	8.59891e-02
0.13686	8.65677e-02
0.13778	8.71344e-02
0.13868	8.76864e-02
0.13958	8.82198e-02
0.14046	8.87296e-02
0.14134	8.92092e-02
0.14221	8.96496e-02
0.14307	9.00380e-02
0.14394	9.03560e-02
0.14483	9.05786e-02
0.14574	9.06760e-02
0.14671	9.06205e-02
0.14773	9.03993e-02
0.14878	9.00204e-02
0.14986	8.95060e-02
0.15095	8.88814e-02
0.15202	8.81681e-02
0.15308	8.73825e-02
0.15410	8.65366e-02
0.15510	8.56396e-02
0.15605	8.46984e-02
0.15696	8.37186e-02
0.15783	8.27048e-02
0.15866	8.16609e-02
0.15944	8.05908e-02
0.16019	7.94979e-02
0.16089	7.83857e-02
0.16156	7.72560e-02
0.16220	7.61143e-02
0.16280	7.49645e-02
0.16337	7.38108e-02
0.16392	7.26470e-02
0.16444	7.14883e-02
0.16494	7.03405e-02
0.16541	6.92097e-02
0.16586	6.81023e-02
0.16629	6.70251e-02
0.16670	6.59850e-02
0.16709	6.49889e-02
0.16746	6.40440e-02
0.16781	6.31569e-02
0.16813	6.23343e-02
0.16845	6.15945e-02
0.16875	6.09309e-02
0.16903	6.03581e-02
0.16929	5.98706e-02
0.16953	5.94722e-02
0.16973	5.91662e-02
0.16991	5.89552e-02
0.17006	5.88410e-02
0.17018	5.88246e-02
0.17026	5.89062e-02
0.17031	5.90854e-02
0.17032	5.93606e-02
0.17029	5.97296e-02
0.17023	6.01892e-02
0.17013	6.07356e-02
0.17000	6.13641e-02
0.16983	6.20693e-02
0.16962	6.28455e-02
0.16938	6.36860e-02
0.16910	6.45842e-02
0.16879	6.55330e-02
0.16846	6.65250e-02
0.16809	6.75559e-02
0.16770	6.86137e-02
0.16729	6.96916e-02
0.16685	7.07833e-02
0.16640	7.18825e-02
0.16594	7.29835e-02
0.16546	7.40808e-02
0.16497	7.51697e-02
0.16446	7.62456e-02
0.16395	7.73048e-02
0.16343	7.83439e-02
0.16290	7.93601e-02
0.16237	8.03511e-02
0.16182	8.13148e-02
0.16127	8.22500e-02
0.16070	8.31553e-02
0.16013	8.40300e-02
0.15954	8.48737e-02
0.15895	8.56859e-02
0.15833	8.64661e-02
0.15770	8.72147e-02
0.15706	8.79317e-02
0.15640	8.86173e-02
0.15571	8.92714e-02
0.15501	8.98940e-02
0.15429	9.04848e-02
0.15355	9.10437e-02
0.15278	9.15698e-02
0.15199	9.20626e-02
0.15118	9.25210e-02
0.15035	9.29438e-02
0.14950	9.33295e-02
0.14863	9.36766e-02
0.14774	9.39831e-02
0.14682	9.42588e-02
0.14589	9.44897e-02
0.14494	9.46734e-02
0.14399	9.48074e-02
0.14303	9.48892e-02
0.14208	9.49165e-02
0.14112	9.48868e-02
0.14018	9.47980e-02
0.13924	9.46483e-02
0.13833	9.44360e-02
0.13743	9.41604e-02
0.13655	9.38209e-02
0.13570	9.34179e-02
0.13487	9.29524e-02
0.13407	9.24261e-02
0.13331	9.18411e-02
0.13257	9.12002e-02
0.13186	9.05068e-02
0.13119	8.97646e-02
0.13054	8.89782e-02
0.12991	8.81524e-02
0.12932	8.72931e-02
0.12875	8.64051e-02
0.12820	8.54970e-02
0.12767	8.45759e-02
0.12715	8.36493e-02
0.12665	8.27245e-02
0.12615	8.18086e-02
0.12565	8.09082e-02
0.12515	8.00297e-02
0.12465	7.91787e-02
0.12415	7.83598e-02
0.12365	7.75772e-02
0.12314	7.68340e-02
0.12264	7.61331e-02
0.12212	7.54766e-02
0.12161	7.48659e-02
0.12109	7.43021e-02
0.12057	7.37856e-02
0.12004	7.33162e-02
0.11951	7.28928e-02
0.11898	7.25137e-02
0.11845	7.21759e-02
0.11792	7.18752e-02
0.11739	7.15954e-02
0.11688	7.13384e-02
0.11638	7.10928e-02
0.11590	7.08497e-02
0.11544	7.05956e-02
0.11501	7.03150e-02
0.11463	6.99900e-02
0.11431	6.96013e-02
0.11405	6.91288e-02
0.11386	6.85545e-02
0.11377	6.78648e-02
0.11376	6.70537e-02
0.11383	6.61241e-02
0.11398	6.50873e-02
0.11419	6.39609e-02
0.11445	6.27652e-02
0.11476	6.15214e-02
0.11509	6.02493e-02
0.11544	5.89663e-02
0.11581	5.76871e-02
0.11619	5.64235e-02
0.11658	5.51847e-02
0.11698	5.39776e-02
0.11739	5.28106e-02
0.11781	5.16920e-02
0.11824	5.06319e-02
0.11867	4.96424e-02
0.11912	4.87365e-02
0.11956	4.79279e-02
0.12001	4.72298e-02
0.12046	4.66544e-02
0.12090	4.62127e-02
0.12135	4.59135e-02
0.12178	4.57636e-02
0.12221	4.57673e-02
0.12263	4.59261e-02
0.12303	4.62387e-02
0.12343	4.67011e-02
0.12380	4.73065e-02
0.12416	4.80463e-02
0.12449	4.89096e-02
0.12481	4.98747e-02
0.12511	5.09363e-02
0.12538	5.20811e-02
0.12562	5.32955e-02
0.12584	5.45657e-02
0.12602	5.58784e-02
0.12616	5.72254e-02
0.12626	5.85887e-02
0.12634	5.99557e-02
0.12639	6.13140e-02
0.12641	6.26508e-02
0.12642	6.39526e-02
0.12641	6.52041e-02
0.12640	6.63873e-02
0.12639	6.74794e-02
0.12642	6.84559e-02
0.12649	6.92784e-02
0.12664	6.99133e-02
0.12686	7.03410e-02
0.12717	7.05684e-02
0.12755	7.06286e-02
0.12797	7.05671e-02
0.12842	7.04280e-02
0.12887	7.02481e-02
0.12931	7.00565e-02
0.12974	6.98755e-02
0.13015	6.97243e-02
0.13054	6.96182e-02
0.13089	6.95704e-02
0.13121	6.95921e-02
0.13150	6.96928e-02
0.13176	6.98801e-02
0.13198	7.01605e-02
0.13216	7.05385e-02
0.13231	7.10162e-02
0.13253	7.14021e-02
0.13300	7.13641e-02
0.13345	7.13933e-02
0.13388	7.14946e-02
0.13429	7.16670e-02
0.13469	7.19088e-02
0.13508	7.22171e-02
0.13546	7.25885e-02
0.13583	7.30190e-02
0.13620	7.35038e-02
0.13656	7.40378e-02
0.13691	7.46155e-02
0.13727	7.52310e-02
0.13764	7.58762e-02
0.13801	7.65464e-02
0.13840	7.72340e-02
0.13880	7.79312e-02
0.13923	7.86290e-02
0.13968	7.93171e-02
0.14017	7.99834e-02
0.14069	8.06125e-02
0.14128	8.11849e-02
0.14193	8.16743e-02
0.14268	8.20454e-02
0.14355	8.22525e-02
0.14456	8.22475e-02
0.14574	8.19807e-02
0.14708	8.14501e-02
0.14856	8.06799e-02
0.15015	7.97131e-02
0.15182	7.85947e-02
0.15354	7.73624e-02
0.15529	7.60453e-02
0.15706	7.46650e-02
0.15882	7.32377e-02
0.16058	7.17761e-02
0.16233	7.02902e-02
0.16405	6.87884e-02
0.16574	6.72780e-02
0.16740	6.57655e-02
0.16903	6.42572e-02
0.17061	6.27592e-02
0.17214	6.12775e-02
0.17363	5.98186e-02
0.17507	5.83889e-02
0.17645	5.69951e-02
0.17777	5.56477e-02
0.17904	5.43507e-02
0.18024	5.31115e-02
0.18137	5.19373e-02
0.18244	5.08352e-02
0.18343	4.98118e-02
0.18434	4.88733e-02
0.18517	4.80251e-02
0.18592	4.72720e-02
0.18659	4.66175e-02
0.18717	4.60642e-02
0.18767	4.56135e-02
0.18807	4.52656e-02
0.18838	4.50196e-02
0.18860	4.48734e-02
0.18872	4.48240e-02
0.18875	4.48673e-02
0.18868	4.49986e-02
0.18852	4.52124e-02
0.18825	4.55021e-02
0.18789	4.58620e-02
0.18742	4.62854e-02
0.18686	4.67655e-02
0.18620	4.72953e-02
0.18545	4.78674e-02
0.18460	4.84745e-02
0.18366	4.91091e-02
0.18263	4.97633e-02
0.18151	5.04294e-02
0.18030	5.10992e-02
0.17901	5.17646e-02
0.17764	5.24174e-02
0.17619	5.30492e-02
0.17467	5.36518e-02
0.17308	5.42284e-02
0.17143	5.47601e-02
0.16973	5.52398e-02
0.16797	5.56619e-02
0.16617	5.60221e-02
0.16433	5.63180e-02
0.16245	5.65494e-02
0.16054	5.67183e-02
0.15861	5.68289e-02
0.15664	5.68878e-02
0.15466	5.68985e-02
0.15265	5.68744e-02
0.15061	5.68258e-02
0.14856	5.67632e-02
0.14648	5.66970e-02
0.14438	5.66372e-02
0.14226	5.65934e-02
0.14012	5.65743e-02
0.13798	5.65878e-02
0.13582	5.66412e-02
0.13366	5.67409e-02
0.13149	5.68928e-02
0.12932	5.71045e-02
0.12716	5.73770e-02
0.12501	5.77134e-02
0.12288	5.81159e-02
0.12078	5.85852e-02
0.11871	5.91211e-02
0.11668	5.97219e-02
0.11470	6.03851e-02
0.11278	6.11072e-02
0.11093	6.18850e-02
0.10914	6.27158e-02
0.10744	6.35991e-02
0.10583	6.45301e-02
0.10431	6.55014e-02
0.10290	6.64942e-02
0.10164	6.74662e-02
0.10057	6.83375e-02
0.09978	6.90044e-02
0.09931	6.94259e-02
0.09910	6.96710e-02
0.09910	6.98242e-02
0.09929	6.99070e-02
0.09974	6.97939e-02
0.10064	6.92079e-02
0.10177	6.84198e-02
0.10302	6.75805e-02
0.10434	6.67432e-02
0.10569	6.59419e-02
0.10707	6.51984e-02
0.10844	6.45243e-02
0.10981	6.39244e-02
0.11116	6.33977e-02
0.11250	6.29396e-02
0.11382	6.25425e-02
0.11512	6.21961e-02
0.11641	6.18888e-02
0.11769	6.16078e-02
0.11895	6.13397e-02
0.12020	6.10714e-02
0.12145	6.07907e-02
0.12269	6.04869e-02
0.12393	6.01519e-02
0.12515	5.97798e-02
0.12637	5.93677e-02
0.12758	5.89158e-02
0.12878	5.84252e-02
0.12996	5.78992e-02
0.13112	5.73420e-02
0.13225	5.67585e-02
0.13335	5.61539e-02
0.13443	5.55332e-02
0.13547	5.49015e-02
0.13649	5.42636e-02
0.13746	5.36241e-02
0.13841	5.29873e-02
0.13931	5.23575e-02
0.14019	5.17392e-02
0.14102	5.11366e-02
0.14182	5.05543e-02
0.14259	4.99972e-02
0.14331	4.94701e-02
0.14400	4.89783e-02
0.14465	4.85273e-02
0.14525	4.81138e-02
0.14582	4.77527e-02
0.14634	4.74489e-02
0.14682	4.72070e-02
0.14726	4.70302e-02
0.14765	4.69208e-02
0.14800	4.68753e-02
0.14830	4.68964e-02
0.14856	4.69816e-02
0.14878	4.71270e-02
0.14895	4.73272e-02
0.14909	4.75763e-02
0.14920	4.78678e-02
0.14927	4.81952e-02
0.14931	4.85528e-02
0.14934	4.89348e-02
0.14934	4.93386e-02
0.14932	4.97624e-02
0.14929	5.02054e-02
0.14924	5.06682e-02
0.14919	5.11522e-02
0.14913	5.16593e-02
0.14907	5.21911e-02
0.14901	5.27494e-02
0.14895	5.33349e-02
0.14890	5.39364e-02
0.14885	5.45645e-02
0.14882	5.52179e-02
0.14882	5.58947e-02
0.14884	5.65926e-02
0.14888	5.73095e-02
0.14896	5.80438e-02
0.14907	5.87950e-02
0.14921	5.95636e-02
0.14938	6.03517e-02
0.14958	6.11627e-02
0.14981	6.20011e-02
0.15008	6.28762e-02
0.15037	6.37856e-02
0.15068	6.47366e-02
0.15100	6.57320e-02
0.15132	6.67722e-02
0.15166	6.78544e-02
0.15199	6.89719e-02
0.15233	7.01127e-02
0.15268	7.12582e-02
0.15305	7.23808e-02
0.15346	7.34421e-02
0.15390	7.43781e-02
0.15443	7.51449e-02
0.15506	7.56932e-02
0.15581	7.60010e-02
0.15664	7.60829e-02
0.15756	7.59774e-02
0.15853	7.57274e-02
0.15952	7.53684e-02
0.16053	7.49262e-02
0.16153	7.44177e-02
0.16253	7.38544e-02
0.16352	7.32504e-02
0.16449	7.26054e-02
0.16545	7.19165e-02
0.16637	7.11959e-02
0.16727	7.04470e-02
0.16813	6.96736e-02
0.16896	6.88791e-02
0.16975	6.80670e-02
0.17050	6.72409e-02
0.17122	6.64042e-02
0.17189	6.55604e-02
0.17252	6.47127e-02
0.17311	6.38643e-02
0.17365	6.30184e-02
0.17415	6.21783e-02
0.17461	6.13469e-02
0.17502	6.05276e-02
0.17539	5.97236e-02
0.17571	5.89385e-02
0.17598	5.81761e-02
0.17621	5.74404e-02
0.17638	5.67356e-02
0.17650	5.60666e-02
0.17656	5.54377e-02
0.17657	5.48536e-02
0.17652	5.43191e-02
0.17641	5.38387e-02
0.17623	5.34166e-02
0.17598	5.30570e-02
0.17567	5.27631e-02
0.17528	5.25379e-02
0.17482	5.23837e-02
0.17428	5.23020e-02
0.17366	5.22934e-02
0.17297	5.23580e-02
0.17219	5.24948e-02
0.17134	5.27022e-02
0.17041	5.29777e-02
0.16939	5.33181e-02
0.16830	5.37198e-02
0.16713	5.41782e-02
0.16588	5.46931e-02
0.16456	5.52543e-02
0.16317	5.58557e-02
0.16172	5.64913e-02
0.16021	5.71548e-02
0.15866	5.78394e-02
0.15707	5.85342e-02
0.15544	5.92356e-02
0.15380	5.99356e-02
0.15215	6.06248e-02
0.15050	6.12923e-02
0.14887	6.19248e-02
0.14729	6.25069e-02
0.14576	6.30209e-02
0.14432	6.34495e-02
0.14298	6.37811e-02
0.14175	6.40064e-02
0.14066	6.41274e-02
0.13971	6.41523e-02
0.13891	6.40894e-02
0.13826	6.39435e-02
0.13778	6.37148e-02
0.13747	6.34034e-02
0.13735	6.30152e-02
0.13740	6.25657e-02
0.13760	6.20754e-02
0.13796	6.15781e-02
0.13847	6.11027e-02
0.13910	6.06721e-02
0.13985	6.03017e-02
0.14071	5.99998e-02
0.14168	5.97706e-02
0.14274	5.96165e-02
0.14390	5.95409e-02
0.14513	5.95480e-02
0.14642	5.96427e-02
0.14778	5.98293e-02
0.14919	6.00986e-02
0.15064	6.04602e-02
0.15211	6.09111e-02
0.15360	6.14466e-02
0.15511	6.20599e-02
0.15662	6.27437e-02
0.15813	6.34899e-02
0.15963	6.42907e-02
0.16112	6.51386e-02
0.16260	6.60271e-02
0.16406	6.69501e-02
0.16549	6.79059e-02
0.16690	6.88883e-02
0.16828	6.98941e-02
0.16962	7.09208e-02
0.17093	7.19665e-02
0.17220	7.30299e-02
0.17343	7.41102e-02
0.17461	7.52068e-02
0.17575	7.63193e-02
0.17683	7.74473e-02
0.17787	7.85904e-02
0.17885	7.97498e-02
0.17978	8.09228e-02
0.18067	8.21162e-02
0.18150	8.33211e-02
0.18227	8.45358e-02
0.18299	8.57587e-02
0.18365	8.69876e-02
0.18424	8.82203e-02
0.18477	8.94541e-02
0.18524	9.06863e-02
0.18564	9.19138e-02
0.18597	9.31336e-02
0.18623	9.43422e-02
0.18643	9.55363e-02
0.18655	9.67124e-02
0.18661	9.78660e-02
0.18660	9.89863e-02
0.18686	9.94317e-02
0.18742	9.91531e-02
0.18790	9.88573e-02
0.18830	9.85525e-02
0.18861	9.82388e-02
0.18884	9.79236e-02
0.18899	9.75984e-02
0.18905	9.72625e-02
0.18902	9.69156e-02
0.18890	9.65571e-02
0.18870	9.61870e-02
0.18841	9.58055e-02
0.18804	9.54129e-02
0.18758	9.50098e-02
0.18703	9.45972e-02
0.18641	9.41761e-02
0.18570	9.37480e-02
0.18492	9.33145e-02
0.18407	9.28773e-02
0.18314	9.24385e-02
0.18214	9.20001e-02
0.18107	9.15643e-02
0.17994	9.11333e-02
0.17874	9.07090e-02
0.17749	9.02933e-02
0.17618	8.98879e-02
0.17482	8.94942e-02
0.17342	8.91129e-02
0.17197	8.87443e-02
0.17048	8.83882e-02
0.16898	8.80752e-02
0.16745	8.77730e-02
0.16590	8.74786e-02
0.16433	8.71879e-02
0.16275	8.68954e-02
0.16116	8.65933e-02
0.15958	8.62706e-02
0.15802	8.59105e-02
0.15650	8.54861e-02
0.15504	8.49537e-02
0.15369	8.42370e-02
0.15251	8.32334e-02
0.15154	8.18641e-02
0.15078	8.01510e-02
0.15014	7.81954e-02
0.14960	7.60954e-02
0.14910	7.39158e-02
0.14862	7.16949e-02
0.14817	6.94554e-02
0.14773	6.72220e-02
0.14730	6.49946e-02
0.14687	6.27806e-02
0.14644	6.05857e-02
0.14602	5.84151e-02
0.14559	5.62732e-02
0.14517	5.41642e-02
0.14474	5.20921e-02
0.14430	5.00610e-02
0.14386	4.80748e-02
0.14342	4.61376e-02
0.14297	4.42539e-02
0.14251	4.24365e-02
0.14205	4.06821e-02
0.14158	3.89954e-02
0.14110	3.73817e-02
0.14060	3.58469e-02
0.14010	3.43974e-02
0.13958	3.30401e-02
0.13906	3.17823e-02
0.13852	3.06321e-02
0.13798	2.95977e-02
0.13743	2.86876e-02
0.13688	2.79104e-02
0.13632	2.72742e-02
0.13577	2.67866e-02
0.13522	2.64540e-02
0.13468	2.62815e-02
0.13415	2.62724e-02
0.13364	2.64284e-02
0.13314	2.67489e-02
0.13267	2.72317e-02
0.13221	2.78728e-02
0.13179	2.86670e-02
0.13138	2.96096e-02
0.13101	3.06910e-02
0.13066	3.19056e-02
0.13035	3.32413e-02
0.13007	3.46884e-02
0.12982	3.62369e-02
0.12960	3.78751e-02
0.12942	3.95903e-02
0.12927	4.13676e-02
0.12916	4.31890e-02
0.12908	4.50326e-02
0.12905	4.68704e-02
0.12908	4.86663e-02
0.12917	5.03740e-02
0.12936	5.19383e-02
0.12965	5.33052e-02
0.13007	5.44407e-02
0.13061	5.53483e-02
0.13124	5.60638e-02
0.13196	5.66343e-02
0.13272	5.71002e-02
0.13352	5.74889e-02
0.13433	5.78179e-02
0.13515	5.80916e-02
0.13597	5.83112e-02
0.13680	5.84748e-02
0.13761	5.85793e-02
0.13842	5.86215e-02
0.13921	5.85995e-02
0.13999	5.85130e-02
0.14074	5.83639e-02
0.14148	5.81563e-02
0.14219	5.78960e-02
0.14286	5.75903e-02
0.14350	5.72475e-02
0.14410	5.68764e-02
0.14467	5.64860e-02
0.14518	5.60854e-02
0.14566	5.56832e-02
0.14608	5.52875e-02
0.14646	5.49060e-02
0.14681	5.45315e-02
0.14710	5.41853e-02
0.14736	5.38731e-02
0.14756	5.35999e-02
0.14772	5.33698e-02
0.14783	5.31859e-02
0.14790	5.30535e-02
0.14793	5.29715e-02
0.14791	5.29404e-02
0.14785	5.29600e-02
0.14775	5.30291e-02
0.14761	5.31459e-02
0.14742	5.33079e-02
0.14720	5.35121e-02
0.14693	5.37550e-02
0.14663	5.40412e-02
0.14629	5.43581e-02
0.14591	5.47011e-02
0.14549	5.50654e-02
0.14504	5.54461e-02
0.14454	5.58377e-02
0.14401	5.62345e-02
0.14344	5.66301e-02
0.14284	5.70174e-02
0.14221	5.73879e-02
0.14155	5.77235e-02
0.14087	5.80205e-02
0.14018	5.82642e-02
0.13949	5.84372e-02
0.13880	5.85205e-02
0.13813	5.84952e-02
0.13748	5.83474e-02
0.13687	5.80725e-02
0.13628	5.76785e-02
0.13571	5.71856e-02
0.13515	5.66219e-02
0.13459	5.60185e-02
0.13404	5.54070e-02
0.13346	5.48144e-02
0.13286	5.42685e-02
0.13222	5.37910e-02
0.13154	5.33959e-02
0.13082	5.31038e-02
0.13005	5.29286e-02
0.12923	5.28812e-02
0.12836	5.29703e-02
0.12744	5.32013e-02
0.12647	5.35771e-02
0.12545	5.40975e-02
0.12438	5.47593e-02
0.12326	5.55572e-02
0.12209	5.64938e-02
0.12088	5.75479e-02
0.11963	5.87079e-02
0.11836	5.99611e-02
0.11706	6.12932e-02
0.11575	6.26966e-02
0.11445	6.41455e-02
0.11315	6.56170e-02
0.11189	6.70740e-02
0.11071	6.84567e-02
0.10971	6.96292e-02
0.10913	7.02328e-02
0.10917	6.99947e-02
0.10964	6.92075e-02
0.11036	6.81527e-02
0.11123	6.69667e-02
0.11219	6.57372e-02
0.11320	6.45271e-02
0.11425	6.33809e-02
0.11531	6.23298e-02
0.11637	6.13964e-02
0.11743	6.05968e-02
0.11848	5.99423e-02
0.11952	5.94406e-02
0.12055	5.90958e-02
0.12156	5.89092e-02
0.12256	5.88797e-02
0.12352	5.90191e-02
0.12447	5.93075e-02
0.12539	5.97379e-02
0.12628	6.03019e-02
0.12715	6.09902e-02
0.12798	6.17929e-02
0.12879	6.26998e-02
0.12956	6.37005e-02
0.13029	6.47849e-02
0.13098	6.59431e-02
0.13163	6.71658e-02
0.13224	6.84440e-02
0.13280	6.97694e-02
0.13332	7.11346e-02
0.13379	7.25326e-02
0.13420	7.39572e-02
0.13456	7.54029e-02
0.13487	7.68647e-02
0.13512	7.83382e-02
0.13531	7.98196e-02
0.13544	8.13051e-02
0.13552	8.27915e-02
0.13552	8.42802e-02
0.13545	8.57628e-02
0.13532	8.72349e-02
0.13513	8.86910e-02
0.13488	9.01228e-02
0.13457	9.15179e-02
0.13422	9.28549e-02
0.13385	9.40985e-02
0.13350	9.51991e-02
0.13319	9.61206e-02
0.13293	9.68795e-02
0.13265	9.75285e-02
0.13235	9.81129e-02
0.13200	9.86593e-02
0.13158	9.91806e-02
0.13111	9.96795e-02
0.13058	1.00159e-01
0.12999	1.00617e-01
0.12934	1.01047e-01
0.12866	1.01441e-01
0.12795	1.01783e-01
0.12723	1.02056e-01
0.12653	1.02233e-01
0.12589	1.02282e-01
0.12535	1.02158e-01
0.12496	1.01794e-01
0.12478	1.01141e-01
0.12478	1.00236e-01
0.12489	9.91627e-02
0.12508	9.79761e-02
0.12531	9.67088e-02
0.12558	9.53809e-02
0.12588	9.40070e-02
0.12621	9.25993e-02
0.12655	9.11689e-02
0.12691	8.97263e-02
0.12729	8.82816e-02
0.12767	8.68459e-02
0.12806	8.54280e-02
0.12844	8.40374e-02
0.12882	8.26835e-02
0.12920	8.13752e-02
0.12957	8.01210e-02
0.12992	7.89293e-02
0.13025	7.78078e-02
0.13056	7.67642e-02
0.13084	7.58054e-02
0.13109	7.49379e-02
0.13749	7.56926e-02
0.13780	7.48522e-02
0.13808	7.41107e-02
0.13832	7.34714e-02
0.13851	7.29363e-02
0.13867	7.25057e-02
0.13878	7.21788e-02
0.13883	7.19527e-02
0.13884	7.18253e-02
0.13880	7.17897e-02
0.13871	7.18382e-02
0.13857	7.19615e-02
0.13839	7.21490e-02
0.13817	7.23900e-02
0.13792	7.26692e-02
0.13764	7.29709e-02
0.13735	7.32750e-02
0.13706	7.35515e-02
0.13681	7.37372e-02
0.13670	7.36497e-02
0.13693	7.28927e-02
0.13753	7.14184e-02
0.13829	6.95851e-02
0.13910	6.75731e-02
0.13992	6.54471e-02
0.14075	6.32385e-02
0.14157	6.09700e-02
0.14236	5.86611e-02
0.14311	5.63306e-02
0.14384	5.39973e-02
0.14452	5.16870e-02
0.14515	4.94132e-02
0.14573	4.71958e-02
0.14625	4.50551e-02
0.14671	4.30124e-02
0.14711	4.10892e-02
0.14744	3.93077e-02
0.14771	3.76899e-02
0.14791	3.62570e-02
0.14805	3.50288e-02
0.14812	3.40221e-02
0.14812	3.32497e-02
0.14805	3.27192e-02
0.14793	3.24318e-02
0.14773	3.23824e-02
0.14748	3.25596e-02
0.14716	3.29470e-02
0.14678	3.35245e-02
0.14635	3.42698e-02
0.14585	3.51600e-02
0.14530	3.61728e-02
0.14470	3.72872e-02
0.14406	3.84833e-02
0.14336	3.97459e-02
0.14262	4.10601e-02
0.14184	4.24132e-02
0.14101	4.37940e-02
0.14014	4.51934e-02
0.13924	4.66037e-02
0.13831	4.80178e-02
0.13734	4.94298e-02
0.13635	5.08342e-02
0.13534	5.22262e-02
0.13431	5.36014e-02
0.13326	5.49554e-02
0.13221	5.62840e-02
0.13114	5.75830e-02
0.13009	5.88458e-02
0.12904	6.00696e-02
0.12800	6.12502e-02
0.12697	6.23834e-02
0.12597	6.34659e-02
0.12498	6.44945e-02
0.12403	6.54671e-02
0.12311	6.63819e-02
0.12222	6.72378e-02
0.12138	6.80336e-02
0.12059	6.87674e-02
0.11985	6.94362e-02
0.11917	7.00360e-02
0.11856	7.05627e-02
0.11803	7.10147e-02
0.11757	7.13955e-02
0.11718	7.17159e-02
0.11686	7.19938e-02
0.11659	7.22515e-02
0.11637	7.25128e-02
0.11619	7.27996e-02
0.11603	7.31311e-02
0.11588	7.35261e-02
0.11575	7.39953e-02
0.11564	7.45415e-02
0.11553	7.51672e-02
0.11544	7.58682e-02
0.11538	7.66278e-02
0.11538	7.73988e-02
0.11552	7.80638e-02
0.11590	7.84822e-02
0.11647	7.87215e-02
0.11714	7.89360e-02
0.11785	7.92006e-02
0.11859	7.95416e-02
0.11934	7.99670e-02
0.12010	8.04775e-02
0.12089	8.10702e-02
0.12169	8.17409e-02
0.12250	8.24840e-02
0.12334	8.32929e-02
0.12420	8.41611e-02
0.12508	8.50796e-02
0.12598	8.60367e-02
0.12693	8.70289e-02
0.12793	8.80030e-02
0.12901	8.88944e-02
0.13024	8.96178e-02
0.13160	9.01849e-02
0.13302	9.06835e-02
0.13446	9.11762e-02
0.13588	9.16913e-02
0.13728	9.22404e-02
0.13865	9.28277e-02
0.13997	9.34539e-02
0.14125	9.41179e-02
0.14248	9.48176e-02
0.14366	9.55499e-02
0.14479	9.63114e-02
0.14587	9.70983e-02
0.14688	9.79063e-02
0.14785	9.87310e-02
0.14876	9.95675e-02
0.14962	1.00410e-01
0.15043	1.01255e-01
0.15119	1.02095e-01
0.15191	1.02927e-01
0.15259	1.03743e-01
0.15323	1.04538e-01
0.15384	1.05306e-01
0.15443	1.06041e-01
0.15500	1.06738e-01
0.15555	1.07392e-01
0.15610	1.07997e-01
0.15664	1.08552e-01
0.15718	1.09053e-01
0.15772	1.09496e-01
0.15827	1.09881e-01
0.15882	1.10204e-01
0.15939	1.10464e-01
0.15997	1.10659e-01
0.16055	1.10792e-01
0.16115	1.10867e-01
0.16175	1.10890e-01
0.16234	1.10868e-01
0.16293	1.10810e-01
0.16350	1.10722e-01
0.16404	1.10611e-01
0.16457	1.10482e-01
0.16506	1.10336e-01
0.16553	1.10175e-01
0.16597	1.10009e-01
0.16637	1.09829e-01
0.16675	1.09635e-01
0.16708	1.09425e-01
0.16739	1.09200e-01
0.16765	1.08957e-01
0.16788	1.08695e-01
0.16808	1.08414e-01
0.16823	1.08111e-01
0.16835	1.07786e-01
0.16844	1.07437e-01
0.16849	1.07061e-01
0.16850	1.06654e-01
0.16849	1.06211e-01
0.16845	1.05722e-01
0.16839	1.05172e-01
0.16833	1.04546e-01
0.16828	1.03825e-01
0.16823	1.03002e-01
0.16819	1.02081e-01
0.16815	1.01077e-01
0.16809	1.00008e-01
0.16800	9.88914e-02
0.16787	9.77414e-02
0.16771	9.65679e-02
0.16750	9.53789e-02
0.16724	9.41805e-02
0.16692	9.29776e-02
0.16656	9.17741e-02
0.16614	9.05735e-02
0.16567	8.93788e-02
0.16515	8.81975e-02
0.16456	8.70276e-02
0.16393	8.58720e-02
0.16324	8.47333e-02
0.16249	8.36143e-02
0.16170	8.25179e-02
0.16085	8.14471e-02
0.15995	8.04048e-02
0.15901	7.93943e-02
0.15802	7.84188e-02
0.15699	7.74815e-02
0.15591	7.65856e-02
0.15480	7.57340e-02
0.15365	7.49294e-02
0.15248	7.41741e-02
0.15127	7.34701e-02
0.15004	7.28185e-02
0.14879	7.22201e-02
0.14752	7.16748e-02
0.14625	7.11903e-02
0.14497	7.07571e-02
0.14368	7.03727e-02
0.14241	7.00342e-02
0.14114	6.97365e-02
0.13989	6.94731e-02
0.13866	6.92355e-02
0.13747	6.90105e-02
0.13633	6.87775e-02
0.13525	6.85027e-02
0.13426	6.81334e-02
0.13341	6.76046e-02
0.13271	6.68779e-02
0.13215	6.59802e-02
0.13169	6.49795e-02
0.13130	6.39391e-02
0.13096	6.29022e-02
0.13065	6.18968e-02
0.13037	6.09415e-02
0.13010	6.00496e-02
0.12986	5.92312e-02
0.12963	5.84943e-02
0.12940	5.78467e-02
0.12919	5.72926e-02
0.12899	5.68364e-02
0.12879	5.64815e-02
0.12860	5.62305e-02
0.12842	5.60853e-02
0.12826	5.60465e-02
0.12810	5.61141e-02
0.12795	5.62869e-02
0.12782	5.65630e-02
0.12771	5.69397e-02
0.12761	5.74134e-02
0.12753	5.79804e-02
0.12748	5.86363e-02
0.12745	5.93766e-02
0.12744	6.01967e-02
0.12745	6.10920e-02
0.12749	6.20576e-02
0.12756	6.30889e-02
0.12765	6.41808e-02
0.12776	6.53280e-02
0.12790	6.65246e-02
0.12806	6.77635e-02
0.12825	6.90379e-02
0.12846	7.03402e-02
0.12868	7.16620e-02
0.12893	7.29939e-02
0.12920	7.43264e-02
0.12950	7.56779e-02
0.12982	7.70090e-02
0.13016	7.83098e-02
0.13053	7.95681e-02
0.13092	8.07736e-02
0.13133	8.19163e-02
0.13176	8.29874e-02
0.13222	8.39791e-02
0.13270	8.48848e-02
0.13322	8.56973e-02
0.13375	8.64154e-02
0.13429	8.70370e-02
0.13485	8.75610e-02
0.13542	8.79878e-02
0.13599	8.83183e-02
0.13655	8.85546e-02
0.13712	8.86991e-02
0.13767	8.87549e-02
0.13821	8.87255e-02
0.13874	8.86149e-02
0.13925	8.84276e-02
0.13973	8.81683e-02
0.14020	8.78421e-02
0.14064	8.74544e-02
0.14105	8.70110e-02
0.14143	8.65176e-02
0.14178	8.59802e-02
0.14211	8.54047e-02
0.14240	8.47969e-02
0.14267	8.41622e-02
0.14290	8.35058e-02
0.14311	8.28324e-02
0.14330	8.21462e-02
0.14346	8.14506e-02
0.14359	8.07485e-02
0.14371	8.00419e-02
0.14382	7.93325e-02
0.14392	7.86207e-02
0.14400	7.79068e-02
0.14409	7.71902e-02
0.14417	7.64698e-02
0.14426	7.57445e-02
0.14435	7.50125e-02
0.14445	7.42723e-02
0.14457	7.35223e-02
0.14470	7.27614e-02
0.14485	7.19886e-02
0.14501	7.12038e-02
0.14519	7.04073e-02
0.14538	6.96002e-02
0.14559	6.87775e-02
0.14581	6.79483e-02
0.14604	6.71154e-02
0.14627	6.62788e-02
0.14650	6.54450e-02
0.14673	6.46100e-02
0.14694	6.37857e-02
0.14715	6.29760e-02
0.14734	6.21850e-02
0.14751	6.14166e-02
0.14767	6.06747e-02
0.14780	5.99633e-02
0.14791	5.92863e-02
0.14800	5.86477e-02
0.14807	5.80515e-02
0.14812	5.75020e-02
0.14815	5.70034e-02
0.14817	5.65598e-02
0.14818	5.61754e-02
0.14817	5.58541e-02
0.14817	5.55995e-02
0.14817	5.54146e-02
0.14817	5.53086e-02
0.14818	5.52765e-02
0.14820	5.53184e-02
0.14825	5.54337e-02
0.14832	5.56206e-02
0.14842	5.58762e-02
0.14856	5.61966e-02
0.14873	5.65772e-02
0.14894	5.70129e-02
0.14919	5.74982e-02
0.14949	5.80274e-02
0.14983	5.85949e-02
0.15022	5.91950e-02
0.15065	5.98222e-02
0.15112	6.04712e-02
0.15164	6.11362e-02
0.15219	6.18109e-02
0.15279	6.24878e-02
0.15343	6.31573e-02
0.15412	6.38065e-02
0.15484	6.44182e-02
0.15562	6.49698e-02
0.15645	6.54313e-02
0.15735	6.57767e-02
0.15832	6.59850e-02
0.15936	6.60515e-02
0.16044	6.59911e-02
0.16157	6.58321e-02
0.16272	6.56053e-02
0.16387	6.53431e-02
0.16501	6.50712e-02
0.16612	6.48107e-02
0.16721	6.45780e-02
0.16826	6.43867e-02
0.16926	6.42476e-02
0.17022	6.41693e-02
0.17112	6.41587e-02
0.17196	6.42304e-02
0.17274	6.43805e-02
0.17346	6.46102e-02
0.17413	6.49190e-02
0.17474	6.53037e-02
0.17529	6.57585e-02
0.17579	6.62745e-02
0.17623	6.68389e-02
0.17664	6.74346e-02
0.17700	6.80394e-02
0.17735	6.86253e-02
0.17767	6.91580e-02
0.17800	6.95976e-02
0.17836	6.99005e-02
0.17874	7.00241e-02
0.17918	6.99327e-02
0.17968	6.96046e-02
0.18024	6.90363e-02
0.18084	6.82425e-02
0.18149	6.72521e-02
0.18215	6.61022e-02
0.18281	6.48333e-02
0.18347	6.34856e-02
0.18410	6.20981e-02
0.18468	6.07075e-02
0.18522	5.93484e-02
0.18570	5.80536e-02
0.18612	5.68541e-02
0.18646	5.57790e-02
0.18673	5.48552e-02
0.18692	5.41069e-02
0.18703	5.35545e-02
0.18705	5.32145e-02
0.18698	5.30981e-02
0.18682	5.32111e-02
0.18657	5.35536e-02
0.18623	5.41203e-02
0.18581	5.49005e-02
0.18529	5.58794e-02
0.18469	5.70390e-02
0.18401	5.83586e-02
0.18324	5.98165e-02
0.18240	6.13903e-02
0.18150	6.30579e-02
0.18051	6.48026e-02
0.17948	6.66012e-02
0.17839	6.84399e-02
0.17727	7.02969e-02
0.17612	7.21571e-02
0.17495	7.40074e-02
0.17376	7.58366e-02
0.17258	7.76348e-02
0.17141	7.93935e-02
0.17025	8.11055e-02
0.16913	8.27645e-02
0.16805	8.43654e-02
0.16703	8.59044e-02
0.16606	8.73794e-02
0.16516	8.87904e-02
0.16434	9.01398e-02
0.16360	9.14328e-02
0.16293	9.26773e-02
0.16235	9.38835e-02
0.16182	9.50675e-02
0.16137	9.62364e-02
0.16098	9.74017e-02
0.16065	9.85737e-02
0.16037	9.97610e-02
0.16013	1.00970e-01
0.15994	1.02205e-01
0.15978	1.03467e-01
0.15966	1.04757e-01
0.15958	1.06069e-01
0.15954	1.07399e-01
0.15954	1.08738e-01
0.15958	1.10074e-01
0.15969	1.11392e-01
0.15986	1.12673e-01
0.16011	1.13898e-01
0.16045	1.15046e-01
0.16090	1.16101e-01
0.16146	1.17050e-01
0.16212	1.17891e-01
0.16289	1.18623e-01
0.16376	1.19249e-01
0.16472	1.19770e-01
0.16577	1.20178e-01
0.16692	1.20465e-01
0.16816	1.20620e-01
0.16949	1.20641e-01
0.17090	1.20534e-01
0.17236	1.20321e-01
0.17387	1.20017e-01
0.17539	1.19643e-01
0.17692	1.19207e-01
0.17844	1.18718e-01
0.17994	1.18183e-01
0.18141	1.17605e-01
0.18285	1.16989e-01
0.18425	1.16339e-01
0.18560	1.15661e-01
0.18690	1.14962e-01
0.18813	1.14248e-01
0.18930	1.13526e-01
0.19039	1.12803e-01
0.19140	1.12085e-01
0.19232	1.11377e-01
0.19315	1.10685e-01
0.19388	1.10012e-01
0.19452	1.09360e-01
0.19505	1.08731e-01
0.19548	1.08127e-01
0.19580	1.07545e-01
0.19602	1.06985e-01
0.19613	1.06444e-01
0.19613	1.05918e-01
0.19603	1.05405e-01
0.19582	1.04898e-01
0.19552	1.04392e-01
0.19511	1.03879e-01
0.19462	1.03349e-01
0.19404	1.02789e-01
0.19822	1.07406e-01
0.19740	1.06717e-01
0.19655	1.05909e-01
0.19568	1.04941e-01
0.19482	1.03792e-01
0.19394	1.02473e-01
0.19305	1.01020e-01
0.19211	9.94648e-02
0.19113	9.78308e-02
0.19010	9.61333e-02
0.18902	9.43821e-02
0.18789	9.25842e-02
0.18671	9.07447e-02
0.18548	8.88681e-02
0.18421	8.69589e-02
0.18289	8.50212e-02
0.18153	8.30601e-02
0.18014	8.10809e-02
0.17871	7.90897e-02
0.17724	7.70935e-02
0.17575	7.51004e-02
0.17422	7.31194e-02
0.17267	7.11606e-02
0.17108	6.92354e-02
0.16948	6.73445e-02
0.16785	6.55140e-02
0.16620	6.37585e-02
0.16452	6.20936e-02
0.16282	6.05352e-02
0.16110	5.90995e-02
0.15936	5.78026e-02
0.15759	5.66596e-02
0.15581	5.56846e-02
0.15401	5.48894e-02
0.15220	5.42834e-02
0.15038	5.38725e-02
0.14856	5.36587e-02
0.14672	5.36397e-02
0.14489	5.38083e-02
0.14307	5.41526e-02
0.14126	5.46556e-02
0.13947	5.52955e-02
0.13771	5.60458e-02
0.13600	5.68753e-02
0.13435	5.77488e-02
0.13277	5.86279e-02
0.13130	5.94729e-02
0.12994	6.02455e-02
0.12872	6.09142e-02
0.12765	6.14585e-02
0.12674	6.18726e-02
0.12599	6.21653e-02
0.12538	6.23567e-02
0.12491	6.24724e-02
0.12457	6.25388e-02
0.12433	6.25794e-02
0.12419	6.26138e-02
0.12413	6.26576e-02
0.12416	6.27226e-02
0.12425	6.28174e-02
0.12441	6.29477e-02
0.12464	6.31166e-02
0.12492	6.33240e-02
0.12527	6.35943e-02
0.12568	6.38957e-02
0.12615	6.42222e-02
0.12667	6.45676e-02
0.12725	6.49264e-02
0.12788	6.52947e-02
0.12857	6.56743e-02
0.12930	6.60616e-02
0.13008	6.64547e-02
0.13088	6.68570e-02
0.13172	6.72688e-02
0.13259	6.76894e-02
0.13347	6.81167e-02
0.13437	6.85471e-02
0.13528	6.89754e-02
0.13620	6.93951e-02
0.13713	6.97987e-02
0.13806	7.01780e-02
0.13899	7.05245e-02
0.13992	7.08297e-02
0.14085	7.10858e-02
0.14177	7.12854e-02
0.14268	7.14224e-02
0.14358	7.14919e-02
0.14447	7.14903e-02
0.14534	7.14156e-02
0.14619	7.12673e-02
0.14703	7.10465e-02
0.14783	7.07555e-02
0.14860	7.03981e-02
0.14935	6.99796e-02
0.15005	6.95061e-02
0.15072	6.89849e-02
0.15134	6.84244e-02
0.15191	6.78335e-02
0.15244	6.72220e-02
0.15292	6.66001e-02
0.15335	6.59786e-02
0.15372	6.53683e-02
0.15404	6.47804e-02
0.15431	6.42257e-02
0.15453	6.37150e-02
0.15469	6.32585e-02
0.15480	6.28656e-02
0.15487	6.25449e-02
0.15489	6.23034e-02
0.15486	6.21469e-02
0.15480	6.20790e-02
0.15470	6.21014e-02
0.15457	6.22132e-02
0.15442	6.24110e-02
0.15424	6.26887e-02
0.15405	6.30369e-02
0.15386	6.34436e-02
0.15367	6.38934e-02
0.15349	6.43686e-02
0.15379	6.93142e-02
0.15319	6.98216e-02
0.15264	7.02610e-02
0.15217	7.06120e-02
0.15178	7.08566e-02
0.15150	7.09824e-02
0.15131	7.09752e-02
0.15123	7.08271e-02
0.15126	7.05332e-02
0.15139	7.00909e-02
0.15163	6.94995e-02
0.15197	6.87601e-02
0.15241	6.78767e-02
0.15294	6.68562e-02
0.15354	6.57091e-02
0.15422	6.44491e-02
0.15496	6.30930e-02
0.15575	6.16600e-02
0.15658	6.01712e-02
0.15743	5.86494e-02
0.15830	5.71185e-02
0.15918	5.56038e-02
0.16006	5.41317e-02
0.16094	5.27299e-02
0.16181	5.14268e-02
0.16266	5.02512e-02
0.16350	4.92317e-02
0.16432	4.83956e-02
0.16511	4.77675e-02
0.16589	4.73678e-02
0.16664	4.72111e-02
0.16737	4.73052e-02
0.16807	4.76496e-02
0.16877	4.82360e-02
0.16945	4.90482e-02
0.17012	5.00635e-02
0.17078	5.12543e-02
0.17145	5.25899e-02
0.17212	5.40388e-02
0.17281	5.55708e-02
0.17352	5.71589e-02
0.17425	5.87808e-02
0.17500	6.04201e-02
0.17577	6.20665e-02
0.17656	6.37150e-02
0.17736	6.53650e-02
0.17817	6.70184e-02
0.17899	6.86777e-02
0.17979	7.03446e-02
0.18057	7.20189e-02
0.18134	7.36975e-02
0.18208	7.53740e-02
0.18278	7.70391e-02
0.18345	7.86804e-02
0.18407	8.02827e-02
0.18466	8.18294e-02
0.18520	8.33031e-02
0.18570	8.46872e-02
0.18617	8.59670e-02
0.17406	8.80855e-02
0.17422	8.90741e-02
0.17436	8.99518e-02
0.17447	9.07232e-02
0.17454	9.13980e-02
0.17457	9.19890e-02
0.17454	9.25107e-02
0.17443	9.29779e-02
0.17425	9.34043e-02
0.17398	9.38021e-02
0.17362	9.41812e-02
0.17317	9.45496e-02
0.17262	9.49131e-02
0.17197	9.52757e-02
0.17122	9.56396e-02
0.17037	9.60054e-02
0.16944	9.63724e-02
0.16841	9.67387e-02
0.16731	9.71011e-02
0.16614	9.74554e-02
0.16490	9.77959e-02
0.16360	9.81159e-02
0.16227	9.84071e-02
0.16090	9.86598e-02
0.15952	9.88628e-02
0.15815	9.90033e-02
0.15679	9.90679e-02
0.15547	9.90425e-02
0.15420	9.89134e-02
0.15301	9.86688e-02
0.15191	9.82992e-02
0.15091	9.77982e-02
0.15002	9.71627e-02
0.14925	9.63917e-02
0.14861	9.54855e-02
0.14811	9.44450e-02
0.14773	9.32722e-02
0.14749	9.19722e-02
0.14739	9.05564e-02
0.14740	8.90440e-02
0.14751	8.74607e-02
0.14771	8.58358e-02
0.14799	8.41982e-02
0.14832	8.25737e-02
0.14124	8.68073e-02
0.14124	8.48597e-02
0.14132	8.29765e-02
0.14146	8.11691e-02
0.14165	7.94451e-02
0.14192	7.78087e-02
0.14224	7.62623e-02
0.14263	7.48063e-02
0.14307	7.34408e-02
0.14358	7.21658e-02
0.14415	7.09817e-02
0.14476	6.98893e-02
0.14543	6.88900e-02
0.14613	6.79854e-02
0.14687	6.71766e-02
0.14763	6.64643e-02
0.14841	6.58483e-02
0.14921	6.53271e-02
0.15001	6.48979e-02
0.15081	6.45568e-02
0.15160	6.42987e-02
0.15239	6.41171e-02
0.15316	6.40051e-02
0.15391	6.39545e-02
0.15464	6.39569e-02
0.15535	6.40033e-02
0.15602	6.40846e-02
0.15667	6.41913e-02
0.15730	6.43142e-02
0.15789	6.44440e-02
0.15844	6.45714e-02
0.15897	6.46873e-02
0.15947	6.47825e-02
0.15994	6.48479e-02
0.16037	6.48744e-02
0.16078	6.48526e-02
0.16117	6.47732e-02
0.16153	6.46268e-02
0.16187	6.44039e-02
0.16219	6.40952e-02
0.16250	6.36920e-02
0.16279	6.31860e-02
0.16307	6.25703e-02
0.16334	6.18394e-02
0.16360	6.09893e-02
0.16386	6.00185e-02
0.16410	5.89276e-02
0.16435	5.77186e-02
0.16459	5.63982e-02
0.16482	5.49719e-02
0.16503	5.34510e-02
0.16523	5.18467e-02
0.16541	5.01720e-02
0.16557	4.84411e-02
0.16570	4.66695e-02
0.16581	4.48737e-02
0.16590	4.30713e-02
0.16595	4.12811e-02
0.16598	3.95227e-02
0.16598	3.78172e-02
0.16595	3.61866e-02
0.16590	3.46540e-02
0.16583	3.32435e-02
0.16573	3.19794e-02
0.16561	3.08858e-02
0.16547	2.99851e-02
0.16531	2.92969e-02
0.16514	2.88363e-02
0.16495	2.86125e-02
0.16475	2.86279e-02
0.16454	2.88779e-02
0.16431	2.93514e-02
0.16408	3.00322e-02
0.16383	3.09007e-02
0.16358	3.19356e-02
0.16331	3.31154e-02
0.16304	3.44194e-02
0.16275	3.58283e-02
0.16244	3.73249e-02
0.16212	3.88936e-02
0.16178	4.05209e-02
0.16142	4.21948e-02
0.16103	4.39045e-02
0.16062	4.56405e-02
0.16018	4.73937e-02
0.15970	4.91560e-02
0.15919	5.09192e-02
0.15864	5.26753e-02
0.15805	5.44161e-02
0.15742	5.61331e-02
0.15675	5.78173e-02
0.15603	5.94588e-02
0.15528	6.10472e-02
0.15448	6.25709e-02
0.15364	6.40173e-02
0.15276	6.53729e-02
0.15186	6.66231e-02
0.15094	6.77526e-02
0.15000	6.87460e-02
0.14905	6.95886e-02
0.14810	7.02678e-02
0.14716	7.07743e-02
0.14624	7.11039e-02
0.14533	7.12583e-02
0.14444	7.12457e-02
0.14356	7.10802e-02
0.14269	7.07802e-02
0.14181	7.03669e-02
0.14094	6.98619e-02
0.14006	6.92862e-02
0.13916	6.86584e-02
0.13825	6.79942e-02
0.13732	6.73053e-02
0.13638	6.65997e-02
0.13544	6.58805e-02
0.13449	6.51462e-02
0.13356	6.43906e-02
0.13265	6.36026e-02
0.13177	6.27669e-02
0.14116	6.52914e-02
0.13944	6.48476e-02
0.13782	6.42056e-02
0.13634	6.33553e-02
0.13499	6.22952e-02
0.13377	6.10331e-02
0.13269	5.95840e-02
0.13174	5.79678e-02
0.13091	5.62063e-02
0.13019	5.43209e-02
0.12957	5.23308e-02
0.12906	5.02520e-02
0.12863	4.80978e-02
0.12830	4.58783e-02
0.12804	4.36013e-02
0.12787	4.12731e-02
0.12778	3.88990e-02
0.12776	3.64850e-02
0.12781	3.40385e-02
0.12792	3.15703e-02
0.12810	2.90960e-02
0.12834	2.66394e-02
0.12217	2.48312e-02
0.12381	2.31376e-02
0.12551	2.15570e-02
0.12726	2.01450e-02
0.12905	1.89735e-02
0.13087	1.81267e-02
0.13276	1.77186e-02
0.13465	1.77751e-02
0.13658	1.83538e-02
0.13849	1.94252e-02
0.14040	2.09409e-02
0.14228	2.28340e-02
0.14414	2.50350e-02
0.14597	2.74808e-02
0.14777	3.01185e-02
0.14952	3.29044e-02
0.15123	3.58033e-02
0.15289	3.87861e-02
0.15450	4.18284e-02
0.15605	4.49096e-02
0.15755	4.80117e-02
0.15899	5.11183e-02
0.16037	5.42148e-02
0.16168	5.72876e-02
0.16293	6.03237e-02
0.16412	6.33110e-02
0.16523	6.62376e-02
0.16628	6.90922e-02
0.16726	7.18640e-02
0.16816	7.45424e-02
0.16899	7.71173e-02
0.16976	7.95790e-02
0.17044	8.19185e-02
0.17106	8.41273e-02
0.17160	8.61973e-02
0.17207	8.81213e-02
0.17246	8.98930e-02
0.17278	9.15065e-02
0.17302	9.29571e-02
0.17319	9.42408e-02
0.17329	9.53546e-02
0.17332	9.62963e-02
0.17327	9.70647e-02
0.17315	9.76595e-02
0.17295	9.80810e-02
0.17269	9.83307e-02
0.17235	9.84106e-02
0.17194	9.83235e-02
0.17147	9.80727e-02
0.17093	9.76621e-02
0.17032	9.70962e-02
0.16965	9.63795e-02
0.16892	9.55169e-02
0.16813	9.45137e-02
0.16729	9.33749e-02
0.16639	9.21058e-02
0.16545	9.07116e-02
0.16447	8.91972e-02
0.16346	8.75678e-02
0.16241	8.58280e-02
0.16133	8.39825e-02
0.19111	8.50583e-02
0.18949	8.26498e-02
0.18784	8.01322e-02
0.18616	7.75104e-02
0.18445	7.47898e-02
0.18273	7.19761e-02
0.18099	6.90755e-02
0.17925	6.60950e-02
0.17750	6.30421e-02
0.17576	5.99249e-02
0.17402	5.67521e-02
0.17229	5.35332e-02
0.17058	5.02782e-02
0.16888	4.69980e-02
0.16721	4.37035e-02
0.16556	4.04065e-02
0.16394	3.71189e-02
0.16234	3.38531e-02
0.16078	3.06213e-02
0.15925	2.74360e-02
0.15776	2.43097e-02
0.15631	2.12545e-02
0.15489	1.82823e-02
0.15351	1.54046e-02
0.15218	1.26325e-02
0.15088	9.97663e-03
0.14962	7.44682e-03
0.14841	5.05233e-03
0.14723	2.80171e-03
0.14609	7.02720e-04
0.14498	1.23770e-03
0.14391	3.01345e-03
0.14287	4.61933e-03
0.14187	6.05107e-03
0.14089	7.30536e-03
0.13994	8.37988e-03
0.13901	9.27331e-03
0.13811	9.98537e-03
0.13722	1.05168e-02
0.13636	1.08694e-02
0.13550	1.10459e-02
0.13467	1.10501e-02
0.13384	1.08866e-02
0.13302	1.05610e-02
0.13220	1.00797e-02
0.13139	9.44966e-03
0.13059	8.67850e-03
0.12981	7.74567e-03
0.12904	6.68613e-03
0.12827	5.50884e-03
0.12750	4.22292e-03
0.12674	2.83752e-03
0.12597	1.36180e-03
0.12520	1.95175e-04
0.12444	1.82446e-03
0.12367	3.51723e-03
0.12291	5.26478e-03
0.12214	7.05850e-03
0.12138	8.88979e-03
0.12063	1.07500e-02
0.11988	1.26302e-02
0.11914	1.45212e-02
0.11841	1.64135e-02
0.11769	1.82967e-02
0.11700	2.01599e-02
0.11633	2.19911e-02
0.11569	2.37773e-02
0.11509	2.55042e-02
0.11454	2.71563e-02
0.11404	2.87169e-02
0.11361	3.01681e-02
0.11325	3.14907e-02
0.11298	3.26650e-02
0.11282	3.36708e-02
0.11276	3.44883e-02
0.11283	3.50982e-02
0.11303	3.54833e-02
0.11337	3.56282e-02
0.11384	3.55208e-02
0.11446	3.51522e-02
0.11521	3.45171e-02
0.11609	3.36137e-02
0.11709	3.24436e-02
0.11820	3.10111e-02
0.11940	2.93228e-02
0.12068	2.73875e-02
0.12203	2.52151e-02
0.12343	2.28167e-02
0.12487	2.02042e-02
0.12633	1.73903e-02
0.12781	1.43880e-02
0.12929	1.12111e-02
0.13077	7.87377e-03
0.13224	4.39066e-03
0.13369	7.77023e-04
0.13513	2.95141e-03
0.13654	6.77839e-03
0.13793	1.06872e-02
0.13930	1.46609e-02
0.14065	1.86821e-02
0.14198	2.27332e-02
0.14329	2.67969e-02
0.14459	3.08556e-02
0.14588	3.48922e-02
0.14716	3.88902e-02
0.14844	4.28335e-02
0.14972	4.67070e-02
0.15101	5.04965e-02
0.15231	5.41889e-02
0.15361	5.77725e-02
0.15493	6.12368e-02
0.15626	6.45729e-02
0.15761	6.77733e-02
0.15897	7.08319e-02
0.16035	7.37442e-02
0.16173	7.65070e-02
0.16313	7.91184e-02
0.16452	8.15778e-02
0.16593	8.38855e-02
0.16732	8.60429e-02
0.16871	8.80521e-02
0.17009	8.99161e-02
0.17145	9.16384e-02
0.17279	9.32231e-02
0.17410	9.46747e-02
0.17538	9.59983e-02
0.17662	9.71992e-02
0.17782	9.82834e-02
0.17897	9.92572e-02
0.18007	1.00127e-01
0.18112	1.00901e-01
0.18211	1.01586e-01
0.18304	1.02190e-01
0.18391	1.02722e-01
0.18471	1.03191e-01
0.18545	1.03607e-01
0.18611	1.03979e-01
0.18671	1.04317e-01
0.18724	1.04631e-01
0.18769	1.04933e-01
0.18808	1.05231e-01
0.18840	1.05536e-01
0.18865	1.05858e-01
0.18882	1.06207e-01
0.18893	1.06590e-01
0.18902	1.07068e-01
0.18904	1.07597e-01
0.18898	1.08194e-01
0.18885	1.08857e-01
0.18864	1.09590e-01
0.18837	1.10396e-01
0.18801	1.11279e-01
0.18759	1.12240e-01
0.18708	1.13281e-01
0.18650	1.14401e-01
0.18584	1.15600e-01
0.18511	1.16876e-01
0.18429	1.18228e-01
0.18339	1.19654e-01
0.18241	1.21149e-01
0.18135	1.22711e-01
0.18021	1.24335e-01
0.17899	1.26017e-01
0.17769	1.27751e-01
0.17632	1.29533e-01
0.17488	1.31356e-01
0.17337	1.33213e-01
0.17180	1.35098e-01
0.17017	1.37001e-01
0.16849	1.38913e-01
0.16677	1.40820e-01
0.16502	1.42707e-01
0.16327	1.44546e-01
0.16156	1.46295e-01
0.15996	1.47867e-01
0.15866	1.49084e-01
0.15797	1.49617e-01
0.15819	1.49181e-01
0.15914	1.47935e-01
0.16048	1.46230e-01
0.16197	1.44288e-01
0.16351	1.42213e-01
0.16504	1.40053e-01
0.16654	1.37836e-01
0.16799	1.35579e-01
0.16936	1.33291e-01
0.17066	1.30981e-01
0.17188	1.28654e-01
0.17301	1.26317e-01
0.17404	1.23974e-01
0.17497	1.21629e-01
0.17580	1.19287e-01
0.17654	1.16952e-01
0.17717	1.14628e-01
0.17770	1.12318e-01
0.17813	1.10025e-01
0.17846	1.07754e-01
0.17869	1.05507e-01
0.17884	1.03287e-01
0.17889	1.01096e-01
0.17886	9.89373e-02
0.17875	9.68113e-02
0.17857	9.47199e-02
0.17832	9.26639e-02
0.17800	9.06438e-02
0.17763	8.86600e-02
0.17719	8.67122e-02
0.17671	8.47998e-02
0.17619	8.29223e-02
0.17562	8.10787e-02
0.17502	7.92679e-02
0.17438	7.74886e-02
0.17372	7.57395e-02
0.17303	7.40192e-02
0.17231	7.23262e-02
0.17158	7.06589e-02
0.17083	6.90155e-02
0.17006	6.73939e-02
0.16928	6.57920e-02
0.16850	6.42071e-02
0.16770	6.26361e-02
0.16691	6.10752e-02
0.16612	5.95204e-02
0.16534	5.79667e-02
0.16457	5.64085e-02
0.16382	5.48397e-02
0.16310	5.32533e-02
0.16241	5.16420e-02
0.16175	4.99979e-02
0.16115	4.83132e-02
0.16060	4.65797e-02
0.16011	4.47896e-02
0.15969	4.29354e-02
0.15935	4.10104e-02
0.15909	3.90088e-02
0.15892	3.69258e-02
0.15884	3.47580e-02
0.15885	3.25034e-02
0.15896	3.01616e-02
0.15918	2.77336e-02
0.15949	2.52219e-02
0.15991	2.26306e-02
0.16042	1.99649e-02
0.16103	1.72313e-02
0.16174	1.44373e-02
0.16257	1.16266e-02
0.16350	8.77262e-03
0.16451	5.88537e-03
0.16560	2.97359e-03
0.16678	4.70099e-05
0.16802	2.88467e-03
0.16934	5.81191e-03
0.17073	8.72542e-03
0.17218	1.16162e-02
0.17369	1.44758e-02
0.17525	1.72961e-02
0.17687	2.00694e-02
0.17853	2.27887e-02
0.18024	2.54472e-02
0.18198	2.80388e-02
0.18376	3.05576e-02
0.18556	3.29985e-02
0.18739	3.53563e-02
0.18923	3.76265e-02
0.19109	3.98047e-02
0.19296	4.18868e-02
0.19482	4.38692e-02
0.19669	4.57481e-02
0.19854	4.75204e-02
0.20038	4.91827e-02
0.20220	5.07323e-02
0.20399	5.21666e-02
0.20576	5.34831e-02
0.20749	5.46798e-02
0.20918	5.57549e-02
0.21083	5.67071e-02
0.21243	5.75352e-02
0.21397	5.82387e-02
0.21546	5.88175e-02
0.21689	5.92716e-02
0.21826	5.96019e-02
0.21956	5.98094e-02
0.22079	5.98959e-02
0.22195	5.98634e-02
0.22303	5.97145e-02
0.22404	5.94522e-02
0.22496	5.90799e-02
0.22580	5.86013e-02
0.22655	5.80207e-02
0.22721	5.73424e-02
0.22778	5.65713e-02
0.22826	5.57122e-02
0.22864	5.47704e-02
0.22892	5.37511e-02
0.22911	5.26600e-02
0.22920	5.15025e-02
0.22918	5.02843e-02
0.22907	4.90110e-02
0.22885	4.76882e-02
0.22853	4.63215e-02
0.22810	4.49164e-02
0.22757	4.34782e-02
0.22695	4.20119e-02
0.22621	4.05224e-02
0.22538	3.90143e-02
0.22445	3.74917e-02
0.22343	3.59587e-02
0.22231	3.44185e-02
0.22110	3.28743e-02
0.21980	3.13287e-02
0.21841	2.97841e-02
0.21695	2.82423e-02
0.21540	2.67048e-02
0.21379	2.51728e-02
0.21211	2.36472e-02
0.21036	2.21287e-02
0.20856	2.06178e-02
0.20671	1.91148e-02
0.20481	1.76197e-02
0.20286	1.61329e-02
0.20088	1.46541e-02
0.19887	1.31834e-02
0.19683	1.17207e-02
0.19477	1.02659e-02
0.19269	8.81872e-03
0.19060	7.37891e-03
0.18849	5.94609e-03
0.18638	4.51978e-03
0.18426	3.09933e-03
0.18214	1.68393e-03
0.18001	2.72589e-04
0.17789	1.13592e-03
0.17576	2.54302e-03
0.17363	3.95039e-03
0.17150	5.35992e-03
0.16937	6.77374e-03
0.16724	8.19417e-03
0.16510	9.62372e-03
0.16295	1.10651e-02
0.16080	1.25210e-02
0.15864	1.39945e-02
0.15647	1.54884e-02
0.15429	1.70058e-02
0.15209	1.85497e-02
0.14988	2.01231e-02
0.14766	2.17288e-02
0.14543	2.33697e-02
0.14320	2.50257e-02
0.14097	2.67242e-02
0.13872	2.84672e-02
0.13646	3.02565e-02
0.13419	3.20937e-02
0.13192	3.39802e-02
0.12965	3.59171e-02
0.12739	3.79052e-02
0.12514	3.99447e-02
0.12289	4.20356e-02
0.12067	4.41773e-02
0.11847	4.63684e-02
0.11630	4.86069e-02
0.11416	5.08900e-02
0.11206	5.32137e-02
0.11001	5.55725e-02
0.10801	5.79597e-02
0.10607	6.03659e-02
0.10420	6.27791e-02
0.10242	6.51830e-02
0.10073	6.75553e-02
0.09918	6.98645e-02
0.09779	7.20655e-02
0.09663	7.40923e-02
0.09578	7.58512e-02
0.09536	7.72229e-02
0.09546	7.80911e-02
0.09615	7.84021e-02
0.09735	7.82039e-02
0.09895	7.76133e-02
0.10082	7.67536e-02
0.10285	7.57216e-02
0.10498	7.45840e-02
0.10714	7.33855e-02
0.10931	7.21561e-02
0.11146	7.09166e-02
0.11358	6.96825e-02
0.11564	6.84653e-02
0.11765	6.72745e-02
0.11959	6.61179e-02
0.12146	6.50024e-02
0.12325	6.39341e-02
0.12495	6.29184e-02
0.12656	6.19604e-02
0.12809	6.10646e-02
0.12952	6.02351e-02
0.13085	5.94757e-02
0.13208	5.87896e-02
0.13321	5.81797e-02
0.13424	5.76482e-02
0.13517	5.71970e-02
0.13598	5.68271e-02
0.13669	5.65392e-02
0.13729	5.63329e-02
0.13777	5.62073e-02
0.13815	5.61608e-02
0.13840	5.61909e-02
0.13854	5.62944e-02
0.13855	5.64674e-02
0.13845	5.67056e-02
0.13821	5.70039e-02
0.13786	5.73570e-02
0.13737	5.77595e-02
0.13675	5.82057e-02
0.13601	5.86898e-02
0.13513	5.92065e-02
0.13413	5.97504e-02
0.13299	6.03166e-02
0.13172	6.09006e-02
0.13033	6.14982e-02
0.12881	6.21058e-02
0.12716	6.27205e-02
0.12539	6.33394e-02
0.12350	6.39606e-02
0.12148	6.45823e-02
0.11935	6.52032e-02
0.11710	6.58223e-02
0.11474	6.64387e-02
0.11227	6.70518e-02
0.10969	6.76606e-02
0.10701	6.82640e-02
0.10424	6.88603e-02
0.10137	6.94465e-02
0.09841	7.00178e-02
0.09539	7.05655e-02
0.09232	7.10747e-02
0.08923	7.15168e-02
0.08618	7.18343e-02
0.08331	7.19034e-02
0.08088	7.14646e-02
0.07926	7.01396e-02
0.07859	6.78198e-02
0.07853	6.48191e-02
0.07880	6.14500e-02
0.07923	5.78787e-02
0.07974	5.41865e-02
0.08029	5.04172e-02
0.08087	4.65974e-02
0.08147	4.27458e-02
0.08206	3.88763e-02
0.08271	3.49402e-02
0.08336	3.10077e-02
0.08400	2.70880e-02
0.08462	2.31892e-02
0.08523	1.93185e-02
0.08582	1.54825e-02
0.08639	1.16868e-02
0.08694	7.93651e-03
0.08748	4.23614e-03
0.08799	5.89751e-04
0.08849	2.99901e-03
0.08897	6.52676e-03
0.08943	9.99034e-03
0.08988	1.33866e-02
0.09031	1.67125e-02
0.09073	1.99649e-02
0.09114	2.31402e-02
0.09155	2.62348e-02
0.09195	2.92448e-02
0.09235	3.21660e-02
0.09275	3.49937e-02
0.09315	3.77230e-02
0.09356	4.03489e-02
0.09399	4.28659e-02
0.09443	4.52688e-02
0.09489	4.75521e-02
0.09538	4.97108e-02
0.09589	5.17399e-02
0.09643	5.36351e-02
0.09700	5.53927e-02
0.09761	5.70096e-02
0.09825	5.84838e-02
0.09892	5.98139e-02
0.09962	6.09998e-02
0.10035	6.20418e-02
0.10110	6.29412e-02
0.10187	6.36996e-02
0.10264	6.43193e-02
0.10343	6.48024e-02
0.10421	6.51514e-02
0.10499	6.53685e-02
0.10576	6.54560e-02
0.10652	6.54161e-02
0.10727	6.52509e-02
0.10801	6.49625e-02
0.10874	6.45530e-02
0.10945	6.40247e-02
0.11015	6.33799e-02
0.11085	6.26212e-02
0.11155	6.17514e-02
0.11224	6.07737e-02
0.11295	5.96913e-02
0.11365	5.85078e-02
0.11437	5.72268e-02
0.11511	5.58525e-02
0.11586	5.43888e-02
0.11663	5.28400e-02
0.11742	5.12105e-02
0.11823	4.95044e-02
0.11905	4.77263e-02
0.11990	4.58805e-02
0.12077	4.39713e-02
0.12165	4.20030e-02
0.12255	3.99798e-02
0.12345	3.79059e-02
0.12436	3.57854e-02
0.12528	3.36222e-02
0.12620	3.14203e-02
0.12711	2.91836e-02
0.12801	2.69158e-02
0.12891	2.46208e-02
0.12979	2.23022e-02
0.13066	1.99636e-02
0.13150	1.76086e-02
0.13233	1.52406e-02
0.13314	1.28630e-02
0.13393	1.04790e-02
0.13470	8.09156e-03
0.13545	5.70370e-03
0.13619	3.31804e-03
0.13690	9.37006e-04
0.13760	1.43727e-03
0.13828	3.80297e-03
0.13894	6.15861e-03
0.13960	8.50312e-03
0.14025	1.08358e-02
0.14089	1.31565e-02
0.14152	1.54654e-02
0.14215	1.77631e-02
0.14277	2.00510e-02
0.14340	2.23306e-02
0.14402	2.46041e-02
0.14465	2.68740e-02
0.14528	2.91434e-02
0.14591	3.14154e-02
0.14654	3.36937e-02
0.14717	3.59821e-02
0.14781	3.82846e-02
0.10785	0.00000e+00
0.10614	0.00000e+00
0.10442	0.00000e+00
0.10266	0.00000e+00
0.10087	0.00000e+00
0.09903	0.00000e+00
0.09715	0.00000e+00
0.09522	0.00000e+00
0.09324	0.00000e+00
0.09119	0.00000e+00
0.08909	0.00000e+00
0.08691	0.00000e+00
0.08467	0.00000e+00
0.08235	0.00000e+00
0.07995	0.00000e+00
0.07748	0.00000e+00
0.07492	0.00000e+00
0.07228	0.00000e+00
0.06956	0.00000e+00
0.06675	0.00000e+00
0.06386	0.00000e+00
0.06088	0.00000e+00
0.05782	0.00000e+00
0.05467	0.00000e+00
0.05144	0.00000e+00
0.04813	0.00000e+00
0.04475	0.00000e+00
0.04131	0.00000e+00
0.03779	0.00000e+00
0.03423	0.00000e+00
0.03063	0.00000e+00
0.02699	0.00000e+00
0.02336	0.00000e+00
0.01976	0.00000e+00
0.01625	0.00000e+00
0.01295	0.00000e+00
0.01010	0.00000e+00
0.00821	0.00000e+00
0.00800	0.00000e+00
0.00958	0.00000e+00
0.01226	0.00000e+00
0.01545	0.00000e+00
0.01888	0.00000e+00
0.02239	0.00000e+00
0.02594	0.00000e+00
0.02949	0.00000e+00
0.03299	0.00000e+00
0.03645	0.00000e+00
0.03985	0.00000e+00
0.04318	0.00000e+00
0.04643	0.00000e+00
0.04960	0.00000e+00
0.05268	0.00000e+00
0.05567	0.00000e+00
0.05857	0.00000e+00
0.06137	0.00000e+00
0.06408	0.00000e+00
0.06670	0.00000e+00
0.06922	0.00000e+00
0.07166	0.00000e+00
0.07401	0.00000e+00
0.07627	0.00000e+00
0.07845	0.00000e+00
0.08055	0.00000e+00
0.08258	0.00000e+00
0.08454	0.00000e+00
0.08644	0.00000e+00
0.08828	0.00000e+00
0.09005	0.00000e+00
0.09178	0.00000e+00
0.09346	0.00000e+00
0.09509	0.00000e+00
0.09668	0.00000e+00
0.09823	0.00000e+00
0.09974	0.00000e+00
0.10122	0.00000e+00
0.10265	0.00000e+00
0.10405	0.00000e+00
0.10541	0.00000e+00
0.10673	0.00000e+00
0.10801	0.00000e+00
0.10925	0.00000e+00
0.11044	0.00000e+00
0.11158	0.00000e+00
0.11267	0.00000e+00
0.11371	0.00000e+00
0.11469	0.00000e+00
0.11562	0.00000e+00
0.11649	0.00000e+00
0.11729	0.00000e+00
0.11804	0.00000e+00
0.11872	0.00000e+00
0.11934	0.00000e+00
0.11990	0.00000e+00
0.12040	0.00000e+00
0.12083	0.00000e+00
0.12121	0.00000e+00
0.12152	0.00000e+00
0.12177	0.00000e+00
0.12196	0.00000e+00
0.12209	0.00000e+00
0.12216	0.00000e+00
0.12217	0.00000e+00
0.12212	0.00000e+00
0.12201	0.00000e+00
0.12185	0.00000e+00
0.12162	0.00000e+00
0.12132	0.00000e+00
0.12097	0.00000e+00
0.12055	0.00000e+00
0.12007	0.00000e+00
0.11952	0.00000e+00
0.11890	0.00000e+00
0.11821	0.00000e+00
0.11746	0.00000e+00
0.11664	0.00000e+00
0.11575	0.00000e+00
0.11480	0.00000e+00
0.11378	0.00000e+00
0.11269	0.00000e+00
0.11155	0.00000e+00
0.11036	0.00000e+00
0.10911	0.00000e+00
0.10782	0.00000e+00
0.10649	0.00000e+00
0.10513	0.00000e+00
0.10374	0.00000e+00
0.10235	0.00000e+00
0.10095	0.00000e+00
0.09957	0.00000e+00
0.09821	0.00000e+00
0.09688	0.00000e+00
0.09561	0.00000e+00
0.09440	0.00000e+00
0.09328	0.00000e+00
0.09225	0.00000e+00
0.09133	0.00000e+00
0.09054	0.00000e+00
0.08990	0.00000e+00
0.08941	0.00000e+00
0.08909	0.00000e+00
0.08895	0.00000e+00
0.08899	0.00000e+00
0.08922	0.00000e+00
0.08964	0.00000e+00
0.09026	0.00000e+00
0.09106	0.00000e+00
0.09204	0.00000e+00
0.09319	0.00000e+00
0.09451	0.00000e+00
0.09597	0.00000e+00
0.09757	0.00000e+00
0.09929	0.00000e+00
0.10110	0.00000e+00
0.10301	0.00000e+00
0.10498	0.00000e+00
0.10701	0.00000e+00
0.10907	0.00000e+00
0.11115	0.00000e+00
0.11324	0.00000e+00
0.11532	0.00000e+00
0.11738	0.00000e+00
0.11940	0.00000e+00
0.12138	0.00000e+00
0.12330	0.00000e+00
0.12516	0.00000e+00
0.12695	0.00000e+00
0.12865	0.00000e+00
0.13027	0.00000e+00
0.13180	0.00000e+00
0.13322	0.00000e+00
0.13455	0.00000e+00
0.13577	0.00000e+00
0.13688	0.00000e+00
0.13787	0.00000e+00
0.13875	0.00000e+00
0.13951	0.00000e+00
0.14015	0.00000e+00
0.14067	0.00000e+00
0.14105	0.00000e+00
0.14132	0.00000e+00
0.14145	0.00000e+00
0.14144	0.00000e+00
0.14130	0.00000e+00
0.14103	0.00000e+00
0.14061	0.00000e+00
0.14005	0.00000e+00
0.13934	0.00000e+00
0.13849	0.00000e+00
0.13748	0.00000e+00
0.13632	0.00000e+00
0.13501	0.00000e+00
0.13354	0.00000e+00
0.13191	0.00000e+00
0.13012	0.00000e+00
0.12817	0.00000e+00
0.12606	0.00000e+00
0.12378	0.00000e+00
0.12134	0.00000e+00
0.11874	0.00000e+00
0.11598	0.00000e+00
0.11305	0.00000e+00
