0.45808	1.88322e-01
0.46074	1.88361e-01
0.46331	1.88348e-01
0.46577	1.88290e-01
0.46813	1.88193e-01
0.47038	1.88063e-01
0.47255	1.87903e-01
0.47461	1.87717e-01
0.47659	1.87507e-01
0.47847	1.87271e-01
0.48027	1.87011e-01
0.48199	1.86724e-01
0.48362	1.86408e-01
0.48517	1.86059e-01
0.48665	1.85674e-01
0.48806	1.85249e-01
0.48941	1.84780e-01
0.49070	1.84263e-01
0.49193	1.83693e-01
0.49313	1.83066e-01
0.49429	1.82379e-01
0.49542	1.81629e-01
0.49653	1.80813e-01
0.49763	1.79928e-01
0.49871	1.78973e-01
0.49980	1.77948e-01
0.50089	1.76854e-01
0.50198	1.75692e-01
0.50307	1.74465e-01
0.50418	1.73178e-01
0.50529	1.71837e-01
0.50640	1.70447e-01
0.50752	1.69017e-01
0.50865	1.67555e-01
0.50977	1.66070e-01
0.51090	1.64570e-01
0.51201	1.63065e-01
0.51313	1.61564e-01
0.51423	1.60074e-01
0.51532	1.58605e-01
0.51639	1.57162e-01
0.51744	1.55752e-01
0.51848	1.54381e-01
0.51949	1.53051e-01
0.52048	1.51768e-01
0.52145	1.50531e-01
0.52239	1.49344e-01
0.52330	1.48205e-01
0.52419	1.47115e-01
0.52506	1.46072e-01
0.52591	1.45074e-01
0.52674	1.44119e-01
0.52756	1.43204e-01
0.52837	1.42326e-01
0.52917	1.41481e-01
0.52996	1.40666e-01
0.53076	1.39878e-01
0.53157	1.39113e-01
0.53239	1.38369e-01
0.53323	1.37642e-01
0.53406	1.36899e-01
0.53492	1.36165e-01
0.53581	1.35438e-01
0.53673	1.34717e-01
0.53768	1.33999e-01
0.53866	1.33282e-01
0.53968	1.32564e-01
0.54073	1.31845e-01
0.54182	1.31121e-01
0.54293	1.30391e-01
0.54407	1.29653e-01
0.54523	1.28905e-01
0.54641	1.28146e-01
0.54761	1.27374e-01
0.54883	1.26586e-01
0.55005	1.25781e-01
0.55128	1.24957e-01
0.55251	1.24113e-01
0.55375	1.23247e-01
0.55498	1.22359e-01
0.55621	1.21447e-01
0.55744	1.20512e-01
0.55867	1.19554e-01
0.55989	1.18574e-01
0.56112	1.17573e-01
0.56234	1.16555e-01
0.56357	1.15520e-01
0.56480	1.14472e-01
0.56603	1.13415e-01
0.56727	1.12350e-01
0.56852	1.11284e-01
0.56978	1.10220e-01
0.57104	1.09162e-01
0.57231	1.08115e-01
0.57359	1.07085e-01
0.57487	1.06077e-01
0.57615	1.05094e-01
0.57743	1.04141e-01
0.57871	1.03221e-01
0.57999	1.02339e-01
0.58082	1.01536e-01
0.58164	1.00776e-01
0.58243	1.00062e-01
0.58320	9.93928e-02
0.58394	9.87696e-02
0.58465	9.81918e-02
0.58532	9.76586e-02
0.58596	9.71685e-02
0.58655	9.67198e-02
0.58710	9.63105e-02
0.58759	9.59382e-02
0.58804	9.56008e-02
0.58844	9.52959e-02
0.58878	9.50217e-02
0.58907	9.47766e-02
0.58931	9.45599e-02
0.58949	9.43711e-02
0.58962	9.42109e-02
0.58970	9.40805e-02
0.58973	9.39820e-02
0.58971	9.39181e-02
0.58964	9.38921e-02
0.58953	9.39077e-02
0.58937	9.39687e-02
0.58916	9.40789e-02
0.58891	9.42416e-02
0.58862	9.44596e-02
0.58828	9.47347e-02
0.58791	9.50679e-02
0.58749	9.54591e-02
0.58703	9.59070e-02
0.58654	9.64094e-02
0.58600	9.69633e-02
0.58544	9.75649e-02
0.58483	9.82100e-02
0.58420	9.88940e-02
0.58354	9.96124e-02
0.58285	1.00360e-01
0.58213	1.01133e-01
0.58139	1.01927e-01
0.58064	1.02738e-01
0.57987	1.03562e-01
0.57908	1.04396e-01
0.57828	1.05237e-01
0.57748	1.06081e-01
0.57667	1.06927e-01
0.57586	1.07772e-01
0.57504	1.08615e-01
0.57423	1.09454e-01
0.57342	1.10286e-01
0.57262	1.11111e-01
0.57182	1.11927e-01
0.57103	1.12732e-01
0.57024	1.13525e-01
0.56947	1.14305e-01
0.56871	1.15070e-01
0.56796	1.15818e-01
0.56721	1.16550e-01
0.56649	1.17263e-01
0.56577	1.17956e-01
0.56503	1.18582e-01
0.56429	1.19188e-01
0.56358	1.19772e-01
0.56289	1.20336e-01
0.56222	1.20878e-01
0.56158	1.21400e-01
0.56096	1.21900e-01
0.56037	1.22379e-01
0.55982	1.22838e-01
0.55929	1.23276e-01
0.55881	1.23696e-01
0.55835	1.24097e-01
0.55794	1.24482e-01
0.55756	1.24852e-01
0.55721	1.25208e-01
0.55690	1.25554e-01
0.55662	1.25890e-01
0.55637	1.26221e-01
0.55616	1.26547e-01
0.55597	1.26873e-01
0.55580	1.27199e-01
0.55565	1.27530e-01
0.55552	1.27865e-01
0.55540	1.28208e-01
0.55530	1.28561e-01
0.55520	1.28924e-01
0.55511	1.29299e-01
0.55502	1.29687e-01
0.55494	1.30089e-01
0.55486	1.30505e-01
0.55478	1.30935e-01
0.55470	1.31379e-01
0.55461	1.31835e-01
0.55453	1.32303e-01
0.55444	1.32780e-01
0.55436	1.33265e-01
0.55427	1.33756e-01
0.55419	1.34249e-01
0.55411	1.34742e-01
0.55403	1.35233e-01
0.55351	1.35780e-01
0.55300	1.36314e-01
0.55249	1.36831e-01
0.55199	1.37329e-01
0.55150	1.37803e-01
0.55102	1.38253e-01
0.55056	1.38675e-01
0.55011	1.39068e-01
0.54968	1.39432e-01
0.54927	1.39764e-01
0.54889	1.40064e-01
0.54852	1.40334e-01
0.54818	1.40571e-01
0.54786	1.40778e-01
0.54757	1.40954e-01
0.54730	1.41100e-01
0.54705	1.41217e-01
0.54682	1.41306e-01
0.54662	1.41369e-01
0.54644	1.41405e-01
0.54627	1.41417e-01
0.54613	1.41406e-01
0.54599	1.41373e-01
0.54588	1.41321e-01
0.54577	1.41250e-01
0.54568	1.41164e-01
0.54559	1.41063e-01
0.54550	1.40951e-01
0.54542	1.40829e-01
0.54533	1.40700e-01
0.54524	1.40565e-01
0.54514	1.40429e-01
0.54502	1.40292e-01
0.54490	1.40158e-01
0.54475	1.40030e-01
0.54458	1.39911e-01
0.54439	1.39804e-01
0.54416	1.39714e-01
0.54391	1.39644e-01
0.54362	1.39600e-01
0.54329	1.39586e-01
0.54292	1.39607e-01
0.54251	1.39669e-01
0.54206	1.39778e-01
0.54155	1.39938e-01
0.54100	1.40155e-01
0.54040	1.40434e-01
0.53975	1.40780e-01
0.53904	1.41197e-01
0.53828	1.41689e-01
0.53747	1.42260e-01
0.53661	1.42912e-01
0.53570	1.43647e-01
0.53473	1.44469e-01
0.53371	1.45377e-01
0.53265	1.46372e-01
0.53154	1.47456e-01
0.53038	1.48625e-01
0.52919	1.49881e-01
0.52795	1.51218e-01
0.52664	1.52616e-01
0.52531	1.54088e-01
0.52394	1.55630e-01
0.52255	1.57234e-01
0.52115	1.58894e-01
0.51973	1.60603e-01
0.51831	1.62352e-01
0.51688	1.64133e-01
0.51546	1.65937e-01
0.51404	1.67755e-01
0.51264	1.69578e-01
0.51125	1.71396e-01
0.50988	1.73196e-01
0.50854	1.74967e-01
0.50723	1.76693e-01
0.50597	1.78358e-01
0.50475	1.79940e-01
0.50360	1.81418e-01
0.50252	1.82764e-01
0.50153	1.83951e-01
0.50064	1.84949e-01
0.49986	1.85730e-01
0.49920	1.86272e-01
0.49867	1.86557e-01
0.49828	1.86578e-01
0.49802	1.86338e-01
0.49788	1.85849e-01
0.49780	1.85088e-01
0.49782	1.84123e-01
0.49792	1.82982e-01
0.49810	1.81693e-01
0.49832	1.80280e-01
0.49859	1.78769e-01
0.49890	1.77180e-01
0.49922	1.75533e-01
0.49955	1.73843e-01
0.49988	1.72123e-01
0.50022	1.70386e-01
0.50055	1.68641e-01
0.50088	1.66894e-01
0.50085	1.65218e-01
0.50080	1.63567e-01
0.50073	1.61945e-01
0.50064	1.60355e-01
0.50054	1.58801e-01
0.50041	1.57286e-01
0.50027	1.55812e-01
0.50011	1.54382e-01
0.49995	1.52997e-01
0.49977	1.51659e-01
0.49957	1.50369e-01
0.49937	1.49128e-01
0.49916	1.47936e-01
0.49894	1.46794e-01
0.49872	1.45702e-01
0.49848	1.44659e-01
0.49824	1.43664e-01
0.49799	1.42719e-01
0.49773	1.41822e-01
0.49746	1.40975e-01
0.49718	1.40179e-01
0.49689	1.39435e-01
0.49658	1.38746e-01
0.49625	1.38114e-01
0.49589	1.37542e-01
0.49551	1.37031e-01
0.49511	1.36585e-01
0.49467	1.36203e-01
0.49421	1.35886e-01
0.49372	1.35635e-01
0.49320	1.35447e-01
0.49266	1.35321e-01
0.49210	1.35254e-01
0.49151	1.35244e-01
0.49091	1.35288e-01
0.49028	1.35384e-01
0.48965	1.35528e-01
0.48899	1.35720e-01
0.48833	1.35957e-01
0.48765	1.36236e-01
0.48695	1.36556e-01
0.48625	1.36913e-01
0.48553	1.37306e-01
0.48480	1.37732e-01
0.48406	1.38186e-01
0.48331	1.38666e-01
0.48256	1.39167e-01
0.48181	1.39685e-01
0.48105	1.40215e-01
0.48030	1.40754e-01
0.47956	1.41297e-01
0.47882	1.41839e-01
0.47809	1.42377e-01
0.47738	1.42907e-01
0.47668	1.43426e-01
0.47600	1.43930e-01
0.47534	1.44418e-01
0.47469	1.44886e-01
0.47406	1.45335e-01
0.47345	1.45762e-01
0.47280	1.46114e-01
0.47217	1.46442e-01
0.47155	1.46744e-01
0.47094	1.47021e-01
0.47034	1.47272e-01
0.46974	1.47499e-01
0.46914	1.47701e-01
0.46854	1.47879e-01
0.46793	1.48033e-01
0.46732	1.48163e-01
0.46671	1.48270e-01
0.46608	1.48355e-01
0.46545	1.48417e-01
0.46481	1.48458e-01
0.46416	1.48477e-01
0.46350	1.48476e-01
0.46283	1.48454e-01
0.46215	1.48413e-01
0.46146	1.48352e-01
0.46077	1.48271e-01
0.46006	1.48172e-01
0.45930	1.48071e-01
0.45853	1.47953e-01
0.45775	1.47818e-01
0.45697	1.47666e-01
0.45618	1.47499e-01
0.45539	1.47319e-01
0.45454	1.47081e-01
0.45369	1.46834e-01
0.45283	1.46583e-01
0.45196	1.46330e-01
0.45109	1.46080e-01
0.45021	1.45838e-01
0.44931	1.45606e-01
0.44841	1.45391e-01
0.44749	1.45196e-01
0.44655	1.45026e-01
0.44561	1.44886e-01
0.44464	1.44779e-01
0.44367	1.44709e-01
0.44238	1.44720e-01
0.44109	1.44776e-01
0.43978	1.44879e-01
0.43846	1.45030e-01
0.43713	1.45232e-01
0.43580	1.45485e-01
0.43446	1.45790e-01
0.43313	1.46145e-01
0.43179	1.46551e-01
0.43046	1.47004e-01
0.42914	1.47502e-01
0.42782	1.48043e-01
0.42652	1.48623e-01
0.42522	1.49239e-01
0.42394	1.49887e-01
0.42267	1.50563e-01
0.42142	1.51265e-01
0.42018	1.51989e-01
0.41896	1.52733e-01
0.41776	1.53493e-01
0.41657	1.54268e-01
0.41541	1.55054e-01
0.41427	1.55849e-01
0.41315	1.56650e-01
0.41206	1.57453e-01
0.41100	1.58257e-01
0.40997	1.59056e-01
0.40897	1.59848e-01
0.40801	1.60630e-01
0.40709	1.61397e-01
0.40621	1.62147e-01
0.40537	1.62877e-01
0.40458	1.63585e-01
0.40383	1.64269e-01
0.40312	1.64927e-01
0.40245	1.65560e-01
0.40182	1.66168e-01
0.40123	1.66752e-01
0.40067	1.67314e-01
0.40013	1.67856e-01
0.39961	1.68383e-01
0.39911	1.68898e-01
0.39861	1.69405e-01
0.39812	1.69911e-01
0.39762	1.70418e-01
0.39711	1.70931e-01
0.39659	1.71455e-01
0.39606	1.71991e-01
0.39550	1.72544e-01
0.39492	1.73114e-01
0.39432	1.73703e-01
0.39369	1.74312e-01
0.39304	1.74942e-01
0.39235	1.75592e-01
0.39164	1.76262e-01
0.39090	1.76954e-01
0.39013	1.77665e-01
0.38932	1.78396e-01
0.38848	1.79147e-01
0.38761	1.79918e-01
0.38666	1.80672e-01
0.38568	1.81443e-01
0.38466	1.82231e-01
0.38360	1.83034e-01
0.38250	1.83850e-01
0.38137	1.84679e-01
0.38020	1.85517e-01
0.37900	1.86363e-01
0.37776	1.87214e-01
0.37650	1.88066e-01
0.37521	1.88916e-01
0.37389	1.89761e-01
0.37256	1.90598e-01
0.37121	1.91422e-01
0.36985	1.92231e-01
0.36849	1.93021e-01
0.36713	1.93789e-01
0.36578	1.94530e-01
0.36444	1.95244e-01
0.36311	1.95927e-01
0.36181	1.96576e-01
0.36051	1.97235e-01
0.35924	1.97862e-01
0.35800	1.98453e-01
0.35680	1.99007e-01
0.35565	1.99522e-01
0.35455	1.99997e-01
0.35347	2.00413e-01
0.35245	2.00784e-01
0.35149	2.01106e-01
0.35060	2.01380e-01
0.34977	2.01603e-01
0.34901	2.01777e-01
0.34831	2.01908e-01
0.34768	2.02001e-01
0.34711	2.02066e-01
0.34659	2.02112e-01
0.34613	2.02150e-01
0.34570	2.02188e-01
0.34532	2.02236e-01
0.34478	2.02147e-01
0.34427	2.02079e-01
0.34379	2.02035e-01
0.34334	2.02016e-01
0.34292	2.02023e-01
0.34253	2.02054e-01
0.34217	2.02105e-01
0.34185	2.02171e-01
0.34157	2.02244e-01
0.34134	2.02316e-01
0.34116	2.02374e-01
0.34104	2.02404e-01
0.34099	2.02391e-01
0.34101	2.02317e-01
0.34113	2.02162e-01
0.34135	2.01908e-01
0.34167	2.01538e-01
0.34211	2.01039e-01
0.34266	2.00402e-01
0.34332	1.99625e-01
0.34409	1.98711e-01
0.34497	1.97664e-01
0.34594	1.96493e-01
0.34699	1.95205e-01
0.34811	1.93810e-01
0.34931	1.92314e-01
0.35057	1.90724e-01
0.35188	1.89047e-01
0.35320	1.87254e-01
0.35457	1.85385e-01
0.35599	1.83444e-01
0.35746	1.81438e-01
0.35897	1.79371e-01
0.36053	1.77249e-01
0.36213	1.75075e-01
0.36378	1.72856e-01
0.36547	1.70596e-01
0.36721	1.68302e-01
0.36899	1.65979e-01
0.37082	1.63635e-01
0.37269	1.61276e-01
0.37460	1.58910e-01
0.37654	1.56544e-01
0.37850	1.54188e-01
0.38048	1.51847e-01
0.38247	1.49527e-01
0.38446	1.47231e-01
0.38645	1.44964e-01
0.38843	1.42725e-01
0.39036	1.40488e-01
0.39227	1.38279e-01
0.39416	1.36098e-01
0.39603	1.33945e-01
0.39787	1.31818e-01
0.39969	1.29718e-01
0.40148	1.27643e-01
0.40325	1.25594e-01
0.40499	1.23571e-01
0.40670	1.21572e-01
0.40839	1.19599e-01
0.41001	1.17615e-01
0.41161	1.15657e-01
0.41318	1.13727e-01
0.41473	1.11825e-01
0.41625	1.09955e-01
0.41775	1.08118e-01
0.41923	1.06320e-01
0.42068	1.04563e-01
0.42211	1.02853e-01
0.42351	1.01196e-01
0.42489	9.95973e-02
0.42623	9.80632e-02
0.42754	9.66001e-02
0.42882	9.52142e-02
0.43006	9.39112e-02
0.43127	9.26964e-02
0.43244	9.15747e-02
0.43357	9.05504e-02
0.43466	8.96273e-02
0.43571	8.88090e-02
0.43672	8.80984e-02
0.43761	8.75500e-02
0.43846	8.71062e-02
0.43925	8.67677e-02
0.44000	8.65346e-02
0.44070	8.64058e-02
0.44134	8.63793e-02
0.44191	8.64971e-02
0.44241	8.67132e-02
0.44286	8.70234e-02
0.44325	8.74227e-02
0.44359	8.79063e-02
0.44387	8.84694e-02
0.44410	8.91074e-02
0.44428	8.98160e-02
0.44441	9.05913e-02
0.44450	9.14296e-02
0.44453	9.23272e-02
0.44451	9.32806e-02
0.44445	9.42863e-02
0.44402	9.52971e-02
0.44353	9.63535e-02
0.44299	9.74519e-02
0.44240	9.85884e-02
0.44174	9.97594e-02
0.44103	1.00961e-01
0.44026	1.02190e-01
0.43943	1.03442e-01
0.43854	1.04714e-01
0.43759	1.06003e-01
0.43659	1.07305e-01
0.43553	1.08618e-01
0.43441	1.09938e-01
0.43324	1.11262e-01
0.43202	1.12588e-01
0.43075	1.13913e-01
0.42943	1.15232e-01
0.42807	1.16543e-01
0.42667	1.17840e-01
0.42523	1.19120e-01
0.42376	1.20376e-01
0.42222	1.21553e-01
0.42064	1.22692e-01
0.41904	1.23787e-01
0.41742	1.24830e-01
0.41576	1.25813e-01
0.41409	1.26729e-01
0.41239	1.27570e-01
0.41067	1.28330e-01
0.40894	1.29005e-01
0.40718	1.29591e-01
0.40541	1.30086e-01
0.40362	1.30488e-01
0.40181	1.30799e-01
0.39999	1.31021e-01
0.39815	1.31158e-01
0.39629	1.31215e-01
0.39442	1.31197e-01
0.39253	1.31111e-01
0.39062	1.30965e-01
0.38871	1.30764e-01
0.38676	1.30490e-01
0.38481	1.30175e-01
0.38285	1.29822e-01
0.38088	1.29438e-01
0.37891	1.29028e-01
0.37695	1.28596e-01
0.37499	1.28145e-01
0.37304	1.27678e-01
0.37116	1.27187e-01
0.36930	1.26681e-01
0.36746	1.26163e-01
0.36566	1.25632e-01
0.36388	1.25090e-01
0.36213	1.24538e-01
0.36043	1.23974e-01
0.35875	1.23401e-01
0.35712	1.22817e-01
0.35553	1.22223e-01
0.35398	1.21620e-01
0.35248	1.20991e-01
0.35103	1.20350e-01
0.34962	1.19699e-01
0.34826	1.19038e-01
0.34693	1.18369e-01
0.34564	1.17694e-01
0.34438	1.17016e-01
0.34315	1.16338e-01
0.34195	1.15664e-01
0.34078	1.14998e-01
0.33963	1.14346e-01
0.33850	1.13713e-01
0.33738	1.13106e-01
0.33627	1.12532e-01
0.33517	1.11999e-01
0.33407	1.11514e-01
0.33297	1.11087e-01
0.33187	1.10724e-01
0.33077	1.10434e-01
0.32966	1.10225e-01
0.32854	1.10102e-01
0.32747	1.10059e-01
0.32638	1.10107e-01
0.32530	1.10246e-01
0.32421	1.10479e-01
0.32311	1.10806e-01
0.32201	1.11225e-01
0.32083	1.11711e-01
0.31966	1.12278e-01
0.31847	1.12924e-01
0.31729	1.13647e-01
0.31611	1.14443e-01
0.31493	1.15311e-01
0.31375	1.16248e-01
0.31257	1.17252e-01
0.31139	1.18321e-01
0.31021	1.19456e-01
0.30904	1.20653e-01
0.30786	1.21912e-01
0.30670	1.23232e-01
0.30538	1.24652e-01
0.30407	1.26120e-01
0.30278	1.27628e-01
0.30151	1.29168e-01
0.30027	1.30727e-01
0.29906	1.32291e-01
0.29791	1.33838e-01
0.29681	1.35340e-01
0.29580	1.36762e-01
0.29488	1.38063e-01
0.29410	1.39198e-01
0.29346	1.40130e-01
0.29297	1.40839e-01
0.29264	1.41332e-01
0.29245	1.41636e-01
0.29237	1.41789e-01
0.29240	1.41833e-01
0.29249	1.41806e-01
0.29264	1.41737e-01
0.29283	1.41650e-01
0.29305	1.41563e-01
0.29328	1.41490e-01
0.29352	1.41442e-01
0.29375	1.41427e-01
0.29398	1.41452e-01
0.29418	1.41521e-01
0.29436	1.41640e-01
0.29451	1.41811e-01
0.29462	1.42037e-01
0.29469	1.42320e-01
0.29472	1.42662e-01
0.29469	1.43063e-01
0.29461	1.43522e-01
0.29447	1.44036e-01
0.29429	1.44590e-01
0.29407	1.45134e-01
0.29396	1.45403e-01
0.29428	1.44722e-01
0.29485	1.43464e-01
0.29544	1.42074e-01
0.29602	1.40643e-01
0.29653	1.39142e-01
0.29701	1.37639e-01
0.29745	1.36145e-01
0.29786	1.34670e-01
0.29823	1.33223e-01
0.29856	1.31814e-01
0.29886	1.30455e-01
0.29913	1.29155e-01
0.29931	1.27900e-01
0.29946	1.26725e-01
0.29958	1.25638e-01
0.29967	1.24647e-01
0.29974	1.23758e-01
0.29979	1.22975e-01
0.29983	1.22301e-01
0.29985	1.21738e-01
0.29987	1.21287e-01
0.29988	1.20947e-01
0.29989	1.20716e-01
0.29989	1.20590e-01
0.29988	1.20565e-01
0.29989	1.20636e-01
0.29989	1.20797e-01
0.29991	1.21040e-01
0.29993	1.21355e-01
0.29996	1.21734e-01
0.29999	1.22165e-01
0.30004	1.22636e-01
0.30010	1.23130e-01
0.30017	1.23631e-01
0.30026	1.24116e-01
0.30038	1.24558e-01
0.30054	1.24928e-01
0.30074	1.25195e-01
0.30100	1.25335e-01
0.30131	1.25339e-01
0.30167	1.25216e-01
0.30207	1.24986e-01
0.30249	1.24675e-01
0.30291	1.24309e-01
0.30339	1.23790e-01
0.30387	1.23248e-01
0.30432	1.22698e-01
0.30476	1.22146e-01
0.30518	1.21600e-01
0.30557	1.21062e-01
0.30588	1.20530e-01
0.30617	1.20012e-01
0.30643	1.19509e-01
0.30666	1.19022e-01
0.30685	1.18552e-01
0.30702	1.18100e-01
0.30715	1.17666e-01
0.30725	1.17251e-01
0.30731	1.16856e-01
0.30734	1.16480e-01
0.30733	1.16127e-01
0.30728	1.15796e-01
0.30720	1.15490e-01
0.30689	1.15186e-01
0.30653	1.14912e-01
0.30613	1.14671e-01
0.30569	1.14464e-01
0.30522	1.14292e-01
0.30471	1.14155e-01
0.30416	1.14055e-01
0.30358	1.13992e-01
0.30296	1.13968e-01
0.30232	1.13981e-01
0.30164	1.14032e-01
0.30094	1.14123e-01
0.30022	1.14254e-01
0.29947	1.14426e-01
0.29869	1.14642e-01
0.29790	1.14903e-01
0.29709	1.15211e-01
0.29626	1.15570e-01
0.29541	1.15981e-01
0.29454	1.16449e-01
0.29365	1.16975e-01
0.29275	1.17563e-01
0.29183	1.18214e-01
0.29090	1.18930e-01
0.28995	1.19713e-01
0.28899	1.20563e-01
0.28802	1.21480e-01
0.28705	1.22461e-01
0.28607	1.23505e-01
0.28509	1.24606e-01
0.28412	1.25755e-01
0.28317	1.26933e-01
0.28225	1.28096e-01
0.28142	1.29121e-01
0.28087	1.29644e-01
0.28078	1.29214e-01
0.28103	1.28144e-01
0.28141	1.26844e-01
0.28184	1.25467e-01
0.28230	1.24067e-01
0.28278	1.22672e-01
0.28325	1.21284e-01
0.28371	1.19925e-01
0.28415	1.18602e-01
0.28458	1.17322e-01
0.28498	1.16093e-01
0.28536	1.14918e-01
0.28570	1.13802e-01
0.28602	1.12751e-01
0.28630	1.11776e-01
0.28656	1.10872e-01
0.28677	1.10041e-01
0.28696	1.09285e-01
0.28710	1.08605e-01
0.28721	1.08002e-01
0.28728	1.07477e-01
0.28732	1.07030e-01
0.28731	1.06659e-01
0.28727	1.06363e-01
0.28719	1.06140e-01
0.28713	1.05926e-01
0.28703	1.05774e-01
0.28690	1.05677e-01
0.28673	1.05632e-01
0.28653	1.05631e-01
0.28630	1.05669e-01
0.28604	1.05739e-01
0.28575	1.05833e-01
0.28543	1.05945e-01
0.28510	1.06067e-01
0.28475	1.06193e-01
0.28438	1.06317e-01
0.28400	1.06431e-01
0.28362	1.06531e-01
0.28324	1.06612e-01
0.28286	1.06669e-01
0.28248	1.06701e-01
0.28211	1.06704e-01
0.28175	1.06678e-01
0.28140	1.06622e-01
0.28107	1.06539e-01
0.28070	1.06430e-01
0.28034	1.06293e-01
0.28000	1.06133e-01
0.27967	1.05952e-01
0.27935	1.05754e-01
0.27905	1.05543e-01
0.27870	1.05351e-01
0.27836	1.05156e-01
0.27801	1.04962e-01
0.27768	1.04771e-01
0.27734	1.04584e-01
0.27700	1.04403e-01
0.27665	1.04228e-01
0.27630	1.04059e-01
0.27595	1.03894e-01
0.27559	1.03732e-01
0.27521	1.03571e-01
0.27484	1.03407e-01
0.27445	1.03239e-01
0.27391	1.02892e-01
0.27335	1.02536e-01
0.27278	1.02168e-01
0.27220	1.01787e-01
0.27161	1.01390e-01
0.27101	1.00976e-01
0.27040	1.00545e-01
0.26979	1.00097e-01
0.26917	9.96322e-02
0.26856	9.91506e-02
0.26795	9.86535e-02
0.26734	9.81422e-02
0.26675	9.76183e-02
0.26616	9.70836e-02
0.26558	9.65402e-02
0.26502	9.59903e-02
0.26448	9.54368e-02
0.26395	9.48825e-02
0.26344	9.43311e-02
0.26295	9.37863e-02
0.26249	9.32524e-02
0.26205	9.27341e-02
0.26163	9.22364e-02
0.26124	9.17644e-02
0.26087	9.13235e-02
0.26054	9.09193e-02
0.26023	9.05569e-02
0.25996	9.02415e-02
0.25972	8.99779e-02
0.25951	8.97702e-02
0.25934	8.96224e-02
0.25921	8.95375e-02
0.25912	8.95181e-02
0.25907	8.95662e-02
0.25905	8.96832e-02
0.25907	8.98700e-02
0.25912	9.01269e-02
0.25919	9.04540e-02
0.25930	9.08505e-02
0.25942	9.13155e-02
0.25956	9.18470e-02
0.25968	9.24145e-02
0.25980	9.30427e-02
0.25992	9.37277e-02
0.26003	9.44652e-02
0.26013	9.52502e-02
0.26020	9.60774e-02
0.26024	9.69414e-02
0.26026	9.78369e-02
0.26020	9.87094e-02
0.26009	9.96008e-02
0.25994	1.00508e-01
0.25975	1.01429e-01
0.25950	1.02362e-01
0.25922	1.03306e-01
0.25888	1.04261e-01
0.25851	1.05226e-01
0.25809	1.06203e-01
0.25764	1.07191e-01
0.25715	1.08193e-01
0.25660	1.09180e-01
0.25603	1.10180e-01
0.25543	1.11192e-01
0.25480	1.12216e-01
0.25416	1.13253e-01
0.25351	1.14300e-01
0.25284	1.15359e-01
0.25216	1.16427e-01
0.25147	1.17505e-01
0.25077	1.18591e-01
0.25007	1.19685e-01
0.24937	1.20786e-01
0.24865	1.21896e-01
0.24794	1.23015e-01
0.24721	1.24144e-01
0.24647	1.25284e-01
0.24573	1.26437e-01
0.24496	1.27603e-01
0.24419	1.28785e-01
0.24339	1.29982e-01
0.24257	1.31195e-01
0.24172	1.32425e-01
0.24086	1.33668e-01
0.23997	1.34925e-01
0.23905	1.36192e-01
0.23812	1.37465e-01
0.23717	1.38741e-01
0.23619	1.40031e-01
0.23519	1.41309e-01
0.23420	1.42567e-01
0.23321	1.43799e-01
0.23223	1.44998e-01
0.23126	1.46158e-01
0.23031	1.47271e-01
0.22940	1.48332e-01
0.22852	1.49336e-01
0.22768	1.50278e-01
0.22689	1.51156e-01
0.22614	1.51970e-01
0.22545	1.52718e-01
0.22474	1.53377e-01
0.22407	1.53978e-01
0.22345	1.54524e-01
0.22287	1.55022e-01
0.22233	1.55473e-01
0.22181	1.55884e-01
0.22133	1.56258e-01
0.22086	1.56598e-01
0.22042	1.56906e-01
0.22003	1.57120e-01
0.22030	1.56402e-01
0.22067	1.55515e-01
0.22107	1.54574e-01
0.22148	1.53581e-01
0.22192	1.52538e-01
0.22238	1.51444e-01
0.22286	1.50299e-01
0.22336	1.49105e-01
0.22388	1.47862e-01
0.22443	1.46570e-01
0.22501	1.45230e-01
0.22561	1.43846e-01
0.22624	1.42417e-01
0.22689	1.40948e-01
0.22757	1.39442e-01
0.22828	1.37903e-01
0.22900	1.36337e-01
0.22974	1.34750e-01
0.23050	1.33148e-01
0.23126	1.31540e-01
0.23203	1.29933e-01
0.23279	1.28336e-01
0.23355	1.26755e-01
0.23428	1.25196e-01
0.23501	1.23666e-01
0.23570	1.22168e-01
0.23638	1.20705e-01
0.23703	1.19279e-01
0.23766	1.17890e-01
0.23826	1.16536e-01
0.23884	1.15218e-01
0.23939	1.13926e-01
0.23992	1.12663e-01
0.24044	1.11428e-01
0.24094	1.10218e-01
0.24144	1.09030e-01
0.24193	1.07862e-01
0.24242	1.06710e-01
0.24291	1.05575e-01
0.24337	1.04382e-01
0.24384	1.03198e-01
0.24431	1.02025e-01
0.24479	1.00863e-01
0.24527	9.97130e-02
0.24577	9.85757e-02
0.24627	9.74530e-02
0.24679	9.63465e-02
0.24729	9.52884e-02
0.24780	9.42444e-02
0.24833	9.32161e-02
0.24883	9.21794e-02
0.24935	9.11601e-02
0.24988	9.01599e-02
0.25042	8.91803e-02
0.25097	8.82230e-02
0.25152	8.72896e-02
0.25208	8.63817e-02
0.25265	8.55013e-02
0.25321	8.46500e-02
0.25378	8.38300e-02
0.25435	8.30435e-02
0.25493	8.22930e-02
0.25550	8.15814e-02
0.25607	8.09119e-02
0.25665	8.02882e-02
0.25722	7.97141e-02
0.25780	7.91939e-02
0.25837	7.87323e-02
0.25895	7.83339e-02
0.25952	7.80034e-02
0.26008	7.77453e-02
0.26061	7.75672e-02
0.26113	7.74696e-02
0.26164	7.74552e-02
0.26213	7.75264e-02
0.26261	7.76841e-02
0.26306	7.79286e-02
0.26343	7.83091e-02
0.26377	7.87750e-02
0.26409	7.93225e-02
0.26438	7.99468e-02
0.26463	8.06417e-02
0.26485	8.14003e-02
0.26505	8.22147e-02
0.26521	8.30760e-02
0.26533	8.39753e-02
0.26543	8.49029e-02
0.26549	8.58493e-02
0.26552	8.68051e-02
0.26551	8.77616e-02
0.26536	8.86385e-02
0.26516	8.94931e-02
0.26493	9.03201e-02
0.26465	9.11152e-02
0.26432	9.18757e-02
0.26394	9.26003e-02
0.26351	9.32886e-02
0.26303	9.39413e-02
0.26248	9.45598e-02
0.26187	9.51460e-02
0.26121	9.57020e-02
0.26048	9.62302e-02
0.25969	9.67326e-02
0.25885	9.72113e-02
0.25795	9.76679e-02
0.25700	9.81033e-02
0.25600	9.85181e-02
0.25497	9.89119e-02
0.25390	9.92835e-02
0.25281	9.96311e-02
0.25170	9.99516e-02
0.25058	1.00242e-01
0.24946	1.00497e-01
0.24835	1.00714e-01
0.24725	1.00889e-01
0.24612	1.00992e-01
0.24500	1.01050e-01
0.24391	1.01064e-01
0.24284	1.01037e-01
0.24179	1.00975e-01
0.24076	1.00882e-01
0.23974	1.00765e-01
0.23874	1.00629e-01
0.23774	1.00479e-01
0.23674	1.00318e-01
0.23574	1.00148e-01
0.23473	9.99738e-02
0.23372	9.97957e-02
0.23270	9.96159e-02
0.23167	9.94360e-02
0.23063	9.92578e-02
0.22955	9.90841e-02
0.22847	9.89147e-02
0.22738	9.87509e-02
0.22627	9.85936e-02
0.22516	9.84435e-02
0.22404	9.83009e-02
0.22291	9.81659e-02
0.22178	9.80383e-02
0.22061	9.78608e-02
0.21944	9.76878e-02
0.21827	9.75202e-02
0.21711	9.73596e-02
0.21595	9.72086e-02
0.21479	9.70706e-02
0.21365	9.69503e-02
0.21250	9.68533e-02
0.21137	9.67862e-02
0.21024	9.67560e-02
0.20912	9.67702e-02
0.20799	9.68130e-02
0.20686	9.69137e-02
0.20573	9.70781e-02
0.20461	9.73107e-02
0.20348	9.76143e-02
0.20236	9.79900e-02
0.20123	9.84369e-02
0.20010	9.89524e-02
0.19898	9.95319e-02
0.19785	1.00169e-01
0.19673	1.00856e-01
0.19562	1.01585e-01
0.19453	1.02344e-01
0.19346	1.03125e-01
0.19241	1.03915e-01
0.19140	1.04704e-01
0.19043	1.05484e-01
0.18951	1.06246e-01
0.18864	1.06986e-01
0.18781	1.07703e-01
0.18704	1.08397e-01
0.18630	1.09081e-01
0.18560	1.09758e-01
0.18492	1.10437e-01
0.18427	1.11122e-01
0.18363	1.11819e-01
0.18300	1.12531e-01
0.18231	1.13334e-01
0.18162	1.14158e-01
0.18092	1.15001e-01
0.18022	1.15861e-01
0.17950	1.16735e-01
0.17878	1.17618e-01
0.17805	1.18502e-01
0.17731	1.19380e-01
0.17657	1.20243e-01
0.17584	1.21079e-01
0.17511	1.21877e-01
0.17441	1.22628e-01
0.17373	1.23322e-01
0.17306	1.23928e-01
0.17243	1.24464e-01
0.17185	1.24911e-01
0.17138	1.25203e-01
0.17115	1.25151e-01
0.17128	1.24604e-01
0.17165	1.23732e-01
0.17214	1.22689e-01
0.17271	1.21527e-01
0.17335	1.20270e-01
0.17405	1.18937e-01
0.17479	1.17544e-01
0.17557	1.16105e-01
0.17638	1.14635e-01
0.17720	1.13147e-01
0.17805	1.11653e-01
0.17890	1.10163e-01
0.17975	1.08686e-01
0.18061	1.07233e-01
0.18145	1.05810e-01
0.18228	1.04426e-01
0.18309	1.03089e-01
0.18388	1.01805e-01
0.18464	1.00583e-01
0.18537	9.94279e-02
0.18611	9.83362e-02
0.18681	9.73204e-02
0.18748	9.63849e-02
0.18810	9.55333e-02
0.18868	9.47682e-02
0.18922	9.40913e-02
0.18971	9.35033e-02
0.19016	9.30043e-02
0.19056	9.25933e-02
0.19091	9.22691e-02
0.19120	9.20299e-02
0.19144	9.18735e-02
0.19163	9.17977e-02
0.19175	9.18004e-02
0.19181	9.18793e-02
0.19180	9.20325e-02
0.19171	9.22727e-02
0.19156	9.25835e-02
0.19133	9.29629e-02
0.19105	9.34088e-02
0.19069	9.39187e-02
0.19027	9.44902e-02
0.18979	9.51202e-02
0.18925	9.58050e-02
0.18862	9.64948e-02
0.18794	9.72309e-02
0.18720	9.80076e-02
0.18641	9.88188e-02
0.18558	9.96574e-02
0.18471	1.00516e-01
0.18380	1.01386e-01
0.18285	1.02258e-01
0.18188	1.03123e-01
0.18088	1.03971e-01
0.17986	1.04793e-01
0.17887	1.05560e-01
0.17787	1.06282e-01
0.17687	1.06951e-01
0.17588	1.07561e-01
0.17491	1.08109e-01
0.17396	1.08592e-01
0.17303	1.09009e-01
0.17214	1.09363e-01
0.17129	1.09656e-01
0.17048	1.09891e-01
0.16972	1.10072e-01
0.16901	1.10203e-01
0.16836	1.10287e-01
0.16777	1.10328e-01
0.16725	1.10329e-01
0.16679	1.10295e-01
0.16640	1.10230e-01
0.16608	1.10137e-01
0.16581	1.10022e-01
0.16561	1.09888e-01
0.16547	1.09741e-01
0.16540	1.09559e-01
0.16538	1.09374e-01
0.16540	1.09190e-01
0.16546	1.09009e-01
0.16555	1.08834e-01
0.16568	1.08666e-01
0.16581	1.08462e-01
0.16596	1.08259e-01
0.16615	1.08055e-01
0.16637	1.07848e-01
0.16662	1.07633e-01
0.16691	1.07407e-01
0.16725	1.07164e-01
0.16763	1.06899e-01
0.16807	1.06610e-01
0.16856	1.06295e-01
0.16911	1.05955e-01
0.16971	1.05593e-01
0.17037	1.05216e-01
0.17104	1.04769e-01
0.17176	1.04323e-01
0.17253	1.03893e-01
0.17333	1.03491e-01
0.17416	1.03130e-01
0.17502	1.02819e-01
0.17590	1.02562e-01
0.17681	1.02351e-01
0.17778	1.02136e-01
0.17891	1.01738e-01
0.18025	1.01038e-01
0.18171	1.00225e-01
0.18319	9.94160e-02
0.18469	9.86498e-02
0.18619	9.79457e-02
0.18769	9.73158e-02
0.18917	9.67694e-02
0.19064	9.63139e-02
0.19208	9.59546e-02
0.19350	9.56953e-02
0.19490	9.55380e-02
0.19626	9.54828e-02
0.19760	9.55282e-02
0.19891	9.56708e-02
0.20018	9.59059e-02
0.20143	9.62227e-02
0.20265	9.66193e-02
0.20383	9.70875e-02
0.20498	9.76182e-02
0.20609	9.82016e-02
0.20717	9.88279e-02
0.20820	9.94864e-02
0.20920	1.00167e-01
0.21016	1.00859e-01
0.21108	1.01551e-01
0.21195	1.02235e-01
0.21279	1.02901e-01
0.21358	1.03540e-01
0.21433	1.04144e-01
0.21505	1.04707e-01
0.21573	1.05224e-01
0.21638	1.05688e-01
0.21699	1.06100e-01
0.21758	1.06457e-01
0.21814	1.06760e-01
0.21868	1.07011e-01
0.21919	1.07212e-01
0.21968	1.07367e-01
0.22015	1.07478e-01
0.22057	1.07534e-01
0.22097	1.07559e-01
0.22136	1.07557e-01
0.22174	1.07534e-01
0.22211	1.07494e-01
0.22247	1.07440e-01
0.22283	1.07376e-01
0.22319	1.07305e-01
0.22354	1.07229e-01
0.22388	1.07152e-01
0.22421	1.07074e-01
0.22451	1.06963e-01
0.22479	1.06853e-01
0.22506	1.06746e-01
0.22532	1.06643e-01
0.22555	1.06545e-01
0.22576	1.06453e-01
0.22595	1.06368e-01
0.22612	1.06290e-01
0.22626	1.06220e-01
0.22637	1.06157e-01
0.22646	1.06102e-01
0.22653	1.06052e-01
0.22657	1.06009e-01
0.22659	1.05969e-01
0.22658	1.05932e-01
0.22655	1.05896e-01
0.22650	1.05858e-01
0.22644	1.05816e-01
0.22636	1.05767e-01
0.22626	1.05709e-01
0.22616	1.05639e-01
0.22607	1.05538e-01
0.22596	1.05424e-01
0.22585	1.05297e-01
0.22574	1.05156e-01
0.22562	1.05002e-01
0.22549	1.04837e-01
0.22533	1.04636e-01
0.22517	1.04430e-01
0.22499	1.04221e-01
0.22481	1.04012e-01
0.22462	1.03805e-01
0.22442	1.03601e-01
0.22421	1.03398e-01
0.22400	1.03190e-01
0.22379	1.02972e-01
0.22358	1.02733e-01
0.22338	1.02458e-01
0.22319	1.02133e-01
0.22303	1.01739e-01
0.22284	1.01307e-01
0.22270	1.00768e-01
0.22260	1.00108e-01
0.22253	9.93043e-02
0.22251	9.83814e-02
0.22253	9.73547e-02
0.22257	9.62448e-02
0.22262	9.50739e-02
0.22269	9.38635e-02
0.22275	9.26329e-02
0.22281	9.13987e-02
0.22286	9.01751e-02
0.22291	8.89740e-02
0.22294	8.78061e-02
0.22295	8.66811e-02
0.22291	8.55658e-02
0.22286	8.45106e-02
0.22279	8.35252e-02
0.22270	8.26198e-02
0.22260	8.18046e-02
0.22248	8.10894e-02
0.22234	8.04838e-02
0.22217	7.99958e-02
0.22199	7.96321e-02
0.22178	7.93972e-02
0.22151	7.92910e-02
0.22121	7.93156e-02
0.22087	7.94691e-02
0.22051	7.97477e-02
0.22010	8.01461e-02
0.21967	8.06583e-02
0.21920	8.12777e-02
0.21869	8.19974e-02
0.21815	8.28108e-02
0.21758	8.37117e-02
0.21697	8.46940e-02
0.21632	8.57520e-02
0.21565	8.68804e-02
0.21494	8.80736e-02
0.21421	8.93262e-02
0.21344	9.06325e-02
0.21265	9.19862e-02
0.21184	9.33805e-02
0.21100	9.48076e-02
0.21014	9.62580e-02
0.20927	9.77204e-02
0.20840	9.91798e-02
0.20752	1.00616e-01
0.20667	1.02002e-01
0.20590	1.03299e-01
0.20519	1.04460e-01
0.20459	1.05432e-01
0.20410	1.06182e-01
0.20374	1.06711e-01
0.20348	1.07064e-01
0.20329	1.07294e-01
0.20316	1.07449e-01
0.20306	1.07565e-01
0.20299	1.07663e-01
0.20294	1.07755e-01
0.20290	1.07844e-01
0.20289	1.07931e-01
0.20289	1.08014e-01
0.20291	1.08087e-01
0.20295	1.08147e-01
0.20300	1.08193e-01
0.20307	1.08225e-01
0.20316	1.08246e-01
0.20325	1.08260e-01
0.20334	1.08271e-01
0.20343	1.08285e-01
0.20352	1.08304e-01
0.20361	1.08326e-01
0.20370	1.08349e-01
0.20379	1.08364e-01
0.20389	1.08355e-01
0.20402	1.08300e-01
0.20420	1.08166e-01
0.20445	1.07917e-01
0.20478	1.07525e-01
0.20519	1.06982e-01
0.20564	1.06351e-01
0.20614	1.05633e-01
0.20667	1.04870e-01
0.20720	1.04100e-01
0.20772	1.03350e-01
0.20822	1.02642e-01
0.20866	1.02008e-01
0.20907	1.01439e-01
0.20943	1.00941e-01
0.20974	1.00515e-01
0.21000	1.00161e-01
0.21021	9.98789e-02
0.21035	9.96648e-02
0.21045	9.95153e-02
0.21048	9.94263e-02
0.21045	9.93934e-02
0.21037	9.94120e-02
0.21024	9.94780e-02
0.21006	9.95876e-02
0.20980	9.96399e-02
0.20949	9.97325e-02
0.20914	9.98631e-02
0.20872	1.00005e-01
0.20826	1.00182e-01
0.20775	1.00394e-01
0.20721	1.00640e-01
0.20664	1.00921e-01
0.20604	1.01234e-01
0.20540	1.01580e-01
0.20475	1.01957e-01
0.20406	1.02362e-01
0.20336	1.02792e-01
0.20265	1.03240e-01
0.20192	1.03699e-01
0.20115	1.04074e-01
0.20039	1.04428e-01
0.19964	1.04738e-01
0.19894	1.04974e-01
0.19830	1.05098e-01
0.19774	1.05069e-01
0.19729	1.04858e-01
0.19694	1.04460e-01
0.19668	1.03894e-01
0.19649	1.03196e-01
0.19635	1.02425e-01
0.19625	1.01580e-01
0.19618	1.00684e-01
0.19614	9.97554e-02
0.19611	9.88064e-02
0.19609	9.78459e-02
0.19609	9.68804e-02
0.19610	9.59152e-02
0.19611	9.49540e-02
0.19613	9.40002e-02
0.19616	9.30567e-02
0.19620	9.21262e-02
0.19625	9.12114e-02
0.19631	9.03148e-02
0.19637	8.94392e-02
0.19644	8.85875e-02
0.19652	8.77628e-02
0.19660	8.69682e-02
0.19668	8.62070e-02
0.19677	8.54827e-02
0.19685	8.47988e-02
0.19694	8.41585e-02
0.19703	8.35651e-02
0.19712	8.30216e-02
0.19722	8.25123e-02
0.19733	8.20572e-02
0.19743	8.16584e-02
0.19753	8.13171e-02
0.19763	8.10343e-02
0.19773	8.08108e-02
0.19784	8.06468e-02
0.19794	8.05427e-02
0.19806	8.04986e-02
0.19818	8.05144e-02
0.19830	8.05905e-02
0.19844	8.07269e-02
0.19858	8.09240e-02
0.19874	8.11823e-02
0.19891	8.15024e-02
0.19908	8.18848e-02
0.19927	8.23302e-02
0.19946	8.28390e-02
0.19965	8.34118e-02
0.19985	8.40484e-02
0.20004	8.47486e-02
0.20022	8.55114e-02
0.20040	8.63351e-02
0.20055	8.72172e-02
0.20068	8.81544e-02
0.20078	8.91422e-02
0.20085	9.01754e-02
0.20087	9.12477e-02
0.20085	9.23522e-02
0.20078	9.34814e-02
0.20067	9.46272e-02
0.20050	9.57815e-02
0.20031	9.69113e-02
0.20008	9.80316e-02
0.19981	9.91345e-02
0.19950	1.00212e-01
0.19915	1.01256e-01
0.19877	1.02258e-01
0.19834	1.03186e-01
0.19789	1.04052e-01
0.19743	1.04846e-01
0.19698	1.05559e-01
0.19654	1.06182e-01
0.19611	1.06708e-01
0.19572	1.07131e-01
0.19535	1.07450e-01
0.19507	1.07631e-01
0.19483	1.07707e-01
0.19463	1.07678e-01
0.19446	1.07548e-01
0.19433	1.07318e-01
0.19420	1.07081e-01
0.19409	1.06750e-01
0.19400	1.06332e-01
0.19386	1.05904e-01
0.19373	1.05392e-01
0.19359	1.04806e-01
0.19344	1.04154e-01
0.19327	1.03451e-01
0.19306	1.02709e-01
0.19281	1.01941e-01
0.19252	1.01160e-01
0.19216	1.00378e-01
0.19174	9.96052e-02
0.19126	9.88508e-02
0.19071	9.81233e-02
0.19007	9.74145e-02
0.18937	9.67473e-02
0.18860	9.61269e-02
0.18777	9.55575e-02
0.18689	9.50425e-02
0.18595	9.45839e-02
0.18496	9.41829e-02
0.18393	9.38395e-02
0.18286	9.35528e-02
0.18175	9.33206e-02
0.18064	9.31835e-02
0.17950	9.30971e-02
0.17835	9.30567e-02
0.17718	9.30567e-02
0.17599	9.30909e-02
0.17481	9.31527e-02
0.17362	9.32346e-02
0.17245	9.33289e-02
0.17128	9.34277e-02
0.17014	9.35230e-02
0.16903	9.36067e-02
0.16795	9.36712e-02
0.16691	9.37096e-02
0.16593	9.37156e-02
0.16500	9.36841e-02
0.16413	9.36115e-02
0.16333	9.34952e-02
0.16261	9.33344e-02
0.16196	9.31290e-02
0.16139	9.28798e-02
0.16091	9.25873e-02
0.16052	9.22509e-02
0.16022	9.18678e-02
0.16003	9.14315e-02
0.15996	9.09278e-02
0.16002	9.03491e-02
0.16020	8.96817e-02
0.16053	8.89178e-02
0.16100	8.80610e-02
0.16160	8.71268e-02
0.16232	8.61394e-02
0.16314	8.51262e-02
0.16405	8.41141e-02
0.16504	8.31268e-02
0.16610	8.21851e-02
0.16723	8.13068e-02
0.16841	8.05069e-02
0.16963	7.97984e-02
0.17091	7.91923e-02
0.17223	7.86980e-02
0.17358	7.83233e-02
0.17497	7.80743e-02
0.17639	7.79556e-02
0.17784	7.79700e-02
0.17932	7.81189e-02
0.18082	7.84016e-02
0.18233	7.88162e-02
0.18385	7.93587e-02
0.18538	8.00241e-02
0.18692	8.08060e-02
0.18845	8.16971e-02
0.18998	8.26893e-02
0.19149	8.37743e-02
0.19299	8.49431e-02
0.19447	8.61872e-02
0.19593	8.74978e-02
0.19737	8.88666e-02
0.19877	9.02853e-02
0.20015	9.17462e-02
0.20149	9.32419e-02
0.20280	9.47653e-02
0.20406	9.63102e-02
0.20526	9.78307e-02
0.20641	9.93653e-02
0.20751	1.00909e-01
0.20855	1.02458e-01
0.20954	1.04006e-01
0.21048	1.05552e-01
0.21134	1.07091e-01
0.21215	1.08620e-01
0.21281	1.10230e-01
0.21341	1.11825e-01
0.21394	1.13401e-01
0.21439	1.14954e-01
0.21479	1.16477e-01
0.21499	1.17898e-01
0.21513	1.19271e-01
0.21522	1.20591e-01
0.21526	1.21846e-01
0.21525	1.23026e-01
0.21521	1.24117e-01
0.21514	1.25101e-01
0.21507	1.25957e-01
0.21500	1.26661e-01
0.21496	1.27191e-01
0.21494	1.27529e-01
0.21496	1.27670e-01
0.21502	1.27617e-01
0.21510	1.27385e-01
0.21519	1.26991e-01
0.21524	1.26491e-01
0.21528	1.25861e-01
0.21530	1.25111e-01
0.21530	1.24247e-01
0.21528	1.23276e-01
0.21522	1.22200e-01
0.21512	1.21023e-01
0.21499	1.19750e-01
0.21482	1.18382e-01
0.21461	1.16923e-01
0.21432	1.15416e-01
0.21399	1.13828e-01
0.21362	1.12162e-01
0.21320	1.10426e-01
0.21274	1.08626e-01
0.21224	1.06769e-01
0.21170	1.04864e-01
0.21112	1.02919e-01
0.21051	1.00945e-01
0.20986	9.89499e-02
0.20918	9.69456e-02
0.20846	9.49426e-02
0.20772	9.29520e-02
0.20695	9.09850e-02
0.20615	8.90530e-02
0.20533	8.71671e-02
0.20449	8.53386e-02
0.20361	8.36223e-02
0.20271	8.19765e-02
0.20180	8.04095e-02
0.20088	7.89290e-02
0.19995	7.75420e-02
0.19901	7.62550e-02
0.19807	7.50733e-02
0.19707	7.39855e-02
0.19606	7.30203e-02
0.19504	7.21809e-02
0.19401	7.14689e-02
0.19297	7.08838e-02
0.19193	7.04231e-02
0.19088	7.00817e-02
0.18983	6.98518e-02
0.18878	6.97230e-02
0.18772	6.96822e-02
0.18668	6.97135e-02
0.18564	6.97984e-02
0.18462	6.99166e-02
0.18362	7.00464e-02
0.18265	7.01652e-02
0.18172	7.02513e-02
0.18082	7.02848e-02
0.17997	7.02486e-02
0.17916	7.01306e-02
0.17840	6.99236e-02
0.17768	6.96260e-02
0.17700	6.92415e-02
0.17636	6.87778e-02
0.17576	6.82459e-02
0.17517	6.76584e-02
0.17460	6.70285e-02
0.17404	6.63692e-02
0.17348	6.56925e-02
0.17292	6.50096e-02
0.17235	6.43306e-02
0.17177	6.36646e-02
0.17117	6.30199e-02
0.17056	6.24046e-02
0.16993	6.18259e-02
0.16927	6.12911e-02
0.16859	6.08073e-02
0.16787	6.03811e-02
0.16713	6.00191e-02
0.16631	5.97592e-02
0.16546	5.95755e-02
0.16457	5.94721e-02
0.16365	5.94527e-02
0.16269	5.95206e-02
0.16169	5.96779e-02
0.16066	5.99265e-02
0.15959	6.02675e-02
0.15849	6.07013e-02
0.15736	6.12276e-02
0.15619	6.18455e-02
0.15500	6.25532e-02
0.15378	6.33478e-02
0.15249	6.41969e-02
0.15118	6.51290e-02
0.14985	6.61377e-02
0.14847	6.72363e-02
0.14706	6.84000e-02
0.14564	6.96177e-02
0.14420	7.08767e-02
0.14275	7.21628e-02
0.14130	7.34606e-02
0.13985	7.47532e-02
0.13841	7.60227e-02
0.13700	7.72504e-02
0.13564	7.84169e-02
0.13434	7.95027e-02
0.13313	8.04860e-02
0.13199	8.13734e-02
0.13100	8.20802e-02
0.13022	8.25306e-02
0.12970	8.26579e-02
0.12944	8.24917e-02
0.12935	8.21419e-02
0.12939	8.17074e-02
0.12951	8.12490e-02
0.12968	8.08010e-02
0.12989	8.03837e-02
0.13009	7.99831e-02
0.13032	7.96358e-02
0.13057	7.93499e-02
0.13083	7.91331e-02
0.13111	7.89925e-02
0.13141	7.89352e-02
0.13171	7.89672e-02
0.13204	7.90937e-02
0.13237	7.93177e-02
0.13271	7.96406e-02
0.13307	8.00612e-02
0.13344	8.05759e-02
0.13383	8.11781e-02
0.13423	8.18580e-02
0.13465	8.26018e-02
0.13509	8.33901e-02
0.13558	8.41963e-02
0.13613	8.49697e-02
0.13677	8.56806e-02
0.13750	8.62852e-02
0.13835	8.67573e-02
0.13930	8.70997e-02
0.14034	8.73372e-02
0.14144	8.74998e-02
0.14254	8.75780e-02
0.14367	8.76218e-02
0.14481	8.76402e-02
0.14596	8.76379e-02
0.14712	8.76166e-02
0.14828	8.75766e-02
0.14944	8.75172e-02
0.15060	8.74372e-02
0.15176	8.73350e-02
0.15291	8.72093e-02
0.15407	8.70585e-02
0.15521	8.68811e-02
0.15636	8.66759e-02
0.15749	8.64414e-02
0.15862	8.61764e-02
0.15973	8.58798e-02
0.16082	8.55504e-02
0.16190	8.51871e-02
0.16296	8.47888e-02
0.16400	8.43546e-02
0.16500	8.38836e-02
0.16598	8.33749e-02
0.16692	8.28279e-02
0.16782	8.22419e-02
0.16868	8.16165e-02
0.16950	8.09512e-02
0.17027	8.02460e-02
0.17100	7.95006e-02
0.17168	7.87151e-02
0.17231	7.78901e-02
0.17289	7.70260e-02
0.17337	7.61096e-02
0.17379	7.51560e-02
0.17416	7.41667e-02
0.17448	7.31435e-02
0.17474	7.20885e-02
0.17495	7.10039e-02
0.17511	6.98923e-02
0.17517	6.87033e-02
0.17518	6.74910e-02
0.17514	6.62583e-02
0.17505	6.50083e-02
0.17492	6.37440e-02
0.17473	6.24688e-02
0.17450	6.11860e-02
0.17423	5.98993e-02
0.17392	5.86124e-02
0.17358	5.73295e-02
0.17320	5.60549e-02
0.17280	5.47933e-02
0.17238	5.35496e-02
0.17191	5.22294e-02
0.17143	5.09331e-02
0.17094	4.96663e-02
0.17047	4.84264e-02
0.16999	4.72246e-02
0.16951	4.60666e-02
0.16903	4.49582e-02
0.16856	4.39055e-02
0.16810	4.29150e-02
0.16766	4.19942e-02
0.16724	4.11511e-02
0.16684	4.03947e-02
0.16647	3.97352e-02
0.16613	3.91833e-02
0.16583	3.87504e-02
0.16554	3.84767e-02
0.16530	3.83447e-02
0.16509	3.83638e-02
0.16491	3.85410e-02
0.16477	3.88807e-02
0.16467	3.93838e-02
0.16458	4.00479e-02
0.16452	4.08676e-02
0.16448	4.18346e-02
0.16445	4.29388e-02
0.16437	4.41376e-02
0.16430	4.54468e-02
0.16421	4.68553e-02
0.16412	4.83519e-02
0.16401	4.99261e-02
0.16387	5.15679e-02
0.16371	5.32679e-02
0.16352	5.50173e-02
0.16329	5.68077e-02
0.16302	5.86310e-02
0.16270	6.04794e-02
0.16234	6.23450e-02
0.16193	6.42200e-02
0.16146	6.60962e-02
0.16094	6.79650e-02
0.16037	6.98174e-02
0.15974	7.16441e-02
0.15902	7.33363e-02
0.15825	7.49817e-02
0.15744	7.65709e-02
0.15659	7.80947e-02
0.15572	7.95449e-02
0.15482	8.09146e-02
0.15391	8.21987e-02
0.15300	8.33944e-02
0.15208	8.45012e-02
0.15118	8.55210e-02
0.15028	8.64579e-02
0.14939	8.73179e-02
0.14852	8.81084e-02
0.14767	8.88375e-02
0.14683	8.95140e-02
0.14601	9.01463e-02
0.14521	9.07424e-02
0.14443	9.13092e-02
0.14367	9.18508e-02
0.14293	9.23662e-02
0.14224	9.28386e-02
0.14165	9.31988e-02
0.14129	9.32383e-02
0.14124	9.28480e-02
0.14135	9.22721e-02
0.14150	9.16651e-02
0.14168	9.10770e-02
0.14185	9.05268e-02
0.14203	9.00236e-02
0.14220	8.95718e-02
0.14235	8.91734e-02
0.14249	8.88282e-02
0.14261	8.85343e-02
0.14270	8.82884e-02
0.14274	8.80697e-02
0.14275	8.78902e-02
0.14272	8.77446e-02
0.14266	8.76273e-02
0.14257	8.75328e-02
0.14244	8.74558e-02
0.14227	8.73913e-02
0.14208	8.73347e-02
0.14185	8.72816e-02
0.14161	8.72278e-02
0.14135	8.71692e-02
0.14106	8.71126e-02
0.14078	8.70352e-02
0.14051	8.69267e-02
0.14026	8.67727e-02
0.14005	8.65519e-02
0.13991	8.62344e-02
0.13984	8.57864e-02
0.13988	8.51861e-02
0.14001	8.44385e-02
0.14021	8.35668e-02
0.14048	8.25951e-02
0.14080	8.15414e-02
0.14115	8.04183e-02
0.14140	7.92027e-02
0.14167	7.79344e-02
0.14196	7.66215e-02
0.14228	7.52609e-02
0.14260	7.38767e-02
0.14291	7.24782e-02
0.14322	7.10743e-02
0.14351	6.96745e-02
0.14379	6.82878e-02
0.14405	6.69233e-02
0.14429	6.55894e-02
0.14451	6.42945e-02
0.14470	6.30462e-02
0.14486	6.18519e-02
0.14500	6.07187e-02
0.14513	5.96507e-02
0.14523	5.86588e-02
0.14530	5.77499e-02
0.14535	5.69306e-02
0.14539	5.62073e-02
0.14540	5.55863e-02
0.14541	5.50729e-02
0.14540	5.46720e-02
0.14539	5.43872e-02
0.14537	5.42208e-02
0.14535	5.41725e-02
0.14534	5.42415e-02
0.14535	5.44255e-02
0.14537	5.47204e-02
0.14541	5.51208e-02
0.14548	5.56196e-02
0.14558	5.62083e-02
0.14572	5.68766e-02
0.14590	5.76119e-02
0.14613	5.83988e-02
0.14641	5.92178e-02
0.14677	6.00444e-02
0.14720	6.08476e-02
0.14773	6.15917e-02
0.14836	6.22406e-02
0.14911	6.27671e-02
0.14997	6.31630e-02
0.15096	6.34506e-02
0.15205	6.36468e-02
0.15320	6.37821e-02
0.15442	6.38841e-02
0.15567	6.39742e-02
0.15696	6.40680e-02
0.15826	6.41764e-02
0.15957	6.43067e-02
0.16088	6.44634e-02
0.16218	6.46494e-02
0.16347	6.48658e-02
0.16473	6.51132e-02
0.16597	6.53914e-02
0.16717	6.56999e-02
0.16834	6.60380e-02
0.16947	6.64053e-02
0.17055	6.68012e-02
0.17159	6.72258e-02
0.17258	6.76789e-02
0.17352	6.81608e-02
0.17441	6.86716e-02
0.17524	6.92116e-02
0.17602	6.97806e-02
0.17675	7.03779e-02
0.17742	7.10023e-02
0.17803	7.16519e-02
0.17859	7.23239e-02
0.17910	7.30147e-02
0.17955	7.37198e-02
0.17994	7.44343e-02
0.18029	7.51523e-02
0.18059	7.58677e-02
0.18084	7.65739e-02
0.18105	7.72643e-02
0.18123	7.79355e-02
0.18137	7.85798e-02
0.18147	7.91918e-02
0.18153	7.97668e-02
0.18156	8.03013e-02
0.18156	8.07932e-02
0.18152	8.12419e-02
0.18145	8.16485e-02
0.18135	8.20160e-02
0.18122	8.23489e-02
0.18105	8.26532e-02
0.18084	8.29187e-02
0.18059	8.31683e-02
0.18032	8.34092e-02
0.18002	8.36477e-02
0.17969	8.38889e-02
0.17934	8.41363e-02
0.17897	8.43915e-02
0.17859	8.46534e-02
0.17820	8.49185e-02
0.17780	8.51807e-02
0.17740	8.54305e-02
0.17701	8.56554e-02
0.17663	8.58396e-02
0.17634	8.59396e-02
0.17607	8.59767e-02
0.17583	8.59316e-02
0.17559	8.58124e-02
0.17539	8.55828e-02
0.17524	8.52341e-02
0.17512	8.47644e-02
0.17505	8.41788e-02
0.17500	8.34874e-02
0.17498	8.27035e-02
0.17498	8.18424e-02
0.17499	8.09192e-02
0.17500	7.99486e-02
0.17501	7.89445e-02
0.17501	7.79202e-02
0.17501	7.68861e-02
0.17500	7.58546e-02
0.17497	7.48368e-02
0.17492	7.38430e-02
0.17486	7.28830e-02
0.17478	7.19658e-02
0.17467	7.10996e-02
0.17454	7.02915e-02
0.17439	6.95475e-02
0.17422	6.88723e-02
0.17405	6.82903e-02
0.17386	6.77782e-02
0.17366	6.73362e-02
0.17343	6.69632e-02
0.17319	6.66569e-02
0.17293	6.64134e-02
0.17267	6.62281e-02
0.17240	6.60949e-02
0.17214	6.60072e-02
0.17188	6.59579e-02
0.17163	6.59393e-02
0.17139	6.59440e-02
0.17117	6.59646e-02
0.17097	6.59944e-02
0.17080	6.60273e-02
0.17065	6.60584e-02
0.17053	6.60837e-02
0.17049	6.60924e-02
0.17047	6.60954e-02
0.17048	6.60928e-02
0.17051	6.60856e-02
0.17056	6.60759e-02
0.17063	6.60659e-02
0.17070	6.60586e-02
0.17079	6.60569e-02
0.17088	6.60637e-02
0.17097	6.60813e-02
0.17106	6.61118e-02
0.17115	6.61566e-02
0.17124	6.62162e-02
0.17132	6.62903e-02
0.17140	6.63779e-02
0.17148	6.64774e-02
0.17155	6.65864e-02
0.17162	6.67023e-02
0.17170	6.68225e-02
0.17177	6.69443e-02
0.17184	6.70659e-02
0.17192	6.71858e-02
0.17199	6.73039e-02
0.17207	6.74211e-02
0.17215	6.75397e-02
0.17222	6.76630e-02
0.17228	6.77952e-02
0.17234	6.79415e-02
0.17239	6.81074e-02
0.17241	6.82984e-02
0.17242	6.85201e-02
0.17241	6.87774e-02
0.17237	6.90746e-02
0.17229	6.94152e-02
0.17217	6.98005e-02
0.17202	7.02324e-02
0.17183	7.07110e-02
0.17160	7.12349e-02
0.17134	7.18014e-02
0.17104	7.24062e-02
0.17071	7.30439e-02
0.17034	7.37072e-02
0.16994	7.43884e-02
0.16950	7.50783e-02
0.16904	7.57678e-02
0.16853	7.64571e-02
0.16800	7.71274e-02
0.16745	7.77692e-02
0.16689	7.83740e-02
0.16631	7.89337e-02
0.16573	7.94413e-02
0.16515	7.98909e-02
0.16458	8.02780e-02
0.16401	8.05994e-02
0.16345	8.08533e-02
0.16290	8.10398e-02
0.16236	8.11606e-02
0.16184	8.12190e-02
0.16131	8.11577e-02
0.16080	8.10425e-02
0.16030	8.08803e-02
0.15979	8.06710e-02
0.15930	8.04270e-02
0.15881	8.01530e-02
0.15833	7.98502e-02
0.15787	7.95133e-02
0.15743	7.91261e-02
0.15705	7.86594e-02
0.15674	7.80773e-02
0.15650	7.73610e-02
0.15635	7.65290e-02
0.15626	7.56252e-02
0.15621	7.46934e-02
0.15617	7.37774e-02
0.15616	7.28866e-02
0.15617	7.20336e-02
0.15621	7.12249e-02
0.15626	7.04629e-02
0.15634	6.97475e-02
0.15645	6.90764e-02
0.15657	6.84468e-02
0.15672	6.78552e-02
0.15689	6.72984e-02
0.15711	6.67237e-02
0.15736	6.61729e-02
0.15761	6.56444e-02
0.15788	6.51369e-02
0.15816	6.46501e-02
0.15844	6.41839e-02
0.15872	6.37389e-02
0.15900	6.33160e-02
0.15928	6.29165e-02
0.15955	6.25422e-02
0.15980	6.21951e-02
0.16004	6.18775e-02
0.16027	6.15919e-02
0.16048	6.13407e-02
0.16067	6.11264e-02
0.16083	6.09510e-02
0.16097	6.08157e-02
0.16107	6.07272e-02
0.16115	6.06793e-02
0.16120	6.06710e-02
0.16122	6.07005e-02
0.16120	6.07656e-02
0.16116	6.08635e-02
0.16109	6.09916e-02
0.16099	6.11474e-02
0.16086	6.13288e-02
0.16071	6.15342e-02
0.16053	6.17626e-02
0.16033	6.20135e-02
0.16011	6.22866e-02
0.15987	6.25821e-02
0.15961	6.29001e-02
0.15933	6.32407e-02
0.15904	6.36039e-02
0.15873	6.39896e-02
0.15841	6.43973e-02
0.15808	6.48264e-02
0.15773	6.52759e-02
0.15737	6.57448e-02
0.15699	6.62318e-02
0.15660	6.67352e-02
0.15619	6.72533e-02
0.15575	6.77841e-02
0.15530	6.83252e-02
0.15483	6.88737e-02
0.15433	6.94265e-02
0.15381	6.99798e-02
0.15327	7.05296e-02
0.15271	7.10712e-02
0.15213	7.15995e-02
0.15153	7.21086e-02
0.15090	7.26147e-02
0.15026	7.30867e-02
0.14962	7.35164e-02
0.14899	7.38949e-02
0.14837	7.42135e-02
0.14777	7.44634e-02
0.14720	7.46373e-02
0.14667	7.47301e-02
0.14619	7.47400e-02
0.14575	7.46697e-02
0.14537	7.45263e-02
0.14498	7.42665e-02
0.14464	7.39556e-02
0.14435	7.36078e-02
0.14409	7.32367e-02
0.14386	7.28540e-02
0.14367	7.24691e-02
0.14351	7.20882e-02
0.14338	7.17149e-02
0.14327	7.13494e-02
0.14319	7.09895e-02
0.14315	7.06309e-02
0.14313	7.02677e-02
0.14314	6.98933e-02
0.14318	6.94461e-02
0.14324	6.89804e-02
0.14334	6.84925e-02
0.14347	6.79786e-02
0.14364	6.74404e-02
0.14385	6.68796e-02
0.14410	6.62995e-02
0.14438	6.57043e-02
0.14470	6.50989e-02
0.14505	6.44885e-02
0.14544	6.38780e-02
0.14587	6.32725e-02
0.14633	6.26765e-02
0.14682	6.20946e-02
0.14734	6.15314e-02
0.14788	6.09554e-02
0.14845	6.04107e-02
0.14905	5.99035e-02
0.14968	5.94408e-02
0.15034	5.90307e-02
0.15102	5.86817e-02
0.15172	5.84033e-02
0.15244	5.82046e-02
0.15317	5.80943e-02
0.15391	5.80800e-02
0.15466	5.81588e-02
0.15540	5.83400e-02
0.15615	5.86217e-02
0.15688	5.89958e-02
0.15761	5.94454e-02
0.15834	5.99409e-02
0.15908	6.04345e-02
0.15985	6.08564e-02
0.16067	6.11232e-02
0.16157	6.11702e-02
0.16253	6.09917e-02
0.16354	6.06400e-02
0.16456	6.01878e-02
0.16555	5.96980e-02
0.16650	5.92166e-02
0.16740	5.87756e-02
0.16822	5.83976e-02
0.16898	5.80983e-02
0.16965	5.78891e-02
0.17025	5.77778e-02
0.17077	5.77698e-02
0.17122	5.78682e-02
0.17159	5.80741e-02
0.17189	5.83873e-02
0.17212	5.88061e-02
0.17228	5.93279e-02
0.17239	5.99492e-02
0.17243	6.06655e-02
0.17243	6.14721e-02
0.17237	6.23632e-02
0.17226	6.33328e-02
0.17211	6.43741e-02
0.17192	6.54794e-02
0.17169	6.66404e-02
0.17142	6.78476e-02
0.17112	6.90904e-02
0.17079	7.03566e-02
0.17043	7.16329e-02
0.17005	7.29036e-02
0.16965	7.41513e-02
0.16923	7.53556e-02
0.16881	7.64921e-02
0.16839	7.75313e-02
0.16799	7.84375e-02
0.16763	7.91722e-02
0.16731	7.97064e-02
0.16705	8.00373e-02
0.16683	8.01905e-02
0.16663	8.02029e-02
0.16645	8.01066e-02
0.16627	7.99236e-02
0.16606	7.96975e-02
0.16586	7.94007e-02
0.16565	7.90391e-02
0.16544	7.86169e-02
0.16523	7.81375e-02
0.16502	7.76037e-02
0.16481	7.70185e-02
0.16460	7.63842e-02
0.16439	7.57033e-02
0.16418	7.49781e-02
0.16398	7.42107e-02
0.16379	7.34046e-02
0.16360	7.25604e-02
0.16342	7.16801e-02
0.16325	7.07655e-02
0.16309	6.98193e-02
0.16294	6.88444e-02
0.16280	6.78446e-02
0.16267	6.68247e-02
0.16255	6.57908e-02
0.16243	6.47499e-02
0.16232	6.37102e-02
0.16220	6.26810e-02
0.16207	6.16725e-02
0.16185	6.06154e-02
0.16161	5.96043e-02
0.16134	5.86499e-02
0.16103	5.77482e-02
0.16069	5.69237e-02
0.16031	5.61868e-02
0.15989	5.55472e-02
0.15943	5.50140e-02
0.15892	5.45953e-02
0.15838	5.42983e-02
0.15779	5.41289e-02
0.15716	5.40919e-02
0.15649	5.41906e-02
0.15578	5.44268e-02
0.15504	5.48005e-02
0.15422	5.53330e-02
0.15338	5.59969e-02
0.15251	5.67871e-02
0.15161	5.76974e-02
0.15069	5.87202e-02
0.14975	5.98473e-02
0.14878	6.10698e-02
0.14780	6.23782e-02
0.14679	6.37626e-02
0.14577	6.52129e-02
0.14469	6.67181e-02
0.14359	6.82680e-02
0.14247	6.98504e-02
0.14130	7.14574e-02
0.14011	7.30693e-02
0.13889	7.46708e-02
0.13765	7.62456e-02
0.13639	7.77756e-02
0.13512	7.92415e-02
0.13385	8.06223e-02
0.13260	8.18957e-02
0.13137	8.30389e-02
0.13020	8.40272e-02
0.12911	8.48262e-02
0.12816	8.53558e-02
0.12749	8.54213e-02
0.12721	8.48833e-02
0.12715	8.39715e-02
0.12718	8.29184e-02
0.12721	8.18294e-02
0.12723	8.07515e-02
0.12722	7.97102e-02
0.12718	7.87210e-02
0.12710	7.77939e-02
0.12699	7.69356e-02
0.12685	7.61499e-02
0.12667	7.54386e-02
0.12646	7.48018e-02
0.12623	7.42377e-02
0.12598	7.37435e-02
0.12572	7.33150e-02
0.12544	7.29475e-02
0.12516	7.26355e-02
0.12489	7.23738e-02
0.12461	7.21576e-02
0.12435	7.19828e-02
0.12410	7.18471e-02
0.12388	7.17493e-02
0.12367	7.16900e-02
0.12348	7.16712e-02
0.12331	7.16959e-02
0.12316	7.17675e-02
0.12304	7.18897e-02
0.12294	7.20650e-02
0.12286	7.22954e-02
0.12280	7.25813e-02
0.12277	7.29216e-02
0.12277	7.33139e-02
0.12280	7.37548e-02
0.12287	7.42400e-02
0.12297	7.47653e-02
0.12309	7.53404e-02
0.12325	7.59549e-02
0.12344	7.66061e-02
0.12365	7.72902e-02
0.12390	7.80005e-02
0.12418	7.87236e-02
0.12450	7.94311e-02
0.12490	8.00620e-02
0.12544	8.05067e-02
0.12618	8.06731e-02
0.12708	8.06116e-02
0.12802	8.03592e-02
0.12899	8.00691e-02
0.12995	7.97752e-02
0.13090	7.94915e-02
0.13182	7.92232e-02
0.13273	7.89710e-02
0.13361	7.87338e-02
0.13447	7.85095e-02
0.13530	7.82958e-02
0.13612	7.80906e-02
0.13692	7.78919e-02
0.13770	7.76984e-02
0.13847	7.75086e-02
0.13930	7.72997e-02
0.14012	7.70925e-02
0.14094	7.68851e-02
0.14175	7.66869e-02
0.14258	7.64791e-02
0.14344	7.62526e-02
0.14433	7.59948e-02
0.14528	7.56889e-02
0.14630	7.53148e-02
0.14740	7.48505e-02
0.14859	7.42755e-02
0.14989	7.35760e-02
0.15129	7.27490e-02
0.15278	7.18040e-02
0.15436	7.07615e-02
0.15601	6.96487e-02
0.15770	6.84958e-02
0.15943	6.73322e-02
0.16117	6.61852e-02
0.16292	6.50787e-02
0.16466	6.40334e-02
0.16638	6.30662e-02
0.16807	6.21907e-02
0.16972	6.14171e-02
0.17133	6.07523e-02
0.17291	6.02125e-02
0.17444	5.97856e-02
0.17591	5.94695e-02
0.17732	5.92557e-02
0.17866	5.91434e-02
0.17994	5.91250e-02
0.18115	5.91917e-02
0.18230	5.93341e-02
0.18339	5.95423e-02
0.18442	5.98068e-02
0.18539	6.01182e-02
0.18632	6.04680e-02
0.18720	6.08485e-02
0.18804	6.12529e-02
0.18884	6.16753e-02
0.18962	6.21110e-02
0.19036	6.25566e-02
0.19110	6.30021e-02
0.19182	6.34514e-02
0.19252	6.39042e-02
0.19321	6.43615e-02
0.19388	6.48249e-02
0.19454	6.52972e-02
0.19519	6.57814e-02
0.19582	6.62811e-02
0.19643	6.67998e-02
0.19703	6.73410e-02
0.19760	6.79074e-02
0.19815	6.85014e-02
0.19868	6.91240e-02
0.19917	6.97754e-02
0.19964	7.04543e-02
0.20007	7.11580e-02
0.20047	7.18825e-02
0.20083	7.26226e-02
0.20115	7.33718e-02
0.20143	7.41231e-02
0.20166	7.48691e-02
0.20184	7.56024e-02
0.20196	7.63164e-02
0.20204	7.70052e-02
0.20206	7.76640e-02
0.20202	7.82896e-02
0.20192	7.88796e-02
0.20176	7.94332e-02
0.20154	7.99500e-02
0.20126	8.04310e-02
0.20091	8.08772e-02
0.20050	8.12903e-02
0.20003	8.16723e-02
0.19949	8.20251e-02
0.19888	8.23503e-02
0.19821	8.26493e-02
0.19747	8.29241e-02
0.19667	8.31762e-02
0.19579	8.34070e-02
0.19486	8.36180e-02
0.19385	8.38099e-02
0.19279	8.39837e-02
0.19165	8.41395e-02
0.19046	8.42775e-02
0.18921	8.43974e-02
0.18788	8.45146e-02
0.18649	8.46115e-02
0.18505	8.46867e-02
0.18356	8.47377e-02
0.18203	8.47616e-02
0.18045	8.47543e-02
0.17884	8.47098e-02
0.17721	8.46191e-02
0.17557	8.44678e-02
0.17393	8.42352e-02
0.17231	8.38980e-02
0.17073	8.34465e-02
0.16918	8.29004e-02
0.16757	8.23030e-02
0.16597	8.16861e-02
0.16437	8.10752e-02
0.16274	8.04498e-02
0.16111	7.98572e-02
0.15949	7.93053e-02
0.15787	7.87996e-02
0.15627	7.83444e-02
0.15468	7.79427e-02
0.15310	7.75967e-02
0.15155	7.73078e-02
0.15002	7.70767e-02
0.14852	7.69035e-02
0.14705	7.67877e-02
0.14562	7.67286e-02
0.14422	7.67248e-02
0.14286	7.67748e-02
0.14154	7.68768e-02
0.14027	7.70281e-02
0.13905	7.72256e-02
0.13788	7.74645e-02
0.13677	7.77379e-02
0.13572	7.80349e-02
0.13476	7.83386e-02
0.13389	7.86226e-02
0.13318	7.87882e-02
0.13262	7.88353e-02
0.13227	7.86943e-02
0.13215	7.83038e-02
0.13227	7.76526e-02
0.13261	7.67747e-02
0.13311	7.57298e-02
0.13374	7.45767e-02
0.13447	7.33612e-02
0.13528	7.21173e-02
0.13614	7.08700e-02
0.13705	6.96385e-02
0.13799	6.84386e-02
0.13896	6.72831e-02
0.13994	6.61834e-02
0.14093	6.51490e-02
0.14193	6.41881e-02
0.14291	6.33148e-02
0.14387	6.25280e-02
0.14482	6.18324e-02
0.14576	6.12320e-02
0.14666	6.07301e-02
0.14754	6.03292e-02
0.14838	6.00313e-02
0.14918	5.98376e-02
0.14994	5.97484e-02
0.15064	5.97634e-02
0.15130	5.98809e-02
0.15190	6.00985e-02
0.15245	6.04125e-02
0.15293	6.08183e-02
0.15335	6.13102e-02
0.15371	6.18815e-02
0.15400	6.25250e-02
0.15422	6.32327e-02
0.15438	6.39962e-02
0.15448	6.48068e-02
0.15450	6.56556e-02
0.15447	6.65337e-02
0.15437	6.74320e-02
0.15421	6.83416e-02
0.15399	6.92535e-02
0.15371	7.01587e-02
0.15338	7.10483e-02
0.15301	7.19131e-02
0.15258	7.27441e-02
0.15212	7.35320e-02
0.15162	7.42676e-02
0.15109	7.49415e-02
0.15054	7.55449e-02
0.14997	7.60694e-02
0.14936	7.65603e-02
0.14874	7.69684e-02
0.14812	7.72895e-02
0.14749	7.75219e-02
0.14688	7.76662e-02
0.14628	7.77248e-02
0.14568	7.77015e-02
0.14510	7.76001e-02
0.14454	7.74230e-02
0.14398	7.71710e-02
0.14345	7.68427e-02
0.14292	7.64283e-02
0.14242	7.59314e-02
0.14193	7.53519e-02
0.14147	7.46944e-02
0.14101	7.39692e-02
0.14055	7.31911e-02
0.14009	7.23781e-02
0.13961	7.15495e-02
0.13911	7.07247e-02
0.13857	6.99224e-02
0.13799	6.91602e-02
0.13738	6.84550e-02
0.13671	6.78226e-02
0.13602	6.72968e-02
0.13528	6.68695e-02
0.13450	6.65521e-02
0.13370	6.63279e-02
0.13286	6.62291e-02
0.13199	6.62619e-02
0.13109	6.64304e-02
0.13016	6.67364e-02
0.12920	6.71794e-02
0.12823	6.77566e-02
0.12723	6.84629e-02
0.12623	6.92911e-02
0.12523	7.02313e-02
0.12422	7.12707e-02
0.12323	7.23927e-02
0.12226	7.35745e-02
0.12133	7.47844e-02
0.12048	7.59807e-02
0.11972	7.71219e-02
0.11907	7.81877e-02
0.11861	7.90811e-02
0.11907	7.86961e-02
0.11985	7.79229e-02
0.12065	7.72111e-02
0.12145	7.65940e-02
0.12228	7.60633e-02
0.12310	7.56370e-02
0.12390	7.53131e-02
0.12466	7.50435e-02
0.12541	7.48666e-02
0.12615	7.47749e-02
0.12688	7.47600e-02
0.12760	7.48133e-02
0.12832	7.49263e-02
0.12903	7.50912e-02
0.12974	7.53008e-02
0.13045	7.55491e-02
0.13116	7.58315e-02
0.13187	7.61446e-02
0.13258	7.64864e-02
0.13329	7.68561e-02
0.13401	7.72540e-02
0.13469	7.76294e-02
0.13537	7.80334e-02
0.13605	7.84681e-02
0.13673	7.89355e-02
0.13741	7.94368e-02
0.13809	7.99727e-02
0.13876	8.05429e-02
0.13944	8.11458e-02
0.14011	8.17786e-02
0.14077	8.24370e-02
0.14143	8.31160e-02
0.14209	8.38094e-02
0.14274	8.45102e-02
0.14339	8.52116e-02
0.14402	8.59069e-02
0.14465	8.65904e-02
0.14527	8.72580e-02
0.14587	8.79074e-02
0.14645	8.85382e-02
0.14700	8.91517e-02
0.14752	8.97503e-02
0.14800	9.03361e-02
0.14845	9.09096e-02
0.14884	9.14729e-02
0.14919	9.20271e-02
0.14949	9.25724e-02
0.14973	9.31085e-02
0.14991	9.36343e-02
0.15003	9.41479e-02
0.15009	9.46469e-02
0.15009	9.51284e-02
0.15002	9.55885e-02
0.14990	9.60227e-02
0.14972	9.64254e-02
0.14951	9.67679e-02
0.14925	9.70607e-02
0.14895	9.72901e-02
0.14863	9.74364e-02
0.14830	9.74743e-02
0.14800	9.73775e-02
0.14773	9.71308e-02
0.14749	9.67402e-02
0.14726	9.62306e-02
0.14704	9.56332e-02
0.14681	9.49759e-02
0.14654	9.42478e-02
0.14624	9.34959e-02
0.14591	9.27326e-02
0.14555	9.19676e-02
0.14514	9.12088e-02
0.14471	9.04629e-02
0.14423	8.97354e-02
0.14373	8.90310e-02
0.14318	8.83535e-02
0.14261	8.77059e-02
0.14200	8.70905e-02
0.14136	8.65082e-02
0.14069	8.59590e-02
0.14002	8.54007e-02
0.13933	8.48758e-02
0.13862	8.43823e-02
0.13794	8.38790e-02
0.13725	8.34001e-02
0.13655	8.29425e-02
0.13585	8.25037e-02
0.13515	8.20819e-02
0.13445	8.16772e-02
0.13376	8.12908e-02
0.13308	8.09252e-02
0.13241	8.05832e-02
0.13175	8.02679e-02
0.13110	7.99814e-02
0.13047	7.97253e-02
0.12984	7.94997e-02
0.12922	7.93037e-02
0.12862	7.91353e-02
0.12802	7.89919e-02
0.12745	7.88702e-02
0.12688	7.87665e-02
0.12633	7.86772e-02
0.12580	7.85987e-02
0.12525	7.84535e-02
0.12471	7.83113e-02
0.12419	7.81696e-02
0.12369	7.80263e-02
0.12320	7.78799e-02
0.12276	7.77159e-02
0.12232	7.75466e-02
0.12191	7.73720e-02
0.12150	7.71923e-02
0.12111	7.70084e-02
0.12073	7.68210e-02
0.12036	7.66308e-02
0.11999	7.64383e-02
0.11963	7.62437e-02
0.11926	7.60464e-02
0.11890	7.58452e-02
0.11853	7.56383e-02
0.11816	7.54234e-02
0.11779	7.51976e-02
0.11740	7.49697e-02
0.11700	7.47240e-02
0.11661	7.44570e-02
0.11622	7.41658e-02
0.11583	7.38482e-02
0.11543	7.35021e-02
0.11504	7.31263e-02
0.11465	7.27193e-02
0.11426	7.22799e-02
0.11387	7.18065e-02
0.11349	7.12969e-02
0.11311	7.07486e-02
0.11274	7.01589e-02
0.11237	6.95249e-02
0.11201	6.88443e-02
0.11166	6.81157e-02
0.11132	6.73391e-02
0.11098	6.65162e-02
0.11064	6.56504e-02
0.11030	6.47467e-02
0.10997	6.38112e-02
0.10962	6.28520e-02
0.10927	6.18748e-02
0.10891	6.08870e-02
0.10856	5.98952e-02
0.10820	5.89057e-02
0.10785	5.79241e-02
0.10752	5.69550e-02
0.10720	5.60026e-02
0.10690	5.50700e-02
0.10663	5.41598e-02
0.10640	5.32743e-02
0.10621	5.24154e-02
0.10607	5.15852e-02
0.10601	5.07803e-02
0.10601	5.00080e-02
0.10608	4.92720e-02
0.10622	4.85766e-02
0.10644	4.79269e-02
0.10674	4.73284e-02
0.10712	4.67873e-02
0.10758	4.63097e-02
0.10812	4.59019e-02
0.10874	4.55696e-02
0.10944	4.53179e-02
0.11022	4.51511e-02
0.11106	4.50726e-02
0.11197	4.50841e-02
0.11294	4.51863e-02
0.11397	4.53781e-02
0.11505	4.56569e-02
0.11617	4.60184e-02
0.11734	4.64569e-02
0.11854	4.69654e-02
0.11977	4.75356e-02
0.12102	4.81585e-02
0.12230	4.88241e-02
0.12359	4.95220e-02
0.12488	5.01127e-02
0.12617	5.07227e-02
0.12747	5.13449e-02
0.12873	5.19345e-02
0.12999	5.25232e-02
0.13123	5.31060e-02
0.13246	5.36787e-02
0.13368	5.42381e-02
0.13488	5.47820e-02
0.13606	5.53091e-02
0.13721	5.58188e-02
0.13834	5.63118e-02
0.13944	5.67892e-02
0.14050	5.72529e-02
0.14153	5.77055e-02
0.14251	5.81498e-02
0.14346	5.85892e-02
0.14436	5.90271e-02
0.14521	5.94674e-02
0.14600	5.99136e-02
0.14675	6.03696e-02
0.14743	6.08389e-02
0.14806	6.13246e-02
0.14860	6.17803e-02
0.14908	6.22576e-02
0.14949	6.27579e-02
0.14985	6.32815e-02
0.15014	6.38269e-02
0.15035	6.43896e-02
0.15051	6.49638e-02
0.15061	6.55389e-02
0.15066	6.60988e-02
0.15065	6.66213e-02
0.15061	6.70783e-02
0.15054	6.74397e-02
0.15044	6.76821e-02
0.15032	6.77981e-02
0.15017	6.77992e-02
0.14998	6.77089e-02
0.14973	6.75530e-02
0.14942	6.73533e-02
0.14903	6.71263e-02
0.14857	6.68813e-02
0.14803	6.66292e-02
0.14742	6.63748e-02
0.14675	6.61209e-02
0.14603	6.58684e-02
0.14526	6.56171e-02
0.14445	6.53655e-02
0.14361	6.51119e-02
0.14274	6.48539e-02
0.14187	6.45886e-02
0.14099	6.43130e-02
0.14012	6.40233e-02
0.13927	6.37145e-02
0.13844	6.33802e-02
0.13765	6.30119e-02
0.13690	6.25985e-02
0.13620	6.21271e-02
0.13555	6.15836e-02
0.13497	6.09548e-02
0.13445	6.02310e-02
0.13398	5.94080e-02
0.13356	5.84946e-02
0.13318	5.74946e-02
0.13283	5.64225e-02
0.13249	5.52958e-02
0.13216	5.41326e-02
0.13181	5.29504e-02
0.13145	5.17655e-02
0.13107	5.05914e-02
0.13066	4.94417e-02
0.13023	4.83270e-02
0.12977	4.72564e-02
0.12929	4.62373e-02
0.12880	4.52754e-02
0.12831	4.43867e-02
0.12781	4.35629e-02
0.12732	4.28058e-02
0.12684	4.21162e-02
0.12638	4.14947e-02
0.12595	4.09417e-02
0.12556	4.04581e-02
0.12520	4.00456e-02
0.12489	3.97073e-02
0.12462	3.94475e-02
0.12441	3.92718e-02
0.12424	3.91869e-02
0.12413	3.92000e-02
0.12407	3.93185e-02
0.12406	3.95488e-02
0.12409	3.98960e-02
0.12418	4.03631e-02
0.12431	4.09507e-02
0.12448	4.16566e-02
0.12470	4.24758e-02
0.12496	4.34006e-02
0.12526	4.44216e-02
0.12560	4.55281e-02
0.12599	4.67093e-02
0.12643	4.78768e-02
0.12690	4.91088e-02
0.12740	5.03989e-02
0.12790	5.17151e-02
0.12843	5.30791e-02
0.12896	5.44878e-02
0.12951	5.59384e-02
0.13006	5.74282e-02
0.13061	5.89544e-02
0.13115	6.05138e-02
0.13169	6.21028e-02
0.13221	6.37177e-02
0.13273	6.53545e-02
0.13323	6.70089e-02
0.13371	6.86768e-02
0.13417	7.03536e-02
0.13461	7.20345e-02
0.13504	7.37132e-02
0.13544	7.53754e-02
0.13591	7.68774e-02
0.13696	7.73114e-02
0.13817	7.74147e-02
0.13939	7.74405e-02
0.14063	7.73817e-02
0.14189	7.72164e-02
0.14317	7.69078e-02
0.14450	7.64295e-02
0.14584	7.57955e-02
0.14717	7.50524e-02
0.14847	7.42462e-02
0.14971	7.34102e-02
0.15087	7.25665e-02
0.15195	7.17312e-02
0.15295	7.09170e-02
0.15384	7.01348e-02
0.15464	6.93943e-02
0.15533	6.87048e-02
0.15591	6.80747e-02
0.15638	6.75118e-02
0.15672	6.70227e-02
0.15695	6.66131e-02
0.15705	6.62871e-02
0.15701	6.60375e-02
0.15685	6.58755e-02
0.15656	6.58003e-02
0.15614	6.58097e-02
0.15560	6.59003e-02
0.15495	6.60674e-02
0.15418	6.63054e-02
0.15329	6.66082e-02
0.15230	6.69693e-02
0.15121	6.73818e-02
0.15002	6.78387e-02
0.14873	6.83326e-02
0.14736	6.88517e-02
0.14598	6.92647e-02
0.14487	6.89637e-02
0.14374	6.85890e-02
0.14256	6.82339e-02
0.14133	6.79044e-02
0.14004	6.76027e-02
0.13871	6.73302e-02
0.13733	6.70877e-02
0.13589	6.68888e-02
0.13442	6.67237e-02
0.13292	6.65921e-02
0.13140	6.64927e-02
0.12986	6.64236e-02
0.12830	6.63816e-02
0.12674	6.63625e-02
0.12518	6.63583e-02
0.12364	6.63644e-02
0.12212	6.63712e-02
0.12063	6.63667e-02
0.11919	6.63372e-02
0.11781	6.62664e-02
0.11655	6.60988e-02
0.11538	6.58541e-02
0.11432	6.55104e-02
0.11339	6.50447e-02
0.11259	6.44349e-02
0.11195	6.36630e-02
0.11147	6.27208e-02
0.11113	6.16144e-02
0.11092	6.03642e-02
0.11082	5.90007e-02
0.11081	5.75579e-02
0.11086	5.60687e-02
0.11096	5.45628e-02
0.11108	5.30662e-02
0.11121	5.16009e-02
0.11134	5.01854e-02
0.11147	4.88347e-02
0.11158	4.75606e-02
0.11167	4.63720e-02
0.11173	4.52746e-02
0.11175	4.42715e-02
0.11174	4.33634e-02
0.11170	4.25487e-02
0.11161	4.18240e-02
0.11141	4.10951e-02
0.11118	4.04510e-02
0.11090	3.98867e-02
0.11058	3.94083e-02
0.11023	3.90000e-02
0.10983	3.86563e-02
0.10939	3.83718e-02
0.10892	3.81412e-02
0.10842	3.79594e-02
0.10789	3.78216e-02
0.10734	3.77244e-02
0.10676	3.76651e-02
0.10617	3.76429e-02
0.10556	3.76588e-02
0.10493	3.77156e-02
0.10429	3.78173e-02
0.10363	3.79689e-02
0.10295	3.81752e-02
0.10225	3.84407e-02
0.10153	3.87683e-02
0.10079	3.91593e-02
0.10003	3.96131e-02
0.09923	4.01273e-02
0.09845	4.06764e-02
0.09764	4.12768e-02
0.09681	4.19212e-02
0.09595	4.26010e-02
0.09506	4.33067e-02
0.09415	4.40283e-02
0.09323	4.47551e-02
0.09229	4.54758e-02
0.09134	4.61790e-02
0.09040	4.68529e-02
0.08946	4.74857e-02
0.08854	4.80660e-02
0.08765	4.85831e-02
0.08679	4.90282e-02
0.08598	4.93957e-02
0.08522	4.96839e-02
0.08451	4.98961e-02
0.08385	5.00400e-02
0.08324	5.01269e-02
0.08269	5.01715e-02
0.08218	5.01849e-02
0.08171	5.01790e-02
0.08128	5.01635e-02
0.08089	5.01459e-02
0.08053	5.01314e-02
0.08020	5.01231e-02
0.07992	5.01227e-02
0.07967	5.01300e-02
0.07947	5.01436e-02
0.07932	5.01606e-02
0.07922	5.01768e-02
0.07917	5.01863e-02
0.07919	5.01814e-02
0.07928	5.01533e-02
0.07944	5.00927e-02
0.07969	4.99921e-02
0.08001	4.98477e-02
0.08042	4.96609e-02
0.08091	4.94376e-02
0.08146	4.91858e-02
0.08208	4.89174e-02
0.08275	4.86367e-02
0.08347	4.83502e-02
0.08422	4.80632e-02
0.08501	4.77796e-02
0.08581	4.75020e-02
0.08663	4.72319e-02
0.08746	4.69646e-02
0.08830	4.67050e-02
0.08913	4.64521e-02
0.08996	4.62038e-02
0.09077	4.59580e-02
0.09157	4.57119e-02
0.09235	4.54608e-02
0.09311	4.52049e-02
0.09383	4.49418e-02
0.09453	4.46700e-02
0.09519	4.43882e-02
0.09582	4.40963e-02
0.09641	4.37949e-02
0.09697	4.34855e-02
0.09748	4.31704e-02
0.09795	4.28531e-02
0.09838	4.25374e-02
0.09877	4.22280e-02
0.09911	4.19300e-02
0.09942	4.16488e-02
0.09969	4.13899e-02
0.09991	4.11585e-02
0.10011	4.09596e-02
0.10026	4.07976e-02
0.10039	4.06763e-02
0.10048	4.05983e-02
0.10054	4.05655e-02
0.10058	4.05790e-02
0.10058	4.06385e-02
0.10056	4.07429e-02
0.10041	4.08423e-02
0.10024	4.09832e-02
0.10003	4.11627e-02
0.09979	4.13773e-02
0.09952	4.16248e-02
0.09921	4.19012e-02
0.09888	4.22024e-02
0.09850	4.25245e-02
0.09809	4.28641e-02
0.09764	4.32178e-02
0.09716	4.35832e-02
0.09663	4.39581e-02
0.09606	4.43415e-02
0.09545	4.47326e-02
0.09480	4.51316e-02
0.09411	4.55395e-02
0.09338	4.59576e-02
0.09261	4.63877e-02
0.09181	4.68322e-02
0.09099	4.72931e-02
0.09014	4.77722e-02
0.08928	4.82708e-02
0.08840	4.87884e-02
0.08753	4.93187e-02
0.08667	4.98572e-02
0.08584	5.03853e-02
0.08506	5.08633e-02
0.08440	5.12163e-02
0.08391	5.13617e-02
0.08359	5.12994e-02
0.08343	5.10872e-02
0.08339	5.07544e-02
0.08349	5.02924e-02
0.08373	4.96914e-02
0.08410	4.89567e-02
0.08460	4.81168e-02
0.08518	4.72111e-02
0.08582	4.62760e-02
0.08651	4.53409e-02
0.08724	4.44280e-02
0.08800	4.35544e-02
0.08877	4.27337e-02
0.08953	4.19867e-02
0.09030	4.13137e-02
0.09108	4.07221e-02
0.09185	4.02177e-02
0.09262	3.98053e-02
0.09338	3.94879e-02
0.09413	3.92676e-02
0.09486	3.91450e-02
0.09557	3.91197e-02
0.09626	3.91902e-02
0.09691	3.93543e-02
0.09753	3.96092e-02
0.09812	3.99513e-02
0.09866	4.03769e-02
0.09915	4.08818e-02
0.09960	4.14612e-02
0.10000	4.21105e-02
0.10034	4.28245e-02
0.10063	4.35980e-02
0.10087	4.44253e-02
0.10105	4.53009e-02
0.10115	4.61869e-02
0.10119	4.71040e-02
0.10117	4.80465e-02
0.10111	4.90087e-02
0.10099	4.99846e-02
0.10082	5.09687e-02
0.10061	5.19551e-02
0.10037	5.29307e-02
0.10008	5.38968e-02
0.09976	5.48480e-02
0.09941	5.57788e-02
0.09903	5.66835e-02
0.09863	5.75568e-02
0.09820	5.83927e-02
0.09776	5.91852e-02
0.09732	5.99279e-02
0.09687	6.06135e-02
0.09642	6.12347e-02
0.09598	6.17846e-02
0.09556	6.22577e-02
0.09515	6.26522e-02
0.09477	6.29705e-02
0.09442	6.32199e-02
0.09408	6.34104e-02
0.09375	6.35536e-02
0.09344	6.36602e-02
0.09314	6.37395e-02
0.09286	6.37986e-02
0.09258	6.38424e-02
0.09233	6.38738e-02
0.09210	6.38942e-02
0.09189	6.39034e-02
0.09172	6.39004e-02
0.09159	6.38834e-02
0.09150	6.38502e-02
0.09145	6.37982e-02
0.09145	6.37246e-02
0.09156	6.36009e-02
0.09172	6.34551e-02
0.09193	6.32816e-02
0.09216	6.30630e-02
0.09246	6.27937e-02
0.09282	6.24546e-02
0.09326	6.20204e-02
0.09379	6.14666e-02
0.09440	6.07847e-02
0.09508	5.99874e-02
0.09580	5.90976e-02
0.09655	5.81367e-02
0.09731	5.71211e-02
0.09807	5.60631e-02
0.09881	5.49725e-02
0.09954	5.38578e-02
0.10023	5.27270e-02
0.10091	5.15877e-02
0.10154	5.04480e-02
0.10215	4.93159e-02
0.10272	4.82002e-02
0.10326	4.71100e-02
0.10375	4.60566e-02
0.10421	4.50697e-02
0.10464	4.41330e-02
0.10503	4.32577e-02
0.10538	4.24550e-02
0.10570	4.17363e-02
0.10599	4.11126e-02
0.10625	4.05942e-02
0.10647	4.01897e-02
0.10667	3.99057e-02
0.10685	3.97460e-02
0.10700	3.97108e-02
0.10713	3.97960e-02
0.10724	3.99930e-02
0.10734	4.02883e-02
0.10742	4.06630e-02
0.10750	4.10936e-02
0.10759	4.15518e-02
0.10769	4.20061e-02
0.10782	4.24240e-02
0.10794	4.27985e-02
0.10810	4.30818e-02
0.10831	4.32620e-02
0.10856	4.33395e-02
0.10884	4.33246e-02
0.10915	4.32340e-02
0.10948	4.30855e-02
0.10981	4.28953e-02
0.11015	4.26755e-02
0.11048	4.24341e-02
0.11081	4.21745e-02
0.11114	4.18965e-02
0.11146	4.15963e-02
0.11179	4.12681e-02
0.11212	4.09046e-02
0.11246	4.04990e-02
0.11281	4.00463e-02
0.11318	3.95447e-02
0.11357	3.89970e-02
0.11397	3.84108e-02
0.11439	3.77984e-02
0.11487	3.71860e-02
0.11536	3.65947e-02
0.11586	3.60453e-02
0.11636	3.55584e-02
0.11687	3.51535e-02
0.11738	3.48479e-02
0.11788	3.46560e-02
0.11838	3.45892e-02
0.11889	3.46521e-02
0.11939	3.48477e-02
0.11989	3.51756e-02
0.12040	3.56317e-02
0.12090	3.62093e-02
0.12140	3.68996e-02
0.12190	3.76922e-02
0.12240	3.85757e-02
0.12289	3.95388e-02
0.12338	4.05698e-02
0.12386	4.16579e-02
0.12433	4.27928e-02
0.12479	4.39647e-02
0.12523	4.51647e-02
0.12565	4.63840e-02
0.12604	4.76142e-02
0.12641	4.88463e-02
0.12676	5.00704e-02
0.12707	5.12747e-02
0.12737	5.24447e-02
0.12765	5.35615e-02
0.12792	5.46022e-02
0.12819	5.55402e-02
0.12848	5.63505e-02
0.12879	5.70176e-02
0.12913	5.75427e-02
0.12948	5.79448e-02
0.12984	5.82538e-02
0.13020	5.85022e-02
0.13050	5.87656e-02
0.13078	5.90332e-02
0.13101	5.93205e-02
0.13118	5.96235e-02
0.13130	5.99679e-02
0.13138	6.03603e-02
0.13142	6.08049e-02
0.13142	6.13035e-02
0.13138	6.18559e-02
0.13132	6.24599e-02
0.13122	6.31114e-02
0.13111	6.38052e-02
0.13099	6.45346e-02
0.13085	6.52922e-02
0.13072	6.60697e-02
0.13060	6.68586e-02
0.13049	6.76504e-02
0.13040	6.84369e-02
0.13034	6.92106e-02
0.13032	6.99652e-02
0.13033	7.06952e-02
0.13039	7.13967e-02
0.13044	7.21038e-02
0.13052	7.27346e-02
0.13064	7.33385e-02
0.13082	7.39148e-02
0.13104	7.44631e-02
0.13132	7.49837e-02
0.13165	7.54771e-02
0.13202	7.59439e-02
0.13244	7.63842e-02
0.13291	7.67964e-02
0.13343	7.71763e-02
0.13400	7.75152e-02
0.13463	7.77988e-02
0.13532	7.80072e-02
0.13610	7.81166e-02
0.13696	7.81059e-02
0.13791	7.79654e-02
0.13894	7.77014e-02
0.14004	7.73336e-02
0.14118	7.68878e-02
0.14231	7.63879e-02
0.14346	7.58609e-02
0.14460	7.53255e-02
0.14573	7.47974e-02
0.14683	7.42896e-02
0.14790	7.38132e-02
0.14892	7.33778e-02
0.14989	7.29914e-02
0.15079	7.26611e-02
0.15161	7.23926e-02
0.15236	7.21906e-02
0.15302	7.20584e-02
0.15358	7.19985e-02
0.15404	7.20122e-02
0.15440	7.20996e-02
0.15465	7.22599e-02
0.15480	7.24913e-02
0.15483	7.27910e-02
0.15475	7.31551e-02
0.15456	7.35787e-02
0.15427	7.40552e-02
0.15387	7.45764e-02
0.15337	7.51320e-02
0.15278	7.57090e-02
0.15212	7.62904e-02
0.15138	7.68549e-02
0.15060	7.73766e-02
0.14978	7.78264e-02
0.14894	7.81524e-02
0.14811	7.83558e-02
0.14729	7.84212e-02
0.14651	7.83364e-02
0.14577	7.80866e-02
0.14509	7.76537e-02
0.14447	7.70236e-02
0.14393	7.61979e-02
0.14344	7.51990e-02
0.14299	7.40641e-02
0.14256	7.28339e-02
0.14212	7.15450e-02
0.14167	7.02267e-02
0.14119	6.89013e-02
0.14069	6.75854e-02
0.14014	6.62911e-02
0.13957	6.50267e-02
0.13895	6.37981e-02
0.13831	6.26084e-02
0.13763	6.14591e-02
0.13693	6.03500e-02
0.13620	5.92795e-02
0.13545	5.82450e-02
0.13469	5.72434e-02
0.13392	5.62710e-02
0.13315	5.53244e-02
0.13238	5.44004e-02
0.13162	5.34966e-02
0.13087	5.26116e-02
0.13014	5.17452e-02
0.12935	5.08710e-02
0.12858	5.00200e-02
0.12783	4.91979e-02
0.12710	4.84178e-02
0.12638	4.76816e-02
0.12569	4.69992e-02
0.12501	4.63812e-02
0.12436	4.58385e-02
0.12373	4.53815e-02
0.12312	4.50195e-02
0.12253	4.47602e-02
0.12196	4.46087e-02
0.12140	4.45669e-02
0.12087	4.46322e-02
0.12035	4.47962e-02
0.11986	4.50421e-02
0.11941	4.53415e-02
0.11901	4.56485e-02
0.11870	4.58938e-02
0.11850	4.59819e-02
0.11847	4.58074e-02
0.11863	4.52993e-02
0.11896	4.44660e-02
0.11940	4.33848e-02
0.11996	4.21429e-02
0.12059	4.08235e-02
0.12128	3.94919e-02
0.12201	3.81985e-02
0.12278	3.69843e-02
0.12357	3.58838e-02
0.12437	3.49268e-02
0.12520	3.41393e-02
0.12604	3.35426e-02
0.12688	3.31528e-02
0.12774	3.29800e-02
0.12860	3.30276e-02
0.12946	3.32920e-02
0.13032	3.37639e-02
0.13118	3.44285e-02
0.13203	3.52678e-02
0.13287	3.62614e-02
0.13370	3.73883e-02
0.13449	3.86226e-02
0.13527	3.99508e-02
0.13602	4.13549e-02
0.13674	4.28190e-02
0.13743	4.43290e-02
0.13809	4.58726e-02
0.13870	4.74394e-02
0.13928	4.90202e-02
0.13980	5.06074e-02
0.14028	5.21942e-02
0.14070	5.37744e-02
0.14107	5.53422e-02
0.14138	5.68919e-02
0.14163	5.84170e-02
0.14182	5.99101e-02
0.14196	6.13617e-02
0.14205	6.27600e-02
0.14208	6.40905e-02
0.14208	6.53379e-02
0.14204	6.64908e-02
0.14197	6.75481e-02
0.14186	6.85207e-02
0.14171	6.94268e-02
0.14150	7.02855e-02
0.14124	7.11124e-02
0.14092	7.19189e-02
0.14052	7.27127e-02
0.14006	7.34987e-02
0.13952	7.42921e-02
0.13890	7.50816e-02
0.13823	7.58673e-02
0.13748	7.66484e-02
0.13668	7.74234e-02
0.13582	7.81903e-02
0.13490	7.89464e-02
0.13392	7.96884e-02
0.13290	8.04123e-02
0.13184	8.11133e-02
0.13074	8.17857e-02
0.12962	8.24227e-02
0.12847	8.30165e-02
0.12731	8.35578e-02
0.12616	8.40364e-02
0.12502	8.44414e-02
0.12390	8.47626e-02
0.12282	8.49914e-02
0.12178	8.51227e-02
0.12080	8.51559e-02
0.11985	8.50945e-02
0.11896	8.49454e-02
0.11811	8.47168e-02
0.11730	8.44175e-02
0.11652	8.40551e-02
0.11578	8.36363e-02
0.11505	8.31662e-02
0.11436	8.26486e-02
0.11368	8.20860e-02
0.11302	8.14803e-02
0.11239	8.07864e-02
0.11177	8.00616e-02
0.11115	7.93092e-02
0.11049	7.85032e-02
0.10984	7.76724e-02
0.10919	7.68120e-02
0.10854	7.59088e-02
0.10793	7.49374e-02
0.10736	7.38670e-02
0.10685	7.26882e-02
0.10637	7.14281e-02
0.10589	7.01267e-02
0.10539	6.88146e-02
0.10487	6.75099e-02
0.10431	6.62224e-02
0.10372	6.49570e-02
0.10309	6.37156e-02
0.10243	6.24986e-02
0.10174	6.13057e-02
0.10101	6.01360e-02
0.10026	5.89884e-02
0.09948	5.78620e-02
0.09867	5.67518e-02
0.09780	5.56742e-02
0.09691	5.46159e-02
0.09600	5.35768e-02
0.09507	5.25572e-02
0.09411	5.15580e-02
0.09314	5.05804e-02
0.09215	4.96263e-02
0.09115	4.86982e-02
0.09013	4.77993e-02
0.08910	4.69335e-02
0.08806	4.61055e-02
0.08702	4.53207e-02
0.08596	4.45855e-02
0.08490	4.39067e-02
0.08384	4.32921e-02
0.08278	4.27497e-02
0.08172	4.22879e-02
0.08066	4.19150e-02
0.07961	4.16388e-02
0.07853	4.14025e-02
0.07747	4.12901e-02
0.07643	4.13042e-02
0.07542	4.14438e-02
0.07444	4.17021e-02
0.07351	4.20592e-02
0.07268	4.24441e-02
0.07212	4.25638e-02
0.07193	4.22788e-02
0.07189	4.19701e-02
0.07191	4.17747e-02
0.07199	4.17264e-02
0.07212	4.18392e-02
0.07228	4.21196e-02
0.07248	4.25681e-02
0.07273	4.31782e-02
0.07301	4.39339e-02
0.07334	4.48063e-02
0.07375	4.57474e-02
0.07427	4.66821e-02
0.07496	4.75145e-02
0.07587	4.81539e-02
0.07698	4.86370e-02
0.07820	4.90467e-02
0.07948	4.94614e-02
0.08079	4.99276e-02
0.08209	5.04646e-02
0.08339	5.10738e-02
0.08471	5.17486e-02
0.08603	5.24665e-02
0.08735	5.31962e-02
0.08868	5.38992e-02
0.09005	5.45342e-02
0.09146	5.50660e-02
0.09292	5.54755e-02
0.09441	5.57638e-02
0.09593	5.59474e-02
0.09744	5.60495e-02
0.09894	5.60921e-02
0.10039	5.60927e-02
0.10180	5.60632e-02
0.10315	5.60089e-02
0.10444	5.59277e-02
0.10568	5.58056e-02
0.10687	5.56146e-02
0.10802	5.53293e-02
0.10912	5.49599e-02
0.11016	5.45420e-02
0.11111	5.41063e-02
0.11196	5.36714e-02
0.11271	5.32488e-02
0.11336	5.28457e-02
0.11390	5.24678e-02
0.11433	5.21193e-02
0.11466	5.18037e-02
0.11489	5.15239e-02
0.11502	5.12821e-02
0.11504	5.10804e-02
0.11492	5.09328e-02
0.11471	5.08315e-02
0.11440	5.07768e-02
0.11403	5.08065e-02
0.11357	5.08792e-02
0.11303	5.09939e-02
0.11240	5.11493e-02
0.11169	5.13436e-02
0.11089	5.15745e-02
0.11002	5.18396e-02
0.10906	5.21358e-02
0.10804	5.24597e-02
0.10694	5.28075e-02
0.10578	5.31743e-02
0.10456	5.35545e-02
0.10328	5.39402e-02
0.10195	5.43205e-02
0.10059	5.46782e-02
0.09922	5.49850e-02
0.09787	5.51928e-02
0.09660	5.52250e-02
0.09545	5.49915e-02
0.09450	5.44911e-02
0.09365	5.37390e-02
0.09289	5.28391e-02
0.09218	5.18689e-02
0.09150	5.08728e-02
0.09085	4.98704e-02
0.09023	4.88620e-02
0.08965	4.78320e-02
0.08913	4.67533e-02
0.08870	4.55991e-02
0.08835	4.43609e-02
0.08807	4.30588e-02
0.08786	4.17340e-02
0.08768	4.04331e-02
0.08752	3.91981e-02
0.08736	3.80638e-02
0.08721	3.70578e-02
0.08705	3.62018e-02
0.08688	3.55122e-02
0.08670	3.50004e-02
0.08647	3.46634e-02
0.08622	3.45155e-02
0.08594	3.45536e-02
0.08565	3.47702e-02
0.08534	3.51540e-02
0.08500	3.56908e-02
0.08463	3.63639e-02
0.08424	3.71556e-02
0.08382	3.80472e-02
0.08338	3.90198e-02
0.08292	4.00543e-02
0.08243	4.11314e-02
0.08192	4.22302e-02
0.08141	4.33277e-02
0.08089	4.43958e-02
0.08039	4.53984e-02
0.07994	4.62884e-02
0.07957	4.70120e-02
0.07930	4.75216e-02
0.07919	4.77567e-02
0.07927	4.76541e-02
0.07942	4.73720e-02
0.07960	4.70249e-02
0.07978	4.66505e-02
0.07995	4.62646e-02
0.08011	4.58735e-02
0.08025	4.54773e-02
0.08039	4.50724e-02
0.08053	4.46520e-02
0.08067	4.42074e-02
0.08082	4.37298e-02
0.08099	4.32117e-02
0.08118	4.26494e-02
0.08139	4.20435e-02
0.08163	4.13991e-02
0.08189	4.07249e-02
0.08217	4.00314e-02
0.08247	3.93301e-02
0.08279	3.86325e-02
0.08313	3.79496e-02
0.08348	3.72925e-02
0.08385	3.66717e-02
0.08424	3.60984e-02
0.08466	3.55836e-02
0.08509	3.51394e-02
0.08554	3.47779e-02
0.08601	3.45118e-02
0.08650	3.43535e-02
0.08700	3.43317e-02
0.08751	3.44502e-02
0.08803	3.47160e-02
0.08856	3.51327e-02
0.08909	3.56998e-02
0.08964	3.64117e-02
0.09019	3.72583e-02
0.09076	3.82251e-02
0.09135	3.92945e-02
0.09196	4.04475e-02
0.09249	4.16228e-02
0.09306	4.28512e-02
0.09367	4.41185e-02
0.09432	4.54085e-02
0.09502	4.66950e-02
0.09580	4.79421e-02
0.09667	4.91337e-02
0.09760	5.02903e-02
0.09858	5.14366e-02
0.09961	5.25826e-02
0.10068	5.37275e-02
0.10180	5.48650e-02
0.10295	5.59872e-02
0.10414	5.70867e-02
0.10536	5.81581e-02
0.10661	5.91988e-02
0.10788	6.02089e-02
0.10917	6.11914e-02
0.11046	6.21513e-02
0.11175	6.30949e-02
0.11302	6.40288e-02
0.11427	6.49590e-02
0.11549	6.58906e-02
0.11669	6.68101e-02
0.11785	6.77365e-02
0.11896	6.86696e-02
0.12003	6.96084e-02
0.12105	7.05505e-02
0.12202	7.14934e-02
0.12294	7.24345e-02
0.12382	7.33715e-02
0.12466	7.43029e-02
0.12545	7.52279e-02
0.12620	7.61465e-02
0.12690	7.70596e-02
0.12757	7.79683e-02
0.12819	7.88741e-02
0.12878	7.97789e-02
0.12931	8.06842e-02
0.12980	8.15918e-02
0.13024	8.25028e-02
0.13063	8.34182e-02
0.13094	8.43328e-02
0.13120	8.52526e-02
0.13140	8.61768e-02
0.13155	8.71034e-02
0.13164	8.80296e-02
0.13167	8.89514e-02
0.13165	8.98634e-02
0.13157	9.07584e-02
0.13146	9.16273e-02
0.13132	9.24590e-02
0.13115	9.32395e-02
0.13098	9.39526e-02
0.13081	9.45803e-02
0.13066	9.51043e-02
0.13055	9.55086e-02
0.13049	9.57829e-02
0.13048	9.59244e-02
0.13052	9.59379e-02
0.13060	9.58339e-02
0.13071	9.56258e-02
0.13085	9.53273e-02
0.13098	9.49284e-02
0.13112	9.44620e-02
0.13126	9.39366e-02
0.13139	9.33594e-02
0.13151	9.27359e-02
0.13161	9.20702e-02
0.13169	9.13655e-02
0.13176	9.06236e-02
0.13180	8.98446e-02
0.13183	8.90300e-02
0.13182	8.81812e-02
0.13179	8.72997e-02
0.13174	8.63868e-02
0.13165	8.54443e-02
0.13153	8.44741e-02
0.13138	8.34786e-02
0.13119	8.24603e-02
0.13097	8.14216e-02
0.13072	8.03656e-02
0.13042	7.92956e-02
0.13009	7.82153e-02
0.12971	7.71298e-02
0.12930	7.60450e-02
0.12883	7.49684e-02
0.12833	7.39085e-02
0.12777	7.28750e-02
0.12715	7.18781e-02
0.12650	7.09046e-02
0.12578	6.99957e-02
0.12500	6.91592e-02
0.12415	6.84020e-02
0.12323	6.77300e-02
0.12224	6.71481e-02
0.12119	6.66604e-02
0.12008	6.62697e-02
0.11890	6.59780e-02
0.11767	6.57858e-02
0.11631	6.56473e-02
0.11490	6.56035e-02
0.11344	6.56508e-02
0.11195	6.57839e-02
0.11042	6.59957e-02
0.10886	6.62778e-02
0.10729	6.66202e-02
0.10571	6.70116e-02
0.10415	6.74401e-02
0.10260	6.78935e-02
0.10108	6.83598e-02
0.09961	6.88287e-02
0.09820	6.92912e-02
0.09686	6.97408e-02
0.09560	7.01733e-02
0.09443	7.05864e-02
0.09336	7.09783e-02
0.09322	7.02675e-02
0.09332	6.93565e-02
0.09352	6.84565e-02
0.09381	6.75617e-02
0.09419	6.66669e-02
0.09468	6.57692e-02
0.09525	6.48848e-02
0.09590	6.40097e-02
0.09664	6.31579e-02
0.09743	6.23468e-02
0.09826	6.15954e-02
0.09911	6.09215e-02
0.09998	6.03406e-02
0.10085	5.98644e-02
0.10170	5.95003e-02
0.10253	5.92506e-02
0.10334	5.91132e-02
0.10410	5.90810e-02
0.10483	5.91434e-02
0.10552	5.92879e-02
0.10617	5.95021e-02
0.10677	5.97761e-02
0.10732	6.01041e-02
0.10781	6.04828e-02
0.10824	6.09098e-02
0.10860	6.13825e-02
0.10889	6.18970e-02
0.10910	6.24486e-02
0.10924	6.30317e-02
0.10930	6.36405e-02
0.10928	6.42689e-02
0.10919	6.49110e-02
0.10901	6.55608e-02
0.10877	6.62126e-02
0.10844	6.68608e-02
0.10805	6.75000e-02
0.10758	6.81249e-02
0.10705	6.87305e-02
0.10644	6.93116e-02
0.10577	6.98634e-02
0.10504	7.03812e-02
0.10425	7.08601e-02
0.10341	7.12955e-02
0.10251	7.16826e-02
0.10158	7.20168e-02
0.10060	7.22927e-02
0.09960	7.25046e-02
0.09858	7.26463e-02
0.09754	7.27104e-02
0.09652	7.26886e-02
0.09551	7.25725e-02
0.09454	7.23543e-02
0.09362	7.20287e-02
0.09276	7.15950e-02
0.09197	7.10590e-02
0.09124	7.04318e-02
0.09059	6.97284e-02
0.09001	6.89635e-02
0.08951	6.81462e-02
0.08909	6.72711e-02
0.08881	6.62980e-02
0.08872	6.51543e-02
0.08884	6.38208e-02
0.08918	6.22759e-02
0.08976	6.04666e-02
0.09056	5.84286e-02
0.09148	5.62713e-02
0.09246	5.40877e-02
0.09346	5.19426e-02
0.09446	4.98865e-02
0.09543	4.79636e-02
0.09637	4.62153e-02
0.09727	4.46810e-02
0.09812	4.33976e-02
0.09892	4.23976e-02
0.09966	4.17077e-02
0.10035	4.13456e-02
0.10097	4.13188e-02
0.10155	4.16228e-02
0.10207	4.22420e-02
0.10254	4.31501e-02
0.10298	4.43134e-02
0.10338	4.56926e-02
0.10371	4.73235e-02
0.10403	4.90937e-02
0.10436	5.09565e-02
0.10470	5.28628e-02
0.10509	5.47516e-02
0.10557	5.65279e-02
0.10625	5.80191e-02
0.10725	5.89719e-02
0.10866	5.92657e-02
0.11035	5.90868e-02
0.11218	5.86849e-02
0.11406	5.82138e-02
0.11594	5.77548e-02
0.11779	5.73538e-02
0.11960	5.70396e-02
0.12136	5.68318e-02
0.12306	5.67444e-02
0.12470	5.67870e-02
0.12627	5.69655e-02
0.12777	5.72829e-02
0.12920	5.77387e-02
0.13056	5.83300e-02
0.13184	5.90488e-02
0.13304	5.98885e-02
0.13417	6.08393e-02
0.13522	6.18897e-02
0.13620	6.30269e-02
0.13711	6.42375e-02
0.13794	6.55077e-02
0.13870	6.68231e-02
0.13939	6.81697e-02
0.14001	6.95335e-02
0.14055	7.09009e-02
0.14103	7.22587e-02
0.14143	7.35944e-02
0.14177	7.48960e-02
0.14205	7.61524e-02
0.14226	7.73528e-02
0.14240	7.84872e-02
0.14249	7.95454e-02
0.14252	8.05171e-02
0.14249	8.13903e-02
0.14240	8.21731e-02
0.14227	8.28283e-02
0.14212	8.33414e-02
0.14193	8.37034e-02
0.14172	8.39156e-02
0.14148	8.39906e-02
0.14120	8.39485e-02
0.14087	8.38107e-02
0.14048	8.35965e-02
0.14002	8.33215e-02
0.13950	8.29978e-02
0.13891	8.26348e-02
0.13825	8.22396e-02
0.13754	8.18176e-02
0.13677	8.13727e-02
0.13595	8.09074e-02
0.13508	8.04233e-02
0.13419	7.99203e-02
0.13327	7.93978e-02
0.13234	7.88541e-02
0.13140	7.82868e-02
0.13049	7.76831e-02
0.12959	7.70520e-02
0.12872	7.63936e-02
0.12788	7.57098e-02
0.12707	7.50058e-02
0.12631	7.42902e-02
0.12558	7.35751e-02
0.12489	7.28769e-02
0.12423	7.22118e-02
0.12361	7.15989e-02
0.12301	7.10580e-02
0.12242	7.06088e-02
0.12186	7.02700e-02
0.12130	7.00585e-02
0.12076	6.99892e-02
0.12021	7.00735e-02
0.11967	7.03185e-02
0.11913	7.07258e-02
0.11859	7.12877e-02
0.11806	7.19806e-02
0.11758	7.27437e-02
0.11724	7.34252e-02
0.11720	7.37539e-02
0.11750	7.36622e-02
0.11799	7.34034e-02
0.11852	7.31632e-02
0.11905	7.30138e-02
0.11956	7.29769e-02
0.12003	7.30560e-02
0.12048	7.32374e-02
0.12092	7.34820e-02
0.12140	7.36863e-02
0.12205	7.36490e-02
0.12287	7.33245e-02
0.12375	7.29149e-02
0.12459	7.25521e-02
0.12537	7.22854e-02
0.12607	7.21338e-02
0.12669	7.21049e-02
0.12722	7.22011e-02
0.12766	7.24213e-02
0.12802	7.27619e-02
0.12830	7.32169e-02
0.12849	7.37779e-02
0.12860	7.44334e-02
0.12865	7.51683e-02
0.12863	7.59632e-02
0.12855	7.67926e-02
0.12846	7.76350e-02
0.12835	7.84357e-02
0.12826	7.91434e-02
0.12821	7.97060e-02
0.12824	8.00868e-02
0.12833	8.02809e-02
0.12847	8.03157e-02
0.12863	8.02350e-02
0.12877	8.00814e-02
0.12888	7.98884e-02
0.12893	7.96794e-02
0.12892	7.94685e-02
0.12882	7.92651e-02
0.12864	7.90788e-02
0.12837	7.89144e-02
0.12802	7.87753e-02
0.12757	7.86639e-02
0.12703	7.85820e-02
0.12640	7.85308e-02
0.12568	7.85110e-02
0.12486	7.85227e-02
0.12395	7.85655e-02
0.12296	7.86386e-02
0.12188	7.87406e-02
0.12072	7.88696e-02
0.11947	7.90232e-02
0.11816	7.91986e-02
0.11677	7.93920e-02
0.11532	7.95987e-02
0.11382	7.98128e-02
0.11227	8.00263e-02
0.11068	8.02286e-02
0.10908	8.04068e-02
0.10746	8.05494e-02
0.10585	8.06515e-02
0.10437	8.05461e-02
0.10358	7.95288e-02
0.10282	7.84812e-02
0.10207	7.74155e-02
0.10133	7.63335e-02
0.10062	7.52341e-02
0.09994	7.41133e-02
0.09930	7.29648e-02
0.09871	7.17799e-02
0.09819	7.05490e-02
0.09774	6.92640e-02
0.09737	6.79211e-02
0.09708	6.65239e-02
0.09688	6.50855e-02
0.09674	6.36267e-02
0.09666	6.21740e-02
0.09664	6.07563e-02
0.09664	5.94043e-02
0.09669	5.81442e-02
0.09676	5.70034e-02
0.09685	5.60074e-02
0.09697	5.51796e-02
0.09711	5.45405e-02
0.09727	5.41069e-02
0.09743	5.39047e-02
0.09760	5.39275e-02
0.09779	5.41762e-02
0.09800	5.46434e-02
0.09823	5.53114e-02
0.09851	5.61426e-02
0.09886	5.70553e-02
0.09936	5.78973e-02
0.10007	5.85809e-02
0.10095	5.91405e-02
0.10200	5.95664e-02
0.10321	5.98435e-02
0.10455	6.00113e-02
0.10596	6.01346e-02
0.10740	6.02632e-02
0.10885	6.04240e-02
0.11029	6.06276e-02
0.11171	6.08754e-02
0.11310	6.11628e-02
0.11446	6.14820e-02
0.11578	6.18197e-02
0.11707	6.21660e-02
0.11831	6.25066e-02
0.11952	6.28242e-02
0.12070	6.30984e-02
0.12185	6.33049e-02
0.12298	6.34156e-02
0.12411	6.34042e-02
0.12522	6.32529e-02
0.12633	6.29614e-02
0.12741	6.25438e-02
0.12845	6.20312e-02
0.12943	6.14529e-02
0.13034	6.08347e-02
0.13116	6.01972e-02
0.13189	5.95571e-02
0.13253	5.89281e-02
0.13306	5.83220e-02
0.13351	5.77496e-02
0.13385	5.72205e-02
0.13409	5.67439e-02
0.13425	5.63282e-02
0.13431	5.59815e-02
0.13428	5.57114e-02
0.13416	5.55247e-02
0.13393	5.54467e-02
0.13363	5.54642e-02
0.13325	5.55809e-02
0.13278	5.57994e-02
0.13225	5.61213e-02
0.13165	5.65469e-02
0.13099	5.70753e-02
0.13025	5.77199e-02
0.12946	5.84589e-02
0.12862	5.92882e-02
0.12773	6.02026e-02
0.12680	6.11960e-02
0.12583	6.22607e-02
0.12484	6.33882e-02
0.12382	6.45681e-02
0.12279	6.57878e-02
0.12175	6.70312e-02
0.12073	6.82766e-02
0.11974	6.94928e-02
0.11881	7.06335e-02
0.11800	7.16319e-02
0.11737	7.23817e-02
0.11722	7.24337e-02
0.11739	7.20213e-02
0.11771	7.14497e-02
0.11813	7.07974e-02
0.11860	7.01105e-02
0.11912	6.94158e-02
0.11968	6.87278e-02
0.12026	6.80542e-02
0.12086	6.73983e-02
0.12149	6.67611e-02
0.12213	6.61415e-02
0.12279	6.55377e-02
0.12347	6.49472e-02
0.12415	6.43670e-02
0.12484	6.37940e-02
0.12554	6.32251e-02
0.12624	6.26574e-02
0.12694	6.20881e-02
0.12763	6.15145e-02
0.12832	6.09344e-02
0.12899	6.03459e-02
0.12965	5.97473e-02
0.13030	5.91374e-02
0.13092	5.85153e-02
0.13152	5.78806e-02
0.13209	5.72333e-02
0.13262	5.65645e-02
0.13311	5.58852e-02
0.13357	5.51969e-02
0.13398	5.45016e-02
0.13436	5.38019e-02
0.13468	5.31009e-02
0.13496	5.24021e-02
0.13519	5.17090e-02
0.13536	5.10262e-02
0.13548	5.03583e-02
0.13553	4.97101e-02
0.13553	4.90864e-02
0.13546	4.84920e-02
0.13532	4.79322e-02
0.13512	4.74117e-02
0.13485	4.69355e-02
0.13450	4.65086e-02
0.13409	4.61355e-02
0.13360	4.58211e-02
0.13303	4.55697e-02
0.13240	4.53857e-02
0.13169	4.52729e-02
0.13090	4.52349e-02
0.13005	4.52747e-02
0.12912	4.53946e-02
0.12812	4.55962e-02
0.12705	4.58803e-02
0.12592	4.62458e-02
0.12473	4.66895e-02
0.12349	4.72083e-02
0.12219	4.77982e-02
0.12085	4.84539e-02
0.11946	4.91689e-02
0.11804	4.99354e-02
0.11659	5.07443e-02
0.11512	5.15851e-02
0.11364	5.24453e-02
0.11218	5.33236e-02
0.11074	5.41895e-02
0.10932	5.50234e-02
0.10794	5.58046e-02
0.10662	5.65142e-02
0.10536	5.71396e-02
0.10418	5.76808e-02
0.10306	5.81520e-02
0.10199	5.85791e-02
0.10096	5.89917e-02
0.09996	5.94176e-02
0.09896	5.98784e-02
0.09796	6.03885e-02
0.09695	6.09553e-02
0.09593	6.15791e-02
0.09492	6.22324e-02
0.09390	6.29142e-02
0.09291	6.35858e-02
0.09203	6.41263e-02
0.09154	6.41329e-02
0.09159	6.34127e-02
0.09185	6.24212e-02
0.09215	6.13399e-02
0.09248	6.02429e-02
0.09281	5.91558e-02
0.09314	5.80962e-02
0.09345	5.70778e-02
0.09374	5.61121e-02
0.09401	5.52078e-02
0.09426	5.43718e-02
0.09449	5.36089e-02
0.09469	5.29216e-02
0.09487	5.23106e-02
0.09503	5.17746e-02
0.09518	5.13100e-02
0.09531	5.09117e-02
0.09544	5.05731e-02
0.09555	5.02863e-02
0.09567	5.00432e-02
0.09580	4.98353e-02
0.09593	4.96541e-02
0.09606	4.94924e-02
0.09622	4.93443e-02
0.09638	4.92066e-02
0.09655	4.90797e-02
0.09674	4.89665e-02
0.09692	4.88728e-02
0.09711	4.88051e-02
0.09729	4.87705e-02
0.09745	4.87750e-02
0.09760	4.88233e-02
0.09773	4.89187e-02
0.09784	4.90632e-02
0.09792	4.92570e-02
0.09797	4.94993e-02
0.09799	4.97882e-02
0.09798	5.01209e-02
0.09793	5.04936e-02
0.09784	5.09022e-02
0.09772	5.13419e-02
0.09756	5.18073e-02
0.09736	5.22929e-02
0.09712	5.27930e-02
0.09681	5.33221e-02
0.09646	5.38514e-02
0.09608	5.43749e-02
0.09566	5.48872e-02
0.09521	5.53830e-02
0.09473	5.58574e-02
0.09422	5.63060e-02
0.09366	5.67106e-02
0.09307	5.70834e-02
0.09247	5.74215e-02
0.09185	5.77225e-02
0.09122	5.79843e-02
0.09059	5.82049e-02
0.08995	5.83825e-02
0.08932	5.85142e-02
0.08870	5.85963e-02
0.08810	5.86229e-02
0.08752	5.85852e-02
0.08699	5.84709e-02
0.08651	5.82657e-02
0.08610	5.79573e-02
0.08577	5.75425e-02
0.08551	5.70309e-02
0.08531	5.64424e-02
0.08516	5.58009e-02
0.08505	5.51283e-02
0.08497	5.44432e-02
0.08490	5.37642e-02
0.08485	5.30986e-02
0.08483	5.24559e-02
0.08482	5.18434e-02
0.08484	5.12671e-02
0.08487	5.07315e-02
0.08493	5.02398e-02
0.08501	4.97940e-02
0.08512	4.93945e-02
0.08525	4.90400e-02
0.08540	4.87033e-02
0.08558	4.84047e-02
0.08580	4.81357e-02
0.08606	4.78851e-02
0.08637	4.76383e-02
0.08674	4.73786e-02
0.08716	4.70880e-02
0.08765	4.67501e-02
0.08821	4.63539e-02
0.08883	4.58957e-02
0.08950	4.53803e-02
0.09019	4.48011e-02
0.09090	4.41903e-02
0.09164	4.35632e-02
0.09237	4.29338e-02
0.09312	4.23177e-02
0.09384	4.17218e-02
0.09455	4.11537e-02
0.09524	4.06191e-02
0.09589	4.01219e-02
0.09651	3.96647e-02
0.09709	3.92490e-02
0.09766	3.88518e-02
0.09819	3.84985e-02
0.09868	3.81879e-02
0.09913	3.79213e-02
0.09954	3.77008e-02
0.09992	3.75297e-02
0.10025	3.74125e-02
0.10054	3.73549e-02
0.10078	3.73635e-02
0.10098	3.74455e-02
0.10114	3.76082e-02
0.10124	3.78585e-02
0.10129	3.82024e-02
0.10129	3.86447e-02
0.10124	3.91890e-02
0.10113	3.98370e-02
0.10097	4.05889e-02
0.10076	4.14435e-02
0.10049	4.23978e-02
0.10016	4.34476e-02
0.09978	4.45875e-02
0.09935	4.58109e-02
0.09887	4.71105e-02
0.09834	4.84780e-02
0.09776	4.99045e-02
0.09714	5.13806e-02
0.09647	5.28964e-02
0.09577	5.44420e-02
0.09503	5.60072e-02
0.09427	5.75816e-02
0.09348	5.91554e-02
0.09267	6.07190e-02
0.09186	6.22630e-02
0.09104	6.37787e-02
0.09023	6.52567e-02
0.08943	6.66815e-02
0.08880	6.78670e-02
0.08894	6.80426e-02
0.08921	6.80539e-02
0.08951	6.80343e-02
0.08983	6.79904e-02
0.09016	6.78934e-02
0.09050	6.77768e-02
0.09086	6.76423e-02
0.09122	6.74922e-02
0.09160	6.73287e-02
0.09197	6.71547e-02
0.09235	6.69729e-02
0.09274	6.67687e-02
0.09313	6.65610e-02
0.09351	6.63505e-02
0.09388	6.61303e-02
0.09428	6.58681e-02
0.09478	6.54499e-02
0.09550	6.46856e-02
0.09640	6.36338e-02
0.09734	6.24626e-02
0.09828	6.12437e-02
0.09921	6.00030e-02
0.10011	5.87518e-02
0.10098	5.74956e-02
0.10182	5.62372e-02
0.10264	5.49777e-02
0.10342	5.37174e-02
0.10419	5.24561e-02
0.10493	5.11936e-02
0.10566	4.99302e-02
0.10637	4.86670e-02
0.10706	4.74071e-02
0.10775	4.61525e-02
0.10842	4.49078e-02
0.10908	4.36786e-02
0.10972	4.24718e-02
0.11036	4.12948e-02
0.11098	4.01558e-02
0.11158	3.90636e-02
0.11216	3.80274e-02
0.11273	3.70566e-02
0.11324	3.61548e-02
0.11373	3.53392e-02
0.11418	3.46202e-02
0.11461	3.40081e-02
0.11499	3.35128e-02
0.11534	3.31430e-02
0.11565	3.29063e-02
0.11592	3.28087e-02
0.11615	3.28544e-02
0.11634	3.30451e-02
0.11648	3.33805e-02
0.11658	3.38568e-02
0.11664	3.44696e-02
0.11665	3.52117e-02
0.11661	3.60737e-02
0.11653	3.70454e-02
0.11640	3.81144e-02
0.11622	3.92676e-02
0.11600	4.04918e-02
0.11574	4.17735e-02
0.11542	4.30992e-02
0.11507	4.44559e-02
0.11466	4.58333e-02
0.11420	4.72165e-02
0.11371	4.85946e-02
0.11317	4.99576e-02
0.11260	5.12968e-02
0.11199	5.26037e-02
0.11135	5.38693e-02
0.11068	5.50831e-02
0.10999	5.62295e-02
0.10930	5.72823e-02
0.10864	5.81925e-02
0.10806	5.88626e-02
0.10766	5.91296e-02
0.10751	5.88720e-02
0.10758	5.81649e-02
0.10778	5.71533e-02
0.10804	5.59371e-02
0.10834	5.45860e-02
0.10863	5.31575e-02
0.10891	5.17004e-02
0.10914	5.02552e-02
0.10932	4.88558e-02
0.10944	4.75300e-02
0.10949	4.63017e-02
0.10949	4.51906e-02
0.10942	4.42131e-02
0.10928	4.33817e-02
0.10910	4.27050e-02
0.10885	4.21871e-02
0.10856	4.18276e-02
0.10823	4.16214e-02
0.10787	4.15584e-02
0.10749	4.16238e-02
0.10709	4.17985e-02
0.10670	4.20591e-02
0.10631	4.23781e-02
0.10596	4.27249e-02
0.10564	4.30657e-02
0.10539	4.33653e-02
0.10521	4.35892e-02
0.10511	4.37067e-02
0.10512	4.36933e-02
0.10522	4.35373e-02
0.10543	4.32374e-02
0.10572	4.28017e-02
0.10610	4.22452e-02
0.10654	4.15854e-02
0.10704	4.08411e-02
0.10756	4.00201e-02
0.10810	3.91508e-02
0.10867	3.82479e-02
0.10924	3.73252e-02
0.10981	3.63956e-02
0.11037	3.54715e-02
0.11091	3.45650e-02
0.11143	3.36886e-02
0.11193	3.28546e-02
0.11239	3.20760e-02
0.11281	3.13654e-02
0.11319	3.07358e-02
0.11352	3.01997e-02
0.11381	2.97684e-02
0.11405	2.94521e-02
0.11423	2.92588e-02
0.11436	2.91939e-02
0.11443	2.92598e-02
0.11445	2.94552e-02
0.11442	2.97758e-02
0.11434	3.02130e-02
0.11420	3.07565e-02
0.11403	3.13930e-02
0.11381	3.21070e-02
0.11355	3.28820e-02
0.11326	3.37001e-02
0.11294	3.45431e-02
0.11261	3.53923e-02
0.11227	3.62291e-02
0.11192	3.70352e-02
0.11160	3.77772e-02
0.11129	3.84523e-02
0.11101	3.90446e-02
0.11077	3.95401e-02
0.11056	3.99271e-02
0.11040	4.01960e-02
0.11029	4.03405e-02
0.11024	4.03580e-02
0.11023	4.02499e-02
0.11027	4.00219e-02
0.11035	3.96843e-02
0.11048	3.92398e-02
0.11064	3.87144e-02
0.11081	3.81261e-02
0.11098	3.74938e-02
0.11113	3.68603e-02
0.11126	3.62162e-02
0.11137	3.55761e-02
0.11145	3.49525e-02
0.11149	3.43562e-02
0.11149	3.37960e-02
0.11145	3.32796e-02
0.11136	3.28130e-02
0.11122	3.24014e-02
0.11103	3.20495e-02
0.11079	3.17610e-02
0.11049	3.15397e-02
0.11014	3.13887e-02
0.10973	3.13107e-02
0.10928	3.13085e-02
0.10877	3.13841e-02
0.10822	3.15396e-02
0.10763	3.17768e-02
0.10699	3.20972e-02
0.10632	3.25020e-02
0.10561	3.29922e-02
0.10487	3.35678e-02
0.10410	3.42281e-02
0.10332	3.49706e-02
0.10251	3.57907e-02
0.10169	3.66807e-02
0.10087	3.76295e-02
0.10004	3.86217e-02
0.09923	3.96374e-02
0.09845	4.06530e-02
0.09770	4.16432e-02
0.09700	4.25855e-02
0.09637	4.34657e-02
0.09581	4.42828e-02
0.09531	4.50481e-02
0.09487	4.57802e-02
0.09448	4.64973e-02
0.09414	4.72108e-02
0.09384	4.79221e-02
0.09359	4.86229e-02
0.09340	4.92961e-02
0.09327	4.99211e-02
0.09322	5.04793e-02
0.09324	5.09606e-02
0.09334	5.13648e-02
0.09351	5.16995e-02
0.09374	5.19739e-02
0.09401	5.21952e-02
0.09433	5.23670e-02
0.09469	5.24895e-02
0.09509	5.25599e-02
0.09551	5.25738e-02
0.09596	5.25263e-02
0.09643	5.24120e-02
0.09692	5.22262e-02
0.09744	5.19626e-02
0.09797	5.16190e-02
0.09851	5.11922e-02
0.09905	5.06794e-02
0.09959	5.00785e-02
0.10012	4.93880e-02
0.10063	4.86075e-02
0.10113	4.77377e-02
0.10161	4.67811e-02
0.10206	4.57417e-02
0.10247	4.46258e-02
0.10285	4.34411e-02
0.10318	4.21973e-02
0.10347	4.09053e-02
0.10370	3.95767e-02
0.10387	3.82239e-02
0.10399	3.68595e-02
0.10405	3.54961e-02
0.10405	3.41457e-02
0.10399	3.28201e-02
0.10386	3.15409e-02
0.10368	3.03081e-02
0.10344	2.91302e-02
0.10315	2.80145e-02
0.10283	2.69667e-02
0.10246	2.59903e-02
0.10206	2.50871e-02
0.10163	2.42572e-02
0.10119	2.34990e-02
0.10073	2.28100e-02
0.10024	2.21735e-02
0.09976	2.15993e-02
0.09929	2.10906e-02
0.09882	2.06541e-02
0.09837	2.03004e-02
0.09793	2.00436e-02
0.09751	1.98996e-02
0.09711	1.98843e-02
0.09672	2.00105e-02
0.09634	2.02859e-02
0.09598	2.07112e-02
0.09562	2.12801e-02
0.09527	2.19768e-02
0.09494	2.27831e-02
0.09461	2.36779e-02
0.09430	2.46427e-02
0.09400	2.56523e-02
0.09372	2.66888e-02
0.09345	2.77377e-02
0.09320	2.87887e-02
0.09297	2.98353e-02
0.09275	3.08744e-02
0.09252	3.18883e-02
0.09227	3.29032e-02
0.09202	3.39101e-02
0.09177	3.49098e-02
0.09152	3.59024e-02
0.09127	3.68870e-02
0.09101	3.78620e-02
0.09074	3.88250e-02
0.09047	3.97730e-02
0.09019	4.07030e-02
0.08990	4.16120e-02
0.08961	4.24971e-02
0.08932	4.33563e-02
0.08902	4.41882e-02
0.08871	4.49920e-02
0.08840	4.57679e-02
0.08808	4.65167e-02
0.08775	4.72395e-02
0.08741	4.79379e-02
0.08706	4.86135e-02
0.08670	4.92678e-02
0.08633	4.99022e-02
0.08595	5.05179e-02
0.08555	5.11158e-02
0.08514	5.16966e-02
0.08471	5.22609e-02
0.08426	5.28090e-02
0.08379	5.33412e-02
0.08329	5.38574e-02
0.08277	5.43575e-02
0.08222	5.48366e-02
0.08205	5.47112e-02
0.08213	5.41274e-02
0.08219	5.35253e-02
0.08222	5.29093e-02
0.08221	5.22814e-02
0.08216	5.16437e-02
0.08208	5.09985e-02
0.08196	5.03489e-02
0.08180	4.96981e-02
0.08160	4.90501e-02
0.08136	4.84085e-02
0.08109	4.77785e-02
0.08077	4.71656e-02
0.08042	4.65753e-02
0.08004	4.60138e-02
0.07963	4.54872e-02
0.07919	4.50015e-02
0.07871	4.45465e-02
0.07821	4.41426e-02
0.07769	4.37934e-02
0.07716	4.34995e-02
0.07664	4.32580e-02
0.07612	4.30593e-02
0.07564	4.28839e-02
0.07521	4.26952e-02
0.07489	4.24253e-02
0.07475	4.19523e-02
0.07486	4.11489e-02
0.07520	4.00507e-02
0.07568	3.87926e-02
0.07625	3.74720e-02
0.07687	3.61482e-02
0.07754	3.48611e-02
0.07824	3.36400e-02
0.07896	3.25079e-02
0.07970	3.14833e-02
0.08046	3.05805e-02
0.08126	2.98014e-02
0.08207	2.91610e-02
0.08288	2.86636e-02
0.08370	2.83100e-02
0.08452	2.80971e-02
0.08535	2.80187e-02
0.08618	2.80659e-02
0.08700	2.82278e-02
0.08783	2.84921e-02
0.08866	2.88461e-02
0.08948	2.92731e-02
0.09029	2.97651e-02
0.09111	3.03113e-02
0.09191	3.09022e-02
0.09272	3.15299e-02
0.09351	3.21876e-02
0.09430	3.28699e-02
0.09507	3.35728e-02
0.09584	3.42928e-02
0.09659	3.50276e-02
0.09733	3.57751e-02
0.09803	3.65524e-02
0.09872	3.73351e-02
0.09940	3.81210e-02
0.10005	3.89079e-02
0.10069	3.96936e-02
0.10130	4.04754e-02
0.10188	4.12504e-02
0.10244	4.20156e-02
0.10297	4.27675e-02
0.10348	4.35027e-02
0.10395	4.42174e-02
0.10440	4.49011e-02
0.10479	4.55714e-02
0.10515	4.62113e-02
0.10548	4.68181e-02
0.10577	4.73897e-02
0.10603	4.79246e-02
0.10625	4.84220e-02
0.10644	4.88817e-02
0.10659	4.93041e-02
0.10671	4.96901e-02
0.10679	5.00412e-02
0.10684	5.03591e-02
0.10685	5.06457e-02
0.10684	5.09033e-02
0.10679	5.11339e-02
0.10671	5.13396e-02
0.10661	5.15223e-02
0.10648	5.16836e-02
0.10632	5.18251e-02
0.10615	5.19477e-02
0.10595	5.20524e-02
0.10573	5.21393e-02
0.10550	5.22086e-02
0.10525	5.22598e-02
0.10498	5.22921e-02
0.10471	5.23043e-02
0.10442	5.22948e-02
0.10413	5.22618e-02
0.10383	5.22030e-02
0.10353	5.21161e-02
0.10323	5.19990e-02
0.10293	5.18495e-02
0.10263	5.16662e-02
0.10233	5.14485e-02
0.10204	5.11970e-02
0.10175	5.09134e-02
0.10147	5.06013e-02
0.10119	5.02657e-02
0.10091	4.99130e-02
0.10062	4.95507e-02
0.10033	4.91871e-02
0.10001	4.88342e-02
0.09967	4.84995e-02
0.09932	4.81913e-02
0.09895	4.79174e-02
0.09857	4.76848e-02
0.09816	4.74993e-02
0.09774	4.73655e-02
0.09730	4.72893e-02
0.09685	4.72699e-02
0.09638	4.73068e-02
0.09590	4.73967e-02
0.09542	4.75328e-02
0.09495	4.77035e-02
0.09449	4.78900e-02
0.09406	4.80639e-02
0.09370	4.81838e-02
0.09342	4.81971e-02
0.09326	4.80538e-02
0.09323	4.77317e-02
0.09332	4.72486e-02
0.09352	4.66446e-02
0.09379	4.59585e-02
0.09414	4.52183e-02
0.09454	4.44428e-02
0.09498	4.36450e-02
0.09548	4.28354e-02
0.09600	4.20235e-02
0.09658	4.12027e-02
0.09718	4.04010e-02
0.09780	3.96298e-02
0.09843	3.89001e-02
0.09907	3.82227e-02
0.09971	3.76073e-02
0.10034	3.70629e-02
0.10097	3.65967e-02
0.10159	3.62150e-02
0.10220	3.59222e-02
0.10275	3.57100e-02
0.10328	3.55917e-02
0.10379	3.55676e-02
0.10427	3.56366e-02
0.10473	3.57965e-02
0.10515	3.60440e-02
0.10555	3.63750e-02
0.10592	3.67846e-02
0.10626	3.72671e-02
0.10657	3.78160e-02
0.10684	3.84236e-02
0.10708	3.91016e-02
0.10729	3.98203e-02
0.10747	4.05663e-02
0.10764	4.13226e-02
0.10780	4.20680e-02
0.10796	4.27770e-02
0.10814	4.34206e-02
0.10834	4.39696e-02
0.10859	4.43993e-02
0.10890	4.46966e-02
0.10925	4.48640e-02
0.10966	4.49201e-02
0.11011	4.49003e-02
0.11058	4.48313e-02
0.11107	4.47455e-02
0.11157	4.46715e-02
0.11206	4.46327e-02
0.11255	4.46480e-02
0.11302	4.47313e-02
0.11348	4.48928e-02
0.11392	4.51388e-02
0.11435	4.54727e-02
0.11477	4.58947e-02
0.11517	4.64026e-02
0.11556	4.69919e-02
0.11594	4.76563e-02
0.11632	4.83880e-02
0.11668	4.91783e-02
0.11703	5.00186e-02
0.11738	5.09006e-02
0.11772	5.18171e-02
0.11805	5.27621e-02
0.11836	5.37312e-02
0.11866	5.47213e-02
0.11895	5.57300e-02
0.11920	5.67558e-02
0.11943	5.77970e-02
0.11963	5.88516e-02
0.11979	5.99173e-02
0.11992	6.09907e-02
0.12000	6.20681e-02
0.12003	6.31446e-02
0.12002	6.42145e-02
0.11997	6.52712e-02
0.11987	6.63071e-02
0.11974	6.73130e-02
0.11957	6.82781e-02
0.11936	6.91897e-02
0.11914	7.00326e-02
0.11891	7.07898e-02
0.11867	7.14422e-02
0.11846	7.19706e-02
0.11828	7.23471e-02
0.11815	7.25669e-02
0.11806	7.26206e-02
0.11802	7.25053e-02
0.11803	7.22258e-02
0.11808	7.17952e-02
0.11815	7.12333e-02
0.11822	7.05628e-02
0.11830	6.98068e-02
0.11836	6.89856e-02
0.11839	6.81159e-02
0.11840	6.72106e-02
0.11837	6.62790e-02
0.11830	6.53277e-02
0.11819	6.43608e-02
0.11804	6.33807e-02
0.11785	6.23889e-02
0.11762	6.13862e-02
0.11736	6.03731e-02
0.11705	5.93507e-02
0.11670	5.83207e-02
0.11631	5.72852e-02
0.11588	5.62475e-02
0.11540	5.52112e-02
0.11488	5.41805e-02
0.11431	5.31600e-02
0.11369	5.21543e-02
0.11302	5.11681e-02
0.11230	5.02056e-02
0.11153	4.92711e-02
0.11070	4.83680e-02
0.10981	4.74993e-02
0.10888	4.66673e-02
0.10788	4.58735e-02
0.10684	4.51186e-02
0.10574	4.44024e-02
0.10459	4.37238e-02
0.10335	4.30529e-02
0.10206	4.24218e-02
0.10073	4.18274e-02
0.09938	4.12662e-02
0.09801	4.07343e-02
0.09662	4.02274e-02
0.09522	3.97412e-02
0.09383	3.92717e-02
0.09245	3.88152e-02
0.09110	3.83685e-02
0.08978	3.79288e-02
0.08850	3.74930e-02
0.08728	3.70603e-02
0.08612	3.66285e-02
0.08504	3.61952e-02
0.08405	3.57568e-02
0.08316	3.53084e-02
0.08238	3.48440e-02
0.08172	3.43571e-02
0.08119	3.38420e-02
0.08080	3.32956e-02
0.08055	3.27198e-02
0.08044	3.21165e-02
0.08046	3.15064e-02
0.08060	3.09084e-02
0.08084	3.03454e-02
0.08119	2.98415e-02
0.08161	2.94205e-02
0.08211	2.91042e-02
0.08266	2.89111e-02
0.08325	2.88559e-02
0.08389	2.89484e-02
0.08453	2.92002e-02
0.08520	2.96035e-02
0.08587	3.01530e-02
0.08654	3.08390e-02
0.08720	3.16484e-02
0.08785	3.25653e-02
0.08848	3.35718e-02
0.08908	3.46489e-02
0.08966	3.57764e-02
0.09020	3.69311e-02
0.09072	3.80939e-02
0.09120	3.92436e-02
0.09165	4.03590e-02
0.09209	4.13996e-02
0.09250	4.23660e-02
0.09289	4.32425e-02
0.09326	4.40186e-02
0.09361	4.46895e-02
0.09394	4.52568e-02
0.09423	4.57270e-02
0.09449	4.61097e-02
0.09470	4.64161e-02
0.09486	4.66571e-02
0.09497	4.68431e-02
0.09502	4.69832e-02
0.09501	4.70856e-02
0.09494	4.71573e-02
0.09481	4.72043e-02
0.09461	4.72316e-02
0.09435	4.72433e-02
0.09403	4.72423e-02
0.09366	4.72293e-02
0.09322	4.72079e-02
0.09274	4.71789e-02
0.09221	4.71430e-02
0.09164	4.71004e-02
0.09103	4.70514e-02
0.09039	4.69965e-02
0.08972	4.69350e-02
0.08903	4.68697e-02
0.08832	4.68026e-02
0.08759	4.67358e-02
0.08685	4.66715e-02
0.08611	4.66113e-02
0.08536	4.65548e-02
0.08463	4.64983e-02
0.08392	4.64306e-02
0.08326	4.63286e-02
0.08266	4.61507e-02
0.08219	4.58372e-02
0.08186	4.53359e-02
0.08169	4.46446e-02
0.08166	4.38167e-02
0.08172	4.29242e-02
0.08185	4.20292e-02
0.08203	4.11789e-02
0.08225	4.04097e-02
0.08250	3.97508e-02
0.08278	3.92260e-02
0.08309	3.88551e-02
0.08342	3.86535e-02
0.08376	3.86322e-02
0.08413	3.87975e-02
0.08451	3.91511e-02
0.08490	3.96900e-02
0.08530	4.04066e-02
0.08572	4.12899e-02
0.08614	4.23255e-02
0.08657	4.34968e-02
0.08700	4.47863e-02
0.08744	4.61755e-02
0.08787	4.76461e-02
0.08831	4.91815e-02
0.08874	5.07671e-02
0.08917	5.23916e-02
0.08959	5.40462e-02
0.08999	5.57234e-02
0.09038	5.74143e-02
0.09076	5.91037e-02
0.09115	6.07553e-02
0.09162	6.22565e-02
0.09233	6.33909e-02
0.09327	6.41529e-02
0.09433	6.47462e-02
0.09547	6.52072e-02
0.09673	6.54666e-02
0.09815	6.54445e-02
0.09969	6.51976e-02
0.10126	6.48376e-02
0.10283	6.44328e-02
0.10436	6.40179e-02
0.10584	6.36130e-02
0.10727	6.32306e-02
0.10864	6.28806e-02
0.10994	6.25712e-02
0.11117	6.23089e-02
0.11233	6.20994e-02
0.11342	6.19473e-02
0.11442	6.18562e-02
0.11535	6.18287e-02
0.11620	6.18666e-02
0.11696	6.19708e-02
0.11764	6.21410e-02
0.11823	6.23765e-02
0.11874	6.26754e-02
0.11916	6.30353e-02
0.11950	6.34529e-02
0.11975	6.39241e-02
0.11991	6.44442e-02
0.11998	6.50196e-02
0.11997	6.56306e-02
0.11987	6.62699e-02
0.11970	6.69290e-02
0.11946	6.75970e-02
0.11915	6.82638e-02
0.11879	6.89160e-02
0.11837	6.95375e-02
0.11792	7.01091e-02
0.11744	7.06077e-02
0.11697	7.10075e-02
0.11651	7.12820e-02
0.11609	7.14087e-02
0.11572	7.13745e-02
0.11540	7.11805e-02
0.11514	7.08412e-02
0.11491	7.03806e-02
0.11472	6.98263e-02
0.11454	6.92052e-02
0.11437	6.85415e-02
0.11419	6.78561e-02
0.11401	6.71667e-02
0.11381	6.64885e-02
0.11359	6.58346e-02
0.11336	6.52165e-02
0.11310	6.46444e-02
0.11283	6.41274e-02
0.11252	6.36736e-02
0.11220	6.32903e-02
0.11184	6.29713e-02
0.11145	6.27336e-02
0.11104	6.25819e-02
0.11061	6.25192e-02
0.11014	6.25479e-02
0.10966	6.26684e-02
0.10915	6.28798e-02
0.10861	6.31791e-02
0.10806	6.35613e-02
0.10749	6.40183e-02
0.10690	6.45391e-02
0.10632	6.51086e-02
0.10573	6.57076e-02
0.10517	6.63136e-02
0.10463	6.69049e-02
0.10414	6.74678e-02
0.10368	6.80028e-02
0.10325	6.85233e-02
0.10284	6.90478e-02
0.10243	6.95926e-02
0.10202	7.01683e-02
0.10159	7.07793e-02
0.10115	7.14250e-02
0.10070	7.21004e-02
0.10023	7.27958e-02
0.09976	7.34972e-02
0.09929	7.41838e-02
0.09884	7.48263e-02
0.09845	7.53854e-02
0.09814	7.58174e-02
0.09793	7.60882e-02
0.09783	7.61935e-02
0.09783	7.61390e-02
0.09792	7.59267e-02
0.09811	7.55545e-02
0.09838	7.50261e-02
0.09871	7.43570e-02
0.09909	7.35690e-02
0.09950	7.26664e-02
0.10007	7.14622e-02
0.10097	6.97132e-02
0.10189	6.77966e-02
0.10277	6.58148e-02
0.10359	6.37912e-02
0.10435	6.17385e-02
0.10501	5.96286e-02
0.10561	5.75105e-02
0.10614	5.53939e-02
0.10659	5.32888e-02
0.10698	5.12057e-02
0.10729	4.91559e-02
0.10755	4.71513e-02
0.10774	4.52047e-02
0.10788	4.33255e-02
0.10796	4.15326e-02
0.10800	3.98411e-02
0.10799	3.82667e-02
0.10794	3.68251e-02
0.10786	3.55322e-02
0.10775	3.44032e-02
0.10761	3.34524e-02
0.10746	3.26927e-02
0.10729	3.21390e-02
0.10711	3.17947e-02
0.10692	3.16634e-02
0.10672	3.17445e-02
0.10652	3.20332e-02
0.10632	3.25205e-02
0.10611	3.31933e-02
0.10589	3.40355e-02
0.10568	3.50287e-02
0.10546	3.61519e-02
0.10525	3.73852e-02
0.10503	3.87081e-02
0.10483	4.01000e-02
0.10463	4.15381e-02
0.10444	4.30065e-02
0.10427	4.44843e-02
0.10412	4.59485e-02
0.10401	4.73702e-02
0.10394	4.87108e-02
0.10396	4.99160e-02
0.10409	5.09158e-02
0.10437	5.16431e-02
0.10481	5.20736e-02
0.10539	5.22440e-02
0.10608	5.22228e-02
0.10684	5.20733e-02
0.10764	5.18415e-02
0.10847	5.15584e-02
0.10929	5.12449e-02
0.11012	5.09162e-02
0.11093	5.05837e-02
0.11173	5.02596e-02
0.11250	4.99500e-02
0.11325	4.96625e-02
0.11396	4.94045e-02
0.11464	4.91829e-02
0.11528	4.90047e-02
0.11588	4.88761e-02
0.11646	4.87834e-02
0.11700	4.87528e-02
0.11749	4.87894e-02
0.11793	4.88973e-02
0.11833	4.90797e-02
0.11867	4.93387e-02
0.11897	4.96753e-02
0.11921	5.00894e-02
0.11940	5.05798e-02
0.11953	5.11444e-02
0.11960	5.17799e-02
0.11961	5.24822e-02
0.11957	5.32464e-02
0.11946	5.40665e-02
0.11930	5.49359e-02
0.11907	5.58472e-02
0.11879	5.67921e-02
0.11845	5.77616e-02
0.11805	5.87458e-02
0.11761	5.97335e-02
0.11712	6.07118e-02
0.11659	6.16638e-02
0.11604	6.25650e-02
0.11549	6.33716e-02
0.11498	6.40061e-02
0.11456	6.43965e-02
0.11421	6.45747e-02
0.11389	6.46195e-02
0.11358	6.45766e-02
0.11326	6.44655e-02
0.11294	6.42453e-02
0.11261	6.39743e-02
0.11227	6.36578e-02
0.11192	6.33011e-02
0.11157	6.29102e-02
0.11121	6.24919e-02
0.11085	6.20533e-02
0.11047	6.16025e-02
0.11009	6.11476e-02
0.10969	6.06972e-02
0.10928	6.02599e-02
0.10884	5.98637e-02
0.10837	5.94996e-02
0.10789	5.91754e-02
0.10737	5.88990e-02
0.10684	5.86757e-02
0.10627	5.85129e-02
0.10567	5.84162e-02
0.10503	5.83910e-02
0.10436	5.84417e-02
0.10365	5.85722e-02
0.10290	5.87857e-02
0.10211	5.90846e-02
0.10127	5.94708e-02
0.10040	5.99445e-02
0.09948	6.05052e-02
0.09853	6.11512e-02
0.09755	6.18792e-02
0.09653	6.26848e-02
0.09549	6.35617e-02
0.09443	6.45026e-02
0.09335	6.54995e-02
0.09227	6.65456e-02
0.09117	6.76364e-02
0.09008	6.87711e-02
0.08897	6.99522e-02
0.08786	7.11831e-02
0.08673	7.24663e-02
0.08559	7.37980e-02
0.08454	7.50492e-02
0.08444	7.52968e-02
0.08446	7.54795e-02
0.08448	7.57384e-02
0.08448	7.60776e-02
0.08447	7.64943e-02
0.08445	7.69850e-02
0.08442	7.75389e-02
0.08440	7.81401e-02
0.08441	7.87568e-02
0.08451	7.93142e-02
0.08487	7.96412e-02
0.08565	7.95622e-02
0.08673	7.91854e-02
0.08793	7.87004e-02
0.08916	7.81986e-02
0.09037	7.77165e-02
0.09157	7.72706e-02
0.09274	7.68690e-02
0.09387	7.65160e-02
0.09497	7.62138e-02
0.09603	7.59627e-02
0.09706	7.57616e-02
0.09804	7.56079e-02
0.09901	7.54796e-02
0.09995	7.53873e-02
0.10087	7.53227e-02
0.10176	7.52743e-02
0.10264	7.52276e-02
0.10351	7.51668e-02
0.10438	7.50795e-02
0.10524	7.49592e-02
0.10610	7.48107e-02
0.10694	7.46407e-02
0.10776	7.44550e-02
0.10855	7.42569e-02
0.10931	7.40481e-02
0.11003	7.38288e-02
0.11072	7.35985e-02
0.11137	7.33565e-02
0.11199	7.31023e-02
0.11256	7.28356e-02
0.11310	7.25564e-02
0.11360	7.22651e-02
0.11406	7.19624e-02
0.11448	7.16492e-02
0.11486	7.13268e-02
0.11520	7.09966e-02
0.11550	7.06602e-02
0.11576	7.03190e-02
0.11597	6.99746e-02
0.11614	6.96283e-02
0.11627	6.92816e-02
0.11635	6.89353e-02
0.11639	6.85903e-02
0.11639	6.82471e-02
0.11634	6.79056e-02
0.11624	6.75655e-02
0.11610	6.72260e-02
0.11591	6.68858e-02
0.11567	6.65431e-02
0.11538	6.61951e-02
0.11504	6.58393e-02
0.11465	6.54732e-02
0.11422	6.50939e-02
0.11374	6.46986e-02
0.11321	6.42842e-02
0.11264	6.38481e-02
0.11202	6.33876e-02
0.11135	6.29003e-02
0.11064	6.23870e-02
0.10989	6.18440e-02
0.10913	6.12623e-02
0.10832	6.06500e-02
0.10748	6.00066e-02
0.10661	5.93318e-02
0.10572	5.86119e-02
0.10482	5.78552e-02
0.10390	5.70515e-02
0.10299	5.61724e-02
0.10214	5.51468e-02
0.10140	5.38800e-02
0.10074	5.24054e-02
0.10011	5.08514e-02
0.09947	4.93047e-02
0.09880	4.78044e-02
0.09810	4.63769e-02
0.09736	4.50427e-02
0.09659	4.38199e-02
0.09578	4.27256e-02
0.09495	4.17758e-02
0.09409	4.09854e-02
0.09321	4.03674e-02
0.09232	3.99221e-02
0.09142	3.96654e-02
0.09051	3.95999e-02
0.08959	3.97235e-02
0.08867	4.00291e-02
0.08775	4.05044e-02
0.08686	4.11320e-02
0.08599	4.18892e-02
0.08516	4.27486e-02
0.08436	4.37000e-02
0.08365	4.46801e-02
0.08304	4.56451e-02
0.08257	4.65466e-02
0.08227	4.73336e-02
0.08216	4.79635e-02
0.08228	4.84030e-02
0.08263	4.86336e-02
0.08321	4.86534e-02
0.08401	4.84776e-02
0.08500	4.81372e-02
0.08615	4.76735e-02
0.08743	4.71296e-02
0.08879	4.65455e-02
0.09023	4.59555e-02
0.09172	4.53886e-02
0.09323	4.48692e-02
0.09476	4.44174e-02
0.09630	4.40503e-02
0.09783	4.37815e-02
0.09935	4.36221e-02
0.10085	4.35801e-02
0.10231	4.36608e-02
0.10375	4.38669e-02
0.10515	4.41982e-02
0.10650	4.46521e-02
0.10780	4.52238e-02
0.10906	4.59057e-02
0.11025	4.66884e-02
0.11140	4.75617e-02
0.11248	4.85093e-02
0.11351	4.95136e-02
0.11449	5.05529e-02
0.11542	5.15989e-02
0.11633	5.26153e-02
0.11721	5.35559e-02
0.11810	5.43704e-02
0.11902	5.50199e-02
0.11995	5.54964e-02
0.12090	5.58235e-02
0.12184	5.60385e-02
0.12275	5.61760e-02
0.12362	5.62616e-02
0.12445	5.63131e-02
0.12521	5.63419e-02
0.12593	5.63558e-02
0.12658	5.63596e-02
0.12717	5.63566e-02
0.12771	5.63488e-02
0.12818	5.63377e-02
0.12859	5.63246e-02
0.12895	5.63108e-02
0.12925	5.62984e-02
0.12949	5.62902e-02
0.12968	5.62899e-02
0.12981	5.63021e-02
0.12989	5.63323e-02
0.12991	5.63864e-02
0.12987	5.64708e-02
0.12978	5.65889e-02
0.12963	5.67489e-02
0.12943	5.69559e-02
0.12917	5.72140e-02
0.12885	5.75260e-02
0.12848	5.78934e-02
0.12806	5.83163e-02
0.12758	5.87931e-02
0.12706	5.93209e-02
0.12650	5.98949e-02
0.12591	6.05082e-02
0.12530	6.11381e-02
0.12466	6.17888e-02
0.12401	6.24418e-02
0.12337	6.30694e-02
0.12275	6.36311e-02
0.12218	6.40702e-02
0.12171	6.43320e-02
0.12135	6.43987e-02
0.12107	6.43026e-02
0.12085	6.40739e-02
0.12067	6.37702e-02
0.12052	6.34145e-02
0.12042	6.30362e-02
0.12034	6.26212e-02
0.12030	6.21672e-02
0.12028	6.16684e-02
0.12029	6.11168e-02
0.12035	6.05031e-02
0.12044	5.98175e-02
0.12058	5.90507e-02
0.12076	5.81960e-02
0.12099	5.72442e-02
0.12125	5.62012e-02
0.12155	5.50730e-02
0.12188	5.38697e-02
0.12223	5.26049e-02
0.12258	5.12942e-02
0.12293	4.99542e-02
0.12328	4.86015e-02
0.12361	4.72526e-02
0.12391	4.59289e-02
0.12417	4.46395e-02
0.12440	4.33979e-02
0.12459	4.22169e-02
0.12473	4.11109e-02
0.12483	4.00876e-02
0.12488	3.91555e-02
0.12487	3.83213e-02
0.12482	3.75898e-02
0.12471	3.69641e-02
0.12454	3.64449e-02
0.12433	3.60307e-02
0.12406	3.57181e-02
0.12374	3.55018e-02
0.12337	3.53748e-02
0.12295	3.53291e-02
0.12248	3.53558e-02
0.12196	3.54456e-02
0.12139	3.55894e-02
0.12078	3.57784e-02
0.12011	3.60044e-02
0.11940	3.62600e-02
0.11865	3.65389e-02
0.11785	3.68356e-02
0.11700	3.71457e-02
0.11612	3.74658e-02
0.11519	3.77932e-02
0.11421	3.81262e-02
0.11320	3.84638e-02
0.11214	3.88054e-02
0.11105	3.91512e-02
0.10992	3.95019e-02
0.10876	3.98581e-02
0.10756	4.02205e-02
0.10633	4.05896e-02
0.10507	4.09655e-02
0.10378	4.13471e-02
0.10247	4.17325e-02
0.10115	4.21172e-02
0.09981	4.24944e-02
0.09847	4.28534e-02
0.09714	4.31798e-02
0.09582	4.34574e-02
0.09454	4.36731e-02
0.09330	4.38248e-02
0.09209	4.39243e-02
0.09091	4.39919e-02
0.08975	4.40490e-02
0.08862	4.41122e-02
0.08750	4.41920e-02
0.08640	4.42941e-02
0.08531	4.44195e-02
0.08425	4.45661e-02
0.08322	4.47292e-02
0.08221	4.49015e-02
0.08125	4.50739e-02
0.08033	4.52350e-02
0.07947	4.53719e-02
0.07868	4.54704e-02
0.07793	4.54887e-02
0.07728	4.54357e-02
0.07673	4.53005e-02
0.07628	4.50765e-02
0.07594	4.47624e-02
0.07570	4.43626e-02
0.07557	4.38862e-02
0.07554	4.33459e-02
0.07559	4.27570e-02
0.07571	4.21357e-02
0.07590	4.14981e-02
0.07614	4.08599e-02
0.07642	4.02340e-02
0.07675	3.96314e-02
0.07711	3.90613e-02
0.07749	3.85309e-02
0.07791	3.80442e-02
0.07833	3.76043e-02
0.07878	3.72123e-02
0.07923	3.68681e-02
0.07970	3.65700e-02
0.08017	3.63155e-02
0.08064	3.61009e-02
0.08110	3.59144e-02
0.08155	3.57561e-02
0.08199	3.56212e-02
0.08243	3.55052e-02
0.08286	3.54034e-02
0.08327	3.53119e-02
0.08367	3.52270e-02
0.08405	3.51458e-02
0.08441	3.50658e-02
0.08474	3.49857e-02
0.08504	3.49045e-02
0.08532	3.48225e-02
0.08556	3.47403e-02
0.08576	3.46596e-02
0.08593	3.45826e-02
0.08605	3.45118e-02
0.08614	3.44501e-02
0.08618	3.44003e-02
0.08616	3.43711e-02
0.08610	3.43593e-02
0.08599	3.43663e-02
0.08583	3.43925e-02
0.08562	3.44368e-02
0.08537	3.44976e-02
0.08507	3.45720e-02
0.08474	3.46567e-02
0.08436	3.47477e-02
0.08394	3.48418e-02
0.08348	3.49361e-02
0.08300	3.50288e-02
0.08248	3.51191e-02
0.08194	3.52066e-02
0.08137	3.52910e-02
0.08078	3.53708e-02
0.08018	3.54419e-02
0.07957	3.54954e-02
0.07897	3.55128e-02
0.07841	3.54571e-02
0.07791	3.52607e-02
0.07753	3.48313e-02
0.07729	3.41179e-02
0.07717	3.31739e-02
0.07712	3.21025e-02
0.07712	3.09904e-02
0.07713	2.98997e-02
0.07715	2.88774e-02
0.07717	2.79627e-02
0.07718	2.71918e-02
0.07719	2.65942e-02
0.07719	2.61956e-02
0.07717	2.60151e-02
0.07714	2.60638e-02
0.07710	2.63429e-02
0.07704	2.68432e-02
0.07698	2.75419e-02
0.07692	2.83888e-02
0.07692	2.92106e-02
0.07729	2.92235e-02
0.07810	2.81911e-02
0.07901	2.69720e-02
0.07993	2.57951e-02
0.08085	2.47152e-02
0.08176	2.37576e-02
0.08266	2.29392e-02
0.08354	2.22726e-02
0.08442	2.17938e-02
0.08528	2.14803e-02
0.08613	2.13322e-02
0.08695	2.13454e-02
0.08776	2.15114e-02
0.08854	2.18185e-02
0.08929	2.22526e-02
0.09002	2.27978e-02
0.09073	2.34379e-02
0.09141	2.41569e-02
0.09205	2.49392e-02
0.09267	2.57706e-02
0.09322	2.66416e-02
0.09373	2.75317e-02
0.09422	2.84303e-02
0.09466	2.93279e-02
0.09507	3.02163e-02
0.09545	3.10879e-02
0.09578	3.19362e-02
0.09608	3.27557e-02
0.09633	3.35415e-02
0.09654	3.42896e-02
0.09671	3.49966e-02
0.09684	3.56500e-02
0.09693	3.62583e-02
0.09697	3.68202e-02
0.09696	3.73347e-02
0.09690	3.78013e-02
0.09679	3.82194e-02
0.09662	3.85886e-02
0.09641	3.89088e-02
0.09614	3.91797e-02
0.09583	3.94011e-02
0.09546	3.95729e-02
0.09505	3.96949e-02
0.09459	3.97690e-02
0.09409	3.97928e-02
0.09354	3.97663e-02
0.09296	3.96896e-02
0.09234	3.95627e-02
0.09168	3.93863e-02
0.09099	3.91614e-02
0.09027	3.88897e-02
0.08952	3.85736e-02
0.08872	3.82051e-02
0.08788	3.78012e-02
0.08701	3.73668e-02
0.08612	3.69072e-02
0.08519	3.64272e-02
0.08424	3.59314e-02
0.08326	3.54232e-02
0.08226	3.49048e-02
0.08124	3.43767e-02
0.08020	3.38405e-02
0.07915	3.32846e-02
0.07811	3.27039e-02
0.07708	3.20948e-02
0.07606	3.14578e-02
0.07505	3.07994e-02
0.07407	3.01340e-02
0.07311	2.94828e-02
0.07217	2.88727e-02
0.07123	2.83330e-02
0.07031	2.78932e-02
0.06940	2.75806e-02
0.06849	2.74183e-02
0.06759	2.74234e-02
0.06670	2.76059e-02
0.06582	2.79680e-02
0.06495	2.85040e-02
0.06410	2.92000e-02
0.06328	3.00338e-02
0.06249	3.09747e-02
0.06177	3.19804e-02
0.06114	3.29956e-02
0.06063	3.39540e-02
0.06028	3.47986e-02
0.06012	3.55068e-02
0.06013	3.60909e-02
0.06031	3.65672e-02
0.06067	3.69210e-02
0.06122	3.70990e-02
0.06199	3.70591e-02
0.06294	3.68272e-02
0.06402	3.64822e-02
0.06517	3.60953e-02
0.06636	3.57108e-02
0.06757	3.53519e-02
0.06878	3.50290e-02
0.07000	3.47447e-02
0.07121	3.44970e-02
0.07241	3.42816e-02
0.07361	3.40929e-02
0.07480	3.39262e-02
0.07597	3.37780e-02
0.07713	3.36469e-02
0.07828	3.35329e-02
0.07941	3.34372e-02
0.08051	3.33616e-02
0.08160	3.33081e-02
0.08267	3.32863e-02
0.08371	3.32880e-02
0.08472	3.33145e-02
0.08569	3.33667e-02
0.08664	3.34456e-02
0.08754	3.35520e-02
0.08841	3.36865e-02
0.08924	3.38496e-02
0.09003	3.40417e-02
0.09078	3.42627e-02
0.09149	3.45124e-02
0.09217	3.47905e-02
0.09277	3.50716e-02
0.09333	3.53765e-02
0.09384	3.57038e-02
0.09432	3.60514e-02
0.09474	3.64171e-02
0.09513	3.67982e-02
0.09547	3.71916e-02
0.09577	3.75942e-02
0.09602	3.80025e-02
0.09623	3.84133e-02
0.09640	3.88234e-02
0.09652	3.92283e-02
0.09659	3.96264e-02
0.09662	4.00157e-02
0.09661	4.03946e-02
0.09655	4.07508e-02
0.09646	4.10955e-02
0.09632	4.14292e-02
0.09615	4.17528e-02
0.09595	4.20681e-02
0.09571	4.23830e-02
0.09544	4.26948e-02
0.09515	4.30069e-02
0.09485	4.33315e-02
0.09452	4.36659e-02
0.09418	4.40150e-02
0.09382	4.43842e-02
0.09344	4.47789e-02
0.09305	4.52044e-02
0.09264	4.56658e-02
0.09222	4.61672e-02
0.09180	4.67124e-02
0.09136	4.73039e-02
0.09091	4.79432e-02
0.09047	4.86304e-02
0.09002	4.93648e-02
0.08957	5.01440e-02
0.08912	5.09645e-02
0.08868	5.18211e-02
0.08825	5.27061e-02
0.08784	5.36082e-02
0.08746	5.45059e-02
0.08714	5.53538e-02
0.08694	5.60463e-02
0.08695	5.64775e-02
0.08710	5.67245e-02
0.08733	5.68990e-02
0.08761	5.70479e-02
0.08791	5.71898e-02
0.08823	5.73345e-02
0.08857	5.74895e-02
0.08890	5.76603e-02
0.08924	5.78509e-02
0.08957	5.80634e-02
0.08989	5.82985e-02
0.09021	5.85553e-02
0.09051	5.88310e-02
0.09080	5.91216e-02
0.09109	5.94212e-02
0.09137	5.97221e-02
0.09165	6.00143e-02
0.09194	6.02857e-02
0.09224	6.05219e-02
0.09256	6.07067e-02
0.09292	6.08239e-02
0.09332	6.08600e-02
0.09376	6.08057e-02
0.09425	6.06577e-02
0.09478	6.04175e-02
0.09535	6.00896e-02
0.09593	5.96641e-02
0.09654	5.91634e-02
0.09717	5.85953e-02
0.09781	5.79682e-02
0.09845	5.72907e-02
0.09909	5.65719e-02
0.09972	5.58206e-02
0.10033	5.50460e-02
0.10093	5.42568e-02
0.10150	5.34612e-02
0.10204	5.26676e-02
0.10255	5.18835e-02
0.10303	5.11164e-02
0.10347	5.03734e-02
0.10388	4.96610e-02
0.10424	4.89853e-02
0.10456	4.83517e-02
0.10485	4.77650e-02
0.10510	4.72281e-02
0.10531	4.67432e-02
0.10548	4.63098e-02
0.10562	4.59245e-02
0.10573	4.55791e-02
0.10582	4.52590e-02
0.10589	4.49408e-02
0.10597	4.45897e-02
0.10608	4.41628e-02
0.10621	4.36212e-02
0.10639	4.29510e-02
0.10659	4.21708e-02
0.10679	4.13217e-02
0.10698	4.04391e-02
0.10715	3.95554e-02
0.10728	3.86958e-02
0.10738	3.78793e-02
0.10744	3.71213e-02
0.10745	3.64344e-02
0.10742	3.58294e-02
0.10734	3.53153e-02
0.10722	3.48997e-02
0.10705	3.45885e-02
0.10683	3.43867e-02
0.10657	3.42967e-02
0.10625	3.43038e-02
0.10588	3.44219e-02
0.10548	3.46659e-02
0.10504	3.50154e-02
0.10456	3.54651e-02
0.10404	3.60088e-02
0.10347	3.66395e-02
0.10287	3.73496e-02
0.10224	3.81310e-02
0.10157	3.89750e-02
0.10087	3.98716e-02
0.10014	4.08085e-02
0.09939	4.17659e-02
0.09864	4.26991e-02
0.09795	4.34586e-02
0.09751	4.36704e-02
0.09730	4.33720e-02
0.09716	4.29308e-02
0.09704	4.24772e-02
0.09691	4.20473e-02
0.09676	4.16561e-02
0.09661	4.13062e-02
0.09646	4.09967e-02
0.09629	4.07245e-02
0.09612	4.04848e-02
0.09595	4.02719e-02
0.09579	4.00795e-02
0.09563	3.99026e-02
0.09549	3.97161e-02
0.09536	3.95325e-02
0.09525	3.93489e-02
0.09514	3.91634e-02
0.09504	3.89746e-02
0.09496	3.87818e-02
0.09488	3.85842e-02
0.09482	3.83795e-02
0.09477	3.81652e-02
0.09474	3.79383e-02
0.09473	3.76956e-02
0.09474	3.74342e-02
0.09476	3.71523e-02
0.09481	3.68497e-02
0.09488	3.65288e-02
0.09496	3.61940e-02
0.09507	3.58520e-02
0.09519	3.55112e-02
0.09532	3.51810e-02
0.09547	3.48715e-02
0.09562	3.45925e-02
0.09579	3.43535e-02
0.09596	3.41635e-02
0.09615	3.40305e-02
0.09634	3.39615e-02
0.09653	3.39630e-02
0.09673	3.40406e-02
0.09694	3.41991e-02
0.09715	3.44425e-02
0.09736	3.47787e-02
0.09758	3.52053e-02
0.09780	3.57236e-02
0.09802	3.63336e-02
0.09824	3.70341e-02
0.09846	3.78222e-02
0.09867	3.86931e-02
0.09888	3.96401e-02
0.09909	4.06542e-02
0.09930	4.17232e-02
0.09950	4.28305e-02
0.09971	4.39519e-02
0.09993	4.50493e-02
0.10020	4.60583e-02
0.10056	4.68720e-02
0.10107	4.73586e-02
0.10174	4.74688e-02
0.10253	4.72983e-02
0.10336	4.69780e-02
0.10419	4.66032e-02
0.10498	4.62259e-02
0.10572	4.58753e-02
0.10640	4.55694e-02
0.10701	4.53197e-02
0.10754	4.51346e-02
0.10799	4.50202e-02
0.10835	4.49808e-02
0.10862	4.50195e-02
0.10880	4.51384e-02
0.10888	4.53379e-02
0.10887	4.56177e-02
0.10875	4.59760e-02
0.10854	4.64098e-02
0.10822	4.69148e-02
0.10781	4.74858e-02
0.10729	4.81162e-02
0.10668	4.87983e-02
0.10598	4.95236e-02
0.10518	5.02824e-02
0.10429	5.10644e-02
0.10332	5.18582e-02
0.10227	5.26518e-02
0.10115	5.34326e-02
0.09995	5.41888e-02
0.09870	5.49048e-02
0.09740	5.55662e-02
0.09605	5.61577e-02
0.09468	5.66635e-02
0.09330	5.70671e-02
0.09191	5.73515e-02
0.09055	5.75000e-02
0.08921	5.74971e-02
0.08792	5.73314e-02
0.08669	5.69988e-02
0.08552	5.65058e-02
0.08440	5.58701e-02
0.08333	5.51191e-02
0.08228	5.42860e-02
0.08124	5.34056e-02
0.08021	5.24977e-02
0.07977	5.06701e-02
0.07939	4.87083e-02
0.07899	4.67547e-02
0.07856	4.48395e-02
0.07810	4.29949e-02
0.07760	4.12547e-02
0.07705	3.96541e-02
0.07644	3.82297e-02
0.07579	3.70178e-02
0.07508	3.60526e-02
0.07431	3.53640e-02
0.07349	3.49593e-02
0.07260	3.48654e-02
0.07166	3.50837e-02
0.07068	3.56033e-02
0.06965	3.64013e-02
0.06859	3.74429e-02
0.06752	3.86673e-02
0.06694	3.92394e-02
0.06728	3.84687e-02
0.06771	3.77525e-02
0.06822	3.71272e-02
0.06882	3.65723e-02
0.06951	3.60730e-02
0.07031	3.56308e-02
0.07118	3.52670e-02
0.07211	3.50158e-02
0.07307	3.49143e-02
0.07405	3.49933e-02
0.07504	3.52729e-02
0.07601	3.57605e-02
0.07696	3.64514e-02
0.07789	3.73289e-02
0.07879	3.83627e-02
0.07968	3.95007e-02
0.08059	4.06461e-02
0.08159	4.16540e-02
0.08268	4.24825e-02
0.08381	4.32466e-02
0.08491	4.40360e-02
0.08596	4.48833e-02
0.08695	4.57922e-02
0.08786	4.67586e-02
0.08870	4.77744e-02
0.08946	4.88308e-02
0.09015	4.99185e-02
0.09074	5.10287e-02
0.09126	5.21528e-02
0.09169	5.32827e-02
0.09203	5.44106e-02
0.09228	5.55286e-02
0.09245	5.66292e-02
0.09254	5.77043e-02
0.09254	5.87457e-02
0.09246	5.97447e-02
0.09230	6.06916e-02
0.09207	6.15759e-02
0.09178	6.23862e-02
0.09143	6.31106e-02
0.09104	6.37377e-02
0.09060	6.42581e-02
0.09013	6.46664e-02
0.08963	6.49621e-02
0.08909	6.51497e-02
0.08852	6.52372e-02
0.08791	6.52334e-02
0.08725	6.51465e-02
0.08654	6.49826e-02
0.08579	6.47458e-02
0.08500	6.44392e-02
0.08415	6.40667e-02
0.08326	6.36348e-02
0.08231	6.31522e-02
0.08132	6.26282e-02
0.08027	6.20714e-02
0.07917	6.14886e-02
0.07802	6.08848e-02
0.07681	6.02639e-02
0.07556	5.96284e-02
0.07427	5.89797e-02
0.07294	5.83188e-02
0.07158	5.76457e-02
0.07021	5.69600e-02
0.06882	5.62613e-02
0.06743	5.55485e-02
0.06606	5.48060e-02
0.06472	5.40452e-02
0.06340	5.32658e-02
0.06212	5.24664e-02
0.06090	5.16363e-02
0.05981	5.07095e-02
0.05916	4.93332e-02
0.05903	4.73968e-02
0.05907	4.52905e-02
0.05920	4.31305e-02
0.05939	4.09556e-02
0.05962	3.87929e-02
0.05989	3.66658e-02
0.06020	3.45946e-02
0.06055	3.25954e-02
0.06094	3.06800e-02
0.06138	2.88617e-02
0.06189	2.71604e-02
0.06244	2.56275e-02
0.06302	2.43308e-02
0.06362	2.33475e-02
0.06422	2.27487e-02
0.06482	2.25851e-02
0.06542	2.28746e-02
0.06601	2.35985e-02
0.06658	2.47182e-02
0.06715	2.61540e-02
0.06774	2.78122e-02
0.06838	2.95834e-02
0.06910	3.13369e-02
0.06997	3.29273e-02
0.07104	3.42526e-02
0.07229	3.53376e-02
0.07366	3.63024e-02
0.07509	3.72630e-02
0.07652	3.82885e-02
0.07794	3.94099e-02
0.07933	4.06350e-02
0.08068	4.19592e-02
0.08198	4.33713e-02
0.08324	4.48566e-02
0.08445	4.63991e-02
0.08562	4.79823e-02
0.08674	4.95901e-02
0.08782	5.12072e-02
0.08886	5.28245e-02
0.08986	5.44243e-02
0.09083	5.59948e-02
0.09177	5.75255e-02
0.09269	5.90063e-02
0.09358	6.04251e-02
0.09447	6.17655e-02
0.09536	6.30017e-02
0.09628	6.40955e-02
0.09726	6.50010e-02
0.09833	6.56872e-02
0.09947	6.61617e-02
0.10066	6.64640e-02
0.10186	6.66392e-02
0.10305	6.67240e-02
0.10422	6.67442e-02
0.10534	6.67183e-02
0.10642	6.66596e-02
0.10744	6.65785e-02
0.10841	6.64830e-02
0.10932	6.63799e-02
0.11018	6.62748e-02
0.11097	6.61721e-02
0.11171	6.60757e-02
0.11240	6.59882e-02
0.11303	6.59116e-02
0.11361	6.58469e-02
0.11415	6.57943e-02
0.11465	6.57534e-02
0.11510	6.57222e-02
0.11552	6.56985e-02
0.11592	6.56793e-02
0.11629	6.56611e-02
0.11664	6.56398e-02
0.11697	6.56110e-02
0.11730	6.55703e-02
0.11761	6.55131e-02
0.11793	6.54349e-02
0.11824	6.53313e-02
0.11856	6.51987e-02
0.11887	6.50354e-02
0.11918	6.48372e-02
0.11950	6.46027e-02
0.11982	6.43316e-02
0.12013	6.40247e-02
0.12043	6.36835e-02
0.12072	6.33102e-02
0.12099	6.29073e-02
0.12123	6.24776e-02
0.12145	6.20237e-02
0.12163	6.15483e-02
0.12177	6.10538e-02
0.12187	6.05424e-02
0.12191	6.00159e-02
0.12191	5.94767e-02
0.12185	5.89268e-02
0.12173	5.83678e-02
0.12155	5.78013e-02
0.12131	5.72286e-02
0.12101	5.66510e-02
0.12064	5.60696e-02
0.12021	5.54853e-02
0.11972	5.48990e-02
0.11916	5.43113e-02
0.11854	5.37231e-02
0.11786	5.31351e-02
0.11711	5.25482e-02
0.11631	5.19634e-02
0.11544	5.13819e-02
0.11452	5.08050e-02
0.11355	5.02345e-02
0.11251	4.96722e-02
0.11143	4.91204e-02
0.11029	4.85814e-02
0.10910	4.80581e-02
0.10787	4.75531e-02
0.10659	4.70697e-02
0.10526	4.66106e-02
0.10389	4.61790e-02
0.10249	4.57776e-02
0.10104	4.54090e-02
0.09957	4.50751e-02
0.09806	4.47776e-02
0.09654	4.45176e-02
0.09499	4.42958e-02
0.09343	4.41127e-02
0.09185	4.39686e-02
0.09028	4.38648e-02
0.08871	4.38004e-02
0.08715	4.37772e-02
0.08559	4.37968e-02
0.08404	4.38603e-02
0.08252	4.39677e-02
0.08101	4.41168e-02
0.07954	4.43026e-02
0.07811	4.45158e-02
0.07672	4.47425e-02
0.07541	4.49631e-02
0.07418	4.51536e-02
0.07306	4.52892e-02
0.07206	4.53508e-02
0.07119	4.53345e-02
0.07044	4.52623e-02
0.06979	4.51545e-02
0.06923	4.50425e-02
0.06874	4.49531e-02
0.06831	4.49045e-02
0.06792	4.49055e-02
0.06758	4.49555e-02
0.06729	4.50443e-02
0.06706	4.51495e-02
0.06692	4.52298e-02
0.06690	4.52250e-02
0.06702	4.51032e-02
0.06725	4.49033e-02
0.06755	4.46796e-02
0.06790	4.44618e-02
0.06828	4.42577e-02
0.06869	4.40607e-02
0.06914	4.38521e-02
0.06964	4.36052e-02
0.07020	4.32909e-02
0.07083	4.28879e-02
0.07151	4.23910e-02
0.07224	4.18117e-02
0.07299	4.11697e-02
0.07374	4.04860e-02
0.07447	3.97777e-02
0.07518	3.90573e-02
0.07585	3.83334e-02
0.07647	3.76115e-02
0.07704	3.68950e-02
0.07755	3.61859e-02
0.07800	3.54855e-02
0.07839	3.47946e-02
0.07871	3.41138e-02
0.07895	3.34441e-02
0.07913	3.27867e-02
0.07924	3.21430e-02
0.07927	3.15153e-02
0.07921	3.08963e-02
0.07907	3.02985e-02
0.07885	2.97259e-02
0.07856	2.91832e-02
0.07819	2.86760e-02
0.07775	2.82104e-02
0.07723	2.77930e-02
0.07664	2.74311e-02
0.07598	2.71321e-02
0.07524	2.69036e-02
0.07445	2.67529e-02
0.07359	2.66869e-02
0.07266	2.67117e-02
0.07169	2.68322e-02
0.07066	2.70519e-02
0.06959	2.73703e-02
0.06848	2.77896e-02
0.06733	2.83081e-02
0.06615	2.89220e-02
0.06496	2.96258e-02
0.06376	3.04114e-02
0.06255	3.12675e-02
0.06137	3.21753e-02
0.06023	3.30957e-02
0.05920	3.39333e-02
0.05835	3.45954e-02
0.05766	3.51606e-02
0.05712	3.56630e-02
0.05682	3.59699e-02
0.05689	3.59013e-02
0.05726	3.55597e-02
0.05781	3.51427e-02
0.05847	3.47396e-02
0.05923	3.43798e-02
0.06008	3.40704e-02
0.06100	3.38102e-02
0.06201	3.35943e-02
0.06309	3.34161e-02
0.06425	3.32689e-02
0.06547	3.31466e-02
0.06675	3.30448e-02
0.06808	3.29603e-02
0.06946	3.28931e-02
0.07087	3.28449e-02
0.07231	3.28188e-02
0.07377	3.28186e-02
0.07523	3.28480e-02
0.07669	3.29106e-02
0.07815	3.30092e-02
0.07958	3.31457e-02
0.08100	3.33210e-02
0.08238	3.35352e-02
0.08373	3.37874e-02
0.08503	3.40763e-02
0.08629	3.43994e-02
0.08751	3.47542e-02
0.08866	3.51375e-02
0.08977	3.55460e-02
0.09081	3.59758e-02
0.09178	3.64234e-02
0.09269	3.68850e-02
0.09353	3.73567e-02
0.09429	3.78392e-02
0.09498	3.83249e-02
0.09558	3.88104e-02
0.09611	3.92922e-02
0.09655	3.97674e-02
0.09691	4.02331e-02
0.09718	4.06866e-02
0.09737	4.11258e-02
0.09747	4.15472e-02
0.09748	4.19508e-02
0.09741	4.23354e-02
0.09725	4.27003e-02
0.09700	4.30449e-02
0.09668	4.33694e-02
0.09628	4.36739e-02
0.09579	4.39592e-02
0.09524	4.42259e-02
0.09462	4.44747e-02
0.09394	4.47053e-02
0.09320	4.49141e-02
0.09242	4.50842e-02
0.09165	4.51281e-02
0.09104	4.47556e-02
0.09057	4.40326e-02
0.09012	4.32101e-02
0.08967	4.23574e-02
0.08921	4.14994e-02
0.08874	4.06532e-02
0.08828	3.98348e-02
0.08781	3.90606e-02
0.08735	3.83477e-02
0.08689	3.77140e-02
0.08645	3.71775e-02
0.08601	3.67559e-02
0.08560	3.64656e-02
0.08520	3.63208e-02
0.08484	3.63331e-02
0.08449	3.65102e-02
0.08419	3.68553e-02
0.08392	3.73686e-02
0.08369	3.80455e-02
0.08352	3.88782e-02
0.08339	3.98571e-02
0.08333	4.09720e-02
0.08332	4.22144e-02
0.08338	4.35771e-02
0.08349	4.50526e-02
0.08367	4.66249e-02
0.08393	4.82483e-02
0.08437	4.97640e-02
0.08525	5.07196e-02
0.08668	5.09439e-02
0.08835	5.09178e-02
0.09012	5.08844e-02
0.09194	5.08991e-02
0.09380	5.09514e-02
0.09572	5.09861e-02
0.09775	5.09052e-02
0.09991	5.06043e-02
0.10220	5.00563e-02
0.10457	4.93259e-02
0.10696	4.84967e-02
0.10932	4.76279e-02
0.11164	4.67545e-02
0.11388	4.58963e-02
0.11605	4.50648e-02
0.11813	4.42661e-02
0.12011	4.35035e-02
0.12199	4.27783e-02
0.12377	4.20902e-02
0.12544	4.14384e-02
0.12699	4.08211e-02
0.12843	4.02362e-02
0.12975	3.96815e-02
0.13095	3.91545e-02
0.13203	3.86527e-02
0.13299	3.81738e-02
0.13383	3.77156e-02
0.13454	3.72761e-02
0.13513	3.68552e-02
0.13560	3.64503e-02
0.13594	3.60605e-02
0.13617	3.56850e-02
0.13628	3.53235e-02
0.13627	3.49760e-02
0.13615	3.46397e-02
0.13591	3.43188e-02
0.13557	3.40140e-02
0.13512	3.37262e-02
0.13457	3.34566e-02
0.13392	3.32061e-02
0.13318	3.29757e-02
0.13234	3.27662e-02
0.13141	3.25781e-02
0.13041	3.24115e-02
0.12933	3.22663e-02
0.12817	3.21417e-02
0.12696	3.20364e-02
0.12569	3.19513e-02
0.12437	3.18815e-02
0.12303	3.18091e-02
0.12165	3.17464e-02
0.12023	3.16885e-02
0.11880	3.16301e-02
0.11736	3.15652e-02
0.11592	3.14871e-02
0.11449	3.13891e-02
0.11307	3.12643e-02
0.11169	3.11060e-02
0.11035	3.09088e-02
0.10907	3.06691e-02
0.10784	3.03856e-02
0.10669	3.00600e-02
0.10561	2.96973e-02
0.10461	2.93063e-02
0.10370	2.89000e-02
0.10288	2.84948e-02
0.10214	2.81116e-02
0.10149	2.77750e-02
0.10093	2.75133e-02
0.10044	2.73575e-02
0.10003	2.73397e-02
0.09968	2.74897e-02
0.09939	2.78326e-02
0.09916	2.83851e-02
0.09896	2.91537e-02
0.09880	3.01338e-02
0.09868	3.13106e-02
0.09858	3.26608e-02
0.09852	3.41540e-02
0.09849	3.57552e-02
0.09849	3.74258e-02
0.09854	3.91250e-02
0.09865	4.08112e-02
0.09881	4.24440e-02
0.09906	4.39886e-02
0.09939	4.54200e-02
0.09981	4.67271e-02
0.10032	4.79130e-02
0.10089	4.89916e-02
0.10152	4.99815e-02
0.10219	5.09017e-02
0.10289	5.17689e-02
0.10360	5.25965e-02
0.10431	5.33949e-02
0.10500	5.41722e-02
0.10567	5.49343e-02
0.10630	5.56857e-02
0.10689	5.64296e-02
0.10744	5.71681e-02
0.10792	5.79024e-02
0.10835	5.86334e-02
0.10871	5.93602e-02
0.10899	6.00797e-02
0.10920	6.07900e-02
0.10933	6.14853e-02
0.10940	6.21536e-02
0.10941	6.27665e-02
0.10942	6.32447e-02
0.10953	6.33881e-02
0.10983	6.30526e-02
0.11020	6.24293e-02
0.11055	6.16898e-02
0.11083	6.08981e-02
0.11104	6.00792e-02
0.11116	5.92451e-02
0.11119	5.84028e-02
0.11114	5.75573e-02
0.11100	5.67124e-02
0.11076	5.58710e-02
0.11044	5.50355e-02
0.11003	5.42081e-02
0.10954	5.33905e-02
0.10895	5.25843e-02
0.10829	5.17910e-02
0.10753	5.10121e-02
0.10669	5.02494e-02
0.10577	4.95050e-02
0.10477	4.87809e-02
0.10369	4.80760e-02
0.10253	4.73984e-02
0.10129	4.67523e-02
0.09998	4.61424e-02
0.09860	4.55737e-02
0.09715	4.50516e-02
0.09562	4.45815e-02
0.09404	4.41690e-02
0.09239	4.38196e-02
0.09068	4.35380e-02
0.08892	4.33284e-02
0.08710	4.31940e-02
0.08525	4.31364e-02
0.08335	4.31553e-02
0.08142	4.32478e-02
0.07947	4.34073e-02
0.07751	4.36216e-02
0.07556	4.38698e-02
0.07365	4.41164e-02
0.07182	4.43027e-02
0.07014	4.43543e-02
0.06866	4.41988e-02
0.06744	4.37917e-02
0.06649	4.31241e-02
0.06578	4.22720e-02
0.06524	4.13468e-02
0.06481	4.04617e-02
0.06444	3.96658e-02
0.06414	3.89787e-02
0.06392	3.83991e-02
0.06378	3.79086e-02
0.06375	3.74737e-02
0.06385	3.70521e-02
0.06411	3.66039e-02
0.06452	3.60991e-02
0.06511	3.55144e-02
0.06586	3.48315e-02
0.06677	3.40499e-02
0.06780	3.31960e-02
0.06892	3.23152e-02
0.07010	3.14556e-02
0.07131	3.06593e-02
0.07254	2.99593e-02
0.07376	2.93807e-02
0.07496	2.89416e-02
0.07614	2.86538e-02
0.07729	2.85233e-02
0.07841	2.85505e-02
0.07948	2.87308e-02
0.08050	2.90555e-02
0.08148	2.95124e-02
0.08241	3.00872e-02
0.08328	3.07642e-02
0.08410	3.15276e-02
0.08486	3.23617e-02
0.08556	3.32516e-02
0.08621	3.41838e-02
0.08679	3.51458e-02
0.08731	3.61265e-02
0.08778	3.71161e-02
0.08818	3.81057e-02
0.08852	3.90875e-02
0.08880	4.00544e-02
0.08903	4.09998e-02
0.08919	4.19177e-02
0.08930	4.28023e-02
0.08935	4.36478e-02
0.08935	4.44483e-02
0.08930	4.51978e-02
0.08920	4.58896e-02
0.08906	4.65164e-02
0.08888	4.70691e-02
0.08866	4.75274e-02
0.08843	4.78754e-02
0.08822	4.80454e-02
0.08811	4.78840e-02
0.08812	4.73814e-02
0.08816	4.66947e-02
0.08818	4.59003e-02
0.08816	4.50274e-02
0.08811	4.40930e-02
0.08801	4.31097e-02
0.08786	4.20886e-02
0.08766	4.10397e-02
0.08741	3.99718e-02
0.08710	3.88929e-02
0.08674	3.78102e-02
0.08632	3.67302e-02
0.08586	3.56587e-02
0.08535	3.46009e-02
0.08479	3.35613e-02
0.08420	3.25441e-02
0.08358	3.15530e-02
0.08292	3.05912e-02
0.08225	2.96624e-02
0.08155	2.87701e-02
0.08085	2.79184e-02
0.08013	2.71121e-02
0.07942	2.63571e-02
0.07871	2.56611e-02
0.07801	2.50305e-02
0.07733	2.44754e-02
0.07666	2.40062e-02
0.07602	2.36339e-02
0.07541	2.33696e-02
0.07483	2.32239e-02
0.07427	2.32037e-02
0.07376	2.33183e-02
0.07329	2.35715e-02
0.07287	2.39631e-02
0.07250	2.44884e-02
0.07218	2.51373e-02
0.07192	2.58942e-02
0.07173	2.67363e-02
0.07162	2.76323e-02
0.07160	2.85421e-02
0.07169	2.94195e-02
0.07192	3.02237e-02
0.07229	3.09377e-02
0.07279	3.15759e-02
0.07341	3.21725e-02
0.07413	3.27620e-02
0.07492	3.33691e-02
0.07579	3.40065e-02
0.07672	3.46772e-02
0.07771	3.53718e-02
0.07876	3.60833e-02
0.07986	3.67966e-02
0.08102	3.74937e-02
0.08224	3.81554e-02
0.08352	3.87638e-02
0.08487	3.93046e-02
0.08627	3.97697e-02
0.08772	4.01567e-02
0.08922	4.04683e-02
0.09074	4.07099e-02
0.09230	4.08878e-02
0.09386	4.10082e-02
0.09544	4.10768e-02
0.09701	4.10985e-02
0.09857	4.10777e-02
0.10012	4.10185e-02
0.10165	4.09250e-02
0.10315	4.08009e-02
0.10462	4.06501e-02
0.10605	4.04764e-02
0.10743	4.02836e-02
0.10877	4.00754e-02
0.11006	3.98555e-02
0.11130	3.96274e-02
0.11248	3.93944e-02
0.11360	3.91598e-02
0.11466	3.89264e-02
0.11566	3.86970e-02
0.11658	3.84740e-02
0.11745	3.82595e-02
0.11824	3.80553e-02
0.11896	3.78628e-02
0.11961	3.76829e-02
0.12020	3.75163e-02
0.12071	3.73632e-02
0.12115	3.72230e-02
0.12152	3.70951e-02
0.12182	3.69780e-02
0.12205	3.68699e-02
0.12222	3.67684e-02
0.12232	3.66706e-02
0.12235	3.65731e-02
0.12233	3.64720e-02
0.12225	3.63629e-02
0.12211	3.62409e-02
0.12192	3.61009e-02
0.12166	3.59034e-02
0.12135	3.56783e-02
0.12100	3.54202e-02
0.12062	3.51243e-02
0.12020	3.47863e-02
0.11975	3.44029e-02
0.11928	3.39727e-02
0.11878	3.34961e-02
0.11826	3.29763e-02
0.11773	3.24189e-02
0.11718	3.18323e-02
0.11661	3.12277e-02
0.11602	3.06186e-02
0.11542	3.00203e-02
0.11480	2.94493e-02
0.11417	2.89229e-02
0.11352	2.84582e-02
0.11286	2.80710e-02
0.11218	2.77756e-02
0.11149	2.75832e-02
0.11079	2.75010e-02
0.11008	2.75319e-02
0.10937	2.76730e-02
0.10865	2.79157e-02
0.10795	2.82453e-02
0.10726	2.86409e-02
0.10659	2.90762e-02
0.10594	2.95132e-02
0.10532	2.99268e-02
0.10477	3.02864e-02
0.10427	3.05676e-02
0.10385	3.07578e-02
0.10349	3.08584e-02
0.10320	3.08841e-02
0.10297	3.08584e-02
0.10278	3.08080e-02
0.10264	3.07578e-02
0.10252	3.07274e-02
0.10242	3.07302e-02
0.10234	3.07727e-02
0.10227	3.08551e-02
0.10220	3.09728e-02
0.10215	3.11176e-02
0.10210	3.12791e-02
0.10205	3.14466e-02
0.10200	3.16105e-02
0.10195	3.17635e-02
0.10189	3.19017e-02
0.10183	3.20248e-02
0.10175	3.21360e-02
0.10166	3.22411e-02
0.10155	3.23479e-02
0.10140	3.24651e-02
0.10123	3.26014e-02
0.10102	3.27654e-02
0.10077	3.29646e-02
0.10047	3.32056e-02
0.10013	3.34938e-02
0.09975	3.38336e-02
0.09931	3.42281e-02
0.09882	3.46794e-02
0.09827	3.51885e-02
0.09768	3.57556e-02
0.09703	3.63801e-02
0.09633	3.70606e-02
0.09557	3.77949e-02
0.09476	3.85803e-02
0.09390	3.94137e-02
0.09298	4.02911e-02
0.09202	4.12082e-02
0.09101	4.21598e-02
0.08995	4.31399e-02
0.08885	4.41411e-02
0.08771	4.51537e-02
0.08655	4.61643e-02
0.08537	4.71521e-02
0.08420	4.80843e-02
0.08307	4.89104e-02
0.08203	4.95716e-02
0.08110	5.00397e-02
0.08028	5.03314e-02
0.07960	5.04179e-02
0.07916	5.01537e-02
0.07936	4.89023e-02
0.07964	4.75120e-02
0.07993	4.61193e-02
0.08020	4.47599e-02
0.08046	4.34527e-02
0.08069	4.22106e-02
0.08090	4.10431e-02
0.08108	3.99577e-02
0.08125	3.89595e-02
0.08140	3.80511e-02
0.08154	3.72316e-02
0.08167	3.64960e-02
0.08180	3.58344e-02
0.08194	3.52305e-02
0.08210	3.46621e-02
0.08230	3.41007e-02
0.08254	3.35152e-02
0.08283	3.28769e-02
0.08318	3.21668e-02
0.08358	3.13798e-02
0.08403	3.05237e-02
0.08453	2.96151e-02
0.08504	2.86742e-02
0.08557	2.77219e-02
0.08611	2.67793e-02
0.08664	2.58675e-02
0.08716	2.50084e-02
0.08766	2.42247e-02
0.08813	2.35391e-02
0.08857	2.29739e-02
0.08896	2.25496e-02
0.08932	2.22835e-02
0.08962	2.21876e-02
0.08987	2.22681e-02
0.09007	2.25245e-02
0.09020	2.29494e-02
0.09028	2.35301e-02
0.09030	2.42495e-02
0.09026	2.50876e-02
0.09016	2.60229e-02
0.09000	2.70337e-02
0.08978	2.80982e-02
0.08951	2.91953e-02
0.08920	3.03047e-02
0.08883	3.14067e-02
0.08843	3.24825e-02
0.08800	3.35148e-02
0.08755	3.44880e-02
0.08708	3.53898e-02
0.08660	3.62124e-02
0.08610	3.69532e-02
0.08561	3.76150e-02
0.08510	3.82042e-02
0.08459	3.87294e-02
0.08407	3.91989e-02
0.08354	3.96201e-02
0.08300	3.99980e-02
0.08244	4.03355e-02
0.08188	4.06335e-02
0.08132	4.08910e-02
0.08075	4.11055e-02
0.08018	4.12732e-02
0.07963	4.13893e-02
0.07908	4.14485e-02
0.07856	4.14449e-02
0.07807	4.13731e-02
0.07761	4.12282e-02
0.07719	4.10068e-02
0.07681	4.07074e-02
0.07649	4.03310e-02
0.07621	3.98812e-02
0.07598	3.93640e-02
0.07579	3.87878e-02
0.07566	3.81629e-02
0.07556	3.75015e-02
0.07551	3.68168e-02
0.07549	3.61234e-02
0.07551	3.54367e-02
0.07555	3.47731e-02
0.07562	3.41495e-02
0.07570	3.35833e-02
0.07581	3.30921e-02
0.07593	3.26930e-02
0.07605	3.24022e-02
0.07619	3.22343e-02
0.07632	3.22019e-02
0.07646	3.23147e-02
0.07660	3.25793e-02
0.07674	3.29992e-02
0.07687	3.35735e-02
0.07699	3.42977e-02
0.07710	3.51644e-02
0.07719	3.61624e-02
0.07728	3.72752e-02
0.07737	3.84654e-02
0.07754	3.95757e-02
0.07787	4.04536e-02
0.07822	4.13541e-02
0.07855	4.23649e-02
0.07885	4.34917e-02
0.07912	4.47273e-02
0.07934	4.60611e-02
0.07953	4.74817e-02
0.07968	4.89768e-02
0.07979	5.05266e-02
0.08045	5.12346e-02
0.08183	5.07949e-02
0.08318	5.04055e-02
0.08448	5.00834e-02
0.08572	4.98322e-02
0.08691	4.96537e-02
0.08804	4.95486e-02
0.08911	4.95166e-02
0.09012	4.95561e-02
0.09106	4.96650e-02
0.09195	4.98399e-02
0.09277	5.00766e-02
0.09353	5.03700e-02
0.09422	5.07144e-02
0.09484	5.11034e-02
0.09540	5.15301e-02
0.09590	5.19872e-02
0.09633	5.24673e-02
0.09670	5.29624e-02
0.09701	5.34649e-02
0.09726	5.39671e-02
0.09746	5.44612e-02
0.09759	5.49399e-02
0.09768	5.53963e-02
0.09771	5.58238e-02
0.09770	5.62167e-02
0.09764	5.65696e-02
0.09753	5.68783e-02
0.09739	5.71390e-02
0.09721	5.73490e-02
0.09699	5.75064e-02
0.09674	5.76098e-02
0.09645	5.76588e-02
0.09613	5.76534e-02
0.09578	5.75945e-02
0.09540	5.74831e-02
0.09500	5.73209e-02
0.09456	5.71096e-02
0.09410	5.68505e-02
0.09361	5.65436e-02
0.09310	5.61828e-02
0.09260	5.57381e-02
0.09218	5.50655e-02
0.09198	5.39402e-02
0.09189	5.25537e-02
0.09179	5.10658e-02
0.09168	4.95166e-02
0.09154	4.79203e-02
0.09137	4.62845e-02
0.09117	4.46155e-02
0.09094	4.29192e-02
0.09067	4.12018e-02
0.09038	3.94703e-02
0.09006	3.77322e-02
0.08971	3.59965e-02
0.08933	3.42733e-02
0.08893	3.25745e-02
0.08850	3.09136e-02
0.08805	2.93069e-02
0.08758	2.77729e-02
0.08709	2.63332e-02
0.08659	2.50067e-02
0.08607	2.38245e-02
0.08555	2.28155e-02
0.08501	2.20092e-02
0.08447	2.14326e-02
0.08393	2.11074e-02
0.08338	2.10465e-02
0.08283	2.12521e-02
0.08228	2.17127e-02
0.08174	2.24106e-02
0.08120	2.33174e-02
0.08067	2.43994e-02
0.08015	2.56178e-02
0.07966	2.69272e-02
0.07920	2.82701e-02
0.07881	2.95632e-02
0.07852	3.06846e-02
0.07841	3.15008e-02
0.07850	3.19839e-02
0.07872	3.22565e-02
0.07902	3.24673e-02
0.07936	3.27115e-02
0.07971	3.30364e-02
0.08006	3.34617e-02
0.08040	3.39917e-02
0.08073	3.46221e-02
0.08104	3.53431e-02
0.08134	3.61413e-02
0.08163	3.70012e-02
0.08190	3.79057e-02
0.08217	3.88366e-02
0.08244	3.97751e-02
0.08271	4.07020e-02
0.08298	4.15983e-02
0.08328	4.24465e-02
0.08359	4.32310e-02
0.08393	4.39399e-02
0.08430	4.45656e-02
0.08470	4.51050e-02
0.08512	4.55588e-02
0.08557	4.59300e-02
0.08604	4.62225e-02
0.08652	4.64405e-02
0.08701	4.65869e-02
0.08751	4.66640e-02
0.08802	4.66729e-02
0.08853	4.66143e-02
0.08905	4.64883e-02
0.08957	4.62956e-02
0.09009	4.60373e-02
0.09061	4.57157e-02
0.09113	4.53341e-02
0.09164	4.48974e-02
0.09212	4.43987e-02
0.09260	4.38579e-02
0.09305	4.32830e-02
0.09348	4.26828e-02
0.09388	4.20663e-02
0.09425	4.14431e-02
0.09458	4.08229e-02
0.09487	4.02153e-02
0.09512	3.96302e-02
0.09533	3.90771e-02
0.09548	3.85656e-02
0.09558	3.81049e-02
0.09563	3.77036e-02
0.09563	3.73703e-02
0.09556	3.71126e-02
0.09544	3.69375e-02
0.09525	3.68510e-02
0.09501	3.68580e-02
0.09471	3.69623e-02
0.09435	3.71660e-02
0.09392	3.74700e-02
0.09344	3.78731e-02
0.09291	3.83728e-02
0.09232	3.89643e-02
0.09167	3.96412e-02
0.09098	4.03949e-02
0.09025	4.12147e-02
0.08948	4.20872e-02
0.08868	4.29964e-02
0.08786	4.39229e-02
0.08703	4.48430e-02
0.08622	4.57283e-02
0.08543	4.65451e-02
0.08471	4.72556e-02
0.08407	4.78210e-02
0.08353	4.82095e-02
0.08312	4.84048e-02
0.08283	4.84128e-02
0.08265	4.82597e-02
0.08256	4.79843e-02
0.08251	4.76288e-02
0.08251	4.72319e-02
0.08251	4.68259e-02
0.08251	4.64362e-02
0.08250	4.60818e-02
0.08246	4.57761e-02
0.08239	4.55274e-02
0.08228	4.53401e-02
0.08213	4.52143e-02
0.08194	4.51464e-02
0.08171	4.51293e-02
0.08144	4.51519e-02
0.08115	4.51997e-02
0.08082	4.52546e-02
0.08048	4.52973e-02
0.08012	4.53092e-02
0.07977	4.52771e-02
0.07940	4.51956e-02
0.07902	4.50667e-02
0.07863	4.48968e-02
0.07822	4.46927e-02
0.07778	4.44594e-02
0.07731	4.41993e-02
0.07681	4.39133e-02
0.07627	4.36010e-02
0.07570	4.32624e-02
0.07510	4.28983e-02
0.07446	4.25104e-02
0.07378	4.21017e-02
0.07307	4.16763e-02
0.07231	4.12383e-02
0.07152	4.07918e-02
0.07069	4.03402e-02
0.06982	3.98859e-02
0.06892	3.94302e-02
0.06799	3.89742e-02
0.06703	3.85190e-02
0.06605	3.80670e-02
0.06506	3.76212e-02
0.06405	3.71842e-02
0.06303	3.67553e-02
0.06202	3.63286e-02
0.06103	3.58907e-02
0.06009	3.54213e-02
0.05921	3.48972e-02
0.05841	3.43022e-02
0.05770	3.36388e-02
0.05708	3.29353e-02
0.05651	3.22393e-02
0.05599	3.16059e-02
0.05548	3.10879e-02
0.05498	3.07296e-02
0.05447	3.05644e-02
0.05395	3.06133e-02
0.05341	3.08844e-02
0.05286	3.13735e-02
0.05230	3.20641e-02
0.05174	3.29273e-02
0.05121	3.39192e-02
0.05074	3.49719e-02
0.05042	3.59791e-02
0.05034	3.68085e-02
0.05056	3.73999e-02
0.05104	3.78086e-02
0.05174	3.81010e-02
0.05261	3.83151e-02
0.05363	3.84808e-02
0.05476	3.86294e-02
0.05599	3.87885e-02
0.05728	3.89775e-02
0.05862	3.92061e-02
0.06002	3.94751e-02
0.06146	3.97793e-02
0.06294	4.01098e-02
0.06446	4.04575e-02
0.06602	4.08162e-02
0.06762	4.11843e-02
0.06923	4.15645e-02
0.07086	4.19626e-02
0.07249	4.23846e-02
0.07411	4.28359e-02
0.07571	4.33201e-02
0.07729	4.38389e-02
0.07883	4.43925e-02
0.08033	4.49795e-02
0.08180	4.55971e-02
0.08322	4.62360e-02
0.08459	4.69009e-02
0.08591	4.75848e-02
0.08717	4.82825e-02
0.08838	4.89889e-02
0.08952	4.96987e-02
0.09059	5.03828e-02
0.09160	5.10612e-02
0.09255	5.17295e-02
0.09343	5.23839e-02
0.09425	5.30208e-02
0.09500	5.36371e-02
0.09570	5.42299e-02
0.09632	5.47970e-02
0.09689	5.53364e-02
0.09739	5.58466e-02
0.09782	5.63264e-02
0.09820	5.67750e-02
0.09850	5.71921e-02
0.09872	5.75342e-02
0.09887	5.78435e-02
0.09896	5.81209e-02
0.09898	5.83677e-02
0.09893	5.85852e-02
0.09881	5.87752e-02
0.09863	5.89394e-02
0.09839	5.90796e-02
0.09807	5.91978e-02
0.09769	5.92959e-02
0.09725	5.93757e-02
0.09674	5.94391e-02
0.09617	5.94876e-02
0.09554	5.95222e-02
0.09485	5.95435e-02
0.09410	5.95512e-02
0.09330	5.95434e-02
0.09246	5.95157e-02
0.09158	5.94595e-02
0.09068	5.93592e-02
0.08977	5.91900e-02
0.08889	5.89239e-02
0.08804	5.85463e-02
0.08722	5.80647e-02
0.08643	5.74929e-02
0.08568	5.68349e-02
0.08496	5.60823e-02
0.08430	5.52202e-02
0.08370	5.42362e-02
0.08316	5.31302e-02
0.08268	5.19156e-02
0.08225	5.06140e-02
0.08185	4.92477e-02
0.08146	4.78363e-02
0.08110	4.63962e-02
0.08074	4.49406e-02
0.08039	4.34811e-02
0.08004	4.20279e-02
0.07970	4.05908e-02
0.07936	3.91797e-02
0.07903	3.78049e-02
0.07869	3.64774e-02
0.07836	3.52095e-02
0.07804	3.40144e-02
0.07771	3.29062e-02
0.07739	3.19002e-02
0.07707	3.10118e-02
0.07675	3.02559e-02
0.07644	2.96465e-02
0.07613	2.91950e-02
0.07582	2.89097e-02
0.07551	2.87950e-02
0.07521	2.88507e-02
0.07491	2.90720e-02
0.07461	2.94502e-02
0.07433	2.99731e-02
0.07404	3.06257e-02
0.07377	3.13915e-02
0.07351	3.22529e-02
0.07326	3.31917e-02
0.07303	3.41892e-02
0.07282	3.52269e-02
0.07262	3.62858e-02
0.07246	3.73465e-02
0.07233	3.83896e-02
0.07224	3.93952e-02
0.07221	4.03440e-02
0.07224	4.12188e-02
0.07233	4.20061e-02
0.07249	4.26983e-02
0.07272	4.32945e-02
0.07302	4.37998e-02
0.07337	4.42234e-02
0.07377	4.45764e-02
0.07421	4.48701e-02
0.07468	4.51157e-02
0.07517	4.53239e-02
0.07566	4.55053e-02
0.07616	4.56703e-02
0.07665	4.58289e-02
0.07711	4.60014e-02
0.07755	4.61882e-02
0.07796	4.63965e-02
0.07834	4.66319e-02
0.07869	4.68983e-02
0.07901	4.71977e-02
0.07930	4.75299e-02
0.07956	4.78922e-02
0.07978	4.82784e-02
0.07998	4.86782e-02
0.08017	4.90749e-02
0.08037	4.94433e-02
0.08059	4.97476e-02
0.08086	4.99442e-02
0.08120	4.99956e-02
0.08163	4.98911e-02
0.08212	4.96526e-02
0.08265	4.93175e-02
0.08319	4.89216e-02
0.08374	4.84935e-02
0.08426	4.80547e-02
0.08477	4.76221e-02
0.08523	4.72099e-02
0.08566	4.68300e-02
0.08604	4.64931e-02
0.08637	4.62084e-02
0.08663	4.59808e-02
0.08684	4.58204e-02
0.08699	4.57333e-02
0.08707	4.57240e-02
0.08709	4.57957e-02
0.08704	4.59495e-02
0.08692	4.61849e-02
0.08674	4.64985e-02
0.08650	4.68831e-02
0.08620	4.73265e-02
0.08585	4.78069e-02
0.08547	4.82877e-02
0.08511	4.87130e-02
0.08478	4.90270e-02
0.08450	4.92245e-02
0.08424	4.93564e-02
0.08397	4.94775e-02
0.08367	4.96206e-02
0.08333	4.97989e-02
0.08296	5.00138e-02
0.08255	5.02586e-02
0.08211	5.05212e-02
0.08167	5.07854e-02
0.08122	5.10322e-02
0.08079	5.12424e-02
0.08038	5.13991e-02
0.08001	5.14899e-02
0.07969	5.15085e-02
0.07941	5.14550e-02
0.07917	5.13344e-02
0.07897	5.11555e-02
0.07881	5.09294e-02
0.07868	5.06671e-02
0.07857	5.03786e-02
0.07849	5.00720e-02
0.07841	4.97527e-02
0.07836	4.94243e-02
0.07832	4.90889e-02
0.07830	4.87480e-02
0.07830	4.84029e-02
0.07831	4.80549e-02
0.07834	4.77057e-02
0.07838	4.73566e-02
0.07844	4.70090e-02
0.07852	4.66646e-02
0.07861	4.63250e-02
0.07872	4.59930e-02
0.07884	4.56720e-02
0.07896	4.53665e-02
0.07910	4.50816e-02
0.07924	4.48231e-02
0.07938	4.45970e-02
0.07952	4.44089e-02
0.07966	4.42641e-02
0.07979	4.41662e-02
0.07992	4.41176e-02
0.08004	4.41184e-02
0.08015	4.41661e-02
0.08026	4.42552e-02
0.08037	4.43768e-02
0.08049	4.45179e-02
0.08062	4.46613e-02
0.08079	4.47851e-02
0.08100	4.48642e-02
0.08126	4.48723e-02
0.08159	4.47871e-02
0.08199	4.45948e-02
0.08246	4.42945e-02
0.08299	4.38973e-02
0.08357	4.34219e-02
0.08418	4.28907e-02
0.08481	4.23256e-02
0.08546	4.17470e-02
0.08610	4.11727e-02
0.08673	4.06179e-02
0.08734	4.00950e-02
0.08794	3.96141e-02
0.08851	3.91829e-02
0.08906	3.88065e-02
0.08959	3.84882e-02
0.09009	3.82289e-02
0.09056	3.80283e-02
0.09101	3.78845e-02
0.09144	3.77948e-02
0.09185	3.77564e-02
0.09224	3.77663e-02
0.09261	3.78224e-02
0.09296	3.79233e-02
0.09329	3.80688e-02
0.09361	3.82598e-02
0.09390	3.84983e-02
0.09417	3.87870e-02
0.09442	3.91295e-02
0.09465	3.95294e-02
0.09484	3.99908e-02
0.09501	4.05175e-02
0.09515	4.11127e-02
0.09526	4.17794e-02
0.09533	4.25198e-02
0.09537	4.33351e-02
0.09537	4.42259e-02
0.09533	4.51914e-02
0.09525	4.62300e-02
0.09513	4.73389e-02
0.09497	4.85139e-02
0.09478	4.97488e-02
0.09455	5.10326e-02
0.09430	5.23349e-02
0.09412	5.34855e-02
0.09423	5.41423e-02
0.09442	5.46519e-02
0.09460	5.51909e-02
0.09475	5.57808e-02
0.09488	5.64208e-02
0.09498	5.71035e-02
0.09506	5.78165e-02
0.09513	5.85408e-02
0.09521	5.92471e-02
0.09533	5.98920e-02
0.09551	6.04203e-02
0.09579	6.07896e-02
0.09617	6.09982e-02
0.09663	6.10637e-02
0.09721	6.09359e-02
0.09804	6.03808e-02
0.09911	5.94080e-02
0.10023	5.82779e-02
0.10136	5.70885e-02
0.10246	5.58702e-02
0.10354	5.46365e-02
0.10458	5.33955e-02
0.10558	5.21532e-02
0.10653	5.09147e-02
0.10745	4.96847e-02
0.10832	4.84678e-02
0.10914	4.72683e-02
0.10990	4.60907e-02
0.11062	4.49398e-02
0.11129	4.38204e-02
0.11190	4.27376e-02
0.11245	4.16965e-02
0.11295	4.07029e-02
0.11339	3.97625e-02
0.11378	3.88814e-02
0.11410	3.80658e-02
0.11437	3.73219e-02
0.11458	3.66563e-02
0.11473	3.60749e-02
0.11482	3.55838e-02
0.11486	3.51885e-02
0.11484	3.48936e-02
0.11477	3.47032e-02
0.11464	3.46202e-02
0.11445	3.46466e-02
0.11422	3.47829e-02
0.11393	3.50285e-02
0.11360	3.53817e-02
0.11322	3.58397e-02
0.11280	3.63985e-02
0.11233	3.70535e-02
0.11182	3.77995e-02
0.11128	3.86307e-02
0.11069	3.95409e-02
0.11008	4.05240e-02
0.10943	4.15735e-02
0.10876	4.26830e-02
0.10805	4.38457e-02
0.10733	4.50551e-02
0.10658	4.63042e-02
0.10582	4.75857e-02
0.10504	4.88919e-02
0.10426	5.02143e-02
0.10347	5.15432e-02
0.10268	5.28671e-02
0.10190	5.41724e-02
0.10114	5.54421e-02
0.10042	5.66548e-02
0.09975	5.77848e-02
0.09915	5.88031e-02
0.09865	5.96832e-02
0.09825	6.04107e-02
0.09795	6.09900e-02
0.09775	6.14422e-02
0.09762	6.17956e-02
0.09756	6.20752e-02
0.09770	6.20377e-02
0.09837	6.11735e-02
0.09906	6.02700e-02
0.09975	5.93442e-02
0.10043	5.84025e-02
0.10111	5.74500e-02
0.10176	5.64912e-02
0.10238	5.55305e-02
0.10298	5.45721e-02
0.10353	5.36205e-02
0.10405	5.26799e-02
0.10452	5.17545e-02
0.10494	5.08486e-02
0.10530	4.99661e-02
0.10560	4.91108e-02
0.10585	4.82863e-02
0.10602	4.74957e-02
0.10613	4.67421e-02
0.10617	4.60278e-02
0.10615	4.53548e-02
0.10605	4.47245e-02
0.10588	4.41377e-02
0.10564	4.35945e-02
0.10533	4.30943e-02
0.10495	4.26356e-02
0.10451	4.22158e-02
0.10401	4.18314e-02
0.10344	4.14775e-02
0.10282	4.11478e-02
0.10216	4.08346e-02
0.10145	4.05288e-02
0.10070	4.02200e-02
0.09992	3.98976e-02
0.09913	3.95521e-02
0.09832	3.91771e-02
0.09749	3.87709e-02
0.09666	3.83388e-02
0.09582	3.78919e-02
0.09496	3.74466e-02
0.09409	3.70217e-02
0.09321	3.66366e-02
0.09231	3.63096e-02
0.09139	3.60565e-02
0.09045	3.58902e-02
0.08950	3.58201e-02
0.08853	3.58518e-02
0.08756	3.59870e-02
0.08658	3.62230e-02
0.08561	3.65520e-02
0.08466	3.69615e-02
0.08373	3.74328e-02
0.08285	3.79415e-02
0.08203	3.84583e-02
0.08129	3.89522e-02
0.08066	3.93978e-02
0.08015	3.97849e-02
0.07975	4.01243e-02
0.07946	4.04452e-02
0.07926	4.07861e-02
0.07913	4.11833e-02
0.07906	4.16656e-02
0.07904	4.22514e-02
0.07905	4.29492e-02
0.07911	4.37587e-02
0.07919	4.46712e-02
0.07932	4.56708e-02
0.07949	4.67342e-02
0.07972	4.78319e-02
0.08002	4.89309e-02
0.08041	4.99984e-02
0.08089	5.10068e-02
0.08148	5.19347e-02
0.08218	5.27696e-02
0.08298	5.35180e-02
0.08385	5.42092e-02
0.08476	5.48794e-02
0.08569	5.55571e-02
0.08660	5.62598e-02
0.08750	5.69960e-02
0.08837	5.77690e-02
0.08919	5.85780e-02
0.08998	5.94201e-02
0.09072	6.02900e-02
0.09140	6.11807e-02
0.09204	6.20827e-02
0.09263	6.29829e-02
0.09317	6.38628e-02
0.09368	6.46968e-02
0.09418	6.54563e-02
0.09468	6.61242e-02
0.09515	6.67080e-02
0.09559	6.72298e-02
0.09598	6.77099e-02
0.09630	6.81616e-02
0.09654	6.85917e-02
0.09671	6.90036e-02
0.09680	6.93971e-02
0.09681	6.97617e-02
0.09698	6.97706e-02
0.09725	6.94993e-02
0.09744	6.92143e-02
0.09752	6.89245e-02
0.09751	6.86318e-02
0.09740	6.83375e-02
0.09720	6.80425e-02
0.09690	6.77475e-02
0.09650	6.74530e-02
0.09602	6.71591e-02
0.09544	6.68660e-02
0.09478	6.65732e-02
0.09403	6.62797e-02
0.09321	6.59843e-02
0.09232	6.56845e-02
0.09135	6.53765e-02
0.09034	6.50546e-02
0.08927	6.47099e-02
0.08818	6.43287e-02
0.08709	6.38905e-02
0.08601	6.33659e-02
0.08500	6.27196e-02
0.08406	6.19204e-02
0.08324	6.09586e-02
0.08250	5.98523e-02
0.08184	5.86362e-02
0.08124	5.73457e-02
0.08068	5.60082e-02
0.08015	5.46417e-02
0.07966	5.32556e-02
0.07921	5.18510e-02
0.07880	5.04221e-02
0.07846	4.89591e-02
0.07818	4.74547e-02
0.07797	4.59129e-02
0.07782	4.43504e-02
0.07772	4.27923e-02
0.07765	4.12660e-02
0.07760	3.97986e-02
0.07756	3.84165e-02
0.07752	3.71456e-02
0.07748	3.60107e-02
0.07744	3.50355e-02
0.07737	3.42407e-02
0.07729	3.36436e-02
0.07718	3.32564e-02
0.07704	3.30850e-02
0.07687	3.31289e-02
0.07666	3.33810e-02
0.07643	3.38280e-02
0.07615	3.44522e-02
0.07584	3.52321e-02
0.07549	3.61444e-02
0.07511	3.71649e-02
0.07470	3.82695e-02
0.07425	3.94345e-02
0.07378	4.06365e-02
0.07328	4.18517e-02
0.07278	4.30527e-02
0.07228	4.42023e-02
0.07182	4.52398e-02
0.07146	4.60763e-02
0.07125	4.66448e-02
0.07121	4.69032e-02
0.07141	4.67817e-02
0.07182	4.62774e-02
0.07236	4.55010e-02
0.07296	4.45702e-02
0.07355	4.35584e-02
0.07411	4.25074e-02
0.07462	4.14431e-02
0.07506	4.03842e-02
0.07545	3.93462e-02
0.07576	3.83429e-02
0.07599	3.73879e-02
0.07614	3.64943e-02
0.07622	3.56756e-02
0.07621	3.49449e-02
0.07611	3.43149e-02
0.07594	3.37979e-02
0.07568	3.34048e-02
0.07533	3.31447e-02
0.07490	3.30242e-02
0.07439	3.30469e-02
0.07381	3.32112e-02
0.07315	3.35035e-02
0.07247	3.38308e-02
0.07200	3.37065e-02
0.07163	3.33619e-02
0.07124	3.31076e-02
0.07080	3.29771e-02
0.07033	3.29719e-02
0.06983	3.30837e-02
0.06931	3.32989e-02
0.06879	3.36008e-02
0.06827	3.39726e-02
0.06777	3.44011e-02
0.06729	3.48806e-02
0.06684	3.54142e-02
0.06641	3.60133e-02
0.06600	3.66936e-02
0.06559	3.74703e-02
0.06519	3.83458e-02
0.06525	3.85734e-02
0.06619	3.74189e-02
0.06713	3.63462e-02
0.06805	3.54115e-02
0.06895	3.46341e-02
0.06983	3.40247e-02
0.07069	3.35862e-02
0.07153	3.33138e-02
0.07237	3.31974e-02
0.07321	3.32257e-02
0.07405	3.33904e-02
0.07488	3.36878e-02
0.07571	3.41176e-02
0.07653	3.46793e-02
0.07733	3.53686e-02
0.07811	3.61762e-02
0.07886	3.70876e-02
0.07960	3.80845e-02
0.08033	3.91457e-02
0.08104	4.02497e-02
0.08174	4.13762e-02
0.08244	4.25078e-02
0.08313	4.36317e-02
0.08382	4.47398e-02
0.08450	4.58287e-02
0.08517	4.68983e-02
0.08582	4.79509e-02
0.08644	4.89893e-02
0.08704	5.00160e-02
0.08761	5.10323e-02
0.08814	5.20380e-02
0.08863	5.30309e-02
0.08908	5.40057e-02
0.08950	5.49529e-02
0.08990	5.58550e-02
0.09029	5.66806e-02
0.09070	5.73755e-02
0.09119	5.78691e-02
0.09177	5.81303e-02
0.09241	5.82072e-02
0.09306	5.81722e-02
0.09370	5.80751e-02
0.09429	5.79423e-02
0.09485	5.77868e-02
0.09535	5.76145e-02
0.09581	5.74278e-02
0.09622	5.72271e-02
0.09658	5.70114e-02
0.09689	5.67797e-02
0.09716	5.65306e-02
0.09739	5.62630e-02
0.09758	5.59752e-02
0.09774	5.56653e-02
0.09786	5.53296e-02
0.09795	5.49615e-02
0.09802	5.45502e-02
0.09808	5.40792e-02
0.09815	5.35275e-02
0.09822	5.28761e-02
0.09832	5.21178e-02
0.09843	5.12643e-02
0.09854	5.03408e-02
0.09864	4.93761e-02
0.09871	4.83951e-02
0.09875	4.74176e-02
0.09876	4.64579e-02
0.09873	4.55264e-02
0.09866	4.46306e-02
0.09856	4.37755e-02
0.09843	4.29642e-02
0.09827	4.21982e-02
0.09809	4.14777e-02
0.09788	4.08016e-02
0.09766	4.01683e-02
0.09742	3.95754e-02
0.09716	3.90204e-02
0.09690	3.85011e-02
0.09664	3.80162e-02
0.09637	3.75654e-02
0.09609	3.71499e-02
0.09582	3.67729e-02
0.09554	3.64388e-02
0.09525	3.61536e-02
0.09496	3.59240e-02
0.09466	3.57566e-02
0.09435	3.56575e-02
0.09402	3.56309e-02
0.09368	3.56789e-02
0.09333	3.58010e-02
0.09296	3.59934e-02
0.09258	3.62492e-02
0.09219	3.65586e-02
0.09180	3.69089e-02
0.09140	3.72854e-02
0.09100	3.76713e-02
0.09065	3.80563e-02
0.09031	3.84166e-02
0.09001	3.87338e-02
0.08974	3.89912e-02
0.08952	3.91748e-02
0.08935	3.92764e-02
0.08923	3.92955e-02
0.08916	3.92402e-02
0.08913	3.91260e-02
0.08914	3.89723e-02
0.08917	3.87984e-02
0.08923	3.86197e-02
0.08929	3.84458e-02
0.08938	3.82778e-02
0.08948	3.81083e-02
0.08961	3.79214e-02
0.08978	3.76950e-02
0.08999	3.74073e-02
0.09025	3.70445e-02
0.09055	3.66088e-02
0.09089	3.61206e-02
0.09125	3.56151e-02
0.09161	3.51343e-02
0.09196	3.47204e-02
0.09228	3.44113e-02
0.09255	3.42382e-02
0.09278	3.42244e-02
0.09296	3.43852e-02
0.09307	3.47283e-02
0.09312	3.52539e-02
0.09311	3.59562e-02
0.09303	3.68242e-02
0.09289	3.78429e-02
0.09267	3.89949e-02
0.09240	4.02610e-02
0.09206	4.16213e-02
0.09167	4.30557e-02
0.09121	4.45437e-02
0.09071	4.60653e-02
0.09017	4.76004e-02
0.08958	4.91294e-02
0.08897	5.06333e-02
0.08834	5.20946e-02
0.08770	5.34991e-02
0.08705	5.48372e-02
0.08641	5.61033e-02
0.08577	5.72936e-02
0.08514	5.84012e-02
0.08453	5.94096e-02
0.08397	6.02802e-02
0.08354	6.09299e-02
0.08332	6.12326e-02
0.08336	6.11400e-02
0.08357	6.07527e-02
0.08389	6.01773e-02
0.08426	5.94659e-02
0.08467	5.86386e-02
0.08510	5.77025e-02
0.08556	5.66606e-02
0.08603	5.55159e-02
0.08652	5.42722e-02
0.08700	5.29352e-02
0.08748	5.15123e-02
0.08795	5.00120e-02
0.08840	4.84438e-02
0.08881	4.68177e-02
0.08920	4.51442e-02
0.08954	4.34339e-02
0.08984	4.16979e-02
0.09009	3.99473e-02
0.09028	3.81939e-02
0.09042	3.64501e-02
0.09050	3.47290e-02
0.09052	3.30450e-02
0.09048	3.14135e-02
0.09038	2.98512e-02
0.09021	2.83763e-02
0.08998	2.70081e-02
0.08968	2.57669e-02
0.08933	2.46729e-02
0.08891	2.37456e-02
0.08843	2.30014e-02
0.08789	2.24528e-02
0.08730	2.21058e-02
0.08665	2.19589e-02
0.08595	2.20027e-02
0.08521	2.22201e-02
0.08443	2.25877e-02
0.08361	2.30776e-02
0.08277	2.36588e-02
0.08191	2.42983e-02
0.08104	2.49585e-02
0.08017	2.56093e-02
0.07932	2.62133e-02
0.07851	2.67306e-02
0.07776	2.71222e-02
0.07707	2.73550e-02
0.07647	2.74122e-02
0.07595	2.73010e-02
0.07550	2.70518e-02
0.07511	2.67077e-02
0.07477	2.63135e-02
0.07445	2.59090e-02
0.07415	2.55260e-02
0.07386	2.51889e-02
0.07358	2.49150e-02
0.07329	2.47153e-02
0.07301	2.45958e-02
0.07272	2.45577e-02
0.07243	2.45985e-02
0.07213	2.47129e-02
0.07183	2.48931e-02
0.07152	2.51300e-02
0.07122	2.54136e-02
0.07091	2.57330e-02
0.07060	2.60778e-02
0.07029	2.64373e-02
0.06998	2.68014e-02
0.06967	2.71594e-02
0.06936	2.74991e-02
0.06907	2.78048e-02
0.06878	2.80538e-02
0.06853	2.82132e-02
0.06831	2.82410e-02
0.06815	2.80975e-02
0.06806	2.77686e-02
0.06801	2.72797e-02
0.06798	2.66828e-02
0.06794	2.60326e-02
0.06789	2.53752e-02
0.06776	2.47030e-02
0.06760	2.40903e-02
0.06738	2.35622e-02
0.06711	2.31399e-02
0.06678	2.28412e-02
0.06639	2.26802e-02
0.06595	2.26666e-02
0.06545	2.28058e-02
0.06490	2.30983e-02
0.06430	2.35400e-02
0.06366	2.41225e-02
0.06297	2.48342e-02
0.06225	2.56609e-02
0.06149	2.65863e-02
0.06071	2.75930e-02
0.05992	2.86619e-02
0.05912	2.97725e-02
0.05834	3.09012e-02
0.05759	3.20196e-02
0.05690	3.30907e-02
0.05631	3.40638e-02
0.05588	3.48706e-02
0.05567	3.54350e-02
0.05572	3.57139e-02
0.05601	3.57379e-02
0.05650	3.55876e-02
0.05713	3.53437e-02
0.05786	3.50687e-02
0.05866	3.48093e-02
0.05950	3.46012e-02
0.06036	3.44722e-02
0.06124	3.44436e-02
0.06212	3.45305e-02
0.06299	3.47429e-02
0.06386	3.50852e-02
0.06470	3.55570e-02
0.06553	3.61525e-02
0.06634	3.68602e-02
0.06713	3.76613e-02
0.06792	3.85261e-02
0.06872	3.94106e-02
0.06956	4.02694e-02
0.07042	4.10911e-02
0.07130	4.19028e-02
0.07217	4.27338e-02
0.07301	4.35987e-02
0.07381	4.45011e-02
0.07457	4.54390e-02
0.07529	4.64074e-02
0.07595	4.74000e-02
0.07657	4.84102e-02
0.07714	4.94311e-02
0.07765	5.04558e-02
0.07811	5.14775e-02
0.07852	5.24897e-02
0.07887	5.34857e-02
0.07917	5.44589e-02
0.07942	5.54025e-02
0.07961	5.63087e-02
0.07976	5.71688e-02
0.07987	5.79717e-02
0.07995	5.87018e-02
0.08001	5.93371e-02
0.08008	5.98471e-02
0.08018	6.01974e-02
0.08033	6.03680e-02
0.08052	6.03669e-02
0.08074	6.02212e-02
0.08096	5.99571e-02
0.08116	5.95925e-02
0.08135	5.91379e-02
0.08151	5.85994e-02
0.08164	5.79804e-02
0.08175	5.72835e-02
0.08184	5.65107e-02
0.08189	5.56639e-02
0.08192	5.47452e-02
0.08192	5.37562e-02
0.08190	5.26986e-02
0.08185	5.15739e-02
0.08178	5.03835e-02
0.08169	4.91291e-02
0.08158	4.78128e-02
0.08145	4.64376e-02
0.08130	4.50075e-02
0.08113	4.35283e-02
0.08095	4.20072e-02
0.08074	4.04533e-02
0.08051	3.88778e-02
0.08026	3.72937e-02
0.07998	3.57160e-02
0.07967	3.41618e-02
0.07934	3.26504e-02
0.07897	3.12031e-02
0.07857	2.98431e-02
0.07814	2.85957e-02
0.07768	2.74870e-02
0.07719	2.65434e-02
0.07666	2.57892e-02
0.07610	2.52453e-02
0.07551	2.49258e-02
0.07489	2.48368e-02
0.07424	2.49740e-02
0.07358	2.53232e-02
0.07290	2.58606e-02
0.07221	2.65543e-02
0.07153	2.73648e-02
0.07086	2.82447e-02
0.07023	2.91336e-02
0.06968	2.99462e-02
0.06926	3.05520e-02
0.06906	3.07753e-02
0.06914	3.05018e-02
0.06945	2.98055e-02
0.06991	2.88579e-02
0.07044	2.77965e-02
0.07101	2.67106e-02
0.07158	2.56619e-02
0.07214	2.46991e-02
0.07268	2.38646e-02
0.07318	2.31962e-02
0.07364	2.27262e-02
0.07406	2.24800e-02
0.07442	2.24734e-02
0.07473	2.27117e-02
0.07497	2.31890e-02
0.07516	2.38905e-02
0.07529	2.47940e-02
0.07536	2.58740e-02
0.07537	2.71032e-02
0.07531	2.84554e-02
0.07520	2.99056e-02
0.07502	3.14315e-02
0.07479	3.30125e-02
0.07451	3.46302e-02
0.07418	3.62664e-02
0.07380	3.79019e-02
0.07340	3.95097e-02
0.07301	4.10214e-02
0.07282	4.21047e-02
0.07304	4.24714e-02
0.07340	4.25842e-02
0.07382	4.25638e-02
0.07432	4.24100e-02
0.07489	4.21199e-02
0.07553	4.17050e-02
0.07622	4.11870e-02
0.07694	4.05899e-02
0.07769	3.99339e-02
0.07847	3.92348e-02
0.07925	3.85045e-02
0.08005	3.77522e-02
0.08087	3.69854e-02
0.08169	3.62113e-02
0.08253	3.54373e-02
0.08337	3.46719e-02
0.08423	3.39252e-02
0.08509	3.32096e-02
0.08596	3.25394e-02
0.08682	3.19316e-02
0.08769	3.14050e-02
0.08856	3.09797e-02
0.08941	3.06767e-02
0.09026	3.05163e-02
0.09109	3.05172e-02
0.09190	3.06948e-02
0.09269	3.10608e-02
0.09345	3.16215e-02
0.09418	3.23785e-02
0.09488	3.33281e-02
0.09554	3.44618e-02
0.09616	3.57688e-02
0.09675	3.72349e-02
0.09729	3.88447e-02
0.09780	4.05818e-02
0.09825	4.24296e-02
0.09866	4.43716e-02
0.09903	4.63914e-02
0.09936	4.84727e-02
0.09964	5.05982e-02
0.09989	5.27473e-02
0.10011	5.48903e-02
0.10034	5.69679e-02
0.10067	5.88230e-02
0.10132	6.01088e-02
0.10231	6.07858e-02
0.10343	6.12152e-02
0.10457	6.15813e-02
0.10569	6.19396e-02
0.10677	6.23067e-02
0.10782	6.26863e-02
0.10882	6.30774e-02
0.10978	6.34764e-02
0.11069	6.38790e-02
0.11156	6.42802e-02
0.11238	6.46750e-02
0.11315	6.50582e-02
0.11388	6.54249e-02
0.11456	6.57705e-02
0.11520	6.60907e-02
0.11578	6.63816e-02
0.11632	6.66398e-02
0.11681	6.68624e-02
0.11725	6.70472e-02
0.11765	6.71924e-02
0.11798	6.72883e-02
0.11827	6.73415e-02
0.11850	6.73518e-02
0.11868	6.73192e-02
0.11881	6.72449e-02
0.11888	6.71300e-02
0.11889	6.69759e-02
0.11885	6.67842e-02
0.11874	6.65567e-02
0.11858	6.62954e-02
0.11836	6.60024e-02
0.11808	6.56799e-02
0.11775	6.53301e-02
0.11735	6.49553e-02
0.11689	6.45579e-02
0.11638	6.41399e-02
0.11581	6.37037e-02
0.11518	6.32514e-02
0.11449	6.27849e-02
0.11375	6.23062e-02
0.11295	6.18167e-02
0.11210	6.13178e-02
0.11120	6.08105e-02
0.11026	6.02954e-02
0.10926	5.97724e-02
0.10822	5.92409e-02
0.10714	5.86998e-02
0.10603	5.81470e-02
0.10488	5.75800e-02
0.10371	5.69957e-02
0.10251	5.63911e-02
0.10129	5.57636e-02
0.10005	5.51119e-02
0.09880	5.44368e-02
0.09753	5.37416e-02
0.09626	5.30321e-02
0.09496	5.23165e-02
0.09365	5.16041e-02
0.09232	5.09046e-02
0.09097	5.02273e-02
0.08958	4.95804e-02
0.08818	4.89708e-02
0.08674	4.84036e-02
0.08528	4.78826e-02
0.08379	4.74099e-02
0.08228	4.69861e-02
0.08075	4.66106e-02
0.07919	4.62813e-02
0.07762	4.59950e-02
0.07604	4.57471e-02
0.07445	4.55319e-02
0.07286	4.53426e-02
0.07127	4.51715e-02
0.06970	4.50110e-02
0.06814	4.48548e-02
0.06661	4.47000e-02
0.06510	4.45479e-02
0.06362	4.44044e-02
0.06215	4.42779e-02
0.06071	4.41767e-02
0.05929	4.41066e-02
0.05788	4.40685e-02
0.05650	4.40554e-02
0.05516	4.40466e-02
0.05391	4.39980e-02
0.05282	4.38375e-02
0.05194	4.35113e-02
0.05124	4.30485e-02
0.05070	4.25112e-02
0.05030	4.19117e-02
0.05020	4.10442e-02
0.05053	3.97640e-02
0.05096	3.84264e-02
0.05141	3.71478e-02
0.05186	3.59665e-02
0.05230	3.49066e-02
0.05273	3.39867e-02
0.05314	3.32201e-02
0.05354	3.26129e-02
0.05395	3.21510e-02
0.05441	3.17500e-02
0.05507	3.11567e-02
0.05594	3.03236e-02
0.05689	2.94802e-02
0.05785	2.87260e-02
0.05882	2.80934e-02
0.05979	2.75956e-02
0.06077	2.72383e-02
0.06174	2.70220e-02
0.06271	2.69435e-02
0.06369	2.69966e-02
0.06468	2.71724e-02
0.06567	2.74606e-02
0.06666	2.78496e-02
0.06766	2.83265e-02
0.06867	2.88777e-02
0.06969	2.94874e-02
0.07072	3.01373e-02
0.07177	3.08070e-02
0.07283	3.14770e-02
0.07392	3.21354e-02
0.07502	3.27808e-02
0.07614	3.34177e-02
0.07725	3.40500e-02
0.07837	3.46780e-02
0.07949	3.52995e-02
0.08060	3.59111e-02
0.08170	3.65096e-02
0.08279	3.70928e-02
0.08387	3.76596e-02
0.08493	3.82095e-02
0.08597	3.87423e-02
0.08699	3.92572e-02
0.08798	3.97525e-02
0.08895	4.02255e-02
0.08989	4.06717e-02
0.09080	4.10855e-02
0.09168	4.14596e-02
0.09254	4.17857e-02
0.09338	4.20549e-02
0.09419	4.22586e-02
0.09498	4.23888e-02
0.09575	4.24398e-02
0.09650	4.24087e-02
0.09723	4.22960e-02
0.09792	4.21051e-02
0.09859	4.18428e-02
0.09921	4.15176e-02
0.09980	4.11396e-02
0.10033	4.07193e-02
0.10082	4.02674e-02
0.10124	3.97947e-02
0.10161	3.93114e-02
0.10191	3.88272e-02
0.10214	3.83515e-02
0.10231	3.78932e-02
0.10240	3.74608e-02
0.10243	3.70620e-02
0.10239	3.67042e-02
0.10227	3.63939e-02
0.10209	3.61372e-02
0.10184	3.59390e-02
0.10152	3.58035e-02
0.10113	3.57337e-02
0.10068	3.57316e-02
0.10017	3.57978e-02
0.09960	3.59320e-02
0.09897	3.61323e-02
0.09829	3.63956e-02
0.09756	3.67178e-02
0.09679	3.70934e-02
0.09598	3.75160e-02
0.09513	3.79781e-02
0.09425	3.84717e-02
0.09335	3.89881e-02
0.09243	3.95188e-02
0.09150	4.00556e-02
0.09057	4.05916e-02
0.08964	4.11218e-02
0.08871	4.16437e-02
0.08779	4.21577e-02
0.08688	4.26666e-02
0.08597	4.31749e-02
0.08508	4.36882e-02
0.08420	4.42119e-02
0.08332	4.47506e-02
0.08245	4.53081e-02
0.08159	4.58866e-02
0.08074	4.64871e-02
0.07989	4.71088e-02
0.07905	4.77485e-02
0.07823	4.83947e-02
0.07748	4.89665e-02
0.07721	4.88150e-02
0.07725	4.82251e-02
0.07732	4.76170e-02
0.07742	4.70219e-02
0.07752	4.64425e-02
0.07765	4.58773e-02
0.07778	4.53232e-02
0.07794	4.47772e-02
0.07810	4.42369e-02
0.07828	4.37005e-02
0.07847	4.31676e-02
0.07867	4.26385e-02
0.07887	4.21146e-02
0.07908	4.15978e-02
0.07928	4.10898e-02
0.07948	4.05923e-02
0.07968	4.01063e-02
0.07987	3.96317e-02
0.08005	3.91678e-02
0.08023	3.87127e-02
0.08039	3.82645e-02
0.08055	3.78208e-02
0.08070	3.73803e-02
0.08084	3.69421e-02
0.08097	3.65067e-02
0.08109	3.60748e-02
0.08120	3.56473e-02
0.08130	3.52245e-02
0.08137	3.48083e-02
0.08144	3.43923e-02
0.08150	3.39740e-02
0.08155	3.35513e-02
0.08160	3.31231e-02
0.08164	3.26906e-02
0.08168	3.22579e-02
0.08172	3.18318e-02
0.08175	3.14212e-02
0.08178	3.10365e-02
0.08179	3.06882e-02
0.08179	3.03856e-02
0.08179	3.01358e-02
0.08177	2.99426e-02
0.08175	2.98059e-02
0.08172	2.97214e-02
0.08169	2.96799e-02
0.08168	2.96680e-02
0.08168	2.96690e-02
0.08170	2.96645e-02
0.08176	2.96375e-02
0.08186	2.95752e-02
0.08200	2.94718e-02
0.08218	2.93302e-02
0.08240	2.91612e-02
0.08265	2.89819e-02
0.08292	2.88131e-02
0.08322	2.86760e-02
0.08352	2.85908e-02
0.08382	2.85752e-02
0.08413	2.86432e-02
0.08442	2.88049e-02
0.08471	2.90665e-02
0.08498	2.94306e-02
0.08523	2.98962e-02
0.08547	3.04594e-02
0.08569	3.11144e-02
0.08588	3.18535e-02
0.08605	3.26682e-02
0.08620	3.35494e-02
0.08632	3.44883e-02
0.08642	3.54763e-02
0.08649	3.65054e-02
0.08653	3.75682e-02
0.08654	3.86579e-02
0.08651	3.97684e-02
0.08646	4.08939e-02
0.08636	4.20289e-02
0.08623	4.31681e-02
0.08607	4.43062e-02
0.08586	4.54373e-02
0.08562	4.65547e-02
0.08535	4.76489e-02
0.08504	4.87030e-02
0.08473	4.96762e-02
0.08448	5.04568e-02
0.08436	5.09358e-02
0.08431	5.12106e-02
0.08427	5.14008e-02
0.08420	5.15493e-02
0.08410	5.16687e-02
0.08396	5.17625e-02
0.08379	5.18306e-02
0.08358	5.18714e-02
0.08334	5.18827e-02
0.08307	5.18613e-02
0.08277	5.18040e-02
0.08245	5.17068e-02
0.08211	5.15653e-02
0.08175	5.13750e-02
0.08138	5.11309e-02
0.08101	5.08285e-02
0.08064	5.04636e-02
0.08028	5.00332e-02
0.07993	4.95359e-02
0.07959	4.89719e-02
0.07926	4.83431e-02
0.07896	4.76530e-02
0.07867	4.69064e-02
0.07840	4.61092e-02
0.07815	4.52680e-02
0.07791	4.43905e-02
0.07770	4.34852e-02
0.07750	4.25617e-02
0.07732	4.16308e-02
0.07716	4.07046e-02
0.07701	3.97967e-02
0.07687	3.89220e-02
0.07675	3.80968e-02
0.07664	3.73387e-02
0.07654	3.66658e-02
0.07645	3.60966e-02
0.07636	3.56488e-02
0.07628	3.53387e-02
0.07620	3.51796e-02
0.07613	3.51809e-02
0.07606	3.53463e-02
0.07600	3.56725e-02
0.07595	3.61473e-02
0.07593	3.67447e-02
0.07597	3.74112e-02
0.07611	3.80196e-02
0.07647	3.83793e-02
0.07703	3.85010e-02
0.07777	3.84369e-02
0.07868	3.81773e-02
0.07975	3.77230e-02
0.08096	3.71064e-02
0.08227	3.63787e-02
0.08365	3.55927e-02
0.08507	3.47936e-02
0.08652	3.40175e-02
0.08797	3.32926e-02
0.08942	3.26408e-02
0.09086	3.20790e-02
0.09228	3.16204e-02
0.09367	3.12746e-02
0.09504	3.10477e-02
0.09637	3.09431e-02
0.09766	3.09612e-02
0.09892	3.10997e-02
0.10013	3.13540e-02
0.10131	3.17176e-02
0.10243	3.21823e-02
0.10351	3.27390e-02
0.10454	3.33777e-02
0.10551	3.40882e-02
0.10644	3.48603e-02
0.10731	3.56841e-02
0.10813	3.65500e-02
0.10889	3.74488e-02
0.10959	3.83721e-02
0.11024	3.93122e-02
0.11083	4.02616e-02
0.11136	4.12139e-02
0.11184	4.21630e-02
0.11226	4.31034e-02
0.11262	4.40302e-02
0.11292	4.49390e-02
0.11317	4.58259e-02
0.11336	4.66871e-02
0.11350	4.75198e-02
0.11358	4.83209e-02
0.11360	4.90883e-02
0.11357	4.98198e-02
0.11349	5.05135e-02
0.11335	5.11681e-02
0.11317	5.17823e-02
0.11293	5.23550e-02
0.11264	5.28855e-02
0.11231	5.33732e-02
0.11193	5.38176e-02
0.11151	5.42182e-02
0.11104	5.45750e-02
0.11053	5.48876e-02
0.10998	5.51558e-02
0.10939	5.53795e-02
0.10876	5.55582e-02
0.10810	5.56915e-02
0.10741	5.57788e-02
0.10669	5.58193e-02
0.10594	5.58118e-02
0.10517	5.57549e-02
0.10438	5.56471e-02
0.10357	5.54863e-02
0.10275	5.52705e-02
0.10192	5.49977e-02
0.10109	5.46661e-02
0.10025	5.42748e-02
0.09941	5.38237e-02
0.09858	5.33144e-02
0.09775	5.27502e-02
0.09692	5.21360e-02
0.09610	5.14785e-02
0.09528	5.07854e-02
0.09446	5.00653e-02
0.09364	4.93268e-02
0.09281	4.85786e-02
0.09199	4.78288e-02
0.09116	4.70851e-02
0.09033	4.63544e-02
0.08950	4.56431e-02
0.08868	4.49567e-02
0.08785	4.43000e-02
0.08703	4.36772e-02
0.08622	4.30917e-02
0.08542	4.25458e-02
0.08464	4.20413e-02
0.08388	4.15784e-02
0.08314	4.11554e-02
0.08243	4.07676e-02
0.08177	4.04045e-02
0.08116	4.00448e-02
0.08063	3.96467e-02
0.08021	3.91388e-02
0.07995	3.84399e-02
0.07986	3.75279e-02
0.07990	3.64617e-02
0.08003	3.53178e-02
0.08022	3.41517e-02
0.08047	3.29992e-02
0.08075	3.18852e-02
0.08106	3.08293e-02
0.08140	2.98483e-02
0.08176	2.89576e-02
0.08214	2.81713e-02
0.08254	2.75023e-02
0.08294	2.69617e-02
0.08335	2.65550e-02
0.08376	2.62921e-02
0.08418	2.61761e-02
0.08460	2.62064e-02
0.08502	2.63790e-02
0.08544	2.66870e-02
0.08584	2.71411e-02
0.08623	2.77102e-02
0.08662	2.83815e-02
0.08700	2.91420e-02
0.08737	2.99790e-02
0.08774	3.08805e-02
0.08809	3.18356e-02
0.08842	3.28344e-02
0.08875	3.38678e-02
0.08905	3.49280e-02
0.08934	3.60076e-02
0.08961	3.70999e-02
0.08986	3.81986e-02
0.09009	3.92977e-02
0.09030	4.03912e-02
0.09048	4.14732e-02
0.09065	4.25375e-02
0.09079	4.35777e-02
0.09091	4.45870e-02
0.09102	4.55580e-02
0.09111	4.64824e-02
0.09119	4.73503e-02
0.09127	4.81497e-02
0.09135	4.88643e-02
0.09144	4.94727e-02
0.09157	4.99484e-02
0.09173	5.02699e-02
0.09194	5.04376e-02
0.09217	5.04768e-02
0.09242	5.04207e-02
0.09265	5.02965e-02
0.09287	5.01236e-02
0.09306	4.99156e-02
0.09322	4.96831e-02
0.09335	4.94349e-02
0.09343	4.91783e-02
0.09348	4.89197e-02
0.09348	4.86642e-02
0.09344	4.84153e-02
0.09335	4.81748e-02
0.09323	4.79415e-02
0.09307	4.77112e-02
0.09288	4.74753e-02
0.09266	4.72202e-02
0.09244	4.69285e-02
0.09222	4.65811e-02
0.09201	4.61639e-02
0.09181	4.56739e-02
0.09163	4.51220e-02
0.09145	4.45293e-02
0.09126	4.39207e-02
0.09105	4.33201e-02
0.09082	4.27479e-02
0.09057	4.22208e-02
0.09028	4.17517e-02
0.08997	4.13504e-02
0.08963	4.10239e-02
0.08926	4.07766e-02
0.08886	4.06103e-02
0.08844	4.05246e-02
0.08800	4.05163e-02
0.08754	4.05795e-02
0.08707	4.07046e-02
0.08661	4.08767e-02
0.08615	4.10720e-02
0.08573	4.12514e-02
0.08537	4.13614e-02
0.08508	4.13642e-02
0.08487	4.12738e-02
0.08472	4.11286e-02
0.08461	4.09578e-02
0.08453	4.07784e-02
0.08448	4.06007e-02
0.08445	4.04324e-02
0.08444	4.02800e-02
0.08444	4.01493e-02
0.08445	4.00453e-02
0.08447	3.99725e-02
0.08450	3.99340e-02
0.08452	3.99321e-02
0.08453	3.99680e-02
0.08455	4.00417e-02
0.08455	4.01521e-02
0.08454	4.02971e-02
0.08452	4.04735e-02
0.08446	4.06484e-02
0.08439	4.08432e-02
0.08431	4.10524e-02
0.08421	4.12700e-02
0.08409	4.14895e-02
0.08396	4.17045e-02
0.08381	4.19086e-02
0.08365	4.20962e-02
0.08347	4.22620e-02
0.08328	4.24019e-02
0.08307	4.25127e-02
0.08285	4.25925e-02
0.08261	4.26403e-02
0.08235	4.26567e-02
0.08208	4.26428e-02
0.08178	4.26005e-02
0.08147	4.25325e-02
0.08113	4.24415e-02
0.08076	4.23304e-02
0.08038	4.22017e-02
0.07997	4.20576e-02
0.07954	4.18997e-02
0.07909	4.17286e-02
0.07862	4.15437e-02
0.07814	4.13435e-02
0.07764	4.11250e-02
0.07715	4.08854e-02
0.07666	4.06231e-02
0.07618	4.03405e-02
0.07570	4.00445e-02
0.07524	3.97472e-02
0.07477	3.94630e-02
0.07432	3.92074e-02
0.07386	3.89952e-02
0.07341	3.88400e-02
0.07296	3.87539e-02
0.07252	3.87472e-02
0.07208	3.88285e-02
0.07165	3.90048e-02
0.07123	3.92811e-02
0.07083	3.96611e-02
0.07045	4.01469e-02
0.07009	4.07393e-02
0.06976	4.14379e-02
0.06945	4.22412e-02
0.06918	4.31459e-02
0.06894	4.41462e-02
0.06875	4.52321e-02
0.06861	4.63863e-02
0.06854	4.75807e-02
0.06857	4.87806e-02
0.06871	4.99673e-02
0.06895	5.11557e-02
0.06927	5.23728e-02
0.06965	5.36285e-02
0.07012	5.48966e-02
0.07076	5.60532e-02
0.07186	5.67476e-02
0.07347	5.68806e-02
0.07530	5.68102e-02
0.07720	5.67092e-02
0.07911	5.66288e-02
0.08103	5.65866e-02
0.08293	5.65895e-02
0.08482	5.66391e-02
0.08669	5.67338e-02
0.08853	5.68691e-02
0.09034	5.70380e-02
0.09213	5.72311e-02
0.09389	5.74373e-02
0.09562	5.76447e-02
0.09733	5.78414e-02
0.09902	5.80174e-02
0.10067	5.81659e-02
0.10230	5.82830e-02
0.10388	5.83683e-02
0.10542	5.84231e-02
0.10692	5.84499e-02
0.10835	5.84513e-02
0.10973	5.84296e-02
0.11103	5.83867e-02
0.11226	5.83240e-02
0.11342	5.82428e-02
0.11450	5.81442e-02
0.11550	5.80295e-02
0.11641	5.79001e-02
0.11723	5.77577e-02
0.11796	5.76043e-02
0.11859	5.74424e-02
0.11913	5.72747e-02
0.11957	5.71040e-02
0.11991	5.69336e-02
0.12015	5.67666e-02
0.12028	5.66065e-02
0.12030	5.64564e-02
0.12022	5.63198e-02
0.12003	5.61995e-02
0.11973	5.60988e-02
0.11933	5.60203e-02
0.11881	5.59665e-02
0.11819	5.59399e-02
0.11745	5.59424e-02
0.11662	5.59759e-02
0.11567	5.60418e-02
0.11463	5.61412e-02
0.11348	5.62748e-02
0.11223	5.64430e-02
0.11088	5.66454e-02
0.10944	5.68806e-02
0.10791	5.71449e-02
0.10630	5.74240e-02
0.10467	5.76075e-02
0.10364	5.66068e-02
0.10297	5.48368e-02
0.10226	5.30519e-02
0.10147	5.13174e-02
0.10060	4.96548e-02
0.09966	4.80796e-02
0.09865	4.66054e-02
0.09757	4.52444e-02
0.09642	4.40072e-02
0.09522	4.29021e-02
0.09397	4.19346e-02
0.09268	4.11061e-02
0.09136	4.04133e-02
0.09001	3.98464e-02
0.08866	3.93874e-02
0.08733	3.90071e-02
0.08604	3.86647e-02
0.08481	3.83122e-02
0.08368	3.79120e-02
0.08264	3.74593e-02
0.08170	3.69889e-02
0.08082	3.65568e-02
0.08000	3.62167e-02
0.07921	3.60083e-02
0.07844	3.59542e-02
0.07770	3.60616e-02
0.07698	3.63234e-02
0.07629	3.67192e-02
0.07565	3.72131e-02
0.07508	3.77483e-02
0.07463	3.82335e-02
0.07436	3.85341e-02
0.07433	3.85183e-02
0.07456	3.81767e-02
0.07498	3.76228e-02
0.07550	3.69713e-02
0.07609	3.62901e-02
0.07673	3.56127e-02
0.07740	3.49558e-02
0.07808	3.43293e-02
0.07878	3.37416e-02
0.07948	3.32025e-02
0.08016	3.27237e-02
0.08083	3.23181e-02
0.08146	3.19988e-02
0.08206	3.17777e-02
0.08261	3.16647e-02
0.08310	3.16670e-02
0.08354	3.17886e-02
0.08391	3.20302e-02
0.08422	3.23897e-02
0.08445	3.28621e-02
0.08461	3.34403e-02
0.08470	3.41154e-02
0.08471	3.48773e-02
0.08464	3.57149e-02
0.08450	3.66168e-02
0.08428	3.75714e-02
0.08398	3.85668e-02
0.08362	3.95914e-02
0.08319	4.06333e-02
0.08269	4.16804e-02
0.08213	4.27204e-02
0.08153	4.37398e-02
0.08087	4.47240e-02
0.08019	4.56566e-02
0.07948	4.65183e-02
0.07878	4.72866e-02
0.07809	4.79341e-02
0.07745	4.84252e-02
0.07690	4.87111e-02
0.07649	4.87318e-02
0.07623	4.84477e-02
0.07613	4.78869e-02
0.07611	4.71321e-02
0.07614	4.62680e-02
0.07618	4.53575e-02
0.07619	4.44442e-02
0.07617	4.35592e-02
0.07611	4.27258e-02
0.07600	4.19617e-02
0.07585	4.12801e-02
0.07565	4.06899e-02
0.07541	4.01952e-02
0.07512	3.97950e-02
0.07481	3.94822e-02
0.07448	3.92442e-02
0.07414	3.90632e-02
0.07381	3.89198e-02
0.07349	3.87960e-02
0.07320	3.86791e-02
0.07295	3.85611e-02
0.07273	3.84368e-02
0.07255	3.83015e-02
0.07241	3.81524e-02
0.07232	3.79893e-02
0.07228	3.78156e-02
0.07227	3.76364e-02
0.07230	3.74566e-02
0.07236	3.72814e-02
0.07245	3.71187e-02
0.07257	3.69818e-02
0.07269	3.68870e-02
0.07282	3.68498e-02
0.07294	3.68820e-02
0.07304	3.69903e-02
0.07314	3.71769e-02
0.07322	3.74397e-02
0.07328	3.77734e-02
0.07332	3.81704e-02
0.07335	3.86210e-02
0.07338	3.91147e-02
0.07339	3.96405e-02
0.07340	4.01875e-02
0.07340	4.07453e-02
0.07341	4.13044e-02
0.07341	4.18566e-02
0.07343	4.23945e-02
0.07345	4.29108e-02
0.07349	4.33943e-02
0.07357	4.38100e-02
0.07375	4.40290e-02
0.07409	4.39874e-02
0.07447	4.38518e-02
0.07486	4.36930e-02
0.07524	4.35269e-02
0.07562	4.33566e-02
0.07599	4.31801e-02
0.07636	4.29916e-02
0.07673	4.27832e-02
0.07711	4.25452e-02
0.07751	4.22687e-02
0.07792	4.19471e-02
0.07835	4.15782e-02
0.07880	4.11654e-02
0.07926	4.07178e-02
0.07972	4.02484e-02
0.08019	3.97725e-02
0.08065	3.93057e-02
0.08110	3.88625e-02
0.08154	3.84549e-02
0.08196	3.80918e-02
0.08236	3.77789e-02
0.08274	3.75187e-02
0.08312	3.73116e-02
0.08348	3.71565e-02
0.08383	3.70526e-02
0.08417	3.70006e-02
0.08450	3.70024e-02
0.08483	3.70614e-02
0.08515	3.71810e-02
0.08546	3.73633e-02
0.08576	3.76085e-02
0.08605	3.79141e-02
0.08633	3.82751e-02
0.08661	3.86841e-02
0.08689	3.91325e-02
0.08718	3.96105e-02
0.08746	4.01086e-02
0.08776	4.06175e-02
0.08807	4.11292e-02
0.08839	4.16364e-02
0.08873	4.21331e-02
0.08909	4.26137e-02
0.08946	4.30731e-02
0.08985	4.35065e-02
0.09025	4.39091e-02
0.09068	4.42769e-02
0.09112	4.46065e-02
0.09158	4.48955e-02
0.09206	4.51430e-02
0.09255	4.53497e-02
0.09305	4.55178e-02
0.09355	4.56507e-02
0.09406	4.57528e-02
0.09456	4.58287e-02
0.09505	4.58833e-02
0.09553	4.59212e-02
0.09599	4.59464e-02
0.09644	4.59622e-02
0.09685	4.59713e-02
0.09725	4.59758e-02
0.09761	4.59768e-02
0.09794	4.59751e-02
0.09824	4.59708e-02
0.09851	4.59636e-02
0.09874	4.59530e-02
0.09894	4.59379e-02
0.09910	4.59173e-02
0.09923	4.58902e-02
0.09933	4.58553e-02
0.09938	4.58117e-02
0.09941	4.57583e-02
0.09939	4.56945e-02
0.09935	4.56197e-02
0.09926	4.55334e-02
0.09915	4.54354e-02
0.09900	4.53254e-02
0.09882	4.52033e-02
0.09860	4.50689e-02
0.09836	4.49217e-02
0.09809	4.47613e-02
0.09778	4.45868e-02
0.09746	4.43974e-02
0.09710	4.41918e-02
0.09673	4.39689e-02
0.09633	4.37277e-02
0.09592	4.34674e-02
0.09549	4.31876e-02
0.09505	4.28888e-02
0.09459	4.25724e-02
0.09412	4.22414e-02
0.09364	4.18996e-02
0.09315	4.15528e-02
0.09265	4.12078e-02
0.09213	4.08729e-02
0.09159	4.05571e-02
0.09104	4.02700e-02
0.09047	4.00211e-02
0.08987	3.98194e-02
0.08926	3.96731e-02
0.08862	3.95885e-02
0.08796	3.95695e-02
0.08728	3.96157e-02
0.08658	3.97202e-02
0.08587	3.98617e-02
0.08519	3.99860e-02
0.08459	3.99658e-02
0.08416	3.96167e-02
0.08391	3.89352e-02
0.08375	3.81033e-02
0.08361	3.72526e-02
0.08347	3.64452e-02
0.08332	3.57117e-02
0.08315	3.50696e-02
0.08297	3.45299e-02
0.08276	3.40993e-02
0.08254	3.37814e-02
0.08229	3.35775e-02
0.08203	3.34859e-02
0.08175	3.35029e-02
0.08146	3.36227e-02
0.08115	3.38371e-02
0.08084	3.41363e-02
0.08052	3.45086e-02
0.08019	3.49403e-02
0.07988	3.54161e-02
0.07957	3.59184e-02
0.07928	3.64275e-02
0.07901	3.69218e-02
0.07878	3.73781e-02
0.07861	3.77730e-02
0.07849	3.80846e-02
0.07844	3.82950e-02
0.07847	3.83936e-02
0.07857	3.83793e-02
0.07875	3.82601e-02
0.07898	3.80525e-02
0.07927	3.77770e-02
0.07959	3.74560e-02
0.07994	3.71105e-02
0.08030	3.67597e-02
0.08067	3.64200e-02
0.08104	3.61057e-02
0.08142	3.58284e-02
0.08178	3.55978e-02
0.08213	3.54216e-02
0.08248	3.53052e-02
0.08281	3.52521e-02
0.08313	3.52634e-02
0.08343	3.53377e-02
0.08373	3.54710e-02
0.08402	3.56565e-02
0.08431	3.58844e-02
0.08460	3.61419e-02
0.08490	3.64135e-02
0.08522	3.66815e-02
0.08557	3.69275e-02
0.08595	3.71339e-02
0.08636	3.72868e-02
0.08682	3.73782e-02
0.08733	3.74089e-02
0.08787	3.73881e-02
0.08843	3.73326e-02
0.08902	3.72638e-02
0.08962	3.72054e-02
0.09022	3.71807e-02
0.09081	3.72111e-02
0.09138	3.73152e-02
0.09192	3.75081e-02
0.09244	3.78015e-02
0.09292	3.82035e-02
0.09336	3.87185e-02
0.09377	3.93479e-02
0.09413	4.00897e-02
0.09444	4.09392e-02
0.09471	4.18887e-02
0.09493	4.29276e-02
0.09512	4.40418e-02
0.09527	4.52110e-02
0.09539	4.64050e-02
0.09551	4.75734e-02
0.09567	4.86318e-02
0.09592	4.94701e-02
0.09630	5.00411e-02
0.09677	5.04197e-02
0.09727	5.07111e-02
0.09777	5.09813e-02
0.09824	5.12609e-02
0.09869	5.15583e-02
0.09911	5.18663e-02
0.09951	5.21605e-02
0.09992	5.23917e-02
0.10038	5.24860e-02
0.10090	5.23901e-02
0.10148	5.21320e-02
0.10207	5.17830e-02
0.10265	5.13941e-02
0.10320	5.09848e-02
0.10372	5.05503e-02
0.10423	5.00674e-02
0.10473	4.95000e-02
0.10525	4.88109e-02
0.10579	4.79810e-02
0.10634	4.70206e-02
0.10688	4.59629e-02
0.10739	4.48482e-02
0.10785	4.37140e-02
0.10826	4.25914e-02
0.10860	4.15063e-02
0.10886	4.04805e-02
0.10905	3.95332e-02
0.10915	3.86814e-02
0.10917	3.79406e-02
0.10911	3.73245e-02
0.10895	3.68449e-02
0.10871	3.65112e-02
0.10839	3.63304e-02
0.10797	3.63063e-02
0.10746	3.64398e-02
0.10687	3.67284e-02
0.10619	3.71665e-02
0.10542	3.77459e-02
0.10457	3.84559e-02
0.10364	3.92837e-02
0.10262	4.02150e-02
0.10153	4.12341e-02
0.10037	4.23241e-02
0.09914	4.34666e-02
0.09785	4.46417e-02
0.09651	4.58265e-02
0.09513	4.69942e-02
0.09374	4.81121e-02
0.09235	4.91389e-02
0.09100	5.00247e-02
0.08973	5.07160e-02
0.08858	5.11724e-02
0.08755	5.13854e-02
0.08664	5.13805e-02
0.08585	5.11963e-02
0.08514	5.08603e-02
0.08453	5.03740e-02
0.08403	4.97095e-02
0.08367	4.88336e-02
0.08343	4.77562e-02
0.08328	4.65252e-02
0.08320	4.51767e-02
0.08318	4.37186e-02
0.08321	4.21560e-02
0.08328	4.05193e-02
0.08335	3.88614e-02
0.08340	3.72366e-02
0.08341	3.56919e-02
0.08338	3.42676e-02
0.08329	3.29989e-02
0.08314	3.19174e-02
0.08292	3.10510e-02
0.08264	3.04225e-02
0.08230	3.00480e-02
0.08188	2.99357e-02
0.08140	3.00848e-02
0.08084	3.04854e-02
0.08023	3.11196e-02
0.07954	3.19634e-02
0.07880	3.29883e-02
0.07800	3.41631e-02
0.07714	3.54549e-02
0.07624	3.68294e-02
0.07531	3.82504e-02
0.07436	3.96794e-02
0.07341	4.10771e-02
0.07248	4.24099e-02
0.07159	4.36608e-02
0.07073	4.48360e-02
0.06990	4.59555e-02
0.06908	4.70381e-02
0.06828	4.80906e-02
0.06749	4.91034e-02
0.06675	5.00468e-02
0.06609	5.08685e-02
0.06560	5.14813e-02
0.06561	5.14646e-02
0.06609	5.08530e-02
0.06665	5.01253e-02
0.06725	4.93617e-02
0.06784	4.85873e-02
0.06843	4.78128e-02
0.06900	4.70429e-02
0.06957	4.62793e-02
0.07012	4.55229e-02
0.07066	4.47750e-02
0.07119	4.40382e-02
0.07170	4.33164e-02
0.07220	4.26153e-02
0.07267	4.19416e-02
0.07312	4.13032e-02
0.07354	4.07081e-02
0.07393	4.01641e-02
0.07428	3.96787e-02
0.07461	3.92583e-02
0.07489	3.89081e-02
0.07515	3.86317e-02
0.07537	3.84308e-02
0.07555	3.83050e-02
0.07571	3.82518e-02
0.07583	3.82663e-02
0.07594	3.83416e-02
0.07602	3.84693e-02
0.07609	3.86397e-02
0.07615	3.88439e-02
0.07620	3.90743e-02
0.07625	3.93258e-02
0.07630	3.95966e-02
0.07634	3.98872e-02
0.07638	4.01982e-02
0.07642	4.05151e-02
0.07672	4.03676e-02
0.07735	3.95814e-02
0.07799	3.87765e-02
0.07862	3.79914e-02
0.07922	3.72373e-02
0.07980	3.65231e-02
0.08035	3.58571e-02
0.08088	3.52475e-02
0.08138	3.47022e-02
0.08185	3.42288e-02
0.08228	3.38346e-02
0.08268	3.35259e-02
0.08304	3.33080e-02
0.08337	3.31850e-02
0.08365	3.31592e-02
0.08390	3.32311e-02
0.08411	3.33990e-02
0.08429	3.36596e-02
0.08443	3.40071e-02
0.08453	3.44341e-02
0.08459	3.49318e-02
0.08463	3.54897e-02
0.08464	3.60968e-02
0.08462	3.67412e-02
0.08458	3.74113e-02
0.08452	3.80952e-02
0.08445	3.87819e-02
0.08437	3.94609e-02
0.08428	4.01225e-02
0.08419	4.07579e-02
0.08410	4.13586e-02
0.08402	4.19166e-02
0.08395	4.24238e-02
0.08389	4.28717e-02
0.08386	4.32520e-02
0.08385	4.35578e-02
0.08386	4.37852e-02
0.08390	4.39352e-02
0.08397	4.40143e-02
0.08405	4.40335e-02
0.08414	4.40059e-02
0.08423	4.39446e-02
0.08432	4.38612e-02
0.08440	4.37649e-02
0.08447	4.36627e-02
0.08453	4.35590e-02
0.08457	4.34566e-02
0.08460	4.33567e-02
0.08460	4.32599e-02
0.08460	4.31664e-02
0.08457	4.30770e-02
0.08454	4.29935e-02
0.08448	4.29191e-02
0.08440	4.28582e-02
0.08431	4.28169e-02
0.08418	4.28019e-02
0.08404	4.28204e-02
0.08386	4.28789e-02
0.08364	4.29831e-02
0.08339	4.31371e-02
0.08311	4.33429e-02
0.08279	4.36002e-02
0.08244	4.39062e-02
0.08206	4.42558e-02
0.08165	4.46413e-02
0.08121	4.50530e-02
0.08077	4.54797e-02
0.08031	4.59090e-02
0.07986	4.63258e-02
0.07943	4.67073e-02
0.07904	4.70097e-02
0.07874	4.71511e-02
0.07859	4.70578e-02
0.07856	4.67744e-02
0.07859	4.64045e-02
0.07863	4.60174e-02
0.07867	4.56476e-02
0.07870	4.53128e-02
0.07871	4.50218e-02
0.07871	4.47782e-02
0.07869	4.45821e-02
0.07866	4.44306e-02
0.07862	4.43183e-02
0.07859	4.42368e-02
0.07855	4.41747e-02
0.07853	4.41169e-02
0.07854	4.40436e-02
0.07859	4.39286e-02
0.07871	4.37376e-02
0.07890	4.34276e-02
0.07921	4.29518e-02
0.07964	4.22754e-02
0.08019	4.13949e-02
0.08083	4.03419e-02
0.08154	3.91671e-02
0.08227	3.79228e-02
0.08301	3.66551e-02
0.08374	3.54028e-02
0.08444	3.41993e-02
0.08511	3.30743e-02
0.08574	3.20545e-02
0.08632	3.11641e-02
0.08686	3.04249e-02
0.08734	2.98551e-02
0.08777	2.94688e-02
0.08815	2.92748e-02
0.08848	2.92763e-02
0.08875	2.94700e-02
0.08897	2.98472e-02
0.08915	3.03938e-02
0.08927	3.10919e-02
0.08935	3.19211e-02
0.08939	3.28594e-02
0.08939	3.38841e-02
0.08935	3.49732e-02
0.08928	3.61053e-02
0.08919	3.72603e-02
0.08908	3.84197e-02
0.08896	3.95666e-02
0.08882	4.06857e-02
0.08868	4.17642e-02
0.08854	4.27910e-02
0.08841	4.37575e-02
0.08829	4.46571e-02
0.08817	4.54855e-02
0.08807	4.62405e-02
0.08799	4.69215e-02
0.08791	4.75297e-02
0.08785	4.80676e-02
0.08984	5.07527e-02
0.08948	5.13005e-02
0.08910	5.17737e-02
0.08871	5.21737e-02
0.08828	5.25025e-02
0.08784	5.27622e-02
0.08737	5.29553e-02
0.08687	5.30842e-02
0.08635	5.31518e-02
0.08580	5.31609e-02
0.08521	5.31147e-02
0.08460	5.30163e-02
0.08395	5.28688e-02
0.08327	5.26747e-02
0.08256	5.24355e-02
0.08182	5.21515e-02
0.08105	5.18204e-02
0.08026	5.14371e-02
0.07945	5.09924e-02
0.07864	5.04728e-02
0.07785	4.98604e-02
0.07708	4.91356e-02
0.07635	4.82833e-02
0.07566	4.72986e-02
0.07502	4.61903e-02
0.07440	4.49777e-02
0.07381	4.36850e-02
0.07321	4.23383e-02
0.07261	4.09627e-02
0.07200	3.95832e-02
0.07136	3.82240e-02
0.07069	3.69092e-02
0.06999	3.56630e-02
0.06926	3.45092e-02
0.06848	3.34717e-02
0.06767	3.25738e-02
0.06682	3.18370e-02
0.06593	3.12804e-02
0.06500	3.09191e-02
0.06404	3.07624e-02
0.06305	3.08131e-02
0.06203	3.10661e-02
0.06100	3.15085e-02
0.05997	3.21195e-02
0.05894	3.28720e-02
0.05793	3.37340e-02
0.05697	3.46714e-02
0.05609	3.56357e-02
0.05591	3.56761e-02
0.05608	3.53502e-02
0.05636	3.50701e-02
0.05671	3.48683e-02
0.05711	3.47757e-02
0.05756	3.48177e-02
0.05804	3.50109e-02
0.05853	3.53602e-02
0.05905	3.58500e-02
0.05965	3.63579e-02
0.06053	3.65742e-02
0.06153	3.67372e-02
0.06255	3.69860e-02
0.06357	3.73342e-02
0.06461	3.77788e-02
0.06564	3.83132e-02
0.06666	3.89298e-02
0.06768	3.96203e-02
0.06869	4.03757e-02
0.06969	4.11860e-02
0.07067	4.20398e-02
0.07165	4.29228e-02
0.07261	4.38167e-02
0.07357	4.46973e-02
0.07455	4.55327e-02
0.07555	4.62881e-02
0.07659	4.69400e-02
0.07766	4.74907e-02
0.07875	4.79630e-02
0.07983	4.83817e-02
0.08089	4.87600e-02
0.08193	4.90929e-02
0.08297	4.93497e-02
0.08403	4.94728e-02
0.08513	4.94205e-02
0.08626	4.92218e-02
0.08737	4.89391e-02
0.08843	4.86183e-02
0.08943	4.82856e-02
0.07856	3.65194e-02
0.07915	3.52476e-02
0.07967	3.39907e-02
0.08012	3.27645e-02
0.08050	3.15854e-02
0.08082	3.04717e-02
0.08106	2.94427e-02
0.08123	2.85197e-02
0.08134	2.77246e-02
0.08137	2.70797e-02
0.08134	2.66059e-02
0.08124	2.63214e-02
0.08107	2.62396e-02
0.08084	2.63669e-02
0.08056	2.67012e-02
0.08021	2.72289e-02
0.07983	2.79220e-02
0.07941	2.87278e-02
0.07901	2.95455e-02
0.07870	3.01725e-02
0.07863	3.02794e-02
0.07886	2.96816e-02
0.07930	2.86009e-02
0.07983	2.73376e-02
0.08039	2.60741e-02
0.08093	2.49165e-02
0.08146	2.39371e-02
0.08195	2.31919e-02
0.08242	2.27243e-02
0.08284	2.25634e-02
0.08324	2.27214e-02
0.08359	2.31920e-02
0.08392	2.39524e-02
0.08421	2.49672e-02
0.08447	2.61937e-02
0.08471	2.75861e-02
0.08494	2.90984e-02
0.08515	3.06859e-02
0.08537	3.23055e-02
0.08560	3.39155e-02
0.08585	3.54755e-02
0.08615	3.69472e-02
0.08650	3.82962e-02
0.08693	3.94955e-02
0.08743	4.05297e-02
0.08802	4.13973e-02
0.08867	4.21104e-02
0.08939	4.26915e-02
0.09016	4.31680e-02
0.09094	4.35675e-02
0.09174	4.39152e-02
0.09254	4.42318e-02
0.09331	4.45334e-02
0.09406	4.48322e-02
0.09478	4.51365e-02
0.09546	4.54516e-02
0.09609	4.57806e-02
0.09668	4.61245e-02
0.09721	4.64832e-02
0.09769	4.68551e-02
0.09811	4.72382e-02
0.09848	4.76297e-02
0.09878	4.80267e-02
0.09903	4.84259e-02
0.09922	4.88240e-02
0.09935	4.92178e-02
0.09942	4.96042e-02
0.09943	4.99801e-02
0.09938	5.03428e-02
0.09927	5.06898e-02
0.09911	5.10189e-02
0.09888	5.13283e-02
0.09860	5.16164e-02
0.09827	5.18818e-02
0.09787	5.21237e-02
0.09743	5.23414e-02
0.09693	5.25346e-02
0.09638	5.27031e-02
0.09577	5.28471e-02
0.09512	5.29670e-02
0.09442	5.30633e-02
0.09367	5.31364e-02
0.09288	5.31867e-02
0.09204	5.32145e-02
0.09116	5.32190e-02
0.09024	5.31988e-02
0.08930	5.31498e-02
0.08832	5.30644e-02
0.08734	5.29280e-02
0.08636	5.27149e-02
0.08542	5.23861e-02
0.08454	5.19020e-02
0.09229	4.91695e-02
0.09167	4.80472e-02
0.09109	4.68040e-02
0.09052	4.54893e-02
0.08994	4.41370e-02
0.08935	4.27701e-02
0.08873	4.14052e-02
0.08810	4.00557e-02
0.08744	3.87329e-02
0.09328	3.65842e-02
0.09246	3.52554e-02
0.09161	3.39969e-02
0.09074	3.28205e-02
0.08985	3.17377e-02
0.08894	3.07597e-02
0.08801	2.98972e-02
0.08706	2.91598e-02
0.08610	2.85555e-02
0.08513	2.80906e-02
0.08415	2.77687e-02
0.08316	2.75907e-02
0.08216	2.75546e-02
0.08115	2.76554e-02
0.08015	2.78858e-02
0.07914	2.82360e-02
0.07813	2.86950e-02
0.07712	2.92506e-02
0.07612	2.98902e-02
0.07511	3.06013e-02
0.07411	3.13718e-02
0.07312	3.21901e-02
0.07213	3.30457e-02
0.07115	3.39288e-02
0.07018	3.48305e-02
0.06921	3.57429e-02
0.06825	3.66591e-02
0.06730	3.75726e-02
0.06636	3.84781e-02
0.06543	3.93707e-02
0.06451	4.02460e-02
0.06359	4.11003e-02
0.06268	4.19301e-02
0.06178	4.27323e-02
0.06282	4.74186e-02
0.06187	4.82449e-02
0.06091	4.90289e-02
0.05996	4.97559e-02
0.05904	5.03870e-02
0.05826	5.08099e-02
0.05776	5.08698e-02
0.05746	5.06729e-02
0.05720	5.03922e-02
0.05693	5.00921e-02
0.05662	4.97927e-02
0.05627	4.95009e-02
0.05589	4.92184e-02
0.05546	4.89447e-02
0.05499	4.86781e-02
0.05449	4.84153e-02
0.05396	4.81515e-02
0.05341	4.78803e-02
0.05284	4.75924e-02
0.05228	4.72751e-02
0.05174	4.69114e-02
0.05125	4.64807e-02
0.05082	4.59641e-02
0.05046	4.53524e-02
0.05018	4.46513e-02
0.04996	4.38772e-02
0.04978	4.30497e-02
0.04964	4.21861e-02
0.04953	4.13006e-02
0.04943	4.04043e-02
0.04936	3.95056e-02
0.04930	3.86110e-02
0.04925	3.77249e-02
0.04923	3.68501e-02
0.04924	3.59870e-02
0.04927	3.51348e-02
0.04935	3.42906e-02
0.04946	3.34510e-02
0.04963	3.26119e-02
0.04984	3.17700e-02
0.05012	3.09236e-02
0.05045	3.00736e-02
0.05083	2.92237e-02
0.05126	2.83809e-02
0.05174	2.75553e-02
0.05226	2.67593e-02
0.05282	2.60071e-02
0.05339	2.53142e-02
0.05399	2.46962e-02
0.05460	2.41686e-02
0.05522	2.37452e-02
0.05585	2.34382e-02
0.05647	2.32567e-02
0.05710	2.32065e-02
0.05771	2.32896e-02
0.05832	2.35040e-02
0.05892	2.38442e-02
0.05951	2.43012e-02
0.06009	2.48639e-02
0.06065	2.55194e-02
0.06120	2.62535e-02
0.06174	2.70517e-02
0.06227	2.78998e-02
0.06278	2.87834e-02
0.06329	2.96891e-02
0.06379	3.06039e-02
0.06428	3.15159e-02
0.06476	3.24138e-02
0.06524	3.32875e-02
0.06572	3.41279e-02
0.06620	3.49269e-02
0.06668	3.56779e-02
0.06716	3.63754e-02
0.06765	3.70152e-02
0.06813	3.75941e-02
0.06862	3.81101e-02
0.06911	3.85617e-02
0.06959	3.89484e-02
0.07008	3.92697e-02
0.07056	3.95256e-02
0.07103	3.97163e-02
0.07149	3.98417e-02
0.07194	3.99019e-02
0.07239	3.98970e-02
0.07282	3.98270e-02
0.07323	3.96915e-02
0.07363	3.94905e-02
0.07402	3.92237e-02
0.07438	3.88909e-02
0.07473	3.84918e-02
0.07507	3.80263e-02
0.07538	3.74945e-02
0.07567	3.68964e-02
0.07595	3.62326e-02
0.07620	3.55038e-02
0.07643	3.47113e-02
0.07663	3.38569e-02
0.08373	3.34216e-02
0.08392	3.21923e-02
0.08407	3.08921e-02
0.08419	2.95237e-02
0.08427	2.80908e-02
0.08433	2.65983e-02
0.08434	2.50525e-02
0.08433	2.34613e-02
0.08428	2.18353e-02
0.08419	2.01881e-02
0.08407	1.85377e-02
0.08391	1.69086e-02
0.08371	1.53347e-02
0.07935	1.37166e-02
0.07901	1.18180e-02
0.07863	1.01601e-02
0.07821	8.92036e-03
0.07776	8.32507e-03
0.07727	8.53720e-03
0.08081	9.29884e-03
0.08216	8.79081e-03
0.08348	8.24388e-03
0.08477	7.66123e-03
0.08602	7.04610e-03
0.08723	6.40183e-03
0.08840	5.73181e-03
0.08953	5.03953e-03
0.09061	4.32856e-03
0.09165	3.60251e-03
0.09264	2.86512e-03
0.09358	2.12019e-03
0.09448	1.37158e-03
0.09533	6.23264e-04
0.09613	1.20742e-04
0.09688	8.56337e-04
0.09758	1.57936e-03
0.09824	2.28559e-03
0.09885	2.97076e-03
0.09942	3.63058e-03
0.09994	4.26074e-03
0.10043	4.85692e-03
0.10087	5.41482e-03
0.10128	5.93017e-03
0.10166	6.39880e-03
0.10200	6.81661e-03
0.10231	7.17962e-03
0.10259	7.48403e-03
0.10285	7.72622e-03
0.10308	7.90280e-03
0.10329	8.01066e-03
0.10349	8.04698e-03
0.10367	8.00928e-03
0.10383	7.89547e-03
0.10398	7.70385e-03
0.10412	7.43315e-03
0.10425	7.08257e-03
0.10437	6.65176e-03
0.10448	6.14087e-03
0.10459	5.55053e-03
0.10469	4.88186e-03
0.10478	4.13647e-03
0.10486	3.31643e-03
0.10494	2.42426e-03
0.10501	1.46294e-03
0.10551	0.00000e+00
0.10447	0.00000e+00
0.10336	0.00000e+00
0.10219	0.00000e+00
0.10096	0.00000e+00
0.09968	0.00000e+00
0.09834	0.00000e+00
0.09695	0.00000e+00
0.09553	0.00000e+00
