0.99144	2.44914e-03
0.99138	2.46630e-03
0.99133	2.48475e-03
0.99126	2.50484e-03
0.99120	2.52691e-03
0.99113	2.55131e-03
0.99105	2.57838e-03
0.99097	2.60845e-03
0.99089	2.64184e-03
0.99080	2.67886e-03
0.99070	2.71978e-03
0.99059	2.76510e-03
0.99048	2.81444e-03
0.99036	2.86794e-03
0.99023	2.92572e-03
0.99010	2.98785e-03
0.98996	3.05438e-03
0.98982	3.12532e-03
0.98967	3.20065e-03
0.98951	3.28032e-03
0.98935	3.36424e-03
0.98918	3.45229e-03
0.98901	3.53481e-03
0.98883	3.62024e-03
0.98864	3.70855e-03
0.98844	3.79953e-03
0.98825	3.89293e-03
0.98804	3.98846e-03
0.98783	4.08581e-03
0.98762	4.18470e-03
0.98741	4.28484e-03
0.98718	4.38592e-03
0.98696	4.48766e-03
0.98673	4.58977e-03
0.98650	4.69199e-03
0.98626	4.79402e-03
0.98602	4.89560e-03
0.98578	4.99646e-03
0.98554	5.09634e-03
0.98529	5.19500e-03
0.98504	5.29218e-03
0.98479	5.38765e-03
0.98454	5.48118e-03
0.98428	5.57254e-03
0.98403	5.66154e-03
0.98377	5.74796e-03
0.98351	5.83162e-03
0.98326	5.91234e-03
0.98300	5.98996e-03
0.98274	6.06431e-03
0.98249	6.13527e-03
0.98223	6.20269e-03
0.98198	6.26648e-03
0.98173	6.32653e-03
0.98147	6.38276e-03
0.98122	6.43510e-03
0.98097	6.48350e-03
0.98073	6.52792e-03
0.98049	6.56836e-03
0.98024	6.60479e-03
0.98001	6.63726e-03
0.97977	6.66577e-03
0.97954	6.69040e-03
0.97931	6.71119e-03
0.97908	6.72826e-03
0.97886	6.74168e-03
0.97865	6.75160e-03
0.97843	6.75814e-03
0.97822	6.76146e-03
0.97809	6.70836e-03
0.97850	6.57420e-03
0.97920	7.32492e-03
0.97922	7.70441e-03
0.97903	7.77236e-03
0.97881	7.77417e-03
0.97857	7.75603e-03
0.97833	7.72786e-03
0.97810	7.69286e-03
0.97787	7.65244e-03
0.97764	7.60737e-03
0.97741	7.55812e-03
0.97718	7.50500e-03
0.97696	7.44828e-03
0.97674	7.38816e-03
0.97651	7.35672e-03
0.97628	7.32414e-03
0.97605	7.29018e-03
0.97582	7.25474e-03
0.97560	7.21776e-03
0.97538	7.17924e-03
0.97516	7.13920e-03
0.97495	7.09769e-03
0.97474	7.05477e-03
0.97454	7.01050e-03
0.97434	6.96497e-03
0.97415	6.91825e-03
0.97396	6.87042e-03
0.97378	6.82154e-03
0.97357	6.79752e-03
0.97338	6.76105e-03
0.97323	6.61637e-03
0.97359	6.37441e-03
0.97435	7.11908e-03
0.97444	7.58868e-03
0.97426	7.65472e-03
0.97403	7.62748e-03
0.97379	7.57305e-03
0.97354	7.50669e-03
0.97329	7.43349e-03
0.97303	7.35574e-03
0.97278	7.27475e-03
0.97252	7.20062e-03
0.97225	7.12619e-03
0.97199	7.05185e-03
0.97173	6.97824e-03
0.97147	6.90606e-03
0.97120	6.83614e-03
0.97094	6.76933e-03
0.97068	6.70655e-03
0.97042	6.64874e-03
0.97016	6.59690e-03
0.96990	6.55201e-03
0.96962	6.53347e-03
0.96934	6.52247e-03
0.96906	6.51968e-03
0.96879	6.52594e-03
0.96851	6.54200e-03
0.96824	6.56386e-03
0.96797	6.59698e-03
0.96770	6.64182e-03
0.96743	6.69868e-03
0.96717	6.76770e-03
0.96692	6.84892e-03
0.96666	6.94221e-03
0.96640	7.03749e-03
0.96615	7.14240e-03
0.96589	7.25661e-03
0.96564	7.37965e-03
0.96539	7.51095e-03
0.96515	7.64984e-03
0.96491	7.79566e-03
0.96467	7.94770e-03
0.96443	8.10521e-03
0.96420	8.26748e-03
0.96398	8.43375e-03
0.96375	8.60329e-03
0.96353	8.77539e-03
0.96332	8.94935e-03
0.96310	9.12446e-03
0.96290	9.30008e-03
0.96269	9.47557e-03
0.96250	9.65030e-03
0.96230	9.82371e-03
0.96211	9.99523e-03
0.96193	1.01643e-02
0.96175	1.03305e-02
0.96158	1.04934e-02
0.96141	1.06524e-02
0.96124	1.08073e-02
0.96109	1.09576e-02
0.96093	1.11029e-02
0.96078	1.12431e-02
0.96064	1.13778e-02
0.96050	1.15068e-02
0.96037	1.16299e-02
0.96025	1.17469e-02
0.96013	1.18576e-02
0.96001	1.19620e-02
0.95990	1.20599e-02
0.95980	1.21514e-02
0.95970	1.22364e-02
0.95960	1.23107e-02
0.95950	1.23790e-02
0.95942	1.24413e-02
0.95933	1.24977e-02
0.95926	1.25519e-02
0.95918	1.26003e-02
0.95911	1.26489e-02
0.95904	1.26932e-02
0.95897	1.27333e-02
0.95891	1.27695e-02
0.95885	1.28019e-02
0.95879	1.28310e-02
0.95873	1.28570e-02
0.95868	1.28818e-02
0.95861	1.29078e-02
0.95886	1.36432e-02
0.95891	1.38969e-02
0.95890	1.40017e-02
0.95887	1.40618e-02
0.95884	1.41052e-02
0.95881	1.41402e-02
0.95878	1.41706e-02
0.95875	1.41982e-02
0.95872	1.42243e-02
0.95870	1.42500e-02
0.95867	1.42760e-02
0.95865	1.43029e-02
0.95863	1.43313e-02
0.95861	1.43614e-02
0.95911	1.45567e-02
0.96000	1.52607e-02
0.96029	1.56184e-02
0.96033	1.57273e-02
0.96033	1.57830e-02
0.96031	1.58245e-02
0.96029	1.58606e-02
0.96026	1.58945e-02
0.96022	1.59279e-02
0.96019	1.59615e-02
0.96015	1.59959e-02
0.96009	1.60324e-02
0.96004	1.60700e-02
0.95998	1.61089e-02
0.95991	1.61490e-02
0.95985	1.61900e-02
0.95978	1.62320e-02
0.95971	1.62746e-02
0.95963	1.63177e-02
0.95955	1.63610e-02
0.95947	1.64043e-02
0.95938	1.64474e-02
0.95928	1.65037e-02
0.95918	1.65603e-02
0.95907	1.66167e-02
0.95896	1.66728e-02
0.95885	1.67282e-02
0.95873	1.67829e-02
0.95861	1.68366e-02
0.95848	1.68891e-02
0.95835	1.69402e-02
0.95821	1.69897e-02
0.95808	1.70373e-02
0.95793	1.70829e-02
0.95779	1.71262e-02
0.95763	1.71670e-02
0.95748	1.72051e-02
0.95732	1.72404e-02
0.95715	1.72496e-02
0.95694	1.72488e-02
0.95674	1.72428e-02
0.95653	1.72315e-02
0.95631	1.72147e-02
0.95609	1.71925e-02
0.95586	1.71647e-02
0.95563	1.71314e-02
0.95539	1.70926e-02
0.95515	1.70484e-02
0.95491	1.69991e-02
0.95465	1.69489e-02
0.95438	1.68937e-02
0.95412	1.68338e-02
0.95385	1.67694e-02
0.95357	1.67010e-02
0.95330	1.66289e-02
0.95302	1.65535e-02
0.95274	1.64752e-02
0.95246	1.63945e-02
0.95217	1.63118e-02
0.95189	1.62275e-02
0.95160	1.61422e-02
0.95131	1.60563e-02
0.95103	1.59702e-02
0.95092	1.54984e-02
0.95107	1.44882e-02
0.95136	1.33148e-02
0.95151	1.25329e-02
0.95150	1.20992e-02
0.95139	1.18237e-02
0.95125	1.16328e-02
0.95109	1.14951e-02
0.95092	1.13982e-02
0.95074	1.13361e-02
0.95055	1.13044e-02
0.95036	1.12996e-02
0.95016	1.13185e-02
0.94996	1.13576e-02
0.94975	1.14117e-02
0.94953	1.14795e-02
0.94931	1.15582e-02
0.94909	1.16411e-02
0.94886	1.17311e-02
0.94864	1.18260e-02
0.94842	1.19241e-02
0.94819	1.20240e-02
0.94798	1.21243e-02
0.94776	1.22238e-02
0.94755	1.23214e-02
0.94734	1.24163e-02
0.94714	1.25078e-02
0.94694	1.25950e-02
0.94675	1.26774e-02
0.94695	1.22725e-02
0.94685	1.22681e-02
0.94671	1.23134e-02
0.94658	1.23621e-02
0.94645	1.24071e-02
0.94632	1.24468e-02
0.94621	1.24807e-02
0.94611	1.25085e-02
0.94605	1.25570e-02
0.94598	1.25837e-02
0.94592	1.26017e-02
0.94586	1.26150e-02
0.94582	1.26253e-02
0.94580	1.26338e-02
0.94579	1.26419e-02
0.94580	1.26509e-02
0.94583	1.26625e-02
0.94587	1.26783e-02
0.94593	1.27001e-02
0.94600	1.27386e-02
0.94609	1.27869e-02
0.94620	1.28459e-02
0.94632	1.29161e-02
0.94646	1.29973e-02
0.94661	1.30882e-02
0.94677	1.31870e-02
0.94694	1.32913e-02
0.94711	1.33986e-02
0.94728	1.35062e-02
0.94746	1.36121e-02
0.94763	1.37145e-02
0.94781	1.38123e-02
0.94798	1.39051e-02
0.94815	1.39928e-02
0.94832	1.40758e-02
0.94849	1.41549e-02
0.94866	1.42308e-02
0.94883	1.43047e-02
0.94900	1.43774e-02
0.94917	1.44499e-02
0.94934	1.45230e-02
0.94951	1.45974e-02
0.94968	1.46738e-02
0.94985	1.47525e-02
0.95002	1.48338e-02
0.95020	1.49187e-02
0.95037	1.50049e-02
0.95053	1.51031e-02
0.95069	1.52026e-02
0.95086	1.53030e-02
0.95102	1.54040e-02
0.95118	1.55052e-02
0.95134	1.56061e-02
0.95150	1.57061e-02
0.95166	1.58047e-02
0.95182	1.59011e-02
0.95197	1.59938e-02
0.95210	1.60980e-02
0.95301	1.75479e-02
0.95350	1.83502e-02
0.95372	1.86362e-02
0.95385	1.87658e-02
0.95395	1.88589e-02
0.95404	1.89347e-02
0.95411	1.90009e-02
0.95418	1.90601e-02
0.95425	1.91130e-02
0.95430	1.91598e-02
0.95434	1.92004e-02
0.95438	1.92345e-02
0.95441	1.92622e-02
0.95443	1.92831e-02
0.95444	1.92973e-02
0.95443	1.93079e-02
0.95442	1.93115e-02
0.95439	1.93081e-02
0.95436	1.92978e-02
0.95432	1.92808e-02
0.95426	1.92574e-02
0.95420	1.92279e-02
0.95413	1.91927e-02
0.95404	1.91522e-02
0.95395	1.91069e-02
0.95385	1.90573e-02
0.95373	1.90039e-02
0.95361	1.89475e-02
0.95348	1.88887e-02
0.95333	1.88282e-02
0.95318	1.87667e-02
0.95302	1.87050e-02
0.95284	1.86440e-02
0.95266	1.85844e-02
0.95247	1.85271e-02
0.95279	1.90039e-02
0.95284	1.92781e-02
0.95276	1.94107e-02
0.95261	1.94866e-02
0.95243	1.95372e-02
0.95223	1.95728e-02
0.95200	1.95980e-02
0.95176	1.96156e-02
0.95150	1.96281e-02
0.95123	1.96376e-02
0.95094	1.96464e-02
0.95064	1.96560e-02
0.95033	1.96683e-02
0.95001	1.96846e-02
0.94968	1.97063e-02
0.94934	1.97217e-02
0.94899	1.97453e-02
0.94864	1.97777e-02
0.94829	1.98194e-02
0.94792	1.98753e-02
0.94753	1.99637e-02
0.94714	2.00604e-02
0.94675	2.01651e-02
0.94636	2.02776e-02
0.94597	2.03974e-02
0.94558	2.05241e-02
0.94519	2.06572e-02
0.94481	2.07961e-02
0.94442	2.09400e-02
0.94404	2.10883e-02
0.94366	2.12403e-02
0.94379	2.09270e-02
0.94420	2.05962e-02
0.94415	2.06629e-02
0.94390	2.08349e-02
0.94361	2.10259e-02
0.94332	2.12216e-02
0.94303	2.14186e-02
0.94276	2.16161e-02
0.94248	2.18109e-02
0.94222	2.20052e-02
0.94197	2.21984e-02
0.94172	2.23897e-02
0.94148	2.25780e-02
0.94125	2.27618e-02
0.94102	2.29394e-02
0.94079	2.31088e-02
0.94057	2.32682e-02
0.94034	2.34161e-02
0.94012	2.35509e-02
0.93989	2.36717e-02
0.93967	2.37776e-02
0.93945	2.38682e-02
0.93921	2.39396e-02
0.93901	2.39205e-02
0.93911	2.33791e-02
0.93962	2.22587e-02
0.93984	2.16702e-02
0.93975	2.15018e-02
0.93957	2.14445e-02
0.93936	2.14154e-02
0.93914	2.13930e-02
0.93891	2.13692e-02
0.93869	2.13400e-02
0.93847	2.13027e-02
0.93825	2.12539e-02
0.93804	2.11936e-02
0.93784	2.11206e-02
0.93765	2.10342e-02
0.93748	2.09343e-02
0.93732	2.08219e-02
0.93719	2.06987e-02
0.93707	2.05678e-02
0.93697	2.04334e-02
0.93688	2.03003e-02
0.93681	2.01735e-02
0.93674	2.00570e-02
0.93667	1.99541e-02
0.93661	1.98663e-02
0.93653	1.97939e-02
0.93646	1.97360e-02
0.93637	1.96913e-02
0.93628	1.96581e-02
0.93617	1.96349e-02
0.93607	1.96206e-02
0.93595	1.96142e-02
0.93583	1.96128e-02
0.93570	1.96188e-02
0.93557	1.96322e-02
0.93544	1.96530e-02
0.93531	1.96815e-02
0.93518	1.97180e-02
0.93506	1.97628e-02
0.93493	1.98160e-02
0.93481	1.98781e-02
0.93469	1.99491e-02
0.93457	2.00293e-02
0.93445	2.01155e-02
0.93433	2.02112e-02
0.93422	2.03166e-02
0.93455	2.11877e-02
0.93455	2.14978e-02
0.93444	2.16475e-02
0.93431	2.17621e-02
0.93418	2.18706e-02
0.93404	2.19801e-02
0.93391	2.20932e-02
0.93378	2.22110e-02
0.93365	2.23275e-02
0.93351	2.24482e-02
0.93337	2.25731e-02
0.93323	2.27022e-02
0.93310	2.28353e-02
0.93295	2.29687e-02
0.93281	2.31048e-02
0.93266	2.32433e-02
0.93252	2.33839e-02
0.93237	2.35263e-02
0.93222	2.36701e-02
0.93206	2.38150e-02
0.93191	2.39608e-02
0.93175	2.41072e-02
0.93159	2.42538e-02
0.93143	2.44006e-02
0.93127	2.45472e-02
0.93111	2.46934e-02
0.93094	2.48390e-02
0.93077	2.49838e-02
0.93060	2.51277e-02
0.93042	2.52704e-02
0.93024	2.54118e-02
0.93005	2.55482e-02
0.92984	2.56925e-02
0.92963	2.58364e-02
0.92941	2.59796e-02
0.92919	2.61221e-02
0.92897	2.62635e-02
0.92874	2.64038e-02
0.92850	2.65428e-02
0.92887	2.56034e-02
0.92892	2.52592e-02
0.92880	2.51956e-02
0.92864	2.51949e-02
0.92848	2.52011e-02
0.92831	2.51949e-02
0.92814	2.51769e-02
0.92798	2.51459e-02
0.92783	2.51019e-02
0.92769	2.50463e-02
0.92755	2.49815e-02
0.92743	2.49111e-02
0.92731	2.48396e-02
0.92719	2.47718e-02
0.92705	2.47139e-02
0.92690	2.46693e-02
0.92739	2.42839e-02
0.92796	2.40597e-02
0.92803	2.40468e-02
0.92788	2.40795e-02
0.92767	2.41338e-02
0.92750	2.43917e-02
0.92726	2.45478e-02
0.92698	2.46797e-02
0.92668	2.48017e-02
0.92636	2.49168e-02
0.92602	2.50254e-02
0.92566	2.51273e-02
0.92529	2.52224e-02
0.92491	2.53105e-02
0.92452	2.53914e-02
0.92412	2.54652e-02
0.92372	2.55321e-02
0.92331	2.55921e-02
0.92289	2.56457e-02
0.92248	2.56932e-02
0.92206	2.57351e-02
0.92164	2.57719e-02
0.92122	2.58042e-02
0.92080	2.58326e-02
0.92039	2.58577e-02
0.91998	2.58803e-02
0.91957	2.59012e-02
0.91916	2.59210e-02
0.91876	2.59406e-02
0.91837	2.59608e-02
0.91798	2.59824e-02
0.91760	2.60061e-02
0.91722	2.60328e-02
0.91685	2.60633e-02
0.91649	2.60999e-02
0.91613	2.61413e-02
0.91578	2.61884e-02
0.91543	2.62417e-02
0.91510	2.63019e-02
0.91478	2.63695e-02
0.91447	2.64449e-02
0.91417	2.65287e-02
0.91388	2.66212e-02
0.91360	2.67226e-02
0.91334	2.68331e-02
0.91308	2.69528e-02
0.91284	2.70817e-02
0.91261	2.72197e-02
0.91239	2.73667e-02
0.91219	2.75224e-02
0.91199	2.76856e-02
0.91180	2.78566e-02
0.91163	2.80348e-02
0.91147	2.82196e-02
0.91132	2.84105e-02
0.91118	2.86067e-02
0.91106	2.88075e-02
0.91095	2.90121e-02
0.91138	2.95900e-02
0.91165	3.01240e-02
0.91172	3.05099e-02
0.91170	3.08059e-02
0.91165	3.10624e-02
0.91160	3.12995e-02
0.91155	3.15249e-02
0.91206	3.16713e-02
0.91254	3.18959e-02
0.91277	3.21353e-02
0.91288	3.23573e-02
0.91296	3.25668e-02
0.91304	3.27673e-02
0.91312	3.29601e-02
0.91321	3.31452e-02
0.91331	3.33223e-02
0.91342	3.34907e-02
0.91353	3.36466e-02
0.91363	3.37777e-02
0.91374	3.39037e-02
0.91387	3.40191e-02
0.91401	3.41247e-02
0.91418	3.42278e-02
0.91444	3.43618e-02
0.91497	3.46384e-02
0.91580	3.51462e-02
0.91646	3.55609e-02
0.91684	3.57276e-02
0.91710	3.57684e-02
0.91734	3.57525e-02
0.91756	3.57027e-02
0.91777	3.56270e-02
0.91838	3.51771e-02
0.91876	3.49240e-02
0.91901	3.47581e-02
0.91922	3.46134e-02
0.91941	3.44664e-02
0.91961	3.43101e-02
0.91981	3.41424e-02
0.92001	3.39629e-02
0.92021	3.37929e-02
0.92041	3.36118e-02
0.92063	3.34197e-02
0.92085	3.32168e-02
0.92107	3.30034e-02
0.92130	3.27783e-02
0.92154	3.25437e-02
0.92178	3.22936e-02
0.92203	3.20338e-02
0.92229	3.17648e-02
0.92255	3.14871e-02
0.92283	3.12016e-02
0.92312	3.09094e-02
0.92341	3.06118e-02
0.92370	3.03105e-02
0.92401	3.00074e-02
0.92431	2.97045e-02
0.92462	2.94040e-02
0.92493	2.91077e-02
0.92523	2.88176e-02
0.92553	2.85353e-02
0.92583	2.82622e-02
0.92612	2.79994e-02
0.92641	2.77478e-02
0.92669	2.75079e-02
0.92697	2.72803e-02
0.92723	2.70652e-02
0.92749	2.68626e-02
0.92774	2.66725e-02
0.92799	2.64947e-02
0.92822	2.63290e-02
0.92845	2.61750e-02
0.92867	2.60324e-02
0.92888	2.59006e-02
0.92908	2.57792e-02
0.92928	2.56677e-02
0.92946	2.55654e-02
0.92964	2.54718e-02
0.92981	2.53862e-02
0.92997	2.53080e-02
0.93012	2.52365e-02
0.93027	2.51712e-02
0.93040	2.51113e-02
0.93053	2.50563e-02
0.93064	2.50054e-02
0.93075	2.49582e-02
0.93085	2.49140e-02
0.93093	2.48723e-02
0.93101	2.48326e-02
0.93108	2.47943e-02
0.93133	2.49352e-02
0.93142	2.49387e-02
0.93147	2.49091e-02
0.93149	2.48696e-02
0.93149	2.48179e-02
0.93148	2.47617e-02
0.93145	2.47015e-02
0.93141	2.46377e-02
0.93135	2.45707e-02
0.93128	2.45008e-02
0.93119	2.44204e-02
0.93108	2.43368e-02
0.93096	2.42506e-02
0.93087	2.40727e-02
0.93071	2.39908e-02
0.93053	2.39338e-02
0.93032	2.38876e-02
0.93010	2.38488e-02
0.92987	2.38164e-02
0.92961	2.37902e-02
0.92934	2.37700e-02
0.92906	2.37562e-02
0.92876	2.37488e-02
0.92845	2.37481e-02
0.92812	2.37544e-02
0.92778	2.37679e-02
0.92743	2.37889e-02
0.92706	2.38177e-02
0.92667	2.38446e-02
0.92623	2.39066e-02
0.92578	2.39776e-02
0.92531	2.40579e-02
0.92483	2.41474e-02
0.92434	2.42462e-02
0.92384	2.43542e-02
0.92332	2.44715e-02
0.92279	2.45979e-02
0.92226	2.47332e-02
0.92171	2.48773e-02
0.92115	2.50299e-02
0.92059	2.51908e-02
0.92002	2.53596e-02
0.91943	2.55349e-02
0.91884	2.57165e-02
0.91824	2.59038e-02
0.91763	2.60964e-02
0.91702	2.62936e-02
0.91641	2.64948e-02
0.91579	2.66994e-02
0.91517	2.69068e-02
0.91453	2.71235e-02
0.91390	2.73422e-02
0.91326	2.75623e-02
0.91263	2.77831e-02
0.91199	2.80042e-02
0.91135	2.82282e-02
0.91071	2.84524e-02
0.91078	2.94728e-02
0.91046	3.00796e-02
0.90995	3.04418e-02
0.90938	3.07300e-02
0.90880	3.09941e-02
0.90822	3.12477e-02
0.90764	3.14951e-02
0.90707	3.17380e-02
0.90650	3.19839e-02
0.90593	3.22266e-02
0.90538	3.24662e-02
0.90483	3.27025e-02
0.90429	3.29357e-02
0.90376	3.31657e-02
0.90323	3.33926e-02
0.90272	3.36163e-02
0.90223	3.38370e-02
0.90172	3.40425e-02
0.90123	3.42445e-02
0.90075	3.44432e-02
0.90029	3.46387e-02
0.89984	3.48312e-02
0.89940	3.50207e-02
0.89898	3.52073e-02
0.89857	3.53910e-02
0.89818	3.55720e-02
0.89780	3.57503e-02
0.89744	3.59260e-02
0.89710	3.60991e-02
0.89677	3.62697e-02
0.89646	3.64378e-02
0.89617	3.66035e-02
0.89589	3.67533e-02
0.89562	3.69012e-02
0.89537	3.70471e-02
0.89514	3.71910e-02
0.89493	3.73326e-02
0.89473	3.74652e-02
0.89454	3.75952e-02
0.89438	3.77226e-02
0.89423	3.78473e-02
0.89410	3.79691e-02
0.89399	3.80879e-02
0.89389	3.81986e-02
0.89381	3.83042e-02
0.89374	3.84046e-02
0.89369	3.84993e-02
0.89419	3.87022e-02
0.89493	3.90590e-02
0.89533	3.93326e-02
0.89547	3.94772e-02
0.89555	3.95687e-02
0.89562	3.96371e-02
0.89568	3.96853e-02
0.89574	3.97216e-02
0.89582	3.97474e-02
0.89591	3.97629e-02
0.89600	3.97683e-02
0.89611	3.97635e-02
0.89623	3.97485e-02
0.89635	3.97231e-02
0.89649	3.96873e-02
0.89663	3.96410e-02
0.89678	3.95841e-02
0.89694	3.95166e-02
0.89711	3.94385e-02
0.89728	3.93498e-02
0.89746	3.92506e-02
0.89764	3.91409e-02
0.89783	3.90210e-02
0.89802	3.88909e-02
0.89821	3.87509e-02
0.89914	3.73269e-02
0.89966	3.66509e-02
0.89992	3.63902e-02
0.90012	3.62300e-02
0.90030	3.60897e-02
0.90048	3.59506e-02
0.90065	3.58077e-02
0.90082	3.56598e-02
0.90099	3.55066e-02
0.90116	3.53483e-02
0.90132	3.51854e-02
0.90148	3.50185e-02
0.90164	3.48481e-02
0.90179	3.46749e-02
0.90194	3.44997e-02
0.90208	3.43231e-02
0.90222	3.41459e-02
0.90235	3.39688e-02
0.90247	3.37926e-02
0.90259	3.36181e-02
0.90270	3.34460e-02
0.90280	3.32783e-02
0.90290	3.31147e-02
0.90298	3.29559e-02
0.90306	3.28016e-02
0.90312	3.26538e-02
0.90318	3.25186e-02
0.90322	3.23907e-02
0.90326	3.22706e-02
0.90336	3.22360e-02
0.90340	3.21472e-02
0.90340	3.20545e-02
0.90340	3.19681e-02
0.90338	3.18906e-02
0.90336	3.18230e-02
0.90332	3.17659e-02
0.90326	3.17268e-02
0.90320	3.17018e-02
0.90311	3.16907e-02
0.90302	3.16937e-02
0.90292	3.17109e-02
0.90280	3.17421e-02
0.90267	3.17777e-02
0.90252	3.18276e-02
0.90237	3.18917e-02
0.90219	3.19725e-02
0.90199	3.20817e-02
0.90178	3.22049e-02
0.90156	3.23409e-02
0.90132	3.24891e-02
0.90108	3.26483e-02
0.90082	3.28177e-02
0.90055	3.29964e-02
0.90027	3.31831e-02
0.89998	3.33769e-02
0.89968	3.35768e-02
0.89937	3.37814e-02
0.89905	3.39899e-02
0.89872	3.42009e-02
0.89839	3.44135e-02
0.89804	3.46264e-02
0.89769	3.48385e-02
0.89733	3.50489e-02
0.89697	3.52563e-02
0.89660	3.54598e-02
0.89622	3.56584e-02
0.89584	3.58510e-02
0.89546	3.60368e-02
0.89507	3.62148e-02
0.89468	3.63842e-02
0.89429	3.65441e-02
0.89388	3.66913e-02
0.89346	3.68272e-02
0.89305	3.69510e-02
0.89263	3.70621e-02
0.89221	3.71598e-02
0.89179	3.72437e-02
0.89138	3.73131e-02
0.89096	3.73677e-02
0.89054	3.74071e-02
0.89013	3.74308e-02
0.89020	3.79684e-02
0.89048	3.88124e-02
0.89042	3.92731e-02
0.89014	3.94251e-02
0.88979	3.94629e-02
0.88943	3.94492e-02
0.88906	3.94020e-02
0.88869	3.93277e-02
0.88832	3.92294e-02
0.88795	3.91087e-02
0.88759	3.89668e-02
0.88724	3.88046e-02
0.88690	3.86229e-02
0.88656	3.84225e-02
0.88623	3.82040e-02
0.88591	3.79683e-02
0.88560	3.77161e-02
0.88530	3.74483e-02
0.88501	3.71657e-02
0.88473	3.68692e-02
0.88447	3.65598e-02
0.88421	3.62385e-02
0.88397	3.59062e-02
0.88375	3.55640e-02
0.88354	3.52131e-02
0.88334	3.48545e-02
0.88315	3.44895e-02
0.88296	3.41085e-02
0.88276	3.37623e-02
0.88257	3.34143e-02
0.88240	3.30658e-02
0.88224	3.27177e-02
0.88209	3.23714e-02
0.88196	3.20278e-02
0.88183	3.16907e-02
0.88172	3.13583e-02
0.88163	3.10318e-02
0.88155	3.07123e-02
0.88149	3.04006e-02
0.88141	3.00870e-02
0.88278	2.76488e-02
0.88361	2.61274e-02
0.88395	2.53458e-02
0.88494	2.53579e-02
0.88572	2.54216e-02
0.88607	2.51564e-02
0.88631	2.48034e-02
0.88653	2.44640e-02
0.88674	2.41634e-02
0.88694	2.39096e-02
0.88714	2.37050e-02
0.88732	2.35491e-02
0.88748	2.34389e-02
0.88763	2.33704e-02
0.88776	2.33388e-02
0.88787	2.33325e-02
0.88796	2.33523e-02
0.88805	2.33944e-02
0.88812	2.34556e-02
0.88818	2.35330e-02
0.88824	2.36241e-02
0.88829	2.37213e-02
0.88835	2.38279e-02
0.88840	2.39425e-02
0.88845	2.40634e-02
0.88850	2.41891e-02
0.88856	2.43184e-02
0.88862	2.44497e-02
0.88868	2.45818e-02
0.88874	2.47137e-02
0.88882	2.48441e-02
0.88889	2.49722e-02
0.88897	2.50971e-02
0.88906	2.52180e-02
0.88972	2.44566e-02
0.89046	2.37212e-02
0.89075	2.35806e-02
0.89087	2.36249e-02
0.89095	2.37084e-02
0.89102	2.38023e-02
0.89108	2.39000e-02
0.89114	2.39987e-02
0.89119	2.40974e-02
0.89124	2.41952e-02
0.89129	2.42920e-02
0.89133	2.44023e-02
0.89137	2.45146e-02
0.89141	2.46292e-02
0.89144	2.47467e-02
0.89147	2.48678e-02
0.89150	2.49932e-02
0.89151	2.51266e-02
0.89153	2.52660e-02
0.89154	2.54122e-02
0.89155	2.55663e-02
0.89155	2.57293e-02
0.89155	2.59072e-02
0.89155	2.60955e-02
0.89154	2.62950e-02
0.89214	2.69591e-02
0.89285	2.78130e-02
0.89313	2.83390e-02
0.89323	2.87146e-02
0.89326	2.90486e-02
0.89327	2.93733e-02
0.89326	2.96991e-02
0.89323	3.00303e-02
0.89318	3.03695e-02
0.89313	3.07179e-02
0.89306	3.10764e-02
0.89299	3.14454e-02
0.89290	3.18253e-02
0.89280	3.22159e-02
0.89270	3.26170e-02
0.89259	3.30284e-02
0.89247	3.34496e-02
0.89234	3.38799e-02
0.89220	3.43188e-02
0.89204	3.47541e-02
0.89187	3.51945e-02
0.89170	3.56395e-02
0.89151	3.60882e-02
0.89131	3.65398e-02
0.89111	3.69932e-02
0.89089	3.74474e-02
0.89067	3.79014e-02
0.89044	3.83542e-02
0.89019	3.88067e-02
0.88993	3.92616e-02
0.88965	3.97158e-02
0.88936	4.01667e-02
0.88905	4.06125e-02
0.88873	4.10516e-02
0.88840	4.14747e-02
0.88868	4.25245e-02
0.88855	4.31797e-02
0.88824	4.36329e-02
0.88787	4.40190e-02
0.88747	4.43730e-02
0.88707	4.47032e-02
0.88664	4.50152e-02
0.88620	4.53059e-02
0.88575	4.55752e-02
0.88530	4.58226e-02
0.88483	4.60479e-02
0.88450	4.61255e-02
0.88410	4.62342e-02
0.88367	4.63408e-02
0.88323	4.64324e-02
0.88278	4.65055e-02
0.88232	4.65583e-02
0.88185	4.65895e-02
0.88138	4.65984e-02
0.88090	4.65844e-02
0.88042	4.65469e-02
0.87993	4.64950e-02
0.87944	4.64226e-02
0.87894	4.63296e-02
0.87844	4.62157e-02
0.87794	4.60810e-02
0.87744	4.59255e-02
0.87693	4.57494e-02
0.87642	4.55529e-02
0.87592	4.53363e-02
0.87541	4.50998e-02
0.87490	4.48439e-02
0.87440	4.45689e-02
0.87389	4.42754e-02
0.87339	4.39639e-02
0.87289	4.36347e-02
0.87239	4.32886e-02
0.87190	4.29262e-02
0.87140	4.25480e-02
0.87092	4.21548e-02
0.87042	4.17614e-02
0.86992	4.13572e-02
0.86943	4.09424e-02
0.86894	4.05177e-02
0.86846	4.00839e-02
0.86798	3.96417e-02
0.86750	3.91920e-02
0.86703	3.87354e-02
0.86657	3.82729e-02
0.86610	3.78052e-02
0.86565	3.73332e-02
0.86520	3.68578e-02
0.86476	3.63798e-02
0.86432	3.58999e-02
0.86390	3.54191e-02
0.86347	3.49382e-02
0.86306	3.44579e-02
0.86265	3.39750e-02
0.86224	3.34942e-02
0.86184	3.30163e-02
0.86144	3.25424e-02
0.86106	3.20731e-02
0.86068	3.16093e-02
0.86029	3.11784e-02
0.85991	3.07553e-02
0.85954	3.03402e-02
0.85917	2.99247e-02
0.85880	2.95125e-02
0.85844	2.91073e-02
0.85809	2.87097e-02
0.85775	2.83205e-02
0.85742	2.79401e-02
0.85710	2.75690e-02
0.85679	2.72078e-02
0.85649	2.68569e-02
0.85619	2.65175e-02
0.85590	2.61889e-02
0.85574	2.57230e-02
0.85551	2.53713e-02
0.85527	2.50534e-02
0.85504	2.47536e-02
0.85481	2.44682e-02
0.85460	2.41961e-02
0.85440	2.39366e-02
0.85420	2.36910e-02
0.85401	2.34573e-02
0.85384	2.32352e-02
0.85367	2.30243e-02
0.85352	2.28243e-02
0.85337	2.26350e-02
0.85324	2.24559e-02
0.85312	2.22869e-02
0.85301	2.21275e-02
0.85291	2.19776e-02
0.85282	2.18367e-02
0.85274	2.17046e-02
0.85268	2.15812e-02
0.85262	2.14662e-02
0.85257	2.13594e-02
0.85253	2.12462e-02
0.85287	2.10683e-02
0.85306	2.09630e-02
0.85320	2.08853e-02
0.85333	2.08258e-02
0.85345	2.07823e-02
0.85358	2.07542e-02
0.85371	2.07412e-02
0.85384	2.07431e-02
0.85398	2.07599e-02
0.85413	2.07916e-02
0.85427	2.08142e-02
0.85472	2.06753e-02
0.85538	2.04585e-02
0.85604	2.02899e-02
0.85655	2.01805e-02
0.85697	2.00928e-02
0.85734	2.00109e-02
0.85769	1.99299e-02
0.85805	1.98479e-02
0.85841	1.97642e-02
0.85878	1.96781e-02
0.85913	1.95840e-02
0.85949	1.94874e-02
0.85984	1.93886e-02
0.86019	1.92881e-02
0.86053	1.91866e-02
0.86086	1.90848e-02
0.86118	1.89837e-02
0.86149	1.88845e-02
0.86187	1.87800e-02
0.86259	1.86916e-02
0.86356	1.87927e-02
0.86425	1.89298e-02
0.86467	1.89712e-02
0.86562	1.79607e-02
0.86624	1.74399e-02
0.86665	1.72046e-02
0.86698	1.70657e-02
0.86728	1.69670e-02
0.86756	1.68983e-02
0.86783	1.68603e-02
0.86809	1.68563e-02
0.86834	1.68897e-02
0.86859	1.69634e-02
0.86882	1.70794e-02
0.86904	1.72387e-02
0.86925	1.74414e-02
0.87006	1.85249e-02
0.87092	1.98647e-02
0.87140	2.06546e-02
0.87166	2.11303e-02
0.87186	2.15249e-02
0.87202	2.19037e-02
0.87215	2.22824e-02
0.87226	2.26592e-02
0.87235	2.30389e-02
0.87243	2.34201e-02
0.87254	2.38236e-02
0.87262	2.42216e-02
0.87268	2.46137e-02
0.87271	2.49978e-02
0.87273	2.53722e-02
0.87273	2.57349e-02
0.87270	2.60874e-02
0.87266	2.64260e-02
0.87261	2.67491e-02
0.87254	2.70557e-02
0.87245	2.73444e-02
0.87236	2.76142e-02
0.87225	2.78644e-02
0.87213	2.80940e-02
0.87200	2.83022e-02
0.87186	2.84886e-02
0.87171	2.86525e-02
0.87155	2.87935e-02
0.87123	2.88277e-02
0.87101	2.88970e-02
0.87099	2.90621e-02
0.87121	2.93839e-02
0.87153	2.98047e-02
0.87174	3.01749e-02
0.87182	3.04410e-02
0.87182	3.06184e-02
0.87176	3.07339e-02
0.87167	3.08008e-02
0.87156	3.08258e-02
0.87142	3.08120e-02
0.87126	3.07616e-02
0.87108	3.06759e-02
0.87089	3.05559e-02
0.87068	3.04028e-02
0.87045	3.02176e-02
0.87021	3.00016e-02
0.86996	2.97560e-02
0.86969	2.94831e-02
0.86941	2.91834e-02
0.86912	2.88585e-02
0.86882	2.85099e-02
0.86851	2.81396e-02
0.86819	2.77493e-02
0.86786	2.73372e-02
0.86751	2.69090e-02
0.86716	2.64669e-02
0.86681	2.60130e-02
0.86645	2.55497e-02
0.86608	2.50796e-02
0.86571	2.46051e-02
0.86534	2.41291e-02
0.86496	2.36544e-02
0.86458	2.31840e-02
0.86420	2.27209e-02
0.86376	2.23436e-02
0.86341	2.18434e-02
0.86336	2.10183e-02
0.86362	2.00226e-02
0.86376	1.93962e-02
0.86365	1.90718e-02
0.86343	1.88818e-02
0.86317	1.87736e-02
0.86288	1.87311e-02
0.86258	1.87472e-02
0.86227	1.88172e-02
0.86195	1.89370e-02
0.86163	1.91032e-02
0.86130	1.93124e-02
0.86098	1.95612e-02
0.86065	1.98463e-02
0.86033	2.01644e-02
0.86001	2.05121e-02
0.85969	2.08861e-02
0.85937	2.12832e-02
0.85907	2.17002e-02
0.85876	2.21337e-02
0.85846	2.25809e-02
0.85814	2.30777e-02
0.85783	2.35810e-02
0.85752	2.40875e-02
0.85723	2.45943e-02
0.85694	2.50991e-02
0.85666	2.55997e-02
0.85638	2.60940e-02
0.85612	2.65802e-02
0.85587	2.70566e-02
0.85562	2.75216e-02
0.85539	2.79736e-02
0.85516	2.84177e-02
0.85493	2.88473e-02
0.85470	2.92370e-02
0.85447	2.96071e-02
0.85425	2.99567e-02
0.85404	3.02850e-02
0.85384	3.05911e-02
0.85364	3.08744e-02
0.85345	3.11342e-02
0.85326	3.13668e-02
0.85308	3.15750e-02
0.85290	3.17583e-02
0.85273	3.19292e-02
0.85256	3.20771e-02
0.85240	3.22013e-02
0.85224	3.23016e-02
0.85209	3.23778e-02
0.85195	3.24299e-02
0.85181	3.24579e-02
0.85168	3.24622e-02
0.85155	3.24431e-02
0.85143	3.24009e-02
0.85132	3.23362e-02
0.85121	3.22495e-02
0.85111	3.21415e-02
0.85101	3.20128e-02
0.85092	3.18643e-02
0.85083	3.16967e-02
0.85075	3.15110e-02
0.85067	3.13082e-02
0.85059	3.10911e-02
0.85050	3.08587e-02
0.85042	3.06119e-02
0.85034	3.03516e-02
0.85026	3.00787e-02
0.85018	2.97942e-02
0.85011	2.94991e-02
0.85022	2.92217e-02
0.85034	2.89572e-02
0.85046	2.87067e-02
0.85057	2.84697e-02
0.85067	2.82439e-02
0.85076	2.80264e-02
0.85084	2.78140e-02
0.85090	2.76035e-02
0.85094	2.73924e-02
0.85097	2.71785e-02
0.85180	2.55148e-02
0.85217	2.46657e-02
0.85229	2.41711e-02
0.85233	2.37696e-02
0.85235	2.33886e-02
0.85234	2.30090e-02
0.85233	2.26244e-02
0.85231	2.22328e-02
0.85229	2.18371e-02
0.85226	2.14349e-02
0.85223	2.10264e-02
0.85220	2.06144e-02
0.85218	2.02014e-02
0.85215	1.97905e-02
0.85213	1.93852e-02
0.85211	1.89892e-02
0.85209	1.86066e-02
0.85206	1.82410e-02
0.85204	1.78959e-02
0.85200	1.75725e-02
0.85194	1.72737e-02
0.85187	1.70029e-02
0.85180	1.67609e-02
0.85173	1.65478e-02
0.85164	1.63495e-02
0.85154	1.61789e-02
0.85144	1.60348e-02
0.85134	1.59152e-02
0.85119	1.58862e-02
0.85104	1.58857e-02
0.85088	1.59096e-02
0.85072	1.59547e-02
0.85055	1.60179e-02
0.85038	1.60969e-02
0.85020	1.61891e-02
0.85002	1.62923e-02
0.84983	1.64045e-02
0.84965	1.65238e-02
0.84946	1.66485e-02
0.84928	1.67768e-02
0.84909	1.69075e-02
0.84890	1.70391e-02
0.84871	1.71706e-02
0.84853	1.73009e-02
0.84834	1.74290e-02
0.84816	1.75544e-02
0.84798	1.76763e-02
0.84780	1.77943e-02
0.84762	1.79080e-02
0.84744	1.80172e-02
0.84727	1.81218e-02
0.84710	1.82122e-02
0.84693	1.82978e-02
0.84676	1.83791e-02
0.84660	1.84566e-02
0.84643	1.85472e-02
0.84626	1.86361e-02
0.84609	1.87238e-02
0.84593	1.88108e-02
0.84578	1.88976e-02
0.84563	1.89849e-02
0.84548	1.90733e-02
0.84533	1.91447e-02
0.84519	1.92181e-02
0.84505	1.92948e-02
0.84490	1.93731e-02
0.84476	1.94572e-02
0.84463	1.95483e-02
0.84450	1.96476e-02
0.84438	1.97561e-02
0.84426	1.98748e-02
0.84415	2.00046e-02
0.84404	2.01464e-02
0.84394	2.03010e-02
0.84384	2.04690e-02
0.84375	2.06509e-02
0.84367	2.08472e-02
0.84359	2.10583e-02
0.84352	2.12841e-02
0.84392	2.11160e-02
0.84459	2.09277e-02
0.84490	2.10769e-02
0.84500	2.13508e-02
0.84503	2.16634e-02
0.84505	2.19983e-02
0.84505	2.23508e-02
0.84505	2.27185e-02
0.84505	2.30996e-02
0.84505	2.34927e-02
0.84505	2.38961e-02
0.84505	2.43087e-02
0.84505	2.47290e-02
0.84506	2.51533e-02
0.84534	2.55477e-02
0.84605	2.60174e-02
0.84656	2.65928e-02
0.84673	2.71041e-02
0.84678	2.75721e-02
0.84679	2.80228e-02
0.84678	2.84640e-02
0.84675	2.89115e-02
0.84672	2.93541e-02
0.84666	2.97850e-02
0.84660	3.02084e-02
0.84653	3.06238e-02
0.84646	3.10303e-02
0.84639	3.14272e-02
0.84631	3.18137e-02
0.84623	3.21863e-02
0.84614	3.25469e-02
0.84605	3.28948e-02
0.84596	3.32294e-02
0.84587	3.35500e-02
0.84578	3.38561e-02
0.84568	3.41470e-02
0.84558	3.44223e-02
0.84548	3.46815e-02
0.84538	3.49242e-02
0.84528	3.51501e-02
0.84517	3.53561e-02
0.84505	3.55510e-02
0.84492	3.57284e-02
0.84480	3.58879e-02
0.84467	3.60294e-02
0.84454	3.61529e-02
0.84441	3.62585e-02
0.84427	3.63462e-02
0.84414	3.64163e-02
0.84400	3.64689e-02
0.84387	3.65045e-02
0.84373	3.65235e-02
0.84359	3.65261e-02
0.84345	3.65130e-02
0.84331	3.64846e-02
0.84316	3.64416e-02
0.84302	3.63846e-02
0.84288	3.63143e-02
0.84273	3.62314e-02
0.84259	3.61367e-02
0.84244	3.60309e-02
0.84230	3.59150e-02
0.84215	3.57898e-02
0.84201	3.56562e-02
0.84187	3.55152e-02
0.84172	3.53676e-02
0.84158	3.52146e-02
0.84144	3.50570e-02
0.84130	3.48958e-02
0.84116	3.47321e-02
0.84102	3.45669e-02
0.84089	3.44010e-02
0.84075	3.42355e-02
0.84062	3.40714e-02
0.84049	3.39094e-02
0.84036	3.37506e-02
0.84020	3.35771e-02
0.84003	3.34079e-02
0.83986	3.32447e-02
0.83969	3.30887e-02
0.83952	3.29411e-02
0.83935	3.28030e-02
0.83918	3.26751e-02
0.83973	3.26860e-02
0.84003	3.27265e-02
0.84003	3.26916e-02
0.83993	3.26366e-02
0.83980	3.25816e-02
0.83965	3.25340e-02
0.83950	3.24963e-02
0.83934	3.24695e-02
0.83918	3.24539e-02
0.83902	3.24498e-02
0.83885	3.24571e-02
0.83868	3.24754e-02
0.83851	3.25045e-02
0.83834	3.25438e-02
0.83817	3.25927e-02
0.83800	3.26503e-02
0.83782	3.27158e-02
0.83765	3.27858e-02
0.83747	3.28616e-02
0.83729	3.29422e-02
0.83712	3.30264e-02
0.83694	3.31130e-02
0.83677	3.32010e-02
0.83660	3.32888e-02
0.83642	3.33754e-02
0.83625	3.34563e-02
0.83607	3.35333e-02
0.83590	3.36053e-02
0.83572	3.36709e-02
0.83555	3.37291e-02
0.83538	3.37786e-02
0.83521	3.38183e-02
0.83504	3.38472e-02
0.83488	3.38643e-02
0.83472	3.38687e-02
0.83456	3.38595e-02
0.83440	3.38359e-02
0.83424	3.37973e-02
0.83403	3.37659e-02
0.83379	3.37085e-02
0.83354	3.36258e-02
0.83328	3.35231e-02
0.83302	3.34000e-02
0.83276	3.32562e-02
0.83251	3.30915e-02
0.83225	3.29060e-02
0.83197	3.26693e-02
0.83169	3.24105e-02
0.83141	3.21307e-02
0.83112	3.18306e-02
0.83084	3.15113e-02
0.83054	3.11646e-02
0.83024	3.07997e-02
0.82994	3.04178e-02
0.82964	3.00185e-02
0.82934	2.96050e-02
0.82904	2.91791e-02
0.82876	2.87169e-02
0.82847	2.82624e-02
0.82817	2.78077e-02
0.82787	2.73515e-02
0.82757	2.68945e-02
0.82727	2.64383e-02
0.82696	2.59846e-02
0.82666	2.55357e-02
0.82636	2.50940e-02
0.82606	2.46619e-02
0.82576	2.42421e-02
0.82547	2.38372e-02
0.82517	2.34499e-02
0.82488	2.30829e-02
0.82459	2.27388e-02
0.82430	2.24201e-02
0.82402	2.21291e-02
0.82373	2.18681e-02
0.82345	2.16388e-02
0.82318	2.14428e-02
0.82290	2.12813e-02
0.82263	2.11552e-02
0.82236	2.10649e-02
0.82210	2.10104e-02
0.82183	2.09912e-02
0.82158	2.10065e-02
0.82132	2.10550e-02
0.82107	2.11351e-02
0.82082	2.12449e-02
0.82056	2.13726e-02
0.82031	2.15234e-02
0.82006	2.16953e-02
0.81981	2.18858e-02
0.81956	2.20923e-02
0.81932	2.23122e-02
0.81908	2.25429e-02
0.81939	2.31190e-02
0.81938	2.35971e-02
0.81924	2.39948e-02
0.81906	2.43610e-02
0.81886	2.47088e-02
0.81866	2.50401e-02
0.81844	2.53546e-02
0.81822	2.56516e-02
0.81799	2.59232e-02
0.81776	2.61768e-02
0.81751	2.64329e-02
0.81725	2.66701e-02
0.81699	2.68879e-02
0.81672	2.70861e-02
0.81646	2.72645e-02
0.81620	2.74233e-02
0.81594	2.75625e-02
0.81568	2.76822e-02
0.81543	2.77825e-02
0.81517	2.78638e-02
0.81491	2.79261e-02
0.81466	2.79699e-02
0.81440	2.79955e-02
0.81415	2.80033e-02
0.81389	2.80012e-02
0.81363	2.79847e-02
0.81337	2.79540e-02
0.81311	2.79094e-02
0.81285	2.78515e-02
0.81258	2.77807e-02
0.81232	2.76977e-02
0.81206	2.76031e-02
0.81178	2.75013e-02
0.81151	2.73894e-02
0.81124	2.72683e-02
0.81097	2.71389e-02
0.81070	2.70020e-02
0.81042	2.68586e-02
0.81015	2.67098e-02
0.80988	2.65566e-02
0.80961	2.64001e-02
0.80934	2.62416e-02
0.80907	2.60823e-02
0.80881	2.59233e-02
0.80854	2.57660e-02
0.80826	2.56164e-02
0.80798	2.54711e-02
0.80770	2.53313e-02
0.80743	2.51983e-02
0.80715	2.50735e-02
0.80688	2.49583e-02
0.80661	2.48541e-02
0.80634	2.47625e-02
0.80610	2.46722e-02
0.80585	2.46028e-02
0.80561	2.45537e-02
0.80536	2.45249e-02
0.80512	2.45171e-02
0.80488	2.45380e-02
0.80463	2.45808e-02
0.80440	2.46460e-02
0.80417	2.47342e-02
0.80394	2.48319e-02
0.80371	2.49533e-02
0.80347	2.51603e-02
0.80323	2.54001e-02
0.80299	2.56712e-02
0.80276	2.59728e-02
0.80254	2.63041e-02
0.80233	2.66643e-02
0.80212	2.70524e-02
0.80192	2.74674e-02
0.80173	2.79080e-02
0.80155	2.83729e-02
0.80138	2.88608e-02
0.80122	2.93701e-02
0.80106	2.98994e-02
0.80092	3.04470e-02
0.80079	3.10114e-02
0.80067	3.15909e-02
0.80055	3.21839e-02
0.80045	3.27887e-02
0.80036	3.34037e-02
0.80028	3.40274e-02
0.80021	3.46581e-02
0.80015	3.52942e-02
0.80010	3.59342e-02
0.80007	3.65766e-02
0.80004	3.72199e-02
0.80002	3.78627e-02
0.80002	3.85034e-02
0.80003	3.91408e-02
0.80004	3.97735e-02
0.80006	4.04022e-02
0.80008	4.10237e-02
0.80012	4.16366e-02
0.80016	4.22399e-02
0.80021	4.28322e-02
0.80028	4.34124e-02
0.80035	4.39794e-02
0.80041	4.45378e-02
0.80048	4.50815e-02
0.80055	4.56096e-02
0.80063	4.61208e-02
0.80072	4.66140e-02
0.80079	4.70839e-02
0.80086	4.75340e-02
0.80094	4.79635e-02
0.80103	4.83715e-02
0.80112	4.87571e-02
0.80170	4.89685e-02
0.80254	4.91548e-02
0.80305	4.93855e-02
0.80329	4.96214e-02
0.80344	4.98357e-02
0.80356	5.00243e-02
0.80367	5.01864e-02
0.80377	5.03213e-02
0.80387	5.04288e-02
0.80396	5.05086e-02
0.80406	5.05605e-02
0.80415	5.05842e-02
0.80438	5.05211e-02
0.80504	5.02913e-02
0.80564	5.00799e-02
0.80588	4.99354e-02
0.80598	4.97868e-02
0.80603	4.96153e-02
0.80605	4.94176e-02
0.80606	4.91933e-02
0.80607	4.89428e-02
0.80606	4.86668e-02
0.80604	4.83659e-02
0.80601	4.80410e-02
0.80597	4.76931e-02
0.80593	4.73232e-02
0.80588	4.69325e-02
0.80581	4.65221e-02
0.80575	4.60933e-02
0.80567	4.56475e-02
0.80559	4.51863e-02
0.80550	4.47110e-02
0.80540	4.42235e-02
0.80529	4.37252e-02
0.80517	4.32181e-02
0.80501	4.27611e-02
0.80482	4.23023e-02
0.80462	4.18403e-02
0.80440	4.13763e-02
0.80418	4.09117e-02
0.80394	4.04482e-02
0.80370	3.99875e-02
0.80345	3.95313e-02
0.80319	3.90815e-02
0.80292	3.86398e-02
0.80264	3.82078e-02
0.80235	3.77872e-02
0.80223	3.73615e-02
0.80227	3.73547e-02
0.80223	3.73053e-02
0.80216	3.72429e-02
0.80205	3.71784e-02
0.80193	3.71166e-02
0.80178	3.70604e-02
0.80160	3.70272e-02
0.80141	3.70028e-02
0.80121	3.69879e-02
0.80099	3.69829e-02
0.80076	3.69880e-02
0.80051	3.70033e-02
0.80026	3.70286e-02
0.80000	3.70636e-02
0.79973	3.71081e-02
0.79944	3.71570e-02
0.79914	3.72137e-02
0.79884	3.72775e-02
0.79854	3.73483e-02
0.79823	3.74257e-02
0.79792	3.75095e-02
0.79761	3.75997e-02
0.79730	3.76966e-02
0.79699	3.78003e-02
0.79669	3.79116e-02
0.79639	3.80308e-02
0.79611	3.81586e-02
0.79584	3.82951e-02
0.79557	3.84402e-02
0.79532	3.85925e-02
0.79508	3.87498e-02
0.79485	3.89081e-02
0.79463	3.90623e-02
0.79442	3.92058e-02
0.79420	3.93319e-02
0.79398	3.94334e-02
0.79376	3.95042e-02
0.79353	3.95396e-02
0.79329	3.95365e-02
0.79305	3.94933e-02
0.79279	3.94100e-02
0.79253	3.92879e-02
0.79226	3.91312e-02
0.79198	3.89408e-02
0.79169	3.87428e-02
0.79140	3.85224e-02
0.79111	3.82822e-02
0.79082	3.80247e-02
0.79053	3.77527e-02
0.79025	3.74687e-02
0.78997	3.71750e-02
0.78970	3.68742e-02
0.78942	3.65570e-02
0.78915	3.62379e-02
0.78888	3.59191e-02
0.78862	3.56144e-02
0.78837	3.53193e-02
0.78812	3.50353e-02
0.78789	3.47641e-02
0.78766	3.45074e-02
0.78745	3.42669e-02
0.78725	3.40442e-02
0.78703	3.38422e-02
0.78682	3.36610e-02
0.78661	3.35017e-02
0.78642	3.33654e-02
0.78669	3.29922e-02
0.78714	3.27117e-02
0.78730	3.26694e-02
0.78728	3.27249e-02
0.78722	3.28273e-02
0.78715	3.29664e-02
0.78708	3.31383e-02
0.78700	3.33405e-02
0.78694	3.35707e-02
0.78688	3.38266e-02
0.78682	3.41058e-02
0.78676	3.43832e-02
0.78670	3.46772e-02
0.78665	3.49866e-02
0.78660	3.53093e-02
0.78656	3.56432e-02
0.78653	3.59860e-02
0.78650	3.63354e-02
0.78647	3.66891e-02
0.78645	3.70447e-02
0.78644	3.74000e-02
0.78643	3.77500e-02
0.78696	3.90330e-02
0.78714	3.96842e-02
0.78719	4.00999e-02
0.78721	4.04494e-02
0.78723	4.07700e-02
0.78725	4.10697e-02
0.78726	4.13500e-02
0.78728	4.16110e-02
0.78730	4.18525e-02
0.78732	4.20739e-02
0.78734	4.22750e-02
0.78735	4.24610e-02
0.78735	4.26263e-02
0.78736	4.27704e-02
0.78737	4.28928e-02
0.78738	4.29934e-02
0.78740	4.30717e-02
0.78741	4.31277e-02
0.78742	4.31613e-02
0.78743	4.31725e-02
0.78744	4.31616e-02
0.78746	4.31288e-02
0.78747	4.30744e-02
0.78748	4.29988e-02
0.78749	4.29027e-02
0.78750	4.27868e-02
0.78750	4.26517e-02
0.78750	4.25047e-02
0.78748	4.23447e-02
0.78746	4.21715e-02
0.78743	4.19854e-02
0.78740	4.17873e-02
0.78735	4.15779e-02
0.78730	4.13584e-02
0.78725	4.11299e-02
0.78719	4.08938e-02
0.78712	4.06514e-02
0.78705	4.04042e-02
0.78697	4.01539e-02
0.78688	3.99022e-02
0.78679	3.96506e-02
0.78669	3.94010e-02
0.78658	3.91552e-02
0.78647	3.89149e-02
0.78635	3.86820e-02
0.78622	3.84582e-02
0.78609	3.82455e-02
0.78594	3.80454e-02
0.78580	3.78596e-02
0.78564	3.76899e-02
0.78548	3.75377e-02
0.78531	3.74044e-02
0.78513	3.72912e-02
0.78495	3.71995e-02
0.78474	3.71259e-02
0.78452	3.70742e-02
0.78429	3.70449e-02
0.78405	3.70385e-02
0.78380	3.70553e-02
0.78355	3.70954e-02
0.78328	3.71587e-02
0.78301	3.72449e-02
0.78273	3.73535e-02
0.78244	3.74841e-02
0.78212	3.76273e-02
0.78179	3.77879e-02
0.78144	3.79641e-02
0.78107	3.81567e-02
0.78070	3.83642e-02
0.78031	3.85854e-02
0.77991	3.88192e-02
0.77951	3.90643e-02
0.77910	3.93194e-02
0.77867	3.95833e-02
0.77824	3.98675e-02
0.77779	4.01602e-02
0.77734	4.04600e-02
0.77688	4.07656e-02
0.77649	4.10989e-02
0.77624	4.14721e-02
0.77605	4.18657e-02
0.77584	4.22548e-02
0.77559	4.26308e-02
0.77531	4.29972e-02
0.77503	4.33592e-02
0.77474	4.37205e-02
0.77445	4.40839e-02
0.77417	4.44510e-02
0.77390	4.48231e-02
0.77363	4.52009e-02
0.77337	4.55843e-02
0.77311	4.59729e-02
0.77284	4.63658e-02
0.77257	4.67618e-02
0.77229	4.71595e-02
0.77201	4.75571e-02
0.77171	4.79530e-02
0.77139	4.83449e-02
0.77107	4.87308e-02
0.77068	4.91579e-02
0.77025	4.95442e-02
0.76979	4.99171e-02
0.76931	5.02738e-02
0.76881	5.06119e-02
0.76828	5.09299e-02
0.76774	5.12266e-02
0.76717	5.15017e-02
0.76657	5.17557e-02
0.76597	5.19891e-02
0.76534	5.22031e-02
0.76470	5.23989e-02
0.76403	5.25654e-02
0.76334	5.27158e-02
0.76264	5.28515e-02
0.76194	5.29742e-02
0.76123	5.30848e-02
0.76052	5.31844e-02
0.75980	5.32738e-02
0.75909	5.33538e-02
0.75837	5.34247e-02
0.75794	5.32483e-02
0.75745	5.31337e-02
0.75695	5.30377e-02
0.75644	5.29499e-02
0.75594	5.28700e-02
0.75542	5.27996e-02
0.75490	5.27398e-02
0.75433	5.26576e-02
0.75374	5.25826e-02
0.75313	5.25132e-02
0.75250	5.24474e-02
0.75186	5.23829e-02
0.75120	5.23176e-02
0.75053	5.22494e-02
0.74986	5.21767e-02
0.74918	5.20983e-02
0.74850	5.20129e-02
0.74782	5.19200e-02
0.74715	5.18189e-02
0.74649	5.17091e-02
0.74583	5.15906e-02
0.74518	5.14631e-02
0.74455	5.13266e-02
0.74393	5.11812e-02
0.74333	5.10271e-02
0.74274	5.08644e-02
0.74217	5.06934e-02
0.74159	5.04652e-02
0.74101	5.02247e-02
0.74046	4.99727e-02
0.73993	4.97101e-02
0.73942	4.94376e-02
0.73893	4.91559e-02
0.73846	4.88656e-02
0.73799	4.85922e-02
0.73754	4.83150e-02
0.73711	4.80341e-02
0.73671	4.77499e-02
0.73633	4.74628e-02
0.73597	4.71734e-02
0.73564	4.68820e-02
0.73533	4.65893e-02
0.73505	4.62958e-02
0.73479	4.60020e-02
0.73472	4.57690e-02
0.73463	4.55308e-02
0.73456	4.53008e-02
0.73467	4.48324e-02
0.73477	4.44303e-02
0.73486	4.40725e-02
0.73495	4.37628e-02
0.73503	4.34934e-02
0.73511	4.32568e-02
0.73518	4.30455e-02
0.73520	4.28601e-02
0.73521	4.26874e-02
0.73522	4.25227e-02
0.73524	4.23622e-02
0.73525	4.22030e-02
0.73527	4.20431e-02
0.73530	4.18811e-02
0.73533	4.17164e-02
0.73538	4.15488e-02
0.73544	4.13786e-02
0.73551	4.12062e-02
0.73560	4.10326e-02
0.73571	4.08589e-02
0.73583	4.06863e-02
0.73597	4.05162e-02
0.73613	4.03501e-02
0.73631	4.01895e-02
0.73650	4.00360e-02
0.73672	3.98913e-02
0.73696	3.97568e-02
0.73722	3.96343e-02
0.73749	3.95253e-02
0.73779	3.94312e-02
0.73810	3.93537e-02
0.73844	3.92940e-02
0.73879	3.92534e-02
0.73915	3.92330e-02
0.73954	3.92342e-02
0.73994	3.92578e-02
0.74035	3.93048e-02
0.74078	3.93758e-02
0.74123	3.94715e-02
0.74169	3.95922e-02
0.74216	3.97382e-02
0.74265	3.99096e-02
0.74314	4.01064e-02
0.74365	4.03284e-02
0.74415	4.05781e-02
0.74467	4.08517e-02
0.74519	4.11486e-02
0.74572	4.14680e-02
0.74620	4.17489e-02
0.74668	4.20488e-02
0.74716	4.23684e-02
0.74764	4.27081e-02
0.74812	4.30675e-02
0.74859	4.34463e-02
0.74906	4.38434e-02
0.74954	4.42580e-02
0.75000	4.46889e-02
0.75047	4.51349e-02
0.75092	4.55949e-02
0.75137	4.60675e-02
0.75180	4.65375e-02
0.75220	4.70152e-02
0.75260	4.74997e-02
0.75298	4.79899e-02
0.75335	4.84846e-02
0.75371	4.89829e-02
0.75404	4.94836e-02
0.75437	4.99856e-02
0.75467	5.04879e-02
0.75496	5.09896e-02
0.75523	5.14895e-02
0.75549	5.19867e-02
0.75572	5.24804e-02
0.75593	5.29697e-02
0.75613	5.34538e-02
0.75630	5.39319e-02
0.75645	5.44032e-02
0.75658	5.48671e-02
0.75668	5.53230e-02
0.75677	5.57702e-02
0.75683	5.62081e-02
0.75686	5.66364e-02
0.75688	5.70545e-02
0.75687	5.74619e-02
0.75683	5.78584e-02
0.75677	5.82436e-02
0.75669	5.86172e-02
0.75657	5.89806e-02
0.75642	5.93321e-02
0.75625	5.96715e-02
0.75605	5.99988e-02
0.75583	6.03139e-02
0.75559	6.06166e-02
0.75532	6.09071e-02
0.75502	6.11853e-02
0.75471	6.14513e-02
0.75437	6.17052e-02
0.75401	6.19471e-02
0.75363	6.21771e-02
0.75322	6.23961e-02
0.75294	6.24414e-02
0.75281	6.22943e-02
0.75270	6.20506e-02
0.75251	6.18894e-02
0.75221	6.18197e-02
0.75184	6.18023e-02
0.75142	6.18092e-02
0.75119	6.16488e-02
0.75088	6.15522e-02
0.75052	6.14918e-02
0.75012	6.14564e-02
0.74970	6.14406e-02
0.74924	6.14411e-02
0.74876	6.14557e-02
0.74825	6.14824e-02
0.74772	6.15195e-02
0.74717	6.15655e-02
0.74660	6.16187e-02
0.74601	6.16775e-02
0.74540	6.17402e-02
0.74478	6.18053e-02
0.74414	6.18710e-02
0.74349	6.19358e-02
0.74283	6.19981e-02
0.74217	6.20563e-02
0.74150	6.21090e-02
0.74082	6.21549e-02
0.74014	6.21926e-02
0.73946	6.22208e-02
0.73878	6.22383e-02
0.73810	6.22441e-02
0.73742	6.22371e-02
0.73673	6.22223e-02
0.73598	6.20994e-02
0.73524	6.19532e-02
0.73450	6.17842e-02
0.73376	6.15930e-02
0.73303	6.13798e-02
0.73232	6.11448e-02
0.73161	6.08880e-02
0.73091	6.06094e-02
0.73023	6.03093e-02
0.72957	5.99877e-02
0.72891	5.96448e-02
0.72825	5.93296e-02
0.72759	5.90010e-02
0.72695	5.86586e-02
0.72633	5.83023e-02
0.72633	5.77069e-02
0.72626	5.71951e-02
0.72599	5.67636e-02
0.72564	5.63566e-02
0.72527	5.59548e-02
0.72485	5.55410e-02
0.72443	5.51283e-02
0.72402	5.47165e-02
0.72361	5.43052e-02
0.72321	5.38943e-02
0.72281	5.34837e-02
0.72242	5.30734e-02
0.72203	5.26828e-02
0.72164	5.22944e-02
0.72127	5.19084e-02
0.72091	5.15255e-02
0.72056	5.11467e-02
0.72023	5.07732e-02
0.71991	5.04062e-02
0.71961	5.00473e-02
0.71933	4.96979e-02
0.71906	4.93596e-02
0.71881	4.90339e-02
0.71858	4.87224e-02
0.71837	4.84267e-02
0.71817	4.81482e-02
0.71799	4.78884e-02
0.71783	4.76486e-02
0.71769	4.74301e-02
0.71756	4.72341e-02
0.71746	4.70616e-02
0.71736	4.69134e-02
0.71729	4.67905e-02
0.71723	4.66934e-02
0.71719	4.66226e-02
0.71716	4.65785e-02
0.71714	4.65612e-02
0.71714	4.65706e-02
0.71715	4.66067e-02
0.71717	4.66701e-02
0.71720	4.67593e-02
0.71724	4.68737e-02
0.71729	4.70125e-02
0.71735	4.71747e-02
0.71741	4.73594e-02
0.71749	4.75653e-02
0.71757	4.77913e-02
0.71765	4.80359e-02
0.71774	4.82980e-02
0.71784	4.85759e-02
0.71793	4.88683e-02
0.71803	4.91737e-02
0.71813	4.94831e-02
0.71823	4.98023e-02
0.71832	5.01151e-02
0.71840	5.04351e-02
0.71849	5.07608e-02
0.71857	5.10908e-02
0.71866	5.14236e-02
0.71872	5.17573e-02
0.71878	5.20914e-02
0.71884	5.24248e-02
0.71889	5.27562e-02
0.71893	5.30844e-02
0.71897	5.34083e-02
0.71899	5.37267e-02
0.71901	5.40386e-02
0.71902	5.43432e-02
0.71902	5.46393e-02
0.71901	5.49262e-02
0.71899	5.52031e-02
0.71896	5.54691e-02
0.71891	5.57236e-02
0.71886	5.59660e-02
0.71879	5.61956e-02
0.71871	5.64119e-02
0.71862	5.66144e-02
0.71852	5.68027e-02
0.71841	5.69763e-02
0.71828	5.71350e-02
0.71814	5.72783e-02
0.71799	5.74061e-02
0.71782	5.75181e-02
0.71765	5.76142e-02
0.71741	5.77753e-02
0.71717	5.79275e-02
0.71691	5.80699e-02
0.71664	5.82005e-02
0.71636	5.83182e-02
0.71607	5.84223e-02
0.71576	5.85123e-02
0.71545	5.85881e-02
0.71513	5.86494e-02
0.71479	5.86964e-02
0.71445	5.87291e-02
0.71411	5.87477e-02
0.71371	5.87611e-02
0.71331	5.87608e-02
0.71290	5.87469e-02
0.71248	5.87199e-02
0.71200	5.86229e-02
0.71150	5.85080e-02
0.71099	5.83770e-02
0.71048	5.82313e-02
0.70997	5.80722e-02
0.70944	5.79045e-02
0.70892	5.77252e-02
0.70839	5.75350e-02
0.70786	5.73351e-02
0.70734	5.71265e-02
0.70682	5.69103e-02
0.70630	5.66874e-02
0.70578	5.64705e-02
0.70526	5.62504e-02
0.70474	5.60280e-02
0.70423	5.58042e-02
0.70373	5.55804e-02
0.70324	5.53578e-02
0.70276	5.51374e-02
0.70229	5.49207e-02
0.70184	5.47090e-02
0.70139	5.45035e-02
0.70096	5.43055e-02
0.70054	5.41164e-02
0.70013	5.39373e-02
0.69975	5.37695e-02
0.69937	5.36143e-02
0.69902	5.34727e-02
0.69868	5.33458e-02
0.69836	5.32347e-02
0.69805	5.31403e-02
0.69777	5.30634e-02
0.69751	5.30049e-02
0.69726	5.29652e-02
0.69704	5.29451e-02
0.69683	5.29449e-02
0.69665	5.29649e-02
0.69649	5.30053e-02
0.69635	5.30662e-02
0.69626	5.31543e-02
0.69618	5.32587e-02
0.69611	5.33817e-02
0.69606	5.35233e-02
0.69603	5.36833e-02
0.69602	5.38611e-02
0.69603	5.40560e-02
0.69628	5.42387e-02
0.69648	5.44505e-02
0.69667	5.46824e-02
0.69687	5.49303e-02
0.69707	5.51919e-02
0.69730	5.54654e-02
0.69790	5.65304e-02
0.69845	5.74713e-02
0.69893	5.82973e-02
0.69939	5.90716e-02
0.69984	5.98150e-02
0.70029	6.05379e-02
0.70073	6.12452e-02
0.70118	6.19447e-02
0.70162	6.26322e-02
0.70207	6.33059e-02
0.70251	6.39633e-02
0.70296	6.46017e-02
0.70342	6.52178e-02
0.70387	6.58084e-02
0.70433	6.63704e-02
0.70480	6.69005e-02
0.70526	6.73961e-02
0.70573	6.78544e-02
0.70620	6.82733e-02
0.70668	6.86511e-02
0.70715	6.89862e-02
0.70763	6.92776e-02
0.70811	6.95246e-02
0.70859	6.97269e-02
0.70906	6.98842e-02
0.70953	6.99964e-02
0.70999	7.00639e-02
0.71044	7.00867e-02
0.71087	7.00652e-02
0.71129	7.00000e-02
0.71170	6.98914e-02
0.71209	6.97401e-02
0.71242	6.95744e-02
0.71272	6.93684e-02
0.71301	6.91224e-02
0.71328	6.88370e-02
0.71351	6.85049e-02
0.71372	6.81342e-02
0.71391	6.77257e-02
0.71409	6.72806e-02
0.71424	6.67999e-02
0.71438	6.62847e-02
0.71450	6.57363e-02
0.71461	6.51560e-02
0.71467	6.45732e-02
0.71471	6.39642e-02
0.71474	6.33298e-02
0.71474	6.26711e-02
0.71479	6.19186e-02
0.71482	6.11382e-02
0.71484	6.03308e-02
0.71485	5.94991e-02
0.71484	5.86459e-02
0.71483	5.77738e-02
0.71480	5.68860e-02
0.71476	5.59855e-02
0.71471	5.50753e-02
0.71465	5.41588e-02
0.71457	5.32394e-02
0.71448	5.23206e-02
0.71438	5.14059e-02
0.71427	5.04992e-02
0.71415	4.96041e-02
0.71401	4.87247e-02
0.71387	4.78648e-02
0.71371	4.70286e-02
0.71354	4.62199e-02
0.71336	4.54428e-02
0.71318	4.47012e-02
0.71298	4.39989e-02
0.71277	4.33396e-02
0.71256	4.27267e-02
0.71233	4.21634e-02
0.71210	4.16525e-02
0.71186	4.11964e-02
0.71162	4.07971e-02
0.71136	4.04561e-02
0.71111	4.01745e-02
0.71084	3.99525e-02
0.71057	3.97901e-02
0.71030	3.96864e-02
0.71002	3.96403e-02
0.70974	3.96498e-02
0.70945	3.97126e-02
0.70917	3.98260e-02
0.70888	3.99868e-02
0.70859	4.01916e-02
0.70829	4.04381e-02
0.70800	4.07217e-02
0.70770	4.10384e-02
0.70740	4.13843e-02
0.70711	4.17554e-02
0.70681	4.21479e-02
0.70652	4.25579e-02
0.70619	4.29974e-02
0.70586	4.34480e-02
0.70554	4.39059e-02
0.70522	4.43679e-02
0.70490	4.48308e-02
0.70459	4.52920e-02
0.70429	4.57465e-02
0.70398	4.61943e-02
0.70371	4.66535e-02
0.70344	4.71019e-02
0.70318	4.75379e-02
0.70292	4.79601e-02
0.70268	4.83673e-02
0.70243	4.87445e-02
0.70220	4.91026e-02
0.70197	4.94412e-02
0.70175	4.97602e-02
0.70154	5.00593e-02
0.70133	5.03387e-02
0.70114	5.05985e-02
0.70096	5.08392e-02
0.70078	5.10612e-02
0.70062	5.12653e-02
0.70046	5.14521e-02
0.70031	5.16226e-02
0.70018	5.17778e-02
0.70005	5.19187e-02
0.69993	5.20465e-02
0.69983	5.21624e-02
0.69973	5.22676e-02
0.69964	5.23636e-02
0.69957	5.24515e-02
0.69950	5.25328e-02
0.69944	5.26088e-02
0.69939	5.26807e-02
0.69935	5.27499e-02
0.69933	5.28175e-02
0.69931	5.28849e-02
0.69928	5.29856e-02
0.69926	5.30908e-02
0.69926	5.32006e-02
0.69925	5.33152e-02
0.69944	5.34601e-02
0.69958	5.36130e-02
0.69971	5.37744e-02
0.69983	5.39443e-02
0.69994	5.41221e-02
0.70006	5.43072e-02
0.70017	5.44989e-02
0.70029	5.46963e-02
0.70038	5.49013e-02
0.70047	5.51093e-02
0.70057	5.53194e-02
0.70066	5.55305e-02
0.70074	5.57270e-02
0.70081	5.59089e-02
0.70088	5.60871e-02
0.70095	5.62610e-02
0.70102	5.64296e-02
0.70110	5.65915e-02
0.70117	5.67458e-02
0.70124	5.68911e-02
0.70131	5.70264e-02
0.70138	5.71504e-02
0.70145	5.72620e-02
0.70152	5.73602e-02
0.70159	5.74437e-02
0.70166	5.75117e-02
0.70173	5.75632e-02
0.70180	5.75974e-02
0.70187	5.76135e-02
0.70193	5.76107e-02
0.70200	5.75884e-02
0.70206	5.75463e-02
0.70211	5.74838e-02
0.70217	5.74006e-02
0.70222	5.72967e-02
0.70227	5.71719e-02
0.70232	5.70262e-02
0.70236	5.68598e-02
0.70240	5.66730e-02
0.70243	5.64661e-02
0.70246	5.62397e-02
0.70249	5.59943e-02
0.70251	5.57307e-02
0.70253	5.54496e-02
0.70254	5.51521e-02
0.70254	5.48391e-02
0.70254	5.45117e-02
0.70254	5.41712e-02
0.70253	5.38187e-02
0.70251	5.34558e-02
0.70249	5.30837e-02
0.70245	5.27116e-02
0.70240	5.23354e-02
0.70235	5.19567e-02
0.70228	5.15769e-02
0.70221	5.11977e-02
0.70213	5.08209e-02
0.70205	5.04480e-02
0.70193	5.00787e-02
0.70181	4.97166e-02
0.70169	4.93636e-02
0.70156	4.90212e-02
0.70142	4.86909e-02
0.70127	4.83742e-02
0.70111	4.80648e-02
0.70095	4.77689e-02
0.70140	4.83735e-02
0.70185	4.90926e-02
0.70206	4.95584e-02
0.70213	4.98373e-02
0.70212	5.00396e-02
0.70207	5.02173e-02
0.70200	5.03811e-02
0.70190	5.05344e-02
0.70177	5.06764e-02
0.70163	5.08054e-02
0.70146	5.09200e-02
0.70128	5.10192e-02
0.70108	5.11029e-02
0.70086	5.11716e-02
0.70063	5.12264e-02
0.70039	5.12687e-02
0.70014	5.13001e-02
0.69988	5.13221e-02
0.69961	5.13363e-02
0.69934	5.13443e-02
0.69906	5.13472e-02
0.69879	5.13462e-02
0.69851	5.13423e-02
0.69823	5.13362e-02
0.69796	5.13286e-02
0.69768	5.13200e-02
0.69742	5.13109e-02
0.69715	5.13014e-02
0.69690	5.12918e-02
0.69665	5.12822e-02
0.69685	5.08571e-02
0.69690	5.05920e-02
0.69690	5.03847e-02
0.69690	5.01969e-02
0.69687	5.00171e-02
0.69684	4.98436e-02
0.69682	4.96758e-02
0.69679	4.95139e-02
0.69677	4.93581e-02
0.69675	4.92086e-02
0.69672	4.90657e-02
0.69669	4.89296e-02
0.69666	4.88012e-02
0.69662	4.86797e-02
0.69659	4.85651e-02
0.69655	4.84573e-02
0.69659	4.84033e-02
0.69651	4.83138e-02
0.69639	4.82182e-02
0.69627	4.81298e-02
0.69615	4.80516e-02
0.69604	4.79846e-02
0.69593	4.79287e-02
0.69584	4.78837e-02
0.69576	4.78494e-02
0.69569	4.78252e-02
0.69564	4.78108e-02
0.69561	4.78058e-02
0.69559	4.78098e-02
0.69559	4.78222e-02
0.69560	4.78427e-02
0.69564	4.78708e-02
0.69569	4.79061e-02
0.69576	4.79483e-02
0.69585	4.79969e-02
0.69596	4.80516e-02
0.69608	4.81120e-02
0.69623	4.81779e-02
0.69639	4.82488e-02
0.69656	4.83247e-02
0.69676	4.84051e-02
0.69697	4.84898e-02
0.69719	4.85786e-02
0.69743	4.86713e-02
0.69769	4.87677e-02
0.69796	4.88676e-02
0.69824	4.89708e-02
0.69852	4.90863e-02
0.69880	4.92063e-02
0.69910	4.93303e-02
0.69940	4.94582e-02
0.69971	4.95897e-02
0.70003	4.97245e-02
0.70035	4.98623e-02
0.70067	5.00030e-02
0.70099	5.01458e-02
0.70132	5.02905e-02
0.70164	5.04368e-02
0.70195	5.05986e-02
0.70225	5.07636e-02
0.70255	5.09313e-02
0.70284	5.11010e-02
0.70312	5.12754e-02
0.70339	5.14507e-02
0.70365	5.16263e-02
0.70390	5.18014e-02
0.70415	5.19757e-02
0.70439	5.21485e-02
0.70461	5.23022e-02
0.70482	5.24493e-02
0.70499	5.25568e-02
0.70514	5.26558e-02
0.70528	5.27466e-02
0.70541	5.28291e-02
0.70552	5.29031e-02
0.70561	5.29702e-02
0.70569	5.30289e-02
0.70575	5.30791e-02
0.70579	5.31206e-02
0.70582	5.31531e-02
0.70582	5.31764e-02
0.70581	5.31903e-02
0.70578	5.31946e-02
0.70573	5.31891e-02
0.70566	5.31737e-02
0.70557	5.31483e-02
0.70546	5.31129e-02
0.70534	5.30673e-02
0.70519	5.30116e-02
0.70503	5.29457e-02
0.70485	5.28698e-02
0.70465	5.27839e-02
0.70443	5.26881e-02
0.70419	5.25824e-02
0.70394	5.24672e-02
0.70367	5.23425e-02
0.70338	5.22086e-02
0.70307	5.20657e-02
0.70275	5.19141e-02
0.70241	5.17541e-02
0.70228	5.13844e-02
0.70207	5.10740e-02
0.70184	5.07792e-02
0.70159	5.04909e-02
0.70131	5.02066e-02
0.70102	4.99318e-02
0.70071	4.96683e-02
0.70038	4.94171e-02
0.70002	4.91781e-02
0.69964	4.89506e-02
0.69923	4.87332e-02
0.69879	4.85242e-02
0.69834	4.83219e-02
0.69785	4.81246e-02
0.69735	4.79308e-02
0.69683	4.77392e-02
0.69628	4.75192e-02
0.69571	4.72968e-02
0.69513	4.70702e-02
0.69454	4.68394e-02
0.69394	4.66045e-02
0.69332	4.63657e-02
0.69271	4.61234e-02
0.69208	4.58777e-02
0.69146	4.56292e-02
0.69083	4.53783e-02
0.69020	4.51255e-02
0.68957	4.48712e-02
0.68894	4.46159e-02
0.68832	4.43601e-02
0.68770	4.41043e-02
0.68708	4.38490e-02
0.68647	4.35947e-02
0.68586	4.33419e-02
0.68526	4.30909e-02
0.68467	4.28423e-02
0.68409	4.25963e-02
0.68352	4.23535e-02
0.68296	4.21140e-02
0.68241	4.18783e-02
0.68187	4.16466e-02
0.68134	4.14192e-02
0.68082	4.11962e-02
0.68032	4.09779e-02
0.67984	4.07644e-02
0.67937	4.05558e-02
0.67891	4.03522e-02
0.67848	4.01536e-02
0.67803	3.99540e-02
0.67761	3.97591e-02
0.67721	3.95688e-02
0.67682	3.93834e-02
0.67645	3.92027e-02
0.67610	3.90268e-02
0.67577	3.88557e-02
0.67547	3.86893e-02
0.67518	3.85275e-02
0.67491	3.83705e-02
0.67466	3.82301e-02
0.67442	3.80935e-02
0.67421	3.79607e-02
0.67401	3.78320e-02
0.67381	3.77536e-02
0.67363	3.76837e-02
0.67347	3.76218e-02
0.67333	3.75680e-02
0.67320	3.75223e-02
0.67309	3.74852e-02
0.67299	3.74289e-02
0.67290	3.73782e-02
0.67282	3.73396e-02
0.67276	3.73090e-02
0.67271	3.72868e-02
0.67267	3.72738e-02
0.67266	3.72703e-02
0.67264	3.72807e-02
0.67265	3.73027e-02
0.67266	3.73368e-02
0.67269	3.73837e-02
0.67272	3.74441e-02
0.67277	3.75186e-02
0.67283	3.76078e-02
0.67290	3.77123e-02
0.67298	3.78326e-02
0.67306	3.79692e-02
0.67315	3.81226e-02
0.67325	3.82931e-02
0.67336	3.84809e-02
0.67346	3.86864e-02
0.67358	3.89095e-02
0.67369	3.91503e-02
0.67381	3.94087e-02
0.67394	3.96844e-02
0.67406	3.99771e-02
0.67419	4.02865e-02
0.67431	4.06120e-02
0.67444	4.09529e-02
0.67456	4.13085e-02
0.67469	4.16780e-02
0.67481	4.20604e-02
0.67492	4.24514e-02
0.67503	4.28529e-02
0.67513	4.32637e-02
0.67523	4.36828e-02
0.67533	4.40981e-02
0.67541	4.45188e-02
0.67550	4.49438e-02
0.67558	4.53719e-02
0.67566	4.58019e-02
0.67573	4.62324e-02
0.67580	4.66621e-02
0.67587	4.70897e-02
0.67593	4.75139e-02
0.67599	4.79333e-02
0.67604	4.83467e-02
0.67609	4.87528e-02
0.67613	4.91460e-02
0.67615	4.95361e-02
0.67617	4.99153e-02
0.67619	5.02823e-02
0.67621	5.06361e-02
0.67622	5.09755e-02
0.67623	5.12997e-02
0.67624	5.16077e-02
0.67624	5.18988e-02
0.67624	5.21724e-02
0.67624	5.24280e-02
0.67624	5.26649e-02
0.67623	5.28829e-02
0.67623	5.30816e-02
0.67622	5.32610e-02
0.67622	5.34209e-02
0.67621	5.35613e-02
0.67620	5.36825e-02
0.67619	5.37846e-02
0.67618	5.38679e-02
0.67617	5.39329e-02
0.67616	5.39801e-02
0.67616	5.40100e-02
0.67615	5.40235e-02
0.67614	5.40212e-02
0.67614	5.40040e-02
0.67613	5.39729e-02
0.67613	5.39288e-02
0.67613	5.38728e-02
0.67612	5.38059e-02
0.67612	5.37294e-02
0.67613	5.36445e-02
0.67611	5.35871e-02
0.67610	5.35256e-02
0.67608	5.34603e-02
0.67607	5.33922e-02
0.67606	5.33223e-02
0.67605	5.32515e-02
0.67604	5.31809e-02
0.67604	5.31115e-02
0.67604	5.30443e-02
0.67604	5.29802e-02
0.67601	5.29474e-02
0.67599	5.29242e-02
0.67596	5.29114e-02
0.67594	5.29098e-02
0.67590	5.29184e-02
0.67587	5.29390e-02
0.67583	5.29719e-02
0.67580	5.30176e-02
0.67577	5.30763e-02
0.67574	5.31481e-02
0.67567	5.32109e-02
0.67561	5.32855e-02
0.67553	5.33628e-02
0.67545	5.34516e-02
0.67537	5.35521e-02
0.67529	5.36642e-02
0.67521	5.37876e-02
0.67563	5.41961e-02
0.67602	5.46645e-02
0.67629	5.51006e-02
0.67645	5.54941e-02
0.67656	5.58660e-02
0.67665	5.62314e-02
0.67672	5.65978e-02
0.67678	5.69678e-02
0.67683	5.73414e-02
0.67688	5.77169e-02
0.67693	5.80914e-02
0.67696	5.84619e-02
0.67699	5.88254e-02
0.67700	5.91793e-02
0.67701	5.95220e-02
0.67700	5.98521e-02
0.67698	6.01697e-02
0.67695	6.04755e-02
0.67692	6.07704e-02
0.67687	6.10554e-02
0.67682	6.13319e-02
0.67677	6.16012e-02
0.67671	6.18643e-02
0.67664	6.21224e-02
0.67657	6.23765e-02
0.67649	6.26259e-02
0.67662	6.29779e-02
0.67668	6.33028e-02
0.67672	6.36164e-02
0.67673	6.39328e-02
0.67673	6.42442e-02
0.67672	6.45516e-02
0.67670	6.48555e-02
0.67667	6.51566e-02
0.67663	6.54556e-02
0.67660	6.57530e-02
0.67655	6.60493e-02
0.67650	6.63450e-02
0.67645	6.66404e-02
0.67640	6.69357e-02
0.67634	6.72311e-02
0.67627	6.75231e-02
0.67650	6.78546e-02
0.67664	6.81751e-02
0.67673	6.84866e-02
0.67678	6.87898e-02
0.67680	6.90845e-02
0.67679	6.93702e-02
0.67676	6.96462e-02
0.67671	6.99123e-02
0.67663	7.01680e-02
0.67653	7.04130e-02
0.67640	7.06473e-02
0.67625	7.08708e-02
0.67608	7.10836e-02
0.67589	7.12856e-02
0.67568	7.14771e-02
0.67545	7.16584e-02
0.67520	7.18296e-02
0.67493	7.19910e-02
0.67465	7.21430e-02
0.67435	7.22858e-02
0.67403	7.24198e-02
0.67370	7.25453e-02
0.67335	7.26626e-02
0.67299	7.27721e-02
0.67262	7.28742e-02
0.67224	7.29692e-02
0.67185	7.30576e-02
0.67144	7.31396e-02
0.67103	7.32157e-02
0.67061	7.32864e-02
0.67018	7.33521e-02
0.66989	7.35250e-02
0.66956	7.36752e-02
0.66921	7.38070e-02
0.66885	7.39225e-02
0.66846	7.40236e-02
0.66806	7.41118e-02
0.66765	7.41888e-02
0.66723	7.42561e-02
0.66680	7.43154e-02
0.66636	7.43683e-02
0.66591	7.44305e-02
0.66546	7.44906e-02
0.66500	7.45500e-02
0.66455	7.46103e-02
0.66406	7.46748e-02
0.66358	7.47430e-02
0.66310	7.48162e-02
0.66263	7.48956e-02
0.66216	7.49826e-02
0.66170	7.50781e-02
0.66124	7.51833e-02
0.66080	7.52991e-02
0.66036	7.54241e-02
0.65992	7.55613e-02
0.65951	7.57114e-02
0.65910	7.58752e-02
0.65870	7.60532e-02
0.65844	7.63061e-02
0.65817	7.65664e-02
0.65789	7.68367e-02
0.65762	7.71180e-02
0.65735	7.74110e-02
0.65709	7.77160e-02
0.65683	7.80336e-02
0.65659	7.83642e-02
0.65636	7.87080e-02
0.65614	7.90653e-02
0.65594	7.94363e-02
0.65576	7.98213e-02
0.65560	8.02205e-02
0.65546	8.06339e-02
0.65534	8.10618e-02
0.65524	8.15044e-02
0.65517	8.19621e-02
0.65512	8.24352e-02
0.65510	8.29241e-02
0.65511	8.34292e-02
0.65515	8.39507e-02
0.65522	8.44886e-02
0.65532	8.50421e-02
0.65545	8.56100e-02
0.65560	8.61901e-02
0.65577	8.67781e-02
0.65597	8.73700e-02
0.65618	8.79627e-02
0.65640	8.85513e-02
0.65664	8.91305e-02
0.65688	8.96967e-02
0.65713	9.02465e-02
0.65738	9.07772e-02
0.65763	9.12868e-02
0.65789	9.17740e-02
0.65816	9.22380e-02
0.65843	9.26786e-02
0.65870	9.30957e-02
0.65897	9.34896e-02
0.65925	9.38605e-02
0.65954	9.42090e-02
0.65982	9.45323e-02
0.66021	9.48788e-02
0.66060	9.52057e-02
0.66100	9.55137e-02
0.66140	9.58034e-02
0.66181	9.60752e-02
0.66222	9.63293e-02
0.66263	9.65661e-02
0.66305	9.67854e-02
0.66348	9.69873e-02
0.66390	9.71713e-02
0.66433	9.73369e-02
0.66475	9.74833e-02
0.66517	9.76097e-02
0.66559	9.77150e-02
0.66599	9.77984e-02
0.66639	9.78590e-02
0.66678	9.78960e-02
0.66716	9.79091e-02
0.66753	9.78979e-02
0.66788	9.78626e-02
0.66821	9.78033e-02
0.66854	9.77205e-02
0.66884	9.76147e-02
0.66914	9.74867e-02
0.66942	9.73372e-02
0.66968	9.71671e-02
0.66993	9.69774e-02
0.67017	9.67689e-02
0.67039	9.65425e-02
0.67059	9.62993e-02
0.67079	9.60401e-02
0.67095	9.57703e-02
0.67110	9.54873e-02
0.67122	9.51919e-02
0.67134	9.48848e-02
0.67143	9.45669e-02
0.67151	9.42390e-02
0.67157	9.39017e-02
0.67205	9.33767e-02
0.67243	9.28927e-02
0.67273	9.24322e-02
0.67297	9.20053e-02
0.67317	9.15850e-02
0.67334	9.11686e-02
0.67348	9.07545e-02
0.67359	9.03420e-02
0.67367	8.99303e-02
0.67372	8.95188e-02
0.67374	8.91069e-02
0.67374	8.86941e-02
0.67371	8.82799e-02
0.67365	8.78641e-02
0.67356	8.74464e-02
0.67345	8.70219e-02
0.67331	8.65944e-02
0.67314	8.61642e-02
0.67295	8.57313e-02
0.67274	8.52959e-02
0.67249	8.48538e-02
0.67222	8.44089e-02
0.67193	8.39619e-02
0.67162	8.35130e-02
0.67128	8.30627e-02
0.67093	8.26114e-02
0.67056	8.21595e-02
0.67018	8.17074e-02
0.66978	8.12554e-02
0.66937	8.08039e-02
0.66894	8.03533e-02
0.66850	7.99039e-02
0.66805	7.94561e-02
0.66760	7.90101e-02
0.66713	7.85664e-02
0.66667	7.81252e-02
0.66619	7.76870e-02
0.66571	7.72521e-02
0.66523	7.68208e-02
0.66475	7.63936e-02
0.66426	7.59709e-02
0.66378	7.55529e-02
0.66330	7.51403e-02
0.66282	7.47333e-02
0.66234	7.43325e-02
0.66187	7.39384e-02
0.66139	7.35399e-02
0.66089	7.31543e-02
0.66040	7.27751e-02
0.65992	7.24027e-02
0.65943	7.20377e-02
0.65896	7.16804e-02
0.65850	7.13315e-02
0.65804	7.09914e-02
0.65759	7.06607e-02
0.65715	7.03399e-02
0.65672	7.00295e-02
0.65631	6.97299e-02
0.65588	6.94515e-02
0.65547	6.91856e-02
0.65506	6.89323e-02
0.65467	6.86896e-02
0.65444	6.85619e-02
0.65422	6.84530e-02
0.65401	6.83653e-02
0.65381	6.83004e-02
0.65363	6.82589e-02
0.65347	6.82411e-02
0.65332	6.82465e-02
0.65317	6.82822e-02
0.65304	6.83397e-02
0.65292	6.84172e-02
0.65280	6.85123e-02
0.65270	6.86226e-02
0.65260	6.87454e-02
0.65251	6.88780e-02
0.65243	6.90180e-02
0.65235	6.91630e-02
0.65227	6.93112e-02
0.65220	6.94610e-02
0.65213	6.96113e-02
0.65207	6.97615e-02
0.65201	6.99110e-02
0.65195	7.00598e-02
0.65190	7.02079e-02
0.65186	7.03556e-02
0.65182	7.05032e-02
0.65179	7.06511e-02
0.65176	7.07997e-02
0.65175	7.09494e-02
0.65174	7.11006e-02
0.65174	7.12537e-02
0.65174	7.14089e-02
0.65172	7.15905e-02
0.65170	7.17760e-02
0.65169	7.19645e-02
0.65169	7.21558e-02
0.65168	7.23495e-02
0.65169	7.25455e-02
0.65169	7.27435e-02
0.65169	7.29464e-02
0.65169	7.31512e-02
0.65169	7.33576e-02
0.65168	7.35863e-02
0.65167	7.38161e-02
0.65167	7.40464e-02
0.65166	7.42767e-02
0.65166	7.45068e-02
0.65166	7.47360e-02
0.65165	7.49641e-02
0.65165	7.51905e-02
0.65164	7.54149e-02
0.65164	7.56368e-02
0.65163	7.58558e-02
0.65161	7.60713e-02
0.65158	7.62897e-02
0.65155	7.65050e-02
0.65150	7.67167e-02
0.65146	7.69241e-02
0.65140	7.71269e-02
0.65132	7.72966e-02
0.65124	7.74592e-02
0.65114	7.76140e-02
0.65103	7.77608e-02
0.65092	7.78991e-02
0.65080	7.80287e-02
0.65067	7.81493e-02
0.65052	7.82607e-02
0.65037	7.83626e-02
0.65021	7.84550e-02
0.65004	7.85378e-02
0.64986	7.86107e-02
0.64967	7.86740e-02
0.64947	7.87274e-02
0.64926	7.87712e-02
0.64905	7.88055e-02
0.64882	7.88304e-02
0.64858	7.88462e-02
0.64834	7.88531e-02
0.64809	7.88515e-02
0.64783	7.88418e-02
0.64756	7.88245e-02
0.64729	7.88001e-02
0.64701	7.87691e-02
0.64672	7.87321e-02
0.64642	7.86965e-02
0.64610	7.86541e-02
0.64578	7.86078e-02
0.64545	7.85584e-02
0.64512	7.85068e-02
0.64478	7.84539e-02
0.64444	7.84004e-02
0.64410	7.83471e-02
0.64375	7.82963e-02
0.64340	7.82473e-02
0.64305	7.82012e-02
0.64270	7.81587e-02
0.64235	7.81207e-02
0.64200	7.80881e-02
0.64165	7.80616e-02
0.64131	7.80420e-02
0.64096	7.80247e-02
0.64062	7.80132e-02
0.64027	7.80098e-02
0.63994	7.80152e-02
0.63960	7.80297e-02
0.63928	7.80540e-02
0.63896	7.80884e-02
0.63864	7.81333e-02
0.63834	7.81891e-02
0.63805	7.82559e-02
0.63776	7.83338e-02
0.63749	7.84227e-02
0.63722	7.85227e-02
0.63697	7.86334e-02
0.63673	7.87547e-02
0.63651	7.88862e-02
0.63629	7.90276e-02
0.63610	7.91782e-02
0.63591	7.93375e-02
0.63575	7.95049e-02
0.63559	7.96796e-02
0.63546	7.98607e-02
0.63534	8.00475e-02
0.63524	8.02389e-02
0.63515	8.04341e-02
0.63508	8.06319e-02
0.63515	8.09431e-02
0.63523	8.12477e-02
0.63532	8.15459e-02
0.63542	8.18376e-02
0.63554	8.21229e-02
0.63567	8.24020e-02
0.63580	8.26850e-02
0.63594	8.29638e-02
0.63610	8.32366e-02
0.63626	8.35013e-02
0.63644	8.37548e-02
0.63663	8.39935e-02
0.63683	8.42139e-02
0.63701	8.43839e-02
0.63718	8.45255e-02
0.63736	8.46375e-02
0.63751	8.47499e-02
0.63766	8.48376e-02
0.63781	8.49003e-02
0.63796	8.49381e-02
0.63810	8.49521e-02
0.63825	8.49433e-02
0.63840	8.49130e-02
0.63855	8.48624e-02
0.63870	8.47927e-02
0.63885	8.47052e-02
0.63901	8.46009e-02
0.63918	8.44810e-02
0.63935	8.43465e-02
0.63952	8.41985e-02
0.63970	8.40378e-02
0.63988	8.38656e-02
0.64007	8.36828e-02
0.64023	8.34672e-02
0.64039	8.32403e-02
0.64056	8.30039e-02
0.64072	8.27591e-02
0.64089	8.25070e-02
0.64105	8.22488e-02
0.64122	8.19857e-02
0.64138	8.17189e-02
0.64154	8.14498e-02
0.64170	8.11794e-02
0.64185	8.09092e-02
0.64201	8.06403e-02
0.64215	8.03742e-02
0.64230	8.01119e-02
0.64243	7.98548e-02
0.64256	7.96041e-02
0.64269	7.93609e-02
0.64281	7.91263e-02
0.64292	7.89014e-02
0.64302	7.86872e-02
0.64312	7.84846e-02
0.64321	7.82944e-02
0.64329	7.81173e-02
0.64335	7.79539e-02
0.64341	7.78048e-02
0.64350	7.76602e-02
0.64357	7.75324e-02
0.64361	7.74206e-02
0.64365	7.73245e-02
0.64366	7.72438e-02
0.64367	7.71784e-02
0.64365	7.71279e-02
0.64363	7.70919e-02
0.64359	7.70691e-02
0.64354	7.70596e-02
0.64347	7.70627e-02
0.64339	7.70773e-02
0.64329	7.71028e-02
0.64318	7.71380e-02
0.64306	7.71819e-02
0.64293	7.72335e-02
0.64299	7.75180e-02
0.64299	7.77946e-02
0.64298	7.80732e-02
0.64293	7.83498e-02
0.64286	7.86174e-02
0.64275	7.88686e-02
0.64261	7.90968e-02
0.64243	7.92967e-02
0.64244	7.92846e-02
0.64234	7.93085e-02
0.64217	7.93313e-02
0.64195	7.93359e-02
0.64169	7.93150e-02
0.64141	7.92661e-02
0.64111	7.91887e-02
0.64080	7.90835e-02
0.64048	7.89521e-02
0.64014	7.87964e-02
0.63981	7.86193e-02
0.63946	7.84236e-02
0.63910	7.82127e-02
0.63874	7.79895e-02
0.63835	7.77566e-02
0.63795	7.75163e-02
0.63753	7.72700e-02
0.63709	7.70191e-02
0.63663	7.67550e-02
0.63614	7.64866e-02
0.63564	7.62143e-02
0.63512	7.59387e-02
0.63459	7.56600e-02
0.63405	7.53787e-02
0.63383	7.53516e-02
0.63358	7.53196e-02
0.63331	7.52829e-02
0.63303	7.52413e-02
0.63274	7.51943e-02
0.63243	7.51416e-02
0.63213	7.50831e-02
0.63179	7.50242e-02
0.63144	7.49615e-02
0.63110	7.48954e-02
0.63069	7.49488e-02
0.63029	7.50032e-02
0.62989	7.50578e-02
0.62949	7.51129e-02
0.62910	7.51691e-02
0.62872	7.52271e-02
0.62834	7.52878e-02
0.62798	7.53521e-02
0.62763	7.54211e-02
0.62729	7.54955e-02
0.62696	7.55762e-02
0.62665	7.56640e-02
0.62635	7.57597e-02
0.62606	7.58639e-02
0.62580	7.59770e-02
0.62555	7.60996e-02
0.62531	7.62320e-02
0.62527	7.65070e-02
0.62516	7.67374e-02
0.62506	7.69655e-02
0.62497	7.72040e-02
0.62491	7.74578e-02
0.62487	7.77295e-02
0.62486	7.80208e-02
0.62488	7.83332e-02
0.62493	7.86673e-02
0.62501	7.90232e-02
0.62512	7.93998e-02
0.62526	7.97946e-02
0.62542	8.02042e-02
0.62561	8.06237e-02
0.62581	8.10476e-02
0.62601	8.14701e-02
0.62623	8.18860e-02
0.62645	8.22907e-02
0.62667	8.26808e-02
0.62689	8.30540e-02
0.62711	8.34093e-02
0.62733	8.37462e-02
0.62755	8.40650e-02
0.62777	8.43660e-02
0.62800	8.46504e-02
0.62848	8.47713e-02
0.62898	8.48879e-02
0.62948	8.49998e-02
0.62998	8.51083e-02
0.63050	8.52146e-02
0.63101	8.53196e-02
0.63153	8.54238e-02
0.63204	8.55270e-02
0.63254	8.56295e-02
0.63304	8.57300e-02
0.63353	8.58276e-02
0.63402	8.59212e-02
0.63450	8.60101e-02
0.63497	8.60932e-02
0.63544	8.61697e-02
0.63590	8.62391e-02
0.63634	8.62972e-02
0.63676	8.63213e-02
0.63717	8.63329e-02
0.63757	8.63322e-02
0.63796	8.63196e-02
0.63834	8.62953e-02
0.63871	8.62598e-02
0.63907	8.62135e-02
0.63941	8.61580e-02
0.63974	8.60929e-02
0.64006	8.60186e-02
0.64036	8.59359e-02
0.64066	8.58456e-02
0.64094	8.57484e-02
0.64122	8.56452e-02
0.64148	8.55368e-02
0.64173	8.54241e-02
0.64198	8.53079e-02
0.64221	8.51892e-02
0.64244	8.50687e-02
0.64265	8.49472e-02
0.64286	8.48255e-02
0.64305	8.47044e-02
0.64324	8.45846e-02
0.64341	8.44666e-02
0.64358	8.43511e-02
0.64374	8.42385e-02
0.64388	8.41293e-02
0.64402	8.40239e-02
0.64415	8.39227e-02
0.64427	8.38257e-02
0.64438	8.37332e-02
0.64449	8.36452e-02
0.64458	8.35617e-02
0.64467	8.34828e-02
0.64475	8.34083e-02
0.64482	8.33382e-02
0.64489	8.32720e-02
0.64489	8.32121e-02
0.64487	8.31630e-02
0.64484	8.31170e-02
0.64480	8.30736e-02
0.64455	8.35882e-02
0.64431	8.40575e-02
0.64409	8.44676e-02
0.64390	8.48058e-02
0.64373	8.50621e-02
0.64361	8.52309e-02
0.64352	8.53130e-02
0.64348	8.53158e-02
0.64347	8.52521e-02
0.64349	8.51370e-02
0.64355	8.49857e-02
0.64362	8.48115e-02
0.64371	8.46251e-02
0.64382	8.44346e-02
0.64393	8.42459e-02
0.64405	8.40627e-02
0.64417	8.38874e-02
0.64429	8.37194e-02
0.64441	8.35596e-02
0.64453	8.34064e-02
0.64464	8.32579e-02
0.64476	8.31115e-02
0.64487	8.29644e-02
0.64498	8.28089e-02
0.64508	8.26477e-02
0.64519	8.24796e-02
0.64530	8.23041e-02
0.64541	8.21213e-02
0.64552	8.19324e-02
0.64563	8.17390e-02
0.64574	8.15434e-02
0.64585	8.13479e-02
0.64596	8.11552e-02
0.64607	8.09677e-02
0.64617	8.07877e-02
0.64626	8.06170e-02
0.64636	8.04575e-02
0.64644	8.03104e-02
0.64652	8.01766e-02
0.64660	8.00567e-02
0.64667	7.99511e-02
0.64673	7.98598e-02
0.64679	7.97825e-02
0.64684	7.97189e-02
0.64689	7.96682e-02
0.64692	7.96296e-02
0.64696	7.96022e-02
0.64698	7.95848e-02
0.64700	7.95762e-02
0.64702	7.95750e-02
0.64702	7.95797e-02
0.64701	7.95893e-02
0.64699	7.96022e-02
0.64697	7.96168e-02
0.64694	7.96313e-02
0.64691	7.96440e-02
0.64687	7.96530e-02
0.64683	7.96562e-02
0.64710	7.97566e-02
0.64734	7.98424e-02
0.64754	7.99061e-02
0.64770	7.99440e-02
0.64784	7.99548e-02
0.64795	7.99375e-02
0.64805	7.98912e-02
0.64813	7.98144e-02
0.64833	7.95292e-02
0.64856	7.91757e-02
0.64877	7.88093e-02
0.64894	7.84432e-02
0.64909	7.80696e-02
0.64921	7.76762e-02
0.64933	7.72512e-02
0.64945	7.67847e-02
0.64957	7.62672e-02
0.64970	7.56912e-02
0.64985	7.50513e-02
0.65002	7.43460e-02
0.65020	7.35784e-02
0.65040	7.27573e-02
0.65062	7.18958e-02
0.65083	7.10099e-02
0.65103	7.01158e-02
0.65121	6.92280e-02
0.65137	6.83572e-02
0.65150	6.75104e-02
0.65160	6.66910e-02
0.65167	6.58999e-02
0.65170	6.51359e-02
0.65171	6.43973e-02
0.65195	6.37186e-02
0.65212	6.30674e-02
0.65223	6.24407e-02
0.65231	6.18361e-02
0.65234	6.12514e-02
0.65234	6.06845e-02
0.65229	6.01316e-02
0.65238	5.96089e-02
0.65242	5.90977e-02
0.65242	5.85962e-02
0.65238	5.81061e-02
0.65231	5.76259e-02
0.65220	5.71554e-02
0.65206	5.66944e-02
0.65189	5.62430e-02
0.65169	5.58016e-02
0.65147	5.53703e-02
0.65122	5.49499e-02
0.65095	5.45408e-02
0.65066	5.41437e-02
0.65035	5.37594e-02
0.65003	5.33883e-02
0.64968	5.30311e-02
0.64933	5.26884e-02
0.64896	5.23604e-02
0.64859	5.20474e-02
0.64820	5.17496e-02
0.64780	5.14595e-02
0.64740	5.11820e-02
0.64699	5.09171e-02
0.64658	5.06645e-02
0.64617	5.04237e-02
0.64576	5.01939e-02
0.64542	5.00202e-02
0.64508	4.98474e-02
0.64474	4.96745e-02
0.64439	4.95003e-02
0.64405	4.93241e-02
0.64371	4.91455e-02
0.64337	4.89645e-02
0.64304	4.87818e-02
0.64272	4.85982e-02
0.64241	4.84149e-02
0.64211	4.82333e-02
0.64182	4.80546e-02
0.64154	4.78802e-02
0.64128	4.77113e-02
0.64103	4.75489e-02
0.64080	4.73934e-02
0.64059	4.72453e-02
0.64039	4.71041e-02
0.64021	4.69694e-02
0.64004	4.68641e-02
0.63987	4.67670e-02
0.63971	4.66766e-02
0.63956	4.65917e-02
0.63942	4.65113e-02
0.63928	4.64348e-02
0.63914	4.63621e-02
0.63901	4.62934e-02
0.63888	4.62290e-02
0.63875	4.61700e-02
0.63862	4.61174e-02
0.63850	4.60725e-02
0.63838	4.60367e-02
0.63827	4.60112e-02
0.63816	4.59975e-02
0.63805	4.59968e-02
0.63817	4.60978e-02
0.63825	4.62056e-02
0.63833	4.63193e-02
0.63841	4.64400e-02
0.63848	4.65683e-02
0.63854	4.67043e-02
0.63861	4.68481e-02
0.63866	4.69998e-02
0.63871	4.71534e-02
0.63874	4.73145e-02
0.63878	4.74833e-02
0.63880	4.76600e-02
0.63882	4.78448e-02
0.63884	4.80377e-02
0.63885	4.82390e-02
0.63886	4.84487e-02
0.63886	4.86669e-02
0.63885	4.88936e-02
0.63885	4.91289e-02
0.63883	4.93727e-02
0.63881	4.96247e-02
0.63879	4.98846e-02
0.63877	5.01523e-02
0.63874	5.04271e-02
0.63871	5.07087e-02
0.63867	5.09966e-02
0.63863	5.12900e-02
0.63859	5.15884e-02
0.63855	5.18911e-02
0.63850	5.21974e-02
0.63846	5.25066e-02
0.63841	5.28180e-02
0.63835	5.31267e-02
0.63829	5.34355e-02
0.63823	5.37441e-02
0.63817	5.40521e-02
0.63810	5.43589e-02
0.63803	5.46642e-02
0.63796	5.49693e-02
0.63786	5.52811e-02
0.63775	5.55899e-02
0.63764	5.58946e-02
0.63752	5.61945e-02
0.63740	5.64892e-02
0.63728	5.67783e-02
0.63715	5.70615e-02
0.63702	5.73387e-02
0.63688	5.76101e-02
0.63675	5.78756e-02
0.63661	5.81355e-02
0.63647	5.83902e-02
0.63632	5.86402e-02
0.63618	5.88860e-02
0.63603	5.91283e-02
0.63589	5.93677e-02
0.63574	5.96053e-02
0.63560	5.98417e-02
0.63545	6.00780e-02
0.63530	6.03153e-02
0.63515	6.05487e-02
0.63500	6.07852e-02
0.63486	6.10262e-02
0.63471	6.12728e-02
0.63457	6.15261e-02
0.63443	6.17871e-02
0.63429	6.20590e-02
0.63414	6.23402e-02
0.63401	6.26314e-02
0.63388	6.29334e-02
0.63375	6.32471e-02
0.63363	6.35728e-02
0.63352	6.39112e-02
0.63341	6.42625e-02
0.63331	6.46269e-02
0.63322	6.50044e-02
0.63314	6.53950e-02
0.63306	6.57984e-02
0.63299	6.62140e-02
0.63294	6.66415e-02
0.63289	6.70800e-02
0.63285	6.75287e-02
0.63283	6.79866e-02
0.63281	6.84525e-02
0.63281	6.89253e-02
0.63280	6.94333e-02
0.63281	6.99485e-02
0.63283	7.04683e-02
0.63286	7.09905e-02
0.63291	7.15133e-02
0.63297	7.20345e-02
0.63304	7.25523e-02
0.63313	7.30648e-02
0.63322	7.35726e-02
0.63333	7.40720e-02
0.63346	7.45612e-02
0.63359	7.50384e-02
0.63375	7.55019e-02
0.63391	7.59501e-02
0.63409	7.63816e-02
0.63429	7.67951e-02
0.63446	7.71563e-02
0.63463	7.74961e-02
0.63482	7.78116e-02
0.63501	7.81024e-02
0.63522	7.83679e-02
0.63544	7.86077e-02
0.63567	7.88216e-02
0.63590	7.90094e-02
0.63637	7.90403e-02
0.63681	7.90662e-02
0.63725	7.90776e-02
0.63768	7.90706e-02
0.63811	7.90436e-02
0.63854	7.89964e-02
0.63898	7.89292e-02
0.63942	7.88424e-02
0.63986	7.87366e-02
0.64030	7.86128e-02
0.64074	7.84719e-02
0.64119	7.83152e-02
0.64163	7.81440e-02
0.64208	7.79599e-02
0.64252	7.77644e-02
0.64295	7.75550e-02
0.64338	7.73379e-02
0.64381	7.71153e-02
0.64422	7.68867e-02
0.64463	7.66559e-02
0.64502	7.64247e-02
0.64540	7.61951e-02
0.64577	7.59689e-02
0.64613	7.57480e-02
0.64646	7.55341e-02
0.64679	7.53287e-02
0.64709	7.51333e-02
0.64738	7.49496e-02
0.64764	7.47787e-02
0.64789	7.46219e-02
0.64811	7.44764e-02
0.64831	7.43473e-02
0.64849	7.42359e-02
0.64864	7.41428e-02
0.64878	7.40691e-02
0.64889	7.40153e-02
0.64898	7.39820e-02
0.64905	7.39697e-02
0.64909	7.39786e-02
0.64911	7.40090e-02
0.64910	7.40610e-02
0.64908	7.41345e-02
0.64902	7.42293e-02
0.64894	7.43452e-02
0.64884	7.44818e-02
0.64872	7.46387e-02
0.64856	7.48152e-02
0.64839	7.50106e-02
0.64819	7.52242e-02
0.64796	7.54550e-02
0.64771	7.57022e-02
0.64747	7.59973e-02
0.64719	7.63010e-02
0.64689	7.66160e-02
0.64656	7.69445e-02
0.64622	7.72884e-02
0.64586	7.76517e-02
0.64564	7.80022e-02
0.64537	7.83778e-02
0.64506	7.87729e-02
0.64474	7.91842e-02
0.64440	7.96084e-02
0.64403	8.00410e-02
0.64365	8.04769e-02
0.64323	8.09104e-02
0.64279	8.13360e-02
0.64232	8.17487e-02
0.64182	8.21447e-02
0.64129	8.25211e-02
0.64073	8.28760e-02
0.64014	8.32086e-02
0.63953	8.35186e-02
0.63889	8.38062e-02
0.63824	8.40721e-02
0.63756	8.43169e-02
0.63686	8.45415e-02
0.63647	8.39444e-02
0.63606	8.33717e-02
0.63563	8.28118e-02
0.63517	8.22653e-02
0.63470	8.17373e-02
0.63422	8.12338e-02
0.63371	8.07604e-02
0.63318	8.03209e-02
0.63262	7.99139e-02
0.63204	7.95435e-02
0.63144	7.92091e-02
0.63083	7.89093e-02
0.63020	7.86415e-02
0.62955	7.84031e-02
0.62890	7.81911e-02
0.62823	7.80023e-02
0.62753	7.78378e-02
0.62682	7.76914e-02
0.62611	7.75600e-02
0.62540	7.74411e-02
0.62468	7.73326e-02
0.62397	7.72323e-02
0.62326	7.71385e-02
0.62256	7.70494e-02
0.62186	7.69634e-02
0.62117	7.68789e-02
0.62049	7.67944e-02
0.61982	7.67086e-02
0.61917	7.66198e-02
0.61853	7.65266e-02
0.61790	7.64274e-02
0.61729	7.63206e-02
0.61669	7.62046e-02
0.61612	7.60775e-02
0.61557	7.59375e-02
0.61503	7.57825e-02
0.61452	7.56103e-02
0.61404	7.54187e-02
0.61358	7.52051e-02
0.61315	7.49668e-02
0.61275	7.47011e-02
0.61237	7.44048e-02
0.61203	7.40728e-02
0.61172	7.37045e-02
0.61145	7.32972e-02
0.61121	7.28484e-02
0.61102	7.23567e-02
0.61086	7.18212e-02
0.61074	7.12423e-02
0.61067	7.06216e-02
0.61062	6.99616e-02
0.61062	6.92658e-02
0.61064	6.85380e-02
0.61070	6.77821e-02
0.61096	6.69165e-02
0.61122	6.60390e-02
0.61150	6.51459e-02
0.61180	6.42349e-02
0.61212	6.33045e-02
0.61247	6.23535e-02
0.61285	6.13812e-02
0.61326	6.03870e-02
0.61370	5.93709e-02
0.61417	5.83332e-02
0.61467	5.72748e-02
0.61520	5.61969e-02
0.61576	5.51008e-02
0.61634	5.39882e-02
0.61695	5.28609e-02
0.61757	5.17208e-02
0.61822	5.05699e-02
0.61889	4.94103e-02
0.61957	4.82442e-02
0.62027	4.70738e-02
0.62098	4.59015e-02
0.62163	4.46896e-02
0.62230	4.34813e-02
0.62297	4.22804e-02
0.62366	4.10902e-02
0.62435	3.99138e-02
0.62525	3.90546e-02
0.62614	3.81959e-02
0.62702	3.73465e-02
0.62791	3.65071e-02
0.62879	3.56779e-02
0.62967	3.48592e-02
0.63054	3.40521e-02
0.63140	3.32585e-02
0.63224	3.24813e-02
0.63308	3.17241e-02
0.63390	3.09911e-02
0.63472	3.02868e-02
0.63552	2.96161e-02
0.63631	2.89836e-02
0.63709	2.83941e-02
0.63785	2.78518e-02
0.63861	2.73608e-02
0.63936	2.69244e-02
0.64009	2.65452e-02
0.64082	2.62253e-02
0.64152	2.59719e-02
0.64221	2.57795e-02
0.64290	2.56472e-02
0.64357	2.55736e-02
0.64422	2.55567e-02
0.64487	2.55937e-02
0.64550	2.56813e-02
0.64612	2.58158e-02
0.64671	2.60091e-02
0.64728	2.62338e-02
0.64784	2.64926e-02
0.64838	2.67811e-02
0.64891	2.70949e-02
0.64942	2.74299e-02
0.64993	2.77824e-02
0.65042	2.81485e-02
0.65123	2.83753e-02
0.65200	2.86244e-02
0.65273	2.88858e-02
0.65344	2.91547e-02
0.65411	2.94278e-02
0.65475	2.97023e-02
0.65536	2.99759e-02
0.65593	3.02467e-02
0.65646	3.05259e-02
0.65695	3.08025e-02
0.65740	3.10754e-02
0.65782	3.13437e-02
0.65821	3.16067e-02
0.65856	3.18639e-02
0.65888	3.21113e-02
0.65917	3.23519e-02
0.65943	3.25856e-02
0.65966	3.28124e-02
0.65986	3.30323e-02
0.66003	3.32454e-02
0.66018	3.34520e-02
0.66030	3.36525e-02
0.66040	3.38475e-02
0.66047	3.40376e-02
0.66051	3.42381e-02
0.66051	3.44379e-02
0.66048	3.46416e-02
0.66043	3.48458e-02
0.66035	3.50512e-02
0.66024	3.52588e-02
0.66011	3.54693e-02
0.65995	3.56835e-02
0.65977	3.59021e-02
0.65956	3.61257e-02
0.65933	3.63551e-02
0.65907	3.65907e-02
0.65879	3.68329e-02
0.65848	3.70824e-02
0.65815	3.73272e-02
0.65779	3.75793e-02
0.65741	3.78393e-02
0.65701	3.81073e-02
0.65659	3.83834e-02
0.65616	3.86679e-02
0.65570	3.89606e-02
0.65523	3.92617e-02
0.65474	3.95709e-02
0.65424	3.98881e-02
0.65372	4.02129e-02
0.65319	4.05451e-02
0.65265	4.08842e-02
0.65209	4.12296e-02
0.65153	4.15808e-02
0.65095	4.19372e-02
0.65037	4.22980e-02
0.64978	4.26624e-02
0.64918	4.30297e-02
0.64857	4.33990e-02
0.64796	4.37693e-02
0.64745	4.42294e-02
0.64693	4.46808e-02
0.64640	4.51265e-02
0.64586	4.55677e-02
0.64532	4.60043e-02
0.64475	4.64006e-02
0.64419	4.67888e-02
0.64362	4.71705e-02
0.64305	4.75467e-02
0.64249	4.79184e-02
0.64194	4.82864e-02
0.64139	4.86515e-02
0.64085	4.90138e-02
0.64033	4.93729e-02
0.63980	4.97275e-02
0.63929	5.00754e-02
0.63878	5.04139e-02
0.63827	5.07399e-02
0.63777	5.10502e-02
0.63726	5.13420e-02
0.63674	5.16129e-02
0.63623	5.18616e-02
0.63571	5.20870e-02
0.63518	5.22890e-02
0.63466	5.24679e-02
0.63412	5.26443e-02
0.63358	5.28010e-02
0.63304	5.29392e-02
0.63250	5.30600e-02
0.63196	5.31651e-02
0.63142	5.32557e-02
0.63089	5.33334e-02
0.63037	5.33998e-02
0.62985	5.34561e-02
0.62934	5.35038e-02
0.62884	5.35443e-02
0.62834	5.35789e-02
0.62786	5.36087e-02
0.62737	5.36212e-02
0.62689	5.36267e-02
0.62642	5.36267e-02
0.62613	5.36414e-02
0.62580	5.36497e-02
0.62546	5.36504e-02
0.62512	5.36454e-02
0.62477	5.36362e-02
0.62442	5.36243e-02
0.62408	5.36108e-02
0.62375	5.35966e-02
0.62370	5.36863e-02
0.62363	5.37870e-02
0.62356	5.38970e-02
0.62348	5.40144e-02
0.62338	5.41169e-02
0.62328	5.42224e-02
0.62322	5.43650e-02
0.62315	5.45030e-02
0.62307	5.46395e-02
0.62298	5.47770e-02
0.62288	5.49178e-02
0.62277	5.50641e-02
0.62267	5.52180e-02
0.62253	5.53996e-02
0.62239	5.55936e-02
0.62225	5.58009e-02
0.62210	5.60214e-02
0.62195	5.62564e-02
0.62191	5.65556e-02
0.62184	5.68612e-02
0.62177	5.71761e-02
0.62169	5.75025e-02
0.62160	5.78421e-02
0.62152	5.81959e-02
0.62143	5.85644e-02
0.62134	5.89481e-02
0.62125	5.93473e-02
0.62116	5.97621e-02
0.62106	6.01928e-02
0.62097	6.06396e-02
0.62098	6.09960e-02
0.62099	6.13847e-02
0.62099	6.18066e-02
0.62098	6.22631e-02
0.62095	6.27555e-02
0.62091	6.32844e-02
0.62086	6.38499e-02
0.62079	6.44522e-02
0.62072	6.50908e-02
0.62063	6.57657e-02
0.62053	6.64763e-02
0.62042	6.72225e-02
0.62030	6.80039e-02
0.62018	6.88203e-02
0.62006	6.96713e-02
0.61993	7.05566e-02
0.61980	7.14759e-02
0.61967	7.24290e-02
0.61954	7.34154e-02
0.61941	7.44346e-02
0.61929	7.54861e-02
0.61917	7.65694e-02
0.61905	7.76835e-02
0.61893	7.88275e-02
0.61882	8.00002e-02
0.61872	8.12002e-02
0.61857	8.23586e-02
0.61843	8.35364e-02
0.61829	8.47336e-02
0.61815	8.59489e-02
0.61801	8.71803e-02
0.61787	8.84257e-02
0.61773	8.96825e-02
0.61759	9.09485e-02
0.61746	9.22211e-02
0.61732	9.34978e-02
0.61718	9.47762e-02
0.61705	9.60537e-02
0.61691	9.73281e-02
0.61678	9.85970e-02
0.61664	9.98581e-02
0.61651	1.01109e-01
0.61638	1.02348e-01
0.61624	1.03573e-01
0.61611	1.04781e-01
0.61598	1.05971e-01
0.61565	1.07581e-01
0.61534	1.09109e-01
0.61509	1.10517e-01
0.61490	1.11758e-01
0.61479	1.12790e-01
0.61479	1.13592e-01
0.61486	1.14183e-01
0.61500	1.14609e-01
0.61518	1.14923e-01
0.61539	1.15161e-01
0.61560	1.15344e-01
0.61583	1.15480e-01
0.61606	1.15574e-01
0.61629	1.15628e-01
0.61653	1.15644e-01
0.61676	1.15627e-01
0.61698	1.15568e-01
0.61720	1.15477e-01
0.61740	1.15355e-01
0.61760	1.15205e-01
0.61780	1.15028e-01
0.61798	1.14823e-01
0.61816	1.14590e-01
0.61833	1.14330e-01
0.61848	1.14038e-01
0.61863	1.13717e-01
0.61877	1.13365e-01
0.61890	1.12984e-01
0.61903	1.12570e-01
0.61915	1.12125e-01
0.61926	1.11647e-01
0.61937	1.11136e-01
0.61948	1.10591e-01
0.61958	1.10011e-01
0.61968	1.09397e-01
0.61978	1.08748e-01
0.61988	1.08065e-01
0.61997	1.07346e-01
0.62007	1.06593e-01
0.62017	1.05805e-01
0.62026	1.04997e-01
0.62036	1.04158e-01
0.62082	1.03194e-01
0.62121	1.02235e-01
0.62154	1.01267e-01
0.62185	1.00284e-01
0.62214	9.92836e-02
0.62242	9.82651e-02
0.62270	9.72283e-02
0.62297	9.61741e-02
0.62324	9.51035e-02
0.62352	9.40182e-02
0.62381	9.29199e-02
0.62410	9.18106e-02
0.62434	9.06187e-02
0.62459	8.94160e-02
0.62485	8.82073e-02
0.62512	8.69958e-02
0.62539	8.57843e-02
0.62567	8.45754e-02
0.62595	8.33720e-02
0.62625	8.21766e-02
0.62655	8.09919e-02
0.62686	7.98206e-02
0.62717	7.86652e-02
0.62750	7.75283e-02
0.62783	7.64126e-02
0.62817	7.53203e-02
0.62851	7.42539e-02
0.62887	7.32157e-02
0.62923	7.22078e-02
0.62960	7.12323e-02
0.62998	7.02910e-02
0.63036	6.93857e-02
0.63076	6.85177e-02
0.63116	6.76884e-02
0.63157	6.68989e-02
0.63198	6.61499e-02
0.63241	6.54420e-02
0.63284	6.47756e-02
0.63340	6.42054e-02
0.63395	6.36765e-02
0.63451	6.31896e-02
0.63506	6.27438e-02
0.63561	6.23373e-02
0.63616	6.19677e-02
0.63670	6.16328e-02
0.63724	6.13299e-02
0.63777	6.10566e-02
0.63830	6.08105e-02
0.63882	6.05894e-02
0.63933	6.03913e-02
0.63983	6.02144e-02
0.64033	6.00570e-02
0.64083	5.99175e-02
0.64132	5.97945e-02
0.64181	5.96867e-02
0.64229	5.95929e-02
0.64277	5.95119e-02
0.64325	5.94427e-02
0.64372	5.93876e-02
0.64419	5.93425e-02
0.64466	5.93067e-02
0.64512	5.92798e-02
0.64558	5.92613e-02
0.64604	5.92511e-02
0.64649	5.92490e-02
0.64694	5.92551e-02
0.64739	5.92696e-02
0.64783	5.92929e-02
0.64826	5.93254e-02
0.64869	5.93677e-02
0.64911	5.94206e-02
0.64953	5.94848e-02
0.64994	5.95613e-02
0.65034	5.96509e-02
0.65072	5.97517e-02
0.65110	5.98663e-02
0.65146	5.99957e-02
0.65181	6.01409e-02
0.65215	6.03027e-02
0.65247	6.04819e-02
0.65279	6.06793e-02
0.65309	6.08956e-02
0.65336	6.11451e-02
0.65362	6.14161e-02
0.65387	6.17083e-02
0.65409	6.20217e-02
0.65429	6.23415e-02
0.65446	6.26815e-02
0.65484	6.31421e-02
0.65512	6.35937e-02
0.65534	6.40468e-02
0.65551	6.45067e-02
0.65564	6.49748e-02
0.65573	6.54513e-02
0.65578	6.59354e-02
0.65579	6.64315e-02
0.65576	6.69333e-02
0.65570	6.74397e-02
0.65583	6.76416e-02
0.65587	6.79138e-02
0.65595	6.83067e-02
0.65598	6.87311e-02
0.65596	6.91871e-02
0.65589	6.96726e-02
0.65579	7.01837e-02
0.65565	7.07158e-02
0.65547	7.12637e-02
0.65526	7.18222e-02
0.65502	7.23858e-02
0.65475	7.29494e-02
0.65444	7.35081e-02
0.65411	7.40574e-02
0.65374	7.45894e-02
0.65335	7.51028e-02
0.65293	7.55942e-02
0.65248	7.60607e-02
0.65200	7.64995e-02
0.65150	7.69051e-02
0.65098	7.72775e-02
0.65043	7.76151e-02
0.64987	7.79164e-02
0.64928	7.81800e-02
0.64867	7.84047e-02
0.64805	7.85897e-02
0.64742	7.87341e-02
0.64677	7.88372e-02
0.64610	7.88987e-02
0.64543	7.89183e-02
0.64474	7.88957e-02
0.64404	7.88311e-02
0.64334	7.87245e-02
0.64263	7.85763e-02
0.64191	7.83869e-02
0.64119	7.81571e-02
0.64046	7.78875e-02
0.63973	7.75790e-02
0.63900	7.72328e-02
0.63826	7.68500e-02
0.63749	7.63950e-02
0.63671	7.59024e-02
0.63593	7.53747e-02
0.63516	7.48140e-02
0.63438	7.42224e-02
0.63361	7.36020e-02
0.63284	7.29551e-02
0.63207	7.22840e-02
0.63131	7.15912e-02
0.63056	7.08792e-02
0.62982	7.01506e-02
0.62909	6.94081e-02
0.62837	6.86545e-02
0.62766	6.78925e-02
0.62696	6.71250e-02
0.62628	6.63548e-02
0.62561	6.55850e-02
0.62495	6.48182e-02
0.62432	6.40575e-02
0.62370	6.33057e-02
0.62308	6.25813e-02
0.62248	6.18737e-02
0.62190	6.11848e-02
0.62134	6.05167e-02
0.62079	5.98715e-02
0.62027	5.92509e-02
0.61976	5.86569e-02
0.61928	5.80909e-02
0.61882	5.75543e-02
0.61838	5.70480e-02
0.61796	5.65730e-02
0.61756	5.61297e-02
0.61719	5.57183e-02
0.61684	5.53387e-02
0.61652	5.49907e-02
0.61621	5.46736e-02
0.61598	5.43812e-02
0.61576	5.41169e-02
0.61557	5.38793e-02
0.61537	5.36098e-02
0.61520	5.33573e-02
0.61505	5.31210e-02
0.61492	5.28996e-02
0.61483	5.26914e-02
0.61473	5.25124e-02
0.61465	5.23454e-02
0.61460	5.21883e-02
0.61457	5.20393e-02
0.61456	5.18959e-02
0.61458	5.17572e-02
0.61462	5.16215e-02
0.61469	5.14876e-02
0.61477	5.13542e-02
0.61488	5.12202e-02
0.61502	5.10847e-02
0.61517	5.09469e-02
0.61534	5.08064e-02
0.61553	5.06746e-02
0.61573	5.05412e-02
0.61596	5.04060e-02
0.61619	5.02733e-02
0.61644	5.01401e-02
0.61670	5.00070e-02
0.61698	4.98753e-02
0.61727	4.97463e-02
0.61758	4.96218e-02
0.61790	4.95036e-02
0.61823	4.93941e-02
0.61858	4.92957e-02
0.61893	4.92111e-02
0.61930	4.91432e-02
0.61967	4.90951e-02
0.62006	4.90698e-02
0.62046	4.90708e-02
0.62085	4.90946e-02
0.62125	4.91499e-02
0.62166	4.92397e-02
0.62207	4.93672e-02
0.62249	4.95348e-02
0.62291	4.97444e-02
0.62333	4.99987e-02
0.62375	5.02995e-02
0.62418	5.06483e-02
0.62461	5.10461e-02
0.62504	5.14936e-02
0.62547	5.19909e-02
0.62589	5.25377e-02
0.62632	5.31334e-02
0.62674	5.37768e-02
0.62717	5.44664e-02
0.62758	5.52003e-02
0.62800	5.59764e-02
0.62841	5.67920e-02
0.62881	5.76446e-02
0.62921	5.85310e-02
0.62960	5.94481e-02
0.62998	6.03927e-02
0.63036	6.13614e-02
0.63072	6.23506e-02
0.63108	6.33570e-02
0.63141	6.43819e-02
0.63173	6.54184e-02
0.63203	6.64627e-02
0.63232	6.75112e-02
0.63259	6.85605e-02
0.63285	6.96072e-02
0.63310	7.06480e-02
0.63333	7.16799e-02
0.63354	7.26998e-02
0.63374	7.37048e-02
0.63393	7.46923e-02
0.63410	7.56598e-02
0.63425	7.66048e-02
0.63439	7.75250e-02
0.63451	7.84183e-02
0.63462	7.92829e-02
0.63471	8.01169e-02
0.63479	8.09186e-02
0.63485	8.16866e-02
0.63489	8.24195e-02
0.63491	8.31216e-02
0.63492	8.37872e-02
0.63491	8.44176e-02
0.63489	8.50100e-02
0.63484	8.55637e-02
0.63479	8.60781e-02
0.63471	8.65529e-02
0.63462	8.69877e-02
0.63452	8.73825e-02
0.63440	8.77371e-02
0.63427	8.80518e-02
0.63412	8.83266e-02
0.63396	8.85618e-02
0.63378	8.87580e-02
0.63359	8.89155e-02
0.63339	8.90351e-02
0.63309	8.90589e-02
0.63278	8.90478e-02
0.63246	8.90043e-02
0.63209	8.89029e-02
0.63171	8.87697e-02
0.63132	8.86060e-02
0.63091	8.84129e-02
0.63050	8.81916e-02
0.63008	8.79433e-02
0.62965	8.76693e-02
0.62922	8.73708e-02
0.62878	8.70492e-02
0.62833	8.67053e-02
0.62787	8.63408e-02
0.62742	8.59572e-02
0.62695	8.55558e-02
0.62649	8.51378e-02
0.62603	8.47045e-02
0.62556	8.42571e-02
0.62510	8.37969e-02
0.62463	8.33249e-02
0.62416	8.28464e-02
0.62369	8.23516e-02
0.62321	8.18477e-02
0.62273	8.13481e-02
0.62225	8.08411e-02
0.62177	8.03272e-02
0.62130	7.98070e-02
0.62083	7.92810e-02
0.62036	7.87497e-02
0.61990	7.82135e-02
0.61944	7.76727e-02
0.61899	7.71276e-02
0.61855	7.65784e-02
0.61812	7.60250e-02
0.61769	7.54674e-02
0.61727	7.49056e-02
0.61685	7.43394e-02
0.61645	7.37637e-02
0.61605	7.31825e-02
0.61566	7.25955e-02
0.61528	7.20023e-02
0.61491	7.14023e-02
0.61469	7.09944e-02
0.61447	7.05560e-02
0.61424	7.00912e-02
0.61401	6.96022e-02
0.61378	6.90907e-02
0.61355	6.85579e-02
0.61332	6.80050e-02
0.61310	6.74331e-02
0.61289	6.68433e-02
0.61268	6.62370e-02
0.61247	6.56156e-02
0.61228	6.49803e-02
0.61209	6.43327e-02
0.61191	6.36745e-02
0.61174	6.30071e-02
0.61157	6.23324e-02
0.61142	6.16521e-02
0.61127	6.09679e-02
0.61114	6.02819e-02
0.61101	5.95960e-02
0.61089	5.89123e-02
0.61082	5.82443e-02
0.61074	5.75809e-02
0.61066	5.69251e-02
0.61058	5.62797e-02
0.61050	5.56479e-02
0.61043	5.50331e-02
0.61035	5.44389e-02
0.61028	5.38694e-02
0.61021	5.33285e-02
0.61014	5.28207e-02
0.61008	5.23505e-02
0.61002	5.19225e-02
0.60997	5.15414e-02
0.60993	5.12117e-02
0.60989	5.09378e-02
0.60985	5.07239e-02
0.60982	5.05735e-02
0.60979	5.04898e-02
0.60977	5.04754e-02
0.60975	5.05322e-02
0.60972	5.06672e-02
0.60970	5.08757e-02
0.60992	5.09712e-02
0.61010	5.11631e-02
0.61025	5.14409e-02
0.61039	5.17976e-02
0.61051	5.22284e-02
0.61062	5.27290e-02
0.61072	5.32955e-02
0.61081	5.39241e-02
0.61089	5.46108e-02
0.61097	5.53517e-02
0.61104	5.61426e-02
0.61111	5.69794e-02
0.61117	5.78579e-02
0.61123	5.87737e-02
0.61128	5.97154e-02
0.61133	6.06833e-02
0.61137	6.16732e-02
0.61142	6.26810e-02
0.61146	6.37026e-02
0.61151	6.47335e-02
0.61157	6.57694e-02
0.61163	6.68060e-02
0.61169	6.78390e-02
0.61177	6.88646e-02
0.61186	6.98791e-02
0.61195	7.08792e-02
0.61206	7.18642e-02
0.61217	7.28301e-02
0.61229	7.37753e-02
0.61241	7.46991e-02
0.61255	7.56008e-02
0.61268	7.64800e-02
0.61282	7.73365e-02
0.61296	7.81695e-02
0.61309	7.89783e-02
0.61321	7.97587e-02
0.61348	8.05202e-02
0.61370	8.12525e-02
0.61388	8.19706e-02
0.61405	8.26568e-02
0.61420	8.33089e-02
0.61433	8.39251e-02
0.61445	8.45037e-02
0.61455	8.50431e-02
0.61463	8.55421e-02
0.61470	8.59999e-02
0.61476	8.64155e-02
0.61481	8.67886e-02
0.61485	8.71188e-02
0.61489	8.74058e-02
0.61492	8.76496e-02
0.61495	8.78503e-02
0.61497	8.80047e-02
0.61499	8.81164e-02
0.61502	8.81860e-02
0.61504	8.82140e-02
0.61507	8.82011e-02
0.61509	8.81467e-02
0.61511	8.80531e-02
0.61513	8.79213e-02
0.61515	8.77527e-02
0.61518	8.75484e-02
0.61521	8.73098e-02
0.61524	8.70385e-02
0.61527	8.67359e-02
0.61531	8.64037e-02
0.61535	8.60437e-02
0.61540	8.56575e-02
0.61545	8.52470e-02
0.61550	8.48142e-02
0.61556	8.43609e-02
0.61562	8.38892e-02
0.61569	8.34010e-02
0.61576	8.28985e-02
0.61583	8.23836e-02
0.61590	8.18585e-02
0.61598	8.13252e-02
0.61606	8.07856e-02
0.61653	8.06694e-02
0.61682	8.03471e-02
0.61703	7.99277e-02
0.61721	7.94671e-02
0.61739	7.89881e-02
0.61755	7.85003e-02
0.61771	7.80091e-02
0.61787	7.75175e-02
0.61803	7.70278e-02
0.61818	7.65422e-02
0.61834	7.60620e-02
0.61850	7.55886e-02
0.61865	7.51232e-02
0.61880	7.46669e-02
0.61896	7.42204e-02
0.61911	7.37844e-02
0.61926	7.33597e-02
0.61940	7.29466e-02
0.61954	7.25453e-02
0.61968	7.21562e-02
0.62011	7.12418e-02
0.62042	7.05766e-02
0.62075	7.01029e-02
0.62103	6.96624e-02
0.62130	6.92511e-02
0.62156	6.88684e-02
0.62183	6.85149e-02
0.62210	6.81908e-02
0.62237	6.78962e-02
0.62265	6.76303e-02
0.62333	6.78527e-02
0.62404	6.81502e-02
0.62469	6.84248e-02
0.62524	6.86297e-02
0.62572	6.87697e-02
0.62613	6.88643e-02
0.62650	6.89297e-02
0.62683	6.89756e-02
0.62712	6.90076e-02
0.62739	6.90291e-02
0.62763	6.90418e-02
0.62784	6.90469e-02
0.62804	6.90454e-02
0.62821	6.90375e-02
0.62836	6.90236e-02
0.62849	6.90040e-02
0.62861	6.89787e-02
0.62871	6.89479e-02
0.62875	6.89330e-02
0.62878	6.89176e-02
0.62878	6.89011e-02
0.62877	6.88832e-02
0.62875	6.88639e-02
0.62871	6.88436e-02
0.62866	6.88226e-02
0.62859	6.88012e-02
0.62852	6.87800e-02
0.62843	6.87596e-02
0.62833	6.87318e-02
0.62821	6.87036e-02
0.62827	6.85939e-02
0.62827	6.85044e-02
0.62824	6.84229e-02
0.62818	6.83467e-02
0.62811	6.82755e-02
0.62802	6.82102e-02
0.62791	6.81516e-02
0.62780	6.81010e-02
0.62768	6.80594e-02
0.62755	6.80280e-02
0.62741	6.80082e-02
0.62727	6.80012e-02
0.62713	6.80083e-02
0.62698	6.80309e-02
0.62681	6.80803e-02
0.62663	6.81478e-02
0.62645	6.82343e-02
0.62627	6.83408e-02
0.62610	6.84683e-02
0.62592	6.86177e-02
0.62574	6.87897e-02
0.62556	6.89850e-02
0.62538	6.92043e-02
0.62521	6.94480e-02
0.62503	6.97164e-02
0.62486	7.00099e-02
0.62469	7.03285e-02
0.62453	7.06723e-02
0.62437	7.10410e-02
0.62421	7.14344e-02
0.62406	7.18521e-02
0.62391	7.22936e-02
0.62376	7.27582e-02
0.62362	7.32451e-02
0.62348	7.37533e-02
0.62335	7.42820e-02
0.62322	7.48298e-02
0.62309	7.53958e-02
0.62297	7.59785e-02
0.62286	7.65765e-02
0.62317	7.75992e-02
0.62342	7.86094e-02
0.62354	7.95225e-02
0.62357	8.03538e-02
0.62356	8.11406e-02
0.62353	8.19061e-02
0.62349	8.26590e-02
0.62344	8.34010e-02
0.62338	8.41299e-02
0.62331	8.48425e-02
0.62324	8.55355e-02
0.62316	8.62058e-02
0.62307	8.68510e-02
0.62296	8.74643e-02
0.62283	8.80488e-02
0.62270	8.86043e-02
0.62256	8.91308e-02
0.62241	8.96284e-02
0.62225	9.00978e-02
0.62209	9.05392e-02
0.62192	9.09752e-02
0.62174	9.13902e-02
0.62180	9.19086e-02
0.62180	9.23803e-02
0.62176	9.28159e-02
0.62170	9.32195e-02
0.62161	9.35923e-02
0.62150	9.39344e-02
0.62138	9.42456e-02
0.62123	9.45259e-02
0.62108	9.47755e-02
0.62091	9.49949e-02
0.62073	9.51844e-02
0.62054	9.53446e-02
0.62034	9.54760e-02
0.62014	9.55790e-02
0.61994	9.56540e-02
0.61973	9.57016e-02
0.61952	9.57219e-02
0.61931	9.57154e-02
0.61910	9.56824e-02
0.61889	9.56230e-02
0.61869	9.55377e-02
0.61849	9.54265e-02
0.61829	9.52898e-02
0.61809	9.51279e-02
0.61790	9.49409e-02
0.61771	9.47292e-02
0.61752	9.44933e-02
0.61733	9.42334e-02
0.61715	9.39497e-02
0.61697	9.36426e-02
0.61680	9.33125e-02
0.61663	9.29598e-02
0.61646	9.25850e-02
0.61630	9.21886e-02
0.61615	9.17711e-02
0.61599	9.13467e-02
0.61600	9.10241e-02
0.61596	9.06524e-02
0.61553	9.06511e-02
0.61513	9.06011e-02
0.61477	9.04955e-02
0.61445	9.03343e-02
0.61419	9.01243e-02
0.61396	8.98756e-02
0.61376	8.95976e-02
0.61358	8.92961e-02
0.61341	8.89738e-02
0.61325	8.86302e-02
0.61308	8.82630e-02
0.61291	8.78694e-02
0.61274	8.74467e-02
0.61256	8.69933e-02
0.61237	8.65071e-02
0.61217	8.59894e-02
0.61196	8.54418e-02
0.61176	8.48661e-02
0.61155	8.42651e-02
0.61135	8.36417e-02
0.61114	8.29989e-02
0.61095	8.23402e-02
0.61075	8.16686e-02
0.61057	8.09875e-02
0.61039	8.03000e-02
0.61022	7.96091e-02
0.61005	7.89178e-02
0.60990	7.82289e-02
0.60976	7.75452e-02
0.60963	7.68693e-02
0.60951	7.62038e-02
0.60940	7.55512e-02
0.60930	7.49139e-02
0.60922	7.42941e-02
0.60915	7.36940e-02
0.60909	7.31159e-02
0.60905	7.25617e-02
0.60903	7.20335e-02
0.60901	7.15330e-02
0.60902	7.10619e-02
0.60903	7.06215e-02
0.60907	7.02136e-02
0.60912	6.98395e-02
0.60919	6.95004e-02
0.60927	6.91971e-02
0.60938	6.89307e-02
0.60949	6.87004e-02
0.60962	6.85078e-02
0.60976	6.83531e-02
0.60993	6.82363e-02
0.61011	6.81572e-02
0.61030	6.81156e-02
0.61052	6.81109e-02
0.61075	6.81422e-02
0.61100	6.82087e-02
0.61126	6.83093e-02
0.61154	6.84425e-02
0.61164	6.85870e-02
0.61183	6.87732e-02
0.61214	6.89956e-02
0.61285	6.91570e-02
0.61365	6.93705e-02
0.61447	6.96240e-02
0.61530	6.99182e-02
0.61612	7.02474e-02
0.61692	7.06060e-02
0.61771	7.09893e-02
0.61848	7.13931e-02
0.61924	7.18136e-02
0.62000	7.22470e-02
0.62073	7.26735e-02
0.62146	7.31029e-02
0.62218	7.35320e-02
0.62290	7.39576e-02
0.62360	7.43767e-02
0.62430	7.47866e-02
0.62499	7.51847e-02
0.62568	7.55687e-02
0.62636	7.59364e-02
0.62704	7.62856e-02
0.62770	7.66145e-02
0.62837	7.69212e-02
0.62902	7.72040e-02
0.62967	7.74613e-02
0.63031	7.76916e-02
0.63095	7.78935e-02
0.63158	7.80657e-02
0.63220	7.82071e-02
0.63281	7.83173e-02
0.63342	7.83948e-02
0.63401	7.84385e-02
0.63460	7.84475e-02
0.63518	7.84213e-02
0.63575	7.83592e-02
0.63631	7.82606e-02
0.63686	7.81252e-02
0.63740	7.79526e-02
0.63791	7.77588e-02
0.63841	7.75374e-02
0.63890	7.72796e-02
0.63937	7.70007e-02
0.63983	7.66868e-02
0.64028	7.63385e-02
0.64072	7.59564e-02
0.64114	7.55409e-02
0.64156	7.50928e-02
0.64196	7.46127e-02
0.64236	7.41014e-02
0.64274	7.35596e-02
0.64312	7.29883e-02
0.64348	7.23885e-02
0.64384	7.17613e-02
0.64419	7.11077e-02
0.64453	7.04290e-02
0.64489	6.97403e-02
0.64524	6.90252e-02
0.64557	6.82875e-02
0.64588	6.75301e-02
0.64619	6.67560e-02
0.64650	6.59684e-02
0.64680	6.51706e-02
0.64710	6.43662e-02
0.64740	6.35586e-02
0.64770	6.27508e-02
0.64800	6.19454e-02
0.64830	6.11440e-02
0.64859	6.03473e-02
0.64887	5.95553e-02
0.64915	5.87676e-02
0.64940	5.79836e-02
0.64965	5.72028e-02
0.64987	5.64252e-02
0.65007	5.56512e-02
0.65026	5.48818e-02
0.65043	5.41185e-02
0.65057	5.33632e-02
0.65070	5.26181e-02
0.65082	5.18855e-02
0.65091	5.11680e-02
0.65099	5.04681e-02
0.65140	4.93097e-02
0.65173	4.82576e-02
0.65201	4.72735e-02
0.65226	4.63466e-02
0.65248	4.54751e-02
0.65266	4.46598e-02
0.65282	4.39016e-02
0.65294	4.32016e-02
0.65304	4.25604e-02
0.65311	4.19783e-02
0.65316	4.14556e-02
0.65318	4.09923e-02
0.65317	4.05883e-02
0.65314	4.02434e-02
0.65309	3.99573e-02
0.65302	3.97296e-02
0.65293	3.95597e-02
0.65291	3.95765e-02
0.65287	3.96497e-02
0.65281	3.97825e-02
0.65273	3.99774e-02
0.65264	4.02360e-02
0.65252	4.05578e-02
0.65240	4.09429e-02
0.65226	4.13905e-02
0.65211	4.18985e-02
0.65194	4.24637e-02
0.65177	4.30820e-02
0.65158	4.37482e-02
0.65137	4.44569e-02
0.65159	4.52119e-02
0.65161	4.60210e-02
0.65148	4.68560e-02
0.65128	4.77128e-02
0.65103	4.85911e-02
0.65075	4.94901e-02
0.65044	5.04090e-02
0.65010	5.13471e-02
0.64974	5.23037e-02
0.64936	5.32785e-02
0.64896	5.42710e-02
0.64853	5.52809e-02
0.64809	5.63077e-02
0.64764	5.73508e-02
0.64716	5.84096e-02
0.64667	5.94832e-02
0.64617	6.05707e-02
0.64565	6.16710e-02
0.64525	6.26892e-02
0.64484	6.37176e-02
0.64442	6.47540e-02
0.64399	6.57964e-02
0.64355	6.68432e-02
0.64310	6.78932e-02
0.64264	6.89448e-02
0.64217	6.99969e-02
0.64169	7.10478e-02
0.64120	7.20962e-02
0.64087	7.30702e-02
0.64067	7.39935e-02
0.64049	7.49573e-02
0.64025	7.59489e-02
0.63993	7.69687e-02
0.63953	7.80042e-02
0.63907	7.90451e-02
0.63858	8.00844e-02
0.63805	8.11179e-02
0.63749	8.21422e-02
0.63691	8.31546e-02
0.63630	8.41526e-02
0.63567	8.51339e-02
0.63502	8.60965e-02
0.63434	8.70383e-02
0.63365	8.79573e-02
0.63294	8.88518e-02
0.63221	8.97200e-02
0.63146	9.05602e-02
0.63070	9.13709e-02
0.62993	9.21506e-02
0.62915	9.28980e-02
0.62837	9.36118e-02
0.62757	9.42908e-02
0.62678	9.49341e-02
0.62598	9.55406e-02
0.62517	9.61097e-02
0.62437	9.66404e-02
0.62356	9.71324e-02
0.62276	9.75850e-02
0.62196	9.79978e-02
0.62116	9.83707e-02
0.62036	9.87034e-02
0.61957	9.89959e-02
0.61879	9.92482e-02
0.61801	9.94606e-02
0.61724	9.96333e-02
0.61648	9.97667e-02
0.61573	9.98614e-02
0.61499	9.99178e-02
0.61426	9.99368e-02
0.61354	9.99191e-02
0.61306	9.96130e-02
0.61258	9.92940e-02
0.61210	9.89605e-02
0.61161	9.86124e-02
0.61113	9.82505e-02
0.61065	9.78755e-02
0.61018	9.74883e-02
0.60970	9.70896e-02
0.60924	9.66802e-02
0.60878	9.62608e-02
0.60833	9.58321e-02
0.60789	9.53950e-02
0.60745	9.49502e-02
0.60703	9.44986e-02
0.60663	9.40411e-02
0.60623	9.35789e-02
0.60585	9.31130e-02
0.60592	9.30065e-02
0.60587	9.27876e-02
0.60570	9.24565e-02
0.60548	9.20753e-02
0.60525	9.16729e-02
0.60499	9.12624e-02
0.60474	9.08524e-02
0.60449	9.04463e-02
0.60426	9.00464e-02
0.60405	8.96545e-02
0.60385	8.92722e-02
0.60366	8.89011e-02
0.60350	8.85424e-02
0.60349	8.84001e-02
0.60347	8.82360e-02
0.60345	8.80720e-02
0.60346	8.79185e-02
0.60347	8.77807e-02
0.60351	8.76611e-02
0.60357	8.75613e-02
0.60364	8.74817e-02
0.60374	8.74228e-02
0.60385	8.73842e-02
0.60398	8.73657e-02
0.60412	8.73668e-02
0.60429	8.73868e-02
0.60447	8.74249e-02
0.60466	8.74805e-02
0.60487	8.75527e-02
0.60510	8.76406e-02
0.60534	8.77435e-02
0.60593	8.77247e-02
0.60660	8.77038e-02
0.60729	8.77087e-02
0.60795	8.77518e-02
0.60855	8.78287e-02
0.60913	8.79302e-02
0.60968	8.80492e-02
0.61022	8.81808e-02
0.61076	8.83218e-02
0.61129	8.84699e-02
0.61181	8.86202e-02
0.61233	8.87741e-02
0.61284	8.89406e-02
0.61334	8.91093e-02
0.61382	8.92778e-02
0.61430	8.94458e-02
0.61477	8.96119e-02
0.61524	8.97752e-02
0.61568	8.99345e-02
0.61612	9.00889e-02
0.61655	9.02375e-02
0.61697	9.03794e-02
0.61737	9.05138e-02
0.61776	9.06400e-02
0.61814	9.07573e-02
0.61851	9.08651e-02
0.61883	9.09805e-02
0.61914	9.10879e-02
0.61944	9.11860e-02
0.61972	9.12741e-02
0.61998	9.13516e-02
0.62022	9.14278e-02
0.62044	9.14940e-02
0.62065	9.15492e-02
0.62084	9.15927e-02
0.62101	9.16240e-02
0.62117	9.16426e-02
0.62130	9.16480e-02
0.62142	9.16398e-02
0.62152	9.16176e-02
0.62161	9.15809e-02
0.62167	9.15293e-02
0.62172	9.14625e-02
0.62175	9.13800e-02
0.62177	9.12814e-02
0.62177	9.11665e-02
0.62175	9.10347e-02
0.62171	9.08858e-02
0.62166	9.07194e-02
0.62159	9.05353e-02
0.62151	9.03330e-02
0.62141	9.01124e-02
0.62140	8.98950e-02
0.62136	8.96523e-02
0.62131	8.93856e-02
0.62124	8.90953e-02
0.62117	8.87811e-02
0.62121	8.85267e-02
0.62125	8.82531e-02
0.62128	8.79626e-02
0.62131	8.76573e-02
0.62134	8.73389e-02
0.62136	8.70087e-02
0.62138	8.66676e-02
0.62139	8.63162e-02
0.62140	8.59539e-02
0.62139	8.55793e-02
0.62137	8.51901e-02
0.62133	8.47832e-02
0.62126	8.43553e-02
0.62118	8.39034e-02
0.62106	8.34253e-02
0.62092	8.29197e-02
0.62075	8.23865e-02
0.62055	8.18268e-02
0.62034	8.12423e-02
0.62010	8.06356e-02
0.61985	8.00097e-02
0.61958	7.93679e-02
0.61930	7.87136e-02
0.61901	7.80505e-02
0.61872	7.73820e-02
0.61841	7.67023e-02
0.61811	7.60231e-02
0.61780	7.53483e-02
0.61749	7.46811e-02
0.61719	7.40248e-02
0.61689	7.33826e-02
0.61659	7.27574e-02
0.61630	7.21523e-02
0.61602	7.15700e-02
0.61574	7.10130e-02
0.61547	7.04839e-02
0.61521	6.99849e-02
0.61496	6.95182e-02
0.61472	6.90857e-02
0.61449	6.86892e-02
0.61427	6.83302e-02
0.61406	6.80099e-02
0.61387	6.77294e-02
0.61368	6.74895e-02
0.61351	6.72907e-02
0.61334	6.71333e-02
0.61317	6.69844e-02
0.61300	6.68714e-02
0.61285	6.67956e-02
0.61270	6.67571e-02
0.61257	6.67555e-02
0.61244	6.67901e-02
0.61233	6.68596e-02
0.61223	6.69630e-02
0.61215	6.70987e-02
0.61230	6.69315e-02
0.61241	6.68755e-02
0.61250	6.68834e-02
0.61260	6.69397e-02
0.61269	6.70393e-02
0.61279	6.71792e-02
0.61288	6.73566e-02
0.61298	6.75681e-02
0.61308	6.78102e-02
0.61319	6.80791e-02
0.61329	6.83710e-02
0.61341	6.86821e-02
0.61354	6.90089e-02
0.61367	6.93480e-02
0.61381	6.96963e-02
0.61397	7.00509e-02
0.61413	7.04093e-02
0.61431	7.07694e-02
0.61450	7.11289e-02
0.61468	7.14934e-02
0.61488	7.18555e-02
0.61509	7.22140e-02
0.61531	7.25675e-02
0.61554	7.29149e-02
0.61578	7.32556e-02
0.61603	7.35887e-02
0.61630	7.39137e-02
0.61657	7.42301e-02
0.61685	7.45376e-02
0.61714	7.48360e-02
0.61743	7.51249e-02
0.61774	7.54042e-02
0.61805	7.56740e-02
0.61837	7.59339e-02
0.61869	7.61841e-02
0.61901	7.64245e-02
0.61934	7.66550e-02
0.61968	7.68756e-02
0.62001	7.70864e-02
0.62034	7.72871e-02
0.62068	7.74778e-02
0.62101	7.76584e-02
0.62134	7.78286e-02
0.62167	7.79884e-02
0.62200	7.81376e-02
0.62235	7.83392e-02
0.62269	7.85027e-02
0.62301	7.86383e-02
0.62331	7.87513e-02
0.62361	7.88444e-02
0.62389	7.89197e-02
0.62416	7.89784e-02
0.62442	7.90214e-02
0.62467	7.90495e-02
0.62490	7.90628e-02
0.62513	7.90617e-02
0.62534	7.90460e-02
0.62554	7.90156e-02
0.62572	7.89704e-02
0.62589	7.89098e-02
0.62605	7.88336e-02
0.62620	7.87412e-02
0.62631	7.86369e-02
0.62641	7.85164e-02
0.62648	7.83789e-02
0.62655	7.82237e-02
0.62659	7.80504e-02
0.62661	7.78646e-02
0.62660	7.76609e-02
0.62658	7.74384e-02
0.62653	7.71725e-02
0.62646	7.68871e-02
0.62637	7.65825e-02
0.62627	7.62582e-02
0.62615	7.59139e-02
0.62602	7.55493e-02
0.62587	7.51643e-02
0.62571	7.47587e-02
0.62554	7.43324e-02
0.62535	7.38853e-02
0.62516	7.34176e-02
0.62495	7.29294e-02
0.62473	7.24209e-02
0.62451	7.18924e-02
0.62427	7.13442e-02
0.62403	7.07768e-02
0.62379	7.01906e-02
0.62354	6.95862e-02
0.62328	6.89643e-02
0.62303	6.83254e-02
0.62277	6.76705e-02
0.62251	6.69995e-02
0.62225	6.63139e-02
0.62198	6.56148e-02
0.62172	6.49031e-02
0.62147	6.41798e-02
0.62122	6.34461e-02
0.62097	6.27032e-02
0.62074	6.19521e-02
0.62051	6.11942e-02
0.62029	6.04312e-02
0.62008	5.96641e-02
0.61989	5.88940e-02
0.61971	5.81224e-02
0.61954	5.73506e-02
0.61939	5.65800e-02
0.61925	5.58120e-02
0.61913	5.50480e-02
0.61903	5.42894e-02
0.61895	5.35377e-02
0.61889	5.27944e-02
0.61886	5.20608e-02
0.61884	5.13385e-02
0.61884	5.06288e-02
0.61887	4.99336e-02
0.61891	4.92539e-02
0.61898	4.85912e-02
0.61907	4.79469e-02
0.61919	4.73225e-02
0.61932	4.67297e-02
0.61948	4.61610e-02
0.61966	4.56178e-02
0.61987	4.51014e-02
0.62010	4.46130e-02
0.62035	4.41541e-02
0.62064	4.37259e-02
0.62094	4.33298e-02
0.62127	4.29670e-02
0.62163	4.26388e-02
0.62201	4.23465e-02
0.62242	4.20912e-02
0.62285	4.18741e-02
0.62330	4.16963e-02
0.62378	4.15588e-02
0.62428	4.14626e-02
0.62480	4.14086e-02
0.62533	4.14220e-02
0.62588	4.14837e-02
0.62645	4.15934e-02
0.62703	4.17508e-02
0.62763	4.19554e-02
0.62825	4.22081e-02
0.62888	4.25086e-02
0.62952	4.28566e-02
0.63018	4.32515e-02
0.63083	4.36569e-02
0.63150	4.41041e-02
0.63217	4.45935e-02
0.63285	4.51246e-02
0.63353	4.56965e-02
0.63423	4.63082e-02
0.63493	4.69586e-02
0.63563	4.76463e-02
0.63633	4.83699e-02
0.63704	4.91280e-02
0.63775	4.99189e-02
0.63846	5.07409e-02
0.63917	5.15922e-02
0.63987	5.24709e-02
0.64057	5.33751e-02
0.64126	5.43027e-02
0.64195	5.52517e-02
0.64263	5.62188e-02
0.64330	5.72029e-02
0.64396	5.82018e-02
0.64461	5.92132e-02
0.64525	6.02348e-02
0.64587	6.12644e-02
0.64648	6.22997e-02
0.64707	6.33383e-02
0.64763	6.43672e-02
0.64818	6.53932e-02
0.64870	6.64144e-02
0.64920	6.74289e-02
0.64968	6.84346e-02
0.65014	6.94294e-02
0.65057	7.04112e-02
0.65098	7.13778e-02
0.65137	7.23274e-02
0.65173	7.32578e-02
0.65206	7.41673e-02
0.65237	7.50539e-02
0.65265	7.59159e-02
0.65289	7.67516e-02
0.65311	7.75594e-02
0.65331	7.83377e-02
0.65347	7.90852e-02
0.65359	7.98005e-02
0.65369	8.04824e-02
0.65376	8.11297e-02
0.65379	8.17414e-02
0.65413	8.24510e-02
0.65432	8.30836e-02
0.65438	8.36410e-02
0.65435	8.41372e-02
0.65426	8.45809e-02
0.65412	8.49764e-02
0.65393	8.53257e-02
0.65370	8.56298e-02
0.65343	8.58894e-02
0.65312	8.61052e-02
0.65276	8.62777e-02
0.65237	8.64077e-02
0.65195	8.64958e-02
0.65149	8.65430e-02
0.65099	8.65502e-02
0.65046	8.65182e-02
0.64990	8.64483e-02
0.64931	8.63414e-02
0.64868	8.61989e-02
0.64803	8.60220e-02
0.64736	8.58121e-02
0.64665	8.55705e-02
0.64592	8.52986e-02
0.64520	8.49655e-02
0.64445	8.46152e-02
0.64367	8.42428e-02
0.64286	8.38467e-02
0.64204	8.34271e-02
0.64118	8.30296e-02
0.64029	8.26150e-02
0.63939	8.21851e-02
0.63848	8.17414e-02
0.63754	8.12855e-02
0.63659	8.08186e-02
0.63563	8.03417e-02
0.63466	7.98555e-02
0.63368	7.93608e-02
0.63269	7.88583e-02
0.63170	7.83493e-02
0.63070	7.78349e-02
0.62969	7.73171e-02
0.62869	7.67977e-02
0.62768	7.62792e-02
0.62666	7.57638e-02
0.62565	7.52540e-02
0.62461	7.47733e-02
0.62357	7.43065e-02
0.62253	7.38544e-02
0.62148	7.34175e-02
0.62059	7.29624e-02
0.61964	7.25229e-02
0.61866	7.20961e-02
0.61769	7.16810e-02
0.61672	7.12774e-02
0.61575	7.08816e-02
0.61480	7.04970e-02
0.61385	7.01234e-02
0.61291	6.97606e-02
0.61199	6.94085e-02
0.61107	6.90671e-02
0.61017	6.87361e-02
0.60929	6.84156e-02
0.60843	6.81056e-02
0.60758	6.78061e-02
0.60675	6.75172e-02
0.60594	6.72390e-02
0.60515	6.69717e-02
0.60439	6.67157e-02
0.60365	6.64713e-02
0.60294	6.62388e-02
0.60225	6.60188e-02
0.60159	6.58121e-02
0.60096	6.56190e-02
0.60035	6.54402e-02
0.59978	6.52766e-02
0.59924	6.51288e-02
0.59872	6.49978e-02
0.59824	6.48844e-02
0.59779	6.47896e-02
0.59737	6.47143e-02
0.59698	6.46594e-02
0.59662	6.46258e-02
0.59630	6.46145e-02
0.59601	6.46262e-02
0.59575	6.46619e-02
0.59552	6.47217e-02
0.59532	6.48071e-02
0.59516	6.49186e-02
0.59502	6.50567e-02
0.59492	6.52220e-02
0.59485	6.54146e-02
0.59481	6.56347e-02
0.59480	6.58824e-02
0.59482	6.61574e-02
0.59486	6.64595e-02
0.59494	6.67884e-02
0.59515	6.73180e-02
0.59538	6.78473e-02
0.59563	6.83934e-02
0.59590	6.89643e-02
0.59619	6.95519e-02
0.59652	7.01650e-02
0.59686	7.08022e-02
0.59724	7.14600e-02
0.59763	7.21334e-02
0.59803	7.28165e-02
0.59845	7.35033e-02
0.59887	7.41881e-02
0.59930	7.48659e-02
0.59973	7.55328e-02
0.60016	7.61859e-02
0.60058	7.68232e-02
0.60100	7.74437e-02
0.60142	7.80468e-02
0.60183	7.86323e-02
0.60223	7.92004e-02
0.60263	7.97510e-02
0.60303	8.02843e-02
0.60341	8.08004e-02
0.60379	8.12992e-02
0.60416	8.17806e-02
0.60452	8.22443e-02
0.60487	8.26900e-02
0.60535	8.30483e-02
0.60580	8.34011e-02
0.60623	8.37448e-02
0.60663	8.40767e-02
0.60702	8.43947e-02
0.60795	8.41734e-02
0.60872	8.40878e-02
0.60933	8.41154e-02
0.60986	8.41891e-02
0.61033	8.42740e-02
0.61077	8.43569e-02
0.61118	8.44327e-02
0.61155	8.44982e-02
0.61190	8.45514e-02
0.61222	8.45905e-02
0.61251	8.46141e-02
0.61278	8.46212e-02
0.61302	8.46111e-02
0.61323	8.45833e-02
0.61342	8.45375e-02
0.61357	8.44733e-02
0.61369	8.43907e-02
0.61378	8.42940e-02
0.61383	8.41800e-02
0.61385	8.40486e-02
0.61383	8.38968e-02
0.61417	8.36159e-02
0.61443	8.33657e-02
0.61455	8.31499e-02
0.61455	8.29475e-02
0.61447	8.27454e-02
0.61435	8.25382e-02
0.61417	8.23235e-02
0.61397	8.21006e-02
0.61372	8.18689e-02
0.61345	8.16282e-02
0.61314	8.13785e-02
0.61281	8.11200e-02
0.61246	8.08531e-02
0.61208	8.05782e-02
0.61168	8.02960e-02
0.61126	8.00074e-02
0.61083	7.97132e-02
0.61039	7.94145e-02
0.60994	7.91123e-02
0.60947	7.88078e-02
0.60900	7.85021e-02
0.60852	7.81964e-02
0.60804	7.78886e-02
0.60755	7.75828e-02
0.60706	7.72803e-02
0.60657	7.69822e-02
0.60608	7.66898e-02
0.60559	7.64040e-02
0.60509	7.61403e-02
0.60458	7.58886e-02
0.60424	7.58008e-02
0.60389	7.57112e-02
0.60354	7.56276e-02
0.60322	7.55508e-02
0.60292	7.54788e-02
0.60265	7.54083e-02
0.60240	7.53405e-02
0.60219	7.52691e-02
0.60201	7.51921e-02
0.60187	7.51094e-02
0.60176	7.50220e-02
0.60167	7.49323e-02
0.60160	7.48431e-02
0.60154	7.47574e-02
0.60149	7.46776e-02
0.60145	7.46061e-02
0.60140	7.45444e-02
0.60135	7.44940e-02
0.60130	7.44558e-02
0.60124	7.44305e-02
0.60118	7.44188e-02
0.60129	7.44474e-02
0.60138	7.44833e-02
0.60146	7.45278e-02
0.60154	7.45819e-02
0.60161	7.46461e-02
0.60168	7.47209e-02
0.60175	7.48066e-02
0.60182	7.49034e-02
0.60189	7.50114e-02
0.60196	7.51307e-02
0.60204	7.52612e-02
0.60212	7.54030e-02
0.60221	7.55558e-02
0.60230	7.57194e-02
0.60240	7.58937e-02
0.60250	7.60782e-02
0.60262	7.62728e-02
0.60274	7.64769e-02
0.60286	7.66902e-02
0.60300	7.69122e-02
0.60314	7.71425e-02
0.60329	7.73804e-02
0.60345	7.76253e-02
0.60362	7.78768e-02
0.60380	7.81341e-02
0.60398	7.83966e-02
0.60418	7.86636e-02
0.60438	7.89343e-02
0.60459	7.92081e-02
0.60481	7.94842e-02
0.60503	7.97618e-02
0.60527	8.00402e-02
0.60551	8.03186e-02
0.60575	8.05961e-02
0.60601	8.08721e-02
0.60627	8.11457e-02
0.60654	8.14162e-02
0.60682	8.16829e-02
0.60710	8.19450e-02
0.60738	8.22019e-02
0.60768	8.24529e-02
0.60797	8.26973e-02
0.60828	8.29346e-02
0.60858	8.31642e-02
0.60889	8.33857e-02
0.60928	8.34995e-02
0.60967	8.36075e-02
0.61007	8.37027e-02
0.61067	8.41893e-02
0.61121	8.45183e-02
0.61172	8.47420e-02
0.61220	8.48853e-02
0.61266	8.49615e-02
0.61311	8.49801e-02
0.61353	8.49490e-02
0.61394	8.48757e-02
0.61433	8.47669e-02
0.61471	8.46285e-02
0.61507	8.44657e-02
0.61542	8.42831e-02
0.61576	8.40846e-02
0.61609	8.38738e-02
0.61640	8.36537e-02
0.61671	8.34270e-02
0.61700	8.31959e-02
0.61728	8.29625e-02
0.61755	8.27285e-02
0.61781	8.24953e-02
0.61806	8.22642e-02
0.61829	8.20362e-02
0.61852	8.18121e-02
0.61874	8.15931e-02
0.61894	8.13792e-02
0.61913	8.11706e-02
0.61931	8.09675e-02
0.61949	8.07699e-02
0.61964	8.05738e-02
0.61977	8.04039e-02
0.61989	8.02415e-02
0.61998	8.00724e-02
0.62027	7.96396e-02
0.62049	7.92731e-02
0.62069	7.89342e-02
0.62086	7.86110e-02
0.62101	7.82999e-02
0.62124	7.79439e-02
0.62144	7.76071e-02
0.62160	7.72922e-02
0.62173	7.69945e-02
0.62184	7.67089e-02
0.62193	7.64318e-02
0.62200	7.61604e-02
0.62207	7.58927e-02
0.62212	7.56269e-02
0.62216	7.53616e-02
0.62219	7.50954e-02
0.62221	7.48273e-02
0.62223	7.45563e-02
0.62224	7.42817e-02
0.62225	7.40028e-02
0.62224	7.37147e-02
0.62222	7.34204e-02
0.62220	7.31200e-02
0.62217	7.28135e-02
0.62213	7.25007e-02
0.62209	7.21816e-02
0.62204	7.18563e-02
0.62199	7.15248e-02
0.62194	7.11873e-02
0.62188	7.08438e-02
0.62182	7.04947e-02
0.62175	7.01401e-02
0.62169	6.97804e-02
0.62162	6.94159e-02
0.62155	6.90472e-02
0.62149	6.86745e-02
0.62142	6.82984e-02
0.62136	6.79195e-02
0.62130	6.75382e-02
0.62124	6.71553e-02
0.62118	6.67711e-02
0.62113	6.63864e-02
0.62109	6.60018e-02
0.62103	6.55976e-02
0.62098	6.51930e-02
0.62093	6.47894e-02
0.62089	6.43878e-02
0.62085	6.39891e-02
0.62083	6.35943e-02
0.62081	6.32040e-02
0.62080	6.28193e-02
0.62080	6.24407e-02
0.62082	6.20690e-02
0.62084	6.17050e-02
0.62087	6.13493e-02
0.62091	6.10027e-02
0.62097	6.06657e-02
0.62104	6.03390e-02
0.62112	6.00232e-02
0.62121	5.97188e-02
0.62131	5.94264e-02
0.62143	5.91463e-02
0.62156	5.88792e-02
0.62170	5.86254e-02
0.62186	5.83852e-02
0.62202	5.81590e-02
0.62220	5.79472e-02
0.62239	5.77499e-02
0.62259	5.75629e-02
0.62280	5.73921e-02
0.62302	5.72367e-02
0.62325	5.70967e-02
0.62349	5.69719e-02
0.62375	5.68622e-02
0.62401	5.67677e-02
0.62427	5.66881e-02
0.62455	5.66232e-02
0.62483	5.65729e-02
0.62512	5.65368e-02
0.62542	5.65146e-02
0.62572	5.65059e-02
0.62602	5.65103e-02
0.62633	5.65273e-02
0.62663	5.65520e-02
0.62693	5.65871e-02
0.62723	5.66322e-02
0.62753	5.66878e-02
0.62782	5.67522e-02
0.62811	5.68249e-02
0.62840	5.69051e-02
0.62868	5.69923e-02
0.62895	5.70867e-02
0.62921	5.71869e-02
0.62947	5.72919e-02
0.62995	5.74968e-02
0.63041	5.77120e-02
0.63087	5.79364e-02
0.63132	5.81672e-02
0.63175	5.84009e-02
0.63214	5.86237e-02
0.63250	5.88398e-02
0.63283	5.90456e-02
0.63312	5.92382e-02
0.63337	5.94157e-02
0.63358	5.95767e-02
0.63375	5.97310e-02
0.63388	5.98694e-02
0.63398	5.99921e-02
0.63404	6.00998e-02
0.63407	6.01932e-02
0.63407	6.02730e-02
0.63405	6.03399e-02
0.63400	6.03945e-02
0.63392	6.04373e-02
0.63381	6.04690e-02
0.63368	6.04897e-02
0.63353	6.04999e-02
0.63335	6.04998e-02
0.63316	6.04897e-02
0.63294	6.04696e-02
0.63301	6.08504e-02
0.63293	6.10773e-02
0.63252	6.10225e-02
0.63205	6.09311e-02
0.63157	6.08303e-02
0.63109	6.07351e-02
0.63062	6.06542e-02
0.63017	6.05925e-02
0.62976	6.05522e-02
0.62938	6.05337e-02
0.62903	6.05366e-02
0.62872	6.05599e-02
0.62843	6.06028e-02
0.62816	6.06645e-02
0.62791	6.07438e-02
0.62766	6.08396e-02
0.62742	6.09503e-02
0.62718	6.10742e-02
0.62694	6.12096e-02
0.62669	6.13550e-02
0.62642	6.15088e-02
0.62615	6.16698e-02
0.62586	6.18369e-02
0.62555	6.20116e-02
0.62523	6.21907e-02
0.62489	6.23734e-02
0.62454	6.25591e-02
0.62417	6.27471e-02
0.62379	6.29368e-02
0.62340	6.31275e-02
0.62299	6.33188e-02
0.62256	6.35102e-02
0.62213	6.37011e-02
0.62168	6.38912e-02
0.62122	6.40801e-02
0.62075	6.42675e-02
0.62027	6.44532e-02
0.61978	6.46368e-02
0.61929	6.48181e-02
0.61878	6.49970e-02
0.61827	6.51734e-02
0.61775	6.53470e-02
0.61723	6.55179e-02
0.61670	6.56859e-02
0.61617	6.58510e-02
0.61563	6.60131e-02
0.61509	6.61723e-02
0.61455	6.63285e-02
0.61400	6.64709e-02
0.61344	6.66119e-02
0.61287	6.67519e-02
0.61231	6.68882e-02
0.61174	6.70208e-02
0.61117	6.71497e-02
0.61061	6.72749e-02
0.61005	6.73963e-02
0.60949	6.75140e-02
0.60894	6.76279e-02
0.60839	6.77379e-02
0.60784	6.78442e-02
0.60730	6.79465e-02
0.60677	6.80449e-02
0.60625	6.81394e-02
0.60573	6.82300e-02
0.60522	6.83165e-02
0.60473	6.83991e-02
0.60450	6.81953e-02
0.60428	6.80045e-02
0.60404	6.78239e-02
0.60380	6.76523e-02
0.60356	6.74897e-02
0.60332	6.73359e-02
0.60307	6.71910e-02
0.60282	6.70551e-02
0.60258	6.69279e-02
0.60233	6.68093e-02
0.60209	6.66993e-02
0.60185	6.65975e-02
0.60162	6.65037e-02
0.60139	6.64177e-02
0.60117	6.63393e-02
0.60096	6.62683e-02
0.60076	6.62046e-02
0.60057	6.61481e-02
0.60040	6.60988e-02
0.60021	6.60674e-02
0.60003	6.60449e-02
0.59985	6.60306e-02
0.59969	6.60244e-02
0.59954	6.60260e-02
0.59941	6.60353e-02
0.59929	6.60526e-02
0.59918	6.60777e-02
0.59909	6.61108e-02
0.59902	6.61521e-02
0.59896	6.62016e-02
0.59891	6.62597e-02
0.59889	6.63263e-02
0.59888	6.64016e-02
0.59888	6.64858e-02
0.59890	6.65704e-02
0.59893	6.66615e-02
0.59896	6.67464e-02
0.59900	6.68381e-02
0.59905	6.69374e-02
0.59912	6.70444e-02
0.59919	6.71610e-02
0.59928	6.72858e-02
0.59938	6.74185e-02
0.59949	6.75588e-02
0.59961	6.77057e-02
0.59975	6.78596e-02
0.59989	6.80201e-02
0.60005	6.81867e-02
0.60064	6.82547e-02
0.60112	6.83684e-02
0.60154	6.85060e-02
0.60194	6.86563e-02
0.60232	6.88140e-02
0.60270	6.89765e-02
0.60308	6.91418e-02
0.60346	6.93085e-02
0.60384	6.94751e-02
0.60421	6.96410e-02
0.60459	6.98044e-02
0.60497	6.99642e-02
0.60535	7.01194e-02
0.60573	7.02691e-02
0.60611	7.04124e-02
0.60649	7.05486e-02
0.60688	7.06789e-02
0.60726	7.08006e-02
0.60765	7.09131e-02
0.60804	7.10159e-02
0.60844	7.11087e-02
0.60884	7.11911e-02
0.60924	7.12628e-02
0.60965	7.13236e-02
0.61005	7.13734e-02
0.61047	7.14121e-02
0.61088	7.14398e-02
0.61130	7.14566e-02
0.61172	7.14628e-02
0.61215	7.14586e-02
0.61258	7.14444e-02
0.61300	7.14088e-02
0.61342	7.13617e-02
0.61385	7.13040e-02
0.61427	7.12367e-02
0.61470	7.11607e-02
0.61512	7.10769e-02
0.61555	7.09862e-02
0.61597	7.08896e-02
0.61640	7.07882e-02
0.61682	7.06831e-02
0.61724	7.05756e-02
0.61766	7.04668e-02
0.61808	7.03581e-02
0.61850	7.02507e-02
0.61891	7.01461e-02
0.61932	7.00455e-02
0.61973	6.99505e-02
0.62014	6.98623e-02
0.62054	6.97824e-02
0.62093	6.97109e-02
0.62132	6.96499e-02
0.62170	6.96010e-02
0.62207	6.95654e-02
0.62244	6.95443e-02
0.62280	6.95391e-02
0.62316	6.95506e-02
0.62350	6.95800e-02
0.62384	6.96281e-02
0.62417	6.96957e-02
0.62449	6.97833e-02
0.62480	6.98917e-02
0.62511	7.00211e-02
0.62540	7.01718e-02
0.62568	7.03441e-02
0.62595	7.05378e-02
0.62621	7.07528e-02
0.62646	7.09890e-02
0.62670	7.12457e-02
0.62693	7.15226e-02
0.62714	7.18189e-02
0.62735	7.21338e-02
0.62754	7.24663e-02
0.62772	7.28156e-02
0.62788	7.31802e-02
0.62804	7.35591e-02
0.62818	7.39509e-02
0.62831	7.43542e-02
0.62842	7.47674e-02
0.62853	7.51890e-02
0.62862	7.56173e-02
0.62870	7.60507e-02
0.62877	7.64875e-02
0.62882	7.69259e-02
0.62887	7.73642e-02
0.62890	7.78006e-02
0.62892	7.82321e-02
0.62893	7.86582e-02
0.62893	7.90770e-02
0.62892	7.94870e-02
0.62890	7.98864e-02
0.62887	8.02735e-02
0.62882	8.06526e-02
0.62877	8.10174e-02
0.62870	8.13662e-02
0.62863	8.16974e-02
0.62855	8.20097e-02
0.62846	8.23016e-02
0.62836	8.25718e-02
0.62826	8.28192e-02
0.62813	8.30351e-02
0.62800	8.32248e-02
0.62786	8.33879e-02
0.62772	8.35238e-02
0.62756	8.36321e-02
0.62740	8.37124e-02
0.62724	8.37643e-02
0.62707	8.37879e-02
0.62690	8.37829e-02
0.62691	8.38279e-02
0.62686	8.38194e-02
0.62677	8.37709e-02
0.62666	8.36886e-02
0.62655	8.35757e-02
0.62643	8.34337e-02
0.62630	8.32640e-02
0.62614	8.30546e-02
0.62597	8.28184e-02
0.62580	8.25572e-02
0.62562	8.22723e-02
0.62544	8.19654e-02
0.62525	8.16380e-02
0.62505	8.12921e-02
0.62485	8.09294e-02
0.62464	8.05520e-02
0.62443	8.01619e-02
0.62421	7.97612e-02
0.62398	7.93521e-02
0.62376	7.89367e-02
0.62352	7.85173e-02
0.62328	7.80959e-02
0.62328	7.80499e-02
0.62321	7.79303e-02
0.62311	7.77721e-02
0.62299	7.75949e-02
0.62285	7.74111e-02
0.62269	7.72237e-02
0.62252	7.70362e-02
0.62234	7.68513e-02
0.62214	7.66710e-02
0.62194	7.64971e-02
0.62172	7.63309e-02
0.62149	7.61737e-02
0.62124	7.60263e-02
0.62099	7.58892e-02
0.62073	7.57628e-02
0.62046	7.56471e-02
0.62017	7.55422e-02
0.61988	7.54475e-02
0.61958	7.53626e-02
0.61926	7.52861e-02
0.61894	7.52179e-02
0.61859	7.51644e-02
0.61824	7.51172e-02
0.61787	7.50751e-02
0.61750	7.50368e-02
0.61711	7.50009e-02
0.61672	7.49661e-02
0.61631	7.49308e-02
0.61590	7.48935e-02
0.61548	7.48529e-02
0.61505	7.48074e-02
0.61462	7.47555e-02
0.61417	7.46959e-02
0.61372	7.46271e-02
0.61372	7.37761e-02
0.61362	7.30870e-02
0.61338	7.26055e-02
0.61306	7.22444e-02
0.61269	7.19372e-02
0.61230	7.16515e-02
0.61188	7.13729e-02
0.61146	7.10941e-02
0.61102	7.08106e-02
0.61057	7.05192e-02
0.61012	7.02176e-02
0.60965	6.99038e-02
0.60919	6.95761e-02
0.60871	6.92334e-02
0.60824	6.88746e-02
0.60776	6.84989e-02
0.60729	6.81059e-02
0.60681	6.76953e-02
0.60634	6.72669e-02
0.60586	6.68209e-02
0.60539	6.63574e-02
0.60491	6.58553e-02
0.60443	6.53353e-02
0.60394	6.47983e-02
0.60346	6.42456e-02
0.60298	6.36783e-02
0.60251	6.30973e-02
0.60204	6.25038e-02
0.60158	6.18990e-02
0.60112	6.12842e-02
0.60067	6.06607e-02
0.60024	6.00299e-02
0.59981	5.93931e-02
0.59939	5.87518e-02
0.59897	5.81075e-02
0.59857	5.74637e-02
0.59818	5.68199e-02
0.59780	5.61777e-02
0.59742	5.55385e-02
0.59706	5.49037e-02
0.59671	5.42746e-02
0.59638	5.36526e-02
0.59605	5.30389e-02
0.59574	5.24346e-02
0.59544	5.18380e-02
0.59514	5.12519e-02
0.59486	5.06770e-02
0.59459	5.01139e-02
0.59434	4.95631e-02
0.59409	4.90251e-02
0.59387	4.84999e-02
0.59364	4.79794e-02
0.59343	4.74712e-02
0.59323	4.69757e-02
0.59304	4.64928e-02
0.59283	4.60274e-02
0.59266	4.55707e-02
0.59254	4.51202e-02
0.59249	4.46755e-02
0.59249	4.42394e-02
0.59253	4.38148e-02
0.59260	4.34039e-02
0.59269	4.30073e-02
0.59281	4.26254e-02
0.59295	4.22580e-02
0.59310	4.19048e-02
0.59326	4.15621e-02
0.59344	4.12330e-02
0.59363	4.09166e-02
0.59383	4.06116e-02
0.59403	4.03249e-02
0.59425	4.00473e-02
0.59447	3.97774e-02
0.59469	3.95145e-02
0.59493	3.92576e-02
0.59516	3.90063e-02
0.59540	3.87604e-02
0.59565	3.85202e-02
0.59590	3.82861e-02
0.59615	3.80589e-02
0.59640	3.78397e-02
0.59666	3.76298e-02
0.59692	3.74310e-02
0.59718	3.72451e-02
0.59745	3.70743e-02
0.59772	3.69208e-02
0.59798	3.67872e-02
0.59825	3.66759e-02
0.59852	3.65897e-02
0.59879	3.65311e-02
0.59907	3.65029e-02
0.59934	3.65074e-02
0.59961	3.65472e-02
0.59988	3.66244e-02
0.60014	3.67409e-02
0.60041	3.68986e-02
0.60067	3.70986e-02
0.60093	3.73422e-02
0.60119	3.76298e-02
0.60144	3.79617e-02
0.60167	3.83466e-02
0.60190	3.87748e-02
0.60212	3.92451e-02
0.60234	3.97561e-02
0.60254	4.03061e-02
0.60274	4.08931e-02
0.60293	4.15149e-02
0.60312	4.21688e-02
0.60329	4.28525e-02
0.60346	4.35629e-02
0.60361	4.42972e-02
0.60376	4.50524e-02
0.60390	4.58254e-02
0.60403	4.66131e-02
0.60414	4.74125e-02
0.60425	4.82205e-02
0.60435	4.90339e-02
0.60444	4.98499e-02
0.60451	5.06654e-02
0.60458	5.14777e-02
0.60463	5.22840e-02
0.60468	5.30815e-02
0.60471	5.38677e-02
0.60472	5.46480e-02
0.60472	5.54141e-02
0.60471	5.61634e-02
0.60469	5.68935e-02
0.60465	5.76023e-02
0.60461	5.82879e-02
0.60455	5.89482e-02
0.60448	5.95817e-02
0.60440	6.01867e-02
0.60430	6.07617e-02
0.60420	6.13054e-02
0.60409	6.18166e-02
0.60397	6.22944e-02
0.60383	6.27377e-02
0.60369	6.31457e-02
0.60354	6.35176e-02
0.60338	6.38529e-02
0.60321	6.41511e-02
0.60303	6.44121e-02
0.60285	6.46355e-02
0.60266	6.48214e-02
0.60245	6.49800e-02
0.60224	6.51035e-02
0.60202	6.51922e-02
0.60179	6.52464e-02
0.60156	6.52666e-02
0.60132	6.52534e-02
0.60107	6.52076e-02
0.60088	6.51583e-02
0.60070	6.50766e-02
0.60053	6.49677e-02
0.60039	6.48356e-02
0.60028	6.46840e-02
0.60019	6.45155e-02
0.60012	6.43325e-02
0.60006	6.41368e-02
0.60001	6.39298e-02
0.59998	6.37125e-02
0.59995	6.34859e-02
0.59992	6.32506e-02
0.59990	6.30071e-02
0.59987	6.27559e-02
0.59985	6.24972e-02
0.59982	6.22236e-02
0.59979	6.19417e-02
0.59976	6.16522e-02
0.59973	6.13555e-02
0.59969	6.10518e-02
0.59966	6.07418e-02
0.59962	6.04260e-02
0.59958	6.01048e-02
0.59953	5.97789e-02
0.59949	5.94489e-02
0.59944	5.91154e-02
0.59939	5.87792e-02
0.59933	5.84409e-02
0.59928	5.81011e-02
0.59922	5.77605e-02
0.59917	5.74196e-02
0.59911	5.70789e-02
0.59906	5.67390e-02
0.59900	5.64002e-02
0.59895	5.60628e-02
0.59890	5.57272e-02
0.59885	5.53937e-02
0.59879	5.50630e-02
0.59875	5.47355e-02
0.59870	5.44109e-02
0.59867	5.40893e-02
0.59864	5.37707e-02
0.59861	5.34548e-02
0.59859	5.31415e-02
0.59858	5.28308e-02
0.59858	5.25224e-02
0.59858	5.22160e-02
0.59859	5.19117e-02
0.59861	5.16091e-02
0.59864	5.13089e-02
0.59867	5.10101e-02
0.59871	5.07126e-02
0.59876	5.04165e-02
0.59881	5.01218e-02
0.59887	4.98284e-02
0.59894	4.95366e-02
0.59901	4.92465e-02
0.59909	4.89582e-02
0.59918	4.86721e-02
0.59927	4.83884e-02
0.59936	4.81076e-02
0.59946	4.78301e-02
0.59956	4.75564e-02
0.59967	4.72870e-02
0.59978	4.70225e-02
0.59989	4.67636e-02
0.60000	4.65109e-02
0.60011	4.62651e-02
0.60023	4.60270e-02
0.60034	4.57974e-02
0.60044	4.55594e-02
0.60054	4.53309e-02
0.60063	4.51130e-02
0.60073	4.49065e-02
0.60081	4.47122e-02
0.60090	4.45310e-02
0.60098	4.43634e-02
0.60105	4.42103e-02
0.60112	4.40722e-02
0.60119	4.39498e-02
0.60124	4.38436e-02
0.60129	4.37542e-02
0.60133	4.36821e-02
0.60136	4.36276e-02
0.60138	4.35956e-02
0.60138	4.35834e-02
0.60137	4.35909e-02
0.60135	4.36182e-02
0.60132	4.36655e-02
0.60126	4.37119e-02
0.60118	4.37753e-02
0.60109	4.38566e-02
0.60099	4.39559e-02
0.60087	4.40732e-02
0.60074	4.42084e-02
0.60060	4.43610e-02
0.60044	4.45308e-02
0.60026	4.47235e-02
0.60007	4.49332e-02
0.59986	4.51592e-02
0.59963	4.53885e-02
0.59950	4.57849e-02
0.59931	4.61346e-02
0.59908	4.64587e-02
0.59881	4.67671e-02
0.59850	4.70691e-02
0.59818	4.73679e-02
0.59783	4.76648e-02
0.59746	4.79602e-02
0.59707	4.82543e-02
0.59666	4.85467e-02
0.59623	4.88374e-02
0.59578	4.91258e-02
0.59532	4.94117e-02
0.59484	4.96945e-02
0.59433	4.99718e-02
0.59380	5.02444e-02
0.59325	5.05116e-02
0.59269	5.07730e-02
0.59212	5.10279e-02
0.59153	5.12759e-02
0.59093	5.15163e-02
0.59031	5.17487e-02
0.58969	5.19726e-02
0.58905	5.21873e-02
0.58841	5.23926e-02
0.58776	5.25880e-02
0.58711	5.27731e-02
0.58645	5.29476e-02
0.58578	5.31113e-02
0.58511	5.32638e-02
0.58444	5.34051e-02
0.58377	5.35351e-02
0.58310	5.36537e-02
0.58243	5.37611e-02
0.58177	5.38574e-02
0.58111	5.39433e-02
0.58045	5.40190e-02
0.57980	5.40848e-02
0.57916	5.41415e-02
0.57853	5.41897e-02
0.57791	5.42305e-02
0.57730	5.42650e-02
0.57671	5.42947e-02
0.57614	5.43213e-02
0.57559	5.43468e-02
0.57506	5.43735e-02
0.57455	5.44042e-02
0.57407	5.44418e-02
0.57391	5.42148e-02
0.57378	5.40065e-02
0.57367	5.38371e-02
0.57357	5.37094e-02
0.57350	5.36193e-02
0.57346	5.35625e-02
0.57344	5.35354e-02
0.57344	5.35342e-02
0.57346	5.35539e-02
0.57349	5.35886e-02
0.57352	5.36319e-02
0.57355	5.36781e-02
0.57358	5.37227e-02
0.57360	5.37626e-02
0.57363	5.37963e-02
0.57366	5.38238e-02
0.57369	5.38459e-02
0.57372	5.38640e-02
0.57377	5.38801e-02
0.57383	5.38963e-02
0.57391	5.39145e-02
0.57401	5.39368e-02
0.57413	5.39648e-02
0.57426	5.39931e-02
0.57442	5.40276e-02
0.57459	5.40697e-02
0.57480	5.41204e-02
0.57503	5.41802e-02
0.57529	5.42496e-02
0.57558	5.43288e-02
0.57589	5.44179e-02
0.57624	5.45168e-02
0.57661	5.46252e-02
0.57701	5.47429e-02
0.57744	5.48693e-02
0.57789	5.50071e-02
0.57836	5.51522e-02
0.57886	5.53040e-02
0.57938	5.54617e-02
0.57993	5.56243e-02
0.58051	5.57910e-02
0.58110	5.59609e-02
0.58172	5.61331e-02
0.58236	5.63065e-02
0.58302	5.64820e-02
0.58370	5.66572e-02
0.58439	5.68309e-02
0.58510	5.70020e-02
0.58611	5.68256e-02
0.58702	5.67885e-02
0.58788	5.68284e-02
0.58870	5.69176e-02
0.58951	5.70273e-02
0.59031	5.71483e-02
0.59110	5.72756e-02
0.59189	5.74060e-02
0.59267	5.75372e-02
0.59345	5.76672e-02
0.59422	5.77944e-02
0.59498	5.79174e-02
0.59574	5.80349e-02
0.59649	5.81458e-02
0.59723	5.82494e-02
0.59797	5.83448e-02
0.59869	5.84313e-02
0.59940	5.85086e-02
0.60010	5.85684e-02
0.60078	5.86187e-02
0.60145	5.86591e-02
0.60211	5.86895e-02
0.60275	5.87096e-02
0.60338	5.87196e-02
0.60400	5.87196e-02
0.60459	5.87098e-02
0.60517	5.86905e-02
0.60573	5.86622e-02
0.60627	5.86252e-02
0.60679	5.85802e-02
0.60730	5.85276e-02
0.60778	5.84682e-02
0.60824	5.84026e-02
0.60867	5.83316e-02
0.60909	5.82559e-02
0.60948	5.81764e-02
0.60985	5.80939e-02
0.61020	5.80093e-02
0.61052	5.79235e-02
0.61081	5.78373e-02
0.61108	5.77518e-02
0.61133	5.76679e-02
0.61155	5.75864e-02
0.61174	5.75082e-02
0.61185	5.74020e-02
0.61192	5.73008e-02
0.61197	5.72056e-02
0.61198	5.71175e-02
0.61197	5.70372e-02
0.61194	5.69652e-02
0.61187	5.69023e-02
0.61178	5.68490e-02
0.61145	5.70321e-02
0.61114	5.71719e-02
0.61087	5.72444e-02
0.61066	5.72359e-02
0.61049	5.71534e-02
0.61036	5.70236e-02
0.61023	5.68803e-02
0.61009	5.67492e-02
0.60992	5.66432e-02
0.60972	5.65653e-02
0.60948	5.65137e-02
0.60923	5.64854e-02
0.60895	5.64778e-02
0.60865	5.64890e-02
0.60834	5.65181e-02
0.60801	5.65648e-02
0.60767	5.66295e-02
0.60732	5.67130e-02
0.60696	5.68167e-02
0.60659	5.69419e-02
0.60621	5.70900e-02
0.60582	5.72619e-02
0.60542	5.74581e-02
0.60500	5.76783e-02
0.60456	5.79209e-02
0.60410	5.81835e-02
0.60361	5.84625e-02
0.60309	5.87533e-02
0.60255	5.90513e-02
0.60197	5.93516e-02
0.60137	5.96496e-02
0.60073	5.99411e-02
0.60007	6.02229e-02
0.59938	6.04921e-02
0.59867	6.07467e-02
0.59794	6.09850e-02
0.59719	6.12059e-02
0.59642	6.14088e-02
0.59564	6.15931e-02
0.59485	6.17587e-02
0.59405	6.19055e-02
0.59325	6.20335e-02
0.59243	6.21430e-02
0.59162	6.22343e-02
0.59095	6.22937e-02
0.59024	6.23372e-02
0.58952	6.23640e-02
0.58877	6.23739e-02
0.58818	6.20793e-02
0.58754	6.18464e-02
0.58689	6.16355e-02
0.58623	6.14274e-02
0.58583	6.14791e-02
0.58540	6.14858e-02
0.58495	6.14610e-02
0.58450	6.14109e-02
0.58405	6.13387e-02
0.58359	6.12463e-02
0.58314	6.11354e-02
0.58269	6.10081e-02
0.58224	6.08664e-02
0.58179	6.07122e-02
0.58135	6.05477e-02
0.58092	6.03749e-02
0.58049	6.01961e-02
0.58007	6.00130e-02
0.57966	5.98238e-02
0.57926	5.96337e-02
0.57887	5.94445e-02
0.57849	5.92577e-02
0.57813	5.90749e-02
0.57779	5.88973e-02
0.57746	5.87265e-02
0.57714	5.85634e-02
0.57685	5.84093e-02
0.57657	5.82650e-02
0.57631	5.81317e-02
0.57607	5.80100e-02
0.57585	5.79007e-02
0.57566	5.78045e-02
0.57548	5.77221e-02
0.57533	5.76488e-02
0.57520	5.75906e-02
0.57510	5.75480e-02
0.57503	5.75219e-02
0.57498	5.75132e-02
0.57497	5.75228e-02
0.57498	5.75520e-02
0.57502	5.76021e-02
0.57508	5.76743e-02
0.57517	5.77696e-02
0.57527	5.78886e-02
0.57538	5.80368e-02
0.57550	5.82093e-02
0.57562	5.84049e-02
0.57575	5.86223e-02
0.57588	5.88601e-02
0.57601	5.91168e-02
0.57614	5.93908e-02
0.57627	5.96810e-02
0.57640	5.99861e-02
0.57652	6.03051e-02
0.57665	6.06370e-02
0.57679	6.09810e-02
0.57692	6.13363e-02
0.57705	6.17024e-02
0.57719	6.20783e-02
0.57733	6.24633e-02
0.57747	6.28568e-02
0.57761	6.32582e-02
0.57776	6.36667e-02
0.57791	6.40818e-02
0.57805	6.45028e-02
0.57821	6.49290e-02
0.57836	6.53598e-02
0.57851	6.57946e-02
0.57867	6.62328e-02
0.57882	6.66738e-02
0.57898	6.71170e-02
0.57914	6.75617e-02
0.57929	6.80074e-02
0.57935	6.85024e-02
0.57939	6.89905e-02
0.57942	6.94818e-02
0.57944	6.99768e-02
0.57945	7.04756e-02
0.57945	7.09776e-02
0.57944	7.14804e-02
0.57944	7.19798e-02
0.57944	7.24689e-02
0.57947	7.29385e-02
0.57953	7.33791e-02
0.57965	7.37825e-02
0.57980	7.41338e-02
0.58002	7.44424e-02
0.58028	7.47113e-02
0.58060	7.49458e-02
0.58097	7.51525e-02
0.58136	7.53389e-02
0.58179	7.55129e-02
0.58223	7.56817e-02
0.58267	7.58508e-02
0.58310	7.60228e-02
0.58351	7.61976e-02
0.58422	7.66723e-02
0.58481	7.70640e-02
0.58531	7.74081e-02
0.58574	7.77073e-02
0.58612	7.79635e-02
0.58645	7.81761e-02
0.58674	7.83442e-02
0.58710	7.83558e-02
0.58743	7.83259e-02
0.58775	7.82496e-02
0.58805	7.81242e-02
0.58836	7.79495e-02
0.58866	7.77279e-02
0.58897	7.74634e-02
0.58929	7.71607e-02
0.58960	7.68253e-02
0.58992	7.64627e-02
0.59024	7.60780e-02
0.59056	7.56759e-02
0.59087	7.52602e-02
0.59119	7.48344e-02
0.59150	7.44011e-02
0.59185	7.39903e-02
0.59219	7.35754e-02
0.59253	7.31638e-02
0.59288	7.27592e-02
0.59324	7.23632e-02
0.59361	7.19757e-02
0.59397	7.15959e-02
0.59434	7.12222e-02
0.59471	7.08527e-02
0.59507	7.04857e-02
0.59541	7.01199e-02
0.59575	6.97544e-02
0.59608	6.93891e-02
0.59639	6.90241e-02
0.59670	6.86604e-02
0.59699	6.82990e-02
0.59727	6.79412e-02
0.59754	6.75886e-02
0.59780	6.72426e-02
0.59805	6.69049e-02
0.59830	6.65768e-02
0.59854	6.62629e-02
0.59878	6.59609e-02
0.59900	6.56653e-02
0.59922	6.53819e-02
0.59944	6.51119e-02
0.59963	6.48561e-02
0.59983	6.46135e-02
0.60002	6.43846e-02
0.60021	6.41693e-02
0.60039	6.39677e-02
0.60058	6.37798e-02
0.60076	6.36052e-02
0.60094	6.34437e-02
0.60112	6.32950e-02
0.60130	6.31585e-02
0.60148	6.30339e-02
0.60165	6.29206e-02
0.60183	6.28180e-02
0.60201	6.27255e-02
0.60219	6.26427e-02
0.60237	6.25688e-02
0.60255	6.25032e-02
0.60273	6.24454e-02
0.60291	6.23949e-02
0.60310	6.23509e-02
0.60328	6.23130e-02
0.60346	6.22808e-02
0.60365	6.22536e-02
0.60383	6.22311e-02
0.60402	6.22129e-02
0.60421	6.21986e-02
0.60440	6.21879e-02
0.60459	6.21804e-02
0.60477	6.21761e-02
0.60496	6.21797e-02
0.60514	6.21874e-02
0.60532	6.21987e-02
0.60549	6.22136e-02
0.60567	6.22320e-02
0.60585	6.22538e-02
0.60602	6.22791e-02
0.60619	6.23079e-02
0.60635	6.23403e-02
0.60652	6.23763e-02
0.60668	6.24161e-02
0.60683	6.24597e-02
0.60698	6.25051e-02
0.60712	6.25540e-02
0.60726	6.26065e-02
0.60739	6.26629e-02
0.60752	6.27233e-02
0.60763	6.27877e-02
0.60774	6.28562e-02
0.60785	6.29288e-02
0.60794	6.30054e-02
0.60803	6.30861e-02
0.60811	6.31707e-02
0.60818	6.32589e-02
0.60824	6.33507e-02
0.60828	6.34617e-02
0.60830	6.35790e-02
0.60831	6.37014e-02
0.60831	6.38283e-02
0.60830	6.39590e-02
0.60826	6.41023e-02
0.60821	6.42496e-02
0.60814	6.44000e-02
0.60806	6.45526e-02
0.60796	6.47068e-02
0.60785	6.48615e-02
0.60772	6.50160e-02
0.60758	6.51694e-02
0.60743	6.53209e-02
0.60725	6.54695e-02
0.60707	6.56145e-02
0.60687	6.57549e-02
0.60666	6.58900e-02
0.60643	6.60189e-02
0.60619	6.61408e-02
0.60597	6.62414e-02
0.60573	6.63373e-02
0.60547	6.64251e-02
0.60520	6.65026e-02
0.60493	6.65681e-02
0.60464	6.66198e-02
0.60436	6.66563e-02
0.60407	6.66763e-02
0.60378	6.66790e-02
0.60348	6.66578e-02
0.60318	6.66177e-02
0.60287	6.65555e-02
0.60255	6.64756e-02
0.60223	6.63796e-02
0.60189	6.62691e-02
0.60156	6.61458e-02
0.60121	6.60113e-02
0.60085	6.58667e-02
0.60047	6.57134e-02
0.60009	6.55524e-02
0.59970	6.53844e-02
0.59927	6.52271e-02
0.59882	6.50646e-02
0.59835	6.48582e-02
0.59787	6.46403e-02
0.59737	6.44128e-02
0.59699	6.42698e-02
0.59658	6.41092e-02
0.59616	6.39337e-02
0.59602	6.38784e-02
0.59582	6.38076e-02
0.59555	6.37006e-02
0.59521	6.35594e-02
0.59483	6.33945e-02
0.59443	6.32149e-02
0.59403	6.30268e-02
0.59362	6.28349e-02
0.59321	6.26423e-02
0.59281	6.24519e-02
0.59242	6.22655e-02
0.59203	6.20841e-02
0.59166	6.19077e-02
0.59129	6.17351e-02
0.59093	6.15648e-02
0.59056	6.13943e-02
0.59020	6.12212e-02
0.58985	6.10432e-02
0.58949	6.08586e-02
0.58913	6.06659e-02
0.58877	6.04645e-02
0.58841	6.02542e-02
0.58806	6.00353e-02
0.58772	5.98085e-02
0.58739	5.95752e-02
0.58707	5.93365e-02
0.58712	5.86791e-02
0.58707	5.81800e-02
0.58697	5.77619e-02
0.58686	5.73870e-02
0.58676	5.70396e-02
0.58667	5.67124e-02
0.58658	5.64003e-02
0.58651	5.60987e-02
0.58646	5.58025e-02
0.58641	5.55068e-02
0.58636	5.52069e-02
0.58633	5.48988e-02
0.58628	5.45766e-02
0.58623	5.42409e-02
0.58618	5.38899e-02
0.58615	5.35229e-02
0.58611	5.31393e-02
0.58609	5.27390e-02
0.58608	5.23223e-02
0.58608	5.18898e-02
0.58609	5.14420e-02
0.58611	5.09798e-02
0.58615	5.05039e-02
0.58620	5.00154e-02
0.58627	4.95152e-02
0.58615	4.93170e-02
0.58607	4.90608e-02
0.58607	4.87235e-02
0.58613	4.82906e-02
0.58627	4.77599e-02
0.58647	4.71434e-02
0.58673	4.64570e-02
0.58704	4.57196e-02
0.58739	4.49474e-02
0.58777	4.41532e-02
0.58817	4.33467e-02
0.58860	4.25357e-02
0.58904	4.17270e-02
0.58951	4.09267e-02
0.58999	4.01410e-02
0.59048	3.93758e-02
0.59098	3.86368e-02
0.59149	3.79297e-02
0.59200	3.72599e-02
0.59251	3.66323e-02
0.59301	3.60408e-02
0.59349	3.54960e-02
0.59397	3.50012e-02
0.59445	3.45590e-02
0.59491	3.41711e-02
0.59535	3.38389e-02
0.59579	3.35631e-02
0.59621	3.33437e-02
0.59662	3.31805e-02
0.59693	3.31208e-02
0.59728	3.30686e-02
0.59765	3.30326e-02
0.59803	3.30279e-02
0.59840	3.30660e-02
0.59875	3.31507e-02
0.59908	3.32801e-02
0.59940	3.34501e-02
0.59970	3.36565e-02
0.59998	3.38952e-02
0.60026	3.41631e-02
0.60052	3.44574e-02
0.60086	3.47824e-02
0.60119	3.51194e-02
0.60149	3.54578e-02
0.60178	3.58049e-02
0.60205	3.61589e-02
0.60230	3.65236e-02
0.60253	3.68923e-02
0.60273	3.72639e-02
0.60290	3.76405e-02
0.60303	3.80195e-02
0.60313	3.84003e-02
0.60319	3.87823e-02
0.60321	3.91645e-02
0.60326	3.95867e-02
0.60326	3.99954e-02
0.60321	4.03963e-02
0.60313	4.07901e-02
0.60302	4.11760e-02
0.60288	4.15529e-02
0.60271	4.19192e-02
0.60251	4.22735e-02
0.60229	4.26144e-02
0.60204	4.29403e-02
0.60177	4.32498e-02
0.60149	4.35416e-02
0.60118	4.38145e-02
0.60085	4.40673e-02
0.60051	4.42991e-02
0.60016	4.45090e-02
0.59979	4.46964e-02
0.59940	4.48605e-02
0.59901	4.50010e-02
0.59860	4.51177e-02
0.59818	4.52103e-02
0.59774	4.52659e-02
0.59729	4.52973e-02
0.59683	4.53052e-02
0.59636	4.52900e-02
0.59589	4.52524e-02
0.59541	4.51930e-02
0.59493	4.51127e-02
0.59445	4.50126e-02
0.59396	4.48936e-02
0.59347	4.47571e-02
0.59298	4.46044e-02
0.59250	4.44370e-02
0.59201	4.42566e-02
0.59152	4.40648e-02
0.59104	4.38635e-02
0.59056	4.36547e-02
0.59008	4.34403e-02
0.58961	4.32224e-02
0.58914	4.30033e-02
0.58868	4.27852e-02
0.58823	4.25703e-02
0.58777	4.23610e-02
0.58746	4.21615e-02
0.58713	4.19777e-02
0.58679	4.18105e-02
0.58644	4.16623e-02
0.58610	4.15342e-02
0.58576	4.14278e-02
0.58542	4.13449e-02
0.58508	4.12868e-02
0.58474	4.12640e-02
0.58441	4.12685e-02
0.58408	4.13010e-02
0.58376	4.13620e-02
0.58344	4.14521e-02
0.58313	4.15714e-02
0.58283	4.17198e-02
0.58253	4.18970e-02
0.58224	4.21022e-02
0.58196	4.23345e-02
0.58169	4.25926e-02
0.58143	4.28749e-02
0.58118	4.31793e-02
0.58094	4.35037e-02
0.58072	4.38454e-02
0.58051	4.42016e-02
0.58031	4.45691e-02
0.58013	4.49445e-02
0.57996	4.53245e-02
0.57982	4.57054e-02
0.57969	4.60840e-02
0.57958	4.64572e-02
0.57950	4.68222e-02
0.57943	4.71768e-02
0.57943	4.75388e-02
0.57960	4.79527e-02
0.57996	4.84414e-02
0.58043	4.89923e-02
0.58089	4.95406e-02
0.58125	5.00300e-02
0.58154	5.04531e-02
0.58178	5.08255e-02
0.58200	5.11615e-02
0.58220	5.14693e-02
0.58239	5.17528e-02
0.58258	5.20143e-02
0.58275	5.22526e-02
0.58293	5.24711e-02
0.58309	5.26699e-02
0.58325	5.28504e-02
0.58340	5.30135e-02
0.58383	5.29553e-02
0.58420	5.29460e-02
0.58454	5.29682e-02
0.58485	5.30086e-02
0.58514	5.30623e-02
0.58541	5.31255e-02
0.58568	5.31965e-02
0.58593	5.32744e-02
0.58616	5.33479e-02
0.58638	5.34285e-02
0.58659	5.35173e-02
0.58679	5.36153e-02
0.58698	5.37236e-02
0.58717	5.38434e-02
0.58735	5.39757e-02
0.58752	5.41215e-02
0.58769	5.42818e-02
0.58784	5.44573e-02
0.58799	5.46489e-02
0.58813	5.48569e-02
0.58826	5.50817e-02
0.58839	5.53236e-02
0.58850	5.55826e-02
0.58861	5.58584e-02
0.58871	5.61509e-02
0.58880	5.64594e-02
0.58888	5.67834e-02
0.58896	5.71219e-02
0.58903	5.74739e-02
0.58906	5.78942e-02
0.58908	5.83340e-02
0.58909	5.87898e-02
0.58909	5.92585e-02
0.58908	5.97373e-02
0.58906	6.02234e-02
0.58903	6.07146e-02
0.58900	6.12083e-02
0.58896	6.17026e-02
0.58892	6.21952e-02
0.58887	6.26842e-02
0.58881	6.31678e-02
0.58876	6.36440e-02
0.58869	6.41114e-02
0.58863	6.45684e-02
0.58857	6.50135e-02
0.58850	6.54454e-02
0.58863	6.60191e-02
0.58878	6.65944e-02
0.58895	6.71702e-02
0.58913	6.77440e-02
0.58931	6.83124e-02
0.58948	6.88364e-02
0.58963	6.93402e-02
0.58978	6.98207e-02
0.58992	7.02737e-02
0.59004	7.06952e-02
0.59014	7.10819e-02
0.59023	7.14311e-02
0.59030	7.17413e-02
0.59033	7.20223e-02
0.59035	7.22650e-02
0.59035	7.24701e-02
0.59033	7.26394e-02
0.59031	7.27750e-02
0.59027	7.28792e-02
0.59022	7.29547e-02
0.59017	7.30037e-02
0.59012	7.30290e-02
0.59006	7.30327e-02
0.59001	7.30171e-02
0.58995	7.29842e-02
0.58990	7.29359e-02
0.58985	7.28739e-02
0.58981	7.28000e-02
0.58977	7.27154e-02
0.58974	7.26216e-02
0.58971	7.25199e-02
0.58970	7.24113e-02
0.58969	7.22971e-02
0.58969	7.21782e-02
0.58970	7.20555e-02
0.58972	7.19300e-02
0.58975	7.18025e-02
0.58979	7.16739e-02
0.58984	7.15450e-02
0.58990	7.14164e-02
0.58997	7.12889e-02
0.59005	7.11633e-02
0.59014	7.10401e-02
0.59025	7.09200e-02
0.59036	7.08036e-02
0.59048	7.06916e-02
0.59061	7.05844e-02
0.59076	7.04827e-02
0.59091	7.03868e-02
0.59107	7.02986e-02
0.59123	7.02171e-02
0.59140	7.01347e-02
0.59158	7.00576e-02
0.59176	6.99870e-02
0.59193	6.99098e-02
0.59211	6.98392e-02
0.59230	6.97762e-02
0.59248	6.97162e-02
0.59266	6.96635e-02
0.59284	6.96182e-02
0.59303	6.95802e-02
0.59321	6.95496e-02
0.59374	6.92276e-02
0.59417	6.90150e-02
0.59455	6.88687e-02
0.59490	6.87643e-02
0.59522	6.86905e-02
0.59552	6.86415e-02
0.59580	6.86138e-02
0.59606	6.86043e-02
0.59630	6.86106e-02
0.59653	6.86304e-02
0.59673	6.86615e-02
0.59692	6.87018e-02
0.59708	6.87436e-02
0.59723	6.87913e-02
0.59736	6.88433e-02
0.59747	6.88981e-02
0.59756	6.89544e-02
0.59763	6.90110e-02
0.59769	6.90667e-02
0.59773	6.91205e-02
0.59775	6.91715e-02
0.59775	6.92225e-02
0.59772	6.92697e-02
0.59768	6.93125e-02
0.59762	6.93501e-02
0.59754	6.93820e-02
0.59744	6.94076e-02
0.59732	6.94266e-02
0.59717	6.94384e-02
0.59701	6.94427e-02
0.59683	6.94392e-02
0.59663	6.94277e-02
0.59641	6.94120e-02
0.59616	6.93843e-02
0.59590	6.93453e-02
0.59561	6.92953e-02
0.59530	6.92347e-02
0.59497	6.91636e-02
0.59462	6.90820e-02
0.59425	6.89900e-02
0.59386	6.88875e-02
0.59345	6.87746e-02
0.59302	6.86511e-02
0.59258	6.85156e-02
0.59212	6.83690e-02
0.59164	6.82111e-02
0.59114	6.80431e-02
0.59062	6.78634e-02
0.59009	6.76717e-02
0.58954	6.74677e-02
0.58899	6.72510e-02
0.58841	6.70238e-02
0.58783	6.67839e-02
0.58723	6.65310e-02
0.58663	6.62645e-02
0.58602	6.59841e-02
0.58540	6.56894e-02
0.58478	6.53803e-02
0.58415	6.50563e-02
0.58352	6.47175e-02
0.58289	6.43636e-02
0.58226	6.39945e-02
0.58162	6.36103e-02
0.58099	6.32111e-02
0.58036	6.27970e-02
0.57974	6.23682e-02
0.57912	6.19251e-02
0.57850	6.14682e-02
0.57789	6.09979e-02
0.57729	6.05150e-02
0.57670	6.00203e-02
0.57612	5.95146e-02
0.57555	5.89990e-02
0.57499	5.84747e-02
0.57445	5.79428e-02
0.57391	5.74049e-02
0.57340	5.68624e-02
0.57289	5.63171e-02
0.57240	5.57706e-02
0.57193	5.52249e-02
0.57147	5.46821e-02
0.57103	5.41441e-02
0.57061	5.36132e-02
0.57021	5.30917e-02
0.56982	5.25819e-02
0.56945	5.20863e-02
0.56910	5.16074e-02
0.56904	5.07097e-02
0.56899	4.98738e-02
0.56892	4.90687e-02
0.56886	4.83048e-02
0.56882	4.75832e-02
0.56879	4.69075e-02
0.56878	4.62823e-02
0.56878	4.57123e-02
0.56879	4.51970e-02
0.56881	4.47439e-02
0.56884	4.43554e-02
0.56887	4.40326e-02
0.56891	4.37759e-02
0.56894	4.35869e-02
0.56897	4.34627e-02
0.56900	4.34012e-02
0.56904	4.34003e-02
0.56909	4.34574e-02
0.56913	4.35699e-02
0.56919	4.37351e-02
0.56924	4.39499e-02
0.56930	4.42114e-02
0.56937	4.45168e-02
0.56944	4.48632e-02
0.56952	4.52475e-02
0.56960	4.56670e-02
0.56969	4.61190e-02
0.56978	4.66007e-02
0.56988	4.71095e-02
0.56998	4.76429e-02
0.57008	4.81985e-02
0.57019	4.87741e-02
0.57029	4.93674e-02
0.57040	4.99764e-02
0.57050	5.06124e-02
0.57060	5.12620e-02
0.57069	5.19231e-02
0.57079	5.25936e-02
0.57088	5.32718e-02
0.57097	5.39561e-02
0.57105	5.46434e-02
0.57113	5.53339e-02
0.57120	5.60266e-02
0.57128	5.67204e-02
0.57135	5.74145e-02
0.57141	5.81039e-02
0.57147	5.87921e-02
0.57152	5.94783e-02
0.57157	6.01618e-02
0.57162	6.08423e-02
0.57166	6.15193e-02
0.57169	6.21882e-02
0.57172	6.28529e-02
0.57174	6.35136e-02
0.57176	6.41699e-02
0.57177	6.48219e-02
0.57177	6.54546e-02
0.57176	6.60791e-02
0.57173	6.66952e-02
0.57186	6.71051e-02
0.57202	6.74653e-02
0.57218	6.77944e-02
0.57234	6.81104e-02
0.57247	6.84268e-02
0.57256	6.87535e-02
0.57261	6.90919e-02
0.57262	6.94422e-02
0.57258	6.98039e-02
0.57249	7.01766e-02
0.57234	7.05596e-02
0.57214	7.09518e-02
0.57189	7.13511e-02
0.57158	7.17549e-02
0.57122	7.21596e-02
0.57082	7.25617e-02
0.57037	7.29574e-02
0.56988	7.33433e-02
0.56936	7.37162e-02
0.56882	7.40733e-02
0.56824	7.44121e-02
0.56765	7.47305e-02
0.56704	7.50269e-02
0.56641	7.52998e-02
0.56577	7.55479e-02
0.56511	7.57705e-02
0.56445	7.59667e-02
0.56378	7.61361e-02
0.56311	7.62782e-02
0.56243	7.63928e-02
0.56175	7.64798e-02
0.56107	7.65391e-02
0.56039	7.65708e-02
0.55971	7.65750e-02
0.55904	7.65520e-02
0.55837	7.65020e-02
0.55770	7.64256e-02
0.55704	7.63231e-02
0.55639	7.61950e-02
0.55575	7.60420e-02
0.55512	7.58646e-02
0.55450	7.56636e-02
0.55389	7.54399e-02
0.55348	7.55086e-02
0.55316	7.56867e-02
0.55287	7.58804e-02
0.55257	7.60300e-02
0.55226	7.61149e-02
0.55193	7.61413e-02
0.55161	7.61185e-02
0.55129	7.60537e-02
0.55098	7.59523e-02
0.55068	7.58184e-02
0.55039	7.56556e-02
0.55010	7.54527e-02
0.54982	7.52251e-02
0.54956	7.49764e-02
0.54931	7.47094e-02
0.54909	7.44272e-02
0.54888	7.41325e-02
0.54870	7.38278e-02
0.54854	7.35156e-02
0.54840	7.31985e-02
0.54828	7.28787e-02
0.54819	7.25585e-02
0.54813	7.22391e-02
0.54808	7.19235e-02
0.54807	7.16139e-02
0.54808	7.13121e-02
0.54811	7.10198e-02
0.54818	7.07389e-02
0.54826	7.04707e-02
0.54838	7.02169e-02
0.54851	6.99786e-02
0.54868	6.97569e-02
0.54885	6.95680e-02
0.54905	6.93998e-02
0.54927	6.92525e-02
0.54951	6.91265e-02
0.54978	6.90220e-02
0.55006	6.89391e-02
0.55037	6.88775e-02
0.55069	6.88369e-02
0.55104	6.88167e-02
0.55140	6.88161e-02
0.55178	6.88343e-02
0.55217	6.88700e-02
0.55258	6.89222e-02
0.55301	6.89894e-02
0.55344	6.90702e-02
0.55389	6.91629e-02
0.55436	6.92660e-02
0.55481	6.93709e-02
0.55527	6.94822e-02
0.55573	6.95981e-02
0.55620	6.97167e-02
0.55668	6.98361e-02
0.55715	6.99549e-02
0.55763	7.00707e-02
0.55811	7.01818e-02
0.55857	7.02471e-02
0.55902	7.02991e-02
0.55946	7.03377e-02
0.55990	7.03619e-02
0.56034	7.03707e-02
0.56089	7.02896e-02
0.56141	7.02026e-02
0.56191	7.01085e-02
0.56238	7.00058e-02
0.56283	6.98931e-02
0.56324	6.97687e-02
0.56364	6.96312e-02
0.56400	6.94793e-02
0.56434	6.93120e-02
0.56466	6.91286e-02
0.56495	6.89286e-02
0.56522	6.87118e-02
0.56547	6.84783e-02
0.56569	6.82284e-02
0.56589	6.79625e-02
0.56607	6.76814e-02
0.56622	6.73860e-02
0.56636	6.70774e-02
0.56647	6.67569e-02
0.56655	6.64258e-02
0.56662	6.60858e-02
0.56666	6.57386e-02
0.56668	6.53860e-02
0.56668	6.50299e-02
0.56665	6.46723e-02
0.56660	6.43153e-02
0.56653	6.39612e-02
0.56643	6.36122e-02
0.56631	6.32704e-02
0.56617	6.29383e-02
0.56600	6.26181e-02
0.56581	6.23121e-02
0.56560	6.20225e-02
0.56537	6.17516e-02
0.56511	6.15013e-02
0.56484	6.12737e-02
0.56453	6.10703e-02
0.56419	6.08904e-02
0.56381	6.07288e-02
0.56341	6.05955e-02
0.56299	6.04916e-02
0.56265	6.02693e-02
0.56227	6.00973e-02
0.56188	5.99703e-02
0.56146	5.98864e-02
0.56102	5.98453e-02
0.56057	5.98473e-02
0.56009	5.98926e-02
0.55960	5.99812e-02
0.55908	6.01126e-02
0.55855	6.02855e-02
0.55831	6.06070e-02
0.55799	6.09639e-02
0.55761	6.13439e-02
0.55716	6.17439e-02
0.55667	6.21627e-02
0.55614	6.25990e-02
0.55557	6.30508e-02
0.55498	6.35160e-02
0.55437	6.39924e-02
0.55374	6.44776e-02
0.55309	6.49693e-02
0.55243	6.54650e-02
0.55176	6.59625e-02
0.55109	6.64594e-02
0.55040	6.69536e-02
0.54972	6.74427e-02
0.54903	6.79247e-02
0.54834	6.83976e-02
0.54765	6.88594e-02
0.54695	6.93218e-02
0.54626	6.97711e-02
0.54557	7.02052e-02
0.54489	7.06221e-02
0.54421	7.10205e-02
0.54354	7.13986e-02
0.54289	7.17552e-02
0.54224	7.20891e-02
0.54160	7.23991e-02
0.54097	7.26841e-02
0.54036	7.29433e-02
0.53976	7.31757e-02
0.53917	7.33808e-02
0.53860	7.35578e-02
0.53805	7.37063e-02
0.53751	7.38257e-02
0.53698	7.39157e-02
0.53646	7.39815e-02
0.53595	7.40174e-02
0.53545	7.40234e-02
0.53498	7.39993e-02
0.53452	7.39453e-02
0.53407	7.38568e-02
0.53362	7.37373e-02
0.53319	7.35871e-02
0.53278	7.34063e-02
0.53238	7.31956e-02
0.53200	7.29555e-02
0.53163	7.26866e-02
0.53128	7.23893e-02
0.53092	7.20887e-02
0.53057	7.17634e-02
0.53023	7.14138e-02
0.52991	7.10402e-02
0.52960	7.06432e-02
0.52931	7.02233e-02
0.52903	6.97814e-02
0.52877	6.93181e-02
0.52853	6.88343e-02
0.52829	6.83307e-02
0.52808	6.78084e-02
0.52788	6.72681e-02
0.52769	6.67109e-02
0.52752	6.61376e-02
0.52736	6.55492e-02
0.52722	6.49467e-02
0.52710	6.43312e-02
0.52698	6.37094e-02
0.52688	6.30768e-02
0.52680	6.24344e-02
0.52673	6.17834e-02
0.52668	6.11253e-02
0.52665	6.04615e-02
0.52662	5.97938e-02
0.52661	5.91140e-02
0.52661	5.84331e-02
0.52663	5.77537e-02
0.52665	5.70783e-02
0.52669	5.64097e-02
0.52674	5.57510e-02
0.52680	5.51051e-02
0.52687	5.44755e-02
0.52694	5.38656e-02
0.52703	5.32788e-02
0.52711	5.27187e-02
0.52721	5.21888e-02
0.52730	5.16928e-02
0.52740	5.12338e-02
0.52750	5.08086e-02
0.52760	5.04244e-02
0.52769	5.00844e-02
0.52788	4.97097e-02
0.52812	4.93362e-02
0.52841	4.89833e-02
0.52872	4.86783e-02
0.52903	4.84458e-02
0.52932	4.82987e-02
0.52957	4.82392e-02
0.52980	4.82629e-02
0.53001	4.83636e-02
0.53019	4.85357e-02
0.53036	4.87741e-02
0.53051	4.90745e-02
0.53065	4.94331e-02
0.53078	4.98460e-02
0.53090	5.03095e-02
0.53101	5.08200e-02
0.53110	5.13736e-02
0.53119	5.19664e-02
0.53127	5.25942e-02
0.53134	5.32532e-02
0.53140	5.39394e-02
0.53145	5.46487e-02
0.53149	5.53773e-02
0.53153	5.61214e-02
0.53156	5.68775e-02
0.53158	5.76434e-02
0.53159	5.84143e-02
0.53160	5.91872e-02
0.53161	5.99590e-02
0.53161	6.07344e-02
0.53160	6.15042e-02
0.53160	6.22658e-02
0.53160	6.30167e-02
0.53160	6.37547e-02
0.53160	6.44775e-02
0.53160	6.51832e-02
0.53161	6.58699e-02
0.53163	6.65361e-02
0.53166	6.71800e-02
0.53169	6.78003e-02
0.53171	6.83992e-02
0.53175	6.89723e-02
0.53179	6.95185e-02
0.53185	7.00367e-02
0.53191	7.05263e-02
0.53199	7.09864e-02
0.53222	7.15837e-02
0.53242	7.20955e-02
0.53261	7.25508e-02
0.53281	7.29624e-02
0.53301	7.33354e-02
0.53322	7.36732e-02
0.53344	7.39762e-02
0.53367	7.42456e-02
0.53392	7.44823e-02
0.53418	7.46873e-02
0.53446	7.48615e-02
0.53476	7.50059e-02
0.53508	7.51211e-02
0.53542	7.52080e-02
0.53577	7.52669e-02
0.53614	7.52982e-02
0.53653	7.53019e-02
0.53694	7.52779e-02
0.53737	7.52259e-02
0.53781	7.51454e-02
0.53826	7.50361e-02
0.53873	7.48975e-02
0.53920	7.47295e-02
0.53969	7.45319e-02
0.54018	7.43051e-02
0.54068	7.40493e-02
0.54119	7.37653e-02
0.54170	7.34539e-02
0.54221	7.31161e-02
0.54273	7.27532e-02
0.54319	7.24657e-02
0.54366	7.21565e-02
0.54413	7.18243e-02
0.54460	7.14695e-02
0.54507	7.10929e-02
0.54554	7.06955e-02
0.54602	7.02786e-02
0.54668	7.00081e-02
0.54734	6.97136e-02
0.54797	6.93980e-02
0.54859	6.90633e-02
0.54920	6.87154e-02
0.54978	6.83524e-02
0.55036	6.79749e-02
0.55092	6.75837e-02
0.55147	6.71793e-02
0.55200	6.67620e-02
0.55252	6.63323e-02
0.55302	6.58904e-02
0.55351	6.54367e-02
0.55398	6.49714e-02
0.55462	6.46374e-02
0.55524	6.42800e-02
0.55583	6.39042e-02
0.55673	6.37382e-02
0.55764	6.35972e-02
0.55854	6.34665e-02
0.55941	6.33247e-02
0.56021	6.31534e-02
0.56096	6.29434e-02
0.56165	6.26933e-02
0.56229	6.24067e-02
0.56288	6.20886e-02
0.56343	6.17438e-02
0.56394	6.13827e-02
0.56441	6.10043e-02
0.56486	6.06115e-02
0.56527	6.02067e-02
0.56565	5.97910e-02
0.56600	5.93643e-02
0.56632	5.89254e-02
0.56661	5.84718e-02
0.56687	5.80007e-02
0.56709	5.75095e-02
0.56727	5.69959e-02
0.56741	5.64589e-02
0.56752	5.58984e-02
0.56759	5.53158e-02
0.56762	5.47134e-02
0.56762	5.40943e-02
0.56759	5.34624e-02
0.56753	5.28217e-02
0.56745	5.21769e-02
0.56734	5.15337e-02
0.56720	5.08959e-02
0.56704	5.02681e-02
0.56687	4.96549e-02
0.56667	4.90609e-02
0.56646	4.84907e-02
0.56624	4.79488e-02
0.56600	4.74397e-02
0.56574	4.69677e-02
0.56548	4.65373e-02
0.56520	4.61526e-02
0.56492	4.58178e-02
0.56462	4.55368e-02
0.56432	4.53131e-02
0.56401	4.51502e-02
0.56369	4.50511e-02
0.56337	4.50184e-02
0.56318	4.51344e-02
0.56298	4.53233e-02
0.56276	4.55849e-02
0.56253	4.59188e-02
0.56228	4.63235e-02
0.56200	4.68139e-02
0.56171	4.73729e-02
0.56139	4.79968e-02
0.56107	4.86793e-02
0.56073	4.94188e-02
0.56038	5.02119e-02
0.56002	5.10550e-02
0.55965	5.19448e-02
0.55928	5.28777e-02
0.55890	5.38505e-02
0.55851	5.48598e-02
0.55813	5.59024e-02
0.55774	5.69750e-02
0.55736	5.80741e-02
0.55698	5.91967e-02
0.55661	6.03393e-02
0.55624	6.14989e-02
0.55587	6.26720e-02
0.55552	6.38557e-02
0.55517	6.50468e-02
0.55484	6.62423e-02
0.55452	6.74392e-02
0.55420	6.86347e-02
0.55391	6.98260e-02
0.55362	7.10104e-02
0.55335	7.21854e-02
0.55310	7.33484e-02
0.55286	7.44970e-02
0.55263	7.56289e-02
0.55243	7.67419e-02
0.55224	7.78340e-02
0.55207	7.89032e-02
0.55211	7.98918e-02
0.55219	8.08554e-02
0.55230	8.17941e-02
0.55244	8.27079e-02
0.55261	8.35971e-02
0.55281	8.44619e-02
0.55303	8.53026e-02
0.55328	8.61190e-02
0.55355	8.69109e-02
0.55383	8.76777e-02
0.55412	8.84183e-02
0.55441	8.91313e-02
0.55472	8.98150e-02
0.55502	9.04676e-02
0.55574	9.17387e-02
0.55638	9.28609e-02
0.55693	9.38004e-02
0.55742	9.46064e-02
0.55787	9.53217e-02
0.55830	9.59683e-02
0.55873	9.65557e-02
0.55914	9.70878e-02
0.55956	9.75667e-02
0.55996	9.79941e-02
0.56037	9.83714e-02
0.56077	9.87000e-02
0.56117	9.89818e-02
0.56156	9.92196e-02
0.56195	9.94143e-02
0.56234	9.95679e-02
0.56273	9.96821e-02
0.56312	9.97590e-02
0.56351	9.98006e-02
0.56390	9.98089e-02
0.56428	9.97859e-02
0.56466	9.97337e-02
0.56504	9.96544e-02
0.56542	9.95500e-02
0.56580	9.94226e-02
0.56616	9.92743e-02
0.56653	9.91071e-02
0.56688	9.89232e-02
0.56723	9.87246e-02
0.56758	9.85133e-02
0.56791	9.82912e-02
0.56824	9.80603e-02
0.56854	9.78308e-02
0.56884	9.75979e-02
0.56912	9.73630e-02
0.56939	9.71273e-02
0.56965	9.68924e-02
0.56989	9.66597e-02
0.57012	9.64304e-02
0.57034	9.62058e-02
0.57053	9.59868e-02
0.57071	9.57744e-02
0.57088	9.55695e-02
0.57103	9.53727e-02
0.57116	9.51844e-02
0.57127	9.50051e-02
0.57137	9.48349e-02
0.57145	9.46740e-02
0.57151	9.45222e-02
0.57190	9.45729e-02
0.57237	9.46936e-02
0.57278	9.47992e-02
0.57303	9.48267e-02
0.57314	9.47844e-02
0.57316	9.47024e-02
0.57312	9.46022e-02
0.57305	9.44939e-02
0.57293	9.43880e-02
0.57279	9.42817e-02
0.57262	9.41749e-02
0.57242	9.40677e-02
0.57220	9.39590e-02
0.57195	9.38480e-02
0.57168	9.37336e-02
0.57140	9.36150e-02
0.57109	9.34909e-02
0.57077	9.33603e-02
0.57043	9.32222e-02
0.57008	9.30755e-02
0.56970	9.29192e-02
0.56932	9.27525e-02
0.56874	9.25769e-02
0.56812	9.23918e-02
0.56747	9.21969e-02
0.56684	9.19901e-02
0.56624	9.17673e-02
0.56572	9.15240e-02
0.56528	9.12593e-02
0.56491	9.09764e-02
0.56456	9.06777e-02
0.56423	9.03681e-02
0.56389	9.00491e-02
0.56353	8.97211e-02
0.56317	8.93839e-02
0.56278	8.90378e-02
0.56239	8.86831e-02
0.56214	8.84987e-02
0.56186	8.82915e-02
0.56157	8.80631e-02
0.56126	8.78155e-02
0.56093	8.75512e-02
0.56058	8.72725e-02
0.56023	8.69840e-02
0.55986	8.66872e-02
0.55949	8.63847e-02
0.55911	8.60790e-02
0.55873	8.57729e-02
0.55835	8.54688e-02
0.55797	8.51692e-02
0.55759	8.48764e-02
0.55719	8.45761e-02
0.55680	8.42845e-02
0.55641	8.40040e-02
0.55624	8.36182e-02
0.55607	8.32586e-02
0.55591	8.29210e-02
0.55576	8.26049e-02
0.55563	8.23118e-02
0.55552	8.20436e-02
0.55541	8.18031e-02
0.55533	8.15923e-02
0.55525	8.14132e-02
0.55518	8.12669e-02
0.55511	8.11581e-02
0.55504	8.10836e-02
0.55498	8.10423e-02
0.55491	8.10330e-02
0.55485	8.10542e-02
0.55479	8.11040e-02
0.55473	8.11808e-02
0.55469	8.12827e-02
0.55465	8.14078e-02
0.55462	8.15543e-02
0.55460	8.17203e-02
0.55460	8.19040e-02
0.55461	8.21034e-02
0.55464	8.23167e-02
0.55470	8.25419e-02
0.55477	8.27772e-02
0.55486	8.30207e-02
0.55498	8.32705e-02
0.55512	8.35246e-02
0.55574	8.37738e-02
0.55629	8.40431e-02
0.55678	8.43189e-02
0.55724	8.45937e-02
0.55768	8.48643e-02
0.55812	8.51289e-02
0.55858	8.53860e-02
0.55905	8.56343e-02
0.55954	8.58725e-02
0.56005	8.60995e-02
0.56058	8.63145e-02
0.56113	8.65165e-02
0.56170	8.67050e-02
0.56229	8.68795e-02
0.56290	8.70398e-02
0.56353	8.71856e-02
0.56418	8.73169e-02
0.56485	8.74284e-02
0.56553	8.75256e-02
0.56623	8.76090e-02
0.56695	8.76793e-02
0.56768	8.77370e-02
0.56843	8.77830e-02
0.56920	8.78182e-02
0.56997	8.78436e-02
0.57076	8.78602e-02
0.57156	8.78694e-02
0.57237	8.78723e-02
0.57318	8.78703e-02
0.57401	8.78647e-02
0.57483	8.78570e-02
0.57567	8.78486e-02
0.57650	8.78410e-02
0.57734	8.78356e-02
0.57818	8.78338e-02
0.57901	8.78372e-02
0.57984	8.78471e-02
0.58067	8.78648e-02
0.58150	8.78916e-02
0.58235	8.79219e-02
0.58319	8.79655e-02
0.58402	8.80231e-02
0.58483	8.80956e-02
0.58563	8.81834e-02
0.58642	8.82871e-02
0.58719	8.84071e-02
0.58794	8.85436e-02
0.58866	8.87019e-02
0.58937	8.88771e-02
0.59005	8.90687e-02
0.59071	8.92765e-02
0.59135	8.95000e-02
0.59197	8.97387e-02
0.59256	8.99919e-02
0.59332	9.04331e-02
0.59400	9.08387e-02
0.59464	9.12373e-02
0.59523	9.16413e-02
0.59580	9.20552e-02
0.59634	9.24804e-02
0.59686	9.29166e-02
0.59735	9.33624e-02
0.59780	9.38153e-02
0.59823	9.42716e-02
0.59863	9.47269e-02
0.59898	9.51764e-02
0.59929	9.56152e-02
0.59956	9.60389e-02
0.59977	9.64415e-02
0.59994	9.68233e-02
0.60006	9.71824e-02
0.60031	9.76441e-02
0.60042	9.80209e-02
0.60045	9.83493e-02
0.60042	9.86449e-02
0.60034	9.89136e-02
0.60021	9.91579e-02
0.60004	9.93791e-02
0.59983	9.95780e-02
0.59957	9.97548e-02
0.59929	9.99098e-02
0.59895	1.00069e-01
0.59857	1.00210e-01
0.59816	1.00332e-01
0.59771	1.00436e-01
0.59722	1.00520e-01
0.59671	1.00586e-01
0.59616	1.00632e-01
0.59557	1.00659e-01
0.59496	1.00667e-01
0.59431	1.00655e-01
0.59363	1.00624e-01
0.59293	1.00573e-01
0.59219	1.00503e-01
0.59143	1.00414e-01
0.59064	1.00307e-01
0.58983	1.00180e-01
0.58899	1.00036e-01
0.58813	9.98738e-02
0.58724	9.96943e-02
0.58634	9.94979e-02
0.58541	9.92852e-02
0.58446	9.90568e-02
0.58350	9.88135e-02
0.58252	9.85558e-02
0.58152	9.82846e-02
0.58051	9.80006e-02
0.57948	9.77046e-02
0.57845	9.73974e-02
0.57740	9.70799e-02
0.57634	9.67530e-02
0.57528	9.64176e-02
0.57421	9.60745e-02
0.57313	9.57246e-02
0.57205	9.53689e-02
0.57097	9.50083e-02
0.56988	9.46436e-02
0.56880	9.42718e-02
0.56771	9.38975e-02
0.56663	9.35215e-02
0.56555	9.31448e-02
0.56447	9.27679e-02
0.56349	9.24339e-02
0.56252	9.21011e-02
0.56157	9.17725e-02
0.56063	9.14504e-02
0.55973	9.11365e-02
0.55885	9.08323e-02
0.55800	9.05388e-02
0.55719	9.02563e-02
0.55641	8.99843e-02
0.55567	8.97209e-02
0.55495	8.94638e-02
0.55425	8.92095e-02
0.55358	8.89548e-02
0.55291	8.86968e-02
0.55226	8.84334e-02
0.55161	8.81634e-02
0.55097	8.78864e-02
0.55021	8.76257e-02
0.54948	8.73567e-02
0.54882	8.70738e-02
0.54825	8.67705e-02
0.54780	8.64444e-02
0.54747	8.61033e-02
0.54718	8.57627e-02
0.54690	8.54334e-02
0.54658	8.51219e-02
0.54624	8.48215e-02
0.54588	8.45301e-02
0.54552	8.42467e-02
0.54517	8.39710e-02
0.54483	8.37033e-02
0.54451	8.34439e-02
0.54442	8.35191e-02
0.54430	8.35246e-02
0.54416	8.34901e-02
0.54403	8.34352e-02
0.54391	8.33707e-02
0.54380	8.33032e-02
0.54372	8.32369e-02
0.54367	8.31747e-02
0.54365	8.31191e-02
0.54365	8.30724e-02
0.54369	8.30365e-02
0.54376	8.30130e-02
0.54386	8.30034e-02
0.54398	8.30084e-02
0.54413	8.30272e-02
0.54429	8.30616e-02
0.54447	8.31116e-02
0.54465	8.31825e-02
0.54483	8.32695e-02
0.54503	8.33724e-02
0.54524	8.34914e-02
0.54545	8.36267e-02
0.54568	8.37786e-02
0.54593	8.39474e-02
0.54618	8.41333e-02
0.54645	8.43366e-02
0.54672	8.45575e-02
0.54701	8.48011e-02
0.54730	8.50635e-02
0.54761	8.53445e-02
0.54793	8.56435e-02
0.54825	8.59603e-02
0.54859	8.62943e-02
0.54893	8.66449e-02
0.54928	8.70115e-02
0.54964	8.73931e-02
0.55000	8.77888e-02
0.55037	8.81977e-02
0.55075	8.86184e-02
0.55112	8.90499e-02
0.55150	8.94908e-02
0.55188	8.99396e-02
0.55226	9.03948e-02
0.55264	9.08550e-02
0.55302	9.13185e-02
0.55339	9.17838e-02
0.55376	9.22504e-02
0.55413	9.27158e-02
0.55449	9.31783e-02
0.55485	9.36361e-02
0.55520	9.40875e-02
0.55555	9.45309e-02
0.55588	9.49646e-02
0.55621	9.53870e-02
0.55653	9.57967e-02
0.55684	9.61923e-02
0.55715	9.65723e-02
0.55744	9.69356e-02
0.55772	9.72811e-02
0.55800	9.76077e-02
0.55826	9.79145e-02
0.55851	9.82008e-02
0.55875	9.84658e-02
0.55898	9.87067e-02
0.55919	9.89253e-02
0.55939	9.91217e-02
0.55958	9.92957e-02
0.55976	9.94474e-02
0.55991	9.95761e-02
0.56005	9.96828e-02
0.56017	9.97680e-02
0.56029	9.98322e-02
0.56039	9.98763e-02
0.56047	9.99011e-02
0.56054	9.99075e-02
0.56060	9.98967e-02
0.56065	9.98698e-02
0.56069	9.98281e-02
0.56071	9.97730e-02
0.56073	9.97057e-02
0.56073	9.96278e-02
0.56072	9.95407e-02
0.56070	9.94460e-02
0.56068	9.93451e-02
0.56064	9.92395e-02
0.56089	9.92242e-02
0.56107	9.91885e-02
0.56119	9.91358e-02
0.56128	9.90716e-02
0.56134	9.90013e-02
0.56138	9.89291e-02
0.56141	9.88582e-02
0.56144	9.87912e-02
0.56139	9.88231e-02
0.56138	9.88284e-02
0.56147	9.87227e-02
0.56174	9.84058e-02
0.56214	9.79342e-02
0.56252	9.75137e-02
0.56280	9.72303e-02
0.56310	9.71764e-02
0.56337	9.71815e-02
0.56361	9.72231e-02
0.56383	9.72892e-02
0.56404	9.73729e-02
0.56423	9.74695e-02
0.56441	9.75758e-02
0.56457	9.76891e-02
0.56472	9.78078e-02
0.56486	9.79303e-02
0.56499	9.80554e-02
0.56511	9.81823e-02
0.56522	9.83101e-02
0.56533	9.84380e-02
0.56542	9.85165e-02
0.56550	9.85871e-02
0.56558	9.86504e-02
0.56566	9.87107e-02
0.56574	9.87639e-02
0.56582	9.88092e-02
0.56591	9.88459e-02
0.56601	9.88731e-02
0.56611	9.88899e-02
0.56622	9.88956e-02
0.56635	9.88892e-02
0.56648	9.88699e-02
0.56662	9.88369e-02
0.56677	9.87945e-02
0.56693	9.87377e-02
0.56710	9.86657e-02
0.56728	9.85776e-02
0.56747	9.84728e-02
0.56768	9.83508e-02
0.56789	9.82112e-02
0.56812	9.80537e-02
0.56835	9.78782e-02
0.56860	9.76847e-02
0.56886	9.74733e-02
0.56913	9.72441e-02
0.56941	9.69976e-02
0.56970	9.67341e-02
0.57000	9.64544e-02
0.57031	9.61591e-02
0.57063	9.58491e-02
0.57095	9.55254e-02
0.57129	9.51891e-02
0.57162	9.48415e-02
0.57196	9.44840e-02
0.57231	9.41179e-02
0.57266	9.37450e-02
0.57301	9.33669e-02
0.57337	9.29852e-02
0.57372	9.26019e-02
0.57408	9.22187e-02
0.57443	9.18377e-02
0.57479	9.14608e-02
0.57514	9.10900e-02
0.57549	9.07272e-02
0.57583	9.03745e-02
0.57617	9.00337e-02
0.57650	8.97068e-02
0.57683	8.93957e-02
0.57715	8.91020e-02
0.57745	8.88275e-02
0.57775	8.85736e-02
0.57804	8.83418e-02
0.57831	8.81334e-02
0.57857	8.79495e-02
0.57881	8.77884e-02
0.57903	8.76525e-02
0.57923	8.75422e-02
0.57942	8.74578e-02
0.57958	8.73996e-02
0.57973	8.73674e-02
0.57986	8.73610e-02
0.57996	8.73800e-02
0.58004	8.74239e-02
0.58011	8.74919e-02
0.58014	8.75832e-02
0.58016	8.76966e-02
0.58015	8.78312e-02
0.58012	8.79856e-02
0.58006	8.81584e-02
0.57998	8.83483e-02
0.57987	8.85537e-02
0.57973	8.87731e-02
0.57957	8.90050e-02
0.57939	8.92476e-02
0.57918	8.94995e-02
0.57894	8.97591e-02
0.57867	9.00248e-02
0.57838	9.02951e-02
0.57807	9.05686e-02
0.57761	9.09856e-02
0.57713	9.13906e-02
0.57663	9.17875e-02
0.57610	9.21775e-02
0.57556	9.25606e-02
0.57499	9.29340e-02
0.57440	9.32982e-02
0.57400	9.40004e-02
0.57352	9.46049e-02
0.57300	9.51424e-02
0.57244	9.56310e-02
0.57186	9.60808e-02
0.57125	9.64971e-02
0.57063	9.68834e-02
0.56999	9.72420e-02
0.56933	9.75751e-02
0.56866	9.78846e-02
0.56797	9.81723e-02
0.56727	9.84402e-02
0.56657	9.86901e-02
0.56585	9.89238e-02
0.56512	9.91427e-02
0.56438	9.93488e-02
0.56364	9.95437e-02
0.56297	9.96883e-02
0.56236	9.98006e-02
0.56180	9.98959e-02
0.56127	9.99871e-02
0.56074	1.00082e-01
0.56020	1.00185e-01
0.55966	1.00298e-01
0.55910	1.00421e-01
0.55854	1.00552e-01
0.55797	1.00692e-01
0.55767	1.00534e-01
0.55736	1.00395e-01
0.55704	1.00279e-01
0.55671	1.00186e-01
0.55638	1.00117e-01
0.55604	1.00071e-01
0.55569	1.00046e-01
0.55535	1.00042e-01
0.55499	1.00056e-01
0.55464	1.00089e-01
0.55429	1.00138e-01
0.55393	1.00203e-01
0.55358	1.00284e-01
0.55323	1.00380e-01
0.55288	1.00490e-01
0.55254	1.00614e-01
0.55219	1.00751e-01
0.55186	1.00900e-01
0.55153	1.01060e-01
0.55121	1.01242e-01
0.55089	1.01433e-01
0.55059	1.01632e-01
0.55030	1.01837e-01
0.55003	1.02047e-01
0.54977	1.02261e-01
0.54953	1.02479e-01
0.54931	1.02699e-01
0.54910	1.02920e-01
0.54892	1.03142e-01
0.54876	1.03364e-01
0.54861	1.03585e-01
0.54849	1.03805e-01
0.54839	1.04024e-01
0.54831	1.04240e-01
0.54825	1.04453e-01
0.54820	1.04663e-01
0.54817	1.04865e-01
0.54815	1.05063e-01
0.54815	1.05257e-01
0.54817	1.05445e-01
0.54820	1.05628e-01
0.54855	1.05774e-01
0.54890	1.05926e-01
0.54924	1.06081e-01
0.54958	1.06239e-01
0.54991	1.06398e-01
0.55024	1.06559e-01
0.55057	1.06718e-01
0.55088	1.06876e-01
0.55118	1.07030e-01
0.55148	1.07181e-01
0.55176	1.07326e-01
0.55204	1.07465e-01
0.55231	1.07597e-01
0.55257	1.07721e-01
0.55283	1.07836e-01
0.55308	1.07943e-01
0.55333	1.08040e-01
0.55357	1.08128e-01
0.55381	1.08204e-01
0.55404	1.08269e-01
0.55427	1.08323e-01
0.55449	1.08364e-01
0.55471	1.08393e-01
0.55492	1.08408e-01
0.55513	1.08409e-01
0.55532	1.08415e-01
0.55549	1.08412e-01
0.55566	1.08397e-01
0.55582	1.08375e-01
0.55596	1.08342e-01
0.55609	1.08295e-01
0.55622	1.08236e-01
0.55634	1.08199e-01
0.55645	1.08140e-01
0.55655	1.08062e-01
0.55664	1.07964e-01
0.55671	1.07848e-01
0.55677	1.07714e-01
0.55682	1.07562e-01
0.55686	1.07392e-01
0.55688	1.07205e-01
0.55689	1.07001e-01
0.55687	1.06813e-01
0.55683	1.06615e-01
0.55677	1.06405e-01
0.55670	1.06183e-01
0.55662	1.05949e-01
0.55652	1.05704e-01
0.55641	1.05449e-01
0.55663	1.04954e-01
0.55670	1.04544e-01
0.55669	1.04174e-01
0.55663	1.03820e-01
0.55654	1.03471e-01
0.55643	1.03125e-01
0.55630	1.02780e-01
0.55614	1.02437e-01
0.55598	1.02097e-01
0.55579	1.01760e-01
0.55560	1.01427e-01
0.55538	1.01099e-01
0.55516	1.00777e-01
0.55492	1.00463e-01
0.55466	1.00158e-01
0.55440	9.98624e-02
0.55412	9.95776e-02
0.55383	9.93046e-02
0.55353	9.90446e-02
0.55322	9.87985e-02
0.55290	9.85672e-02
0.55256	9.83514e-02
0.55222	9.81519e-02
0.55187	9.79694e-02
0.55151	9.78042e-02
0.55114	9.76569e-02
0.55076	9.75277e-02
0.55037	9.74168e-02
0.54997	9.73243e-02
0.54957	9.72500e-02
0.54916	9.71939e-02
0.54875	9.71556e-02
0.54833	9.71348e-02
0.54790	9.71310e-02
0.54747	9.71435e-02
0.54704	9.71718e-02
0.54660	9.72150e-02
0.54615	9.72724e-02
0.54571	9.73430e-02
0.54526	9.74258e-02
0.54481	9.75200e-02
0.54436	9.76245e-02
0.54391	9.77381e-02
0.54346	9.78599e-02
0.54301	9.79888e-02
0.54255	9.81237e-02
0.54210	9.82639e-02
0.54166	9.84081e-02
0.54121	9.85552e-02
0.54077	9.87042e-02
0.54033	9.88544e-02
0.53990	9.90046e-02
0.53947	9.91543e-02
0.53904	9.93026e-02
0.53863	9.94488e-02
0.53822	9.95923e-02
0.53781	9.97326e-02
0.53741	9.98692e-02
0.53702	1.00002e-01
0.53664	1.00130e-01
0.53627	1.00253e-01
0.53591	1.00372e-01
0.53555	1.00486e-01
0.53521	1.00595e-01
0.53488	1.00699e-01
0.53453	1.00800e-01
0.53419	1.00895e-01
0.53386	1.00987e-01
0.53354	1.01074e-01
0.53323	1.01158e-01
0.53293	1.01239e-01
0.53264	1.01316e-01
0.53237	1.01391e-01
0.53210	1.01465e-01
0.53185	1.01537e-01
0.53162	1.01608e-01
0.53139	1.01679e-01
0.53117	1.01751e-01
0.53095	1.01823e-01
0.53053	1.02063e-01
0.53027	1.02195e-01
0.53017	1.02211e-01
0.53019	1.02150e-01
0.53033	1.02206e-01
0.53050	1.02277e-01
0.53068	1.02373e-01
0.53086	1.02492e-01
0.53104	1.02628e-01
0.53122	1.02774e-01
0.53140	1.02923e-01
0.53157	1.03069e-01
0.53173	1.03207e-01
0.53189	1.03337e-01
0.53204	1.03471e-01
0.53217	1.03594e-01
0.53231	1.03708e-01
0.53243	1.03811e-01
0.53255	1.03901e-01
0.53267	1.03983e-01
0.53278	1.04058e-01
0.53285	1.04123e-01
0.53292	1.04185e-01
0.53298	1.04245e-01
0.53304	1.04305e-01
0.53310	1.04366e-01
0.53316	1.04427e-01
0.53322	1.04489e-01
0.53328	1.04552e-01
0.53334	1.04616e-01
0.53340	1.04681e-01
0.53346	1.04747e-01
0.53352	1.04813e-01
0.53358	1.04879e-01
0.53365	1.04944e-01
0.53388	1.05016e-01
0.53410	1.05089e-01
0.53432	1.05159e-01
0.53453	1.05227e-01
0.53474	1.05292e-01
0.53495	1.05352e-01
0.53516	1.05407e-01
0.53536	1.05456e-01
0.53557	1.05497e-01
0.53577	1.05530e-01
0.53598	1.05554e-01
0.53618	1.05567e-01
0.53639	1.05569e-01
0.53659	1.05559e-01
0.53679	1.05536e-01
0.53699	1.05499e-01
0.53720	1.05448e-01
0.53740	1.05382e-01
0.53760	1.05299e-01
0.53780	1.05200e-01
0.53800	1.05085e-01
0.53820	1.04951e-01
0.53840	1.04801e-01
0.53861	1.04632e-01
0.53881	1.04446e-01
0.53900	1.04241e-01
0.53920	1.04018e-01
0.53940	1.03778e-01
0.53960	1.03520e-01
0.53979	1.03245e-01
0.53999	1.02953e-01
0.54018	1.02645e-01
0.54060	1.02454e-01
0.54097	1.02225e-01
0.54130	1.01967e-01
0.54162	1.01690e-01
0.54192	1.01398e-01
0.54222	1.01096e-01
0.54251	1.00790e-01
0.54281	1.00480e-01
0.54311	1.00171e-01
0.54343	9.98651e-02
0.54375	9.95643e-02
0.54409	9.92703e-02
0.54445	9.89846e-02
0.54482	9.87080e-02
0.54520	9.84414e-02
0.54561	9.81851e-02
0.54603	9.79399e-02
0.54646	9.77063e-02
0.54690	9.74848e-02
0.54735	9.72764e-02
0.54781	9.70819e-02
0.54828	9.69024e-02
0.54876	9.67387e-02
0.54924	9.65920e-02
0.54973	9.64633e-02
0.55022	9.63534e-02
0.55071	9.62633e-02
0.55121	9.61937e-02
0.55170	9.61452e-02
0.55220	9.61184e-02
0.55271	9.61137e-02
0.55318	9.61291e-02
0.55365	9.61668e-02
0.55412	9.62289e-02
0.55459	9.63138e-02
0.55505	9.64211e-02
0.55550	9.65502e-02
0.55596	9.67159e-02
0.55642	9.68988e-02
0.55687	9.71001e-02
0.55731	9.73194e-02
0.55775	9.75560e-02
0.55819	9.78089e-02
0.55862	9.80770e-02
0.55904	9.83591e-02
0.55945	9.86541e-02
0.55986	9.89607e-02
0.56025	9.92775e-02
0.56064	9.96034e-02
0.56102	9.99371e-02
0.56139	1.00277e-01
0.56183	1.00667e-01
0.56224	1.01054e-01
0.56264	1.01440e-01
0.56302	1.01824e-01
0.56338	1.02207e-01
0.56373	1.02589e-01
0.56407	1.02969e-01
0.56439	1.03347e-01
0.56471	1.03724e-01
0.56501	1.04098e-01
0.56531	1.04469e-01
0.56560	1.04835e-01
0.56587	1.05196e-01
0.56613	1.05549e-01
0.56638	1.05892e-01
0.56661	1.06224e-01
0.56682	1.06543e-01
0.56738	1.06952e-01
0.56784	1.07331e-01
0.56820	1.07676e-01
0.56849	1.07991e-01
0.56873	1.08280e-01
0.56892	1.08544e-01
0.56908	1.08785e-01
0.56920	1.09004e-01
0.56930	1.09201e-01
0.56936	1.09379e-01
0.56941	1.09536e-01
0.56943	1.09676e-01
0.56943	1.09797e-01
0.56941	1.09902e-01
0.56937	1.09989e-01
0.56960	1.09826e-01
0.56979	1.09685e-01
0.56993	1.09552e-01
0.57006	1.09420e-01
0.57016	1.09288e-01
0.57023	1.09154e-01
0.57029	1.09020e-01
0.57033	1.08886e-01
0.57034	1.08751e-01
0.57033	1.08618e-01
0.57030	1.08485e-01
0.57025	1.08352e-01
0.57018	1.08219e-01
0.57008	1.08086e-01
0.56997	1.07952e-01
0.56985	1.07817e-01
0.56970	1.07680e-01
0.56973	1.07556e-01
0.56982	1.07443e-01
0.56992	1.07342e-01
0.57000	1.07250e-01
0.57004	1.07159e-01
0.57002	1.07067e-01
0.56994	1.06971e-01
0.56983	1.06871e-01
0.56968	1.06768e-01
0.56950	1.06662e-01
0.56929	1.06554e-01
0.56939	1.06620e-01
0.56931	1.06608e-01
0.56914	1.06552e-01
0.56892	1.06478e-01
0.56868	1.06399e-01
0.56842	1.06319e-01
0.56815	1.06243e-01
0.56787	1.06172e-01
0.56759	1.06108e-01
0.56730	1.06052e-01
0.56701	1.06006e-01
0.56672	1.05970e-01
0.56642	1.05946e-01
0.56613	1.05933e-01
0.56583	1.05932e-01
0.56553	1.05945e-01
0.56523	1.05970e-01
0.56493	1.06009e-01
0.56462	1.06061e-01
0.56432	1.06127e-01
0.56402	1.06208e-01
0.56371	1.06303e-01
0.56340	1.06412e-01
0.56310	1.06536e-01
0.56279	1.06675e-01
0.56248	1.06830e-01
0.56225	1.07126e-01
0.56200	1.07408e-01
0.56174	1.07682e-01
0.56147	1.07955e-01
0.56119	1.08230e-01
0.56092	1.08509e-01
0.56064	1.08794e-01
0.56036	1.09087e-01
0.56008	1.09388e-01
0.55980	1.09698e-01
0.55948	1.10076e-01
0.55916	1.10471e-01
0.55884	1.10882e-01
0.55852	1.11307e-01
0.55816	1.11718e-01
0.55780	1.12140e-01
0.55745	1.12574e-01
0.55709	1.13020e-01
0.55674	1.13477e-01
0.55640	1.13947e-01
0.55606	1.14429e-01
0.55573	1.14921e-01
0.55540	1.15425e-01
0.55509	1.15939e-01
0.55506	1.16503e-01
0.55499	1.17082e-01
0.55491	1.17673e-01
0.55483	1.18272e-01
0.55476	1.18880e-01
0.55468	1.19494e-01
0.55462	1.20116e-01
0.55455	1.20742e-01
0.55450	1.21373e-01
0.55445	1.22008e-01
0.55441	1.22644e-01
0.55438	1.23282e-01
0.55436	1.23919e-01
0.55434	1.24555e-01
0.55434	1.25188e-01
0.55434	1.25817e-01
0.55436	1.26440e-01
0.55438	1.27056e-01
0.55441	1.27663e-01
0.55445	1.28261e-01
0.55449	1.28847e-01
0.55455	1.29421e-01
0.55482	1.29796e-01
0.55508	1.30175e-01
0.55533	1.30555e-01
0.55558	1.30930e-01
0.55583	1.31296e-01
0.55609	1.31646e-01
0.55635	1.31978e-01
0.55662	1.32289e-01
0.55690	1.32577e-01
0.55719	1.32844e-01
0.55748	1.33088e-01
0.55777	1.33312e-01
0.55805	1.33516e-01
0.55833	1.33701e-01
0.55860	1.33867e-01
0.55886	1.34013e-01
0.55910	1.34138e-01
0.55933	1.34242e-01
0.55955	1.34321e-01
0.55975	1.34375e-01
0.55994	1.34403e-01
0.56012	1.34401e-01
0.56028	1.34370e-01
0.56044	1.34307e-01
0.56059	1.34213e-01
0.56073	1.34085e-01
0.56087	1.33925e-01
0.56100	1.33730e-01
0.56112	1.33502e-01
0.56123	1.33241e-01
0.56134	1.32945e-01
0.56145	1.32617e-01
0.56155	1.32256e-01
0.56164	1.31863e-01
0.56173	1.31438e-01
0.56181	1.30983e-01
0.56189	1.30498e-01
0.56196	1.29984e-01
0.56203	1.29441e-01
0.56209	1.28872e-01
0.56214	1.28277e-01
0.56219	1.27656e-01
0.56224	1.27011e-01
0.56227	1.26344e-01
0.56230	1.25655e-01
0.56233	1.24945e-01
0.56235	1.24217e-01
0.56237	1.23470e-01
0.56237	1.22706e-01
0.56238	1.21927e-01
0.56238	1.21133e-01
0.56237	1.20326e-01
0.56236	1.19508e-01
0.56234	1.18679e-01
0.56242	1.18039e-01
0.56247	1.17340e-01
0.56250	1.16602e-01
0.56251	1.15836e-01
0.56251	1.15049e-01
0.56250	1.14245e-01
0.56248	1.13429e-01
0.56245	1.12602e-01
0.56241	1.11769e-01
0.56237	1.10932e-01
0.56232	1.10101e-01
0.56226	1.09271e-01
0.56220	1.08445e-01
0.56214	1.07625e-01
0.56223	1.06896e-01
0.56233	1.06177e-01
0.56243	1.05469e-01
0.56277	1.04738e-01
0.56307	1.04023e-01
0.56333	1.03321e-01
0.56358	1.02632e-01
0.56380	1.01955e-01
0.56400	1.01291e-01
0.56419	1.00642e-01
0.56454	9.99705e-02
0.56486	9.93183e-02
0.56517	9.86868e-02
0.56545	9.80776e-02
0.56572	9.74923e-02
0.56598	9.69327e-02
0.56621	9.64004e-02
0.56644	9.58973e-02
0.56665	9.54251e-02
0.56685	9.49859e-02
0.56723	9.43909e-02
0.56780	9.36333e-02
0.56845	9.28476e-02
0.56899	9.22195e-02
0.56938	9.17686e-02
0.56968	9.14432e-02
0.56993	9.12069e-02
0.57015	9.10424e-02
0.57034	9.09410e-02
0.57050	9.08977e-02
0.57064	9.09088e-02
0.57075	9.09712e-02
0.57092	9.11261e-02
0.57111	9.13444e-02
0.57130	9.16192e-02
0.57148	9.19448e-02
0.57164	9.23172e-02
0.57179	9.27335e-02
0.57192	9.31916e-02
0.57204	9.36895e-02
0.57213	9.42253e-02
0.57221	9.47974e-02
0.57226	9.54042e-02
0.57230	9.60443e-02
0.57231	9.67167e-02
0.57231	9.74202e-02
0.57229	9.81541e-02
0.57225	9.89177e-02
0.57219	9.97101e-02
0.57221	1.00551e-01
0.57220	1.01415e-01
0.57217	1.02303e-01
0.57212	1.03214e-01
0.57205	1.04148e-01
0.57197	1.05103e-01
0.57188	1.06079e-01
0.57177	1.07076e-01
0.57166	1.08091e-01
0.57153	1.09124e-01
0.57140	1.10174e-01
0.57127	1.11238e-01
0.57113	1.12315e-01
0.57098	1.13405e-01
0.57083	1.14504e-01
0.57068	1.15611e-01
0.57053	1.16726e-01
0.57037	1.17844e-01
0.57022	1.18966e-01
0.57006	1.20089e-01
0.56991	1.21211e-01
0.56975	1.22330e-01
0.56959	1.23445e-01
0.56944	1.24554e-01
0.56928	1.25655e-01
0.56913	1.26747e-01
0.56898	1.27827e-01
0.56883	1.28894e-01
0.56868	1.29947e-01
0.56854	1.30983e-01
0.56839	1.32003e-01
0.56825	1.33004e-01
0.56811	1.33984e-01
0.56797	1.34944e-01
0.56783	1.35882e-01
0.56769	1.36796e-01
0.56756	1.37686e-01
0.56744	1.38581e-01
0.56750	1.39430e-01
0.56751	1.40252e-01
0.56749	1.41045e-01
0.56747	1.41810e-01
0.56744	1.42547e-01
0.56741	1.43256e-01
0.56737	1.43937e-01
0.56734	1.44589e-01
0.56730	1.45213e-01
0.56724	1.45837e-01
0.56718	1.46436e-01
0.56711	1.47008e-01
0.56705	1.47554e-01
0.56706	1.48110e-01
0.56707	1.48644e-01
0.56709	1.49154e-01
0.56728	1.49590e-01
0.56745	1.50007e-01
0.56758	1.50398e-01
0.56770	1.50761e-01
0.56779	1.51092e-01
0.56788	1.51390e-01
0.56795	1.51653e-01
0.56819	1.51978e-01
0.56844	1.52270e-01
0.56868	1.52531e-01
0.56893	1.52760e-01
0.56918	1.52959e-01
0.56942	1.53128e-01
0.56967	1.53266e-01
0.56991	1.53372e-01
0.57014	1.53445e-01
0.57036	1.53483e-01
0.57059	1.53472e-01
0.57080	1.53426e-01
0.57101	1.53342e-01
0.57120	1.53219e-01
0.57139	1.53054e-01
0.57157	1.52846e-01
0.57175	1.52592e-01
0.57194	1.52292e-01
0.57213	1.51944e-01
0.57233	1.51548e-01
0.57254	1.51105e-01
0.57276	1.50615e-01
0.57315	1.50066e-01
0.57355	1.49479e-01
0.57395	1.48855e-01
0.57435	1.48198e-01
0.57475	1.47510e-01
0.57516	1.46795e-01
0.57557	1.46055e-01
0.57599	1.45293e-01
0.57641	1.44511e-01
0.57684	1.43710e-01
0.57728	1.42894e-01
0.57773	1.42065e-01
0.57818	1.41223e-01
0.57864	1.40370e-01
0.57911	1.39510e-01
0.57960	1.38642e-01
0.58009	1.37770e-01
0.58060	1.36893e-01
0.58112	1.36016e-01
0.58165	1.35138e-01
0.58219	1.34261e-01
0.58274	1.33389e-01
0.58331	1.32521e-01
0.58389	1.31660e-01
0.58448	1.30807e-01
0.58508	1.29965e-01
0.58570	1.29134e-01
0.58632	1.28316e-01
0.58696	1.27514e-01
0.58760	1.26728e-01
0.58825	1.25960e-01
0.58892	1.25211e-01
0.58959	1.24483e-01
0.59027	1.23776e-01
0.59095	1.23093e-01
0.59165	1.22433e-01
0.59234	1.21798e-01
0.59305	1.21189e-01
0.59375	1.20606e-01
0.59447	1.20050e-01
0.59518	1.19521e-01
0.59590	1.19020e-01
0.59661	1.18546e-01
0.59733	1.18100e-01
0.59805	1.17681e-01
0.59876	1.17289e-01
0.59948	1.16923e-01
0.60019	1.16584e-01
0.60090	1.16269e-01
0.60160	1.15979e-01
0.60230	1.15712e-01
0.60300	1.15468e-01
0.60369	1.15245e-01
0.60437	1.15041e-01
0.60511	1.14945e-01
0.60594	1.14889e-01
0.60672	1.14826e-01
0.60747	1.14763e-01
0.60820	1.14701e-01
0.60890	1.14641e-01
0.60959	1.14583e-01
0.61025	1.14526e-01
0.61090	1.14470e-01
0.61152	1.14414e-01
0.61213	1.14357e-01
0.61272	1.14298e-01
0.61329	1.14236e-01
0.61384	1.14170e-01
0.61441	1.14081e-01
0.61496	1.13984e-01
0.61549	1.13878e-01
0.61633	1.13794e-01
0.61702	1.13700e-01
0.61763	1.13592e-01
0.61819	1.13473e-01
0.61871	1.13343e-01
0.61921	1.13202e-01
0.61968	1.13051e-01
0.62039	1.12923e-01
0.62102	1.12790e-01
0.62160	1.12641e-01
0.62212	1.12474e-01
0.62260	1.12288e-01
0.62302	1.12083e-01
0.62340	1.11861e-01
0.62373	1.11623e-01
0.62401	1.11371e-01
0.62425	1.11107e-01
0.62475	1.10748e-01
0.62523	1.10383e-01
0.62565	1.10019e-01
0.62600	1.09660e-01
0.62630	1.09305e-01
0.62653	1.08952e-01
0.62671	1.08601e-01
0.62684	1.08252e-01
0.62691	1.07905e-01
0.62694	1.07560e-01
0.62692	1.07219e-01
0.62685	1.06881e-01
0.62691	1.06630e-01
0.62689	1.06364e-01
0.62680	1.06092e-01
0.62665	1.05817e-01
0.62645	1.05541e-01
0.62621	1.05268e-01
0.62592	1.04998e-01
0.62560	1.04732e-01
0.62524	1.04472e-01
0.62485	1.04217e-01
0.62442	1.03970e-01
0.62397	1.03731e-01
0.62348	1.03501e-01
0.62297	1.03280e-01
0.62244	1.03068e-01
0.62188	1.02867e-01
0.62131	1.02677e-01
0.62071	1.02498e-01
0.62009	1.02331e-01
0.61946	1.02175e-01
0.61881	1.02033e-01
0.61815	1.01902e-01
0.61747	1.01785e-01
0.61678	1.01682e-01
0.61609	1.01592e-01
0.61538	1.01515e-01
0.61466	1.01453e-01
0.61394	1.01406e-01
0.61322	1.01373e-01
0.61248	1.01355e-01
0.61175	1.01352e-01
0.61101	1.01364e-01
0.61028	1.01392e-01
0.60954	1.01437e-01
0.60881	1.01497e-01
0.60808	1.01573e-01
0.60735	1.01666e-01
0.60663	1.01776e-01
0.60591	1.01903e-01
0.60520	1.02046e-01
0.60461	1.02221e-01
0.60402	1.02415e-01
0.60344	1.02628e-01
0.60288	1.02860e-01
0.60232	1.03111e-01
0.60178	1.03383e-01
0.60126	1.03673e-01
0.60075	1.03984e-01
0.60027	1.04314e-01
0.59980	1.04663e-01
0.59934	1.05030e-01
0.59890	1.05415e-01
0.59848	1.05817e-01
0.59808	1.06236e-01
0.59777	1.06817e-01
0.59752	1.07352e-01
0.59728	1.07879e-01
0.59706	1.08403e-01
0.59685	1.08927e-01
0.59667	1.09455e-01
0.59651	1.09987e-01
0.59636	1.10526e-01
0.59622	1.11071e-01
0.59610	1.11624e-01
0.59600	1.12183e-01
0.59591	1.12749e-01
0.59583	1.13320e-01
0.59577	1.13896e-01
0.59572	1.14475e-01
0.59569	1.15056e-01
0.59567	1.15638e-01
0.59583	1.16280e-01
0.59601	1.16918e-01
0.59619	1.17550e-01
0.59640	1.18175e-01
0.59661	1.18790e-01
0.59684	1.19394e-01
0.59709	1.19985e-01
0.59787	1.20923e-01
0.59859	1.21785e-01
0.59926	1.22577e-01
0.59990	1.23313e-01
0.60054	1.24003e-01
0.60118	1.24654e-01
0.60181	1.25265e-01
0.60245	1.25837e-01
0.60309	1.26370e-01
0.60373	1.26864e-01
0.60452	1.27232e-01
0.60530	1.27573e-01
0.60607	1.27883e-01
0.60684	1.28160e-01
0.60760	1.28403e-01
0.60835	1.28609e-01
0.60911	1.28778e-01
0.60986	1.28908e-01
0.61062	1.28999e-01
0.61138	1.29051e-01
0.61215	1.29063e-01
0.61292	1.29036e-01
0.61381	1.29026e-01
0.61469	1.28963e-01
0.61554	1.28853e-01
0.61639	1.28699e-01
0.61722	1.28503e-01
0.61806	1.28267e-01
0.61889	1.27995e-01
0.61972	1.27686e-01
0.62054	1.27345e-01
0.62137	1.26973e-01
0.62220	1.26574e-01
0.62302	1.26148e-01
0.62385	1.25700e-01
0.62468	1.25231e-01
0.62551	1.24746e-01
0.62635	1.24245e-01
0.62718	1.23732e-01
0.62802	1.23208e-01
0.62885	1.22675e-01
0.62967	1.22133e-01
0.63048	1.21584e-01
0.63128	1.21027e-01
0.63205	1.20461e-01
0.63280	1.19888e-01
0.63352	1.19308e-01
0.63420	1.18721e-01
0.63486	1.18128e-01
0.63547	1.17533e-01
0.63606	1.16935e-01
0.63660	1.16339e-01
0.63711	1.15745e-01
0.63759	1.15157e-01
0.63803	1.14576e-01
0.63843	1.14006e-01
0.63880	1.13447e-01
0.63914	1.12903e-01
0.63945	1.12376e-01
0.63972	1.11866e-01
0.63996	1.11376e-01
0.64017	1.10907e-01
0.64042	1.10462e-01
0.64063	1.10043e-01
0.64080	1.09651e-01
0.64092	1.09286e-01
0.64101	1.08949e-01
0.64106	1.08640e-01
0.64107	1.08359e-01
0.64105	1.08106e-01
0.64099	1.07882e-01
0.64090	1.07687e-01
0.64112	1.07640e-01
0.64119	1.07585e-01
0.64116	1.07539e-01
0.64107	1.07511e-01
0.64099	1.07588e-01
0.64113	1.07705e-01
0.64124	1.07869e-01
0.64132	1.08074e-01
0.64136	1.08317e-01
0.64137	1.08592e-01
0.64133	1.08893e-01
0.64126	1.09215e-01
0.64114	1.09554e-01
0.64098	1.09906e-01
0.64072	1.10422e-01
0.64040	1.10993e-01
0.64003	1.11614e-01
0.63960	1.12278e-01
0.63914	1.12968e-01
0.63863	1.13666e-01
0.63811	1.14351e-01
0.63774	1.14916e-01
0.63734	1.15444e-01
0.63694	1.15926e-01
0.63653	1.16357e-01
0.63612	1.16738e-01
0.63570	1.17073e-01
0.63529	1.17364e-01
0.63518	1.17636e-01
0.63499	1.17885e-01
0.63477	1.18110e-01
0.63451	1.18309e-01
0.63423	1.18486e-01
0.63394	1.18643e-01
0.63364	1.18782e-01
0.63333	1.18906e-01
0.63301	1.19018e-01
0.63269	1.19118e-01
0.63258	1.19097e-01
0.63242	1.19090e-01
0.63223	1.19090e-01
0.63202	1.19091e-01
0.63179	1.19092e-01
0.63155	1.19093e-01
0.63130	1.19094e-01
0.63104	1.19097e-01
0.63078	1.19100e-01
0.63061	1.18877e-01
0.63043	1.18666e-01
0.63024	1.18463e-01
0.63010	1.18257e-01
0.62997	1.18050e-01
0.62984	1.17837e-01
0.62972	1.17613e-01
0.62961	1.17376e-01
0.62952	1.17123e-01
0.62945	1.16852e-01
0.62940	1.16563e-01
0.62936	1.16256e-01
0.62934	1.15934e-01
0.62933	1.15605e-01
0.62933	1.15273e-01
0.62934	1.14948e-01
0.62935	1.14639e-01
0.62936	1.14354e-01
0.62937	1.14098e-01
0.62937	1.13877e-01
0.62936	1.13694e-01
0.62934	1.13546e-01
0.62932	1.13434e-01
0.62928	1.13354e-01
0.62925	1.13302e-01
0.62921	1.13273e-01
0.62916	1.13263e-01
0.62912	1.13267e-01
0.62908	1.13283e-01
0.62904	1.13304e-01
0.62901	1.13329e-01
0.62898	1.13354e-01
0.62896	1.13376e-01
0.62895	1.13393e-01
0.62895	1.13402e-01
0.62896	1.13402e-01
0.62898	1.13391e-01
0.62907	1.13438e-01
0.62915	1.13456e-01
0.62925	1.13448e-01
0.62935	1.13417e-01
0.62946	1.13364e-01
0.62958	1.13290e-01
0.62983	1.13134e-01
0.63010	1.12953e-01
0.63039	1.12747e-01
0.63069	1.12517e-01
0.63102	1.12263e-01
0.63136	1.11989e-01
0.63171	1.11694e-01
0.63207	1.11380e-01
0.63244	1.11049e-01
0.63283	1.10702e-01
0.63334	1.10346e-01
0.63383	1.09975e-01
0.63431	1.09590e-01
0.63479	1.09193e-01
0.63525	1.08783e-01
0.63574	1.08380e-01
0.63622	1.07961e-01
0.63670	1.07531e-01
0.63753	1.07520e-01
0.63826	1.07378e-01
0.63892	1.07150e-01
0.63955	1.06876e-01
0.64017	1.06574e-01
0.64078	1.06255e-01
0.64138	1.05925e-01
0.64199	1.05587e-01
0.64259	1.05244e-01
0.64320	1.04899e-01
0.64381	1.04556e-01
0.64442	1.04216e-01
0.64504	1.03882e-01
0.64576	1.03560e-01
0.64646	1.03246e-01
0.64715	1.02943e-01
0.64784	1.02653e-01
0.64853	1.02377e-01
0.64924	1.02117e-01
0.64994	1.01874e-01
0.65087	1.01577e-01
0.65178	1.01302e-01
0.65269	1.01047e-01
0.65359	1.00815e-01
0.65448	1.00605e-01
0.65536	1.00419e-01
0.65624	1.00255e-01
0.65712	1.00114e-01
0.65799	9.99962e-02
0.65886	9.99012e-02
0.66002	9.97595e-02
0.66114	9.96676e-02
0.66222	9.96182e-02
0.66327	9.96059e-02
0.66430	9.96270e-02
0.66532	9.96784e-02
0.66631	9.97573e-02
0.66728	9.98612e-02
0.66824	9.99879e-02
0.66953	9.92215e-02
0.67086	9.83648e-02
0.67214	9.75968e-02
0.67341	9.69981e-02
0.67461	9.65481e-02
0.67575	9.62174e-02
0.67684	9.59795e-02
0.67789	9.58152e-02
0.67891	9.57106e-02
0.67990	9.56552e-02
0.68086	9.56403e-02
0.68180	9.56586e-02
0.68272	9.57036e-02
0.68362	9.57699e-02
0.68451	9.58524e-02
0.68538	9.59467e-02
0.68624	9.60490e-02
0.68709	9.61558e-02
0.68792	9.62639e-02
0.68873	9.63704e-02
0.68953	9.64727e-02
0.69030	9.65686e-02
0.69106	9.66560e-02
0.69180	9.67330e-02
0.69252	9.67981e-02
0.69321	9.68501e-02
0.69388	9.68878e-02
0.69452	9.69104e-02
0.69515	9.69174e-02
0.69575	9.69083e-02
0.69632	9.68829e-02
0.69687	9.68410e-02
0.69740	9.67829e-02
0.69791	9.67085e-02
0.69839	9.66183e-02
0.69885	9.65125e-02
0.69929	9.63916e-02
0.69979	9.63664e-02
0.70023	9.62838e-02
0.70064	9.61656e-02
0.70101	9.60230e-02
0.70135	9.58618e-02
0.70167	9.56856e-02
0.70226	9.55245e-02
0.70275	9.53485e-02
0.70319	9.51608e-02
0.70358	9.49642e-02
0.70393	9.47606e-02
0.70425	9.45517e-02
0.70453	9.43391e-02
0.70479	9.41245e-02
0.70501	9.39099e-02
0.70520	9.36973e-02
0.70553	9.35027e-02
0.70580	9.33120e-02
0.70602	9.31273e-02
0.70620	9.29503e-02
0.70635	9.27821e-02
0.70672	9.26478e-02
0.70699	9.25196e-02
0.70720	9.23975e-02
0.70742	9.23184e-02
0.70760	9.22431e-02
0.70793	9.22205e-02
0.70822	9.22026e-02
0.70847	9.21885e-02
0.70870	9.21768e-02
0.70889	9.21660e-02
0.70905	9.21543e-02
0.70917	9.21396e-02
0.70926	9.21195e-02
0.70931	9.20912e-02
0.70931	9.20522e-02
0.70928	9.20002e-02
0.70936	9.19093e-02
0.70940	9.18066e-02
0.70939	9.16913e-02
0.70933	9.15636e-02
0.70922	9.14234e-02
0.70907	9.12709e-02
0.70887	9.11061e-02
0.70882	9.10092e-02
0.70871	9.08978e-02
0.70855	9.07717e-02
0.70834	9.06303e-02
0.70808	9.04729e-02
0.70779	9.02992e-02
0.70745	9.01088e-02
0.70709	8.99017e-02
0.70669	8.96783e-02
0.70627	8.94388e-02
0.70597	8.90473e-02
0.70564	8.86520e-02
0.70529	8.82483e-02
0.70492	8.78341e-02
0.70453	8.74084e-02
0.70414	8.69711e-02
0.70374	8.65226e-02
0.70333	8.60637e-02
0.70293	8.55955e-02
0.70269	8.47291e-02
0.70243	8.38985e-02
0.70216	8.30895e-02
0.70189	8.22940e-02
0.70162	8.15083e-02
0.70135	8.07314e-02
0.70126	8.01174e-02
0.70116	7.95104e-02
0.70104	7.89082e-02
0.70092	7.83085e-02
0.70077	7.77090e-02
0.70061	7.71081e-02
0.70044	7.65048e-02
0.70026	7.58989e-02
0.70006	7.52904e-02
0.69986	7.46804e-02
0.69966	7.40700e-02
0.69945	7.34607e-02
0.69925	7.28541e-02
0.69905	7.22518e-02
0.69886	7.16554e-02
0.69868	7.10664e-02
0.69851	7.04864e-02
0.69836	6.99168e-02
0.69822	6.93587e-02
0.69810	6.88135e-02
0.69799	6.82823e-02
0.69791	6.77662e-02
0.69784	6.72660e-02
0.69780	6.67829e-02
0.69777	6.63177e-02
0.69777	6.58712e-02
0.69778	6.54441e-02
0.69782	6.50374e-02
0.69787	6.46515e-02
0.69795	6.42872e-02
0.69805	6.39450e-02
0.69817	6.36348e-02
0.69842	6.34113e-02
0.69866	6.32012e-02
0.69892	6.30063e-02
0.69917	6.28270e-02
0.69944	6.26634e-02
0.69983	6.25629e-02
0.70022	6.24775e-02
0.70061	6.24077e-02
0.70100	6.23525e-02
0.70138	6.23113e-02
0.70176	6.22836e-02
0.70213	6.22692e-02
0.70249	6.22681e-02
0.70286	6.22808e-02
0.70322	6.23077e-02
0.70368	6.22740e-02
0.70413	6.22604e-02
0.70457	6.22611e-02
0.70503	6.22727e-02
0.70548	6.22934e-02
0.70620	6.22861e-02
0.70691	6.23051e-02
0.70762	6.23507e-02
0.70833	6.24227e-02
0.70902	6.25206e-02
0.70971	6.26438e-02
0.71038	6.27909e-02
0.71104	6.29608e-02
0.71169	6.31518e-02
0.71232	6.33621e-02
0.71294	6.35900e-02
0.71355	6.38334e-02
0.71414	6.40906e-02
0.71472	6.43597e-02
0.71528	6.46388e-02
0.71583	6.49262e-02
0.71657	6.51364e-02
0.71727	6.53613e-02
0.71793	6.55965e-02
0.71857	6.58389e-02
0.71918	6.60861e-02
0.71981	6.62909e-02
0.72039	6.65087e-02
0.72104	6.66841e-02
0.72165	6.68694e-02
0.72222	6.70608e-02
0.72276	6.72555e-02
0.72327	6.74512e-02
0.72374	6.76461e-02
0.72419	6.78384e-02
0.72461	6.80268e-02
0.72500	6.82097e-02
0.72537	6.83861e-02
0.72584	6.85438e-02
0.72627	6.86922e-02
0.72668	6.88297e-02
0.72706	6.89550e-02
0.72743	6.90670e-02
0.72777	6.91651e-02
0.72809	6.92488e-02
0.72839	6.93174e-02
0.72866	6.93708e-02
0.72926	6.87742e-02
0.72985	6.81504e-02
0.73039	6.75803e-02
0.73084	6.71063e-02
0.73121	6.67222e-02
0.73151	6.63994e-02
0.73184	6.61304e-02
0.73210	6.58725e-02
0.73232	6.56179e-02
0.73270	6.53130e-02
0.73300	6.50186e-02
0.73324	6.47270e-02
0.73344	6.44346e-02
0.73360	6.41401e-02
0.73372	6.38428e-02
0.73382	6.35429e-02
0.73388	6.32408e-02
0.73393	6.29372e-02
0.73394	6.26328e-02
0.73393	6.23286e-02
0.73391	6.20258e-02
0.73386	6.17254e-02
0.73379	6.14289e-02
0.73370	6.11375e-02
0.73359	6.08525e-02
0.73347	6.05756e-02
0.73333	6.03079e-02
0.73317	6.00511e-02
0.73300	5.98063e-02
0.73281	5.95750e-02
0.73261	5.93585e-02
0.73239	5.91579e-02
0.73216	5.89744e-02
0.73192	5.88090e-02
0.73167	5.86628e-02
0.73140	5.85366e-02
0.73113	5.84313e-02
0.73096	5.85374e-02
0.73087	5.87280e-02
0.73073	5.88995e-02
0.73056	5.90642e-02
0.73037	5.92285e-02
0.73016	5.93963e-02
0.72993	5.95707e-02
0.72969	5.97542e-02
0.72944	5.99488e-02
0.72918	6.01563e-02
0.72892	6.03779e-02
0.72865	6.06146e-02
0.72838	6.08671e-02
0.72812	6.11358e-02
0.72785	6.14209e-02
0.72759	6.17223e-02
0.72734	6.20399e-02
0.72709	6.23732e-02
0.72685	6.27217e-02
0.72661	6.30848e-02
0.72639	6.34616e-02
0.72626	6.38497e-02
0.72615	6.42463e-02
0.72606	6.46504e-02
0.72598	6.50610e-02
0.72592	6.54772e-02
0.72588	6.58983e-02
0.72584	6.63235e-02
0.72582	6.67522e-02
0.72601	6.72537e-02
0.72620	6.77558e-02
0.72639	6.82552e-02
0.72658	6.87494e-02
0.72677	6.92368e-02
0.72708	6.98218e-02
0.72736	7.03666e-02
0.72762	7.08766e-02
0.72797	7.13392e-02
0.72831	7.17815e-02
0.72864	7.22061e-02
0.72895	7.26153e-02
0.72926	7.30105e-02
0.72961	7.33768e-02
0.72992	7.37374e-02
0.73041	7.40109e-02
0.73086	7.42972e-02
0.73127	7.45883e-02
0.73166	7.48797e-02
0.73203	7.51690e-02
0.73239	7.54548e-02
0.73275	7.57356e-02
0.73310	7.60105e-02
0.73345	7.62785e-02
0.73380	7.65391e-02
0.73461	7.68103e-02
0.73537	7.71034e-02
0.73601	7.73949e-02
0.73657	7.76729e-02
0.73708	7.79363e-02
0.73758	7.81867e-02
0.73808	7.84248e-02
0.73857	7.86510e-02
0.73907	7.88658e-02
0.73982	7.84682e-02
0.74056	7.80986e-02
0.74130	7.77510e-02
0.74205	7.74225e-02
0.74281	7.71122e-02
0.74358	7.68200e-02
0.74447	7.66259e-02
0.74536	7.64411e-02
0.74625	7.62653e-02
0.74714	7.60966e-02
0.74802	7.59319e-02
0.74889	7.57670e-02
0.74975	7.55973e-02
0.75058	7.54184e-02
0.75140	7.52266e-02
0.75218	7.50195e-02
0.75294	7.47955e-02
0.75367	7.45544e-02
0.75438	7.42965e-02
0.75507	7.40228e-02
0.75573	7.37344e-02
0.75638	7.34329e-02
0.75701	7.31196e-02
0.75762	7.27959e-02
0.75822	7.24632e-02
0.75880	7.21227e-02
0.75937	7.17755e-02
0.75993	7.14229e-02
0.76047	7.10658e-02
0.76101	7.07052e-02
0.76152	7.03420e-02
0.76203	6.99772e-02
0.76253	6.96115e-02
0.76301	6.92459e-02
0.76347	6.88812e-02
0.76393	6.85183e-02
0.76437	6.81578e-02
0.76479	6.78010e-02
0.76520	6.74483e-02
0.76559	6.71005e-02
0.76597	6.67583e-02
0.76633	6.64224e-02
0.76667	6.60938e-02
0.76699	6.57729e-02
0.76730	6.54607e-02
0.76759	6.51577e-02
0.76785	6.48647e-02
0.76810	6.45823e-02
0.76833	6.43111e-02
0.76853	6.40517e-02
0.76872	6.38047e-02
0.76888	6.35706e-02
0.76902	6.33499e-02
0.76914	6.31430e-02
0.76924	6.29504e-02
0.76932	6.27725e-02
0.76937	6.26096e-02
0.76940	6.24620e-02
0.76941	6.23299e-02
0.76939	6.22137e-02
0.76935	6.21134e-02
0.76929	6.20293e-02
0.76920	6.19614e-02
0.76909	6.19098e-02
0.76896	6.18745e-02
0.76881	6.18556e-02
0.76867	6.18292e-02
0.76850	6.18204e-02
0.76832	6.18283e-02
0.76811	6.18522e-02
0.76788	6.18915e-02
0.76769	6.19597e-02
0.76748	6.20415e-02
0.76724	6.21368e-02
0.76724	6.21078e-02
0.76721	6.21062e-02
0.76715	6.21338e-02
0.76706	6.21903e-02
0.76695	6.22746e-02
0.76686	6.23589e-02
0.76674	6.24750e-02
0.76671	6.25938e-02
0.76676	6.28750e-02
0.76675	6.31696e-02
0.76670	6.34772e-02
0.76660	6.37967e-02
0.76648	6.41265e-02
0.76633	6.44657e-02
0.76617	6.48133e-02
0.76598	6.51687e-02
0.76578	6.55313e-02
0.76574	6.58201e-02
0.76567	6.61228e-02
0.76556	6.64391e-02
0.76543	6.67689e-02
0.76526	6.71112e-02
0.76506	6.74648e-02
0.76488	6.77981e-02
0.76467	6.81474e-02
0.76442	6.85082e-02
0.76447	6.80976e-02
0.76446	6.77713e-02
0.76440	6.75229e-02
0.76431	6.73257e-02
0.76423	6.71707e-02
0.76413	6.70279e-02
0.76412	6.70828e-02
0.76409	6.71330e-02
0.76402	6.71807e-02
0.76392	6.72296e-02
0.76379	6.72843e-02
0.76363	6.73492e-02
0.76344	6.74281e-02
0.76322	6.75236e-02
0.76298	6.76371e-02
0.76271	6.77684e-02
0.76243	6.79166e-02
0.76213	6.80797e-02
0.76182	6.82550e-02
0.76151	6.84395e-02
0.76127	6.86628e-02
0.76102	6.88831e-02
0.76076	6.90987e-02
0.76049	6.93069e-02
0.76023	6.95047e-02
0.75997	6.96886e-02
0.75972	6.98553e-02
0.75949	7.00012e-02
0.75927	7.01230e-02
0.75907	7.02177e-02
0.75890	7.02833e-02
0.75874	7.03185e-02
0.75861	7.03232e-02
0.75850	7.02986e-02
0.75840	7.02463e-02
0.75832	7.01687e-02
0.75824	7.00680e-02
0.75821	6.99833e-02
0.75817	6.98654e-02
0.75813	6.97214e-02
0.75809	6.95552e-02
0.75805	6.93688e-02
0.75801	6.91634e-02
0.75799	6.89399e-02
0.75797	6.86989e-02
0.75796	6.84411e-02
0.75796	6.81672e-02
0.75798	6.78782e-02
0.75801	6.75752e-02
0.75806	6.72593e-02
0.75813	6.69317e-02
0.75823	6.65937e-02
0.75834	6.62466e-02
0.75848	6.58915e-02
0.75865	6.55295e-02
0.75883	6.51613e-02
0.75912	6.47153e-02
0.75941	6.42754e-02
0.75971	6.38331e-02
0.76003	6.33852e-02
0.76036	6.29301e-02
0.76070	6.24675e-02
0.76104	6.19975e-02
0.76139	6.15209e-02
0.76175	6.10385e-02
0.76211	6.05517e-02
0.76248	6.00621e-02
0.76285	5.95714e-02
0.76322	5.90812e-02
0.76360	5.85937e-02
0.76397	5.81104e-02
0.76435	5.76334e-02
0.76473	5.71642e-02
0.76511	5.67045e-02
0.76555	5.62506e-02
0.76599	5.58065e-02
0.76642	5.53740e-02
0.76684	5.49546e-02
0.76725	5.45498e-02
0.76789	5.40592e-02
0.76850	5.35940e-02
0.76919	5.31973e-02
0.76993	5.28159e-02
0.77062	5.24610e-02
0.77126	5.21329e-02
0.77186	5.18314e-02
0.77242	5.15564e-02
0.77296	5.13080e-02
0.77347	5.10861e-02
0.77396	5.08912e-02
0.77443	5.07235e-02
0.77488	5.05834e-02
0.77532	5.04712e-02
0.77575	5.03873e-02
0.77617	5.03315e-02
0.77658	5.03035e-02
0.77697	5.03024e-02
0.77749	5.03443e-02
0.77797	5.04118e-02
0.77852	5.06847e-02
0.77907	5.08596e-02
0.77960	5.10401e-02
0.78009	5.12167e-02
0.78056	5.13837e-02
0.78100	5.15385e-02
0.78142	5.16820e-02
0.78186	5.18483e-02
0.78228	5.20110e-02
0.78266	5.21776e-02
0.78303	5.23539e-02
0.78337	5.25444e-02
0.78369	5.27520e-02
0.78398	5.29787e-02
0.78426	5.32251e-02
0.78451	5.34913e-02
0.78475	5.37766e-02
0.78496	5.40800e-02
0.78516	5.44002e-02
0.78535	5.47356e-02
0.78551	5.50844e-02
0.78585	5.55333e-02
0.78617	5.59948e-02
0.78648	5.64679e-02
0.78677	5.69587e-02
0.78704	5.74537e-02
0.78729	5.79507e-02
0.78751	5.84464e-02
0.78771	5.89374e-02
0.78788	5.94206e-02
0.78802	5.98931e-02
0.78812	6.03527e-02
0.78820	6.07981e-02
0.78825	6.12282e-02
0.78827	6.16429e-02
0.78827	6.20533e-02
0.78824	6.24440e-02
0.78819	6.28181e-02
0.78812	6.31772e-02
0.78803	6.35224e-02
0.78793	6.38546e-02
0.78780	6.41746e-02
0.78767	6.44828e-02
0.78753	6.47798e-02
0.78737	6.50658e-02
0.78721	6.53409e-02
0.78703	6.56052e-02
0.78686	6.58586e-02
0.78667	6.61012e-02
0.78648	6.63327e-02
0.78639	6.64748e-02
0.78629	6.66095e-02
0.78618	6.67359e-02
0.78608	6.68537e-02
0.78596	6.69625e-02
0.78585	6.70621e-02
0.78573	6.71524e-02
0.78563	6.72273e-02
0.78554	6.72916e-02
0.78545	6.73448e-02
0.78543	6.74111e-02
0.78539	6.74555e-02
0.78534	6.74818e-02
0.78529	6.74921e-02
0.78523	6.74877e-02
0.78518	6.74695e-02
0.78512	6.74382e-02
0.78506	6.73944e-02
0.78500	6.73388e-02
0.78494	6.72715e-02
0.78487	6.71930e-02
0.78480	6.71034e-02
0.78473	6.70028e-02
0.78465	6.68914e-02
0.78456	6.67692e-02
0.78467	6.66250e-02
0.78477	6.64832e-02
0.78485	6.63424e-02
0.78492	6.62010e-02
0.78496	6.60570e-02
0.78498	6.59087e-02
0.78498	6.57542e-02
0.78507	6.55971e-02
0.78522	6.54576e-02
0.78535	6.53053e-02
0.78545	6.51406e-02
0.78554	6.49639e-02
0.78561	6.47757e-02
0.78566	6.45765e-02
0.78570	6.43665e-02
0.78573	6.41463e-02
0.78574	6.39160e-02
0.78574	6.36761e-02
0.78573	6.34270e-02
0.78571	6.31693e-02
0.78569	6.29034e-02
0.78565	6.26300e-02
0.78561	6.23497e-02
0.78556	6.20634e-02
0.78551	6.17717e-02
0.78545	6.14753e-02
0.78554	6.08550e-02
0.78560	6.02917e-02
0.78564	5.97736e-02
0.78566	5.92939e-02
0.78567	5.88474e-02
0.78567	5.84297e-02
0.78581	5.81534e-02
0.78591	5.78718e-02
0.78603	5.76133e-02
0.78611	5.73559e-02
0.78617	5.71004e-02
0.78622	5.68472e-02
0.78625	5.65961e-02
0.78627	5.63472e-02
0.78628	5.61006e-02
0.78628	5.58623e-02
0.78629	5.56261e-02
0.78628	5.53927e-02
0.78628	5.51626e-02
0.78627	5.49363e-02
0.78627	5.47134e-02
0.78626	5.44954e-02
0.78626	5.42829e-02
0.78625	5.40761e-02
0.78629	5.38976e-02
0.78632	5.37187e-02
0.78634	5.35430e-02
0.78636	5.33721e-02
0.78638	5.32070e-02
0.78640	5.30483e-02
0.78642	5.28964e-02
0.78645	5.27514e-02
0.78648	5.26137e-02
0.78651	5.24833e-02
0.78655	5.23603e-02
0.78660	5.22447e-02
0.78665	5.21367e-02
0.78671	5.20363e-02
0.78677	5.19438e-02
0.78685	5.18593e-02
0.78694	5.17832e-02
0.78704	5.17161e-02
0.78732	5.16553e-02
0.78758	5.16083e-02
0.78782	5.15734e-02
0.78805	5.15502e-02
0.78828	5.15387e-02
0.78850	5.15386e-02
0.78873	5.15493e-02
0.78897	5.15495e-02
0.78921	5.15619e-02
0.78944	5.15844e-02
0.78966	5.16149e-02
0.78987	5.16518e-02
0.79009	5.17025e-02
0.79030	5.17553e-02
0.79055	5.17335e-02
0.79079	5.16952e-02
0.79104	5.16384e-02
0.79129	5.15623e-02
0.79155	5.14681e-02
0.79181	5.13586e-02
0.79208	5.12387e-02
0.79234	5.11145e-02
0.79260	5.09930e-02
0.79285	5.08809e-02
0.79310	5.07840e-02
0.79337	5.07353e-02
0.79363	5.07051e-02
0.79386	5.06963e-02
0.79408	5.07103e-02
0.79428	5.07474e-02
0.79447	5.08069e-02
0.79464	5.08880e-02
0.79481	5.09895e-02
0.79496	5.11099e-02
0.79510	5.12479e-02
0.79524	5.14024e-02
0.79537	5.15722e-02
0.79550	5.17563e-02
0.79562	5.19538e-02
0.79573	5.21640e-02
0.79597	5.24532e-02
0.79620	5.27554e-02
0.79642	5.30714e-02
0.79663	5.34002e-02
0.79683	5.37398e-02
0.79702	5.40880e-02
0.79721	5.44424e-02
0.79738	5.48012e-02
0.79754	5.51629e-02
0.79768	5.55263e-02
0.79782	5.58908e-02
0.79795	5.62558e-02
0.79806	5.66211e-02
0.79817	5.69867e-02
0.79827	5.73525e-02
0.79836	5.77184e-02
0.79845	5.80845e-02
0.79853	5.84508e-02
0.79863	5.87540e-02
0.79873	5.90610e-02
0.79882	5.93666e-02
0.79891	5.96687e-02
0.79900	5.99660e-02
0.79908	6.02579e-02
0.79916	6.05437e-02
0.79924	6.08229e-02
0.79943	6.10691e-02
0.79960	6.13122e-02
0.79975	6.15509e-02
0.79989	6.17843e-02
0.80001	6.20116e-02
0.80012	6.22318e-02
0.80021	6.24442e-02
0.80030	6.26484e-02
0.80038	6.28430e-02
0.80045	6.30274e-02
0.80051	6.32010e-02
0.80057	6.33633e-02
0.80067	6.35118e-02
0.80076	6.36472e-02
0.80084	6.37692e-02
0.80090	6.38775e-02
0.80096	6.39720e-02
0.80102	6.40522e-02
0.80107	6.41181e-02
0.80112	6.41692e-02
0.80117	6.42054e-02
0.80121	6.42265e-02
0.80141	6.42431e-02
0.80157	6.42438e-02
0.80171	6.42280e-02
0.80183	6.41958e-02
0.80194	6.41472e-02
0.80205	6.40823e-02
0.80214	6.40010e-02
0.80223	6.39038e-02
0.80231	6.37908e-02
0.80239	6.36624e-02
0.80246	6.35190e-02
0.80253	6.33611e-02
0.80260	6.31893e-02
0.80272	6.30490e-02
0.80284	6.29015e-02
0.80297	6.27505e-02
0.80311	6.25981e-02
0.80325	6.24453e-02
0.80341	6.22914e-02
0.80357	6.21321e-02
0.80374	6.19667e-02
0.80390	6.17920e-02
0.80405	6.16052e-02
0.80420	6.14045e-02
0.80434	6.11890e-02
0.80446	6.09588e-02
0.80479	6.07534e-02
0.80506	6.05338e-02
0.80530	6.03027e-02
0.80552	6.00619e-02
0.80572	5.98122e-02
0.80590	5.95546e-02
0.80607	5.92899e-02
0.80623	5.90188e-02
0.80638	5.87423e-02
0.80652	5.84612e-02
0.80665	5.81765e-02
0.80679	5.79178e-02
0.80691	5.76447e-02
0.80703	5.73644e-02
0.80714	5.70802e-02
0.80725	5.67941e-02
0.80735	5.65075e-02
0.80746	5.62216e-02
0.80756	5.59372e-02
0.80766	5.56550e-02
0.80776	5.53756e-02
0.80786	5.50995e-02
0.80796	5.48272e-02
0.80807	5.45589e-02
0.80818	5.42951e-02
0.80829	5.40358e-02
0.80846	5.37916e-02
0.80862	5.35499e-02
0.80878	5.33117e-02
0.80893	5.30774e-02
0.80909	5.28475e-02
0.80924	5.26221e-02
0.80939	5.24014e-02
0.80955	5.21856e-02
0.80971	5.19747e-02
0.80987	5.17688e-02
0.81003	5.15680e-02
0.81019	5.13724e-02
0.81036	5.11821e-02
0.81053	5.09971e-02
0.81071	5.08176e-02
0.81088	5.06437e-02
0.81106	5.04756e-02
0.81124	5.03135e-02
0.81147	5.00972e-02
0.81169	4.98934e-02
0.81191	4.96977e-02
0.81213	4.95088e-02
0.81236	4.93261e-02
0.81259	4.91497e-02
0.81282	4.89797e-02
0.81305	4.88162e-02
0.81339	4.87052e-02
0.81372	4.85948e-02
0.81403	4.84847e-02
0.81432	4.83752e-02
0.81461	4.82670e-02
0.81488	4.81613e-02
0.81514	4.80592e-02
0.81539	4.79624e-02
0.81563	4.78721e-02
0.81586	4.77900e-02
0.81609	4.77172e-02
0.81631	4.76551e-02
0.81666	4.76935e-02
0.81697	4.77302e-02
0.81726	4.77710e-02
0.81754	4.78188e-02
0.81779	4.78755e-02
0.81804	4.79423e-02
0.81827	4.80200e-02
0.81849	4.81092e-02
0.81870	4.82102e-02
0.81890	4.83234e-02
0.81917	4.83797e-02
0.81942	4.84569e-02
0.81965	4.85533e-02
0.81987	4.86673e-02
0.82007	4.87978e-02
0.82026	4.89434e-02
0.82043	4.91029e-02
0.82060	4.92749e-02
0.82075	4.94582e-02
0.82088	4.96517e-02
0.82101	4.98540e-02
0.82112	5.00641e-02
0.82123	5.02807e-02
0.82133	5.05153e-02
0.82141	5.07520e-02
0.82149	5.09904e-02
0.82155	5.12297e-02
0.82160	5.14692e-02
0.82164	5.17078e-02
0.82168	5.19370e-02
0.82171	5.21658e-02
0.82172	5.23926e-02
0.82172	5.26160e-02
0.82171	5.28348e-02
0.82176	5.31112e-02
0.82181	5.33876e-02
0.82189	5.36368e-02
0.82196	5.38902e-02
0.82200	5.41434e-02
0.82204	5.43925e-02
0.82205	5.46339e-02
0.82205	5.48644e-02
0.82203	5.50812e-02
0.82199	5.52822e-02
0.82193	5.54658e-02
0.82185	5.56308e-02
0.82176	5.57767e-02
0.82165	5.59031e-02
0.82152	5.60098e-02
0.82138	5.60971e-02
0.82122	5.61652e-02
0.82105	5.62146e-02
0.82086	5.62458e-02
0.82066	5.62595e-02
0.82046	5.62564e-02
0.82023	5.62373e-02
0.82000	5.62029e-02
0.81976	5.61541e-02
0.81951	5.60919e-02
0.81925	5.60170e-02
0.81899	5.59304e-02
0.81871	5.58330e-02
0.81846	5.57460e-02
0.81819	5.56460e-02
0.81791	5.55355e-02
0.81763	5.54161e-02
0.81734	5.52891e-02
0.81705	5.51558e-02
0.81674	5.50174e-02
0.81644	5.48750e-02
0.81613	5.47296e-02
0.81582	5.45824e-02
0.81551	5.44344e-02
0.81519	5.42865e-02
0.81488	5.41397e-02
0.81456	5.39949e-02
0.81424	5.38528e-02
0.81393	5.37143e-02
0.81361	5.35801e-02
0.81330	5.34509e-02
0.81322	5.27590e-02
0.81313	5.21056e-02
0.81304	5.14774e-02
0.81294	5.08680e-02
0.81285	5.02762e-02
0.81276	4.97049e-02
0.81267	4.91595e-02
0.81258	4.86465e-02
0.81248	4.81717e-02
0.81238	4.77414e-02
0.81227	4.73593e-02
0.81216	4.70274e-02
0.81203	4.67455e-02
0.81190	4.65124e-02
0.81177	4.63254e-02
0.81163	4.61814e-02
0.81149	4.60768e-02
0.81137	4.60208e-02
0.81124	4.59935e-02
0.81112	4.59930e-02
0.81103	4.60141e-02
0.81094	4.60584e-02
0.81085	4.61232e-02
0.81077	4.62063e-02
0.81071	4.63059e-02
0.81065	4.64200e-02
0.81060	4.65468e-02
0.81057	4.66846e-02
0.81054	4.68315e-02
0.81053	4.69855e-02
0.81052	4.71446e-02
0.81052	4.73069e-02
0.81053	4.74705e-02
0.81054	4.76335e-02
0.81056	4.77942e-02
0.81059	4.79513e-02
0.81062	4.81032e-02
0.81065	4.82490e-02
0.81069	4.83877e-02
0.81074	4.85184e-02
0.81079	4.86406e-02
0.81084	4.87538e-02
0.81090	4.88577e-02
0.81097	4.89519e-02
0.81104	4.90364e-02
0.81112	4.91111e-02
0.81121	4.91759e-02
0.81130	4.92310e-02
0.81139	4.92764e-02
0.81150	4.93050e-02
0.81162	4.93267e-02
0.81174	4.93407e-02
0.81186	4.93551e-02
0.81199	4.93598e-02
0.81228	4.91833e-02
0.81257	4.90081e-02
0.81297	4.87169e-02
0.81332	4.84748e-02
0.81365	4.82565e-02
0.81397	4.80526e-02
0.81429	4.78595e-02
0.81460	4.76756e-02
0.81491	4.75002e-02
0.81521	4.73325e-02
0.81551	4.71722e-02
0.81581	4.70188e-02
0.81610	4.68718e-02
0.81642	4.67569e-02
0.81672	4.66425e-02
0.81703	4.65310e-02
0.81733	4.64235e-02
0.81762	4.63206e-02
0.81792	4.62225e-02
0.81821	4.61293e-02
0.81851	4.60412e-02
0.81880	4.59581e-02
0.81910	4.58801e-02
0.81939	4.58071e-02
0.81969	4.57392e-02
0.81999	4.56761e-02
0.82030	4.56173e-02
0.82060	4.55623e-02
0.82090	4.55102e-02
0.82121	4.54598e-02
0.82152	4.54095e-02
0.82183	4.53579e-02
0.82213	4.53032e-02
0.82244	4.52438e-02
0.82274	4.51780e-02
0.82304	4.51045e-02
0.82333	4.50218e-02
0.82369	4.48918e-02
0.82402	4.47617e-02
0.82435	4.46014e-02
0.82466	4.44407e-02
0.82497	4.42758e-02
0.82526	4.41046e-02
0.82554	4.39261e-02
0.82581	4.37396e-02
0.82607	4.35447e-02
0.82633	4.33413e-02
0.82659	4.31298e-02
0.82683	4.29104e-02
0.82708	4.26836e-02
0.82731	4.24500e-02
0.82755	4.22104e-02
0.82778	4.19656e-02
0.82801	4.17164e-02
0.82853	4.13782e-02
0.82893	4.10824e-02
0.82926	4.08064e-02
0.82955	4.05406e-02
0.82982	4.02816e-02
0.83007	4.00289e-02
0.83032	3.97828e-02
0.83057	3.95445e-02
0.83081	3.93151e-02
0.83105	3.90981e-02
0.83129	3.88919e-02
0.83152	3.86983e-02
0.83176	3.85187e-02
0.83199	3.83545e-02
0.83222	3.82070e-02
0.83245	3.80775e-02
0.83268	3.79672e-02
0.83290	3.78770e-02
0.83313	3.78079e-02
0.83335	3.77607e-02
0.83357	3.77361e-02
0.83379	3.77347e-02
0.83401	3.77568e-02
0.83423	3.78027e-02
0.83445	3.78724e-02
0.83466	3.79659e-02
0.83506	3.77078e-02
0.83540	3.75778e-02
0.83571	3.75312e-02
0.83601	3.75387e-02
0.83630	3.75834e-02
0.83658	3.76554e-02
0.83686	3.77490e-02
0.83714	3.78606e-02
0.83743	3.79885e-02
0.83771	3.81320e-02
0.83798	3.82914e-02
0.83826	3.84675e-02
0.83853	3.86616e-02
0.83880	3.88748e-02
0.83905	3.91080e-02
0.83933	3.93243e-02
0.83958	3.95726e-02
0.83981	3.98481e-02
0.84003	4.01503e-02
0.84023	4.04718e-02
0.84043	4.08112e-02
0.84060	4.11637e-02
0.84089	4.15225e-02
0.84114	4.18954e-02
0.84136	4.22772e-02
0.84155	4.26635e-02
0.84172	4.30502e-02
0.84187	4.34335e-02
0.84199	4.38095e-02
0.84211	4.41741e-02
0.84220	4.45229e-02
0.84229	4.48516e-02
0.84236	4.51557e-02
0.84249	4.53911e-02
0.84260	4.55971e-02
0.84271	4.57697e-02
0.84282	4.59073e-02
0.84292	4.60100e-02
0.84309	4.60342e-02
0.84324	4.60372e-02
0.84348	4.60924e-02
0.84366	4.61023e-02
0.84382	4.60791e-02
0.84395	4.60308e-02
0.84406	4.59630e-02
0.84414	4.58795e-02
0.84421	4.57830e-02
0.84425	4.56758e-02
0.84433	4.55897e-02
0.84437	4.54845e-02
0.84438	4.53651e-02
0.84436	4.52344e-02
0.84431	4.50947e-02
0.84424	4.49472e-02
0.84414	4.47933e-02
0.84402	4.46336e-02
0.84387	4.44690e-02
0.84371	4.43001e-02
0.84352	4.41275e-02
0.84331	4.39519e-02
0.84308	4.37739e-02
0.84284	4.35943e-02
0.84257	4.34138e-02
0.84229	4.32332e-02
0.84199	4.30534e-02
0.84168	4.28756e-02
0.84135	4.27006e-02
0.84101	4.25299e-02
0.84067	4.23646e-02
0.84036	4.21926e-02
0.84003	4.20334e-02
0.83969	4.18863e-02
0.83935	4.17515e-02
0.83901	4.16297e-02
0.83884	4.16744e-02
0.83860	4.16628e-02
0.83831	4.16307e-02
0.83800	4.15938e-02
0.83767	4.15584e-02
0.83732	4.15274e-02
0.83705	4.14766e-02
0.83676	4.14359e-02
0.83645	4.14065e-02
0.83613	4.13896e-02
0.83579	4.13861e-02
0.83543	4.13966e-02
0.83505	4.14215e-02
0.83465	4.14610e-02
0.83424	4.15151e-02
0.83382	4.15839e-02
0.83339	4.16672e-02
0.83294	4.17651e-02
0.83249	4.18772e-02
0.83204	4.20034e-02
0.83159	4.21434e-02
0.83113	4.22967e-02
0.83068	4.24630e-02
0.83023	4.26417e-02
0.82979	4.28323e-02
0.82935	4.30341e-02
0.82902	4.30542e-02
0.82868	4.31101e-02
0.82835	4.31869e-02
0.82802	4.32782e-02
0.82771	4.33806e-02
0.82741	4.34921e-02
0.82712	4.36111e-02
0.82685	4.37365e-02
0.82660	4.38670e-02
0.82636	4.40015e-02
0.82614	4.41390e-02
0.82594	4.42784e-02
0.82576	4.44187e-02
0.82560	4.45589e-02
0.82547	4.46981e-02
0.82547	4.47921e-02
0.82553	4.49650e-02
0.82558	4.51364e-02
0.82564	4.53136e-02
0.82570	4.54806e-02
0.82585	4.56070e-02
0.82601	4.57232e-02
0.82632	4.57375e-02
0.82665	4.57718e-02
0.82699	4.57958e-02
0.82735	4.58124e-02
0.82772	4.58232e-02
0.82811	4.58295e-02
0.82851	4.58327e-02
0.82893	4.58335e-02
0.82939	4.58393e-02
0.82986	4.58423e-02
0.83034	4.58432e-02
0.83083	4.58421e-02
0.83132	4.58386e-02
0.83183	4.58323e-02
0.83234	4.58226e-02
0.83287	4.58088e-02
0.83340	4.57904e-02
0.83394	4.57669e-02
0.83449	4.57380e-02
0.83506	4.57035e-02
0.83563	4.56635e-02
0.83622	4.56180e-02
0.83683	4.55673e-02
0.83744	4.55118e-02
0.83807	4.54520e-02
0.83872	4.53882e-02
0.83938	4.53213e-02
0.84006	4.52517e-02
0.84076	4.51802e-02
0.84148	4.51074e-02
0.84222	4.50340e-02
0.84298	4.49605e-02
0.84375	4.48875e-02
0.84454	4.48152e-02
0.84534	4.47441e-02
0.84615	4.46741e-02
0.84696	4.46053e-02
0.84778	4.45378e-02
0.84860	4.44714e-02
0.84941	4.44062e-02
0.85021	4.43422e-02
0.85101	4.42796e-02
0.85180	4.42184e-02
0.85258	4.41591e-02
0.85335	4.41017e-02
0.85411	4.40466e-02
0.85486	4.39941e-02
0.85559	4.39444e-02
0.85630	4.38977e-02
0.85701	4.38542e-02
0.85769	4.38140e-02
0.85836	4.37771e-02
0.85902	4.37464e-02
0.85966	4.37178e-02
0.86027	4.36917e-02
0.86087	4.36682e-02
0.86145	4.36473e-02
0.86201	4.36287e-02
0.86256	4.36179e-02
0.86308	4.36068e-02
0.86358	4.35959e-02
0.86405	4.35852e-02
0.86450	4.35745e-02
0.86492	4.35646e-02
0.86532	4.35533e-02
0.86569	4.35403e-02
0.86604	4.35251e-02
0.86636	4.35071e-02
0.86665	4.34858e-02
0.86691	4.34606e-02
0.86715	4.34310e-02
0.86736	4.33963e-02
0.86754	4.33561e-02
0.86769	4.33096e-02
0.86781	4.32565e-02
0.86790	4.31962e-02
0.86797	4.31282e-02
0.86800	4.30521e-02
0.86802	4.29487e-02
0.86802	4.28382e-02
0.86798	4.27190e-02
0.86791	4.25904e-02
0.86782	4.24520e-02
0.86770	4.23034e-02
0.86755	4.21445e-02
0.86738	4.19751e-02
0.86718	4.17952e-02
0.86696	4.16120e-02
0.86672	4.14177e-02
0.86645	4.12129e-02
0.86616	4.09980e-02
0.86584	4.07737e-02
0.86551	4.05403e-02
0.86517	4.02675e-02
0.86480	3.99945e-02
0.86442	3.97197e-02
0.86402	3.94449e-02
0.86361	3.91656e-02
0.86319	3.88934e-02
0.86275	3.86158e-02
0.86238	3.82431e-02
0.86197	3.78919e-02
0.86153	3.75517e-02
0.86107	3.72186e-02
0.86060	3.68915e-02
0.86010	3.65698e-02
0.85960	3.62539e-02
0.85908	3.59441e-02
0.85857	3.56357e-02
0.85804	3.53369e-02
0.85750	3.50472e-02
0.85696	3.47670e-02
0.85642	3.44968e-02
0.85587	3.42374e-02
0.85532	3.39895e-02
0.85477	3.37537e-02
0.85422	3.35307e-02
0.85368	3.33210e-02
0.85314	3.31251e-02
0.85261	3.29433e-02
0.85208	3.27758e-02
0.85157	3.26225e-02
0.85106	3.24834e-02
0.85057	3.23581e-02
0.85009	3.22460e-02
0.84962	3.21465e-02
0.84917	3.20588e-02
0.84873	3.19817e-02
0.84832	3.19142e-02
0.84792	3.18551e-02
0.84754	3.18034e-02
0.84728	3.18671e-02
0.84701	3.18953e-02
0.84674	3.19035e-02
0.84648	3.19035e-02
0.84623	3.19013e-02
0.84601	3.19003e-02
0.84580	3.19026e-02
0.84561	3.19097e-02
0.84545	3.19227e-02
0.84530	3.19425e-02
0.84517	3.19694e-02
0.84506	3.20036e-02
0.84496	3.20450e-02
0.84489	3.20929e-02
0.84483	3.21466e-02
0.84478	3.22050e-02
0.84476	3.22670e-02
0.84475	3.23313e-02
0.84475	3.23965e-02
0.84478	3.24612e-02
0.84482	3.25241e-02
0.84489	3.25888e-02
0.84497	3.26484e-02
0.84508	3.27019e-02
0.84520	3.27485e-02
0.84533	3.27873e-02
0.84549	3.28173e-02
0.84566	3.28380e-02
0.84585	3.28487e-02
0.84606	3.28491e-02
0.84628	3.28387e-02
0.84652	3.28172e-02
0.84678	3.27847e-02
0.84705	3.27411e-02
0.84734	3.26864e-02
0.84764	3.26208e-02
0.84796	3.25448e-02
0.84829	3.24586e-02
0.84863	3.23628e-02
0.84899	3.22580e-02
0.84936	3.21450e-02
0.84974	3.20244e-02
0.85013	3.18971e-02
0.85053	3.17642e-02
0.85093	3.16266e-02
0.85135	3.14854e-02
0.85177	3.13417e-02
0.85224	3.11453e-02
0.85271	3.09656e-02
0.85317	3.07958e-02
0.85363	3.06336e-02
0.85409	3.04790e-02
0.85455	3.03323e-02
0.85501	3.01942e-02
0.85548	3.00656e-02
0.85594	2.99474e-02
0.85643	2.98668e-02
0.85691	2.97932e-02
0.85739	2.97286e-02
0.85788	2.96879e-02
0.85836	2.96561e-02
0.85883	2.96353e-02
0.85939	2.94575e-02
0.85992	2.92985e-02
0.86045	2.91544e-02
0.86097	2.90323e-02
0.86147	2.89230e-02
0.86223	2.89691e-02
0.86289	2.89768e-02
0.86361	2.89371e-02
0.86429	2.89178e-02
0.86492	2.89248e-02
0.86552	2.89597e-02
0.86610	2.90218e-02
0.86666	2.91098e-02
0.86719	2.92217e-02
0.86771	2.93552e-02
0.86829	2.95137e-02
0.86885	2.96946e-02
0.86939	2.98935e-02
0.86990	3.01057e-02
0.87038	3.03260e-02
0.87084	3.05497e-02
0.87126	3.07722e-02
0.87165	3.09898e-02
0.87201	3.11998e-02
0.87234	3.13999e-02
0.87264	3.15886e-02
0.87290	3.17651e-02
0.87314	3.19291e-02
0.87334	3.20803e-02
0.87353	3.22190e-02
0.87368	3.23455e-02
0.87382	3.24600e-02
0.87393	3.25630e-02
0.87403	3.26619e-02
0.87411	3.27483e-02
0.87416	3.28240e-02
0.87420	3.28897e-02
0.87423	3.29459e-02
0.87424	3.29931e-02
0.87423	3.30317e-02
0.87421	3.30621e-02
0.87418	3.30845e-02
0.87414	3.30994e-02
0.87408	3.31071e-02
0.87407	3.31044e-02
0.87405	3.30963e-02
0.87403	3.30836e-02
0.87400	3.30671e-02
0.87409	3.30604e-02
0.87417	3.30545e-02
0.87425	3.30499e-02
0.87432	3.30470e-02
0.87438	3.30456e-02
0.87443	3.30454e-02
0.87447	3.30458e-02
0.87449	3.30462e-02
0.87449	3.30459e-02
0.87448	3.30445e-02
0.87445	3.30418e-02
0.87454	3.30133e-02
0.87459	3.29854e-02
0.87462	3.29577e-02
0.87462	3.29304e-02
0.87461	3.29037e-02
0.87457	3.28781e-02
0.87451	3.28540e-02
0.87444	3.28319e-02
0.87436	3.28123e-02
0.87426	3.27956e-02
0.87415	3.27822e-02
0.87403	3.27724e-02
0.87390	3.27664e-02
0.87376	3.27644e-02
0.87362	3.27666e-02
0.87347	3.27731e-02
0.87332	3.27837e-02
0.87317	3.27984e-02
0.87301	3.28172e-02
0.87285	3.28398e-02
0.87269	3.28660e-02
0.87253	3.28954e-02
0.87236	3.29279e-02
0.87220	3.29630e-02
0.87205	3.30003e-02
0.87189	3.30395e-02
0.87177	3.29943e-02
0.87166	3.29504e-02
0.87155	3.29024e-02
0.87145	3.28471e-02
0.87136	3.27826e-02
0.87128	3.27076e-02
0.87121	3.26213e-02
0.87115	3.25235e-02
0.87110	3.24150e-02
0.87106	3.22968e-02
0.87105	3.21806e-02
0.87105	3.20563e-02
0.87105	3.19278e-02
0.87105	3.17987e-02
0.87105	3.16720e-02
0.87108	3.15271e-02
0.87111	3.13940e-02
0.87114	3.12717e-02
0.87116	3.11598e-02
0.87118	3.10581e-02
0.87126	3.08976e-02
0.87132	3.07510e-02
0.87137	3.06165e-02
0.87142	3.04925e-02
0.87146	3.03775e-02
0.87149	3.02701e-02
0.87153	3.01691e-02
0.87155	3.00733e-02
0.87158	2.99820e-02
0.87160	2.98944e-02
0.87163	2.98281e-02
0.87166	2.97572e-02
0.87169	2.96846e-02
0.87170	2.96120e-02
0.87172	2.95398e-02
0.87173	2.94687e-02
0.87174	2.93990e-02
0.87174	2.93310e-02
0.87175	2.92651e-02
0.87175	2.92017e-02
0.87176	2.91412e-02
0.87180	2.91019e-02
0.87183	2.90591e-02
0.87185	2.90167e-02
0.87186	2.89768e-02
0.87186	2.89409e-02
0.87187	2.89097e-02
0.87187	2.88839e-02
0.87187	2.88641e-02
0.87188	2.88505e-02
0.87188	2.88436e-02
0.87188	2.88436e-02
0.87188	2.88507e-02
0.87188	2.88652e-02
0.87188	2.88871e-02
0.87188	2.89164e-02
0.87188	2.89532e-02
0.87188	2.89973e-02
0.87188	2.90486e-02
0.87206	2.92764e-02
0.87217	2.94350e-02
0.87224	2.95525e-02
0.87228	2.96491e-02
0.87230	2.97363e-02
0.87232	2.98201e-02
0.87233	2.99035e-02
0.87234	2.99880e-02
0.87235	3.00741e-02
0.87236	3.01620e-02
0.87237	3.02514e-02
0.87238	3.03419e-02
0.87239	3.04332e-02
0.87241	3.05246e-02
0.87242	3.06156e-02
0.87243	3.07058e-02
0.87245	3.07946e-02
0.87247	3.08813e-02
0.87249	3.09654e-02
0.87251	3.10462e-02
0.87253	3.11233e-02
0.87255	3.11960e-02
0.87258	3.12638e-02
0.87261	3.13262e-02
0.87270	3.13896e-02
0.87281	3.14492e-02
0.87304	3.16338e-02
0.87338	3.18171e-02
0.87369	3.19795e-02
0.87399	3.21275e-02
0.87428	3.22640e-02
0.87456	3.23895e-02
0.87483	3.25036e-02
0.87508	3.26053e-02
0.87532	3.26936e-02
0.87558	3.27473e-02
0.87581	3.27895e-02
0.87602	3.28186e-02
0.87622	3.28338e-02
0.87640	3.28347e-02
0.87656	3.28211e-02
0.87678	3.27880e-02
0.87701	3.27843e-02
0.87720	3.27537e-02
0.87736	3.27016e-02
0.87751	3.26313e-02
0.87764	3.25451e-02
0.87775	3.24446e-02
0.87785	3.23316e-02
0.87794	3.22072e-02
0.87802	3.20729e-02
0.87811	3.19372e-02
0.87819	3.17913e-02
0.87825	3.16374e-02
0.87831	3.14773e-02
0.87835	3.13124e-02
0.87843	3.10588e-02
0.87851	3.07863e-02
0.87858	3.04953e-02
0.87867	3.01869e-02
0.87875	2.98629e-02
0.87911	2.95799e-02
0.87942	2.93128e-02
0.87971	2.90544e-02
0.87998	2.88046e-02
0.88023	2.85654e-02
0.88046	2.83394e-02
0.88067	2.81288e-02
0.88086	2.79359e-02
0.88103	2.77622e-02
0.88117	2.76093e-02
0.88128	2.74782e-02
0.88138	2.73697e-02
0.88145	2.72842e-02
0.88150	2.72220e-02
0.88154	2.71830e-02
0.88155	2.71671e-02
0.88155	2.71740e-02
0.88154	2.72031e-02
0.88151	2.72538e-02
0.88147	2.73256e-02
0.88141	2.74176e-02
0.88135	2.75290e-02
0.88128	2.76590e-02
0.88119	2.78067e-02
0.88110	2.79710e-02
0.88101	2.81511e-02
0.88090	2.83459e-02
0.88079	2.85544e-02
0.88068	2.87756e-02
0.88056	2.90084e-02
0.88043	2.92519e-02
0.88030	2.95050e-02
0.88017	2.97667e-02
0.88003	3.00361e-02
0.87989	3.03122e-02
0.87975	3.05940e-02
0.87966	3.08904e-02
0.87954	3.11872e-02
0.87942	3.14859e-02
0.87930	3.17866e-02
0.87917	3.20889e-02
0.87905	3.23922e-02
0.87892	3.26959e-02
0.87880	3.29994e-02
0.87868	3.33020e-02
0.87857	3.36033e-02
0.87845	3.39027e-02
0.87834	3.41997e-02
0.87824	3.44938e-02
0.87813	3.47847e-02
0.87807	3.50956e-02
0.87800	3.53961e-02
0.87793	3.56870e-02
0.87786	3.59689e-02
0.87778	3.62423e-02
0.87771	3.65078e-02
0.87764	3.67658e-02
0.87758	3.70168e-02
0.87751	3.72612e-02
0.87746	3.74995e-02
0.87741	3.77319e-02
0.87736	3.79588e-02
0.87732	3.81804e-02
0.87729	3.83970e-02
0.87727	3.86088e-02
0.87730	3.87887e-02
0.87733	3.89890e-02
0.87742	3.92517e-02
0.87750	3.94917e-02
0.87757	3.97169e-02
0.87767	3.99207e-02
0.87776	4.01184e-02
0.87785	4.03110e-02
0.87795	4.04997e-02
0.87806	4.06838e-02
0.87816	4.08636e-02
0.87828	4.10396e-02
0.87840	4.12118e-02
0.87853	4.13805e-02
0.87867	4.15457e-02
0.87882	4.17018e-02
0.87898	4.18528e-02
0.87914	4.19973e-02
0.87932	4.21334e-02
0.87951	4.22590e-02
0.87972	4.23717e-02
0.87994	4.24687e-02
0.88017	4.25471e-02
0.88042	4.26037e-02
0.88069	4.26359e-02
0.88113	4.26231e-02
0.88157	4.25878e-02
0.88202	4.25280e-02
0.88247	4.24452e-02
0.88294	4.23429e-02
0.88340	4.22261e-02
0.88387	4.21001e-02
0.88439	4.20700e-02
0.88488	4.20072e-02
0.88536	4.19357e-02
0.88584	4.18547e-02
0.88629	4.17806e-02
0.88673	4.17148e-02
0.88716	4.16572e-02
0.88757	4.16077e-02
0.88798	4.15653e-02
0.88837	4.15289e-02
0.88875	4.14973e-02
0.88913	4.14690e-02
0.88950	4.14428e-02
0.88986	4.14172e-02
0.89022	4.13909e-02
0.89057	4.13627e-02
0.89093	4.13315e-02
0.89127	4.12961e-02
0.89162	4.12552e-02
0.89197	4.12084e-02
0.89231	4.11549e-02
0.89265	4.10941e-02
0.89298	4.10252e-02
0.89332	4.09479e-02
0.89364	4.08617e-02
0.89397	4.07662e-02
0.89429	4.06610e-02
0.89461	4.05461e-02
0.89492	4.04210e-02
0.89523	4.02858e-02
0.89554	4.01403e-02
0.89584	3.99845e-02
0.89614	3.98184e-02
0.89643	3.96420e-02
0.89671	3.94555e-02
0.89699	3.92589e-02
0.89727	3.90524e-02
0.89753	3.88363e-02
0.89780	3.86106e-02
0.89806	3.83897e-02
0.89832	3.81549e-02
0.89857	3.79088e-02
0.89889	3.76908e-02
0.89919	3.74642e-02
0.89949	3.72285e-02
0.89977	3.69831e-02
0.90004	3.67273e-02
0.90029	3.64607e-02
0.90052	3.61832e-02
0.90073	3.58951e-02
0.90092	3.55968e-02
0.90109	3.52890e-02
0.90125	3.49726e-02
0.90139	3.46484e-02
0.90151	3.43175e-02
0.90161	3.39809e-02
0.90174	3.36732e-02
0.90184	3.33520e-02
0.90192	3.30223e-02
0.90199	3.26870e-02
0.90212	3.21765e-02
0.90221	3.17378e-02
0.90226	3.13383e-02
0.90228	3.09623e-02
0.90229	3.06025e-02
0.90228	3.02550e-02
0.90225	2.99182e-02
0.90221	2.95911e-02
0.90216	2.92732e-02
0.90210	2.89641e-02
0.90203	2.86636e-02
0.90194	2.83712e-02
0.90185	2.80865e-02
0.90180	2.77110e-02
0.90173	2.73621e-02
0.90165	2.70321e-02
0.90155	2.67158e-02
0.90146	2.64084e-02
0.90135	2.61059e-02
0.90125	2.58039e-02
0.90114	2.54984e-02
0.90104	2.51853e-02
0.90094	2.48613e-02
0.90089	2.44884e-02
0.90084	2.41153e-02
0.90078	2.37386e-02
0.90072	2.33600e-02
0.90065	2.29848e-02
0.90059	2.26204e-02
0.90052	2.22752e-02
0.90044	2.19571e-02
0.90035	2.16727e-02
0.90024	2.14266e-02
0.90013	2.12215e-02
0.90000	2.10583e-02
0.89986	2.09363e-02
0.89973	2.08557e-02
0.89958	2.08119e-02
0.89942	2.08024e-02
0.89925	2.08247e-02
0.89913	2.09630e-02
0.89899	2.10917e-02
0.89883	2.12253e-02
0.89890	2.14675e-02
0.89890	2.17191e-02
0.89887	2.19837e-02
0.89881	2.22614e-02
0.89875	2.25500e-02
0.89868	2.28463e-02
0.89860	2.31472e-02
0.89851	2.34504e-02
0.89842	2.37537e-02
0.89833	2.40556e-02
0.89824	2.43550e-02
0.89815	2.46512e-02
0.89807	2.49436e-02
0.89799	2.52318e-02
0.89793	2.55156e-02
0.89787	2.57946e-02
0.89782	2.60688e-02
0.89779	2.63379e-02
0.89777	2.66018e-02
0.89777	2.68604e-02
0.89779	2.71134e-02
0.89782	2.73608e-02
0.89787	2.76025e-02
0.89794	2.78382e-02
0.89803	2.80677e-02
0.89821	2.81656e-02
0.89840	2.82717e-02
0.89859	2.83833e-02
0.89879	2.84991e-02
0.89901	2.86449e-02
0.89923	2.87819e-02
0.89944	2.89138e-02
0.89964	2.90419e-02
0.89985	2.91660e-02
0.90005	2.92855e-02
0.90025	2.93998e-02
0.90052	2.94611e-02
0.90079	2.95156e-02
0.90107	2.95626e-02
0.90137	2.96229e-02
0.90167	2.96671e-02
0.90197	2.96996e-02
0.90227	2.97230e-02
0.90257	2.97384e-02
0.90288	2.97466e-02
0.90319	2.97483e-02
0.90351	2.97439e-02
0.90382	2.97336e-02
0.90414	2.97178e-02
0.90446	2.96964e-02
0.90478	2.96696e-02
0.90510	2.96374e-02
0.90542	2.95998e-02
0.90574	2.95566e-02
0.90606	2.95079e-02
0.90638	2.94537e-02
0.90670	2.93938e-02
0.90702	2.93284e-02
0.90733	2.92574e-02
0.90764	2.91810e-02
0.90796	2.90991e-02
0.90827	2.90120e-02
0.90857	2.89198e-02
0.90888	2.88228e-02
0.90918	2.87212e-02
0.90948	2.86191e-02
0.90978	2.85118e-02
0.91008	2.83999e-02
0.91037	2.82842e-02
0.91065	2.81651e-02
0.91093	2.80430e-02
0.91121	2.79185e-02
0.91148	2.77920e-02
0.91174	2.76639e-02
0.91200	2.75348e-02
0.91225	2.74050e-02
0.91250	2.72751e-02
0.91274	2.71455e-02
0.91297	2.70167e-02
0.91319	2.68892e-02
0.91345	2.67023e-02
0.91369	2.65395e-02
0.91391	2.63899e-02
0.91412	2.62499e-02
0.91432	2.61176e-02
0.91451	2.59926e-02
0.91469	2.58743e-02
0.91485	2.57629e-02
0.91501	2.56583e-02
0.91516	2.55604e-02
0.91530	2.54696e-02
0.91542	2.53858e-02
0.91558	2.52732e-02
0.91571	2.51800e-02
0.91582	2.51015e-02
0.91592	2.50351e-02
0.91600	2.49793e-02
0.91607	2.49334e-02
0.91613	2.48966e-02
0.91618	2.48683e-02
0.91623	2.48260e-02
0.91626	2.48028e-02
0.91628	2.47920e-02
0.91629	2.47909e-02
0.91628	2.47981e-02
0.91627	2.48126e-02
0.91624	2.48337e-02
0.91621	2.48611e-02
0.91617	2.48941e-02
0.91611	2.49324e-02
0.91605	2.49754e-02
0.91598	2.50228e-02
0.91590	2.50740e-02
0.91581	2.51286e-02
0.91572	2.51861e-02
0.91561	2.52461e-02
0.91550	2.53080e-02
0.91538	2.53714e-02
0.91526	2.54357e-02
0.91513	2.55004e-02
0.91499	2.55651e-02
0.91485	2.56292e-02
0.91470	2.56922e-02
0.91455	2.57536e-02
0.91439	2.58129e-02
0.91425	2.58695e-02
0.91411	2.59232e-02
0.91396	2.59732e-02
0.91380	2.60192e-02
0.91364	2.60606e-02
0.91347	2.60969e-02
0.91330	2.61276e-02
0.91313	2.61523e-02
0.91295	2.61707e-02
0.91278	2.61821e-02
0.91260	2.61864e-02
0.91243	2.61851e-02
0.91225	2.61750e-02
0.91207	2.61563e-02
0.91210	2.61797e-02
0.91208	2.61807e-02
0.91202	2.61642e-02
0.91195	2.61334e-02
0.91186	2.60898e-02
0.91177	2.60340e-02
0.91168	2.59662e-02
0.91159	2.58866e-02
0.91149	2.57955e-02
0.91140	2.56929e-02
0.91130	2.55791e-02
0.91120	2.54542e-02
0.91111	2.53185e-02
0.91102	2.51721e-02
0.91093	2.50154e-02
0.91084	2.48486e-02
0.91076	2.46719e-02
0.91068	2.44858e-02
0.91061	2.42933e-02
0.91054	2.40913e-02
0.91048	2.38806e-02
0.91042	2.36618e-02
0.91036	2.34357e-02
0.91031	2.32027e-02
0.91026	2.29634e-02
0.91022	2.27185e-02
0.91027	2.23070e-02
0.91032	2.19100e-02
0.91037	2.15279e-02
0.91042	2.11619e-02
0.91047	2.08130e-02
0.91051	2.04816e-02
0.91055	2.01679e-02
0.91060	1.98718e-02
0.91063	1.95930e-02
0.91067	1.93312e-02
0.91071	1.90859e-02
0.91074	1.88567e-02
0.91078	1.86433e-02
0.91081	1.84454e-02
0.91084	1.82629e-02
0.91087	1.80955e-02
0.91090	1.79431e-02
0.91093	1.78059e-02
0.91096	1.76836e-02
0.91099	1.75764e-02
0.91102	1.74844e-02
0.91104	1.74075e-02
0.91107	1.73459e-02
0.91109	1.72995e-02
0.91111	1.72683e-02
0.91113	1.72524e-02
0.91115	1.72515e-02
0.91120	1.72965e-02
0.91123	1.73472e-02
0.91126	1.74067e-02
0.91128	1.74764e-02
0.91130	1.75572e-02
0.91131	1.76494e-02
0.91131	1.77529e-02
0.91131	1.78675e-02
0.91140	1.80017e-02
0.91149	1.81410e-02
0.91156	1.82832e-02
0.91163	1.84271e-02
0.91170	1.85716e-02
0.91176	1.87158e-02
0.91181	1.88593e-02
0.91185	1.90015e-02
0.91189	1.91421e-02
0.91191	1.92808e-02
0.91193	1.94175e-02
0.91195	1.95533e-02
0.91195	1.96866e-02
0.91195	1.98177e-02
0.91193	1.99465e-02
0.91190	2.00735e-02
0.91185	2.01986e-02
0.91180	2.03221e-02
0.91174	2.04442e-02
0.91166	2.05649e-02
0.91158	2.06846e-02
0.91148	2.08033e-02
0.91138	2.09214e-02
0.91126	2.10388e-02
0.91114	2.11559e-02
0.91102	2.12545e-02
0.91090	2.13692e-02
0.91078	2.14778e-02
0.91065	2.15810e-02
0.91051	2.16790e-02
0.91036	2.17715e-02
0.91021	2.18583e-02
0.91005	2.19389e-02
0.90989	2.20130e-02
0.90973	2.20803e-02
0.90957	2.21408e-02
0.90941	2.21945e-02
0.90924	2.22423e-02
0.90908	2.22851e-02
0.90892	2.23245e-02
0.90878	2.23443e-02
0.90863	2.23696e-02
0.90848	2.24009e-02
0.90832	2.24396e-02
0.90816	2.24872e-02
0.90799	2.25447e-02
0.90781	2.26126e-02
0.90762	2.26912e-02
0.90742	2.27801e-02
0.90722	2.28787e-02
0.90700	2.29861e-02
0.90678	2.31037e-02
0.90656	2.32272e-02
0.90633	2.33558e-02
0.90609	2.34888e-02
0.90584	2.36250e-02
0.90560	2.37636e-02
0.90535	2.39036e-02
0.90510	2.40440e-02
0.90485	2.41842e-02
0.90459	2.43232e-02
0.90434	2.44605e-02
0.90409	2.45952e-02
0.90384	2.47268e-02
0.90360	2.48546e-02
0.90343	2.50298e-02
0.90327	2.51979e-02
0.90312	2.53590e-02
0.90298	2.55073e-02
0.90284	2.56498e-02
0.90271	2.57854e-02
0.90258	2.59135e-02
0.90246	2.60336e-02
0.90234	2.61449e-02
0.90223	2.62471e-02
0.90212	2.63396e-02
0.90203	2.64220e-02
0.90194	2.64940e-02
0.90185	2.65551e-02
0.90178	2.66050e-02
0.90171	2.66435e-02
0.90165	2.66704e-02
0.90160	2.66855e-02
0.90155	2.66887e-02
0.90154	2.67037e-02
0.90153	2.66975e-02
0.90152	2.66750e-02
0.90152	2.66385e-02
0.90152	2.65889e-02
0.90154	2.65268e-02
0.90156	2.64526e-02
0.90159	2.63668e-02
0.90164	2.62695e-02
0.90169	2.61613e-02
0.90175	2.60425e-02
0.90182	2.59135e-02
0.90190	2.57748e-02
0.90198	2.56267e-02
0.90208	2.54698e-02
0.90218	2.53044e-02
0.90232	2.51046e-02
0.90245	2.49084e-02
0.90259	2.47107e-02
0.90274	2.45096e-02
0.90289	2.43050e-02
0.90313	2.39857e-02
0.90335	2.36793e-02
0.90358	2.33820e-02
0.90380	2.30915e-02
0.90402	2.28066e-02
0.90425	2.25267e-02
0.90447	2.22512e-02
0.90470	2.19803e-02
0.90492	2.17138e-02
0.90516	2.14499e-02
0.90540	2.11915e-02
0.90563	2.09388e-02
0.90587	2.06922e-02
0.90610	2.04522e-02
0.90634	2.02192e-02
0.90657	1.99938e-02
0.90680	1.97767e-02
0.90704	1.95735e-02
0.90727	1.93790e-02
0.90751	1.91935e-02
0.90774	1.90176e-02
0.90797	1.88524e-02
0.90819	1.86984e-02
0.90841	1.85563e-02
0.90862	1.84263e-02
0.90883	1.83089e-02
0.90904	1.82044e-02
0.90923	1.81129e-02
0.90943	1.80347e-02
0.90961	1.79698e-02
0.90987	1.77679e-02
0.91012	1.75924e-02
0.91035	1.74383e-02
0.91057	1.73015e-02
0.91078	1.71784e-02
0.91099	1.70659e-02
0.91119	1.69642e-02
0.91138	1.68683e-02
0.91157	1.67777e-02
0.91175	1.66924e-02
0.91192	1.66127e-02
0.91208	1.65395e-02
0.91224	1.64736e-02
0.91238	1.64161e-02
0.91251	1.63680e-02
0.91263	1.63302e-02
0.91274	1.63031e-02
0.91284	1.62872e-02
0.91292	1.62825e-02
0.91301	1.62742e-02
0.91307	1.62827e-02
0.91312	1.63044e-02
0.91315	1.63377e-02
0.91317	1.63814e-02
0.91318	1.64665e-02
0.91317	1.65485e-02
0.91316	1.66312e-02
0.91313	1.67173e-02
0.91308	1.68076e-02
0.91302	1.69023e-02
0.91295	1.70014e-02
0.91285	1.71047e-02
0.91275	1.72121e-02
0.91263	1.73234e-02
0.91250	1.74382e-02
0.91236	1.75564e-02
0.91221	1.76778e-02
0.91205	1.78022e-02
0.91188	1.79294e-02
0.91169	1.80591e-02
0.91150	1.81912e-02
0.91130	1.83255e-02
0.91110	1.84619e-02
0.91088	1.86004e-02
0.91066	1.87406e-02
0.91043	1.88826e-02
0.91019	1.90262e-02
0.90995	1.91713e-02
0.90971	1.93177e-02
0.90948	1.94711e-02
0.90923	1.96238e-02
0.90898	1.97765e-02
0.90873	1.99293e-02
0.90847	2.00826e-02
0.90821	2.02361e-02
0.90795	2.03884e-02
0.90769	2.05416e-02
0.90743	2.06951e-02
0.90717	2.08487e-02
0.90691	2.10020e-02
0.90665	2.11582e-02
0.90639	2.13123e-02
0.90614	2.14649e-02
0.90588	2.16161e-02
0.90563	2.17660e-02
0.90541	2.19170e-02
0.90518	2.20647e-02
0.90495	2.22100e-02
0.90471	2.23530e-02
0.90449	2.24937e-02
0.90427	2.26320e-02
0.90405	2.27677e-02
0.90384	2.29008e-02
0.90364	2.30312e-02
0.90344	2.31586e-02
0.90325	2.32831e-02
0.90307	2.34044e-02
0.90290	2.35225e-02
0.90274	2.36373e-02
0.90258	2.37488e-02
0.90244	2.38568e-02
0.90230	2.39614e-02
0.90218	2.40625e-02
0.90214	2.41756e-02
0.90212	2.42875e-02
0.90210	2.43980e-02
0.90209	2.45066e-02
0.90208	2.46129e-02
0.90209	2.47166e-02
0.90210	2.48173e-02
0.90212	2.49143e-02
0.90215	2.50079e-02
0.90219	2.50979e-02
0.90223	2.51842e-02
0.90229	2.52667e-02
0.90235	2.53454e-02
0.90242	2.54201e-02
0.90250	2.54909e-02
0.90258	2.55579e-02
0.90267	2.56210e-02
0.90278	2.56795e-02
0.90289	2.57347e-02
0.90301	2.57864e-02
0.90313	2.58347e-02
0.90326	2.58794e-02
0.90340	2.59206e-02
0.90355	2.59600e-02
0.90371	2.59956e-02
0.90387	2.60276e-02
0.90404	2.60560e-02
0.90421	2.60810e-02
0.90439	2.61024e-02
0.90458	2.61205e-02
0.90476	2.61351e-02
0.90496	2.61462e-02
0.90515	2.61539e-02
0.90535	2.61581e-02
0.90556	2.61617e-02
0.90581	2.61758e-02
0.90605	2.61777e-02
0.90628	2.61738e-02
0.90650	2.61646e-02
0.90673	2.61505e-02
0.90696	2.61316e-02
0.90718	2.61080e-02
0.90740	2.60797e-02
0.90762	2.60464e-02
0.90787	2.60740e-02
0.90811	2.60711e-02
0.90833	2.60484e-02
0.90855	2.60121e-02
0.90877	2.59655e-02
0.90898	2.59105e-02
0.90918	2.58485e-02
0.90938	2.57801e-02
0.90957	2.57059e-02
0.90976	2.56261e-02
0.90995	2.55411e-02
0.91012	2.54511e-02
0.91030	2.53563e-02
0.91046	2.52568e-02
0.91062	2.51530e-02
0.91077	2.50450e-02
0.91092	2.49332e-02
0.91106	2.48176e-02
0.91119	2.46988e-02
0.91131	2.45769e-02
0.91143	2.44523e-02
0.91153	2.43254e-02
0.91163	2.41965e-02
0.91172	2.40661e-02
0.91181	2.39346e-02
0.91188	2.38024e-02
0.91195	2.36701e-02
0.91201	2.35381e-02
0.91205	2.34070e-02
0.91209	2.32772e-02
0.91213	2.31492e-02
0.91215	2.30238e-02
0.91216	2.29013e-02
0.91217	2.27823e-02
0.91217	2.26643e-02
0.91216	2.25519e-02
0.91214	2.24453e-02
0.91212	2.23447e-02
0.91208	2.22504e-02
0.91204	2.21629e-02
0.91199	2.20824e-02
0.91194	2.20094e-02
0.91187	2.19441e-02
0.91180	2.18869e-02
0.91172	2.18379e-02
0.91164	2.17973e-02
0.91155	2.17653e-02
0.91145	2.17419e-02
0.91135	2.17272e-02
0.91125	2.17209e-02
0.91113	2.17231e-02
0.91102	2.17336e-02
0.91090	2.17520e-02
0.91077	2.17781e-02
0.91066	2.18306e-02
0.91054	2.18855e-02
0.91042	2.19439e-02
0.91031	2.19966e-02
0.91020	2.20541e-02
0.91009	2.21156e-02
0.90997	2.21803e-02
0.90985	2.22477e-02
0.90974	2.23169e-02
0.90962	2.23873e-02
0.90951	2.24581e-02
0.90940	2.25286e-02
0.90930	2.25978e-02
0.90921	2.26647e-02
0.90912	2.27286e-02
0.90904	2.27890e-02
0.90896	2.28454e-02
0.90889	2.28974e-02
0.90883	2.29445e-02
0.90879	2.29795e-02
0.90875	2.30115e-02
0.90871	2.30394e-02
0.90869	2.30626e-02
0.90867	2.30804e-02
0.90866	2.30923e-02
0.90865	2.30974e-02
0.90869	2.31328e-02
0.90873	2.31568e-02
0.90877	2.31698e-02
0.90881	2.31719e-02
0.90885	2.31630e-02
0.90889	2.31430e-02
0.90894	2.31116e-02
0.90899	2.30687e-02
0.90904	2.30144e-02
0.90910	2.29484e-02
0.90916	2.28725e-02
0.90922	2.27846e-02
0.90929	2.26852e-02
0.90937	2.25748e-02
0.90945	2.24538e-02
0.90954	2.23226e-02
0.90963	2.21817e-02
0.90973	2.20317e-02
0.90990	2.19275e-02
0.91006	2.17967e-02
0.91021	2.16540e-02
0.91037	2.14968e-02
0.91052	2.13287e-02
0.91068	2.11522e-02
0.91084	2.09690e-02
0.91110	2.07635e-02
0.91134	2.05585e-02
0.91158	2.03536e-02
0.91182	2.01490e-02
0.91205	1.99454e-02
0.91229	1.97435e-02
0.91253	1.95443e-02
0.91276	1.93487e-02
0.91301	1.91578e-02
0.91325	1.89726e-02
0.91350	1.87941e-02
0.91375	1.86234e-02
0.91400	1.84614e-02
0.91426	1.83090e-02
0.91452	1.81671e-02
0.91478	1.80358e-02
0.91504	1.79168e-02
0.91531	1.78108e-02
0.91558	1.77180e-02
0.91585	1.76388e-02
0.91612	1.75735e-02
0.91639	1.75222e-02
0.91667	1.74850e-02
0.91694	1.74617e-02
0.91722	1.74507e-02
0.91750	1.74517e-02
0.91779	1.74640e-02
0.91809	1.74865e-02
0.91839	1.75185e-02
0.91873	1.75578e-02
0.91907	1.76047e-02
0.91941	1.76600e-02
0.91976	1.77244e-02
0.92012	1.77990e-02
0.92047	1.78844e-02
0.92083	1.79808e-02
0.92117	1.80874e-02
0.92151	1.82030e-02
0.92184	1.83256e-02
0.92215	1.84530e-02
0.92244	1.85829e-02
0.92272	1.87132e-02
0.92298	1.88422e-02
0.92322	1.89682e-02
0.92345	1.90901e-02
0.92366	1.92069e-02
0.92395	1.91609e-02
0.92419	1.91741e-02
0.92439	1.92151e-02
0.92460	1.93173e-02
0.92478	1.94075e-02
0.92494	1.94873e-02
0.92508	1.95576e-02
0.92520	1.96194e-02
0.92531	1.96730e-02
0.92541	1.97191e-02
0.92549	1.97578e-02
0.92557	1.97895e-02
0.92563	1.98146e-02
0.92568	1.98332e-02
0.92578	1.98442e-02
0.92584	1.98500e-02
0.92588	1.98505e-02
0.92592	1.98483e-02
0.92594	1.98411e-02
0.92595	1.98295e-02
0.92595	1.98140e-02
0.92594	1.97954e-02
0.92597	1.97833e-02
0.92597	1.97640e-02
0.92596	1.97403e-02
0.92593	1.97140e-02
0.92590	1.96862e-02
0.92586	1.96580e-02
0.92582	1.96343e-02
0.92578	1.96128e-02
0.92573	1.95955e-02
0.92569	1.95842e-02
0.92565	1.95806e-02
0.92561	1.95865e-02
0.92558	1.96036e-02
0.92556	1.96334e-02
0.92555	1.96771e-02
0.92554	1.97400e-02
0.92553	1.98158e-02
0.92553	1.99049e-02
0.92552	2.00065e-02
0.92551	2.01193e-02
0.92550	2.02417e-02
0.92548	2.03720e-02
0.92545	2.05084e-02
0.92541	2.06495e-02
0.92537	2.07941e-02
0.92532	2.09412e-02
0.92526	2.10900e-02
0.92519	2.12398e-02
0.92512	2.13903e-02
0.92505	2.15410e-02
0.92497	2.16917e-02
0.92488	2.18421e-02
0.92480	2.19919e-02
0.92471	2.21408e-02
0.92462	2.22887e-02
0.92453	2.24350e-02
0.92443	2.25796e-02
0.92434	2.27220e-02
0.92425	2.28619e-02
0.92416	2.29988e-02
0.92409	2.31530e-02
0.92401	2.32971e-02
0.92393	2.34330e-02
0.92386	2.35614e-02
0.92379	2.36868e-02
0.92372	2.38030e-02
0.92365	2.39109e-02
0.92366	2.40017e-02
0.92368	2.40869e-02
0.92371	2.41675e-02
0.92376	2.42444e-02
0.92382	2.43180e-02
0.92388	2.43883e-02
0.92395	2.44545e-02
0.92402	2.45156e-02
0.92409	2.45703e-02
0.92416	2.46173e-02
0.92423	2.46552e-02
0.92429	2.46831e-02
0.92435	2.46997e-02
0.92441	2.47044e-02
0.92455	2.46588e-02
0.92478	2.46956e-02
0.92499	2.47085e-02
0.92519	2.47001e-02
0.92538	2.46713e-02
0.92557	2.46229e-02
0.92574	2.45563e-02
0.92590	2.44729e-02
0.92605	2.43743e-02
0.92622	2.42782e-02
0.92637	2.41663e-02
0.92651	2.40404e-02
0.92665	2.39018e-02
0.92677	2.37516e-02
0.92689	2.35905e-02
0.92699	2.34191e-02
0.92710	2.32380e-02
0.92719	2.30476e-02
0.92729	2.28484e-02
0.92738	2.26410e-02
0.92746	2.24258e-02
0.92755	2.22035e-02
0.92763	2.19746e-02
0.92771	2.17397e-02
0.92779	2.14993e-02
0.92787	2.12541e-02
0.92795	2.10047e-02
0.92803	2.07517e-02
0.92811	2.04957e-02
0.92819	2.02374e-02
0.92827	1.99775e-02
0.92835	1.97165e-02
0.92842	1.94553e-02
0.92850	1.91944e-02
0.92858	1.89346e-02
0.92868	1.86949e-02
0.92876	1.84504e-02
0.92887	1.82219e-02
0.92896	1.79907e-02
0.92906	1.77572e-02
0.92914	1.75271e-02
0.92923	1.73017e-02
0.92931	1.70822e-02
0.92939	1.68694e-02
0.92947	1.66644e-02
0.92955	1.64678e-02
0.92962	1.62804e-02
0.92970	1.61029e-02
0.92977	1.59408e-02
0.92985	1.57834e-02
0.92992	1.56380e-02
0.92999	1.55047e-02
0.93005	1.53843e-02
0.93011	1.52769e-02
0.93017	1.51830e-02
0.93022	1.51028e-02
0.93027	1.50367e-02
0.93032	1.49847e-02
0.93037	1.49470e-02
0.93041	1.49237e-02
0.93045	1.49147e-02
0.93049	1.49199e-02
0.93052	1.49391e-02
0.93055	1.49723e-02
0.93058	1.50190e-02
0.93060	1.50790e-02
0.93062	1.51518e-02
0.93064	1.52371e-02
0.93070	1.53080e-02
0.93073	1.54040e-02
0.93075	1.55167e-02
0.93076	1.56427e-02
0.93077	1.57801e-02
0.93077	1.59277e-02
0.93077	1.60846e-02
0.93076	1.62498e-02
0.93075	1.64226e-02
0.93074	1.66022e-02
0.93073	1.67870e-02
0.93072	1.69783e-02
0.93071	1.71740e-02
0.93069	1.73737e-02
0.93066	1.75766e-02
0.93064	1.77944e-02
0.93061	1.80096e-02
0.93059	1.82339e-02
0.93056	1.84536e-02
0.93053	1.86824e-02
0.93050	1.89061e-02
0.93046	1.91256e-02
0.93042	1.93414e-02
0.93037	1.95533e-02
0.93033	1.97612e-02
0.93029	1.99563e-02
0.93025	2.01492e-02
0.93021	2.03388e-02
0.93015	2.05243e-02
0.93010	2.07050e-02
0.93004	2.08806e-02
0.92998	2.10506e-02
0.92998	2.10950e-02
0.92995	2.11825e-02
0.92990	2.12890e-02
0.92985	2.14030e-02
0.92979	2.15183e-02
0.92973	2.16317e-02
0.92966	2.17411e-02
0.92960	2.18454e-02
0.92953	2.19434e-02
0.92946	2.20345e-02
0.92939	2.21182e-02
0.92932	2.21941e-02
0.92925	2.22618e-02
0.92918	2.23210e-02
0.92911	2.23714e-02
0.92904	2.24130e-02
0.92897	2.24455e-02
0.92890	2.24688e-02
0.92883	2.24828e-02
0.92876	2.24875e-02
0.92870	2.24829e-02
0.92863	2.24688e-02
0.92856	2.24454e-02
0.92850	2.24126e-02
0.92844	2.23705e-02
0.92838	2.23191e-02
0.92832	2.22586e-02
0.92826	2.21891e-02
0.92820	2.21106e-02
0.92815	2.20233e-02
0.92810	2.19273e-02
0.92805	2.18229e-02
0.92800	2.17102e-02
0.92795	2.15894e-02
0.92790	2.14607e-02
0.92786	2.13244e-02
0.92782	2.11806e-02
0.92778	2.10297e-02
0.92774	2.08719e-02
0.92773	2.06796e-02
0.92772	2.04950e-02
0.92770	2.03104e-02
0.92768	2.01236e-02
0.92766	1.99334e-02
0.92763	1.97396e-02
0.92761	1.95419e-02
0.92759	1.93404e-02
0.92758	1.91351e-02
0.92756	1.89264e-02
0.92755	1.87145e-02
0.92753	1.84996e-02
0.92752	1.82821e-02
0.92751	1.80622e-02
0.92750	1.78403e-02
0.92750	1.76167e-02
0.92749	1.73917e-02
0.92749	1.71657e-02
0.92749	1.69420e-02
0.92749	1.67166e-02
0.92750	1.64917e-02
0.92750	1.62658e-02
0.92750	1.60399e-02
0.92751	1.58146e-02
0.92751	1.55904e-02
0.92752	1.53675e-02
0.92753	1.51445e-02
0.92755	1.49152e-02
0.92756	1.46921e-02
0.92761	1.44765e-02
0.92764	1.42644e-02
0.92767	1.40560e-02
0.92769	1.38513e-02
0.92771	1.36504e-02
0.92773	1.34536e-02
0.92775	1.32611e-02
0.92777	1.30731e-02
0.92778	1.28898e-02
0.92780	1.27114e-02
0.92782	1.25381e-02
0.92783	1.23702e-02
0.92785	1.22078e-02
0.92786	1.20513e-02
0.92788	1.19008e-02
0.92789	1.17567e-02
0.92790	1.16191e-02
0.92792	1.14883e-02
0.92793	1.13646e-02
0.92794	1.12482e-02
0.92795	1.11395e-02
0.92796	1.10386e-02
0.92797	1.09459e-02
0.92798	1.08616e-02
0.92799	1.07860e-02
0.92800	1.07193e-02
0.92801	1.06617e-02
0.92802	1.06136e-02
0.92803	1.05751e-02
0.92803	1.05463e-02
0.92804	1.05275e-02
0.92804	1.05188e-02
0.92805	1.05199e-02
0.92805	1.05314e-02
0.92806	1.05533e-02
0.92806	1.05855e-02
0.92806	1.06279e-02
0.92806	1.06805e-02
0.92806	1.07432e-02
0.92806	1.08156e-02
0.92806	1.08978e-02
0.92806	1.09894e-02
0.92806	1.10901e-02
0.92807	1.11919e-02
0.92807	1.13031e-02
0.92808	1.14243e-02
0.92808	1.15545e-02
0.92807	1.16933e-02
0.92807	1.18398e-02
0.92807	1.19933e-02
0.92807	1.21538e-02
0.92806	1.23208e-02
0.92805	1.24935e-02
0.92805	1.26715e-02
0.92803	1.28544e-02
0.92802	1.30415e-02
0.92801	1.32326e-02
0.92799	1.34271e-02
0.92798	1.36246e-02
0.92796	1.38247e-02
0.92794	1.40271e-02
0.92792	1.42312e-02
0.92790	1.44368e-02
0.92788	1.46436e-02
0.92785	1.48510e-02
0.92791	1.50791e-02
0.92793	1.53006e-02
0.92793	1.55181e-02
0.92793	1.57327e-02
0.92791	1.59451e-02
0.92789	1.61555e-02
0.92788	1.63557e-02
0.92786	1.65486e-02
0.92785	1.67319e-02
0.92784	1.69032e-02
0.92784	1.70604e-02
0.92785	1.72015e-02
0.92786	1.73256e-02
0.92792	1.74623e-02
0.92797	1.75763e-02
0.92803	1.76737e-02
0.92810	1.77610e-02
0.92816	1.78444e-02
0.92822	1.79296e-02
0.92827	1.80209e-02
0.92830	1.81211e-02
0.92832	1.82314e-02
0.92833	1.83520e-02
0.92831	1.84820e-02
0.92828	1.86203e-02
0.92823	1.87652e-02
0.92818	1.89143e-02
0.92811	1.90678e-02
0.92803	1.92242e-02
0.92793	1.93822e-02
0.92783	1.95408e-02
0.92771	1.96990e-02
0.92759	1.98560e-02
0.92746	2.00108e-02
0.92733	2.01629e-02
0.92719	2.03116e-02
0.92705	2.04562e-02
0.92690	2.05964e-02
0.92675	2.07315e-02
0.92660	2.08613e-02
0.92645	2.09854e-02
0.92629	2.11033e-02
0.92614	2.12150e-02
0.92598	2.13202e-02
0.92583	2.14188e-02
0.92568	2.15106e-02
0.92552	2.15956e-02
0.92537	2.16738e-02
0.92522	2.17453e-02
0.92507	2.18101e-02
0.92492	2.18684e-02
0.92479	2.19263e-02
0.92465	2.19763e-02
0.92451	2.20194e-02
0.92438	2.20563e-02
0.92424	2.20874e-02
0.92411	2.21132e-02
0.92398	2.21344e-02
0.92386	2.21513e-02
0.92374	2.21645e-02
0.92362	2.21673e-02
0.92351	2.21701e-02
0.92340	2.21720e-02
0.92329	2.21730e-02
0.92319	2.21735e-02
0.92309	2.21740e-02
0.92300	2.21751e-02
0.92291	2.21753e-02
0.92283	2.21778e-02
0.92275	2.21828e-02
0.92267	2.21908e-02
0.92260	2.22023e-02
0.92253	2.22177e-02
0.92247	2.22403e-02
0.92241	2.22670e-02
0.92236	2.22985e-02
0.92231	2.23354e-02
0.92227	2.23780e-02
0.92228	2.24425e-02
0.92227	2.25049e-02
0.92226	2.25686e-02
0.92226	2.26357e-02
0.92225	2.27075e-02
0.92224	2.27845e-02
0.92223	2.28674e-02
0.92223	2.29562e-02
0.92223	2.30512e-02
0.92224	2.31522e-02
0.92225	2.32592e-02
0.92226	2.33718e-02
0.92228	2.34898e-02
0.92230	2.36127e-02
0.92232	2.37403e-02
0.92235	2.38719e-02
0.92240	2.40062e-02
0.92245	2.41439e-02
0.92249	2.42844e-02
0.92254	2.44270e-02
0.92260	2.45710e-02
0.92265	2.47158e-02
0.92281	2.47058e-02
0.92296	2.47044e-02
0.92312	2.47027e-02
0.92328	2.46980e-02
0.92345	2.46902e-02
0.92362	2.46806e-02
0.92381	2.46756e-02
0.92409	2.47501e-02
0.92437	2.48285e-02
0.92465	2.49117e-02
0.92492	2.49995e-02
0.92519	2.50908e-02
0.92546	2.51843e-02
0.92571	2.52782e-02
0.92596	2.53708e-02
0.92620	2.54532e-02
0.92644	2.55330e-02
0.92666	2.56079e-02
0.92687	2.56761e-02
0.92707	2.57363e-02
0.92727	2.57873e-02
0.92746	2.58282e-02
0.92764	2.58583e-02
0.92781	2.58771e-02
0.92798	2.58841e-02
0.92814	2.58790e-02
0.92830	2.58616e-02
0.92845	2.58318e-02
0.92859	2.57896e-02
0.92873	2.57349e-02
0.92887	2.56678e-02
0.92900	2.55886e-02
0.92913	2.54973e-02
0.92926	2.53942e-02
0.92938	2.52795e-02
0.92950	2.51536e-02
0.92961	2.50168e-02
0.92976	2.48297e-02
0.92989	2.46525e-02
0.93001	2.44722e-02
0.93012	2.42855e-02
0.93022	2.40917e-02
0.93032	2.38907e-02
0.93041	2.36835e-02
0.93050	2.34696e-02
0.93059	2.32493e-02
0.93067	2.30234e-02
0.93075	2.27922e-02
0.93082	2.25565e-02
0.93088	2.23168e-02
0.93095	2.20737e-02
0.93101	2.18279e-02
0.93106	2.15801e-02
0.93111	2.13308e-02
0.93115	2.10809e-02
0.93119	2.08308e-02
0.93123	2.05813e-02
0.93126	2.03330e-02
0.93128	2.00865e-02
0.93131	1.98425e-02
0.93132	1.96015e-02
0.93133	1.93642e-02
0.93134	1.91309e-02
0.93134	1.89022e-02
0.93134	1.86786e-02
0.93133	1.84605e-02
0.93131	1.82481e-02
0.93130	1.80418e-02
0.93127	1.78419e-02
0.93124	1.76485e-02
0.93121	1.74617e-02
0.93117	1.72815e-02
0.93113	1.71081e-02
0.93108	1.69412e-02
0.93103	1.67807e-02
0.93098	1.66264e-02
0.93091	1.64781e-02
0.93085	1.63402e-02
0.93079	1.62045e-02
0.93071	1.60729e-02
0.93064	1.59452e-02
0.93056	1.58209e-02
0.93047	1.56997e-02
0.93038	1.55810e-02
0.93029	1.54641e-02
0.93019	1.53486e-02
0.93011	1.52143e-02
0.93001	1.50855e-02
0.92991	1.49601e-02
0.92981	1.48373e-02
0.92970	1.47161e-02
0.92959	1.45959e-02
0.92947	1.44762e-02
0.92935	1.43564e-02
0.92922	1.42360e-02
0.92910	1.41144e-02
0.92897	1.39910e-02
0.92883	1.38654e-02
0.92888	1.36148e-02
0.92886	1.34102e-02
0.92881	1.32293e-02
0.92872	1.30596e-02
0.92862	1.28941e-02
0.92851	1.27283e-02
0.92840	1.25593e-02
0.92828	1.23847e-02
0.92820	1.21538e-02
0.92813	1.19125e-02
0.92807	1.16535e-02
0.92803	1.13742e-02
0.92800	1.10742e-02
0.92799	1.07550e-02
0.92800	1.04188e-02
0.92803	1.00691e-02
0.92808	9.70962e-03
0.92813	9.35265e-03
0.92819	8.99465e-03
0.92825	8.64321e-03
0.92833	8.27735e-03
0.92838	7.94742e-03
0.92842	7.65293e-03
0.92843	7.39518e-03
0.92843	7.17465e-03
0.92841	6.99044e-03
0.92837	6.84037e-03
0.92831	6.72160e-03
0.92824	6.63106e-03
0.92815	6.56590e-03
0.92805	6.52370e-03
0.92795	6.50254e-03
0.92783	6.50102e-03
0.92772	6.51812e-03
0.92760	6.55317e-03
0.92747	6.60574e-03
0.92735	6.67547e-03
0.92723	6.76209e-03
0.92711	6.86530e-03
0.92699	6.98472e-03
0.92688	7.11990e-03
0.92678	7.27031e-03
0.92667	7.43529e-03
0.92658	7.61413e-03
0.92649	7.80600e-03
0.92641	8.01004e-03
0.92634	8.22534e-03
0.92627	8.45094e-03
0.92622	8.68588e-03
0.92617	8.92921e-03
0.92613	9.17997e-03
0.92610	9.43720e-03
0.92608	9.70000e-03
0.92607	9.96748e-03
0.92607	1.02388e-02
0.92607	1.05131e-02
0.92609	1.07896e-02
0.92611	1.10675e-02
0.92615	1.13463e-02
0.92619	1.16251e-02
0.92625	1.19034e-02
0.92631	1.21805e-02
0.92638	1.24560e-02
0.92653	1.26342e-02
0.92667	1.28457e-02
0.92680	1.30747e-02
0.92693	1.33129e-02
0.92707	1.35554e-02
0.92721	1.37993e-02
0.92735	1.40427e-02
0.92750	1.42841e-02
0.92766	1.45228e-02
0.92783	1.47579e-02
0.92800	1.49890e-02
0.92817	1.52157e-02
0.92838	1.54527e-02
0.92858	1.56794e-02
0.92879	1.58980e-02
0.92904	1.60899e-02
0.92928	1.62860e-02
0.92977	1.60773e-02
0.93032	1.58273e-02
0.93085	1.56532e-02
0.93131	1.55989e-02
0.93169	1.56392e-02
0.93203	1.57373e-02
0.93234	1.58695e-02
0.93262	1.60185e-02
0.93290	1.61766e-02
0.93317	1.63394e-02
0.93343	1.65047e-02
0.93369	1.66709e-02
0.93395	1.68375e-02
0.93420	1.70039e-02
0.93446	1.71700e-02
0.93480	1.73748e-02
0.93513	1.75757e-02
0.93545	1.77734e-02
0.93577	1.79692e-02
0.93609	1.81645e-02
0.93640	1.83621e-02
0.93672	1.85611e-02
0.93704	1.87619e-02
0.93737	1.89649e-02
0.93769	1.91696e-02
0.93801	1.93754e-02
0.93833	1.95813e-02
0.93864	1.97860e-02
0.93894	1.99884e-02
0.93923	2.01872e-02
0.93951	2.03817e-02
0.93978	2.05710e-02
0.94004	2.07547e-02
0.94028	2.09326e-02
0.94051	2.11045e-02
0.94072	2.12704e-02
0.94092	2.14304e-02
0.94111	2.15830e-02
0.94129	2.17307e-02
0.94145	2.18732e-02
0.94161	2.20140e-02
0.94176	2.21483e-02
0.94188	2.22768e-02
0.94199	2.23997e-02
0.94208	2.25173e-02
0.94216	2.26297e-02
0.94223	2.27369e-02
0.94228	2.28389e-02
0.94232	2.29355e-02
0.94235	2.30267e-02
0.94236	2.31122e-02
0.94236	2.31920e-02
0.94235	2.32658e-02
0.94237	2.33083e-02
0.94236	2.33528e-02
0.94233	2.33959e-02
0.94228	2.34355e-02
0.94222	2.34703e-02
0.94214	2.34992e-02
0.94205	2.35216e-02
0.94195	2.35369e-02
0.94183	2.35448e-02
0.94171	2.35448e-02
0.94157	2.35367e-02
0.94142	2.35204e-02
0.94126	2.34955e-02
0.94109	2.34619e-02
0.94091	2.34196e-02
0.94072	2.33685e-02
0.94052	2.33085e-02
0.94034	2.32244e-02
0.94014	2.31396e-02
0.93993	2.30496e-02
0.93970	2.29526e-02
0.93946	2.28481e-02
0.93922	2.27358e-02
0.93896	2.26159e-02
0.93870	2.24884e-02
0.93844	2.23536e-02
0.93816	2.22119e-02
0.93789	2.20637e-02
0.93760	2.19092e-02
0.93731	2.17491e-02
0.93702	2.15839e-02
0.93681	2.11890e-02
0.93656	2.08741e-02
0.93630	2.05994e-02
0.93602	2.03473e-02
0.93574	2.01083e-02
0.93544	1.98786e-02
0.93517	1.96666e-02
0.93489	1.94586e-02
0.93460	1.92556e-02
0.93430	1.90583e-02
0.93401	1.88675e-02
0.93371	1.86839e-02
0.93341	1.85082e-02
0.93311	1.83412e-02
0.93282	1.81837e-02
0.93253	1.80386e-02
0.93228	1.79244e-02
0.93201	1.78092e-02
0.93174	1.77006e-02
0.93147	1.76021e-02
0.93120	1.75156e-02
0.93094	1.74423e-02
0.93068	1.73831e-02
0.93042	1.73386e-02
0.93017	1.73092e-02
0.92993	1.72952e-02
0.92969	1.72967e-02
0.92946	1.73138e-02
0.92924	1.73463e-02
0.92902	1.73940e-02
0.92881	1.74566e-02
0.92861	1.75336e-02
0.92842	1.76243e-02
0.92824	1.77283e-02
0.92807	1.78447e-02
0.92791	1.79727e-02
0.92776	1.81114e-02
0.92761	1.82600e-02
0.92748	1.84174e-02
0.92736	1.85827e-02
0.92724	1.87548e-02
0.92714	1.89328e-02
0.92705	1.91155e-02
0.92697	1.93020e-02
0.92690	1.94912e-02
0.92683	1.96822e-02
0.92678	1.98739e-02
0.92675	2.00653e-02
0.92672	2.02557e-02
0.92670	2.04440e-02
0.92669	2.06294e-02
0.92669	2.08112e-02
0.92671	2.09884e-02
0.92674	2.11542e-02
0.92679	2.13152e-02
0.92684	2.14705e-02
0.92690	2.16192e-02
0.92697	2.17606e-02
0.92705	2.18941e-02
0.92714	2.20194e-02
0.92723	2.21358e-02
0.92734	2.22430e-02
0.92745	2.23406e-02
0.92757	2.24284e-02
0.92770	2.25060e-02
0.92784	2.25732e-02
0.92799	2.26300e-02
0.92814	2.26761e-02
0.92830	2.27115e-02
0.92846	2.27361e-02
0.92863	2.27499e-02
0.92881	2.27530e-02
0.92899	2.27455e-02
0.92918	2.27275e-02
0.92937	2.26991e-02
0.92957	2.26606e-02
0.92977	2.26122e-02
0.92998	2.25541e-02
0.93018	2.24867e-02
0.93039	2.24104e-02
0.93061	2.23254e-02
0.93082	2.22323e-02
0.93104	2.21314e-02
0.93126	2.20232e-02
0.93148	2.19082e-02
0.93170	2.17870e-02
0.93192	2.16601e-02
0.93214	2.15280e-02
0.93236	2.13914e-02
0.93257	2.12507e-02
0.93279	2.11067e-02
0.93300	2.09600e-02
0.93322	2.08112e-02
0.93343	2.06609e-02
0.93364	2.05141e-02
0.93384	2.03654e-02
0.93404	2.02164e-02
0.93424	2.00680e-02
0.93443	1.99210e-02
0.93462	1.97760e-02
0.93483	1.96137e-02
0.93502	1.94603e-02
0.93520	1.93142e-02
0.93538	1.91736e-02
0.93555	1.90396e-02
0.93571	1.89119e-02
0.93586	1.87906e-02
0.93600	1.86755e-02
0.93614	1.85668e-02
0.93626	1.84645e-02
0.93638	1.83686e-02
0.93649	1.82791e-02
0.93659	1.81960e-02
0.93668	1.81191e-02
0.93677	1.80482e-02
0.93685	1.79902e-02
0.93695	1.79083e-02
0.93703	1.78437e-02
0.93710	1.77907e-02
0.93715	1.77462e-02
0.93719	1.77084e-02
0.93721	1.76760e-02
0.93723	1.76479e-02
0.93724	1.76232e-02
0.93724	1.76012e-02
0.93723	1.75813e-02
0.93720	1.75628e-02
0.93718	1.75452e-02
0.93714	1.75280e-02
0.93709	1.75106e-02
0.93703	1.74925e-02
0.93697	1.74734e-02
0.93689	1.74527e-02
0.93681	1.74302e-02
0.93672	1.74054e-02
0.93663	1.73781e-02
0.93652	1.73480e-02
0.93641	1.73149e-02
0.93629	1.72785e-02
0.93616	1.72388e-02
0.93603	1.71957e-02
0.93589	1.71492e-02
0.93574	1.70993e-02
0.93559	1.70461e-02
0.93543	1.69897e-02
0.93526	1.69303e-02
0.93509	1.68683e-02
0.93493	1.68099e-02
0.93476	1.67476e-02
0.93458	1.66828e-02
0.93440	1.66163e-02
0.93421	1.65453e-02
0.93402	1.64753e-02
0.93387	1.64092e-02
0.93371	1.63431e-02
0.93353	1.62783e-02
0.93335	1.62158e-02
0.93316	1.61564e-02
0.93298	1.61012e-02
0.93280	1.60683e-02
0.93262	1.60350e-02
0.93243	1.60054e-02
0.93225	1.59815e-02
0.93206	1.59648e-02
0.93188	1.59560e-02
0.93170	1.59566e-02
0.93151	1.59676e-02
0.93133	1.59897e-02
0.93116	1.60235e-02
0.93098	1.60698e-02
0.93081	1.61290e-02
0.93064	1.62015e-02
0.93048	1.62877e-02
0.93031	1.63879e-02
0.93016	1.65022e-02
0.93001	1.66306e-02
0.92986	1.67730e-02
0.92971	1.69292e-02
0.92958	1.70991e-02
0.92945	1.72821e-02
0.92932	1.74780e-02
0.92920	1.76860e-02
0.92909	1.79057e-02
0.92898	1.81375e-02
0.92888	1.83792e-02
0.92879	1.86301e-02
0.92870	1.88896e-02
0.92862	1.91567e-02
0.92855	1.94308e-02
0.92848	1.97108e-02
0.92842	1.99960e-02
0.92837	2.02853e-02
0.92833	2.05780e-02
0.92829	2.08731e-02
0.92826	2.11696e-02
0.92824	2.14669e-02
0.92823	2.17639e-02
0.92822	2.20598e-02
0.92822	2.23538e-02
0.92823	2.26451e-02
0.92825	2.29329e-02
0.92827	2.32165e-02
0.92830	2.34951e-02
0.92834	2.37681e-02
0.92838	2.40348e-02
0.92844	2.42945e-02
0.92849	2.45466e-02
0.92856	2.47906e-02
0.92863	2.50259e-02
0.92871	2.52521e-02
0.92880	2.54686e-02
0.92889	2.56749e-02
0.92898	2.58708e-02
0.92909	2.60558e-02
0.92920	2.62295e-02
0.92931	2.63917e-02
0.92948	2.64698e-02
0.92964	2.65594e-02
0.92981	2.66680e-02
0.92997	2.67651e-02
0.93012	2.68522e-02
0.93028	2.69294e-02
0.93043	2.69960e-02
0.93059	2.70517e-02
0.93075	2.70961e-02
0.93091	2.71290e-02
0.93107	2.71502e-02
0.93123	2.71596e-02
0.93140	2.71572e-02
0.93156	2.71432e-02
0.93173	2.71175e-02
0.93190	2.70804e-02
0.93207	2.70321e-02
0.93224	2.69727e-02
0.93241	2.69027e-02
0.93258	2.68223e-02
0.93275	2.67318e-02
0.93292	2.66317e-02
0.93308	2.65223e-02
0.93325	2.64041e-02
0.93342	2.62776e-02
0.93359	2.61527e-02
0.93376	2.60166e-02
0.93393	2.58719e-02
0.93409	2.57200e-02
0.93424	2.55617e-02
0.93440	2.53980e-02
0.93457	2.52160e-02
0.93473	2.50362e-02
0.93488	2.48558e-02
0.93502	2.46742e-02
0.93516	2.44915e-02
0.93529	2.43076e-02
0.93542	2.41231e-02
0.93554	2.39385e-02
0.93566	2.37545e-02
0.93578	2.35715e-02
0.93589	2.33903e-02
0.93599	2.32113e-02
0.93609	2.30351e-02
0.93618	2.28623e-02
0.93627	2.26934e-02
0.93635	2.25288e-02
0.93643	2.23689e-02
0.93650	2.22157e-02
0.93656	2.20677e-02
0.93662	2.19254e-02
0.93668	2.17891e-02
0.93673	2.16590e-02
0.93677	2.15355e-02
0.93680	2.14186e-02
0.93683	2.13085e-02
0.93686	2.12052e-02
0.93688	2.11088e-02
0.93689	2.10191e-02
0.93690	2.09361e-02
0.93691	2.08730e-02
0.93691	2.08101e-02
0.93690	2.07506e-02
0.93689	2.06958e-02
0.93687	2.06457e-02
0.93684	2.06006e-02
0.93681	2.05600e-02
0.93678	2.05239e-02
0.93674	2.04919e-02
0.93670	2.04637e-02
0.93665	2.04389e-02
0.93659	2.04171e-02
0.93654	2.03980e-02
0.93648	2.03812e-02
0.93641	2.03664e-02
0.93634	2.03531e-02
0.93627	2.03410e-02
0.93620	2.03298e-02
0.93612	2.03192e-02
0.93604	2.03089e-02
0.93596	2.02985e-02
0.93587	2.02880e-02
0.93579	2.02769e-02
0.93570	2.02652e-02
0.93561	2.02527e-02
0.93552	2.02392e-02
0.93543	2.02247e-02
0.93533	2.02090e-02
0.93524	2.01921e-02
0.93515	2.01741e-02
0.93505	2.01548e-02
0.93496	2.01345e-02
0.93487	2.01130e-02
0.93478	2.00906e-02
0.93469	2.00674e-02
0.93460	2.00434e-02
0.93451	2.00189e-02
0.93442	1.99940e-02
0.93434	1.99690e-02
0.93426	1.99443e-02
0.93420	1.99210e-02
0.93414	1.98967e-02
0.93409	1.98713e-02
0.93406	1.98443e-02
0.93404	1.98148e-02
0.93404	1.97835e-02
0.93406	1.97458e-02
0.93411	1.97018e-02
0.93420	1.96516e-02
0.93430	1.95967e-02
0.93442	1.95384e-02
0.93455	1.94774e-02
0.93467	1.94137e-02
0.93478	1.93465e-02
0.93487	1.92749e-02
0.93495	1.91989e-02
0.93502	1.91186e-02
0.93507	1.90351e-02
0.93512	1.89495e-02
0.93516	1.88628e-02
0.93519	1.87759e-02
0.93523	1.86896e-02
0.93526	1.86045e-02
0.93529	1.85210e-02
0.93533	1.84393e-02
0.93537	1.83595e-02
0.93541	1.82817e-02
0.93545	1.82058e-02
0.93550	1.81316e-02
0.93556	1.80590e-02
0.93561	1.79877e-02
0.93568	1.79167e-02
0.93575	1.78467e-02
0.93582	1.77771e-02
0.93590	1.77074e-02
0.93598	1.76364e-02
0.93607	1.75649e-02
0.93616	1.74923e-02
0.93625	1.74182e-02
0.93635	1.73421e-02
0.93645	1.72635e-02
0.93656	1.71821e-02
0.93667	1.70981e-02
0.93679	1.70103e-02
0.93691	1.69183e-02
0.93704	1.68413e-02
0.93717	1.67512e-02
0.93730	1.66520e-02
0.93744	1.65451e-02
0.93758	1.64311e-02
0.93771	1.63103e-02
0.93785	1.61827e-02
0.93800	1.60484e-02
0.93814	1.59074e-02
0.93829	1.57598e-02
0.93844	1.56057e-02
0.93859	1.54452e-02
0.93874	1.52785e-02
0.93889	1.51057e-02
0.93904	1.49271e-02
0.93921	1.47253e-02
0.93938	1.45259e-02
0.93954	1.43249e-02
0.93970	1.41214e-02
0.93985	1.39153e-02
0.94001	1.37071e-02
0.94017	1.34974e-02
0.94032	1.32870e-02
0.94048	1.30768e-02
0.94063	1.28679e-02
0.94078	1.26612e-02
0.94094	1.24544e-02
0.94109	1.22546e-02
0.94123	1.20623e-02
0.94138	1.18783e-02
0.94152	1.17042e-02
0.94166	1.15413e-02
0.94180	1.13914e-02
0.94194	1.12560e-02
0.94207	1.11368e-02
0.94220	1.10354e-02
0.94233	1.09535e-02
0.94245	1.08923e-02
0.94257	1.08533e-02
0.94269	1.08375e-02
0.94280	1.08457e-02
0.94291	1.08786e-02
0.94302	1.09365e-02
0.94312	1.10195e-02
0.94322	1.11272e-02
0.94331	1.12594e-02
0.94340	1.14151e-02
0.94349	1.15935e-02
0.94357	1.17947e-02
0.94365	1.20154e-02
0.94372	1.22547e-02
0.94379	1.25111e-02
0.94386	1.27831e-02
0.94392	1.30699e-02
0.94399	1.33857e-02
0.94429	1.40305e-02
0.94452	1.46401e-02
0.94468	1.51778e-02
0.94478	1.56428e-02
0.94484	1.60505e-02
0.94487	1.64172e-02
0.94488	1.67561e-02
0.94488	1.70761e-02
0.94486	1.73830e-02
0.94484	1.76803e-02
0.94481	1.79703e-02
0.94478	1.82540e-02
0.94474	1.85321e-02
0.94470	1.88047e-02
0.94466	1.90718e-02
0.94461	1.93332e-02
0.94456	1.95888e-02
0.94452	1.98384e-02
0.94448	2.00816e-02
0.94443	2.03183e-02
0.94438	2.05479e-02
0.94433	2.07702e-02
0.94427	2.09850e-02
0.94422	2.11919e-02
0.94416	2.13908e-02
0.94409	2.15814e-02
0.94403	2.17636e-02
0.94397	2.19371e-02
0.94390	2.21019e-02
0.94384	2.22579e-02
0.94377	2.24049e-02
0.94372	2.25548e-02
0.94367	2.26902e-02
0.94361	2.28140e-02
0.94354	2.29276e-02
0.94353	2.29981e-02
0.94352	2.30625e-02
0.94350	2.31193e-02
0.94347	2.31676e-02
0.94345	2.32071e-02
0.94343	2.32377e-02
0.94340	2.32595e-02
0.94341	2.32187e-02
0.94341	2.31915e-02
0.94341	2.31618e-02
0.94340	2.31318e-02
0.94339	2.30992e-02
0.94337	2.30628e-02
0.94336	2.30221e-02
0.94335	2.29768e-02
0.94334	2.29271e-02
0.94333	2.28730e-02
0.94332	2.28146e-02
0.94331	2.27524e-02
0.94330	2.26864e-02
0.94329	2.26170e-02
0.94329	2.25437e-02
0.94339	2.24018e-02
0.94345	2.22803e-02
0.94350	2.21697e-02
0.94354	2.20653e-02
0.94357	2.19646e-02
0.94360	2.18664e-02
0.94362	2.17698e-02
0.94365	2.16777e-02
0.94367	2.15784e-02
0.94370	2.14821e-02
0.94372	2.13873e-02
0.94374	2.12942e-02
0.94377	2.12026e-02
0.94379	2.11126e-02
0.94381	2.10240e-02
0.94383	2.09369e-02
0.94386	2.08514e-02
0.94388	2.07673e-02
0.94390	2.06846e-02
0.94393	2.06034e-02
0.94395	2.05234e-02
0.94398	2.04447e-02
0.94400	2.03670e-02
0.94403	2.02903e-02
0.94406	2.02145e-02
0.94408	2.01392e-02
0.94411	2.00645e-02
0.94414	1.99900e-02
0.94416	1.99156e-02
0.94419	1.98410e-02
0.94422	1.97661e-02
0.94424	1.96905e-02
0.94429	1.96340e-02
0.94432	1.95670e-02
0.94436	1.94945e-02
0.94439	1.94182e-02
0.94441	1.93392e-02
0.94444	1.92575e-02
0.94447	1.91732e-02
0.94449	1.90864e-02
0.94452	1.89969e-02
0.94454	1.89061e-02
0.94457	1.88118e-02
0.94459	1.87141e-02
0.94461	1.86133e-02
0.94463	1.85092e-02
0.94465	1.84020e-02
0.94467	1.82922e-02
0.94469	1.81790e-02
0.94471	1.80626e-02
0.94472	1.79430e-02
0.94474	1.78205e-02
0.94490	1.76341e-02
0.94505	1.74591e-02
0.94519	1.72933e-02
0.94532	1.71351e-02
0.94544	1.69834e-02
0.94555	1.68374e-02
0.94565	1.66964e-02
0.94574	1.65602e-02
0.94583	1.64285e-02
0.94591	1.63012e-02
0.94599	1.61784e-02
0.94606	1.60580e-02
0.94613	1.59434e-02
0.94620	1.58342e-02
0.94625	1.57306e-02
0.94631	1.56328e-02
0.94636	1.55410e-02
0.94640	1.54554e-02
0.94644	1.53761e-02
0.94648	1.53034e-02
0.94651	1.52374e-02
0.94653	1.51782e-02
0.94656	1.51260e-02
0.94657	1.50808e-02
0.94659	1.50428e-02
0.94660	1.50119e-02
0.94661	1.49881e-02
0.94661	1.49714e-02
0.94661	1.49619e-02
0.94660	1.49593e-02
0.94660	1.49636e-02
0.94658	1.49746e-02
0.94657	1.49922e-02
0.94655	1.50162e-02
0.94653	1.50462e-02
0.94651	1.50821e-02
0.94649	1.51235e-02
0.94646	1.51701e-02
0.94643	1.52216e-02
0.94640	1.52775e-02
0.94636	1.53375e-02
0.94633	1.54010e-02
0.94630	1.54670e-02
0.94626	1.55360e-02
0.94622	1.56074e-02
0.94618	1.56808e-02
0.94614	1.57555e-02
0.94610	1.58311e-02
0.94606	1.59072e-02
0.94602	1.59833e-02
0.94597	1.60588e-02
0.94593	1.61334e-02
0.94589	1.62066e-02
0.94585	1.62780e-02
0.94580	1.63472e-02
0.94576	1.64138e-02
0.94572	1.64768e-02
0.94568	1.65367e-02
0.94564	1.65932e-02
0.94561	1.66515e-02
0.94557	1.67027e-02
0.94553	1.67485e-02
0.94550	1.67893e-02
0.94546	1.68252e-02
0.94543	1.68562e-02
0.94539	1.68833e-02
0.94536	1.69049e-02
0.94533	1.69212e-02
0.94530	1.69322e-02
0.94527	1.69382e-02
0.94525	1.69391e-02
0.94522	1.69351e-02
0.94520	1.69252e-02
0.94518	1.69108e-02
0.94516	1.68923e-02
0.94514	1.68696e-02
0.94512	1.68431e-02
0.94512	1.68130e-02
0.94511	1.67798e-02
0.94510	1.67436e-02
0.94511	1.67062e-02
0.94510	1.66656e-02
0.94510	1.66229e-02
0.94509	1.65788e-02
0.94509	1.65340e-02
0.94509	1.64889e-02
0.94509	1.64441e-02
0.94509	1.64000e-02
0.94510	1.63570e-02
0.94511	1.63156e-02
0.94512	1.62762e-02
0.94514	1.62393e-02
0.94515	1.62052e-02
0.94517	1.61742e-02
0.94520	1.61468e-02
0.94522	1.61210e-02
0.94525	1.61003e-02
0.94528	1.60846e-02
0.94531	1.60740e-02
0.94535	1.60685e-02
0.94538	1.60684e-02
0.94542	1.60736e-02
0.94546	1.60844e-02
0.94550	1.61008e-02
0.94554	1.61228e-02
0.94557	1.61506e-02
0.94561	1.61843e-02
0.94564	1.62237e-02
0.94567	1.62688e-02
0.94571	1.63191e-02
0.94576	1.63742e-02
0.94582	1.64335e-02
0.94590	1.64964e-02
0.94603	1.65645e-02
0.94619	1.66424e-02
0.94640	1.67377e-02
0.94662	1.68555e-02
0.94685	1.69948e-02
0.94706	1.71488e-02
0.94734	1.72878e-02
0.94761	1.74291e-02
0.94787	1.75719e-02
0.94814	1.77179e-02
0.94841	1.78831e-02
0.94867	1.80538e-02
0.94892	1.82326e-02
0.94915	1.84191e-02
0.94937	1.86116e-02
0.94956	1.88070e-02
0.94973	1.90023e-02
0.94988	1.91951e-02
0.95000	1.93837e-02
0.95010	1.95690e-02
0.95019	1.97481e-02
0.95026	1.99216e-02
0.95032	2.00896e-02
0.95036	2.02528e-02
0.95039	2.04116e-02
0.95041	2.05665e-02
0.95042	2.07178e-02
0.95043	2.08659e-02
0.95042	2.10110e-02
0.95041	2.11515e-02
0.95039	2.12904e-02
0.95037	2.14273e-02
0.95034	2.15622e-02
0.95030	2.16953e-02
0.95026	2.18244e-02
0.95022	2.19526e-02
0.95017	2.20798e-02
0.95011	2.22056e-02
0.95005	2.23310e-02
0.94998	2.24548e-02
0.94991	2.25773e-02
0.94983	2.26985e-02
0.94975	2.28188e-02
0.94967	2.29379e-02
0.94958	2.30560e-02
0.94949	2.31733e-02
0.94939	2.32897e-02
0.94929	2.34055e-02
0.94919	2.35206e-02
0.94921	2.36275e-02
0.94917	2.37398e-02
0.94909	2.38528e-02
0.94899	2.39655e-02
0.94888	2.40777e-02
0.94875	2.41894e-02
0.94863	2.43008e-02
0.94850	2.44120e-02
0.94836	2.45230e-02
0.94823	2.46339e-02
0.94810	2.47446e-02
0.94796	2.48552e-02
0.94783	2.49656e-02
0.94769	2.50759e-02
0.94756	2.51860e-02
0.94743	2.52957e-02
0.94730	2.54052e-02
0.94717	2.55142e-02
0.94704	2.56228e-02
0.94691	2.57308e-02
0.94679	2.58381e-02
0.94667	2.59447e-02
0.94655	2.60504e-02
0.94643	2.61550e-02
0.94632	2.62585e-02
0.94621	2.63548e-02
0.94610	2.64509e-02
0.94600	2.65463e-02
0.94590	2.66407e-02
0.94581	2.67337e-02
0.94572	2.68251e-02
0.94563	2.69149e-02
0.94554	2.70026e-02
0.94546	2.70882e-02
0.94539	2.71714e-02
0.94532	2.72521e-02
0.94525	2.73300e-02
0.94519	2.74051e-02
0.94514	2.74771e-02
0.94508	2.75459e-02
0.94504	2.76113e-02
0.94500	2.76732e-02
0.94509	2.78932e-02
0.94512	2.80313e-02
0.94513	2.81280e-02
0.94514	2.82018e-02
0.94513	2.82615e-02
0.94513	2.83113e-02
0.94514	2.83534e-02
0.94514	2.83890e-02
0.94516	2.84187e-02
0.94518	2.84396e-02
0.94520	2.84574e-02
0.94523	2.84709e-02
0.94526	2.84796e-02
0.94530	2.84834e-02
0.94534	2.84823e-02
0.94551	2.86464e-02
0.94565	2.87660e-02
0.94577	2.88519e-02
0.94589	2.89110e-02
0.94600	2.89486e-02
0.94611	2.89684e-02
0.94621	2.89735e-02
0.94632	2.89660e-02
0.94643	2.89443e-02
0.94654	2.89144e-02
0.94665	2.88767e-02
0.94676	2.88316e-02
0.94687	2.87796e-02
0.94699	2.87176e-02
0.94711	2.86508e-02
0.94723	2.85789e-02
0.94735	2.85020e-02
0.94748	2.84201e-02
0.94761	2.83502e-02
0.94775	2.82705e-02
0.94788	2.81828e-02
0.94801	2.80881e-02
0.94815	2.79870e-02
0.94828	2.78802e-02
0.94852	2.77168e-02
0.94875	2.75536e-02
0.94897	2.73900e-02
0.94919	2.72262e-02
0.94940	2.70619e-02
0.94961	2.68971e-02
0.94982	2.67317e-02
0.95002	2.65657e-02
0.95021	2.63990e-02
0.95040	2.62315e-02
0.95059	2.60681e-02
0.95077	2.59020e-02
0.95095	2.57343e-02
0.95112	2.55653e-02
0.95129	2.53954e-02
0.95146	2.52247e-02
0.95162	2.50533e-02
0.95177	2.48814e-02
0.95192	2.47090e-02
0.95212	2.45793e-02
0.95229	2.44344e-02
0.95246	2.42998e-02
0.95262	2.41542e-02
0.95276	2.40018e-02
0.95289	2.38448e-02
0.95301	2.36847e-02
0.95313	2.35224e-02
0.95323	2.33588e-02
0.95333	2.31945e-02
0.95342	2.30300e-02
0.95351	2.28656e-02
0.95358	2.27018e-02
0.95365	2.25388e-02
0.95372	2.23770e-02
0.95377	2.22166e-02
0.95382	2.20579e-02
0.95386	2.19010e-02
0.95390	2.17476e-02
0.95393	2.15960e-02
0.95396	2.14395e-02
0.95398	2.12882e-02
0.95400	2.11408e-02
0.95400	2.09972e-02
0.95400	2.08572e-02
0.95389	2.08780e-02
0.95377	2.09025e-02
0.95368	2.09256e-02
0.95358	2.09475e-02
0.95347	2.09629e-02
0.95335	2.09670e-02
0.95325	2.09545e-02
0.95314	2.09199e-02
0.95306	2.08575e-02
0.95298	2.07620e-02
0.95293	2.06283e-02
0.95289	2.04532e-02
0.95288	2.02357e-02
0.95292	1.99516e-02
0.95297	1.96513e-02
0.95303	1.93402e-02
0.95309	1.90301e-02
0.95315	1.87336e-02
0.95320	1.84606e-02
0.95324	1.82169e-02
0.95326	1.80049e-02
0.95328	1.78243e-02
0.95327	1.76732e-02
0.95325	1.75491e-02
0.95321	1.74492e-02
0.95316	1.73708e-02
0.95310	1.73113e-02
0.95303	1.72684e-02
0.95294	1.72402e-02
0.95285	1.72246e-02
0.95274	1.72200e-02
0.95262	1.72248e-02
0.95250	1.72376e-02
0.95237	1.72572e-02
0.95223	1.72825e-02
0.95208	1.73125e-02
0.95193	1.73463e-02
0.95178	1.73830e-02
0.95162	1.74221e-02
0.95145	1.74628e-02
0.95129	1.75047e-02
0.95112	1.75473e-02
0.95096	1.75922e-02
0.95079	1.76364e-02
0.95062	1.76797e-02
0.95045	1.77220e-02
0.95028	1.77630e-02
0.95011	1.78027e-02
0.94994	1.78408e-02
0.94979	1.78738e-02
0.94963	1.79067e-02
0.94947	1.79393e-02
0.94931	1.79721e-02
0.94916	1.80061e-02
0.94901	1.80422e-02
0.94887	1.80822e-02
0.94873	1.81277e-02
0.94860	1.81808e-02
0.94849	1.82438e-02
0.94839	1.83192e-02
0.94830	1.84091e-02
0.94823	1.85154e-02
0.94817	1.86392e-02
0.94813	1.87806e-02
0.94810	1.89385e-02
0.94808	1.91106e-02
0.94807	1.92935e-02
0.94807	1.94831e-02
0.94807	1.96667e-02
0.94808	1.98509e-02
0.94809	2.00307e-02
0.94809	2.02028e-02
0.94810	2.03644e-02
0.94810	2.05140e-02
0.94810	2.06506e-02
0.94809	2.07738e-02
0.94809	2.08839e-02
0.94808	2.09868e-02
0.94808	2.10743e-02
0.94808	2.11506e-02
0.94808	2.12170e-02
0.94807	2.12742e-02
0.94807	2.13235e-02
0.94806	2.13658e-02
0.94806	2.14019e-02
0.94806	2.14329e-02
0.94806	2.14595e-02
0.94806	2.14824e-02
0.94806	2.15023e-02
0.94808	2.15128e-02
0.94809	2.15247e-02
0.94811	2.15365e-02
0.94812	2.15480e-02
0.94823	2.15620e-02
0.94830	2.15737e-02
0.94836	2.15835e-02
0.94841	2.15920e-02
0.94845	2.15996e-02
0.94850	2.16067e-02
0.94855	2.16135e-02
0.94345	1.59593e-02
0.94350	1.59826e-02
0.94355	1.60069e-02
0.94360	1.60321e-02
0.94365	1.60581e-02
0.94371	1.60848e-02
0.94377	1.61121e-02
0.94383	1.61396e-02
0.94389	1.61672e-02
0.94395	1.61946e-02
0.94402	1.62322e-02
0.94409	1.62653e-02
0.94416	1.62954e-02
0.94423	1.63231e-02
0.94430	1.63485e-02
0.94437	1.63718e-02
0.94443	1.63929e-02
0.94450	1.64117e-02
0.94457	1.64282e-02
0.94464	1.64421e-02
0.94471	1.64534e-02
0.94485	1.65597e-02
0.94496	1.66208e-02
0.94505	1.66591e-02
0.94514	1.66829e-02
0.94522	1.66971e-02
0.94531	1.67009e-02
0.94539	1.67000e-02
0.94546	1.66945e-02
0.94554	1.66848e-02
0.94561	1.66711e-02
0.94568	1.66536e-02
0.94578	1.65691e-02
0.94586	1.64996e-02
0.94595	1.64369e-02
0.94602	1.63778e-02
0.94609	1.63203e-02
0.94616	1.62619e-02
0.94622	1.62039e-02
0.94628	1.61458e-02
0.94634	1.60872e-02
0.94639	1.60280e-02
0.94644	1.59637e-02
0.94649	1.59006e-02
0.94654	1.58378e-02
0.94658	1.57750e-02
0.94662	1.57122e-02
0.94665	1.56492e-02
0.94672	1.55721e-02
0.94677	1.54999e-02
0.94681	1.54303e-02
0.94685	1.53627e-02
0.94688	1.52966e-02
0.94691	1.52319e-02
0.94693	1.51686e-02
0.94695	1.51069e-02
0.94697	1.50467e-02
0.94699	1.49972e-02
0.94701	1.49474e-02
0.94708	1.48784e-02
0.94711	1.48205e-02
0.94714	1.47683e-02
0.94715	1.47200e-02
0.94727	1.46017e-02
0.94734	1.45236e-02
0.94737	1.44643e-02
0.94739	1.44156e-02
0.94740	1.43741e-02
0.94740	1.43379e-02
0.94740	1.43063e-02
0.94740	1.42788e-02
0.94740	1.42549e-02
0.94739	1.42345e-02
0.94738	1.42176e-02
0.94737	1.42039e-02
0.94736	1.41935e-02
0.94736	1.41861e-02
0.94735	1.41819e-02
0.94734	1.41806e-02
0.94733	1.41822e-02
0.94732	1.41867e-02
0.94731	1.41939e-02
0.94730	1.42038e-02
0.94730	1.42163e-02
0.94729	1.42313e-02
0.94729	1.42486e-02
0.94728	1.42683e-02
0.94728	1.42903e-02
0.94728	1.43143e-02
0.94728	1.43404e-02
0.94729	1.43685e-02
0.94729	1.43984e-02
0.94730	1.44321e-02
0.94731	1.44665e-02
0.94732	1.45022e-02
0.94734	1.45392e-02
0.94748	1.43893e-02
0.94760	1.42792e-02
0.94772	1.41939e-02
0.94782	1.41264e-02
0.94793	1.40728e-02
0.94803	1.40311e-02
0.94813	1.39996e-02
0.94824	1.39776e-02
0.94834	1.39645e-02
0.94844	1.39597e-02
0.94854	1.39630e-02
0.94864	1.39740e-02
0.94875	1.39926e-02
0.94885	1.40185e-02
0.94896	1.40515e-02
0.94907	1.40913e-02
0.94918	1.41377e-02
0.94930	1.41832e-02
0.94942	1.42364e-02
0.94954	1.42963e-02
0.94965	1.43624e-02
0.94977	1.44342e-02
0.94989	1.45113e-02
0.95002	1.45935e-02
0.95014	1.46799e-02
0.95027	1.47821e-02
0.95039	1.48828e-02
0.95052	1.49852e-02
0.95065	1.50899e-02
0.95077	1.51971e-02
0.95090	1.53067e-02
0.95103	1.54183e-02
0.95116	1.55317e-02
0.95129	1.56466e-02
0.95142	1.57627e-02
0.95155	1.58797e-02
0.95168	1.59971e-02
0.95181	1.61147e-02
0.95194	1.62322e-02
0.95207	1.63492e-02
0.95220	1.64654e-02
0.95234	1.65827e-02
0.95247	1.66975e-02
0.95260	1.68099e-02
0.95273	1.69198e-02
0.95286	1.70271e-02
0.95299	1.71315e-02
0.95311	1.72327e-02
0.95324	1.73305e-02
0.95336	1.74247e-02
0.95349	1.75148e-02
0.95361	1.76007e-02
0.95373	1.76834e-02
0.95385	1.77610e-02
0.95397	1.78334e-02
0.95409	1.79006e-02
0.95422	1.79479e-02
0.95434	1.79947e-02
0.95445	1.80385e-02
0.95457	1.80780e-02
0.95467	1.81126e-02
0.95478	1.81416e-02
0.95488	1.81648e-02
0.95513	1.79333e-02
0.95530	1.78147e-02
0.95544	1.77477e-02
0.95555	1.77033e-02
0.95567	1.76680e-02
0.95577	1.76343e-02
0.95586	1.75986e-02
0.95595	1.75659e-02
0.95603	1.75250e-02
0.95610	1.74767e-02
0.95617	1.74215e-02
0.95623	1.73594e-02
0.95630	1.72858e-02
0.95638	1.72196e-02
0.95644	1.71402e-02
0.95650	1.70519e-02
0.95654	1.69563e-02
0.95659	1.68541e-02
0.95662	1.67460e-02
0.95666	1.66322e-02
0.95669	1.65130e-02
0.95671	1.63886e-02
0.95674	1.62593e-02
0.95675	1.61253e-02
0.95677	1.59869e-02
0.95678	1.58444e-02
0.95679	1.56978e-02
0.95679	1.55476e-02
0.95679	1.53941e-02
0.95679	1.52373e-02
0.95679	1.50778e-02
0.95678	1.49157e-02
0.95677	1.47513e-02
0.95675	1.45850e-02
0.95674	1.44169e-02
0.95671	1.42474e-02
0.95669	1.40769e-02
0.95690	1.41269e-02
0.95704	1.41268e-02
0.95712	1.40838e-02
0.95717	1.40098e-02
0.95720	1.39141e-02
0.95721	1.38034e-02
0.95721	1.36821e-02
0.95720	1.35532e-02
0.95718	1.34188e-02
0.95716	1.32803e-02
0.95713	1.31388e-02
0.95710	1.29950e-02
0.95711	1.28566e-02
0.95710	1.27165e-02
0.95709	1.25754e-02
0.95708	1.24338e-02
0.95706	1.22919e-02
0.95704	1.21501e-02
0.95701	1.20084e-02
0.95699	1.18671e-02
0.95696	1.17262e-02
0.95694	1.15861e-02
0.95691	1.14466e-02
0.95688	1.13080e-02
0.95685	1.11704e-02
0.95682	1.10338e-02
0.95679	1.08983e-02
0.95677	1.07642e-02
0.95674	1.06314e-02
0.95671	1.05001e-02
0.95668	1.03705e-02
0.95666	1.02426e-02
0.95663	1.01168e-02
0.95661	9.99313e-03
0.95659	9.87188e-03
0.95657	9.75054e-03
0.95656	9.63355e-03
0.95656	9.50477e-03
0.95656	9.38640e-03
0.95655	9.27541e-03
0.95655	9.17102e-03
0.95654	9.07244e-03
0.95653	8.97997e-03
0.95653	8.89366e-03
0.95652	8.81388e-03
0.95652	8.74111e-03
0.95652	8.67584e-03
0.95672	8.71628e-03
0.95695	8.82805e-03
0.95721	9.01424e-03
0.95747	9.25008e-03
0.95770	9.49664e-03
0.95789	9.72856e-03
0.95805	9.92871e-03
0.95818	1.00985e-02
0.95829	1.02440e-02
0.95838	1.03718e-02
0.95845	1.04875e-02
0.95852	1.05953e-02
0.95859	1.06983e-02
0.95864	1.07990e-02
0.95870	1.08991e-02
0.95875	1.09998e-02
0.95879	1.11021e-02
0.95884	1.12067e-02
0.95888	1.13142e-02
0.95892	1.14250e-02
0.95896	1.15393e-02
0.95899	1.16573e-02
0.95905	1.17814e-02
0.95909	1.19085e-02
0.95913	1.20389e-02
0.95916	1.21729e-02
0.95919	1.23105e-02
0.95922	1.24514e-02
0.95932	1.24878e-02
0.95940	1.25652e-02
0.95945	1.26678e-02
0.95950	1.27876e-02
0.95954	1.29194e-02
0.95957	1.30598e-02
0.95959	1.32065e-02
0.95961	1.33576e-02
0.95963	1.35118e-02
0.95964	1.36681e-02
0.95965	1.38256e-02
0.95966	1.39835e-02
0.95967	1.41413e-02
0.95967	1.42983e-02
0.95967	1.44487e-02
0.95967	1.45996e-02
0.95967	1.47495e-02
0.95996	1.49346e-02
0.96025	1.51612e-02
0.96048	1.54069e-02
0.96066	1.56459e-02
0.96078	1.58635e-02
0.96086	1.60565e-02
0.96091	1.62272e-02
0.96093	1.63799e-02
0.96093	1.65183e-02
0.96093	1.66452e-02
0.96091	1.67626e-02
0.96090	1.68717e-02
0.96087	1.69734e-02
0.96084	1.70681e-02
0.96084	1.71175e-02
0.96082	1.71737e-02
0.96081	1.72389e-02
0.96079	1.73002e-02
0.96076	1.73568e-02
0.96073	1.74084e-02
0.96084	1.75321e-02
0.96090	1.76291e-02
0.96092	1.77008e-02
0.96092	1.77529e-02
0.96090	1.77895e-02
0.96086	1.78138e-02
0.96083	1.78277e-02
0.96078	1.78326e-02
0.96074	1.78297e-02
0.96069	1.78194e-02
0.96064	1.78025e-02
0.96059	1.77792e-02
0.96054	1.77499e-02
0.96049	1.77149e-02
0.96045	1.76746e-02
0.96040	1.76291e-02
0.96035	1.75789e-02
0.96030	1.75241e-02
0.96025	1.74651e-02
0.96044	1.70825e-02
0.96053	1.68334e-02
0.96058	1.66552e-02
0.96059	1.65134e-02
0.96059	1.63905e-02
0.96058	1.62779e-02
0.96058	1.61835e-02
0.96059	1.60958e-02
0.96058	1.60067e-02
0.96058	1.59167e-02
0.96057	1.58265e-02
0.96057	1.57364e-02
0.96057	1.56468e-02
0.96056	1.55582e-02
0.96056	1.54708e-02
0.96066	1.53410e-02
0.96071	1.52368e-02
0.96074	1.51444e-02
0.96081	1.50873e-02
0.96088	1.50505e-02
0.96098	1.50395e-02
0.96110	1.50607e-02
0.96126	1.51206e-02
0.96144	1.52231e-02
0.96165	1.53669e-02
0.96188	1.55438e-02
0.96211	1.57396e-02
0.96233	1.59380e-02
0.96253	1.61248e-02
0.96271	1.62904e-02
0.96288	1.64307e-02
0.96303	1.65453e-02
0.96316	1.66363e-02
0.96328	1.67072e-02
0.96339	1.67614e-02
0.96350	1.68025e-02
0.96360	1.68333e-02
0.96370	1.68562e-02
0.96398	1.65047e-02
0.96424	1.62259e-02
0.96445	1.60127e-02
0.96464	1.58554e-02
0.96480	1.57433e-02
0.96495	1.56663e-02
0.96508	1.56158e-02
0.96520	1.55850e-02
0.96531	1.55686e-02
0.96543	1.55552e-02
0.96555	1.55516e-02
0.96566	1.55540e-02
0.96576	1.55601e-02
0.96588	1.55777e-02
0.96599	1.55926e-02
0.96610	1.56052e-02
0.96621	1.56154e-02
0.96632	1.56229e-02
0.96643	1.56275e-02
0.96654	1.56290e-02
0.96665	1.56272e-02
0.96676	1.56221e-02
0.96687	1.56134e-02
0.96698	1.56012e-02
0.96710	1.55854e-02
0.96721	1.55660e-02
0.96732	1.55430e-02
0.96743	1.55166e-02
0.96754	1.54866e-02
0.96765	1.54534e-02
0.96776	1.54169e-02
0.96786	1.53774e-02
0.96797	1.53350e-02
0.96807	1.52899e-02
0.96818	1.52423e-02
0.96828	1.51924e-02
0.96837	1.51406e-02
0.96847	1.50870e-02
0.96856	1.50321e-02
0.96865	1.49761e-02
0.96874	1.49193e-02
0.96883	1.48606e-02
0.96892	1.48024e-02
0.96900	1.47447e-02
0.96908	1.46878e-02
0.96916	1.46210e-02
0.96632	1.27335e-02
0.96640	1.26776e-02
0.96646	1.26249e-02
0.96652	1.25755e-02
0.96658	1.25297e-02
0.96662	1.24877e-02
0.96667	1.24500e-02
0.96670	1.24194e-02
0.96673	1.23932e-02
0.96675	1.23721e-02
0.96677	1.23565e-02
0.96678	1.23470e-02
0.96678	1.23438e-02
0.96678	1.23474e-02
0.96677	1.23580e-02
0.96675	1.23760e-02
0.96673	1.24013e-02
0.96670	1.24343e-02
0.96667	1.24971e-02
0.96664	1.25652e-02
0.96660	1.26404e-02
0.96655	1.27233e-02
0.96651	1.28164e-02
0.96645	1.29162e-02
0.96639	1.30231e-02
0.96633	1.31368e-02
0.96625	1.32573e-02
0.96617	1.33841e-02
0.96608	1.35168e-02
0.96599	1.36599e-02
0.96590	1.38054e-02
0.96579	1.39542e-02
0.96569	1.41063e-02
0.96557	1.42616e-02
0.96545	1.44195e-02
0.96533	1.45796e-02
0.96520	1.47415e-02
0.96507	1.49046e-02
0.96493	1.50684e-02
0.96479	1.52324e-02
0.96465	1.53960e-02
0.96450	1.55589e-02
0.96435	1.57203e-02
0.96420	1.58800e-02
0.96404	1.60373e-02
0.96389	1.61919e-02
0.96373	1.63433e-02
0.96357	1.64910e-02
0.96340	1.66347e-02
0.96324	1.67740e-02
0.96307	1.69085e-02
0.96290	1.70378e-02
0.96274	1.71618e-02
0.96257	1.72799e-02
0.96261	1.74667e-02
0.96259	1.76391e-02
0.96250	1.77889e-02
0.96238	1.79161e-02
0.96224	1.80238e-02
0.96208	1.81149e-02
0.96191	1.81920e-02
0.96174	1.82569e-02
0.95718	1.50438e-02
0.95703	1.50941e-02
0.95688	1.51243e-02
0.95672	1.51367e-02
0.95656	1.51326e-02
0.95640	1.51133e-02
0.95624	1.50796e-02
0.95608	1.50321e-02
0.95593	1.49716e-02
0.95578	1.48987e-02
0.95563	1.48140e-02
0.95549	1.47181e-02
0.95535	1.46114e-02
0.95522	1.44929e-02
0.95510	1.43652e-02
0.95499	1.42285e-02
0.95488	1.40832e-02
0.95477	1.39297e-02
0.95468	1.37673e-02
0.95459	1.35978e-02
0.95451	1.34216e-02
0.95444	1.32392e-02
0.95438	1.30510e-02
0.95432	1.28576e-02
0.95428	1.26595e-02
0.95424	1.24573e-02
0.95421	1.22515e-02
0.95419	1.20427e-02
0.95418	1.18316e-02
0.95418	1.16187e-02
0.95418	1.14047e-02
0.95420	1.11903e-02
0.95422	1.09761e-02
0.95426	1.07628e-02
0.95430	1.05512e-02
0.95435	1.03419e-02
0.95441	1.01358e-02
0.95447	9.93341e-03
0.95455	9.73565e-03
0.95463	9.54321e-03
0.95472	9.35684e-03
0.95485	9.13621e-03
0.95497	8.93549e-03
0.95510	8.74958e-03
0.95523	8.57664e-03
0.95537	8.41610e-03
0.95551	8.26781e-03
0.95566	8.13187e-03
0.95581	8.00842e-03
0.95598	7.90889e-03
0.95618	7.84464e-03
0.95642	7.83886e-03
0.95674	7.93060e-03
0.95716	8.17123e-03
0.95768	8.59016e-03
0.95823	9.13932e-03
0.95876	9.70217e-03
0.95922	1.01807e-02
0.95961	1.05424e-02
0.95993	1.07995e-02
0.96020	1.09771e-02
0.96044	1.10982e-02
0.96066	1.11800e-02
0.96086	1.12345e-02
0.96105	1.12698e-02
0.96123	1.12915e-02
0.96140	1.13033e-02
0.96156	1.13080e-02
0.96171	1.13074e-02
0.96186	1.13028e-02
0.96201	1.12951e-02
0.96215	1.12851e-02
0.96228	1.12732e-02
0.96241	1.12597e-02
0.96253	1.12448e-02
0.96265	1.12285e-02
0.96277	1.12111e-02
0.96288	1.12040e-02
0.96322	1.08906e-02
0.96362	1.05046e-02
0.96408	1.00990e-02
0.96456	9.74997e-03
0.96499	9.50613e-03
0.96535	9.36602e-03
0.96563	9.30033e-03
0.96585	9.27954e-03
0.96601	9.28412e-03
0.96613	9.30354e-03
0.96623	9.34361e-03
0.96631	9.38861e-03
0.96639	9.43877e-03
0.96644	9.49387e-03
0.96648	9.55432e-03
0.96650	9.62048e-03
0.96651	9.69245e-03
0.96654	9.74189e-03
0.96654	9.81061e-03
0.96653	9.89161e-03
0.96651	9.98229e-03
0.96650	1.01087e-02
0.96648	1.02343e-02
0.96644	1.03629e-02
0.96639	1.04958e-02
0.96633	1.06341e-02
0.96627	1.07784e-02
0.96620	1.09286e-02
0.96611	1.10848e-02
0.96603	1.12470e-02
0.96593	1.14151e-02
0.96590	1.15317e-02
0.96584	1.16756e-02
0.96575	1.18378e-02
0.96565	1.20133e-02
0.96554	1.21992e-02
0.96541	1.23935e-02
0.96528	1.25953e-02
0.96513	1.28029e-02
0.96498	1.30153e-02
0.96482	1.32315e-02
0.96466	1.34509e-02
0.96468	1.35852e-02
0.96473	1.37330e-02
0.96480	1.39072e-02
0.96486	1.41145e-02
0.96490	1.43534e-02
0.96491	1.46160e-02
0.96490	1.49026e-02
0.96485	1.51901e-02
0.96477	1.54747e-02
0.96466	1.57537e-02
0.96453	1.60258e-02
0.96438	1.62904e-02
0.96422	1.65476e-02
0.96404	1.67974e-02
0.96386	1.70401e-02
0.96367	1.72759e-02
0.96348	1.75048e-02
0.96329	1.77334e-02
0.96310	1.79525e-02
0.96290	1.81634e-02
0.96271	1.83665e-02
0.96251	1.85620e-02
0.96232	1.87498e-02
0.96213	1.89300e-02
0.96194	1.91024e-02
0.96175	1.92668e-02
0.96157	1.94232e-02
0.96139	1.95714e-02
0.96124	1.97376e-02
0.96107	1.98810e-02
0.96091	2.00100e-02
0.96076	2.01278e-02
0.96060	2.02356e-02
0.96045	2.03341e-02
0.96031	2.04233e-02
0.96018	2.05037e-02
0.96005	2.05751e-02
0.95992	2.06377e-02
0.95981	2.06917e-02
0.95970	2.07372e-02
0.95960	2.07742e-02
0.95951	2.08008e-02
0.95942	2.08198e-02
0.95935	2.08311e-02
0.95928	2.08346e-02
0.95922	2.08306e-02
0.95917	2.08192e-02
0.95912	2.08006e-02
0.95908	2.07750e-02
0.95906	2.07427e-02
0.95913	2.08271e-02
0.95918	2.08633e-02
0.95921	2.08690e-02
0.95928	2.08018e-02
0.95934	2.07388e-02
0.95939	2.06741e-02
0.95944	2.06061e-02
0.95950	2.05341e-02
0.95956	2.04581e-02
0.95963	2.03783e-02
0.95970	2.02946e-02
0.95978	2.02080e-02
0.95987	2.01187e-02
0.95996	2.00268e-02
0.96007	1.99322e-02
0.96019	1.98348e-02
0.96034	1.97342e-02
0.96050	1.96301e-02
0.96072	1.95388e-02
0.96098	1.94421e-02
0.96129	1.93456e-02
0.96166	1.92576e-02
0.96207	1.91885e-02
0.96251	1.91456e-02
0.96296	1.91280e-02
0.96338	1.91268e-02
0.96376	1.91296e-02
0.96410	1.91263e-02
0.96441	1.91110e-02
0.96467	1.90822e-02
0.96491	1.90410e-02
0.96513	1.89896e-02
0.96534	1.89377e-02
0.96554	1.88781e-02
0.96572	1.88140e-02
0.96590	1.87479e-02
0.96607	1.86815e-02
0.96624	1.86160e-02
0.96640	1.85524e-02
0.96657	1.84915e-02
0.96673	1.84339e-02
0.96689	1.83798e-02
0.96706	1.83296e-02
0.96759	1.85076e-02
0.96810	1.87097e-02
0.96855	1.88969e-02
0.96893	1.90441e-02
0.96925	1.91440e-02
0.96952	1.92071e-02
0.96975	1.92436e-02
0.96996	1.92739e-02
0.97015	1.92835e-02
0.97033	1.92885e-02
0.97049	1.92915e-02
0.97067	1.93270e-02
0.97083	1.93524e-02
0.97098	1.93737e-02
0.97112	1.93943e-02
0.97125	1.94160e-02
0.97138	1.94401e-02
0.97149	1.94675e-02
0.97160	1.94986e-02
0.97171	1.95339e-02
0.97181	1.95736e-02
0.97190	1.96180e-02
0.97199	1.96671e-02
0.97207	1.97212e-02
0.97214	1.97802e-02
0.97226	1.98934e-02
0.97238	1.99620e-02
0.97248	2.00354e-02
0.97256	2.01128e-02
0.97262	2.01942e-02
0.97268	2.02799e-02
0.97278	2.04200e-02
0.97286	2.05477e-02
0.97291	2.06695e-02
0.97295	2.07888e-02
0.97318	2.09467e-02
0.97333	2.10957e-02
0.97342	2.12377e-02
0.97348	2.13756e-02
0.97353	2.15215e-02
0.97355	2.16637e-02
0.97356	2.18044e-02
0.97356	2.19444e-02
0.97355	2.20844e-02
0.97352	2.22248e-02
0.97350	2.23666e-02
0.97346	2.25082e-02
0.97341	2.26497e-02
0.97336	2.27909e-02
0.97330	2.29319e-02
0.97324	2.30724e-02
0.97317	2.32121e-02
0.97309	2.33508e-02
0.97302	2.34882e-02
0.97293	2.36239e-02
0.97285	2.37576e-02
0.97280	2.39262e-02
0.97275	2.40827e-02
0.97268	2.42302e-02
0.97260	2.43699e-02
0.97252	2.45076e-02
0.97244	2.46392e-02
0.97235	2.47648e-02
0.97226	2.48847e-02
0.97217	2.49989e-02
0.97207	2.51072e-02
0.97198	2.52096e-02
0.97188	2.53059e-02
0.97178	2.53960e-02
0.97169	2.54797e-02
0.97159	2.55568e-02
0.96792	2.60134e-02
0.96275	2.57298e-02
0.96262	2.57668e-02
0.96251	2.58032e-02
0.96240	2.58324e-02
0.96229	2.58550e-02
0.96220	2.58712e-02
0.96211	2.58810e-02
0.96203	2.58813e-02
0.96197	2.58759e-02
0.96191	2.58645e-02
0.96185	2.58468e-02
0.96181	2.58227e-02
0.96178	2.57921e-02
0.96198	2.59552e-02
0.96213	2.60679e-02
0.96226	2.61427e-02
0.96237	2.61868e-02
0.96247	2.62059e-02
0.96257	2.61940e-02
0.96268	2.61563e-02
0.96279	2.60915e-02
0.96292	2.59967e-02
0.96308	2.58666e-02
0.95598	2.36586e-02
0.95626	2.34414e-02
0.95660	2.31634e-02
0.95701	2.28218e-02
0.95750	2.24222e-02
0.95804	2.19813e-02
0.95862	2.15236e-02
0.95922	2.10755e-02
0.95984	2.06715e-02
0.96042	2.02996e-02
0.96095	1.99673e-02
0.96144	1.96729e-02
0.96188	1.94110e-02
0.96230	1.91752e-02
0.96269	1.89598e-02
0.96306	1.87601e-02
0.96341	1.85721e-02
0.96375	1.83932e-02
0.96409	1.82212e-02
0.96442	1.80547e-02
0.96474	1.78927e-02
0.96506	1.77344e-02
0.96539	1.75796e-02
0.96571	1.74280e-02
0.96603	1.72794e-02
0.96635	1.71340e-02
0.96667	1.69918e-02
0.96699	1.68530e-02
0.96731	1.67178e-02
0.96763	1.65863e-02
0.96795	1.64590e-02
0.96827	1.63360e-02
0.96859	1.62175e-02
0.96890	1.61038e-02
0.96922	1.59952e-02
0.96953	1.58920e-02
0.96983	1.57942e-02
0.97013	1.57023e-02
0.97043	1.56163e-02
0.97072	1.55365e-02
0.96451	1.22424e-02
0.96488	1.23250e-02
0.96525	1.24114e-02
0.96560	1.25016e-02
0.96595	1.25953e-02
0.96629	1.26923e-02
0.96661	1.27926e-02
0.96692	1.28960e-02
0.96722	1.30024e-02
0.96751	1.31116e-02
0.96778	1.32235e-02
0.96804	1.33380e-02
0.96829	1.34549e-02
0.96852	1.35742e-02
0.96874	1.36956e-02
0.96894	1.38192e-02
0.96912	1.39448e-02
0.96929	1.40723e-02
0.96945	1.42015e-02
0.96958	1.43325e-02
0.96970	1.44650e-02
0.96980	1.45939e-02
0.96989	1.47259e-02
0.96995	1.48597e-02
0.97000	1.49949e-02
0.97003	1.51314e-02
0.97005	1.52689e-02
0.97004	1.54074e-02
0.97002	1.55467e-02
0.96997	1.56868e-02
0.96991	1.58275e-02
0.97058	1.63040e-02
0.97100	1.67037e-02
0.97121	1.70184e-02
0.97127	1.72634e-02
0.97123	1.74590e-02
0.97111	1.76220e-02
0.97095	1.77644e-02
0.97074	1.78940e-02
0.97051	1.80159e-02
0.97025	1.81330e-02
0.96997	1.82473e-02
0.96967	1.83598e-02
0.96936	1.84712e-02
0.96903	1.85817e-02
0.96869	1.86914e-02
0.96833	1.88003e-02
0.96796	1.89084e-02
0.96758	1.90156e-02
0.96719	1.91216e-02
0.96679	1.92265e-02
0.96638	1.93299e-02
0.96595	1.94318e-02
0.96552	1.95320e-02
0.96508	1.96304e-02
0.96464	1.97267e-02
0.96418	1.98209e-02
0.96372	1.99128e-02
0.96326	2.00023e-02
0.96279	2.00893e-02
0.96232	2.01736e-02
0.96184	2.02552e-02
0.96136	2.03339e-02
0.96088	2.04097e-02
0.96040	2.04824e-02
0.95992	2.05520e-02
0.95944	2.06184e-02
0.95897	2.06817e-02
0.95849	2.07416e-02
0.95802	2.07983e-02
0.95755	2.08517e-02
0.95709	2.09017e-02
0.95663	2.09484e-02
0.95618	2.09918e-02
0.95573	2.10318e-02
0.95530	2.10686e-02
0.95487	2.11022e-02
0.95445	2.11325e-02
0.95404	2.11597e-02
0.95364	2.11839e-02
0.95326	2.12050e-02
0.95288	2.12232e-02
0.95252	2.12385e-02
0.95217	2.12511e-02
0.95183	2.12610e-02
0.95151	2.12683e-02
0.95120	2.12732e-02
0.95091	2.12756e-02
0.95064	2.12758e-02
0.95038	2.12738e-02
0.95013	2.12696e-02
0.94991	2.12635e-02
0.94970	2.12555e-02
0.94951	2.12456e-02
0.94934	2.12339e-02
0.94918	2.12206e-02
0.94904	2.12056e-02
0.94893	2.11891e-02
0.94883	2.11711e-02
0.94875	2.11515e-02
0.94869	2.11305e-02
0.94865	2.11080e-02
0.94862	2.10841e-02
0.94862	2.10586e-02
0.94864	2.10317e-02
0.94867	2.10031e-02
0.94873	2.09721e-02
0.94880	2.09394e-02
0.94889	2.09051e-02
0.94900	2.08691e-02
0.94913	2.08312e-02
0.94928	2.07914e-02
0.94944	2.07494e-02
0.94962	2.07051e-02
0.94982	2.06582e-02
0.95003	2.06088e-02
0.95026	2.05564e-02
0.95051	2.05010e-02
0.95077	2.04423e-02
0.95105	2.03801e-02
0.95134	2.03143e-02
0.95164	2.02446e-02
0.95196	2.01708e-02
0.95229	2.00926e-02
0.95263	2.00100e-02
0.95298	1.99226e-02
0.95335	1.98303e-02
0.95373	1.97349e-02
0.95412	1.96333e-02
0.95452	1.95256e-02
0.95492	1.94118e-02
0.95533	1.92920e-02
0.95575	1.91659e-02
0.95617	1.90336e-02
0.95659	1.88948e-02
0.95702	1.87495e-02
0.95746	1.85976e-02
0.95789	1.84391e-02
0.95833	1.82737e-02
0.95877	1.81015e-02
0.95921	1.79224e-02
0.95965	1.77364e-02
0.96009	1.75434e-02
0.96053	1.73435e-02
0.96097	1.71367e-02
0.96140	1.69231e-02
0.96183	1.67026e-02
0.96225	1.64754e-02
0.96267	1.62416e-02
0.96309	1.60012e-02
0.96350	1.57545e-02
0.96390	1.55015e-02
0.96429	1.52425e-02
0.96467	1.49777e-02
0.96505	1.47072e-02
0.96542	1.44313e-02
0.96577	1.41502e-02
0.96612	1.38643e-02
0.96645	1.35738e-02
0.96677	1.32790e-02
0.96708	1.29802e-02
0.96738	1.26778e-02
0.96787	1.26289e-02
0.96828	1.24991e-02
0.96864	1.23179e-02
0.96896	1.21012e-02
0.96925	1.18592e-02
0.96950	1.15988e-02
0.96974	1.13252e-02
0.96995	1.10420e-02
0.97014	1.07520e-02
0.97031	1.04572e-02
0.97046	1.01593e-02
0.97060	9.85979e-03
0.97071	9.55978e-03
0.97081	9.26027e-03
0.97089	8.96219e-03
0.97095	8.66636e-03
0.97100	8.37354e-03
0.97103	8.08446e-03
0.97104	7.79981e-03
0.97104	7.52026e-03
0.97102	7.24644e-03
0.97098	6.97897e-03
0.97093	6.71846e-03
0.97086	6.46550e-03
0.97078	6.22066e-03
0.97068	5.98449e-03
0.97057	5.75751e-03
0.97044	5.54024e-03
0.97030	5.33314e-03
0.97014	5.13666e-03
0.97005	4.96383e-03
0.96993	4.80479e-03
0.96978	4.65907e-03
0.96961	4.52631e-03
0.96942	4.40622e-03
0.96922	4.29654e-03
0.96900	4.19943e-03
0.96877	4.11441e-03
0.96852	4.04106e-03
0.96827	3.97899e-03
0.96800	3.92779e-03
0.96772	3.88706e-03
0.96743	3.85640e-03
0.96713	3.83546e-03
0.96683	3.82390e-03
0.96652	3.82147e-03
0.96620	3.82798e-03
0.96588	3.84330e-03
0.96555	3.86743e-03
0.96522	3.90042e-03
0.96488	3.94240e-03
0.96454	3.99360e-03
0.96420	4.05431e-03
0.96386	4.12485e-03
0.96351	4.20559e-03
0.96317	4.29692e-03
0.96282	4.39923e-03
0.96248	4.51289e-03
0.96214	4.63823e-03
0.96180	4.77555e-03
0.96146	4.92508e-03
0.96112	5.08699e-03
0.96079	5.26136e-03
0.96047	5.44822e-03
0.96014	5.64750e-03
0.95983	5.85908e-03
0.95952	6.08276e-03
0.95921	6.31825e-03
0.95895	6.60630e-03
0.95875	6.97283e-03
0.95864	7.45539e-03
0.95866	8.09388e-03
0.95881	8.91626e-03
0.95909	9.91805e-03
0.95947	1.10496e-02
0.95987	1.22268e-02
0.96023	1.33615e-02
0.96052	1.43895e-02
0.96071	1.52805e-02
0.96080	1.60322e-02
0.96081	1.66581e-02
0.96075	1.71786e-02
0.96063	1.76142e-02
0.96048	1.79831e-02
0.96030	1.83003e-02
0.96011	1.85776e-02
0.95990	1.88237e-02
0.95969	1.90454e-02
0.95948	1.92474e-02
0.95927	1.94333e-02
0.95906	1.96057e-02
0.95887	1.97662e-02
0.95868	1.99162e-02
0.95850	2.00563e-02
0.95833	2.01873e-02
0.95816	2.03094e-02
0.95802	2.04287e-02
0.95788	2.05370e-02
0.95776	2.06353e-02
0.95765	2.07239e-02
0.95754	2.08032e-02
0.95745	2.08734e-02
0.95738	2.09347e-02
0.95731	2.09870e-02
0.95726	2.10305e-02
0.95722	2.10652e-02
0.95719	2.10910e-02
0.95718	2.11080e-02
0.95718	2.11161e-02
0.95719	2.11155e-02
0.95723	2.11022e-02
0.95728	2.10766e-02
0.95737	2.10361e-02
0.95750	2.09768e-02
0.95801	2.05736e-02
0.95884	1.99052e-02
0.95999	1.90110e-02
0.96137	1.80028e-02
0.96288	1.69942e-02
0.96442	1.60794e-02
0.96588	1.53355e-02
0.96714	1.47921e-02
0.96814	1.44207e-02
0.96891	1.41687e-02
0.96949	1.39920e-02
0.96992	1.38629e-02
0.97025	1.37657e-02
0.97052	1.36918e-02
0.97073	1.36360e-02
0.96333	1.02177e-02
0.96358	1.03406e-02
0.96380	1.04660e-02
0.96402	1.05963e-02
0.96423	1.07324e-02
0.96443	1.08745e-02
0.96464	1.10224e-02
0.96484	1.11753e-02
0.96505	1.13326e-02
0.96526	1.14933e-02
0.96548	1.16566e-02
0.96570	1.18218e-02
0.96592	1.19879e-02
0.96614	1.21542e-02
0.96637	1.23199e-02
0.96661	1.24844e-02
0.96685	1.26471e-02
0.96709	1.28073e-02
0.96733	1.29645e-02
0.96758	1.31181e-02
0.96783	1.32676e-02
0.96808	1.34125e-02
0.96833	1.35524e-02
0.96859	1.36869e-02
0.96884	1.38155e-02
0.96910	1.39379e-02
0.96936	1.40537e-02
0.96961	1.41626e-02
0.96987	1.42642e-02
0.97013	1.43582e-02
0.97038	1.44443e-02
0.97064	1.45222e-02
0.97089	1.45918e-02
0.97114	1.46526e-02
0.97139	1.47046e-02
0.97163	1.47475e-02
0.97188	1.47810e-02
0.97212	1.48051e-02
0.97235	1.48195e-02
0.97258	1.48241e-02
0.97281	1.48188e-02
0.97304	1.48035e-02
0.97325	1.47779e-02
0.97347	1.47422e-02
0.97368	1.46961e-02
0.97388	1.46396e-02
0.97408	1.45728e-02
0.97427	1.44955e-02
0.97446	1.44078e-02
0.97464	1.43097e-02
0.97481	1.42012e-02
0.97498	1.40824e-02
0.97514	1.39533e-02
0.97529	1.38140e-02
0.97544	1.36646e-02
0.97558	1.35052e-02
0.97571	1.33360e-02
0.97583	1.31570e-02
0.97595	1.29685e-02
0.97606	1.27705e-02
0.97616	1.25634e-02
0.97626	1.23472e-02
0.97635	1.21223e-02
0.97643	1.18888e-02
0.97650	1.16470e-02
0.97657	1.13972e-02
0.97662	1.11396e-02
0.97667	1.08745e-02
0.97672	1.06022e-02
0.97675	1.03231e-02
0.97678	1.00374e-02
0.97680	9.74545e-03
0.97682	9.44769e-03
0.97683	9.14441e-03
0.97683	8.83601e-03
0.97682	8.52284e-03
0.97681	8.20531e-03
0.97679	7.88380e-03
0.97677	7.55872e-03
0.97674	7.23049e-03
0.97670	6.89951e-03
0.97666	6.56623e-03
0.97661	6.23106e-03
0.97656	5.89445e-03
0.97650	5.55684e-03
0.97648	5.18594e-03
0.97643	4.83023e-03
0.97637	4.48135e-03
0.97630	4.13650e-03
0.97623	3.79474e-03
0.97615	3.45585e-03
0.97607	3.11993e-03
0.97599	2.78720e-03
0.97590	2.45800e-03
0.97581	2.13268e-03
0.97572	1.81162e-03
0.97563	1.49522e-03
0.97553	1.18389e-03
0.97544	8.78021e-04
0.97534	5.78030e-04
0.97524	2.84316e-04
0.97514	2.71860e-06
0.97504	2.82680e-04
0.97494	5.55178e-04
0.97484	8.19832e-04
0.97474	1.07627e-03
0.97464	1.32412e-03
0.97454	1.56303e-03
0.97445	1.79266e-03
0.97435	2.01267e-03
0.97426	2.22275e-03
0.97417	2.42257e-03
0.97408	2.61186e-03
0.97400	2.79032e-03
0.97391	2.95768e-03
0.97383	3.11371e-03
0.97375	3.25815e-03
0.97368	3.39079e-03
0.97361	3.51142e-03
0.97354	3.61986e-03
0.97348	3.71592e-03
0.97342	3.79947e-03
0.97336	3.87035e-03
0.97331	3.92846e-03
0.97326	3.97369e-03
0.97324	4.03101e-03
0.97322	4.06854e-03
0.97320	4.08926e-03
0.97318	4.09451e-03
0.97316	4.08500e-03
0.97315	4.06116e-03
0.97314	4.02329e-03
0.97313	3.97160e-03
0.97320	3.83910e-03
0.97325	3.71464e-03
0.97328	3.58997e-03
0.97332	3.46112e-03
0.97335	3.32570e-03
0.97338	3.18218e-03
0.97341	3.02956e-03
0.97344	2.86719e-03
0.97347	2.69470e-03
0.97351	2.51188e-03
0.97354	2.31865e-03
0.97358	2.11503e-03
0.97363	1.90113e-03
0.97367	1.67711e-03
0.97372	1.44316e-03
0.97377	1.19953e-03
0.97382	9.46500e-04
0.97387	6.84362e-04
0.97393	4.13445e-04
0.97399	1.34094e-04
0.97405	1.53328e-04
0.97411	4.48442e-04
0.97417	7.50855e-04
0.97423	1.06016e-03
0.97430	1.37594e-03
0.97436	1.69778e-03
0.97443	2.02522e-03
0.97449	2.35784e-03
0.97456	2.69518e-03
0.97462	3.03678e-03
0.97469	3.38219e-03
0.97475	3.73093e-03
0.97481	4.08254e-03
0.97487	4.43654e-03
0.97493	4.79247e-03
0.97499	5.14984e-03
0.97505	5.50818e-03
0.97510	5.86702e-03
0.97515	6.22589e-03
0.97520	6.58430e-03
0.97524	6.94180e-03
0.97528	7.29791e-03
0.97532	7.65218e-03
0.97535	8.00414e-03
0.97539	8.35334e-03
0.97541	8.69934e-03
0.97543	9.04170e-03
0.97545	9.37998e-03
0.97546	9.71375e-03
0.97547	1.00426e-02
0.97547	1.03661e-02
0.97547	1.06839e-02
0.97546	1.09956e-02
0.97545	1.13008e-02
0.97543	1.15992e-02
0.97541	1.18903e-02
0.97537	1.21738e-02
0.97534	1.24495e-02
0.97530	1.27169e-02
0.97525	1.29759e-02
0.97519	1.32260e-02
0.97513	1.34671e-02
0.97506	1.36987e-02
0.97499	1.39208e-02
0.97491	1.41331e-02
0.97482	1.43353e-02
0.97473	1.45273e-02
0.97463	1.47088e-02
0.97453	1.48797e-02
0.97442	1.50398e-02
0.97430	1.51891e-02
0.97418	1.53273e-02
0.97405	1.54544e-02
0.97391	1.55702e-02
0.97377	1.56748e-02
0.97362	1.57680e-02
0.97349	1.58666e-02
0.97336	1.59629e-02
0.97323	1.60572e-02
0.97310	1.61498e-02
0.97299	1.62405e-02
0.97287	1.63294e-02
0.97276	1.64162e-02
0.97266	1.65009e-02
0.97256	1.65833e-02
0.97246	1.66632e-02
0.97237	1.67405e-02
0.97229	1.68229e-02
0.97222	1.69003e-02
0.97214	1.69734e-02
0.97208	1.70424e-02
0.97201	1.71076e-02
0.97195	1.71645e-02
0.97190	1.72193e-02
0.97185	1.72712e-02
0.97180	1.73198e-02
0.97175	1.73648e-02
0.97171	1.74063e-02
0.97167	1.74439e-02
0.97164	1.74777e-02
0.97161	1.75076e-02
0.97159	1.75337e-02
0.97156	1.75558e-02
0.97155	1.75740e-02
0.97153	1.75882e-02
0.97152	1.75985e-02
0.97152	1.76049e-02
0.97152	1.76073e-02
0.97152	1.76059e-02
0.97153	1.75992e-02
0.97154	1.75890e-02
0.97155	1.75751e-02
0.97157	1.75577e-02
0.97159	1.75368e-02
0.97162	1.75122e-02
0.97165	1.74841e-02
0.97168	1.74525e-02
0.97171	1.74174e-02
0.97175	1.73788e-02
0.97180	1.73367e-02
0.95455	0.00000e+00
0.95465	0.00000e+00
0.95475	0.00000e+00
0.95486	0.00000e+00
0.95498	0.00000e+00
0.95510	0.00000e+00
0.95523	0.00000e+00
0.95537	0.00000e+00
0.95551	0.00000e+00
0.95565	0.00000e+00
0.95580	0.00000e+00
0.95596	0.00000e+00
0.95612	0.00000e+00
0.95628	0.00000e+00
0.95645	0.00000e+00
0.95663	0.00000e+00
0.95681	0.00000e+00
0.95699	0.00000e+00
0.95717	0.00000e+00
0.95736	0.00000e+00
0.95755	0.00000e+00
0.95775	0.00000e+00
0.95795	0.00000e+00
0.95815	0.00000e+00
0.95835	0.00000e+00
0.95856	0.00000e+00
0.95876	0.00000e+00
0.95897	0.00000e+00
0.95918	0.00000e+00
0.95939	0.00000e+00
0.95961	0.00000e+00
0.95982	0.00000e+00
0.96003	0.00000e+00
0.96025	0.00000e+00
0.96046	0.00000e+00
0.96067	0.00000e+00
0.96089	0.00000e+00
0.96110	0.00000e+00
0.96131	0.00000e+00
0.96152	0.00000e+00
0.96173	0.00000e+00
0.96194	0.00000e+00
0.96215	0.00000e+00
0.96235	0.00000e+00
0.96255	0.00000e+00
0.96275	0.00000e+00
0.96295	0.00000e+00
0.96314	0.00000e+00
0.96333	0.00000e+00
0.96352	0.00000e+00
0.96370	0.00000e+00
0.96388	0.00000e+00
0.96405	0.00000e+00
0.96422	0.00000e+00
0.96439	0.00000e+00
0.96455	0.00000e+00
0.96471	0.00000e+00
0.96486	0.00000e+00
0.96501	0.00000e+00
0.96515	0.00000e+00
0.96529	0.00000e+00
0.96542	0.00000e+00
0.96554	0.00000e+00
0.96566	0.00000e+00
0.96577	0.00000e+00
0.96588	0.00000e+00
0.96598	0.00000e+00
0.96607	0.00000e+00
0.96616	0.00000e+00
0.96624	0.00000e+00
0.96631	0.00000e+00
0.96638	0.00000e+00
0.96643	0.00000e+00
0.96649	0.00000e+00
0.96653	0.00000e+00
0.96657	0.00000e+00
0.96659	0.00000e+00
0.96661	0.00000e+00
0.96663	0.00000e+00
0.96663	0.00000e+00
0.96663	0.00000e+00
0.96664	0.00000e+00
0.96664	0.00000e+00
0.96662	0.00000e+00
0.96660	0.00000e+00
0.96656	0.00000e+00
0.96652	0.00000e+00
0.96647	0.00000e+00
0.96641	0.00000e+00
0.96634	0.00000e+00
0.96626	0.00000e+00
0.96617	0.00000e+00
0.96607	0.00000e+00
0.96597	0.00000e+00
0.96586	0.00000e+00
0.96573	0.00000e+00
0.96560	0.00000e+00
0.96547	0.00000e+00
0.96532	0.00000e+00
0.96517	0.00000e+00
0.96501	0.00000e+00
0.96484	0.00000e+00
0.96466	0.00000e+00
0.96448	0.00000e+00
0.96428	0.00000e+00
0.96408	0.00000e+00
0.96388	0.00000e+00
0.96366	0.00000e+00
0.96344	0.00000e+00
0.96321	0.00000e+00
0.96298	0.00000e+00
0.96274	0.00000e+00
0.96249	0.00000e+00
0.96224	0.00000e+00
0.96198	0.00000e+00
0.96171	0.00000e+00
0.96144	0.00000e+00
0.96116	0.00000e+00
0.96087	0.00000e+00
0.96059	0.00000e+00
0.96029	0.00000e+00
0.95999	0.00000e+00
0.95969	0.00000e+00
0.95938	0.00000e+00
0.95907	0.00000e+00
0.95875	0.00000e+00
0.95843	0.00000e+00
0.95810	0.00000e+00
0.95778	0.00000e+00
0.95744	0.00000e+00
0.95711	0.00000e+00
0.95677	0.00000e+00
0.95643	0.00000e+00
0.95609	0.00000e+00
0.95574	0.00000e+00
0.95540	0.00000e+00
0.95505	0.00000e+00
0.95470	0.00000e+00
0.95435	0.00000e+00
0.95399	0.00000e+00
0.95364	0.00000e+00
0.95329	0.00000e+00
0.95293	0.00000e+00
0.95258	0.00000e+00
0.95223	0.00000e+00
0.95187	0.00000e+00
0.95152	0.00000e+00
0.95117	0.00000e+00
0.95082	0.00000e+00
0.95047	0.00000e+00
0.95012	0.00000e+00
0.94977	0.00000e+00
0.94943	0.00000e+00
0.94909	0.00000e+00
0.94875	0.00000e+00
0.94842	0.00000e+00
0.94808	0.00000e+00
0.94776	0.00000e+00
0.94743	0.00000e+00
0.94711	0.00000e+00
0.94679	0.00000e+00
0.94648	0.00000e+00
0.94617	0.00000e+00
0.94586	0.00000e+00
0.94556	0.00000e+00
0.94527	0.00000e+00
0.94498	0.00000e+00
0.94470	0.00000e+00
0.94442	0.00000e+00
0.94415	0.00000e+00
0.94388	0.00000e+00
0.94362	0.00000e+00
0.94337	0.00000e+00
0.94312	0.00000e+00
0.94289	0.00000e+00
0.94265	0.00000e+00
0.94243	0.00000e+00
0.94221	0.00000e+00
0.94200	0.00000e+00
0.94179	0.00000e+00
0.94160	0.00000e+00
0.94144	0.00000e+00
0.94127	0.00000e+00
0.94111	0.00000e+00
0.94096	0.00000e+00
0.94081	0.00000e+00
0.94067	0.00000e+00
0.94054	0.00000e+00
0.94042	0.00000e+00
0.94031	0.00000e+00
0.94020	0.00000e+00
0.94010	0.00000e+00
0.94001	0.00000e+00
0.93993	0.00000e+00
0.93986	0.00000e+00
0.93980	0.00000e+00
0.93974	0.00000e+00
0.93970	0.00000e+00
0.93966	0.00000e+00
0.93963	0.00000e+00
0.93961	0.00000e+00
0.93960	0.00000e+00
0.93960	0.00000e+00
0.93960	0.00000e+00
0.93963	0.00000e+00
0.93965	0.00000e+00
0.93968	0.00000e+00
0.93972	0.00000e+00
0.93977	0.00000e+00
0.93983	0.00000e+00
0.93989	0.00000e+00
0.93997	0.00000e+00
0.94005	0.00000e+00
0.94014	0.00000e+00
0.94024	0.00000e+00
0.94034	0.00000e+00
0.94046	0.00000e+00
0.94058	0.00000e+00
0.94071	0.00000e+00
0.94084	0.00000e+00
0.94099	0.00000e+00
0.94114	0.00000e+00
0.94130	0.00000e+00
0.94146	0.00000e+00
0.94163	0.00000e+00
0.94181	0.00000e+00
0.94199	0.00000e+00
0.94218	0.00000e+00
0.94238	0.00000e+00
0.94258	0.00000e+00
0.94279	0.00000e+00
0.94300	0.00000e+00
0.94322	0.00000e+00
0.94345	0.00000e+00
0.94368	0.00000e+00
0.94391	0.00000e+00
0.94415	0.00000e+00
0.94439	0.00000e+00
0.94463	0.00000e+00
0.94488	0.00000e+00
0.94513	0.00000e+00
0.94539	0.00000e+00
0.94565	0.00000e+00
0.94591	0.00000e+00
0.94618	0.00000e+00
0.94644	0.00000e+00
0.94671	0.00000e+00
0.94698	0.00000e+00
0.94726	0.00000e+00
0.94753	0.00000e+00
0.94780	0.00000e+00
0.94808	0.00000e+00
0.94836	0.00000e+00
0.94863	0.00000e+00
0.94891	0.00000e+00
0.94919	0.00000e+00
0.94947	0.00000e+00
0.94974	0.00000e+00
0.95002	0.00000e+00
0.95029	0.00000e+00
0.95057	0.00000e+00
0.95084	0.00000e+00
0.95111	0.00000e+00
0.95138	0.00000e+00
0.95164	0.00000e+00
0.95191	0.00000e+00
0.95217	0.00000e+00
0.95243	0.00000e+00
0.95268	0.00000e+00
0.95293	0.00000e+00
0.95318	0.00000e+00
0.95343	0.00000e+00
0.95367	0.00000e+00
0.95391	0.00000e+00
0.95414	0.00000e+00
0.95437	0.00000e+00
0.95459	0.00000e+00
0.95481	0.00000e+00
0.95502	0.00000e+00
0.95523	0.00000e+00
0.95544	0.00000e+00
0.95563	0.00000e+00
0.95583	0.00000e+00
0.95601	0.00000e+00
0.95619	0.00000e+00
0.95637	0.00000e+00
0.95654	0.00000e+00
0.95670	0.00000e+00
0.95685	0.00000e+00
0.95700	0.00000e+00
0.95715	0.00000e+00
0.95728	0.00000e+00
0.95741	0.00000e+00
0.95753	0.00000e+00
0.95764	0.00000e+00
0.95775	0.00000e+00
0.95785	0.00000e+00
0.95794	0.00000e+00
0.95803	0.00000e+00
0.95811	0.00000e+00
0.95818	0.00000e+00
0.95824	0.00000e+00
0.95829	0.00000e+00
0.95834	0.00000e+00
0.95839	0.00000e+00
0.95843	0.00000e+00
0.95847	0.00000e+00
0.95849	0.00000e+00
0.95850	0.00000e+00
0.95851	0.00000e+00
0.95851	0.00000e+00
0.95849	0.00000e+00
0.95848	0.00000e+00
0.95845	0.00000e+00
0.95841	0.00000e+00
0.95885	0.00000e+00
0.95913	0.00000e+00
0.95932	0.00000e+00
0.95944	0.00000e+00
0.95951	0.00000e+00
0.95953	0.00000e+00
0.95953	0.00000e+00
0.95951	0.00000e+00
0.95946	0.00000e+00
0.95939	0.00000e+00
0.95931	0.00000e+00
0.95922	0.00000e+00
0.95912	0.00000e+00
0.95900	0.00000e+00
0.95888	0.00000e+00
0.95875	0.00000e+00
0.95860	0.00000e+00
0.95846	0.00000e+00
0.95830	0.00000e+00
0.95814	0.00000e+00
0.95797	0.00000e+00
0.95779	0.00000e+00
0.95761	0.00000e+00
0.95743	0.00000e+00
0.95724	0.00000e+00
0.95704	0.00000e+00
0.95684	0.00000e+00
0.95664	0.00000e+00
0.95643	0.00000e+00
0.95622	0.00000e+00
0.95600	0.00000e+00
0.95578	0.00000e+00
0.95556	0.00000e+00
0.95533	0.00000e+00
0.95511	0.00000e+00
0.95488	0.00000e+00
0.95465	0.00000e+00
0.95441	0.00000e+00
0.95418	0.00000e+00
0.95394	0.00000e+00
0.95370	0.00000e+00
0.95346	0.00000e+00
0.95322	0.00000e+00
0.95298	0.00000e+00
0.95274	0.00000e+00
0.95250	0.00000e+00
0.95227	0.00000e+00
0.95203	0.00000e+00
0.95179	0.00000e+00
0.95155	0.00000e+00
0.95131	0.00000e+00
0.95108	0.00000e+00
0.95085	0.00000e+00
0.95061	0.00000e+00
0.95039	0.00000e+00
0.95016	0.00000e+00
0.94994	0.00000e+00
0.94971	0.00000e+00
0.94950	0.00000e+00
0.94928	0.00000e+00
0.94907	0.00000e+00
0.94886	0.00000e+00
0.94866	0.00000e+00
0.94846	0.00000e+00
0.94827	0.00000e+00
0.94808	0.00000e+00
0.94789	0.00000e+00
0.94771	0.00000e+00
0.94754	0.00000e+00
0.94737	0.00000e+00
0.94720	0.00000e+00
0.94705	0.00000e+00
0.94689	0.00000e+00
0.94675	0.00000e+00
0.94661	0.00000e+00
0.94648	0.00000e+00
0.94635	0.00000e+00
0.94623	0.00000e+00
0.94612	0.00000e+00
0.94601	0.00000e+00
0.94592	0.00000e+00
0.94583	0.00000e+00
0.94574	0.00000e+00
0.94567	0.00000e+00
0.94560	0.00000e+00
0.94554	0.00000e+00
0.94549	0.00000e+00
0.94544	0.00000e+00
0.94541	0.00000e+00
0.94538	0.00000e+00
0.94536	0.00000e+00
0.94535	0.00000e+00
0.94535	0.00000e+00
0.94536	0.00000e+00
0.94566	0.00000e+00
0.94592	0.00000e+00
0.94615	0.00000e+00
0.94635	0.00000e+00
0.94654	0.00000e+00
0.94671	0.00000e+00
0.94688	0.00000e+00
0.94704	0.00000e+00
0.94719	0.00000e+00
0.94734	0.00000e+00
0.94749	0.00000e+00
0.94765	0.00000e+00
0.94780	0.00000e+00
0.94796	0.00000e+00
0.94812	0.00000e+00
0.94829	0.00000e+00
0.94846	0.00000e+00
0.94863	0.00000e+00
0.94882	0.00000e+00
0.94901	0.00000e+00
0.94920	0.00000e+00
0.94940	0.00000e+00
0.94961	0.00000e+00
0.94982	0.00000e+00
0.95004	0.00000e+00
0.95027	0.00000e+00
0.95050	0.00000e+00
0.95074	0.00000e+00
0.95099	0.00000e+00
0.95124	0.00000e+00
0.95150	0.00000e+00
0.95177	0.00000e+00
0.95204	0.00000e+00
0.95232	0.00000e+00
0.95260	0.00000e+00
0.95289	0.00000e+00
0.95319	0.00000e+00
0.95349	0.00000e+00
0.95379	0.00000e+00
0.95410	0.00000e+00
0.95442	0.00000e+00
0.95474	0.00000e+00
0.95506	0.00000e+00
0.95539	0.00000e+00
0.95572	0.00000e+00
0.95606	0.00000e+00
0.95640	0.00000e+00
0.95674	0.00000e+00
0.95708	0.00000e+00
0.95743	0.00000e+00
0.95778	0.00000e+00
0.95814	0.00000e+00
0.95849	0.00000e+00
0.95885	0.00000e+00
0.95921	0.00000e+00
0.95957	0.00000e+00
0.95994	0.00000e+00
0.96030	0.00000e+00
0.96066	0.00000e+00
0.96103	0.00000e+00
0.96139	0.00000e+00
0.96176	0.00000e+00
0.96212	0.00000e+00
0.96249	0.00000e+00
0.96285	0.00000e+00
0.96321	0.00000e+00
0.96357	0.00000e+00
0.96393	0.00000e+00
0.96429	0.00000e+00
0.96465	0.00000e+00
0.96500	0.00000e+00
0.96535	0.00000e+00
0.96570	0.00000e+00
0.96605	0.00000e+00
0.96639	0.00000e+00
0.96673	0.00000e+00
0.96706	0.00000e+00
0.96740	0.00000e+00
0.96773	0.00000e+00
0.96805	0.00000e+00
0.96837	0.00000e+00
0.96868	0.00000e+00
0.96899	0.00000e+00
0.96930	0.00000e+00
0.96960	0.00000e+00
0.96990	0.00000e+00
0.97018	0.00000e+00
0.97047	0.00000e+00
0.97075	0.00000e+00
0.97102	0.00000e+00
0.97128	0.00000e+00
0.97154	0.00000e+00
0.97179	0.00000e+00
0.97204	0.00000e+00
0.97228	0.00000e+00
0.97251	0.00000e+00
0.97274	0.00000e+00
0.97295	0.00000e+00
0.97316	0.00000e+00
0.97337	0.00000e+00
0.97605	0.00000e+00
0.97805	0.00000e+00
0.97947	0.00000e+00
0.98042	0.00000e+00
0.98106	0.00000e+00
0.98148	0.00000e+00
0.98175	0.00000e+00
0.98193	0.00000e+00
0.98205	0.00000e+00
0.98213	0.00000e+00
0.98217	0.00000e+00
0.98220	0.00000e+00
0.98221	0.00000e+00
0.98220	0.00000e+00
0.98219	0.00000e+00
0.98217	0.00000e+00
0.98214	0.00000e+00
0.98210	0.00000e+00
0.98205	0.00000e+00
0.98200	0.00000e+00
0.98194	0.00000e+00
0.98187	0.00000e+00
0.98180	0.00000e+00
0.98172	0.00000e+00
0.98163	0.00000e+00
0.98154	0.00000e+00
0.98143	0.00000e+00
0.98133	0.00000e+00
0.98121	0.00000e+00
0.98109	0.00000e+00
0.98096	0.00000e+00
0.98082	0.00000e+00
0.98068	0.00000e+00
0.98053	0.00000e+00
0.98037	0.00000e+00
0.98021	0.00000e+00
0.98004	0.00000e+00
0.97987	0.00000e+00
0.97969	0.00000e+00
0.97950	0.00000e+00
0.97930	0.00000e+00
0.97911	0.00000e+00
0.97890	0.00000e+00
0.97869	0.00000e+00
0.97847	0.00000e+00
0.97825	0.00000e+00
0.97802	0.00000e+00
0.97779	0.00000e+00
0.97756	0.00000e+00
0.97732	0.00000e+00
0.97707	0.00000e+00
0.97682	0.00000e+00
0.97657	0.00000e+00
0.97631	0.00000e+00
0.97605	0.00000e+00
0.97578	0.00000e+00
0.97552	0.00000e+00
0.97525	0.00000e+00
0.97497	0.00000e+00
0.97470	0.00000e+00
0.97442	0.00000e+00
0.97414	0.00000e+00
0.97386	0.00000e+00
0.97357	0.00000e+00
0.97329	0.00000e+00
0.97300	0.00000e+00
0.97271	0.00000e+00
0.97242	0.00000e+00
0.97214	0.00000e+00
0.97185	0.00000e+00
0.97156	0.00000e+00
0.97127	0.00000e+00
0.97098	0.00000e+00
0.97069	0.00000e+00
0.97040	0.00000e+00
0.97012	0.00000e+00
0.96983	0.00000e+00
0.96955	0.00000e+00
0.96927	0.00000e+00
0.96899	0.00000e+00
0.96871	0.00000e+00
0.96844	0.00000e+00
0.96817	0.00000e+00
0.96790	0.00000e+00
0.96763	0.00000e+00
0.96737	0.00000e+00
0.96711	0.00000e+00
0.96686	0.00000e+00
0.96661	0.00000e+00
0.96636	0.00000e+00
0.96612	0.00000e+00
0.96588	0.00000e+00
0.96565	0.00000e+00
0.96542	0.00000e+00
0.96520	0.00000e+00
0.96498	0.00000e+00
0.96477	0.00000e+00
0.96456	0.00000e+00
0.96436	0.00000e+00
0.96417	0.00000e+00
0.96398	0.00000e+00
0.96380	0.00000e+00
0.96363	0.00000e+00
0.96346	0.00000e+00
0.96330	0.00000e+00
0.96315	0.00000e+00
0.96300	0.00000e+00
0.96286	0.00000e+00
0.96273	0.00000e+00
0.96261	0.00000e+00
0.96249	0.00000e+00
0.96238	0.00000e+00
0.96228	0.00000e+00
0.96219	0.00000e+00
0.96210	0.00000e+00
0.96203	0.00000e+00
0.96196	0.00000e+00
0.96218	0.00000e+00
0.96232	0.00000e+00
0.96240	0.00000e+00
0.96246	0.00000e+00
0.96250	0.00000e+00
0.96253	0.00000e+00
0.96256	0.00000e+00
0.96259	0.00000e+00
0.96262	0.00000e+00
0.96265	0.00000e+00
0.96269	0.00000e+00
0.96273	0.00000e+00
0.96283	0.00000e+00
0.96300	0.00000e+00
0.96328	0.00000e+00
0.96373	0.00000e+00
0.96442	0.00000e+00
0.96540	0.00000e+00
0.96673	0.00000e+00
0.96840	0.00000e+00
0.97034	0.00000e+00
0.97241	0.00000e+00
0.97443	0.00000e+00
0.97627	0.00000e+00
0.97785	0.00000e+00
0.97914	0.00000e+00
0.98015	0.00000e+00
0.98093	0.00000e+00
0.98152	0.00000e+00
0.98195	0.00000e+00
0.98227	0.00000e+00
0.98249	0.00000e+00
0.98265	0.00000e+00
0.98276	0.00000e+00
0.98283	0.00000e+00
0.98288	0.00000e+00
0.98291	0.00000e+00
0.98293	0.00000e+00
0.98294	0.00000e+00
0.98294	0.00000e+00
0.98293	0.00000e+00
0.98293	0.00000e+00
0.98395	0.00000e+00
0.98473	0.00000e+00
0.98534	0.00000e+00
0.98582	0.00000e+00
0.98621	0.00000e+00
0.98654	0.00000e+00
0.98681	0.00000e+00
0.98704	0.00000e+00
0.98724	0.00000e+00
0.98741	0.00000e+00
0.98757	0.00000e+00
0.98770	0.00000e+00
0.98782	0.00000e+00
0.98793	0.00000e+00
0.98802	0.00000e+00
0.98811	0.00000e+00
0.98819	0.00000e+00
0.98826	0.00000e+00
0.98832	0.00000e+00
0.98838	0.00000e+00
0.98843	0.00000e+00
0.98848	0.00000e+00
0.98853	0.00000e+00
0.98857	0.00000e+00
0.98860	0.00000e+00
0.98864	0.00000e+00
0.98867	0.00000e+00
0.98870	0.00000e+00
0.98872	0.00000e+00
0.98875	0.00000e+00
0.98877	0.00000e+00
0.98879	0.00000e+00
0.98881	0.00000e+00
0.98882	0.00000e+00
0.98884	0.00000e+00
0.98885	0.00000e+00
0.98887	0.00000e+00
0.98888	0.00000e+00
0.98889	0.00000e+00
0.98890	0.00000e+00
0.98891	0.00000e+00
0.98892	0.00000e+00
0.98893	0.00000e+00
0.98894	0.00000e+00
0.98894	0.00000e+00
0.98895	0.00000e+00
0.98896	0.00000e+00
0.98896	0.00000e+00
0.98897	0.00000e+00
0.98897	0.00000e+00
0.98898	0.00000e+00
0.98898	0.00000e+00
