0.98468	2.33856e-03
0.98443	2.48652e-03
0.98419	2.63261e-03
0.98396	2.77575e-03
0.98373	2.91536e-03
0.98352	3.05117e-03
0.98331	3.18316e-03
0.98311	3.31145e-03
0.98292	3.43627e-03
0.98273	3.55790e-03
0.98255	3.67667e-03
0.98238	3.79295e-03
0.98221	3.90709e-03
0.98204	4.01947e-03
0.98188	4.13043e-03
0.98172	4.24032e-03
0.98157	4.34948e-03
0.98139	4.43546e-03
0.98122	4.52319e-03
0.98104	4.61273e-03
0.98088	4.70412e-03
0.98071	4.79739e-03
0.98049	4.81671e-03
0.98026	4.83937e-03
0.98004	4.86578e-03
0.97982	4.89605e-03
0.97960	4.93018e-03
0.97939	4.96811e-03
0.97917	5.00971e-03
0.97896	5.05485e-03
0.97874	5.10053e-03
0.97852	5.14385e-03
0.97830	5.18732e-03
0.97808	5.23179e-03
0.97786	5.27777e-03
0.97763	5.32559e-03
0.97741	5.37545e-03
0.97718	5.42748e-03
0.97690	5.48019e-03
0.97663	5.53528e-03
0.97636	5.59243e-03
0.97609	5.65131e-03
0.97582	5.71164e-03
0.97556	5.77314e-03
0.97529	5.83557e-03
0.97503	5.89874e-03
0.97477	5.96244e-03
0.97451	6.02654e-03
0.97426	6.09088e-03
0.97400	6.15534e-03
0.97375	6.21980e-03
0.97350	6.28416e-03
0.97325	6.34831e-03
0.97301	6.41216e-03
0.97276	6.47561e-03
0.97252	6.53856e-03
0.97228	6.60094e-03
0.97204	6.66264e-03
0.97181	6.72357e-03
0.97158	6.78364e-03
0.97135	6.84276e-03
0.97112	6.90084e-03
0.97090	6.95779e-03
0.97068	7.01351e-03
0.97046	7.06792e-03
0.97024	7.12092e-03
0.97007	7.24238e-03
0.96988	7.32242e-03
0.96969	7.38896e-03
0.96949	7.44648e-03
0.96930	7.49688e-03
0.96911	7.54143e-03
0.96892	7.58106e-03
0.96874	7.61647e-03
0.96856	7.64817e-03
0.96838	7.67656e-03
0.96821	7.70193e-03
0.96801	7.67406e-03
0.96782	7.64500e-03
0.96764	7.61475e-03
0.96746	7.58326e-03
0.96725	7.57756e-03
0.96704	7.56955e-03
0.96684	7.55889e-03
0.96664	7.54531e-03
0.96646	7.52858e-03
0.96628	7.50854e-03
0.96610	7.48504e-03
0.96594	7.45795e-03
0.96578	7.42720e-03
0.96563	7.39273e-03
0.96549	7.35450e-03
0.96535	7.31250e-03
0.96515	7.37105e-03
0.96599	6.37099e-03
0.96660	6.45857e-03
0.96660	6.53156e-03
0.96655	6.56467e-03
0.96649	6.58680e-03
0.96643	6.60098e-03
0.96747	7.49246e-03
0.96845	7.93353e-03
0.96904	8.80656e-03
0.96888	9.27700e-03
0.96863	9.63207e-03
0.96835	9.95368e-03
0.96807	1.02528e-02
0.96778	1.05337e-02
0.96749	1.07994e-02
0.96720	1.10524e-02
0.96690	1.12947e-02
0.96661	1.15280e-02
0.96633	1.17538e-02
0.96602	1.19769e-02
0.96571	1.21934e-02
0.96541	1.24043e-02
0.96512	1.26104e-02
0.96478	1.27875e-02
0.96445	1.29629e-02
0.96413	1.31374e-02
0.96381	1.33115e-02
0.96349	1.34856e-02
0.96314	1.36179e-02
0.96279	1.37509e-02
0.96245	1.38851e-02
0.96209	1.40179e-02
0.96174	1.41515e-02
0.96139	1.42860e-02
0.96105	1.44217e-02
0.96071	1.45587e-02
0.96038	1.46971e-02
0.96006	1.48369e-02
0.95975	1.49784e-02
0.95944	1.51214e-02
0.95914	1.52661e-02
0.95884	1.54124e-02
0.95855	1.55603e-02
0.95824	1.57035e-02
0.95794	1.58478e-02
0.95765	1.59933e-02
0.95736	1.61398e-02
0.95707	1.62874e-02
0.95676	1.63896e-02
0.95646	1.64929e-02
0.95616	1.65976e-02
0.95586	1.67040e-02
0.95557	1.68118e-02
0.95529	1.69212e-02
0.95501	1.70319e-02
0.95474	1.71438e-02
0.95447	1.72568e-02
0.95421	1.73707e-02
0.95395	1.74853e-02
0.95370	1.76003e-02
0.95340	1.77694e-02
0.95311	1.79366e-02
0.95282	1.81014e-02
0.95254	1.82634e-02
0.95226	1.84224e-02
0.95200	1.85781e-02
0.95170	1.86822e-02
0.95141	1.87849e-02
0.95113	1.88860e-02
0.95086	1.89853e-02
0.95060	1.90826e-02
0.95034	1.91777e-02
0.95009	1.92705e-02
0.94985	1.93606e-02
0.94962	1.94481e-02
0.94939	1.95326e-02
0.94917	1.96141e-02
0.94895	1.96924e-02
0.94875	1.97674e-02
0.94855	1.98390e-02
0.94835	1.99070e-02
0.94816	1.99715e-02
0.94798	2.00324e-02
0.94771	2.01365e-02
0.94745	2.02349e-02
0.94719	2.03277e-02
0.94694	2.04146e-02
0.94669	2.04956e-02
0.94645	2.05708e-02
0.94621	2.06401e-02
0.94597	2.07036e-02
0.94574	2.07612e-02
0.94551	2.08131e-02
0.94525	2.08190e-02
0.94499	2.08199e-02
0.94474	2.08161e-02
0.94449	2.08078e-02
0.94425	2.07952e-02
0.94401	2.07785e-02
0.94378	2.07577e-02
0.94355	2.07330e-02
0.94332	2.07045e-02
0.94310	2.06722e-02
0.94283	2.06747e-02
0.94257	2.06738e-02
0.94228	2.07093e-02
0.94192	2.07563e-02
0.94157	2.07993e-02
0.94123	2.08384e-02
0.94086	2.09196e-02
0.94051	2.09949e-02
0.94016	2.10644e-02
0.93981	2.11287e-02
0.93948	2.11879e-02
0.93915	2.12426e-02
0.93882	2.12933e-02
0.93851	2.13402e-02
0.93819	2.13840e-02
0.93789	2.14249e-02
0.93759	2.14633e-02
0.93729	2.14997e-02
0.93700	2.15344e-02
0.93671	2.15677e-02
0.93629	2.15288e-02
0.93628	2.16997e-02
0.93714	2.26573e-02
0.93725	2.31059e-02
0.93711	2.33242e-02
0.93694	2.35072e-02
0.93675	2.36758e-02
0.93657	2.38334e-02
0.93638	2.39814e-02
0.93614	2.41780e-02
0.93591	2.43677e-02
0.93567	2.45510e-02
0.93544	2.47283e-02
0.93520	2.49002e-02
0.93496	2.50674e-02
0.93472	2.52305e-02
0.93449	2.53900e-02
0.93425	2.55466e-02
0.93402	2.57007e-02
0.93394	2.58644e-02
0.93384	2.60350e-02
0.93367	2.61911e-02
0.93348	2.63519e-02
0.93329	2.65165e-02
0.93310	2.66841e-02
0.93286	2.68175e-02
0.93261	2.69532e-02
0.93236	2.70907e-02
0.93211	2.72298e-02
0.93186	2.73702e-02
0.93160	2.75119e-02
0.93134	2.76549e-02
0.93108	2.77995e-02
0.93082	2.79461e-02
0.93056	2.80949e-02
0.93030	2.82463e-02
0.93005	2.84006e-02
0.92980	2.85579e-02
0.92955	2.87181e-02
0.92937	2.89983e-02
0.92918	2.92497e-02
0.92897	2.94868e-02
0.92876	2.97118e-02
0.92851	2.98903e-02
0.92825	3.00590e-02
0.92798	3.02178e-02
0.92771	3.03662e-02
0.92743	3.05035e-02
0.92714	3.06294e-02
0.92685	3.07435e-02
0.92655	3.08458e-02
0.92624	3.09364e-02
0.92593	3.10157e-02
0.92561	3.10844e-02
0.92530	3.11430e-02
0.92497	3.11925e-02
0.92465	3.12337e-02
0.92433	3.12676e-02
0.92401	3.12950e-02
0.92368	3.13168e-02
0.92337	3.13340e-02
0.92297	3.14372e-02
0.92257	3.15393e-02
0.92224	3.17739e-02
0.92185	3.18799e-02
0.92145	3.19651e-02
0.92105	3.20430e-02
0.92065	3.21169e-02
0.92026	3.21881e-02
0.91987	3.22576e-02
0.91943	3.23336e-02
0.91900	3.24096e-02
0.91857	3.24858e-02
0.91815	3.25627e-02
0.91774	3.26403e-02
0.91733	3.27188e-02
0.91693	3.27984e-02
0.91654	3.28792e-02
0.91616	3.29613e-02
0.91579	3.30447e-02
0.91533	3.32380e-02
0.91488	3.34370e-02
0.91438	3.36888e-02
0.91388	3.39443e-02
0.91338	3.42030e-02
0.91290	3.44645e-02
0.91243	3.47284e-02
0.91197	3.49945e-02
0.91152	3.52628e-02
0.91109	3.55330e-02
0.91066	3.58051e-02
0.91024	3.60790e-02
0.90984	3.63545e-02
0.90944	3.66318e-02
0.90901	3.68920e-02
0.90858	3.71530e-02
0.90815	3.73980e-02
0.90773	3.76447e-02
0.90732	3.78932e-02
0.90692	3.81435e-02
0.90654	3.83955e-02
0.90616	3.86493e-02
0.90580	3.89046e-02
0.90541	3.91451e-02
0.90503	3.93863e-02
0.90467	3.96282e-02
0.90431	3.98706e-02
0.90396	4.01135e-02
0.90363	4.03567e-02
0.90323	4.06515e-02
0.90284	4.09484e-02
0.90246	4.12468e-02
0.90209	4.15464e-02
0.90172	4.18469e-02
0.90136	4.21479e-02
0.90101	4.24492e-02
0.90060	4.27765e-02
0.90020	4.31033e-02
0.89981	4.34292e-02
0.89942	4.37538e-02
0.89994	4.41560e-02
0.89981	4.45372e-02
0.89957	4.49017e-02
0.89932	4.52619e-02
0.89906	4.56180e-02
0.89878	4.59693e-02
0.89849	4.63151e-02
0.89820	4.66548e-02
0.89790	4.69882e-02
0.89759	4.73149e-02
0.89727	4.76347e-02
0.89695	4.79475e-02
0.89663	4.82532e-02
0.89629	4.85518e-02
0.89596	4.88434e-02
0.89562	4.91279e-02
0.89527	4.94055e-02
0.89493	4.96763e-02
0.89457	4.99404e-02
0.89422	5.01980e-02
0.89386	5.04491e-02
0.89350	5.06940e-02
0.89314	5.09329e-02
0.89274	5.11421e-02
0.89235	5.13462e-02
0.89195	5.15454e-02
0.89155	5.17400e-02
0.89115	5.19301e-02
0.89075	5.21159e-02
0.89035	5.22976e-02
0.88984	5.25372e-02
0.88933	5.27709e-02
0.88882	5.29986e-02
0.88830	5.32201e-02
0.88779	5.34353e-02
0.88727	5.36443e-02
0.88674	5.38203e-02
0.88620	5.39894e-02
0.88567	5.41519e-02
0.88513	5.43080e-02
0.88460	5.44580e-02
0.88406	5.46022e-02
0.88353	5.47410e-02
0.88299	5.48745e-02
0.88246	5.50032e-02
0.88193	5.51273e-02
0.88140	5.52472e-02
0.88087	5.53633e-02
0.88034	5.54759e-02
0.87981	5.55854e-02
0.87929	5.56922e-02
0.87877	5.57968e-02
0.87825	5.58994e-02
0.87773	5.60007e-02
0.87722	5.61009e-02
0.87671	5.62005e-02
0.87620	5.63000e-02
0.87570	5.63997e-02
0.87520	5.65001e-02
0.87471	5.66017e-02
0.87418	5.67690e-02
0.87365	5.69399e-02
0.87312	5.71138e-02
0.87261	5.72905e-02
0.87210	5.74698e-02
0.87159	5.76519e-02
0.87109	5.78369e-02
0.87060	5.80249e-02
0.87012	5.82162e-02
0.86965	5.84110e-02
0.86918	5.86094e-02
0.86872	5.88117e-02
0.86827	5.90179e-02
0.86783	5.92283e-02
0.86772	5.93657e-02
0.86759	5.95253e-02
0.86745	5.97025e-02
0.86726	5.99324e-02
0.86706	6.01767e-02
0.86687	6.04339e-02
0.86668	6.07029e-02
0.86649	6.09827e-02
0.86630	6.12725e-02
0.86599	6.14674e-02
0.86569	6.16708e-02
0.86540	6.18826e-02
0.86511	6.21029e-02
0.86483	6.23315e-02
0.86456	6.25681e-02
0.86429	6.28124e-02
0.86404	6.30643e-02
0.86380	6.33236e-02
0.86356	6.35898e-02
0.86334	6.38629e-02
0.86313	6.41425e-02
0.86293	6.44284e-02
0.86270	6.48041e-02
0.86247	6.51897e-02
0.86225	6.55841e-02
0.86204	6.59858e-02
0.86182	6.63727e-02
0.86160	6.67645e-02
0.86139	6.71600e-02
0.86119	6.75581e-02
0.86099	6.79573e-02
0.86080	6.83564e-02
0.86061	6.87541e-02
0.86042	6.91491e-02
0.86023	6.95401e-02
0.86004	6.99261e-02
0.85986	7.03062e-02
0.85967	7.06794e-02
0.85949	7.10452e-02
0.85930	7.14030e-02
0.85912	7.17525e-02
0.85893	7.20932e-02
0.85875	7.24251e-02
0.85939	7.18497e-02
0.85970	7.16148e-02
0.85992	7.14899e-02
0.86010	7.14009e-02
0.86024	7.13483e-02
0.86037	7.13269e-02
0.86045	7.13162e-02
0.86051	7.13268e-02
0.86055	7.13552e-02
0.86057	7.13982e-02
0.86058	7.14531e-02
0.86057	7.15174e-02
0.86055	7.15888e-02
0.86106	7.12524e-02
0.86146	7.10201e-02
0.86228	7.11974e-02
0.86276	7.11688e-02
0.86314	7.11173e-02
0.86348	7.10732e-02
0.86378	7.10400e-02
0.86405	7.10172e-02
0.86429	7.10041e-02
0.86450	7.09996e-02
0.86469	7.10026e-02
0.86484	7.10122e-02
0.86514	7.11566e-02
0.86536	7.12690e-02
0.86554	7.13675e-02
0.86568	7.14550e-02
0.86578	7.15326e-02
0.86585	7.16012e-02
0.86588	7.16615e-02
0.86588	7.17141e-02
0.86585	7.17596e-02
0.86580	7.17981e-02
0.86572	7.18300e-02
0.86561	7.18555e-02
0.86548	7.18747e-02
0.86533	7.18877e-02
0.86516	7.18947e-02
0.86497	7.18957e-02
0.86476	7.18909e-02
0.86453	7.18804e-02
0.86429	7.18644e-02
0.86404	7.18432e-02
0.86378	7.18171e-02
0.86350	7.17862e-02
0.86322	7.17510e-02
0.86294	7.17118e-02
0.86265	7.16689e-02
0.86236	7.16228e-02
0.86206	7.15738e-02
0.86177	7.15223e-02
0.86148	7.14688e-02
0.86119	7.14135e-02
0.86090	7.13567e-02
0.86062	7.12988e-02
0.86035	7.12399e-02
0.86008	7.11801e-02
0.85982	7.11192e-02
0.85949	7.12156e-02
0.85913	7.12934e-02
0.85878	7.13785e-02
0.85844	7.14694e-02
0.85810	7.15649e-02
0.85777	7.16637e-02
0.85741	7.17400e-02
0.85705	7.18172e-02
0.85671	7.18942e-02
0.85637	7.19701e-02
0.85603	7.20438e-02
0.85570	7.21147e-02
0.85539	7.21822e-02
0.85508	7.22457e-02
0.85477	7.23051e-02
0.85448	7.23601e-02
0.85420	7.24107e-02
0.85393	7.24570e-02
0.85368	7.24994e-02
0.85356	7.23717e-02
0.85427	7.12252e-02
0.85478	7.04404e-02
0.85517	6.98782e-02
0.85553	6.94150e-02
0.85588	6.90311e-02
0.85622	6.87194e-02
0.85655	6.84739e-02
0.85683	6.82600e-02
0.85711	6.81007e-02
0.85736	6.79896e-02
0.85760	6.79206e-02
0.85782	6.78875e-02
0.85802	6.78845e-02
0.85821	6.79061e-02
0.85838	6.79473e-02
0.85853	6.80035e-02
0.85867	6.80707e-02
0.85879	6.81454e-02
0.85890	6.82246e-02
0.85895	6.83060e-02
0.85900	6.83876e-02
0.85935	6.83442e-02
0.85962	6.83279e-02
0.85987	6.83205e-02
0.86010	6.83165e-02
0.86032	6.83134e-02
0.86064	6.83329e-02
0.86093	6.83467e-02
0.86120	6.83577e-02
0.86147	6.83655e-02
0.86173	6.83697e-02
0.86199	6.83698e-02
0.86226	6.83657e-02
0.86243	6.83288e-02
0.86260	6.82881e-02
0.86278	6.82442e-02
0.86296	6.81978e-02
0.86314	6.81494e-02
0.86334	6.80998e-02
0.86353	6.80496e-02
0.86370	6.79706e-02
0.86387	6.78921e-02
0.86405	6.78146e-02
0.86423	6.77385e-02
0.86440	6.76636e-02
0.86456	6.75825e-02
0.86471	6.75026e-02
0.86486	6.74235e-02
0.86500	6.73448e-02
0.86513	6.72660e-02
0.86597	6.72556e-02
0.86648	6.72386e-02
0.86691	6.72216e-02
0.86731	6.72056e-02
0.86767	6.71889e-02
0.86799	6.71695e-02
0.86829	6.71458e-02
0.86856	6.71168e-02
0.86880	6.70815e-02
0.86901	6.70394e-02
0.86920	6.69902e-02
0.86937	6.69337e-02
0.86952	6.68701e-02
0.86965	6.67994e-02
0.86976	6.67220e-02
0.86985	6.66381e-02
0.86992	6.65481e-02
0.86998	6.64525e-02
0.87002	6.63516e-02
0.87005	6.62460e-02
0.87007	6.61362e-02
0.87007	6.60224e-02
0.87006	6.59052e-02
0.87001	6.57958e-02
0.86994	6.56842e-02
0.86986	6.55708e-02
0.86978	6.54557e-02
0.86968	6.53393e-02
0.86957	6.52219e-02
0.86946	6.51037e-02
0.86926	6.51943e-02
0.86943	6.54260e-02
0.86943	6.56088e-02
0.86937	6.57836e-02
0.86929	6.59555e-02
0.86919	6.61249e-02
0.86904	6.62777e-02
0.86886	6.64243e-02
0.86867	6.65682e-02
0.86870	6.68414e-02
0.86869	6.71023e-02
0.86864	6.73558e-02
0.86857	6.76022e-02
0.86847	6.78414e-02
0.86835	6.80732e-02
0.86821	6.82976e-02
0.86804	6.85147e-02
0.86785	6.87245e-02
0.86765	6.89269e-02
0.86743	6.91222e-02
0.86719	6.93103e-02
0.86693	6.94913e-02
0.86666	6.96653e-02
0.86637	6.98326e-02
0.86607	6.99931e-02
0.86576	7.01472e-02
0.86544	7.02949e-02
0.86510	7.04364e-02
0.86475	7.05719e-02
0.86467	7.08879e-02
0.86445	7.11177e-02
0.86419	7.13226e-02
0.86390	7.15096e-02
0.86359	7.16808e-02
0.86326	7.18378e-02
0.86291	7.19823e-02
0.86255	7.21157e-02
0.86217	7.22392e-02
0.86178	7.23542e-02
0.86138	7.24618e-02
0.86098	7.25630e-02
0.86057	7.26589e-02
0.86015	7.27503e-02
0.85974	7.28382e-02
0.85932	7.29234e-02
0.85890	7.30067e-02
0.85838	7.31411e-02
0.85786	7.32751e-02
0.85734	7.34091e-02
0.85683	7.35436e-02
0.85632	7.36790e-02
0.85582	7.38160e-02
0.85533	7.39551e-02
0.85484	7.40968e-02
0.85436	7.42417e-02
0.85389	7.43901e-02
0.85343	7.45425e-02
0.85297	7.46991e-02
0.85253	7.48602e-02
0.85209	7.50260e-02
0.85203	7.54295e-02
0.85187	7.57808e-02
0.85169	7.61223e-02
0.85150	7.64606e-02
0.85130	7.67968e-02
0.85109	7.71313e-02
0.85087	7.74642e-02
0.85065	7.77956e-02
0.85042	7.81257e-02
0.85019	7.84543e-02
0.84994	7.87793e-02
0.84968	7.91027e-02
0.84941	7.94245e-02
0.84914	7.97447e-02
0.84887	8.00633e-02
0.84859	8.03803e-02
0.84831	8.06958e-02
0.84802	8.10099e-02
0.84773	8.13227e-02
0.84744	8.16343e-02
0.84714	8.19449e-02
0.84685	8.22545e-02
0.84654	8.25635e-02
0.84624	8.28720e-02
0.84593	8.31802e-02
0.84562	8.34881e-02
0.84531	8.37957e-02
0.84500	8.41031e-02
0.84469	8.44099e-02
0.84437	8.47157e-02
0.84406	8.50198e-02
0.84374	8.53211e-02
0.84343	8.56183e-02
0.84337	8.63464e-02
0.84305	8.68300e-02
0.84264	8.72405e-02
0.84222	8.76266e-02
0.84179	8.79935e-02
0.84136	8.83415e-02
0.84094	8.86703e-02
0.84041	8.92377e-02
0.83989	8.97959e-02
0.83936	9.03431e-02
0.83884	9.08787e-02
0.83832	9.14029e-02
0.83780	9.19162e-02
0.83728	9.24122e-02
0.83684	9.29594e-02
0.83639	9.34803e-02
0.83586	9.39338e-02
0.83531	9.43694e-02
0.83476	9.47894e-02
0.83420	9.51952e-02
0.83364	9.55883e-02
0.83307	9.59695e-02
0.83250	9.63399e-02
0.83192	9.67004e-02
0.83134	9.70515e-02
0.83076	9.73938e-02
0.83018	9.77280e-02
0.82960	9.80544e-02
0.82903	9.83736e-02
0.82845	9.86857e-02
0.82787	9.89913e-02
0.82729	9.92904e-02
0.82672	9.95833e-02
0.82613	9.98573e-02
0.82553	1.00125e-01
0.82495	1.00387e-01
0.82434	1.00628e-01
0.82373	1.00864e-01
0.82313	1.01095e-01
0.82254	1.01321e-01
0.82195	1.01541e-01
0.82136	1.01757e-01
0.82079	1.01967e-01
0.82021	1.02173e-01
0.81965	1.02373e-01
0.81909	1.02567e-01
0.81854	1.02756e-01
0.81799	1.02940e-01
0.81745	1.03117e-01
0.81692	1.03288e-01
0.81640	1.03454e-01
0.81588	1.03612e-01
0.81537	1.03765e-01
0.81522	1.03561e-01
0.81505	1.03387e-01
0.81486	1.03234e-01
0.81466	1.03095e-01
0.81446	1.02969e-01
0.81425	1.02851e-01
0.81404	1.02740e-01
0.81383	1.02633e-01
0.81362	1.02530e-01
0.81341	1.02429e-01
0.81321	1.02330e-01
0.81301	1.02230e-01
0.81281	1.02130e-01
0.81262	1.02030e-01
0.81244	1.01928e-01
0.81226	1.01825e-01
0.81209	1.01720e-01
0.81193	1.01613e-01
0.81177	1.01505e-01
0.81162	1.01396e-01
0.81148	1.01285e-01
0.81135	1.01173e-01
0.81122	1.01061e-01
0.81110	1.00948e-01
0.81096	1.00839e-01
0.81082	1.00731e-01
0.81070	1.00624e-01
0.81058	1.00518e-01
0.81042	1.00387e-01
0.81026	1.00256e-01
0.81012	1.00128e-01
0.81001	1.00023e-01
0.80990	9.99113e-02
0.80978	9.97963e-02
0.80966	9.96798e-02
0.80955	9.95635e-02
0.80943	9.94486e-02
0.80933	9.93363e-02
0.80922	9.92277e-02
0.80913	9.91239e-02
0.80903	9.90259e-02
0.80895	9.89344e-02
0.80887	9.88505e-02
0.80877	9.87437e-02
0.80866	9.86455e-02
0.80857	9.85566e-02
0.80849	9.84778e-02
0.80896	9.79616e-02
0.80938	9.75327e-02
0.80979	9.71653e-02
0.81018	9.68517e-02
0.81055	9.65883e-02
0.81092	9.63726e-02
0.81126	9.62018e-02
0.81147	9.64044e-02
0.81165	9.66515e-02
0.81182	9.69390e-02
0.81196	9.72628e-02
0.81208	9.76190e-02
0.81218	9.80042e-02
0.81239	9.84793e-02
0.81254	9.89499e-02
0.81266	9.94329e-02
0.81273	9.99129e-02
0.81278	1.00404e-01
0.81281	1.00904e-01
0.81282	1.01414e-01
0.81282	1.01932e-01
0.81280	1.02457e-01
0.81276	1.02989e-01
0.81272	1.03528e-01
0.81267	1.04072e-01
0.81261	1.04622e-01
0.81254	1.05176e-01
0.81300	1.05985e-01
0.81307	1.06617e-01
0.81303	1.07207e-01
0.81298	1.07791e-01
0.81286	1.08349e-01
0.81273	1.08908e-01
0.81258	1.09468e-01
0.81242	1.10030e-01
0.81225	1.10594e-01
0.81209	1.11159e-01
0.81192	1.11727e-01
0.81174	1.12295e-01
0.81157	1.12864e-01
0.81139	1.13433e-01
0.81120	1.14000e-01
0.81101	1.14565e-01
0.81073	1.15083e-01
0.81043	1.15594e-01
0.81011	1.16099e-01
0.80979	1.16595e-01
0.80945	1.17082e-01
0.80909	1.17559e-01
0.80872	1.18025e-01
0.80833	1.18480e-01
0.80793	1.18922e-01
0.80751	1.19351e-01
0.80703	1.19774e-01
0.80653	1.20184e-01
0.80602	1.20581e-01
0.80550	1.20967e-01
0.80497	1.21341e-01
0.80443	1.21703e-01
0.80388	1.22055e-01
0.80333	1.22397e-01
0.80277	1.22728e-01
0.80221	1.23050e-01
0.80165	1.23364e-01
0.80109	1.23669e-01
0.80053	1.23966e-01
0.79997	1.24255e-01
0.79942	1.24537e-01
0.79887	1.24812e-01
0.79833	1.25080e-01
0.79779	1.25342e-01
0.79726	1.25598e-01
0.79672	1.25848e-01
0.79618	1.26091e-01
0.79566	1.26329e-01
0.79514	1.26562e-01
0.79464	1.26789e-01
0.79411	1.27004e-01
0.79359	1.27214e-01
0.79309	1.27419e-01
0.79260	1.27621e-01
0.79212	1.27817e-01
0.79165	1.28010e-01
0.79120	1.28200e-01
0.79075	1.28385e-01
0.79023	1.28540e-01
0.78972	1.28692e-01
0.78922	1.28839e-01
0.78873	1.28983e-01
0.78826	1.29123e-01
0.78779	1.29260e-01
0.78734	1.29394e-01
0.78690	1.29526e-01
0.78647	1.29655e-01
0.78605	1.29781e-01
0.78565	1.29906e-01
0.78525	1.30022e-01
0.78486	1.30136e-01
0.78448	1.30249e-01
0.78412	1.30360e-01
0.78377	1.30469e-01
0.78342	1.30577e-01
0.78309	1.30684e-01
0.78277	1.30789e-01
0.78246	1.30893e-01
0.78216	1.30996e-01
0.78187	1.31098e-01
0.78152	1.31410e-01
0.78117	1.31734e-01
0.78082	1.32068e-01
0.78048	1.32412e-01
0.78009	1.32766e-01
0.77970	1.33130e-01
0.77932	1.33503e-01
0.77893	1.33884e-01
0.77854	1.34275e-01
0.77813	1.34665e-01
0.77773	1.35064e-01
0.77732	1.35470e-01
0.77691	1.35885e-01
0.77649	1.36307e-01
0.77608	1.36736e-01
0.77566	1.37173e-01
0.77516	1.37607e-01
0.77466	1.38047e-01
0.77415	1.38494e-01
0.77363	1.38947e-01
0.77307	1.39370e-01
0.77250	1.39799e-01
0.77193	1.40233e-01
0.77135	1.40674e-01
0.77076	1.41121e-01
0.77017	1.41575e-01
0.76957	1.42035e-01
0.76896	1.42502e-01
0.76834	1.42977e-01
0.76772	1.43458e-01
0.76709	1.43947e-01
0.76664	1.44550e-01
0.76614	1.45139e-01
0.76561	1.45725e-01
0.76506	1.46313e-01
0.76448	1.46904e-01
0.76386	1.47485e-01
0.76322	1.48071e-01
0.76256	1.48662e-01
0.76189	1.49257e-01
0.76121	1.49858e-01
0.76051	1.50463e-01
0.75981	1.51071e-01
0.75909	1.51681e-01
0.75837	1.52290e-01
0.75764	1.52895e-01
0.75688	1.53492e-01
0.75613	1.54077e-01
0.75537	1.54646e-01
0.75461	1.55196e-01
0.75386	1.55723e-01
0.75311	1.56222e-01
0.75238	1.56692e-01
0.75165	1.57131e-01
0.75094	1.57537e-01
0.75024	1.57912e-01
0.74955	1.58255e-01
0.74888	1.58569e-01
0.74823	1.58854e-01
0.74759	1.59113e-01
0.74697	1.59348e-01
0.74637	1.59561e-01
0.74578	1.59753e-01
0.74522	1.59927e-01
0.74468	1.60084e-01
0.74416	1.60227e-01
0.74366	1.60355e-01
0.74318	1.60472e-01
0.74272	1.60577e-01
0.74229	1.60672e-01
0.74187	1.60758e-01
0.74148	1.60836e-01
0.74112	1.60906e-01
0.74077	1.60970e-01
0.74045	1.61026e-01
0.74015	1.61077e-01
0.74016	1.61155e-01
0.74034	1.61257e-01
0.74046	1.61349e-01
0.74057	1.61435e-01
0.74067	1.61514e-01
0.74076	1.61587e-01
0.74085	1.61653e-01
0.74093	1.61711e-01
0.74102	1.61761e-01
0.74111	1.61801e-01
0.74120	1.61830e-01
0.74130	1.61846e-01
0.74140	1.61849e-01
0.74151	1.61828e-01
0.74235	1.62370e-01
0.74299	1.62735e-01
0.74334	1.62823e-01
0.74359	1.62792e-01
0.74384	1.62705e-01
0.74409	1.62580e-01
0.74435	1.62420e-01
0.74463	1.62228e-01
0.74492	1.62003e-01
0.74524	1.61748e-01
0.74553	1.61554e-01
0.74584	1.61331e-01
0.74616	1.61079e-01
0.74649	1.60799e-01
0.74727	1.60408e-01
0.74798	1.60010e-01
0.74868	1.59596e-01
0.74936	1.59164e-01
0.75003	1.58711e-01
0.75069	1.58238e-01
0.75134	1.57743e-01
0.75198	1.57226e-01
0.75260	1.56687e-01
0.75323	1.56126e-01
0.75384	1.55541e-01
0.75445	1.54932e-01
0.75531	1.54346e-01
0.75609	1.53722e-01
0.75684	1.53068e-01
0.75757	1.52386e-01
0.75906	1.52138e-01
0.76021	1.51647e-01
0.76122	1.51039e-01
0.76219	1.50371e-01
0.76312	1.49660e-01
0.76404	1.48911e-01
0.76495	1.48128e-01
0.76585	1.47312e-01
0.76675	1.46467e-01
0.76764	1.45597e-01
0.76852	1.44707e-01
0.76939	1.43804e-01
0.77027	1.42897e-01
0.77113	1.41993e-01
0.77199	1.41100e-01
0.77283	1.40227e-01
0.77366	1.39377e-01
0.77448	1.38556e-01
0.77528	1.37769e-01
0.77609	1.37016e-01
0.77688	1.36297e-01
0.77767	1.35612e-01
0.77846	1.34960e-01
0.77925	1.34340e-01
0.78003	1.33751e-01
0.78082	1.33193e-01
0.78159	1.32667e-01
0.78235	1.32171e-01
0.78311	1.31704e-01
0.78385	1.31264e-01
0.78458	1.30850e-01
0.78529	1.30462e-01
0.78597	1.30096e-01
0.78663	1.29752e-01
0.78726	1.29427e-01
0.78786	1.29120e-01
0.78842	1.28828e-01
0.78888	1.28516e-01
0.78931	1.28216e-01
0.78969	1.27927e-01
0.79003	1.27648e-01
0.79033	1.27381e-01
0.79059	1.27125e-01
0.79080	1.26880e-01
0.79098	1.26647e-01
0.79112	1.26426e-01
0.79123	1.26220e-01
0.79130	1.26028e-01
0.79134	1.25851e-01
0.79135	1.25690e-01
0.79130	1.25532e-01
0.79123	1.25391e-01
0.79112	1.25267e-01
0.79099	1.25160e-01
0.79083	1.25073e-01
0.79065	1.25005e-01
0.79043	1.24944e-01
0.79017	1.24898e-01
0.78989	1.24871e-01
0.78959	1.24865e-01
0.78927	1.24879e-01
0.78894	1.24914e-01
0.78859	1.24970e-01
0.78823	1.25047e-01
0.78785	1.25145e-01
0.78746	1.25265e-01
0.78706	1.25406e-01
0.78664	1.25569e-01
0.78622	1.25754e-01
0.78579	1.25961e-01
0.78534	1.26190e-01
0.78488	1.26443e-01
0.78442	1.26719e-01
0.78394	1.27018e-01
0.78345	1.27340e-01
0.78296	1.27686e-01
0.78245	1.28056e-01
0.78193	1.28448e-01
0.78140	1.28865e-01
0.78087	1.29304e-01
0.78116	1.27464e-01
0.78139	1.25752e-01
0.78158	1.24135e-01
0.78175	1.22599e-01
0.78186	1.21141e-01
0.78195	1.19757e-01
0.78201	1.18447e-01
0.78221	1.17393e-01
0.78235	1.16366e-01
0.78245	1.15394e-01
0.78252	1.14483e-01
0.78257	1.13632e-01
0.78259	1.12837e-01
0.78258	1.12098e-01
0.78256	1.11411e-01
0.78251	1.10774e-01
0.78241	1.10183e-01
0.78230	1.09632e-01
0.78217	1.09118e-01
0.78202	1.08635e-01
0.78187	1.08179e-01
0.78171	1.07744e-01
0.78155	1.07325e-01
0.78138	1.06918e-01
0.78122	1.06517e-01
0.78106	1.06117e-01
0.78090	1.05715e-01
0.78075	1.05305e-01
0.78060	1.04883e-01
0.78047	1.04447e-01
0.78035	1.03994e-01
0.78024	1.03523e-01
0.78015	1.03035e-01
0.78007	1.02532e-01
0.77999	1.02021e-01
0.77993	1.01507e-01
0.77981	1.01021e-01
0.77969	1.00553e-01
0.77957	1.00110e-01
0.77944	9.97011e-02
0.77930	9.93316e-02
0.77915	9.90048e-02
0.77900	9.87214e-02
0.77884	9.84803e-02
0.77867	9.82788e-02
0.77849	9.81047e-02
0.77828	9.79736e-02
0.77807	9.78696e-02
0.77785	9.77869e-02
0.77764	9.77196e-02
0.77744	9.76618e-02
0.77724	9.76074e-02
0.77705	9.75506e-02
0.77688	9.74863e-02
0.77672	9.74101e-02
0.77657	9.73187e-02
0.77644	9.72097e-02
0.77633	9.70820e-02
0.77623	9.69351e-02
0.77615	9.67694e-02
0.77609	9.65871e-02
0.77603	9.63886e-02
0.77599	9.61752e-02
0.77597	9.59484e-02
0.77596	9.57098e-02
0.77596	9.54608e-02
0.77597	9.52029e-02
0.77599	9.49375e-02
0.77602	9.46658e-02
0.77606	9.43891e-02
0.77609	9.40968e-02
0.77611	9.38096e-02
0.77614	9.35207e-02
0.77618	9.32312e-02
0.77622	9.29420e-02
0.77628	9.26541e-02
0.77632	9.23680e-02
0.77636	9.20833e-02
0.77639	9.17811e-02
0.77642	9.14808e-02
0.77646	9.11836e-02
0.77649	9.08903e-02
0.77652	9.06013e-02
0.77655	9.03175e-02
0.77658	9.00393e-02
0.77661	8.97672e-02
0.77663	8.95016e-02
0.77666	8.92430e-02
0.77668	8.89916e-02
0.77670	8.87479e-02
0.77667	8.84795e-02
0.77664	8.82179e-02
0.77661	8.79636e-02
0.77657	8.77168e-02
0.77653	8.74780e-02
0.77648	8.72475e-02
0.77642	8.70254e-02
0.77636	8.68121e-02
0.77630	8.66077e-02
0.77623	8.64125e-02
0.77669	8.50006e-02
0.77711	8.37013e-02
0.77751	8.24507e-02
0.77789	8.12438e-02
0.77823	8.00982e-02
0.77856	7.90053e-02
0.77886	7.79647e-02
0.77916	7.69749e-02
0.77943	7.60336e-02
0.77970	7.51380e-02
0.77995	7.42855e-02
0.78019	7.34733e-02
0.78042	7.26967e-02
0.78059	7.19857e-02
0.78074	7.13100e-02
0.78090	7.06676e-02
0.78100	7.00430e-02
0.78109	6.94487e-02
0.78117	6.88842e-02
0.78125	6.83495e-02
0.78132	6.78448e-02
0.78139	6.73702e-02
0.78144	6.69263e-02
0.78148	6.65132e-02
0.78151	6.61312e-02
0.78153	6.57801e-02
0.78148	6.54867e-02
0.78142	6.52244e-02
0.78134	6.49921e-02
0.78124	6.47886e-02
0.78113	6.46123e-02
0.78100	6.44615e-02
0.78086	6.43344e-02
0.78070	6.42293e-02
0.78052	6.41442e-02
0.78032	6.40772e-02
0.78012	6.40265e-02
0.77989	6.39903e-02
0.77966	6.39668e-02
0.77941	6.39546e-02
0.77914	6.39520e-02
0.77887	6.39576e-02
0.77858	6.39700e-02
0.77828	6.39882e-02
0.77797	6.40108e-02
0.77765	6.40369e-02
0.77732	6.40655e-02
0.77699	6.40956e-02
0.77664	6.41266e-02
0.77629	6.41574e-02
0.77592	6.41875e-02
0.77556	6.42162e-02
0.77518	6.42428e-02
0.77480	6.42666e-02
0.77442	6.42871e-02
0.77403	6.43038e-02
0.77364	6.43160e-02
0.77324	6.43231e-02
0.77285	6.43247e-02
0.77245	6.43201e-02
0.77206	6.43088e-02
0.77167	6.42900e-02
0.77128	6.42632e-02
0.77090	6.42277e-02
0.77052	6.41826e-02
0.77015	6.41272e-02
0.76978	6.40695e-02
0.76941	6.39995e-02
0.76906	6.39165e-02
0.76873	6.38196e-02
0.76841	6.37082e-02
0.76808	6.36255e-02
0.76776	6.35293e-02
0.76747	6.34185e-02
0.76719	6.32928e-02
0.76693	6.31524e-02
0.76664	6.29435e-02
0.76634	6.27155e-02
0.76602	6.23832e-02
0.76571	6.20354e-02
0.76541	6.16751e-02
0.76512	6.13048e-02
0.76483	6.09275e-02
0.76456	6.05457e-02
0.76429	6.01621e-02
0.76402	5.97787e-02
0.76376	5.93978e-02
0.76349	5.90209e-02
0.76323	5.86496e-02
0.76295	5.82851e-02
0.76266	5.79315e-02
0.76235	5.75860e-02
0.76204	5.72492e-02
0.76173	5.69214e-02
0.76140	5.66028e-02
0.76107	5.62936e-02
0.76072	5.59937e-02
0.76037	5.57032e-02
0.76001	5.54221e-02
0.75964	5.51503e-02
0.75914	5.49683e-02
0.75862	5.47984e-02
0.75810	5.46401e-02
0.75756	5.44933e-02
0.75702	5.43580e-02
0.75647	5.42340e-02
0.75591	5.41213e-02
0.75534	5.40199e-02
0.75477	5.39300e-02
0.75419	5.38516e-02
0.75361	5.37849e-02
0.75302	5.37301e-02
0.75242	5.36831e-02
0.75181	5.36478e-02
0.75120	5.36243e-02
0.75059	5.36130e-02
0.74997	5.36269e-02
0.74935	5.36530e-02
0.74873	5.36915e-02
0.74811	5.37425e-02
0.74750	5.38061e-02
0.74689	5.38825e-02
0.74629	5.39718e-02
0.74585	5.41452e-02
0.74540	5.43329e-02
0.74496	5.45361e-02
0.74484	5.43776e-02
0.74469	5.43029e-02
0.74453	5.42866e-02
0.74437	5.43241e-02
0.74419	5.44130e-02
0.74402	5.45505e-02
0.74385	5.47340e-02
0.74368	5.49607e-02
0.74352	5.52281e-02
0.74337	5.55338e-02
0.74322	5.58757e-02
0.74309	5.62516e-02
0.74298	5.66597e-02
0.74288	5.70980e-02
0.74279	5.75651e-02
0.74273	5.80592e-02
0.74269	5.85791e-02
0.74266	5.91235e-02
0.74265	5.96914e-02
0.74273	6.04029e-02
0.74282	6.11369e-02
0.74293	6.18951e-02
0.74307	6.26789e-02
0.74322	6.34893e-02
0.74339	6.43270e-02
0.74358	6.51923e-02
0.74378	6.60848e-02
0.74400	6.70041e-02
0.74423	6.79489e-02
0.74447	6.89177e-02
0.74508	6.99898e-02
0.74558	7.10629e-02
0.74602	7.21360e-02
0.74643	7.32152e-02
0.74684	7.43016e-02
0.74725	7.53931e-02
0.74764	7.64792e-02
0.74803	7.75614e-02
0.74842	7.86346e-02
0.74882	7.96931e-02
0.74922	8.07311e-02
0.74964	8.17424e-02
0.75005	8.27211e-02
0.75047	8.36617e-02
0.75088	8.45592e-02
0.75127	8.54270e-02
0.75164	8.62456e-02
0.75200	8.70122e-02
0.75234	8.77251e-02
0.75266	8.83833e-02
0.75295	8.89856e-02
0.75323	8.95415e-02
0.75348	9.00463e-02
0.75371	9.05015e-02
0.75392	9.09091e-02
0.75412	9.12713e-02
0.75430	9.15906e-02
0.75447	9.18695e-02
0.75464	9.21106e-02
0.75479	9.23164e-02
0.75493	9.24893e-02
0.75507	9.26317e-02
0.75520	9.27457e-02
0.75532	9.28332e-02
0.75544	9.28962e-02
0.75555	9.29362e-02
0.75566	9.29547e-02
0.75576	9.29530e-02
0.75586	9.29324e-02
0.75595	9.28937e-02
0.75603	9.28381e-02
0.75610	9.27663e-02
0.75617	9.26791e-02
0.75623	9.25773e-02
0.75627	9.24856e-02
0.75630	9.23850e-02
0.75632	9.22757e-02
0.75632	9.21578e-02
0.75632	9.20316e-02
0.75631	9.18974e-02
0.75628	9.17554e-02
0.75624	9.16060e-02
0.75620	9.14495e-02
0.75614	9.12862e-02
0.75607	9.11164e-02
0.75599	9.09404e-02
0.75590	9.07588e-02
0.75580	9.05718e-02
0.75569	9.03798e-02
0.75557	9.01833e-02
0.75569	9.00564e-02
0.75577	8.99180e-02
0.75582	8.97688e-02
0.75584	8.96090e-02
0.75583	8.94393e-02
0.75577	8.92728e-02
0.75570	8.90989e-02
0.75558	8.89106e-02
0.75545	8.87161e-02
0.75529	8.85162e-02
0.75544	8.81417e-02
0.75551	8.77970e-02
0.75552	8.74676e-02
0.75550	8.71509e-02
0.75544	8.68467e-02
0.75534	8.65547e-02
0.75520	8.62753e-02
0.75503	8.60083e-02
0.75482	8.57538e-02
0.75459	8.55119e-02
0.75432	8.52823e-02
0.75402	8.50652e-02
0.75369	8.48602e-02
0.75334	8.46672e-02
0.75297	8.44861e-02
0.75257	8.43168e-02
0.75215	8.41589e-02
0.75172	8.40125e-02
0.75126	8.38671e-02
0.75077	8.37133e-02
0.75026	8.35690e-02
0.74975	8.34341e-02
0.74923	8.33088e-02
0.74870	8.31932e-02
0.74816	8.30871e-02
0.74762	8.29908e-02
0.74708	8.29042e-02
0.74654	8.28275e-02
0.74601	8.27608e-02
0.74547	8.27041e-02
0.74495	8.26578e-02
0.74443	8.26220e-02
0.74391	8.25970e-02
0.74342	8.25829e-02
0.74293	8.25801e-02
0.74246	8.25885e-02
0.74200	8.26084e-02
0.74156	8.26398e-02
0.74114	8.26824e-02
0.74073	8.27360e-02
0.74035	8.27999e-02
0.73999	8.28735e-02
0.73965	8.29558e-02
0.73934	8.30455e-02
0.73904	8.31412e-02
0.73877	8.32414e-02
0.73851	8.33443e-02
0.73828	8.34480e-02
0.73808	8.35507e-02
0.73789	8.36506e-02
0.73805	8.36742e-02
0.73816	8.37183e-02
0.73829	8.37630e-02
0.73842	8.38048e-02
0.73856	8.38245e-02
0.73873	8.38375e-02
0.73891	8.38425e-02
0.73911	8.38383e-02
0.73934	8.38240e-02
0.73960	8.37988e-02
0.73988	8.37621e-02
0.74019	8.37134e-02
0.74053	8.36529e-02
0.74090	8.35808e-02
0.74130	8.34975e-02
0.74172	8.33815e-02
0.74216	8.32528e-02
0.74263	8.31135e-02
0.74313	8.29660e-02
0.74366	8.28131e-02
0.74420	8.26577e-02
0.74477	8.25033e-02
0.74535	8.23535e-02
0.74595	8.22120e-02
0.74721	8.13890e-02
0.74833	8.07787e-02
0.74939	8.02675e-02
0.75042	7.98299e-02
0.75142	7.94571e-02
0.75239	7.91429e-02
0.75333	7.88816e-02
0.75425	7.86677e-02
0.75513	7.84964e-02
0.75598	7.83634e-02
0.75681	7.82647e-02
0.75761	7.81966e-02
0.75837	7.81559e-02
0.75911	7.81395e-02
0.75982	7.81447e-02
0.76050	7.81688e-02
0.76114	7.82074e-02
0.76175	7.82599e-02
0.76233	7.83242e-02
0.76288	7.83983e-02
0.76341	7.84805e-02
0.76421	7.79808e-02
0.76496	7.75149e-02
0.76568	7.70778e-02
0.76637	7.66674e-02
0.76703	7.62812e-02
0.76761	7.58806e-02
0.76841	7.53969e-02
0.76917	7.49424e-02
0.76991	7.45149e-02
0.77062	7.41138e-02
0.77130	7.37388e-02
0.77195	7.33891e-02
0.77258	7.30642e-02
0.77318	7.27632e-02
0.77374	7.24849e-02
0.77428	7.22279e-02
0.77478	7.19905e-02
0.77525	7.17707e-02
0.77569	7.15663e-02
0.77609	7.13746e-02
0.77646	7.11928e-02
0.77679	7.10177e-02
0.77708	7.08459e-02
0.77733	7.06626e-02
0.77755	7.04733e-02
0.77773	7.02733e-02
0.77789	7.00582e-02
0.77802	6.98228e-02
0.77813	6.95622e-02
0.77822	6.92719e-02
0.77830	6.89484e-02
0.77836	6.85894e-02
0.77841	6.81951e-02
0.77846	6.77679e-02
0.77849	6.73127e-02
0.77851	6.68362e-02
0.77851	6.63460e-02
0.77850	6.58497e-02
0.77847	6.53542e-02
0.77842	6.48651e-02
0.77836	6.43867e-02
0.77827	6.39220e-02
0.77816	6.34731e-02
0.77801	6.30253e-02
0.77801	6.26354e-02
0.77798	6.22644e-02
0.77792	6.19133e-02
0.77784	6.15826e-02
0.77774	6.12729e-02
0.77762	6.09845e-02
0.77748	6.07178e-02
0.77732	6.04731e-02
0.77716	6.02508e-02
0.77697	6.00509e-02
0.77678	5.98736e-02
0.77651	5.96482e-02
0.77618	5.95489e-02
0.77583	5.94733e-02
0.77549	5.94207e-02
0.77513	5.93901e-02
0.77477	5.93802e-02
0.77441	5.93894e-02
0.77404	5.94159e-02
0.77367	5.94575e-02
0.77329	5.95119e-02
0.77291	5.95768e-02
0.77253	5.96496e-02
0.77214	5.97280e-02
0.77174	5.98095e-02
0.77135	5.98920e-02
0.77095	5.99735e-02
0.77055	6.00522e-02
0.77015	6.01263e-02
0.76975	6.01944e-02
0.76935	6.02553e-02
0.76895	6.03079e-02
0.76855	6.03511e-02
0.76816	6.03843e-02
0.76777	6.04067e-02
0.76729	6.04630e-02
0.76682	6.05073e-02
0.76635	6.05389e-02
0.76589	6.05573e-02
0.76543	6.05622e-02
0.76499	6.05535e-02
0.76455	6.05309e-02
0.76413	6.04945e-02
0.76372	6.04443e-02
0.76333	6.03803e-02
0.76294	6.03015e-02
0.76257	6.02092e-02
0.76221	6.01036e-02
0.76186	5.99852e-02
0.76154	5.98542e-02
0.76122	5.97110e-02
0.76139	5.94090e-02
0.76155	5.91339e-02
0.76171	5.88814e-02
0.76186	5.86485e-02
0.76200	5.84324e-02
0.76213	5.82360e-02
0.76226	5.80505e-02
0.76237	5.78729e-02
0.76248	5.77004e-02
0.76259	5.75301e-02
0.76263	5.73826e-02
0.76266	5.72317e-02
0.76270	5.70756e-02
0.76272	5.69127e-02
0.76275	5.67420e-02
0.76278	5.65627e-02
0.76281	5.63743e-02
0.76285	5.61765e-02
0.76289	5.59696e-02
0.76293	5.57537e-02
0.76299	5.55293e-02
0.76306	5.52972e-02
0.76313	5.50583e-02
0.76322	5.48134e-02
0.76331	5.45639e-02
0.76342	5.43108e-02
0.76354	5.40555e-02
0.76366	5.37993e-02
0.76378	5.35295e-02
0.76389	5.32595e-02
0.76402	5.29907e-02
0.76414	5.27242e-02
0.76426	5.24608e-02
0.76438	5.22013e-02
0.76450	5.19465e-02
0.76461	5.16970e-02
0.76473	5.14534e-02
0.76484	5.12163e-02
0.76494	5.09863e-02
0.76505	5.07639e-02
0.76531	5.06416e-02
0.76556	5.05206e-02
0.76579	5.04025e-02
0.76600	5.02880e-02
0.76621	5.01778e-02
0.76641	5.00723e-02
0.76660	4.99718e-02
0.76679	4.98767e-02
0.76697	4.97872e-02
0.76724	4.98021e-02
0.76749	4.98099e-02
0.76773	4.98144e-02
0.76797	4.98168e-02
0.76820	4.98175e-02
0.76842	4.98169e-02
0.76865	4.98151e-02
0.76887	4.98121e-02
0.76909	4.98076e-02
0.76931	4.98016e-02
0.76954	4.97936e-02
0.76976	4.97930e-02
0.76996	4.98140e-02
0.77017	4.98335e-02
0.77037	4.98507e-02
0.77059	4.98649e-02
0.77081	4.98756e-02
0.77103	4.98823e-02
0.77127	4.98849e-02
0.77151	4.98833e-02
0.77175	4.98777e-02
0.77200	4.98648e-02
0.77225	4.98485e-02
0.77251	4.98295e-02
0.77277	4.98085e-02
0.77304	4.97864e-02
0.77330	4.97643e-02
0.77357	4.97433e-02
0.77384	4.97244e-02
0.77411	4.97090e-02
0.77430	4.98130e-02
0.77449	4.99285e-02
0.77466	5.00511e-02
0.77483	5.01813e-02
0.77500	5.03196e-02
0.77515	5.04663e-02
0.77530	5.06219e-02
0.77544	5.07865e-02
0.77556	5.09605e-02
0.77568	5.11439e-02
0.77578	5.13368e-02
0.77588	5.15390e-02
0.77596	5.17506e-02
0.77603	5.19713e-02
0.77609	5.22009e-02
0.77614	5.24392e-02
0.77618	5.26859e-02
0.77622	5.29407e-02
0.77624	5.32032e-02
0.77626	5.34730e-02
0.77628	5.37499e-02
0.77628	5.40333e-02
0.77629	5.43229e-02
0.77629	5.46180e-02
0.77629	5.49182e-02
0.77629	5.52230e-02
0.77629	5.55316e-02
0.77628	5.58435e-02
0.77627	5.61580e-02
0.77627	5.64743e-02
0.77626	5.67920e-02
0.77621	5.71112e-02
0.77616	5.74318e-02
0.77610	5.77530e-02
0.77605	5.80743e-02
0.77599	5.83952e-02
0.77593	5.87152e-02
0.77587	5.90337e-02
0.77582	5.93504e-02
0.77576	5.96649e-02
0.77569	5.99767e-02
0.77563	6.02854e-02
0.77557	6.05907e-02
0.77550	6.08923e-02
0.77544	6.11896e-02
0.77537	6.14824e-02
0.77530	6.17703e-02
0.77523	6.20530e-02
0.77516	6.23302e-02
0.77509	6.26002e-02
0.77502	6.28644e-02
0.77494	6.31227e-02
0.77487	6.33754e-02
0.77479	6.36224e-02
0.77472	6.38642e-02
0.77464	6.41011e-02
0.77457	6.43338e-02
0.77449	6.45628e-02
0.77441	6.47889e-02
0.77431	6.50344e-02
0.77421	6.52798e-02
0.77409	6.55197e-02
0.77397	6.57602e-02
0.77385	6.60017e-02
0.77371	6.62449e-02
0.77357	6.64901e-02
0.77342	6.67374e-02
0.77326	6.69869e-02
0.77310	6.72387e-02
0.77292	6.74924e-02
0.77278	6.78137e-02
0.77263	6.81258e-02
0.77246	6.84304e-02
0.77227	6.87284e-02
0.77207	6.90205e-02
0.77186	6.93072e-02
0.77163	6.95889e-02
0.77140	6.98658e-02
0.77115	7.01382e-02
0.77089	7.04061e-02
0.77062	7.06698e-02
0.77034	7.09248e-02
0.77036	7.04700e-02
0.77036	7.00590e-02
0.77033	6.96804e-02
0.77028	6.93287e-02
0.77022	6.90004e-02
0.77013	6.86937e-02
0.77003	6.84072e-02
0.76992	6.81404e-02
0.76979	6.78928e-02
0.76965	6.76620e-02
0.76949	6.74502e-02
0.76932	6.72573e-02
0.76914	6.70830e-02
0.76895	6.69272e-02
0.76876	6.67891e-02
0.76855	6.66680e-02
0.76834	6.65630e-02
0.76812	6.64727e-02
0.76818	6.65199e-02
0.76819	6.65863e-02
0.76818	6.66728e-02
0.76814	6.67784e-02
0.76809	6.69010e-02
0.76803	6.70388e-02
0.76796	6.71899e-02
0.76788	6.73532e-02
0.76779	6.75279e-02
0.76769	6.77138e-02
0.76759	6.79108e-02
0.76748	6.81196e-02
0.76736	6.83407e-02
0.76724	6.85746e-02
0.76710	6.88217e-02
0.76696	6.90822e-02
0.76682	6.93559e-02
0.76667	6.96420e-02
0.76651	6.99396e-02
0.76635	7.02474e-02
0.76618	7.05637e-02
0.76601	7.08867e-02
0.76584	7.12146e-02
0.76567	7.15454e-02
0.76550	7.18772e-02
0.76533	7.22084e-02
0.76516	7.25373e-02
0.76499	7.28625e-02
0.76482	7.31826e-02
0.76466	7.34967e-02
0.76450	7.38037e-02
0.76434	7.41033e-02
0.76419	7.43941e-02
0.76404	7.46751e-02
0.76389	7.49454e-02
0.76376	7.52044e-02
0.76362	7.54509e-02
0.76349	7.56842e-02
0.76380	7.64666e-02
0.76390	7.69602e-02
0.76388	7.72755e-02
0.76383	7.75066e-02
0.76407	7.75584e-02
0.76426	7.76098e-02
0.76442	7.76516e-02
0.76456	7.76796e-02
0.76469	7.76915e-02
0.76481	7.76859e-02
0.76492	7.76618e-02
0.76501	7.76223e-02
0.76510	7.75642e-02
0.76518	7.74876e-02
0.76526	7.73929e-02
0.76534	7.72804e-02
0.76541	7.71509e-02
0.76548	7.70049e-02
0.76556	7.68433e-02
0.76563	7.66668e-02
0.76570	7.64761e-02
0.76576	7.62955e-02
0.76581	7.61067e-02
0.76604	7.60020e-02
0.76624	7.58765e-02
0.76643	7.57349e-02
0.76660	7.55792e-02
0.76676	7.54098e-02
0.76692	7.52272e-02
0.76707	7.50316e-02
0.76721	7.48233e-02
0.76734	7.46025e-02
0.76747	7.43694e-02
0.76760	7.41242e-02
0.76772	7.38671e-02
0.76784	7.35983e-02
0.76797	7.33180e-02
0.76809	7.30264e-02
0.76821	7.27239e-02
0.76834	7.24109e-02
0.76847	7.20879e-02
0.76862	7.17558e-02
0.76874	7.13981e-02
0.76887	7.10398e-02
0.76898	7.07032e-02
0.76910	7.03655e-02
0.76923	7.00287e-02
0.76938	6.96948e-02
0.76955	6.93655e-02
0.76973	6.90423e-02
0.76994	6.87262e-02
0.77015	6.84175e-02
0.77038	6.81162e-02
0.77060	6.78131e-02
0.77083	6.75151e-02
0.77105	6.72219e-02
0.77128	6.69328e-02
0.77150	6.66476e-02
0.77171	6.63664e-02
0.77192	6.60897e-02
0.77211	6.58187e-02
0.77229	6.55556e-02
0.77245	6.53079e-02
0.77259	6.50739e-02
0.77272	6.48562e-02
0.77284	6.46576e-02
0.77294	6.44806e-02
0.77301	6.43110e-02
0.77307	6.41664e-02
0.77312	6.40493e-02
0.77316	6.39615e-02
0.77318	6.39048e-02
0.77319	6.38808e-02
0.77319	6.38907e-02
0.77318	6.39357e-02
0.77315	6.40166e-02
0.77312	6.41340e-02
0.77308	6.42884e-02
0.77302	6.44800e-02
0.77296	6.47087e-02
0.77289	6.49742e-02
0.77281	6.52759e-02
0.77272	6.56132e-02
0.77262	6.59849e-02
0.77252	6.63899e-02
0.77241	6.68266e-02
0.77229	6.72934e-02
0.77216	6.77885e-02
0.77202	6.83100e-02
0.77188	6.88559e-02
0.77173	6.94240e-02
0.77158	7.00123e-02
0.77142	7.06184e-02
0.77126	7.12403e-02
0.77109	7.18758e-02
0.77092	7.25227e-02
0.77074	7.31606e-02
0.77055	7.38046e-02
0.77036	7.44529e-02
0.77016	7.51038e-02
0.76997	7.57553e-02
0.76978	7.64054e-02
0.76959	7.70524e-02
0.76938	7.77014e-02
0.76938	7.85870e-02
0.76936	7.94372e-02
0.76932	8.02522e-02
0.76926	8.10322e-02
0.76920	8.17772e-02
0.76912	8.24870e-02
0.76903	8.31616e-02
0.76894	8.37972e-02
0.76884	8.43965e-02
0.76874	8.49591e-02
0.76863	8.54844e-02
0.76853	8.59715e-02
0.76844	8.64197e-02
0.76834	8.68280e-02
0.76826	8.71954e-02
0.76818	8.75209e-02
0.76811	8.78035e-02
0.76804	8.80439e-02
0.76798	8.82402e-02
0.76793	8.83917e-02
0.76789	8.84979e-02
0.76786	8.85588e-02
0.76785	8.85746e-02
0.76785	8.85460e-02
0.76787	8.84737e-02
0.76790	8.83589e-02
0.76794	8.82030e-02
0.76800	8.80081e-02
0.76808	8.77762e-02
0.76816	8.75096e-02
0.76826	8.72108e-02
0.76838	8.68822e-02
0.76850	8.65262e-02
0.76864	8.61452e-02
0.76878	8.57414e-02
0.76894	8.53169e-02
0.76911	8.48737e-02
0.76929	8.44137e-02
0.76954	8.40145e-02
0.76979	8.36035e-02
0.77023	8.30585e-02
0.77062	8.25323e-02
0.77099	8.20102e-02
0.77134	8.14894e-02
0.77168	8.09694e-02
0.77201	8.04502e-02
0.77232	7.99319e-02
0.77263	7.94148e-02
0.77292	7.88993e-02
0.77319	7.83892e-02
0.77346	7.78817e-02
0.77371	7.73778e-02
0.77396	7.68782e-02
0.77420	7.63840e-02
0.77443	7.58964e-02
0.77465	7.54166e-02
0.77485	7.49457e-02
0.77505	7.44850e-02
0.77539	7.37256e-02
0.77570	7.30173e-02
0.77597	7.23572e-02
0.77620	7.17425e-02
0.77639	7.11709e-02
0.77655	7.06403e-02
0.77668	7.01486e-02
0.77676	6.96939e-02
0.77682	6.92742e-02
0.77684	6.88876e-02
0.77683	6.85325e-02
0.77680	6.82071e-02
0.77673	6.79098e-02
0.77662	6.76455e-02
0.77649	6.74068e-02
0.77633	6.71922e-02
0.77615	6.70005e-02
0.77594	6.68303e-02
0.77571	6.66805e-02
0.77547	6.65500e-02
0.77520	6.64378e-02
0.77491	6.63428e-02
0.77461	6.62642e-02
0.77428	6.62010e-02
0.77394	6.61524e-02
0.77359	6.61176e-02
0.77322	6.60958e-02
0.77283	6.60863e-02
0.77243	6.60885e-02
0.77201	6.61016e-02
0.77159	6.61251e-02
0.77114	6.61585e-02
0.77069	6.62011e-02
0.77022	6.62526e-02
0.76974	6.63124e-02
0.76925	6.63802e-02
0.76875	6.64556e-02
0.76824	6.65383e-02
0.76772	6.66279e-02
0.76719	6.67243e-02
0.76665	6.68272e-02
0.76610	6.69364e-02
0.76555	6.70492e-02
0.76498	6.71679e-02
0.76441	6.72925e-02
0.76383	6.74230e-02
0.76324	6.75592e-02
0.76265	6.77012e-02
0.76205	6.78489e-02
0.76145	6.79949e-02
0.76084	6.81472e-02
0.76023	6.83059e-02
0.75962	6.84711e-02
0.75900	6.86426e-02
0.75839	6.88207e-02
0.75777	6.90052e-02
0.75716	6.91963e-02
0.75655	6.93939e-02
0.75593	6.95981e-02
0.75531	6.98399e-02
0.75468	7.00893e-02
0.75406	7.03459e-02
0.75344	7.06094e-02
0.75282	7.08792e-02
0.75222	7.11551e-02
0.75161	7.14366e-02
0.75102	7.17233e-02
0.75043	7.20148e-02
0.74986	7.23104e-02
0.74929	7.26098e-02
0.74873	7.29121e-02
0.74819	7.32167e-02
0.74766	7.35229e-02
0.74714	7.38298e-02
0.74664	7.41364e-02
0.74615	7.44418e-02
0.74568	7.47449e-02
0.74523	7.50444e-02
0.74480	7.53393e-02
0.74438	7.56281e-02
0.74399	7.59003e-02
0.74359	7.61701e-02
0.74321	7.64365e-02
0.74303	7.68657e-02
0.74276	7.71866e-02
0.74249	7.74635e-02
0.74222	7.77112e-02
0.74198	7.79324e-02
0.74174	7.81272e-02
0.74153	7.82955e-02
0.74133	7.84372e-02
0.74116	7.85520e-02
0.74101	7.86402e-02
0.74089	7.87019e-02
0.74078	7.87374e-02
0.74070	7.87473e-02
0.74065	7.87319e-02
0.74062	7.86920e-02
0.74061	7.86281e-02
0.74063	7.85408e-02
0.74101	7.78261e-02
0.74139	7.71246e-02
0.74178	7.64326e-02
0.74216	7.57486e-02
0.74256	7.50721e-02
0.74295	7.44024e-02
0.74335	7.37392e-02
0.74375	7.30821e-02
0.74415	7.24306e-02
0.74455	7.17845e-02
0.74495	7.11433e-02
0.74535	7.05067e-02
0.74576	6.98743e-02
0.74616	6.92462e-02
0.74657	6.86217e-02
0.74697	6.80006e-02
0.74738	6.73826e-02
0.74779	6.67677e-02
0.74820	6.61555e-02
0.74862	6.55459e-02
0.74903	6.49388e-02
0.74945	6.43340e-02
0.74987	6.37316e-02
0.75030	6.31314e-02
0.75073	6.25335e-02
0.75117	6.19378e-02
0.75162	6.13445e-02
0.75207	6.07536e-02
0.75253	6.01654e-02
0.75300	5.95800e-02
0.75348	5.89979e-02
0.75396	5.84195e-02
0.75446	5.78454e-02
0.75496	5.72765e-02
0.75548	5.67135e-02
0.75601	5.61576e-02
0.75654	5.56100e-02
0.75709	5.50720e-02
0.75764	5.45451e-02
0.75820	5.40309e-02
0.75877	5.35308e-02
0.75934	5.30464e-02
0.76031	5.28542e-02
0.76115	5.25994e-02
0.76189	5.23134e-02
0.76261	5.20301e-02
0.76331	5.17658e-02
0.76401	5.15272e-02
0.76470	5.13170e-02
0.76538	5.11355e-02
0.76606	5.09835e-02
0.76672	5.08604e-02
0.76738	5.07646e-02
0.76802	5.06942e-02
0.76865	5.06462e-02
0.76927	5.06171e-02
0.76986	5.06029e-02
0.77044	5.05994e-02
0.77100	5.06020e-02
0.77148	5.07179e-02
0.77194	5.08401e-02
0.77237	5.09647e-02
0.77277	5.10884e-02
0.77314	5.12083e-02
0.77349	5.13221e-02
0.77380	5.14284e-02
0.77409	5.15262e-02
0.77435	5.16153e-02
0.77459	5.16960e-02
0.77480	5.17692e-02
0.77498	5.18359e-02
0.77514	5.18977e-02
0.77527	5.19565e-02
0.77538	5.20141e-02
0.77547	5.20725e-02
0.77554	5.21336e-02
0.77558	5.21994e-02
0.77560	5.22715e-02
0.77560	5.23515e-02
0.77558	5.24407e-02
0.77553	5.25365e-02
0.77544	5.26520e-02
0.77530	5.27807e-02
0.77512	5.29155e-02
0.77492	5.30620e-02
0.77469	5.32201e-02
0.77445	5.33897e-02
0.77418	5.35707e-02
0.77389	5.37627e-02
0.77358	5.39653e-02
0.77326	5.41780e-02
0.77292	5.44002e-02
0.77255	5.46313e-02
0.77218	5.48708e-02
0.77179	5.51179e-02
0.77138	5.53719e-02
0.77096	5.56323e-02
0.77053	5.58982e-02
0.77009	5.61689e-02
0.76963	5.64439e-02
0.76914	5.67288e-02
0.76863	5.70169e-02
0.76812	5.73074e-02
0.76759	5.75996e-02
0.76707	5.78930e-02
0.76653	5.81869e-02
0.76599	5.84807e-02
0.76545	5.87738e-02
0.76491	5.90657e-02
0.76436	5.93558e-02
0.76381	5.96437e-02
0.76327	5.99288e-02
0.76272	6.02106e-02
0.76218	6.04890e-02
0.76164	6.07632e-02
0.76111	6.10328e-02
0.76058	6.12972e-02
0.76006	6.15558e-02
0.75954	6.18081e-02
0.75904	6.20535e-02
0.75855	6.22914e-02
0.75806	6.25212e-02
0.75759	6.27421e-02
0.75714	6.29535e-02
0.75669	6.31547e-02
0.75627	6.33452e-02
0.75586	6.35244e-02
0.75546	6.36918e-02
0.75509	6.38470e-02
0.75473	6.39899e-02
0.75439	6.41202e-02
0.75407	6.42381e-02
0.75377	6.43440e-02
0.75348	6.44383e-02
0.75322	6.45216e-02
0.75297	6.45948e-02
0.75274	6.46589e-02
0.75252	6.47150e-02
0.75233	6.47641e-02
0.75214	6.48077e-02
0.75197	6.48468e-02
0.75182	6.48828e-02
0.75166	6.49114e-02
0.75149	6.50075e-02
0.75133	6.51045e-02
0.75117	6.52033e-02
0.75102	6.53051e-02
0.75088	6.54105e-02
0.75075	6.55200e-02
0.75061	6.56248e-02
0.75047	6.57352e-02
0.75035	6.58518e-02
0.75022	6.59747e-02
0.75011	6.61040e-02
0.75000	6.62398e-02
0.74989	6.63820e-02
0.74979	6.65306e-02
0.74969	6.66852e-02
0.74960	6.68458e-02
0.74951	6.70120e-02
0.74942	6.71833e-02
0.74934	6.73595e-02
0.74926	6.75400e-02
0.74918	6.77243e-02
0.74911	6.79119e-02
0.74904	6.81022e-02
0.74896	6.82947e-02
0.74889	6.84887e-02
0.74882	6.86836e-02
0.74875	6.88787e-02
0.74868	6.90732e-02
0.74862	6.92666e-02
0.74855	6.94581e-02
0.74848	6.96470e-02
0.74841	6.98324e-02
0.74834	7.00137e-02
0.74827	7.01899e-02
0.74820	7.03603e-02
0.74812	7.05241e-02
0.74805	7.06801e-02
0.74794	7.07965e-02
0.74782	7.09139e-02
0.74766	7.10562e-02
0.74749	7.11796e-02
0.74731	7.12912e-02
0.74714	7.13902e-02
0.74696	7.14756e-02
0.74679	7.15463e-02
0.74661	7.16011e-02
0.74644	7.16392e-02
0.74627	7.16596e-02
0.74611	7.16615e-02
0.74595	7.16444e-02
0.74579	7.16080e-02
0.74564	7.15522e-02
0.74550	7.14774e-02
0.74536	7.13843e-02
0.74523	7.12739e-02
0.74511	7.11476e-02
0.74499	7.10072e-02
0.74488	7.08516e-02
0.74477	7.06862e-02
0.74467	7.05136e-02
0.74458	7.03363e-02
0.74449	7.01569e-02
0.74441	6.99781e-02
0.74433	6.98026e-02
0.74426	6.96331e-02
0.74419	6.94721e-02
0.74412	6.93220e-02
0.74406	6.91849e-02
0.74400	6.90628e-02
0.74394	6.89576e-02
0.74388	6.88674e-02
0.74381	6.87971e-02
0.74375	6.87475e-02
0.74368	6.87195e-02
0.74361	6.87132e-02
0.74354	6.87288e-02
0.74347	6.87662e-02
0.74339	6.88250e-02
0.74331	6.89045e-02
0.74322	6.90039e-02
0.74313	6.91223e-02
0.74303	6.92587e-02
0.74294	6.94119e-02
0.74283	6.95808e-02
0.74273	6.97642e-02
0.74262	6.99608e-02
0.74251	7.01694e-02
0.74240	7.03888e-02
0.74229	7.06178e-02
0.74218	7.08553e-02
0.74207	7.11001e-02
0.74197	7.13513e-02
0.74187	7.16077e-02
0.74177	7.18686e-02
0.74168	7.21329e-02
0.74159	7.23999e-02
0.74152	7.26689e-02
0.74145	7.29392e-02
0.74139	7.32104e-02
0.74133	7.34675e-02
0.74124	7.38084e-02
0.74116	7.41498e-02
0.74107	7.44870e-02
0.74100	7.48216e-02
0.74093	7.51536e-02
0.74088	7.54832e-02
0.74083	7.57959e-02
0.74078	7.61047e-02
0.74075	7.64097e-02
0.74073	7.67112e-02
0.74071	7.70091e-02
0.74071	7.73035e-02
0.74071	7.75943e-02
0.74073	7.78812e-02
0.74075	7.81640e-02
0.74077	7.84404e-02
0.74079	7.87116e-02
0.74082	7.89770e-02
0.74086	7.92359e-02
0.74089	7.94874e-02
0.74094	7.97309e-02
0.74098	7.99655e-02
0.74103	8.01903e-02
0.74109	8.04046e-02
0.74114	8.06075e-02
0.74120	8.07983e-02
0.74126	8.09762e-02
0.74132	8.11406e-02
0.74139	8.12907e-02
0.74146	8.14260e-02
0.74153	8.15459e-02
0.74160	8.16500e-02
0.74167	8.17378e-02
0.74174	8.18088e-02
0.74181	8.18629e-02
0.74189	8.18997e-02
0.74196	8.19189e-02
0.74203	8.19174e-02
0.74209	8.19044e-02
0.74214	8.18796e-02
0.74219	8.18399e-02
0.74223	8.17853e-02
0.74227	8.17159e-02
0.74230	8.16319e-02
0.74233	8.15335e-02
0.74235	8.14208e-02
0.74237	8.12941e-02
0.74238	8.11537e-02
0.74239	8.09998e-02
0.74239	8.08328e-02
0.74238	8.06531e-02
0.74236	8.04610e-02
0.74234	8.02570e-02
0.74231	8.00413e-02
0.74227	7.98146e-02
0.74222	7.95771e-02
0.74217	7.93294e-02
0.74230	7.91768e-02
0.74236	7.89870e-02
0.74239	7.87767e-02
0.74239	7.85519e-02
0.74237	7.83148e-02
0.74233	7.80660e-02
0.74227	7.78060e-02
0.74220	7.75350e-02
0.74210	7.72531e-02
0.74198	7.69605e-02
0.74184	7.66575e-02
0.74169	7.63445e-02
0.74151	7.60217e-02
0.74130	7.56973e-02
0.74107	7.53644e-02
0.74083	7.50231e-02
0.74057	7.46739e-02
0.74029	7.43174e-02
0.74000	7.39540e-02
0.73970	7.35847e-02
0.73940	7.32100e-02
0.73908	7.28311e-02
0.73875	7.24491e-02
0.73841	7.20651e-02
0.73807	7.16806e-02
0.73772	7.12971e-02
0.73737	7.09165e-02
0.73701	7.05403e-02
0.73664	7.01637e-02
0.73626	6.97938e-02
0.73588	6.94327e-02
0.73549	6.90821e-02
0.73509	6.87439e-02
0.73470	6.84196e-02
0.73430	6.81107e-02
0.73389	6.78185e-02
0.73348	6.75440e-02
0.73307	6.72881e-02
0.73266	6.70516e-02
0.73225	6.68351e-02
0.73184	6.66390e-02
0.73143	6.64636e-02
0.73100	6.62825e-02
0.73058	6.61188e-02
0.73015	6.59733e-02
0.72974	6.58463e-02
0.72932	6.57381e-02
0.72891	6.56493e-02
0.72851	6.55801e-02
0.72810	6.55196e-02
0.72769	6.54774e-02
0.72730	6.54544e-02
0.72691	6.54512e-02
0.72652	6.54680e-02
0.72615	6.55052e-02
0.72579	6.55627e-02
0.72543	6.56405e-02
0.72509	6.57381e-02
0.72475	6.58548e-02
0.72442	6.59900e-02
0.72411	6.61424e-02
0.72380	6.63109e-02
0.72351	6.64941e-02
0.72323	6.66903e-02
0.72297	6.68981e-02
0.72272	6.71158e-02
0.72249	6.73418e-02
0.72227	6.75747e-02
0.72207	6.78130e-02
0.72189	6.80556e-02
0.72173	6.83015e-02
0.72173	6.85614e-02
0.72172	6.88240e-02
0.72171	6.90882e-02
0.72171	6.93533e-02
0.72170	6.96188e-02
0.72170	6.98842e-02
0.72171	7.01491e-02
0.72173	7.04131e-02
0.72175	7.06758e-02
0.72177	7.09214e-02
0.72180	7.11743e-02
0.72214	7.13579e-02
0.72245	7.15592e-02
0.72276	7.17712e-02
0.72306	7.19891e-02
0.72335	7.22025e-02
0.72364	7.24139e-02
0.72393	7.26199e-02
0.72421	7.28174e-02
0.72451	7.30039e-02
0.72480	7.31769e-02
0.72510	7.33347e-02
0.72540	7.34669e-02
0.72570	7.35806e-02
0.72601	7.36753e-02
0.72633	7.37507e-02
0.72666	7.38069e-02
0.72699	7.38441e-02
0.72733	7.38628e-02
0.72796	7.36850e-02
0.72853	7.35451e-02
0.72908	7.34140e-02
0.72962	7.32818e-02
0.73017	7.31455e-02
0.73072	7.30043e-02
0.73127	7.28587e-02
0.73183	7.27097e-02
0.73240	7.25579e-02
0.73296	7.24041e-02
0.73352	7.22485e-02
0.73407	7.20910e-02
0.73462	7.19312e-02
0.73515	7.17759e-02
0.73566	7.16162e-02
0.73617	7.14512e-02
0.73666	7.12802e-02
0.73714	7.11025e-02
0.73761	7.09178e-02
0.73806	7.07260e-02
0.73850	7.05276e-02
0.73892	7.03234e-02
0.73932	7.01143e-02
0.73971	6.99017e-02
0.74008	6.96872e-02
0.74043	6.94723e-02
0.74077	6.92589e-02
0.74109	6.90485e-02
0.74139	6.88427e-02
0.74167	6.86429e-02
0.74193	6.84505e-02
0.74218	6.82664e-02
0.74240	6.80915e-02
0.74260	6.79265e-02
0.74279	6.77718e-02
0.74295	6.76276e-02
0.74309	6.74942e-02
0.74322	6.73715e-02
0.74333	6.72593e-02
0.74342	6.71574e-02
0.74349	6.70655e-02
0.74355	6.69833e-02
0.74358	6.68938e-02
0.74359	6.68110e-02
0.74359	6.67346e-02
0.74358	6.66644e-02
0.74356	6.66005e-02
0.74352	6.65426e-02
0.74347	6.64909e-02
0.74341	6.64452e-02
0.74334	6.64056e-02
0.74326	6.63719e-02
0.74316	6.63439e-02
0.74305	6.63212e-02
0.74293	6.63034e-02
0.74279	6.62899e-02
0.74263	6.62797e-02
0.74245	6.62722e-02
0.74226	6.62663e-02
0.74204	6.62611e-02
0.74180	6.62554e-02
0.74154	6.62483e-02
0.74126	6.62389e-02
0.74096	6.62260e-02
0.74064	6.62089e-02
0.74030	6.61866e-02
0.73993	6.61585e-02
0.73955	6.61239e-02
0.73914	6.60822e-02
0.73872	6.60332e-02
0.73827	6.59764e-02
0.73781	6.59091e-02
0.73732	6.58338e-02
0.73682	6.57507e-02
0.73630	6.56604e-02
0.73577	6.55634e-02
0.73522	6.54602e-02
0.73467	6.53519e-02
0.73410	6.52392e-02
0.73352	6.51234e-02
0.73294	6.50055e-02
0.73271	6.45233e-02
0.73264	6.41501e-02
0.73252	6.37965e-02
0.73237	6.34629e-02
0.73219	6.31488e-02
0.73198	6.28500e-02
0.73175	6.25703e-02
0.73150	6.23099e-02
0.73124	6.20690e-02
0.73095	6.18845e-02
0.73065	6.17222e-02
0.73035	6.15824e-02
0.73019	6.15370e-02
0.72999	6.15028e-02
0.72977	6.14858e-02
0.72955	6.14889e-02
0.72933	6.15136e-02
0.72911	6.15605e-02
0.72890	6.16297e-02
0.72869	6.17187e-02
0.72850	6.18296e-02
0.72831	6.19618e-02
0.72814	6.21144e-02
0.72798	6.22868e-02
0.72783	6.24780e-02
0.72770	6.26872e-02
0.72757	6.29134e-02
0.72746	6.31559e-02
0.72735	6.34137e-02
0.72726	6.36860e-02
0.72717	6.39719e-02
0.72710	6.42707e-02
0.72718	6.44493e-02
0.72727	6.46578e-02
0.72736	6.48900e-02
0.72746	6.51427e-02
0.72757	6.54135e-02
0.72769	6.56999e-02
0.72782	6.59993e-02
0.72797	6.63094e-02
0.72813	6.66276e-02
0.72831	6.69514e-02
0.72850	6.72782e-02
0.72871	6.76056e-02
0.72895	6.79310e-02
0.72920	6.82520e-02
0.72946	6.85589e-02
0.72975	6.88566e-02
0.73005	6.91425e-02
0.73037	6.94143e-02
0.73072	6.96694e-02
0.73108	6.99059e-02
0.73146	7.01214e-02
0.73186	7.03140e-02
0.73228	7.04818e-02
0.73272	7.06228e-02
0.73317	7.07354e-02
0.73363	7.08102e-02
0.73411	7.08523e-02
0.73460	7.08608e-02
0.73511	7.08343e-02
0.73561	7.07670e-02
0.73613	7.06625e-02
0.73666	7.05200e-02
0.73720	7.03388e-02
0.73774	7.01184e-02
0.73830	6.98581e-02
0.73887	6.95578e-02
0.73944	6.92172e-02
0.74002	6.88363e-02
0.74060	6.84150e-02
0.74119	6.79537e-02
0.74178	6.74527e-02
0.74237	6.69124e-02
0.74297	6.63334e-02
0.74356	6.57165e-02
0.74416	6.50626e-02
0.74475	6.43725e-02
0.74535	6.36475e-02
0.74594	6.28888e-02
0.74652	6.20976e-02
0.74710	6.12757e-02
0.74768	6.04244e-02
0.74825	5.95455e-02
0.74881	5.86410e-02
0.74937	5.77126e-02
0.74991	5.67625e-02
0.75045	5.57928e-02
0.75098	5.48058e-02
0.75149	5.38040e-02
0.75217	5.26099e-02
0.75281	5.14399e-02
0.75344	5.02837e-02
0.75405	4.91394e-02
0.75464	4.80092e-02
0.75522	4.68973e-02
0.75578	4.58092e-02
0.75633	4.47509e-02
0.75686	4.37285e-02
0.75745	4.29087e-02
0.75798	4.21619e-02
0.75845	4.14560e-02
0.75888	4.07955e-02
0.75927	4.01858e-02
0.75961	3.96317e-02
0.76003	3.91744e-02
0.76037	3.87735e-02
0.76066	3.84344e-02
0.76088	3.81597e-02
0.76104	3.79866e-02
0.76114	3.78822e-02
0.76120	3.78453e-02
0.76120	3.78630e-02
0.76115	3.79435e-02
0.76106	3.80845e-02
0.76092	3.82829e-02
0.76072	3.85978e-02
0.76047	3.89655e-02
0.76018	3.93817e-02
0.75986	3.98419e-02
0.75950	4.03415e-02
0.75912	4.08758e-02
0.75870	4.14402e-02
0.75826	4.20302e-02
0.75779	4.26414e-02
0.75730	4.32694e-02
0.75679	4.39104e-02
0.75626	4.45605e-02
0.75571	4.52162e-02
0.75515	4.58742e-02
0.75458	4.65316e-02
0.75400	4.71859e-02
0.75338	4.78462e-02
0.75276	4.85001e-02
0.75214	4.91457e-02
0.75151	4.97815e-02
0.75088	5.04064e-02
0.75024	5.10199e-02
0.74961	5.16214e-02
0.74897	5.22109e-02
0.74834	5.27884e-02
0.74772	5.33541e-02
0.74709	5.39084e-02
0.74647	5.44516e-02
0.74586	5.49842e-02
0.74526	5.55067e-02
0.74466	5.60195e-02
0.74407	5.65232e-02
0.74349	5.70184e-02
0.74292	5.75055e-02
0.74235	5.79852e-02
0.74181	5.84583e-02
0.74127	5.89254e-02
0.74075	5.93874e-02
0.74024	5.98450e-02
0.73974	6.02991e-02
0.73926	6.07508e-02
0.73875	6.12219e-02
0.73826	6.16909e-02
0.73778	6.21579e-02
0.73732	6.26235e-02
0.73686	6.30830e-02
0.73642	6.35424e-02
0.73600	6.40025e-02
0.73559	6.44640e-02
0.73520	6.49275e-02
0.73483	6.53936e-02
0.73448	6.58630e-02
0.73415	6.63362e-02
0.73384	6.68136e-02
0.73355	6.72954e-02
0.73327	6.77818e-02
0.73302	6.82726e-02
0.73277	6.87678e-02
0.73255	6.92667e-02
0.73233	6.97687e-02
0.73213	7.02730e-02
0.73194	7.07786e-02
0.73177	7.12845e-02
0.73160	7.17894e-02
0.73145	7.22920e-02
0.73130	7.27910e-02
0.73117	7.32851e-02
0.73104	7.37730e-02
0.73092	7.42534e-02
0.73081	7.47250e-02
0.73071	7.51867e-02
0.73062	7.56372e-02
0.73053	7.60755e-02
0.73045	7.65007e-02
0.73037	7.69054e-02
0.73030	7.72957e-02
0.73024	7.76708e-02
0.73018	7.80300e-02
0.73013	7.83726e-02
0.73009	7.86979e-02
0.73006	7.90054e-02
0.73003	7.92946e-02
0.73001	7.95651e-02
0.72999	7.98072e-02
0.72997	8.00301e-02
0.72995	8.02345e-02
0.72994	8.04195e-02
0.72994	8.05849e-02
0.72994	8.07307e-02
0.72991	8.08442e-02
0.72989	8.09366e-02
0.72987	8.10083e-02
0.72985	8.10596e-02
0.72981	8.11511e-02
0.72978	8.12276e-02
0.72974	8.12889e-02
0.72980	8.14245e-02
0.72985	8.15323e-02
0.72989	8.16192e-02
0.72992	8.16890e-02
0.72994	8.17416e-02
0.72996	8.17803e-02
0.72998	8.18058e-02
0.73000	8.18185e-02
0.73001	8.18187e-02
0.73002	8.18067e-02
0.73003	8.17828e-02
0.73004	8.17474e-02
0.73004	8.17005e-02
0.73014	8.17014e-02
0.73023	8.16881e-02
0.73030	8.16618e-02
0.73037	8.16232e-02
0.73043	8.15731e-02
0.73049	8.15121e-02
0.73053	8.14410e-02
0.73057	8.13603e-02
0.73060	8.12706e-02
0.73063	8.11726e-02
0.73064	8.10666e-02
0.73066	8.09533e-02
0.73067	8.08333e-02
0.73067	8.07069e-02
0.73067	8.05746e-02
0.73066	8.04370e-02
0.73065	8.02944e-02
0.73063	8.01473e-02
0.73062	7.99960e-02
0.73059	7.98409e-02
0.73057	7.96824e-02
0.73054	7.95209e-02
0.73051	7.93566e-02
0.73048	7.91897e-02
0.73044	7.90207e-02
0.73041	7.88498e-02
0.73037	7.86771e-02
0.73034	7.85030e-02
0.73030	7.83277e-02
0.73025	7.81443e-02
0.73020	7.79589e-02
0.73016	7.77719e-02
0.73011	7.75834e-02
0.73006	7.73938e-02
0.73002	7.72032e-02
0.72997	7.70118e-02
0.73007	7.69150e-02
0.73012	7.67859e-02
0.73015	7.66424e-02
0.73017	7.64927e-02
0.73019	7.63407e-02
0.73021	7.61882e-02
0.73023	7.60361e-02
0.73026	7.58852e-02
0.73029	7.57362e-02
0.73033	7.55895e-02
0.73038	7.54457e-02
0.73043	7.53052e-02
0.73049	7.51686e-02
0.73056	7.50362e-02
0.73063	7.49085e-02
0.73072	7.47858e-02
0.73082	7.46684e-02
0.73092	7.45565e-02
0.73104	7.44504e-02
0.73116	7.43501e-02
0.73130	7.42555e-02
0.73144	7.41667e-02
0.73160	7.40834e-02
0.73176	7.40053e-02
0.73193	7.39321e-02
0.73211	7.38632e-02
0.73230	7.37983e-02
0.73250	7.37366e-02
0.73270	7.36777e-02
0.73308	7.38523e-02
0.73344	7.39939e-02
0.73378	7.41067e-02
0.73410	7.41930e-02
0.73440	7.42549e-02
0.73469	7.42943e-02
0.73498	7.43133e-02
0.73525	7.43139e-02
0.73551	7.42979e-02
0.73575	7.42631e-02
0.73599	7.42146e-02
0.73619	7.41530e-02
0.73639	7.40807e-02
0.73658	7.39991e-02
0.73676	7.39092e-02
0.73694	7.38122e-02
0.73712	7.37090e-02
0.73729	7.36004e-02
0.73746	7.34871e-02
0.73762	7.33821e-02
0.73778	7.32749e-02
0.73794	7.31657e-02
0.73836	7.30588e-02
0.73874	7.29548e-02
0.73907	7.28504e-02
0.73937	7.27439e-02
0.73982	7.26788e-02
0.74022	7.26070e-02
0.74059	7.25328e-02
0.74094	7.24576e-02
0.74127	7.23820e-02
0.74159	7.23060e-02
0.74189	7.22296e-02
0.74218	7.21527e-02
0.74246	7.20753e-02
0.74272	7.19971e-02
0.74297	7.19180e-02
0.74322	7.18380e-02
0.74345	7.17567e-02
0.74367	7.16741e-02
0.74388	7.15898e-02
0.74408	7.15037e-02
0.74424	7.14242e-02
0.74439	7.13442e-02
0.74452	7.12636e-02
0.74465	7.11823e-02
0.74476	7.11005e-02
0.74487	7.10183e-02
0.74496	7.09362e-02
0.74505	7.08546e-02
0.74513	7.07743e-02
0.74519	7.06961e-02
0.74525	7.06211e-02
0.74529	7.05501e-02
0.74533	7.04843e-02
0.74535	7.04244e-02
0.74536	7.03712e-02
0.74535	7.03252e-02
0.74581	6.91085e-02
0.74617	6.81119e-02
0.74648	6.72194e-02
0.74675	6.63586e-02
0.74701	6.55021e-02
0.74726	6.46437e-02
0.74748	6.37849e-02
0.74769	6.29293e-02
0.74787	6.20816e-02
0.74803	6.12464e-02
0.74815	6.04278e-02
0.74825	5.96296e-02
0.74832	5.88548e-02
0.74834	5.81020e-02
0.74834	5.73757e-02
0.74829	5.66766e-02
0.74822	5.60048e-02
0.74811	5.53595e-02
0.74797	5.47391e-02
0.74780	5.41416e-02
0.74760	5.35646e-02
0.74737	5.30051e-02
0.74713	5.24603e-02
0.74686	5.19271e-02
0.74658	5.14024e-02
0.74627	5.08835e-02
0.74596	5.03677e-02
0.74563	4.98528e-02
0.74529	4.93366e-02
0.74495	4.88177e-02
0.74459	4.82947e-02
0.74424	4.77668e-02
0.74387	4.72334e-02
0.74351	4.66945e-02
0.74314	4.61500e-02
0.74278	4.56003e-02
0.74241	4.50460e-02
0.74204	4.44878e-02
0.74168	4.39266e-02
0.74132	4.33634e-02
0.74096	4.27993e-02
0.74060	4.22355e-02
0.74040	4.17910e-02
0.74016	4.13193e-02
0.73990	4.08335e-02
0.73964	4.03411e-02
0.73938	3.98466e-02
0.73911	3.93537e-02
0.73885	3.88651e-02
0.73859	3.83836e-02
0.73834	3.79117e-02
0.73808	3.74504e-02
0.73783	3.70033e-02
0.73759	3.65730e-02
0.73735	3.61617e-02
0.73713	3.57719e-02
0.73691	3.54060e-02
0.73671	3.50662e-02
0.73652	3.47546e-02
0.73634	3.44733e-02
0.73618	3.42242e-02
0.73604	3.40089e-02
0.73591	3.38289e-02
0.73580	3.36853e-02
0.73570	3.35718e-02
0.73561	3.34953e-02
0.73554	3.34563e-02
0.73549	3.34547e-02
0.73543	3.34869e-02
0.73538	3.35538e-02
0.73535	3.36543e-02
0.73533	3.37872e-02
0.73533	3.39508e-02
0.73534	3.41430e-02
0.73535	3.43617e-02
0.73538	3.46047e-02
0.73542	3.48697e-02
0.73546	3.51543e-02
0.73552	3.54565e-02
0.73558	3.57741e-02
0.73564	3.61049e-02
0.73572	3.64471e-02
0.73579	3.67988e-02
0.73588	3.71584e-02
0.73597	3.75243e-02
0.73606	3.78947e-02
0.73616	3.82682e-02
0.73627	3.86435e-02
0.73638	3.90194e-02
0.73649	3.93947e-02
0.73662	3.97684e-02
0.73674	4.01394e-02
0.73687	4.05069e-02
0.73700	4.08701e-02
0.73714	4.12283e-02
0.73728	4.15808e-02
0.73743	4.19270e-02
0.73758	4.22665e-02
0.73773	4.25989e-02
0.73788	4.29239e-02
0.73822	4.28967e-02
0.73853	4.29005e-02
0.73884	4.29255e-02
0.73913	4.29659e-02
0.73940	4.30053e-02
0.73965	4.30517e-02
0.73990	4.31029e-02
0.74014	4.31572e-02
0.74037	4.32137e-02
0.74059	4.32723e-02
0.74080	4.33332e-02
0.74100	4.33973e-02
0.74119	4.34658e-02
0.74137	4.35369e-02
0.74153	4.36152e-02
0.74167	4.37022e-02
0.74180	4.37993e-02
0.74192	4.39076e-02
0.74202	4.40276e-02
0.74210	4.41595e-02
0.74217	4.43030e-02
0.74223	4.44574e-02
0.74227	4.46214e-02
0.74229	4.47936e-02
0.74231	4.49721e-02
0.74231	4.51549e-02
0.74231	4.53398e-02
0.74229	4.55246e-02
0.74227	4.57072e-02
0.74224	4.58859e-02
0.74221	4.60592e-02
0.74217	4.62261e-02
0.74213	4.63862e-02
0.74208	4.65398e-02
0.74203	4.66874e-02
0.74197	4.68303e-02
0.74191	4.69699e-02
0.74184	4.71081e-02
0.74176	4.72465e-02
0.74167	4.73867e-02
0.74157	4.75302e-02
0.74147	4.76780e-02
0.74135	4.78272e-02
0.74122	4.79817e-02
0.74108	4.81413e-02
0.74093	4.83058e-02
0.74077	4.84745e-02
0.74061	4.86467e-02
0.74044	4.88212e-02
0.74026	4.89972e-02
0.74008	4.91734e-02
0.73987	4.93647e-02
0.73966	4.95553e-02
0.73945	4.97437e-02
0.73923	4.99282e-02
0.73901	5.01078e-02
0.73879	5.02812e-02
0.73857	5.04473e-02
0.73835	5.06052e-02
0.73814	5.07540e-02
0.73792	5.08929e-02
0.73772	5.10213e-02
0.73751	5.11385e-02
0.73730	5.12340e-02
0.73725	5.13961e-02
0.73711	5.14961e-02
0.73696	5.15654e-02
0.73680	5.16136e-02
0.73661	5.16310e-02
0.73643	5.16329e-02
0.73625	5.16203e-02
0.73608	5.15940e-02
0.73592	5.15545e-02
0.73576	5.15027e-02
0.73561	5.14392e-02
0.73547	5.13647e-02
0.73534	5.12801e-02
0.73522	5.11861e-02
0.73512	5.10836e-02
0.73502	5.09733e-02
0.73493	5.08563e-02
0.73486	5.07334e-02
0.73480	5.06054e-02
0.73475	5.04733e-02
0.73471	5.03379e-02
0.73468	5.02001e-02
0.73467	5.00606e-02
0.73466	4.99204e-02
0.73467	4.97803e-02
0.73469	4.96412e-02
0.73473	4.95037e-02
0.73477	4.93687e-02
0.73482	4.92369e-02
0.73489	4.91090e-02
0.73497	4.89854e-02
0.73505	4.88669e-02
0.73515	4.87539e-02
0.73526	4.86468e-02
0.73537	4.85460e-02
0.73550	4.84518e-02
0.73604	4.75760e-02
0.73648	4.69585e-02
0.73687	4.64746e-02
0.73724	4.60638e-02
0.73759	4.57212e-02
0.73793	4.54246e-02
0.73827	4.51710e-02
0.73860	4.49589e-02
0.73893	4.47874e-02
0.73925	4.46558e-02
0.73956	4.45630e-02
0.73987	4.45080e-02
0.74016	4.44888e-02
0.74067	4.45597e-02
0.74113	4.46516e-02
0.74156	4.47653e-02
0.74197	4.48985e-02
0.74234	4.50485e-02
0.74270	4.52120e-02
0.74303	4.53857e-02
0.74334	4.55667e-02
0.74363	4.57523e-02
0.74389	4.59397e-02
0.74414	4.61268e-02
0.74437	4.63116e-02
0.74458	4.64921e-02
0.74478	4.66670e-02
0.74496	4.68349e-02
0.74513	4.69946e-02
0.74528	4.71454e-02
0.74542	4.72864e-02
0.74554	4.74170e-02
0.74566	4.75367e-02
0.74576	4.76453e-02
0.74585	4.77424e-02
0.74593	4.78280e-02
0.74600	4.79019e-02
0.74605	4.79642e-02
0.74610	4.80149e-02
0.74614	4.80543e-02
0.74617	4.80825e-02
0.74618	4.80998e-02
0.74619	4.81065e-02
0.74619	4.81029e-02
0.74618	4.80894e-02
0.74616	4.80664e-02
0.74613	4.80345e-02
0.74609	4.79940e-02
0.74604	4.79455e-02
0.74599	4.78894e-02
0.74592	4.78263e-02
0.74603	4.79546e-02
0.74611	4.80500e-02
0.74616	4.81210e-02
0.74621	4.81710e-02
0.74623	4.82014e-02
0.74624	4.82129e-02
0.74624	4.82062e-02
0.74622	4.81820e-02
0.74618	4.81412e-02
0.74613	4.80845e-02
0.74607	4.80130e-02
0.74599	4.79278e-02
0.74604	4.77581e-02
0.74608	4.75616e-02
0.74607	4.73677e-02
0.74604	4.71761e-02
0.74598	4.69871e-02
0.74587	4.68236e-02
0.74574	4.66635e-02
0.74560	4.65081e-02
0.74544	4.63586e-02
0.74526	4.62160e-02
0.74507	4.60813e-02
0.74487	4.59551e-02
0.74466	4.58384e-02
0.74445	4.57316e-02
0.74423	4.56354e-02
0.74400	4.55503e-02
0.74376	4.54765e-02
0.74352	4.54144e-02
0.74328	4.53643e-02
0.74304	4.53263e-02
0.74280	4.53006e-02
0.74255	4.52904e-02
0.74230	4.52931e-02
0.74206	4.53086e-02
0.74182	4.53367e-02
0.74158	4.53773e-02
0.74134	4.54302e-02
0.74111	4.54952e-02
0.74084	4.55864e-02
0.74058	4.56905e-02
0.74032	4.58073e-02
0.74007	4.59366e-02
0.73983	4.60781e-02
0.73959	4.62320e-02
0.73936	4.63981e-02
0.73915	4.65767e-02
0.73894	4.67678e-02
0.73872	4.69677e-02
0.73852	4.71805e-02
0.73832	4.74067e-02
0.73814	4.76463e-02
0.73797	4.78998e-02
0.73781	4.81673e-02
0.73766	4.84491e-02
0.73752	4.87451e-02
0.73740	4.90554e-02
0.73729	4.93800e-02
0.73718	4.97185e-02
0.73709	5.00708e-02
0.73702	5.04364e-02
0.73709	5.10795e-02
0.73715	5.16806e-02
0.73720	5.22590e-02
0.73725	5.28233e-02
0.73729	5.33777e-02
0.73734	5.39251e-02
0.73739	5.44674e-02
0.73744	5.50061e-02
0.73750	5.55427e-02
0.73755	5.60783e-02
0.73761	5.66140e-02
0.73767	5.71508e-02
0.73774	5.76894e-02
0.73781	5.82306e-02
0.73788	5.87750e-02
0.73796	5.93232e-02
0.73804	5.98756e-02
0.73813	6.04326e-02
0.73822	6.09942e-02
0.73831	6.15606e-02
0.73841	6.21318e-02
0.73852	6.27076e-02
0.73863	6.32879e-02
0.73874	6.38722e-02
0.73885	6.44602e-02
0.73897	6.50513e-02
0.73909	6.56449e-02
0.73922	6.62403e-02
0.73935	6.68368e-02
0.73948	6.74336e-02
0.73962	6.80297e-02
0.73975	6.86242e-02
0.73989	6.92162e-02
0.74003	6.98047e-02
0.74017	7.03886e-02
0.74032	7.09669e-02
0.74046	7.15385e-02
0.74059	7.21068e-02
0.74071	7.26604e-02
0.74082	7.32038e-02
0.74093	7.37359e-02
0.74104	7.42554e-02
0.74114	7.47613e-02
0.74124	7.52525e-02
0.74134	7.57279e-02
0.74143	7.61866e-02
0.74152	7.66276e-02
0.74160	7.70500e-02
0.74168	7.74529e-02
0.74175	7.78355e-02
0.74180	7.81977e-02
0.74200	7.87012e-02
0.74216	7.91487e-02
0.74229	7.95568e-02
0.74241	7.99365e-02
0.74248	8.03403e-02
0.74253	8.07171e-02
0.74258	8.10669e-02
0.74261	8.13896e-02
0.74264	8.16848e-02
0.74265	8.19522e-02
0.74265	8.21914e-02
0.74265	8.24022e-02
0.74262	8.25865e-02
0.74259	8.27424e-02
0.74255	8.28697e-02
0.74249	8.29686e-02
0.74243	8.30392e-02
0.74236	8.30817e-02
0.74229	8.30965e-02
0.74220	8.30841e-02
0.74211	8.30465e-02
0.74200	8.29830e-02
0.74189	8.28945e-02
0.74178	8.27815e-02
0.74166	8.26451e-02
0.74153	8.24860e-02
0.74140	8.23052e-02
0.74125	8.21095e-02
0.74108	8.18942e-02
0.74091	8.16604e-02
0.74074	8.14090e-02
0.74056	8.11411e-02
0.74038	8.08578e-02
0.74020	8.05603e-02
0.74001	8.02496e-02
0.73982	7.99271e-02
0.73963	7.95939e-02
0.73944	7.92512e-02
0.73925	7.89004e-02
0.73905	7.85426e-02
0.73886	7.81791e-02
0.73867	7.78113e-02
0.73848	7.74403e-02
0.73829	7.70674e-02
0.73810	7.66938e-02
0.73791	7.63207e-02
0.73772	7.59495e-02
0.73754	7.55811e-02
0.73735	7.52168e-02
0.73727	7.50005e-02
0.73717	7.47653e-02
0.73706	7.45221e-02
0.73694	7.42758e-02
0.73683	7.40291e-02
0.73671	7.37838e-02
0.73658	7.35412e-02
0.73646	7.33026e-02
0.73633	7.30690e-02
0.73621	7.28414e-02
0.73608	7.26208e-02
0.73596	7.24079e-02
0.73583	7.22036e-02
0.73571	7.20085e-02
0.73559	7.18232e-02
0.73547	7.16482e-02
0.73535	7.14842e-02
0.73523	7.13314e-02
0.73511	7.11902e-02
0.73500	7.10609e-02
0.73489	7.09438e-02
0.73503	7.08416e-02
0.73510	7.07559e-02
0.73514	7.06847e-02
0.73517	7.06276e-02
0.73519	7.05838e-02
0.73520	7.05528e-02
0.73521	7.05338e-02
0.73520	7.05263e-02
0.73518	7.05297e-02
0.73516	7.05435e-02
0.73512	7.05674e-02
0.73508	7.06009e-02
0.73503	7.06438e-02
0.73497	7.06958e-02
0.73490	7.07568e-02
0.73483	7.08265e-02
0.73476	7.09049e-02
0.73468	7.09924e-02
0.73459	7.10883e-02
0.73450	7.11924e-02
0.73441	7.13047e-02
0.73431	7.14248e-02
0.73421	7.15526e-02
0.73411	7.16877e-02
0.73401	7.18300e-02
0.73390	7.19792e-02
0.73379	7.21322e-02
0.73368	7.22908e-02
0.73357	7.24548e-02
0.73360	7.27377e-02
0.73370	7.30977e-02
0.73375	7.34239e-02
0.73378	7.37331e-02
0.73378	7.40330e-02
0.73375	7.43707e-02
0.73370	7.47089e-02
0.73365	7.50472e-02
0.73358	7.53837e-02
0.73351	7.57192e-02
0.73344	7.60533e-02
0.73336	7.63853e-02
0.73328	7.67149e-02
0.73318	7.70297e-02
0.73307	7.73397e-02
0.73296	7.76447e-02
0.73285	7.79444e-02
0.73274	7.82384e-02
0.73263	7.85261e-02
0.73251	7.88071e-02
0.73240	7.90810e-02
0.73228	7.93662e-02
0.73215	7.96435e-02
0.73203	7.99128e-02
0.73191	8.01736e-02
0.73179	8.04255e-02
0.73167	8.06680e-02
0.73156	8.09008e-02
0.73144	8.11235e-02
0.73133	8.13356e-02
0.73122	8.15370e-02
0.73111	8.17271e-02
0.73101	8.19058e-02
0.73091	8.20728e-02
0.73081	8.22278e-02
0.73072	8.23707e-02
0.73063	8.25012e-02
0.73054	8.26193e-02
0.73046	8.27247e-02
0.73038	8.28174e-02
0.73031	8.28974e-02
0.73025	8.29645e-02
0.73019	8.30189e-02
0.73013	8.30604e-02
0.73008	8.30891e-02
0.73003	8.31050e-02
0.73000	8.31083e-02
0.72996	8.30991e-02
0.72993	8.30773e-02
0.72991	8.30432e-02
0.72989	8.29912e-02
0.72988	8.29257e-02
0.72987	8.28471e-02
0.72986	8.27557e-02
0.72986	8.26515e-02
0.72987	8.25349e-02
0.72988	8.24061e-02
0.72990	8.22653e-02
0.72992	8.21126e-02
0.72995	8.19484e-02
0.72998	8.17728e-02
0.73002	8.15860e-02
0.73006	8.13884e-02
0.73011	8.11801e-02
0.73017	8.09613e-02
0.73023	8.07324e-02
0.73029	8.04935e-02
0.73036	8.02449e-02
0.73044	7.99870e-02
0.73052	7.97198e-02
0.73060	7.94439e-02
0.73068	7.91492e-02
0.73075	7.88444e-02
0.73083	7.85299e-02
0.73090	7.82062e-02
0.73098	7.78737e-02
0.73106	7.75329e-02
0.73114	7.71842e-02
0.73123	7.68281e-02
0.73131	7.64652e-02
0.73140	7.60961e-02
0.73148	7.57214e-02
0.73157	7.53417e-02
0.73166	7.49577e-02
0.73191	7.46049e-02
0.73211	7.42392e-02
0.73228	7.38655e-02
0.73243	7.34868e-02
0.73257	7.31052e-02
0.73271	7.27221e-02
0.73283	7.23388e-02
0.73295	7.19591e-02
0.73305	7.15818e-02
0.73316	7.12081e-02
0.73325	7.08390e-02
0.73334	7.04756e-02
0.73343	7.01190e-02
0.73351	6.97704e-02
0.73359	6.94308e-02
0.73365	6.91012e-02
0.73371	6.87747e-02
0.73374	6.84507e-02
0.73376	6.81373e-02
0.73376	6.78312e-02
0.73374	6.75375e-02
0.73371	6.72680e-02
0.73367	6.70147e-02
0.73362	6.67782e-02
0.73356	6.65579e-02
0.73348	6.63548e-02
0.73340	6.61695e-02
0.73330	6.59958e-02
0.73318	6.58395e-02
0.73304	6.56981e-02
0.73288	6.55736e-02
0.73270	6.54661e-02
0.73251	6.53755e-02
0.73231	6.53018e-02
0.73210	6.52448e-02
0.73185	6.51914e-02
0.73159	6.51518e-02
0.73131	6.51261e-02
0.73101	6.51070e-02
0.73069	6.51005e-02
0.73036	6.51064e-02
0.73002	6.51245e-02
0.72966	6.51542e-02
0.72930	6.51950e-02
0.72892	6.52464e-02
0.72853	6.53079e-02
0.72812	6.53788e-02
0.72771	6.54584e-02
0.72729	6.55460e-02
0.72686	6.56409e-02
0.72643	6.57424e-02
0.72599	6.58496e-02
0.72554	6.59618e-02
0.72508	6.60781e-02
0.72463	6.61977e-02
0.72417	6.63197e-02
0.72371	6.64433e-02
0.72324	6.65676e-02
0.72278	6.66917e-02
0.72232	6.68148e-02
0.72186	6.69359e-02
0.72140	6.70541e-02
0.72095	6.71687e-02
0.72050	6.72787e-02
0.72006	6.73832e-02
0.71963	6.74815e-02
0.71934	6.77100e-02
0.71904	6.79033e-02
0.71873	6.80676e-02
0.71841	6.82060e-02
0.71810	6.83202e-02
0.71778	6.84116e-02
0.71747	6.84809e-02
0.71716	6.85292e-02
0.71687	6.85570e-02
0.71658	6.85651e-02
0.71630	6.85539e-02
0.71604	6.85239e-02
0.71579	6.84757e-02
0.71556	6.84095e-02
0.71535	6.83259e-02
0.71515	6.82251e-02
0.71498	6.81077e-02
0.71482	6.79739e-02
0.71469	6.78243e-02
0.71457	6.76593e-02
0.71448	6.74793e-02
0.71437	6.72801e-02
0.71429	6.70667e-02
0.71422	6.68397e-02
0.71418	6.65999e-02
0.71416	6.63482e-02
0.71416	6.60854e-02
0.71419	6.58124e-02
0.71424	6.55302e-02
0.71430	6.52137e-02
0.71438	6.48877e-02
0.71448	6.45540e-02
0.71460	6.42140e-02
0.71475	6.38690e-02
0.71492	6.35203e-02
0.71511	6.31691e-02
0.71532	6.28167e-02
0.71555	6.24645e-02
0.71580	6.21138e-02
0.71607	6.17658e-02
0.71636	6.14218e-02
0.71666	6.10899e-02
0.71697	6.07649e-02
0.71729	6.04479e-02
0.71763	6.01400e-02
0.71798	5.98424e-02
0.71835	5.95558e-02
0.71872	5.92811e-02
0.71911	5.90193e-02
0.71951	5.87710e-02
0.71991	5.85370e-02
0.72033	5.83177e-02
0.72075	5.81137e-02
0.72122	5.79210e-02
0.72169	5.77445e-02
0.72216	5.76121e-02
0.72262	5.75024e-02
0.72308	5.74148e-02
0.72354	5.73487e-02
0.72400	5.73036e-02
0.72447	5.72788e-02
0.72493	5.72735e-02
0.72539	5.72870e-02
0.72584	5.73178e-02
0.72630	5.73650e-02
0.72675	5.74281e-02
0.72721	5.75066e-02
0.72766	5.75997e-02
0.72810	5.77068e-02
0.72854	5.78207e-02
0.72897	5.79476e-02
0.72937	5.81103e-02
0.72993	5.83053e-02
0.73044	5.85080e-02
0.73092	5.87182e-02
0.73136	5.89359e-02
0.73178	5.91607e-02
0.73218	5.93918e-02
0.73256	5.96286e-02
0.73291	5.98701e-02
0.73324	6.01154e-02
0.73355	6.03636e-02
0.73384	6.06138e-02
0.73411	6.08652e-02
0.73435	6.11171e-02
0.73458	6.13691e-02
0.73478	6.16207e-02
0.73496	6.18720e-02
0.73510	6.21220e-02
0.73523	6.23722e-02
0.73533	6.26231e-02
0.73538	6.28915e-02
0.73540	6.31635e-02
0.73540	6.34402e-02
0.73537	6.37225e-02
0.73532	6.40118e-02
0.73524	6.43093e-02
0.73514	6.46163e-02
0.73501	6.49340e-02
0.73486	6.52634e-02
0.73467	6.55965e-02
0.73446	6.59423e-02
0.73422	6.63013e-02
0.73395	6.66737e-02
0.73366	6.70595e-02
0.73334	6.74585e-02
0.73299	6.78704e-02
0.73262	6.82945e-02
0.73222	6.87301e-02
0.73179	6.91762e-02
0.73134	6.96317e-02
0.73086	7.00957e-02
0.73034	7.05651e-02
0.72980	7.10399e-02
0.72924	7.15186e-02
0.72864	7.19997e-02
0.72803	7.24818e-02
0.72740	7.29633e-02
0.72675	7.34428e-02
0.72607	7.39187e-02
0.72539	7.43896e-02
0.72468	7.48540e-02
0.72396	7.53105e-02
0.72323	7.57576e-02
0.72249	7.61941e-02
0.72173	7.66186e-02
0.72097	7.70298e-02
0.72020	7.74265e-02
0.71943	7.78076e-02
0.71864	7.81629e-02
0.71785	7.84998e-02
0.71706	7.88175e-02
0.71627	7.91147e-02
0.71548	7.93906e-02
0.71470	7.96443e-02
0.71392	7.98751e-02
0.71314	8.00823e-02
0.71238	8.02653e-02
0.71163	8.04235e-02
0.71088	8.05565e-02
0.71016	8.06639e-02
0.70942	8.07660e-02
0.70870	8.08429e-02
0.70800	8.08940e-02
0.70732	8.09192e-02
0.70665	8.09185e-02
0.70601	8.08919e-02
0.70539	8.08395e-02
0.70479	8.07615e-02
0.70422	8.06582e-02
0.70367	8.05299e-02
0.70314	8.03769e-02
0.70265	8.01999e-02
0.70217	7.99976e-02
0.70173	7.97724e-02
0.70155	7.93511e-02
0.70139	7.89121e-02
0.70125	7.84536e-02
0.70113	7.79752e-02
0.70105	7.74772e-02
0.70099	7.69602e-02
0.70095	7.64247e-02
0.70094	7.58716e-02
0.70118	7.52037e-02
0.70157	7.44748e-02
0.70203	7.37305e-02
0.70245	7.30179e-02
0.70278	7.23437e-02
0.70303	7.16924e-02
0.70346	7.09273e-02
0.70386	7.01687e-02
0.70426	6.94131e-02
0.70467	6.86595e-02
0.70509	6.79076e-02
0.70553	6.71580e-02
0.70597	6.64114e-02
0.70644	6.56687e-02
0.70691	6.49310e-02
0.70741	6.41993e-02
0.70792	6.34747e-02
0.70844	6.27565e-02
0.70897	6.20479e-02
0.70952	6.13503e-02
0.71008	6.06650e-02
0.71066	5.99936e-02
0.71125	5.93374e-02
0.71186	5.86982e-02
0.71247	5.80774e-02
0.71310	5.74768e-02
0.71374	5.68980e-02
0.71439	5.63427e-02
0.71504	5.58099e-02
0.71570	5.53041e-02
0.71637	5.48268e-02
0.71704	5.43798e-02
0.71771	5.39645e-02
0.71839	5.35826e-02
0.71907	5.32355e-02
0.71974	5.29244e-02
0.72042	5.26507e-02
0.72111	5.24438e-02
0.72179	5.22609e-02
0.72245	5.21063e-02
0.72310	5.19826e-02
0.72374	5.18921e-02
0.72436	5.18362e-02
0.72497	5.18162e-02
0.72557	5.18327e-02
0.72614	5.18863e-02
0.72670	5.19771e-02
0.72724	5.21049e-02
0.72776	5.22691e-02
0.72827	5.24691e-02
0.72875	5.27039e-02
0.72920	5.29723e-02
0.72964	5.32729e-02
0.73005	5.36041e-02
0.73044	5.39642e-02
0.73081	5.43512e-02
0.73115	5.47632e-02
0.73146	5.51981e-02
0.73175	5.56536e-02
0.73201	5.61276e-02
0.73224	5.66177e-02
0.73245	5.71216e-02
0.73263	5.76370e-02
0.73278	5.81614e-02
0.73290	5.86926e-02
0.73300	5.92281e-02
0.73325	6.00659e-02
0.73341	6.08292e-02
0.73352	6.15485e-02
0.73359	6.22362e-02
0.73361	6.28967e-02
0.73359	6.35314e-02
0.73353	6.41408e-02
0.73344	6.47247e-02
0.73331	6.52830e-02
0.73314	6.58152e-02
0.73295	6.63213e-02
0.73272	6.68008e-02
0.73245	6.72531e-02
0.73215	6.76780e-02
0.73182	6.80753e-02
0.73146	6.84447e-02
0.73107	6.87859e-02
0.73066	6.90987e-02
0.73022	6.93829e-02
0.72976	6.96384e-02
0.72927	6.98651e-02
0.72876	7.00631e-02
0.72823	7.02323e-02
0.72768	7.03730e-02
0.72709	7.04768e-02
0.72648	7.05512e-02
0.72586	7.06012e-02
0.72521	7.06238e-02
0.72454	7.06195e-02
0.72386	7.05890e-02
0.72317	7.05329e-02
0.72246	7.04523e-02
0.72174	7.03481e-02
0.72100	7.02215e-02
0.72026	7.00732e-02
0.71951	6.99048e-02
0.71875	6.97179e-02
0.71798	6.95138e-02
0.71720	6.92943e-02
0.71642	6.90608e-02
0.71564	6.88151e-02
0.71486	6.85590e-02
0.71405	6.83529e-02
0.71327	6.80524e-02
0.71255	6.76471e-02
0.71186	6.71478e-02
0.71121	6.65901e-02
0.71058	6.60210e-02
0.70994	6.54768e-02
0.70929	6.49745e-02
0.70863	6.45160e-02
0.70797	6.40968e-02
0.70730	6.37111e-02
0.70664	6.33547e-02
0.70599	6.30249e-02
0.70534	6.27202e-02
0.70471	6.24399e-02
0.70408	6.21838e-02
0.70347	6.19518e-02
0.70288	6.17439e-02
0.70229	6.15601e-02
0.70173	6.14001e-02
0.70116	6.12716e-02
0.70060	6.11661e-02
0.70007	6.10825e-02
0.69955	6.10196e-02
0.69905	6.09763e-02
0.69858	6.09509e-02
0.69812	6.09420e-02
0.69769	6.09462e-02
0.69727	6.09630e-02
0.69700	6.12406e-02
0.69672	6.14728e-02
0.69645	6.16728e-02
0.69619	6.18501e-02
0.69595	6.20111e-02
0.69572	6.21600e-02
0.69552	6.22994e-02
0.69534	6.24310e-02
0.69518	6.25557e-02
0.69504	6.26743e-02
0.69493	6.27871e-02
0.69485	6.28943e-02
0.69478	6.29961e-02
0.69474	6.30924e-02
0.69473	6.31831e-02
0.69473	6.32682e-02
0.69476	6.33474e-02
0.69481	6.34206e-02
0.69487	6.34874e-02
0.69496	6.35478e-02
0.69506	6.36014e-02
0.69519	6.36482e-02
0.69533	6.36880e-02
0.69548	6.37207e-02
0.69565	6.37464e-02
0.69584	6.37651e-02
0.69604	6.37772e-02
0.69625	6.37828e-02
0.69648	6.37825e-02
0.69675	6.37895e-02
0.69704	6.37905e-02
0.69733	6.37864e-02
0.69763	6.37783e-02
0.69793	6.37672e-02
0.69824	6.37542e-02
0.69856	6.37407e-02
0.69889	6.37277e-02
0.69922	6.37166e-02
0.69956	6.37086e-02
0.69986	6.37235e-02
0.70016	6.37453e-02
0.70047	6.37753e-02
0.70078	6.38148e-02
0.70109	6.38649e-02
0.70141	6.39269e-02
0.70172	6.40019e-02
0.70204	6.40909e-02
0.70236	6.41948e-02
0.70267	6.43145e-02
0.70299	6.44506e-02
0.70331	6.46038e-02
0.70362	6.47746e-02
0.70394	6.49632e-02
0.70424	6.51730e-02
0.70453	6.54006e-02
0.70511	6.53242e-02
0.70568	6.52968e-02
0.70624	6.53052e-02
0.70679	6.53457e-02
0.70734	6.54178e-02
0.70788	6.55219e-02
0.70841	6.56584e-02
0.70892	6.58275e-02
0.70952	6.60359e-02
0.71015	6.62818e-02
0.71079	6.65628e-02
0.71141	6.68746e-02
0.71199	6.72121e-02
0.71252	6.75710e-02
0.71301	6.79441e-02
0.71342	6.83554e-02
0.71378	6.87823e-02
0.71411	6.92188e-02
0.71440	6.96611e-02
0.71466	7.01058e-02
0.71488	7.05495e-02
0.71506	7.09894e-02
0.71522	7.14229e-02
0.71534	7.18477e-02
0.71544	7.22619e-02
0.71551	7.26638e-02
0.71555	7.30520e-02
0.71557	7.34252e-02
0.71558	7.37823e-02
0.71557	7.41223e-02
0.71554	7.44442e-02
0.71550	7.47471e-02
0.71545	7.50303e-02
0.71539	7.52929e-02
0.71532	7.55342e-02
0.71525	7.57534e-02
0.71517	7.59500e-02
0.71510	7.61231e-02
0.71502	7.62723e-02
0.71493	7.63970e-02
0.71485	7.64967e-02
0.71478	7.65710e-02
0.71470	7.66196e-02
0.71477	7.67014e-02
0.71477	7.67291e-02
0.71477	7.67352e-02
0.71475	7.67049e-02
0.71473	7.66416e-02
0.71471	7.65473e-02
0.71470	7.64230e-02
0.71468	7.62698e-02
0.71468	7.60885e-02
0.71468	7.58797e-02
0.71468	7.56442e-02
0.71470	7.53828e-02
0.71472	7.50963e-02
0.71475	7.47854e-02
0.71479	7.44511e-02
0.71484	7.40942e-02
0.71491	7.37156e-02
0.71498	7.33164e-02
0.71507	7.28974e-02
0.71516	7.24597e-02
0.71527	7.20044e-02
0.71539	7.15325e-02
0.71553	7.10452e-02
0.71568	7.05437e-02
0.71584	7.00290e-02
0.71601	6.95023e-02
0.71620	6.89650e-02
0.71639	6.84181e-02
0.71661	6.78629e-02
0.71683	6.73007e-02
0.71707	6.67327e-02
0.71731	6.61533e-02
0.71757	6.55707e-02
0.71784	6.49861e-02
0.71813	6.44008e-02
0.71842	6.38159e-02
0.71873	6.32327e-02
0.71904	6.26522e-02
0.71937	6.20755e-02
0.71971	6.15037e-02
0.72005	6.09377e-02
0.72041	6.03784e-02
0.72078	5.98266e-02
0.72115	5.92848e-02
0.72153	5.87520e-02
0.72192	5.82290e-02
0.72231	5.77163e-02
0.72271	5.72144e-02
0.72312	5.67240e-02
0.72353	5.62452e-02
0.72394	5.57786e-02
0.72436	5.53244e-02
0.72478	5.48826e-02
0.72520	5.44536e-02
0.72562	5.40373e-02
0.72603	5.36399e-02
0.72644	5.32565e-02
0.72683	5.28841e-02
0.72720	5.25238e-02
0.72758	5.21753e-02
0.72794	5.18382e-02
0.72830	5.15122e-02
0.72865	5.11969e-02
0.72900	5.08918e-02
0.72933	5.05964e-02
0.72965	5.03100e-02
0.72997	5.00323e-02
0.73027	4.97627e-02
0.73056	4.95007e-02
0.73084	4.92459e-02
0.73110	4.89977e-02
0.73134	4.87555e-02
0.73158	4.85189e-02
0.73179	4.82876e-02
0.73199	4.80609e-02
0.73217	4.78383e-02
0.73233	4.76195e-02
0.73248	4.74042e-02
0.73260	4.71918e-02
0.73271	4.69822e-02
0.73280	4.67749e-02
0.73287	4.65699e-02
0.73292	4.63668e-02
0.73295	4.61654e-02
0.73296	4.59656e-02
0.73295	4.57673e-02
0.73292	4.55702e-02
0.73287	4.53745e-02
0.73280	4.51799e-02
0.73271	4.49865e-02
0.73259	4.47943e-02
0.73246	4.46033e-02
0.73231	4.44136e-02
0.73213	4.42253e-02
0.73194	4.40386e-02
0.73172	4.38534e-02
0.73149	4.36701e-02
0.73123	4.34887e-02
0.73096	4.33096e-02
0.73067	4.31330e-02
0.73036	4.29592e-02
0.73003	4.27884e-02
0.72969	4.26289e-02
0.72933	4.24620e-02
0.72894	4.22902e-02
0.72854	4.21153e-02
0.72812	4.19388e-02
0.72768	4.17619e-02
0.72722	4.15856e-02
0.72673	4.13987e-02
0.72622	4.12126e-02
0.72570	4.10283e-02
0.72516	4.08467e-02
0.72461	4.06686e-02
0.72405	4.04949e-02
0.72348	4.03262e-02
0.72289	4.01633e-02
0.72229	4.00069e-02
0.72168	3.98578e-02
0.72107	3.97167e-02
0.72044	3.95787e-02
0.71980	3.94495e-02
0.71916	3.93295e-02
0.71851	3.92196e-02
0.71786	3.91204e-02
0.71720	3.90323e-02
0.71654	3.89561e-02
0.71588	3.88921e-02
0.71522	3.88410e-02
0.71456	3.88030e-02
0.71389	3.87787e-02
0.71323	3.87684e-02
0.71257	3.87725e-02
0.71192	3.87911e-02
0.71126	3.88245e-02
0.71062	3.88728e-02
0.70997	3.89363e-02
0.70934	3.90149e-02
0.70871	3.91086e-02
0.70809	3.92175e-02
0.70748	3.93414e-02
0.70687	3.94802e-02
0.70628	3.96337e-02
0.70569	3.98015e-02
0.70512	3.99837e-02
0.70456	4.01799e-02
0.70401	4.03899e-02
0.70348	4.06132e-02
0.70295	4.08496e-02
0.70245	4.10985e-02
0.70195	4.13596e-02
0.70150	4.16501e-02
0.70106	4.19534e-02
0.70063	4.22699e-02
0.70023	4.25994e-02
0.69985	4.29414e-02
0.69948	4.32948e-02
0.69940	4.31961e-02
0.69932	4.31461e-02
0.69925	4.31245e-02
0.69920	4.31280e-02
0.69916	4.31581e-02
0.69914	4.32172e-02
0.69912	4.33073e-02
0.69912	4.34296e-02
0.69912	4.35849e-02
0.69913	4.37734e-02
0.69914	4.39948e-02
0.69915	4.42483e-02
0.69917	4.45328e-02
0.69920	4.48468e-02
0.69937	4.50933e-02
0.69961	4.52689e-02
0.69983	4.54908e-02
0.70003	4.57496e-02
0.70023	4.60394e-02
0.70043	4.63559e-02
0.70062	4.66957e-02
0.70082	4.70561e-02
0.70103	4.74346e-02
0.70123	4.78296e-02
0.70145	4.82393e-02
0.70167	4.86625e-02
0.70190	4.90982e-02
0.70214	4.95452e-02
0.70238	5.00026e-02
0.70264	5.04694e-02
0.70290	5.09448e-02
0.70317	5.14277e-02
0.70345	5.19170e-02
0.70374	5.24118e-02
0.70403	5.29110e-02
0.70433	5.34135e-02
0.70464	5.39184e-02
0.70493	5.44079e-02
0.70522	5.48967e-02
0.70552	5.53848e-02
0.70581	5.58716e-02
0.70612	5.63568e-02
0.70642	5.68400e-02
0.70673	5.73209e-02
0.70704	5.77992e-02
0.70736	5.83046e-02
0.70768	5.88106e-02
0.70800	5.93178e-02
0.70829	5.98141e-02
0.70858	6.03111e-02
0.70886	6.08093e-02
0.70913	6.13084e-02
0.70938	6.18083e-02
0.70963	6.23084e-02
0.70987	6.28077e-02
0.71009	6.33052e-02
0.71030	6.37996e-02
0.71050	6.42893e-02
0.71068	6.47726e-02
0.71085	6.52477e-02
0.71101	6.57126e-02
0.71115	6.61653e-02
0.71127	6.66041e-02
0.71139	6.70269e-02
0.71148	6.74321e-02
0.71156	6.78181e-02
0.71163	6.81836e-02
0.71168	6.85272e-02
0.71171	6.88480e-02
0.71173	6.91451e-02
0.71174	6.94177e-02
0.71172	6.96652e-02
0.71170	6.98872e-02
0.71166	7.00832e-02
0.71160	7.02529e-02
0.71154	7.03959e-02
0.71145	7.05120e-02
0.71136	7.06010e-02
0.71125	7.06625e-02
0.71113	7.06964e-02
0.71099	7.07025e-02
0.71085	7.06805e-02
0.71069	7.06303e-02
0.71052	7.05518e-02
0.71033	7.04448e-02
0.71014	7.03093e-02
0.70991	7.01913e-02
0.70966	7.00470e-02
0.70941	6.98759e-02
0.70914	6.96784e-02
0.70887	6.94548e-02
0.70858	6.92055e-02
0.70828	6.89313e-02
0.70798	6.86327e-02
0.70766	6.83060e-02
0.70733	6.79566e-02
0.70700	6.75856e-02
0.70666	6.71939e-02
0.70632	6.67828e-02
0.70598	6.63532e-02
0.70563	6.59061e-02
0.70527	6.54428e-02
0.70492	6.49645e-02
0.70457	6.44724e-02
0.70421	6.39675e-02
0.70386	6.34513e-02
0.70351	6.29247e-02
0.70316	6.23892e-02
0.70281	6.18443e-02
0.70247	6.12928e-02
0.70213	6.07362e-02
0.70180	6.01755e-02
0.70147	5.96122e-02
0.70115	5.90474e-02
0.70082	5.84656e-02
0.70048	5.79048e-02
0.70012	5.73629e-02
0.69978	5.68250e-02
0.69943	5.62924e-02
0.69910	5.57664e-02
0.69877	5.52484e-02
0.69845	5.47398e-02
0.69814	5.42417e-02
0.69784	5.37554e-02
0.69755	5.32823e-02
0.69727	5.28235e-02
0.69701	5.23802e-02
0.69676	5.19536e-02
0.69652	5.15448e-02
0.69630	5.11549e-02
0.69609	5.07848e-02
0.69590	5.04357e-02
0.69572	5.01082e-02
0.69556	4.98033e-02
0.69542	4.95217e-02
0.69530	4.92641e-02
0.69519	4.90309e-02
0.69509	4.88240e-02
0.69501	4.86423e-02
0.69495	4.84858e-02
0.69490	4.83548e-02
0.69487	4.82491e-02
0.69486	4.81686e-02
0.69487	4.81131e-02
0.69490	4.80821e-02
0.69495	4.80759e-02
0.69502	4.80879e-02
0.69510	4.81223e-02
0.69520	4.81788e-02
0.69532	4.82615e-02
0.69546	4.83714e-02
0.69562	4.85092e-02
0.69580	4.86751e-02
0.69601	4.88664e-02
0.69623	4.90841e-02
0.69648	4.93266e-02
0.69675	4.95916e-02
0.69704	4.98759e-02
0.69735	5.01762e-02
0.69767	5.04883e-02
0.69802	5.08081e-02
0.69837	5.11315e-02
0.69875	5.14545e-02
0.69913	5.17735e-02
0.69952	5.20852e-02
0.69993	5.23872e-02
0.70034	5.26773e-02
0.70076	5.29541e-02
0.70119	5.32168e-02
0.70162	5.34648e-02
0.70206	5.36980e-02
0.70251	5.39168e-02
0.70296	5.41216e-02
0.70342	5.43132e-02
0.70389	5.44924e-02
0.70436	5.46600e-02
0.70483	5.48171e-02
0.70531	5.49646e-02
0.70580	5.51035e-02
0.70628	5.52349e-02
0.70678	5.53596e-02
0.70727	5.54785e-02
0.70778	5.55925e-02
0.70828	5.57023e-02
0.70878	5.58086e-02
0.70929	5.59122e-02
0.70979	5.60195e-02
0.71029	5.61255e-02
0.71079	5.62306e-02
0.71129	5.63354e-02
0.71178	5.64401e-02
0.71228	5.65452e-02
0.71277	5.66508e-02
0.71325	5.67573e-02
0.71376	5.68632e-02
0.71427	5.69724e-02
0.71476	5.70847e-02
0.71525	5.71999e-02
0.71572	5.73176e-02
0.71619	5.74377e-02
0.71664	5.75598e-02
0.71709	5.76838e-02
0.71752	5.78094e-02
0.71793	5.79362e-02
0.71834	5.80640e-02
0.71873	5.81925e-02
0.71910	5.83213e-02
0.71946	5.84501e-02
0.71980	5.85782e-02
0.72012	5.87054e-02
0.72043	5.88314e-02
0.72072	5.89559e-02
0.72099	5.90785e-02
0.72124	5.91988e-02
0.72146	5.93225e-02
0.72180	5.95256e-02
0.72210	5.97255e-02
0.72238	5.99193e-02
0.72264	6.01061e-02
0.72287	6.02850e-02
0.72307	6.04548e-02
0.72324	6.06145e-02
0.72339	6.07632e-02
0.72350	6.08999e-02
0.72359	6.10239e-02
0.72364	6.11347e-02
0.72367	6.12320e-02
0.72366	6.13158e-02
0.72363	6.13864e-02
0.72357	6.14439e-02
0.72347	6.14891e-02
0.72335	6.15225e-02
0.72321	6.15450e-02
0.72303	6.15574e-02
0.72284	6.15605e-02
0.72261	6.15552e-02
0.72236	6.15547e-02
0.72209	6.15503e-02
0.72180	6.15417e-02
0.72149	6.15296e-02
0.72116	6.15145e-02
0.72081	6.14972e-02
0.72044	6.14780e-02
0.72006	6.14575e-02
0.71967	6.14363e-02
0.71926	6.14050e-02
0.71883	6.13728e-02
0.71839	6.13401e-02
0.71793	6.13006e-02
0.71746	6.12605e-02
0.71698	6.12202e-02
0.71650	6.11799e-02
0.71600	6.11400e-02
0.71550	6.11006e-02
0.71498	6.10622e-02
0.71447	6.10248e-02
0.71394	6.09835e-02
0.71341	6.09435e-02
0.71288	6.09053e-02
0.71234	6.08690e-02
0.71180	6.08350e-02
0.71126	6.08035e-02
0.71072	6.07747e-02
0.71018	6.07488e-02
0.70962	6.07266e-02
0.70907	6.07072e-02
0.70852	6.06907e-02
0.70797	6.06774e-02
0.70742	6.06673e-02
0.70688	6.06607e-02
0.70634	6.06575e-02
0.70581	6.06578e-02
0.70528	6.06617e-02
0.70476	6.06691e-02
0.70425	6.06800e-02
0.70374	6.06944e-02
0.70323	6.07120e-02
0.70274	6.07328e-02
0.70225	6.07564e-02
0.70177	6.07827e-02
0.70130	6.08113e-02
0.70084	6.08419e-02
0.70039	6.08740e-02
0.69995	6.09073e-02
0.69951	6.09413e-02
0.69909	6.09755e-02
0.69868	6.10092e-02
0.69828	6.10418e-02
0.69789	6.10729e-02
0.69751	6.11016e-02
0.69714	6.11273e-02
0.69678	6.11492e-02
0.69644	6.11667e-02
0.69611	6.11790e-02
0.69578	6.11774e-02
0.69546	6.11682e-02
0.69515	6.11506e-02
0.69486	6.11239e-02
0.69457	6.10874e-02
0.69430	6.10402e-02
0.69404	6.09817e-02
0.69380	6.09110e-02
0.69356	6.08275e-02
0.69334	6.07306e-02
0.69313	6.06196e-02
0.69293	6.04940e-02
0.69274	6.03531e-02
0.69257	6.01965e-02
0.69260	6.00909e-02
0.69263	5.99662e-02
0.69267	5.98207e-02
0.69271	5.96527e-02
0.69275	5.94615e-02
0.69279	5.92467e-02
0.69281	5.90151e-02
0.69283	5.87621e-02
0.69281	5.85284e-02
0.69278	5.82786e-02
0.69276	5.80126e-02
0.69274	5.77308e-02
0.69272	5.74340e-02
0.69270	5.71231e-02
0.69269	5.67990e-02
0.69268	5.64626e-02
0.69267	5.61150e-02
0.69266	5.57565e-02
0.69266	5.53890e-02
0.69266	5.50135e-02
0.69266	5.46313e-02
0.69267	5.42435e-02
0.69268	5.38515e-02
0.69269	5.34566e-02
0.69270	5.30602e-02
0.69272	5.26636e-02
0.69274	5.22683e-02
0.69276	5.18758e-02
0.69296	5.12171e-02
0.69319	5.06434e-02
0.69340	5.01125e-02
0.69358	4.96194e-02
0.69375	4.91610e-02
0.69391	4.87351e-02
0.69404	4.83400e-02
0.69416	4.79747e-02
0.69426	4.76380e-02
0.69435	4.73295e-02
0.69442	4.70486e-02
0.69448	4.67950e-02
0.69472	4.65344e-02
0.69493	4.63169e-02
0.69511	4.61408e-02
0.69529	4.60051e-02
0.69544	4.59089e-02
0.69558	4.58515e-02
0.69572	4.58324e-02
0.69584	4.58514e-02
0.69593	4.58791e-02
0.69602	4.59423e-02
0.69609	4.60412e-02
0.69616	4.61757e-02
0.69623	4.63456e-02
0.69628	4.65504e-02
0.69632	4.67928e-02
0.69634	4.70693e-02
0.69634	4.73745e-02
0.69634	4.77107e-02
0.69632	4.80769e-02
0.69630	4.84714e-02
0.69627	4.88927e-02
0.69624	4.93389e-02
0.69619	4.98081e-02
0.69614	5.02985e-02
0.69609	5.08079e-02
0.69603	5.13345e-02
0.69597	5.18761e-02
0.69590	5.24308e-02
0.69583	5.29967e-02
0.69576	5.35718e-02
0.69569	5.41543e-02
0.69562	5.47425e-02
0.69555	5.53346e-02
0.69548	5.59290e-02
0.69541	5.65240e-02
0.69535	5.71183e-02
0.69529	5.77104e-02
0.69524	5.82990e-02
0.69519	5.88827e-02
0.69515	5.94604e-02
0.69512	6.00310e-02
0.69509	6.05934e-02
0.69507	6.11466e-02
0.69507	6.16897e-02
0.69507	6.22219e-02
0.69508	6.27424e-02
0.69528	6.31746e-02
0.69553	6.35767e-02
0.69581	6.39646e-02
0.69608	6.43493e-02
0.69632	6.47342e-02
0.69654	6.51173e-02
0.69675	6.54951e-02
0.69695	6.58647e-02
0.69715	6.62236e-02
0.69736	6.65705e-02
0.69757	6.69043e-02
0.69780	6.72247e-02
0.69804	6.75313e-02
0.69829	6.78244e-02
0.69855	6.81039e-02
0.69882	6.83703e-02
0.69911	6.86237e-02
0.69941	6.88647e-02
0.69973	6.90936e-02
0.70005	6.93108e-02
0.70037	6.95210e-02
0.70070	6.97213e-02
0.70103	6.99287e-02
0.70137	7.01265e-02
0.70171	7.03155e-02
0.70206	7.04962e-02
0.70243	7.06692e-02
0.70279	7.08347e-02
0.70316	7.09931e-02
0.70354	7.11445e-02
0.70393	7.12893e-02
0.70431	7.14270e-02
0.70471	7.15583e-02
0.70510	7.16832e-02
0.70550	7.18018e-02
0.70591	7.19139e-02
0.70631	7.20195e-02
0.70672	7.21185e-02
0.70713	7.22107e-02
0.70754	7.22960e-02
0.70795	7.23741e-02
0.70837	7.24447e-02
0.70897	7.23192e-02
0.70955	7.22047e-02
0.71012	7.20880e-02
0.71069	7.19653e-02
0.71126	7.18364e-02
0.71183	7.17025e-02
0.71239	7.15645e-02
0.71294	7.14236e-02
0.71348	7.12804e-02
0.71400	7.11353e-02
0.71452	7.09886e-02
0.71502	7.08401e-02
0.71556	7.07618e-02
0.71608	7.06754e-02
0.71659	7.05827e-02
0.71707	7.04845e-02
0.71754	7.03813e-02
0.71799	7.02728e-02
0.71843	7.01586e-02
0.71884	7.00377e-02
0.71924	6.99087e-02
0.71961	6.97705e-02
0.71997	6.96214e-02
0.72030	6.94599e-02
0.72061	6.92846e-02
0.72089	6.90943e-02
0.72115	6.88880e-02
0.72138	6.86648e-02
0.72158	6.84220e-02
0.72175	6.81619e-02
0.72188	6.78845e-02
0.72199	6.75903e-02
0.72207	6.72800e-02
0.72212	6.69544e-02
0.72214	6.66145e-02
0.72213	6.62613e-02
0.72209	6.58961e-02
0.72202	6.55200e-02
0.72192	6.51342e-02
0.72179	6.47400e-02
0.72164	6.43385e-02
0.72145	6.39309e-02
0.72125	6.35183e-02
0.72101	6.31018e-02
0.72075	6.26824e-02
0.72046	6.22610e-02
0.72015	6.18387e-02
0.71981	6.14162e-02
0.71945	6.09944e-02
0.71907	6.05740e-02
0.71866	6.01557e-02
0.71823	5.97403e-02
0.71777	5.93283e-02
0.71730	5.89202e-02
0.71688	5.83578e-02
0.71643	5.78244e-02
0.71596	5.73025e-02
0.71547	5.67838e-02
0.71508	5.63299e-02
0.71471	5.58825e-02
0.71431	5.54267e-02
0.71388	5.49550e-02
0.71341	5.44667e-02
0.71292	5.39647e-02
0.71240	5.34528e-02
0.71187	5.29346e-02
0.71132	5.24132e-02
0.71076	5.18912e-02
0.71018	5.13707e-02
0.70960	5.08530e-02
0.70901	5.03392e-02
0.70841	4.98300e-02
0.70782	4.93256e-02
0.70722	4.88258e-02
0.70662	4.83304e-02
0.70602	4.78389e-02
0.70543	4.73507e-02
0.70484	4.68652e-02
0.70447	4.66545e-02
0.70408	4.64176e-02
0.70367	4.61617e-02
0.70325	4.58887e-02
0.70282	4.55989e-02
0.70238	4.52921e-02
0.70193	4.49687e-02
0.70148	4.46293e-02
0.70101	4.42751e-02
0.70054	4.39079e-02
0.70007	4.35295e-02
0.69957	4.31352e-02
0.69907	4.27325e-02
0.69857	4.23239e-02
0.69807	4.19119e-02
0.69755	4.14905e-02
0.69703	4.10685e-02
0.69650	4.06483e-02
0.69598	4.02324e-02
0.69546	3.98231e-02
0.69495	3.94229e-02
0.69444	3.90340e-02
0.69412	3.85216e-02
0.69379	3.80382e-02
0.69346	3.75848e-02
0.69314	3.71636e-02
0.69282	3.67768e-02
0.69250	3.64266e-02
0.69219	3.61150e-02
0.69189	3.58437e-02
0.69159	3.56144e-02
0.69131	3.54284e-02
0.69103	3.52867e-02
0.69076	3.51902e-02
0.69050	3.51393e-02
0.69024	3.51340e-02
0.69001	3.51745e-02
0.68978	3.52606e-02
0.68957	3.53922e-02
0.68937	3.55686e-02
0.68919	3.57892e-02
0.68903	3.60531e-02
0.68881	3.63139e-02
0.68862	3.66215e-02
0.68846	3.69752e-02
0.68833	3.73742e-02
0.68823	3.78180e-02
0.68816	3.83060e-02
0.68812	3.88401e-02
0.68812	3.94167e-02
0.68814	4.00400e-02
0.68820	4.07026e-02
0.68828	4.14013e-02
0.68840	4.21324e-02
0.68854	4.28913e-02
0.68869	4.36732e-02
0.68886	4.44737e-02
0.68904	4.52885e-02
0.68924	4.61143e-02
0.68944	4.69484e-02
0.68965	4.77886e-02
0.68987	4.86328e-02
0.69010	4.94794e-02
0.69034	5.03268e-02
0.69058	5.11732e-02
0.69084	5.20171e-02
0.69110	5.28568e-02
0.69137	5.36905e-02
0.69164	5.45166e-02
0.69193	5.53335e-02
0.69222	5.61396e-02
0.69251	5.69336e-02
0.69281	5.77140e-02
0.69311	5.84796e-02
0.69342	5.92293e-02
0.69373	5.99621e-02
0.69404	6.06966e-02
0.69435	6.14154e-02
0.69466	6.21173e-02
0.69497	6.28014e-02
0.69533	6.34935e-02
0.69571	6.41765e-02
0.69610	6.48508e-02
0.69650	6.55161e-02
0.69692	6.61714e-02
0.69735	6.68149e-02
0.69778	6.74443e-02
0.69821	6.80568e-02
0.69863	6.86493e-02
0.69905	6.92191e-02
0.69945	6.97636e-02
0.69983	7.02806e-02
0.70019	7.07686e-02
0.70053	7.12263e-02
0.70084	7.16528e-02
0.70114	7.20476e-02
0.70140	7.24105e-02
0.70165	7.27413e-02
0.70186	7.30403e-02
0.70206	7.33076e-02
0.70221	7.35393e-02
0.70233	7.37394e-02
0.70244	7.39084e-02
0.70252	7.40470e-02
0.70258	7.41560e-02
0.70261	7.42360e-02
0.70263	7.42880e-02
0.70262	7.43128e-02
0.70260	7.43113e-02
0.70256	7.42843e-02
0.70250	7.42327e-02
0.70241	7.41614e-02
0.70230	7.40677e-02
0.70218	7.39526e-02
0.70204	7.38171e-02
0.70189	7.36658e-02
0.70171	7.34964e-02
0.70153	7.33095e-02
0.70133	7.31061e-02
0.70111	7.28872e-02
0.70089	7.26537e-02
0.70065	7.24066e-02
0.70039	7.21416e-02
0.70012	7.18649e-02
0.69984	7.15775e-02
0.69954	7.12803e-02
0.69924	7.09743e-02
0.69893	7.06605e-02
0.69862	7.03400e-02
0.69829	7.00137e-02
0.69796	6.96827e-02
0.69761	6.93482e-02
0.69727	6.90110e-02
0.69691	6.86724e-02
0.69655	6.83325e-02
0.69619	6.79934e-02
0.69581	6.76399e-02
0.69542	6.72857e-02
0.69504	6.69321e-02
0.69464	6.65803e-02
0.69424	6.62315e-02
0.69384	6.58868e-02
0.69344	6.55473e-02
0.69303	6.52141e-02
0.69263	6.48880e-02
0.69222	6.45702e-02
0.69181	6.42616e-02
0.69140	6.39631e-02
0.69126	6.34348e-02
0.69106	6.29648e-02
0.69083	6.25410e-02
0.69058	6.21507e-02
0.69031	6.17899e-02
0.69003	6.14564e-02
0.68974	6.11490e-02
0.68945	6.08672e-02
0.68915	6.06102e-02
0.68884	6.03780e-02
0.68853	6.01700e-02
0.68822	5.99860e-02
0.68791	5.98257e-02
0.68760	5.96887e-02
0.68729	5.95747e-02
0.68698	5.94832e-02
0.68667	5.94136e-02
0.68637	5.93655e-02
0.68607	5.93383e-02
0.68577	5.93312e-02
0.68548	5.93436e-02
0.68518	5.93669e-02
0.68489	5.94076e-02
0.68460	5.94648e-02
0.68432	5.95376e-02
0.68405	5.96250e-02
0.68379	5.97261e-02
0.68353	5.98397e-02
0.68325	5.99934e-02
0.68298	6.01610e-02
0.68271	6.03402e-02
0.68245	6.05294e-02
0.68219	6.07219e-02
0.68193	6.09209e-02
0.68168	6.11251e-02
0.68144	6.13330e-02
0.68120	6.15432e-02
0.68097	6.17543e-02
0.68075	6.19651e-02
0.68054	6.21741e-02
0.68034	6.23802e-02
0.68014	6.25821e-02
0.67995	6.27786e-02
0.67974	6.29525e-02
0.67955	6.31175e-02
0.67936	6.32730e-02
0.67917	6.34179e-02
0.67900	6.35513e-02
0.67883	6.36722e-02
0.67867	6.37798e-02
0.67852	6.38733e-02
0.67837	6.39518e-02
0.67822	6.40193e-02
0.67807	6.40713e-02
0.67794	6.41071e-02
0.67780	6.41260e-02
0.67768	6.41273e-02
0.67756	6.41106e-02
0.67744	6.40754e-02
0.67733	6.40213e-02
0.67723	6.39479e-02
0.67713	6.38550e-02
0.67704	6.37423e-02
0.67696	6.36106e-02
0.67688	6.34588e-02
0.67681	6.32869e-02
0.67674	6.30949e-02
0.67676	6.29159e-02
0.67676	6.27078e-02
0.67677	6.24742e-02
0.67677	6.22172e-02
0.67677	6.19381e-02
0.67678	6.16377e-02
0.67679	6.13168e-02
0.67681	6.09759e-02
0.67683	6.06158e-02
0.67685	6.02369e-02
0.67688	5.98401e-02
0.67692	5.94258e-02
0.67696	5.89949e-02
0.67700	5.85481e-02
0.67706	5.80861e-02
0.67711	5.76099e-02
0.67717	5.71203e-02
0.67724	5.66181e-02
0.67731	5.61043e-02
0.67743	5.55984e-02
0.67756	5.50830e-02
0.67766	5.45177e-02
0.67776	5.39396e-02
0.67786	5.33510e-02
0.67797	5.27534e-02
0.67807	5.21481e-02
0.67818	5.15362e-02
0.67828	5.09186e-02
0.67839	5.02963e-02
0.67850	4.96703e-02
0.67860	4.90415e-02
0.67871	4.84107e-02
0.67881	4.77790e-02
0.67891	4.71473e-02
0.67901	4.65165e-02
0.67911	4.58889e-02
0.67921	4.52645e-02
0.67931	4.46444e-02
0.67940	4.40295e-02
0.67950	4.34207e-02
0.67959	4.28191e-02
0.67969	4.22254e-02
0.67978	4.16405e-02
0.67988	4.10652e-02
0.67998	4.05002e-02
0.68007	3.99460e-02
0.68017	3.94033e-02
0.68027	3.88724e-02
0.68036	3.83532e-02
0.68046	3.78467e-02
0.68055	3.73529e-02
0.68064	3.68720e-02
0.68074	3.64041e-02
0.68084	3.59492e-02
0.68094	3.55072e-02
0.68104	3.50780e-02
0.68114	3.46615e-02
0.68124	3.42576e-02
0.68135	3.38659e-02
0.68146	3.34863e-02
0.68157	3.31187e-02
0.68188	3.28370e-02
0.68217	3.25783e-02
0.68246	3.23405e-02
0.68275	3.21214e-02
0.68303	3.19190e-02
0.68330	3.17312e-02
0.68357	3.15562e-02
0.68384	3.13924e-02
0.68410	3.12386e-02
0.68436	3.10936e-02
0.68462	3.09566e-02
0.68487	3.08272e-02
0.68512	3.07051e-02
0.68537	3.05903e-02
0.68561	3.04831e-02
0.68585	3.03828e-02
0.68608	3.02909e-02
0.68631	3.02082e-02
0.68654	3.01358e-02
0.68677	3.00750e-02
0.68700	3.00271e-02
0.68723	2.99936e-02
0.68746	2.99759e-02
0.68768	2.99756e-02
0.68789	2.99983e-02
0.68810	3.00427e-02
0.68831	3.01105e-02
0.68851	3.02031e-02
0.68872	3.03217e-02
0.68892	3.04675e-02
0.68913	3.06415e-02
0.68933	3.08445e-02
0.68953	3.10769e-02
0.68973	3.13392e-02
0.68992	3.16312e-02
0.69010	3.19735e-02
0.69028	3.23477e-02
0.69045	3.27530e-02
0.69061	3.31887e-02
0.69081	3.36407e-02
0.69100	3.41265e-02
0.69118	3.46433e-02
0.69135	3.51890e-02
0.69152	3.57616e-02
0.69168	3.63592e-02
0.69184	3.69800e-02
0.69199	3.76221e-02
0.69213	3.82836e-02
0.69227	3.89628e-02
0.69240	3.96578e-02
0.69253	4.03667e-02
0.69264	4.10874e-02
0.69275	4.18180e-02
0.69285	4.25562e-02
0.69294	4.32998e-02
0.69301	4.40466e-02
0.69308	4.47940e-02
0.69313	4.55397e-02
0.69316	4.62799e-02
0.69319	4.70134e-02
0.69328	4.78948e-02
0.69335	4.87597e-02
0.69341	4.96055e-02
0.69344	5.04302e-02
0.69346	5.12316e-02
0.69345	5.20080e-02
0.69342	5.27577e-02
0.69337	5.34792e-02
0.69330	5.41711e-02
0.69320	5.48323e-02
0.69309	5.54615e-02
0.69295	5.60579e-02
0.69280	5.66206e-02
0.69262	5.71488e-02
0.69241	5.76520e-02
0.69219	5.81194e-02
0.69194	5.85507e-02
0.69167	5.89454e-02
0.69138	5.93032e-02
0.69108	5.96239e-02
0.69075	5.99072e-02
0.69041	6.01530e-02
0.69005	6.03614e-02
0.68967	6.05324e-02
0.68927	6.06660e-02
0.68886	6.07625e-02
0.68843	6.08221e-02
0.68820	6.08523e-02
0.68795	6.08548e-02
0.68767	6.08288e-02
0.68738	6.07739e-02
0.68706	6.06897e-02
0.68673	6.05762e-02
0.68637	6.04335e-02
0.68600	6.02614e-02
0.68561	6.00598e-02
0.68520	5.98287e-02
0.68477	5.95683e-02
0.68433	5.92786e-02
0.68388	5.89599e-02
0.68339	5.86172e-02
0.68289	5.82468e-02
0.68238	5.78493e-02
0.68203	5.73217e-02
0.68167	5.67981e-02
0.68126	5.62673e-02
0.68083	5.57239e-02
0.68039	5.51664e-02
0.67994	5.45955e-02
0.67948	5.40127e-02
0.67901	5.34203e-02
0.67853	5.28200e-02
0.67806	5.22141e-02
0.67758	5.16049e-02
0.67710	5.09945e-02
0.67675	5.03510e-02
0.67639	4.97139e-02
0.67603	4.90846e-02
0.67567	4.84649e-02
0.67531	4.78572e-02
0.67496	4.72638e-02
0.67461	4.66870e-02
0.67428	4.61292e-02
0.67395	4.55927e-02
0.67364	4.50794e-02
0.67333	4.45914e-02
0.67304	4.41304e-02
0.67276	4.36979e-02
0.67249	4.32953e-02
0.67224	4.29237e-02
0.67200	4.25840e-02
0.67177	4.22773e-02
0.67156	4.20040e-02
0.67136	4.17650e-02
0.67118	4.15605e-02
0.67101	4.13910e-02
0.67086	4.12566e-02
0.67073	4.11576e-02
0.67061	4.10938e-02
0.67051	4.10702e-02
0.67042	4.10829e-02
0.67035	4.11316e-02
0.67030	4.12154e-02
0.67036	4.11687e-02
0.67044	4.11666e-02
0.67054	4.12069e-02
0.67065	4.12875e-02
0.67078	4.14062e-02
0.67093	4.15608e-02
0.67110	4.17491e-02
0.67129	4.19690e-02
0.67150	4.22183e-02
0.67174	4.24948e-02
0.67199	4.27963e-02
0.67227	4.31202e-02
0.67257	4.34642e-02
0.67289	4.38257e-02
0.67323	4.42020e-02
0.67368	4.47084e-02
0.67414	4.52124e-02
0.67465	4.57682e-02
0.67517	4.63153e-02
0.67571	4.68529e-02
0.67627	4.73792e-02
0.67684	4.78926e-02
0.67743	4.83913e-02
0.67803	4.88738e-02
0.67865	4.93392e-02
0.67929	4.97867e-02
0.67993	5.02160e-02
0.68059	5.06274e-02
0.68126	5.10212e-02
0.68194	5.13980e-02
0.68263	5.17588e-02
0.68332	5.21049e-02
0.68402	5.24367e-02
0.68472	5.27548e-02
0.68542	5.30601e-02
0.68612	5.33529e-02
0.68681	5.36338e-02
0.68751	5.39031e-02
0.68820	5.41609e-02
0.68889	5.44074e-02
0.68956	5.46426e-02
0.69024	5.48664e-02
0.69090	5.50787e-02
0.69155	5.52794e-02
0.69218	5.54708e-02
0.69280	5.56500e-02
0.69340	5.58168e-02
0.69399	5.59708e-02
0.69457	5.61120e-02
0.69513	5.62400e-02
0.69567	5.63548e-02
0.69620	5.64562e-02
0.69671	5.65439e-02
0.69720	5.66180e-02
0.69767	5.66783e-02
0.69812	5.67248e-02
0.69855	5.67575e-02
0.69895	5.67777e-02
0.69934	5.67840e-02
0.69969	5.67767e-02
0.70002	5.67585e-02
0.70034	5.67334e-02
0.70064	5.66953e-02
0.70091	5.66444e-02
0.70116	5.65811e-02
0.70137	5.65058e-02
0.70156	5.64189e-02
0.70172	5.63209e-02
0.70186	5.62122e-02
0.70197	5.60933e-02
0.70204	5.59649e-02
0.70210	5.58275e-02
0.70227	5.57966e-02
0.70238	5.57347e-02
0.70245	5.56531e-02
0.70248	5.55576e-02
0.70248	5.54515e-02
0.70245	5.53367e-02
0.70239	5.52148e-02
0.70230	5.50872e-02
0.70219	5.49550e-02
0.70205	5.48192e-02
0.70188	5.46808e-02
0.70169	5.45408e-02
0.70148	5.44000e-02
0.70124	5.42593e-02
0.70098	5.41194e-02
0.70070	5.39811e-02
0.70041	5.38452e-02
0.70009	5.37122e-02
0.69975	5.35828e-02
0.69940	5.34576e-02
0.69904	5.33370e-02
0.69866	5.32217e-02
0.69826	5.31119e-02
0.69785	5.30082e-02
0.69747	5.29301e-02
0.69706	5.28565e-02
0.69664	5.27878e-02
0.69621	5.27250e-02
0.69576	5.26742e-02
0.69531	5.26301e-02
0.69485	5.25924e-02
0.69439	5.25610e-02
0.69393	5.25356e-02
0.69347	5.25160e-02
0.69301	5.25019e-02
0.69255	5.24931e-02
0.69210	5.24890e-02
0.69165	5.24893e-02
0.69121	5.24937e-02
0.69078	5.25016e-02
0.69036	5.25126e-02
0.68994	5.25262e-02
0.68954	5.25419e-02
0.68915	5.25566e-02
0.68877	5.25722e-02
0.68839	5.25736e-02
0.68802	5.25729e-02
0.68767	5.25700e-02
0.68734	5.25649e-02
0.68702	5.25574e-02
0.68672	5.25472e-02
0.68644	5.25340e-02
0.68619	5.25177e-02
0.68595	5.24980e-02
0.68573	5.24747e-02
0.68554	5.24477e-02
0.68537	5.24170e-02
0.68522	5.23825e-02
0.68510	5.23442e-02
0.68499	5.23082e-02
0.68492	5.22681e-02
0.68487	5.22241e-02
0.68484	5.21767e-02
0.68484	5.21260e-02
0.68486	5.20726e-02
0.68491	5.20167e-02
0.68499	5.19588e-02
0.68509	5.18994e-02
0.68522	5.18390e-02
0.68537	5.17782e-02
0.68555	5.17176e-02
0.68575	5.16578e-02
0.68605	5.15315e-02
0.68636	5.14129e-02
0.68669	5.12982e-02
0.68705	5.11851e-02
0.68743	5.10725e-02
0.68784	5.09597e-02
0.68827	5.08465e-02
0.68873	5.07331e-02
0.68921	5.06197e-02
0.68972	5.05068e-02
0.69026	5.03953e-02
0.69082	5.02859e-02
0.69140	5.01800e-02
0.69216	5.00842e-02
0.69293	4.99937e-02
0.69372	4.99105e-02
0.69453	4.98365e-02
0.69535	4.97737e-02
0.69618	4.97241e-02
0.69702	4.96894e-02
0.69786	4.96713e-02
0.69871	4.96711e-02
0.69954	4.96896e-02
0.70037	4.97275e-02
0.70119	4.97848e-02
0.70200	4.98615e-02
0.70279	4.99568e-02
0.70356	5.00697e-02
0.70439	5.03056e-02
0.70517	5.05411e-02
0.70592	5.07773e-02
0.70663	5.10138e-02
0.70730	5.12499e-02
0.70792	5.14849e-02
0.70850	5.17179e-02
0.70903	5.19484e-02
0.70951	5.21761e-02
0.70995	5.24007e-02
0.71034	5.26221e-02
0.71068	5.28404e-02
0.71098	5.30557e-02
0.71123	5.32682e-02
0.71144	5.34778e-02
0.71160	5.36848e-02
0.71173	5.38893e-02
0.71180	5.40911e-02
0.71184	5.42902e-02
0.71184	5.44864e-02
0.71180	5.46794e-02
0.71172	5.48689e-02
0.71160	5.50544e-02
0.71145	5.52353e-02
0.71125	5.54132e-02
0.71102	5.55879e-02
0.71075	5.57561e-02
0.71044	5.59170e-02
0.71010	5.60750e-02
0.70973	5.62251e-02
0.70932	5.63666e-02
0.70888	5.64986e-02
0.70840	5.66205e-02
0.70790	5.67316e-02
0.70737	5.68314e-02
0.70682	5.69192e-02
0.70623	5.69947e-02
0.70562	5.70574e-02
0.70499	5.71069e-02
0.70432	5.71430e-02
0.70364	5.71655e-02
0.70294	5.71741e-02
0.70221	5.71689e-02
0.70146	5.71462e-02
0.70069	5.71098e-02
0.69997	5.71269e-02
0.69921	5.71040e-02
0.69841	5.70493e-02
0.69759	5.69681e-02
0.69675	5.68643e-02
0.69589	5.67409e-02
0.69501	5.65999e-02
0.69411	5.64431e-02
0.69320	5.62721e-02
0.69229	5.60880e-02
0.69136	5.58922e-02
0.69043	5.56858e-02
0.68949	5.54699e-02
0.68855	5.52455e-02
0.68760	5.50243e-02
0.68665	5.47984e-02
0.68570	5.45684e-02
0.68475	5.43349e-02
0.68380	5.40985e-02
0.68286	5.38601e-02
0.68192	5.36201e-02
0.68100	5.33791e-02
0.68008	5.31377e-02
0.67917	5.28963e-02
0.67827	5.26551e-02
0.67739	5.24145e-02
0.67652	5.21747e-02
0.67576	5.19012e-02
0.67501	5.16359e-02
0.67428	5.13774e-02
0.67356	5.11248e-02
0.67285	5.08776e-02
0.67217	5.06356e-02
0.67150	5.03984e-02
0.67086	5.01659e-02
0.67024	4.99377e-02
0.66964	4.97135e-02
0.66906	4.94929e-02
0.66850	4.92755e-02
0.66797	4.90609e-02
0.66746	4.88518e-02
0.66697	4.86450e-02
0.66651	4.84398e-02
0.66607	4.82359e-02
0.66581	4.81480e-02
0.66552	4.80193e-02
0.66523	4.78568e-02
0.66494	4.76700e-02
0.66465	4.74671e-02
0.66438	4.72547e-02
0.66413	4.70373e-02
0.66389	4.68182e-02
0.66368	4.66000e-02
0.66350	4.63845e-02
0.66334	4.61735e-02
0.66320	4.59661e-02
0.66308	4.57663e-02
0.66299	4.55755e-02
0.66293	4.53949e-02
0.66289	4.52260e-02
0.66287	4.50701e-02
0.66288	4.49286e-02
0.66291	4.48027e-02
0.66296	4.46938e-02
0.66303	4.46032e-02
0.66312	4.45322e-02
0.66323	4.44819e-02
0.66336	4.44535e-02
0.66350	4.44480e-02
0.66367	4.44664e-02
0.66385	4.45096e-02
0.66404	4.45783e-02
0.66425	4.46731e-02
0.66447	4.47944e-02
0.66470	4.49426e-02
0.66495	4.51177e-02
0.66521	4.53196e-02
0.66547	4.55482e-02
0.66575	4.58030e-02
0.66603	4.60862e-02
0.66630	4.63949e-02
0.66656	4.67306e-02
0.66684	4.70923e-02
0.66711	4.74761e-02
0.66738	4.78834e-02
0.66766	4.83128e-02
0.66794	4.87625e-02
0.66822	4.92309e-02
0.66850	4.97159e-02
0.66878	5.02157e-02
0.66906	5.07282e-02
0.66934	5.12512e-02
0.66961	5.17827e-02
0.66989	5.23205e-02
0.67015	5.28626e-02
0.67042	5.34068e-02
0.67068	5.39512e-02
0.67093	5.44937e-02
0.67121	5.50430e-02
0.67149	5.55871e-02
0.67174	5.60816e-02
0.67197	5.65609e-02
0.67220	5.70248e-02
0.67240	5.74708e-02
0.67260	5.78997e-02
0.67278	5.83107e-02
0.67295	5.87032e-02
0.67310	5.90763e-02
0.67324	5.94296e-02
0.67337	5.97627e-02
0.67349	6.00752e-02
0.67359	6.03670e-02
0.67368	6.06381e-02
0.67375	6.08886e-02
0.67392	6.09848e-02
0.67404	6.11127e-02
0.67412	6.12418e-02
0.67418	6.13597e-02
0.67422	6.14615e-02
0.67425	6.15451e-02
0.67427	6.16096e-02
0.67428	6.16546e-02
0.67427	6.16802e-02
0.67426	6.16865e-02
0.67424	6.16736e-02
0.67422	6.16421e-02
0.67418	6.15924e-02
0.67414	6.15223e-02
0.67409	6.14349e-02
0.67404	6.13313e-02
0.67398	6.12125e-02
0.67392	6.10798e-02
0.67385	6.09350e-02
0.67378	6.07800e-02
0.67371	6.06169e-02
0.67364	6.04483e-02
0.67356	6.02771e-02
0.67348	6.01063e-02
0.67339	5.99392e-02
0.67330	5.97791e-02
0.67335	5.94927e-02
0.67338	5.92342e-02
0.67339	5.90030e-02
0.67338	5.87997e-02
0.67346	5.87022e-02
0.67352	5.86336e-02
0.67355	5.85941e-02
0.67357	5.85834e-02
0.67357	5.86011e-02
0.67355	5.86467e-02
0.67352	5.87192e-02
0.67349	5.88177e-02
0.67345	5.89407e-02
0.67340	5.90867e-02
0.67335	5.92539e-02
0.67330	5.94405e-02
0.67325	5.96442e-02
0.67320	5.98630e-02
0.67316	6.00947e-02
0.67312	6.03371e-02
0.67310	6.05879e-02
0.67308	6.08449e-02
0.67307	6.11059e-02
0.67307	6.13687e-02
0.67309	6.16313e-02
0.67311	6.18917e-02
0.67316	6.21482e-02
0.67322	6.23989e-02
0.67329	6.26423e-02
0.67338	6.28770e-02
0.67349	6.31016e-02
0.67361	6.33151e-02
0.67375	6.35165e-02
0.67390	6.37048e-02
0.67407	6.38794e-02
0.67426	6.40395e-02
0.67446	6.41845e-02
0.67468	6.43140e-02
0.67491	6.44273e-02
0.67514	6.45290e-02
0.67537	6.45993e-02
0.67562	6.46513e-02
0.67587	6.46850e-02
0.67612	6.47090e-02
0.67638	6.47159e-02
0.67665	6.47054e-02
0.67692	6.46772e-02
0.67720	6.46313e-02
0.67749	6.45677e-02
0.67779	6.44866e-02
0.67809	6.43883e-02
0.67840	6.42732e-02
0.67872	6.41419e-02
0.67904	6.39950e-02
0.67936	6.38334e-02
0.67969	6.36581e-02
0.68003	6.34700e-02
0.68037	6.32703e-02
0.68070	6.30587e-02
0.68104	6.28383e-02
0.68146	6.26606e-02
0.68187	6.24798e-02
0.68228	6.22981e-02
0.68279	6.22065e-02
0.68326	6.20937e-02
0.68372	6.19696e-02
0.68416	6.18411e-02
0.68458	6.17177e-02
0.68499	6.15997e-02
0.68539	6.14900e-02
0.68577	6.13917e-02
0.68615	6.13071e-02
0.68651	6.12388e-02
0.68686	6.11887e-02
0.68718	6.11846e-02
0.68749	6.12022e-02
0.68778	6.12430e-02
0.68806	6.13079e-02
0.68833	6.13976e-02
0.68858	6.15126e-02
0.68881	6.16529e-02
0.68903	6.18185e-02
0.68924	6.20090e-02
0.68942	6.22238e-02
0.68959	6.24620e-02
0.68975	6.27227e-02
0.68988	6.30046e-02
0.68998	6.32946e-02
0.69006	6.36007e-02
0.69012	6.39212e-02
0.69016	6.42540e-02
0.69018	6.45974e-02
0.69017	6.49491e-02
0.69014	6.53072e-02
0.69009	6.56693e-02
0.69001	6.60335e-02
0.68992	6.63973e-02
0.68980	6.67587e-02
0.68965	6.71155e-02
0.68949	6.74656e-02
0.68927	6.77943e-02
0.68902	6.81095e-02
0.68875	6.84095e-02
0.68845	6.86923e-02
0.68820	6.89771e-02
0.68792	6.92392e-02
0.68760	6.94777e-02
0.68725	6.96913e-02
0.68687	6.98790e-02
0.68646	7.00398e-02
0.68603	7.01724e-02
0.68557	7.02761e-02
0.68508	7.03499e-02
0.68457	7.03930e-02
0.68404	7.04050e-02
0.68349	7.03852e-02
0.68291	7.03333e-02
0.68231	7.02490e-02
0.68170	7.01323e-02
0.68106	6.99831e-02
0.68040	6.98017e-02
0.67973	6.95883e-02
0.67905	6.93435e-02
0.67834	6.90676e-02
0.67763	6.87615e-02
0.67690	6.84261e-02
0.67616	6.80622e-02
0.67541	6.76709e-02
0.67465	6.72535e-02
0.67388	6.68113e-02
0.67310	6.63457e-02
0.67232	6.58584e-02
0.67153	6.53509e-02
0.67074	6.48251e-02
0.66995	6.42828e-02
0.66916	6.37259e-02
0.66836	6.31566e-02
0.66757	6.25770e-02
0.66678	6.19893e-02
0.66599	6.13968e-02
0.66535	6.06940e-02
0.66470	6.00138e-02
0.66402	5.93544e-02
0.66334	5.87145e-02
0.66266	5.80936e-02
0.66198	5.74920e-02
0.66129	5.69108e-02
0.66062	5.63512e-02
0.65995	5.58148e-02
0.65928	5.53029e-02
0.65863	5.48172e-02
0.65799	5.43591e-02
0.65736	5.39298e-02
0.65674	5.35307e-02
0.65614	5.31629e-02
0.65555	5.28272e-02
0.65498	5.25247e-02
0.65443	5.22559e-02
0.65390	5.20215e-02
0.65338	5.18218e-02
0.65292	5.16867e-02
0.65246	5.15776e-02
0.65203	5.14972e-02
0.65161	5.14437e-02
0.65121	5.14204e-02
0.65083	5.14275e-02
0.65047	5.14650e-02
0.65013	5.15483e-02
0.64981	5.16631e-02
0.64951	5.18085e-02
0.64924	5.19838e-02
0.64899	5.21879e-02
0.64877	5.24198e-02
0.64856	5.26783e-02
0.64839	5.29654e-02
0.64824	5.32765e-02
0.64811	5.36103e-02
0.64801	5.39656e-02
0.64794	5.43412e-02
0.64789	5.47360e-02
0.64787	5.51487e-02
0.64788	5.55784e-02
0.64791	5.60238e-02
0.64797	5.64839e-02
0.64806	5.69576e-02
0.64817	5.74439e-02
0.64831	5.79417e-02
0.64848	5.84457e-02
0.64866	5.89598e-02
0.64888	5.94828e-02
0.64911	6.00137e-02
0.64937	6.05513e-02
0.64965	6.10945e-02
0.64995	6.16422e-02
0.65027	6.21933e-02
0.65060	6.27466e-02
0.65095	6.33012e-02
0.65132	6.38558e-02
0.65170	6.44096e-02
0.65208	6.49614e-02
0.65248	6.55105e-02
0.65289	6.60558e-02
0.65331	6.65962e-02
0.65374	6.71310e-02
0.65416	6.76544e-02
0.65459	6.81697e-02
0.65503	6.86764e-02
0.65546	6.91743e-02
0.65591	6.96628e-02
0.65635	7.01413e-02
0.65680	7.06092e-02
0.65725	7.10660e-02
0.65770	7.15111e-02
0.65815	7.19439e-02
0.65861	7.23640e-02
0.65906	7.27707e-02
0.65952	7.31636e-02
0.65997	7.35422e-02
0.66042	7.39060e-02
0.66087	7.42547e-02
0.66132	7.45877e-02
0.66176	7.49048e-02
0.66220	7.52105e-02
0.66264	7.54997e-02
0.66306	7.57721e-02
0.66349	7.60273e-02
0.66388	7.62522e-02
0.66426	7.64593e-02
0.66464	7.66487e-02
0.66501	7.68203e-02
0.66537	7.69741e-02
0.66572	7.71101e-02
0.66606	7.72281e-02
0.66639	7.73284e-02
0.66671	7.74109e-02
0.66702	7.74757e-02
0.66731	7.75230e-02
0.66760	7.75530e-02
0.66788	7.75657e-02
0.66812	7.75770e-02
0.66833	7.75517e-02
0.66853	7.75109e-02
0.66871	7.74550e-02
0.66887	7.73846e-02
0.66902	7.73000e-02
0.66915	7.72016e-02
0.66926	7.70900e-02
0.66935	7.69656e-02
0.66943	7.68292e-02
0.66950	7.66812e-02
0.66952	7.65124e-02
0.66953	7.63321e-02
0.66952	7.61411e-02
0.66949	7.59404e-02
0.66945	7.57306e-02
0.66939	7.55126e-02
0.66931	7.52872e-02
0.66921	7.50552e-02
0.66910	7.48174e-02
0.66897	7.45747e-02
0.66882	7.43269e-02
0.66866	7.40759e-02
0.66849	7.38224e-02
0.66830	7.35674e-02
0.66810	7.33117e-02
0.66788	7.30560e-02
0.66766	7.28011e-02
0.66742	7.25478e-02
0.66717	7.22968e-02
0.66691	7.20488e-02
0.66672	7.18316e-02
0.66653	7.16197e-02
0.66632	7.14137e-02
0.66610	7.12144e-02
0.66605	7.07560e-02
0.66599	7.03090e-02
0.66592	6.98724e-02
0.66584	6.94489e-02
0.66576	6.90361e-02
0.66567	6.86345e-02
0.66558	6.82445e-02
0.66548	6.78666e-02
0.66538	6.75012e-02
0.66528	6.71491e-02
0.66517	6.68111e-02
0.66506	6.64879e-02
0.66495	6.61807e-02
0.66483	6.58903e-02
0.66472	6.56182e-02
0.66459	6.53657e-02
0.66447	6.51338e-02
0.66434	6.49235e-02
0.66421	6.47357e-02
0.66407	6.45709e-02
0.66394	6.44294e-02
0.66380	6.43113e-02
0.66365	6.42165e-02
0.66351	6.41446e-02
0.66336	6.40953e-02
0.66322	6.40678e-02
0.66306	6.40642e-02
0.66291	6.40809e-02
0.66275	6.41172e-02
0.66260	6.41724e-02
0.66254	6.43511e-02
0.66247	6.45280e-02
0.66239	6.47049e-02
0.66230	6.48837e-02
0.66220	6.50669e-02
0.66210	6.52564e-02
0.66200	6.54541e-02
0.66190	6.56617e-02
0.66181	6.58804e-02
0.66172	6.61113e-02
0.66164	6.63550e-02
0.66157	6.66120e-02
0.66151	6.68824e-02
0.66146	6.71661e-02
0.66141	6.74596e-02
0.66137	6.77626e-02
0.66134	6.80744e-02
0.66132	6.83933e-02
0.66130	6.87175e-02
0.66128	6.90448e-02
0.66127	6.93732e-02
0.66126	6.97003e-02
0.66125	7.00243e-02
0.66126	7.03558e-02
0.66128	7.06823e-02
0.66130	7.10026e-02
0.66131	7.13160e-02
0.66133	7.16217e-02
0.66134	7.19193e-02
0.66135	7.22084e-02
0.66136	7.24889e-02
0.66137	7.27604e-02
0.66137	7.30229e-02
0.66137	7.32762e-02
0.66137	7.35203e-02
0.66136	7.37558e-02
0.66147	7.39508e-02
0.66155	7.41453e-02
0.66162	7.43362e-02
0.66168	7.45223e-02
0.66173	7.47030e-02
0.66177	7.48783e-02
0.66181	7.50481e-02
0.66184	7.52126e-02
0.66186	7.53719e-02
0.66187	7.55259e-02
0.66187	7.56746e-02
0.66186	7.58178e-02
0.66184	7.59556e-02
0.66199	7.61037e-02
0.66211	7.62487e-02
0.66222	7.63900e-02
0.66232	7.65274e-02
0.66241	7.66606e-02
0.66248	7.67894e-02
0.66254	7.69134e-02
0.66258	7.70172e-02
0.66261	7.71142e-02
0.66263	7.72043e-02
0.66263	7.72875e-02
0.66259	7.73770e-02
0.66255	7.74613e-02
0.66249	7.75402e-02
0.66241	7.76140e-02
0.66233	7.76829e-02
0.66223	7.77471e-02
0.66212	7.78068e-02
0.66200	7.78623e-02
0.66188	7.79136e-02
0.66174	7.79608e-02
0.66158	7.80065e-02
0.66142	7.80481e-02
0.66124	7.80853e-02
0.66105	7.81181e-02
0.66085	7.81456e-02
0.66064	7.81672e-02
0.66042	7.81825e-02
0.66019	7.81913e-02
0.65995	7.81935e-02
0.65970	7.81891e-02
0.65943	7.81742e-02
0.65916	7.81526e-02
0.65888	7.81248e-02
0.65860	7.80912e-02
0.65831	7.80524e-02
0.65802	7.80087e-02
0.65773	7.79606e-02
0.65754	7.79771e-02
0.65737	7.80040e-02
0.65721	7.80361e-02
0.65705	7.80651e-02
0.65686	7.80810e-02
0.65664	7.81171e-02
0.65639	7.81371e-02
0.65611	7.81388e-02
0.65581	7.81230e-02
0.65548	7.80914e-02
0.65514	7.80462e-02
0.65480	7.79896e-02
0.65444	7.79232e-02
0.65409	7.78485e-02
0.65373	7.77665e-02
0.65344	7.77077e-02
0.65315	7.76447e-02
0.65287	7.75787e-02
0.65260	7.75102e-02
0.65235	7.74399e-02
0.65211	7.73680e-02
0.65189	7.72949e-02
0.65168	7.72204e-02
0.65150	7.71443e-02
0.65133	7.70664e-02
0.65118	7.69861e-02
0.65105	7.69026e-02
0.65094	7.68154e-02
0.65084	7.67234e-02
0.65076	7.66260e-02
0.65069	7.65223e-02
0.65064	7.64118e-02
0.65061	7.62937e-02
0.65058	7.61761e-02
0.65057	7.60513e-02
0.65058	7.59194e-02
0.65060	7.57806e-02
0.65064	7.56352e-02
0.65069	7.54835e-02
0.65075	7.53261e-02
0.65083	7.51636e-02
0.65093	7.49967e-02
0.65105	7.48261e-02
0.65118	7.46528e-02
0.65133	7.44775e-02
0.65149	7.43012e-02
0.65168	7.41247e-02
0.65188	7.39492e-02
0.65209	7.37754e-02
0.65232	7.35958e-02
0.65256	7.34196e-02
0.65281	7.32478e-02
0.65308	7.30815e-02
0.65337	7.29215e-02
0.65367	7.27687e-02
0.65399	7.26239e-02
0.65433	7.24878e-02
0.65468	7.23611e-02
0.65504	7.22444e-02
0.65542	7.21380e-02
0.65581	7.20424e-02
0.65622	7.19578e-02
0.65663	7.18788e-02
0.65705	7.18101e-02
0.65748	7.17519e-02
0.65792	7.17039e-02
0.65837	7.16660e-02
0.65883	7.16378e-02
0.65929	7.16190e-02
0.65974	7.15878e-02
0.66019	7.15630e-02
0.66065	7.15439e-02
0.66111	7.15295e-02
0.66157	7.15206e-02
0.66203	7.15146e-02
0.66249	7.15106e-02
0.66296	7.15076e-02
0.66342	7.15047e-02
0.66389	7.15009e-02
0.66434	7.14953e-02
0.66480	7.14869e-02
0.66525	7.14748e-02
0.66570	7.14580e-02
0.66612	7.14329e-02
0.66653	7.14008e-02
0.66693	7.13615e-02
0.66732	7.13145e-02
0.66770	7.12591e-02
0.66806	7.11950e-02
0.66841	7.11219e-02
0.66875	7.10394e-02
0.66907	7.09474e-02
0.66937	7.08458e-02
0.66966	7.07345e-02
0.66993	7.06137e-02
0.67019	7.04835e-02
0.67041	7.03368e-02
0.67061	7.01809e-02
0.67079	7.00161e-02
0.67095	6.98430e-02
0.67109	6.96621e-02
0.67121	6.94742e-02
0.67131	6.92799e-02
0.67138	6.90798e-02
0.67143	6.88749e-02
0.67146	6.86658e-02
0.67146	6.84536e-02
0.67144	6.82491e-02
0.67139	6.80452e-02
0.67131	6.78426e-02
0.67121	6.76422e-02
0.67108	6.74447e-02
0.67093	6.72511e-02
0.67075	6.70621e-02
0.67055	6.68787e-02
0.67032	6.67014e-02
0.67007	6.65310e-02
0.66979	6.63684e-02
0.66949	6.62141e-02
0.66916	6.60687e-02
0.66882	6.59328e-02
0.66844	6.58067e-02
0.66805	6.56907e-02
0.66763	6.55851e-02
0.66720	6.54901e-02
0.66674	6.54058e-02
0.66626	6.53320e-02
0.66576	6.52687e-02
0.66524	6.52158e-02
0.66470	6.51728e-02
0.66414	6.51359e-02
0.66357	6.51085e-02
0.66298	6.50903e-02
0.66236	6.50962e-02
0.66173	6.51116e-02
0.66108	6.51357e-02
0.66041	6.51677e-02
0.65973	6.52069e-02
0.65904	6.52526e-02
0.65834	6.53041e-02
0.65762	6.53605e-02
0.65689	6.54214e-02
0.65615	6.54859e-02
0.65541	6.55535e-02
0.65465	6.56236e-02
0.65389	6.56957e-02
0.65312	6.57694e-02
0.65235	6.58442e-02
0.65157	6.59200e-02
0.65077	6.59897e-02
0.64997	6.60588e-02
0.64916	6.61274e-02
0.64835	6.61953e-02
0.64754	6.62627e-02
0.64672	6.63297e-02
0.64591	6.63967e-02
0.64509	6.64641e-02
0.64428	6.65323e-02
0.64347	6.66020e-02
0.64266	6.66737e-02
0.64185	6.67481e-02
0.64105	6.68261e-02
0.64024	6.69168e-02
0.63943	6.70137e-02
0.63863	6.71177e-02
0.63783	6.72294e-02
0.63704	6.73496e-02
0.63625	6.74792e-02
0.63547	6.76188e-02
0.63468	6.77595e-02
0.63390	6.79105e-02
0.63312	6.80725e-02
0.63236	6.82460e-02
0.63160	6.84314e-02
0.63085	6.86292e-02
0.63011	6.88395e-02
0.62939	6.90625e-02
0.62868	6.92983e-02
0.62798	6.95469e-02
0.62730	6.98080e-02
0.62663	7.00815e-02
0.62597	7.03669e-02
0.62533	7.06640e-02
0.62491	7.09757e-02
0.62458	7.14188e-02
0.62428	7.18880e-02
0.62400	7.23843e-02
0.62374	7.29069e-02
0.62351	7.34537e-02
0.62330	7.40222e-02
0.62311	7.46093e-02
0.62294	7.52113e-02
0.62278	7.58245e-02
0.62264	7.64446e-02
0.62252	7.70673e-02
0.62240	7.76883e-02
0.62251	7.81145e-02
0.62260	7.85622e-02
0.62268	7.90202e-02
0.62275	7.94796e-02
0.62282	7.99334e-02
0.62289	8.03766e-02
0.62297	8.08056e-02
0.62305	8.12180e-02
0.62315	8.16120e-02
0.62325	8.19864e-02
0.62337	8.23405e-02
0.62350	8.26744e-02
0.62365	8.29873e-02
0.62381	8.32794e-02
0.62399	8.35509e-02
0.62419	8.38020e-02
0.62440	8.40286e-02
0.62464	8.42351e-02
0.62489	8.44220e-02
0.62541	8.47162e-02
0.62591	8.49739e-02
0.62640	8.51913e-02
0.62686	8.53707e-02
0.62732	8.55173e-02
0.62778	8.56364e-02
0.62825	8.57325e-02
0.62873	8.58090e-02
0.62922	8.58683e-02
0.62973	8.59124e-02
0.63026	8.59429e-02
0.63080	8.59610e-02
0.63136	8.59678e-02
0.63193	8.59645e-02
0.63253	8.59518e-02
0.63313	8.59308e-02
0.63376	8.59021e-02
0.63440	8.58666e-02
0.63503	8.58587e-02
0.63568	8.58502e-02
0.63634	8.58411e-02
0.63700	8.58318e-02
0.63768	8.58224e-02
0.63836	8.58130e-02
0.63905	8.58040e-02
0.63975	8.57952e-02
0.64045	8.57868e-02
0.64116	8.57787e-02
0.64186	8.57708e-02
0.64257	8.57628e-02
0.64329	8.57544e-02
0.64400	8.57453e-02
0.64471	8.57350e-02
0.64542	8.57231e-02
0.64617	8.57074e-02
0.64691	8.56897e-02
0.64762	8.56691e-02
0.64832	8.56448e-02
0.64901	8.56158e-02
0.64968	8.55815e-02
0.65034	8.55410e-02
0.65098	8.54935e-02
0.65160	8.54382e-02
0.65221	8.53745e-02
0.65280	8.53015e-02
0.65337	8.52227e-02
0.65393	8.51339e-02
0.65444	8.49962e-02
0.65494	8.48443e-02
0.65542	8.46785e-02
0.65588	8.44984e-02
0.65632	8.43039e-02
0.65674	8.40947e-02
0.65715	8.38708e-02
0.65754	8.36323e-02
0.65791	8.33791e-02
0.65826	8.31114e-02
0.65860	8.28298e-02
0.65892	8.25346e-02
0.65922	8.22265e-02
0.65951	8.19065e-02
0.65978	8.15753e-02
0.66003	8.12342e-02
0.66027	8.08845e-02
0.66049	8.05276e-02
0.66070	8.01650e-02
0.66090	7.97984e-02
0.66108	7.94296e-02
0.66125	7.90610e-02
0.66140	7.86936e-02
0.66154	7.83290e-02
0.66166	7.79687e-02
0.66177	7.76136e-02
0.66187	7.72646e-02
0.66196	7.69220e-02
0.66203	7.65856e-02
0.66208	7.62552e-02
0.66212	7.59300e-02
0.66214	7.56089e-02
0.66214	7.52911e-02
0.66212	7.49753e-02
0.66226	7.46350e-02
0.66233	7.42948e-02
0.66236	7.39525e-02
0.66235	7.36070e-02
0.66230	7.32579e-02
0.66222	7.29052e-02
0.66212	7.25493e-02
0.66199	7.21909e-02
0.66183	7.18306e-02
0.66165	7.14694e-02
0.66144	7.11082e-02
0.66127	7.07345e-02
0.66106	7.03666e-02
0.66083	7.00041e-02
0.66056	6.96474e-02
0.66028	6.92968e-02
0.65995	6.89486e-02
0.65961	6.86069e-02
0.65924	6.82722e-02
0.65885	6.79434e-02
0.65843	6.76223e-02
0.65801	6.73094e-02
0.65756	6.70049e-02
0.65709	6.67090e-02
0.65661	6.64221e-02
0.65612	6.61442e-02
0.65560	6.58754e-02
0.65508	6.56157e-02
0.65454	6.53652e-02
0.65399	6.51239e-02
0.65342	6.48916e-02
0.65284	6.46685e-02
0.65225	6.44543e-02
0.65166	6.42492e-02
0.65109	6.40594e-02
0.65050	6.38768e-02
0.64990	6.37016e-02
0.64927	6.35501e-02
0.64862	6.34104e-02
0.64796	6.32822e-02
0.64728	6.31655e-02
0.64660	6.30602e-02
0.64590	6.29667e-02
0.64520	6.28852e-02
0.64448	6.28161e-02
0.64377	6.27597e-02
0.64304	6.27165e-02
0.64231	6.26869e-02
0.64158	6.26716e-02
0.64085	6.26711e-02
0.64011	6.26860e-02
0.63937	6.27169e-02
0.63863	6.27634e-02
0.63790	6.28270e-02
0.63716	6.29085e-02
0.63643	6.30084e-02
0.63571	6.31273e-02
0.63499	6.32658e-02
0.63429	6.34243e-02
0.63359	6.36035e-02
0.63290	6.38037e-02
0.63222	6.40252e-02
0.63156	6.42686e-02
0.63091	6.45339e-02
0.63026	6.48364e-02
0.62963	6.51623e-02
0.62900	6.55114e-02
0.62838	6.58838e-02
0.62777	6.62793e-02
0.62718	6.66974e-02
0.62661	6.71376e-02
0.62605	6.75991e-02
0.62550	6.80809e-02
0.62495	6.85648e-02
0.62442	6.90648e-02
0.62389	6.95800e-02
0.62337	7.01090e-02
0.62286	7.06503e-02
0.62236	7.12023e-02
0.62187	7.17632e-02
0.62139	7.23313e-02
0.62092	7.29047e-02
0.62046	7.34815e-02
0.62001	7.40597e-02
0.61957	7.46376e-02
0.61914	7.52131e-02
0.61872	7.57843e-02
0.61829	7.63571e-02
0.61787	7.69228e-02
0.61747	7.74794e-02
0.61707	7.80248e-02
0.61668	7.85572e-02
0.61631	7.90745e-02
0.61595	7.95751e-02
0.61561	8.00571e-02
0.61527	8.05187e-02
0.61496	8.09582e-02
0.61466	8.13741e-02
0.61437	8.17647e-02
0.61410	8.21286e-02
0.61384	8.24634e-02
0.61360	8.27687e-02
0.61338	8.30433e-02
0.61318	8.32860e-02
0.61299	8.34959e-02
0.61282	8.36719e-02
0.61267	8.38134e-02
0.61254	8.39195e-02
0.61243	8.39898e-02
0.61233	8.40237e-02
0.61226	8.40209e-02
0.61219	8.39815e-02
0.61215	8.39053e-02
0.61212	8.37922e-02
0.61211	8.36425e-02
0.61212	8.34563e-02
0.61214	8.32341e-02
0.61219	8.29765e-02
0.61226	8.26840e-02
0.61238	8.23900e-02
0.61251	8.20520e-02
0.61265	8.16747e-02
0.61280	8.12614e-02
0.61296	8.08149e-02
0.61314	8.03374e-02
0.61333	7.98311e-02
0.61354	7.92978e-02
0.61376	7.87395e-02
0.61400	7.81581e-02
0.61425	7.75556e-02
0.61452	7.69341e-02
0.61480	7.62955e-02
0.61509	7.56422e-02
0.61540	7.49762e-02
0.61571	7.42967e-02
0.61604	7.36085e-02
0.61637	7.29142e-02
0.61671	7.22246e-02
0.61707	7.15354e-02
0.61743	7.08486e-02
0.61780	7.01665e-02
0.61817	6.94914e-02
0.61856	6.88255e-02
0.61895	6.81710e-02
0.61934	6.75301e-02
0.61974	6.69037e-02
0.62014	6.62947e-02
0.62055	6.57050e-02
0.62096	6.51364e-02
0.62138	6.45902e-02
0.62179	6.40680e-02
0.62221	6.35708e-02
0.62263	6.30997e-02
0.62304	6.26554e-02
0.62346	6.22387e-02
0.62388	6.18498e-02
0.62429	6.14890e-02
0.62471	6.11563e-02
0.62512	6.08513e-02
0.62552	6.05736e-02
0.62593	6.03227e-02
0.62633	6.00977e-02
0.62672	5.98975e-02
0.62711	5.97212e-02
0.62750	5.95683e-02
0.62788	5.94366e-02
0.62835	5.94016e-02
0.62880	5.93754e-02
0.62923	5.93572e-02
0.62965	5.93458e-02
0.63005	5.93399e-02
0.63043	5.93382e-02
0.63079	5.93395e-02
0.63118	5.93819e-02
0.63154	5.94187e-02
0.63189	5.94515e-02
0.63221	5.94805e-02
0.63252	5.95055e-02
0.63282	5.95263e-02
0.63310	5.95423e-02
0.63337	5.95530e-02
0.63363	5.95580e-02
0.63387	5.95567e-02
0.63410	5.95487e-02
0.63432	5.95339e-02
0.63453	5.95117e-02
0.63473	5.94823e-02
0.63513	5.95405e-02
0.63548	5.95761e-02
0.63579	5.95942e-02
0.63607	5.95978e-02
0.63633	5.95886e-02
0.63657	5.95676e-02
0.63679	5.95360e-02
0.63700	5.94947e-02
0.63719	5.94447e-02
0.63736	5.93874e-02
0.63753	5.93238e-02
0.63768	5.92552e-02
0.63782	5.91830e-02
0.63798	5.91039e-02
0.63813	5.90242e-02
0.63827	5.89455e-02
0.63841	5.88693e-02
0.63855	5.87972e-02
0.63868	5.87308e-02
0.63881	5.86713e-02
0.63893	5.86202e-02
0.63904	5.85782e-02
0.63915	5.85465e-02
0.63925	5.85255e-02
0.63933	5.85239e-02
0.63939	5.85351e-02
0.63945	5.85596e-02
0.63950	5.85974e-02
0.63954	5.86487e-02
0.63958	5.87134e-02
0.63960	5.87916e-02
0.63962	5.88831e-02
0.63964	5.89876e-02
0.63965	5.91049e-02
0.63965	5.92346e-02
0.63965	5.93763e-02
0.63965	5.95295e-02
0.63964	5.96937e-02
0.63963	5.98681e-02
0.63962	6.00521e-02
0.63961	6.02448e-02
0.63960	6.04456e-02
0.63959	6.06533e-02
0.63957	6.08671e-02
0.63956	6.10860e-02
0.63955	6.13088e-02
0.63954	6.15346e-02
0.63954	6.17621e-02
0.63953	6.19902e-02
0.63953	6.22178e-02
0.63952	6.24508e-02
0.63952	6.26820e-02
0.63952	6.29101e-02
0.63952	6.31338e-02
0.63953	6.33520e-02
0.63953	6.35636e-02
0.63954	6.37673e-02
0.63955	6.39621e-02
0.63956	6.41472e-02
0.63958	6.43214e-02
0.63959	6.44839e-02
0.63960	6.46337e-02
0.63962	6.47701e-02
0.63964	6.48923e-02
0.63965	6.49997e-02
0.63966	6.50796e-02
0.63966	6.51414e-02
0.63967	6.51848e-02
0.63975	6.52779e-02
0.63982	6.53414e-02
0.63987	6.53792e-02
0.63992	6.53936e-02
0.63997	6.53860e-02
0.64001	6.53573e-02
0.64005	6.53083e-02
0.64008	6.52395e-02
0.64011	6.51515e-02
0.64013	6.50462e-02
0.64015	6.49229e-02
0.64016	6.47823e-02
0.64017	6.46251e-02
0.64018	6.44521e-02
0.64018	6.42641e-02
0.64018	6.40620e-02
0.64017	6.38468e-02
0.64016	6.36194e-02
0.64010	6.33851e-02
0.64004	6.31408e-02
0.63997	6.28873e-02
0.63991	6.26252e-02
0.63985	6.23550e-02
0.63980	6.20771e-02
0.63976	6.17923e-02
0.63974	6.15014e-02
0.63974	6.12055e-02
0.63977	6.09068e-02
0.63981	6.06081e-02
0.63988	6.03130e-02
0.64011	6.01234e-02
0.64030	5.99212e-02
0.64040	5.96884e-02
0.64045	5.94460e-02
0.64043	5.91973e-02
0.64036	5.89447e-02
0.64024	5.86907e-02
0.64009	5.84373e-02
0.63991	5.81865e-02
0.63970	5.79402e-02
0.63948	5.76998e-02
0.63924	5.74666e-02
0.63899	5.72418e-02
0.63873	5.70265e-02
0.63846	5.68213e-02
0.63818	5.66315e-02
0.63788	5.64541e-02
0.63759	5.62895e-02
0.63728	5.61383e-02
0.63697	5.60009e-02
0.63666	5.58779e-02
0.63635	5.57695e-02
0.63603	5.56762e-02
0.63571	5.55983e-02
0.63539	5.55363e-02
0.63506	5.54903e-02
0.63474	5.54604e-02
0.63441	5.54472e-02
0.63409	5.54510e-02
0.63376	5.54721e-02
0.63344	5.55106e-02
0.63312	5.55668e-02
0.63279	5.56410e-02
0.63247	5.57333e-02
0.63215	5.58440e-02
0.63184	5.59731e-02
0.63152	5.61210e-02
0.63121	5.62876e-02
0.63076	5.64460e-02
0.63033	5.66264e-02
0.62993	5.68303e-02
0.62956	5.70591e-02
0.62924	5.73144e-02
0.62898	5.75979e-02
0.62877	5.79116e-02
0.62862	5.82578e-02
0.62850	5.86380e-02
0.62841	5.90523e-02
0.62833	5.94995e-02
0.62827	5.99771e-02
0.62820	6.04812e-02
0.62813	6.10078e-02
0.62803	6.15649e-02
0.62793	6.21390e-02
0.62780	6.27276e-02
0.62766	6.33294e-02
0.62751	6.39435e-02
0.62735	6.45694e-02
0.62718	6.52067e-02
0.62700	6.58554e-02
0.62681	6.65147e-02
0.62661	6.71849e-02
0.62641	6.78656e-02
0.62621	6.85566e-02
0.62601	6.92576e-02
0.62580	6.99680e-02
0.62559	7.06873e-02
0.62537	7.14172e-02
0.62516	7.21550e-02
0.62494	7.29000e-02
0.62473	7.36510e-02
0.62451	7.44077e-02
0.62429	7.51692e-02
0.62408	7.59345e-02
0.62386	7.67029e-02
0.62365	7.74731e-02
0.62344	7.82443e-02
0.62323	7.90152e-02
0.62302	7.97847e-02
0.62282	8.05528e-02
0.62262	8.13168e-02
0.62242	8.20754e-02
0.62223	8.28273e-02
0.62204	8.35712e-02
0.62185	8.43055e-02
0.62167	8.50289e-02
0.62149	8.57398e-02
0.62132	8.64366e-02
0.62115	8.71178e-02
0.62099	8.77817e-02
0.62084	8.84267e-02
0.62069	8.90512e-02
0.62055	8.96536e-02
0.62041	9.02321e-02
0.62028	9.07853e-02
0.62016	9.13114e-02
0.62004	9.18090e-02
0.61994	9.22765e-02
0.61984	9.27126e-02
0.61987	9.31625e-02
0.61988	9.35561e-02
0.61988	9.39085e-02
0.61987	9.42119e-02
0.61985	9.44729e-02
0.61983	9.46908e-02
0.61981	9.48654e-02
0.61979	9.49962e-02
0.61977	9.50829e-02
0.61975	9.51252e-02
0.61973	9.51232e-02
0.61972	9.50769e-02
0.61970	9.49864e-02
0.61969	9.48521e-02
0.61967	9.46744e-02
0.61966	9.44538e-02
0.61963	9.41892e-02
0.61960	9.38836e-02
0.61957	9.35381e-02
0.61954	9.31535e-02
0.61951	9.27311e-02
0.61947	9.22721e-02
0.61944	9.17777e-02
0.61940	9.12493e-02
0.61936	9.06883e-02
0.61932	9.00962e-02
0.61928	8.94744e-02
0.61939	8.88084e-02
0.61948	8.81224e-02
0.61956	8.74168e-02
0.61962	8.66923e-02
0.61967	8.59501e-02
0.61971	8.51916e-02
0.61975	8.44181e-02
0.61978	8.36312e-02
0.61980	8.28324e-02
0.61982	8.20230e-02
0.61983	8.12046e-02
0.61984	8.03783e-02
0.61986	7.95685e-02
0.61987	7.87485e-02
0.61987	7.79230e-02
0.61987	7.70942e-02
0.61987	7.62639e-02
0.61986	7.54334e-02
0.61985	7.46040e-02
0.61983	7.37770e-02
0.61982	7.29533e-02
0.61980	7.21339e-02
0.61979	7.13197e-02
0.61977	7.05116e-02
0.61975	6.97105e-02
0.61974	6.89170e-02
0.61971	6.81590e-02
0.61969	6.74129e-02
0.61967	6.66792e-02
0.61965	6.59585e-02
0.61963	6.52514e-02
0.61962	6.45585e-02
0.61961	6.38804e-02
0.61960	6.32175e-02
0.61959	6.25764e-02
0.61959	6.19527e-02
0.61958	6.13468e-02
0.61958	6.07590e-02
0.61959	6.01897e-02
0.61960	5.96394e-02
0.61962	5.91084e-02
0.61964	5.85894e-02
0.61966	5.80891e-02
0.61968	5.76079e-02
0.61971	5.71463e-02
0.61975	5.67047e-02
0.61979	5.62834e-02
0.61984	5.58827e-02
0.61990	5.55031e-02
0.61996	5.51446e-02
0.62002	5.48078e-02
0.62010	5.44927e-02
0.62018	5.41996e-02
0.62025	5.39478e-02
0.62033	5.37216e-02
0.62042	5.35213e-02
0.62051	5.33473e-02
0.62060	5.32000e-02
0.62070	5.30794e-02
0.62080	5.29860e-02
0.62091	5.29199e-02
0.62102	5.28811e-02
0.62114	5.28700e-02
0.62126	5.28864e-02
0.62138	5.29307e-02
0.62151	5.30027e-02
0.62164	5.31025e-02
0.62177	5.32302e-02
0.62190	5.33858e-02
0.62204	5.35691e-02
0.62218	5.37801e-02
0.62233	5.40188e-02
0.62247	5.42850e-02
0.62262	5.45787e-02
0.62276	5.48975e-02
0.62291	5.52435e-02
0.62302	5.56106e-02
0.62312	5.60024e-02
0.62323	5.64186e-02
0.62333	5.68588e-02
0.62344	5.73227e-02
0.62354	5.78098e-02
0.62365	5.83198e-02
0.62375	5.88521e-02
0.62385	5.94063e-02
0.62396	5.99820e-02
0.62406	6.05785e-02
0.62416	6.11954e-02
0.62427	6.18320e-02
0.62450	6.25275e-02
0.62472	6.32396e-02
0.62493	6.39673e-02
0.62514	6.47095e-02
0.62534	6.54649e-02
0.62553	6.62325e-02
0.62572	6.70110e-02
0.62590	6.77992e-02
0.62608	6.85958e-02
0.62624	6.93998e-02
0.62640	7.02100e-02
0.62656	7.10247e-02
0.62671	7.18433e-02
0.62685	7.26645e-02
0.62699	7.34872e-02
0.62712	7.43100e-02
0.62725	7.51316e-02
0.62737	7.59507e-02
0.62749	7.67659e-02
0.62761	7.75759e-02
0.62772	7.83791e-02
0.62783	7.91742e-02
0.62794	7.99596e-02
0.62806	8.07352e-02
0.62817	8.14982e-02
0.62828	8.22466e-02
0.62839	8.29793e-02
0.62849	8.36950e-02
0.62860	8.43927e-02
0.62870	8.50709e-02
0.62881	8.57285e-02
0.62891	8.63644e-02
0.62901	8.69773e-02
0.62911	8.75663e-02
0.62922	8.81305e-02
0.62932	8.86688e-02
0.62942	8.91805e-02
0.62951	8.96867e-02
0.62960	9.01676e-02
0.62969	9.06227e-02
0.62977	9.10515e-02
0.62986	9.14538e-02
0.62994	9.18293e-02
0.63002	9.21778e-02
0.63009	9.24994e-02
0.63016	9.27924e-02
0.63023	9.30585e-02
0.63029	9.32980e-02
0.63035	9.35111e-02
0.63041	9.36981e-02
0.63046	9.38596e-02
0.63051	9.39960e-02
0.63055	9.41080e-02
0.63059	9.41961e-02
0.63063	9.42609e-02
0.63065	9.43032e-02
0.63068	9.43236e-02
0.63069	9.43231e-02
0.63071	9.43026e-02
0.63071	9.42629e-02
0.63071	9.42051e-02
0.63071	9.41300e-02
0.63069	9.40389e-02
0.63068	9.39327e-02
0.63065	9.38147e-02
0.63064	9.37162e-02
0.63062	9.36025e-02
0.63059	9.34743e-02
0.63056	9.33324e-02
0.63051	9.31778e-02
0.63045	9.30118e-02
0.63039	9.28356e-02
0.63031	9.26503e-02
0.63023	9.24574e-02
0.63013	9.22581e-02
0.63003	9.20538e-02
0.62992	9.18459e-02
0.62980	9.16356e-02
0.62968	9.14242e-02
0.62954	9.12131e-02
0.62940	9.10035e-02
0.62925	9.07965e-02
0.62910	9.05934e-02
0.62893	9.03951e-02
0.62876	9.02028e-02
0.62859	9.00175e-02
0.62841	8.98399e-02
0.62821	8.96628e-02
0.62800	8.94945e-02
0.62778	8.93359e-02
0.62756	8.91878e-02
0.62733	8.90508e-02
0.62709	8.89255e-02
0.62685	8.88123e-02
0.62660	8.87116e-02
0.62635	8.86237e-02
0.62609	8.85488e-02
0.62582	8.84869e-02
0.62555	8.84381e-02
0.62527	8.84022e-02
0.62498	8.83780e-02
0.62468	8.83661e-02
0.62438	8.83661e-02
0.62407	8.83777e-02
0.62376	8.84002e-02
0.62344	8.84331e-02
0.62312	8.84758e-02
0.62278	8.85276e-02
0.62245	8.85876e-02
0.62210	8.86552e-02
0.62175	8.87293e-02
0.62140	8.88091e-02
0.62103	8.88931e-02
0.62066	8.89802e-02
0.62028	8.90685e-02
0.61989	8.91562e-02
0.61949	8.92418e-02
0.61908	8.93237e-02
0.61866	8.94007e-02
0.61823	8.94717e-02
0.61778	8.95357e-02
0.61733	8.95917e-02
0.61687	8.96389e-02
0.61639	8.96677e-02
0.61590	8.96845e-02
0.61541	8.96888e-02
0.61490	8.96798e-02
0.61438	8.96566e-02
0.61385	8.96185e-02
0.61331	8.95648e-02
0.61276	8.94948e-02
0.61220	8.94080e-02
0.61163	8.93038e-02
0.61105	8.91818e-02
0.61046	8.90415e-02
0.60986	8.88827e-02
0.60926	8.87051e-02
0.60864	8.85263e-02
0.60800	8.83312e-02
0.60736	8.81195e-02
0.60671	8.78910e-02
0.60605	8.76458e-02
0.60538	8.73839e-02
0.60471	8.71055e-02
0.60403	8.68109e-02
0.60333	8.65196e-02
0.60263	8.62145e-02
0.60192	8.58956e-02
0.60120	8.55628e-02
0.60049	8.52161e-02
0.59977	8.48557e-02
0.59905	8.44818e-02
0.59832	8.40957e-02
0.59759	8.36967e-02
0.59687	8.32850e-02
0.59615	8.28607e-02
0.59543	8.24239e-02
0.59471	8.19750e-02
0.59400	8.15140e-02
0.59330	8.10410e-02
0.59260	8.05561e-02
0.59191	8.00595e-02
0.59123	7.95513e-02
0.59056	7.90314e-02
0.58990	7.85002e-02
0.58924	7.79432e-02
0.58859	7.73722e-02
0.58796	7.67876e-02
0.58733	7.61896e-02
0.58672	7.55786e-02
0.58613	7.49545e-02
0.58555	7.43177e-02
0.58499	7.36683e-02
0.58444	7.30065e-02
0.58392	7.23325e-02
0.58341	7.16468e-02
0.58292	7.09496e-02
0.58246	7.02413e-02
0.58201	6.95224e-02
0.58159	6.87934e-02
0.58118	6.80550e-02
0.58081	6.73076e-02
0.58044	6.65484e-02
0.58010	6.57812e-02
0.57978	6.50069e-02
0.57948	6.42263e-02
0.57921	6.34405e-02
0.57895	6.26420e-02
0.57871	6.18398e-02
0.57850	6.10353e-02
0.57830	6.02301e-02
0.57813	5.94257e-02
0.57799	5.86239e-02
0.57786	5.78263e-02
0.57776	5.70348e-02
0.57768	5.62516e-02
0.57762	5.54786e-02
0.57759	5.47180e-02
0.57757	5.39720e-02
0.57758	5.32429e-02
0.57761	5.25292e-02
0.57765	5.18373e-02
0.57772	5.11695e-02
0.57781	5.05281e-02
0.57792	4.99155e-02
0.57806	4.93340e-02
0.57821	4.87859e-02
0.57838	4.82732e-02
0.57857	4.77980e-02
0.57878	4.73622e-02
0.57901	4.69676e-02
0.57926	4.66133e-02
0.57952	4.63030e-02
0.57980	4.60378e-02
0.58010	4.58184e-02
0.58042	4.56452e-02
0.58075	4.55183e-02
0.58110	4.54376e-02
0.58146	4.54027e-02
0.58184	4.54127e-02
0.58223	4.54666e-02
0.58264	4.55630e-02
0.58306	4.57004e-02
0.58348	4.58626e-02
0.58400	4.61129e-02
0.58454	4.63989e-02
0.58509	4.67187e-02
0.58565	4.70703e-02
0.58623	4.74511e-02
0.58682	4.78589e-02
0.58742	4.82911e-02
0.58804	4.87449e-02
0.58866	4.92175e-02
0.58930	4.97060e-02
0.58994	5.02076e-02
0.59058	5.07193e-02
0.59124	5.12382e-02
0.59188	5.17745e-02
0.59252	5.23150e-02
0.59317	5.28572e-02
0.59380	5.33989e-02
0.59444	5.39380e-02
0.59507	5.44727e-02
0.59569	5.50014e-02
0.59631	5.55226e-02
0.59691	5.60370e-02
0.59750	5.65415e-02
0.59808	5.70350e-02
0.59864	5.75167e-02
0.59919	5.79860e-02
0.59973	5.84427e-02
0.60024	5.88868e-02
0.60074	5.93200e-02
0.60122	5.97415e-02
0.60168	6.01522e-02
0.60213	6.05532e-02
0.60256	6.09458e-02
0.60297	6.13312e-02
0.60336	6.17112e-02
0.60373	6.20874e-02
0.60409	6.24614e-02
0.60443	6.28351e-02
0.60475	6.32103e-02
0.60506	6.35889e-02
0.60533	6.39882e-02
0.60558	6.43980e-02
0.60581	6.48182e-02
0.60601	6.52503e-02
0.60620	6.56958e-02
0.60637	6.61562e-02
0.60652	6.66329e-02
0.60665	6.71270e-02
0.60676	6.76396e-02
0.60685	6.81718e-02
0.60691	6.87141e-02
0.60694	6.92767e-02
0.60696	6.98603e-02
0.60695	7.04653e-02
0.60693	7.10918e-02
0.60688	7.17399e-02
0.60681	7.24096e-02
0.60672	7.31007e-02
0.60662	7.38126e-02
0.60649	7.45449e-02
0.60635	7.52970e-02
0.60618	7.60678e-02
0.60600	7.68565e-02
0.60579	7.76609e-02
0.60556	7.84803e-02
0.60532	7.93132e-02
0.60506	8.01581e-02
0.60478	8.10136e-02
0.60448	8.18778e-02
0.60417	8.27491e-02
0.60384	8.36258e-02
0.60350	8.45058e-02
0.60315	8.53875e-02
0.60278	8.62688e-02
0.60239	8.71479e-02
0.60200	8.80228e-02
0.60159	8.88904e-02
0.60117	8.97501e-02
0.60074	9.06001e-02
0.60030	9.14383e-02
0.59985	9.22632e-02
0.59939	9.30728e-02
0.59892	9.38655e-02
0.59845	9.46396e-02
0.59798	9.53936e-02
0.59749	9.61260e-02
0.59701	9.68354e-02
0.59649	9.75146e-02
0.59597	9.81693e-02
0.59545	9.87982e-02
0.59493	9.94003e-02
0.59441	9.99746e-02
0.59389	1.00520e-01
0.59337	1.01036e-01
0.59285	1.01522e-01
0.59233	1.01976e-01
0.59182	1.02400e-01
0.59131	1.02792e-01
0.59080	1.03151e-01
0.59030	1.03471e-01
0.58980	1.03758e-01
0.58930	1.04012e-01
0.58881	1.04234e-01
0.58833	1.04424e-01
0.58786	1.04581e-01
0.58739	1.04707e-01
0.58694	1.04801e-01
0.58648	1.04861e-01
0.58604	1.04890e-01
0.58561	1.04890e-01
0.58518	1.04859e-01
0.58477	1.04800e-01
0.58437	1.04712e-01
0.58400	1.04546e-01
0.58364	1.04371e-01
0.58328	1.04182e-01
0.58293	1.03978e-01
0.58259	1.03757e-01
0.58226	1.03519e-01
0.58194	1.03263e-01
0.58163	1.02990e-01
0.58132	1.02710e-01
0.58102	1.02415e-01
0.58073	1.02105e-01
0.58045	1.01782e-01
0.58018	1.01446e-01
0.57993	1.01097e-01
0.57968	1.00736e-01
0.57944	1.00368e-01
0.57922	9.99979e-02
0.57902	9.96200e-02
0.57884	9.92350e-02
0.57866	9.88440e-02
0.57851	9.84479e-02
0.57836	9.80478e-02
0.57824	9.76443e-02
0.57813	9.72382e-02
0.57804	9.68298e-02
0.57796	9.64196e-02
0.57790	9.60076e-02
0.57783	9.55931e-02
0.57778	9.51721e-02
0.57774	9.47479e-02
0.57770	9.43203e-02
0.57767	9.38886e-02
0.57765	9.34524e-02
0.57763	9.30111e-02
0.57761	9.25643e-02
0.57760	9.21116e-02
0.57759	9.16529e-02
0.57757	9.11883e-02
0.57756	9.07178e-02
0.57755	9.02419e-02
0.57754	8.97609e-02
0.57753	8.92755e-02
0.57753	8.87864e-02
0.57752	8.82944e-02
0.57751	8.78004e-02
0.57750	8.73054e-02
0.57750	8.68104e-02
0.57749	8.63165e-02
0.57749	8.58248e-02
0.57748	8.53365e-02
0.57747	8.48482e-02
0.57745	8.43648e-02
0.57743	8.38878e-02
0.57741	8.34184e-02
0.57740	8.29580e-02
0.57738	8.25076e-02
0.57736	8.20688e-02
0.57734	8.16426e-02
0.57732	8.12304e-02
0.57730	8.08335e-02
0.57728	8.04529e-02
0.57727	8.00899e-02
0.57725	7.97456e-02
0.57723	7.94181e-02
0.57721	7.91108e-02
0.57719	7.88247e-02
0.57717	7.85608e-02
0.57715	7.83198e-02
0.57713	7.81024e-02
0.57711	7.79092e-02
0.57709	7.77408e-02
0.57708	7.75975e-02
0.57706	7.74796e-02
0.57704	7.73872e-02
0.57713	7.73059e-02
0.57723	7.72544e-02
0.57731	7.72321e-02
0.57740	7.72384e-02
0.57748	7.72723e-02
0.57756	7.73329e-02
0.57764	7.74191e-02
0.57771	7.75298e-02
0.57778	7.76636e-02
0.57785	7.78193e-02
0.57792	7.79953e-02
0.57799	7.81901e-02
0.57805	7.83995e-02
0.57811	7.86243e-02
0.57816	7.88627e-02
0.57822	7.91131e-02
0.57827	7.93735e-02
0.57833	7.96421e-02
0.57838	7.99172e-02
0.57843	8.01967e-02
0.57849	8.04791e-02
0.57854	8.07623e-02
0.57859	8.10448e-02
0.57864	8.13247e-02
0.57869	8.16005e-02
0.57874	8.18704e-02
0.57882	8.20858e-02
0.57889	8.22993e-02
0.57896	8.25067e-02
0.57904	8.27055e-02
0.57911	8.28937e-02
0.57918	8.30696e-02
0.57925	8.32314e-02
0.57933	8.33778e-02
0.57941	8.35073e-02
0.57949	8.36186e-02
0.57957	8.37105e-02
0.57966	8.37817e-02
0.57975	8.38311e-02
0.57984	8.38577e-02
0.57994	8.38604e-02
0.58002	8.38418e-02
0.58009	8.37954e-02
0.58017	8.37218e-02
0.58026	8.36201e-02
0.58035	8.34895e-02
0.58045	8.33294e-02
0.58056	8.31393e-02
0.58068	8.29191e-02
0.58081	8.26690e-02
0.58095	8.23898e-02
0.58109	8.20828e-02
0.58125	8.17501e-02
0.58139	8.14300e-02
0.58160	8.11208e-02
0.58180	8.07964e-02
0.58200	8.04618e-02
0.58219	8.01221e-02
0.58238	7.97821e-02
0.58255	7.94463e-02
0.58272	7.91181e-02
0.58288	7.88005e-02
0.58303	7.84955e-02
0.58317	7.82046e-02
0.58330	7.79285e-02
0.58342	7.76674e-02
0.58353	7.74212e-02
0.58363	7.71895e-02
0.58373	7.69717e-02
0.58382	7.67673e-02
0.58390	7.65755e-02
0.58398	7.63955e-02
0.58405	7.62268e-02
0.58412	7.60686e-02
0.58419	7.59203e-02
0.58424	7.57813e-02
0.58451	7.58318e-02
0.58476	7.58777e-02
0.58499	7.59210e-02
0.58521	7.59631e-02
0.58542	7.60047e-02
0.58562	7.60462e-02
0.58581	7.60880e-02
0.58599	7.61299e-02
0.58616	7.61720e-02
0.58632	7.62141e-02
0.58648	7.62560e-02
0.58662	7.62975e-02
0.58676	7.63384e-02
0.58689	7.63752e-02
0.58701	7.64110e-02
0.58712	7.64454e-02
0.58723	7.64780e-02
0.58732	7.65086e-02
0.58741	7.65369e-02
0.58749	7.65626e-02
0.58756	7.65855e-02
0.58762	7.66053e-02
0.58767	7.66219e-02
0.58772	7.66353e-02
0.58774	7.66469e-02
0.58776	7.66554e-02
0.58776	7.66607e-02
0.58776	7.66626e-02
0.58774	7.66614e-02
0.58771	7.66571e-02
0.58767	7.66499e-02
0.58762	7.66400e-02
0.58756	7.66278e-02
0.58749	7.66136e-02
0.58741	7.65979e-02
0.58732	7.65811e-02
0.58722	7.65598e-02
0.58710	7.65386e-02
0.58698	7.65182e-02
0.58684	7.64992e-02
0.58670	7.64825e-02
0.58655	7.64690e-02
0.58639	7.64594e-02
0.58622	7.64550e-02
0.58604	7.64567e-02
0.58586	7.64656e-02
0.58567	7.64830e-02
0.58547	7.65101e-02
0.58527	7.65481e-02
0.58507	7.65984e-02
0.58486	7.66634e-02
0.58465	7.67431e-02
0.58444	7.68388e-02
0.58423	7.69515e-02
0.58402	7.70822e-02
0.58382	7.72318e-02
0.58362	7.74005e-02
0.58341	7.75885e-02
0.58321	7.77966e-02
0.58302	7.80230e-02
0.58282	7.82663e-02
0.58262	7.85250e-02
0.58242	7.87971e-02
0.58222	7.90804e-02
0.58202	7.93726e-02
0.58181	7.96714e-02
0.58158	7.99607e-02
0.58134	8.02501e-02
0.58109	8.05382e-02
0.58083	8.08238e-02
0.58056	8.11056e-02
0.58028	8.13829e-02
0.57998	8.16547e-02
0.57968	8.19204e-02
0.57937	8.21794e-02
0.57905	8.24313e-02
0.57873	8.26755e-02
0.57839	8.29255e-02
0.57804	8.31676e-02
0.57769	8.34021e-02
0.57733	8.36287e-02
0.57696	8.38469e-02
0.57659	8.40562e-02
0.57622	8.42562e-02
0.57585	8.44463e-02
0.57547	8.46260e-02
0.57509	8.47948e-02
0.57471	8.49523e-02
0.57433	8.50978e-02
0.57395	8.52311e-02
0.57357	8.53515e-02
0.57319	8.54588e-02
0.57282	8.55527e-02
0.57244	8.56327e-02
0.57207	8.56986e-02
0.57170	8.57504e-02
0.57133	8.57878e-02
0.57097	8.58108e-02
0.57061	8.58194e-02
0.57026	8.58136e-02
0.56991	8.57880e-02
0.56956	8.57475e-02
0.56921	8.56763e-02
0.56886	8.55873e-02
0.56851	8.54813e-02
0.56817	8.53593e-02
0.56784	8.52218e-02
0.56751	8.50697e-02
0.56719	8.49037e-02
0.56688	8.47245e-02
0.56657	8.45331e-02
0.56628	8.43305e-02
0.56599	8.41176e-02
0.56570	8.39004e-02
0.56542	8.36753e-02
0.56515	8.34433e-02
0.56489	8.32058e-02
0.56464	8.29640e-02
0.56439	8.27192e-02
0.56416	8.24728e-02
0.56393	8.22262e-02
0.56372	8.19807e-02
0.56351	8.17376e-02
0.56330	8.14766e-02
0.56308	8.12189e-02
0.56287	8.09662e-02
0.56267	8.07196e-02
0.56248	8.04801e-02
0.56230	8.02483e-02
0.56212	8.00250e-02
0.56196	7.98107e-02
0.56180	7.96060e-02
0.56166	7.94111e-02
0.56152	7.92262e-02
0.56139	7.90513e-02
0.56141	7.90470e-02
0.56142	7.90458e-02
0.56145	7.90517e-02
0.56148	7.90662e-02
0.56152	7.90904e-02
0.56157	7.91253e-02
0.56164	7.91715e-02
0.56172	7.92296e-02
0.56181	7.93001e-02
0.56191	7.93831e-02
0.56204	7.94783e-02
0.56218	7.95853e-02
0.56233	7.97032e-02
0.56250	7.98306e-02
0.56268	7.99658e-02
0.56294	8.00035e-02
0.56321	8.00340e-02
0.56349	8.00542e-02
0.56380	8.00623e-02
0.56411	8.00577e-02
0.56444	8.00401e-02
0.56477	8.00095e-02
0.56512	7.99662e-02
0.56546	7.99134e-02
0.56580	7.98492e-02
0.56614	7.97741e-02
0.56649	7.96888e-02
0.56684	7.95940e-02
0.56718	7.94906e-02
0.56753	7.93797e-02
0.56787	7.92682e-02
0.56820	7.91532e-02
0.56854	7.90353e-02
0.56887	7.89158e-02
0.56920	7.87961e-02
0.56952	7.86777e-02
0.56985	7.85621e-02
0.57018	7.84509e-02
0.57050	7.83458e-02
0.57082	7.82485e-02
0.57115	7.81607e-02
0.57147	7.80840e-02
0.57179	7.80215e-02
0.57211	7.79740e-02
0.57243	7.79431e-02
0.57274	7.79303e-02
0.57306	7.79372e-02
0.57338	7.79653e-02
0.57369	7.80158e-02
0.57400	7.80902e-02
0.57431	7.81894e-02
0.57462	7.83144e-02
0.57493	7.84661e-02
0.57523	7.86451e-02
0.57553	7.88519e-02
0.57583	7.90866e-02
0.57612	7.93495e-02
0.57642	7.96402e-02
0.57670	7.99585e-02
0.57699	8.03039e-02
0.57726	8.06756e-02
0.57754	8.10725e-02
0.57780	8.14937e-02
0.57806	8.19378e-02
0.57832	8.24032e-02
0.57856	8.28885e-02
0.57880	8.33916e-02
0.57902	8.39067e-02
0.57923	8.44354e-02
0.57944	8.49757e-02
0.57963	8.55254e-02
0.57981	8.60822e-02
0.57998	8.66439e-02
0.58014	8.72080e-02
0.58028	8.77721e-02
0.58041	8.83339e-02
0.58053	8.88909e-02
0.58064	8.94409e-02
0.58073	8.99813e-02
0.58081	9.05100e-02
0.58087	9.10247e-02
0.58091	9.15232e-02
0.58094	9.20035e-02
0.58096	9.24634e-02
0.58095	9.29011e-02
0.58093	9.33147e-02
0.58089	9.37024e-02
0.58084	9.40628e-02
0.58077	9.43942e-02
0.58067	9.46937e-02
0.58056	9.49616e-02
0.58043	9.51969e-02
0.58028	9.53984e-02
0.58011	9.55653e-02
0.57992	9.56968e-02
0.57971	9.57923e-02
0.57948	9.58514e-02
0.57923	9.58736e-02
0.57896	9.58589e-02
0.57866	9.58071e-02
0.57855	9.59233e-02
0.57837	9.59623e-02
0.57814	9.59333e-02
0.57785	9.58387e-02
0.57752	9.56826e-02
0.57714	9.54698e-02
0.57673	9.52046e-02
0.57628	9.48913e-02
0.57579	9.45337e-02
0.57528	9.41351e-02
0.57474	9.36988e-02
0.57417	9.32277e-02
0.57358	9.27248e-02
0.57296	9.21928e-02
0.57232	9.16346e-02
0.57174	9.09405e-02
0.57112	9.02517e-02
0.57047	8.95678e-02
0.56978	8.88887e-02
0.56907	8.82137e-02
0.56834	8.75422e-02
0.56758	8.68738e-02
0.56681	8.62085e-02
0.56601	8.55473e-02
0.56520	8.48905e-02
0.56438	8.42392e-02
0.56356	8.35945e-02
0.56272	8.29577e-02
0.56188	8.23306e-02
0.56104	8.17146e-02
0.56027	8.11178e-02
0.55949	8.05369e-02
0.55870	7.99743e-02
0.55791	7.94314e-02
0.55711	7.89098e-02
0.55631	7.84111e-02
0.55551	7.79366e-02
0.55471	7.74878e-02
0.55391	7.70661e-02
0.55311	7.66726e-02
0.55231	7.63084e-02
0.55152	7.59742e-02
0.55071	7.56947e-02
0.54991	7.54492e-02
0.54911	7.52366e-02
0.54831	7.50561e-02
0.54752	7.49066e-02
0.54673	7.47871e-02
0.54595	7.46962e-02
0.54518	7.46322e-02
0.54441	7.45934e-02
0.54365	7.45779e-02
0.54291	7.45835e-02
0.54217	7.46080e-02
0.54145	7.46493e-02
0.54073	7.47048e-02
0.54004	7.47723e-02
0.53935	7.48495e-02
0.53869	7.49339e-02
0.53804	7.50234e-02
0.53740	7.51157e-02
0.53679	7.52087e-02
0.53619	7.53005e-02
0.53562	7.53891e-02
0.53507	7.54728e-02
0.53454	7.55501e-02
0.53403	7.56195e-02
0.53354	7.56794e-02
0.53308	7.57290e-02
0.53265	7.57674e-02
0.53224	7.57937e-02
0.53185	7.58074e-02
0.53149	7.58081e-02
0.53116	7.57955e-02
0.53086	7.57695e-02
0.53059	7.57303e-02
0.53034	7.56781e-02
0.53012	7.56134e-02
0.52992	7.55274e-02
0.52974	7.54289e-02
0.52959	7.53188e-02
0.52947	7.51985e-02
0.52937	7.50692e-02
0.52930	7.49322e-02
0.52926	7.47891e-02
0.52925	7.46416e-02
0.52927	7.44912e-02
0.52931	7.43400e-02
0.52938	7.41897e-02
0.52947	7.40443e-02
0.52959	7.39038e-02
0.52973	7.37701e-02
0.52990	7.36451e-02
0.53010	7.35309e-02
0.53032	7.34294e-02
0.53056	7.33425e-02
0.53083	7.32720e-02
0.53112	7.32198e-02
0.53143	7.31874e-02
0.53176	7.31764e-02
0.53212	7.31879e-02
0.53251	7.32344e-02
0.53292	7.33051e-02
0.53334	7.34012e-02
0.53378	7.35236e-02
0.53424	7.36727e-02
0.53470	7.38489e-02
0.53518	7.40521e-02
0.53567	7.42822e-02
0.53617	7.45389e-02
0.53668	7.48216e-02
0.53719	7.51296e-02
0.53772	7.54619e-02
0.53825	7.58175e-02
0.53878	7.61952e-02
0.53931	7.66010e-02
0.53985	7.70272e-02
0.54038	7.74719e-02
0.54091	7.79334e-02
0.54144	7.84098e-02
0.54197	7.88991e-02
0.54250	7.93995e-02
0.54302	7.99090e-02
0.54353	8.04248e-02
0.54403	8.09454e-02
0.54453	8.14688e-02
0.54502	8.19930e-02
0.54549	8.25160e-02
0.54596	8.30360e-02
0.54642	8.35509e-02
0.54685	8.40654e-02
0.54726	8.45699e-02
0.54766	8.50641e-02
0.54803	8.55466e-02
0.54839	8.60160e-02
0.54874	8.64709e-02
0.54906	8.69100e-02
0.54936	8.73321e-02
0.54965	8.77361e-02
0.54992	8.81210e-02
0.55016	8.84857e-02
0.55039	8.88295e-02
0.55061	8.91277e-02
0.55081	8.94088e-02
0.55098	8.96695e-02
0.55113	8.99083e-02
0.55126	9.01239e-02
0.55137	9.03156e-02
0.55145	9.04828e-02
0.55152	9.06248e-02
0.55156	9.07416e-02
0.55158	9.08330e-02
0.55158	9.08992e-02
0.55156	9.09406e-02
0.55151	9.09578e-02
0.55145	9.09518e-02
0.55136	9.09236e-02
0.55126	9.08745e-02
0.55113	9.08063e-02
0.55097	9.07205e-02
0.55080	9.06190e-02
0.55060	9.05036e-02
0.55037	9.03762e-02
0.55012	9.02384e-02
0.54985	9.00919e-02
0.54955	8.99382e-02
0.54922	8.97784e-02
0.54890	8.96488e-02
0.54855	8.95036e-02
0.54817	8.93468e-02
0.54776	8.91814e-02
0.54732	8.90098e-02
0.54685	8.88339e-02
0.54637	8.86555e-02
0.54587	8.84761e-02
0.54535	8.82969e-02
0.54481	8.81190e-02
0.54426	8.79431e-02
0.54370	8.77707e-02
0.54313	8.76014e-02
0.54254	8.74353e-02
0.54195	8.72724e-02
0.54135	8.71124e-02
0.54075	8.69549e-02
0.54013	8.67995e-02
0.53951	8.66457e-02
0.53889	8.64929e-02
0.53826	8.63405e-02
0.53763	8.61880e-02
0.53699	8.60369e-02
0.53635	8.58856e-02
0.53570	8.57336e-02
0.53505	8.55809e-02
0.53440	8.54271e-02
0.53376	8.52723e-02
0.53312	8.51162e-02
0.53248	8.49588e-02
0.53185	8.48001e-02
0.53123	8.46402e-02
0.53062	8.44790e-02
0.52999	8.42606e-02
0.52937	8.40332e-02
0.52876	8.37984e-02
0.52817	8.35570e-02
0.52758	8.33093e-02
0.52701	8.30556e-02
0.52646	8.27964e-02
0.52593	8.25320e-02
0.52542	8.22629e-02
0.52492	8.19895e-02
0.52445	8.17124e-02
0.52400	8.14318e-02
0.52357	8.11483e-02
0.52317	8.08623e-02
0.52280	8.05744e-02
0.52245	8.02861e-02
0.52213	7.99967e-02
0.52184	7.97067e-02
0.52158	7.94165e-02
0.52135	7.91266e-02
0.52115	7.88376e-02
0.52098	7.85498e-02
0.52084	7.82636e-02
0.52073	7.79806e-02
0.52065	7.77000e-02
0.52061	7.74223e-02
0.52060	7.71478e-02
0.52062	7.68771e-02
0.52068	7.66103e-02
0.52076	7.63478e-02
0.52087	7.60824e-02
0.52101	7.58219e-02
0.52118	7.55654e-02
0.52137	7.53133e-02
0.52160	7.50660e-02
0.52185	7.48238e-02
0.52214	7.45870e-02
0.52244	7.43559e-02
0.52277	7.41362e-02
0.52312	7.39242e-02
0.52350	7.37203e-02
0.52389	7.35249e-02
0.52431	7.33386e-02
0.52475	7.31620e-02
0.52521	7.29957e-02
0.52568	7.28406e-02
0.52618	7.26973e-02
0.52668	7.25666e-02
0.52720	7.24494e-02
0.52774	7.23466e-02
0.52828	7.22590e-02
0.52884	7.21875e-02
0.52940	7.21332e-02
0.52997	7.20970e-02
0.53055	7.20798e-02
0.53113	7.20827e-02
0.53171	7.21065e-02
0.53229	7.21521e-02
0.53288	7.22205e-02
0.53346	7.23126e-02
0.53404	7.24289e-02
0.53461	7.25704e-02
0.53518	7.27375e-02
0.53574	7.29308e-02
0.53629	7.31509e-02
0.53683	7.33979e-02
0.53736	7.36721e-02
0.53788	7.39724e-02
0.53838	7.42996e-02
0.53899	7.46816e-02
0.53956	7.50852e-02
0.54010	7.55106e-02
0.54061	7.59579e-02
0.54109	7.64269e-02
0.54155	7.69172e-02
0.54198	7.74282e-02
0.54238	7.79590e-02
0.54276	7.85088e-02
0.54312	7.90763e-02
0.54344	7.96604e-02
0.54374	8.02597e-02
0.54402	8.08728e-02
0.54427	8.14980e-02
0.54449	8.21338e-02
0.54469	8.27784e-02
0.54486	8.34302e-02
0.54500	8.40873e-02
0.54512	8.47479e-02
0.54521	8.54103e-02
0.54527	8.60754e-02
0.54530	8.67385e-02
0.54530	8.73978e-02
0.54528	8.80514e-02
0.54523	8.86976e-02
0.54515	8.93344e-02
0.54505	8.99604e-02
0.54493	9.05736e-02
0.54478	9.11725e-02
0.54461	9.17556e-02
0.54442	9.23214e-02
0.54420	9.28679e-02
0.54400	9.34070e-02
0.54378	9.39264e-02
0.54354	9.44251e-02
0.54328	9.49020e-02
0.54301	9.53562e-02
0.54271	9.57867e-02
0.54240	9.61925e-02
0.54206	9.65729e-02
0.54172	9.69269e-02
0.54135	9.72539e-02
0.54097	9.75533e-02
0.54057	9.78245e-02
0.54016	9.80669e-02
0.53974	9.82802e-02
0.53929	9.84747e-02
0.53883	9.86409e-02
0.53835	9.87788e-02
0.53786	9.88882e-02
0.53736	9.89693e-02
0.53685	9.90222e-02
0.53633	9.90472e-02
0.53580	9.90448e-02
0.53526	9.90174e-02
0.53470	9.89637e-02
0.53414	9.88844e-02
0.53357	9.87800e-02
0.53300	9.86514e-02
0.53243	9.84995e-02
0.53185	9.83250e-02
0.53131	9.80810e-02
0.53076	9.78234e-02
0.53020	9.75515e-02
0.52964	9.72656e-02
0.52908	9.69663e-02
0.52852	9.66545e-02
0.52796	9.63311e-02
0.52740	9.59973e-02
0.52684	9.56745e-02
0.52628	9.53476e-02
0.52572	9.50170e-02
0.52517	9.46834e-02
0.52463	9.43478e-02
0.52409	9.40112e-02
0.52357	9.36747e-02
0.52306	9.33392e-02
0.52256	9.30058e-02
0.52207	9.26755e-02
0.52160	9.23493e-02
0.52115	9.20280e-02
0.52070	9.17126e-02
0.52028	9.14038e-02
0.51987	9.11024e-02
0.51949	9.08092e-02
0.51912	9.05248e-02
0.51877	9.02498e-02
0.51844	8.99848e-02
0.51813	8.97303e-02
0.51784	8.94866e-02
0.51758	8.92542e-02
0.51734	8.90334e-02
0.51711	8.88245e-02
0.51692	8.86276e-02
0.51674	8.84429e-02
0.51659	8.82704e-02
0.51646	8.81103e-02
0.51635	8.79626e-02
0.51615	8.76880e-02
0.51598	8.74321e-02
0.51583	8.72019e-02
0.51572	8.70033e-02
0.51566	8.68396e-02
0.51563	8.67115e-02
0.51564	8.66171e-02
0.51569	8.65530e-02
0.51577	8.65151e-02
0.51588	8.64995e-02
0.51602	8.65024e-02
0.51618	8.65209e-02
0.51636	8.65526e-02
0.51656	8.65957e-02
0.51677	8.66486e-02
0.51700	8.67103e-02
0.51725	8.67800e-02
0.51751	8.68568e-02
0.51778	8.69401e-02
0.51806	8.70293e-02
0.51835	8.71239e-02
0.51864	8.72232e-02
0.51896	8.73199e-02
0.51928	8.74225e-02
0.51961	8.75300e-02
0.51993	8.76414e-02
0.52026	8.77557e-02
0.52058	8.78722e-02
0.52091	8.79898e-02
0.52123	8.81077e-02
0.52155	8.82251e-02
0.52187	8.83411e-02
0.52218	8.84549e-02
0.52248	8.85401e-02
0.52288	8.87150e-02
0.52327	8.88723e-02
0.52363	8.90118e-02
0.52398	8.91333e-02
0.52431	8.92365e-02
0.52462	8.93217e-02
0.52492	8.93892e-02
0.52519	8.94394e-02
0.52544	8.94730e-02
0.52568	8.94904e-02
0.52589	8.94921e-02
0.52609	8.94786e-02
0.52627	8.94504e-02
0.52643	8.94078e-02
0.52657	8.93595e-02
0.52668	8.92994e-02
0.52678	8.92277e-02
0.52686	8.91447e-02
0.52692	8.90507e-02
0.52697	8.89462e-02
0.52699	8.88321e-02
0.52700	8.87083e-02
0.52697	8.85917e-02
0.52692	8.84697e-02
0.52686	8.83423e-02
0.52677	8.82099e-02
0.52667	8.80727e-02
0.52655	8.79311e-02
0.52641	8.77854e-02
0.52626	8.76336e-02
0.52606	8.74755e-02
0.52585	8.73130e-02
0.52563	8.71469e-02
0.52538	8.69774e-02
0.52512	8.68052e-02
0.52484	8.66304e-02
0.52455	8.64535e-02
0.52429	8.61979e-02
0.52401	8.59504e-02
0.52372	8.57097e-02
0.52342	8.54743e-02
0.52310	8.52433e-02
0.52277	8.50157e-02
0.52243	8.47911e-02
0.52209	8.45690e-02
0.52173	8.43492e-02
0.52138	8.41316e-02
0.52102	8.39160e-02
0.52066	8.37025e-02
0.52029	8.34909e-02
0.51993	8.32813e-02
0.51957	8.30737e-02
0.51920	8.28679e-02
0.51885	8.26639e-02
0.51849	8.24618e-02
0.51814	8.22613e-02
0.51780	8.20624e-02
0.51746	8.18651e-02
0.51713	8.16693e-02
0.51681	8.14751e-02
0.51650	8.12823e-02
0.51620	8.10911e-02
0.51591	8.09016e-02
0.51564	8.07138e-02
0.51538	8.05280e-02
0.51513	8.03444e-02
0.51488	8.01488e-02
0.51465	7.99544e-02
0.51444	7.97617e-02
0.51424	7.95711e-02
0.51406	7.93831e-02
0.51389	7.91984e-02
0.51374	7.90176e-02
0.51361	7.88415e-02
0.51350	7.86707e-02
0.51341	7.85063e-02
0.51333	7.83491e-02
0.51327	7.82000e-02
0.51324	7.80602e-02
0.51322	7.79306e-02
0.51322	7.78124e-02
0.51324	7.77066e-02
0.51328	7.76143e-02
0.51333	7.75367e-02
0.51341	7.74750e-02
0.51351	7.74301e-02
0.51362	7.74032e-02
0.51375	7.73953e-02
0.51390	7.74037e-02
0.51406	7.74334e-02
0.51424	7.74853e-02
0.51444	7.75599e-02
0.51466	7.76582e-02
0.51489	7.77806e-02
0.51513	7.79276e-02
0.51539	7.80996e-02
0.51566	7.82970e-02
0.51595	7.85199e-02
0.51625	7.87682e-02
0.51670	7.91665e-02
0.51714	7.95781e-02
0.51759	8.00165e-02
0.51805	8.04832e-02
0.51850	8.09787e-02
0.51897	8.15027e-02
0.51944	8.20542e-02
0.51991	8.26315e-02
0.52039	8.32324e-02
0.52086	8.38545e-02
0.52133	8.44948e-02
0.52180	8.51505e-02
0.52226	8.58187e-02
0.52271	8.64965e-02
0.52316	8.71814e-02
0.52367	8.77263e-02
0.52417	8.82706e-02
0.52467	8.88133e-02
0.52515	8.93532e-02
0.52562	8.98894e-02
0.52609	9.04209e-02
0.52653	9.09458e-02
0.52696	9.14640e-02
0.52739	9.19729e-02
0.52780	9.24743e-02
0.52820	9.29670e-02
0.52857	9.34501e-02
0.52893	9.39227e-02
0.52928	9.43842e-02
0.52961	9.48339e-02
0.52992	9.52701e-02
0.53040	9.56622e-02
0.53085	9.60507e-02
0.53125	9.64363e-02
0.53160	9.68176e-02
0.53190	9.71918e-02
0.53215	9.75578e-02
0.53236	9.79144e-02
0.53267	9.80948e-02
0.53294	9.82740e-02
0.53317	9.84541e-02
0.53338	9.86376e-02
0.53355	9.88266e-02
0.53369	9.90226e-02
0.53379	9.92263e-02
0.53387	9.94380e-02
0.53391	9.96574e-02
0.53392	9.98839e-02
0.53391	1.00117e-01
0.53387	1.00355e-01
0.53381	1.00599e-01
0.53372	1.00845e-01
0.53362	1.01095e-01
0.53349	1.01347e-01
0.53334	1.01599e-01
0.53318	1.01853e-01
0.53301	1.02106e-01
0.53282	1.02358e-01
0.53262	1.02609e-01
0.53241	1.02858e-01
0.53219	1.03105e-01
0.53196	1.03349e-01
0.53173	1.03590e-01
0.53149	1.03828e-01
0.53125	1.04062e-01
0.53100	1.04291e-01
0.53075	1.04517e-01
0.53050	1.04732e-01
0.53025	1.04942e-01
0.53000	1.05145e-01
0.52975	1.05342e-01
0.52950	1.05531e-01
0.52926	1.05711e-01
0.52903	1.05884e-01
0.52880	1.06047e-01
0.52858	1.06200e-01
0.52837	1.06342e-01
0.52817	1.06473e-01
0.52798	1.06592e-01
0.52780	1.06698e-01
0.52764	1.06791e-01
0.52749	1.06869e-01
0.52736	1.06931e-01
0.52724	1.06978e-01
0.52713	1.07007e-01
0.52705	1.07019e-01
0.52698	1.07012e-01
0.52693	1.06986e-01
0.52690	1.06940e-01
0.52688	1.06868e-01
0.52688	1.06774e-01
0.52689	1.06657e-01
0.52693	1.06517e-01
0.52698	1.06354e-01
0.52706	1.06166e-01
0.52716	1.05954e-01
0.52727	1.05719e-01
0.52741	1.05458e-01
0.52757	1.05174e-01
0.52775	1.04866e-01
0.52794	1.04532e-01
0.52815	1.04170e-01
0.52837	1.03783e-01
0.52861	1.03371e-01
0.52887	1.02936e-01
0.52914	1.02478e-01
0.52943	1.01998e-01
0.52973	1.01497e-01
0.53004	1.00974e-01
0.53037	1.00432e-01
0.53071	9.98713e-02
0.53106	9.92923e-02
0.53141	9.86963e-02
0.53178	9.80845e-02
0.53215	9.74577e-02
0.53258	9.68127e-02
0.53302	9.61560e-02
0.53345	9.54885e-02
0.53389	9.48112e-02
0.53432	9.41252e-02
0.53476	9.34316e-02
0.53519	9.27317e-02
0.53562	9.20266e-02
0.53604	9.13261e-02
0.53644	9.06233e-02
0.53684	8.99191e-02
0.53723	8.92144e-02
0.53761	8.85105e-02
0.53797	8.78083e-02
0.53832	8.71091e-02
0.53871	8.63605e-02
0.53906	8.56291e-02
0.53938	8.49136e-02
0.53968	8.42130e-02
0.53996	8.35273e-02
0.54020	8.28597e-02
0.54043	8.22075e-02
0.54063	8.15713e-02
0.54079	8.09675e-02
0.54093	8.03774e-02
0.54105	7.98011e-02
0.54115	7.92391e-02
0.54122	7.86916e-02
0.54128	7.81590e-02
0.54132	7.76412e-02
0.54133	7.71384e-02
0.54133	7.66506e-02
0.54131	7.61779e-02
0.54126	7.57208e-02
0.54121	7.52794e-02
0.54113	7.48545e-02
0.54104	7.44466e-02
0.54093	7.40566e-02
0.54080	7.36854e-02
0.54066	7.33339e-02
0.54050	7.30031e-02
0.54032	7.26938e-02
0.54013	7.24069e-02
0.53992	7.21432e-02
0.53969	7.19032e-02
0.53944	7.16874e-02
0.53917	7.14962e-02
0.53888	7.13297e-02
0.53858	7.11880e-02
0.53826	7.10710e-02
0.53791	7.09764e-02
0.53755	7.09048e-02
0.53717	7.08562e-02
0.53677	7.08301e-02
0.53635	7.08265e-02
0.53591	7.08451e-02
0.53546	7.08861e-02
0.53499	7.09495e-02
0.53451	7.10358e-02
0.53401	7.11456e-02
0.53351	7.12799e-02
0.53300	7.14395e-02
0.53248	7.16253e-02
0.53195	7.18379e-02
0.53143	7.20772e-02
0.53089	7.23429e-02
0.53036	7.26342e-02
0.52982	7.29500e-02
0.52928	7.32890e-02
0.52873	7.36500e-02
0.52818	7.40314e-02
0.52763	7.44322e-02
0.52707	7.48512e-02
0.52650	7.52872e-02
0.52594	7.57413e-02
0.52537	7.62106e-02
0.52479	7.66940e-02
0.52422	7.71908e-02
0.52364	7.77003e-02
0.52307	7.82217e-02
0.52249	7.87543e-02
0.52192	7.92975e-02
0.52135	7.98504e-02
0.52078	8.04125e-02
0.52021	8.09831e-02
0.51964	8.15434e-02
0.51907	8.21083e-02
0.51851	8.26774e-02
0.51794	8.32501e-02
0.51739	8.38259e-02
0.51684	8.44042e-02
0.51630	8.49843e-02
0.51577	8.55656e-02
0.51525	8.61474e-02
0.51475	8.67292e-02
0.51426	8.73102e-02
0.51378	8.78897e-02
0.51332	8.84672e-02
0.51287	8.90419e-02
0.51244	8.96133e-02
0.51195	9.02298e-02
0.51148	9.08433e-02
0.51104	9.14522e-02
0.51062	9.20548e-02
0.51024	9.26493e-02
0.50988	9.32343e-02
0.50955	9.38082e-02
0.50926	9.43699e-02
0.50899	9.49349e-02
0.50876	9.54886e-02
0.50855	9.60300e-02
0.50838	9.65586e-02
0.50824	9.70741e-02
0.50814	9.75766e-02
0.50806	9.80662e-02
0.50801	9.85376e-02
0.50798	9.89962e-02
0.50798	9.94423e-02
0.50801	9.98766e-02
0.50807	1.00299e-01
0.50815	1.00710e-01
0.50826	1.01110e-01
0.50839	1.01501e-01
0.50865	1.01723e-01
0.50893	1.01931e-01
0.50924	1.02125e-01
0.50957	1.02304e-01
0.50992	1.02471e-01
0.51030	1.02626e-01
0.51070	1.02771e-01
0.51112	1.02907e-01
0.51156	1.03037e-01
0.51201	1.03163e-01
0.51248	1.03288e-01
0.51296	1.03413e-01
0.51345	1.03541e-01
0.51394	1.03673e-01
0.51445	1.03812e-01
0.51494	1.03949e-01
0.51543	1.04092e-01
0.51592	1.04242e-01
0.51642	1.04400e-01
0.51691	1.04564e-01
0.51740	1.04734e-01
0.51790	1.04909e-01
0.51839	1.05087e-01
0.51888	1.05268e-01
0.51937	1.05449e-01
0.51985	1.05629e-01
0.52034	1.05806e-01
0.52082	1.05981e-01
0.52130	1.06149e-01
0.52178	1.06310e-01
0.52226	1.06462e-01
0.52274	1.06604e-01
0.52321	1.06735e-01
0.52368	1.06853e-01
0.52416	1.06958e-01
0.52463	1.07049e-01
0.52509	1.07124e-01
0.52556	1.07184e-01
0.52603	1.07227e-01
0.52649	1.07253e-01
0.52695	1.07262e-01
0.52741	1.07254e-01
0.52787	1.07227e-01
0.52833	1.07183e-01
0.52878	1.07121e-01
0.52924	1.07042e-01
0.52969	1.06945e-01
0.53013	1.06832e-01
0.53058	1.06702e-01
0.53102	1.06555e-01
0.53146	1.06394e-01
0.53189	1.06217e-01
0.53232	1.06025e-01
0.53275	1.05820e-01
0.53317	1.05602e-01
0.53358	1.05372e-01
0.53399	1.05130e-01
0.53440	1.04877e-01
0.53480	1.04615e-01
0.53519	1.04343e-01
0.53558	1.04062e-01
0.53596	1.03774e-01
0.53638	1.03468e-01
0.53678	1.03146e-01
0.53718	1.02816e-01
0.53757	1.02478e-01
0.53796	1.02132e-01
0.53833	1.01779e-01
0.53870	1.01419e-01
0.53905	1.01053e-01
0.53940	1.00681e-01
0.53973	1.00303e-01
0.54005	9.99208e-02
0.54036	9.95331e-02
0.54066	9.91407e-02
0.54094	9.87437e-02
0.54121	9.83422e-02
0.54172	9.76626e-02
0.54218	9.70298e-02
0.54260	9.64415e-02
0.54297	9.58902e-02
0.54331	9.53670e-02
0.54362	9.48642e-02
0.54390	9.43758e-02
0.54416	9.38976e-02
0.54440	9.34328e-02
0.54463	9.29745e-02
0.54484	9.25210e-02
0.54503	9.20712e-02
0.54522	9.16239e-02
0.54540	9.11785e-02
0.54556	9.07342e-02
0.54571	9.02968e-02
0.54587	8.98299e-02
0.54603	8.93691e-02
0.54617	8.89116e-02
0.54629	8.84559e-02
0.54641	8.80005e-02
0.54653	8.75445e-02
0.54663	8.70870e-02
0.54677	8.66059e-02
0.54691	8.61253e-02
0.54703	8.56441e-02
0.54715	8.51610e-02
0.54728	8.46755e-02
0.54740	8.41870e-02
0.54752	8.36952e-02
0.54764	8.31997e-02
0.54776	8.27004e-02
0.54788	8.21971e-02
0.54801	8.16898e-02
0.54814	8.11785e-02
0.54827	8.06633e-02
0.54840	8.01444e-02
0.54855	7.96219e-02
0.54868	7.91025e-02
0.54883	7.85816e-02
0.54897	7.80595e-02
0.54912	7.75364e-02
0.54928	7.70131e-02
0.54944	7.64902e-02
0.54960	7.59682e-02
0.54977	7.54481e-02
0.54995	7.49306e-02
0.55012	7.44166e-02
0.55031	7.39070e-02
0.55049	7.34026e-02
0.55085	7.32728e-02
0.55122	7.31458e-02
0.55158	7.30140e-02
0.55194	7.28713e-02
0.55229	7.27141e-02
0.55262	7.25410e-02
0.55294	7.23527e-02
0.55325	7.21514e-02
0.55355	7.19397e-02
0.55384	7.17207e-02
0.55411	7.14973e-02
0.55437	7.12721e-02
0.55462	7.10475e-02
0.55486	7.08254e-02
0.55508	7.06074e-02
0.55529	7.03949e-02
0.55549	7.01890e-02
0.55568	6.99904e-02
0.55585	6.97998e-02
0.55601	6.96175e-02
0.55615	6.94437e-02
0.55628	6.92787e-02
0.55638	6.91224e-02
0.55648	6.89747e-02
0.55655	6.88354e-02
0.55660	6.87043e-02
0.55664	6.85812e-02
0.55666	6.84656e-02
0.55665	6.83573e-02
0.55663	6.82559e-02
0.55658	6.81611e-02
0.55651	6.80724e-02
0.55642	6.79896e-02
0.55631	6.79123e-02
0.55617	6.78402e-02
0.55601	6.77800e-02
0.55581	6.77258e-02
0.55560	6.76773e-02
0.55536	6.76342e-02
0.55509	6.75962e-02
0.55480	6.75633e-02
0.55453	6.75369e-02
0.55422	6.75159e-02
0.55390	6.75001e-02
0.55354	6.74896e-02
0.55317	6.74845e-02
0.55276	6.74848e-02
0.55234	6.74909e-02
0.55189	6.75027e-02
0.55141	6.75206e-02
0.55095	6.75047e-02
0.55046	6.75017e-02
0.54995	6.75110e-02
0.54941	6.75322e-02
0.54884	6.75651e-02
0.54826	6.76094e-02
0.54765	6.76649e-02
0.54702	6.77316e-02
0.54645	6.77084e-02
0.54586	6.76936e-02
0.54525	6.76866e-02
0.54462	6.76870e-02
0.54398	6.76945e-02
0.54333	6.77087e-02
0.54267	6.77293e-02
0.54200	6.77562e-02
0.54132	6.77865e-02
0.54062	6.78228e-02
0.53992	6.78650e-02
0.53922	6.79131e-02
0.53851	6.79673e-02
0.53780	6.80276e-02
0.53708	6.80943e-02
0.53646	6.80302e-02
0.53584	6.79791e-02
0.53520	6.79388e-02
0.53456	6.79079e-02
0.53391	6.78854e-02
0.53326	6.78710e-02
0.53261	6.78643e-02
0.53196	6.78654e-02
0.53131	6.78742e-02
0.53066	6.78907e-02
0.53002	6.79151e-02
0.52939	6.79474e-02
0.52876	6.79878e-02
0.52813	6.80363e-02
0.52752	6.80929e-02
0.52704	6.82115e-02
0.52657	6.83408e-02
0.52611	6.84804e-02
0.52566	6.86293e-02
0.52522	6.87870e-02
0.52479	6.89525e-02
0.52437	6.91250e-02
0.52396	6.93039e-02
0.52356	6.94886e-02
0.52317	6.96785e-02
0.52279	6.98734e-02
0.52242	7.00730e-02
0.52217	7.04423e-02
0.52192	7.07860e-02
0.52166	7.11158e-02
0.52142	7.14389e-02
0.52118	7.17594e-02
0.52096	7.20799e-02
0.52075	7.24022e-02
0.52056	7.27271e-02
0.52039	7.30554e-02
0.52023	7.33874e-02
0.52009	7.37234e-02
0.51998	7.40635e-02
0.51988	7.44076e-02
0.51980	7.47558e-02
0.51974	7.51080e-02
0.51970	7.54638e-02
0.51968	7.58232e-02
0.51968	7.61858e-02
0.51970	7.65512e-02
0.51975	7.69192e-02
0.51981	7.72893e-02
0.51989	7.76609e-02
0.51999	7.80337e-02
0.52012	7.84070e-02
0.52026	7.87803e-02
0.52042	7.91530e-02
0.52059	7.95243e-02
0.52079	7.98936e-02
0.52100	8.02602e-02
0.52123	8.06233e-02
0.52148	8.09822e-02
0.52174	8.13360e-02
0.52202	8.16839e-02
0.52231	8.20251e-02
0.52261	8.23587e-02
0.52290	8.26779e-02
0.52320	8.29833e-02
0.52351	8.32755e-02
0.52382	8.35542e-02
0.52414	8.38189e-02
0.52446	8.40691e-02
0.52492	8.41718e-02
0.52536	8.42826e-02
0.52578	8.43949e-02
0.52618	8.45033e-02
0.52657	8.46037e-02
0.52696	8.46926e-02
0.52734	8.47675e-02
0.52771	8.48261e-02
0.52807	8.48668e-02
0.52836	8.49129e-02
0.52863	8.49431e-02
0.52889	8.49558e-02
0.52914	8.49484e-02
0.52938	8.49171e-02
0.52963	8.48563e-02
0.52989	8.47594e-02
0.53018	8.46201e-02
0.53049	8.44353e-02
0.53084	8.42353e-02
0.53120	8.39847e-02
0.53157	8.36901e-02
0.53193	8.33564e-02
0.53228	8.29867e-02
0.53261	8.25830e-02
0.53293	8.21463e-02
0.53320	8.17027e-02
0.53346	8.12275e-02
0.53369	8.07209e-02
0.53390	8.01836e-02
0.53409	7.96163e-02
0.53425	7.90205e-02
0.53436	7.83951e-02
0.53453	7.77275e-02
0.53466	7.70388e-02
0.53474	7.63297e-02
0.53480	7.56008e-02
0.53481	7.48528e-02
0.53479	7.40866e-02
0.53474	7.33031e-02
0.53466	7.25034e-02
0.53456	7.16885e-02
0.53442	7.08596e-02
0.53426	7.00179e-02
0.53407	6.91648e-02
0.53386	6.83018e-02
0.53362	6.74306e-02
0.53337	6.65530e-02
0.53315	6.56970e-02
0.53290	6.48354e-02
0.53262	6.39704e-02
0.53231	6.31041e-02
0.53196	6.22393e-02
0.53159	6.13785e-02
0.53118	6.05249e-02
0.53075	5.96817e-02
0.53029	5.88522e-02
0.52980	5.80400e-02
0.52929	5.72487e-02
0.52876	5.64823e-02
0.52821	5.57444e-02
0.52763	5.50389e-02
0.52704	5.43698e-02
0.52643	5.37409e-02
0.52581	5.31558e-02
0.52517	5.26181e-02
0.52452	5.21312e-02
0.52387	5.16981e-02
0.52320	5.13216e-02
0.52253	5.10042e-02
0.52185	5.07479e-02
0.52117	5.05542e-02
0.52049	5.04243e-02
0.51980	5.03586e-02
0.51912	5.03572e-02
0.51845	5.04197e-02
0.51777	5.05449e-02
0.51710	5.07315e-02
0.51644	5.09775e-02
0.51579	5.12803e-02
0.51514	5.16372e-02
0.51451	5.20451e-02
0.51389	5.25006e-02
0.51328	5.29998e-02
0.51269	5.35390e-02
0.51211	5.41142e-02
0.51155	5.47213e-02
0.51100	5.53561e-02
0.51048	5.60145e-02
0.50997	5.66924e-02
0.50948	5.73856e-02
0.50901	5.80903e-02
0.50857	5.88025e-02
0.50814	5.95183e-02
0.50774	6.02343e-02
0.50734	6.09269e-02
0.50696	6.16102e-02
0.50660	6.22809e-02
0.50626	6.29359e-02
0.50595	6.35721e-02
0.50566	6.41869e-02
0.50547	6.48996e-02
0.50531	6.55843e-02
0.50517	6.62408e-02
0.50506	6.68674e-02
0.50497	6.74619e-02
0.50491	6.80216e-02
0.50487	6.85435e-02
0.50486	6.90245e-02
0.50487	6.94618e-02
0.50492	6.98682e-02
0.50499	7.02232e-02
0.50508	7.05253e-02
0.50519	7.07736e-02
0.50532	7.09670e-02
0.50547	7.11050e-02
0.50563	7.11871e-02
0.50582	7.12133e-02
0.50603	7.11846e-02
0.50632	7.11229e-02
0.50662	7.10041e-02
0.50694	7.08300e-02
0.50726	7.06023e-02
0.50760	7.03227e-02
0.50795	6.99934e-02
0.50832	6.96165e-02
0.50881	6.91737e-02
0.50929	6.86947e-02
0.50979	6.81809e-02
0.51028	6.76343e-02
0.51079	6.70572e-02
0.51130	6.64523e-02
0.51183	6.58226e-02
0.51245	6.50680e-02
0.51309	6.42984e-02
0.51373	6.35179e-02
0.51439	6.27310e-02
0.51506	6.19421e-02
0.51575	6.11557e-02
0.51645	6.03764e-02
0.51717	5.96089e-02
0.51790	5.88579e-02
0.51864	5.81281e-02
0.51941	5.74243e-02
0.52019	5.67514e-02
0.52099	5.61140e-02
0.52180	5.55168e-02
0.52262	5.49641e-02
0.52345	5.44836e-02
0.52428	5.40581e-02
0.52511	5.36898e-02
0.52595	5.33805e-02
0.52679	5.31318e-02
0.52762	5.29445e-02
0.52845	5.28188e-02
0.52927	5.27546e-02
0.53007	5.27512e-02
0.53087	5.28073e-02
0.53165	5.29215e-02
0.53242	5.30917e-02
0.53317	5.33155e-02
0.53390	5.35904e-02
0.53462	5.39134e-02
0.53533	5.42813e-02
0.53601	5.46907e-02
0.53668	5.51380e-02
0.53733	5.56197e-02
0.53797	5.61320e-02
0.53859	5.66711e-02
0.53919	5.72334e-02
0.53978	5.78153e-02
0.54035	5.84132e-02
0.54090	5.90236e-02
0.54143	5.96433e-02
0.54195	6.02691e-02
0.54245	6.08981e-02
0.54293	6.15274e-02
0.54340	6.21543e-02
0.54384	6.27766e-02
0.54427	6.33919e-02
0.54468	6.39982e-02
0.54507	6.45935e-02
0.54544	6.51762e-02
0.54580	6.57449e-02
0.54613	6.62980e-02
0.54644	6.68344e-02
0.54673	6.73530e-02
0.54701	6.78530e-02
0.54726	6.83336e-02
0.54750	6.87942e-02
0.54771	6.92341e-02
0.54790	6.96531e-02
0.54807	7.00508e-02
0.54823	7.04270e-02
0.54836	7.07816e-02
0.54855	7.10741e-02
0.54872	7.13496e-02
0.54885	7.16077e-02
0.54896	7.18480e-02
0.54905	7.20706e-02
0.54910	7.22755e-02
0.54913	7.24784e-02
0.54913	7.26664e-02
0.54910	7.28391e-02
0.54905	7.29965e-02
0.54898	7.31389e-02
0.54889	7.32664e-02
0.54878	7.33794e-02
0.54865	7.34783e-02
0.54850	7.35635e-02
0.54840	7.36196e-02
0.54828	7.36671e-02
0.54814	7.37062e-02
0.54798	7.37369e-02
0.54781	7.37597e-02
0.54763	7.37749e-02
0.54743	7.37829e-02
0.54721	7.37842e-02
0.54707	7.37457e-02
0.54690	7.37053e-02
0.54672	7.36613e-02
0.54651	7.36136e-02
0.54630	7.35623e-02
0.54608	7.35073e-02
0.54585	7.34490e-02
0.54559	7.33645e-02
0.54537	7.32625e-02
0.54514	7.31602e-02
0.54489	7.30569e-02
0.54462	7.29521e-02
0.54435	7.28460e-02
0.54408	7.27386e-02
0.54390	7.25861e-02
0.54374	7.24049e-02
0.54356	7.22415e-02
0.54337	7.20907e-02
0.54316	7.19492e-02
0.54295	7.18154e-02
0.54274	7.16884e-02
0.54253	7.15675e-02
0.54231	7.14526e-02
0.54210	7.13435e-02
0.54189	7.12401e-02
0.54168	7.11425e-02
0.54147	7.10507e-02
0.54127	7.09648e-02
0.54108	7.08848e-02
0.54089	7.08108e-02
0.54071	7.07430e-02
0.54053	7.06813e-02
0.54036	7.06257e-02
0.54020	7.05763e-02
0.54005	7.05330e-02
0.53990	7.04959e-02
0.53977	7.04649e-02
0.53964	7.04399e-02
0.53952	7.04209e-02
0.53940	7.04079e-02
0.53930	7.04006e-02
0.53921	7.03989e-02
0.53912	7.04028e-02
0.53904	7.04119e-02
0.53897	7.04261e-02
0.53890	7.04452e-02
0.53885	7.04688e-02
0.53880	7.04967e-02
0.53875	7.05285e-02
0.53872	7.05639e-02
0.53869	7.06025e-02
0.53867	7.06440e-02
0.53865	7.06878e-02
0.53864	7.07336e-02
0.53863	7.07808e-02
0.53863	7.08290e-02
0.53863	7.08776e-02
0.53863	7.09261e-02
0.53864	7.09740e-02
0.53865	7.10205e-02
0.53867	7.10652e-02
0.53868	7.11075e-02
0.53870	7.11466e-02
0.53872	7.11820e-02
0.53874	7.12131e-02
0.53877	7.12391e-02
0.53879	7.12594e-02
0.53881	7.12734e-02
0.53883	7.12804e-02
0.53885	7.12798e-02
0.53887	7.12708e-02
0.53889	7.12528e-02
0.53890	7.12253e-02
0.53892	7.11875e-02
0.53893	7.11388e-02
0.53893	7.10786e-02
0.53894	7.10064e-02
0.53891	7.09284e-02
0.53887	7.08393e-02
0.53882	7.07367e-02
0.53877	7.06201e-02
0.53870	7.04891e-02
0.53863	7.03432e-02
0.53854	7.01813e-02
0.53845	7.00042e-02
0.53834	6.98114e-02
0.53821	6.96026e-02
0.53808	6.93774e-02
0.53793	6.91357e-02
0.53777	6.88771e-02
0.53759	6.86017e-02
0.53740	6.83092e-02
0.53730	6.80766e-02
0.53716	6.78149e-02
0.53700	6.75257e-02
0.53681	6.72111e-02
0.53659	6.68729e-02
0.53636	6.65134e-02
0.53611	6.61339e-02
0.53584	6.57359e-02
0.53564	6.51060e-02
0.53542	6.44998e-02
0.53517	6.39086e-02
0.53489	6.33259e-02
0.53460	6.27478e-02
0.53429	6.21721e-02
0.53397	6.15981e-02
0.53362	6.10197e-02
0.53345	6.05368e-02
0.53324	6.00454e-02
0.53300	5.95463e-02
0.53274	5.90416e-02
0.53245	5.85342e-02
0.53215	5.80273e-02
0.53183	5.75238e-02
0.53158	5.70119e-02
0.53132	5.65134e-02
0.53103	5.60298e-02
0.53075	5.55628e-02
0.53045	5.51144e-02
0.53015	5.46861e-02
0.52985	5.42797e-02
0.52955	5.38968e-02
0.52925	5.35388e-02
0.52895	5.32070e-02
0.52866	5.29026e-02
0.52837	5.26267e-02
0.52809	5.23802e-02
0.52782	5.21638e-02
0.52745	5.20504e-02
0.52710	5.19685e-02
0.52676	5.19161e-02
0.52643	5.18933e-02
0.52611	5.18998e-02
0.52581	5.19353e-02
0.52552	5.19993e-02
0.52524	5.20913e-02
0.52499	5.22327e-02
0.52476	5.24062e-02
0.52454	5.26117e-02
0.52435	5.28492e-02
0.52418	5.31183e-02
0.52402	5.34184e-02
0.52389	5.37488e-02
0.52379	5.41084e-02
0.52371	5.44959e-02
0.52366	5.49099e-02
0.52363	5.53485e-02
0.52363	5.58095e-02
0.52366	5.62906e-02
0.52371	5.67890e-02
0.52380	5.73017e-02
0.52391	5.78256e-02
0.52405	5.83572e-02
0.52422	5.88930e-02
0.52442	5.94292e-02
0.52465	5.99620e-02
0.52490	6.04875e-02
0.52517	6.10016e-02
0.52548	6.15003e-02
0.52580	6.19795e-02
0.52615	6.24351e-02
0.52651	6.28631e-02
0.52690	6.32599e-02
0.52730	6.36219e-02
0.52772	6.39461e-02
0.52816	6.42301e-02
0.52861	6.44718e-02
0.52907	6.46698e-02
0.52954	6.48235e-02
0.53003	6.49325e-02
0.53052	6.49971e-02
0.53103	6.50180e-02
0.53155	6.49964e-02
0.53207	6.49336e-02
0.53260	6.48314e-02
0.53315	6.46916e-02
0.53369	6.45203e-02
0.53425	6.43153e-02
0.53481	6.40804e-02
0.53537	6.38172e-02
0.53593	6.35279e-02
0.53649	6.32147e-02
0.53705	6.28798e-02
0.53761	6.25258e-02
0.53818	6.21551e-02
0.53874	6.17702e-02
0.53930	6.13736e-02
0.53986	6.09681e-02
0.54042	6.05561e-02
0.54098	6.01404e-02
0.54154	5.97237e-02
0.54210	5.93083e-02
0.54267	5.88971e-02
0.54323	5.84930e-02
0.54378	5.80987e-02
0.54433	5.77170e-02
0.54488	5.73504e-02
0.54542	5.70014e-02
0.54595	5.66724e-02
0.54656	5.63404e-02
0.54716	5.60257e-02
0.54775	5.57297e-02
0.54832	5.54535e-02
0.54887	5.51981e-02
0.54941	5.49642e-02
0.54993	5.47524e-02
0.55041	5.45628e-02
0.55098	5.45460e-02
0.55151	5.45339e-02
0.55200	5.45281e-02
0.55246	5.45304e-02
0.55288	5.45423e-02
0.55327	5.45652e-02
0.55363	5.46002e-02
0.55398	5.46490e-02
0.55429	5.47099e-02
0.55457	5.47833e-02
0.55483	5.48694e-02
0.55506	5.49679e-02
0.55526	5.50783e-02
0.55545	5.52000e-02
0.55560	5.53321e-02
0.55574	5.54737e-02
0.55585	5.56238e-02
0.55594	5.57812e-02
0.55601	5.59449e-02
0.55606	5.61136e-02
0.55610	5.62861e-02
0.55617	5.63729e-02
0.55637	5.64918e-02
0.55652	5.66055e-02
0.55664	5.67146e-02
0.55674	5.68199e-02
0.55680	5.69219e-02
0.55685	5.70209e-02
0.55688	5.71169e-02
0.55688	5.72098e-02
0.55688	5.72992e-02
0.55685	5.73847e-02
0.55681	5.74658e-02
0.55676	5.75421e-02
0.55670	5.76130e-02
0.55662	5.76780e-02
0.55655	5.77754e-02
0.55646	5.78597e-02
0.55637	5.79321e-02
0.55626	5.79929e-02
0.55615	5.80427e-02
0.55602	5.80816e-02
0.55589	5.81097e-02
0.55575	5.81274e-02
0.55561	5.81348e-02
0.55546	5.81321e-02
0.55532	5.81196e-02
0.55516	5.80977e-02
0.55501	5.80668e-02
0.55486	5.80275e-02
0.55470	5.79802e-02
0.55455	5.79257e-02
0.55440	5.78647e-02
0.55425	5.77980e-02
0.55411	5.77265e-02
0.55397	5.76511e-02
0.55384	5.75729e-02
0.55371	5.74929e-02
0.55358	5.74123e-02
0.55347	5.73323e-02
0.55336	5.72540e-02
0.55325	5.71787e-02
0.55316	5.71077e-02
0.55307	5.70422e-02
0.55300	5.69835e-02
0.55293	5.69327e-02
0.55287	5.68911e-02
0.55282	5.68598e-02
0.55278	5.68398e-02
0.55274	5.68355e-02
0.55271	5.68382e-02
0.55269	5.68546e-02
0.55268	5.68853e-02
0.55267	5.69312e-02
0.55268	5.69925e-02
0.55270	5.70696e-02
0.55273	5.71625e-02
0.55277	5.72713e-02
0.55281	5.73957e-02
0.55287	5.75352e-02
0.55294	5.76894e-02
0.55302	5.78575e-02
0.55312	5.80386e-02
0.55322	5.82316e-02
0.55340	5.83790e-02
0.55359	5.85374e-02
0.55378	5.87056e-02
0.55399	5.88821e-02
0.55419	5.90654e-02
0.55441	5.92541e-02
0.55462	5.94464e-02
0.55484	5.96409e-02
0.55516	5.96910e-02
0.55548	5.97446e-02
0.55580	5.97994e-02
0.55612	5.98539e-02
0.55643	5.99065e-02
0.55673	5.99559e-02
0.55703	6.00007e-02
0.55738	6.00126e-02
0.55782	6.00734e-02
0.55824	6.01251e-02
0.55864	6.01676e-02
0.55902	6.02006e-02
0.55938	6.02238e-02
0.55972	6.02372e-02
0.56016	6.04293e-02
0.56062	6.06476e-02
0.56105	6.08354e-02
0.56145	6.09939e-02
0.56181	6.11246e-02
0.56215	6.12297e-02
0.56245	6.13115e-02
0.56273	6.13723e-02
0.56298	6.14142e-02
0.56320	6.14388e-02
0.56339	6.14475e-02
0.56356	6.14418e-02
0.56370	6.14225e-02
0.56382	6.13906e-02
0.56391	6.13470e-02
0.56402	6.12972e-02
0.56419	6.12331e-02
0.56433	6.11601e-02
0.56444	6.10791e-02
0.56453	6.09907e-02
0.56459	6.08961e-02
0.56462	6.07962e-02
0.56463	6.06921e-02
0.56462	6.05851e-02
0.56458	6.04763e-02
0.56453	6.03668e-02
0.56445	6.02578e-02
0.56436	6.01505e-02
0.56424	6.00457e-02
0.56410	5.99447e-02
0.56395	5.98482e-02
0.56377	5.97570e-02
0.56358	5.96720e-02
0.56338	5.95938e-02
0.56315	5.95230e-02
0.56291	5.94599e-02
0.56266	5.94049e-02
0.56239	5.93582e-02
0.56210	5.93201e-02
0.56181	5.92903e-02
0.56150	5.92690e-02
0.56118	5.92559e-02
0.56086	5.92507e-02
0.56052	5.92530e-02
0.56018	5.92625e-02
0.55983	5.92786e-02
0.55948	5.93008e-02
0.55913	5.93284e-02
0.55878	5.93607e-02
0.55842	5.93970e-02
0.55807	5.94364e-02
0.55772	5.94781e-02
0.55738	5.95213e-02
0.55704	5.95648e-02
0.55671	5.96079e-02
0.55638	5.96495e-02
0.55607	5.96886e-02
0.55577	5.97242e-02
0.55549	5.97553e-02
0.55522	5.97808e-02
0.55496	5.97997e-02
0.55473	5.98110e-02
0.55451	5.98138e-02
0.55444	5.97591e-02
0.55437	5.97020e-02
0.55433	5.96726e-02
0.55430	5.96433e-02
0.55429	5.96131e-02
0.55430	5.95806e-02
0.55433	5.95446e-02
0.55439	5.95039e-02
0.55447	5.94573e-02
0.55457	5.94034e-02
0.55469	5.93413e-02
0.55483	5.92699e-02
0.55499	5.91881e-02
0.55518	5.90953e-02
0.55538	5.89909e-02
0.55569	5.88801e-02
0.55600	5.87589e-02
0.55632	5.86269e-02
0.55665	5.84840e-02
0.55698	5.83306e-02
0.55731	5.81675e-02
0.55766	5.79954e-02
0.55801	5.78155e-02
0.55841	5.75804e-02
0.55883	5.73340e-02
0.55925	5.70775e-02
0.55969	5.68123e-02
0.56014	5.65397e-02
0.56061	5.62611e-02
0.56109	5.59784e-02
0.56158	5.56941e-02
0.56208	5.54066e-02
0.56259	5.51254e-02
0.56312	5.48562e-02
0.56365	5.46049e-02
0.56420	5.43780e-02
0.56475	5.41818e-02
0.56531	5.40217e-02
0.56593	5.38916e-02
0.56655	5.38090e-02
0.56718	5.37760e-02
0.56783	5.37935e-02
0.56849	5.38614e-02
0.56917	5.39786e-02
0.56986	5.41433e-02
0.57057	5.43530e-02
0.57130	5.46045e-02
0.57203	5.48941e-02
0.57277	5.52178e-02
0.57350	5.55713e-02
0.57421	5.59506e-02
0.57491	5.63524e-02
0.57558	5.67749e-02
0.57643	5.72474e-02
0.57722	5.77337e-02
0.57796	5.82306e-02
0.57866	5.87358e-02
0.57933	5.92475e-02
0.57996	5.97643e-02
0.58056	6.02845e-02
0.58114	6.08066e-02
0.58170	6.13287e-02
0.58223	6.18490e-02
0.58275	6.23659e-02
0.58324	6.28779e-02
0.58371	6.33827e-02
0.58416	6.38787e-02
0.58460	6.43643e-02
0.58501	6.48378e-02
0.58541	6.52978e-02
0.58579	6.57430e-02
0.58615	6.61721e-02
0.58650	6.65838e-02
0.58682	6.69772e-02
0.58713	6.73512e-02
0.58742	6.77051e-02
0.58769	6.80380e-02
0.58795	6.83495e-02
0.58819	6.86389e-02
0.58841	6.89060e-02
0.58861	6.91504e-02
0.58880	6.93722e-02
0.58896	6.95713e-02
0.58911	6.97480e-02
0.58924	6.99024e-02
0.58942	7.00269e-02
0.58961	7.01273e-02
0.58981	7.02055e-02
0.59002	7.02640e-02
0.59025	7.03066e-02
0.59047	7.03366e-02
0.59068	7.03570e-02
0.59087	7.03696e-02
0.59103	7.03750e-02
0.59115	7.03736e-02
0.59123	7.03655e-02
0.59128	7.03512e-02
0.59129	7.03315e-02
0.59126	7.03075e-02
0.59121	7.02806e-02
0.59116	7.01585e-02
0.59109	7.00459e-02
0.59098	6.99413e-02
0.59085	6.98444e-02
0.59069	6.97560e-02
0.59050	6.96770e-02
0.59029	6.96086e-02
0.59005	6.95523e-02
0.58979	6.95094e-02
0.58950	6.94813e-02
0.58919	6.94692e-02
0.58886	6.94744e-02
0.58851	6.94979e-02
0.58814	6.95406e-02
0.58775	6.96032e-02
0.58740	6.97213e-02
0.58702	6.98549e-02
0.58660	7.00046e-02
0.58616	7.01707e-02
0.58569	7.03534e-02
0.58520	7.05531e-02
0.58469	7.07696e-02
0.58415	7.10028e-02
0.58373	7.11144e-02
0.58332	7.12239e-02
0.58289	7.13574e-02
0.58243	7.15281e-02
0.58194	7.17379e-02
0.58142	7.19821e-02
0.58086	7.22546e-02
0.58038	7.26157e-02
0.57987	7.29922e-02
0.57935	7.33800e-02
0.57881	7.37758e-02
0.57827	7.41764e-02
0.57771	7.45792e-02
0.57715	7.49815e-02
0.57658	7.53809e-02
0.57603	7.57417e-02
0.57548	7.60978e-02
0.57492	7.64465e-02
0.57435	7.67853e-02
0.57388	7.71772e-02
0.57338	7.75455e-02
0.57287	7.78902e-02
0.57235	7.82111e-02
0.57181	7.85074e-02
0.57127	7.87786e-02
0.57072	7.90239e-02
0.57017	7.92427e-02
0.56961	7.94346e-02
0.56905	7.95992e-02
0.56856	7.97013e-02
0.56813	7.97032e-02
0.56769	7.96834e-02
0.56725	7.96426e-02
0.56680	7.95813e-02
0.56636	7.95000e-02
0.56590	7.93991e-02
0.56545	7.92792e-02
0.56500	7.91408e-02
0.56454	7.89847e-02
0.56409	7.88115e-02
0.56366	7.86572e-02
0.56330	7.84402e-02
0.56294	7.82129e-02
0.56258	7.79753e-02
0.56221	7.77279e-02
0.56186	7.74713e-02
0.56151	7.72067e-02
0.56117	7.69350e-02
0.56085	7.66577e-02
0.56054	7.63760e-02
0.56025	7.60916e-02
0.55998	7.58058e-02
0.55973	7.55204e-02
0.55950	7.52369e-02
0.55929	7.49570e-02
0.55911	7.46823e-02
0.55895	7.44143e-02
0.55882	7.41546e-02
0.55872	7.39046e-02
0.55865	7.36657e-02
0.55860	7.34389e-02
0.55858	7.32254e-02
0.55859	7.30260e-02
0.55863	7.28413e-02
0.55869	7.26718e-02
0.55878	7.25179e-02
0.55890	7.23797e-02
0.55904	7.22574e-02
0.55920	7.21510e-02
0.55938	7.20606e-02
0.55957	7.19861e-02
0.55978	7.19274e-02
0.56000	7.18843e-02
0.56023	7.18566e-02
0.56046	7.18440e-02
0.56069	7.18461e-02
0.56093	7.18622e-02
0.56125	7.17790e-02
0.56158	7.16884e-02
0.56192	7.15932e-02
0.56227	7.14970e-02
0.56262	7.14034e-02
0.56297	7.13157e-02
0.56332	7.12365e-02
0.56366	7.11675e-02
0.56400	7.11096e-02
0.56433	7.10629e-02
0.56465	7.10270e-02
0.56498	7.10009e-02
0.56529	7.09836e-02
0.56561	7.09737e-02
0.56591	7.09699e-02
0.56630	7.09932e-02
0.56666	7.10150e-02
0.56702	7.10351e-02
0.56741	7.09918e-02
0.56784	7.08698e-02
0.56834	7.06473e-02
0.56890	7.03273e-02
0.56955	7.00056e-02
0.57028	6.96855e-02
0.57094	6.94261e-02
0.57153	6.92438e-02
0.57205	6.91281e-02
0.57253	6.90599e-02
0.57298	6.90217e-02
0.57341	6.90008e-02
0.57387	6.89637e-02
0.57432	6.89331e-02
0.57476	6.89041e-02
0.57520	6.88737e-02
0.57564	6.88401e-02
0.57608	6.88022e-02
0.57653	6.87597e-02
0.57697	6.87121e-02
0.57752	6.86623e-02
0.57805	6.86083e-02
0.57858	6.85502e-02
0.57911	6.84878e-02
0.57964	6.84213e-02
0.58017	6.83507e-02
0.58070	6.82758e-02
0.58123	6.81968e-02
0.58175	6.81134e-02
0.58228	6.80258e-02
0.58280	6.79338e-02
0.58331	6.78376e-02
0.58383	6.77372e-02
0.58433	6.76327e-02
0.58488	6.75344e-02
0.58548	6.73945e-02
0.58606	6.72547e-02
0.58663	6.71140e-02
0.58718	6.69720e-02
0.58771	6.68287e-02
0.58824	6.66840e-02
0.58875	6.65380e-02
0.58925	6.63909e-02
0.58974	6.62427e-02
0.59022	6.60937e-02
0.59069	6.59442e-02
0.59126	6.57586e-02
0.59180	6.55876e-02
0.59230	6.54267e-02
0.59278	6.52724e-02
0.59324	6.51219e-02
0.59367	6.49734e-02
0.59409	6.48252e-02
0.59450	6.46764e-02
0.59490	6.45261e-02
0.59529	6.43738e-02
0.59567	6.42190e-02
0.59603	6.40612e-02
0.59640	6.39002e-02
0.59675	6.37356e-02
0.59709	6.35672e-02
0.59743	6.33947e-02
0.59775	6.32180e-02
0.59807	6.30368e-02
0.59838	6.28510e-02
0.59868	6.26605e-02
0.59897	6.24653e-02
0.59925	6.22653e-02
0.59952	6.20606e-02
0.59978	6.18513e-02
0.60003	6.16374e-02
0.60027	6.14193e-02
0.60049	6.11970e-02
0.60071	6.09710e-02
0.60091	6.07416e-02
0.60110	6.05093e-02
0.60128	6.02744e-02
0.60145	6.00376e-02
0.60160	5.97995e-02
0.60174	5.95607e-02
0.60187	5.93219e-02
0.60198	5.90839e-02
0.60208	5.88475e-02
0.60220	5.86051e-02
0.60230	5.83669e-02
0.60238	5.81336e-02
0.60245	5.79064e-02
0.60250	5.76862e-02
0.60260	5.74461e-02
0.60267	5.72204e-02
0.60271	5.70082e-02
0.60274	5.68098e-02
0.60293	5.64193e-02
0.60308	5.60672e-02
0.60319	5.57476e-02
0.60328	5.54572e-02
0.60334	5.51944e-02
0.60339	5.49719e-02
0.60342	5.47722e-02
0.60341	5.45963e-02
0.60337	5.44451e-02
0.60332	5.43193e-02
0.60324	5.42194e-02
0.60314	5.41459e-02
0.60303	5.40895e-02
0.60296	5.40635e-02
0.60294	5.40367e-02
0.60291	5.40327e-02
0.60288	5.40522e-02
0.60284	5.40958e-02
0.60279	5.41644e-02
0.60273	5.42586e-02
0.60266	5.43792e-02
0.60259	5.45269e-02
0.60250	5.47020e-02
0.60240	5.49049e-02
0.60229	5.51357e-02
0.60217	5.53944e-02
0.60203	5.56806e-02
0.60188	5.59940e-02
0.60171	5.63339e-02
0.60153	5.66995e-02
0.60133	5.70899e-02
0.60112	5.75040e-02
0.60089	5.79404e-02
0.60064	5.83978e-02
0.60038	5.88747e-02
0.60009	5.93693e-02
0.59980	5.98802e-02
0.59949	6.04055e-02
0.59916	6.09436e-02
0.59883	6.14927e-02
0.59848	6.20511e-02
0.59812	6.26173e-02
0.59775	6.31896e-02
0.59737	6.37665e-02
0.59698	6.43464e-02
0.59659	6.49278e-02
0.59620	6.55095e-02
0.59580	6.60899e-02
0.59541	6.66678e-02
0.59501	6.72419e-02
0.59461	6.78111e-02
0.59422	6.83739e-02
0.59383	6.89295e-02
0.59344	6.94750e-02
0.59322	7.00736e-02
0.59301	7.06646e-02
0.59281	7.12445e-02
0.59262	7.18098e-02
0.59243	7.23572e-02
0.59225	7.28841e-02
0.59208	7.33881e-02
0.59190	7.38675e-02
0.59174	7.43209e-02
0.59157	7.47472e-02
0.59141	7.51458e-02
0.59126	7.55160e-02
0.59112	7.58578e-02
0.59098	7.61708e-02
0.59085	7.64550e-02
0.59073	7.67103e-02
0.59063	7.69367e-02
0.59057	7.71360e-02
0.59051	7.73063e-02
0.59046	7.74474e-02
0.59043	7.75595e-02
0.59041	7.76425e-02
0.59040	7.76963e-02
0.59045	7.77194e-02
0.59050	7.77137e-02
0.59056	7.76790e-02
0.59062	7.76154e-02
0.59070	7.75231e-02
0.59079	7.74024e-02
0.59089	7.72534e-02
0.59100	7.70767e-02
0.59113	7.68726e-02
0.59128	7.66417e-02
0.59144	7.63848e-02
0.59162	7.61027e-02
0.59182	7.57964e-02
0.59203	7.54671e-02
0.59233	7.50958e-02
0.59263	7.47094e-02
0.59293	7.43075e-02
0.59325	7.38907e-02
0.59358	7.34602e-02
0.59393	7.30177e-02
0.59430	7.25649e-02
0.59468	7.21035e-02
0.59509	7.16353e-02
0.59552	7.11615e-02
0.59597	7.06836e-02
0.59643	7.02022e-02
0.59692	6.97173e-02
0.59742	6.92282e-02
0.59793	6.87340e-02
0.59847	6.82334e-02
0.59901	6.77250e-02
0.59958	6.72076e-02
0.60015	6.66797e-02
0.60075	6.61407e-02
0.60135	6.55900e-02
0.60198	6.50255e-02
0.60264	6.44206e-02
0.60339	6.37987e-02
0.60413	6.31691e-02
0.60487	6.25331e-02
0.60561	6.18924e-02
0.60635	6.12490e-02
0.60709	6.06055e-02
0.60784	5.99643e-02
0.60858	5.93282e-02
0.60931	5.86999e-02
0.61004	5.80823e-02
0.61077	5.74782e-02
0.61148	5.68903e-02
0.61218	5.63214e-02
0.61287	5.57741e-02
0.61355	5.52510e-02
0.61422	5.47547e-02
0.61487	5.42874e-02
0.61550	5.38514e-02
0.61612	5.34486e-02
0.61672	5.30809e-02
0.61730	5.27498e-02
0.61787	5.24565e-02
0.61842	5.22019e-02
0.61895	5.19868e-02
0.61946	5.18113e-02
0.61995	5.16755e-02
0.62041	5.15790e-02
0.62086	5.15209e-02
0.62129	5.15004e-02
0.62170	5.15161e-02
0.62209	5.15663e-02
0.62245	5.16493e-02
0.62279	5.17631e-02
0.62312	5.19053e-02
0.62341	5.20737e-02
0.62369	5.22657e-02
0.62394	5.24790e-02
0.62418	5.27109e-02
0.62438	5.29588e-02
0.62457	5.32260e-02
0.62479	5.35398e-02
0.62498	5.38573e-02
0.62513	5.41762e-02
0.62526	5.44943e-02
0.62536	5.48095e-02
0.62543	5.51203e-02
0.62547	5.54252e-02
0.62549	5.57230e-02
0.62548	5.60127e-02
0.62545	5.62936e-02
0.62539	5.65649e-02
0.62531	5.68263e-02
0.62521	5.70776e-02
0.62508	5.73186e-02
0.62493	5.75493e-02
0.62476	5.77700e-02
0.62457	5.79809e-02
0.62441	5.81701e-02
0.62422	5.83500e-02
0.62401	5.85213e-02
0.62377	5.86847e-02
0.62352	5.88411e-02
0.62326	5.89912e-02
0.62301	5.91525e-02
0.62274	5.93084e-02
0.62245	5.94601e-02
0.62214	5.96089e-02
0.62182	5.97562e-02
0.62148	5.99032e-02
0.62113	6.00514e-02
0.62076	6.02020e-02
0.62038	6.03564e-02
0.61999	6.05159e-02
0.61959	6.06819e-02
0.61918	6.08556e-02
0.61877	6.10380e-02
0.61834	6.12304e-02
0.61808	6.16091e-02
0.61781	6.19989e-02
0.61753	6.23928e-02
0.61724	6.27847e-02
0.61692	6.31708e-02
0.61658	6.35500e-02
0.61623	6.39230e-02
0.61586	6.42916e-02
0.61548	6.46582e-02
0.61511	6.50145e-02
0.61472	6.53736e-02
0.61433	6.57363e-02
0.61393	6.61029e-02
0.61354	6.64736e-02
0.61314	6.68479e-02
0.61274	6.72254e-02
0.61235	6.76050e-02
0.61196	6.79857e-02
0.61156	6.83662e-02
0.61118	6.87452e-02
0.61079	6.91211e-02
0.61045	6.94499e-02
0.61015	6.97820e-02
0.60992	7.00600e-02
0.60969	7.03375e-02
0.60945	7.06112e-02
0.60922	7.08786e-02
0.60898	7.11373e-02
0.60875	7.13857e-02
0.60851	7.16221e-02
0.60828	7.18451e-02
0.60806	7.20535e-02
0.60784	7.22458e-02
0.60762	7.24212e-02
0.60740	7.25783e-02
0.60720	7.27162e-02
0.60699	7.28338e-02
0.60679	7.29302e-02
0.60660	7.30045e-02
0.60641	7.30558e-02
0.60623	7.30835e-02
0.60606	7.30867e-02
0.60589	7.30649e-02
0.60573	7.30176e-02
0.60558	7.29442e-02
0.60544	7.28444e-02
0.60530	7.27180e-02
0.60517	7.25647e-02
0.60505	7.23844e-02
0.60493	7.21771e-02
0.60483	7.19429e-02
0.60473	7.16819e-02
0.60464	7.13943e-02
0.60459	7.10897e-02
0.60454	7.07576e-02
0.60449	7.03988e-02
0.60445	7.00142e-02
0.60441	6.96048e-02
0.60438	6.91713e-02
0.60435	6.87149e-02
0.60433	6.82366e-02
0.60432	6.77375e-02
0.60433	6.72489e-02
0.60446	6.67908e-02
0.60458	6.63123e-02
0.60470	6.58146e-02
0.60482	6.52991e-02
0.60494	6.47672e-02
0.60507	6.42204e-02
0.60526	6.36879e-02
0.60544	6.31363e-02
0.60562	6.25697e-02
0.60578	6.19910e-02
0.60594	6.14030e-02
0.60610	6.08080e-02
0.60626	6.02081e-02
0.60642	5.96056e-02
0.60658	5.90023e-02
0.60673	5.84003e-02
0.60689	5.78016e-02
0.60707	5.72188e-02
0.60725	5.66440e-02
0.60743	5.60789e-02
0.60761	5.55253e-02
0.60779	5.49851e-02
0.60797	5.44598e-02
0.60815	5.39510e-02
0.60832	5.34603e-02
0.60849	5.29890e-02
0.60866	5.25384e-02
0.60883	5.21096e-02
0.60899	5.17038e-02
0.60915	5.13219e-02
0.60931	5.09646e-02
0.60946	5.06327e-02
0.60960	5.03266e-02
0.60974	5.00469e-02
0.60988	4.97937e-02
0.61001	4.95672e-02
0.61013	4.93675e-02
0.61031	4.91469e-02
0.61048	4.89623e-02
0.61063	4.88109e-02
0.61076	4.86911e-02
0.61088	4.86010e-02
0.61099	4.85391e-02
0.61109	4.85042e-02
0.61118	4.84949e-02
0.61125	4.85099e-02
0.61135	4.84911e-02
0.61143	4.84926e-02
0.61151	4.85129e-02
0.61157	4.85511e-02
0.61163	4.86061e-02
0.61168	4.86771e-02
0.61172	4.87631e-02
0.61175	4.88636e-02
0.61178	4.89776e-02
0.61179	4.91046e-02
0.61180	4.92438e-02
0.61180	4.93946e-02
0.61179	4.95553e-02
0.61186	4.97699e-02
0.61212	4.98450e-02
0.61235	4.99482e-02
0.61256	5.00851e-02
0.61273	5.02571e-02
0.61287	5.04622e-02
0.61298	5.06964e-02
0.61306	5.09545e-02
0.61313	5.12319e-02
0.61317	5.15244e-02
0.61321	5.18284e-02
0.61323	5.21410e-02
0.61325	5.24599e-02
0.61326	5.27830e-02
0.61326	5.31088e-02
0.61325	5.34359e-02
0.61324	5.37635e-02
0.61322	5.40907e-02
0.61320	5.44172e-02
0.61317	5.47427e-02
0.61314	5.50670e-02
0.61310	5.53903e-02
0.61306	5.57127e-02
0.61302	5.60346e-02
0.61298	5.63562e-02
0.61293	5.66779e-02
0.61288	5.70001e-02
0.61283	5.73232e-02
0.61278	5.76474e-02
0.61274	5.79731e-02
0.61269	5.83005e-02
0.61264	5.86298e-02
0.61260	5.89611e-02
0.61256	5.92943e-02
0.61252	5.96296e-02
0.61248	5.99667e-02
0.61245	6.03055e-02
0.61242	6.06457e-02
0.61240	6.09869e-02
0.61238	6.13289e-02
0.61236	6.16711e-02
0.61257	6.19889e-02
0.61276	6.22740e-02
0.61294	6.25388e-02
0.61311	6.27934e-02
0.61327	6.30456e-02
0.61342	6.33012e-02
0.61372	6.34704e-02
0.61401	6.36486e-02
0.61429	6.38359e-02
0.61456	6.40313e-02
0.61483	6.42332e-02
0.61510	6.44398e-02
0.61537	6.46494e-02
0.61564	6.48602e-02
0.61592	6.50705e-02
0.61620	6.52790e-02
0.61648	6.54843e-02
0.61683	6.56709e-02
0.61719	6.58548e-02
0.61755	6.60349e-02
0.61791	6.62102e-02
0.61828	6.63802e-02
0.61866	6.65442e-02
0.61904	6.67019e-02
0.61942	6.68530e-02
0.61981	6.69973e-02
0.62021	6.71347e-02
0.62061	6.72653e-02
0.62101	6.73893e-02
0.62141	6.75067e-02
0.62182	6.76180e-02
0.62223	6.77234e-02
0.62264	6.78233e-02
0.62305	6.79181e-02
0.62346	6.80083e-02
0.62386	6.80943e-02
0.62426	6.81767e-02
0.62476	6.82630e-02
0.62524	6.83456e-02
0.62572	6.84246e-02
0.62619	6.85000e-02
0.62664	6.85721e-02
0.62708	6.86410e-02
0.62749	6.87071e-02
0.62788	6.87711e-02
0.62824	6.88337e-02
0.62871	6.86960e-02
0.62914	6.85691e-02
0.62955	6.84505e-02
0.62993	6.83390e-02
0.63028	6.82344e-02
0.63061	6.81362e-02
0.63092	6.80447e-02
0.63121	6.79598e-02
0.63147	6.78817e-02
0.63171	6.78104e-02
0.63193	6.77461e-02
0.63214	6.76888e-02
0.63233	6.76398e-02
0.63251	6.75986e-02
0.63268	6.75654e-02
0.63283	6.75402e-02
0.63298	6.75228e-02
0.63310	6.75131e-02
0.63322	6.75107e-02
0.63331	6.75153e-02
0.63340	6.75264e-02
0.63347	6.75434e-02
0.63352	6.75659e-02
0.63357	6.76178e-02
0.63361	6.76681e-02
0.63362	6.77179e-02
0.63362	6.77676e-02
0.63361	6.78175e-02
0.63358	6.78677e-02
0.63354	6.79180e-02
0.63348	6.79682e-02
0.63341	6.80181e-02
0.63333	6.80675e-02
0.63324	6.81160e-02
0.63313	6.81634e-02
0.63302	6.82095e-02
0.63290	6.82541e-02
0.63277	6.82969e-02
0.63263	6.83378e-02
0.63249	6.83765e-02
0.63233	6.84131e-02
0.63218	6.84472e-02
0.63201	6.84789e-02
0.63185	6.85080e-02
0.63168	6.85343e-02
0.63151	6.85578e-02
0.63133	6.85784e-02
0.63116	6.85958e-02
0.63098	6.86100e-02
0.63081	6.86207e-02
0.63064	6.86278e-02
0.63047	6.86311e-02
0.63030	6.86303e-02
0.63014	6.86253e-02
0.63011	6.86320e-02
0.63007	6.86319e-02
0.63001	6.86249e-02
0.62995	6.86111e-02
0.62989	6.85907e-02
0.62983	6.85642e-02
0.62988	6.84723e-02
0.62994	6.83767e-02
0.63001	6.82789e-02
0.63009	6.81805e-02
0.63018	6.80833e-02
0.63028	6.79892e-02
0.63039	6.78997e-02
0.63051	6.78163e-02
0.63063	6.77404e-02
0.63076	6.76730e-02
0.63089	6.76148e-02
0.63103	6.75640e-02
0.63116	6.75238e-02
0.63130	6.74940e-02
0.63144	6.74743e-02
0.63158	6.74644e-02
0.63172	6.74639e-02
0.63185	6.74722e-02
0.63199	6.74889e-02
0.63213	6.75132e-02
0.63227	6.75445e-02
0.63241	6.75823e-02
0.63254	6.76257e-02
0.63269	6.76741e-02
0.63283	6.77269e-02
0.63297	6.77834e-02
0.63312	6.78428e-02
0.63327	6.79047e-02
0.63343	6.79683e-02
0.63359	6.80330e-02
0.63375	6.80983e-02
0.63399	6.81250e-02
0.63423	6.81619e-02
0.63445	6.82058e-02
0.63467	6.82545e-02
0.63489	6.83060e-02
0.63511	6.83588e-02
0.63533	6.84117e-02
0.63556	6.84639e-02
0.63578	6.85146e-02
0.63605	6.85339e-02
0.63632	6.85557e-02
0.63658	6.85787e-02
0.63685	6.86018e-02
0.63712	6.86244e-02
0.63739	6.86460e-02
0.63767	6.86663e-02
0.63795	6.86850e-02
0.63823	6.87022e-02
0.63852	6.87177e-02
0.63880	6.87318e-02
0.63910	6.87445e-02
0.63944	6.87212e-02
0.63999	6.88675e-02
0.64048	6.89817e-02
0.64094	6.90710e-02
0.64138	6.91425e-02
0.64179	6.92019e-02
0.64219	6.92532e-02
0.64258	6.92990e-02
0.64296	6.93409e-02
0.64333	6.93802e-02
0.64369	6.94177e-02
0.64405	6.94538e-02
0.64440	6.94889e-02
0.64474	6.95235e-02
0.64507	6.95576e-02
0.64540	6.95914e-02
0.64571	6.96251e-02
0.64602	6.96586e-02
0.64631	6.96921e-02
0.64660	6.97256e-02
0.64687	6.97590e-02
0.64713	6.97924e-02
0.64738	6.98257e-02
0.64761	6.98589e-02
0.64783	6.98918e-02
0.64804	6.99244e-02
0.64822	6.99564e-02
0.64839	6.99877e-02
0.64854	7.00180e-02
0.64868	7.00469e-02
0.64879	7.00740e-02
0.64888	7.00987e-02
0.64895	7.01206e-02
0.64899	7.01388e-02
0.64901	7.01528e-02
0.64901	7.01615e-02
0.64904	7.00852e-02
0.64901	7.00419e-02
0.64894	7.00159e-02
0.64884	6.99960e-02
0.64870	6.99746e-02
0.64853	6.99468e-02
0.64834	6.99108e-02
0.64812	6.98619e-02
0.64788	6.97985e-02
0.64761	6.97194e-02
0.64732	6.96236e-02
0.64701	6.95105e-02
0.64681	6.93571e-02
0.64661	6.91828e-02
0.64640	6.89876e-02
0.64618	6.87715e-02
0.64595	6.85349e-02
0.64571	6.82783e-02
0.64546	6.80020e-02
0.64520	6.77065e-02
0.64492	6.73923e-02
0.64462	6.70598e-02
0.64430	6.67093e-02
0.64409	6.63399e-02
0.64384	6.59507e-02
0.64358	6.55417e-02
0.64329	6.51136e-02
0.64297	6.46667e-02
0.64263	6.42018e-02
0.64227	6.37195e-02
0.64190	6.32206e-02
0.64150	6.27062e-02
0.64109	6.21772e-02
0.64067	6.16348e-02
0.64024	6.10800e-02
0.63980	6.05140e-02
0.63936	5.99381e-02
0.63891	5.93535e-02
0.63845	5.87616e-02
0.63800	5.81636e-02
0.63754	5.75608e-02
0.63708	5.69547e-02
0.63663	5.63464e-02
0.63621	5.57454e-02
0.63579	5.51458e-02
0.63537	5.45488e-02
0.63495	5.39555e-02
0.63454	5.33671e-02
0.63413	5.27849e-02
0.63372	5.22098e-02
0.63332	5.16431e-02
0.63292	5.10857e-02
0.63279	5.01125e-02
0.63268	4.91419e-02
0.63257	4.82189e-02
0.63244	4.73697e-02
0.63229	4.65996e-02
0.63212	4.59020e-02
0.63194	4.52663e-02
0.63174	4.46831e-02
0.63155	4.41445e-02
0.63135	4.36448e-02
0.63116	4.31797e-02
0.63097	4.27460e-02
0.63080	4.23412e-02
0.63071	4.19467e-02
0.63060	4.15783e-02
0.63050	4.12338e-02
0.63040	4.09112e-02
0.63030	4.06088e-02
0.63021	4.03251e-02
0.63013	4.00586e-02
0.63006	3.98078e-02
0.63000	3.95714e-02
0.62995	3.93478e-02
0.62999	3.93027e-02
0.63002	3.92261e-02
0.63005	3.91263e-02
0.63009	3.90094e-02
0.63013	3.88801e-02
0.63018	3.87421e-02
0.63025	3.85980e-02
0.63033	3.84494e-02
0.63043	3.82976e-02
0.63054	3.81431e-02
0.63066	3.79862e-02
0.63081	3.78272e-02
0.63097	3.76659e-02
0.63114	3.75024e-02
0.63134	3.73366e-02
0.63155	3.71685e-02
0.63178	3.69983e-02
0.63203	3.68261e-02
0.63229	3.66521e-02
0.63256	3.64766e-02
0.63285	3.63002e-02
0.63316	3.61214e-02
0.63348	3.59429e-02
0.63381	3.57650e-02
0.63416	3.55885e-02
0.63451	3.54136e-02
0.63495	3.51914e-02
0.63539	3.49796e-02
0.63582	3.47793e-02
0.63625	3.45912e-02
0.63667	3.44159e-02
0.63720	3.41964e-02
0.63776	3.39781e-02
0.63838	3.37216e-02
0.63901	3.34854e-02
0.63961	3.32773e-02
0.64019	3.31012e-02
0.64073	3.29570e-02
0.64123	3.28434e-02
0.64170	3.27585e-02
0.64215	3.27006e-02
0.64257	3.26686e-02
0.64297	3.26617e-02
0.64336	3.26797e-02
0.64374	3.27225e-02
0.64410	3.27902e-02
0.64445	3.28831e-02
0.64479	3.30017e-02
0.64518	3.31325e-02
0.64555	3.32923e-02
0.64592	3.34814e-02
0.64629	3.37005e-02
0.64664	3.39502e-02
0.64700	3.42311e-02
0.64734	3.45438e-02
0.64769	3.48886e-02
0.64802	3.52658e-02
0.64836	3.56751e-02
0.64869	3.61160e-02
0.64901	3.65877e-02
0.64933	3.70884e-02
0.64965	3.76165e-02
0.64995	3.81694e-02
0.65024	3.87446e-02
0.65053	3.93395e-02
0.65080	3.99515e-02
0.65105	4.05781e-02
0.65130	4.12171e-02
0.65157	4.18223e-02
0.65183	4.24342e-02
0.65207	4.30510e-02
0.65231	4.36716e-02
0.65253	4.42954e-02
0.65274	4.49218e-02
0.65294	4.55506e-02
0.65312	4.61815e-02
0.65330	4.68144e-02
0.65347	4.74492e-02
0.65362	4.80858e-02
0.65377	4.87241e-02
0.65391	4.93638e-02
0.65404	5.00047e-02
0.65416	5.06465e-02
0.65428	5.12890e-02
0.65439	5.19316e-02
0.65450	5.25741e-02
0.65460	5.32158e-02
0.65469	5.38561e-02
0.65478	5.44946e-02
0.65498	5.50739e-02
0.65515	5.56604e-02
0.65530	5.62497e-02
0.65544	5.68390e-02
0.65557	5.74260e-02
0.65569	5.80092e-02
0.65581	5.85872e-02
0.65592	5.91588e-02
0.65603	5.97230e-02
0.65615	6.02788e-02
0.65626	6.08252e-02
0.65643	6.14461e-02
0.65658	6.20356e-02
0.65674	6.25984e-02
0.65689	6.31376e-02
0.65704	6.36554e-02
0.65720	6.41532e-02
0.65736	6.46318e-02
0.65753	6.50918e-02
0.65770	6.55335e-02
0.65787	6.59568e-02
0.65805	6.63616e-02
0.65823	6.67476e-02
0.65841	6.71141e-02
0.65859	6.74605e-02
0.65877	6.77862e-02
0.65895	6.80903e-02
0.65912	6.83722e-02
0.65928	6.86310e-02
0.65944	6.88662e-02
0.65960	6.90772e-02
0.65974	6.92637e-02
0.66006	6.94296e-02
0.66034	6.95717e-02
0.66060	6.96889e-02
0.66083	6.97805e-02
0.66105	6.98103e-02
0.66133	6.97958e-02
0.66164	6.97375e-02
0.66191	6.96615e-02
0.66215	6.95653e-02
0.66235	6.94475e-02
0.66264	6.94644e-02
0.66290	6.94396e-02
0.66313	6.93743e-02
0.66333	6.92721e-02
0.66351	6.91357e-02
0.66368	6.89681e-02
0.66392	6.88093e-02
0.66414	6.86203e-02
0.66434	6.84044e-02
0.66453	6.81641e-02
0.66470	6.79018e-02
0.66485	6.76201e-02
0.66499	6.73210e-02
0.66512	6.70067e-02
0.66523	6.66794e-02
0.66539	6.64307e-02
0.66553	6.61621e-02
0.66564	6.58779e-02
0.66574	6.55816e-02
0.66583	6.52764e-02
0.66589	6.49651e-02
0.66594	6.46503e-02
0.66597	6.43341e-02
0.66599	6.40186e-02
0.66599	6.37055e-02
0.66598	6.33966e-02
0.66595	6.30932e-02
0.66591	6.27966e-02
0.66586	6.25079e-02
0.66579	6.22281e-02
0.66571	6.19581e-02
0.66562	6.16984e-02
0.66551	6.14496e-02
0.66539	6.12122e-02
0.66525	6.09865e-02
0.66511	6.07728e-02
0.66495	6.05712e-02
0.66478	6.03823e-02
0.66459	6.02055e-02
0.66440	6.00408e-02
0.66419	5.98884e-02
0.66396	5.97480e-02
0.66373	5.96197e-02
0.66349	5.95032e-02
0.66323	5.93986e-02
0.66296	5.93055e-02
0.66268	5.92239e-02
0.66238	5.91536e-02
0.66208	5.90943e-02
0.66176	5.90459e-02
0.66144	5.90082e-02
0.66110	5.89809e-02
0.66083	5.89210e-02
0.66054	5.88758e-02
0.66023	5.88451e-02
0.65992	5.88289e-02
0.65959	5.88266e-02
0.65925	5.88382e-02
0.65893	5.88231e-02
0.65859	5.88391e-02
0.65823	5.88784e-02
0.65785	5.89365e-02
0.65746	5.90101e-02
0.65706	5.90976e-02
0.65666	5.91976e-02
0.65625	5.93093e-02
0.65583	5.94323e-02
0.65541	5.95662e-02
0.65499	5.97109e-02
0.65457	5.98662e-02
0.65415	6.00321e-02
0.65373	6.02088e-02
0.65331	6.03961e-02
0.65290	6.05942e-02
0.65249	6.08030e-02
0.65208	6.10227e-02
0.65167	6.12531e-02
0.65128	6.14944e-02
0.65089	6.17463e-02
0.65050	6.20087e-02
0.65012	6.22815e-02
0.64975	6.25643e-02
0.64939	6.28569e-02
0.64904	6.31587e-02
0.64869	6.34694e-02
0.64836	6.37884e-02
0.64803	6.41150e-02
0.64772	6.44484e-02
0.64741	6.47880e-02
0.64712	6.51327e-02
0.64688	6.54815e-02
0.64665	6.58349e-02
0.64642	6.61916e-02
0.64620	6.65502e-02
0.64616	6.67170e-02
0.64613	6.68683e-02
0.64612	6.70095e-02
0.64610	6.71467e-02
0.64608	6.72847e-02
0.64606	6.74264e-02
0.64603	6.75741e-02
0.64599	6.77245e-02
0.64591	6.78939e-02
0.64585	6.80528e-02
0.64579	6.81987e-02
0.64575	6.83295e-02
0.64573	6.84440e-02
0.64573	6.85410e-02
0.64574	6.86203e-02
0.64578	6.86820e-02
0.64583	6.87266e-02
0.64590	6.87547e-02
0.64598	6.87672e-02
0.64607	6.87649e-02
0.64617	6.87481e-02
0.64628	6.87220e-02
0.64639	6.86798e-02
0.64650	6.86212e-02
0.64660	6.85455e-02
0.64670	6.84519e-02
0.64680	6.83392e-02
0.64688	6.82068e-02
0.64707	6.80295e-02
0.64723	6.78368e-02
0.64736	6.76275e-02
0.64748	6.74007e-02
0.64758	6.71558e-02
0.64766	6.68924e-02
0.64772	6.66104e-02
0.64778	6.63099e-02
0.64782	6.59914e-02
0.64785	6.56553e-02
0.64787	6.53022e-02
0.64788	6.49329e-02
0.64788	6.45484e-02
0.64787	6.41495e-02
0.64786	6.37373e-02
0.64789	6.32670e-02
0.64791	6.27992e-02
0.64790	6.23312e-02
0.64788	6.18622e-02
0.64784	6.13916e-02
0.64779	6.09197e-02
0.64772	6.04470e-02
0.64765	5.99740e-02
0.64756	5.95016e-02
0.64746	5.90308e-02
0.64735	5.85626e-02
0.64724	5.80981e-02
0.64711	5.76382e-02
0.64698	5.71841e-02
0.64684	5.67368e-02
0.64675	5.62948e-02
0.64664	5.58606e-02
0.64653	5.54350e-02
0.64640	5.50189e-02
0.64627	5.46129e-02
0.64614	5.42176e-02
0.64599	5.38357e-02
0.64584	5.34604e-02
0.64570	5.30913e-02
0.64555	5.27274e-02
0.64540	5.23681e-02
0.64525	5.20129e-02
0.64510	5.16612e-02
0.64496	5.13130e-02
0.64481	5.09685e-02
0.64469	5.06355e-02
0.64456	5.03069e-02
0.64443	4.99839e-02
0.64430	4.96676e-02
0.64417	4.93594e-02
0.64404	4.90604e-02
0.64390	4.87716e-02
0.64376	4.84941e-02
0.64362	4.82286e-02
0.64349	4.79760e-02
0.64336	4.77364e-02
0.64321	4.75101e-02
0.64321	4.70062e-02
0.64321	4.65077e-02
0.64321	4.60267e-02
0.64319	4.55754e-02
0.64316	4.51645e-02
0.64310	4.48012e-02
0.64303	4.44888e-02
0.64293	4.42268e-02
0.64282	4.40120e-02
0.64269	4.38398e-02
0.64255	4.37051e-02
0.64240	4.36029e-02
0.64224	4.35290e-02
0.64207	4.34796e-02
0.64190	4.34519e-02
0.64174	4.34357e-02
0.64159	4.34337e-02
0.64144	4.34438e-02
0.64130	4.34649e-02
0.64118	4.34965e-02
0.64106	4.35383e-02
0.64098	4.35922e-02
0.64091	4.36557e-02
0.64088	4.37248e-02
0.64085	4.38040e-02
0.64085	4.38936e-02
0.64085	4.39939e-02
0.64086	4.41051e-02
0.64089	4.42274e-02
0.64092	4.43609e-02
0.64097	4.45055e-02
0.64103	4.46612e-02
0.64110	4.48279e-02
0.64119	4.50054e-02
0.64128	4.51935e-02
0.64139	4.53918e-02
0.64152	4.56054e-02
0.64165	4.58279e-02
0.64180	4.60590e-02
0.64197	4.62985e-02
0.64215	4.65458e-02
0.64234	4.68004e-02
0.64255	4.70620e-02
0.64277	4.73298e-02
0.64301	4.76032e-02
0.64327	4.78816e-02
0.64354	4.81643e-02
0.64383	4.84506e-02
0.64414	4.87449e-02
0.64447	4.90412e-02
0.64482	4.93387e-02
0.64518	4.96366e-02
0.64556	4.99342e-02
0.64600	5.02061e-02
0.64645	5.04772e-02
0.64692	5.07464e-02
0.64740	5.10129e-02
0.64789	5.12760e-02
0.64851	5.14412e-02
0.64910	5.16230e-02
0.64968	5.18132e-02
0.65026	5.20061e-02
0.65084	5.21974e-02
0.65143	5.23840e-02
0.65202	5.25636e-02
0.65261	5.27344e-02
0.65321	5.28947e-02
0.65382	5.30435e-02
0.65443	5.31794e-02
0.65505	5.33017e-02
0.65568	5.34093e-02
0.65630	5.35015e-02
0.65693	5.35776e-02
0.65757	5.36339e-02
0.65821	5.36736e-02
0.65885	5.36958e-02
0.65949	5.37001e-02
0.66013	5.36861e-02
0.66077	5.36535e-02
0.66141	5.36020e-02
0.66205	5.35316e-02
0.66268	5.34421e-02
0.66331	5.33336e-02
0.66393	5.32062e-02
0.66455	5.30601e-02
0.66517	5.28955e-02
0.66577	5.27129e-02
0.66637	5.25125e-02
0.66714	5.24034e-02
0.66787	5.22620e-02
0.66856	5.20889e-02
0.66922	5.18858e-02
0.66985	5.16548e-02
0.67046	5.13984e-02
0.67104	5.11191e-02
0.67160	5.08192e-02
0.67215	5.04804e-02
0.67268	5.01280e-02
0.67319	4.97628e-02
0.67368	4.93861e-02
0.67417	4.89976e-02
0.67464	4.86011e-02
0.67508	4.81973e-02
0.67550	4.77875e-02
0.67589	4.73726e-02
0.67627	4.69540e-02
0.67664	4.65326e-02
0.67698	4.61096e-02
0.67731	4.56859e-02
0.67762	4.52626e-02
0.67792	4.48407e-02
0.67821	4.44209e-02
0.67848	4.40042e-02
0.67875	4.35911e-02
0.67899	4.31824e-02
0.67923	4.27787e-02
0.67946	4.23805e-02
0.67968	4.19883e-02
0.67989	4.16023e-02
0.68009	4.12231e-02
0.68028	4.08507e-02
0.68052	4.05802e-02
0.68075	4.03027e-02
0.68103	3.99936e-02
0.68129	3.96854e-02
0.68153	3.93783e-02
0.68175	3.90727e-02
0.68197	3.87691e-02
0.68217	3.84681e-02
0.68237	3.81700e-02
0.68256	3.78755e-02
0.68274	3.75847e-02
0.68292	3.72980e-02
0.68310	3.70158e-02
0.68327	3.67383e-02
0.68344	3.64658e-02
0.68367	3.63061e-02
0.68389	3.61395e-02
0.68411	3.59691e-02
0.68431	3.57968e-02
0.68451	3.56248e-02
0.68486	3.55291e-02
0.68519	3.54299e-02
0.68548	3.53279e-02
0.68575	3.52257e-02
0.68600	3.51267e-02
0.68623	3.50349e-02
0.68646	3.49548e-02
0.68669	3.48797e-02
0.68691	3.48272e-02
0.68713	3.48001e-02
0.68735	3.48013e-02
0.68757	3.48336e-02
0.68779	3.48994e-02
0.68802	3.50008e-02
0.68825	3.51395e-02
0.68848	3.53164e-02
0.68871	3.55320e-02
0.68895	3.57851e-02
0.68919	3.60758e-02
0.68943	3.64022e-02
0.68967	3.67622e-02
0.68990	3.71536e-02
0.69014	3.75737e-02
0.69037	3.80202e-02
0.69059	3.84907e-02
0.69081	3.89831e-02
0.69103	3.94955e-02
0.69124	4.00250e-02
0.69144	4.05718e-02
0.69163	4.11346e-02
0.69182	4.17125e-02
0.69200	4.23047e-02
0.69219	4.29011e-02
0.69237	4.35126e-02
0.69253	4.41376e-02
0.69269	4.47749e-02
0.69284	4.54234e-02
0.69298	4.60821e-02
0.69312	4.67501e-02
0.69324	4.74263e-02
0.69336	4.81096e-02
0.69347	4.87991e-02
0.69357	4.94935e-02
0.69367	5.01916e-02
0.69381	5.08712e-02
0.69393	5.15571e-02
0.69404	5.22465e-02
0.69413	5.29371e-02
0.69421	5.36269e-02
0.69427	5.43141e-02
0.69433	5.49970e-02
0.69437	5.56741e-02
0.69440	5.63436e-02
0.69442	5.70042e-02
0.69443	5.76544e-02
0.69444	5.82947e-02
0.69443	5.89217e-02
0.69448	5.95115e-02
0.69450	6.00900e-02
0.69463	6.05545e-02
0.69473	6.10075e-02
0.69481	6.14483e-02
0.69487	6.18759e-02
0.69492	6.22893e-02
0.69494	6.26873e-02
0.69494	6.30689e-02
0.69493	6.34328e-02
0.69490	6.37780e-02
0.69485	6.41035e-02
0.69479	6.44084e-02
0.69470	6.46918e-02
0.69461	6.49533e-02
0.69449	6.51922e-02
0.69437	6.54080e-02
0.69422	6.56005e-02
0.69406	6.57694e-02
0.69389	6.59145e-02
0.69370	6.60358e-02
0.69350	6.61334e-02
0.69329	6.62073e-02
0.69317	6.62415e-02
0.69301	6.62596e-02
0.69282	6.62595e-02
0.69259	6.62402e-02
0.69235	6.62009e-02
0.69208	6.61416e-02
0.69179	6.60622e-02
0.69148	6.59632e-02
0.69125	6.58278e-02
0.69097	6.56791e-02
0.69067	6.55155e-02
0.69035	6.53365e-02
0.69001	6.51420e-02
0.68966	6.49322e-02
0.68930	6.47077e-02
0.68893	6.44709e-02
0.68855	6.42203e-02
0.68816	6.39566e-02
0.68777	6.36806e-02
0.68737	6.33929e-02
0.68697	6.30938e-02
0.68656	6.27846e-02
0.68615	6.24661e-02
0.68574	6.21388e-02
0.68533	6.18034e-02
0.68492	6.14604e-02
0.68450	6.11105e-02
0.68414	6.07971e-02
0.68378	6.04728e-02
0.68349	6.00911e-02
0.68320	5.96978e-02
0.68292	5.92948e-02
0.68286	5.85548e-02
0.68279	5.78316e-02
0.68269	5.71501e-02
0.68256	5.65203e-02
0.68240	5.59408e-02
0.68221	5.54047e-02
0.68200	5.49039e-02
0.68178	5.44311e-02
0.68154	5.39803e-02
0.68131	5.35474e-02
0.68107	5.31292e-02
0.68083	5.27238e-02
0.68059	5.23299e-02
0.68036	5.19469e-02
0.68014	5.15749e-02
0.67992	5.12139e-02
0.67972	5.08646e-02
0.67952	5.05277e-02
0.67934	5.02040e-02
0.67917	4.98946e-02
0.67908	4.95529e-02
0.67897	4.92448e-02
0.67887	4.89658e-02
0.67877	4.87133e-02
0.67868	4.84860e-02
0.67860	4.82832e-02
0.67853	4.81049e-02
0.67847	4.79510e-02
0.67842	4.78216e-02
0.67839	4.77170e-02
0.67836	4.76373e-02
0.67836	4.75827e-02
0.67836	4.75534e-02
0.67838	4.75492e-02
0.67841	4.75703e-02
0.67851	4.76427e-02
0.67861	4.77346e-02
0.67872	4.78470e-02
0.67883	4.79803e-02
0.67896	4.81347e-02
0.67909	4.83102e-02
0.67923	4.85063e-02
0.67939	4.87226e-02
0.67955	4.89585e-02
0.67973	4.92132e-02
0.67992	4.94859e-02
0.68012	4.97755e-02
0.68033	5.00813e-02
0.68055	5.04018e-02
0.68079	5.07357e-02
0.68103	5.10820e-02
0.68128	5.14393e-02
0.68154	5.18063e-02
0.68182	5.21817e-02
0.68210	5.25639e-02
0.68238	5.29517e-02
0.68268	5.33437e-02
0.68298	5.37382e-02
0.68329	5.41340e-02
0.68361	5.45297e-02
0.68393	5.49237e-02
0.68426	5.53146e-02
0.68459	5.57011e-02
0.68493	5.60818e-02
0.68527	5.64554e-02
0.68561	5.68204e-02
0.68596	5.71756e-02
0.68630	5.75198e-02
0.68674	5.78721e-02
0.68715	5.82050e-02
0.68755	5.85193e-02
0.68794	5.88148e-02
0.68839	5.91154e-02
0.68882	5.93928e-02
0.68923	5.96474e-02
0.68963	5.98791e-02
0.69010	5.99534e-02
0.69056	6.00075e-02
0.69100	6.00403e-02
0.69143	6.00517e-02
0.69185	6.00417e-02
0.69226	6.00101e-02
0.69265	5.99567e-02
0.69303	5.98817e-02
0.69340	5.97842e-02
0.69375	5.96640e-02
0.69409	5.95210e-02
0.69441	5.93549e-02
0.69472	5.91680e-02
0.69502	5.89575e-02
0.69529	5.87236e-02
0.69556	5.84664e-02
0.69580	5.81860e-02
0.69603	5.78829e-02
0.69624	5.75573e-02
0.69648	5.72513e-02
0.69670	5.69199e-02
0.69698	5.64542e-02
0.69721	5.59847e-02
0.69742	5.55063e-02
0.69764	5.49799e-02
0.69782	5.44531e-02
0.69796	5.39212e-02
0.69808	5.33821e-02
0.69817	5.28349e-02
0.69823	5.22797e-02
0.69826	5.17169e-02
0.69827	5.11475e-02
0.69826	5.05727e-02
0.69822	4.99939e-02
0.69817	4.94124e-02
0.69808	4.88299e-02
0.69798	4.82480e-02
0.69786	4.76685e-02
0.69771	4.70930e-02
0.69755	4.65232e-02
0.69736	4.59608e-02
0.69716	4.54076e-02
0.69694	4.48649e-02
0.69670	4.43344e-02
0.69650	4.38157e-02
0.69627	4.33107e-02
0.69602	4.28206e-02
0.69574	4.23464e-02
0.69547	4.19251e-02
0.69518	4.15132e-02
0.69487	4.11129e-02
0.69456	4.07260e-02
0.69423	4.03537e-02
0.69389	3.99972e-02
0.69355	3.96576e-02
0.69320	3.93361e-02
0.69285	3.90341e-02
0.69250	3.87536e-02
0.69215	3.84971e-02
0.69181	3.82845e-02
0.69146	3.80980e-02
0.69111	3.79419e-02
0.69076	3.78195e-02
0.69041	3.77346e-02
0.69005	3.76881e-02
0.68968	3.76814e-02
0.68931	3.77152e-02
0.68894	3.77891e-02
0.68856	3.79023e-02
0.68818	3.80533e-02
0.68782	3.82876e-02
0.68748	3.86147e-02
0.68717	3.90494e-02
0.68690	3.96063e-02
0.68668	4.02927e-02
0.68650	4.10998e-02
0.68635	4.19957e-02
0.68621	4.29285e-02
0.68606	4.38396e-02
0.68588	4.46828e-02
0.68567	4.54348e-02
0.68543	4.60944e-02
0.68516	4.66741e-02
0.68487	4.71910e-02
0.68457	4.76616e-02
0.68427	4.80993e-02
0.68397	4.85138e-02
0.68368	4.89117e-02
0.68340	4.92973e-02
0.68313	4.96732e-02
0.68287	5.00408e-02
0.68262	5.04007e-02
0.68240	5.07529e-02
0.68218	5.10973e-02
0.68199	5.14334e-02
0.68186	5.17332e-02
0.68173	5.20302e-02
0.68162	5.23227e-02
0.68151	5.26086e-02
0.68142	5.28860e-02
0.68143	5.31982e-02
0.68144	5.34936e-02
0.68145	5.37724e-02
0.68147	5.40344e-02
0.68156	5.42918e-02
0.68164	5.45305e-02
0.68173	5.47502e-02
0.68183	5.49497e-02
0.68194	5.51304e-02
0.68204	5.52920e-02
0.68216	5.54345e-02
0.68229	5.55581e-02
0.68242	5.56629e-02
0.68256	5.57489e-02
0.68272	5.58164e-02
0.68288	5.58656e-02
0.68305	5.58965e-02
0.68323	5.59096e-02
0.68342	5.59049e-02
0.68363	5.58827e-02
0.68384	5.58434e-02
0.68407	5.57871e-02
0.68439	5.57522e-02
0.68473	5.57059e-02
0.68513	5.55833e-02
0.68554	5.54610e-02
0.68595	5.53347e-02
0.68636	5.52015e-02
0.68678	5.50591e-02
0.68720	5.49060e-02
0.68762	5.47411e-02
0.68804	5.45635e-02
0.68846	5.43728e-02
0.68888	5.41689e-02
0.68930	5.39516e-02
0.68973	5.37210e-02
0.69016	5.34773e-02
0.69059	5.32208e-02
0.69110	5.28909e-02
0.69160	5.25596e-02
0.69210	5.22250e-02
0.69258	5.18859e-02
0.69306	5.15411e-02
0.69353	5.11899e-02
0.69402	5.08207e-02
0.69449	5.04462e-02
0.69497	5.00656e-02
0.69544	4.96785e-02
0.69591	4.92847e-02
0.69637	4.88841e-02
0.69683	4.84770e-02
0.69728	4.80638e-02
0.69772	4.76449e-02
0.69815	4.72207e-02
0.69858	4.67921e-02
0.69899	4.63596e-02
0.69940	4.59241e-02
0.69979	4.54864e-02
0.70020	4.50486e-02
0.70059	4.46097e-02
0.70096	4.41707e-02
0.70132	4.37327e-02
0.70167	4.32967e-02
0.70214	4.27797e-02
0.70258	4.22750e-02
0.70300	4.17834e-02
0.70340	4.13054e-02
0.70378	4.08415e-02
0.70414	4.03917e-02
0.70448	3.99560e-02
0.70482	3.95736e-02
0.70514	3.91963e-02
0.70544	3.88268e-02
0.70572	3.84670e-02
0.70600	3.81182e-02
0.70625	3.77814e-02
0.70650	3.74572e-02
0.70674	3.71465e-02
0.70696	3.68498e-02
0.70718	3.65676e-02
0.70739	3.63005e-02
0.70758	3.60488e-02
0.70777	3.58131e-02
0.70795	3.55937e-02
0.70812	3.53910e-02
0.70828	3.52051e-02
0.70844	3.50365e-02
0.70859	3.48852e-02
0.70873	3.47514e-02
0.70886	3.46351e-02
0.70898	3.45364e-02
0.70910	3.44551e-02
0.70920	3.43912e-02
0.70931	3.43444e-02
0.70940	3.43145e-02
0.70949	3.43012e-02
0.70957	3.43041e-02
0.70964	3.43228e-02
0.70971	3.43570e-02
0.70982	3.43913e-02
0.70996	3.44077e-02
0.71008	3.44451e-02
0.71019	3.45011e-02
0.71030	3.45741e-02
0.71043	3.46811e-02
0.71055	3.47989e-02
0.71067	3.49274e-02
0.71078	3.50662e-02
0.71089	3.52154e-02
0.71100	3.53749e-02
0.71110	3.55448e-02
0.71121	3.57251e-02
0.71133	3.59119e-02
0.71145	3.61107e-02
0.71158	3.63214e-02
0.71170	3.65437e-02
0.71182	3.67774e-02
0.71194	3.70224e-02
0.71206	3.72785e-02
0.71218	3.75454e-02
0.71231	3.78226e-02
0.71243	3.81099e-02
0.71272	3.85060e-02
0.71295	3.88763e-02
0.71337	3.86632e-02
0.71374	3.84833e-02
0.71406	3.83666e-02
0.71433	3.83228e-02
0.71457	3.83477e-02
0.71478	3.84308e-02
0.71496	3.85605e-02
0.71512	3.87267e-02
0.71527	3.89212e-02
0.71540	3.91376e-02
0.71552	3.93708e-02
0.71563	3.96171e-02
0.71573	3.98734e-02
0.71582	4.01371e-02
0.71590	4.04062e-02
0.71597	4.06789e-02
0.71604	4.09536e-02
0.71609	4.12289e-02
0.71614	4.15037e-02
0.71618	4.17769e-02
0.71630	4.20787e-02
0.71641	4.23783e-02
0.71653	4.26744e-02
0.71665	4.29664e-02
0.71677	4.32520e-02
0.71687	4.35295e-02
0.71697	4.37974e-02
0.71706	4.40544e-02
0.71713	4.42995e-02
0.71719	4.45320e-02
0.71723	4.47514e-02
0.71726	4.49577e-02
0.71726	4.51507e-02
0.71725	4.53306e-02
0.71723	4.54975e-02
0.71719	4.56518e-02
0.71713	4.57936e-02
0.71706	4.59231e-02
0.71697	4.60407e-02
0.71687	4.61466e-02
0.71675	4.62410e-02
0.71662	4.63240e-02
0.71648	4.63960e-02
0.71632	4.64571e-02
0.71616	4.65074e-02
0.71598	4.65472e-02
0.71580	4.65923e-02
0.71561	4.66253e-02
0.71540	4.66469e-02
0.71519	4.66577e-02
0.71496	4.66579e-02
0.71473	4.66478e-02
0.71448	4.66277e-02
0.71423	4.65979e-02
0.71396	4.65585e-02
0.71369	4.65097e-02
0.71341	4.64518e-02
0.71312	4.63849e-02
0.71283	4.63094e-02
0.71253	4.62254e-02
0.71223	4.61332e-02
0.71192	4.60330e-02
0.71161	4.59251e-02
0.71129	4.58099e-02
0.71098	4.56877e-02
0.71066	4.55588e-02
0.71034	4.54236e-02
0.71002	4.52826e-02
0.70970	4.51363e-02
0.70938	4.49851e-02
0.70906	4.48297e-02
0.70889	4.48159e-02
0.70870	4.47882e-02
0.70850	4.47371e-02
0.70827	4.46581e-02
0.70804	4.45538e-02
0.70782	4.44176e-02
0.70757	4.42611e-02
0.70732	4.40897e-02
0.70706	4.39081e-02
0.70681	4.37149e-02
0.70655	4.35213e-02
0.70630	4.33301e-02
0.70606	4.31439e-02
0.70582	4.29647e-02
0.70559	4.27943e-02
0.70537	4.26345e-02
0.70516	4.24868e-02
0.70496	4.23527e-02
0.70477	4.22332e-02
0.70460	4.21293e-02
0.70444	4.20420e-02
0.70430	4.19725e-02
0.70417	4.19215e-02
0.70406	4.18897e-02
0.70396	4.18779e-02
0.70388	4.18864e-02
0.70381	4.19157e-02
0.70377	4.19660e-02
0.70373	4.20374e-02
0.70372	4.21288e-02
0.70379	4.21285e-02
0.70388	4.21444e-02
0.70400	4.21756e-02
0.70413	4.22223e-02
0.70429	4.22847e-02
0.70446	4.23629e-02
0.70465	4.24572e-02
0.70487	4.25674e-02
0.70510	4.26936e-02
0.70535	4.28357e-02
0.70561	4.29935e-02
0.70589	4.31668e-02
0.70619	4.33552e-02
0.70650	4.35580e-02
0.70682	4.37745e-02
0.70716	4.40036e-02
0.70750	4.42440e-02
0.70786	4.44942e-02
0.70822	4.47526e-02
0.70860	4.50173e-02
0.70899	4.52865e-02
0.70938	4.55581e-02
0.70979	4.58288e-02
0.71021	4.60983e-02
0.71063	4.63647e-02
0.71107	4.66262e-02
0.71151	4.68812e-02
0.71195	4.71281e-02
0.71241	4.73655e-02
0.71287	4.75921e-02
0.71334	4.78068e-02
0.71381	4.80085e-02
0.71429	4.81964e-02
0.71478	4.83695e-02
0.71527	4.85274e-02
0.71582	4.86274e-02
0.71636	4.87190e-02
0.71690	4.87995e-02
0.71744	4.88675e-02
0.71798	4.89220e-02
0.71851	4.89623e-02
0.71905	4.89883e-02
0.71958	4.89998e-02
0.72011	4.89967e-02
0.72071	4.89487e-02
0.72135	4.89925e-02
0.72197	4.89954e-02
0.72257	4.89643e-02
0.72315	4.89050e-02
0.72372	4.88221e-02
0.72429	4.87196e-02
0.72484	4.86007e-02
0.72538	4.84684e-02
0.72591	4.83252e-02
0.72644	4.81732e-02
0.72696	4.80144e-02
0.72747	4.78507e-02
0.72797	4.76838e-02
0.72846	4.75153e-02
0.72899	4.73219e-02
0.72951	4.71330e-02
0.73001	4.69495e-02
0.73050	4.67725e-02
0.73097	4.66029e-02
0.73143	4.64418e-02
0.73187	4.62902e-02
0.73230	4.61490e-02
0.73272	4.60192e-02
0.73312	4.59016e-02
0.73351	4.57969e-02
0.73390	4.56998e-02
0.73428	4.56189e-02
0.73464	4.55541e-02
0.73499	4.55051e-02
0.73532	4.54722e-02
0.73564	4.54510e-02
0.73595	4.54472e-02
0.73624	4.54599e-02
0.73651	4.54884e-02
0.73678	4.55372e-02
0.73703	4.55980e-02
0.73727	4.56704e-02
0.73749	4.57537e-02
0.73770	4.58472e-02
0.73788	4.59499e-02
0.73805	4.60611e-02
0.73821	4.61797e-02
0.73836	4.63012e-02
0.73849	4.64285e-02
0.73860	4.65605e-02
0.73870	4.66961e-02
0.73878	4.68342e-02
0.73884	4.69739e-02
0.73889	4.71141e-02
0.73892	4.72540e-02
0.73894	4.73926e-02
0.73893	4.75292e-02
0.73892	4.76629e-02
0.73889	4.77932e-02
0.73890	4.79313e-02
0.73892	4.80241e-02
0.73892	4.81165e-02
0.73907	4.80705e-02
0.73917	4.80439e-02
0.73922	4.80360e-02
0.73923	4.80445e-02
0.73919	4.80658e-02
0.73912	4.80962e-02
0.73902	4.81326e-02
0.73889	4.81725e-02
0.73874	4.82139e-02
0.73857	4.82558e-02
0.73838	4.82974e-02
0.73817	4.83385e-02
0.73794	4.83791e-02
0.73770	4.84195e-02
0.73745	4.84603e-02
0.73718	4.85020e-02
0.73690	4.85455e-02
0.73661	4.85915e-02
0.73631	4.86410e-02
0.73600	4.86950e-02
0.73568	4.87542e-02
0.73535	4.88198e-02
0.73500	4.88926e-02
0.73465	4.89735e-02
0.73429	4.90635e-02
0.73392	4.91632e-02
0.73355	4.92733e-02
0.73316	4.93945e-02
0.73277	4.95275e-02
0.73237	4.96727e-02
0.73196	4.98304e-02
0.73155	5.00008e-02
0.73113	5.01840e-02
0.73071	5.03799e-02
0.73027	5.05884e-02
0.72984	5.08091e-02
0.72939	5.10415e-02
0.72895	5.12851e-02
0.72850	5.15390e-02
0.72804	5.18024e-02
0.72758	5.20742e-02
0.72712	5.23535e-02
0.72667	5.26409e-02
0.72621	5.29365e-02
0.72575	5.32345e-02
0.72528	5.35337e-02
0.72481	5.38324e-02
0.72435	5.41292e-02
0.72387	5.44222e-02
0.72340	5.47097e-02
0.72293	5.49897e-02
0.72246	5.52605e-02
0.72199	5.55201e-02
0.72152	5.57664e-02
0.72105	5.59977e-02
0.72059	5.62118e-02
0.72013	5.64070e-02
0.71971	5.66176e-02
0.71930	5.68006e-02
0.71888	5.69549e-02
0.71847	5.70796e-02
0.71817	5.71433e-02
0.71785	5.71816e-02
0.71754	5.71926e-02
0.71722	5.71748e-02
0.71690	5.71267e-02
0.71658	5.70472e-02
0.71626	5.69354e-02
0.71599	5.67831e-02
0.71572	5.65984e-02
0.71545	5.63808e-02
0.71519	5.61303e-02
0.71492	5.58471e-02
0.71467	5.55319e-02
0.71441	5.51854e-02
0.71417	5.48084e-02
0.71393	5.44022e-02
0.71372	5.39930e-02
0.71352	5.35596e-02
0.71333	5.31041e-02
0.71315	5.26285e-02
0.71299	5.21347e-02
0.71283	5.16246e-02
0.71269	5.11001e-02
0.71256	5.05631e-02
0.71251	4.99619e-02
0.71247	4.93580e-02
0.71244	4.87539e-02
0.71242	4.81524e-02
0.71241	4.75558e-02
0.71241	4.69660e-02
0.71240	4.63845e-02
0.71241	4.58124e-02
0.71242	4.52509e-02
0.71243	4.47010e-02
0.71244	4.41636e-02
0.71245	4.36398e-02
0.71256	4.30624e-02
0.71269	4.24887e-02
0.71283	4.19288e-02
0.71297	4.13922e-02
0.71310	4.08852e-02
0.71322	4.04115e-02
0.71333	3.99729e-02
0.71343	3.95698e-02
0.71352	3.92025e-02
0.71361	3.88711e-02
0.71369	3.85757e-02
0.71377	3.83164e-02
0.71385	3.80934e-02
0.71393	3.79067e-02
0.71401	3.77563e-02
0.71410	3.76421e-02
0.71419	3.75637e-02
0.71428	3.75205e-02
0.71438	3.75118e-02
0.71448	3.75364e-02
0.71459	3.75933e-02
0.71470	3.76808e-02
0.71482	3.77974e-02
0.71495	3.79412e-02
0.71508	3.81101e-02
0.71522	3.83022e-02
0.71537	3.85150e-02
0.71552	3.87464e-02
0.71568	3.89940e-02
0.71592	3.91075e-02
0.71616	3.92497e-02
0.71640	3.94162e-02
0.71664	3.96027e-02
0.71688	3.98053e-02
0.71712	4.00202e-02
0.71737	4.02440e-02
0.71762	4.04735e-02
0.71787	4.07059e-02
0.71812	4.09385e-02
0.71837	4.11691e-02
0.71863	4.13954e-02
0.71890	4.16155e-02
0.71916	4.18279e-02
0.71943	4.20309e-02
0.71971	4.22233e-02
0.72006	4.24973e-02
0.72041	4.27461e-02
0.72074	4.29653e-02
0.72107	4.31599e-02
0.72139	4.33327e-02
0.72171	4.34855e-02
0.72203	4.36194e-02
0.72241	4.36175e-02
0.72277	4.36256e-02
0.72313	4.36351e-02
0.72347	4.36411e-02
0.72381	4.36407e-02
0.72414	4.36318e-02
0.72447	4.36134e-02
0.72479	4.35846e-02
0.72519	4.34475e-02
0.72556	4.33158e-02
0.72592	4.31861e-02
0.72627	4.30565e-02
0.72684	4.29181e-02
0.72742	4.27839e-02
0.72796	4.26553e-02
0.72844	4.25282e-02
0.72888	4.24000e-02
0.72929	4.22696e-02
0.72967	4.21364e-02
0.73002	4.20010e-02
0.73035	4.18638e-02
0.73067	4.17255e-02
0.73097	4.15869e-02
0.73126	4.14488e-02
0.73162	4.12968e-02
0.73196	4.11462e-02
0.73228	4.09973e-02
0.73259	4.08537e-02
0.73289	4.07161e-02
0.73317	4.05805e-02
0.73344	4.04477e-02
0.73369	4.03185e-02
0.73394	4.01933e-02
0.73417	4.00725e-02
0.73440	3.99563e-02
0.73461	3.98450e-02
0.73482	3.97415e-02
0.73501	3.96425e-02
0.73520	3.95483e-02
0.73538	3.94590e-02
0.73555	3.93744e-02
0.73571	3.92946e-02
0.73586	3.92192e-02
0.73601	3.91483e-02
0.73614	3.90814e-02
0.73637	3.89847e-02
0.73658	3.88963e-02
0.73678	3.88154e-02
0.73699	3.87294e-02
0.73717	3.86523e-02
0.73734	3.85826e-02
0.73749	3.85190e-02
0.73763	3.84605e-02
0.73776	3.84061e-02
0.73787	3.83551e-02
0.73798	3.83066e-02
0.73807	3.82599e-02
0.73816	3.82145e-02
0.73824	3.81698e-02
0.73831	3.81253e-02
0.73838	3.80806e-02
0.73845	3.80354e-02
0.73851	3.79894e-02
0.73862	3.79157e-02
0.73874	3.78283e-02
0.73890	3.77237e-02
0.73910	3.75999e-02
0.73933	3.74592e-02
0.73960	3.73095e-02
0.73988	3.71628e-02
0.74015	3.70290e-02
0.74039	3.69118e-02
0.74058	3.68094e-02
0.74073	3.67177e-02
0.74086	3.66330e-02
0.74096	3.65526e-02
0.74104	3.64751e-02
0.74112	3.63995e-02
0.74120	3.63256e-02
0.74127	3.62530e-02
0.74135	3.61820e-02
0.74143	3.61126e-02
0.74151	3.60452e-02
0.74160	3.59798e-02
0.74169	3.59169e-02
0.74180	3.58568e-02
0.74191	3.57997e-02
0.74202	3.57459e-02
0.74215	3.56957e-02
0.74228	3.56493e-02
0.74242	3.56070e-02
0.74257	3.55688e-02
0.74273	3.55350e-02
0.74293	3.54647e-02
0.74314	3.54014e-02
0.74336	3.53451e-02
0.74358	3.52958e-02
0.74384	3.52332e-02
0.74411	3.51791e-02
0.74439	3.51332e-02
0.74467	3.50845e-02
0.74497	3.50454e-02
0.74536	3.51310e-02
0.74576	3.52147e-02
0.74615	3.52953e-02
0.74655	3.53670e-02
0.74695	3.54347e-02
0.74734	3.54982e-02
0.74774	3.55576e-02
0.74816	3.55967e-02
0.74857	3.56357e-02
0.74897	3.56735e-02
0.74938	3.57099e-02
0.74979	3.57447e-02
0.75020	3.57779e-02
0.75061	3.58096e-02
0.75102	3.58398e-02
0.75143	3.58684e-02
0.75185	3.58956e-02
0.75226	3.59213e-02
0.75268	3.59456e-02
0.75310	3.59685e-02
0.75352	3.59901e-02
0.75394	3.60104e-02
0.75448	3.60999e-02
0.75502	3.62026e-02
0.75556	3.63170e-02
0.75619	3.63704e-02
0.75681	3.64310e-02
0.75741	3.64991e-02
0.75799	3.65712e-02
0.75855	3.66440e-02
0.75908	3.67152e-02
0.75960	3.67831e-02
0.76010	3.68470e-02
0.76059	3.69067e-02
0.76106	3.69623e-02
0.76152	3.70143e-02
0.76197	3.70636e-02
0.76242	3.71333e-02
0.76286	3.71968e-02
0.76328	3.72569e-02
0.76369	3.73157e-02
0.76409	3.73749e-02
0.76448	3.74358e-02
0.76490	3.75233e-02
0.76529	3.76042e-02
0.76566	3.76832e-02
0.76600	3.77635e-02
0.76633	3.78473e-02
0.76667	3.79810e-02
0.76698	3.81105e-02
0.76728	3.82393e-02
0.76755	3.83696e-02
0.76780	3.85024e-02
0.76803	3.86387e-02
0.76824	3.87791e-02
0.76844	3.89238e-02
0.76861	3.90730e-02
0.76877	3.92267e-02
0.76890	3.93849e-02
0.76912	3.96937e-02
0.76932	3.99914e-02
0.76948	4.02798e-02
0.76962	4.05599e-02
0.76974	4.08324e-02
0.76983	4.10982e-02
0.76989	4.13578e-02
0.76993	4.16120e-02
0.76995	4.18611e-02
0.76995	4.21056e-02
0.76992	4.23457e-02
0.76988	4.25815e-02
0.76981	4.28131e-02
0.76973	4.30407e-02
0.76963	4.32642e-02
0.76951	4.34835e-02
0.76937	4.36987e-02
0.76922	4.39097e-02
0.76904	4.41164e-02
0.76886	4.43188e-02
0.76866	4.45168e-02
0.76844	4.47103e-02
0.76821	4.48993e-02
0.76796	4.50838e-02
0.76770	4.52637e-02
0.76743	4.54391e-02
0.76715	4.56098e-02
0.76686	4.57760e-02
0.76655	4.59375e-02
0.76624	4.60945e-02
0.76592	4.62469e-02
0.76558	4.63948e-02
0.76525	4.65430e-02
0.76490	4.66857e-02
0.76455	4.68232e-02
0.76420	4.69557e-02
0.76383	4.70834e-02
0.76346	4.72063e-02
0.76309	4.73246e-02
0.76288	4.71791e-02
0.76267	4.70286e-02
0.76244	4.68809e-02
0.76221	4.67429e-02
0.76197	4.66189e-02
0.76172	4.65107e-02
0.76146	4.64186e-02
0.76119	4.63418e-02
0.76091	4.62788e-02
0.76063	4.62282e-02
0.76034	4.61881e-02
0.76008	4.61772e-02
0.75982	4.61764e-02
0.75956	4.61855e-02
0.75931	4.62035e-02
0.75907	4.62293e-02
0.75884	4.62617e-02
0.75861	4.62990e-02
0.75838	4.63395e-02
0.75816	4.63816e-02
0.75795	4.64231e-02
0.75774	4.64622e-02
0.75753	4.64969e-02
0.75732	4.65256e-02
0.75712	4.65457e-02
0.75692	4.65566e-02
0.75672	4.65570e-02
0.75672	4.66695e-02
0.75670	4.67567e-02
0.75664	4.68166e-02
0.75656	4.68494e-02
0.75647	4.68571e-02
0.75637	4.68417e-02
0.75626	4.68051e-02
0.75615	4.67487e-02
0.75603	4.66737e-02
0.75595	4.65375e-02
0.75586	4.63957e-02
0.75577	4.62450e-02
0.75568	4.60842e-02
0.75560	4.59125e-02
0.75552	4.57296e-02
0.75544	4.55353e-02
0.75537	4.53295e-02
0.75530	4.51123e-02
0.75530	4.48770e-02
0.75528	4.46348e-02
0.75526	4.43839e-02
0.75523	4.41234e-02
0.75521	4.38529e-02
0.75521	4.35960e-02
0.75521	4.33211e-02
0.75521	4.30315e-02
0.75521	4.27291e-02
0.75522	4.24151e-02
0.75523	4.20904e-02
0.75524	4.17557e-02
0.75526	4.14116e-02
0.75529	4.10585e-02
0.75532	4.06970e-02
0.75536	4.03274e-02
0.75540	3.99502e-02
0.75545	3.95656e-02
0.75550	3.91741e-02
0.75557	3.87759e-02
0.75563	3.83716e-02
0.75571	3.79614e-02
0.75579	3.75459e-02
0.75588	3.71257e-02
0.75597	3.67016e-02
0.75608	3.62747e-02
0.75618	3.58462e-02
0.75630	3.54175e-02
0.75641	3.49904e-02
0.75654	3.45670e-02
0.75666	3.41493e-02
0.75679	3.37396e-02
0.75692	3.33401e-02
0.75704	3.29527e-02
0.75717	3.25794e-02
0.75729	3.22217e-02
0.75741	3.18808e-02
0.75757	3.16095e-02
0.75772	3.13599e-02
0.75787	3.11322e-02
0.75801	3.09258e-02
0.75815	3.07398e-02
0.75827	3.05730e-02
0.75839	3.04241e-02
0.75850	3.02914e-02
0.75859	3.01736e-02
0.75868	3.00693e-02
0.75875	2.99788e-02
0.75886	2.99145e-02
0.75894	2.98569e-02
0.75900	2.98053e-02
0.75905	2.97589e-02
0.75908	2.97173e-02
0.75910	2.96801e-02
0.75910	2.96471e-02
0.75909	2.96183e-02
0.75907	2.95937e-02
0.75903	2.95732e-02
0.75899	2.95569e-02
0.75894	2.95448e-02
0.75897	2.93428e-02
0.75897	2.91894e-02
0.75895	2.90757e-02
0.75890	2.89940e-02
0.75885	2.89380e-02
0.75878	2.89022e-02
0.75870	2.88826e-02
0.75861	2.88757e-02
0.75851	2.88789e-02
0.75842	2.88908e-02
0.75842	2.89512e-02
0.75845	2.90318e-02
0.75849	2.91326e-02
0.75854	2.92522e-02
0.75859	2.93873e-02
0.75863	2.95334e-02
0.75867	2.96865e-02
0.75869	2.98429e-02
0.75870	3.00003e-02
0.75874	3.01225e-02
0.75877	3.02457e-02
0.75879	3.03698e-02
0.75880	3.04951e-02
0.75881	3.06222e-02
0.75881	3.07518e-02
0.75894	3.06053e-02
0.75903	3.05698e-02
0.75908	3.06044e-02
0.75911	3.06836e-02
0.75912	3.07925e-02
0.75914	3.09225e-02
0.75915	3.10688e-02
0.75916	3.12279e-02
0.75917	3.13982e-02
0.75918	3.15781e-02
0.75920	3.17670e-02
0.75922	3.19641e-02
0.75924	3.21689e-02
0.75927	3.23809e-02
0.75930	3.25996e-02
0.75933	3.28248e-02
0.75937	3.30559e-02
0.75941	3.32927e-02
0.75946	3.35355e-02
0.75952	3.37828e-02
0.75962	3.40340e-02
0.75971	3.42886e-02
0.75980	3.45465e-02
0.75990	3.48071e-02
0.75999	3.50701e-02
0.76009	3.53350e-02
0.76019	3.56014e-02
0.76029	3.58689e-02
0.76039	3.61371e-02
0.76050	3.64053e-02
0.76061	3.66733e-02
0.76072	3.69404e-02
0.76083	3.72062e-02
0.76095	3.74702e-02
0.76107	3.77319e-02
0.76129	3.78501e-02
0.76150	3.79811e-02
0.76171	3.81234e-02
0.76191	3.82758e-02
0.76210	3.84368e-02
0.76229	3.86048e-02
0.76246	3.87780e-02
0.76264	3.89546e-02
0.76280	3.91330e-02
0.76297	3.93116e-02
0.76312	3.94892e-02
0.76327	3.96646e-02
0.76342	3.98366e-02
0.76356	4.00044e-02
0.76376	4.01531e-02
0.76394	4.02985e-02
0.76411	4.04393e-02
0.76431	4.05587e-02
0.76449	4.06770e-02
0.76465	4.07915e-02
0.76479	4.09007e-02
0.76508	4.11425e-02
0.76533	4.13527e-02
0.76554	4.15312e-02
0.76573	4.16827e-02
0.76589	4.18065e-02
0.76603	4.19061e-02
0.76614	4.19850e-02
0.76624	4.20459e-02
0.76632	4.20912e-02
0.76638	4.21229e-02
0.76644	4.21426e-02
0.76649	4.21513e-02
0.76652	4.21501e-02
0.76663	4.21219e-02
0.76687	4.24294e-02
0.76708	4.26841e-02
0.76725	4.28886e-02
0.76739	4.30472e-02
0.76751	4.31656e-02
0.76760	4.32499e-02
0.76768	4.33056e-02
0.76773	4.33379e-02
0.76777	4.33500e-02
0.76780	4.33450e-02
0.76782	4.33258e-02
0.76784	4.33081e-02
0.76785	4.32768e-02
0.76784	4.32347e-02
0.76783	4.31840e-02
0.76782	4.31265e-02
0.76779	4.30637e-02
0.76777	4.29968e-02
0.76774	4.29270e-02
0.76774	4.28345e-02
0.76774	4.27413e-02
0.76774	4.26477e-02
0.76790	4.29521e-02
0.76806	4.32691e-02
0.76823	4.35880e-02
0.76839	4.38973e-02
0.76855	4.41868e-02
0.76869	4.44494e-02
0.76883	4.46818e-02
0.76896	4.48837e-02
0.76909	4.50571e-02
0.76926	4.51673e-02
0.76946	4.52391e-02
0.76968	4.52796e-02
0.76991	4.52988e-02
0.77016	4.53071e-02
0.77040	4.53132e-02
0.77064	4.53232e-02
0.77086	4.53403e-02
0.77108	4.53657e-02
0.77129	4.53997e-02
0.77149	4.54417e-02
0.77169	4.54912e-02
0.77188	4.55475e-02
0.77208	4.56101e-02
0.77228	4.56784e-02
0.77248	4.57521e-02
0.77268	4.58306e-02
0.77289	4.59137e-02
0.77311	4.60010e-02
0.77333	4.60921e-02
0.77356	4.61868e-02
0.77379	4.62848e-02
0.77404	4.63856e-02
0.77429	4.64891e-02
0.77455	4.65947e-02
0.77487	4.68350e-02
0.77518	4.70507e-02
0.77550	4.72502e-02
0.77596	4.73821e-02
0.77643	4.75006e-02
0.77693	4.76099e-02
0.77743	4.77144e-02
0.77794	4.78175e-02
0.77844	4.79211e-02
0.77893	4.80264e-02
0.77941	4.81332e-02
0.77987	4.82410e-02
0.78033	4.83488e-02
0.78078	4.84558e-02
0.78121	4.85613e-02
0.78165	4.86646e-02
0.78207	4.87650e-02
0.78250	4.88622e-02
0.78292	4.89556e-02
0.78333	4.90451e-02
0.78375	4.91303e-02
0.78416	4.92110e-02
0.78457	4.92870e-02
0.78498	4.93581e-02
0.78538	4.94241e-02
0.78578	4.94848e-02
0.78617	4.95403e-02
0.78656	4.95902e-02
0.78694	4.96345e-02
0.78732	4.96730e-02
0.78769	4.97057e-02
0.78805	4.97325e-02
0.78844	4.98389e-02
0.78882	4.99200e-02
0.78918	4.99814e-02
0.78952	5.00263e-02
0.78985	5.00570e-02
0.79017	5.00748e-02
0.79047	5.00811e-02
0.79075	5.00768e-02
0.79102	5.00625e-02
0.79127	5.00389e-02
0.79151	5.00063e-02
0.79175	4.99513e-02
0.79197	4.98904e-02
0.79217	4.98233e-02
0.79235	4.97499e-02
0.79251	4.96701e-02
0.79264	4.95837e-02
0.79277	4.94857e-02
0.79287	4.93819e-02
0.79299	4.92516e-02
0.79307	4.91208e-02
0.79313	4.89874e-02
0.79315	4.88505e-02
0.79322	4.87985e-02
0.79324	4.87232e-02
0.79324	4.86282e-02
0.79320	4.85162e-02
0.79313	4.83888e-02
0.79303	4.82476e-02
0.79291	4.80942e-02
0.79275	4.79299e-02
0.79257	4.77558e-02
0.79237	4.75726e-02
0.79213	4.73813e-02
0.79188	4.71802e-02
0.79160	4.69729e-02
0.79130	4.67596e-02
0.79097	4.65408e-02
0.79062	4.63171e-02
0.79024	4.60889e-02
0.78984	4.58568e-02
0.78942	4.56213e-02
0.78898	4.53830e-02
0.78852	4.51423e-02
0.78803	4.49000e-02
0.78753	4.46564e-02
0.78701	4.44124e-02
0.78647	4.41684e-02
0.78591	4.39251e-02
0.78534	4.36831e-02
0.78475	4.34431e-02
0.78414	4.32057e-02
0.78353	4.29716e-02
0.78289	4.27414e-02
0.78225	4.25158e-02
0.78159	4.22954e-02
0.78092	4.20808e-02
0.78025	4.18727e-02
0.77956	4.16716e-02
0.77887	4.14780e-02
0.77817	4.12925e-02
0.77747	4.11155e-02
0.77676	4.09475e-02
0.77605	4.07889e-02
0.77543	4.05350e-02
0.77480	4.02972e-02
0.77416	4.00909e-02
0.77351	3.99105e-02
0.77285	3.97522e-02
0.77219	3.96132e-02
0.77153	3.94914e-02
0.77088	3.93853e-02
0.77023	3.92935e-02
0.76959	3.92149e-02
0.76895	3.91485e-02
0.76833	3.90934e-02
0.76772	3.90488e-02
0.76712	3.90137e-02
0.76653	3.89873e-02
0.76596	3.89685e-02
0.76541	3.89566e-02
0.76487	3.89504e-02
0.76435	3.89489e-02
0.76386	3.89511e-02
0.76341	3.89518e-02
0.76298	3.89558e-02
0.76257	3.89614e-02
0.76218	3.89672e-02
0.76182	3.89719e-02
0.76147	3.89741e-02
0.76115	3.89728e-02
0.76086	3.89666e-02
0.76059	3.89544e-02
0.76035	3.89353e-02
0.76014	3.89080e-02
0.75995	3.88717e-02
0.75979	3.88254e-02
0.75966	3.87683e-02
0.75957	3.87019e-02
0.75950	3.86227e-02
0.75962	3.88765e-02
0.75979	3.91074e-02
0.75998	3.93147e-02
0.76020	3.94851e-02
0.76042	3.96098e-02
0.76066	3.96849e-02
0.76091	3.97102e-02
0.76117	3.96881e-02
0.76145	3.96227e-02
0.76175	3.95184e-02
0.76207	3.93796e-02
0.76244	3.91765e-02
0.76284	3.89389e-02
0.76348	3.86312e-02
0.76416	3.82921e-02
0.76487	3.79222e-02
0.76559	3.75172e-02
0.76643	3.69547e-02
0.76725	3.63723e-02
0.76807	3.57675e-02
0.76889	3.51459e-02
0.76971	3.45196e-02
0.77053	3.39033e-02
0.77149	3.32756e-02
0.77244	3.26971e-02
0.77337	3.21745e-02
0.77428	3.17090e-02
0.77516	3.12975e-02
0.77603	3.09348e-02
0.77688	3.06149e-02
0.77771	3.03322e-02
0.77852	3.00823e-02
0.77932	2.98619e-02
0.78011	2.96690e-02
0.78089	2.95021e-02
0.78167	2.93608e-02
0.78244	2.92449e-02
0.78321	2.91543e-02
0.78397	2.90892e-02
0.78472	2.90497e-02
0.78547	2.90359e-02
0.78622	2.90475e-02
0.78695	2.90843e-02
0.78768	2.91459e-02
0.78840	2.92317e-02
0.78912	2.93407e-02
0.78982	2.94721e-02
0.79055	2.96037e-02
0.79125	2.97582e-02
0.79194	2.99334e-02
0.79262	3.01273e-02
0.79328	3.03381e-02
0.79392	3.05640e-02
0.79454	3.08034e-02
0.79514	3.10545e-02
0.79573	3.13155e-02
0.79630	3.15850e-02
0.79684	3.18611e-02
0.79752	3.20405e-02
0.79817	3.22286e-02
0.79878	3.24278e-02
0.79936	3.26380e-02
0.79990	3.28573e-02
0.80040	3.30833e-02
0.80087	3.33128e-02
0.80130	3.35441e-02
0.80170	3.37750e-02
0.80207	3.40036e-02
0.80241	3.42286e-02
0.80271	3.44487e-02
0.80299	3.46628e-02
0.80331	3.48677e-02
0.80359	3.50684e-02
0.80383	3.52645e-02
0.80404	3.54561e-02
0.80423	3.56438e-02
0.80438	3.58288e-02
0.80452	3.60129e-02
0.80463	3.61984e-02
0.80473	3.63886e-02
0.80482	3.65870e-02
0.80490	3.67972e-02
0.80497	3.70221e-02
0.80503	3.72622e-02
0.80508	3.75168e-02
0.80511	3.77812e-02
0.80512	3.80481e-02
0.80511	3.83092e-02
0.80505	3.85571e-02
0.80496	3.87863e-02
0.80483	3.89939e-02
0.80466	3.91791e-02
0.80446	3.93431e-02
0.80423	3.94878e-02
0.80396	3.96156e-02
0.80367	3.97290e-02
0.80335	3.98304e-02
0.80301	3.99219e-02
0.80265	4.00040e-02
0.80227	4.00801e-02
0.80188	4.01512e-02
0.80150	4.02030e-02
0.80110	4.02529e-02
0.80069	4.03013e-02
0.80026	4.03484e-02
0.79982	4.03947e-02
0.79937	4.04405e-02
0.79891	4.04859e-02
0.79844	4.05311e-02
0.79796	4.05762e-02
0.79748	4.06212e-02
0.79701	4.06678e-02
0.79653	4.07136e-02
0.79605	4.07585e-02
0.79557	4.08026e-02
0.79508	4.08456e-02
0.79460	4.08873e-02
0.79412	4.09275e-02
0.79363	4.09660e-02
0.79316	4.10025e-02
0.79280	4.09449e-02
0.79244	4.08963e-02
0.79208	4.08561e-02
0.79180	4.09368e-02
0.79150	4.10045e-02
0.79119	4.10639e-02
0.79088	4.11168e-02
0.79056	4.11639e-02
0.79024	4.12056e-02
0.78993	4.12418e-02
0.78962	4.12723e-02
0.78931	4.12970e-02
0.78901	4.13156e-02
0.78871	4.13279e-02
0.78843	4.13337e-02
0.78815	4.13330e-02
0.78789	4.13255e-02
0.78763	4.13112e-02
0.78739	4.12902e-02
0.78716	4.12623e-02
0.78694	4.12278e-02
0.78673	4.11866e-02
0.78653	4.11390e-02
0.78635	4.10852e-02
0.78618	4.10254e-02
0.78603	4.09598e-02
0.78588	4.08888e-02
0.78575	4.08127e-02
0.78563	4.07319e-02
0.78552	4.06469e-02
0.78543	4.05579e-02
0.78534	4.04656e-02
0.78527	4.03704e-02
0.78521	4.02727e-02
0.78517	4.01803e-02
0.78516	4.00649e-02
0.78515	3.99515e-02
0.78515	3.98398e-02
0.78516	3.97300e-02
0.78517	3.96224e-02
0.78519	3.95170e-02
0.78526	3.94145e-02
0.78535	3.93160e-02
0.78545	3.92208e-02
0.78561	3.90959e-02
0.78578	3.89780e-02
0.78597	3.88649e-02
0.78618	3.87557e-02
0.78641	3.86504e-02
0.78666	3.85500e-02
0.78693	3.84559e-02
0.78725	3.83918e-02
0.78758	3.83307e-02
0.78790	3.82756e-02
0.78822	3.82280e-02
0.78853	3.81884e-02
0.78882	3.81564e-02
0.78909	3.81311e-02
0.78935	3.81112e-02
0.78958	3.80957e-02
0.78980	3.80838e-02
0.79000	3.80749e-02
0.79018	3.80685e-02
0.79035	3.80643e-02
0.79050	3.80622e-02
0.79065	3.80618e-02
0.79079	3.80629e-02
0.79092	3.80653e-02
0.79104	3.80685e-02
0.79116	3.80722e-02
0.79127	3.80760e-02
0.79137	3.80796e-02
0.79148	3.80823e-02
0.79157	3.80839e-02
0.79167	3.80838e-02
0.79175	3.80815e-02
0.79184	3.80766e-02
0.79192	3.80687e-02
0.79207	3.80504e-02
0.79221	3.80318e-02
0.79233	3.80113e-02
0.79245	3.79879e-02
0.79255	3.79606e-02
0.79265	3.79289e-02
0.79274	3.78923e-02
0.79282	3.78503e-02
0.79290	3.78027e-02
0.79298	3.77493e-02
0.79305	3.76901e-02
0.79313	3.76249e-02
0.79320	3.75540e-02
0.79327	3.74767e-02
0.79334	3.73940e-02
0.79341	3.73061e-02
0.79347	3.72131e-02
0.79354	3.71153e-02
0.79361	3.70131e-02
0.79369	3.69067e-02
0.79376	3.67965e-02
0.79383	3.66830e-02
0.79391	3.65666e-02
0.79399	3.64476e-02
0.79407	3.63266e-02
0.79416	3.62040e-02
0.79425	3.60802e-02
0.79434	3.59558e-02
0.79454	3.60143e-02
0.79473	3.60384e-02
0.79490	3.60358e-02
0.79507	3.60121e-02
0.79523	3.59725e-02
0.79538	3.59208e-02
0.79554	3.58605e-02
0.79570	3.57940e-02
0.79586	3.57233e-02
0.79602	3.56500e-02
0.79619	3.55754e-02
0.79636	3.55003e-02
0.79654	3.54256e-02
0.79672	3.53517e-02
0.79691	3.52790e-02
0.79711	3.52080e-02
0.79731	3.51388e-02
0.79752	3.50715e-02
0.79773	3.50062e-02
0.79795	3.49429e-02
0.79820	3.48743e-02
0.79844	3.48085e-02
0.79870	3.47452e-02
0.79896	3.46841e-02
0.79922	3.46249e-02
0.79949	3.45675e-02
0.79976	3.45116e-02
0.80003	3.44572e-02
0.80031	3.44041e-02
0.80060	3.43521e-02
0.80088	3.43010e-02
0.80135	3.41728e-02
0.80182	3.40481e-02
0.80228	3.39291e-02
0.80274	3.38174e-02
0.80322	3.37401e-02
0.80367	3.36564e-02
0.80409	3.35710e-02
0.80460	3.35100e-02
0.80506	3.34487e-02
0.80548	3.33835e-02
0.80588	3.33125e-02
0.80625	3.32354e-02
0.80662	3.31524e-02
0.80699	3.30646e-02
0.80747	3.29105e-02
0.80795	3.27715e-02
0.80842	3.26478e-02
0.80889	3.25402e-02
0.80936	3.24493e-02
0.80981	3.23748e-02
0.81024	3.23148e-02
0.81065	3.22666e-02
0.81102	3.22270e-02
0.81137	3.21938e-02
0.81168	3.21651e-02
0.81197	3.21400e-02
0.81223	3.21182e-02
0.81247	3.20996e-02
0.81269	3.20847e-02
0.81288	3.20737e-02
0.81306	3.20672e-02
0.81321	3.20656e-02
0.81335	3.20693e-02
0.81347	3.20787e-02
0.81356	3.20941e-02
0.81364	3.21159e-02
0.81370	3.21443e-02
0.81374	3.21796e-02
0.81377	3.22220e-02
0.81377	3.22717e-02
0.81375	3.23288e-02
0.81389	3.22668e-02
0.81400	3.22379e-02
0.81408	3.22422e-02
0.81416	3.22564e-02
0.81420	3.23056e-02
0.81421	3.23862e-02
0.81418	3.24946e-02
0.81417	3.26879e-02
0.81411	3.28874e-02
0.81402	3.30956e-02
0.81389	3.33133e-02
0.81373	3.35410e-02
0.81354	3.37787e-02
0.81335	3.39976e-02
0.81314	3.42268e-02
0.81291	3.44655e-02
0.81265	3.47131e-02
0.81237	3.49689e-02
0.81208	3.52322e-02
0.81176	3.55024e-02
0.81142	3.57789e-02
0.81107	3.60611e-02
0.81070	3.63483e-02
0.81032	3.66399e-02
0.80993	3.69354e-02
0.80952	3.72341e-02
0.80910	3.75353e-02
0.80866	3.78386e-02
0.80822	3.81432e-02
0.80777	3.84486e-02
0.80731	3.87540e-02
0.80684	3.90589e-02
0.80637	3.93626e-02
0.80589	3.96645e-02
0.80540	3.99639e-02
0.80492	4.02603e-02
0.80442	4.05530e-02
0.80393	4.08414e-02
0.80343	4.11248e-02
0.80294	4.14027e-02
0.80244	4.16746e-02
0.80195	4.19398e-02
0.80146	4.21979e-02
0.80097	4.24483e-02
0.80049	4.26905e-02
0.80001	4.29241e-02
0.79954	4.31487e-02
0.79908	4.33638e-02
0.79862	4.35692e-02
0.79817	4.37644e-02
0.79773	4.39493e-02
0.79731	4.41236e-02
0.79689	4.42871e-02
0.79649	4.44397e-02
0.79610	4.45813e-02
0.79572	4.47117e-02
0.79536	4.48311e-02
0.79501	4.49395e-02
0.79468	4.50370e-02
0.79441	4.50880e-02
0.79414	4.51398e-02
0.79389	4.51878e-02
0.79364	4.52298e-02
0.79364	4.50104e-02
0.79361	4.48441e-02
0.79356	4.47152e-02
0.79351	4.46126e-02
0.79345	4.45293e-02
0.79339	4.44596e-02
0.79334	4.43994e-02
0.79330	4.43460e-02
0.79327	4.42974e-02
0.79325	4.42526e-02
0.79326	4.42118e-02
0.79328	4.41734e-02
0.79332	4.41377e-02
0.79338	4.41048e-02
0.79346	4.40752e-02
0.79355	4.40493e-02
0.79367	4.40277e-02
0.79397	4.38760e-02
0.79430	4.37358e-02
0.79463	4.36102e-02
0.79498	4.35023e-02
0.79534	4.34140e-02
0.79570	4.33461e-02
0.79606	4.32984e-02
0.79643	4.32702e-02
0.79680	4.32607e-02
0.79718	4.32688e-02
0.79757	4.32937e-02
0.79797	4.33344e-02
0.79837	4.33904e-02
0.79878	4.34609e-02
0.79920	4.35452e-02
0.79963	4.36429e-02
0.80006	4.37533e-02
0.80051	4.38759e-02
0.80096	4.40100e-02
0.80141	4.41549e-02
0.80196	4.42830e-02
0.80249	4.44210e-02
0.80302	4.45679e-02
0.80355	4.47239e-02
0.80407	4.48870e-02
0.80459	4.50562e-02
0.80511	4.52307e-02
0.80563	4.54104e-02
0.80614	4.55927e-02
0.80665	4.57767e-02
0.80715	4.59615e-02
0.80764	4.61461e-02
0.80813	4.63294e-02
0.80863	4.65081e-02
0.80911	4.66842e-02
0.80958	4.68562e-02
0.81005	4.70228e-02
0.81050	4.71829e-02
0.81094	4.73353e-02
0.81138	4.74790e-02
0.81180	4.76131e-02
0.81221	4.77367e-02
0.81261	4.78490e-02
0.81299	4.79491e-02
0.81337	4.80363e-02
0.81372	4.81101e-02
0.81407	4.81698e-02
0.81440	4.82150e-02
0.81479	4.84583e-02
0.81515	4.86217e-02
0.81559	4.87035e-02
0.81596	4.87376e-02
0.81629	4.87319e-02
0.81656	4.86925e-02
0.81680	4.86244e-02
0.81701	4.85315e-02
0.81718	4.84168e-02
0.81733	4.82825e-02
0.81745	4.81307e-02
0.81756	4.79626e-02
0.81764	4.77796e-02
0.81771	4.75828e-02
0.81776	4.73731e-02
0.81779	4.71515e-02
0.81781	4.69189e-02
0.81781	4.66762e-02
0.81780	4.64243e-02
0.81777	4.61642e-02
0.81794	4.58717e-02
0.81812	4.55814e-02
0.81828	4.52978e-02
0.81842	4.50227e-02
0.81853	4.47550e-02
0.81859	4.44923e-02
0.81861	4.42326e-02
0.81859	4.39747e-02
0.81854	4.37187e-02
0.81853	4.33667e-02
0.81849	4.30442e-02
0.81841	4.27452e-02
0.81831	4.24665e-02
0.81819	4.22057e-02
0.81805	4.19616e-02
0.81790	4.17336e-02
0.81774	4.15212e-02
0.81756	4.13244e-02
0.81762	4.10966e-02
0.81766	4.08913e-02
0.81765	4.07085e-02
0.81761	4.05463e-02
0.81769	4.02373e-02
0.81774	3.99443e-02
0.81777	3.96752e-02
0.81778	3.94368e-02
0.81775	3.92327e-02
0.81771	3.90636e-02
0.81765	3.89285e-02
0.81757	3.88244e-02
0.81748	3.87485e-02
0.81737	3.86979e-02
0.81726	3.86698e-02
0.81714	3.86617e-02
0.81702	3.86712e-02
0.81690	3.86961e-02
0.81678	3.87346e-02
0.81666	3.87847e-02
0.81654	3.88447e-02
0.81642	3.89131e-02
0.81632	3.89883e-02
0.81621	3.90688e-02
0.81611	3.91532e-02
0.81602	3.92403e-02
0.81594	3.93288e-02
0.81586	3.94175e-02
0.81580	3.95052e-02
0.81574	3.95910e-02
0.81569	3.96739e-02
0.81564	3.97529e-02
0.81561	3.98273e-02
0.81559	3.98963e-02
0.81573	4.01923e-02
0.81586	4.04680e-02
0.81599	4.07155e-02
0.81611	4.09300e-02
0.81622	4.11119e-02
0.81633	4.12627e-02
0.81643	4.13850e-02
0.81652	4.14814e-02
0.81662	4.15543e-02
0.81672	4.16061e-02
0.81682	4.16386e-02
0.81692	4.16534e-02
0.81702	4.16520e-02
0.81723	4.15735e-02
0.81743	4.14872e-02
0.81763	4.13942e-02
0.81782	4.12956e-02
0.81800	4.11919e-02
0.81818	4.10836e-02
0.81836	4.09710e-02
0.81853	4.08540e-02
0.81869	4.07330e-02
0.81885	4.06080e-02
0.81901	4.04792e-02
0.81916	4.03469e-02
0.81930	4.02114e-02
0.81945	4.00729e-02
0.81958	3.99319e-02
0.81985	4.00281e-02
0.82009	4.00865e-02
0.82031	4.01109e-02
0.82050	4.01056e-02
0.82067	4.00756e-02
0.82082	4.00258e-02
0.82097	3.99538e-02
0.82110	3.98718e-02
0.82121	3.97822e-02
0.82131	3.96868e-02
0.82139	3.95875e-02
0.82147	3.94853e-02
0.82153	3.93813e-02
0.82158	3.92763e-02
0.82162	3.91707e-02
0.82164	3.90651e-02
0.82166	3.89597e-02
0.82166	3.88546e-02
0.82165	3.87501e-02
0.82162	3.86460e-02
0.82160	3.85516e-02
0.82156	3.84550e-02
0.82150	3.83570e-02
0.82143	3.82579e-02
0.82135	3.81576e-02
0.82125	3.80563e-02
0.82114	3.79538e-02
0.82101	3.78500e-02
0.82087	3.77447e-02
0.82075	3.76338e-02
0.82063	3.75184e-02
0.82051	3.73974e-02
0.82041	3.72704e-02
0.82031	3.71371e-02
0.82023	3.69982e-02
0.82015	3.68547e-02
0.82006	3.67074e-02
0.81996	3.65565e-02
0.81984	3.63924e-02
0.81969	3.62245e-02
0.81952	3.60519e-02
0.81932	3.58741e-02
0.81909	3.56910e-02
0.81885	3.55027e-02
0.81858	3.53039e-02
0.81830	3.51021e-02
0.81800	3.48973e-02
0.81769	3.46894e-02
0.81736	3.44788e-02
0.81703	3.42658e-02
0.81669	3.40509e-02
0.81634	3.38344e-02
0.81599	3.36168e-02
0.81564	3.33987e-02
0.81528	3.31807e-02
0.81491	3.29632e-02
0.81470	3.26434e-02
0.81445	3.23518e-02
0.81418	3.20877e-02
0.81388	3.18480e-02
0.81355	3.16289e-02
0.81322	3.14269e-02
0.81287	3.12394e-02
0.81251	3.10642e-02
0.81216	3.09002e-02
0.81180	3.07465e-02
0.81145	3.06026e-02
0.81111	3.04685e-02
0.81077	3.03443e-02
0.81045	3.02301e-02
0.81013	3.01262e-02
0.80983	3.00332e-02
0.80964	2.99758e-02
0.80945	2.99298e-02
0.80925	2.98951e-02
0.80910	2.98219e-02
0.80896	2.97610e-02
0.80882	2.97129e-02
0.80870	2.96775e-02
0.80858	2.96564e-02
0.80848	2.96501e-02
0.80839	2.96590e-02
0.80832	2.96836e-02
0.80826	2.97241e-02
0.80822	2.97807e-02
0.80822	2.98388e-02
0.80824	2.99146e-02
0.80827	3.00076e-02
0.80832	3.01176e-02
0.80838	3.02440e-02
0.80846	3.03868e-02
0.80856	3.05455e-02
0.80867	3.07197e-02
0.80880	3.09089e-02
0.80895	3.11128e-02
0.80911	3.13308e-02
0.80929	3.15624e-02
0.80949	3.18071e-02
0.80970	3.20643e-02
0.80994	3.23257e-02
0.81019	3.26028e-02
0.81046	3.28908e-02
0.81074	3.31890e-02
0.81103	3.34969e-02
0.81143	3.37665e-02
0.81182	3.40532e-02
0.81222	3.43572e-02
0.81262	3.46720e-02
0.81303	3.49965e-02
0.81344	3.53297e-02
0.81386	3.56704e-02
0.81429	3.60179e-02
0.81471	3.63712e-02
0.81515	3.67297e-02
0.81559	3.70926e-02
0.81609	3.73579e-02
0.81661	3.76008e-02
0.81714	3.78264e-02
0.81769	3.80408e-02
0.81824	3.82498e-02
0.81896	3.87810e-02
0.81963	3.92425e-02
0.82028	3.96483e-02
0.82089	4.00142e-02
0.82148	4.03539e-02
0.82205	4.06773e-02
0.82260	4.09914e-02
0.82314	4.13003e-02
0.82366	4.16067e-02
0.82428	4.18715e-02
0.82487	4.21414e-02
0.82544	4.24154e-02
0.82598	4.26929e-02
0.82650	4.29732e-02
0.82699	4.32556e-02
0.82746	4.35394e-02
0.82791	4.38239e-02
0.82834	4.41086e-02
0.82875	4.43928e-02
0.82913	4.46760e-02
0.82950	4.49578e-02
0.82984	4.52378e-02
0.83017	4.55154e-02
0.83047	4.57903e-02
0.83076	4.60623e-02
0.83102	4.63309e-02
0.83127	4.65958e-02
0.83149	4.68568e-02
0.83170	4.71136e-02
0.83198	4.73309e-02
0.83223	4.75480e-02
0.83245	4.77640e-02
0.83264	4.79784e-02
0.83280	4.81905e-02
0.83294	4.83997e-02
0.83304	4.86053e-02
0.83313	4.88099e-02
0.83319	4.90098e-02
0.83323	4.92044e-02
0.83324	4.93935e-02
0.83324	4.95764e-02
0.83321	4.97529e-02
0.83316	4.99225e-02
0.83309	5.00848e-02
0.83301	5.02396e-02
0.83290	5.03865e-02
0.83278	5.05252e-02
0.83280	5.06144e-02
0.83292	5.06742e-02
0.83300	5.07345e-02
0.83305	5.07948e-02
0.83307	5.08542e-02
0.83316	5.09739e-02
0.83319	5.10717e-02
0.83316	5.11492e-02
0.83310	5.12084e-02
0.83299	5.12513e-02
0.83285	5.12796e-02
0.83272	5.12589e-02
0.83257	5.12247e-02
0.83241	5.11772e-02
0.83223	5.11170e-02
0.83205	5.10446e-02
0.83185	5.09606e-02
0.83165	5.08650e-02
0.83145	5.07580e-02
0.83125	5.06396e-02
0.83106	5.05075e-02
0.83088	5.03644e-02
0.83069	5.02102e-02
0.83051	5.00447e-02
0.83033	4.98678e-02
0.83015	4.96797e-02
0.82998	4.94804e-02
0.82982	4.92702e-02
0.82967	4.90496e-02
0.82953	4.88190e-02
0.82940	4.85788e-02
0.82940	4.83240e-02
0.82938	4.80647e-02
0.82937	4.78074e-02
0.82935	4.75428e-02
0.82933	4.72719e-02
0.82931	4.69955e-02
0.82930	4.67147e-02
0.82930	4.64302e-02
0.82936	4.60561e-02
0.82943	4.56960e-02
0.82950	4.53473e-02
0.82957	4.50087e-02
0.82965	4.46792e-02
0.82974	4.43583e-02
0.82983	4.40456e-02
0.82994	4.37407e-02
0.83005	4.34435e-02
0.83019	4.31484e-02
0.83034	4.28631e-02
0.83050	4.25872e-02
0.83067	4.23206e-02
0.83085	4.20633e-02
0.83105	4.18244e-02
0.83127	4.15939e-02
0.83150	4.13724e-02
0.83175	4.11605e-02
0.83200	4.09586e-02
0.83227	4.07668e-02
0.83255	4.05852e-02
0.83284	4.04141e-02
0.83314	4.02535e-02
0.83346	4.01032e-02
0.83379	3.99634e-02
0.83412	3.98338e-02
0.83447	3.97142e-02
0.83483	3.96044e-02
0.83520	3.95041e-02
0.83561	3.93809e-02
0.83602	3.92759e-02
0.83643	3.91844e-02
0.83685	3.91040e-02
0.83726	3.90330e-02
0.83768	3.89702e-02
0.83811	3.89146e-02
0.83854	3.88652e-02
0.83897	3.88213e-02
0.83940	3.87819e-02
0.83983	3.87465e-02
0.84027	3.87112e-02
0.84071	3.86788e-02
0.84115	3.86484e-02
0.84158	3.86192e-02
0.84202	3.85907e-02
0.84245	3.85622e-02
0.84287	3.85332e-02
0.84330	3.85032e-02
0.84372	3.84720e-02
0.84414	3.84420e-02
0.84465	3.85542e-02
0.84515	3.86499e-02
0.84563	3.87285e-02
0.84610	3.87898e-02
0.84654	3.88340e-02
0.84697	3.88621e-02
0.84737	3.88758e-02
0.84776	3.88767e-02
0.84813	3.88668e-02
0.84848	3.88480e-02
0.84882	3.88221e-02
0.84915	3.87782e-02
0.84946	3.87331e-02
0.84975	3.86878e-02
0.85002	3.86434e-02
0.85028	3.86013e-02
0.85058	3.84823e-02
0.85088	3.83441e-02
0.85119	3.81891e-02
0.85151	3.80228e-02
0.85183	3.78540e-02
0.85214	3.76943e-02
0.85245	3.75577e-02
0.85275	3.74574e-02
0.85301	3.74038e-02
0.85324	3.74025e-02
0.85342	3.74543e-02
0.85357	3.75567e-02
0.85367	3.77048e-02
0.85374	3.78936e-02
0.85377	3.81184e-02
0.85378	3.83752e-02
0.85375	3.86609e-02
0.85371	3.89732e-02
0.85364	3.93101e-02
0.85355	3.96700e-02
0.85344	4.00518e-02
0.85331	4.04540e-02
0.85317	4.08755e-02
0.85302	4.13151e-02
0.85285	4.17716e-02
0.85266	4.22436e-02
0.85248	4.27308e-02
0.85230	4.32131e-02
0.85225	4.39837e-02
0.85216	4.47172e-02
0.85203	4.54039e-02
0.85186	4.60421e-02
0.85165	4.66361e-02
0.85141	4.71932e-02
0.85139	4.76783e-02
0.85132	4.81537e-02
0.85119	4.86227e-02
0.85100	4.90847e-02
0.85075	4.95380e-02
0.85046	4.99818e-02
0.85014	5.04155e-02
0.84979	5.08387e-02
0.84944	5.12509e-02
0.84910	5.16252e-02
0.84874	5.19957e-02
0.84838	5.23589e-02
0.84804	5.26909e-02
0.84770	5.30147e-02
0.84746	5.34401e-02
0.84725	5.38883e-02
0.84708	5.43568e-02
0.84693	5.48344e-02
0.84680	5.53027e-02
0.84666	5.57418e-02
0.84651	5.61356e-02
0.84634	5.64760e-02
0.84615	5.67614e-02
0.84595	5.69943e-02
0.84576	5.71687e-02
0.84555	5.73030e-02
0.84534	5.74000e-02
0.84512	5.74623e-02
0.84491	5.74922e-02
0.84470	5.74912e-02
0.84450	5.74610e-02
0.84431	5.74024e-02
0.84413	5.73166e-02
0.84395	5.72045e-02
0.84379	5.70669e-02
0.84363	5.69046e-02
0.84349	5.67185e-02
0.84336	5.65094e-02
0.84324	5.62783e-02
0.84312	5.60261e-02
0.84303	5.57538e-02
0.84294	5.54624e-02
0.84286	5.51530e-02
0.84280	5.48267e-02
0.84274	5.44847e-02
0.84270	5.41282e-02
0.84266	5.37584e-02
0.84264	5.33766e-02
0.84263	5.29842e-02
0.84279	5.24470e-02
0.84298	5.19098e-02
0.84315	5.13721e-02
0.84332	5.08394e-02
0.84347	5.03147e-02
0.84362	4.97993e-02
0.84376	4.92936e-02
0.84389	4.87976e-02
0.84401	4.83113e-02
0.84413	4.78349e-02
0.84425	4.73688e-02
0.84437	4.69135e-02
0.84449	4.64697e-02
0.84460	4.60380e-02
0.84472	4.56194e-02
0.84484	4.52146e-02
0.84496	4.48246e-02
0.84508	4.44545e-02
0.84521	4.40993e-02
0.84533	4.37603e-02
0.84545	4.34383e-02
0.84557	4.31342e-02
0.84569	4.28486e-02
0.84581	4.25822e-02
0.84593	4.23354e-02
0.84605	4.21085e-02
0.84616	4.19017e-02
0.84627	4.17152e-02
0.84638	4.15489e-02
0.84649	4.14029e-02
0.84659	4.12767e-02
0.84669	4.11703e-02
0.84678	4.10831e-02
0.84688	4.10116e-02
0.84696	4.09592e-02
0.84704	4.09250e-02
0.84712	4.09083e-02
0.84719	4.09082e-02
0.84725	4.09238e-02
0.84731	4.09543e-02
0.84736	4.09988e-02
0.84741	4.10563e-02
0.84745	4.11259e-02
0.84765	4.12337e-02
0.84782	4.13644e-02
0.84809	4.16871e-02
0.84830	4.19884e-02
0.84847	4.22697e-02
0.84860	4.25333e-02
0.84870	4.27823e-02
0.84877	4.30195e-02
0.84881	4.32471e-02
0.84884	4.34675e-02
0.84885	4.36823e-02
0.84884	4.38924e-02
0.84883	4.40985e-02
0.84880	4.43011e-02
0.84876	4.45003e-02
0.84871	4.46964e-02
0.84866	4.48892e-02
0.84869	4.50772e-02
0.84872	4.52562e-02
0.84878	4.54248e-02
0.84884	4.55819e-02
0.84891	4.57263e-02
0.84908	4.60030e-02
0.84926	4.62890e-02
0.84944	4.65859e-02
0.84962	4.68919e-02
0.84980	4.72028e-02
0.84997	4.75119e-02
0.85012	4.78108e-02
0.85025	4.80910e-02
0.85036	4.83452e-02
0.85045	4.85681e-02
0.85052	4.87572e-02
0.85057	4.89118e-02
0.85060	4.90332e-02
0.85062	4.91237e-02
0.85063	4.91857e-02
0.85062	4.92221e-02
0.85062	4.92354e-02
0.85061	4.92278e-02
0.85059	4.92012e-02
0.85058	4.91573e-02
0.85058	4.90951e-02
0.85058	4.90183e-02
0.85058	4.89279e-02
0.85059	4.88244e-02
0.85060	4.87084e-02
0.85061	4.85804e-02
0.85063	4.84408e-02
0.85066	4.82901e-02
0.85070	4.81287e-02
0.85075	4.79567e-02
0.85080	4.77747e-02
0.85086	4.75829e-02
0.85093	4.73817e-02
0.85101	4.71714e-02
0.85110	4.69523e-02
0.85123	4.67278e-02
0.85143	4.64913e-02
0.85165	4.62489e-02
0.85190	4.60021e-02
0.85216	4.57528e-02
0.85245	4.55028e-02
0.85275	4.52536e-02
0.85306	4.50058e-02
0.85338	4.47594e-02
0.85370	4.45137e-02
0.85401	4.42675e-02
0.85432	4.40196e-02
0.85463	4.37690e-02
0.85493	4.35148e-02
0.85522	4.32568e-02
0.85551	4.29946e-02
0.85580	4.27260e-02
0.85608	4.24535e-02
0.85637	4.21771e-02
0.85665	4.18971e-02
0.85694	4.16138e-02
0.85722	4.13278e-02
0.85751	4.10393e-02
0.85780	4.07492e-02
0.85810	4.04580e-02
0.85840	4.01671e-02
0.85871	3.98778e-02
0.85903	3.95921e-02
0.85936	3.93127e-02
0.85971	3.90429e-02
0.86008	3.87863e-02
0.86047	3.85464e-02
0.86088	3.83256e-02
0.86132	3.81267e-02
0.86176	3.79419e-02
0.86219	3.77648e-02
0.86262	3.75866e-02
0.86302	3.73989e-02
0.86339	3.71957e-02
0.86374	3.69738e-02
0.86408	3.67347e-02
0.86439	3.64799e-02
0.86468	3.62145e-02
0.86497	3.59445e-02
0.86533	3.56220e-02
0.86566	3.53313e-02
0.86599	3.50753e-02
0.86631	3.48581e-02
0.86665	3.46828e-02
0.86698	3.45481e-02
0.86732	3.44466e-02
0.86765	3.43640e-02
0.86797	3.42757e-02
0.86827	3.41726e-02
0.86852	3.40407e-02
0.86875	3.38731e-02
0.86893	3.36692e-02
0.86909	3.34330e-02
0.86921	3.31709e-02
0.86931	3.28901e-02
0.86944	3.25350e-02
0.86953	3.21958e-02
0.86960	3.18708e-02
0.86965	3.15609e-02
0.86968	3.12675e-02
0.86974	3.10239e-02
0.86978	3.07955e-02
0.86979	3.05859e-02
0.86978	3.03978e-02
0.86976	3.02334e-02
0.86972	3.00948e-02
0.86967	2.99836e-02
0.86961	2.99011e-02
0.86953	2.98484e-02
0.86945	2.98264e-02
0.86936	2.98355e-02
0.86925	2.98760e-02
0.86914	2.99480e-02
0.86902	3.00513e-02
0.86889	3.01853e-02
0.86876	3.03495e-02
0.86861	3.05429e-02
0.86846	3.07644e-02
0.86831	3.10127e-02
0.86815	3.12864e-02
0.86798	3.15837e-02
0.86780	3.19029e-02
0.86763	3.22423e-02
0.86744	3.25997e-02
0.86726	3.29733e-02
0.86707	3.33610e-02
0.86687	3.37606e-02
0.86668	3.41702e-02
0.86648	3.45875e-02
0.86628	3.50105e-02
0.86608	3.54372e-02
0.86587	3.58655e-02
0.86567	3.62934e-02
0.86547	3.67191e-02
0.86526	3.71406e-02
0.86506	3.75562e-02
0.86487	3.79654e-02
0.86468	3.83647e-02
0.86449	3.87528e-02
0.86430	3.91282e-02
0.86411	3.94895e-02
0.86392	3.98355e-02
0.86374	4.01650e-02
0.86365	4.04650e-02
0.86354	4.07506e-02
0.86343	4.10191e-02
0.86331	4.12689e-02
0.86319	4.14984e-02
0.86307	4.17065e-02
0.86295	4.18921e-02
0.86283	4.20546e-02
0.86273	4.22196e-02
0.86278	4.22745e-02
0.86285	4.22939e-02
0.86293	4.22880e-02
0.86301	4.22660e-02
0.86306	4.22328e-02
0.86309	4.21897e-02
0.86308	4.21353e-02
0.86305	4.20675e-02
0.86300	4.19840e-02
0.86293	4.18832e-02
0.86285	4.17638e-02
0.86277	4.16252e-02
0.86268	4.14670e-02
0.86259	4.12893e-02
0.86251	4.10922e-02
0.86242	4.08761e-02
0.86235	4.06380e-02
0.86228	4.03828e-02
0.86221	4.01113e-02
0.86215	3.98242e-02
0.86209	3.95226e-02
0.86204	3.92076e-02
0.86199	3.88806e-02
0.86195	3.85428e-02
0.86191	3.81955e-02
0.86188	3.78403e-02
0.86185	3.74762e-02
0.86191	3.70006e-02
0.86195	3.65419e-02
0.86198	3.60983e-02
0.86201	3.56686e-02
0.86203	3.52521e-02
0.86204	3.48483e-02
0.86221	3.45082e-02
0.86237	3.41855e-02
0.86251	3.38753e-02
0.86262	3.35729e-02
0.86271	3.32757e-02
0.86276	3.29833e-02
0.86279	3.26969e-02
0.86280	3.24187e-02
0.86284	3.21561e-02
0.86284	3.19060e-02
0.86292	3.15908e-02
0.86296	3.13077e-02
0.86297	3.10535e-02
0.86295	3.08269e-02
0.86292	3.06269e-02
0.86288	3.04587e-02
0.86283	3.03139e-02
0.86276	3.01924e-02
0.86267	3.00939e-02
0.86258	3.00183e-02
0.86248	2.99654e-02
0.86236	2.99347e-02
0.86225	2.99295e-02
0.86215	2.99471e-02
0.86204	2.99875e-02
0.86193	3.00509e-02
0.86183	3.01377e-02
0.86174	3.02487e-02
0.86166	3.03847e-02
0.86159	3.05469e-02
0.86154	3.07361e-02
0.86150	3.09521e-02
0.86146	3.11930e-02
0.86143	3.14552e-02
0.86138	3.17335e-02
0.86133	3.20221e-02
0.86126	3.23163e-02
0.86118	3.26124e-02
0.86108	3.29084e-02
0.86098	3.32039e-02
0.86086	3.34991e-02
0.86074	3.37948e-02
0.86062	3.40917e-02
0.86048	3.43905e-02
0.86034	3.46911e-02
0.86019	3.49932e-02
0.86003	3.52962e-02
0.85986	3.55991e-02
0.85968	3.59012e-02
0.85948	3.61988e-02
0.85928	3.64953e-02
0.85912	3.68444e-02
0.85894	3.71773e-02
0.85874	3.74992e-02
0.85854	3.78142e-02
0.85834	3.81261e-02
0.85814	3.84385e-02
0.85794	3.87554e-02
0.85776	3.90813e-02
0.85759	3.94203e-02
0.85744	3.97766e-02
0.85732	4.01524e-02
0.85722	4.05478e-02
0.85714	4.09597e-02
0.85707	4.13815e-02
0.85702	4.18046e-02
0.85698	4.22195e-02
0.85698	4.26683e-02
0.85709	4.30150e-02
0.85716	4.33442e-02
0.85720	4.36537e-02
0.85721	4.39417e-02
0.85720	4.42073e-02
0.85719	4.44505e-02
0.85716	4.46716e-02
0.85714	4.48712e-02
0.85712	4.50503e-02
0.85710	4.52096e-02
0.85709	4.53499e-02
0.85708	4.54720e-02
0.85709	4.55766e-02
0.85711	4.56641e-02
0.85715	4.57352e-02
0.85734	4.57189e-02
0.85756	4.56877e-02
0.85780	4.56457e-02
0.85805	4.55962e-02
0.85831	4.55411e-02
0.85856	4.54808e-02
0.85882	4.54147e-02
0.85916	4.54683e-02
0.85948	4.54854e-02
0.85979	4.54708e-02
0.86009	4.54287e-02
0.86040	4.53577e-02
0.86070	4.52675e-02
0.86100	4.51604e-02
0.86131	4.50384e-02
0.86162	4.49031e-02
0.86194	4.47561e-02
0.86221	4.46430e-02
0.86249	4.45231e-02
0.86277	4.43973e-02
0.86306	4.42664e-02
0.86337	4.41313e-02
0.86368	4.39928e-02
0.86400	4.38518e-02
0.86433	4.37091e-02
0.86466	4.35656e-02
0.86500	4.34222e-02
0.86536	4.32707e-02
0.86572	4.31238e-02
0.86609	4.29811e-02
0.86646	4.28428e-02
0.86683	4.27094e-02
0.86731	4.27355e-02
0.86776	4.27369e-02
0.86820	4.27222e-02
0.86863	4.26976e-02
0.86913	4.26440e-02
0.86960	4.25938e-02
0.87005	4.25475e-02
0.87063	4.24732e-02
0.87120	4.24016e-02
0.87177	4.23337e-02
0.87234	4.22708e-02
0.87291	4.22134e-02
0.87346	4.21616e-02
0.87399	4.21146e-02
0.87451	4.20710e-02
0.87500	4.20291e-02
0.87547	4.19868e-02
0.87592	4.19426e-02
0.87635	4.18951e-02
0.87676	4.18433e-02
0.87714	4.17868e-02
0.87751	4.17256e-02
0.87786	4.16604e-02
0.87818	4.15918e-02
0.87849	4.15209e-02
0.87878	4.14490e-02
0.87904	4.13770e-02
0.87928	4.13057e-02
0.87950	4.12357e-02
0.87970	4.11671e-02
0.87987	4.10994e-02
0.88002	4.10319e-02
0.88015	4.09632e-02
0.88025	4.08916e-02
0.88040	4.08780e-02
0.88053	4.08482e-02
0.88066	4.08138e-02
0.88075	4.07569e-02
0.88082	4.06767e-02
0.88087	4.05725e-02
0.88090	4.04435e-02
0.88091	4.02903e-02
0.88091	4.01147e-02
0.88089	3.99207e-02
0.88085	3.97141e-02
0.88079	3.95029e-02
0.88071	3.92963e-02
0.88059	3.91030e-02
0.88044	3.89305e-02
0.88026	3.87842e-02
0.88003	3.86667e-02
0.87992	3.85485e-02
0.87976	3.84695e-02
0.87961	3.84704e-02
0.87941	3.84958e-02
0.87914	3.85425e-02
0.87884	3.86075e-02
0.87849	3.86886e-02
0.87810	3.87841e-02
0.87768	3.88932e-02
0.87724	3.90151e-02
0.87677	3.91494e-02
0.87628	3.92961e-02
0.87577	3.94551e-02
0.87525	3.96264e-02
0.87471	3.98102e-02
0.87417	4.00066e-02
0.87361	4.02157e-02
0.87305	4.04377e-02
0.87248	4.06726e-02
0.87191	4.09205e-02
0.87133	4.11813e-02
0.87075	4.14549e-02
0.87018	4.17412e-02
0.86960	4.20399e-02
0.86903	4.23507e-02
0.86846	4.26733e-02
0.86789	4.30070e-02
0.86733	4.33515e-02
0.86679	4.36811e-02
0.86626	4.40198e-02
0.86574	4.43657e-02
0.86524	4.47174e-02
0.86474	4.50740e-02
0.86426	4.54344e-02
0.86380	4.57911e-02
0.86335	4.61518e-02
0.86291	4.65148e-02
0.86250	4.68785e-02
0.86209	4.72416e-02
0.86171	4.76030e-02
0.86134	4.79615e-02
0.86100	4.83159e-02
0.86067	4.86651e-02
0.86036	4.90081e-02
0.86018	4.92719e-02
0.86003	4.95140e-02
0.85991	4.97340e-02
0.85983	4.99331e-02
0.85977	5.01138e-02
0.85981	5.03390e-02
0.85986	5.05442e-02
0.85991	5.07327e-02
0.85997	5.09066e-02
0.86011	5.10024e-02
0.86027	5.10811e-02
0.86044	5.11425e-02
0.86075	5.12584e-02
0.86106	5.13434e-02
0.86136	5.14017e-02
0.86166	5.14383e-02
0.86196	5.14580e-02
0.86226	5.14649e-02
0.86255	5.14621e-02
0.86285	5.14515e-02
0.86315	5.14337e-02
0.86344	5.14090e-02
0.86374	5.13769e-02
0.86403	5.13371e-02
0.86438	5.11981e-02
0.86472	5.10772e-02
0.86506	5.09632e-02
0.86539	5.08505e-02
0.86573	5.07358e-02
0.86606	5.06172e-02
0.86641	5.04939e-02
0.86675	5.03652e-02
0.86710	5.02310e-02
0.86746	5.00913e-02
0.86782	4.99462e-02
0.86818	4.97962e-02
0.86855	4.96416e-02
0.86892	4.94829e-02
0.86929	4.93208e-02
0.86967	4.91565e-02
0.87004	4.89897e-02
0.87057	4.88972e-02
0.87110	4.88125e-02
0.87162	4.87319e-02
0.87213	4.86511e-02
0.87261	4.85669e-02
0.87307	4.84774e-02
0.87352	4.83819e-02
0.87394	4.82808e-02
0.87435	4.81749e-02
0.87474	4.80653e-02
0.87512	4.79533e-02
0.87548	4.78399e-02
0.87583	4.77262e-02
0.87617	4.76130e-02
0.87649	4.75009e-02
0.87681	4.73905e-02
0.87724	4.71709e-02
0.87764	4.69683e-02
0.87801	4.67826e-02
0.87836	4.66124e-02
0.87868	4.64556e-02
0.87897	4.63104e-02
0.87924	4.61752e-02
0.87949	4.60485e-02
0.87973	4.59291e-02
0.87994	4.58162e-02
0.88014	4.57088e-02
0.88032	4.56064e-02
0.88049	4.55082e-02
0.88064	4.54004e-02
0.88078	4.52986e-02
0.88091	4.52015e-02
0.88102	4.51083e-02
0.88111	4.50183e-02
0.88119	4.49311e-02
0.88126	4.48461e-02
0.88137	4.48267e-02
0.88146	4.47972e-02
0.88153	4.47594e-02
0.88158	4.47147e-02
0.88161	4.46641e-02
0.88175	4.45843e-02
0.88184	4.45083e-02
0.88202	4.44309e-02
0.88219	4.43589e-02
0.88233	4.42928e-02
0.88246	4.42331e-02
0.88257	4.41795e-02
0.88265	4.41312e-02
0.88279	4.40917e-02
0.88287	4.40549e-02
0.88293	4.40196e-02
0.88295	4.39853e-02
0.88298	4.39443e-02
0.88298	4.39055e-02
0.88296	4.38682e-02
0.88292	4.38326e-02
0.88287	4.37986e-02
0.88282	4.37665e-02
0.88274	4.37369e-02
0.88267	4.37088e-02
0.88261	4.36817e-02
0.88256	4.36550e-02
0.88256	4.35834e-02
0.88259	4.35193e-02
0.88266	4.34596e-02
0.88278	4.34053e-02
0.88299	4.33648e-02
0.88324	4.33367e-02
0.88351	4.33223e-02
0.88378	4.33195e-02
0.88404	4.33248e-02
0.88428	4.33355e-02
0.88449	4.33505e-02
0.88469	4.33693e-02
0.88486	4.33907e-02
0.88502	4.34132e-02
0.88515	4.34347e-02
0.88527	4.34533e-02
0.88537	4.34678e-02
0.88546	4.34776e-02
0.88554	4.34826e-02
0.88562	4.34829e-02
0.88569	4.34790e-02
0.88575	4.34712e-02
0.88582	4.34599e-02
0.88589	4.34455e-02
0.88597	4.34281e-02
0.88605	4.34080e-02
0.88613	4.33850e-02
0.88622	4.33593e-02
0.88632	4.33308e-02
0.88642	4.32994e-02
0.88653	4.32650e-02
0.88665	4.32273e-02
0.88677	4.31863e-02
0.88690	4.31421e-02
0.88714	4.31431e-02
0.88747	4.33332e-02
0.88776	4.34476e-02
0.88802	4.35019e-02
0.88828	4.35133e-02
0.88854	4.34995e-02
0.88881	4.34765e-02
0.88910	4.34579e-02
0.88942	4.34531e-02
0.88976	4.34656e-02
0.89012	4.34913e-02
0.89047	4.35200e-02
0.89081	4.35387e-02
0.89113	4.35361e-02
0.89141	4.35053e-02
0.89167	4.34447e-02
0.89190	4.33561e-02
0.89210	4.32433e-02
0.89230	4.31152e-02
0.89249	4.29669e-02
0.89266	4.28064e-02
0.89283	4.26365e-02
0.89298	4.24595e-02
0.89312	4.22772e-02
0.89326	4.20909e-02
0.89340	4.18967e-02
0.89353	4.17017e-02
0.89365	4.15060e-02
0.89377	4.13097e-02
0.89388	4.11131e-02
0.89398	4.09163e-02
0.89408	4.07196e-02
0.89416	4.05231e-02
0.89424	4.03270e-02
0.89432	4.01316e-02
0.89438	3.99371e-02
0.89443	3.97437e-02
0.89448	3.95518e-02
0.89451	3.93616e-02
0.89454	3.91735e-02
0.89456	3.89879e-02
0.89456	3.88051e-02
0.89455	3.86255e-02
0.89454	3.84497e-02
0.89451	3.82780e-02
0.89447	3.81110e-02
0.89442	3.79491e-02
0.89435	3.77930e-02
0.89428	3.76431e-02
0.89419	3.74999e-02
0.89409	3.73642e-02
0.89398	3.72364e-02
0.89386	3.71172e-02
0.89373	3.70071e-02
0.89358	3.69067e-02
0.89342	3.68167e-02
0.89325	3.67374e-02
0.89307	3.66696e-02
0.89288	3.66137e-02
0.89268	3.65701e-02
0.89247	3.65395e-02
0.89225	3.65220e-02
0.89212	3.64523e-02
0.89197	3.64085e-02
0.89181	3.63904e-02
0.89163	3.63973e-02
0.89145	3.63865e-02
0.89126	3.64070e-02
0.89113	3.64390e-02
0.89097	3.64980e-02
0.89077	3.65808e-02
0.89056	3.66855e-02
0.89032	3.68102e-02
0.89007	3.69534e-02
0.88981	3.71137e-02
0.88954	3.72900e-02
0.88926	3.74809e-02
0.88898	3.76961e-02
0.88870	3.79210e-02
0.88842	3.81545e-02
0.88813	3.83953e-02
0.88784	3.86424e-02
0.88755	3.88949e-02
0.88727	3.91520e-02
0.88698	3.94129e-02
0.88670	3.96774e-02
0.88643	3.99456e-02
0.88616	4.02182e-02
0.88591	4.04969e-02
0.88566	4.07845e-02
0.88544	4.10852e-02
0.88528	4.14261e-02
0.88515	4.17898e-02
0.88504	4.21849e-02
0.88497	4.26176e-02
0.88493	4.30898e-02
0.88493	4.35951e-02
0.88513	4.43230e-02
0.88534	4.50346e-02
0.88553	4.57010e-02
0.88570	4.62991e-02
0.88584	4.68196e-02
0.88596	4.72614e-02
0.88606	4.76256e-02
0.88614	4.79260e-02
0.88621	4.81716e-02
0.88627	4.83712e-02
0.88633	4.85321e-02
0.88640	4.86602e-02
0.88647	4.87599e-02
0.88673	4.88008e-02
0.88699	4.88238e-02
0.88726	4.88313e-02
0.88752	4.88246e-02
0.88778	4.88037e-02
0.88804	4.87684e-02
0.88829	4.87186e-02
0.88854	4.86543e-02
0.88879	4.85757e-02
0.88917	4.85114e-02
0.88953	4.84306e-02
0.88987	4.83331e-02
0.89021	4.82190e-02
0.89055	4.80892e-02
0.89088	4.79449e-02
0.89122	4.77874e-02
0.89155	4.76179e-02
0.89190	4.74379e-02
0.89225	4.72484e-02
0.89261	4.70508e-02
0.89297	4.68461e-02
0.89335	4.66355e-02
0.89373	4.64200e-02
0.89412	4.62007e-02
0.89451	4.59786e-02
0.89492	4.57547e-02
0.89532	4.55300e-02
0.89574	4.53054e-02
0.89615	4.50819e-02
0.89657	4.48605e-02
0.89699	4.46420e-02
0.89742	4.44273e-02
0.89784	4.42172e-02
0.89827	4.40126e-02
0.89869	4.38141e-02
0.89911	4.36226e-02
0.89955	4.34440e-02
0.89998	4.32715e-02
0.90040	4.31066e-02
0.90081	4.29502e-02
0.90132	4.28329e-02
0.90180	4.27165e-02
0.90225	4.26033e-02
0.90267	4.24952e-02
0.90307	4.23939e-02
0.90345	4.23006e-02
0.90382	4.22162e-02
0.90417	4.21411e-02
0.90450	4.20758e-02
0.90482	4.20203e-02
0.90513	4.19747e-02
0.90541	4.19391e-02
0.90569	4.19132e-02
0.90607	4.20123e-02
0.90640	4.20905e-02
0.90668	4.21533e-02
0.90694	4.21862e-02
0.90716	4.22185e-02
0.90736	4.22505e-02
0.90753	4.22865e-02
0.90767	4.23276e-02
0.90779	4.23742e-02
0.90793	4.24324e-02
0.90802	4.24946e-02
0.90809	4.25614e-02
0.90814	4.26328e-02
0.90816	4.27087e-02
0.90816	4.27890e-02
0.90813	4.28734e-02
0.90808	4.29616e-02
0.90801	4.30533e-02
0.90792	4.31482e-02
0.90789	4.33732e-02
0.90781	4.35688e-02
0.90770	4.37428e-02
0.90756	4.39008e-02
0.90740	4.40471e-02
0.90721	4.41851e-02
0.90699	4.43170e-02
0.90676	4.44446e-02
0.90650	4.45691e-02
0.90623	4.46913e-02
0.90594	4.48119e-02
0.90563	4.49313e-02
0.90531	4.50498e-02
0.90497	4.51675e-02
0.90461	4.52848e-02
0.90425	4.54015e-02
0.90387	4.55179e-02
0.90347	4.56338e-02
0.90323	4.58688e-02
0.90296	4.60913e-02
0.90266	4.62981e-02
0.90239	4.64805e-02
0.90208	4.66484e-02
0.90173	4.68031e-02
0.90136	4.69463e-02
0.90097	4.70798e-02
0.90056	4.72048e-02
0.90014	4.73226e-02
0.89981	4.73382e-02
0.89950	4.73310e-02
0.89920	4.73095e-02
0.89891	4.72845e-02
0.89862	4.72665e-02
0.89832	4.72630e-02
0.89801	4.72771e-02
0.89768	4.73087e-02
0.89734	4.73553e-02
0.89698	4.74134e-02
0.89661	4.74795e-02
0.89624	4.75504e-02
0.89587	4.76232e-02
0.89550	4.76959e-02
0.89513	4.77667e-02
0.89477	4.78342e-02
0.89442	4.78972e-02
0.89408	4.79550e-02
0.89375	4.80069e-02
0.89344	4.80522e-02
0.89314	4.80906e-02
0.89285	4.81216e-02
0.89258	4.81451e-02
0.89233	4.81606e-02
0.89227	4.81642e-02
0.89222	4.81673e-02
0.89218	4.81684e-02
0.89214	4.81659e-02
0.89210	4.81584e-02
0.89207	4.81446e-02
0.89205	4.81236e-02
0.89204	4.80950e-02
0.89204	4.80585e-02
0.89205	4.80138e-02
0.89208	4.79611e-02
0.89227	4.81592e-02
0.89246	4.83171e-02
0.89264	4.84245e-02
0.89281	4.84791e-02
0.89298	4.84844e-02
0.89324	4.83563e-02
0.89348	4.82235e-02
0.89370	4.80864e-02
0.89390	4.79453e-02
0.89410	4.78003e-02
0.89430	4.76513e-02
0.89455	4.75621e-02
0.89484	4.75089e-02
0.89516	4.74998e-02
0.89553	4.75385e-02
0.89594	4.76208e-02
0.89639	4.77329e-02
0.89685	4.78521e-02
0.89731	4.79537e-02
0.89776	4.80170e-02
0.89819	4.80300e-02
0.89866	4.78975e-02
0.89911	4.77328e-02
0.89968	4.74628e-02
0.90024	4.71779e-02
0.90076	4.68898e-02
0.90125	4.66051e-02
0.90173	4.63175e-02
0.90217	4.60380e-02
0.90259	4.57656e-02
0.90298	4.54993e-02
0.90336	4.52380e-02
0.90373	4.49810e-02
0.90409	4.47276e-02
0.90444	4.44774e-02
0.90480	4.42302e-02
0.90514	4.39855e-02
0.90549	4.37435e-02
0.90583	4.35039e-02
0.90617	4.32667e-02
0.90653	4.30151e-02
0.90688	4.27715e-02
0.90723	4.25338e-02
0.90756	4.23009e-02
0.90789	4.20723e-02
0.90821	4.18478e-02
0.90853	4.16272e-02
0.90883	4.14107e-02
0.90913	4.11982e-02
0.90943	4.09899e-02
0.90971	4.07861e-02
0.90999	4.05867e-02
0.91026	4.03922e-02
0.91051	4.02027e-02
0.91076	4.00184e-02
0.91117	3.97125e-02
0.91157	3.94220e-02
0.91195	3.91507e-02
0.91244	3.88588e-02
0.91293	3.85965e-02
0.91340	3.83688e-02
0.91386	3.81835e-02
0.91429	3.80484e-02
0.91470	3.79710e-02
0.91510	3.79576e-02
0.91550	3.80111e-02
0.91588	3.81260e-02
0.91625	3.82882e-02
0.91658	3.84759e-02
0.91688	3.86644e-02
0.91713	3.88332e-02
0.91732	3.89702e-02
0.91746	3.90720e-02
0.91756	3.91414e-02
0.91761	3.91849e-02
0.91772	3.90342e-02
0.91777	3.89094e-02
0.91778	3.88071e-02
0.91777	3.87249e-02
0.91772	3.86606e-02
0.91765	3.86125e-02
0.91755	3.85789e-02
0.91744	3.85585e-02
0.91731	3.85500e-02
0.91716	3.85525e-02
0.91700	3.85650e-02
0.91683	3.85866e-02
0.90900	3.27389e-02
0.90878	3.27404e-02
0.90869	3.28205e-02
0.90856	3.28910e-02
0.90839	3.29532e-02
0.90820	3.30085e-02
0.90798	3.30584e-02
0.90774	3.31042e-02
0.90748	3.31473e-02
0.90721	3.31883e-02
0.90692	3.32280e-02
0.90663	3.32668e-02
0.90632	3.33048e-02
0.90601	3.33423e-02
0.90569	3.33793e-02
0.90537	3.34157e-02
0.90504	3.34518e-02
0.90471	3.34873e-02
0.90452	3.35276e-02
0.90428	3.35646e-02
0.90400	3.35978e-02
0.90370	3.36278e-02
0.90338	3.36557e-02
0.90305	3.36824e-02
0.90272	3.37372e-02
0.90240	3.37992e-02
0.90208	3.38716e-02
0.90176	3.39582e-02
0.90146	3.40635e-02
0.90117	3.41930e-02
0.90089	3.43525e-02
0.90064	3.45481e-02
0.90041	3.47848e-02
0.90021	3.50650e-02
0.90003	3.53875e-02
0.89986	3.57464e-02
0.89987	3.60607e-02
0.89987	3.63944e-02
0.89984	3.67313e-02
0.89983	3.70024e-02
0.89978	3.72617e-02
0.89972	3.75015e-02
0.89963	3.77192e-02
0.89953	3.79150e-02
0.89941	3.80914e-02
0.89928	3.82516e-02
0.89915	3.83991e-02
0.89902	3.85373e-02
0.89893	3.86779e-02
0.89886	3.88196e-02
0.89883	3.89663e-02
0.89882	3.91212e-02
0.89885	3.92870e-02
0.89891	3.94645e-02
0.89898	3.96525e-02
0.89906	3.98473e-02
0.89913	4.00442e-02
0.89919	4.02386e-02
0.89924	4.04272e-02
0.89927	4.06080e-02
0.89929	4.07808e-02
0.89930	4.09461e-02
0.89931	4.11047e-02
0.89931	4.12577e-02
0.89931	4.14060e-02
0.89932	4.15504e-02
0.88826	2.92085e-02
0.88827	2.94277e-02
0.88844	2.97545e-02
0.88858	3.00537e-02
0.88871	3.03293e-02
0.88884	3.05905e-02
0.88895	3.08337e-02
0.88906	3.10619e-02
0.88936	3.09638e-02
0.88966	3.08689e-02
0.88995	3.07903e-02
0.89022	3.07356e-02
0.89049	3.07098e-02
0.89075	3.07064e-02
0.89099	3.07218e-02
0.89122	3.07514e-02
0.89144	3.07913e-02
0.89165	3.08376e-02
0.89186	3.08873e-02
0.89207	3.09380e-02
0.89228	3.09876e-02
0.89249	3.10347e-02
0.89270	3.10781e-02
0.89291	3.11168e-02
0.89313	3.11502e-02
0.89335	3.11778e-02
0.89357	3.11994e-02
0.89379	3.12148e-02
0.89402	3.12240e-02
0.89425	3.12271e-02
0.89448	3.12243e-02
0.89472	3.12181e-02
0.89496	3.12061e-02
0.89522	3.11671e-02
0.89548	3.11291e-02
0.89573	3.10909e-02
0.89619	3.13554e-02
0.89664	3.16188e-02
0.89706	3.18543e-02
0.89745	3.20433e-02
0.89781	3.21779e-02
0.89813	3.22594e-02
0.89843	3.22943e-02
0.89870	3.22911e-02
0.89896	3.22586e-02
0.89921	3.22046e-02
0.89944	3.21355e-02
0.89967	3.20566e-02
0.89990	3.19719e-02
0.90012	3.18847e-02
0.90035	3.17973e-02
0.90057	3.17116e-02
0.90079	3.16257e-02
0.90102	3.15418e-02
0.90126	3.14599e-02
0.90150	3.13797e-02
0.90175	3.13007e-02
0.90202	3.12225e-02
0.90232	3.11451e-02
0.90263	3.10694e-02
0.90298	3.09893e-02
0.90336	3.09196e-02
0.90376	3.08662e-02
0.90417	3.08350e-02
0.90460	3.08302e-02
0.90501	3.08522e-02
0.90540	3.08981e-02
0.90577	3.09627e-02
0.90612	3.10400e-02
0.90643	3.11249e-02
0.90673	3.12122e-02
0.90701	3.13013e-02
0.90727	3.13900e-02
0.90751	3.14771e-02
0.90774	3.15617e-02
0.90795	3.16431e-02
0.90816	3.17208e-02
0.90836	3.17944e-02
0.90856	3.18634e-02
0.90874	3.19273e-02
0.90892	3.19859e-02
0.90910	3.20386e-02
0.90930	3.20552e-02
0.90949	3.20738e-02
0.90966	3.20910e-02
0.90982	3.21050e-02
0.90998	3.21145e-02
0.91013	3.21186e-02
0.91027	3.21167e-02
0.91040	3.21086e-02
0.91052	3.20940e-02
0.91064	3.20729e-02
0.91074	3.20452e-02
0.91097	3.18927e-02
0.91123	3.17049e-02
0.91150	3.14914e-02
0.91178	3.12675e-02
0.91205	3.10496e-02
0.91229	3.08501e-02
0.91249	3.06757e-02
0.91264	3.05272e-02
0.91275	3.04025e-02
0.91283	3.02978e-02
0.91286	3.02092e-02
0.91286	3.01498e-02
0.91295	3.00297e-02
0.91306	2.99051e-02
0.91319	2.97868e-02
0.91332	2.96881e-02
0.91344	2.96183e-02
0.91352	2.95788e-02
0.91357	2.95627e-02
0.91358	2.95570e-02
0.91354	2.95536e-02
0.91346	2.95441e-02
0.91336	2.95238e-02
0.91322	2.94913e-02
0.91307	2.94477e-02
0.91290	2.93965e-02
0.91272	2.93469e-02
0.91252	2.92970e-02
0.91230	2.92516e-02
0.91207	2.92150e-02
0.91182	2.91904e-02
0.91155	2.91803e-02
0.91127	2.91863e-02
0.91097	2.92093e-02
0.91066	2.92495e-02
0.91032	2.93069e-02
0.90998	2.93810e-02
0.90962	2.94714e-02
0.90926	2.95698e-02
0.90888	2.96854e-02
0.90849	2.98163e-02
0.90808	2.99612e-02
0.90767	3.01191e-02
0.90738	3.02843e-02
0.90705	3.04632e-02
0.90669	3.06538e-02
0.90631	3.08545e-02
0.90590	3.10641e-02
0.90548	3.12818e-02
0.90504	3.15068e-02
0.90459	3.17385e-02
0.90414	3.19763e-02
0.90368	3.22193e-02
0.90321	3.24671e-02
0.90274	3.27190e-02
0.90228	3.29744e-02
0.90181	3.32326e-02
0.90134	3.34931e-02
0.90088	3.37551e-02
0.90057	3.40707e-02
0.90025	3.43733e-02
0.89990	3.46647e-02
0.89955	3.49463e-02
0.89919	3.52192e-02
0.89883	3.54845e-02
0.89847	3.57425e-02
0.89811	3.59936e-02
0.89776	3.62377e-02
0.89742	3.64749e-02
0.89709	3.67047e-02
0.89689	3.70588e-02
0.89667	3.73753e-02
0.89644	3.76595e-02
0.89621	3.79159e-02
0.89597	3.81482e-02
0.89574	3.83596e-02
0.89551	3.85526e-02
0.89529	3.87291e-02
0.89508	3.88904e-02
0.89488	3.90375e-02
0.89470	3.91711e-02
0.89453	3.92916e-02
0.89437	3.93995e-02
0.89423	3.94949e-02
0.89413	3.95637e-02
0.89403	3.96240e-02
0.89395	3.96745e-02
0.89389	3.97148e-02
0.89384	3.97445e-02
0.89380	3.97633e-02
0.89378	3.97710e-02
0.89378	3.97677e-02
0.89379	3.97532e-02
0.89382	3.97277e-02
0.89386	3.96911e-02
0.89393	3.96437e-02
0.89400	3.95855e-02
0.89410	3.95167e-02
0.89421	3.94377e-02
0.89433	3.93485e-02
0.89447	3.92497e-02
0.89463	3.91413e-02
0.89480	3.90239e-02
0.89498	3.88977e-02
0.89518	3.87631e-02
0.89539	3.86207e-02
0.89562	3.84707e-02
0.89586	3.83138e-02
0.89611	3.81504e-02
0.89637	3.79809e-02
0.89664	3.78060e-02
0.89693	3.76113e-02
0.89723	3.74145e-02
0.89754	3.72159e-02
0.89785	3.70156e-02
0.89818	3.68140e-02
0.89851	3.66115e-02
0.89884	3.64086e-02
0.89919	3.62058e-02
0.89954	3.60035e-02
0.89989	3.58023e-02
0.90039	3.57218e-02
0.90088	3.56419e-02
0.90137	3.55601e-02
0.90186	3.54746e-02
0.90233	3.53845e-02
0.90291	3.53441e-02
0.90346	3.52889e-02
0.90399	3.52219e-02
0.90450	3.51455e-02
0.90499	3.50620e-02
0.90546	3.49734e-02
0.90592	3.48816e-02
0.90637	3.47884e-02
0.90680	3.46951e-02
0.90722	3.46029e-02
0.90763	3.45130e-02
0.90803	3.44262e-02
0.90843	3.43448e-02
0.90882	3.42683e-02
0.90921	3.41977e-02
0.90959	3.41335e-02
0.90997	3.40767e-02
0.91047	3.42165e-02
0.91097	3.43467e-02
0.91146	3.44691e-02
0.91195	3.45855e-02
0.91244	3.46988e-02
0.91294	3.48124e-02
0.91344	3.49285e-02
0.91392	3.50480e-02
0.91439	3.51696e-02
0.91483	3.52905e-02
0.91523	3.54071e-02
0.91559	3.55166e-02
0.91591	3.56173e-02
0.91619	3.57088e-02
0.91643	3.57915e-02
0.91664	3.58665e-02
0.91707	3.60352e-02
0.91747	3.61956e-02
0.91782	3.63516e-02
0.91813	3.65036e-02
0.91839	3.66498e-02
0.91860	3.67884e-02
0.91877	3.69181e-02
0.91889	3.70382e-02
0.91898	3.71491e-02
0.91903	3.72511e-02
0.91905	3.73451e-02
0.91905	3.74319e-02
0.91902	3.75121e-02
0.91897	3.75863e-02
0.91890	3.76548e-02
0.91882	3.77181e-02
0.91871	3.77763e-02
0.91860	3.78296e-02
0.91866	3.76541e-02
0.91883	3.74229e-02
0.91895	3.72162e-02
0.91902	3.70459e-02
0.91902	3.69166e-02
0.91896	3.68265e-02
0.91885	3.67698e-02
0.91870	3.67394e-02
0.91850	3.67285e-02
0.91828	3.67309e-02
0.91804	3.67415e-02
0.91777	3.67565e-02
0.91749	3.67726e-02
0.91720	3.67876e-02
0.91691	3.68044e-02
0.91661	3.68150e-02
0.91629	3.68192e-02
0.91598	3.68163e-02
0.91566	3.68059e-02
0.91533	3.67876e-02
0.91500	3.67611e-02
0.91468	3.67261e-02
0.91435	3.66823e-02
0.91402	3.66296e-02
0.91370	3.65678e-02
0.91373	3.68616e-02
0.91372	3.70997e-02
0.91363	3.72533e-02
0.91346	3.73159e-02
0.91324	3.72986e-02
0.91297	3.72185e-02
0.91268	3.70917e-02
0.91237	3.69308e-02
0.91206	3.67448e-02
0.91194	3.63065e-02
0.91177	3.59218e-02
0.91157	3.55761e-02
0.91135	3.52586e-02
0.91111	3.49605e-02
0.91087	3.46749e-02
0.91062	3.43965e-02
0.91048	3.42193e-02
0.91033	3.40343e-02
0.91017	3.38387e-02
0.91002	3.36310e-02
0.90986	3.34106e-02
0.90971	3.31774e-02
0.90956	3.29321e-02
0.90941	3.26753e-02
0.90928	3.24076e-02
0.90915	3.21299e-02
0.90904	3.18429e-02
0.90894	3.15474e-02
0.90885	3.12440e-02
0.90877	3.09333e-02
0.90870	3.06158e-02
0.90865	3.02922e-02
0.90861	2.99629e-02
0.90859	2.96283e-02
0.90858	2.92890e-02
0.90858	2.89452e-02
0.90860	2.85975e-02
0.90863	2.82462e-02
0.90868	2.78917e-02
0.90873	2.75343e-02
0.90880	2.71745e-02
0.90890	2.68231e-02
0.90901	2.64667e-02
0.90913	2.61066e-02
0.90925	2.57441e-02
0.90939	2.53798e-02
0.90954	2.50146e-02
0.90970	2.46491e-02
0.90986	2.42840e-02
0.91004	2.39197e-02
0.91023	2.35569e-02
0.91042	2.31961e-02
0.91062	2.28377e-02
0.91084	2.24824e-02
0.91105	2.21306e-02
0.91128	2.17830e-02
0.91151	2.14401e-02
0.91178	2.10884e-02
0.91205	2.07461e-02
0.91231	2.04131e-02
0.91258	2.00892e-02
0.91286	1.97815e-02
0.91314	1.94821e-02
0.91342	1.91919e-02
0.91369	1.89117e-02
0.91397	1.86422e-02
0.91425	1.83842e-02
0.91453	1.81383e-02
0.91480	1.79053e-02
0.91508	1.76858e-02
0.91535	1.74805e-02
0.91562	1.72901e-02
0.91589	1.71151e-02
0.91616	1.69562e-02
0.91642	1.68138e-02
0.91669	1.66885e-02
0.91694	1.65806e-02
0.91720	1.64906e-02
0.91755	1.64623e-02
0.91786	1.64397e-02
0.91815	1.64243e-02
0.91842	1.64182e-02
0.91867	1.64231e-02
0.91890	1.64411e-02
0.91911	1.64733e-02
0.91932	1.65209e-02
0.91971	1.63431e-02
0.92010	1.61885e-02
0.92047	1.60668e-02
0.92082	1.59852e-02
0.92115	1.59467e-02
0.92146	1.59505e-02
0.92173	1.59936e-02
0.92198	1.60716e-02
0.92221	1.61803e-02
0.92242	1.63154e-02
0.92270	1.65657e-02
0.92298	1.68550e-02
0.92328	1.71842e-02
0.92358	1.75530e-02
0.92389	1.79585e-02
0.92420	1.83955e-02
0.92451	1.88543e-02
0.92481	1.93229e-02
0.92509	1.97891e-02
0.92534	2.02421e-02
0.92557	2.06751e-02
0.92577	2.10844e-02
0.92594	2.14699e-02
0.92619	2.18421e-02
0.92638	2.21920e-02
0.92653	2.25223e-02
0.92668	2.28160e-02
0.92686	2.30682e-02
0.92699	2.33237e-02
0.92710	2.35804e-02
0.92718	2.38371e-02
0.92724	2.40934e-02
0.92729	2.43487e-02
0.92733	2.46027e-02
0.92736	2.48552e-02
0.92738	2.51057e-02
0.92740	2.53540e-02
0.92745	2.56064e-02
0.92748	2.58542e-02
0.92751	2.60976e-02
0.92762	2.63828e-02
0.92771	2.66573e-02
0.92779	2.69214e-02
0.92786	2.71756e-02
0.92792	2.74196e-02
0.92798	2.76552e-02
0.92803	2.78829e-02
0.92808	2.81035e-02
0.92812	2.83173e-02
0.92816	2.85247e-02
0.92820	2.87262e-02
0.92825	2.89221e-02
0.92829	2.91127e-02
0.92834	2.92982e-02
0.92839	2.94789e-02
0.92844	2.96550e-02
0.92849	2.98266e-02
0.92855	2.99940e-02
0.92861	3.01572e-02
0.92867	3.03165e-02
0.92874	3.04720e-02
0.92881	3.06248e-02
0.92888	3.07738e-02
0.92896	3.09190e-02
0.92905	3.10606e-02
0.92913	3.11989e-02
0.92922	3.13339e-02
0.92932	3.14657e-02
0.92941	3.15944e-02
0.92952	3.17201e-02
0.92962	3.18428e-02
0.92973	3.19625e-02
0.92984	3.20794e-02
0.92995	3.21932e-02
0.93007	3.23042e-02
0.93019	3.24122e-02
0.93031	3.25172e-02
0.93043	3.26192e-02
0.93055	3.27181e-02
0.93068	3.28134e-02
0.93080	3.29051e-02
0.93093	3.29931e-02
0.93105	3.30777e-02
0.93118	3.31592e-02
0.93131	3.32381e-02
0.93145	3.33151e-02
0.93165	3.32787e-02
0.93192	3.32825e-02
0.93220	3.33053e-02
0.93250	3.33451e-02
0.93282	3.34036e-02
0.93317	3.34832e-02
0.93354	3.35854e-02
0.93392	3.37073e-02
0.93429	3.38402e-02
0.93463	3.39713e-02
0.93493	3.40875e-02
0.93518	3.41792e-02
0.93537	3.42426e-02
0.93552	3.42777e-02
0.93563	3.42874e-02
0.93570	3.42753e-02
0.93575	3.42450e-02
0.93578	3.41997e-02
0.93585	3.40771e-02
0.93593	3.39160e-02
0.93603	3.37130e-02
0.93616	3.34684e-02
0.93630	3.31878e-02
0.93646	3.28835e-02
0.93673	3.26979e-02
0.93697	3.25039e-02
0.93717	3.23167e-02
0.93731	3.21445e-02
0.93741	3.19897e-02
0.93745	3.18509e-02
0.93746	3.17252e-02
0.93742	3.16088e-02
0.93736	3.14986e-02
0.93727	3.13920e-02
0.93716	3.12872e-02
0.93703	3.11827e-02
0.93689	3.10778e-02
0.93674	3.09719e-02
0.93658	3.08649e-02
0.93641	3.07568e-02
0.93639	3.07540e-02
0.93636	3.07380e-02
0.93630	3.07088e-02
0.93622	3.06669e-02
0.93613	3.06131e-02
0.93604	3.05602e-02
0.93594	3.04959e-02
0.93581	3.04223e-02
0.93568	3.03412e-02
0.93553	3.02540e-02
0.93538	3.01623e-02
0.93522	3.00672e-02
0.93505	2.99698e-02
0.93487	2.98710e-02
0.93469	2.97716e-02
0.93451	2.96723e-02
0.93433	2.95739e-02
0.93414	2.94768e-02
0.93395	2.93817e-02
0.93377	2.92889e-02
0.93358	2.91990e-02
0.93339	2.91122e-02
0.93320	2.90290e-02
0.93302	2.89495e-02
0.93284	2.88742e-02
0.93266	2.88031e-02
0.93248	2.87364e-02
0.93230	2.86743e-02
0.93213	2.86169e-02
0.93201	2.86338e-02
0.93187	2.86364e-02
0.93174	2.86304e-02
0.93160	2.86195e-02
0.93147	2.86061e-02
0.93134	2.85921e-02
0.93142	2.85233e-02
0.93148	2.84778e-02
0.93152	2.84549e-02
0.93154	2.84522e-02
0.93154	2.84673e-02
0.93154	2.85090e-02
0.93154	2.85680e-02
0.93155	2.86477e-02
0.93158	2.87535e-02
0.93164	2.88914e-02
0.93174	2.90665e-02
0.93188	2.92803e-02
0.93205	2.95281e-02
0.93224	2.97977e-02
0.93243	3.00713e-02
0.93261	3.03306e-02
0.93299	3.02020e-02
0.93332	3.00722e-02
0.93361	2.99444e-02
0.93386	2.98223e-02
0.93407	2.97074e-02
0.93424	2.96001e-02
0.93440	2.94998e-02
0.93454	2.94055e-02
0.93466	2.93163e-02
0.93478	2.92311e-02
0.93492	2.91301e-02
0.93506	2.90382e-02
0.93518	2.89521e-02
0.93531	2.88698e-02
0.93544	2.87900e-02
0.93557	2.87116e-02
0.93571	2.86340e-02
0.93585	2.85568e-02
0.93600	2.84795e-02
0.93615	2.84020e-02
0.93631	2.83241e-02
0.93647	2.82460e-02
0.93664	2.81676e-02
0.93682	2.80820e-02
0.93700	2.79976e-02
0.93718	2.79144e-02
0.93737	2.78323e-02
0.93768	2.77664e-02
0.93796	2.76991e-02
0.93822	2.76303e-02
0.93848	2.75606e-02
0.93872	2.74907e-02
0.93896	2.74211e-02
0.93920	2.73526e-02
0.93943	2.72857e-02
0.93966	2.72210e-02
0.93989	2.71590e-02
0.94011	2.70999e-02
0.94033	2.70442e-02
0.94055	2.69922e-02
0.94077	2.69441e-02
0.94098	2.69002e-02
0.94119	2.68606e-02
0.94140	2.68254e-02
0.94161	2.67948e-02
0.94181	2.67688e-02
0.94201	2.67474e-02
0.94220	2.67307e-02
0.94239	2.67184e-02
0.94266	2.66820e-02
0.94289	2.66658e-02
0.94309	2.66634e-02
0.94326	2.66703e-02
0.94341	2.66837e-02
0.94371	2.66284e-02
0.94396	2.66002e-02
0.94418	2.65930e-02
0.94437	2.66014e-02
0.94454	2.66209e-02
0.94468	2.66483e-02
0.94480	2.66808e-02
0.94491	2.67165e-02
0.94501	2.67541e-02
0.94509	2.67924e-02
0.94517	2.68306e-02
0.94524	2.68679e-02
0.94530	2.69039e-02
0.94535	2.69379e-02
0.94540	2.69695e-02
0.94543	2.69983e-02
0.94546	2.70238e-02
0.94549	2.70457e-02
0.94550	2.70637e-02
0.94551	2.70773e-02
0.94551	2.70862e-02
0.94551	2.70902e-02
0.94566	2.72921e-02
0.94578	2.74692e-02
0.94588	2.76219e-02
0.94596	2.77509e-02
0.94602	2.78578e-02
0.94606	2.79443e-02
0.94621	2.77517e-02
0.94632	2.75760e-02
0.94641	2.74163e-02
0.94648	2.72722e-02
0.94670	2.71840e-02
0.94687	2.71042e-02
0.94700	2.70283e-02
0.94716	2.69984e-02
0.94729	2.69766e-02
0.94741	2.69644e-02
0.94752	2.69640e-02
0.94763	2.69780e-02
0.94774	2.70085e-02
0.94785	2.70563e-02
0.94797	2.71200e-02
0.94808	2.71958e-02
0.94818	2.72772e-02
0.94827	2.73563e-02
0.94833	2.74252e-02
0.94837	2.74775e-02
0.94837	2.75088e-02
0.94836	2.75173e-02
0.94831	2.75032e-02
0.94825	2.74679e-02
0.94816	2.74137e-02
0.94806	2.73433e-02
0.94794	2.72593e-02
0.94781	2.71640e-02
0.94775	2.69953e-02
0.94771	2.67938e-02
0.94764	2.65988e-02
0.94755	2.64092e-02
0.94744	2.62247e-02
0.94732	2.60449e-02
0.94718	2.58696e-02
0.94703	2.56988e-02
0.94687	2.55325e-02
0.94680	2.54222e-02
0.94669	2.52969e-02
0.94653	2.51613e-02
0.94086	2.17745e-02
0.94064	2.15282e-02
0.94040	2.12785e-02
0.94016	2.10291e-02
0.93991	2.07823e-02
0.93966	2.05398e-02
0.93940	2.03030e-02
0.93914	2.00726e-02
0.93888	1.98494e-02
0.93863	1.96340e-02
0.93837	1.94268e-02
0.93811	1.92282e-02
0.93785	1.90385e-02
0.93760	1.88580e-02
0.93734	1.86869e-02
0.93709	1.85253e-02
0.93684	1.83733e-02
0.93659	1.82310e-02
0.93635	1.80983e-02
0.93610	1.79753e-02
0.93586	1.78618e-02
0.93562	1.77577e-02
0.93539	1.76628e-02
0.93516	1.75770e-02
0.93493	1.74999e-02
0.93470	1.74314e-02
0.93448	1.73712e-02
0.93427	1.73190e-02
0.93405	1.72745e-02
0.93384	1.72374e-02
0.93364	1.72076e-02
0.93344	1.71847e-02
0.93333	1.70960e-02
0.93320	1.70241e-02
0.93307	1.69664e-02
0.93293	1.69216e-02
0.93279	1.68887e-02
0.93265	1.68668e-02
0.93250	1.68554e-02
0.93236	1.68537e-02
0.93222	1.68616e-02
0.93212	1.69040e-02
0.93203	1.69695e-02
0.93196	1.70638e-02
0.93193	1.71937e-02
0.93193	1.73670e-02
0.93198	1.75914e-02
0.93206	1.78716e-02
0.93218	1.82066e-02
0.93233	1.85873e-02
0.93248	1.89964e-02
0.93263	1.94126e-02
0.93275	1.98155e-02
0.93285	2.01909e-02
0.93293	2.05356e-02
0.93298	2.08448e-02
0.93300	2.11235e-02
0.93301	2.13786e-02
0.93300	2.16172e-02
0.93299	2.18456e-02
0.93297	2.20687e-02
0.93294	2.22912e-02
0.93292	2.25165e-02
0.93290	2.27470e-02
0.93289	2.29843e-02
0.93293	2.32670e-02
0.93302	2.35812e-02
0.93314	2.39339e-02
0.93332	2.43308e-02
0.93355	2.47762e-02
0.93381	2.52645e-02
0.93409	2.57840e-02
0.93439	2.63178e-02
0.93468	2.68641e-02
0.93498	2.74049e-02
0.93529	2.79398e-02
0.93562	2.84761e-02
0.93598	2.90270e-02
0.93639	2.96066e-02
0.93685	3.02255e-02
0.93735	3.08862e-02
0.93787	3.15808e-02
0.93839	3.22920e-02
0.93889	3.29971e-02
0.93934	3.36732e-02
0.93972	3.43019e-02
0.94004	3.48720e-02
0.94030	3.53804e-02
0.94060	3.58384e-02
0.94084	3.62459e-02
0.94103	3.66100e-02
0.94117	3.69381e-02
0.94129	3.72364e-02
0.94138	3.75102e-02
0.94146	3.77636e-02
0.94152	3.79993e-02
0.94158	3.82195e-02
0.94163	3.84256e-02
0.94168	3.86184e-02
0.94172	3.87988e-02
0.94177	3.89669e-02
0.94181	3.91225e-02
0.94185	3.92658e-02
0.94190	3.93967e-02
0.94194	3.95150e-02
0.93479	3.83250e-02
0.93484	3.84474e-02
0.93489	3.85546e-02
0.93495	3.86466e-02
0.93501	3.87234e-02
0.92947	4.02094e-02
0.92953	4.02689e-02
0.92960	4.03102e-02
0.92967	4.03336e-02
0.92974	4.03392e-02
0.92981	4.03274e-02
0.92988	4.02985e-02
0.92996	4.02528e-02
0.93003	4.01908e-02
0.93010	4.01130e-02
0.93017	4.00199e-02
0.93024	3.99121e-02
0.93031	3.97902e-02
0.93038	3.96548e-02
0.93045	3.95066e-02
0.93052	3.93463e-02
0.93059	3.91747e-02
0.93066	3.89926e-02
0.93072	3.88008e-02
0.93079	3.86001e-02
0.93085	3.83913e-02
0.93091	3.81754e-02
0.93106	3.79775e-02
0.93118	3.77704e-02
0.93130	3.75557e-02
0.93139	3.73346e-02
0.93148	3.71082e-02
0.93156	3.68779e-02
0.93163	3.66448e-02
0.93169	3.64099e-02
0.93175	3.61742e-02
0.93180	3.59389e-02
0.93184	3.57048e-02
0.93188	3.54727e-02
0.93191	3.52435e-02
0.93194	3.50181e-02
0.93196	3.47970e-02
0.93197	3.45810e-02
0.93198	3.43707e-02
0.93199	3.41666e-02
0.93199	3.39693e-02
0.93198	3.37792e-02
0.93197	3.35968e-02
0.93195	3.34224e-02
0.93193	3.32564e-02
0.93190	3.30990e-02
0.93187	3.29505e-02
0.93183	3.28111e-02
0.93178	3.26809e-02
0.93173	3.25601e-02
0.93178	3.23170e-02
0.93179	3.21129e-02
0.93179	3.19401e-02
0.93177	3.17939e-02
0.93174	3.16708e-02
0.93171	3.16076e-02
0.93166	3.15383e-02
0.93159	3.14708e-02
0.93150	3.14095e-02
0.93153	3.12795e-02
0.93152	3.11764e-02
0.93149	3.10987e-02
0.93144	3.10450e-02
0.93137	3.10142e-02
0.93129	3.10052e-02
0.93120	3.10168e-02
0.91737	1.62223e-02
0.91724	1.62479e-02
0.91710	1.63090e-02
0.91695	1.64053e-02
0.91680	1.65366e-02
0.91683	1.69202e-02
0.91695	1.74349e-02
0.91713	1.80835e-02
0.91738	1.88489e-02
0.91765	1.96916e-02
0.91790	2.05575e-02
0.91809	2.13937e-02
0.91822	2.21638e-02
0.91825	2.28526e-02
0.91821	2.34628e-02
0.91810	2.40075e-02
0.91794	2.45035e-02
0.91773	2.49667e-02
0.91750	2.54111e-02
0.91724	2.58472e-02
0.91697	2.62829e-02
0.91669	2.67238e-02
0.91641	2.71735e-02
0.91612	2.76343e-02
0.91584	2.81073e-02
0.91556	2.85930e-02
0.91528	2.90913e-02
0.91501	2.96015e-02
0.91474	3.01229e-02
0.91448	3.06545e-02
0.91423	3.11949e-02
0.91399	3.17431e-02
0.91375	3.22975e-02
0.91353	3.28568e-02
0.91331	3.34195e-02
0.91310	3.39843e-02
0.91308	3.45762e-02
0.91313	3.51859e-02
0.91328	3.58189e-02
0.91351	3.64788e-02
0.91380	3.71637e-02
0.91410	3.78636e-02
0.91439	3.85621e-02
0.91462	3.92410e-02
0.91478	3.98865e-02
0.91488	4.04910e-02
0.91492	4.10528e-02
0.91492	4.15741e-02
0.91506	4.22023e-02
0.91527	4.28555e-02
0.91553	4.35387e-02
0.91585	4.42451e-02
0.91620	4.49557e-02
0.91655	4.56423e-02
0.91687	4.62762e-02
0.91714	4.68355e-02
0.91736	4.73090e-02
0.91751	4.76958e-02
0.91762	4.80016e-02
0.91769	4.82353e-02
0.91774	4.84061e-02
0.91777	4.85226e-02
0.91780	4.85915e-02
0.91782	4.86183e-02
0.91785	4.86070e-02
0.91788	4.85604e-02
0.91792	4.84807e-02
0.91798	4.83694e-02
0.91804	4.82275e-02
0.91812	4.80561e-02
0.91822	4.78555e-02
0.91832	4.76265e-02
0.91844	4.73696e-02
0.91858	4.70851e-02
0.91873	4.67736e-02
0.91889	4.64356e-02
0.91906	4.60717e-02
0.91939	4.57452e-02
0.91970	4.53844e-02
0.92001	4.49912e-02
0.92032	4.45672e-02
0.92062	4.41143e-02
0.92092	4.36345e-02
0.92123	4.31293e-02
0.92160	4.24878e-02
0.92195	4.18562e-02
0.92229	4.12251e-02
0.92263	4.05897e-02
0.92297	3.99476e-02
0.92331	3.92977e-02
0.92364	3.86395e-02
0.92398	3.79733e-02
0.92431	3.72997e-02
0.92465	3.66195e-02
0.92498	3.59337e-02
0.92532	3.52436e-02
0.92566	3.45505e-02
0.92600	3.38558e-02
0.92633	3.31609e-02
0.92667	3.24674e-02
0.92700	3.17769e-02
0.92733	3.10910e-02
0.92766	3.04115e-02
0.92798	2.97399e-02
0.92830	2.90782e-02
0.92862	2.84279e-02
0.92893	2.77909e-02
0.92923	2.71688e-02
0.92953	2.65634e-02
0.92982	2.59763e-02
0.93010	2.54092e-02
0.93038	2.48636e-02
0.93065	2.43409e-02
0.93091	2.38428e-02
0.93115	2.33703e-02
0.93139	2.29246e-02
0.93162	2.25068e-02
0.93184	2.21177e-02
0.93205	2.17581e-02
0.93224	2.14283e-02
0.93242	2.11286e-02
0.93259	2.08592e-02
0.93275	2.06199e-02
0.93290	2.04104e-02
0.93303	2.02300e-02
0.93315	2.00781e-02
0.93325	1.99538e-02
0.93334	1.98560e-02
0.93342	1.97835e-02
0.93348	1.97350e-02
0.93353	1.97091e-02
0.93356	1.97044e-02
0.93358	1.97194e-02
0.93359	1.97525e-02
0.93358	1.98025e-02
0.93356	1.98677e-02
0.93358	2.00362e-02
0.93356	2.01715e-02
0.93351	2.02881e-02
0.93343	2.03951e-02
0.93333	2.04991e-02
0.93321	2.06048e-02
0.93307	2.07152e-02
0.93293	2.08326e-02
0.93277	2.09582e-02
0.93261	2.10929e-02
0.93244	2.12372e-02
0.93226	2.13913e-02
0.93235	2.16314e-02
0.93239	2.18773e-02
0.93258	2.24276e-02
0.93269	2.29037e-02
0.93272	2.33233e-02
0.93270	2.37012e-02
0.93263	2.40495e-02
0.93253	2.43775e-02
0.93241	2.46925e-02
0.93227	2.49997e-02
0.93211	2.53028e-02
0.93194	2.56047e-02
0.93176	2.59072e-02
0.93158	2.62118e-02
0.93139	2.65193e-02
0.93120	2.68303e-02
0.93100	2.71451e-02
0.93081	2.74638e-02
0.93078	2.76890e-02
0.93082	2.78898e-02
0.93093	2.80723e-02
0.93111	2.82426e-02
0.93135	2.84185e-02
0.93162	2.86190e-02
0.93188	2.88578e-02
0.93211	2.91395e-02
0.93228	2.94598e-02
0.93238	2.98093e-02
0.93242	3.01780e-02
0.93241	3.05572e-02
0.93236	3.09404e-02
0.93236	3.14095e-02
0.93236	3.19091e-02
0.93240	3.24458e-02
0.93248	3.30271e-02
0.93262	3.36595e-02
0.93317	3.37922e-02
0.93372	3.40653e-02
0.93428	3.44653e-02
0.93481	3.49637e-02
0.93531	3.55214e-02
0.93576	3.60975e-02
0.93616	3.66576e-02
0.93649	3.71778e-02
0.93678	3.76451e-02
0.93701	3.80551e-02
0.93721	3.84092e-02
0.93738	3.87116e-02
0.93754	3.89679e-02
0.93768	3.91832e-02
0.93782	3.93624e-02
0.93796	3.95093e-02
0.93811	3.96270e-02
0.93826	3.97181e-02
0.93843	3.97843e-02
0.93860	3.98271e-02
0.93879	3.98476e-02
0.93899	3.98467e-02
0.93921	3.98250e-02
0.93944	3.97832e-02
0.93968	3.97218e-02
0.93994	3.96411e-02
0.92442	3.29831e-02
0.92480	3.29758e-02
0.92520	3.29488e-02
0.92562	3.29024e-02
0.92605	3.28371e-02
0.92650	3.27533e-02
0.92697	3.26516e-02
0.92745	3.25325e-02
0.92795	3.23967e-02
0.92846	3.22448e-02
0.92898	3.20775e-02
0.92951	3.18956e-02
0.93006	3.16997e-02
0.93061	3.14907e-02
0.93118	3.12693e-02
0.93175	3.10365e-02
0.93234	3.07931e-02
0.93293	3.05399e-02
0.93352	3.02778e-02
0.93412	3.00079e-02
0.93473	2.97309e-02
0.93533	2.94479e-02
0.93594	2.91598e-02
0.93656	2.88675e-02
0.93717	2.85721e-02
0.93778	2.82744e-02
0.93839	2.79754e-02
0.93900	2.76762e-02
0.93961	2.73775e-02
0.94021	2.70805e-02
0.94080	2.67859e-02
0.94139	2.64948e-02
0.94198	2.62079e-02
0.94255	2.59263e-02
0.94312	2.56507e-02
0.94368	2.53819e-02
0.94422	2.51209e-02
0.94476	2.48683e-02
0.94561	2.49783e-02
0.94636	2.50109e-02
0.94703	2.49803e-02
0.94762	2.49002e-02
0.94817	2.47837e-02
0.94866	2.46430e-02
0.94911	2.44879e-02
0.94953	2.43263e-02
0.94992	2.41644e-02
0.95029	2.40067e-02
0.95063	2.38570e-02
0.95095	2.37176e-02
0.95125	2.35906e-02
0.95153	2.34775e-02
0.95179	2.33792e-02
0.95203	2.32966e-02
0.95225	2.32301e-02
0.95246	2.31803e-02
0.95301	2.31879e-02
0.95350	2.32159e-02
0.95393	2.32626e-02
0.95431	2.33269e-02
0.95464	2.34082e-02
0.95493	2.35062e-02
0.95518	2.36209e-02
0.95540	2.37526e-02
0.95559	2.39012e-02
0.95575	2.40669e-02
0.95589	2.42497e-02
0.95600	2.44495e-02
0.95609	2.46663e-02
0.95616	2.48999e-02
0.95621	2.51499e-02
0.95624	2.54160e-02
0.95625	2.56979e-02
0.95625	2.59950e-02
0.95659	2.57982e-02
0.95685	2.57164e-02
0.95703	2.57304e-02
0.95714	2.58237e-02
0.95720	2.59820e-02
0.95721	2.61926e-02
0.95719	2.64457e-02
0.95713	2.67333e-02
0.95705	2.70492e-02
0.95694	2.73884e-02
0.95682	2.77469e-02
0.95667	2.81215e-02
0.95651	2.85095e-02
0.95633	2.89094e-02
0.95614	2.93187e-02
0.95594	2.97361e-02
0.95572	3.01604e-02
0.95550	3.05903e-02
0.95527	3.10244e-02
0.95504	3.14615e-02
0.95480	3.19005e-02
0.95455	3.23402e-02
0.95430	3.27793e-02
0.95404	3.32169e-02
0.93939	3.28223e-02
0.93900	3.33150e-02
0.93861	3.37990e-02
0.93822	3.42731e-02
0.93782	3.47366e-02
0.93743	3.51884e-02
0.93703	3.56279e-02
0.93664	3.60541e-02
0.93625	3.64663e-02
0.93586	3.68637e-02
0.93548	3.72458e-02
0.93511	3.76117e-02
0.93474	3.79609e-02
0.93511	3.90373e-02
0.93540	3.99970e-02
0.93560	4.08367e-02
0.93570	4.15625e-02
0.93574	4.21863e-02
0.93571	4.27221e-02
0.93564	4.31824e-02
0.93553	4.35784e-02
0.93540	4.39187e-02
0.93525	4.42104e-02
0.93510	4.44589e-02
0.93493	4.46686e-02
0.93476	4.48427e-02
0.93460	4.49839e-02
0.93443	4.50942e-02
0.93427	4.51755e-02
0.93412	4.52292e-02
0.93397	4.52564e-02
0.93384	4.52583e-02
0.93371	4.52356e-02
0.93359	4.51894e-02
0.93348	4.51203e-02
0.93339	4.50291e-02
0.93330	4.49165e-02
0.93323	4.47831e-02
0.93317	4.46297e-02
0.93311	4.44568e-02
0.93307	4.42651e-02
0.93305	4.40553e-02
0.93303	4.38281e-02
0.93303	4.35841e-02
0.93303	4.33240e-02
0.93305	4.30485e-02
0.93308	4.27583e-02
0.93312	4.24542e-02
0.93317	4.21368e-02
0.93323	4.18069e-02
0.93330	4.14653e-02
0.93338	4.11126e-02
0.93347	4.07498e-02
0.93356	4.03774e-02
0.93367	3.99965e-02
0.93378	3.96076e-02
0.93391	3.92116e-02
0.93404	3.88094e-02
0.93417	3.84016e-02
0.93431	3.79892e-02
0.93446	3.75728e-02
0.93462	3.71533e-02
0.93478	3.67315e-02
0.93494	3.63080e-02
0.93511	3.58838e-02
0.93528	3.54596e-02
0.93546	3.50361e-02
0.93564	3.46140e-02
0.93582	3.41941e-02
0.93601	3.37771e-02
0.93619	3.33637e-02
0.93638	3.29546e-02
0.93657	3.25503e-02
0.93676	3.21517e-02
0.93695	3.17591e-02
0.93714	3.13734e-02
0.93740	3.09326e-02
0.93766	3.04899e-02
0.93793	3.00443e-02
0.93822	2.95959e-02
0.93851	2.91450e-02
0.93882	2.86921e-02
0.93913	2.82380e-02
0.93946	2.77833e-02
0.93979	2.73288e-02
0.94013	2.68751e-02
0.94048	2.64231e-02
0.94083	2.59736e-02
0.94119	2.55271e-02
0.94156	2.50846e-02
0.94193	2.46466e-02
0.94231	2.42140e-02
0.94269	2.37874e-02
0.94308	2.33675e-02
0.94346	2.29551e-02
0.94385	2.25506e-02
0.94424	2.21549e-02
0.94463	2.17686e-02
0.94502	2.13921e-02
0.94541	2.10266e-02
0.94580	2.06720e-02
0.94619	2.03291e-02
0.94657	1.99987e-02
0.94696	1.96814e-02
0.94734	1.93777e-02
0.94771	1.90881e-02
0.94809	1.88131e-02
0.94845	1.85530e-02
0.94882	1.83083e-02
0.94918	1.80794e-02
0.94953	1.78664e-02
0.94987	1.76698e-02
0.95021	1.74898e-02
0.95054	1.73265e-02
0.95087	1.71804e-02
0.95119	1.70514e-02
0.95149	1.69397e-02
0.95179	1.68455e-02
0.95208	1.67689e-02
0.95237	1.67099e-02
0.95264	1.66684e-02
0.95290	1.66446e-02
0.95315	1.66384e-02
0.95339	1.66496e-02
0.95363	1.66783e-02
0.95385	1.67242e-02
0.95406	1.67873e-02
0.95426	1.68673e-02
0.95444	1.69640e-02
0.95462	1.70772e-02
0.95479	1.72066e-02
0.95494	1.73518e-02
0.95509	1.75126e-02
0.95522	1.76887e-02
0.95534	1.78795e-02
0.95545	1.80848e-02
0.95556	1.83041e-02
0.95564	1.85368e-02
0.95572	1.87827e-02
0.95579	1.90411e-02
0.95585	1.93115e-02
0.95590	1.95934e-02
0.95594	1.98862e-02
0.95596	2.01894e-02
0.95598	2.05024e-02
0.95599	2.08245e-02
0.95599	2.11552e-02
0.95598	2.14937e-02
0.95597	2.18395e-02
0.95594	2.21918e-02
0.95591	2.25501e-02
0.95587	2.29136e-02
0.95582	2.32817e-02
0.95576	2.36536e-02
0.95570	2.40288e-02
0.95564	2.44063e-02
0.95556	2.47857e-02
0.95548	2.51661e-02
0.95540	2.55470e-02
0.95531	2.59275e-02
0.95522	2.63070e-02
0.95512	2.66848e-02
0.95502	2.70602e-02
0.95492	2.74325e-02
0.95481	2.78012e-02
0.95470	2.81654e-02
0.95459	2.85246e-02
0.95448	2.88782e-02
0.95437	2.92255e-02
0.95425	2.95658e-02
0.95414	2.98987e-02
0.95402	3.02235e-02
0.95391	3.05397e-02
0.95379	3.08466e-02
0.95368	3.11439e-02
0.95356	3.14310e-02
0.95351	3.16467e-02
0.95345	3.18635e-02
0.95338	3.20768e-02
0.95331	3.22841e-02
0.95324	3.24835e-02
0.95316	3.26735e-02
0.95309	3.28533e-02
0.95301	3.30219e-02
0.95294	3.31787e-02
0.95287	3.33232e-02
0.95280	3.34548e-02
0.95273	3.35731e-02
0.95267	3.36778e-02
0.95261	3.37686e-02
0.95255	3.38453e-02
0.95250	3.39076e-02
0.95245	3.39553e-02
0.95240	3.39882e-02
0.95236	3.40094e-02
0.95233	3.40184e-02
0.95231	3.40166e-02
0.95229	3.40048e-02
0.95229	3.39836e-02
0.95229	3.39534e-02
0.95231	3.39144e-02
0.95274	3.34620e-02
0.95313	3.30483e-02
0.95349	3.26700e-02
0.95382	3.23238e-02
0.92212	0.00000e+00
0.92269	0.00000e+00
0.92323	0.00000e+00
0.92374	0.00000e+00
0.92423	0.00000e+00
0.92469	0.00000e+00
0.92515	0.00000e+00
0.92559	0.00000e+00
0.92603	0.00000e+00
0.92646	0.00000e+00
0.92688	0.00000e+00
0.92731	0.00000e+00
0.92774	0.00000e+00
0.92816	0.00000e+00
0.92859	0.00000e+00
0.92902	0.00000e+00
0.92945	0.00000e+00
0.92988	0.00000e+00
0.93032	0.00000e+00
0.93075	0.00000e+00
0.93119	0.00000e+00
0.93163	0.00000e+00
0.93206	0.00000e+00
0.93250	0.00000e+00
0.93294	0.00000e+00
0.93337	0.00000e+00
0.93381	0.00000e+00
0.93424	0.00000e+00
0.93466	0.00000e+00
0.93508	0.00000e+00
0.93550	0.00000e+00
0.93591	0.00000e+00
0.93632	0.00000e+00
0.93672	0.00000e+00
0.93710	0.00000e+00
0.93748	0.00000e+00
0.93785	0.00000e+00
0.93821	0.00000e+00
0.93856	0.00000e+00
0.93890	0.00000e+00
0.93922	0.00000e+00
0.93953	0.00000e+00
0.93982	0.00000e+00
0.94010	0.00000e+00
0.94037	0.00000e+00
0.94061	0.00000e+00
0.94084	0.00000e+00
0.94105	0.00000e+00
0.94125	0.00000e+00
0.94142	0.00000e+00
0.94157	0.00000e+00
0.94171	0.00000e+00
0.94182	0.00000e+00
0.94191	0.00000e+00
0.94198	0.00000e+00
0.94203	0.00000e+00
0.94206	0.00000e+00
0.94206	0.00000e+00
0.94204	0.00000e+00
0.94200	0.00000e+00
0.94193	0.00000e+00
0.94185	0.00000e+00
0.94333	0.00000e+00
0.94473	0.00000e+00
0.94596	0.00000e+00
0.94698	0.00000e+00
0.94779	0.00000e+00
0.94839	0.00000e+00
0.94881	0.00000e+00
0.94907	0.00000e+00
0.94919	0.00000e+00
0.94921	0.00000e+00
0.94913	0.00000e+00
0.94897	0.00000e+00
0.94875	0.00000e+00
0.94848	0.00000e+00
0.94816	0.00000e+00
0.94780	0.00000e+00
0.94740	0.00000e+00
0.94697	0.00000e+00
0.94651	0.00000e+00
0.94602	0.00000e+00
0.94551	0.00000e+00
0.94498	0.00000e+00
0.94443	0.00000e+00
0.94386	0.00000e+00
0.94327	0.00000e+00
0.94267	0.00000e+00
0.94205	0.00000e+00
0.94143	0.00000e+00
0.94079	0.00000e+00
0.94013	0.00000e+00
0.93947	0.00000e+00
0.93881	0.00000e+00
0.93813	0.00000e+00
0.93745	0.00000e+00
0.93676	0.00000e+00
0.93607	0.00000e+00
0.93537	0.00000e+00
0.93467	0.00000e+00
0.93397	0.00000e+00
0.93327	0.00000e+00
0.93258	0.00000e+00
0.93188	0.00000e+00
0.93118	0.00000e+00
0.93049	0.00000e+00
0.92980	0.00000e+00
0.92911	0.00000e+00
0.92844	0.00000e+00
0.92776	0.00000e+00
0.92710	0.00000e+00
0.92644	0.00000e+00
0.92579	0.00000e+00
0.92515	0.00000e+00
0.92452	0.00000e+00
0.92390	0.00000e+00
0.92330	0.00000e+00
0.92270	0.00000e+00
0.92212	0.00000e+00
0.92155	0.00000e+00
0.92099	0.00000e+00
0.92045	0.00000e+00
0.91992	0.00000e+00
0.91941	0.00000e+00
0.91891	0.00000e+00
0.91843	0.00000e+00
0.91797	0.00000e+00
0.91752	0.00000e+00
0.91709	0.00000e+00
0.91667	0.00000e+00
0.91627	0.00000e+00
0.91589	0.00000e+00
0.91553	0.00000e+00
0.91518	0.00000e+00
0.91485	0.00000e+00
0.91454	0.00000e+00
0.91425	0.00000e+00
0.91397	0.00000e+00
0.91371	0.00000e+00
0.91347	0.00000e+00
0.91325	0.00000e+00
0.91305	0.00000e+00
0.91286	0.00000e+00
0.91269	0.00000e+00
0.91253	0.00000e+00
0.91240	0.00000e+00
0.91228	0.00000e+00
0.91217	0.00000e+00
0.91208	0.00000e+00
0.91201	0.00000e+00
0.91195	0.00000e+00
0.91191	0.00000e+00
0.91188	0.00000e+00
0.91187	0.00000e+00
0.91187	0.00000e+00
0.91189	0.00000e+00
0.91192	0.00000e+00
0.91201	0.00000e+00
0.91211	0.00000e+00
0.91221	0.00000e+00
0.91231	0.00000e+00
0.91242	0.00000e+00
0.91254	0.00000e+00
0.91267	0.00000e+00
0.91280	0.00000e+00
0.91293	0.00000e+00
0.91308	0.00000e+00
0.91323	0.00000e+00
0.91339	0.00000e+00
0.91355	0.00000e+00
0.91372	0.00000e+00
0.91390	0.00000e+00
0.91408	0.00000e+00
0.91426	0.00000e+00
0.91445	0.00000e+00
0.91465	0.00000e+00
0.91484	0.00000e+00
0.91504	0.00000e+00
0.91524	0.00000e+00
0.91544	0.00000e+00
0.91565	0.00000e+00
0.91585	0.00000e+00
0.91606	0.00000e+00
0.91626	0.00000e+00
0.91647	0.00000e+00
0.91667	0.00000e+00
0.91688	0.00000e+00
0.91708	0.00000e+00
0.91728	0.00000e+00
0.91747	0.00000e+00
0.91767	0.00000e+00
0.91786	0.00000e+00
0.91804	0.00000e+00
0.91823	0.00000e+00
0.91841	0.00000e+00
0.91858	0.00000e+00
0.91875	0.00000e+00
0.91892	0.00000e+00
0.91908	0.00000e+00
0.91923	0.00000e+00
0.91938	0.00000e+00
0.91952	0.00000e+00
0.91966	0.00000e+00
0.91979	0.00000e+00
0.91992	0.00000e+00
0.92004	0.00000e+00
0.92015	0.00000e+00
0.92026	0.00000e+00
0.92036	0.00000e+00
0.92046	0.00000e+00
0.92055	0.00000e+00
0.92063	0.00000e+00
0.92071	0.00000e+00
0.92078	0.00000e+00
0.92085	0.00000e+00
0.92091	0.00000e+00
0.92096	0.00000e+00
0.92101	0.00000e+00
0.92106	0.00000e+00
0.92110	0.00000e+00
0.92114	0.00000e+00
0.92117	0.00000e+00
0.92120	0.00000e+00
0.92123	0.00000e+00
0.92125	0.00000e+00
0.92127	0.00000e+00
0.92209	0.00000e+00
0.92280	0.00000e+00
0.92341	0.00000e+00
0.92391	0.00000e+00
0.92433	0.00000e+00
0.92468	0.00000e+00
0.92497	0.00000e+00
0.92521	0.00000e+00
0.92541	0.00000e+00
0.92557	0.00000e+00
0.92571	0.00000e+00
0.92583	0.00000e+00
0.92593	0.00000e+00
0.92601	0.00000e+00
0.92609	0.00000e+00
0.92616	0.00000e+00
0.92623	0.00000e+00
0.92629	0.00000e+00
0.92636	0.00000e+00
0.92642	0.00000e+00
0.92648	0.00000e+00
0.92655	0.00000e+00
0.92662	0.00000e+00
0.92669	0.00000e+00
0.92677	0.00000e+00
0.92685	0.00000e+00
0.92694	0.00000e+00
0.92704	0.00000e+00
0.92714	0.00000e+00
0.92724	0.00000e+00
0.92736	0.00000e+00
0.92748	0.00000e+00
0.92760	0.00000e+00
0.92774	0.00000e+00
0.92788	0.00000e+00
0.92803	0.00000e+00
0.92818	0.00000e+00
0.92834	0.00000e+00
0.92851	0.00000e+00
0.92869	0.00000e+00
0.92888	0.00000e+00
0.92907	0.00000e+00
0.92927	0.00000e+00
0.92947	0.00000e+00
0.92968	0.00000e+00
0.92990	0.00000e+00
0.93012	0.00000e+00
0.93035	0.00000e+00
0.93059	0.00000e+00
0.93083	0.00000e+00
0.93108	0.00000e+00
0.93133	0.00000e+00
0.93159	0.00000e+00
0.93185	0.00000e+00
0.93212	0.00000e+00
0.93239	0.00000e+00
0.93267	0.00000e+00
0.93294	0.00000e+00
0.93323	0.00000e+00
0.93351	0.00000e+00
0.93380	0.00000e+00
0.93409	0.00000e+00
0.93438	0.00000e+00
0.93467	0.00000e+00
0.93496	0.00000e+00
0.93526	0.00000e+00
0.93556	0.00000e+00
0.93585	0.00000e+00
0.93615	0.00000e+00
0.93645	0.00000e+00
0.93674	0.00000e+00
0.93704	0.00000e+00
0.93733	0.00000e+00
0.93763	0.00000e+00
0.93792	0.00000e+00
0.93821	0.00000e+00
0.93850	0.00000e+00
0.93878	0.00000e+00
0.93907	0.00000e+00
0.93935	0.00000e+00
0.93963	0.00000e+00
0.93990	0.00000e+00
0.94018	0.00000e+00
0.94044	0.00000e+00
0.94071	0.00000e+00
0.94097	0.00000e+00
0.94123	0.00000e+00
0.94148	0.00000e+00
0.94173	0.00000e+00
0.94198	0.00000e+00
0.94222	0.00000e+00
0.94245	0.00000e+00
0.94269	0.00000e+00
0.94291	0.00000e+00
0.94313	0.00000e+00
0.94335	0.00000e+00
0.94356	0.00000e+00
0.94377	0.00000e+00
0.94397	0.00000e+00
0.94417	0.00000e+00
0.94440	0.00000e+00
0.94460	0.00000e+00
0.94477	0.00000e+00
0.94494	0.00000e+00
0.94512	0.00000e+00
0.94530	0.00000e+00
0.94550	0.00000e+00
0.94570	0.00000e+00
0.94593	0.00000e+00
0.94616	0.00000e+00
0.94642	0.00000e+00
0.94669	0.00000e+00
0.94698	0.00000e+00
0.94728	0.00000e+00
0.94759	0.00000e+00
0.94792	0.00000e+00
0.94827	0.00000e+00
0.94863	0.00000e+00
0.94900	0.00000e+00
0.94938	0.00000e+00
0.94977	0.00000e+00
0.95018	0.00000e+00
0.95059	0.00000e+00
0.95102	0.00000e+00
0.95145	0.00000e+00
0.95189	0.00000e+00
0.95234	0.00000e+00
0.95279	0.00000e+00
0.95325	0.00000e+00
0.95372	0.00000e+00
0.95419	0.00000e+00
0.95466	0.00000e+00
0.95513	0.00000e+00
0.95561	0.00000e+00
0.95609	0.00000e+00
0.95657	0.00000e+00
0.95705	0.00000e+00
0.95753	0.00000e+00
0.95801	0.00000e+00
0.95849	0.00000e+00
0.95896	0.00000e+00
0.95943	0.00000e+00
0.95990	0.00000e+00
0.96036	0.00000e+00
0.96081	0.00000e+00
0.96126	0.00000e+00
0.96171	0.00000e+00
0.96214	0.00000e+00
0.96256	0.00000e+00
0.96298	0.00000e+00
0.96339	0.00000e+00
0.96378	0.00000e+00
0.96417	0.00000e+00
0.96454	0.00000e+00
0.96491	0.00000e+00
0.96526	0.00000e+00
0.96559	0.00000e+00
0.96592	0.00000e+00
0.96622	0.00000e+00
0.96652	0.00000e+00
0.96680	0.00000e+00
0.96706	0.00000e+00
0.96731	0.00000e+00
0.96754	0.00000e+00
0.96775	0.00000e+00
0.96795	0.00000e+00
0.96813	0.00000e+00
0.96829	0.00000e+00
0.96843	0.00000e+00
0.96856	0.00000e+00
0.96867	0.00000e+00
0.96876	0.00000e+00
0.96882	0.00000e+00
0.96888	0.00000e+00
0.96891	0.00000e+00
0.96892	0.00000e+00
0.96891	0.00000e+00
0.96889	0.00000e+00
0.96884	0.00000e+00
0.96878	0.00000e+00
0.96872	0.00000e+00
0.96866	0.00000e+00
0.96859	0.00000e+00
0.96852	0.00000e+00
0.96845	0.00000e+00
0.96837	0.00000e+00
0.96829	0.00000e+00
0.96822	0.00000e+00
0.96814	0.00000e+00
0.96806	0.00000e+00
0.96798	0.00000e+00
0.96789	0.00000e+00
0.96781	0.00000e+00
0.96772	0.00000e+00
0.96764	0.00000e+00
0.96755	0.00000e+00
0.96746	0.00000e+00
0.96737	0.00000e+00
0.96728	0.00000e+00
0.96719	0.00000e+00
0.96709	0.00000e+00
0.96700	0.00000e+00
0.96690	0.00000e+00
0.96680	0.00000e+00
0.96670	0.00000e+00
0.96660	0.00000e+00
0.96650	0.00000e+00
0.96640	0.00000e+00
0.96629	0.00000e+00
0.96619	0.00000e+00
0.96608	0.00000e+00
0.96597	0.00000e+00
0.96586	0.00000e+00
0.96575	0.00000e+00
0.96564	0.00000e+00
0.96553	0.00000e+00
0.96542	0.00000e+00
0.96531	0.00000e+00
0.96519	0.00000e+00
0.96508	0.00000e+00
0.96496	0.00000e+00
0.96485	0.00000e+00
0.96473	0.00000e+00
0.96462	0.00000e+00
0.96450	0.00000e+00
0.96438	0.00000e+00
0.96427	0.00000e+00
0.96415	0.00000e+00
0.96403	0.00000e+00
0.96392	0.00000e+00
0.96380	0.00000e+00
0.96368	0.00000e+00
0.96357	0.00000e+00
0.96345	0.00000e+00
0.96333	0.00000e+00
0.96322	0.00000e+00
0.96310	0.00000e+00
0.96299	0.00000e+00
0.96287	0.00000e+00
0.96276	0.00000e+00
0.96264	0.00000e+00
0.96253	0.00000e+00
0.96242	0.00000e+00
0.96230	0.00000e+00
0.96219	0.00000e+00
0.96208	0.00000e+00
0.96197	0.00000e+00
0.96187	0.00000e+00
0.96176	0.00000e+00
0.96165	0.00000e+00
0.96155	0.00000e+00
0.96144	0.00000e+00
0.96134	0.00000e+00
0.96124	0.00000e+00
0.96114	0.00000e+00
0.96104	0.00000e+00
0.96094	0.00000e+00
0.96085	0.00000e+00
0.96075	0.00000e+00
0.96066	0.00000e+00
0.96057	0.00000e+00
0.96048	0.00000e+00
0.96039	0.00000e+00
0.96031	0.00000e+00
0.96022	0.00000e+00
0.96014	0.00000e+00
0.96006	0.00000e+00
0.95998	0.00000e+00
0.95990	0.00000e+00
0.95982	0.00000e+00
0.95975	0.00000e+00
0.95968	0.00000e+00
0.95961	0.00000e+00
0.95954	0.00000e+00
0.95948	0.00000e+00
0.95941	0.00000e+00
0.95935	0.00000e+00
0.95929	0.00000e+00
0.95924	0.00000e+00
0.95918	0.00000e+00
0.95975	0.00000e+00
0.96016	0.00000e+00
0.96046	0.00000e+00
0.96067	0.00000e+00
0.96081	0.00000e+00
0.96092	0.00000e+00
0.96099	0.00000e+00
0.96103	0.00000e+00
0.96106	0.00000e+00
0.96107	0.00000e+00
0.96108	0.00000e+00
0.96108	0.00000e+00
0.96107	0.00000e+00
0.96106	0.00000e+00
0.96106	0.00000e+00
0.96106	0.00000e+00
0.96106	0.00000e+00
0.96105	0.00000e+00
0.96105	0.00000e+00
0.96105	0.00000e+00
0.96106	0.00000e+00
0.96106	0.00000e+00
0.96107	0.00000e+00
0.96109	0.00000e+00
0.96110	0.00000e+00
0.96114	0.00000e+00
0.96121	0.00000e+00
0.96131	0.00000e+00
0.96148	0.00000e+00
0.96173	0.00000e+00
0.96209	0.00000e+00
0.96261	0.00000e+00
0.96332	0.00000e+00
0.96426	0.00000e+00
0.96547	0.00000e+00
0.96693	0.00000e+00
0.96862	0.00000e+00
0.97044	0.00000e+00
0.97228	0.00000e+00
0.97403	0.00000e+00
0.97560	0.00000e+00
0.97693	0.00000e+00
0.97801	0.00000e+00
0.97887	0.00000e+00
0.97952	0.00000e+00
0.98001	0.00000e+00
0.98037	0.00000e+00
0.98063	0.00000e+00
0.98081	0.00000e+00
0.98094	0.00000e+00
0.98103	0.00000e+00
0.98108	0.00000e+00
0.98112	0.00000e+00
0.98114	0.00000e+00
0.98115	0.00000e+00
0.98116	0.00000e+00
0.98116	0.00000e+00
0.98115	0.00000e+00
0.98114	0.00000e+00
