0.17928	6.40202e-02
0.17766	6.64943e-02
0.17600	6.89627e-02
0.17431	7.13989e-02
0.17263	7.37584e-02
0.17098	7.59555e-02
0.16946	7.78323e-02
0.16815	7.92314e-02
0.16704	8.02251e-02
0.16603	8.10377e-02
0.16506	8.18198e-02
0.16408	8.26359e-02
0.16310	8.35080e-02
0.16210	8.44375e-02
0.16110	8.54135e-02
0.16009	8.64154e-02
0.15909	8.74118e-02
0.15813	8.83580e-02
0.15725	8.91924e-02
0.15647	8.98362e-02
0.15586	9.02019e-02
0.15547	9.02113e-02
0.15532	8.98131e-02
0.15541	8.89940e-02
0.15572	8.78029e-02
0.15616	8.63502e-02
0.15666	8.47525e-02
0.15716	8.30971e-02
0.15765	8.14439e-02
0.15808	7.98347e-02
0.15846	7.83009e-02
0.15876	7.68676e-02
0.15898	7.55553e-02
0.15911	7.43813e-02
0.15916	7.33598e-02
0.15911	7.25024e-02
0.15896	7.18179e-02
0.15873	7.13119e-02
0.15839	7.09873e-02
0.15797	7.08438e-02
0.15745	7.08778e-02
0.15684	7.10828e-02
0.15615	7.14494e-02
0.15538	7.19651e-02
0.15453	7.26147e-02
0.15361	7.33801e-02
0.15262	7.42403e-02
0.15159	7.51709e-02
0.15052	7.61442e-02
0.14942	7.71292e-02
0.14832	7.80927e-02
0.14724	7.90018e-02
0.14618	7.98279e-02
0.14516	8.05505e-02
0.14421	8.11588e-02
0.14331	8.16489e-02
0.14247	8.20198e-02
0.14170	8.22704e-02
0.14100	8.24006e-02
0.14036	8.24136e-02
0.13980	8.23191e-02
0.13928	8.21335e-02
0.13882	8.18779e-02
0.13839	8.15751e-02
0.13798	8.12464e-02
0.13758	8.09109e-02
0.13719	8.05848e-02
0.13680	8.02812e-02
0.13641	8.00113e-02
0.13602	7.97845e-02
0.13562	7.96087e-02
0.13521	7.94907e-02
0.13481	7.94363e-02
0.13440	7.94500e-02
0.13399	7.95352e-02
0.13358	7.96935e-02
0.13317	7.99246e-02
0.13278	8.02262e-02
0.13239	8.05939e-02
0.13202	8.10213e-02
0.13167	8.15001e-02
0.13135	8.20213e-02
0.13106	8.25751e-02
0.13081	8.31524e-02
0.13059	8.37442e-02
0.13042	8.43425e-02
0.13030	8.49386e-02
0.13024	8.55232e-02
0.13024	8.60857e-02
0.13030	8.66168e-02
0.13044	8.71115e-02
0.13064	8.75697e-02
0.13094	8.79619e-02
0.13177	8.76175e-02
0.13313	8.65073e-02
0.13454	8.53458e-02
0.13596	8.41960e-02
0.13736	8.30777e-02
0.13874	8.20041e-02
0.14009	8.09858e-02
0.14114	8.00876e-02
0.14214	7.92783e-02
0.14307	7.85618e-02
0.14393	7.79409e-02
0.14473	7.74174e-02
0.14545	7.69920e-02
0.14610	7.66643e-02
0.14667	7.64331e-02
0.14717	7.62962e-02
0.14759	7.62506e-02
0.14794	7.62925e-02
0.14821	7.64175e-02
0.14840	7.66204e-02
0.14853	7.68957e-02
0.14858	7.72372e-02
0.14855	7.76386e-02
0.14847	7.80931e-02
0.14831	7.85933e-02
0.14811	7.91127e-02
0.14846	7.85164e-02
0.14889	7.76929e-02
0.14926	7.68926e-02
0.14958	7.61147e-02
0.14985	7.53568e-02
0.15006	7.46166e-02
0.15024	7.38919e-02
0.15036	7.31806e-02
0.15045	7.24809e-02
0.15049	7.17914e-02
0.15049	7.11111e-02
0.15046	7.04396e-02
0.15038	6.97766e-02
0.15027	6.91227e-02
0.15013	6.84789e-02
0.14995	6.78469e-02
0.14973	6.72290e-02
0.14948	6.66281e-02
0.14920	6.60480e-02
0.14889	6.54934e-02
0.14855	6.49694e-02
0.14818	6.44821e-02
0.14779	6.40384e-02
0.14737	6.36455e-02
0.14692	6.33115e-02
0.14645	6.30442e-02
0.14596	6.28517e-02
0.14544	6.27419e-02
0.14491	6.27216e-02
0.14435	6.27969e-02
0.14378	6.29723e-02
0.14319	6.32507e-02
0.14258	6.36327e-02
0.14197	6.41166e-02
0.14134	6.46983e-02
0.14071	6.53709e-02
0.14008	6.61248e-02
0.13945	6.69478e-02
0.13884	6.78253e-02
0.13824	6.87403e-02
0.13766	6.96735e-02
0.13713	7.06039e-02
0.13663	7.15093e-02
0.13619	7.23665e-02
0.13582	7.31533e-02
0.13553	7.38495e-02
0.13532	7.44400e-02
0.13519	7.49167e-02
0.13516	7.52797e-02
0.13520	7.55370e-02
0.13532	7.57025e-02
0.13550	7.57934e-02
0.13572	7.58278e-02
0.13599	7.58235e-02
0.13629	7.57970e-02
0.13661	7.57628e-02
0.13694	7.57338e-02
0.13728	7.57210e-02
0.13763	7.57334e-02
0.13798	7.57781e-02
0.13833	7.58607e-02
0.13868	7.59846e-02
0.13902	7.61516e-02
0.13937	7.63617e-02
0.13972	7.66133e-02
0.14007	7.69030e-02
0.14042	7.72260e-02
0.14078	7.75762e-02
0.14115	7.79464e-02
0.14153	7.83285e-02
0.14194	7.87136e-02
0.14236	7.90927e-02
0.14280	7.94564e-02
0.14327	7.97958e-02
0.14377	8.01023e-02
0.14430	8.03681e-02
0.14485	8.05864e-02
0.14544	8.07515e-02
0.14605	8.08589e-02
0.14669	8.09053e-02
0.14735	8.08887e-02
0.14763	8.06438e-02
0.14792	8.03380e-02
0.14822	7.99764e-02
0.14852	7.95644e-02
0.14881	7.91072e-02
0.14910	7.86100e-02
0.14937	7.80776e-02
0.14963	7.75147e-02
0.14986	7.69261e-02
0.15006	7.63161e-02
0.15022	7.56891e-02
0.15036	7.50494e-02
0.15045	7.44013e-02
0.15051	7.37489e-02
0.15052	7.30964e-02
0.15049	7.24479e-02
0.15042	7.18073e-02
0.15030	7.11785e-02
0.15014	7.05652e-02
0.14994	6.99709e-02
0.14969	6.93989e-02
0.14940	6.88522e-02
0.14907	6.83335e-02
0.14871	6.78452e-02
0.14831	6.73893e-02
0.14788	6.69673e-02
0.14742	6.65805e-02
0.14693	6.62293e-02
0.14641	6.59140e-02
0.14588	6.56343e-02
0.14532	6.53891e-02
0.14475	6.51771e-02
0.14417	6.49963e-02
0.14357	6.48442e-02
0.14297	6.47179e-02
0.14237	6.46139e-02
0.14176	6.45283e-02
0.14115	6.44568e-02
0.14055	6.43948e-02
0.13995	6.43374e-02
0.13936	6.42796e-02
0.13878	6.42163e-02
0.13822	6.41426e-02
0.13767	6.40544e-02
0.13714	6.39480e-02
0.13664	6.38213e-02
0.13615	6.36735e-02
0.13569	6.35057e-02
0.13525	6.33208e-02
0.13482	6.31233e-02
0.13442	6.29191e-02
0.13402	6.27151e-02
0.13364	6.25188e-02
0.13327	6.23380e-02
0.13290	6.21802e-02
0.13253	6.20528e-02
0.13217	6.19624e-02
0.13180	6.19152e-02
0.13143	6.19163e-02
0.13105	6.19700e-02
0.13066	6.20795e-02
0.13027	6.22471e-02
0.12987	6.24737e-02
0.12946	6.27588e-02
0.12905	6.31010e-02
0.12863	6.34970e-02
0.12821	6.39420e-02
0.12780	6.44295e-02
0.12740	6.49510e-02
0.12701	6.54956e-02
0.12664	6.60499e-02
0.12631	6.65975e-02
0.12602	6.71187e-02
0.12578	6.75905e-02
0.12562	6.79876e-02
0.12554	6.82844e-02
0.12556	6.84588e-02
0.12568	6.84969e-02
0.12591	6.83962e-02
0.12623	6.81649e-02
0.12664	6.78187e-02
0.12712	6.73762e-02
0.12766	6.68552e-02
0.12824	6.62716e-02
0.12885	6.56392e-02
0.12949	6.49695e-02
0.13015	6.42729e-02
0.13082	6.35591e-02
0.13148	6.28369e-02
0.13214	6.21151e-02
0.13280	6.14019e-02
0.13343	6.07049e-02
0.13405	6.00313e-02
0.13465	5.93877e-02
0.13523	5.87796e-02
0.13578	5.82121e-02
0.13631	5.76893e-02
0.13681	5.72145e-02
0.13728	5.67903e-02
0.13773	5.64185e-02
0.13777	5.60041e-02
0.13778	5.56252e-02
0.13777	5.52807e-02
0.13774	5.49696e-02
0.13769	5.46904e-02
0.13764	5.44415e-02
0.13757	5.42213e-02
0.13749	5.40288e-02
0.13740	5.38629e-02
0.13731	5.37237e-02
0.13721	5.36114e-02
0.13711	5.35274e-02
0.13701	5.34736e-02
0.13691	5.34523e-02
0.13681	5.34665e-02
0.13671	5.35193e-02
0.13661	5.36141e-02
0.13652	5.37538e-02
0.13643	5.39414e-02
0.13634	5.41791e-02
0.13625	5.44688e-02
0.13617	5.48118e-02
0.13610	5.52085e-02
0.13602	5.56590e-02
0.13595	5.61624e-02
0.13588	5.67174e-02
0.13582	5.73222e-02
0.13576	5.79745e-02
0.13570	5.86715e-02
0.13564	5.94102e-02
0.13559	6.01874e-02
0.13553	6.09996e-02
0.13547	6.18430e-02
0.13542	6.27138e-02
0.13535	6.36083e-02
0.13529	6.45223e-02
0.13522	6.54518e-02
0.13515	6.63927e-02
0.13508	6.73406e-02
0.13500	6.82914e-02
0.13491	6.92406e-02
0.13483	7.01840e-02
0.13474	7.11172e-02
0.13464	7.20360e-02
0.13455	7.29363e-02
0.13446	7.38142e-02
0.13437	7.46659e-02
0.13429	7.54880e-02
0.13421	7.62773e-02
0.13413	7.70310e-02
0.13407	7.77464e-02
0.13402	7.84214e-02
0.13397	7.90537e-02
0.13395	7.96415e-02
0.13394	8.01828e-02
0.13395	8.06758e-02
0.13398	8.11186e-02
0.13403	8.15091e-02
0.13411	8.18454e-02
0.13422	8.21254e-02
0.13436	8.23472e-02
0.13453	8.25092e-02
0.13473	8.26102e-02
0.13497	8.26496e-02
0.13525	8.26274e-02
0.13556	8.25448e-02
0.13591	8.24037e-02
0.13630	8.22070e-02
0.13672	8.19584e-02
0.13717	8.16624e-02
0.13765	8.13242e-02
0.13817	8.09491e-02
0.13871	8.05424e-02
0.13927	8.01093e-02
0.13986	7.96546e-02
0.14046	7.91824e-02
0.14109	7.86959e-02
0.14174	7.81978e-02
0.14241	7.76898e-02
0.14309	7.71732e-02
0.14379	7.66486e-02
0.14451	7.61161e-02
0.14523	7.55759e-02
0.14597	7.50279e-02
0.14672	7.44720e-02
0.14748	7.39085e-02
0.14824	7.33378e-02
0.14899	7.27608e-02
0.14974	7.21787e-02
0.15048	7.15927e-02
0.15121	7.10049e-02
0.15192	7.04171e-02
0.15261	6.98316e-02
0.15327	6.92510e-02
0.15390	6.86778e-02
0.15449	6.81147e-02
0.15505	6.75645e-02
0.15557	6.70298e-02
0.15604	6.65134e-02
0.15646	6.60179e-02
0.15659	6.55666e-02
0.15667	6.51421e-02
0.15669	6.47464e-02
0.15666	6.43813e-02
0.15656	6.40482e-02
0.15640	6.37482e-02
0.15618	6.34824e-02
0.15590	6.32516e-02
0.15555	6.30562e-02
0.15513	6.28966e-02
0.15465	6.27730e-02
0.15411	6.26854e-02
0.15350	6.26338e-02
0.15282	6.26180e-02
0.15208	6.26376e-02
0.15128	6.26923e-02
0.15041	6.27815e-02
0.14948	6.29043e-02
0.14850	6.30597e-02
0.14745	6.32461e-02
0.14635	6.34614e-02
0.14520	6.37023e-02
0.14400	6.39640e-02
0.14276	6.42382e-02
0.14149	6.45111e-02
0.14019	6.47571e-02
0.13890	6.49276e-02
0.13765	6.49391e-02
0.13650	6.47023e-02
0.13544	6.42181e-02
0.13444	6.35792e-02
0.13345	6.28750e-02
0.13246	6.21588e-02
0.13144	6.14597e-02
0.13039	6.07947e-02
0.12931	6.01741e-02
0.12819	5.96043e-02
0.12704	5.90895e-02
0.12586	5.86317e-02
0.12464	5.82316e-02
0.12339	5.78884e-02
0.12211	5.76000e-02
0.12080	5.73632e-02
0.11947	5.71735e-02
0.11811	5.70255e-02
0.11674	5.69126e-02
0.11535	5.68276e-02
0.11396	5.67625e-02
0.11256	5.67085e-02
0.11117	5.66567e-02
0.10979	5.65972e-02
0.10843	5.65194e-02
0.10709	5.64109e-02
0.10580	5.62556e-02
0.10455	5.60323e-02
0.10338	5.57127e-02
0.10230	5.52653e-02
0.10132	5.46680e-02
0.10044	5.39242e-02
0.09965	5.30658e-02
0.09893	5.21389e-02
0.09824	5.11874e-02
0.09757	5.02472e-02
0.09692	4.93459e-02
0.09626	4.85045e-02
0.09560	4.77396e-02
0.09493	4.70641e-02
0.09424	4.64878e-02
0.09355	4.60179e-02
0.09284	4.56582e-02
0.09212	4.54092e-02
0.09139	4.52667e-02
0.09066	4.52211e-02
0.08995	4.52551e-02
0.08926	4.53415e-02
0.08862	4.54402e-02
0.08805	4.54966e-02
0.08761	4.54465e-02
0.08731	4.52337e-02
0.08717	4.48371e-02
0.08717	4.42848e-02
0.08728	4.36397e-02
0.08747	4.29733e-02
0.08770	4.23487e-02
0.08795	4.18156e-02
0.08820	4.14117e-02
0.08844	4.11642e-02
0.08867	4.10920e-02
0.08888	4.12065e-02
0.08907	4.15129e-02
0.08923	4.20102e-02
0.08936	4.26922e-02
0.08948	4.35481e-02
0.08958	4.45622e-02
0.08966	4.57147e-02
0.08974	4.69804e-02
0.08982	4.83276e-02
0.08994	4.97152e-02
0.09012	5.10894e-02
0.09039	5.23839e-02
0.09088	5.33097e-02
0.09152	5.40750e-02
0.09230	5.46772e-02
0.09322	5.51327e-02
0.09428	5.54632e-02
0.09544	5.56887e-02
0.09671	5.58275e-02
0.09807	5.58966e-02
0.09951	5.59118e-02
0.10101	5.58876e-02
0.10258	5.58364e-02
0.10419	5.57689e-02
0.10585	5.56938e-02
0.10755	5.56180e-02
0.10929	5.55470e-02
0.11105	5.54849e-02
0.11283	5.54349e-02
0.11463	5.53991e-02
0.11644	5.53786e-02
0.11826	5.53737e-02
0.12008	5.53842e-02
0.12190	5.54088e-02
0.12372	5.54458e-02
0.12553	5.54929e-02
0.12732	5.55474e-02
0.12910	5.56061e-02
0.13085	5.56658e-02
0.13258	5.57229e-02
0.13427	5.57740e-02
0.13593	5.58159e-02
0.13756	5.58454e-02
0.13913	5.58598e-02
0.14066	5.58568e-02
0.14214	5.58346e-02
0.14357	5.57920e-02
0.14493	5.57284e-02
0.14623	5.56442e-02
0.14746	5.55401e-02
0.14862	5.54179e-02
0.14970	5.52799e-02
0.15071	5.51295e-02
0.15163	5.49704e-02
0.15247	5.48071e-02
0.15321	5.46447e-02
0.15386	5.44887e-02
0.15442	5.43449e-02
0.15487	5.42192e-02
0.15522	5.41177e-02
0.15547	5.40461e-02
0.15561	5.40098e-02
0.15564	5.40134e-02
0.15556	5.40610e-02
0.15537	5.41551e-02
0.15507	5.42969e-02
0.15466	5.44856e-02
0.15414	5.47179e-02
0.15351	5.49872e-02
0.15278	5.52823e-02
0.15196	5.55857e-02
0.15106	5.58714e-02
0.15008	5.61019e-02
0.14906	5.62288e-02
0.14802	5.61992e-02
0.14697	5.59751e-02
0.14593	5.55527e-02
0.14488	5.49635e-02
0.14380	5.42565e-02
0.14268	5.34795e-02
0.14152	5.26716e-02
0.14030	5.18629e-02
0.13902	5.10762e-02
0.13767	5.03294e-02
0.13627	4.96371e-02
0.13481	4.90112e-02
0.13329	4.84618e-02
0.13172	4.79978e-02
0.13009	4.76268e-02
0.12842	4.73553e-02
0.12670	4.71889e-02
0.12494	4.71323e-02
0.12314	4.71888e-02
0.12131	4.73607e-02
0.11946	4.76491e-02
0.11757	4.80533e-02
0.11567	4.85710e-02
0.11375	4.91978e-02
0.11183	4.99264e-02
0.10990	5.07455e-02
0.10798	5.16385e-02
0.10608	5.25807e-02
0.10422	5.35373e-02
0.10243	5.44659e-02
0.10074	5.53339e-02
0.09914	5.61452e-02
0.09763	5.69418e-02
0.09617	5.77727e-02
0.09475	5.86694e-02
0.09336	5.96419e-02
0.09201	6.06818e-02
0.09070	6.17635e-02
0.08944	6.28450e-02
0.08832	6.38232e-02
0.08757	6.44225e-02
0.08735	6.44099e-02
0.08742	6.41328e-02
0.08763	6.37964e-02
0.08790	6.34789e-02
0.08821	6.32228e-02
0.08853	6.30517e-02
0.08885	6.29747e-02
0.08917	6.29872e-02
0.08951	6.30607e-02
0.08992	6.30909e-02
0.09067	6.27112e-02
0.09192	6.16460e-02
0.09337	6.02763e-02
0.09487	5.88081e-02
0.09638	5.72915e-02
0.09788	5.57427e-02
0.09936	5.41712e-02
0.10082	5.25866e-02
0.10223	5.10001e-02
0.10360	4.94247e-02
0.10492	4.78746e-02
0.10619	4.63654e-02
0.10738	4.49136e-02
0.10851	4.35362e-02
0.10956	4.22511e-02
0.11054	4.10762e-02
0.11144	4.00297e-02
0.11227	3.91289e-02
0.11301	3.83903e-02
0.11367	3.78281e-02
0.11426	3.74540e-02
0.11476	3.72759e-02
0.11519	3.72972e-02
0.11554	3.75171e-02
0.11582	3.79298e-02
0.11602	3.85251e-02
0.11616	3.92892e-02
0.11623	4.02049e-02
0.11623	4.12527e-02
0.11618	4.24113e-02
0.11607	4.36582e-02
0.11592	4.49695e-02
0.11573	4.63202e-02
0.11550	4.76841e-02
0.11526	4.90330e-02
0.11501	5.03380e-02
0.11476	5.15706e-02
0.11453	5.27062e-02
0.11433	5.37292e-02
0.11416	5.46352e-02
0.11402	5.54301e-02
0.11391	5.61256e-02
0.11382	5.67351e-02
0.11374	5.72714e-02
0.11368	5.77457e-02
0.11362	5.81682e-02
0.11356	5.85477e-02
0.11349	5.88923e-02
0.11342	5.92087e-02
0.11333	5.95027e-02
0.11322	5.97783e-02
0.11310	6.00386e-02
0.11295	6.02847e-02
0.11278	6.05164e-02
0.11258	6.07321e-02
0.11236	6.09290e-02
0.11212	6.11033e-02
0.11185	6.12504e-02
0.11156	6.13651e-02
0.11124	6.14422e-02
0.11091	6.14766e-02
0.11056	6.14638e-02
0.11020	6.13995e-02
0.10982	6.12807e-02
0.10942	6.11047e-02
0.10902	6.08693e-02
0.10860	6.05719e-02
0.10817	6.02095e-02
0.10774	5.97774e-02
0.10731	5.92699e-02
0.10688	5.86808e-02
0.10646	5.80060e-02
0.10604	5.72465e-02
0.10563	5.64097e-02
0.10521	5.55085e-02
0.10479	5.45581e-02
0.10435	5.35742e-02
0.10389	5.25711e-02
0.10340	5.15613e-02
0.10288	5.05559e-02
0.10233	4.95648e-02
0.10175	4.85972e-02
0.10113	4.76614e-02
0.10048	4.67656e-02
0.09979	4.59174e-02
0.09907	4.51244e-02
0.09832	4.43939e-02
0.09750	4.37783e-02
0.09664	4.32482e-02
0.09576	4.28106e-02
0.09483	4.24714e-02
0.09388	4.22353e-02
0.09289	4.21056e-02
0.09188	4.20839e-02
0.09083	4.21695e-02
0.08977	4.23601e-02
0.08868	4.26510e-02
0.08759	4.30353e-02
0.08648	4.35044e-02
0.08538	4.40480e-02
0.08428	4.46550e-02
0.08320	4.53140e-02
0.08214	4.60135e-02
0.08112	4.67405e-02
0.08015	4.74755e-02
0.07925	4.81815e-02
0.07848	4.87824e-02
0.07794	4.91393e-02
0.07772	4.91125e-02
0.07780	4.87356e-02
0.07808	4.81734e-02
0.07848	4.75533e-02
0.07894	4.69398e-02
0.07947	4.63617e-02
0.08003	4.58292e-02
0.08065	4.53445e-02
0.08131	4.49003e-02
0.08202	4.44810e-02
0.08280	4.40588e-02
0.08367	4.35916e-02
0.08464	4.30282e-02
0.08572	4.23309e-02
0.08691	4.15006e-02
0.08819	4.05728e-02
0.08951	3.95946e-02
0.09086	3.86095e-02
0.09223	3.76617e-02
0.09359	3.67744e-02
0.09493	3.59755e-02
0.09624	3.52897e-02
0.09753	3.47394e-02
0.09878	3.43440e-02
0.09999	3.41187e-02
0.10115	3.40744e-02
0.10227	3.42163e-02
0.10334	3.45433e-02
0.10437	3.50480e-02
0.10535	3.57165e-02
0.10629	3.65280e-02
0.10719	3.74551e-02
0.10807	3.84627e-02
0.10893	3.95069e-02
0.10979	4.05340e-02
0.11067	4.14804e-02
0.11161	4.22773e-02
0.11262	4.28637e-02
0.11372	4.32054e-02
0.11490	4.33067e-02
0.11615	4.32052e-02
0.11745	4.29544e-02
0.11876	4.26070e-02
0.12008	4.22077e-02
0.12138	4.17916e-02
0.12267	4.13852e-02
0.12393	4.10087e-02
0.12515	4.06774e-02
0.12633	4.04065e-02
0.12747	4.02023e-02
0.12857	4.00717e-02
0.12962	4.00197e-02
0.13063	4.00501e-02
0.13160	4.01651e-02
0.13251	4.03663e-02
0.13338	4.06538e-02
0.13421	4.10275e-02
0.13498	4.14860e-02
0.13570	4.20278e-02
0.13636	4.26506e-02
0.13697	4.33515e-02
0.13753	4.41275e-02
0.13803	4.49749e-02
0.13848	4.58897e-02
0.13887	4.68678e-02
0.13920	4.79045e-02
0.13948	4.89949e-02
0.13970	5.01338e-02
0.13987	5.13158e-02
0.13999	5.25351e-02
0.14006	5.37858e-02
0.14009	5.50616e-02
0.14007	5.63558e-02
0.14002	5.76613e-02
0.13993	5.89704e-02
0.13982	6.02749e-02
0.13968	6.15657e-02
0.13953	6.28331e-02
0.13937	6.40669e-02
0.13922	6.52752e-02
0.13908	6.64274e-02
0.13896	6.75149e-02
0.13886	6.85324e-02
0.13878	6.94785e-02
0.13872	7.03564e-02
0.13869	7.11735e-02
0.13867	7.19405e-02
0.13866	7.26695e-02
0.13866	7.33729e-02
0.13865	7.40622e-02
0.13864	7.47473e-02
0.13861	7.54361e-02
0.13856	7.61348e-02
0.13848	7.68479e-02
0.13838	7.75782e-02
0.13825	7.83274e-02
0.13808	7.90960e-02
0.13788	7.98835e-02
0.13764	8.06886e-02
0.13737	8.15092e-02
0.13706	8.23425e-02
0.13671	8.31848e-02
0.13632	8.40319e-02
0.13590	8.48785e-02
0.13543	8.57183e-02
0.13494	8.65438e-02
0.13441	8.73458e-02
0.13386	8.81129e-02
0.13329	8.88308e-02
0.13271	8.94830e-02
0.13213	9.00514e-02
0.13156	9.05211e-02
0.13101	9.08836e-02
0.13048	9.11339e-02
0.12999	9.12532e-02
0.12957	9.11756e-02
0.12932	9.07853e-02
0.12923	9.00672e-02
0.12923	8.91405e-02
0.12922	8.81205e-02
0.12919	8.70549e-02
0.12910	8.59640e-02
0.12897	8.48571e-02
0.12878	8.37385e-02
0.12854	8.26103e-02
0.12824	8.14734e-02
0.12790	8.03282e-02
0.12750	7.91754e-02
0.12707	7.80158e-02
0.12658	7.68508e-02
0.12606	7.56822e-02
0.12549	7.45127e-02
0.12489	7.33452e-02
0.12425	7.21836e-02
0.12357	7.10318e-02
0.12286	6.98941e-02
0.12212	6.87754e-02
0.12135	6.76802e-02
0.12055	6.66134e-02
0.11972	6.55798e-02
0.11888	6.45843e-02
0.11801	6.36317e-02
0.11712	6.27264e-02
0.11622	6.18732e-02
0.11530	6.10763e-02
0.11437	6.03397e-02
0.11344	5.96673e-02
0.11250	5.90624e-02
0.11155	5.85273e-02
0.11060	5.80652e-02
0.10965	5.76777e-02
0.10870	5.73658e-02
0.10775	5.71298e-02
0.10681	5.69690e-02
0.10588	5.68815e-02
0.10496	5.68643e-02
0.10405	5.69127e-02
0.10315	5.70195e-02
0.10228	5.71725e-02
0.10143	5.73489e-02
0.10065	5.74984e-02
0.10000	5.75053e-02
0.09956	5.72017e-02
0.09935	5.66009e-02
0.09924	5.58749e-02
0.09918	5.51308e-02
0.09914	5.44113e-02
0.09911	5.37332e-02
0.09908	5.31037e-02
0.09906	5.25254e-02
0.09903	5.19988e-02
0.09901	5.15236e-02
0.09898	5.10985e-02
0.09894	5.07218e-02
0.09891	5.03917e-02
0.09888	5.01059e-02
0.09884	4.98621e-02
0.09880	4.96579e-02
0.09877	4.94909e-02
0.09870	4.93337e-02
0.09864	4.92066e-02
0.09858	4.91079e-02
0.09853	4.90360e-02
0.09848	4.89898e-02
0.09845	4.89684e-02
0.09844	4.89712e-02
0.09843	4.89978e-02
0.09845	4.90477e-02
0.09848	4.91202e-02
0.09854	4.92137e-02
0.09862	4.93256e-02
0.09873	4.94512e-02
0.09888	4.95839e-02
0.09907	4.97160e-02
0.09930	4.98407e-02
0.09958	4.99561e-02
0.09991	5.00682e-02
0.10028	5.01901e-02
0.10069	5.03382e-02
0.10112	5.05285e-02
0.10157	5.07743e-02
0.10205	5.10856e-02
0.10254	5.14696e-02
0.10304	5.19314e-02
0.10356	5.24742e-02
0.10409	5.30999e-02
0.10463	5.38096e-02
0.10518	5.46035e-02
0.10574	5.54810e-02
0.10632	5.64413e-02
0.10690	5.74827e-02
0.10749	5.86032e-02
0.10809	5.98000e-02
0.10869	6.10701e-02
0.10929	6.24094e-02
0.10990	6.38136e-02
0.11050	6.52776e-02
0.11109	6.67958e-02
0.11168	6.83686e-02
0.11225	6.99816e-02
0.11280	7.16278e-02
0.11333	7.32995e-02
0.11384	7.49894e-02
0.11431	7.66897e-02
0.11475	7.83930e-02
0.11514	8.00918e-02
0.11550	8.17789e-02
0.11581	8.34470e-02
0.11608	8.50892e-02
0.11629	8.66986e-02
0.11645	8.82683e-02
0.11656	8.97918e-02
0.11661	9.12621e-02
0.11660	9.26722e-02
0.11654	9.40147e-02
0.11644	9.52805e-02
0.11628	9.64579e-02
0.11610	9.75289e-02
0.11591	9.84631e-02
0.11575	9.92103e-02
0.11567	9.97234e-02
0.11568	9.99863e-02
0.11575	1.00048e-01
0.11582	9.99605e-02
0.11587	9.97571e-02
0.11589	9.94564e-02
0.11587	9.90701e-02
0.11580	9.86068e-02
0.11568	9.80733e-02
0.11550	9.74759e-02
0.11527	9.68203e-02
0.11499	9.61122e-02
0.11464	9.53569e-02
0.11424	9.45595e-02
0.11377	9.37282e-02
0.11325	9.28645e-02
0.11267	9.19727e-02
0.11203	9.10567e-02
0.11134	9.01199e-02
0.11059	8.91655e-02
0.10979	8.81960e-02
0.10894	8.72136e-02
0.10805	8.62201e-02
0.10711	8.52169e-02
0.10614	8.42051e-02
0.10513	8.31855e-02
0.10409	8.21581e-02
0.10302	8.11219e-02
0.10194	8.00738e-02
0.10085	7.90066e-02
0.09977	7.79055e-02
0.09874	7.67411e-02
0.09778	7.54620e-02
0.09696	7.40049e-02
0.09631	7.23459e-02
0.09577	7.05239e-02
0.09533	6.85940e-02
0.09495	6.65975e-02
0.09461	6.45631e-02
0.09430	6.25383e-02
0.09402	6.05175e-02
0.09376	5.85189e-02
0.09353	5.65598e-02
0.09332	5.46569e-02
0.09314	5.28259e-02
0.09298	5.10826e-02
0.09285	4.94420e-02
0.09275	4.79188e-02
0.09268	4.65272e-02
0.09265	4.52803e-02
0.09267	4.41903e-02
0.09273	4.32673e-02
0.09284	4.25197e-02
0.09301	4.19533e-02
0.09323	4.15714e-02
0.09351	4.13742e-02
0.09385	4.13585e-02
0.09426	4.15175e-02
0.09473	4.18398e-02
0.09526	4.23095e-02
0.09587	4.29055e-02
0.09654	4.36019e-02
0.09729	4.43680e-02
0.09812	4.51702e-02
0.09904	4.59729e-02
0.10005	4.67414e-02
0.10117	4.74457e-02
0.10238	4.80641e-02
0.10368	4.85856e-02
0.10506	4.90106e-02
0.10651	4.93490e-02
0.10800	4.96163e-02
0.10952	4.98306e-02
0.11104	5.00093e-02
0.11254	5.01677e-02
0.11403	5.03185e-02
0.11546	5.04711e-02
0.11685	5.06326e-02
0.11817	5.08114e-02
0.11941	5.10049e-02
0.12058	5.12140e-02
0.12167	5.14387e-02
0.12267	5.16778e-02
0.12358	5.19291e-02
0.12440	5.21898e-02
0.12512	5.24562e-02
0.12574	5.27242e-02
0.12627	5.29892e-02
0.12670	5.32460e-02
0.12704	5.34897e-02
0.12729	5.37152e-02
0.12744	5.39183e-02
0.12751	5.40954e-02
0.12749	5.42443e-02
0.12738	5.43638e-02
0.12719	5.44541e-02
0.12692	5.45159e-02
0.12658	5.45503e-02
0.12615	5.45583e-02
0.12566	5.45408e-02
0.12510	5.44904e-02
0.12447	5.44129e-02
0.12378	5.43066e-02
0.12304	5.41692e-02
0.12224	5.39973e-02
0.12139	5.37868e-02
0.12051	5.35329e-02
0.11958	5.32301e-02
0.11864	5.28727e-02
0.11767	5.24553e-02
0.11669	5.19728e-02
0.11570	5.14212e-02
0.11471	5.07986e-02
0.11373	5.01058e-02
0.11275	4.93383e-02
0.11179	4.85126e-02
0.11083	4.76409e-02
0.10989	4.67397e-02
0.10894	4.58289e-02
0.10800	4.49314e-02
0.10706	4.40721e-02
0.10612	4.32775e-02
0.10517	4.25745e-02
0.10421	4.19896e-02
0.10325	4.15480e-02
0.10228	4.12721e-02
0.10131	4.11806e-02
0.10034	4.12862e-02
0.09937	4.15950e-02
0.09841	4.21038e-02
0.09748	4.27977e-02
0.09659	4.36468e-02
0.09576	4.45996e-02
0.09505	4.55768e-02
0.09451	4.64767e-02
0.09420	4.72168e-02
0.09412	4.77937e-02
0.09424	4.82757e-02
0.09454	4.87363e-02
0.09498	4.92272e-02
0.09557	4.97436e-02
0.09631	5.02752e-02
0.09719	5.08037e-02
0.09822	5.13111e-02
0.09941	5.17831e-02
0.10074	5.22084e-02
0.10222	5.25740e-02
0.10384	5.28615e-02
0.10559	5.30488e-02
0.10748	5.31177e-02
0.10949	5.30648e-02
0.11159	5.29055e-02
0.11377	5.26697e-02
0.11599	5.23916e-02
0.11822	5.21028e-02
0.12045	5.18286e-02
0.12266	5.15882e-02
0.12484	5.13949e-02
0.12697	5.12574e-02
0.12905	5.11806e-02
0.13107	5.11662e-02
0.13303	5.12130e-02
0.13492	5.13178e-02
0.13674	5.14750e-02
0.13849	5.16774e-02
0.14017	5.19161e-02
0.14176	5.21807e-02
0.14329	5.24596e-02
0.14474	5.27406e-02
0.14611	5.30107e-02
0.14742	5.32574e-02
0.14864	5.34690e-02
0.14980	5.36357e-02
0.15089	5.37502e-02
0.15190	5.38081e-02
0.15283	5.38081e-02
0.15368	5.37515e-02
0.15445	5.36417e-02
0.15515	5.34941e-02
0.15575	5.33028e-02
0.15626	5.30734e-02
0.15667	5.28112e-02
0.15699	5.25214e-02
0.15720	5.22086e-02
0.15731	5.18771e-02
0.15732	5.15307e-02
0.15722	5.11730e-02
0.15702	5.08071e-02
0.15671	5.04358e-02
0.15630	5.00619e-02
0.15579	4.96876e-02
0.15517	4.93153e-02
0.15445	4.89469e-02
0.15362	4.85843e-02
0.15270	4.82292e-02
0.15168	4.78833e-02
0.15056	4.75479e-02
0.14934	4.72245e-02
0.14803	4.69143e-02
0.14664	4.66187e-02
0.14515	4.63402e-02
0.14358	4.60782e-02
0.14193	4.58338e-02
0.14020	4.56079e-02
0.13840	4.54013e-02
0.13652	4.52150e-02
0.13458	4.50496e-02
0.13257	4.49058e-02
0.13051	4.47842e-02
0.12839	4.46850e-02
0.12623	4.46084e-02
0.12402	4.45543e-02
0.12177	4.45222e-02
0.11949	4.45114e-02
0.11717	4.45163e-02
0.11483	4.45386e-02
0.11248	4.45760e-02
0.11012	4.46255e-02
0.10775	4.46836e-02
0.10539	4.47464e-02
0.10304	4.48099e-02
0.10072	4.48704e-02
0.09842	4.49252e-02
0.09615	4.49735e-02
0.09394	4.50166e-02
0.09177	4.50586e-02
0.08965	4.51058e-02
0.08760	4.51654e-02
0.08561	4.52440e-02
0.08369	4.53452e-02
0.08185	4.54684e-02
0.08011	4.56072e-02
0.07847	4.57495e-02
0.07697	4.58796e-02
0.07561	4.59803e-02
0.07443	4.60375e-02
0.07342	4.60411e-02
0.07261	4.59866e-02
0.07199	4.58752e-02
0.07155	4.57028e-02
0.07130	4.54961e-02
0.07122	4.52723e-02
0.07129	4.50467e-02
0.07152	4.48283e-02
0.07188	4.46181e-02
0.07237	4.44093e-02
0.07299	4.41896e-02
0.07374	4.39464e-02
0.07461	4.36711e-02
0.07558	4.33626e-02
0.07663	4.30266e-02
0.07776	4.26726e-02
0.07893	4.23117e-02
0.08014	4.19538e-02
0.08137	4.16074e-02
0.08261	4.12791e-02
0.08383	4.09736e-02
0.08505	4.06937e-02
0.08625	4.04410e-02
0.08741	4.02160e-02
0.08855	4.00181e-02
0.08964	3.98461e-02
0.09070	3.96983e-02
0.09171	3.95726e-02
0.09268	3.94667e-02
0.09359	3.93783e-02
0.09446	3.93048e-02
0.09527	3.92440e-02
0.09603	3.91933e-02
0.09674	3.91507e-02
0.09739	3.91141e-02
0.09799	3.90817e-02
0.09853	3.90518e-02
0.09903	3.90233e-02
0.09947	3.89950e-02
0.09987	3.89664e-02
0.10022	3.89372e-02
0.10052	3.89076e-02
0.10077	3.88730e-02
0.10098	3.88393e-02
0.10115	3.88078e-02
0.10128	3.87801e-02
0.10138	3.87583e-02
0.10145	3.87444e-02
0.10148	3.87409e-02
0.10148	3.87500e-02
0.10146	3.87742e-02
0.10141	3.88157e-02
0.10134	3.88766e-02
0.10125	3.89590e-02
0.10114	3.90644e-02
0.10101	3.91942e-02
0.10087	3.93494e-02
0.10072	3.95304e-02
0.10056	3.97374e-02
0.10040	3.99699e-02
0.10023	4.02267e-02
0.10007	4.05060e-02
0.09991	4.08053e-02
0.09976	4.11209e-02
0.09962	4.14486e-02
0.09950	4.17817e-02
0.09940	4.21124e-02
0.09933	4.24311e-02
0.09930	4.27257e-02
0.09931	4.29813e-02
0.09938	4.31807e-02
0.09951	4.33048e-02
0.09970	4.33356e-02
0.09997	4.32601e-02
0.10032	4.30746e-02
0.10074	4.27865e-02
0.10123	4.24121e-02
0.10176	4.19721e-02
0.10234	4.14772e-02
0.10296	4.09619e-02
0.10359	4.04443e-02
0.10424	3.99402e-02
0.10489	3.94639e-02
0.10554	3.90282e-02
0.10619	3.86443e-02
0.10683	3.83224e-02
0.10746	3.80713e-02
0.10807	3.78983e-02
0.10866	3.78092e-02
0.10923	3.78081e-02
0.10977	3.78975e-02
0.11028	3.80779e-02
0.11077	3.83485e-02
0.11121	3.87067e-02
0.11163	3.91484e-02
0.11200	3.96686e-02
0.11234	4.02609e-02
0.11263	4.09182e-02
0.11289	4.16328e-02
0.11310	4.23964e-02
0.11327	4.32006e-02
0.11340	4.40366e-02
0.11348	4.48955e-02
0.11351	4.56916e-02
0.11349	4.64911e-02
0.11343	4.72862e-02
0.11334	4.80691e-02
0.11321	4.88322e-02
0.11305	4.95680e-02
0.11286	5.02692e-02
0.11264	5.09290e-02
0.11241	5.15412e-02
0.11215	5.20999e-02
0.11188	5.26003e-02
0.11159	5.30386e-02
0.11130	5.34120e-02
0.11099	5.37188e-02
0.11068	5.39589e-02
0.11036	5.41330e-02
0.11004	5.42433e-02
0.10971	5.42926e-02
0.10937	5.42850e-02
0.10902	5.42250e-02
0.10866	5.41179e-02
0.10829	5.39691e-02
0.10790	5.37846e-02
0.10750	5.35705e-02
0.10708	5.33329e-02
0.10664	5.30780e-02
0.10618	5.28114e-02
0.10571	5.25388e-02
0.10521	5.22652e-02
0.10469	5.19949e-02
0.10415	5.17316e-02
0.10359	5.14784e-02
0.10302	5.12377e-02
0.10243	5.10113e-02
0.10184	5.08010e-02
0.10123	5.06079e-02
0.10063	5.04325e-02
0.10002	5.02741e-02
0.09942	5.01300e-02
0.09884	4.99998e-02
0.09828	4.98699e-02
0.09775	4.97314e-02
0.09727	4.95750e-02
0.09684	4.93918e-02
0.09647	4.91742e-02
0.09617	4.89141e-02
0.09596	4.86017e-02
0.09583	4.82234e-02
0.09581	4.77612e-02
0.09591	4.71948e-02
0.09613	4.65060e-02
0.09648	4.56844e-02
0.09695	4.47318e-02
0.09754	4.36615e-02
0.09823	4.24959e-02
0.09901	4.12611e-02
0.09986	3.99846e-02
0.10077	3.86929e-02
0.10172	3.74116e-02
0.10271	3.61653e-02
0.10373	3.49772e-02
0.10477	3.38731e-02
0.10582	3.28709e-02
0.10688	3.19877e-02
0.10795	3.12374e-02
0.10902	3.06303e-02
0.11010	3.01727e-02
0.11118	2.98674e-02
0.11226	2.97141e-02
0.11334	2.97101e-02
0.11442	2.98514e-02
0.11549	3.01330e-02
0.11656	3.05497e-02
0.11762	3.10963e-02
0.11867	3.17676e-02
0.11971	3.25512e-02
0.12074	3.34468e-02
0.12175	3.44484e-02
0.12274	3.55495e-02
0.12371	3.67430e-02
0.12465	3.80212e-02
0.12558	3.93761e-02
0.12648	4.07996e-02
0.12735	4.22830e-02
0.12820	4.38180e-02
0.12902	4.53958e-02
0.12982	4.70077e-02
0.13060	4.86446e-02
0.13135	5.02966e-02
0.13208	5.19529e-02
0.13280	5.36005e-02
0.13350	5.52226e-02
0.13419	5.67961e-02
0.13488	5.82869e-02
0.13561	5.96435e-02
0.13639	6.07947e-02
0.13726	6.16664e-02
0.13824	6.22276e-02
0.13930	6.25182e-02
0.14040	6.26145e-02
0.14149	6.25571e-02
0.14255	6.24195e-02
0.14358	6.22306e-02
0.14456	6.20079e-02
0.14548	6.17623e-02
0.14634	6.15009e-02
0.14713	6.12282e-02
0.14785	6.09472e-02
0.14849	6.06600e-02
0.14905	6.03679e-02
0.14953	6.00716e-02
0.14993	5.97714e-02
0.15025	5.94674e-02
0.15049	5.91595e-02
0.15065	5.88470e-02
0.15072	5.85294e-02
0.15071	5.82057e-02
0.15062	5.78749e-02
0.15046	5.75358e-02
0.15022	5.71871e-02
0.14991	5.68274e-02
0.14952	5.64552e-02
0.14907	5.60688e-02
0.14856	5.56667e-02
0.14798	5.52473e-02
0.14734	5.48090e-02
0.14665	5.43502e-02
0.14591	5.38695e-02
0.14512	5.33657e-02
0.14429	5.28375e-02
0.14342	5.22839e-02
0.14251	5.17042e-02
0.14156	5.10977e-02
0.14059	5.04642e-02
0.13960	4.98037e-02
0.13858	4.91164e-02
0.13755	4.84029e-02
0.13650	4.76644e-02
0.13543	4.69022e-02
0.13437	4.61235e-02
0.13329	4.53260e-02
0.13221	4.45124e-02
0.13114	4.36864e-02
0.13006	4.28520e-02
0.12898	4.20138e-02
0.12790	4.11770e-02
0.12683	4.03471e-02
0.12576	3.95302e-02
0.12469	3.87325e-02
0.12363	3.79602e-02
0.12256	3.72198e-02
0.12150	3.65174e-02
0.12043	3.58586e-02
0.11937	3.52489e-02
0.11830	3.46927e-02
0.11724	3.41940e-02
0.11616	3.37557e-02
0.11509	3.33799e-02
0.11400	3.30677e-02
0.11292	3.28195e-02
0.11182	3.26347e-02
0.11071	3.25045e-02
0.10959	3.24343e-02
0.10846	3.24211e-02
0.10733	3.24620e-02
0.10619	3.25533e-02
0.10505	3.26909e-02
0.10390	3.28706e-02
0.10275	3.30879e-02
0.10161	3.33380e-02
0.10046	3.36163e-02
0.09933	3.39180e-02
0.09821	3.42387e-02
0.09709	3.45744e-02
0.09600	3.49212e-02
0.09493	3.52735e-02
0.09389	3.56310e-02
0.09288	3.59922e-02
0.09189	3.63557e-02
0.09094	3.67146e-02
0.09002	3.70734e-02
0.08914	3.74323e-02
0.08830	3.77910e-02
0.08750	3.81496e-02
0.08675	3.85086e-02
0.08603	3.88690e-02
0.08536	3.92329e-02
0.08474	3.96041e-02
0.08416	3.99872e-02
0.08362	4.03882e-02
0.08312	4.08127e-02
0.08267	4.12650e-02
0.08225	4.17471e-02
0.08187	4.22558e-02
0.08155	4.27809e-02
0.08128	4.32994e-02
0.08110	4.37695e-02
0.08104	4.41230e-02
0.08116	4.42734e-02
0.08149	4.41604e-02
0.08200	4.37900e-02
0.08267	4.32464e-02
0.08343	4.26191e-02
0.08425	4.19767e-02
0.08511	4.13669e-02
0.08597	4.08226e-02
0.08684	4.03674e-02
0.08771	4.00188e-02
0.08857	3.97894e-02
0.08941	3.96877e-02
0.09023	3.97186e-02
0.09102	3.98830e-02
0.09180	4.01782e-02
0.09255	4.05976e-02
0.09328	4.11308e-02
0.09399	4.17631e-02
0.09468	4.24751e-02
0.09535	4.32419e-02
0.09603	4.40336e-02
0.09672	4.48180e-02
0.09742	4.55680e-02
0.09815	4.62693e-02
0.09890	4.69229e-02
0.09966	4.75385e-02
0.10042	4.81270e-02
0.10118	4.86966e-02
0.10193	4.92523e-02
0.10267	4.97963e-02
0.10340	5.03291e-02
0.10411	5.08505e-02
0.10481	5.13599e-02
0.10548	5.18564e-02
0.10614	5.23396e-02
0.10677	5.28091e-02
0.10738	5.32646e-02
0.10796	5.37062e-02
0.10852	5.41341e-02
0.10906	5.45486e-02
0.10956	5.49499e-02
0.11001	5.53223e-02
0.11043	5.56860e-02
0.11081	5.60410e-02
0.11117	5.63874e-02
0.11149	5.67253e-02
0.11178	5.70546e-02
0.11203	5.73752e-02
0.11225	5.76874e-02
0.11244	5.79911e-02
0.11259	5.82863e-02
0.11270	5.85733e-02
0.11277	5.88520e-02
0.11281	5.91224e-02
0.11282	5.93840e-02
0.11279	5.96360e-02
0.11273	5.98770e-02
0.11264	6.01045e-02
0.11252	6.03147e-02
0.11238	6.05022e-02
0.11222	6.06592e-02
0.11205	6.07753e-02
0.11189	6.08374e-02
0.11173	6.08303e-02
0.11159	6.07410e-02
0.11148	6.05585e-02
0.11140	6.02781e-02
0.11135	5.99019e-02
0.11133	5.94367e-02
0.11133	5.88913e-02
0.11135	5.82742e-02
0.11138	5.75923e-02
0.11143	5.68511e-02
0.11149	5.60550e-02
0.11156	5.52074e-02
0.11163	5.43119e-02
0.11171	5.33723e-02
0.11178	5.23922e-02
0.11186	5.13768e-02
0.11193	5.03315e-02
0.11199	4.92622e-02
0.11204	4.81756e-02
0.11207	4.70780e-02
0.11209	4.59761e-02
0.11208	4.48769e-02
0.11205	4.37870e-02
0.11200	4.27132e-02
0.11191	4.16619e-02
0.11180	4.06395e-02
0.11165	3.96520e-02
0.11148	3.87052e-02
0.11127	3.78048e-02
0.11102	3.69562e-02
0.11075	3.61642e-02
0.11043	3.54335e-02
0.11009	3.47683e-02
0.10971	3.41721e-02
0.10929	3.36476e-02
0.10884	3.31971e-02
0.10836	3.28217e-02
0.10784	3.25217e-02
0.10729	3.22965e-02
0.10672	3.21300e-02
0.10611	3.20347e-02
0.10547	3.20079e-02
0.10480	3.20466e-02
0.10410	3.21477e-02
0.10337	3.23084e-02
0.10261	3.25260e-02
0.10182	3.27983e-02
0.10100	3.31226e-02
0.10014	3.34966e-02
0.09926	3.39169e-02
0.09834	3.43794e-02
0.09739	3.48788e-02
0.09642	3.54086e-02
0.09542	3.59610e-02
0.09440	3.65275e-02
0.09336	3.70998e-02
0.09230	3.76703e-02
0.09124	3.82333e-02
0.09017	3.87857e-02
0.08910	3.93267e-02
0.08802	3.98578e-02
0.08695	4.03817e-02
0.08588	4.09016e-02
0.08482	4.14203e-02
0.08376	4.19398e-02
0.08272	4.24612e-02
0.08169	4.29851e-02
0.08069	4.35117e-02
0.07971	4.40415e-02
0.07876	4.45756e-02
0.07785	4.51160e-02
0.07698	4.56652e-02
0.07614	4.62264e-02
0.07536	4.68028e-02
0.07462	4.73972e-02
0.07393	4.80112e-02
0.07329	4.86457e-02
0.07271	4.92999e-02
0.07221	4.99608e-02
0.07178	5.06350e-02
0.07141	5.13171e-02
0.07113	5.19995e-02
0.07092	5.26718e-02
0.07081	5.33203e-02
0.07081	5.39280e-02
0.07092	5.44749e-02
0.07117	5.49371e-02
0.07157	5.52814e-02
0.07216	5.54592e-02
0.07295	5.54306e-02
0.07392	5.52194e-02
0.07500	5.48942e-02
0.07614	5.45121e-02
0.07729	5.41068e-02
0.07846	5.36970e-02
0.07960	5.32930e-02
0.08073	5.29003e-02
0.08183	5.25210e-02
0.08290	5.21549e-02
0.08393	5.17995e-02
0.08493	5.14439e-02
0.08591	5.10858e-02
0.08686	5.07158e-02
0.08777	5.03217e-02
0.08867	4.98891e-02
0.08955	4.94025e-02
0.09041	4.88475e-02
0.09126	4.82135e-02
0.09210	4.74966e-02
0.09291	4.66990e-02
0.09371	4.58279e-02
0.09447	4.48929e-02
0.09519	4.39040e-02
0.09587	4.28703e-02
0.09647	4.17814e-02
0.09702	4.06596e-02
0.09751	3.95109e-02
0.09795	3.83405e-02
0.09829	3.71329e-02
0.09857	3.59145e-02
0.09879	3.46904e-02
0.09896	3.34661e-02
0.09907	3.22475e-02
0.09913	3.10412e-02
0.09914	2.98546e-02
0.09910	2.86960e-02
0.09902	2.75748e-02
0.09889	2.65017e-02
0.09872	2.54885e-02
0.09851	2.45486e-02
0.09827	2.36962e-02
0.09799	2.29467e-02
0.09769	2.23154e-02
0.09737	2.18175e-02
0.09703	2.14662e-02
0.09667	2.12727e-02
0.09631	2.12439e-02
0.09594	2.13828e-02
0.09558	2.16875e-02
0.09533	2.22496e-02
0.09510	2.29571e-02
0.09489	2.37981e-02
0.09469	2.47593e-02
0.09453	2.58268e-02
0.09439	2.69869e-02
0.09429	2.82263e-02
0.09424	2.95324e-02
0.09423	3.08936e-02
0.09428	3.22992e-02
0.09439	3.37390e-02
0.09456	3.52039e-02
0.09481	3.66849e-02
0.09513	3.81738e-02
0.09552	3.96625e-02
0.09600	4.11429e-02
0.09657	4.26067e-02
0.09724	4.40452e-02
0.09799	4.54490e-02
0.09885	4.68079e-02
0.09981	4.81111e-02
0.10087	4.93482e-02
0.10204	5.05099e-02
0.10332	5.15895e-02
0.10470	5.25842e-02
0.10617	5.34950e-02
0.10774	5.43267e-02
0.10938	5.50859e-02
0.11108	5.57802e-02
0.11284	5.64175e-02
0.11463	5.70046e-02
0.11646	5.75479e-02
0.11830	5.80529e-02
0.12016	5.85240e-02
0.12201	5.89653e-02
0.12385	5.93796e-02
0.12567	5.97694e-02
0.12746	6.01363e-02
0.12921	6.04814e-02
0.13093	6.08086e-02
0.13259	6.11142e-02
0.13420	6.13978e-02
0.13574	6.16588e-02
0.13721	6.18962e-02
0.13861	6.21090e-02
0.13993	6.22960e-02
0.14116	6.24561e-02
0.14229	6.25883e-02
0.14334	6.26916e-02
0.14428	6.27652e-02
0.14512	6.28083e-02
0.14586	6.28205e-02
0.14649	6.28015e-02
0.14701	6.27511e-02
0.14741	6.26695e-02
0.14770	6.25568e-02
0.14787	6.24136e-02
0.14793	6.22404e-02
0.14787	6.20380e-02
0.14769	6.18073e-02
0.14740	6.15492e-02
0.14697	6.12695e-02
0.14642	6.09644e-02
0.14576	6.06351e-02
0.14499	6.02826e-02
0.14410	5.99079e-02
0.14311	5.95121e-02
0.14201	5.90958e-02
0.14081	5.86599e-02
0.13951	5.82047e-02
0.13812	5.77307e-02
0.13664	5.72378e-02
0.13508	5.67260e-02
0.13344	5.61950e-02
0.13173	5.56446e-02
0.12995	5.50546e-02
0.12811	5.44442e-02
0.12623	5.38142e-02
0.12431	5.31660e-02
0.12234	5.24925e-02
0.12034	5.18062e-02
0.11833	5.11135e-02
0.11631	5.04229e-02
0.11429	4.97456e-02
0.11227	4.90948e-02
0.11026	4.84859e-02
0.10827	4.79355e-02
0.10629	4.74611e-02
0.10434	4.70796e-02
0.10243	4.68064e-02
0.10055	4.66541e-02
0.09872	4.66315e-02
0.09694	4.67424e-02
0.09524	4.69850e-02
0.09361	4.73515e-02
0.09209	4.78276e-02
0.09070	4.83924e-02
0.08945	4.90170e-02
0.08838	4.96630e-02
0.08753	5.02842e-02
0.08695	5.08877e-02
0.08665	5.13954e-02
0.08670	5.16749e-02
0.08745	5.11424e-02
0.08873	5.00658e-02
0.09021	4.89457e-02
0.09183	4.78948e-02
0.09355	4.69565e-02
0.09535	4.61533e-02
0.09723	4.54955e-02
0.09918	4.49838e-02
0.10119	4.46107e-02
0.10326	4.43622e-02
0.10539	4.42206e-02
0.10757	4.41670e-02
0.10980	4.41851e-02
0.11207	4.42641e-02
0.11437	4.43996e-02
0.11669	4.45931e-02
0.11901	4.48506e-02
0.12132	4.51796e-02
0.12362	4.55875e-02
0.12587	4.60801e-02
0.12808	4.66606e-02
0.13024	4.73296e-02
0.13234	4.80850e-02
0.13436	4.89223e-02
0.13631	4.98350e-02
0.13819	5.08145e-02
0.13997	5.18513e-02
0.14168	5.29344e-02
0.14330	5.40519e-02
0.14483	5.51913e-02
0.14627	5.63395e-02
0.14763	5.74829e-02
0.14890	5.86077e-02
0.15009	5.97003e-02
0.15121	6.07473e-02
0.15225	6.17362e-02
0.15321	6.26625e-02
0.15410	6.35107e-02
0.15494	6.42746e-02
0.15571	6.49508e-02
0.15642	6.55392e-02
0.15707	6.60426e-02
0.15765	6.64660e-02
0.15818	6.68163e-02
0.15863	6.71012e-02
0.15902	6.73292e-02
0.15934	6.75086e-02
0.15959	6.76479e-02
0.15977	6.77551e-02
0.15987	6.78376e-02
0.15990	6.79028e-02
0.15985	6.79572e-02
0.15972	6.80071e-02
0.15953	6.80583e-02
0.15925	6.81159e-02
0.15890	6.81846e-02
0.15848	6.82684e-02
0.15798	6.83705e-02
0.15743	6.84876e-02
0.15680	6.86243e-02
0.15611	6.87767e-02
0.15535	6.89332e-02
0.15456	6.90626e-02
0.15376	6.90837e-02
0.15303	6.88349e-02
0.15241	6.82374e-02
0.15182	6.74469e-02
0.15122	6.66139e-02
0.15055	6.58070e-02
0.14983	6.50564e-02
0.14903	6.43775e-02
0.14816	6.37788e-02
0.14722	6.32670e-02
0.14620	6.28435e-02
0.14512	6.25094e-02
0.14397	6.22645e-02
0.14274	6.21137e-02
0.14145	6.20472e-02
0.14010	6.20612e-02
0.13869	6.21510e-02
0.13722	6.23113e-02
0.13570	6.25360e-02
0.13412	6.28188e-02
0.13250	6.31530e-02
0.13083	6.35316e-02
0.12911	6.39476e-02
0.12736	6.43943e-02
0.12556	6.48645e-02
0.12374	6.53516e-02
0.12188	6.58488e-02
0.11999	6.63492e-02
0.11808	6.68459e-02
0.11615	6.73310e-02
0.11421	6.77949e-02
0.11226	6.82238e-02
0.11034	6.85917e-02
0.10847	6.88373e-02
0.10672	6.87807e-02
0.10522	6.83383e-02
0.10389	6.76373e-02
0.10264	6.68225e-02
0.10143	6.59506e-02
0.10026	6.50402e-02
0.09912	6.40976e-02
0.09802	6.31251e-02
0.09695	6.21240e-02
0.09592	6.10954e-02
0.09492	6.00407e-02
0.09397	5.89618e-02
0.09306	5.78605e-02
0.09220	5.67386e-02
0.09138	5.55971e-02
0.09061	5.44363e-02
0.08990	5.32550e-02
0.08923	5.20502e-02
0.08863	5.08169e-02
0.08810	4.95477e-02
0.08764	4.82324e-02
0.08726	4.68592e-02
0.08697	4.54164e-02
0.08676	4.38961e-02
0.08664	4.22970e-02
0.08659	4.06273e-02
0.08661	3.89036e-02
0.08668	3.71489e-02
0.08679	3.53906e-02
0.08693	3.36585e-02
0.08708	3.19842e-02
0.08724	3.04011e-02
0.08740	2.89442e-02
0.08755	2.76498e-02
0.08768	2.65545e-02
0.08780	2.56928e-02
0.08791	2.50940e-02
0.08799	2.47784e-02
0.08806	2.47542e-02
0.08810	2.50174e-02
0.08813	2.55453e-02
0.08814	2.63085e-02
0.08815	2.72712e-02
0.08816	2.83956e-02
0.08818	2.96458e-02
0.08820	3.09893e-02
0.08824	3.23981e-02
0.08830	3.38463e-02
0.08840	3.53054e-02
0.08854	3.67334e-02
0.08876	3.80517e-02
0.08914	3.91077e-02
0.08976	3.97106e-02
0.09062	3.98652e-02
0.09164	3.97808e-02
0.09273	3.96260e-02
0.09385	3.94814e-02
0.09499	3.93806e-02
0.09614	3.93353e-02
0.09731	3.93452e-02
0.09849	3.94036e-02
0.09968	3.94882e-02
0.10090	3.95933e-02
0.10214	3.97015e-02
0.10342	3.97946e-02
0.10474	3.98550e-02
0.10610	3.98679e-02
0.10750	3.98233e-02
0.10895	3.97165e-02
0.11044	3.95494e-02
0.11197	3.93287e-02
0.11352	3.90657e-02
0.11510	3.87739e-02
0.11669	3.84684e-02
0.11828	3.81644e-02
0.11986	3.78525e-02
0.12143	3.75718e-02
0.12299	3.73355e-02
0.12453	3.71553e-02
0.12603	3.70552e-02
0.12750	3.70336e-02
0.12893	3.70977e-02
0.13033	3.72528e-02
0.13169	3.75023e-02
0.13300	3.78482e-02
0.13427	3.82906e-02
0.13548	3.88285e-02
0.13664	3.94594e-02
0.13775	4.01798e-02
0.13879	4.09857e-02
0.13978	4.18722e-02
0.14070	4.28339e-02
0.14156	4.38655e-02
0.14234	4.49611e-02
0.14306	4.61148e-02
0.14370	4.73208e-02
0.14427	4.85729e-02
0.14476	4.98651e-02
0.14518	5.11912e-02
0.14551	5.25449e-02
0.14575	5.39062e-02
0.14590	5.52840e-02
0.14597	5.66714e-02
0.14596	5.80611e-02
0.14586	5.94454e-02
0.14569	6.08165e-02
0.14544	6.21659e-02
0.14511	6.34848e-02
0.14470	6.47640e-02
0.14422	6.59941e-02
0.14368	6.71649e-02
0.14307	6.82662e-02
0.14241	6.92875e-02
0.14169	7.02182e-02
0.14093	7.10477e-02
0.14014	7.17660e-02
0.13931	7.23636e-02
0.13846	7.28321e-02
0.13759	7.31646e-02
0.13671	7.33557e-02
0.13582	7.34021e-02
0.13493	7.33023e-02
0.13404	7.30568e-02
0.13314	7.26677e-02
0.13225	7.21389e-02
0.13136	7.14753e-02
0.13046	7.06831e-02
0.12957	6.97695e-02
0.12867	6.87424e-02
0.12776	6.76108e-02
0.12684	6.63842e-02
0.12591	6.50727e-02
0.12497	6.36868e-02
0.12400	6.22377e-02
0.12302	6.07365e-02
0.12201	5.91946e-02
0.12098	5.76236e-02
0.11992	5.60350e-02
0.11883	5.44406e-02
0.11772	5.28428e-02
0.11659	5.12615e-02
0.11543	4.97080e-02
0.11424	4.81936e-02
0.11303	4.67290e-02
0.11180	4.53244e-02
0.11055	4.39891e-02
0.10928	4.27315e-02
0.10801	4.15586e-02
0.10672	4.04761e-02
0.10543	3.94885e-02
0.10414	3.85990e-02
0.10285	3.78098e-02
0.10158	3.71232e-02
0.10031	3.65419e-02
0.09906	3.60692e-02
0.09783	3.57100e-02
0.09661	3.54698e-02
0.09540	3.53542e-02
0.09420	3.53678e-02
0.09301	3.55133e-02
0.09182	3.57903e-02
0.09064	3.61935e-02
0.08946	3.67176e-02
0.08827	3.73517e-02
0.08708	3.80852e-02
0.08588	3.88996e-02
0.08468	3.97783e-02
0.08348	4.07042e-02
0.08228	4.16593e-02
0.08108	4.26248e-02
0.07989	4.35786e-02
0.07873	4.44900e-02
0.07762	4.52927e-02
0.07672	4.57293e-02
0.07628	4.54201e-02
0.07610	4.46781e-02
0.07607	4.36550e-02
0.07615	4.24395e-02
0.07626	4.11233e-02
0.07637	3.97634e-02
0.07647	3.83943e-02
0.07653	3.70348e-02
0.07655	3.56974e-02
0.07652	3.43910e-02
0.07646	3.31231e-02
0.07635	3.19002e-02
0.07620	3.07281e-02
0.07601	2.96125e-02
0.07579	2.85585e-02
0.07553	2.75709e-02
0.07524	2.66541e-02
0.07493	2.58120e-02
0.07460	2.50484e-02
0.07425	2.43668e-02
0.07390	2.37709e-02
0.07355	2.32643e-02
0.07320	2.28515e-02
0.07287	2.25375e-02
0.07255	2.23284e-02
0.07225	2.22313e-02
0.07198	2.22433e-02
0.07175	2.23841e-02
0.07154	2.26613e-02
0.07137	2.30815e-02
0.07124	2.36488e-02
0.07114	2.43643e-02
0.07108	2.52256e-02
0.07105	2.62263e-02
0.07107	2.73558e-02
0.07114	2.85993e-02
0.07125	2.99371e-02
0.07143	3.13421e-02
0.07168	3.27769e-02
0.07204	3.41876e-02
0.07253	3.55034e-02
0.07320	3.66568e-02
0.07405	3.76294e-02
0.07507	3.84703e-02
0.07622	3.92551e-02
0.07745	4.00446e-02
0.07874	4.08766e-02
0.08007	4.17706e-02
0.08144	4.27345e-02
0.08284	4.37684e-02
0.08425	4.48671e-02
0.08569	4.60215e-02
0.08714	4.72196e-02
0.08862	4.84467e-02
0.09011	4.96862e-02
0.09163	5.09200e-02
0.09317	5.21299e-02
0.09474	5.32983e-02
0.09634	5.44099e-02
0.09797	5.54534e-02
0.09963	5.64218e-02
0.10131	5.73124e-02
0.10301	5.81263e-02
0.10472	5.88669e-02
0.10643	5.95391e-02
0.10812	6.01473e-02
0.10979	6.06975e-02
0.11144	6.11947e-02
0.11304	6.16438e-02
0.11461	6.20489e-02
0.11612	6.24135e-02
0.11757	6.27408e-02
0.11897	6.30331e-02
0.12029	6.32925e-02
0.12154	6.35206e-02
0.12271	6.37186e-02
0.12381	6.38873e-02
0.12482	6.40275e-02
0.12574	6.41396e-02
0.12658	6.42240e-02
0.12733	6.42811e-02
0.12798	6.43110e-02
0.12855	6.43139e-02
0.12902	6.42899e-02
0.12939	6.42392e-02
0.12968	6.41617e-02
0.12987	6.40573e-02
0.12995	6.39416e-02
0.12995	6.37981e-02
0.12986	6.36258e-02
0.12967	6.34331e-02
0.12939	6.32080e-02
0.12904	6.29475e-02
0.12860	6.26474e-02
0.12810	6.23015e-02
0.12753	6.18998e-02
0.12691	6.14273e-02
0.12625	6.08600e-02
0.12558	6.01626e-02
0.12491	5.92912e-02
0.12426	5.82080e-02
0.12364	5.69060e-02
0.12304	5.54150e-02
0.12244	5.37814e-02
0.12181	5.20493e-02
0.12114	5.02536e-02
0.12044	4.84215e-02
0.11968	4.65756e-02
0.11887	4.47357e-02
0.11801	4.29209e-02
0.11710	4.11502e-02
0.11614	3.94434e-02
0.11512	3.78211e-02
0.11405	3.63051e-02
0.11293	3.49178e-02
0.11177	3.36821e-02
0.11055	3.26203e-02
0.10929	3.17527e-02
0.10799	3.10969e-02
0.10664	3.06652e-02
0.10525	3.04645e-02
0.10383	3.04943e-02
0.10237	3.07474e-02
0.10089	3.12103e-02
0.09937	3.18646e-02
0.09784	3.26882e-02
0.09626	3.36693e-02
0.09467	3.47744e-02
0.09307	3.59798e-02
0.09147	3.72621e-02
0.08986	3.85987e-02
0.08827	3.99656e-02
0.08670	4.13342e-02
0.08517	4.26639e-02
0.08373	4.38890e-02
0.08244	4.49019e-02
0.08137	4.55759e-02
0.08058	4.58815e-02
0.08000	4.59350e-02
0.07955	4.58707e-02
0.07919	4.57665e-02
0.07891	4.56550e-02
0.07869	4.55461e-02
0.07853	4.54415e-02
0.07843	4.53436e-02
0.07838	4.52587e-02
0.07836	4.51966e-02
0.07839	4.51663e-02
0.07844	4.51704e-02
0.07852	4.51966e-02
0.07865	4.52040e-02
0.07888	4.51088e-02
0.07925	4.48218e-02
0.07976	4.43387e-02
0.08037	4.37069e-02
0.08106	4.29514e-02
0.08180	4.20845e-02
0.08260	4.11305e-02
0.08341	4.01279e-02
0.08421	3.91179e-02
0.08498	3.81368e-02
0.08572	3.72140e-02
0.08640	3.63733e-02
0.08703	3.56345e-02
0.08759	3.50138e-02
0.08808	3.45091e-02
0.08850	3.41440e-02
0.08886	3.39261e-02
0.08914	3.38597e-02
0.08935	3.39459e-02
0.08949	3.41826e-02
0.08955	3.45643e-02
0.08955	3.50831e-02
0.08948	3.57285e-02
0.08934	3.64884e-02
0.08914	3.73491e-02
0.08888	3.82961e-02
0.08856	3.93141e-02
0.08819	4.03868e-02
0.08777	4.14969e-02
0.08731	4.26249e-02
0.08682	4.37464e-02
0.08632	4.48279e-02
0.08584	4.58195e-02
0.08543	4.66444e-02
0.08514	4.72094e-02
0.08500	4.74697e-02
0.08499	4.74798e-02
0.08506	4.73377e-02
0.08516	4.71169e-02
0.08527	4.68579e-02
0.08539	4.65824e-02
0.08551	4.62999e-02
0.08563	4.60136e-02
0.08576	4.57225e-02
0.08589	4.54221e-02
0.08604	4.51051e-02
0.08621	4.47614e-02
0.08642	4.43782e-02
0.08666	4.39402e-02
0.08696	4.34315e-02
0.08732	4.28383e-02
0.08774	4.21528e-02
0.08823	4.13763e-02
0.08878	4.05186e-02
0.08937	3.95993e-02
0.09000	3.86349e-02
0.09067	3.76427e-02
0.09137	3.66417e-02
0.09208	3.56501e-02
0.09281	3.46866e-02
0.09354	3.37699e-02
0.09428	3.29193e-02
0.09501	3.21543e-02
0.09573	3.14946e-02
0.09644	3.09593e-02
0.09713	3.05661e-02
0.09780	3.03303e-02
0.09845	3.02639e-02
0.09906	3.03749e-02
0.09964	3.06663e-02
0.10018	3.11364e-02
0.10068	3.17789e-02
0.10113	3.25834e-02
0.10154	3.35363e-02
0.10189	3.46218e-02
0.10218	3.58654e-02
0.10242	3.72096e-02
0.10259	3.86355e-02
0.10271	4.01238e-02
0.10276	4.16553e-02
0.10276	4.32098e-02
0.10271	4.47656e-02
0.10260	4.62971e-02
0.10246	4.77728e-02
0.10230	4.91510e-02
0.10215	5.03786e-02
0.10204	5.13997e-02
0.10198	5.21828e-02
0.10197	5.27446e-02
0.10198	5.31357e-02
0.10200	5.34078e-02
0.10199	5.35969e-02
0.10194	5.37237e-02
0.10186	5.37989e-02
0.10173	5.38273e-02
0.10156	5.38108e-02
0.10134	5.37505e-02
0.10108	5.36469e-02
0.10077	5.35007e-02
0.10042	5.33124e-02
0.10003	5.30819e-02
0.09960	5.28073e-02
0.09914	5.24843e-02
0.09865	5.21045e-02
0.09813	5.16537e-02
0.09762	5.11111e-02
0.09711	5.04509e-02
0.09663	4.96486e-02
0.09618	4.86910e-02
0.09576	4.75847e-02
0.09535	4.63541e-02
0.09495	4.50329e-02
0.09453	4.36559e-02
0.09408	4.22550e-02
0.09359	4.08676e-02
0.09306	3.95100e-02
0.09248	3.82053e-02
0.09184	3.69752e-02
0.09116	3.58403e-02
0.09042	3.48201e-02
0.08963	3.39332e-02
0.08879	3.31965e-02
0.08790	3.26244e-02
0.08697	3.22290e-02
0.08598	3.20183e-02
0.08496	3.19966e-02
0.08390	3.21639e-02
0.08280	3.25159e-02
0.08167	3.30442e-02
0.08052	3.37368e-02
0.07935	3.45821e-02
0.07817	3.55598e-02
0.07699	3.66471e-02
0.07582	3.78137e-02
0.07468	3.90140e-02
0.07364	4.01661e-02
0.07276	4.11221e-02
0.07218	4.17236e-02
0.07187	4.20116e-02
0.07175	4.21537e-02
0.07176	4.22483e-02
0.07190	4.23112e-02
0.07218	4.23279e-02
0.07259	4.22895e-02
0.07313	4.22117e-02
0.07377	4.21306e-02
0.07449	4.20874e-02
0.07524	4.21172e-02
0.07603	4.22450e-02
0.07683	4.24867e-02
0.07763	4.28510e-02
0.07843	4.33399e-02
0.07921	4.39498e-02
0.07998	4.46690e-02
0.08075	4.54591e-02
0.08159	4.61753e-02
0.08283	4.62095e-02
0.08442	4.56508e-02
0.08604	4.50193e-02
0.08762	4.44224e-02
0.08916	4.38869e-02
0.09065	4.34252e-02
0.09208	4.30453e-02
0.09344	4.27536e-02
0.09473	4.25549e-02
0.09596	4.24532e-02
0.09711	4.24512e-02
0.09819	4.25502e-02
0.09919	4.27503e-02
0.10012	4.30498e-02
0.10097	4.34456e-02
0.10173	4.39333e-02
0.10242	4.45063e-02
0.10304	4.51567e-02
0.10357	4.58748e-02
0.10403	4.66406e-02
0.10442	4.74481e-02
0.10474	4.82829e-02
0.10500	4.91306e-02
0.10520	4.99783e-02
0.10535	5.08163e-02
0.10545	5.16401e-02
0.10549	5.24492e-02
0.10548	5.32460e-02
0.10541	5.40335e-02
0.10529	5.48142e-02
0.10511	5.55884e-02
0.10487	5.63521e-02
0.10458	5.70900e-02
0.10429	5.77311e-02
0.10420	5.78935e-02
0.10449	5.72879e-02
0.10484	5.64571e-02
0.10515	5.55881e-02
0.10541	5.47202e-02
0.10561	5.38685e-02
0.10574	5.30423e-02
0.10582	5.22492e-02
0.10583	5.14960e-02
0.10577	5.07891e-02
0.10566	5.01348e-02
0.10549	4.95394e-02
0.10526	4.90088e-02
0.10498	4.85490e-02
0.10464	4.81656e-02
0.10425	4.78639e-02
0.10381	4.76488e-02
0.10331	4.75244e-02
0.10277	4.74938e-02
0.10218	4.75587e-02
0.10155	4.77186e-02
0.10088	4.79701e-02
0.10017	4.83047e-02
0.09944	4.87066e-02
0.09871	4.91369e-02
0.09800	4.95523e-02
0.09736	4.98586e-02
0.09686	4.99219e-02
0.09657	4.96415e-02
0.09646	4.90564e-02
0.09647	4.83039e-02
0.09652	4.75088e-02
0.09658	4.67520e-02
0.09663	4.60818e-02
0.09666	4.55275e-02
0.09666	4.51064e-02
0.09663	4.48277e-02
0.09656	4.46934e-02
0.09647	4.46993e-02
0.09635	4.48343e-02
0.09623	4.50852e-02
0.09609	4.54183e-02
0.09597	4.57934e-02
0.09587	4.61616e-02
0.09583	4.64760e-02
0.09585	4.67113e-02
0.09593	4.68677e-02
0.09606	4.69523e-02
0.09625	4.69580e-02
0.09649	4.68396e-02
0.09680	4.65922e-02
0.09718	4.62134e-02
0.09761	4.57348e-02
0.09806	4.52046e-02
0.09852	4.46673e-02
0.09896	4.41562e-02
0.09937	4.36941e-02
0.09974	4.32964e-02
0.10007	4.29731e-02
0.10036	4.27309e-02
0.10061	4.25735e-02
0.10081	4.25028e-02
0.10096	4.25190e-02
0.10107	4.26205e-02
0.10113	4.28043e-02
0.10116	4.30601e-02
0.10114	4.33893e-02
0.10109	4.37840e-02
0.10100	4.42335e-02
0.10088	4.47223e-02
0.10075	4.52273e-02
0.10061	4.57118e-02
0.10050	4.61183e-02
0.10046	4.63694e-02
0.10051	4.64009e-02
0.10066	4.62180e-02
0.10087	4.58934e-02
0.10110	4.55095e-02
0.10133	4.51266e-02
0.10155	4.47828e-02
0.10173	4.45019e-02
0.10189	4.42987e-02
0.10202	4.41820e-02
0.10212	4.41565e-02
0.10218	4.42232e-02
0.10220	4.43894e-02
0.10220	4.46395e-02
0.10218	4.49652e-02
0.10215	4.53562e-02
0.10210	4.58000e-02
0.10206	4.62829e-02
0.10203	4.67920e-02
0.10201	4.73168e-02
0.10201	4.78510e-02
0.10203	4.83938e-02
0.10207	4.89498e-02
0.10212	4.95273e-02
0.10218	5.01366e-02
0.10225	5.07875e-02
0.10233	5.14873e-02
0.10240	5.22405e-02
0.10247	5.30475e-02
0.10253	5.39049e-02
0.10260	5.48056e-02
0.10267	5.57393e-02
0.10275	5.66927e-02
0.10285	5.76508e-02
0.10297	5.85978e-02
0.10312	5.95177e-02
0.10331	6.03964e-02
0.10355	6.12217e-02
0.10383	6.19840e-02
0.10417	6.26751e-02
0.10456	6.32869e-02
0.10502	6.38083e-02
0.10554	6.42240e-02
0.10614	6.45230e-02
0.10680	6.47150e-02
0.10750	6.48242e-02
0.10824	6.48718e-02
0.10899	6.48740e-02
0.10976	6.48443e-02
0.11052	6.47953e-02
0.11126	6.47389e-02
0.11200	6.46836e-02
0.11271	6.46432e-02
0.11338	6.46260e-02
0.11402	6.46393e-02
0.11461	6.46891e-02
0.11516	6.47799e-02
0.11565	6.49151e-02
0.11610	6.50967e-02
0.11649	6.53254e-02
0.11683	6.56003e-02
0.11712	6.59187e-02
0.11736	6.62759e-02
0.11756	6.66648e-02
0.11772	6.70756e-02
0.11785	6.74957e-02
0.11795	6.79099e-02
0.11804	6.83055e-02
0.11812	6.86636e-02
0.11821	6.89752e-02
0.11830	6.92394e-02
0.11839	6.94628e-02
0.11848	6.96578e-02
0.11855	6.98384e-02
0.11860	7.00181e-02
0.11862	7.02079e-02
0.11860	7.04133e-02
0.11855	7.06433e-02
0.11846	7.09015e-02
0.11832	7.11901e-02
0.11813	7.15092e-02
0.11790	7.18580e-02
0.11762	7.22346e-02
0.11730	7.26361e-02
0.11692	7.30591e-02
0.11650	7.34992e-02
0.11604	7.39517e-02
0.11553	7.44109e-02
0.11498	7.48704e-02
0.11438	7.53229e-02
0.11376	7.57597e-02
0.11310	7.61693e-02
0.11243	7.65202e-02
0.11175	7.68240e-02
0.11105	7.70731e-02
0.11035	7.72649e-02
0.10964	7.74016e-02
0.10891	7.74888e-02
0.10816	7.75329e-02
0.10740	7.75389e-02
0.10661	7.75101e-02
0.10579	7.74477e-02
0.10496	7.73514e-02
0.10410	7.72195e-02
0.10324	7.70488e-02
0.10236	7.68354e-02
0.10147	7.65739e-02
0.10059	7.62578e-02
0.09972	7.58799e-02
0.09887	7.54322e-02
0.09804	7.49072e-02
0.09725	7.42986e-02
0.09647	7.35642e-02
0.09573	7.27457e-02
0.09503	7.18494e-02
0.09436	7.08851e-02
0.09372	6.98648e-02
0.09310	6.88012e-02
0.09249	6.77074e-02
0.09190	6.65962e-02
0.09130	6.54801e-02
0.09071	6.43712e-02
0.09011	6.32812e-02
0.08950	6.22213e-02
0.08888	6.12021e-02
0.08824	6.02332e-02
0.08760	5.93234e-02
0.08694	5.84801e-02
0.08627	5.77087e-02
0.08560	5.70129e-02
0.08493	5.63934e-02
0.08426	5.58476e-02
0.08360	5.53690e-02
0.08298	5.49456e-02
0.08240	5.45598e-02
0.08188	5.41875e-02
0.08144	5.38005e-02
0.08112	5.33705e-02
0.08091	5.28784e-02
0.08084	5.23215e-02
0.08087	5.17169e-02
0.08100	5.10962e-02
0.08120	5.04968e-02
0.08144	4.99554e-02
0.08171	4.95034e-02
0.08200	4.91657e-02
0.08228	4.89610e-02
0.08256	4.89017e-02
0.08282	4.89947e-02
0.08307	4.92419e-02
0.08329	4.96407e-02
0.08350	5.01885e-02
0.08369	5.08730e-02
0.08385	5.16810e-02
0.08400	5.25971e-02
0.08413	5.36037e-02
0.08425	5.46814e-02
0.08437	5.58091e-02
0.08449	5.69654e-02
0.08462	5.81282e-02
0.08477	5.92771e-02
0.08496	6.03942e-02
0.08517	6.14658e-02
0.08542	6.24836e-02
0.08571	6.34442e-02
0.08603	6.43484e-02
0.08637	6.52007e-02
0.08675	6.60160e-02
0.08713	6.67938e-02
0.08751	6.75415e-02
0.08787	6.82656e-02
0.08821	6.89719e-02
0.08853	6.96651e-02
0.08881	7.03486e-02
0.08905	7.10251e-02
0.08925	7.16963e-02
0.08937	7.23615e-02
0.08944	7.30232e-02
0.08946	7.36794e-02
0.08944	7.43183e-02
0.08949	7.47977e-02
0.09004	7.46017e-02
0.09068	7.42203e-02
0.09129	7.38022e-02
0.09184	7.33617e-02
0.09234	7.29036e-02
0.09279	7.24314e-02
0.09318	7.19475e-02
0.09350	7.14547e-02
0.09377	7.09553e-02
0.09397	7.04514e-02
0.09413	6.99288e-02
0.09422	6.94136e-02
0.09425	6.89021e-02
0.09421	6.83947e-02
0.09411	6.78905e-02
0.09396	6.73864e-02
0.09375	6.68759e-02
0.09351	6.63484e-02
0.09324	6.57900e-02
0.09296	6.51894e-02
0.09266	6.45456e-02
0.09234	6.38693e-02
0.09200	6.31759e-02
0.09163	6.24785e-02
0.09123	6.17857e-02
0.09080	6.11024e-02
0.09035	6.04305e-02
0.08987	5.97702e-02
0.08938	5.91205e-02
0.08887	5.84808e-02
0.08837	5.78506e-02
0.08782	5.72840e-02
0.08728	5.67290e-02
0.08674	5.61868e-02
0.08622	5.56597e-02
0.08571	5.51501e-02
0.08521	5.46602e-02
0.08474	5.41917e-02
0.08429	5.37457e-02
0.08386	5.33232e-02
0.08346	5.29250e-02
0.08308	5.25526e-02
0.08274	5.22085e-02
0.08242	5.18965e-02
0.08213	5.16217e-02
0.08186	5.13904e-02
0.08161	5.12095e-02
0.08138	5.10866e-02
0.08116	5.10276e-02
0.08095	5.10375e-02
0.08074	5.11193e-02
0.08054	5.12729e-02
0.08034	5.14945e-02
0.08016	5.17753e-02
0.07998	5.20995e-02
0.07984	5.24413e-02
0.07976	5.27616e-02
0.07976	5.30089e-02
0.07987	5.31366e-02
0.08012	5.31244e-02
0.08049	5.29756e-02
0.08097	5.26989e-02
0.08154	5.23041e-02
0.08221	5.18058e-02
0.08293	5.12239e-02
0.08371	5.05807e-02
0.08451	4.98970e-02
0.08532	4.91894e-02
0.08614	4.84700e-02
0.08696	4.77464e-02
0.08777	4.70225e-02
0.08857	4.62994e-02
0.08936	4.55769e-02
0.09014	4.48549e-02
0.09091	4.41344e-02
0.09166	4.34184e-02
0.09240	4.27119e-02
0.09311	4.20211e-02
0.09381	4.13529e-02
0.09448	4.07142e-02
0.09513	4.01116e-02
0.09576	3.95508e-02
0.09635	3.90365e-02
0.09693	3.85720e-02
0.09748	3.81596e-02
0.09800	3.78000e-02
0.09851	3.74878e-02
0.09899	3.72253e-02
0.09947	3.70090e-02
0.09993	3.68339e-02
0.10038	3.66943e-02
0.10083	3.65836e-02
0.10128	3.64954e-02
0.10174	3.64232e-02
0.10219	3.63613e-02
0.10266	3.63037e-02
0.10314	3.62486e-02
0.10362	3.61938e-02
0.10411	3.61385e-02
0.10461	3.60828e-02
0.10511	3.60278e-02
0.10562	3.59753e-02
0.10612	3.59276e-02
0.10662	3.58873e-02
0.10712	3.58573e-02
0.10761	3.58404e-02
0.10809	3.58394e-02
0.10856	3.58570e-02
0.10902	3.58955e-02
0.10945	3.59571e-02
0.10987	3.60370e-02
0.11027	3.61393e-02
0.11064	3.62689e-02
0.11099	3.64261e-02
0.11131	3.66108e-02
0.11161	3.68224e-02
0.11188	3.70597e-02
0.11212	3.73211e-02
0.11233	3.76045e-02
0.11252	3.79074e-02
0.11269	3.82274e-02
0.11282	3.85616e-02
0.11294	3.89077e-02
0.11302	3.92630e-02
0.11309	3.96258e-02
0.11313	3.99947e-02
0.11314	4.03689e-02
0.11314	4.07488e-02
0.11311	4.11353e-02
0.11305	4.15301e-02
0.11297	4.19354e-02
0.11286	4.23494e-02
0.11272	4.27806e-02
0.11256	4.32309e-02
0.11236	4.37017e-02
0.11213	4.41935e-02
0.11187	4.47057e-02
0.11158	4.52370e-02
0.11125	4.57854e-02
0.11089	4.63483e-02
0.11051	4.69232e-02
0.11009	4.75074e-02
0.10963	4.80982e-02
0.10915	4.86933e-02
0.10864	4.92899e-02
0.10809	4.98853e-02
0.10751	5.04759e-02
0.10691	5.10566e-02
0.10627	5.16236e-02
0.10561	5.21710e-02
0.10493	5.26920e-02
0.10423	5.31793e-02
0.10351	5.36253e-02
0.10278	5.40227e-02
0.10205	5.43650e-02
0.10132	5.46473e-02
0.10059	5.48663e-02
0.09986	5.50212e-02
0.09914	5.51130e-02
0.09842	5.51447e-02
0.09771	5.51207e-02
0.09701	5.50458e-02
0.09631	5.49251e-02
0.09563	5.47630e-02
0.09495	5.45634e-02
0.09428	5.43285e-02
0.09363	5.40591e-02
0.09300	5.37543e-02
0.09239	5.34116e-02
0.09182	5.30280e-02
0.09129	5.26003e-02
0.09080	5.21300e-02
0.09035	5.16210e-02
0.08994	5.10824e-02
0.08957	5.05271e-02
0.08923	4.99709e-02
0.08892	4.94302e-02
0.08862	4.89202e-02
0.08834	4.84535e-02
0.08807	4.80388e-02
0.08781	4.76802e-02
0.08755	4.73756e-02
0.08732	4.71163e-02
0.08711	4.68858e-02
0.08693	4.66614e-02
0.08680	4.64187e-02
0.08671	4.61402e-02
0.08668	4.58266e-02
0.08669	4.54920e-02
0.08672	4.51555e-02
0.08677	4.48323e-02
0.08683	4.45301e-02
0.08689	4.42508e-02
0.08695	4.39935e-02
0.08702	4.37574e-02
0.08709	4.35511e-02
0.08715	4.33711e-02
0.08721	4.32214e-02
0.08725	4.31059e-02
0.08727	4.30267e-02
0.08728	4.29838e-02
0.08727	4.29747e-02
0.08725	4.29937e-02
0.08722	4.30316e-02
0.08718	4.30755e-02
0.08714	4.31088e-02
0.08712	4.31123e-02
0.08713	4.30666e-02
0.08716	4.29570e-02
0.08723	4.27782e-02
0.08732	4.25402e-02
0.08743	4.22464e-02
0.08755	4.19310e-02
0.08767	4.16194e-02
0.08779	4.13351e-02
0.08788	4.10984e-02
0.08796	4.09255e-02
0.08800	4.08289e-02
0.08802	4.08177e-02
0.08800	4.08978e-02
0.08795	4.10720e-02
0.08786	4.13406e-02
0.08775	4.17005e-02
0.08760	4.21456e-02
0.08743	4.26643e-02
0.08724	4.32356e-02
0.08706	4.38120e-02
0.08695	4.42870e-02
0.08694	4.45746e-02
0.08701	4.47479e-02
0.08712	4.48682e-02
0.08725	4.49507e-02
0.08743	4.49667e-02
0.08766	4.49025e-02
0.08795	4.47583e-02
0.08829	4.45505e-02
0.08866	4.43062e-02
0.08904	4.40559e-02
0.08942	4.38278e-02
0.08979	4.36455e-02
0.09013	4.35274e-02
0.09045	4.34872e-02
0.09073	4.35346e-02
0.09096	4.36755e-02
0.09116	4.39132e-02
0.09131	4.42482e-02
0.09141	4.46790e-02
0.09146	4.51963e-02
0.09146	4.58012e-02
0.09142	4.64870e-02
0.09132	4.72452e-02
0.09118	4.80650e-02
0.09100	4.89323e-02
0.09078	4.98275e-02
0.09055	5.07213e-02
0.09032	5.15681e-02
0.09013	5.22983e-02
0.09005	5.28265e-02
0.09011	5.30871e-02
0.09030	5.30996e-02
0.09058	5.29456e-02
0.09089	5.27065e-02
0.09121	5.24382e-02
0.09152	5.21743e-02
0.09181	5.19344e-02
0.09207	5.17295e-02
0.09230	5.15656e-02
0.09251	5.14452e-02
0.09270	5.13686e-02
0.09287	5.13347e-02
0.09302	5.13416e-02
0.09317	5.13885e-02
0.09331	5.14748e-02
0.09344	5.16008e-02
0.09356	5.17676e-02
0.09369	5.19772e-02
0.09382	5.22318e-02
0.09394	5.25323e-02
0.09407	5.28773e-02
0.09421	5.32615e-02
0.09437	5.36734e-02
0.09456	5.40922e-02
0.09480	5.44848e-02
0.09513	5.48004e-02
0.09558	5.49677e-02
0.09621	5.48994e-02
0.09705	5.45221e-02
0.09810	5.38236e-02
0.09932	5.28617e-02
0.10066	5.17215e-02
0.10205	5.04794e-02
0.10348	4.91947e-02
0.10491	4.79121e-02
0.10633	4.66649e-02
0.10774	4.54788e-02
0.10910	4.43560e-02
0.11043	4.33274e-02
0.11173	4.24001e-02
0.11301	4.15750e-02
0.11426	4.08473e-02
0.11548	4.02066e-02
0.11669	3.96379e-02
0.11789	3.91229e-02
0.11907	3.86425e-02
0.12025	3.81787e-02
0.12142	3.77171e-02
0.12259	3.72490e-02
0.12375	3.67723e-02
0.12488	3.62920e-02
0.12600	3.58192e-02
0.12707	3.53660e-02
0.12810	3.49547e-02
0.12908	3.46052e-02
0.12999	3.43376e-02
0.13084	3.41704e-02
0.13160	3.41194e-02
0.13229	3.41964e-02
0.13288	3.44094e-02
0.13338	3.47621e-02
0.13377	3.52540e-02
0.13407	3.58810e-02
0.13425	3.66361e-02
0.13433	3.75099e-02
0.13430	3.84916e-02
0.13415	3.95694e-02
0.13389	4.07313e-02
0.13351	4.19655e-02
0.13302	4.32604e-02
0.13242	4.46051e-02
0.13170	4.59893e-02
0.13088	4.74036e-02
0.12994	4.88380e-02
0.12889	5.02848e-02
0.12773	5.17360e-02
0.12648	5.31838e-02
0.12513	5.46204e-02
0.12370	5.60378e-02
0.12218	5.74275e-02
0.12059	5.87801e-02
0.11893	6.00847e-02
0.11722	6.13282e-02
0.11547	6.24948e-02
0.11370	6.35648e-02
0.11193	6.45139e-02
0.11020	6.53144e-02
0.10852	6.59376e-02
0.10693	6.63608e-02
0.10543	6.65599e-02
0.10405	6.65604e-02
0.10277	6.63910e-02
0.10158	6.60896e-02
0.10046	6.56941e-02
0.09941	6.52377e-02
0.09840	6.47464e-02
0.09744	6.42405e-02
0.09653	6.37355e-02
0.09566	6.32434e-02
0.09484	6.27700e-02
0.09408	6.23237e-02
0.09337	6.19049e-02
0.09273	6.15085e-02
0.09218	6.11223e-02
0.09173	6.07278e-02
0.09140	6.03036e-02
0.09122	5.98340e-02
0.09119	5.93172e-02
0.09129	5.87681e-02
0.09152	5.82116e-02
0.09185	5.76729e-02
0.09229	5.71716e-02
0.09281	5.67193e-02
0.09342	5.63274e-02
0.09411	5.60065e-02
0.09486	5.57697e-02
0.09566	5.56309e-02
0.09651	5.56022e-02
0.09739	5.56921e-02
0.09830	5.59041e-02
0.09923	5.62372e-02
0.10018	5.66861e-02
0.10114	5.72414e-02
0.10212	5.78900e-02
0.10312	5.86150e-02
0.10413	5.93957e-02
0.10516	6.02078e-02
0.10623	6.10232e-02
0.10733	6.18108e-02
0.10849	6.25378e-02
0.10971	6.31722e-02
0.11099	6.36868e-02
0.11235	6.40635e-02
0.11377	6.42956e-02
0.11524	6.43879e-02
0.11675	6.43535e-02
0.11827	6.42098e-02
0.11979	6.39742e-02
0.12129	6.36643e-02
0.12277	6.32945e-02
0.12419	6.28770e-02
0.12556	6.24220e-02
0.12687	6.19378e-02
0.12810	6.14314e-02
0.12925	6.09090e-02
0.13032	6.03759e-02
0.13130	5.98370e-02
0.13219	5.92971e-02
0.13298	5.87605e-02
0.13366	5.82315e-02
0.13425	5.77145e-02
0.13473	5.72137e-02
0.13510	5.67353e-02
0.13537	5.62805e-02
0.13553	5.58531e-02
0.13559	5.54563e-02
0.13554	5.50930e-02
0.13538	5.47652e-02
0.13513	5.44741e-02
0.13477	5.42195e-02
0.13432	5.39991e-02
0.13378	5.38085e-02
0.13315	5.36401e-02
0.13245	5.34825e-02
0.13168	5.33204e-02
0.13086	5.31355e-02
0.13000	5.29094e-02
0.12911	5.26282e-02
0.12819	5.22878e-02
0.12725	5.18962e-02
0.12629	5.14707e-02
0.12531	5.10333e-02
0.12429	5.06053e-02
0.12324	5.01942e-02
0.12217	4.98226e-02
0.12106	4.94988e-02
0.11994	4.92263e-02
0.11880	4.90041e-02
0.11765	4.88273e-02
0.11651	4.86879e-02
0.11537	4.85756e-02
0.11426	4.84796e-02
0.11317	4.83900e-02
0.11213	4.82995e-02
0.11114	4.82045e-02
0.11019	4.81044e-02
0.10931	4.80001e-02
0.10848	4.78909e-02
0.10772	4.77713e-02
0.10704	4.76290e-02
0.10644	4.74474e-02
0.10594	4.72139e-02
0.10553	4.69307e-02
0.10521	4.66202e-02
0.10496	4.63200e-02
0.10475	4.60724e-02
0.10458	4.59139e-02
0.10442	4.58703e-02
0.10427	4.59553e-02
0.10413	4.61714e-02
0.10399	4.65100e-02
0.10386	4.69576e-02
0.10373	4.74951e-02
0.10361	4.81002e-02
0.10351	4.87473e-02
0.10343	4.94089e-02
0.10337	5.00557e-02
0.10336	5.06588e-02
0.10338	5.11940e-02
0.10345	5.16485e-02
0.10356	5.20255e-02
0.10370	5.23422e-02
0.10383	5.26128e-02
0.10395	5.28698e-02
0.10404	5.31314e-02
0.10409	5.34101e-02
0.10410	5.37131e-02
0.10405	5.40444e-02
0.10395	5.44057e-02
0.10378	5.47978e-02
0.10354	5.52209e-02
0.10324	5.56755e-02
0.10286	5.61618e-02
0.10240	5.66800e-02
0.10187	5.72295e-02
0.10125	5.78092e-02
0.10056	5.84166e-02
0.09979	5.90479e-02
0.09894	5.96974e-02
0.09802	6.03575e-02
0.09704	6.10182e-02
0.09600	6.16651e-02
0.09493	6.22748e-02
0.09385	6.27966e-02
0.09288	6.30852e-02
0.09226	6.28099e-02
0.09202	6.19105e-02
0.09192	6.07440e-02
0.09185	5.94997e-02
0.09175	5.82526e-02
0.09160	5.70420e-02
0.09140	5.58955e-02
0.09114	5.48352e-02
0.09083	5.38791e-02
0.09045	5.30408e-02
0.09003	5.23283e-02
0.08956	5.17424e-02
0.08906	5.12749e-02
0.08854	5.09089e-02
0.08804	5.06214e-02
0.08755	5.03928e-02
0.08711	5.02161e-02
0.08670	5.01115e-02
0.08632	5.00829e-02
0.08598	5.01413e-02
0.08566	5.02935e-02
0.08538	5.05394e-02
0.08515	5.08715e-02
0.08497	5.12750e-02
0.08486	5.17244e-02
0.08485	5.21785e-02
0.08498	5.25749e-02
0.08529	5.28357e-02
0.08583	5.28999e-02
0.08658	5.27666e-02
0.08752	5.24948e-02
0.08858	5.21599e-02
0.08971	5.18238e-02
0.09090	5.15296e-02
0.09213	5.13060e-02
0.09337	5.11714e-02
0.09461	5.11367e-02
0.09586	5.12068e-02
0.09710	5.13820e-02
0.09833	5.16583e-02
0.09955	5.20268e-02
0.10076	5.24748e-02
0.10197	5.29877e-02
0.10317	5.35492e-02
0.10437	5.41435e-02
0.10556	5.47559e-02
0.10674	5.53743e-02
0.10792	5.59895e-02
0.10908	5.65948e-02
0.11023	5.71861e-02
0.11135	5.77605e-02
0.11244	5.83159e-02
0.11350	5.88502e-02
0.11451	5.93611e-02
0.11548	5.98413e-02
0.11640	6.02915e-02
0.11727	6.07080e-02
0.11809	6.10866e-02
0.11885	6.14231e-02
0.11954	6.17162e-02
0.12018	6.19582e-02
0.12075	6.21451e-02
0.12127	6.22730e-02
0.12172	6.23383e-02
0.12211	6.23391e-02
0.12243	6.22707e-02
0.12269	6.21311e-02
0.12290	6.19183e-02
0.12304	6.16313e-02
0.12312	6.12693e-02
0.12314	6.08323e-02
0.12310	6.03210e-02
0.12301	5.97367e-02
0.12286	5.90816e-02
0.12266	5.83586e-02
0.12240	5.75718e-02
0.12210	5.67260e-02
0.12175	5.58242e-02
0.12135	5.48768e-02
0.12091	5.38922e-02
0.12042	5.28799e-02
0.11990	5.18508e-02
0.11935	5.08167e-02
0.11876	4.97907e-02
0.11813	4.87866e-02
0.11749	4.78187e-02
0.11681	4.69018e-02
0.11612	4.60502e-02
0.11541	4.52775e-02
0.11469	4.45953e-02
0.11396	4.40134e-02
0.11324	4.35377e-02
0.11252	4.31703e-02
0.11182	4.29087e-02
0.11115	4.27450e-02
0.11052	4.26667e-02
0.10994	4.26569e-02
0.10942	4.26957e-02
0.10898	4.27625e-02
0.10862	4.28376e-02
0.10836	4.29045e-02
0.10820	4.29510e-02
0.10814	4.29699e-02
0.10820	4.29586e-02
0.10835	4.29191e-02
0.10861	4.28580e-02
0.10896	4.27871e-02
0.10939	4.27229e-02
0.10988	4.26859e-02
0.11044	4.26990e-02
0.11103	4.27849e-02
0.11165	4.29643e-02
0.11228	4.32540e-02
0.11291	4.36656e-02
0.11354	4.42051e-02
0.11414	4.48730e-02
0.11473	4.56647e-02
0.11528	4.65699e-02
0.11579	4.75728e-02
0.11626	4.86627e-02
0.11670	4.98224e-02
0.11709	5.10335e-02
0.11744	5.22770e-02
0.11776	5.35337e-02
0.11803	5.47850e-02
0.11827	5.60136e-02
0.11848	5.72038e-02
0.11865	5.83427e-02
0.11879	5.94203e-02
0.11890	6.04305e-02
0.11897	6.13705e-02
0.11901	6.22409e-02
0.11900	6.30445e-02
0.11894	6.37859e-02
0.11883	6.44700e-02
0.11867	6.51020e-02
0.11843	6.56859e-02
0.11814	6.62249e-02
0.11777	6.67184e-02
0.11734	6.71702e-02
0.11683	6.75801e-02
0.11624	6.79467e-02
0.11559	6.82675e-02
0.11486	6.85396e-02
0.11406	6.87588e-02
0.11320	6.89206e-02
0.11227	6.90193e-02
0.11128	6.90477e-02
0.11025	6.89952e-02
0.10918	6.88448e-02
0.10809	6.85680e-02
0.10701	6.81245e-02
0.10596	6.74884e-02
0.10493	6.66819e-02
0.10387	6.57275e-02
0.10278	6.46912e-02
0.10165	6.35974e-02
0.10046	6.24607e-02
0.09922	6.12909e-02
0.09791	6.00854e-02
0.09655	5.88606e-02
0.09513	5.76225e-02
0.09367	5.63771e-02
0.09216	5.51306e-02
0.09061	5.38923e-02
0.08902	5.26650e-02
0.08739	5.14556e-02
0.08573	5.02711e-02
0.08404	4.91182e-02
0.08234	4.80027e-02
0.08063	4.69275e-02
0.07892	4.58866e-02
0.07725	4.48428e-02
0.07571	4.36505e-02
0.07444	4.20955e-02
0.07336	4.03199e-02
0.07235	3.85240e-02
0.07139	3.67826e-02
0.07048	3.51301e-02
0.06962	3.35876e-02
0.06882	3.21712e-02
0.06808	3.08946e-02
0.06742	2.97694e-02
0.06684	2.88051e-02
0.06634	2.80098e-02
0.06594	2.73903e-02
0.06564	2.69530e-02
0.06544	2.67040e-02
0.06534	2.66491e-02
0.06532	2.67922e-02
0.06539	2.71332e-02
0.06554	2.76647e-02
0.06577	2.83681e-02
0.06607	2.92086e-02
0.06646	3.01432e-02
0.06692	3.11569e-02
0.06743	3.22584e-02
0.06799	3.34430e-02
0.06859	3.46930e-02
0.06921	3.59875e-02
0.06987	3.73075e-02
0.07055	3.86389e-02
0.07125	3.99735e-02
0.07200	4.12213e-02
0.07329	4.15362e-02
0.07458	4.18274e-02
0.07583	4.21469e-02
0.07703	4.24957e-02
0.07818	4.28726e-02
0.07926	4.32753e-02
0.08028	4.37005e-02
0.08122	4.41443e-02
0.08209	4.46021e-02
0.08288	4.50693e-02
0.08359	4.55410e-02
0.08421	4.60124e-02
0.08475	4.64788e-02
0.08520	4.69221e-02
0.08556	4.73548e-02
0.08584	4.77711e-02
0.08604	4.81672e-02
0.08615	4.85397e-02
0.08618	4.88853e-02
0.08613	4.92002e-02
0.08601	4.94798e-02
0.08583	4.97170e-02
0.08558	4.98994e-02
0.08530	5.00064e-02
0.08499	5.00161e-02
0.08465	4.99250e-02
0.08430	4.97487e-02
0.08391	4.95032e-02
0.08349	4.91995e-02
0.08304	4.88446e-02
0.08256	4.84441e-02
0.08206	4.80031e-02
0.08152	4.75266e-02
0.08097	4.70197e-02
0.08038	4.65007e-02
0.07978	4.59642e-02
0.07915	4.54160e-02
0.07851	4.48622e-02
0.07785	4.43091e-02
0.07718	4.37628e-02
0.07650	4.32293e-02
0.07581	4.27141e-02
0.07512	4.22220e-02
0.07442	4.17568e-02
0.07373	4.13206e-02
0.07305	4.09139e-02
0.07239	4.05348e-02
0.07174	4.01789e-02
0.07113	3.98396e-02
0.07055	3.95091e-02
0.07002	3.91731e-02
0.06955	3.88309e-02
0.06914	3.84769e-02
0.06879	3.81066e-02
0.06852	3.77163e-02
0.06833	3.73061e-02
0.06821	3.68695e-02
0.06818	3.64017e-02
0.06823	3.58911e-02
0.06838	3.53123e-02
0.06864	3.46329e-02
0.06901	3.38526e-02
0.06945	3.30145e-02
0.06993	3.21729e-02
0.07044	3.13706e-02
0.07096	3.06384e-02
0.07148	2.99989e-02
0.07199	2.94693e-02
0.07249	2.90631e-02
0.07296	2.87902e-02
0.07341	2.86573e-02
0.07383	2.86671e-02
0.07422	2.88193e-02
0.07459	2.91114e-02
0.07491	2.95359e-02
0.07520	3.00823e-02
0.07545	3.07350e-02
0.07567	3.14599e-02
0.07598	3.19660e-02
0.07679	3.12624e-02
0.07767	3.03241e-02
0.07850	2.94257e-02
0.07928	2.85949e-02
0.08000	2.78420e-02
0.08066	2.71743e-02
0.08126	2.65973e-02
0.08179	2.61156e-02
0.08227	2.57328e-02
0.08269	2.54511e-02
0.08304	2.52715e-02
0.08334	2.51934e-02
0.08358	2.52146e-02
0.08376	2.53315e-02
0.08389	2.55385e-02
0.08396	2.58284e-02
0.08399	2.61922e-02
0.08396	2.66188e-02
0.08390	2.70946e-02
0.08378	2.76235e-02
0.08364	2.81634e-02
0.08349	2.86850e-02
0.08333	2.91508e-02
0.08319	2.95156e-02
0.08308	2.97341e-02
0.08303	2.97763e-02
0.08303	2.96422e-02
0.08307	2.93590e-02
0.08315	2.89670e-02
0.08324	2.85059e-02
0.08334	2.80090e-02
0.08344	2.75036e-02
0.08354	2.70120e-02
0.08362	2.65535e-02
0.08369	2.61449e-02
0.08374	2.57951e-02
0.08376	2.55237e-02
0.08377	2.53441e-02
0.08375	2.52682e-02
0.08371	2.53067e-02
0.08364	2.54680e-02
0.08355	2.57582e-02
0.08342	2.61813e-02
0.08327	2.67384e-02
0.08308	2.74285e-02
0.08286	2.82482e-02
0.08261	2.91926e-02
0.08231	3.02551e-02
0.08198	3.14281e-02
0.08162	3.27029e-02
0.08121	3.40663e-02
0.08094	3.50929e-02
0.08106	3.52713e-02
0.08115	3.55703e-02
0.08119	3.60076e-02
0.08118	3.65878e-02
0.08113	3.73000e-02
0.08104	3.81369e-02
0.08090	3.90895e-02
0.08071	4.01473e-02
0.08049	4.12991e-02
0.08022	4.25328e-02
0.07991	4.38363e-02
0.07956	4.51971e-02
0.07918	4.66026e-02
0.07876	4.80401e-02
0.07832	4.94967e-02
0.07785	5.09593e-02
0.07737	5.24135e-02
0.07688	5.38442e-02
0.07640	5.52339e-02
0.07593	5.65677e-02
0.07551	5.78171e-02
0.07515	5.89549e-02
0.07488	5.99525e-02
0.07473	6.07841e-02
0.07472	6.14338e-02
0.07485	6.18992e-02
0.07512	6.21787e-02
0.07564	6.21410e-02
0.07642	6.17607e-02
0.07728	6.12606e-02
0.07817	6.06898e-02
0.07906	6.00726e-02
0.07995	5.94248e-02
0.08082	5.87582e-02
0.08167	5.80815e-02
0.08249	5.74014e-02
0.08328	5.67225e-02
0.08404	5.60478e-02
0.08476	5.53787e-02
0.08546	5.47149e-02
0.08613	5.40550e-02
0.08677	5.33959e-02
0.08739	5.27303e-02
0.08799	5.20567e-02
0.08858	5.13706e-02
0.08915	5.06676e-02
0.08971	4.99449e-02
0.09026	4.92016e-02
0.09080	4.84388e-02
0.09132	4.76600e-02
0.09182	4.68702e-02
0.09230	4.60759e-02
0.09275	4.52844e-02
0.09317	4.45033e-02
0.09355	4.37401e-02
0.09389	4.30020e-02
0.09420	4.22956e-02
0.09445	4.16270e-02
0.09466	4.10010e-02
0.09482	4.04218e-02
0.09492	3.98923e-02
0.09497	3.94147e-02
0.09497	3.89896e-02
0.09492	3.86172e-02
0.09480	3.82962e-02
0.09464	3.80246e-02
0.09442	3.77998e-02
0.09414	3.76184e-02
0.09382	3.74767e-02
0.09344	3.73704e-02
0.09302	3.72952e-02
0.09255	3.72464e-02
0.09204	3.72198e-02
0.09149	3.72109e-02
0.09091	3.72155e-02
0.09029	3.72298e-02
0.08965	3.72501e-02
0.08898	3.72732e-02
0.08829	3.72964e-02
0.08759	3.73176e-02
0.08687	3.73361e-02
0.08615	3.73522e-02
0.08540	3.73420e-02
0.08465	3.73357e-02
0.08389	3.73396e-02
0.08313	3.73619e-02
0.08236	3.74117e-02
0.08159	3.74990e-02
0.08081	3.76330e-02
0.08002	3.78215e-02
0.07923	3.80699e-02
0.07842	3.83796e-02
0.07761	3.87467e-02
0.07681	3.91576e-02
0.07602	3.95786e-02
0.07531	3.99275e-02
0.07475	4.00308e-02
0.07445	3.97334e-02
0.07434	3.91452e-02
0.07432	3.84512e-02
0.07434	3.77473e-02
0.07438	3.70739e-02
0.07442	3.64494e-02
0.07447	3.58824e-02
0.07452	3.53785e-02
0.07458	3.49403e-02
0.07463	3.45691e-02
0.07467	3.42655e-02
0.07472	3.40296e-02
0.07476	3.38617e-02
0.07479	3.37621e-02
0.07482	3.37321e-02
0.07484	3.37729e-02
0.07484	3.38864e-02
0.07483	3.40742e-02
0.07481	3.43372e-02
0.07476	3.46756e-02
0.07469	3.50877e-02
0.07460	3.55705e-02
0.07449	3.61253e-02
0.07435	3.67402e-02
0.07420	3.74074e-02
0.07402	3.81182e-02
0.07384	3.88633e-02
0.07365	3.96337e-02
0.07346	4.04204e-02
0.07326	4.12153e-02
0.07308	4.20112e-02
0.07290	4.28021e-02
0.07273	4.35850e-02
0.07258	4.43540e-02
0.07246	4.51057e-02
0.07236	4.58365e-02
0.07230	4.65428e-02
0.07227	4.72208e-02
0.07229	4.78663e-02
0.07236	4.84750e-02
0.07247	4.90426e-02
0.07265	4.95652e-02
0.07289	5.00393e-02
0.07319	5.04628e-02
0.07356	5.08346e-02
0.07399	5.11558e-02
0.07449	5.14285e-02
0.07506	5.16567e-02
0.07568	5.18457e-02
0.07635	5.20018e-02
0.07707	5.21320e-02
0.07784	5.22436e-02
0.07863	5.23436e-02
0.07946	5.24389e-02
0.08031	5.25358e-02
0.08118	5.26400e-02
0.08206	5.27559e-02
0.08296	5.28874e-02
0.08386	5.30369e-02
0.08476	5.32051e-02
0.08567	5.33915e-02
0.08658	5.35933e-02
0.08750	5.38052e-02
0.08842	5.40196e-02
0.08935	5.42257e-02
0.09030	5.44099e-02
0.09126	5.45567e-02
0.09225	5.46503e-02
0.09327	5.46776e-02
0.09432	5.46311e-02
0.09539	5.45106e-02
0.09648	5.43285e-02
0.09756	5.40887e-02
0.09864	5.38033e-02
0.09970	5.34843e-02
0.10073	5.31420e-02
0.10173	5.27851e-02
0.10268	5.24203e-02
0.10358	5.20530e-02
0.10442	5.16874e-02
0.10520	5.13266e-02
0.10591	5.09733e-02
0.10656	5.06292e-02
0.10713	5.02961e-02
0.10763	4.99754e-02
0.10805	4.96695e-02
0.10838	4.93769e-02
0.10864	4.91009e-02
0.10880	4.88426e-02
0.10888	4.86029e-02
0.10888	4.83829e-02
0.10878	4.81835e-02
0.10860	4.80059e-02
0.10832	4.78511e-02
0.10796	4.77203e-02
0.10751	4.76143e-02
0.10696	4.75343e-02
0.10633	4.74810e-02
0.10561	4.74551e-02
0.10480	4.74573e-02
0.10390	4.74879e-02
0.10292	4.75471e-02
0.10185	4.76348e-02
0.10071	4.77505e-02
0.09948	4.78916e-02
0.09842	4.75461e-02
0.09755	4.66866e-02
0.09660	4.58743e-02
0.09557	4.51176e-02
0.09446	4.44216e-02
0.09328	4.37913e-02
0.09202	4.32307e-02
0.09070	4.27436e-02
0.08931	4.23330e-02
0.08787	4.20012e-02
0.08636	4.17493e-02
0.08481	4.15775e-02
0.08321	4.14846e-02
0.08158	4.14678e-02
0.07992	4.15229e-02
0.07824	4.16434e-02
0.07656	4.18209e-02
0.07488	4.20466e-02
0.07322	4.23053e-02
0.07162	4.25790e-02
0.07009	4.28429e-02
0.06868	4.30493e-02
0.06751	4.30201e-02
0.06696	4.21992e-02
0.06694	4.07296e-02
0.06715	3.90765e-02
0.06751	3.73603e-02
0.06798	3.56325e-02
0.06856	3.39380e-02
0.06921	3.23252e-02
0.06992	3.08464e-02
0.07067	2.95574e-02
0.07146	2.85149e-02
0.07225	2.77722e-02
0.07306	2.73740e-02
0.07385	2.73504e-02
0.07464	2.77120e-02
0.07541	2.84494e-02
0.07615	2.95355e-02
0.07687	3.09312e-02
0.07755	3.25911e-02
0.07820	3.44698e-02
0.07881	3.65239e-02
0.07938	3.87144e-02
0.07991	4.10072e-02
0.08039	4.33719e-02
0.08083	4.57812e-02
0.08123	4.82067e-02
0.08161	5.06033e-02
0.08206	5.28097e-02
0.08296	5.42835e-02
0.08416	5.52425e-02
0.08538	5.61219e-02
0.08657	5.69946e-02
0.08771	5.78688e-02
0.08880	5.87392e-02
0.08984	5.95943e-02
0.09084	6.04129e-02
0.09183	6.11518e-02
0.09285	6.17345e-02
0.09394	6.21090e-02
0.09505	6.23224e-02
0.09614	6.24393e-02
0.09718	6.24921e-02
0.09817	6.24942e-02
0.09910	6.24523e-02
0.09998	6.23685e-02
0.10078	6.22444e-02
0.10152	6.20808e-02
0.10219	6.18785e-02
0.10280	6.16381e-02
0.10333	6.13603e-02
0.10380	6.10462e-02
0.10420	6.06964e-02
0.10453	6.03121e-02
0.10480	5.98941e-02
0.10499	5.94435e-02
0.10512	5.89611e-02
0.10519	5.84478e-02
0.10518	5.79043e-02
0.10511	5.73379e-02
0.10497	5.67267e-02
0.10477	5.60874e-02
0.10452	5.54209e-02
0.10420	5.47286e-02
0.10384	5.40120e-02
0.10343	5.32734e-02
0.10297	5.25152e-02
0.10247	5.17407e-02
0.10192	5.09538e-02
0.10134	5.01590e-02
0.10071	4.93611e-02
0.10006	4.85654e-02
0.09937	4.77772e-02
0.09865	4.70015e-02
0.09791	4.62429e-02
0.09714	4.55052e-02
0.09636	4.47909e-02
0.09557	4.41014e-02
0.09478	4.34360e-02
0.09399	4.27925e-02
0.09321	4.21777e-02
0.09246	4.15725e-02
0.09173	4.09689e-02
0.09104	4.03576e-02
0.09040	3.97290e-02
0.08981	3.90745e-02
0.08929	3.83875e-02
0.08884	3.76650e-02
0.08846	3.69087e-02
0.08815	3.61257e-02
0.08791	3.53287e-02
0.08773	3.45355e-02
0.08761	3.37682e-02
0.08754	3.30516e-02
0.08750	3.24117e-02
0.08750	3.18744e-02
0.08751	3.14630e-02
0.08755	3.11988e-02
0.08759	3.10975e-02
0.08764	3.11698e-02
0.08769	3.14203e-02
0.08773	3.18498e-02
0.08776	3.24495e-02
0.08778	3.32080e-02
0.08778	3.41108e-02
0.08775	3.51411e-02
0.08771	3.62806e-02
0.08764	3.75103e-02
0.08754	3.88113e-02
0.08742	4.01649e-02
0.08727	4.15530e-02
0.08710	4.29579e-02
0.08691	4.43630e-02
0.08669	4.57523e-02
0.08646	4.71105e-02
0.08622	4.84235e-02
0.08596	4.96773e-02
0.08571	5.08583e-02
0.08547	5.19494e-02
0.08524	5.29214e-02
0.08510	5.36997e-02
0.08512	5.41393e-02
0.08531	5.42320e-02
0.08559	5.41170e-02
0.08591	5.38689e-02
0.08625	5.35160e-02
0.08659	5.30724e-02
0.08692	5.25475e-02
0.08726	5.19496e-02
0.08758	5.12861e-02
0.08788	5.05642e-02
0.08817	4.97900e-02
0.08844	4.89681e-02
0.08869	4.81005e-02
0.08893	4.71863e-02
0.08916	4.62210e-02
0.08939	4.51969e-02
0.08961	4.41051e-02
0.08985	4.29379e-02
0.09010	4.16927e-02
0.09036	4.03741e-02
0.09063	3.89947e-02
0.09089	3.75738e-02
0.09115	3.61350e-02
0.09140	3.47031e-02
0.09164	3.33113e-02
0.09185	3.19816e-02
0.09205	3.07419e-02
0.09221	2.96202e-02
0.09235	2.86442e-02
0.09247	2.78405e-02
0.09256	2.72332e-02
0.09263	2.68423e-02
0.09268	2.66817e-02
0.09271	2.67580e-02
0.09272	2.70696e-02
0.09272	2.76064e-02
0.09271	2.83517e-02
0.09268	2.92833e-02
0.09265	3.03786e-02
0.09261	3.16085e-02
0.09258	3.29440e-02
0.09256	3.43573e-02
0.09255	3.58212e-02
0.09257	3.73097e-02
0.09263	3.87981e-02
0.09272	4.02631e-02
0.09286	4.16835e-02
0.09306	4.30405e-02
0.09332	4.43184e-02
0.09365	4.55054e-02
0.09405	4.65935e-02
0.09452	4.75794e-02
0.09507	4.84637e-02
0.09568	4.92505e-02
0.09635	4.99466e-02
0.09707	5.05603e-02
0.09783	5.11009e-02
0.09862	5.15773e-02
0.09944	5.19981e-02
0.10028	5.23662e-02
0.10112	5.26928e-02
0.10197	5.29846e-02
0.10280	5.32477e-02
0.10363	5.34875e-02
0.10443	5.37087e-02
0.10521	5.39159e-02
0.10596	5.41131e-02
0.10667	5.43041e-02
0.10734	5.44924e-02
0.10797	5.46812e-02
0.10856	5.48738e-02
0.10909	5.50731e-02
0.10956	5.52818e-02
0.10998	5.55026e-02
0.11033	5.57378e-02
0.11062	5.59979e-02
0.11083	5.62766e-02
0.11098	5.65757e-02
0.11105	5.68962e-02
0.11105	5.72391e-02
0.11097	5.76044e-02
0.11081	5.79924e-02
0.11057	5.84026e-02
0.11025	5.88340e-02
0.10985	5.92851e-02
0.10936	5.97539e-02
0.10879	6.02380e-02
0.10813	6.07345e-02
0.10739	6.12401e-02
0.10656	6.17509e-02
0.10566	6.22626e-02
0.10467	6.27703e-02
0.10360	6.32684e-02
0.10246	6.37504e-02
0.10124	6.42082e-02
0.09997	6.46317e-02
0.09863	6.50067e-02
0.09727	6.53137e-02
0.09588	6.55262e-02
0.09450	6.56156e-02
0.09315	6.55650e-02
0.09182	6.53826e-02
0.09051	6.50939e-02
0.08920	6.47249e-02
0.08789	6.42943e-02
0.08657	6.38134e-02
0.08524	6.32888e-02
0.08393	6.27240e-02
0.08262	6.21204e-02
0.08133	6.14775e-02
0.08008	6.07917e-02
0.07887	6.00532e-02
0.07775	5.92374e-02
0.07676	5.82895e-02
0.07598	5.71234e-02
0.07545	5.56987e-02
0.07511	5.40850e-02
0.07490	5.23787e-02
0.07477	5.06448e-02
0.07471	4.89250e-02
0.07470	4.72495e-02
0.07474	4.56439e-02
0.07482	4.41311e-02
0.07494	4.27397e-02
0.07509	4.14847e-02
0.07527	4.03878e-02
0.07549	3.94730e-02
0.07573	3.87665e-02
0.07600	3.82959e-02
0.07627	3.80866e-02
0.07654	3.81583e-02
0.07681	3.85216e-02
0.07707	3.91766e-02
0.07730	4.01124e-02
0.07752	4.13087e-02
0.07772	4.27377e-02
0.07789	4.43616e-02
0.07811	4.60638e-02
0.07919	4.64443e-02
0.08068	4.62859e-02
0.08216	4.62406e-02
0.08364	4.63167e-02
0.08511	4.64997e-02
0.08657	4.67705e-02
0.08803	4.71073e-02
0.08950	4.74879e-02
0.09097	4.78909e-02
0.09246	4.82965e-02
0.09396	4.86886e-02
0.09547	4.90547e-02
0.09700	4.93870e-02
0.09853	4.96822e-02
0.10007	4.99403e-02
0.10160	5.01645e-02
0.10312	5.03595e-02
0.10462	5.05308e-02
0.10610	5.06842e-02
0.10755	5.08246e-02
0.10898	5.09566e-02
0.11035	5.10898e-02
0.11169	5.12201e-02
0.11298	5.13490e-02
0.11424	5.14771e-02
0.11545	5.16039e-02
0.11662	5.17284e-02
0.11774	5.18491e-02
0.11883	5.19638e-02
0.11987	5.20698e-02
0.12087	5.21641e-02
0.12182	5.22436e-02
0.12274	5.23050e-02
0.12362	5.23448e-02
0.12446	5.23597e-02
0.12526	5.23466e-02
0.12602	5.23025e-02
0.12674	5.22250e-02
0.12743	5.21106e-02
0.12808	5.19572e-02
0.12870	5.17634e-02
0.12927	5.15280e-02
0.12980	5.12379e-02
0.13029	5.09058e-02
0.13074	5.05321e-02
0.13115	5.01176e-02
0.13152	4.96635e-02
0.13184	4.91715e-02
0.13212	4.86433e-02
0.13235	4.80814e-02
0.13253	4.74883e-02
0.13266	4.68672e-02
0.13275	4.62215e-02
0.13278	4.55552e-02
0.13276	4.48725e-02
0.13268	4.41784e-02
0.13256	4.34780e-02
0.13237	4.27771e-02
0.13213	4.20816e-02
0.13184	4.13980e-02
0.13148	4.07351e-02
0.13107	4.00974e-02
0.13060	3.94917e-02
0.13007	3.89249e-02
0.12948	3.84034e-02
0.12884	3.79335e-02
0.12814	3.75209e-02
0.12739	3.71705e-02
0.12658	3.68863e-02
0.12572	3.66713e-02
0.12480	3.65275e-02
0.12383	3.64557e-02
0.12282	3.64555e-02
0.12175	3.65252e-02
0.12065	3.66623e-02
0.11950	3.68633e-02
0.11830	3.71242e-02
0.11708	3.74402e-02
0.11582	3.78067e-02
0.11453	3.82187e-02
0.11321	3.86717e-02
0.11187	3.91618e-02
0.11051	3.96853e-02
0.10913	4.02393e-02
0.10774	4.08216e-02
0.10634	4.14432e-02
0.10493	4.20883e-02
0.10351	4.27566e-02
0.10210	4.34456e-02
0.10069	4.41518e-02
0.09929	4.48701e-02
0.09790	4.55924e-02
0.09654	4.63073e-02
0.09522	4.69975e-02
0.09395	4.76388e-02
0.09276	4.81990e-02
0.09167	4.86421e-02
0.09070	4.89395e-02
0.08987	4.90860e-02
0.08917	4.91023e-02
0.08858	4.90182e-02
0.08809	4.88675e-02
0.08769	4.86757e-02
0.08737	4.84598e-02
0.08711	4.82304e-02
0.08693	4.79924e-02
0.08681	4.77441e-02
0.08675	4.74764e-02
0.08678	4.71732e-02
0.08689	4.68144e-02
0.08710	4.63829e-02
0.08739	4.58720e-02
0.08777	4.52889e-02
0.08822	4.46515e-02
0.08872	4.39820e-02
0.08925	4.33011e-02
0.08981	4.26260e-02
0.09038	4.19696e-02
0.09096	4.13417e-02
0.09153	4.07488e-02
0.09211	4.01953e-02
0.09267	3.96786e-02
0.09322	3.92046e-02
0.09375	3.87737e-02
0.09427	3.83857e-02
0.09476	3.80394e-02
0.09523	3.77337e-02
0.09568	3.74668e-02
0.09610	3.72370e-02
0.09649	3.70424e-02
0.09684	3.68813e-02
0.09717	3.67518e-02
0.09747	3.66524e-02
0.09772	3.65816e-02
0.09795	3.65383e-02
0.09813	3.65216e-02
0.09828	3.65308e-02
0.09838	3.65630e-02
0.09844	3.66200e-02
0.09846	3.67019e-02
0.09843	3.68084e-02
0.09837	3.69397e-02
0.09826	3.70965e-02
0.09811	3.72770e-02
0.09791	3.74806e-02
0.09766	3.77059e-02
0.09737	3.79515e-02
0.09704	3.82153e-02
0.09666	3.84943e-02
0.09623	3.87852e-02
0.09577	3.90838e-02
0.09526	3.93848e-02
0.09471	3.96822e-02
0.09413	3.99692e-02
0.09352	4.02379e-02
0.09288	4.04799e-02
0.09222	4.06864e-02
0.09153	4.08492e-02
0.09084	4.09613e-02
0.09012	4.10178e-02
0.08941	4.10222e-02
0.08868	4.09733e-02
0.08794	4.08766e-02
0.08719	4.07401e-02
0.08642	4.05730e-02
0.08563	4.03847e-02
0.08482	4.01840e-02
0.08398	3.99787e-02
0.08312	3.97754e-02
0.08224	3.95796e-02
0.08132	3.93957e-02
0.08038	3.92264e-02
0.07941	3.90718e-02
0.07845	3.88809e-02
0.07784	3.79375e-02
0.07729	3.68593e-02
0.07670	3.58279e-02
0.07608	3.48530e-02
0.07543	3.39401e-02
0.07475	3.30940e-02
0.07405	3.23187e-02
0.07332	3.16180e-02
0.07258	3.09952e-02
0.07182	3.04530e-02
0.07105	2.99936e-02
0.07027	2.96184e-02
0.06950	2.93283e-02
0.06873	2.91227e-02
0.06796	2.90001e-02
0.06721	2.89573e-02
0.06648	2.89888e-02
0.06577	2.90850e-02
0.06509	2.92273e-02
0.06448	2.93743e-02
0.06397	2.94309e-02
0.06362	2.92742e-02
0.06342	2.89454e-02
0.06331	2.85807e-02
0.06326	2.82523e-02
0.06324	2.79863e-02
0.06328	2.78013e-02
0.06336	2.76856e-02
0.06348	2.76415e-02
0.06364	2.76658e-02
0.06383	2.77543e-02
0.06407	2.79025e-02
0.06434	2.81056e-02
0.06465	2.83588e-02
0.06499	2.86572e-02
0.06537	2.89960e-02
0.06577	2.93706e-02
0.06621	2.97752e-02
0.06667	3.02048e-02
0.06716	3.06538e-02
0.06768	3.11162e-02
0.06822	3.15848e-02
0.06879	3.20517e-02
0.06939	3.25074e-02
0.07002	3.29413e-02
0.07068	3.33426e-02
0.07138	3.37002e-02
0.07211	3.39955e-02
0.07287	3.42313e-02
0.07368	3.44028e-02
0.07452	3.45079e-02
0.07539	3.45482e-02
0.07630	3.45291e-02
0.07722	3.44594e-02
0.07816	3.43503e-02
0.07911	3.42144e-02
0.08006	3.40647e-02
0.08100	3.39136e-02
0.08193	3.37730e-02
0.08283	3.36532e-02
0.08372	3.35636e-02
0.08457	3.35119e-02
0.08539	3.35048e-02
0.08617	3.35543e-02
0.08691	3.36566e-02
0.08762	3.38140e-02
0.08828	3.40276e-02
0.08889	3.42973e-02
0.08946	3.46245e-02
0.08997	3.50043e-02
0.09045	3.54334e-02
0.09087	3.59075e-02
0.09125	3.64216e-02
0.09158	3.69703e-02
0.09186	3.75476e-02
0.09209	3.81474e-02
0.09228	3.87634e-02
0.09242	3.93888e-02
0.09251	4.00173e-02
0.09256	4.06420e-02
0.09256	4.12564e-02
0.09252	4.18539e-02
0.09245	4.24279e-02
0.09233	4.29721e-02
0.09217	4.34804e-02
0.09198	4.39471e-02
0.09175	4.43617e-02
0.09149	4.47261e-02
0.09120	4.50375e-02
0.09088	4.52946e-02
0.09054	4.54973e-02
0.09016	4.56474e-02
0.08975	4.57478e-02
0.08931	4.58027e-02
0.08884	4.58170e-02
0.08834	4.57960e-02
0.08779	4.57453e-02
0.08721	4.56701e-02
0.08659	4.55756e-02
0.08593	4.54666e-02
0.08522	4.53471e-02
0.08448	4.52209e-02
0.08369	4.50910e-02
0.08286	4.49598e-02
0.08198	4.48292e-02
0.08107	4.47001e-02
0.08013	4.45730e-02
0.07915	4.44476e-02
0.07814	4.43231e-02
0.07710	4.41979e-02
0.07604	4.40700e-02
0.07496	4.39372e-02
0.07387	4.37991e-02
0.07277	4.36513e-02
0.07167	4.34925e-02
0.07057	4.33217e-02
0.06947	4.31393e-02
0.06838	4.29461e-02
0.06730	4.27435e-02
0.06624	4.25330e-02
0.06519	4.23158e-02
0.06417	4.20918e-02
0.06317	4.18593e-02
0.06222	4.16115e-02
0.06132	4.13288e-02
0.06052	4.09548e-02
0.05989	4.04054e-02
0.05940	3.97129e-02
0.05901	3.89461e-02
0.05871	3.81329e-02
0.05848	3.72789e-02
0.05834	3.63838e-02
0.05829	3.54469e-02
0.05832	3.44691e-02
0.05843	3.34544e-02
0.05862	3.24095e-02
0.05888	3.13401e-02
0.05921	3.02608e-02
0.05960	2.91837e-02
0.06003	2.81215e-02
0.06051	2.70871e-02
0.06103	2.60936e-02
0.06158	2.51540e-02
0.06215	2.42811e-02
0.06275	2.34873e-02
0.06338	2.27845e-02
0.06402	2.21836e-02
0.06468	2.17086e-02
0.06535	2.13511e-02
0.06602	2.11163e-02
0.06671	2.10066e-02
0.06739	2.10212e-02
0.06807	2.11566e-02
0.06875	2.14060e-02
0.06943	2.17599e-02
0.07010	2.22064e-02
0.07076	2.27317e-02
0.07142	2.33202e-02
0.07207	2.39547e-02
0.07271	2.46166e-02
0.07334	2.52861e-02
0.07398	2.59422e-02
0.07461	2.65636e-02
0.07526	2.71278e-02
0.07591	2.76192e-02
0.07657	2.80255e-02
0.07725	2.83421e-02
0.07793	2.85720e-02
0.07860	2.87238e-02
0.07927	2.88115e-02
0.07992	2.88498e-02
0.08054	2.88528e-02
0.08114	2.88329e-02
0.08169	2.88009e-02
0.08221	2.87655e-02
0.08268	2.87338e-02
0.08309	2.87117e-02
0.08346	2.87036e-02
0.08377	2.87132e-02
0.08403	2.87435e-02
0.08423	2.87968e-02
0.08438	2.88747e-02
0.08446	2.89787e-02
0.08449	2.91096e-02
0.08447	2.92679e-02
0.08439	2.94536e-02
0.08426	2.96661e-02
0.08407	2.99038e-02
0.08384	3.01641e-02
0.08356	3.04424e-02
0.08325	3.07312e-02
0.08290	3.10185e-02
0.08253	3.12856e-02
0.08215	3.15052e-02
0.08179	3.16430e-02
0.08145	3.16694e-02
0.08114	3.15772e-02
0.08086	3.13885e-02
0.08060	3.11414e-02
0.08034	3.08731e-02
0.08009	3.06126e-02
0.07983	3.03809e-02
0.07956	3.01924e-02
0.07929	3.00565e-02
0.07901	2.99793e-02
0.07873	2.99633e-02
0.07846	3.00084e-02
0.07818	3.01121e-02
0.07792	3.02694e-02
0.07767	3.04731e-02
0.07743	3.07143e-02
0.07722	3.09824e-02
0.07704	3.12669e-02
0.07689	3.15531e-02
0.07679	3.18275e-02
0.07673	3.20763e-02
0.07674	3.22859e-02
0.07680	3.24434e-02
0.07693	3.25366e-02
0.07714	3.25616e-02
0.07742	3.25051e-02
0.07777	3.23639e-02
0.07819	3.21393e-02
0.07867	3.18373e-02
0.07919	3.14677e-02
0.07976	3.10427e-02
0.08036	3.05627e-02
0.08099	3.00551e-02
0.08163	2.95338e-02
0.08227	2.90122e-02
0.08292	2.85035e-02
0.08355	2.80204e-02
0.08418	2.75749e-02
0.08478	2.71789e-02
0.08536	2.68438e-02
0.08591	2.65806e-02
0.08642	2.63855e-02
0.08688	2.62791e-02
0.08731	2.62694e-02
0.08770	2.63630e-02
0.08804	2.65652e-02
0.08833	2.68788e-02
0.08858	2.73052e-02
0.08877	2.78434e-02
0.08891	2.84908e-02
0.08899	2.92431e-02
0.08903	3.00947e-02
0.08899	3.10462e-02
0.08891	3.20841e-02
0.08876	3.31996e-02
0.08857	3.43832e-02
0.08832	3.56251e-02
0.08803	3.69146e-02
0.08769	3.82403e-02
0.08730	3.95893e-02
0.08689	4.09466e-02
0.08644	4.22936e-02
0.08598	4.36062e-02
0.08553	4.48520e-02
0.08512	4.59893e-02
0.08476	4.69727e-02
0.08450	4.77719e-02
0.08432	4.83924e-02
0.08422	4.88674e-02
0.08417	4.92475e-02
0.08415	4.95682e-02
0.08415	4.98520e-02
0.08417	5.01115e-02
0.08421	5.03520e-02
0.08425	5.05747e-02
0.08432	5.07765e-02
0.08441	5.09517e-02
0.08452	5.10928e-02
0.08467	5.11927e-02
0.08485	5.12482e-02
0.08506	5.12633e-02
0.08530	5.12498e-02
0.08556	5.12252e-02
0.08582	5.12090e-02
0.08609	5.12179e-02
0.08635	5.12441e-02
0.08689	5.08276e-02
0.08763	5.00795e-02
0.08835	4.93786e-02
0.08903	4.87536e-02
0.08967	4.82182e-02
0.09026	4.77825e-02
0.09081	4.74547e-02
0.09131	4.72409e-02
0.09177	4.71450e-02
0.09217	4.71687e-02
0.09253	4.73115e-02
0.09284	4.75708e-02
0.09310	4.79416e-02
0.09332	4.84175e-02
0.09348	4.89898e-02
0.09361	4.96488e-02
0.09369	5.03830e-02
0.09374	5.11800e-02
0.09374	5.20261e-02
0.09372	5.29063e-02
0.09367	5.38040e-02
0.09360	5.47000e-02
0.09352	5.55708e-02
0.09345	5.63854e-02
0.09341	5.71012e-02
0.09343	5.76667e-02
0.09354	5.80456e-02
0.09373	5.82476e-02
0.09397	5.83165e-02
0.09423	5.82948e-02
0.09448	5.82111e-02
0.09473	5.80883e-02
0.09496	5.79338e-02
0.09515	5.77570e-02
0.09531	5.75655e-02
0.09542	5.73657e-02
0.09549	5.71627e-02
0.09550	5.69611e-02
0.09547	5.67657e-02
0.09538	5.65778e-02
0.09523	5.63993e-02
0.09504	5.62315e-02
0.09479	5.60753e-02
0.09449	5.59303e-02
0.09414	5.57956e-02
0.09375	5.56655e-02
0.09332	5.55382e-02
0.09285	5.54136e-02
0.09235	5.52871e-02
0.09182	5.51529e-02
0.09126	5.50041e-02
0.09070	5.48328e-02
0.09013	5.46303e-02
0.08956	5.43874e-02
0.08900	5.40948e-02
0.08846	5.37449e-02
0.08795	5.33294e-02
0.08747	5.28425e-02
0.08704	5.22799e-02
0.08665	5.16386e-02
0.08630	5.09167e-02
0.08601	5.01134e-02
0.08577	4.92289e-02
0.08558	4.82653e-02
0.08544	4.72262e-02
0.08535	4.61176e-02
0.08530	4.49450e-02
0.08529	4.37201e-02
0.08531	4.24525e-02
0.08536	4.11525e-02
0.08545	3.98302e-02
0.08556	3.84975e-02
0.08568	3.71661e-02
0.08582	3.58481e-02
0.08595	3.45575e-02
0.08610	3.33094e-02
0.08623	3.21207e-02
0.08636	3.10100e-02
0.08648	2.99964e-02
0.08658	2.90997e-02
0.08667	2.83388e-02
0.08673	2.77311e-02
0.08676	2.73081e-02
0.08675	2.70633e-02
0.08672	2.70012e-02
0.08666	2.71212e-02
0.08657	2.74175e-02
0.08645	2.78800e-02
0.08629	2.84952e-02
0.08610	2.92474e-02
0.08587	3.01201e-02
0.08561	3.10962e-02
0.08531	3.21592e-02
0.08498	3.32930e-02
0.08461	3.44816e-02
0.08422	3.57091e-02
0.08379	3.69577e-02
0.08334	3.82059e-02
0.08288	3.94240e-02
0.08243	4.05664e-02
0.08203	4.15623e-02
0.08173	4.23234e-02
0.08157	4.28047e-02
0.08152	4.30666e-02
0.08152	4.32148e-02
0.08153	4.33361e-02
0.08153	4.34806e-02
0.08149	4.36742e-02
0.08143	4.39292e-02
0.08132	4.42514e-02
0.08119	4.46370e-02
0.08103	4.50819e-02
0.08085	4.55795e-02
0.08066	4.61201e-02
0.08047	4.66908e-02
0.08028	4.72738e-02
0.08013	4.78425e-02
0.08004	4.83535e-02
0.08007	4.87298e-02
0.08029	4.88505e-02
0.08076	4.86090e-02
0.08148	4.80274e-02
0.08237	4.72176e-02
0.08336	4.62743e-02
0.08442	4.52556e-02
0.08552	4.41976e-02
0.08666	4.31264e-02
0.08782	4.20627e-02
0.08899	4.10243e-02
0.09016	4.00272e-02
0.09134	3.90864e-02
0.09251	3.82159e-02
0.09367	3.74276e-02
0.09482	3.67325e-02
0.09595	3.61399e-02
0.09707	3.56574e-02
0.09817	3.52907e-02
0.09925	3.50433e-02
0.10030	3.49107e-02
0.10133	3.48989e-02
0.10234	3.50052e-02
0.10331	3.52248e-02
0.10426	3.55512e-02
0.10517	3.59762e-02
0.10606	3.64906e-02
0.10692	3.70576e-02
0.10775	3.76903e-02
0.10855	3.83791e-02
0.10931	3.91129e-02
0.11003	3.98807e-02
0.11072	4.06718e-02
0.11137	4.14756e-02
0.11198	4.22819e-02
0.11256	4.30809e-02
0.11310	4.38634e-02
0.11361	4.46204e-02
0.11408	4.53436e-02
0.11451	4.60252e-02
0.11492	4.66581e-02
0.11529	4.72359e-02
0.11563	4.77533e-02
0.11594	4.82056e-02
0.11622	4.85896e-02
0.11646	4.89031e-02
0.11668	4.91454e-02
0.11686	4.93168e-02
0.11704	4.94352e-02
0.11719	4.94872e-02
0.11730	4.94769e-02
0.11737	4.94089e-02
0.11740	4.92889e-02
0.11738	4.91232e-02
0.11732	4.89185e-02
0.11722	4.86824e-02
0.11706	4.84227e-02
0.11685	4.81475e-02
0.11659	4.78654e-02
0.11628	4.75851e-02
0.11591	4.73153e-02
0.11548	4.70648e-02
0.11500	4.68420e-02
0.11446	4.66548e-02
0.11385	4.65108e-02
0.11319	4.64158e-02
0.11247	4.63747e-02
0.11169	4.63909e-02
0.11086	4.64657e-02
0.10998	4.65983e-02
0.10905	4.67854e-02
0.10808	4.70214e-02
0.10707	4.72980e-02
0.10604	4.76047e-02
0.10498	4.79292e-02
0.10393	4.82589e-02
0.10287	4.85817e-02
0.10183	4.88892e-02
0.10080	4.91777e-02
0.09980	4.94505e-02
0.09883	4.97182e-02
0.09788	4.99973e-02
0.09694	5.03082e-02
0.09602	5.06724e-02
0.09510	5.11092e-02
0.09418	5.16330e-02
0.09326	5.22528e-02
0.09237	5.29087e-02
0.09179	5.31520e-02
0.09186	5.23799e-02
0.09209	5.14466e-02
0.09233	5.06307e-02
0.09255	4.99877e-02
0.09274	4.95392e-02
0.09290	4.92960e-02
0.09304	4.92609e-02
0.09315	4.94289e-02
0.09324	4.97845e-02
0.09333	5.02970e-02
0.09344	5.09179e-02
0.09358	5.16060e-02
0.09374	5.23696e-02
0.09391	5.32402e-02
0.09406	5.42336e-02
0.09419	5.53476e-02
0.09429	5.65703e-02
0.09438	5.78818e-02
0.09446	5.92390e-02
0.09473	6.03341e-02
0.09553	6.06321e-02
0.09642	6.08160e-02
0.09729	6.10365e-02
0.09815	6.13024e-02
0.09897	6.16091e-02
0.09976	6.19505e-02
0.10052	6.23193e-02
0.10125	6.27082e-02
0.10194	6.31104e-02
0.10260	6.35194e-02
0.10322	6.39295e-02
0.10380	6.43354e-02
0.10434	6.47317e-02
0.10483	6.51140e-02
0.10528	6.54779e-02
0.10569	6.58197e-02
0.10604	6.61356e-02
0.10634	6.64216e-02
0.10660	6.66747e-02
0.10680	6.68897e-02
0.10696	6.70601e-02
0.10707	6.71786e-02
0.10714	6.72345e-02
0.10717	6.72131e-02
0.10718	6.70934e-02
0.10718	6.68474e-02
0.10719	6.64436e-02
0.10723	6.58583e-02
0.10729	6.50877e-02
0.10737	6.41478e-02
0.10743	6.30661e-02
0.10747	6.18673e-02
0.10749	6.05704e-02
0.10746	5.91902e-02
0.10738	5.77383e-02
0.10725	5.62246e-02
0.10708	5.46585e-02
0.10684	5.30490e-02
0.10655	5.14055e-02
0.10621	4.97376e-02
0.10581	4.80556e-02
0.10535	4.63709e-02
0.10483	4.46952e-02
0.10426	4.30416e-02
0.10364	4.14241e-02
0.10296	3.98578e-02
0.10224	3.83589e-02
0.10146	3.69445e-02
0.10064	3.56325e-02
0.09978	3.44408e-02
0.09887	3.33870e-02
0.09794	3.24874e-02
0.09697	3.17557e-02
0.09597	3.12023e-02
0.09495	3.08328e-02
0.09392	3.06474e-02
0.09289	3.06404e-02
0.09185	3.08005e-02
0.09082	3.11113e-02
0.08981	3.15526e-02
0.08882	3.21013e-02
0.08787	3.27332e-02
0.08697	3.34234e-02
0.08613	3.41483e-02
0.08535	3.48855e-02
0.08465	3.56151e-02
0.08404	3.63202e-02
0.08352	3.69875e-02
0.08309	3.76078e-02
0.08277	3.81766e-02
0.08255	3.86944e-02
0.08242	3.91658e-02
0.08238	3.95993e-02
0.08242	4.00052e-02
0.08253	4.03945e-02
0.08269	4.07777e-02
0.08292	4.11628e-02
0.08318	4.15622e-02
0.08348	4.19750e-02
0.08381	4.24033e-02
0.08415	4.28468e-02
0.08451	4.33037e-02
0.08487	4.37710e-02
0.08524	4.42435e-02
0.08561	4.47159e-02
0.08597	4.51816e-02
0.08633	4.56338e-02
0.08669	4.60648e-02
0.08704	4.64665e-02
0.08738	4.68304e-02
0.08771	4.71478e-02
0.08803	4.74103e-02
0.08835	4.76096e-02
0.08866	4.77385e-02
0.08896	4.77911e-02
0.08925	4.77633e-02
0.08953	4.76530e-02
0.08978	4.74600e-02
0.09002	4.71862e-02
0.09023	4.68351e-02
0.09041	4.64113e-02
0.09055	4.59202e-02
0.09064	4.53675e-02
0.09069	4.47589e-02
0.09069	4.40960e-02
0.09064	4.33892e-02
0.09052	4.26436e-02
0.09034	4.18640e-02
0.09009	4.10549e-02
0.08978	4.02207e-02
0.08941	3.93654e-02
0.08896	3.84930e-02
0.08846	3.76076e-02
0.08788	3.67131e-02
0.08725	3.58136e-02
0.08655	3.49132e-02
0.08580	3.40163e-02
0.08499	3.31278e-02
0.08413	3.22522e-02
0.08323	3.13980e-02
0.08228	3.05696e-02
0.08130	2.97738e-02
0.08028	2.90179e-02
0.07922	2.83097e-02
0.07815	2.76574e-02
0.07705	2.70690e-02
0.07595	2.65514e-02
0.07484	2.61092e-02
0.07373	2.57424e-02
0.07264	2.54422e-02
0.07158	2.51854e-02
0.07059	2.49260e-02
0.06969	2.45904e-02
0.06893	2.40933e-02
0.06833	2.33898e-02
0.06788	2.25190e-02
0.06755	2.15798e-02
0.06732	2.06792e-02
0.06715	1.99075e-02
0.06705	1.93266e-02
0.06701	1.89989e-02
0.06702	1.89584e-02
0.06708	1.92197e-02
0.06718	1.97783e-02
0.06734	2.06142e-02
0.06754	2.16968e-02
0.06778	2.29886e-02
0.06807	2.44493e-02
0.06841	2.60373e-02
0.06880	2.77100e-02
0.06926	2.94252e-02
0.06978	3.11426e-02
0.07038	3.28280e-02
0.07107	3.44585e-02
0.07184	3.60261e-02
0.07269	3.75407e-02
0.07361	3.90090e-02
0.07458	4.04422e-02
0.07560	4.18461e-02
0.07665	4.32201e-02
0.07775	4.45568e-02
0.07888	4.58435e-02
0.08005	4.70633e-02
0.08126	4.81974e-02
0.08253	4.92274e-02
0.08386	5.01393e-02
0.08523	5.09253e-02
0.08666	5.15857e-02
0.08812	5.21270e-02
0.08961	5.25599e-02
0.09112	5.28971e-02
0.09262	5.31509e-02
0.09411	5.33326e-02
0.09559	5.34522e-02
0.09703	5.35183e-02
0.09844	5.35379e-02
0.09979	5.35093e-02
0.10111	5.34456e-02
0.10237	5.33510e-02
0.10357	5.32290e-02
0.10472	5.30829e-02
0.10580	5.29153e-02
0.10682	5.27305e-02
0.10777	5.25290e-02
0.10866	5.23124e-02
0.10949	5.20821e-02
0.11024	5.18393e-02
0.11093	5.15851e-02
0.11156	5.13203e-02
0.11211	5.10457e-02
0.11260	5.07620e-02
0.11302	5.04698e-02
0.11338	5.01696e-02
0.11367	4.98620e-02
0.11390	4.95477e-02
0.11406	4.92274e-02
0.11415	4.89019e-02
0.11419	4.85722e-02
0.11417	4.82395e-02
0.11408	4.79054e-02
0.11394	4.75714e-02
0.11373	4.72395e-02
0.11348	4.69119e-02
0.11317	4.65911e-02
0.11280	4.62796e-02
0.11238	4.59803e-02
0.11192	4.56958e-02
0.11141	4.54289e-02
0.11085	4.51825e-02
0.11025	4.49590e-02
0.10961	4.47606e-02
0.10893	4.45891e-02
0.10822	4.44458e-02
0.10748	4.43312e-02
0.10672	4.42453e-02
0.10593	4.41872e-02
0.10512	4.41556e-02
0.10430	4.41482e-02
0.10348	4.41576e-02
0.10266	4.41845e-02
0.10184	4.42257e-02
0.10103	4.42774e-02
0.10023	4.43349e-02
0.09946	4.43909e-02
0.09871	4.44322e-02
0.09801	4.44348e-02
0.09738	4.43540e-02
0.09686	4.41152e-02
0.09649	4.36235e-02
0.09629	4.28173e-02
0.09625	4.17381e-02
0.09631	4.04836e-02
0.09643	3.91450e-02
0.09658	3.77866e-02
0.09675	3.64511e-02
0.09693	3.51684e-02
0.09711	3.39607e-02
0.09729	3.28453e-02
0.09746	3.18362e-02
0.09764	3.09374e-02
0.09780	3.01627e-02
0.09796	2.95185e-02
0.09811	2.90088e-02
0.09825	2.86352e-02
0.09838	2.83970e-02
0.09850	2.82914e-02
0.09860	2.83135e-02
0.09870	2.84564e-02
0.09878	2.87119e-02
0.09884	2.90696e-02
0.09889	2.95180e-02
0.09892	3.00440e-02
0.09894	3.06333e-02
0.09894	3.12705e-02
0.09892	3.19392e-02
0.09890	3.26227e-02
0.09886	3.33045e-02
0.09882	3.39681e-02
0.09877	3.45984e-02
0.09872	3.51818e-02
0.09867	3.57071e-02
0.09862	3.61662e-02
0.09858	3.65543e-02
0.09853	3.68703e-02
0.09849	3.71168e-02
0.09845	3.72996e-02
0.09840	3.74272e-02
0.09833	3.75104e-02
0.09825	3.75612e-02
0.09815	3.75923e-02
0.09802	3.76160e-02
0.09785	3.76440e-02
0.09765	3.76868e-02
0.09742	3.77529e-02
0.09714	3.78491e-02
0.09681	3.79801e-02
0.09645	3.81481e-02
0.09605	3.83580e-02
0.09560	3.86033e-02
0.09512	3.88802e-02
0.09460	3.91831e-02
0.09405	3.95051e-02
0.09347	3.98389e-02
0.09288	4.01754e-02
0.09226	4.05059e-02
0.09164	4.08223e-02
0.09102	4.11180e-02
0.09040	4.13882e-02
0.08979	4.16306e-02
0.08919	4.18459e-02
0.08860	4.20370e-02
0.08803	4.22093e-02
0.08747	4.23693e-02
0.08692	4.25237e-02
0.08639	4.26791e-02
0.08588	4.28408e-02
0.08538	4.30123e-02
0.08490	4.31955e-02
0.08444	4.33900e-02
0.08401	4.35938e-02
0.08361	4.38029e-02
0.08324	4.40123e-02
0.08291	4.42158e-02
0.08263	4.44070e-02
0.08240	4.45792e-02
0.08223	4.47264e-02
0.08212	4.48433e-02
0.08207	4.49242e-02
0.08210	4.49611e-02
0.08220	4.49345e-02
0.08242	4.47862e-02
0.08282	4.43798e-02
0.08343	4.36530e-02
0.08417	4.27393e-02
0.08498	4.17426e-02
0.08583	4.07056e-02
0.08671	3.96487e-02
0.08761	3.85850e-02
0.08852	3.75220e-02
0.08944	3.64720e-02
0.09037	3.54439e-02
0.09129	3.44470e-02
0.09221	3.34906e-02
0.09312	3.25843e-02
0.09401	3.17378e-02
0.09488	3.09612e-02
0.09573	3.02641e-02
0.09656	2.96557e-02
0.09736	2.91444e-02
0.09813	2.87373e-02
0.09888	2.84394e-02
0.09958	2.82533e-02
0.10026	2.81786e-02
0.10090	2.82117e-02
0.10150	2.83457e-02
0.10207	2.85701e-02
0.10261	2.88713e-02
0.10312	2.92331e-02
0.10360	2.96367e-02
0.10405	3.00574e-02
0.10447	3.04793e-02
0.10489	3.08827e-02
0.10529	3.12495e-02
0.10568	3.15649e-02
0.10607	3.18185e-02
0.10645	3.20054e-02
0.10683	3.21261e-02
0.10720	3.21865e-02
0.10756	3.21969e-02
0.10791	3.21707e-02
0.10823	3.21231e-02
0.10853	3.20700e-02
0.10881	3.20269e-02
0.10905	3.20079e-02
0.10927	3.20259e-02
0.10944	3.20914e-02
0.10958	3.22133e-02
0.10969	3.23979e-02
0.10976	3.26499e-02
0.10979	3.29719e-02
0.10979	3.33650e-02
0.10975	3.38292e-02
0.10968	3.43635e-02
0.10959	3.49662e-02
0.10946	3.56354e-02
0.10931	3.63690e-02
0.10914	3.71646e-02
0.10894	3.80192e-02
0.10872	3.89293e-02
0.10849	3.98902e-02
0.10824	4.08952e-02
0.10799	4.19347e-02
0.10773	4.29957e-02
0.10747	4.40605e-02
0.10723	4.51078e-02
0.10702	4.61149e-02
0.10683	4.70795e-02
0.10669	4.79829e-02
0.10659	4.88317e-02
0.10652	4.96418e-02
0.10648	5.04295e-02
0.10647	5.12046e-02
0.10647	5.19666e-02
0.10651	5.27026e-02
0.10659	5.33836e-02
0.10674	5.39610e-02
0.10699	5.43710e-02
0.10736	5.45666e-02
0.10785	5.45581e-02
0.10843	5.43982e-02
0.10907	5.41388e-02
0.10974	5.38139e-02
0.11044	5.34436e-02
0.11116	5.30401e-02
0.11188	5.26124e-02
0.11261	5.21680e-02
0.11333	5.17141e-02
0.11405	5.12574e-02
0.11476	5.08047e-02
0.11545	5.03620e-02
0.11612	4.99349e-02
0.11677	4.95281e-02
0.11740	4.91448e-02
0.11800	4.87870e-02
0.11858	4.84553e-02
0.11913	4.81477e-02
0.11966	4.78606e-02
0.12016	4.75883e-02
0.12063	4.73246e-02
0.12109	4.70633e-02
0.12152	4.67997e-02
0.12193	4.65322e-02
0.12232	4.62630e-02
0.12269	4.59987e-02
0.12302	4.57492e-02
0.12332	4.55272e-02
0.12357	4.53459e-02
0.12378	4.52182e-02
0.12394	4.51551e-02
0.12404	4.51684e-02
0.12408	4.52617e-02
0.12407	4.54370e-02
0.12400	4.56928e-02
0.12386	4.60247e-02
0.12368	4.64251e-02
0.12344	4.68840e-02
0.12315	4.73891e-02
0.12282	4.79263e-02
0.12245	4.84804e-02
0.12204	4.90367e-02
0.12159	4.95786e-02
0.12113	5.00921e-02
0.12065	5.05655e-02
0.12017	5.09904e-02
0.11968	5.13620e-02
0.11919	5.16793e-02
0.11870	5.19441e-02
0.11821	5.21600e-02
0.11772	5.23310e-02
0.11723	5.24587e-02
0.11674	5.25406e-02
0.11627	5.25669e-02
0.11582	5.25164e-02
0.11541	5.23541e-02
0.11507	5.20353e-02
0.11481	5.15243e-02
0.11463	5.08192e-02
0.11453	4.99538e-02
0.11448	4.89757e-02
0.11445	4.79283e-02
0.11444	4.68454e-02
0.11444	4.57530e-02
0.11444	4.46719e-02
0.11443	4.36201e-02
0.11442	4.26138e-02
0.11439	4.16710e-02
0.11435	4.08047e-02
0.11430	4.00291e-02
0.11423	3.93577e-02
0.11414	3.88030e-02
0.11403	3.83760e-02
0.11389	3.80854e-02
0.11374	3.79376e-02
0.11356	3.79360e-02
0.11336	3.80807e-02
0.11314	3.83685e-02
0.11289	3.87928e-02
0.11263	3.93440e-02
0.11234	4.00098e-02
0.11203	4.07760e-02
0.11171	4.16263e-02
0.11138	4.25436e-02
0.11104	4.35093e-02
0.11069	4.45041e-02
0.11035	4.55066e-02
0.11002	4.64904e-02
0.10972	4.74145e-02
0.10949	4.81951e-02
0.10938	4.86956e-02
0.10942	4.88900e-02
0.10954	4.88991e-02
0.10972	4.87994e-02
0.10993	4.86218e-02
0.11017	4.83692e-02
0.11044	4.80454e-02
0.11074	4.76536e-02
0.11105	4.71978e-02
0.11138	4.66827e-02
0.11171	4.61139e-02
0.11205	4.54975e-02
0.11238	4.48401e-02
0.11271	4.41480e-02
0.11302	4.34276e-02
0.11330	4.26853e-02
0.11356	4.19268e-02
0.11379	4.11579e-02
0.11399	4.03839e-02
0.11415	3.96100e-02
0.11426	3.88410e-02
0.11433	3.80816e-02
0.11435	3.73365e-02
0.11432	3.66099e-02
0.11424	3.59061e-02
0.11410	3.52292e-02
0.11390	3.45829e-02
0.11364	3.39710e-02
0.11333	3.33967e-02
0.11296	3.28631e-02
0.11253	3.23727e-02
0.11203	3.19276e-02
0.11148	3.15294e-02
0.11088	3.11789e-02
0.11022	3.08762e-02
0.10950	3.06207e-02
0.10874	3.04109e-02
0.10792	3.02443e-02
0.10706	3.01177e-02
0.10617	3.00270e-02
0.10524	2.99673e-02
0.10427	2.99332e-02
0.10329	2.99187e-02
0.10228	2.99179e-02
0.10126	2.99248e-02
0.10023	2.99341e-02
0.09921	2.99412e-02
0.09819	2.99431e-02
0.09718	2.99385e-02
0.09619	2.99280e-02
0.09522	2.99145e-02
0.09428	2.99030e-02
0.09336	2.99005e-02
0.09248	2.99153e-02
0.09164	2.99564e-02
0.09083	3.00325e-02
0.09006	3.01514e-02
0.08934	3.03190e-02
0.08867	3.05384e-02
0.08805	3.08091e-02
0.08749	3.11276e-02
0.08700	3.14855e-02
0.08659	3.18736e-02
0.08625	3.22821e-02
0.08599	3.27030e-02
0.08583	3.31326e-02
0.08575	3.35727e-02
0.08576	3.40305e-02
0.08584	3.45168e-02
0.08601	3.50427e-02
0.08624	3.56181e-02
0.08653	3.62491e-02
0.08688	3.69382e-02
0.08728	3.76837e-02
0.08773	3.84803e-02
0.08822	3.93195e-02
0.08876	4.01902e-02
0.08934	4.10794e-02
0.08997	4.19725e-02
0.09063	4.28539e-02
0.09134	4.37078e-02
0.09209	4.45184e-02
0.09288	4.52707e-02
0.09371	4.59516e-02
0.09458	4.65501e-02
0.09549	4.70589e-02
0.09644	4.74738e-02
0.09741	4.77943e-02
0.09839	4.80229e-02
0.09939	4.81642e-02
0.10039	4.82241e-02
0.10139	4.82092e-02
0.10237	4.81264e-02
0.10332	4.79823e-02
0.10425	4.77830e-02
0.10514	4.75345e-02
0.10600	4.72423e-02
0.10680	4.69114e-02
0.10755	4.65465e-02
0.10825	4.61521e-02
0.10889	4.57326e-02
0.10947	4.52921e-02
0.10999	4.48346e-02
0.11044	4.43641e-02
0.11083	4.38844e-02
0.11115	4.33993e-02
0.11141	4.29125e-02
0.11159	4.24278e-02
0.11171	4.19489e-02
0.11175	4.14795e-02
0.11172	4.10235e-02
0.11162	4.05847e-02
0.11145	4.01667e-02
0.11120	3.97736e-02
0.11087	3.94092e-02
0.11048	3.90773e-02
0.11001	3.87818e-02
0.10946	3.85267e-02
0.10885	3.83156e-02
0.10816	3.81523e-02
0.10739	3.80405e-02
0.10656	3.79834e-02
0.10566	3.79842e-02
0.10469	3.80458e-02
0.10365	3.81706e-02
0.10254	3.83606e-02
0.10138	3.86162e-02
0.10015	3.89392e-02
0.09887	3.93299e-02
0.09753	3.97879e-02
0.09614	4.03119e-02
0.09470	4.08997e-02
0.09322	4.15484e-02
0.09170	4.22534e-02
0.09015	4.30093e-02
0.08858	4.38086e-02
0.08700	4.46421e-02
0.08542	4.54982e-02
0.08385	4.63620e-02
0.08231	4.72159e-02
0.08083	4.80386e-02
0.07942	4.88070e-02
0.07812	4.95013e-02
0.07694	5.01077e-02
0.07589	5.06213e-02
0.07501	5.10353e-02
0.07439	5.11973e-02
0.07445	5.05285e-02
0.07480	4.95815e-02
0.07528	4.86091e-02
0.07584	4.76540e-02
0.07647	4.67384e-02
0.07718	4.58707e-02
0.07794	4.50549e-02
0.07877	4.42889e-02
0.07966	4.35655e-02
0.08062	4.28741e-02
0.08164	4.22034e-02
0.08272	4.15438e-02
0.08387	4.08897e-02
0.08507	4.02410e-02
0.08631	3.96020e-02
0.08759	3.89804e-02
0.08890	3.83853e-02
0.09022	3.78260e-02
0.09155	3.73108e-02
0.09289	3.68468e-02
0.09421	3.64393e-02
0.09553	3.60925e-02
0.09683	3.58089e-02
0.09811	3.55898e-02
0.09936	3.54355e-02
0.10059	3.53450e-02
0.10179	3.53168e-02
0.10296	3.53485e-02
0.10410	3.54370e-02
0.10519	3.55790e-02
0.10624	3.57647e-02
0.10724	3.59958e-02
0.10821	3.62683e-02
0.10912	3.65778e-02
0.11000	3.69203e-02
0.11082	3.72916e-02
0.11160	3.76879e-02
0.11233	3.81053e-02
0.11301	3.85401e-02
0.11363	3.89891e-02
0.11421	3.94490e-02
0.11473	3.99169e-02
0.11519	4.03901e-02
0.11560	4.08661e-02
0.11596	4.13428e-02
0.11626	4.18180e-02
0.11651	4.22900e-02
0.11670	4.27570e-02
0.11683	4.32177e-02
0.11691	4.36708e-02
0.11693	4.41149e-02
0.11690	4.45492e-02
0.11681	4.49725e-02
0.11667	4.53839e-02
0.11648	4.57825e-02
0.11624	4.61674e-02
0.11595	4.65376e-02
0.11563	4.68763e-02
0.11526	4.71984e-02
0.11484	4.75030e-02
0.11439	4.77887e-02
0.11390	4.80541e-02
0.11338	4.82979e-02
0.11282	4.85184e-02
0.11224	4.87139e-02
0.11163	4.88828e-02
0.11100	4.90232e-02
0.11035	4.91335e-02
0.10968	4.92121e-02
0.10900	4.92577e-02
0.10831	4.92694e-02
0.10762	4.92466e-02
0.10691	4.91895e-02
0.10620	4.90989e-02
0.10548	4.89761e-02
0.10475	4.88233e-02
0.10402	4.86434e-02
0.10329	4.84394e-02
0.10255	4.82152e-02
0.10179	4.79747e-02
0.10103	4.77217e-02
0.10025	4.74602e-02
0.09947	4.71931e-02
0.09866	4.69209e-02
0.09785	4.66288e-02
0.09719	4.60037e-02
0.09686	4.46248e-02
0.09654	4.31619e-02
0.09619	4.16967e-02
0.09582	4.02424e-02
0.09540	3.88071e-02
0.09495	3.73979e-02
0.09447	3.60219e-02
0.09395	3.46867e-02
0.09339	3.34001e-02
0.09279	3.21702e-02
0.09216	3.10055e-02
0.09150	2.99148e-02
0.09080	2.89068e-02
0.09007	2.79900e-02
0.08930	2.71722e-02
0.08851	2.64607e-02
0.08769	2.58609e-02
0.08685	2.53766e-02
0.08598	2.50103e-02
0.08509	2.47612e-02
0.08419	2.46264e-02
0.08327	2.46009e-02
0.08235	2.46776e-02
0.08141	2.48482e-02
0.08048	2.51036e-02
0.07954	2.54346e-02
0.07860	2.58319e-02
0.07768	2.62869e-02
0.07677	2.68069e-02
0.07588	2.73680e-02
0.07500	2.79630e-02
0.07414	2.85850e-02
0.07331	2.92273e-02
0.07249	2.98843e-02
0.07171	3.05515e-02
0.07095	3.12270e-02
0.07022	3.19119e-02
0.06952	3.26100e-02
0.06884	3.33263e-02
0.06820	3.40607e-02
0.06759	3.47861e-02
0.06713	3.53109e-02
0.06712	3.50651e-02
0.06739	3.43713e-02
0.06772	3.36460e-02
0.06806	3.29790e-02
0.06841	3.24006e-02
0.06874	3.19272e-02
0.06906	3.15698e-02
0.06938	3.13357e-02
0.06968	3.12289e-02
0.06996	3.12502e-02
0.07024	3.13977e-02
0.07050	3.16668e-02
0.07074	3.20509e-02
0.07098	3.25423e-02
0.07120	3.31326e-02
0.07141	3.38132e-02
0.07161	3.45764e-02
0.07180	3.54151e-02
0.07197	3.63227e-02
0.07213	3.72925e-02
0.07227	3.83059e-02
0.07279	3.86438e-02
0.07348	3.86908e-02
0.07415	3.87920e-02
0.07480	3.89554e-02
0.07542	3.91784e-02
0.07602	3.94604e-02
0.07658	3.97990e-02
0.07712	4.01896e-02
0.07764	4.06230e-02
0.07813	4.10795e-02
0.07863	4.15145e-02
0.07917	4.18403e-02
0.07980	4.19892e-02
0.08047	4.20153e-02
0.08115	4.19998e-02
0.08181	4.19849e-02
0.08244	4.19889e-02
0.08303	4.20203e-02
0.08359	4.20836e-02
0.08411	4.21816e-02
0.08458	4.23157e-02
0.08502	4.24870e-02
0.08542	4.26960e-02
0.08577	4.29430e-02
0.08609	4.32277e-02
0.08636	4.35494e-02
0.08660	4.39070e-02
0.08680	4.42987e-02
0.08696	4.47224e-02
0.08708	4.51750e-02
0.08718	4.56524e-02
0.08724	4.61499e-02
0.08728	4.66615e-02
0.08729	4.71799e-02
0.08729	4.76969e-02
0.08728	4.82030e-02
0.08726	4.86880e-02
0.08724	4.91416e-02
0.08723	4.95538e-02
0.08723	4.99158e-02
0.08725	5.02197e-02
0.08729	5.04579e-02
0.08736	5.06234e-02
0.08746	5.07097e-02
0.08758	5.07138e-02
0.08774	5.06392e-02
0.08791	5.04972e-02
0.08809	5.03046e-02
0.08827	5.00804e-02
0.08843	4.98420e-02
0.08857	4.96038e-02
0.08867	4.93771e-02
0.08874	4.91702e-02
0.08876	4.89891e-02
0.08874	4.88375e-02
0.08868	4.87149e-02
0.08857	4.86259e-02
0.08841	4.85701e-02
0.08820	4.85459e-02
0.08795	4.85507e-02
0.08765	4.85806e-02
0.08731	4.86304e-02
0.08693	4.86929e-02
0.08653	4.87582e-02
0.08610	4.88124e-02
0.08566	4.88364e-02
0.08523	4.88061e-02
0.08482	4.86959e-02
0.08445	4.84889e-02
0.08411	4.81866e-02
0.08380	4.78100e-02
0.08350	4.73896e-02
0.08320	4.69559e-02
0.08288	4.65344e-02
0.08254	4.61453e-02
0.08217	4.58036e-02
0.08177	4.55200e-02
0.08133	4.53010e-02
0.08087	4.51484e-02
0.08039	4.50588e-02
0.07989	4.50225e-02
0.07938	4.50226e-02
0.07890	4.50359e-02
0.07844	4.50375e-02
0.07803	4.50104e-02
0.07767	4.49546e-02
0.07735	4.48876e-02
0.07706	4.48354e-02
0.07679	4.48230e-02
0.07653	4.48702e-02
0.07627	4.49901e-02
0.07601	4.51904e-02
0.07576	4.54743e-02
0.07550	4.58416e-02
0.07524	4.62890e-02
0.07499	4.68111e-02
0.07474	4.73999e-02
0.07450	4.80450e-02
0.07429	4.87307e-02
0.07411	4.94215e-02
0.07407	4.99899e-02
0.07427	5.02577e-02
0.07461	5.03762e-02
0.07505	5.04228e-02
0.07568	5.02339e-02
0.07667	4.95473e-02
0.07786	4.85594e-02
0.07911	4.74929e-02
0.08036	4.64173e-02
0.08159	4.53556e-02
0.08280	4.43172e-02
0.08398	4.33066e-02
0.08514	4.23257e-02
0.08626	4.13747e-02
0.08736	4.04530e-02
0.08843	3.95594e-02
0.08947	3.86924e-02
0.09048	3.78504e-02
0.09146	3.70322e-02
0.09241	3.62369e-02
0.09332	3.54639e-02
0.09420	3.47135e-02
0.09505	3.39863e-02
0.09586	3.32836e-02
0.09663	3.26070e-02
0.09736	3.19587e-02
0.09805	3.13412e-02
0.09870	3.07574e-02
0.09931	3.02104e-02
0.09986	2.97038e-02
0.10037	2.92481e-02
0.10082	2.88416e-02
0.10123	2.84889e-02
0.10158	2.81953e-02
0.10187	2.79661e-02
0.10210	2.78067e-02
0.10227	2.77225e-02
0.10238	2.77187e-02
0.10242	2.77996e-02
0.10240	2.79689e-02
0.10230	2.82289e-02
0.10213	2.85806e-02
0.10188	2.90236e-02
0.10156	2.95558e-02
0.10116	3.01738e-02
0.10066	3.08674e-02
0.10009	3.16356e-02
0.09943	3.24716e-02
0.09868	3.33679e-02
0.09785	3.43163e-02
0.09694	3.53085e-02
0.09595	3.63355e-02
0.09487	3.73885e-02
0.09372	3.84581e-02
0.09248	3.95350e-02
0.09118	4.06077e-02
0.08980	4.16676e-02
0.08836	4.27029e-02
0.08686	4.36998e-02
0.08532	4.46401e-02
0.08375	4.54950e-02
0.08219	4.62033e-02
0.08075	4.66059e-02
0.07957	4.64600e-02
0.07863	4.58650e-02
0.07776	4.50852e-02
0.07690	4.42390e-02
0.07603	4.33738e-02
0.07514	4.25156e-02
0.07422	4.16823e-02
0.07328	4.08872e-02
0.07230	4.01395e-02
0.07129	3.94426e-02
0.07027	3.87896e-02
0.06926	3.81452e-02
0.06833	3.73958e-02
0.06757	3.63674e-02
0.06694	3.51321e-02
0.06635	3.38794e-02
0.06576	3.27013e-02
0.06515	3.16388e-02
0.06452	3.07161e-02
0.06387	2.99505e-02
0.06320	2.93553e-02
0.06252	2.89399e-02
0.06183	2.87094e-02
0.06113	2.86645e-02
0.06044	2.88010e-02
0.05975	2.91104e-02
0.05907	2.95807e-02
0.05840	3.01978e-02
0.05775	3.09472e-02
0.05713	3.18143e-02
0.05653	3.27823e-02
0.05599	3.38208e-02
0.05553	3.48445e-02
0.05534	3.55915e-02
0.05559	3.58114e-02
0.05625	3.55716e-02
0.05742	3.46356e-02
0.05881	3.34089e-02
0.06024	3.21846e-02
0.06166	3.10406e-02
0.06305	3.00153e-02
0.06440	2.91343e-02
0.06572	2.84197e-02
0.06699	2.78895e-02
0.06822	2.75572e-02
0.06939	2.74223e-02
0.07052	2.74950e-02
0.07159	2.77705e-02
0.07261	2.82376e-02
0.07358	2.88802e-02
0.07449	2.96781e-02
0.07536	3.06089e-02
0.07618	3.16488e-02
0.07696	3.27738e-02
0.07769	3.39598e-02
0.07838	3.51828e-02
0.07904	3.64193e-02
0.07967	3.76456e-02
0.08028	3.88385e-02
0.08088	3.99761e-02
0.08147	4.10390e-02
0.08206	4.20126e-02
0.08266	4.28882e-02
0.08326	4.36626e-02
0.08387	4.43374e-02
0.08447	4.49160e-02
0.08507	4.54027e-02
0.08565	4.58019e-02
0.08622	4.61172e-02
0.08678	4.63523e-02
0.08731	4.65105e-02
0.08782	4.65949e-02
0.08830	4.66087e-02
0.08875	4.65544e-02
0.08916	4.64344e-02
0.08955	4.62513e-02
0.08989	4.60074e-02
0.09019	4.57056e-02
0.09045	4.53492e-02
0.09066	4.49425e-02
0.09082	4.44903e-02
0.09093	4.39983e-02
0.09099	4.34732e-02
0.09098	4.29214e-02
0.09091	4.23498e-02
0.09078	4.17654e-02
0.09059	4.11753e-02
0.09032	4.05859e-02
0.08999	4.00036e-02
0.08959	3.94343e-02
0.08912	3.88834e-02
0.08858	3.83558e-02
0.08797	3.78663e-02
0.08729	3.74103e-02
0.08654	3.69906e-02
0.08574	3.66092e-02
0.08488	3.62674e-02
0.08396	3.59652e-02
0.08300	3.57018e-02
0.08199	3.54751e-02
0.08094	3.52819e-02
0.07987	3.51177e-02
0.07878	3.49580e-02
0.07767	3.48153e-02
0.07657	3.46818e-02
0.07547	3.45487e-02
0.07440	3.44070e-02
0.07336	3.42468e-02
0.07238	3.40577e-02
0.07146	3.38273e-02
0.07061	3.35409e-02
0.06987	3.31814e-02
0.06923	3.27333e-02
0.06872	3.21885e-02
0.06833	3.15539e-02
0.06806	3.08527e-02
0.06790	3.01191e-02
0.06783	2.93914e-02
0.06783	2.87082e-02
0.06790	2.81011e-02
0.06802	2.75990e-02
0.06820	2.72257e-02
0.06843	2.69994e-02
0.06869	2.69327e-02
0.06900	2.70318e-02
0.06933	2.72971e-02
0.06970	2.77230e-02
0.07009	2.82988e-02
0.07050	2.90091e-02
0.07094	2.98335e-02
0.07140	3.07452e-02
0.07190	3.17063e-02
0.07245	3.26559e-02
0.07309	3.34884e-02
0.07390	3.40473e-02
0.07491	3.42324e-02
0.07608	3.41206e-02
0.07733	3.38520e-02
0.07862	3.35199e-02
0.07990	3.31703e-02
0.08118	3.28346e-02
0.08242	3.25304e-02
0.08364	3.22707e-02
0.08481	3.20663e-02
0.08594	3.19271e-02
0.08701	3.18657e-02
0.08803	3.18873e-02
0.08899	3.19994e-02
0.08988	3.22084e-02
0.09071	3.25196e-02
0.09146	3.29368e-02
0.09214	3.34621e-02
0.09274	3.40962e-02
0.09326	3.48377e-02
0.09370	3.56839e-02
0.09405	3.66304e-02
0.09432	3.76717e-02
0.09451	3.88005e-02
0.09461	4.00082e-02
0.09463	4.12840e-02
0.09458	4.26133e-02
0.09445	4.39724e-02
0.09428	4.53126e-02
0.09412	4.65045e-02
0.09414	4.72402e-02
0.09444	4.73578e-02
0.09485	4.71667e-02
0.09528	4.69004e-02
0.09567	4.66412e-02
0.09601	4.64236e-02
0.09630	4.62657e-02
0.09654	4.61791e-02
0.09672	4.61718e-02
0.09685	4.62496e-02
0.09692	4.64163e-02
0.09694	4.66744e-02
0.09692	4.70238e-02
0.09685	4.74624e-02
0.09674	4.79847e-02
0.09661	4.85793e-02
0.09645	4.92246e-02
0.09631	4.98767e-02
0.09623	5.04502e-02
0.09628	5.08163e-02
0.09650	5.09217e-02
0.09685	5.08536e-02
0.09727	5.07145e-02
0.09773	5.05612e-02
0.09824	5.04197e-02
0.09877	5.03015e-02
0.09934	5.02111e-02
0.09994	5.01497e-02
0.10058	5.01174e-02
0.10125	5.01147e-02
0.10196	5.01429e-02
0.10271	5.02048e-02
0.10349	5.03049e-02
0.10429	5.04489e-02
0.10513	5.06434e-02
0.10598	5.08953e-02
0.10684	5.12109e-02
0.10771	5.15953e-02
0.10857	5.20527e-02
0.10944	5.25837e-02
0.11029	5.31878e-02
0.11113	5.38617e-02
0.11196	5.45997e-02
0.11277	5.53929e-02
0.11357	5.62289e-02
0.11435	5.70914e-02
0.11512	5.79600e-02
0.11589	5.88099e-02
0.11666	5.96137e-02
0.11745	6.03448e-02
0.11825	6.09831e-02
0.11908	6.15210e-02
0.11991	6.19652e-02
0.12074	6.23334e-02
0.12154	6.26385e-02
0.12231	6.29112e-02
0.12302	6.31693e-02
0.12368	6.34263e-02
0.12426	6.36910e-02
0.12477	6.39688e-02
0.12519	6.42619e-02
0.12554	6.45702e-02
0.12580	6.48911e-02
0.12597	6.52203e-02
0.12606	6.55517e-02
0.12607	6.58776e-02
0.12600	6.61888e-02
0.12586	6.64744e-02
0.12564	6.67225e-02
0.12537	6.69204e-02
0.12504	6.70550e-02
0.12466	6.71136e-02
0.12423	6.70854e-02
0.12377	6.69621e-02
0.12328	6.67395e-02
0.12275	6.64206e-02
0.12218	6.60065e-02
0.12157	6.55055e-02
0.12092	6.49293e-02
0.12023	6.42918e-02
0.11948	6.36081e-02
0.11866	6.28937e-02
0.11778	6.21642e-02
0.11683	6.14343e-02
0.11580	6.07177e-02
0.11469	6.00267e-02
0.11349	5.93723e-02
0.11222	5.87631e-02
0.11086	5.82039e-02
0.10942	5.76885e-02
0.10795	5.71525e-02
0.10658	5.63218e-02
0.10530	5.52581e-02
0.10397	5.42206e-02
0.10256	5.32688e-02
0.10108	5.24181e-02
0.09953	5.16705e-02
0.09791	5.10159e-02
0.09626	5.04229e-02
0.09461	4.98164e-02
0.09306	4.90451e-02
0.09171	4.79312e-02
0.09055	4.64876e-02
0.08949	4.49119e-02
0.08846	4.33660e-02
0.08740	4.19392e-02
0.08633	4.06739e-02
0.08524	3.95794e-02
0.08416	3.86308e-02
0.08313	3.77588e-02
0.08221	3.68584e-02
0.08143	3.58575e-02
0.08079	3.48003e-02
0.08024	3.38142e-02
0.07973	3.30195e-02
0.07924	3.24953e-02
0.07876	3.22818e-02
0.07830	3.23886e-02
0.07784	3.28013e-02
0.07742	3.34894e-02
0.07702	3.44111e-02
0.07668	3.55197e-02
0.07640	3.67686e-02
0.07619	3.81123e-02
0.07609	3.94732e-02
0.07652	4.00425e-02
0.07721	4.03433e-02
0.07800	4.06822e-02
0.07887	4.10513e-02
0.07984	4.14377e-02
0.08088	4.18297e-02
0.08201	4.22171e-02
0.08320	4.25917e-02
0.08446	4.29468e-02
0.08578	4.32783e-02
0.08714	4.35841e-02
0.08854	4.38639e-02
0.08997	4.41192e-02
0.09142	4.43523e-02
0.09287	4.45668e-02
0.09432	4.47661e-02
0.09576	4.49542e-02
0.09718	4.51344e-02
0.09858	4.53101e-02
0.09994	4.54838e-02
0.10125	4.56576e-02
0.10253	4.58330e-02
0.10374	4.60112e-02
0.10491	4.61926e-02
0.10601	4.63775e-02
0.10706	4.65661e-02
0.10804	4.67584e-02
0.10895	4.69543e-02
0.10979	4.71539e-02
0.11055	4.73458e-02
0.11125	4.75428e-02
0.11187	4.77453e-02
0.11241	4.79541e-02
0.11288	4.81697e-02
0.11328	4.83929e-02
0.11360	4.86244e-02
0.11384	4.88646e-02
0.11401	4.91137e-02
0.11411	4.93717e-02
0.11413	4.96383e-02
0.11408	4.99125e-02
0.11396	5.01933e-02
0.11377	5.04787e-02
0.11351	5.07669e-02
0.11319	5.10553e-02
0.11280	5.13411e-02
0.11236	5.16213e-02
0.11186	5.18929e-02
0.11130	5.21528e-02
0.11070	5.23983e-02
0.11004	5.26267e-02
0.10935	5.28359e-02
0.10861	5.30242e-02
0.10783	5.31905e-02
0.10702	5.33344e-02
0.10617	5.34558e-02
0.10528	5.35609e-02
0.10436	5.36453e-02
0.10341	5.37102e-02
0.10243	5.37573e-02
0.10143	5.37880e-02
0.10041	5.38041e-02
0.09936	5.38068e-02
0.09829	5.37974e-02
0.09721	5.37765e-02
0.09611	5.37442e-02
0.09499	5.37002e-02
0.09387	5.36434e-02
0.09274	5.35718e-02
0.09161	5.34833e-02
0.09049	5.33749e-02
0.08937	5.32441e-02
0.08826	5.30892e-02
0.08716	5.29103e-02
0.08609	5.27105e-02
0.08502	5.24955e-02
0.08397	5.22735e-02
0.08293	5.20539e-02
0.08190	5.18460e-02
0.08087	5.16581e-02
0.07984	5.14966e-02
0.07881	5.13658e-02
0.07778	5.12677e-02
0.07675	5.12025e-02
0.07573	5.11681e-02
0.07471	5.11611e-02
0.07371	5.11760e-02
0.07273	5.12065e-02
0.07178	5.12443e-02
0.07087	5.12797e-02
0.07000	5.12997e-02
0.06920	5.12865e-02
0.06848	5.12145e-02
0.06787	5.10538e-02
0.06739	5.07864e-02
0.06703	5.04250e-02
0.06677	5.00033e-02
0.06657	4.95537e-02
0.06643	4.90989e-02
0.06633	4.86547e-02
0.06627	4.82225e-02
0.06669	4.71783e-02
0.06719	4.60748e-02
0.06770	4.50110e-02
0.06819	4.40026e-02
0.06868	4.30622e-02
0.06914	4.22008e-02
0.06959	4.14279e-02
0.07002	4.07512e-02
0.07042	4.01766e-02
0.07079	3.97078e-02
0.07115	3.93461e-02
0.07148	3.90904e-02
0.07179	3.89379e-02
0.07209	3.88816e-02
0.07237	3.89126e-02
0.07265	3.90199e-02
0.07293	3.91902e-02
0.07321	3.94082e-02
0.07351	3.96573e-02
0.07382	3.99196e-02
0.07417	4.01772e-02
0.07455	4.04128e-02
0.07497	4.06107e-02
0.07544	4.07579e-02
0.07596	4.08445e-02
0.07653	4.08642e-02
0.07716	4.08144e-02
0.07783	4.06956e-02
0.07855	4.05110e-02
0.07931	4.02658e-02
0.08009	3.99662e-02
0.08091	3.96185e-02
0.08175	3.92290e-02
0.08260	3.88033e-02
0.08346	3.83463e-02
0.08433	3.78624e-02
0.08521	3.73556e-02
0.08608	3.68298e-02
0.08695	3.62893e-02
0.08782	3.57385e-02
0.08868	3.51827e-02
0.08953	3.46276e-02
0.09037	3.40798e-02
0.09119	3.35462e-02
0.09198	3.30346e-02
0.09276	3.25529e-02
0.09351	3.21093e-02
0.09424	3.17123e-02
0.09494	3.13702e-02
0.09561	3.10909e-02
0.09624	3.08827e-02
0.09684	3.07518e-02
0.09740	3.07042e-02
0.09793	3.07447e-02
0.09842	3.08769e-02
0.09888	3.11029e-02
0.09929	3.14232e-02
0.09967	3.18368e-02
0.10001	3.23410e-02
0.10030	3.29314e-02
0.10056	3.36019e-02
0.10079	3.43448e-02
0.10097	3.51502e-02
0.10113	3.60059e-02
0.10125	3.68964e-02
0.10135	3.78025e-02
0.10143	3.86994e-02
0.10152	3.95575e-02
0.10161	4.03449e-02
0.10172	4.10350e-02
0.10186	4.16176e-02
0.10202	4.21021e-02
0.10220	4.25119e-02
0.10238	4.28733e-02
0.10256	4.32086e-02
0.10273	4.35340e-02
0.10287	4.38602e-02
0.10300	4.41937e-02
0.10311	4.45378e-02
0.10319	4.48935e-02
0.10326	4.52606e-02
0.10330	4.56372e-02
0.10331	4.60212e-02
0.10331	4.64099e-02
0.10329	4.68003e-02
0.10326	4.71898e-02
0.10320	4.75762e-02
0.10313	4.79579e-02
0.10305	4.83342e-02
0.10295	4.87052e-02
0.10283	4.90726e-02
0.10270	4.94375e-02
0.10254	4.98020e-02
0.10237	5.01687e-02
0.10219	5.05403e-02
0.10198	5.09193e-02
0.10175	5.13081e-02
0.10149	5.17086e-02
0.10122	5.21226e-02
0.10091	5.25513e-02
0.10058	5.29957e-02
0.10023	5.34563e-02
0.09984	5.39334e-02
0.09943	5.44267e-02
0.09898	5.49360e-02
0.09851	5.54604e-02
0.09800	5.59990e-02
0.09746	5.65505e-02
0.09688	5.71132e-02
0.09627	5.76851e-02
0.09563	5.82641e-02
0.09495	5.88475e-02
0.09424	5.94321e-02
0.09349	6.00138e-02
0.09271	6.05866e-02
0.09191	6.11387e-02
0.09111	6.16321e-02
0.09044	6.18802e-02
0.09004	6.16746e-02
0.08973	6.12974e-02
0.08942	6.08657e-02
0.08911	6.03894e-02
0.08881	5.98520e-02
0.08853	5.92233e-02
0.08829	5.84799e-02
0.08809	5.76315e-02
0.08789	5.67099e-02
0.08769	5.57424e-02
0.08747	5.47454e-02
0.08723	5.37285e-02
0.08696	5.26971e-02
0.08667	5.16550e-02
0.08634	5.06044e-02
0.08599	4.95467e-02
0.08561	4.84827e-02
0.08521	4.74124e-02
0.08479	4.63352e-02
0.08435	4.52500e-02
0.08389	4.41557e-02
0.08342	4.30510e-02
0.08293	4.19359e-02
0.08243	4.08110e-02
0.08192	3.96786e-02
0.08140	3.85429e-02
0.08087	3.74091e-02
0.08033	3.62844e-02
0.07978	3.51765e-02
0.07921	3.40944e-02
0.07863	3.30475e-02
0.07804	3.20463e-02
0.07743	3.10998e-02
0.07681	3.02179e-02
0.07617	2.94098e-02
0.07553	2.86839e-02
0.07487	2.80476e-02
0.07420	2.75066e-02
0.07353	2.70639e-02
0.07286	2.67200e-02
0.07219	2.64717e-02
0.07153	2.63123e-02
0.07088	2.62315e-02
0.07026	2.62163e-02
0.06967	2.62530e-02
0.06911	2.63295e-02
0.06859	2.64386e-02
0.06811	2.65802e-02
0.06768	2.67610e-02
0.06728	2.69921e-02
0.06692	2.72854e-02
0.06659	2.76504e-02
0.06628	2.80909e-02
0.06600	2.86043e-02
0.06576	2.91791e-02
0.06555	2.97930e-02
0.06538	3.04087e-02
0.06530	3.09738e-02
0.06532	3.14221e-02
0.06548	3.16989e-02
0.06578	3.17943e-02
0.06620	3.17551e-02
0.06669	3.16515e-02
0.06723	3.15449e-02
0.06778	3.14782e-02
0.06834	3.14789e-02
0.06889	3.15628e-02
0.06943	3.17379e-02
0.06995	3.20062e-02
0.07045	3.23657e-02
0.07093	3.28110e-02
0.07138	3.33342e-02
0.07181	3.39231e-02
0.07222	3.45679e-02
0.07261	3.52529e-02
0.07298	3.59689e-02
0.07333	3.67024e-02
0.07367	3.74386e-02
0.07400	3.81609e-02
0.07432	3.88477e-02
0.07467	3.94682e-02
0.07504	3.99799e-02
0.07548	4.03473e-02
0.07596	4.05730e-02
0.07647	4.06849e-02
0.07701	4.07039e-02
0.07755	4.06387e-02
0.07811	4.04903e-02
0.07867	4.02579e-02
0.07924	3.99412e-02
0.07981	3.95430e-02
0.08038	3.90687e-02
0.08093	3.85267e-02
0.08146	3.79266e-02
0.08197	3.72788e-02
0.08245	3.65934e-02
0.08290	3.58794e-02
0.08330	3.51455e-02
0.08365	3.43988e-02
0.08396	3.36461e-02
0.08423	3.28932e-02
0.08444	3.21451e-02
0.08459	3.14064e-02
0.08470	3.06812e-02
0.08475	2.99730e-02
0.08475	2.92852e-02
0.08470	2.86204e-02
0.08460	2.79815e-02
0.08445	2.73707e-02
0.08425	2.67903e-02
0.08400	2.62429e-02
0.08370	2.57303e-02
0.08336	2.52547e-02
0.08297	2.48185e-02
0.08254	2.44243e-02
0.08208	2.40747e-02
0.08157	2.37727e-02
0.08103	2.35213e-02
0.08045	2.33234e-02
0.07984	2.31821e-02
0.07919	2.30999e-02
0.07852	2.30793e-02
0.07782	2.31220e-02
0.07710	2.32292e-02
0.07635	2.34013e-02
0.07557	2.36378e-02
0.07478	2.39372e-02
0.07397	2.42970e-02
0.07315	2.47135e-02
0.07232	2.51815e-02
0.07148	2.56940e-02
0.07063	2.62412e-02
0.06980	2.68089e-02
0.06897	2.73743e-02
0.06819	2.79006e-02
0.06746	2.83358e-02
0.06682	2.86396e-02
0.06627	2.88237e-02
0.06579	2.89460e-02
0.06535	2.90493e-02
0.06496	2.91544e-02
0.06461	2.92687e-02
0.06430	2.93940e-02
0.06403	2.95304e-02
0.06381	2.96796e-02
0.06364	2.98454e-02
0.06351	3.00333e-02
0.06342	3.02500e-02
0.06336	3.05015e-02
0.06335	3.07859e-02
0.06336	3.11107e-02
0.06342	3.14734e-02
0.06351	3.18667e-02
0.06364	3.22782e-02
0.06383	3.26897e-02
0.06408	3.30783e-02
0.06441	3.34238e-02
0.06482	3.36964e-02
0.06532	3.38794e-02
0.06592	3.39670e-02
0.06661	3.39649e-02
0.06738	3.38860e-02
0.06821	3.37462e-02
0.06910	3.35614e-02
0.07004	3.33458e-02
0.07101	3.31118e-02
0.07200	3.28698e-02
0.07302	3.26288e-02
0.07405	3.23962e-02
0.07509	3.21787e-02
0.07613	3.19818e-02
0.07718	3.18106e-02
0.07822	3.16694e-02
0.07926	3.15622e-02
0.08029	3.14923e-02
0.08130	3.14629e-02
0.08230	3.14764e-02
0.08329	3.15351e-02
0.08425	3.16408e-02
0.08520	3.17947e-02
0.08612	3.19977e-02
0.08701	3.22504e-02
0.08788	3.25529e-02
0.08872	3.29049e-02
0.08954	3.33059e-02
0.09032	3.37548e-02
0.09106	3.42505e-02
0.09178	3.47917e-02
0.09245	3.53767e-02
0.09309	3.60037e-02
0.09369	3.66740e-02
0.09424	3.73824e-02
0.09476	3.81266e-02
0.09523	3.89042e-02
0.09566	3.97136e-02
0.09605	4.05510e-02
0.09639	4.14136e-02
0.09669	4.22986e-02
0.09694	4.32030e-02
0.09714	4.41238e-02
0.09730	4.50577e-02
0.09740	4.60013e-02
0.09746	4.69506e-02
0.09747	4.79008e-02
0.09743	4.88457e-02
0.09735	4.97759e-02
0.09723	5.06753e-02
0.09709	5.15109e-02
0.09697	5.22071e-02
0.09695	5.26183e-02
0.09709	5.26459e-02
0.09732	5.24007e-02
0.09757	5.20238e-02
0.09780	5.15849e-02
0.09799	5.11137e-02
0.09813	5.06242e-02
0.09821	5.01253e-02
0.09824	4.96194e-02
0.09822	4.91091e-02
0.09814	4.85962e-02
0.09801	4.80816e-02
0.09782	4.75660e-02
0.09758	4.70493e-02
0.09729	4.65309e-02
0.09695	4.60093e-02
0.09656	4.54824e-02
0.09613	4.49471e-02
0.09565	4.43990e-02
0.09515	4.38334e-02
0.09461	4.32452e-02
0.09404	4.26305e-02
0.09344	4.19850e-02
0.09283	4.13152e-02
0.09219	4.06285e-02
0.09153	3.99399e-02
0.09083	3.92606e-02
0.09011	3.86068e-02
0.08936	3.79952e-02
0.08857	3.74417e-02
0.08775	3.69614e-02
0.08689	3.65681e-02
0.08600	3.62736e-02
0.08507	3.60878e-02
0.08410	3.60182e-02
0.08310	3.60689e-02
0.08207	3.62408e-02
0.08101	3.65301e-02
0.07992	3.69269e-02
0.07883	3.74115e-02
0.07774	3.79466e-02
0.07671	3.84580e-02
0.07580	3.88128e-02
0.07508	3.88781e-02
0.07456	3.86979e-02
0.07414	3.84390e-02
0.07378	3.82186e-02
0.07344	3.80907e-02
0.07311	3.80717e-02
0.07281	3.81606e-02
0.07254	3.83519e-02
0.07230	3.86228e-02
0.07211	3.89501e-02
0.07198	3.93047e-02
0.07194	3.96469e-02
0.07202	3.99182e-02
0.07226	4.00362e-02
0.07271	3.99138e-02
0.07338	3.95039e-02
0.07425	3.88279e-02
0.07528	3.79450e-02
0.07641	3.69301e-02
0.07759	3.58539e-02
0.07880	3.47741e-02
0.08000	3.37357e-02
0.08119	3.27750e-02
0.08234	3.19219e-02
0.08346	3.12023e-02
0.08453	3.06378e-02
0.08555	3.02463e-02
0.08651	3.00408e-02
0.08742	3.00298e-02
0.08826	3.02158e-02
0.08903	3.05962e-02
0.08974	3.11636e-02
0.09037	3.19084e-02
0.09094	3.28135e-02
0.09143	3.38622e-02
0.09186	3.50364e-02
0.09221	3.63181e-02
0.09249	3.76891e-02
0.09270	3.91314e-02
0.09284	4.06268e-02
0.09292	4.21545e-02
0.09294	4.36847e-02
0.09294	4.51532e-02
0.09303	4.63459e-02
0.09342	4.68255e-02
0.09405	4.67776e-02
0.09469	4.65936e-02
0.09531	4.63903e-02
0.09588	4.61986e-02
0.09639	4.60279e-02
0.09686	4.58806e-02
0.09727	4.57561e-02
0.09762	4.56523e-02
0.09793	4.55658e-02
0.09820	4.54930e-02
0.09842	4.54293e-02
0.09860	4.53700e-02
0.09874	4.53097e-02
0.09884	4.52448e-02
0.09892	4.51679e-02
0.09897	4.50733e-02
0.09900	4.49551e-02
0.09901	4.48073e-02
0.09901	4.46242e-02
0.09900	4.44005e-02
0.09899	4.41311e-02
0.09897	4.38119e-02
0.09896	4.34399e-02
0.09895	4.30131e-02
0.09895	4.25312e-02
0.09896	4.19956e-02
0.09897	4.14093e-02
0.09900	4.07774e-02
0.09902	4.01064e-02
0.09906	3.94047e-02
0.09909	3.86819e-02
0.09913	3.79489e-02
0.09916	3.72178e-02
0.09919	3.65010e-02
0.09921	3.58122e-02
0.09921	3.51651e-02
0.09921	3.45737e-02
0.09920	3.40486e-02
0.09917	3.36064e-02
0.09912	3.32595e-02
0.09905	3.30183e-02
0.09895	3.28929e-02
0.09883	3.28897e-02
0.09868	3.30126e-02
0.09850	3.32630e-02
0.09828	3.36393e-02
0.09804	3.41374e-02
0.09776	3.47510e-02
0.09745	3.54717e-02
0.09710	3.62899e-02
0.09671	3.71950e-02
0.09629	3.81756e-02
0.09583	3.92204e-02
0.09533	4.03179e-02
0.09479	4.14572e-02
0.09422	4.26278e-02
0.09361	4.38196e-02
0.09297	4.50219e-02
0.09229	4.62119e-02
0.09195	4.66852e-02
0.09192	4.65115e-02
0.09185	4.63642e-02
0.09174	4.62637e-02
0.09158	4.62027e-02
0.09137	4.61811e-02
0.09112	4.61989e-02
0.09082	4.62565e-02
0.09047	4.63542e-02
0.09006	4.64925e-02
0.08960	4.66716e-02
0.08908	4.68914e-02
0.08850	4.71513e-02
0.08787	4.74495e-02
0.08719	4.77832e-02
0.08645	4.81465e-02
0.08566	4.85276e-02
0.08484	4.88950e-02
0.08406	4.91530e-02
0.08338	4.91696e-02
0.08277	4.90281e-02
0.08216	4.88424e-02
0.08154	4.86471e-02
0.08091	4.84487e-02
0.08026	4.82452e-02
0.07961	4.80312e-02
0.07896	4.77996e-02
0.07832	4.75436e-02
0.07771	4.72588e-02
0.07712	4.69376e-02
0.07657	4.65764e-02
0.07606	4.61739e-02
0.07560	4.57313e-02
0.07519	4.52518e-02
0.07483	4.47386e-02
0.07452	4.42036e-02
0.07427	4.36587e-02
0.07406	4.31182e-02
0.07388	4.26017e-02
0.07375	4.21216e-02
0.07366	4.16910e-02
0.07360	4.13184e-02
0.07359	4.10034e-02
0.07363	4.07313e-02
0.07375	4.04667e-02
0.07398	4.01530e-02
0.07436	3.97356e-02
0.07488	3.92016e-02
0.07553	3.85825e-02
0.07628	3.79199e-02
0.07712	3.72427e-02
0.07803	3.65690e-02
0.07900	3.59128e-02
0.08003	3.52900e-02
0.08110	3.47193e-02
0.08221	3.42214e-02
0.08333	3.38159e-02
0.08447	3.35193e-02
0.08562	3.33440e-02
0.08677	3.32984e-02
0.08792	3.33869e-02
0.08906	3.36098e-02
0.09019	3.39643e-02
0.09131	3.44445e-02
0.09241	3.50425e-02
0.09349	3.57485e-02
0.09455	3.65515e-02
0.09559	3.74398e-02
0.09660	3.84013e-02
0.09759	3.94234e-02
0.09855	4.04933e-02
0.09948	4.15973e-02
0.10039	4.27208e-02
0.10128	4.38469e-02
0.10214	4.49550e-02
0.10301	4.60215e-02
0.10387	4.70153e-02
0.10474	4.79077e-02
0.10564	4.86827e-02
0.10654	4.93466e-02
0.10745	4.99224e-02
0.10834	5.04378e-02
0.10921	5.09145e-02
0.11005	5.13678e-02
0.11084	5.18077e-02
0.11159	5.22404e-02
0.11229	5.26698e-02
0.11294	5.30984e-02
0.11354	5.35278e-02
0.11408	5.39589e-02
0.11457	5.43922e-02
0.11501	5.48280e-02
0.11540	5.52663e-02
0.11572	5.57069e-02
0.11600	5.61494e-02
0.11622	5.65928e-02
0.11639	5.70359e-02
0.11651	5.74771e-02
0.11658	5.79139e-02
0.11660	5.83430e-02
0.11657	5.87565e-02
0.11650	5.91523e-02
0.11639	5.95231e-02
0.11625	5.98611e-02
0.11609	6.01540e-02
0.11591	6.03895e-02
0.11572	6.05554e-02
0.11553	6.06420e-02
0.11534	6.06444e-02
0.11515	6.05648e-02
0.11496	6.04122e-02
0.11477	6.02005e-02
0.11456	5.99462e-02
0.11433	5.96652e-02
0.11406	5.93724e-02
0.11377	5.90801e-02
0.11343	5.87985e-02
0.11306	5.85357e-02
0.11264	5.82982e-02
0.11217	5.80906e-02
0.11166	5.79165e-02
0.11110	5.77780e-02
0.11050	5.76764e-02
0.10985	5.76118e-02
0.10915	5.75836e-02
0.10841	5.75898e-02
0.10763	5.76275e-02
0.10681	5.76920e-02
0.10596	5.77733e-02
0.10507	5.78614e-02
0.10417	5.79338e-02
0.10328	5.79442e-02
0.10246	5.77906e-02
0.10180	5.73041e-02
0.10136	5.64149e-02
0.10103	5.52730e-02
0.10073	5.40246e-02
0.10042	5.27425e-02
0.10008	5.14617e-02
0.09970	5.01992e-02
0.09929	4.89663e-02
0.09883	4.77710e-02
0.09833	4.66201e-02
0.09779	4.55195e-02
0.09720	4.44745e-02
0.09657	4.34903e-02
0.09589	4.25719e-02
0.09518	4.17237e-02
0.09442	4.09500e-02
0.09362	4.02545e-02
0.09278	3.96401e-02
0.09191	3.91085e-02
0.09100	3.86602e-02
0.09006	3.82934e-02
0.08908	3.80035e-02
0.08809	3.77823e-02
0.08708	3.76163e-02
0.08607	3.74855e-02
0.08508	3.73633e-02
0.08411	3.72210e-02
0.08318	3.70384e-02
0.08230	3.68167e-02
0.08145	3.65788e-02
0.08063	3.63592e-02
0.07982	3.61907e-02
0.07902	3.60988e-02
0.07823	3.61009e-02
0.07743	3.62072e-02
0.07663	3.64218e-02
0.07584	3.67428e-02
0.07505	3.71614e-02
0.07428	3.76575e-02
0.07355	3.81845e-02
0.07294	3.86220e-02
0.07259	3.86872e-02
0.07262	3.81764e-02
0.07289	3.73536e-02
0.07325	3.64801e-02
0.07365	3.56622e-02
0.07408	3.49419e-02
0.07452	3.43393e-02
0.07497	3.38623e-02
0.07542	3.35173e-02
0.07589	3.33048e-02
0.07637	3.32223e-02
0.07685	3.32647e-02
0.07735	3.34249e-02
0.07787	3.36947e-02
0.07839	3.40645e-02
0.07893	3.45245e-02
0.07947	3.50648e-02
0.08003	3.56755e-02
0.08060	3.63474e-02
0.08118	3.70714e-02
0.08177	3.78392e-02
0.08236	3.86432e-02
0.08296	3.94759e-02
0.08355	4.03303e-02
0.08415	4.11997e-02
0.08475	4.20774e-02
0.08535	4.29567e-02
0.08594	4.38305e-02
0.08653	4.46921e-02
0.08712	4.55343e-02
0.08770	4.63504e-02
0.08828	4.71346e-02
0.08886	4.78819e-02
0.08943	4.85890e-02
0.09000	4.92543e-02
0.09055	4.98774e-02
0.09110	5.04591e-02
0.09162	5.09988e-02
0.09214	5.14990e-02
0.09263	5.19586e-02
0.09310	5.23752e-02
0.09356	5.27435e-02
0.09401	5.30562e-02
0.09445	5.33038e-02
0.09488	5.34762e-02
0.09531	5.35655e-02
0.09574	5.35682e-02
0.09617	5.34878e-02
0.09659	5.33342e-02
0.09699	5.31211e-02
0.09736	5.28642e-02
0.09770	5.25782e-02
0.09800	5.22761e-02
0.09826	5.19689e-02
0.09846	5.16653e-02
0.09861	5.13723e-02
0.09871	5.10949e-02
0.09876	5.08370e-02
0.09874	5.06006e-02
0.09868	5.03867e-02
0.09856	5.01896e-02
0.09840	5.00131e-02
0.09818	4.98545e-02
0.09793	4.97097e-02
0.09763	4.95715e-02
0.09729	4.94346e-02
0.09693	4.92913e-02
0.09656	4.91326e-02
0.09616	4.89482e-02
0.09577	4.87270e-02
0.09538	4.84568e-02
0.09500	4.81261e-02
0.09464	4.77252e-02
0.09430	4.72481e-02
0.09398	4.66943e-02
0.09369	4.60693e-02
0.09342	4.53850e-02
0.09315	4.46577e-02
0.09289	4.39067e-02
0.09263	4.31525e-02
0.09235	4.24151e-02
0.09205	4.17135e-02
0.09173	4.10650e-02
0.09137	4.04846e-02
0.09099	3.99853e-02
0.09056	3.95771e-02
0.09010	3.92676e-02
0.08961	3.90615e-02
0.08907	3.89607e-02
0.08849	3.89640e-02
0.08788	3.90674e-02
0.08724	3.92645e-02
0.08656	3.95463e-02
0.08586	3.99019e-02
0.08513	4.03188e-02
0.08439	4.07835e-02
0.08363	4.12818e-02
0.08287	4.18000e-02
0.08211	4.23251e-02
0.08135	4.28458e-02
0.08060	4.33531e-02
0.07986	4.38424e-02
0.07915	4.43071e-02
0.07844	4.47464e-02
0.07776	4.51613e-02
0.07710	4.55537e-02
0.07645	4.59252e-02
0.07582	4.62761e-02
0.07522	4.66045e-02
0.07463	4.69062e-02
0.07408	4.71742e-02
0.07356	4.73993e-02
0.07308	4.75711e-02
0.07266	4.76796e-02
0.07230	4.77169e-02
0.07200	4.76798e-02
0.07177	4.75698e-02
0.07160	4.73930e-02
0.07148	4.71588e-02
0.07142	4.68783e-02
0.07139	4.65629e-02
0.07141	4.62237e-02
0.07145	4.58702e-02
0.07153	4.55105e-02
0.07163	4.51508e-02
0.07175	4.47956e-02
0.07189	4.44473e-02
0.07207	4.41070e-02
0.07226	4.37742e-02
0.07249	4.34433e-02
0.07274	4.31164e-02
0.07303	4.27908e-02
0.07335	4.24643e-02
0.07371	4.21351e-02
0.07412	4.18033e-02
0.07456	4.14707e-02
0.07504	4.11413e-02
0.07556	4.08213e-02
0.07610	4.05174e-02
0.07667	4.02403e-02
0.07727	4.00002e-02
0.07787	3.98071e-02
0.07849	3.96709e-02
0.07912	3.96002e-02
0.07974	3.96025e-02
0.08037	3.96835e-02
0.08099	3.98475e-02
0.08161	4.00969e-02
0.08222	4.04328e-02
0.08282	4.08547e-02
0.08340	4.13614e-02
0.08398	4.19510e-02
0.08453	4.26207e-02
0.08508	4.33677e-02
0.08560	4.41892e-02
0.08610	4.50813e-02
0.08658	4.60402e-02
0.08703	4.70617e-02
0.08746	4.81412e-02
0.08786	4.92732e-02
0.08824	5.04517e-02
0.08858	5.16699e-02
0.08890	5.29195e-02
0.08919	5.41914e-02
0.08946	5.54749e-02
0.08972	5.67578e-02
0.08996	5.80264e-02
0.09020	5.92664e-02
0.09044	6.04635e-02
0.09070	6.16055e-02
0.09097	6.26835e-02
0.09126	6.36929e-02
0.09158	6.46317e-02
0.09192	6.54978e-02
0.09228	6.62860e-02
0.09268	6.69844e-02
0.09313	6.75722e-02
0.09365	6.80187e-02
0.09427	6.82878e-02
0.09501	6.83551e-02
0.09585	6.82292e-02
0.09676	6.79446e-02
0.09771	6.75456e-02
0.09868	6.70694e-02
0.09964	6.65429e-02
0.10057	6.59857e-02
0.10148	6.54118e-02
0.10234	6.48320e-02
0.10317	6.42548e-02
0.10395	6.36871e-02
0.10468	6.31347e-02
0.10536	6.26026e-02
0.10600	6.20950e-02
0.10658	6.16153e-02
0.10712	6.11666e-02
0.10761	6.07512e-02
0.10805	6.03710e-02
0.10845	6.00276e-02
0.10880	5.97219e-02
0.10910	5.94546e-02
0.10937	5.92258e-02
0.10959	5.90353e-02
0.10978	5.88824e-02
0.10993	5.87651e-02
0.11005	5.86794e-02
0.11014	5.86174e-02
0.11022	5.85617e-02
0.11030	5.84767e-02
0.11042	5.82827e-02
0.11065	5.78630e-02
0.11102	5.71592e-02
0.11149	5.62409e-02
0.11199	5.52058e-02
0.11251	5.41165e-02
0.11301	5.30072e-02
0.11350	5.18989e-02
0.11397	5.08055e-02
0.11441	4.97380e-02
0.11482	4.87052e-02
0.11520	4.77148e-02
0.11556	4.67741e-02
0.11588	4.58898e-02
0.11616	4.50684e-02
0.11642	4.43169e-02
0.11664	4.36423e-02
0.11683	4.30527e-02
0.11698	4.25566e-02
0.11709	4.21632e-02
0.11716	4.18821e-02
0.11718	4.17229e-02
0.11716	4.16941e-02
0.11710	4.18034e-02
0.11698	4.20561e-02
0.11680	4.24550e-02
0.11657	4.30004e-02
0.11628	4.36892e-02
0.11594	4.45159e-02
0.11553	4.54660e-02
0.11507	4.65357e-02
0.11455	4.77128e-02
0.11397	4.89839e-02
0.11333	5.03343e-02
0.11264	5.17489e-02
0.11189	5.32123e-02
0.11110	5.47088e-02
0.11026	5.62223e-02
0.10939	5.77369e-02
0.10849	5.92366e-02
0.10757	6.07051e-02
0.10664	6.21265e-02
0.10571	6.34848e-02
0.10479	6.47654e-02
0.10388	6.59552e-02
0.10301	6.70446e-02
0.10218	6.80281e-02
0.10139	6.89051e-02
0.10064	6.96794e-02
0.09994	7.03582e-02
0.09927	7.09502e-02
0.09863	7.14639e-02
0.09802	7.18917e-02
0.09744	7.22503e-02
0.09690	7.25346e-02
0.09641	7.27242e-02
0.09600	7.27775e-02
0.09573	7.26373e-02
0.09560	7.22935e-02
0.09558	7.17927e-02
0.09564	7.11831e-02
0.09574	7.04931e-02
0.09587	6.97411e-02
0.09603	6.89447e-02
0.09620	6.81235e-02
0.09637	6.72988e-02
0.09653	6.64919e-02
0.09665	6.57218e-02
0.09675	6.50044e-02
0.09680	6.43524e-02
0.09682	6.37745e-02
0.09680	6.32754e-02
0.09674	6.28559e-02
0.09664	6.25125e-02
0.09653	6.22376e-02
0.09640	6.20190e-02
0.09627	6.18411e-02
0.09615	6.16858e-02
0.09605	6.15355e-02
0.09599	6.13761e-02
0.09598	6.12005e-02
0.09600	6.10097e-02
0.09607	6.08117e-02
0.09616	6.06184e-02
0.09628	6.04431e-02
0.09642	6.02977e-02
0.09656	6.01918e-02
0.09672	6.01320e-02
0.09687	6.01212e-02
0.09704	6.01588e-02
0.09721	6.02404e-02
0.09739	6.03588e-02
0.09759	6.05049e-02
0.09780	6.06692e-02
0.09804	6.08440e-02
0.09831	6.10182e-02
0.09867	6.11070e-02
0.09953	6.03982e-02
0.10071	5.91827e-02
0.10188	5.79628e-02
0.10302	5.67992e-02
0.10411	5.57170e-02
0.10514	5.47350e-02
0.10611	5.38694e-02
0.10701	5.31336e-02
0.10784	5.25391e-02
0.10859	5.20947e-02
0.10928	5.18060e-02
0.10989	5.16757e-02
0.11042	5.17023e-02
0.11089	5.18802e-02
0.11128	5.21982e-02
0.11162	5.26382e-02
0.11190	5.31718e-02
0.11214	5.37548e-02
0.11239	5.43191e-02
0.11267	5.47666e-02
0.11306	5.49876e-02
0.11356	5.49220e-02
0.11417	5.46061e-02
0.11483	5.41335e-02
0.11550	5.35939e-02
0.11614	5.30517e-02
0.11673	5.25495e-02
0.11726	5.21158e-02
0.11773	5.17704e-02
0.11813	5.15268e-02
0.11844	5.13945e-02
0.11868	5.13790e-02
0.11883	5.14829e-02
0.11890	5.17054e-02
0.11889	5.20434e-02
0.11880	5.24901e-02
0.11863	5.30355e-02
0.11839	5.36659e-02
0.11808	5.43638e-02
0.11770	5.51068e-02
0.11728	5.58673e-02
0.11683	5.66124e-02
0.11635	5.73063e-02
0.11588	5.79167e-02
0.11542	5.84247e-02
0.11498	5.88330e-02
0.11453	5.91637e-02
0.11408	5.94485e-02
0.11359	5.97173e-02
0.11307	5.99925e-02
0.11250	6.02872e-02
0.11188	6.06057e-02
0.11121	6.09446e-02
0.11051	6.12923e-02
0.10978	6.16290e-02
0.10903	6.19248e-02
0.10830	6.21426e-02
0.10760	6.22497e-02
0.10694	6.22347e-02
0.10632	6.21087e-02
0.10573	6.18905e-02
0.10516	6.15971e-02
0.10460	6.12425e-02
0.10405	6.08386e-02
0.10350	6.03958e-02
0.10295	5.99225e-02
0.10240	5.94260e-02
0.10184	5.89120e-02
0.10127	5.83854e-02
0.10070	5.78501e-02
0.10011	5.73095e-02
0.09952	5.67669e-02
0.09892	5.62251e-02
0.09830	5.56869e-02
0.09768	5.51546e-02
0.09705	5.46305e-02
0.09642	5.41163e-02
0.09577	5.36135e-02
0.09513	5.31228e-02
0.09448	5.26444e-02
0.09383	5.21776e-02
0.09318	5.17211e-02
0.09254	5.12726e-02
0.09191	5.08284e-02
0.09130	5.03834e-02
0.09071	4.99300e-02
0.09016	4.94574e-02
0.08964	4.89507e-02
0.08919	4.83902e-02
0.08881	4.77526e-02
0.08851	4.70141e-02
0.08831	4.61557e-02
0.08822	4.51689e-02
0.08822	4.40576e-02
0.08832	4.28376e-02
0.08849	4.15347e-02
0.08871	4.01841e-02
0.08899	3.88255e-02
0.08928	3.75032e-02
0.08959	3.62627e-02
0.08990	3.51486e-02
0.09020	3.42028e-02
0.09049	3.34627e-02
0.09075	3.29590e-02
0.09100	3.27134e-02
0.09123	3.27367e-02
0.09144	3.30273e-02
0.09164	3.35713e-02
0.09183	3.43433e-02
0.09203	3.53084e-02
0.09223	3.64248e-02
0.09247	3.76463e-02
0.09274	3.89257e-02
0.09307	4.02175e-02
0.09348	4.14797e-02
0.09398	4.26725e-02
0.09459	4.37554e-02
0.09533	4.46854e-02
0.09622	4.54232e-02
0.09727	4.59469e-02
0.09846	4.62634e-02
0.09978	4.64060e-02
0.10120	4.64192e-02
0.10269	4.63460e-02
0.10422	4.62208e-02
0.10579	4.60731e-02
0.10737	4.59268e-02
0.10895	4.58028e-02
0.11051	4.57194e-02
0.11205	4.56932e-02
0.11356	4.57386e-02
0.11502	4.58672e-02
0.11643	4.60883e-02
0.11778	4.64078e-02
0.11907	4.68286e-02
0.12030	4.73509e-02
0.12145	4.79717e-02
0.12253	4.86857e-02
0.12353	4.94855e-02
0.12445	5.03618e-02
0.12530	5.13041e-02
0.12607	5.23008e-02
0.12676	5.33405e-02
0.12737	5.44115e-02
0.12790	5.55031e-02
0.12836	5.66055e-02
0.12874	5.77107e-02
0.12904	5.88124e-02
0.12927	5.99058e-02
0.12942	6.09860e-02
0.12948	6.20539e-02
0.12946	6.31091e-02
0.12936	6.41520e-02
0.12917	6.51833e-02
0.12890	6.62036e-02
0.12853	6.72134e-02
0.12808	6.82128e-02
0.12753	6.92011e-02
0.12689	7.01771e-02
0.12617	7.11390e-02
0.12535	7.20842e-02
0.12445	7.30091e-02
0.12347	7.39089e-02
0.12240	7.47772e-02
0.12127	7.56052e-02
0.12008	7.63787e-02
0.11885	7.70728e-02
0.11761	7.76352e-02
0.11646	7.79576e-02
0.11547	7.79227e-02
0.11462	7.75750e-02
0.11384	7.70346e-02
0.11310	7.63637e-02
0.11238	7.55834e-02
0.11168	7.46989e-02
0.11102	7.37044e-02
0.11038	7.26110e-02
0.10978	7.14255e-02
0.10919	7.01612e-02
0.10862	6.88365e-02
0.10806	6.74737e-02
0.10749	6.60968e-02
0.10692	6.47297e-02
0.10632	6.33955e-02
0.10570	6.21157e-02
0.10505	6.09098e-02
0.10436	5.97948e-02
0.10365	5.87827e-02
0.10291	5.78663e-02
0.10229	5.68097e-02
0.10230	5.46671e-02
0.10246	5.22729e-02
0.10259	4.99472e-02
0.10269	4.77376e-02
0.10273	4.56733e-02
0.10274	4.37803e-02
0.10270	4.20841e-02
0.10261	4.06084e-02
0.10249	3.93745e-02
0.10233	3.83978e-02
0.10213	3.76896e-02
0.10190	3.72524e-02
0.10165	3.70788e-02
0.10137	3.71497e-02
0.10108	3.74344e-02
0.10078	3.78884e-02
0.10049	3.84503e-02
0.10025	3.90365e-02
0.10008	3.95392e-02
0.10004	3.98440e-02
0.10014	3.98820e-02
0.10037	3.96752e-02
0.10070	3.93083e-02
0.10108	3.88684e-02
0.10148	3.84166e-02
0.10188	3.79890e-02
0.10227	3.76037e-02
0.10264	3.72680e-02
0.10298	3.69818e-02
0.10330	3.67413e-02
0.10360	3.65396e-02
0.10386	3.63690e-02
0.10408	3.62214e-02
0.10428	3.60891e-02
0.10444	3.59655e-02
0.10455	3.58451e-02
0.10463	3.57243e-02
0.10466	3.56012e-02
0.10465	3.54753e-02
0.10459	3.53479e-02
0.10447	3.52216e-02
0.10429	3.50998e-02
0.10405	3.49871e-02
0.10375	3.48881e-02
0.10338	3.48079e-02
0.10293	3.47511e-02
0.10242	3.47221e-02
0.10183	3.47246e-02
0.10116	3.47615e-02
0.10042	3.48348e-02
0.09960	3.49456e-02
0.09869	3.50936e-02
0.09772	3.52777e-02
0.09666	3.54956e-02
0.09553	3.57439e-02
0.09433	3.60182e-02
0.09306	3.63131e-02
0.09172	3.66219e-02
0.09033	3.69372e-02
0.08888	3.72497e-02
0.08738	3.75489e-02
0.08585	3.78210e-02
0.08429	3.80482e-02
0.08273	3.82038e-02
0.08118	3.82441e-02
0.07970	3.80994e-02
0.07832	3.76763e-02
0.07709	3.69352e-02
0.07599	3.59265e-02
0.07497	3.47139e-02
0.07403	3.33401e-02
0.07316	3.18250e-02
0.07234	3.01841e-02
0.07158	2.84366e-02
0.07087	2.66074e-02
0.07018	2.47266e-02
0.06952	2.28289e-02
0.06888	2.09532e-02
0.06825	1.91443e-02
0.06762	1.74556e-02
0.06699	1.59511e-02
0.06637	1.47066e-02
0.06575	1.38037e-02
0.06514	1.33156e-02
0.06453	1.32834e-02
0.06393	1.36986e-02
0.06334	1.45050e-02
0.06278	1.56187e-02
0.06225	1.69512e-02
0.06175	1.84219e-02
0.06131	1.99618e-02
0.06092	2.15102e-02
0.06063	2.30115e-02
0.06044	2.44130e-02
0.06038	2.56709e-02
0.06046	2.67636e-02
0.06069	2.77016e-02
0.06105	2.85195e-02
0.06152	2.92559e-02
0.06207	2.99401e-02
0.06270	3.05893e-02
0.06339	3.12124e-02
0.06414	3.18138e-02
0.06493	3.23945e-02
0.06577	3.29510e-02
0.06665	3.34723e-02
0.06757	3.39368e-02
0.06855	3.43095e-02
0.06960	3.45558e-02
0.07072	3.46602e-02
0.07190	3.46352e-02
0.07311	3.45093e-02
0.07434	3.43105e-02
0.07557	3.40591e-02
0.07679	3.37685e-02
0.07799	3.34480e-02
0.07918	3.31048e-02
0.08033	3.27461e-02
0.08146	3.23797e-02
0.08255	3.20142e-02
0.08359	3.16590e-02
0.08460	3.13238e-02
0.08556	3.10178e-02
0.08646	3.07493e-02
0.08732	3.05257e-02
0.08813	3.03529e-02
0.08889	3.02355e-02
0.08959	3.01762e-02
0.09025	3.01765e-02
0.09086	3.02360e-02
0.09142	3.03532e-02
0.09194	3.05253e-02
0.09242	3.07485e-02
0.09286	3.10182e-02
0.09326	3.13292e-02
0.09364	3.16763e-02
0.09399	3.20545e-02
0.09431	3.24588e-02
0.09461	3.28848e-02
0.09490	3.33285e-02
0.09516	3.37866e-02
0.09542	3.42564e-02
0.09566	3.47358e-02
0.09589	3.52232e-02
0.09611	3.57178e-02
0.09633	3.62191e-02
0.09654	3.67272e-02
0.09674	3.72426e-02
0.09695	3.77660e-02
0.09715	3.82988e-02
0.09734	3.88420e-02
0.09753	3.93971e-02
0.09772	3.99655e-02
0.09791	4.05485e-02
0.09809	4.11469e-02
0.09826	4.17617e-02
0.09843	4.23933e-02
0.09860	4.30417e-02
0.09875	4.37066e-02
0.09891	4.43861e-02
0.09905	4.50811e-02
0.09919	4.57902e-02
0.09931	4.65117e-02
0.09943	4.72437e-02
0.09954	4.79843e-02
0.09963	4.87312e-02
0.09971	4.94822e-02
0.09978	5.02350e-02
0.09983	5.09869e-02
0.09988	5.17353e-02
0.09991	5.24771e-02
0.09992	5.32087e-02
0.09993	5.39253e-02
0.09992	5.46200e-02
0.09991	5.52816e-02
0.09990	5.58913e-02
0.09991	5.64183e-02
0.09997	5.68247e-02
0.10007	5.70929e-02
0.10022	5.72437e-02
0.10038	5.73117e-02
0.10054	5.73216e-02
0.10070	5.72869e-02
0.10085	5.72137e-02
0.10098	5.71046e-02
0.10110	5.69589e-02
0.10120	5.67767e-02
0.10129	5.65570e-02
0.10137	5.62995e-02
0.10142	5.60042e-02
0.10146	5.56728e-02
0.10148	5.53084e-02
0.10148	5.49156e-02
0.10145	5.45001e-02
0.10140	5.40683e-02
0.10131	5.36272e-02
0.10119	5.31841e-02
0.10103	5.27464e-02
0.10084	5.23212e-02
0.10060	5.19159e-02
0.10031	5.15374e-02
0.09998	5.11925e-02
0.09960	5.08874e-02
0.09917	5.06281e-02
0.09870	5.04200e-02
0.09817	5.02677e-02
0.09759	5.01753e-02
0.09696	5.01461e-02
0.09628	5.01824e-02
0.09554	5.02859e-02
0.09476	5.04572e-02
0.09393	5.06961e-02
0.09305	5.09995e-02
0.09213	5.13665e-02
0.09117	5.17929e-02
0.09016	5.22697e-02
0.08914	5.27641e-02
0.08834	5.28898e-02
0.08815	5.19857e-02
0.08804	5.09588e-02
0.08791	4.99706e-02
0.08775	4.90396e-02
0.08756	4.81711e-02
0.08736	4.73669e-02
0.08713	4.66262e-02
0.08688	4.59468e-02
0.08663	4.53243e-02
0.08637	4.47533e-02
0.08611	4.42268e-02
0.08585	4.37375e-02
0.08560	4.32780e-02
0.08537	4.28421e-02
0.08515	4.24253e-02
0.08495	4.20256e-02
0.08476	4.16437e-02
0.08460	4.12824e-02
0.08444	4.09462e-02
0.08430	4.06402e-02
0.08417	4.03692e-02
0.08404	4.01371e-02
0.08391	3.99458e-02
0.08379	3.97958e-02
0.08367	3.96855e-02
0.08356	3.96127e-02
0.08344	3.95760e-02
0.08333	3.95755e-02
0.08321	3.96134e-02
0.08309	3.96934e-02
0.08295	3.98188e-02
0.08281	3.99912e-02
0.08265	4.02083e-02
0.08248	4.04631e-02
0.08230	4.07415e-02
0.08213	4.10212e-02
0.08197	4.12704e-02
0.08184	4.14540e-02
0.08176	4.15482e-02
0.08172	4.15558e-02
0.08170	4.15031e-02
0.08169	4.14228e-02
0.08168	4.13419e-02
0.08165	4.12789e-02
0.08159	4.12453e-02
0.08151	4.12480e-02
0.08140	4.12900e-02
0.08126	4.13652e-02
0.08109	4.14800e-02
0.08088	4.16322e-02
0.08065	4.18185e-02
0.08039	4.20347e-02
0.08010	4.22738e-02
0.07979	4.25281e-02
0.07946	4.27871e-02
0.07912	4.30381e-02
0.07879	4.32651e-02
0.07847	4.34468e-02
0.07818	4.35499e-02
0.07797	4.35053e-02
0.07789	4.32277e-02
0.07789	4.27768e-02
0.07792	4.22671e-02
0.07794	4.17575e-02
0.07795	4.12783e-02
0.07793	4.08481e-02
0.07788	4.04783e-02
0.07781	4.01741e-02
0.07770	3.99343e-02
0.07758	3.97507e-02
0.07744	3.96062e-02
0.07731	3.94746e-02
0.07721	3.93220e-02
0.07715	3.91135e-02
0.07715	3.88264e-02
0.07720	3.84600e-02
0.07731	3.80356e-02
0.07744	3.75853e-02
0.07759	3.71415e-02
0.07775	3.67318e-02
0.07790	3.63773e-02
0.07804	3.60936e-02
0.07817	3.58915e-02
0.07829	3.57778e-02
0.07838	3.57558e-02
0.07847	3.58256e-02
0.07854	3.59850e-02
0.07859	3.62291e-02
0.07864	3.65509e-02
0.07867	3.69418e-02
0.07870	3.73912e-02
0.07873	3.78874e-02
0.07877	3.84171e-02
0.07881	3.89653e-02
0.07887	3.95148e-02
0.07895	4.00455e-02
0.07907	4.05334e-02
0.07924	4.09514e-02
0.07947	4.12732e-02
0.07977	4.14821e-02
0.08013	4.15794e-02
0.08055	4.15846e-02
0.08101	4.15268e-02
0.08149	4.14348e-02
0.08197	4.13324e-02
0.08245	4.12377e-02
0.08291	4.11637e-02
0.08336	4.11198e-02
0.08378	4.11122e-02
0.08417	4.11453e-02
0.08453	4.12218e-02
0.08486	4.13427e-02
0.08516	4.15083e-02
0.08542	4.17177e-02
0.08564	4.19695e-02
0.08583	4.22614e-02
0.08598	4.25908e-02
0.08610	4.29544e-02
0.08618	4.33488e-02
0.08623	4.37703e-02
0.08625	4.42150e-02
0.08624	4.46787e-02
0.08619	4.51572e-02
0.08612	4.56462e-02
0.08602	4.61412e-02
0.08590	4.66372e-02
0.08575	4.71290e-02
0.08560	4.76099e-02
0.08543	4.80714e-02
0.08525	4.85008e-02
0.08509	4.88786e-02
0.08496	4.91750e-02
0.08487	4.93539e-02
0.08485	4.93947e-02
0.08489	4.93131e-02
0.08497	4.91470e-02
0.08506	4.89313e-02
0.08516	4.86895e-02
0.08526	4.84369e-02
0.08534	4.81839e-02
0.08542	4.79379e-02
0.08548	4.77049e-02
0.08553	4.74896e-02
0.08557	4.72964e-02
0.08559	4.71286e-02
0.08559	4.69891e-02
0.08558	4.68803e-02
0.08556	4.68037e-02
0.08552	4.67603e-02
0.08547	4.67500e-02
0.08540	4.67720e-02
0.08533	4.68245e-02
0.08524	4.69046e-02
0.08515	4.70079e-02
0.08506	4.71289e-02
0.08496	4.72602e-02
0.08488	4.73928e-02
0.08480	4.75160e-02
0.08474	4.76175e-02
0.08471	4.76842e-02
0.08471	4.77040e-02
0.08475	4.76670e-02
0.08482	4.75676e-02
0.08493	4.74047e-02
0.08508	4.71808e-02
0.08525	4.69007e-02
0.08545	4.65700e-02
0.08566	4.61939e-02
0.08590	4.57768e-02
0.08614	4.53225e-02
0.08638	4.48340e-02
0.08663	4.43138e-02
0.08688	4.37638e-02
0.08712	4.31862e-02
0.08735	4.25825e-02
0.08757	4.19545e-02
0.08778	4.13040e-02
0.08796	4.06326e-02
0.08813	3.99422e-02
0.08828	3.92348e-02
0.08839	3.85122e-02
0.08848	3.77765e-02
0.08854	3.70299e-02
0.08856	3.62746e-02
0.08855	3.55132e-02
0.08850	3.47481e-02
0.08841	3.39820e-02
0.08828	3.32176e-02
0.08811	3.24578e-02
0.08789	3.17058e-02
0.08763	3.09647e-02
0.08732	3.02379e-02
0.08697	2.95286e-02
0.08657	2.88406e-02
0.08612	2.81773e-02
0.08563	2.75425e-02
0.08509	2.69398e-02
0.08450	2.63728e-02
0.08387	2.58450e-02
0.08320	2.53598e-02
0.08248	2.49202e-02
0.08172	2.45287e-02
0.08093	2.41875e-02
0.08010	2.38977e-02
0.07924	2.36599e-02
0.07834	2.34732e-02
0.07743	2.33356e-02
0.07649	2.32433e-02
0.07554	2.31907e-02
0.07458	2.31700e-02
0.07362	2.31713e-02
0.07266	2.31824e-02
0.07173	2.31897e-02
0.07082	2.31794e-02
0.06995	2.31398e-02
0.06912	2.30641e-02
0.06835	2.29533e-02
0.06763	2.28178e-02
0.06696	2.26767e-02
0.06635	2.25554e-02
0.06578	2.24816e-02
0.06525	2.24813e-02
0.06477	2.25757e-02
0.06433	2.27782e-02
0.06393	2.30925e-02
0.06358	2.35102e-02
0.06328	2.40082e-02
0.06306	2.45465e-02
0.06293	2.50676e-02
0.06293	2.55094e-02
0.06307	2.58356e-02
0.06334	2.60630e-02
0.06373	2.62476e-02
0.06420	2.64489e-02
0.06473	2.67092e-02
0.06532	2.70509e-02
0.06594	2.74815e-02
0.06661	2.79976e-02
0.06731	2.85888e-02
0.06805	2.92403e-02
0.06882	2.99345e-02
0.06964	3.06531e-02
0.07050	3.13782e-02
0.07140	3.20936e-02
0.07234	3.27852e-02
0.07332	3.34422e-02
0.07434	3.40570e-02
0.07540	3.46248e-02
0.07649	3.51436e-02
0.07761	3.56131e-02
0.07875	3.60344e-02
0.07990	3.64090e-02
0.08106	3.67386e-02
0.08222	3.70245e-02
0.08338	3.72673e-02
0.08453	3.74674e-02
0.08567	3.76243e-02
0.08680	3.77375e-02
0.08791	3.78059e-02
0.08900	3.78283e-02
0.09006	3.78039e-02
0.09110	3.77316e-02
0.09211	3.76111e-02
0.09309	3.74423e-02
0.09404	3.72257e-02
0.09495	3.69627e-02
0.09582	3.66551e-02
0.09665	3.63053e-02
0.09744	3.59167e-02
0.09819	3.54931e-02
0.09888	3.50389e-02
0.09952	3.45591e-02
0.10012	3.40591e-02
0.10066	3.35445e-02
0.10114	3.30215e-02
0.10157	3.24962e-02
0.10194	3.19749e-02
0.10225	3.14638e-02
0.10251	3.09690e-02
0.10270	3.04966e-02
0.10284	3.00521e-02
0.10293	2.96406e-02
0.10295	2.92670e-02
0.10293	2.89353e-02
0.10285	2.86491e-02
0.10272	2.84116e-02
0.10254	2.82252e-02
0.10231	2.80923e-02
0.10204	2.80146e-02
0.10172	2.79940e-02
0.10136	2.80323e-02
0.10097	2.81311e-02
0.10053	2.82924e-02
0.10006	2.85179e-02
0.09956	2.88094e-02
0.09902	2.91679e-02
0.09845	2.95942e-02
0.09785	3.00880e-02
0.09723	3.06475e-02
0.09657	3.12698e-02
0.09589	3.19500e-02
0.09519	3.26817e-02
0.09447	3.34563e-02
0.09374	3.42636e-02
0.09300	3.50917e-02
0.09226	3.59275e-02
0.09152	3.67580e-02
0.09079	3.75708e-02
0.09008	3.83569e-02
0.08939	3.91113e-02
0.08872	3.98347e-02
0.08807	4.05328e-02
0.08744	4.12151e-02
0.08683	4.18923e-02
0.08622	4.25744e-02
0.08561	4.32695e-02
0.08501	4.39826e-02
0.08441	4.47160e-02
0.08380	4.54685e-02
0.08319	4.62359e-02
0.08257	4.70097e-02
0.08197	4.77751e-02
0.08139	4.85056e-02
0.08085	4.91535e-02
0.08041	4.96491e-02
0.08010	4.99529e-02
0.07987	5.01115e-02
0.07969	5.01995e-02
0.07952	5.02642e-02
0.07935	5.03271e-02
0.07917	5.03974e-02
0.07897	5.04780e-02
0.07876	5.05692e-02
0.07853	5.06700e-02
0.07827	5.07793e-02
0.07800	5.08957e-02
0.07770	5.10183e-02
0.07737	5.11463e-02
0.07702	5.12793e-02
0.07664	5.14173e-02
0.07623	5.15603e-02
0.07579	5.17082e-02
0.07532	5.18607e-02
0.07481	5.20166e-02
0.07427	5.21714e-02
0.07371	5.23111e-02
0.07317	5.23714e-02
0.07290	5.20197e-02
0.07305	5.10252e-02
0.07328	4.98392e-02
0.07350	4.86186e-02
0.07366	4.73984e-02
0.07378	4.61936e-02
0.07383	4.50143e-02
0.07383	4.38691e-02
0.07377	4.27660e-02
0.07364	4.17128e-02
0.07346	4.07168e-02
0.07321	3.97849e-02
0.07290	3.89232e-02
0.07254	3.81370e-02
0.07212	3.74300e-02
0.07164	3.68040e-02
0.07112	3.62583e-02
0.07056	3.57883e-02
0.06996	3.53846e-02
0.06934	3.50309e-02
0.06872	3.47011e-02
0.06811	3.43577e-02
0.06754	3.39532e-02
0.06704	3.34423e-02
0.06662	3.28035e-02
0.06627	3.20520e-02
0.06598	3.12282e-02
0.06572	3.03773e-02
0.06548	2.95367e-02
0.06525	2.87339e-02
0.06502	2.79883e-02
0.06479	2.73130e-02
0.06456	2.67169e-02
0.06434	2.62053e-02
0.06412	2.57811e-02
0.06391	2.54450e-02
0.06370	2.51959e-02
0.06351	2.50310e-02
0.06333	2.49460e-02
0.06316	2.49355e-02
0.06302	2.49929e-02
0.06289	2.51105e-02
0.06278	2.52799e-02
0.06270	2.54925e-02
0.06265	2.57391e-02
0.06262	2.60103e-02
0.06262	2.62966e-02
0.06266	2.65882e-02
0.06273	2.68738e-02
0.06284	2.71399e-02
0.06299	2.73689e-02
0.06320	2.75391e-02
0.06346	2.76323e-02
0.06377	2.76477e-02
0.06413	2.76079e-02
0.06451	2.75453e-02
0.06489	2.74876e-02
0.06528	2.74544e-02
0.06566	2.74586e-02
0.06602	2.75088e-02
0.06636	2.76105e-02
0.06667	2.77672e-02
0.06696	2.79808e-02
0.06722	2.82518e-02
0.06745	2.85790e-02
0.06765	2.89598e-02
0.06781	2.93895e-02
0.06794	2.98612e-02
0.06805	3.03649e-02
0.06812	3.08874e-02
0.06818	3.14115e-02
0.06823	3.19159e-02
0.06828	3.23761e-02
0.06834	3.27669e-02
0.06843	3.30679e-02
0.06855	3.32698e-02
0.06869	3.33777e-02
0.06886	3.34082e-02
0.06904	3.33834e-02
0.06921	3.33241e-02
0.06938	3.32467e-02
0.06954	3.31620e-02
0.06968	3.30752e-02
0.06982	3.29871e-02
0.06994	3.28948e-02
0.07006	3.27930e-02
0.07017	3.26749e-02
0.07029	3.25330e-02
0.07042	3.23604e-02
0.07056	3.21519e-02
0.07072	3.19044e-02
0.07089	3.16181e-02
0.07108	3.12961e-02
0.07128	3.09452e-02
0.07150	3.05743e-02
0.07173	3.01949e-02
0.07196	2.98193e-02
0.07219	2.94606e-02
0.07242	2.91319e-02
0.07265	2.88454e-02
0.07288	2.86122e-02
0.07309	2.84421e-02
0.07330	2.83430e-02
0.07350	2.83214e-02
0.07370	2.83822e-02
0.07388	2.85293e-02
0.07406	2.87657e-02
0.07422	2.90936e-02
0.07438	2.95149e-02
0.07453	3.00306e-02
0.07466	3.06407e-02
0.07478	3.13440e-02
0.07489	3.21380e-02
0.07498	3.30184e-02
0.07506	3.39794e-02
0.07513	3.50135e-02
0.07519	3.61119e-02
0.07523	3.72646e-02
0.07527	3.84605e-02
0.07530	3.96878e-02
0.07534	4.09344e-02
0.07538	4.21875e-02
0.07544	4.34349e-02
0.07552	4.46644e-02
0.07562	4.58648e-02
0.07575	4.70263e-02
0.07592	4.81411e-02
0.07613	4.92037e-02
0.07639	5.02107e-02
0.07669	5.11612e-02
0.07703	5.20558e-02
0.07741	5.28962e-02
0.07783	5.36840e-02
0.07829	5.44200e-02
0.07879	5.51030e-02
0.07933	5.57284e-02
0.07991	5.62870e-02
0.08054	5.67633e-02
0.08124	5.71360e-02
0.08201	5.73832e-02
0.08287	5.74933e-02
0.08380	5.74725e-02
0.08479	5.73392e-02
0.08581	5.71130e-02
0.08686	5.68099e-02
0.08792	5.64409e-02
0.08898	5.60135e-02
0.09004	5.55331e-02
0.09109	5.50037e-02
0.09212	5.44286e-02
0.09314	5.38111e-02
0.09414	5.31540e-02
0.09511	5.24607e-02
0.09605	5.17345e-02
0.09696	5.09789e-02
0.09783	5.01980e-02
0.09866	4.93960e-02
0.09944	4.85773e-02
0.10018	4.77467e-02
0.10086	4.69093e-02
0.10150	4.60704e-02
0.10208	4.52353e-02
0.10260	4.44095e-02
0.10306	4.35988e-02
0.10346	4.28087e-02
0.10379	4.20446e-02
0.10406	4.13118e-02
0.10426	4.06154e-02
0.10440	3.99599e-02
0.10446	3.93492e-02
0.10446	3.87867e-02
0.10439	3.82750e-02
0.10426	3.78155e-02
0.10405	3.74090e-02
0.10378	3.70547e-02
0.10345	3.67509e-02
0.10305	3.64946e-02
0.10260	3.62816e-02
0.10208	3.61066e-02
0.10151	3.59629e-02
0.10090	3.58432e-02
0.10023	3.57392e-02
0.09952	3.56417e-02
0.09878	3.55412e-02
0.09800	3.54279e-02
0.09720	3.52918e-02
0.09637	3.51228e-02
0.09553	3.49110e-02
0.09468	3.46470e-02
0.09382	3.43216e-02
0.09296	3.39266e-02
0.09211	3.34542e-02
0.09127	3.28983e-02
0.09044	3.22542e-02
0.08963	3.15192e-02
0.08884	3.06934e-02
0.08806	2.97798e-02
0.08731	2.87850e-02
0.08657	2.77191e-02
0.08585	2.65960e-02
0.08513	2.54337e-02
0.08442	2.42538e-02
0.08372	2.30822e-02
0.08301	2.19490e-02
0.08229	2.08889e-02
0.08157	1.99404e-02
0.08083	1.91450e-02
0.08008	1.85444e-02
0.07931	1.81769e-02
0.07852	1.80716e-02
0.07771	1.82441e-02
0.07689	1.86936e-02
0.07604	1.94040e-02
0.07518	2.03476e-02
0.07431	2.14902e-02
0.07342	2.27956e-02
0.07253	2.42286e-02
0.07163	2.57561e-02
0.07073	2.73465e-02
0.06985	2.89665e-02
0.06900	3.05739e-02
0.06821	3.21014e-02
0.06755	3.34332e-02
0.06709	3.44315e-02
0.06688	3.50878e-02
0.06734	3.45611e-02
0.06817	3.34236e-02
0.06904	3.22808e-02
0.06992	3.11708e-02
0.07081	3.01130e-02
0.07169	2.91185e-02
0.07257	2.81940e-02
0.07345	2.73426e-02
0.07432	2.65654e-02
0.07519	2.58624e-02
0.07604	2.52326e-02
0.07688	2.46754e-02
0.07771	2.41911e-02
0.07853	2.37808e-02
0.07933	2.34467e-02
0.08010	2.31915e-02
0.08085	2.30182e-02
0.08157	2.29293e-02
0.08225	2.29260e-02
0.08291	2.30085e-02
0.08352	2.31750e-02
0.08409	2.34220e-02
0.08462	2.37447e-02
0.08510	2.41367e-02
0.08554	2.45907e-02
0.08593	2.50987e-02
0.08627	2.56522e-02
0.08657	2.62428e-02
0.08681	2.68619e-02
0.08701	2.75014e-02
0.08715	2.81534e-02
0.08725	2.88105e-02
0.08730	2.94657e-02
0.08730	3.01128e-02
0.08726	3.07457e-02
0.08718	3.13593e-02
0.08705	3.19487e-02
0.08688	3.25095e-02
0.08666	3.30377e-02
0.08642	3.35295e-02
0.08613	3.39814e-02
0.08581	3.43897e-02
0.08546	3.47504e-02
0.08509	3.50589e-02
0.08469	3.53101e-02
0.08427	3.54976e-02
0.08383	3.56144e-02
0.08339	3.56531e-02
0.08295	3.56069e-02
0.08250	3.54712e-02
0.08206	3.52453e-02
0.08163	3.49341e-02
0.08119	3.45486e-02
0.08075	3.41051e-02
0.08031	3.36240e-02
0.07984	3.31275e-02
0.07936	3.26383e-02
0.07885	3.21781e-02
0.07831	3.17668e-02
0.07773	3.14221e-02
0.07711	3.11586e-02
0.07646	3.09878e-02
0.07577	3.09174e-02
0.07504	3.09511e-02
0.07429	3.10884e-02
0.07350	3.13245e-02
0.07268	3.16503e-02
0.07186	3.20522e-02
0.07102	3.25109e-02
0.07020	3.29997e-02
0.06940	3.34754e-02
0.06869	3.38521e-02
0.06815	3.39421e-02
0.06790	3.35343e-02
0.06789	3.27317e-02
0.06800	3.17610e-02
0.06817	3.07428e-02
0.06838	2.97370e-02
0.06859	2.87832e-02
0.06882	2.79140e-02
0.06904	2.71588e-02
0.06925	2.65436e-02
0.06945	2.60906e-02
0.06963	2.58164e-02
0.06979	2.57305e-02
0.06993	2.58342e-02
0.07006	2.61207e-02
0.07016	2.65754e-02
0.07025	2.71770e-02
0.07034	2.78996e-02
0.07041	2.87143e-02
0.07050	2.95914e-02
0.07059	3.05030e-02
0.07070	3.14253e-02
0.07083	3.23418e-02
0.07099	3.32450e-02
0.07117	3.41361e-02
0.07136	3.50226e-02
0.07156	3.59134e-02
0.07176	3.68129e-02
0.07197	3.77106e-02
0.07221	3.85513e-02
0.07258	3.91390e-02
0.07324	3.91876e-02
0.07410	3.88648e-02
0.07501	3.84415e-02
0.07590	3.80195e-02
0.07675	3.76359e-02
0.07757	3.73075e-02
0.07834	3.70430e-02
0.07906	3.68452e-02
0.07974	3.67124e-02
0.08038	3.66367e-02
0.08098	3.66024e-02
0.08156	3.65830e-02
0.08214	3.65396e-02
0.08273	3.64246e-02
0.08335	3.61984e-02
0.08401	3.58512e-02
0.08468	3.54073e-02
0.08536	3.49070e-02
0.08603	3.43882e-02
0.08667	3.38800e-02
0.08727	3.34028e-02
0.08785	3.29708e-02
0.08838	3.25939e-02
0.08888	3.22789e-02
0.08934	3.20311e-02
0.08976	3.18542e-02
0.09015	3.17516e-02
0.09050	3.17262e-02
0.09082	3.17808e-02
0.09110	3.19183e-02
0.09134	3.21411e-02
0.09155	3.24514e-02
0.09172	3.28507e-02
0.09186	3.33397e-02
0.09196	3.39176e-02
0.09202	3.45825e-02
0.09205	3.53308e-02
0.09204	3.61569e-02
0.09200	3.70531e-02
0.09193	3.80090e-02
0.09183	3.90103e-02
0.09171	4.00372e-02
0.09159	4.10617e-02
0.09148	4.20438e-02
0.09140	4.29291e-02
0.09140	4.36573e-02
0.09149	4.41903e-02
0.09167	4.45413e-02
0.09191	4.47667e-02
0.09219	4.49311e-02
0.09247	4.50838e-02
0.09274	4.52547e-02
0.09301	4.54509e-02
0.09328	4.56175e-02
0.09378	4.53345e-02
0.09466	4.42204e-02
0.09562	4.28924e-02
0.09655	4.15436e-02
0.09745	4.02138e-02
0.09830	3.89204e-02
0.09910	3.76755e-02
0.09986	3.64899e-02
0.10056	3.53735e-02
0.10121	3.43361e-02
0.10181	3.33870e-02
0.10235	3.25349e-02
0.10285	3.17875e-02
0.10329	3.11513e-02
0.10367	3.06313e-02
0.10401	3.02304e-02
0.10429	2.99492e-02
0.10453	2.97860e-02
0.10471	2.97365e-02
0.10486	2.97941e-02
0.10495	2.99501e-02
0.10501	3.01942e-02
0.10502	3.05145e-02
0.10500	3.08988e-02
0.10495	3.13341e-02
0.10486	3.18079e-02
0.10475	3.23080e-02
0.10462	3.28231e-02
0.10446	3.33428e-02
0.10429	3.38582e-02
0.10410	3.43618e-02
0.10390	3.48472e-02
0.10369	3.53098e-02
0.10347	3.57462e-02
0.10324	3.61543e-02
0.10302	3.65328e-02
0.10279	3.68817e-02
0.10255	3.72013e-02
0.10232	3.74928e-02
0.10208	3.77577e-02
0.10185	3.79980e-02
0.10162	3.82160e-02
0.10138	3.84147e-02
0.10115	3.85974e-02
0.10091	3.87681e-02
0.10068	3.89314e-02
0.10044	3.90922e-02
0.10020	3.92560e-02
0.09996	3.94283e-02
0.09971	3.96146e-02
0.09945	3.98201e-02
0.09919	4.00496e-02
0.09891	4.03070e-02
0.09863	4.05954e-02
0.09833	4.09169e-02
0.09803	4.12723e-02
0.09771	4.16610e-02
0.09739	4.20808e-02
0.09706	4.25277e-02
0.09672	4.29952e-02
0.09638	4.34744e-02
0.09605	4.39531e-02
0.09573	4.44152e-02
0.09543	4.48405e-02
0.09516	4.52055e-02
0.09494	4.54853e-02
0.09478	4.56591e-02
0.09468	4.57156e-02
0.09465	4.56574e-02
0.09467	4.55008e-02
0.09473	4.52703e-02
0.09482	4.49930e-02
0.09493	4.46946e-02
0.09504	4.43967e-02
0.09515	4.41173e-02
0.09524	4.38703e-02
0.09532	4.36666e-02
0.09539	4.35146e-02
0.09543	4.34202e-02
0.09544	4.33873e-02
0.09544	4.34182e-02
0.09540	4.35135e-02
0.09535	4.36720e-02
0.09526	4.38914e-02
0.09516	4.41677e-02
0.09503	4.44954e-02
0.09489	4.48678e-02
0.09473	4.52767e-02
0.09456	4.57133e-02
0.09439	4.61684e-02
0.09421	4.66340e-02
0.09403	4.71051e-02
0.09386	4.75804e-02
0.09369	4.80630e-02
0.09351	4.85594e-02
0.09333	4.90772e-02
0.09314	4.96233e-02
0.09294	5.02031e-02
0.09272	5.08201e-02
0.09250	5.14761e-02
0.09225	5.21717e-02
0.09199	5.29066e-02
0.09171	5.36796e-02
0.09143	5.44886e-02
0.09112	5.53294e-02
0.09082	5.61928e-02
0.09052	5.70551e-02
0.09028	5.78379e-02
0.09027	5.82679e-02
0.09069	5.80779e-02
0.09130	5.75944e-02
0.09196	5.70567e-02
0.09262	5.65329e-02
0.09327	5.60463e-02
0.09390	5.56075e-02
0.09451	5.52223e-02
0.09510	5.48940e-02
0.09566	5.46245e-02
0.09620	5.44146e-02
0.09672	5.42640e-02
0.09721	5.41714e-02
0.09767	5.41347e-02
0.09812	5.41513e-02
0.09854	5.42175e-02
0.09894	5.43293e-02
0.09932	5.44821e-02
0.09968	5.46711e-02
0.10002	5.48913e-02
0.10034	5.51376e-02
0.10064	5.54050e-02
0.10093	5.56887e-02
0.10119	5.59843e-02
0.10144	5.62876e-02
0.10167	5.65947e-02
0.10188	5.69021e-02
0.10207	5.72065e-02
0.10224	5.75050e-02
0.10239	5.77945e-02
0.10252	5.80724e-02
0.10262	5.83360e-02
0.10270	5.85829e-02
0.10276	5.88104e-02
0.10279	5.90163e-02
0.10280	5.91983e-02
0.10278	5.93539e-02
0.10274	5.94811e-02
0.10266	5.95779e-02
0.10256	5.96423e-02
0.10244	5.96725e-02
0.10228	5.96669e-02
0.10210	5.96241e-02
0.10189	5.95428e-02
0.10165	5.94220e-02
0.10138	5.92609e-02
0.10108	5.90590e-02
0.10075	5.88159e-02
0.10040	5.85316e-02
0.10001	5.82063e-02
0.09960	5.78406e-02
0.09915	5.74353e-02
0.09868	5.69915e-02
0.09817	5.65106e-02
0.09764	5.59943e-02
0.09707	5.54447e-02
0.09647	5.48638e-02
0.09585	5.42544e-02
0.09519	5.36191e-02
0.09450	5.29609e-02
0.09378	5.22830e-02
0.09303	5.15889e-02
0.09225	5.08820e-02
0.09144	5.01660e-02
0.09060	4.94447e-02
0.08974	4.87217e-02
0.08885	4.80008e-02
0.08793	4.72857e-02
0.08698	4.65796e-02
0.08602	4.58856e-02
0.08503	4.52060e-02
0.08403	4.45424e-02
0.08301	4.38951e-02
0.08199	4.32628e-02
0.08096	4.26421e-02
0.07993	4.20274e-02
0.07891	4.14110e-02
0.07791	4.07844e-02
0.07694	4.01407e-02
0.07600	3.94780e-02
0.07509	3.88020e-02
0.07421	3.81260e-02
0.07335	3.74690e-02
0.07251	3.68516e-02
0.07167	3.62935e-02
0.07084	3.58117e-02
0.07001	3.54200e-02
0.06917	3.51281e-02
0.06833	3.49421e-02
0.06748	3.48639e-02
0.06663	3.48913e-02
0.06578	3.50163e-02
0.06493	3.52225e-02
0.06412	3.54715e-02
0.06339	3.56541e-02
0.06286	3.55826e-02
0.06250	3.53211e-02
0.06221	3.50207e-02
0.06199	3.47181e-02
0.06181	3.44070e-02
0.06171	3.40695e-02
0.06168	3.36879e-02
0.06172	3.32508e-02
0.06184	3.27562e-02
0.06203	3.22128e-02
0.06226	3.16369e-02
0.06254	3.10495e-02
0.06283	3.04722e-02
0.06314	2.99256e-02
0.06345	2.94283e-02
0.06376	2.89963e-02
0.06405	2.86433e-02
0.06432	2.83809e-02
0.06457	2.82185e-02
0.06479	2.81631e-02
0.06499	2.82199e-02
0.06515	2.83920e-02
0.06528	2.86803e-02
0.06537	2.90837e-02
0.06543	2.95996e-02
0.06545	3.02233e-02
0.06544	3.09491e-02
0.06539	3.17698e-02
0.06530	3.26776e-02
0.06518	3.36636e-02
0.06503	3.47186e-02
0.06485	3.58326e-02
0.06464	3.69946e-02
0.06442	3.81909e-02
0.06420	3.93988e-02
0.06400	4.05624e-02
0.06395	4.15266e-02
0.06412	4.21697e-02
0.06443	4.26566e-02
0.06479	4.31117e-02
0.06517	4.35715e-02
0.06558	4.40453e-02
0.06601	4.45328e-02
0.06648	4.50301e-02
0.06697	4.55320e-02
0.06750	4.60331e-02
0.06808	4.65292e-02
0.06869	4.70169e-02
0.06935	4.74920e-02
0.07007	4.79468e-02
0.07084	4.83666e-02
0.07169	4.87251e-02
0.07264	4.89836e-02
0.07371	4.91016e-02
0.07492	4.90634e-02
0.07623	4.88893e-02
0.07762	4.86175e-02
0.07907	4.82834e-02
0.08054	4.79131e-02
0.08203	4.75255e-02
0.08352	4.71350e-02
0.08501	4.67534e-02
0.08649	4.63910e-02
0.08794	4.60573e-02
0.08938	4.57612e-02
0.09078	4.55108e-02
0.09215	4.53141e-02
0.09348	4.51780e-02
0.09477	4.51090e-02
0.09601	4.51124e-02
0.09719	4.51927e-02
0.09833	4.53532e-02
0.09941	4.55962e-02
0.10043	4.59225e-02
0.10139	4.63317e-02
0.10229	4.68224e-02
0.10313	4.73917e-02
0.10390	4.80359e-02
0.10461	4.87501e-02
0.10525	4.95285e-02
0.10583	5.03645e-02
0.10634	5.12508e-02
0.10679	5.21795e-02
0.10718	5.31422e-02
0.10752	5.41298e-02
0.10779	5.51328e-02
0.10801	5.61415e-02
0.10819	5.71455e-02
0.10832	5.81343e-02
0.10842	5.90970e-02
0.10848	6.00230e-02
0.10851	6.09015e-02
0.10853	6.17228e-02
0.10853	6.24781e-02
0.10853	6.31605e-02
0.10852	6.37651e-02
0.10852	6.42896e-02
0.10851	6.47341e-02
0.10851	6.51011e-02
0.10851	6.53948e-02
0.10851	6.56209e-02
0.10851	6.57860e-02
0.10851	6.58973e-02
0.10850	6.59622e-02
0.10848	6.59879e-02
0.10845	6.59819e-02
0.10841	6.59509e-02
0.10836	6.59020e-02
0.10828	6.58413e-02
0.10820	6.57751e-02
0.10809	6.57088e-02
0.10797	6.56471e-02
0.10783	6.55937e-02
0.10767	6.55505e-02
0.10750	6.55164e-02
0.10732	6.54844e-02
0.10715	6.54370e-02
0.10701	6.53354e-02
0.10696	6.51036e-02
0.10705	6.46287e-02
0.10735	6.38340e-02
0.10780	6.27628e-02
0.10835	6.15188e-02
0.10895	6.01847e-02
0.10957	5.88110e-02
0.11018	5.74290e-02
0.11078	5.60596e-02
0.11137	5.47185e-02
0.11193	5.34184e-02
0.11247	5.21702e-02
0.11298	5.09835e-02
0.11347	4.98664e-02
0.11393	4.88262e-02
0.11437	4.78689e-02
0.11477	4.69992e-02
0.11515	4.62207e-02
0.11551	4.55354e-02
0.11583	4.49443e-02
0.11614	4.44473e-02
0.11642	4.40435e-02
0.11667	4.37310e-02
0.11691	4.35079e-02
0.11712	4.33720e-02
0.11731	4.33210e-02
0.11747	4.33526e-02
0.11762	4.34646e-02
0.11773	4.36546e-02
0.11783	4.39199e-02
0.11789	4.42570e-02
0.11793	4.46620e-02
0.11795	4.51300e-02
0.11793	4.56551e-02
0.11789	4.62310e-02
0.11782	4.68502e-02
0.11773	4.75051e-02
0.11761	4.81878e-02
0.11747	4.88905e-02
0.11730	4.96053e-02
0.11712	5.03252e-02
0.11692	5.10434e-02
0.11670	5.17537e-02
0.11646	5.24507e-02
0.11622	5.31294e-02
0.11596	5.37855e-02
0.11568	5.44147e-02
0.11540	5.50128e-02
0.11511	5.55752e-02
0.11482	5.60950e-02
0.11453	5.65594e-02
0.11426	5.69389e-02
0.11404	5.71632e-02
0.11393	5.71336e-02
0.11391	5.68710e-02
0.11393	5.64889e-02
0.11395	5.60561e-02
0.11395	5.56029e-02
0.11394	5.51441e-02
0.11390	5.46893e-02
0.11383	5.42457e-02
0.11373	5.38197e-02
0.11359	5.34173e-02
0.11342	5.30445e-02
0.11322	5.27070e-02
0.11297	5.24104e-02
0.11268	5.21601e-02
0.11235	5.19606e-02
0.11197	5.18160e-02
0.11154	5.17291e-02
0.11107	5.17015e-02
0.11055	5.17333e-02
0.10998	5.18228e-02
0.10937	5.19667e-02
0.10871	5.21602e-02
0.10801	5.23966e-02
0.10727	5.26686e-02
0.10650	5.29677e-02
0.10569	5.32860e-02
0.10485	5.36160e-02
0.10398	5.39518e-02
0.10309	5.42896e-02
0.10217	5.46274e-02
0.10123	5.49648e-02
0.10026	5.53027e-02
0.09927	5.56421e-02
0.09824	5.59838e-02
0.09719	5.63283e-02
0.09610	5.66760e-02
0.09499	5.70265e-02
0.09385	5.73799e-02
0.09267	5.77356e-02
0.09147	5.80924e-02
0.09024	5.84475e-02
0.08898	5.87941e-02
0.08771	5.91185e-02
0.08644	5.93925e-02
0.08522	5.95567e-02
0.08415	5.94899e-02
0.08332	5.90445e-02
0.08277	5.81909e-02
0.08247	5.69611e-02
0.08237	5.53963e-02
0.08243	5.35705e-02
0.08255	5.15707e-02
0.08270	4.94696e-02
0.08284	4.73199e-02
0.08294	4.51601e-02
0.08299	4.30209e-02
0.08299	4.09299e-02
0.08292	3.89134e-02
0.08278	3.69989e-02
0.08258	3.52153e-02
0.08230	3.35941e-02
0.08196	3.21680e-02
0.08154	3.09708e-02
0.08105	3.00346e-02
0.08049	2.93875e-02
0.07986	2.90500e-02
0.07917	2.90324e-02
0.07841	2.93328e-02
0.07759	2.99377e-02
0.07671	3.08238e-02
0.07577	3.19609e-02
0.07478	3.33158e-02
0.07375	3.48553e-02
0.07267	3.65480e-02
0.07155	3.83662e-02
0.07039	4.02859e-02
0.06920	4.22869e-02
0.06798	4.43515e-02
0.06674	4.64598e-02
0.06572	4.82619e-02
0.06524	4.94029e-02
0.06477	5.06209e-02
0.06432	5.19046e-02
0.06391	5.32176e-02
0.06357	5.45099e-02
0.06382	5.52016e-02
0.06471	5.52449e-02
0.06573	5.52059e-02
0.06687	5.50920e-02
0.06811	5.49159e-02
0.06942	5.46998e-02
0.07078	5.44712e-02
0.07215	5.42566e-02
0.07351	5.40772e-02
0.07485	5.39441e-02
0.07627	5.37079e-02
0.07817	5.27762e-02
0.08005	5.18091e-02
0.08186	5.08875e-02
0.08360	5.00250e-02
0.08526	4.92311e-02
0.08683	4.85138e-02
0.08832	4.78798e-02
0.08971	4.73349e-02
0.09102	4.68833e-02
0.09223	4.65279e-02
0.09335	4.62703e-02
0.09438	4.61101e-02
0.09531	4.60451e-02
0.09615	4.60711e-02
0.09690	4.61813e-02
0.09756	4.63657e-02
0.09814	4.66097e-02
0.09864	4.68922e-02
0.09908	4.71828e-02
0.09948	4.74436e-02
0.09983	4.76414e-02
0.10016	4.77673e-02
0.10045	4.78379e-02
0.10069	4.78767e-02
0.10087	4.79020e-02
0.10099	4.79243e-02
0.10103	4.79493e-02
0.10101	4.79793e-02
0.10091	4.80145e-02
0.10075	4.80543e-02
0.10052	4.80974e-02
0.10022	4.81423e-02
0.09986	4.81872e-02
0.09943	4.82306e-02
0.09895	4.82710e-02
0.09841	4.83070e-02
0.09782	4.83375e-02
0.09717	4.83616e-02
0.09647	4.83785e-02
0.09572	4.83875e-02
0.09494	4.83875e-02
0.09411	4.83775e-02
0.09324	4.83559e-02
0.09234	4.83204e-02
0.09142	4.82681e-02
0.09047	4.81951e-02
0.08951	4.80973e-02
0.08854	4.79710e-02
0.08757	4.78139e-02
0.08660	4.76266e-02
0.08563	4.74133e-02
0.08467	4.71818e-02
0.08371	4.69420e-02
0.08275	4.67041e-02
0.08179	4.64771e-02
0.08084	4.62678e-02
0.07989	4.60802e-02
0.07894	4.59151e-02
0.07801	4.57704e-02
0.07710	4.56410e-02
0.07621	4.55187e-02
0.07537	4.53918e-02
0.07458	4.52444e-02
0.07386	4.50560e-02
0.07322	4.48013e-02
0.07270	4.44530e-02
0.07230	4.39900e-02
0.07202	4.34073e-02
0.07187	4.27203e-02
0.07181	4.19578e-02
0.07183	4.11522e-02
0.07191	4.03329e-02
0.07203	3.95249e-02
0.07218	3.87491e-02
0.07236	3.80231e-02
0.07254	3.73623e-02
0.07274	3.67800e-02
0.07293	3.62880e-02
0.07312	3.58961e-02
0.07329	3.56120e-02
0.07345	3.54419e-02
0.07360	3.53894e-02
0.07372	3.54561e-02
0.07382	3.56414e-02
0.07388	3.59425e-02
0.07392	3.63546e-02
0.07393	3.68709e-02
0.07390	3.74823e-02
0.07385	3.81767e-02
0.07376	3.89362e-02
0.07366	3.97265e-02
0.07359	4.04540e-02
0.07369	4.08740e-02
0.07400	4.09011e-02
0.07439	4.07824e-02
0.07479	4.06409e-02
0.07517	4.05088e-02
0.07553	4.03930e-02
0.07586	4.02926e-02
0.07618	4.02030e-02
0.07647	4.01175e-02
0.07675	4.00286e-02
0.07701	3.99280e-02
0.07726	3.98079e-02
0.07750	3.96614e-02
0.07774	3.94835e-02
0.07796	3.92713e-02
0.07818	3.90248e-02
0.07839	3.87460e-02
0.07858	3.84389e-02
0.07876	3.81089e-02
0.07892	3.77617e-02
0.07906	3.74035e-02
0.07918	3.70399e-02
0.07927	3.66766e-02
0.07933	3.63187e-02
0.07936	3.59709e-02
0.07936	3.56374e-02
0.07933	3.53222e-02
0.07927	3.50286e-02
0.07917	3.47595e-02
0.07904	3.45177e-02
0.07888	3.43051e-02
0.07869	3.41232e-02
0.07846	3.39729e-02
0.07821	3.38543e-02
0.07792	3.37668e-02
0.07761	3.37087e-02
0.07727	3.36771e-02
0.07691	3.36677e-02
0.07653	3.36748e-02
0.07613	3.36910e-02
0.07573	3.37068e-02
0.07531	3.37112e-02
0.07490	3.36921e-02
0.07450	3.36371e-02
0.07411	3.35356e-02
0.07373	3.33803e-02
0.07338	3.31695e-02
0.07305	3.29077e-02
0.07273	3.26051e-02
0.07242	3.22760e-02
0.07211	3.19368e-02
0.07179	3.16040e-02
0.07147	3.12933e-02
0.07113	3.10187e-02
0.07077	3.07918e-02
0.07039	3.06221e-02
0.06998	3.05166e-02
0.06954	3.04800e-02
0.06908	3.05148e-02
0.06859	3.06211e-02
0.06808	3.07974e-02
0.06754	3.10400e-02
0.06697	3.13439e-02
0.06639	3.17026e-02
0.06579	3.21087e-02
0.06518	3.25541e-02
0.06455	3.30302e-02
0.06392	3.35286e-02
0.06329	3.40412e-02
0.06267	3.45609e-02
0.06205	3.50815e-02
0.06145	3.55980e-02
0.06086	3.61070e-02
0.06029	3.66060e-02
0.05975	3.70929e-02
0.05923	3.75656e-02
0.05874	3.80212e-02
0.05829	3.84548e-02
0.05788	3.88589e-02
0.05752	3.92234e-02
0.05723	3.95352e-02
0.05701	3.97791e-02
0.05689	3.99399e-02
0.05686	4.00048e-02
0.05695	3.99666e-02
0.05714	3.98254e-02
0.05744	3.95889e-02
0.05782	3.92708e-02
0.05828	3.88887e-02
0.05879	3.84608e-02
0.05936	3.80037e-02
0.05996	3.75297e-02
0.06059	3.70435e-02
0.06127	3.65367e-02
0.06199	3.59838e-02
0.06277	3.53546e-02
0.06361	3.46472e-02
0.06448	3.38977e-02
0.06537	3.31514e-02
0.06624	3.24449e-02
0.06709	3.18052e-02
0.06790	3.12529e-02
0.06868	3.08043e-02
0.06942	3.04723e-02
0.07012	3.02668e-02
0.07077	3.01949e-02
0.07138	3.02604e-02
0.07194	3.04642e-02
0.07245	3.08046e-02
0.07291	3.12770e-02
0.07333	3.18748e-02
0.07369	3.25898e-02
0.07401	3.34126e-02
0.07427	3.43329e-02
0.07449	3.53400e-02
0.07466	3.64232e-02
0.07479	3.75716e-02
0.07487	3.87741e-02
0.07490	4.00200e-02
0.07489	4.12980e-02
0.07485	4.25962e-02
0.07477	4.39009e-02
0.07467	4.51945e-02
0.07456	4.64504e-02
0.07447	4.76167e-02
0.07449	4.85777e-02
0.07474	4.91506e-02
0.07523	4.93211e-02
0.07586	4.92507e-02
0.07657	4.90274e-02
0.07733	4.86660e-02
0.07816	4.81595e-02
0.07905	4.75079e-02
0.07997	4.67270e-02
0.08091	4.58427e-02
0.08186	4.48817e-02
0.08278	4.38668e-02
0.08368	4.28175e-02
0.08455	4.17500e-02
0.08537	4.06788e-02
0.08614	3.96168e-02
0.08685	3.85763e-02
0.08751	3.75690e-02
0.08811	3.66063e-02
0.08864	3.56993e-02
0.08912	3.48588e-02
0.08953	3.40950e-02
0.08987	3.34176e-02
0.09014	3.28354e-02
0.09035	3.23560e-02
0.09049	3.19856e-02
0.09056	3.17286e-02
0.09056	3.15874e-02
0.09050	3.15624e-02
0.09037	3.16517e-02
0.09018	3.18516e-02
0.08992	3.21563e-02
0.08959	3.25586e-02
0.08921	3.30500e-02
0.08876	3.36212e-02
0.08825	3.42621e-02
0.08768	3.49625e-02
0.08706	3.57120e-02
0.08639	3.65003e-02
0.08566	3.73170e-02
0.08489	3.81515e-02
0.08407	3.89926e-02
0.08322	3.98279e-02
0.08233	4.06414e-02
0.08142	4.14103e-02
0.08052	4.20985e-02
0.07965	4.26480e-02
0.07886	4.29882e-02
0.07817	4.30910e-02
0.07756	4.30109e-02
0.07698	4.28294e-02
0.07641	4.26032e-02
0.07582	4.23621e-02
0.07521	4.21199e-02
0.07459	4.18816e-02
0.07395	4.16472e-02
0.07329	4.14142e-02
0.07262	4.11791e-02
0.07195	4.09392e-02
0.07127	4.06940e-02
0.07058	4.04455e-02
0.06989	4.01987e-02
0.06920	3.99607e-02
0.06849	3.97398e-02
0.06778	3.95443e-02
0.06705	3.93823e-02
0.06632	3.92607e-02
0.06556	3.91856e-02
0.06479	3.91615e-02
0.06401	3.91915e-02
0.06342	3.89381e-02
0.06362	3.74294e-02
0.06381	3.59293e-02
0.06400	3.44540e-02
0.06417	3.30133e-02
0.06433	3.16180e-02
0.06447	3.02802e-02
0.06461	2.90136e-02
0.06473	2.78332e-02
0.06483	2.67559e-02
0.06492	2.57995e-02
0.06500	2.49826e-02
0.06506	2.43233e-02
0.06510	2.38382e-02
0.06512	2.35407e-02
0.06513	2.34400e-02
0.06512	2.35391e-02
0.06508	2.38353e-02
0.06503	2.43199e-02
0.06496	2.49794e-02
0.06487	2.57964e-02
0.06475	2.67518e-02
0.06462	2.78253e-02
0.06447	2.89971e-02
0.06430	3.02480e-02
0.06412	3.15602e-02
0.06392	3.29173e-02
0.06371	3.43046e-02
0.06348	3.57086e-02
0.06325	3.71173e-02
0.06301	3.85199e-02
0.06276	3.99072e-02
0.06251	4.12707e-02
0.06227	4.26036e-02
0.06202	4.38997e-02
0.06178	4.51541e-02
0.06154	4.63625e-02
0.06131	4.75208e-02
0.06109	4.86244e-02
0.06088	4.96654e-02
0.06070	5.06269e-02
0.06059	5.14631e-02
0.06064	5.20657e-02
0.06091	5.23659e-02
0.06132	5.24721e-02
0.06177	5.24774e-02
0.06224	5.24130e-02
0.06271	5.22878e-02
0.06319	5.21047e-02
0.06366	5.18677e-02
0.06412	5.15826e-02
0.06457	5.12573e-02
0.06499	5.08998e-02
0.06539	5.05177e-02
0.06575	5.01167e-02
0.06607	4.97012e-02
0.06636	4.92736e-02
0.06661	4.88347e-02
0.06683	4.83835e-02
0.06703	4.79178e-02
0.06720	4.74340e-02
0.06736	4.69281e-02
0.06750	4.63961e-02
0.06764	4.58349e-02
0.06779	4.52430e-02
0.06793	4.46205e-02
0.06808	4.39687e-02
0.06824	4.32894e-02
0.06841	4.25839e-02
0.06860	4.18527e-02
0.06881	4.10943e-02
0.06904	4.03055e-02
0.06931	3.94811e-02
0.06963	3.86143e-02
0.06999	3.76977e-02
0.07041	3.67248e-02
0.07089	3.56913e-02
0.07142	3.45963e-02
0.07202	3.34428e-02
0.07268	3.22381e-02
0.07338	3.09932e-02
0.07414	2.97230e-02
0.07493	2.84461e-02
0.07576	2.71849e-02
0.07661	2.59657e-02
0.07749	2.48189e-02
0.07838	2.37785e-02
0.07928	2.28811e-02
0.08018	2.21647e-02
0.08109	2.16651e-02
0.08199	2.14125e-02
0.08288	2.14273e-02
0.08377	2.17175e-02
0.08464	2.22772e-02
0.08550	2.30882e-02
0.08635	2.41236e-02
0.08718	2.53510e-02
0.08799	2.67365e-02
0.08879	2.82463e-02
0.08958	2.98487e-02
0.09035	3.15138e-02
0.09112	3.32142e-02
0.09188	3.49240e-02
0.09264	3.66191e-02
0.09340	3.82766e-02
0.09417	3.98761e-02
0.09495	4.13997e-02
0.09576	4.28343e-02
0.09658	4.41719e-02
0.09742	4.54104e-02
0.09827	4.65527e-02
0.09913	4.76047e-02
0.09999	4.85736e-02
0.10085	4.94666e-02
0.10170	5.02898e-02
0.10253	5.10481e-02
0.10333	5.17450e-02
0.10411	5.23828e-02
0.10485	5.29628e-02
0.10556	5.34852e-02
0.10624	5.39498e-02
0.10687	5.43553e-02
0.10746	5.47001e-02
0.10801	5.49821e-02
0.10852	5.51989e-02
0.10898	5.53480e-02
0.10939	5.54269e-02
0.10976	5.54336e-02
0.11008	5.53670e-02
0.11036	5.52268e-02
0.11059	5.50140e-02
0.11076	5.47309e-02
0.11088	5.43810e-02
0.11095	5.39689e-02
0.11096	5.34997e-02
0.11090	5.29791e-02
0.11079	5.24131e-02
0.11061	5.18073e-02
0.11036	5.11675e-02
0.11004	5.04991e-02
0.10966	4.98074e-02
0.10921	4.90974e-02
0.10869	4.83737e-02
0.10811	4.76411e-02
0.10746	4.69038e-02
0.10674	4.61659e-02
0.10596	4.54315e-02
0.10512	4.47043e-02
0.10423	4.39877e-02
0.10328	4.32852e-02
0.10227	4.25996e-02
0.10123	4.19337e-02
0.10013	4.12899e-02
0.09900	4.06701e-02
0.09783	4.00762e-02
0.09664	3.95095e-02
0.09542	3.89716e-02
0.09418	3.84636e-02
0.09293	3.79872e-02
0.09167	3.75446e-02
0.09041	3.71385e-02
0.08915	3.67733e-02
0.08790	3.64544e-02
0.08666	3.61892e-02
0.08544	3.59865e-02
0.08423	3.58571e-02
0.08304	3.58128e-02
0.08187	3.58660e-02
0.08071	3.60285e-02
0.07957	3.63100e-02
0.07845	3.67161e-02
0.07735	3.72440e-02
0.07629	3.78730e-02
0.07529	3.85318e-02
0.07448	3.90141e-02
0.07398	3.90835e-02
0.07370	3.89473e-02
0.07350	3.88813e-02
0.07332	3.89907e-02
0.07314	3.93074e-02
0.07296	3.98352e-02
0.07277	4.05624e-02
0.07258	4.14648e-02
0.07240	4.25043e-02
0.07227	4.36217e-02
0.07224	4.47165e-02
0.07245	4.55494e-02
0.07319	4.56751e-02
0.07427	4.53697e-02
0.07550	4.49210e-02
0.07680	4.44404e-02
0.07813	4.39814e-02
0.07948	4.35526e-02
0.08087	4.31030e-02
0.08236	4.25148e-02
0.08394	4.17569e-02
0.08555	4.09378e-02
0.08715	4.01413e-02
0.08870	3.94061e-02
0.09021	3.87515e-02
0.09167	3.81887e-02
0.09307	3.77247e-02
0.09441	3.73644e-02
0.09569	3.71102e-02
0.09690	3.69629e-02
0.09805	3.69215e-02
0.09914	3.69831e-02
0.10016	3.71433e-02
0.10111	3.73960e-02
0.10200	3.77338e-02
0.10282	3.81479e-02
0.10358	3.86283e-02
0.10428	3.91643e-02
0.10492	3.97443e-02
0.10549	4.03562e-02
0.10602	4.09876e-02
0.10648	4.16260e-02
0.10690	4.22593e-02
0.10728	4.28757e-02
0.10761	4.34648e-02
0.10790	4.40174e-02
0.10815	4.45263e-02
0.10836	4.49861e-02
0.10854	4.53938e-02
0.10869	4.57485e-02
0.10880	4.60506e-02
0.10888	4.63024e-02
0.10892	4.65067e-02
0.10892	4.66669e-02
0.10888	4.67867e-02
0.10880	4.68695e-02
0.10869	4.69187e-02
0.10853	4.69369e-02
0.10832	4.69268e-02
0.10808	4.68901e-02
0.10779	4.68283e-02
0.10746	4.67425e-02
0.10709	4.66331e-02
0.10668	4.65001e-02
0.10624	4.63433e-02
0.10575	4.61620e-02
0.10523	4.59554e-02
0.10468	4.57224e-02
0.10410	4.54621e-02
0.10348	4.51737e-02
0.10284	4.48569e-02
0.10218	4.45120e-02
0.10149	4.41400e-02
0.10078	4.37428e-02
0.10005	4.33236e-02
0.09930	4.28861e-02
0.09853	4.24356e-02
0.09774	4.19779e-02
0.09693	4.15195e-02
0.09611	4.10677e-02
0.09526	4.06298e-02
0.09439	4.02135e-02
0.09351	3.98267e-02
0.09261	3.94778e-02
0.09169	3.91758e-02
0.09075	3.89306e-02
0.08980	3.87537e-02
0.08882	3.86579e-02
0.08782	3.86567e-02
0.08679	3.87638e-02
0.08574	3.89915e-02
0.08465	3.93499e-02
0.08354	3.98456e-02
0.08239	4.04811e-02
0.08120	4.12537e-02
0.07999	4.21544e-02
0.07876	4.31608e-02
0.07757	4.41629e-02
0.07670	4.46953e-02
0.07600	4.50432e-02
0.07535	4.54580e-02
0.07473	4.59380e-02
0.07418	4.64438e-02
0.07374	4.69155e-02
0.07346	4.72752e-02
0.07340	4.74397e-02
0.07361	4.73519e-02
0.07408	4.70104e-02
0.07477	4.64647e-02
0.07563	4.57836e-02
0.07662	4.50330e-02
0.07769	4.42683e-02
0.07882	4.35356e-02
0.07997	4.28731e-02
0.08114	4.23122e-02
0.08231	4.18787e-02
0.08347	4.15921e-02
0.08461	4.14650e-02
0.08574	4.15032e-02
0.08684	4.17041e-02
0.08792	4.20565e-02
0.08898	4.25403e-02
0.09003	4.31278e-02
0.09109	4.37872e-02
0.09216	4.44892e-02
0.09324	4.52152e-02
0.09433	4.59604e-02
0.09542	4.67296e-02
0.09650	4.75302e-02
0.09756	4.83668e-02
0.09860	4.92396e-02
0.09962	5.01440e-02
0.10061	5.10723e-02
0.10157	5.20148e-02
0.10251	5.29609e-02
0.10341	5.39006e-02
0.10429	5.48254e-02
0.10514	5.57291e-02
0.10596	5.66082e-02
0.10675	5.74616e-02
0.11272	5.91821e-02
0.11350	5.99986e-02
0.11422	6.07986e-02
0.11489	6.15857e-02
0.11549	6.23625e-02
0.11602	6.31312e-02
0.11647	6.38928e-02
0.11685	6.46478e-02
0.11715	6.53957e-02
0.11737	6.61355e-02
0.11751	6.68655e-02
0.11756	6.75839e-02
0.11753	6.82883e-02
0.11741	6.89762e-02
0.11720	6.96446e-02
0.11691	7.02907e-02
0.11653	7.09110e-02
0.11607	7.15019e-02
0.11553	7.20594e-02
0.11491	7.25785e-02
0.11421	7.30527e-02
0.11344	7.34726e-02
0.11261	7.38231e-02
0.11174	7.40770e-02
0.11086	7.41849e-02
0.11003	7.40736e-02
0.10928	7.36993e-02
0.10858	7.31095e-02
0.10787	7.23894e-02
0.10712	7.15985e-02
0.10630	7.07686e-02
0.10541	6.99167e-02
0.10443	6.90524e-02
0.10338	6.81819e-02
0.10225	6.73093e-02
0.10104	6.64377e-02
0.09976	6.55698e-02
0.09840	6.47074e-02
0.09696	6.38523e-02
0.09546	6.30057e-02
0.09389	6.21683e-02
0.09226	6.13405e-02
0.09057	6.05214e-02
0.08884	5.97090e-02
0.08705	5.88987e-02
0.08524	5.80827e-02
0.08341	5.72466e-02
0.08158	5.63667e-02
0.07979	5.54048e-02
0.07808	5.43024e-02
0.07654	5.29635e-02
0.07525	5.12438e-02
0.07425	4.91178e-02
0.07339	4.67541e-02
0.07258	4.42898e-02
0.07179	4.17952e-02
0.07100	3.93117e-02
0.07019	3.68703e-02
0.06935	3.44992e-02
0.06850	3.22275e-02
0.06761	3.00875e-02
0.06671	2.81163e-02
0.06578	2.63560e-02
0.06483	2.48532e-02
0.06386	2.36558e-02
0.06288	2.28078e-02
0.06188	2.23410e-02
0.06087	2.22675e-02
0.05986	2.25738e-02
0.05886	2.32219e-02
0.05788	2.41537e-02
0.05693	2.52985e-02
0.05605	2.65789e-02
0.05525	2.79160e-02
0.05458	2.92353e-02
0.05408	3.04779e-02
0.05376	3.16139e-02
0.05363	3.26485e-02
0.05367	3.36114e-02
0.05386	3.45336e-02
0.05420	3.54217e-02
0.05470	3.62176e-02
0.05564	3.65250e-02
0.05720	3.59951e-02
0.05898	3.51952e-02
0.06084	3.43099e-02
0.06271	3.34295e-02
0.06456	3.26026e-02
0.06637	3.18588e-02
0.06814	3.12187e-02
0.06985	3.06981e-02
0.07151	3.03092e-02
0.07310	3.00606e-02
0.07464	2.99578e-02
0.07611	3.00028e-02
0.07751	3.01944e-02
0.07885	3.05277e-02
0.08013	3.09954e-02
0.08134	3.15874e-02
0.08248	3.22917e-02
0.08356	3.30951e-02
0.08457	3.39834e-02
0.08553	3.49419e-02
0.08643	3.59558e-02
0.08727	3.70100e-02
0.08806	3.80899e-02
0.08880	3.91805e-02
0.08950	4.02674e-02
0.09016	4.13363e-02
0.09079	4.23737e-02
0.09140	4.33666e-02
0.09198	4.43038e-02
0.09255	4.51760e-02
0.09310	4.59766e-02
0.09365	4.67022e-02
0.09418	4.73524e-02
0.09471	4.79299e-02
0.09523	4.84392e-02
0.09573	4.88866e-02
0.09622	4.92783e-02
0.09669	4.96206e-02
0.09714	4.99188e-02
0.09757	5.01774e-02
0.09797	5.03991e-02
0.09835	5.05854e-02
0.09871	5.07361e-02
0.09905	5.08496e-02
0.09936	5.09226e-02
0.09967	5.09510e-02
0.09996	5.09301e-02
0.10024	5.08552e-02
0.10051	5.07232e-02
0.10077	5.05332e-02
0.10103	5.02875e-02
0.10128	4.99913e-02
0.10151	4.96527e-02
0.10173	4.92818e-02
0.10192	4.88891e-02
0.10209	4.84856e-02
0.10223	4.80814e-02
0.10233	4.76860e-02
0.10239	4.73078e-02
0.10242	4.69540e-02
0.10241	4.66309e-02
0.10235	4.63438e-02
0.10225	4.60971e-02
0.10211	4.58942e-02
0.10192	4.57376e-02
0.10169	4.56293e-02
0.10142	4.55701e-02
0.10110	4.55604e-02
0.10075	4.55997e-02
0.10035	4.56869e-02
0.09991	4.58202e-02
0.09944	4.59973e-02
0.09892	4.62150e-02
0.09838	4.64701e-02
0.09780	4.67584e-02
0.09719	4.70754e-02
0.09656	4.74161e-02
0.09590	4.77750e-02
0.09522	4.81460e-02
0.09453	4.85224e-02
0.09383	4.88967e-02
0.09312	4.92604e-02
0.09242	4.96037e-02
0.09172	4.99143e-02
0.09105	5.01769e-02
0.09042	5.03699e-02
0.08984	5.04623e-02
0.08935	5.04076e-02
0.08898	5.01471e-02
0.08876	4.96403e-02
0.08867	4.89038e-02
0.08869	4.79949e-02
0.08877	4.69694e-02
0.08891	4.58680e-02
0.08907	4.47214e-02
0.08925	4.35544e-02
0.08944	4.23896e-02
0.08964	4.12482e-02
0.08982	4.01505e-02
0.09000	3.91163e-02
0.09016	3.81646e-02
0.09030	3.73135e-02
0.09042	3.65801e-02
0.09052	3.59794e-02
0.09060	3.55244e-02
0.09066	3.52246e-02
0.09070	3.50864e-02
0.09071	3.51118e-02
0.09071	3.52986e-02
0.09068	3.56405e-02
0.09065	3.61274e-02
0.09060	3.67458e-02
0.09055	3.74799e-02
0.09049	3.83122e-02
0.09044	3.92243e-02
0.09040	4.01972e-02
0.09037	4.12121e-02
0.09037	4.22505e-02
0.09039	4.32940e-02
0.09045	4.43242e-02
0.09055	4.53233e-02
0.09071	4.62740e-02
0.09093	4.71608e-02
0.09121	4.79713e-02
0.09156	4.86977e-02
0.09198	4.93374e-02
0.09246	4.98937e-02
0.09301	5.03744e-02
0.09360	5.07904e-02
0.09424	5.11539e-02
0.09490	5.14770e-02
0.09559	5.17709e-02
0.09628	5.20451e-02
0.09699	5.23074e-02
0.09769	5.25643e-02
0.09838	5.28203e-02
0.09905	5.30788e-02
0.09971	5.33421e-02
0.10035	5.36112e-02
0.10096	5.38863e-02
0.10154	5.41669e-02
0.09851	5.67484e-02
0.09922	5.71649e-02
0.09990	5.75762e-02
0.10055	5.79797e-02
0.10116	5.83728e-02
0.10173	5.87530e-02
0.10226	5.91180e-02
0.10275	5.94660e-02
0.10320	5.97954e-02
0.10360	6.01048e-02
0.10396	6.03932e-02
0.10427	6.06599e-02
0.10453	6.09043e-02
0.10474	6.11259e-02
0.10491	6.13243e-02
0.10502	6.14991e-02
0.10508	6.16500e-02
0.10509	6.17768e-02
0.10504	6.18794e-02
0.10495	6.19575e-02
0.10480	6.20113e-02
0.10461	6.20408e-02
0.10437	6.20464e-02
0.10407	6.20286e-02
0.10373	6.19880e-02
0.10335	6.19253e-02
0.10292	6.18416e-02
0.10245	6.17378e-02
0.10194	6.16152e-02
0.10139	6.14749e-02
0.10081	6.13182e-02
0.10019	6.11462e-02
0.09954	6.09603e-02
0.09887	6.07613e-02
0.09817	6.05504e-02
0.09745	6.03280e-02
0.09672	6.00947e-02
0.09598	5.98501e-02
0.09523	5.95937e-02
0.09448	5.93235e-02
0.09375	5.90368e-02
0.09302	5.87291e-02
0.09232	5.83943e-02
0.09166	5.80249e-02
0.09104	5.76136e-02
0.09048	5.71551e-02
0.08997	5.66499e-02
0.08951	5.61055e-02
0.08911	5.55363e-02
0.08875	5.49610e-02
0.08843	5.43991e-02
0.08814	5.38687e-02
0.08786	5.33850e-02
0.08760	5.29600e-02
0.08736	5.26028e-02
0.08713	5.23193e-02
0.08691	5.21130e-02
0.08670	5.19850e-02
0.08650	5.19341e-02
0.08632	5.19577e-02
0.08615	5.20516e-02
0.08599	5.22106e-02
0.08586	5.24284e-02
0.08574	5.26984e-02
0.08564	5.30135e-02
0.08556	5.33659e-02
0.08551	5.37481e-02
0.08547	5.41515e-02
0.08546	5.45673e-02
0.08547	5.49859e-02
0.08552	5.53964e-02
0.08559	5.57873e-02
0.08569	5.61464e-02
0.08584	5.64621e-02
0.08602	5.67255e-02
0.08623	5.69315e-02
0.08648	5.70802e-02
0.08675	5.71759e-02
0.08704	5.72257e-02
0.08733	5.72372e-02
0.08762	5.72180e-02
0.08789	5.71749e-02
0.08815	5.71133e-02
0.08837	5.70379e-02
0.08857	5.69525e-02
0.08873	5.68601e-02
0.08884	5.67633e-02
0.08892	5.66640e-02
0.08894	5.65638e-02
0.08892	5.64638e-02
0.08885	5.63649e-02
0.08872	5.62678e-02
0.08854	5.61729e-02
0.08831	5.60802e-02
0.08803	5.59897e-02
0.08770	5.59012e-02
0.08731	5.58143e-02
0.08688	5.57283e-02
0.08641	5.56422e-02
0.08589	5.55551e-02
0.08533	5.54652e-02
0.08474	5.53705e-02
0.08411	5.52685e-02
0.08851	5.72093e-02
0.08787	5.70499e-02
0.08720	5.68754e-02
0.08652	5.66761e-02
0.08584	5.64389e-02
0.08518	5.61477e-02
0.08455	5.57856e-02
0.08396	5.53397e-02
0.08343	5.48071e-02
0.08295	5.41980e-02
0.08250	5.35327e-02
0.08209	5.28364e-02
0.08170	5.21339e-02
0.08132	5.14476e-02
0.08094	5.07960e-02
0.08057	5.01943e-02
0.08019	4.96538e-02
0.07982	4.91806e-02
0.07945	4.87714e-02
0.07912	4.84009e-02
0.07885	4.80068e-02
0.07868	4.75473e-02
0.07858	4.70877e-02
0.07848	4.67076e-02
0.07839	4.64477e-02
0.07827	4.63267e-02
0.07814	4.63521e-02
0.07799	4.65248e-02
0.07782	4.68397e-02
0.07763	4.72850e-02
0.07744	4.78403e-02
0.07726	4.84717e-02
0.07711	4.91219e-02
0.07707	4.96943e-02
0.07721	5.00475e-02
0.07762	5.00612e-02
0.07828	4.97543e-02
0.07908	4.92580e-02
0.07995	4.86951e-02
0.08082	4.81425e-02
0.08167	4.76428e-02
0.08247	4.72198e-02
0.08323	4.68864e-02
0.08393	4.66489e-02
0.08456	4.65089e-02
0.08513	4.64647e-02
0.08564	4.65119e-02
0.08608	4.66436e-02
0.08645	4.68515e-02
0.08676	4.71251e-02
0.08701	4.74532e-02
0.08719	4.78233e-02
0.08733	4.82225e-02
0.08740	4.86372e-02
0.08743	4.90545e-02
0.08742	4.94615e-02
0.08736	4.98466e-02
0.08727	5.01996e-02
0.08715	5.05123e-02
0.08700	5.07786e-02
0.08683	5.09950e-02
0.08662	5.11598e-02
0.08639	5.12735e-02
0.08859	5.50701e-02
0.08880	5.49234e-02
0.08897	5.47004e-02
0.08911	5.44047e-02
0.08922	5.40401e-02
0.08929	5.36101e-02
0.08934	5.31177e-02
0.08935	5.25659e-02
0.08933	5.19572e-02
0.08928	5.12939e-02
0.08920	5.05781e-02
0.08910	4.98122e-02
0.08898	4.89983e-02
0.08884	4.81386e-02
0.08868	4.72357e-02
0.08851	4.62923e-02
0.08832	4.53114e-02
0.08813	4.42966e-02
0.08793	4.32522e-02
0.08773	4.21833e-02
0.08753	4.10959e-02
0.08733	3.99972e-02
0.08713	3.88960e-02
0.08694	3.78021e-02
0.08675	3.67269e-02
0.08656	3.56833e-02
0.08637	3.46847e-02
0.08619	3.37456e-02
0.08602	3.28803e-02
0.08584	3.21021e-02
0.08568	3.14224e-02
0.08552	3.08493e-02
0.08537	3.03862e-02
0.08524	3.00302e-02
0.08513	2.97706e-02
0.08504	2.95876e-02
0.08500	2.94518e-02
0.08501	2.93240e-02
0.08509	2.91573e-02
0.08525	2.89016e-02
0.08551	2.85114e-02
0.08586	2.79552e-02
0.08632	2.72226e-02
0.08685	2.63262e-02
0.08745	2.52968e-02
0.08809	2.41758e-02
0.08875	2.30087e-02
0.08942	2.18406e-02
0.09008	2.07147e-02
0.09071	1.96715e-02
0.09131	1.87479e-02
0.09187	1.79770e-02
0.09239	1.73858e-02
0.09286	1.69928e-02
0.09328	1.68063e-02
0.09364	1.68231e-02
0.09394	1.70291e-02
0.09419	1.74016e-02
0.09438	1.79126e-02
0.09450	1.85322e-02
0.09457	1.92310e-02
0.09458	1.99820e-02
0.09453	2.07614e-02
0.09442	2.15487e-02
0.09426	2.23269e-02
0.09403	2.30818e-02
0.09375	2.38021e-02
0.09341	2.44787e-02
0.09302	2.51045e-02
0.09257	2.56742e-02
0.09207	2.61837e-02
0.09151	2.66304e-02
0.09090	2.70122e-02
0.09024	2.73278e-02
0.08952	2.75764e-02
0.08876	2.77574e-02
0.08795	2.78702e-02
0.08708	2.79142e-02
0.08618	2.78888e-02
0.08522	2.77934e-02
0.08423	2.76272e-02
0.08319	2.73897e-02
0.08212	2.70806e-02
0.08101	2.67002e-02
0.07986	2.62493e-02
0.07869	2.57299e-02
0.07749	2.51453e-02
0.07625	2.44998e-02
0.07499	2.37997e-02
0.07371	2.30524e-02
0.07240	2.22672e-02
0.07107	2.14548e-02
0.06972	2.06276e-02
0.06834	1.97993e-02
0.06695	1.89849e-02
0.06553	1.82008e-02
0.06410	1.74643e-02
0.06266	1.67934e-02
0.06318	1.70811e-02
0.06195	1.63522e-02
0.06072	1.57196e-02
0.05949	1.51984e-02
0.05828	1.48007e-02
0.05709	1.45344e-02
0.06308	1.75426e-03
0.06184	3.22317e-03
0.06063	4.76379e-03
0.05946	6.30606e-03
0.05833	7.82954e-03
0.05726	9.32242e-03
0.05624	1.07747e-02
0.05528	1.21765e-02
0.05441	1.35172e-02
0.05362	1.47854e-02
0.05293	1.59688e-02
0.05236	1.70553e-02
0.05190	1.80331e-02
0.05158	1.88921e-02
0.05140	1.96246e-02
0.05136	2.02264e-02
0.05148	2.06971e-02
0.05174	2.10396e-02
0.05215	2.12600e-02
0.05268	2.13668e-02
0.05333	2.13708e-02
0.05750	2.36128e-02
0.05789	2.36686e-02
0.05833	2.36287e-02
0.05881	2.35055e-02
0.05933	2.33124e-02
0.05986	2.30632e-02
0.06042	2.27717e-02
0.06098	2.24508e-02
0.06154	2.21127e-02
0.06210	2.17687e-02
0.06265	2.14291e-02
0.06319	2.11029e-02
0.06372	2.07983e-02
0.06424	2.05221e-02
0.06475	2.02801e-02
0.06524	2.00767e-02
0.06572	1.99149e-02
0.06618	1.97964e-02
0.06664	1.97214e-02
0.06710	1.96886e-02
0.06754	1.96956e-02
0.06799	1.97384e-02
0.06844	1.98123e-02
0.06890	1.99115e-02
0.06936	2.00298e-02
0.05566	2.46281e-03
0.05609	2.98454e-03
0.05654	3.44302e-03
0.05702	3.83491e-03
0.05752	4.15765e-03
0.05807	4.40960e-03
0.05865	4.59010e-03
0.05927	4.69948e-03
0.05994	4.73915e-03
0.06065	4.71153e-03
0.06140	4.62000e-03
0.06220	4.46886e-03
0.06304	4.26317e-03
0.06392	4.00867e-03
0.06113	0.00000e+00
0.06243	0.00000e+00
0.06378	0.00000e+00
0.06519	0.00000e+00
0.06665	0.00000e+00
0.06813	0.00000e+00
0.06964	0.00000e+00
0.07116	0.00000e+00
0.07269	0.00000e+00
0.07420	0.00000e+00
0.07570	0.00000e+00
0.07718	0.00000e+00
0.07861	0.00000e+00
0.08001	0.00000e+00
0.08135	0.00000e+00
0.08264	0.00000e+00
0.08386	0.00000e+00
0.08501	0.00000e+00
0.08608	0.00000e+00
0.08707	0.00000e+00
0.08796	0.00000e+00
0.08877	0.00000e+00
0.08947	0.00000e+00
0.09007	0.00000e+00
0.09057	0.00000e+00
0.09096	0.00000e+00
0.09123	0.00000e+00
0.09140	0.00000e+00
0.09144	0.00000e+00
0.09137	0.00000e+00
0.09118	0.00000e+00
0.09087	0.00000e+00
0.09044	0.00000e+00
0.08989	0.00000e+00
0.08922	0.00000e+00
0.08844	0.00000e+00
0.08754	0.00000e+00
0.08652	0.00000e+00
0.08539	0.00000e+00
