0.98410	1.67943e-03
0.98388	1.72995e-03
0.98366	1.79458e-03
0.98346	1.87023e-03
0.98326	1.95436e-03
0.98307	2.04500e-03
0.98288	2.14068e-03
0.98270	2.24030e-03
0.98253	2.34312e-03
0.98236	2.44858e-03
0.98219	2.55635e-03
0.98194	2.61291e-03
0.98169	2.67383e-03
0.98145	2.73873e-03
0.98121	2.80722e-03
0.98098	2.87895e-03
0.98075	2.95364e-03
0.98053	3.03108e-03
0.98031	3.11113e-03
0.98009	3.19368e-03
0.97988	3.27868e-03
0.97966	3.36609e-03
0.97945	3.45591e-03
0.97923	3.54812e-03
0.97902	3.64272e-03
0.97881	3.73971e-03
0.97860	3.83908e-03
0.97838	3.94078e-03
0.97817	4.04480e-03
0.97796	4.15107e-03
0.97774	4.25952e-03
0.97752	4.37007e-03
0.97731	4.48261e-03
0.97709	4.59702e-03
0.97687	4.71318e-03
0.97665	4.83091e-03
0.97643	4.95008e-03
0.97621	5.07049e-03
0.97599	5.19196e-03
0.97577	5.31429e-03
0.97551	5.41278e-03
0.97525	5.51180e-03
0.97499	5.61127e-03
0.97472	5.71106e-03
0.97446	5.81101e-03
0.97420	5.91093e-03
0.97393	6.01062e-03
0.97367	6.10987e-03
0.97340	6.20845e-03
0.97314	6.30617e-03
0.97288	6.40280e-03
0.97262	6.49814e-03
0.97230	6.56105e-03
0.97198	6.62419e-03
0.97166	6.68725e-03
0.97135	6.74988e-03
0.97104	6.81171e-03
0.97073	6.87237e-03
0.97043	6.93156e-03
0.97013	6.98897e-03
0.96984	7.04435e-03
0.96955	7.09746e-03
0.96927	7.14812e-03
0.96899	7.19615e-03
0.96871	7.24143e-03
0.96844	7.28384e-03
0.96817	7.32329e-03
0.96791	7.35973e-03
0.96766	7.39312e-03
0.96740	7.42344e-03
0.96716	7.45068e-03
0.96692	7.47488e-03
0.96669	7.49607e-03
0.96646	7.51431e-03
0.96624	7.52968e-03
0.96602	7.54226e-03
0.96581	7.55217e-03
0.96561	7.55953e-03
0.96537	7.62033e-03
0.96514	7.67523e-03
0.96492	7.72421e-03
0.96471	7.76740e-03
0.96451	7.80495e-03
0.96431	7.83712e-03
0.96413	7.86414e-03
0.96395	7.88632e-03
0.96378	7.90395e-03
0.96362	7.91737e-03
0.96346	7.92691e-03
0.96327	7.94541e-03
0.96309	7.96086e-03
0.96291	7.97347e-03
0.96274	7.98348e-03
0.96258	7.99111e-03
0.96238	8.06254e-03
0.96330	8.27207e-03
0.96359	8.88087e-03
0.96348	9.10549e-03
0.96333	9.27319e-03
0.96317	9.42164e-03
0.96291	9.47315e-03
0.96370	9.86158e-03
0.96394	1.04537e-02
0.96375	1.06170e-02
0.96352	1.07243e-02
0.96329	1.08149e-02
0.96305	1.08939e-02
0.96282	1.09636e-02
0.96260	1.10255e-02
0.96237	1.10809e-02
0.96215	1.11309e-02
0.96190	1.11386e-02
0.96165	1.11452e-02
0.96140	1.11515e-02
0.96117	1.11581e-02
0.96094	1.11653e-02
0.96062	1.10313e-02
0.96031	1.08979e-02
0.96001	1.07669e-02
0.95971	1.06392e-02
0.95938	1.05113e-02
0.95898	1.04594e-02
0.95860	1.04106e-02
0.95822	1.03644e-02
0.95786	1.03208e-02
0.95751	1.02796e-02
0.95717	1.02407e-02
0.95683	1.02040e-02
0.95651	1.01694e-02
0.95620	1.01371e-02
0.95589	1.01068e-02
0.95560	1.00787e-02
0.95532	1.00528e-02
0.95504	1.00290e-02
0.95477	1.00074e-02
0.95451	9.98807e-03
0.95426	9.97097e-03
0.95402	9.95616e-03
0.95378	9.94366e-03
0.95355	9.93352e-03
0.95333	9.92574e-03
0.95312	9.92034e-03
0.95291	9.91735e-03
0.95267	9.92155e-03
0.95244	9.92771e-03
0.95222	9.93579e-03
0.95196	9.98992e-03
0.95170	1.00454e-02
0.95145	1.01020e-02
0.95121	1.01594e-02
0.95098	1.02175e-02
0.95074	1.02762e-02
0.95047	1.03851e-02
0.95020	1.04944e-02
0.94987	1.05765e-02
0.94954	1.06580e-02
0.94921	1.07395e-02
0.94889	1.08213e-02
0.94857	1.09038e-02
0.94825	1.09875e-02
0.94794	1.10726e-02
0.94762	1.11596e-02
0.94731	1.12489e-02
0.94701	1.13407e-02
0.94670	1.14356e-02
0.94640	1.15337e-02
0.94610	1.16356e-02
0.94580	1.17415e-02
0.94550	1.18517e-02
0.94521	1.19666e-02
0.94492	1.20864e-02
0.94463	1.22114e-02
0.94434	1.23417e-02
0.94400	1.25067e-02
0.94366	1.26747e-02
0.94332	1.28455e-02
0.94299	1.30187e-02
0.94266	1.31943e-02
0.94233	1.33721e-02
0.94201	1.35519e-02
0.94169	1.37337e-02
0.94137	1.39174e-02
0.94106	1.41028e-02
0.94075	1.42898e-02
0.94044	1.44783e-02
0.94014	1.46681e-02
0.93984	1.48591e-02
0.93954	1.50510e-02
0.93925	1.52437e-02
0.93896	1.54369e-02
0.93867	1.56305e-02
0.93839	1.58241e-02
0.93806	1.60293e-02
0.93772	1.62330e-02
0.93732	1.65414e-02
0.93693	1.68492e-02
0.93653	1.71553e-02
0.93615	1.74588e-02
0.93576	1.77587e-02
0.93538	1.80544e-02
0.93523	1.84639e-02
0.93609	1.98121e-02
0.93609	2.05200e-02
0.93586	2.09610e-02
0.93560	2.13586e-02
0.93533	2.17330e-02
0.93506	2.20872e-02
0.93479	2.24226e-02
0.93451	2.27403e-02
0.93423	2.30412e-02
0.93394	2.33259e-02
0.93362	2.35622e-02
0.93330	2.37849e-02
0.93298	2.39942e-02
0.93266	2.41905e-02
0.93235	2.43742e-02
0.93223	2.47990e-02
0.93202	2.50920e-02
0.93178	2.53488e-02
0.93154	2.55799e-02
0.93129	2.57884e-02
0.93103	2.59762e-02
0.93077	2.61453e-02
0.93051	2.62969e-02
0.93025	2.64326e-02
0.93045	2.64495e-02
0.93035	2.65433e-02
0.93021	2.66385e-02
0.93006	2.67292e-02
0.92990	2.68141e-02
0.92972	2.68923e-02
0.92954	2.69634e-02
0.92935	2.70271e-02
0.92915	2.70835e-02
0.92895	2.71326e-02
0.92875	2.71747e-02
0.92855	2.72101e-02
0.92835	2.72391e-02
0.92814	2.72621e-02
0.92794	2.72795e-02
0.92767	2.73581e-02
0.92740	2.74359e-02
0.92712	2.75127e-02
0.92725	2.75657e-02
0.92806	2.78336e-02
0.92812	2.80323e-02
0.92830	2.79009e-02
0.92849	2.80258e-02
0.92855	2.80757e-02
0.92857	2.81320e-02
0.92856	2.81994e-02
0.92853	2.82777e-02
0.92848	2.83660e-02
0.92842	2.84639e-02
0.92835	2.85711e-02
0.92828	2.86874e-02
0.92819	2.88125e-02
0.92810	2.89465e-02
0.92801	2.90892e-02
0.92792	2.92407e-02
0.92782	2.94010e-02
0.92773	2.95700e-02
0.92764	2.97479e-02
0.92756	2.99347e-02
0.92748	3.01303e-02
0.92740	3.03349e-02
0.92734	3.06017e-02
0.92726	3.08303e-02
0.92717	3.10550e-02
0.92709	3.12816e-02
0.92701	3.15125e-02
0.92694	3.17491e-02
0.92697	3.20853e-02
0.92694	3.23660e-02
0.92690	3.26466e-02
0.92686	3.29334e-02
0.92683	3.32281e-02
0.92680	3.35317e-02
0.92677	3.38447e-02
0.92674	3.41674e-02
0.92672	3.44999e-02
0.92670	3.48420e-02
0.92669	3.51932e-02
0.92668	3.55529e-02
0.92667	3.59204e-02
0.92666	3.62944e-02
0.92666	3.66738e-02
0.92666	3.70568e-02
0.92666	3.74415e-02
0.92665	3.78259e-02
0.92665	3.82077e-02
0.92665	3.85846e-02
0.92654	3.90340e-02
0.92643	3.94731e-02
0.92620	3.99645e-02
0.92596	4.04420e-02
0.92572	4.09035e-02
0.92547	4.13478e-02
0.92521	4.17738e-02
0.92494	4.21810e-02
0.92468	4.25690e-02
0.92437	4.29218e-02
0.92405	4.32559e-02
0.92374	4.35717e-02
0.92343	4.38695e-02
0.92311	4.41497e-02
0.92280	4.44128e-02
0.92249	4.46592e-02
0.92219	4.48894e-02
0.92189	4.51037e-02
0.92159	4.53026e-02
0.92201	4.58211e-02
0.92184	4.60601e-02
0.92161	4.62533e-02
0.92137	4.64276e-02
0.92109	4.65455e-02
0.92072	4.66273e-02
0.92034	4.66943e-02
0.91996	4.67472e-02
0.91958	4.67865e-02
0.91920	4.68126e-02
0.91882	4.68258e-02
0.91844	4.68265e-02
0.91802	4.68087e-02
0.91760	4.67784e-02
0.91718	4.67361e-02
0.91676	4.66822e-02
0.91634	4.66173e-02
0.91592	4.65419e-02
0.91550	4.64566e-02
0.91508	4.63619e-02
0.91467	4.62585e-02
0.91425	4.61471e-02
0.91384	4.60283e-02
0.91344	4.59028e-02
0.91303	4.57714e-02
0.91263	4.56348e-02
0.91223	4.54936e-02
0.91184	4.53486e-02
0.91145	4.52005e-02
0.91099	4.51892e-02
0.91054	4.51787e-02
0.91008	4.51683e-02
0.90963	4.51575e-02
0.90918	4.51464e-02
0.90874	4.51349e-02
0.90830	4.51230e-02
0.90786	4.51108e-02
0.90744	4.50985e-02
0.90702	4.50860e-02
0.90660	4.50737e-02
0.90619	4.50615e-02
0.90579	4.50496e-02
0.90540	4.50382e-02
0.90502	4.50272e-02
0.90464	4.50169e-02
0.90427	4.50073e-02
0.90391	4.49985e-02
0.90356	4.49907e-02
0.90322	4.49840e-02
0.90289	4.49783e-02
0.90257	4.49740e-02
0.90226	4.49710e-02
0.90196	4.49695e-02
0.90167	4.49697e-02
0.90139	4.49716e-02
0.90110	4.49455e-02
0.90082	4.49190e-02
0.90055	4.48925e-02
0.90029	4.48664e-02
0.90003	4.48411e-02
0.89979	4.48168e-02
0.89956	4.47938e-02
0.89934	4.47725e-02
0.89913	4.47532e-02
0.89884	4.48578e-02
0.89856	4.49698e-02
0.89824	4.50366e-02
0.89792	4.51103e-02
0.89762	4.51909e-02
0.89733	4.52783e-02
0.89704	4.53725e-02
0.89677	4.54734e-02
0.89651	4.55812e-02
0.89626	4.56957e-02
0.89601	4.58170e-02
0.89578	4.59450e-02
0.89556	4.60798e-02
0.89535	4.62213e-02
0.89515	4.63695e-02
0.89495	4.65243e-02
0.89477	4.66857e-02
0.89447	4.69789e-02
0.89418	4.72816e-02
0.89390	4.75927e-02
0.89363	4.79112e-02
0.89336	4.82364e-02
0.89311	4.85675e-02
0.89286	4.89038e-02
0.89263	4.92445e-02
0.89240	4.95888e-02
0.89213	4.99074e-02
0.89182	5.01859e-02
0.89152	5.04653e-02
0.89123	5.07452e-02
0.89094	5.10250e-02
0.89066	5.13043e-02
0.89039	5.15824e-02
0.89013	5.18585e-02
0.88987	5.21320e-02
0.88962	5.24021e-02
0.88939	5.26682e-02
0.88907	5.29022e-02
0.88877	5.31287e-02
0.88847	5.33472e-02
0.88817	5.35573e-02
0.88783	5.37389e-02
0.88749	5.39111e-02
0.88716	5.40736e-02
0.88684	5.42263e-02
0.88653	5.43689e-02
0.88623	5.45013e-02
0.88594	5.46232e-02
0.88619	5.48237e-02
0.88612	5.49787e-02
0.88600	5.51179e-02
0.88587	5.52485e-02
0.88575	5.53713e-02
0.88562	5.54864e-02
0.88550	5.55937e-02
0.88538	5.56930e-02
0.88526	5.57841e-02
0.88514	5.58669e-02
0.88503	5.59411e-02
0.88491	5.60068e-02
0.88477	5.60251e-02
0.88462	5.60346e-02
0.88448	5.60358e-02
0.88434	5.60290e-02
0.88419	5.60146e-02
0.88457	5.52606e-02
0.88469	5.48882e-02
0.88476	5.45898e-02
0.88482	5.43196e-02
0.88481	5.40137e-02
0.88480	5.37214e-02
0.88478	5.34407e-02
0.88476	5.31710e-02
0.88474	5.29125e-02
0.88472	5.26662e-02
0.88470	5.24339e-02
0.88469	5.22177e-02
0.88467	5.20199e-02
0.88464	5.18429e-02
0.88461	5.16885e-02
0.88457	5.15581e-02
0.88453	5.14524e-02
0.88447	5.13717e-02
0.88440	5.13155e-02
0.88431	5.12830e-02
0.88419	5.12507e-02
0.88405	5.12388e-02
0.88390	5.12461e-02
0.88373	5.12709e-02
0.88355	5.13119e-02
0.88336	5.13678e-02
0.88316	5.14372e-02
0.88295	5.15191e-02
0.88273	5.16126e-02
0.88250	5.17167e-02
0.88226	5.18308e-02
0.88202	5.19542e-02
0.88177	5.20862e-02
0.88152	5.22262e-02
0.88126	5.23737e-02
0.88193	5.07205e-02
0.88221	4.98831e-02
0.88239	4.92530e-02
0.88253	4.87216e-02
0.88264	4.82675e-02
0.88271	4.78802e-02
0.88277	4.75511e-02
0.88280	4.72732e-02
0.88281	4.70400e-02
0.88280	4.68463e-02
0.88278	4.66873e-02
0.88275	4.65592e-02
0.88270	4.64585e-02
0.88263	4.63825e-02
0.88256	4.63291e-02
0.88248	4.62962e-02
0.88238	4.62824e-02
0.88228	4.62863e-02
0.88217	4.63068e-02
0.88204	4.63428e-02
0.88191	4.63932e-02
0.88177	4.64570e-02
0.88161	4.65331e-02
0.88145	4.66202e-02
0.88128	4.67171e-02
0.88109	4.68226e-02
0.88086	4.69505e-02
0.88062	4.70855e-02
0.88036	4.72259e-02
0.88010	4.73705e-02
0.87982	4.75181e-02
0.87954	4.76676e-02
0.87925	4.78178e-02
0.87894	4.79680e-02
0.87864	4.81173e-02
0.87832	4.82650e-02
0.87800	4.84103e-02
0.87759	4.86293e-02
0.87718	4.88479e-02
0.87694	4.91821e-02
0.87664	4.94930e-02
0.87629	4.97899e-02
0.87591	5.00757e-02
0.87551	5.03504e-02
0.87510	5.06142e-02
0.87468	5.08673e-02
0.87425	5.11099e-02
0.87380	5.13422e-02
0.87332	5.15340e-02
0.87284	5.17157e-02
0.87235	5.18877e-02
0.87185	5.20504e-02
0.87135	5.22039e-02
0.87085	5.23484e-02
0.87034	5.24841e-02
0.86983	5.26111e-02
0.86933	5.27294e-02
0.86882	5.28393e-02
0.86832	5.29407e-02
0.86775	5.30312e-02
0.86718	5.31132e-02
0.86661	5.31868e-02
0.86605	5.32523e-02
0.86549	5.33098e-02
0.86494	5.33594e-02
0.86423	5.35673e-02
0.86353	5.37754e-02
0.86283	5.39830e-02
0.86213	5.41894e-02
0.86235	5.53591e-02
0.86208	5.60527e-02
0.86155	5.64265e-02
0.86095	5.67188e-02
0.86035	5.69821e-02
0.85974	5.72272e-02
0.85914	5.74570e-02
0.85855	5.76732e-02
0.85797	5.78767e-02
0.85739	5.80684e-02
0.85682	5.82493e-02
0.85627	5.84201e-02
0.85572	5.85816e-02
0.85519	5.87348e-02
0.85466	5.88802e-02
0.85415	5.90187e-02
0.85410	5.95257e-02
0.85374	5.97562e-02
0.85335	5.99400e-02
0.85294	6.01048e-02
0.85253	6.02551e-02
0.85213	6.03934e-02
0.85173	6.05214e-02
0.85132	6.06410e-02
0.85093	6.07535e-02
0.85054	6.08603e-02
0.85015	6.09626e-02
0.84977	6.10616e-02
0.84940	6.11581e-02
0.84904	6.12532e-02
0.84868	6.13478e-02
0.84834	6.14425e-02
0.84800	6.15382e-02
0.84767	6.16355e-02
0.84735	6.17351e-02
0.84704	6.18376e-02
0.84674	6.19435e-02
0.84645	6.20533e-02
0.84616	6.21675e-02
0.84589	6.22865e-02
0.84563	6.24107e-02
0.84538	6.25405e-02
0.84514	6.26761e-02
0.84491	6.28180e-02
0.84469	6.29663e-02
0.84448	6.31212e-02
0.84428	6.32830e-02
0.84409	6.34518e-02
0.84391	6.36278e-02
0.84374	6.38110e-02
0.84411	6.38867e-02
0.84429	6.40347e-02
0.84444	6.42116e-02
0.84456	6.44094e-02
0.84468	6.46247e-02
0.84471	6.48626e-02
0.84473	6.51148e-02
0.84473	6.53548e-02
0.84472	6.56050e-02
0.84470	6.58645e-02
0.84469	6.61325e-02
0.84467	6.64082e-02
0.84464	6.66908e-02
0.84457	6.70355e-02
0.84449	6.73855e-02
0.84441	6.77397e-02
0.84433	6.80973e-02
0.84425	6.84577e-02
0.84417	6.88204e-02
0.84409	6.91847e-02
0.84402	6.95503e-02
0.84390	6.99305e-02
0.84375	7.02779e-02
0.84360	7.06270e-02
0.84344	7.09774e-02
0.84329	7.13286e-02
0.84313	7.16802e-02
0.84297	7.20317e-02
0.84281	7.23829e-02
0.84272	7.28170e-02
0.84263	7.32366e-02
0.84252	7.36456e-02
0.84241	7.40455e-02
0.84228	7.44377e-02
0.84275	7.42872e-02
0.84299	7.43542e-02
0.84318	7.44693e-02
0.84336	7.46057e-02
0.84352	7.47588e-02
0.84367	7.49272e-02
0.84381	7.51104e-02
0.84394	7.53077e-02
0.84405	7.55182e-02
0.84415	7.57412e-02
0.84423	7.59752e-02
0.84429	7.62191e-02
0.84422	7.66861e-02
0.84412	7.71755e-02
0.84400	7.76827e-02
0.84385	7.82043e-02
0.84369	7.87374e-02
0.84351	7.92792e-02
0.84330	7.98276e-02
0.84308	8.03802e-02
0.84284	8.09351e-02
0.84259	8.14904e-02
0.84231	8.20444e-02
0.84203	8.25955e-02
0.84173	8.31421e-02
0.84142	8.36829e-02
0.84110	8.42165e-02
0.84076	8.47416e-02
0.84042	8.52570e-02
0.84007	8.57615e-02
0.83971	8.62540e-02
0.83934	8.67335e-02
0.83894	8.71818e-02
0.83854	8.76149e-02
0.83814	8.80321e-02
0.83773	8.84325e-02
0.83732	8.88151e-02
0.83690	8.91792e-02
0.83648	8.95237e-02
0.83606	8.98480e-02
0.83564	9.01510e-02
0.83522	9.04320e-02
0.83480	9.06900e-02
0.83438	9.09243e-02
0.83396	9.11339e-02
0.83354	9.13180e-02
0.83313	9.14758e-02
0.83272	9.16064e-02
0.83232	9.17089e-02
0.83192	9.17827e-02
0.83153	9.18269e-02
0.83115	9.18412e-02
0.83077	9.18249e-02
0.83041	9.17780e-02
0.83005	9.17006e-02
0.82971	9.15930e-02
0.82937	9.14562e-02
0.82901	9.13106e-02
0.82866	9.11400e-02
0.82831	9.09465e-02
0.82798	9.07327e-02
0.82765	9.05018e-02
0.82731	9.02429e-02
0.82698	8.99732e-02
0.82665	8.96959e-02
0.82633	8.94137e-02
0.82598	8.91195e-02
0.82563	8.88244e-02
0.82528	8.85300e-02
0.82493	8.82380e-02
0.82459	8.79495e-02
0.82416	8.77280e-02
0.82373	8.75179e-02
0.82330	8.73196e-02
0.82287	8.71337e-02
0.82245	8.69606e-02
0.82203	8.68009e-02
0.82161	8.66549e-02
0.82119	8.65231e-02
0.82078	8.64059e-02
0.82037	8.63035e-02
0.81996	8.62163e-02
0.81956	8.61445e-02
0.81917	8.60882e-02
0.81877	8.60475e-02
0.81839	8.60225e-02
0.81800	8.60131e-02
0.81759	8.60523e-02
0.81717	8.61039e-02
0.81675	8.61742e-02
0.81633	8.62625e-02
0.81592	8.63681e-02
0.81551	8.64905e-02
0.81511	8.66289e-02
0.81471	8.67827e-02
0.81431	8.69512e-02
0.81391	8.71289e-02
0.81351	8.73196e-02
0.81312	8.75225e-02
0.81273	8.77369e-02
0.81231	8.79643e-02
0.81190	8.82020e-02
0.81149	8.84489e-02
0.81110	8.87045e-02
0.81070	8.89678e-02
0.81032	8.92381e-02
0.80995	8.95147e-02
0.80958	8.97968e-02
0.80944	9.01743e-02
0.80920	9.05128e-02
0.80894	9.08434e-02
0.80867	9.11702e-02
0.80833	9.15834e-02
0.80799	9.19972e-02
0.80764	9.24105e-02
0.80729	9.28226e-02
0.80695	9.32333e-02
0.80661	9.36423e-02
0.80627	9.40496e-02
0.80594	9.44550e-02
0.80562	9.48586e-02
0.80531	9.52605e-02
0.80500	9.56608e-02
0.80470	9.60595e-02
0.80441	9.64569e-02
0.80414	9.68532e-02
0.80383	9.72187e-02
0.80353	9.75817e-02
0.80324	9.79427e-02
0.80295	9.83021e-02
0.80267	9.86602e-02
0.80240	9.90171e-02
0.80251	9.97428e-02
0.80257	1.00407e-01
0.80258	1.01039e-01
0.80258	1.01642e-01
0.80255	1.02220e-01
0.80250	1.02777e-01
0.80243	1.03313e-01
0.80235	1.03831e-01
0.80226	1.04332e-01
0.80214	1.04794e-01
0.80201	1.05238e-01
0.80186	1.05665e-01
0.80171	1.06075e-01
0.80154	1.06469e-01
0.80137	1.06846e-01
0.80119	1.07208e-01
0.80101	1.07553e-01
0.80083	1.07882e-01
0.80064	1.08194e-01
0.80045	1.08490e-01
0.80025	1.08768e-01
0.80006	1.09028e-01
0.79987	1.09270e-01
0.79969	1.09494e-01
0.79950	1.09700e-01
0.79923	1.09982e-01
0.79896	1.10248e-01
0.79869	1.10500e-01
0.79843	1.10735e-01
0.79817	1.10956e-01
0.79791	1.11162e-01
0.79766	1.11354e-01
0.79741	1.11532e-01
0.79716	1.11697e-01
0.79692	1.11850e-01
0.79668	1.11990e-01
0.79644	1.12119e-01
0.79620	1.12237e-01
0.79596	1.12343e-01
0.79560	1.12529e-01
0.79524	1.12702e-01
0.79488	1.12862e-01
0.79452	1.13007e-01
0.79416	1.13139e-01
0.79380	1.13257e-01
0.79344	1.13360e-01
0.79309	1.13450e-01
0.79273	1.13525e-01
0.79234	1.13575e-01
0.79195	1.13611e-01
0.79154	1.13625e-01
0.79113	1.13624e-01
0.79072	1.13610e-01
0.79031	1.13582e-01
0.78990	1.13542e-01
0.78998	1.13100e-01
0.79004	1.12671e-01
0.79010	1.12251e-01
0.79015	1.11840e-01
0.79020	1.11435e-01
0.79025	1.11038e-01
0.79029	1.10648e-01
0.79033	1.10267e-01
0.79038	1.09895e-01
0.79041	1.09533e-01
0.79045	1.09182e-01
0.79045	1.08833e-01
0.79045	1.08496e-01
0.79045	1.08172e-01
0.79043	1.07860e-01
0.79041	1.07562e-01
0.79038	1.07277e-01
0.79033	1.07006e-01
0.79028	1.06749e-01
0.79021	1.06506e-01
0.79014	1.06277e-01
0.79005	1.06061e-01
0.78995	1.05859e-01
0.78983	1.05670e-01
0.78971	1.05494e-01
0.78953	1.05417e-01
0.78934	1.05354e-01
0.78914	1.05306e-01
0.78892	1.05271e-01
0.78870	1.05251e-01
0.78847	1.05245e-01
0.78823	1.05252e-01
0.78798	1.05273e-01
0.78773	1.05308e-01
0.78743	1.05339e-01
0.78713	1.05383e-01
0.78678	1.05496e-01
0.78644	1.05623e-01
0.78608	1.05766e-01
0.78570	1.05915e-01
0.78531	1.06077e-01
0.78492	1.06254e-01
0.78452	1.06444e-01
0.78412	1.06648e-01
0.78372	1.06865e-01
0.78419	1.08057e-01
0.78417	1.08739e-01
0.78389	1.09139e-01
0.78355	1.09486e-01
0.78319	1.09825e-01
0.78282	1.10163e-01
0.78244	1.10505e-01
0.78206	1.10849e-01
0.78167	1.11198e-01
0.78171	1.12037e-01
0.78144	1.12550e-01
0.78111	1.12990e-01
0.78075	1.13409e-01
0.78037	1.13813e-01
0.77997	1.14206e-01
0.77956	1.14589e-01
0.77914	1.14963e-01
0.77871	1.15330e-01
0.77825	1.15683e-01
0.77776	1.16013e-01
0.77727	1.16339e-01
0.77677	1.16662e-01
0.77627	1.16984e-01
0.77576	1.17305e-01
0.77525	1.17627e-01
0.77544	1.17000e-01
0.77557	1.16460e-01
0.77568	1.15975e-01
0.77577	1.15538e-01
0.77584	1.15144e-01
0.77590	1.14792e-01
0.77593	1.14483e-01
0.77595	1.14214e-01
0.77595	1.13985e-01
0.77594	1.13796e-01
0.77591	1.13647e-01
0.77586	1.13536e-01
0.77579	1.13463e-01
0.77570	1.13426e-01
0.77615	1.13032e-01
0.77653	1.12717e-01
0.77688	1.12472e-01
0.77717	1.12290e-01
0.77743	1.12166e-01
0.77764	1.12095e-01
0.77783	1.12071e-01
0.77798	1.12091e-01
0.77809	1.12151e-01
0.77811	1.12270e-01
0.77810	1.12424e-01
0.77807	1.12607e-01
0.77801	1.12816e-01
0.77794	1.13048e-01
0.77785	1.13300e-01
0.77774	1.13569e-01
0.77799	1.13956e-01
0.77815	1.14345e-01
0.77828	1.14742e-01
0.77837	1.15144e-01
0.77843	1.15548e-01
0.77848	1.15952e-01
0.77850	1.16353e-01
0.77851	1.16750e-01
0.77851	1.17139e-01
0.77849	1.17519e-01
0.77848	1.17887e-01
0.77846	1.18242e-01
0.77843	1.18581e-01
0.77841	1.18902e-01
0.77839	1.19202e-01
0.77837	1.19479e-01
0.77835	1.19732e-01
0.77833	1.19957e-01
0.77832	1.20155e-01
0.77831	1.20323e-01
0.77830	1.20460e-01
0.77830	1.20568e-01
0.77829	1.20647e-01
0.77828	1.20698e-01
0.77828	1.20724e-01
0.77826	1.20729e-01
0.77825	1.20717e-01
0.77822	1.20690e-01
0.77819	1.20654e-01
0.77815	1.20610e-01
0.77810	1.20562e-01
0.77804	1.20511e-01
0.77796	1.20458e-01
0.77788	1.20403e-01
0.77811	1.20309e-01
0.77832	1.20220e-01
0.77840	1.20379e-01
0.77847	1.20548e-01
0.77851	1.20723e-01
0.77853	1.20901e-01
0.77854	1.21078e-01
0.77853	1.21251e-01
0.77851	1.21418e-01
0.77848	1.21576e-01
0.77843	1.21722e-01
0.77837	1.21848e-01
0.77830	1.21958e-01
0.77822	1.22051e-01
0.77814	1.22125e-01
0.77805	1.22180e-01
0.77797	1.22214e-01
0.77788	1.22228e-01
0.77778	1.22222e-01
0.77769	1.22197e-01
0.77757	1.22130e-01
0.77745	1.22047e-01
0.77733	1.21950e-01
0.77721	1.21842e-01
0.77708	1.21725e-01
0.77696	1.21602e-01
0.77684	1.21475e-01
0.77672	1.21347e-01
0.77660	1.21221e-01
0.77638	1.21217e-01
0.77616	1.21216e-01
0.77594	1.21225e-01
0.77571	1.21247e-01
0.77548	1.21282e-01
0.77525	1.21332e-01
0.77503	1.21397e-01
0.77513	1.21210e-01
0.77523	1.21066e-01
0.77532	1.20966e-01
0.77541	1.20909e-01
0.77548	1.20897e-01
0.77556	1.20933e-01
0.77590	1.21099e-01
0.77620	1.21308e-01
0.77645	1.21565e-01
0.77668	1.21872e-01
0.77687	1.22229e-01
0.77703	1.22636e-01
0.77716	1.23091e-01
0.77725	1.23592e-01
0.77732	1.24136e-01
0.77735	1.24722e-01
0.77755	1.25450e-01
0.77770	1.26200e-01
0.77780	1.26976e-01
0.77786	1.27775e-01
0.77789	1.28594e-01
0.77788	1.29431e-01
0.77782	1.30284e-01
0.77827	1.30726e-01
0.77862	1.31230e-01
0.77891	1.31785e-01
0.77913	1.32384e-01
0.77928	1.33022e-01
0.77938	1.33696e-01
0.77942	1.34403e-01
0.77942	1.35140e-01
0.77937	1.35904e-01
0.77929	1.36695e-01
0.77916	1.37511e-01
0.77901	1.38352e-01
0.77883	1.39216e-01
0.77862	1.40103e-01
0.77839	1.41012e-01
0.77815	1.41943e-01
0.77789	1.42895e-01
0.77761	1.43868e-01
0.77732	1.44862e-01
0.77702	1.45876e-01
0.77672	1.46910e-01
0.77640	1.47963e-01
0.77608	1.49035e-01
0.77576	1.50124e-01
0.77543	1.51231e-01
0.77509	1.52353e-01
0.77475	1.53492e-01
0.77440	1.54644e-01
0.77406	1.55811e-01
0.77370	1.56990e-01
0.77335	1.58181e-01
0.77299	1.59383e-01
0.77263	1.60596e-01
0.77227	1.61818e-01
0.77190	1.63048e-01
0.77154	1.64287e-01
0.77118	1.65533e-01
0.77082	1.66785e-01
0.77046	1.68042e-01
0.77010	1.69305e-01
0.76974	1.70571e-01
0.76933	1.71815e-01
0.76892	1.73060e-01
0.76851	1.74307e-01
0.76811	1.75555e-01
0.76772	1.76802e-01
0.76733	1.78049e-01
0.76695	1.79293e-01
0.76658	1.80535e-01
0.76622	1.81773e-01
0.76586	1.83007e-01
0.76552	1.84235e-01
0.76526	1.85503e-01
0.76498	1.86749e-01
0.76471	1.87981e-01
0.76484	1.89063e-01
0.76490	1.90161e-01
0.76494	1.91263e-01
0.76497	1.92363e-01
0.76500	1.93460e-01
0.76504	1.94552e-01
0.76501	1.95609e-01
0.76498	1.96657e-01
0.76494	1.97687e-01
0.76490	1.98706e-01
0.76486	1.99713e-01
0.76482	2.00706e-01
0.76478	2.01683e-01
0.76474	2.02645e-01
0.76470	2.03588e-01
0.76457	2.04731e-01
0.76441	2.05854e-01
0.76425	2.06966e-01
0.76409	2.08064e-01
0.76392	2.09147e-01
0.76374	2.10213e-01
0.76356	2.11260e-01
0.76337	2.12288e-01
0.76313	2.13269e-01
0.76288	2.14229e-01
0.76262	2.15164e-01
0.76236	2.16076e-01
0.76209	2.16964e-01
0.76175	2.17797e-01
0.76140	2.18604e-01
0.76104	2.19385e-01
0.76067	2.20139e-01
0.76030	2.20868e-01
0.75992	2.21572e-01
0.75954	2.22251e-01
0.75916	2.22907e-01
0.75878	2.23539e-01
0.75840	2.24148e-01
0.75802	2.24735e-01
0.75764	2.25302e-01
0.75727	2.25849e-01
0.75690	2.26376e-01
0.75654	2.26884e-01
0.75618	2.27375e-01
0.75583	2.27849e-01
0.75549	2.28306e-01
0.75515	2.28746e-01
0.75482	2.29171e-01
0.75450	2.29579e-01
0.75417	2.29971e-01
0.75386	2.30347e-01
0.75354	2.30705e-01
0.75323	2.31045e-01
0.75292	2.31366e-01
0.75261	2.31667e-01
0.75229	2.31945e-01
0.75198	2.32201e-01
0.75167	2.32432e-01
0.75135	2.32635e-01
0.75104	2.32811e-01
0.75072	2.32955e-01
0.75041	2.33067e-01
0.75010	2.33145e-01
0.74979	2.33187e-01
0.74948	2.33191e-01
0.74918	2.33156e-01
0.74889	2.33080e-01
0.74860	2.32962e-01
0.74833	2.32800e-01
0.74807	2.32594e-01
0.74781	2.32342e-01
0.74758	2.32045e-01
0.74736	2.31701e-01
0.74715	2.31310e-01
0.74697	2.30872e-01
0.74680	2.30386e-01
0.74665	2.29853e-01
0.74652	2.29272e-01
0.74641	2.28642e-01
0.74631	2.27965e-01
0.74624	2.27238e-01
0.74618	2.26463e-01
0.74614	2.25639e-01
0.74612	2.24766e-01
0.74612	2.23845e-01
0.74613	2.22875e-01
0.74611	2.21841e-01
0.74610	2.20760e-01
0.74610	2.19636e-01
0.74610	2.18473e-01
0.74612	2.17275e-01
0.74615	2.16049e-01
0.74618	2.14801e-01
0.74621	2.13538e-01
0.74625	2.12267e-01
0.74628	2.10995e-01
0.74631	2.09729e-01
0.74634	2.08475e-01
0.74636	2.07238e-01
0.74637	2.06020e-01
0.74635	2.04817e-01
0.74630	2.03638e-01
0.74623	2.02487e-01
0.74616	2.01365e-01
0.74607	2.00271e-01
0.74598	1.99208e-01
0.74588	1.98174e-01
0.74576	1.97169e-01
0.74589	1.96334e-01
0.74598	1.95521e-01
0.74606	1.94729e-01
0.74611	1.93956e-01
0.74614	1.93204e-01
0.74615	1.92470e-01
0.74614	1.91755e-01
0.74620	1.90777e-01
0.74617	1.90464e-01
0.74599	1.90455e-01
0.74575	1.90590e-01
0.74546	1.90785e-01
0.74516	1.90991e-01
0.74486	1.91183e-01
0.74472	1.91457e-01
0.74452	1.91656e-01
0.74430	1.91800e-01
0.74408	1.91891e-01
0.74387	1.91928e-01
0.74367	1.91913e-01
0.74347	1.91846e-01
0.74328	1.91728e-01
0.74311	1.91561e-01
0.74295	1.91347e-01
0.74280	1.91088e-01
0.74267	1.90787e-01
0.74256	1.90445e-01
0.74246	1.90065e-01
0.74238	1.89648e-01
0.74231	1.89197e-01
0.74226	1.88712e-01
0.74221	1.88193e-01
0.74218	1.87642e-01
0.74217	1.87058e-01
0.74216	1.86442e-01
0.74216	1.85794e-01
0.74217	1.85117e-01
0.74218	1.84412e-01
0.74220	1.83683e-01
0.74222	1.82937e-01
0.74224	1.82179e-01
0.74225	1.81416e-01
0.74227	1.80658e-01
0.74228	1.79911e-01
0.74228	1.79182e-01
0.74228	1.78478e-01
0.74227	1.77804e-01
0.74225	1.77156e-01
0.74222	1.76541e-01
0.74218	1.75960e-01
0.74214	1.75412e-01
0.74210	1.74895e-01
0.74206	1.74407e-01
0.74201	1.73945e-01
0.74196	1.73506e-01
0.74190	1.73086e-01
0.74185	1.72683e-01
0.74179	1.72294e-01
0.74172	1.71914e-01
0.74166	1.71541e-01
0.74159	1.71173e-01
0.74151	1.70807e-01
0.74144	1.70439e-01
0.74137	1.70069e-01
0.74129	1.69694e-01
0.74122	1.69313e-01
0.74116	1.68924e-01
0.74109	1.68525e-01
0.74104	1.68116e-01
0.74099	1.67695e-01
0.74094	1.67262e-01
0.74091	1.66816e-01
0.74089	1.66356e-01
0.74088	1.65883e-01
0.74088	1.65396e-01
0.74089	1.64897e-01
0.74092	1.64385e-01
0.74096	1.63862e-01
0.74121	1.63384e-01
0.74147	1.62900e-01
0.74171	1.62411e-01
0.74196	1.61920e-01
0.74220	1.61428e-01
0.74243	1.60938e-01
0.74266	1.60454e-01
0.74318	1.59906e-01
0.74362	1.59393e-01
0.74401	1.58905e-01
0.74438	1.58443e-01
0.74473	1.58009e-01
0.74504	1.57607e-01
0.74534	1.57238e-01
0.74561	1.56903e-01
0.74586	1.56601e-01
0.74610	1.56333e-01
0.74631	1.56096e-01
0.74650	1.55887e-01
0.74668	1.55704e-01
0.74685	1.55543e-01
0.74701	1.55399e-01
0.74716	1.55264e-01
0.74730	1.55136e-01
0.74744	1.55009e-01
0.74758	1.54877e-01
0.74772	1.54734e-01
0.74787	1.54575e-01
0.74803	1.54397e-01
0.74819	1.54204e-01
0.74832	1.53964e-01
0.74847	1.53705e-01
0.74861	1.53433e-01
0.74876	1.53151e-01
0.74891	1.52866e-01
0.74905	1.52580e-01
0.74918	1.52279e-01
0.74961	1.51878e-01
0.75002	1.51490e-01
0.75040	1.51109e-01
0.75077	1.50730e-01
0.75112	1.50346e-01
0.75146	1.49952e-01
0.75179	1.49545e-01
0.75224	1.49258e-01
0.75265	1.48941e-01
0.75305	1.48607e-01
0.75343	1.48266e-01
0.75378	1.47931e-01
0.75409	1.47617e-01
0.75437	1.47341e-01
0.75461	1.47114e-01
0.75481	1.46945e-01
0.75497	1.46835e-01
0.75509	1.46782e-01
0.75536	1.46854e-01
0.75548	1.46963e-01
0.75555	1.47105e-01
0.75557	1.47275e-01
0.75555	1.47466e-01
0.75550	1.47673e-01
0.75542	1.47893e-01
0.75531	1.48121e-01
0.75518	1.48355e-01
0.75502	1.48593e-01
0.75484	1.48834e-01
0.75465	1.49075e-01
0.75444	1.49317e-01
0.75421	1.49557e-01
0.75397	1.49796e-01
0.75371	1.50033e-01
0.75345	1.50268e-01
0.75317	1.50499e-01
0.75289	1.50728e-01
0.75259	1.50953e-01
0.75229	1.51175e-01
0.75198	1.51393e-01
0.75166	1.51607e-01
0.75134	1.51817e-01
0.75101	1.52023e-01
0.75068	1.52224e-01
0.75034	1.52420e-01
0.75001	1.52612e-01
0.74967	1.52797e-01
0.74933	1.52977e-01
0.74899	1.53151e-01
0.74866	1.53318e-01
0.74832	1.53478e-01
0.74799	1.53629e-01
0.74766	1.53772e-01
0.74734	1.53906e-01
0.74702	1.54030e-01
0.74671	1.54142e-01
0.74641	1.54243e-01
0.74612	1.54330e-01
0.74583	1.54403e-01
0.74556	1.54460e-01
0.74530	1.54500e-01
0.74506	1.54522e-01
0.74483	1.54524e-01
0.74461	1.54503e-01
0.74440	1.54458e-01
0.74421	1.54388e-01
0.74403	1.54292e-01
0.74388	1.54168e-01
0.74374	1.54014e-01
0.74363	1.53831e-01
0.74353	1.53614e-01
0.74344	1.53366e-01
0.74337	1.53087e-01
0.74333	1.52781e-01
0.74329	1.52448e-01
0.74328	1.52094e-01
0.74328	1.51722e-01
0.74329	1.51338e-01
0.74332	1.50946e-01
0.74335	1.50552e-01
0.74339	1.50161e-01
0.74343	1.49777e-01
0.74345	1.49395e-01
0.74347	1.49024e-01
0.74349	1.48664e-01
0.74350	1.48311e-01
0.74351	1.47967e-01
0.74352	1.47633e-01
0.74354	1.47308e-01
0.74355	1.46990e-01
0.74357	1.46678e-01
0.74360	1.46373e-01
0.74362	1.46088e-01
0.74365	1.45807e-01
0.74369	1.45531e-01
0.74373	1.45257e-01
0.74378	1.44986e-01
0.74384	1.44716e-01
0.74419	1.44738e-01
0.74461	1.44722e-01
0.74491	1.44659e-01
0.74519	1.44571e-01
0.74545	1.44466e-01
0.74570	1.44346e-01
0.74594	1.44212e-01
0.74618	1.44067e-01
0.74642	1.43910e-01
0.74666	1.43743e-01
0.74690	1.43566e-01
0.74714	1.43380e-01
0.74738	1.43185e-01
0.74762	1.42982e-01
0.74787	1.42771e-01
0.74812	1.42554e-01
0.74837	1.42329e-01
0.74863	1.42099e-01
0.74889	1.41863e-01
0.74916	1.41622e-01
0.74969	1.41443e-01
0.75020	1.41256e-01
0.75071	1.41065e-01
0.75120	1.40869e-01
0.75169	1.40670e-01
0.75217	1.40467e-01
0.75264	1.40262e-01
0.75310	1.40054e-01
0.75356	1.39845e-01
0.75401	1.39634e-01
0.75446	1.39423e-01
0.75489	1.39212e-01
0.75533	1.39002e-01
0.75575	1.38794e-01
0.75615	1.38566e-01
0.75655	1.38338e-01
0.75711	1.38184e-01
0.75765	1.38028e-01
0.75818	1.37872e-01
0.75869	1.37716e-01
0.75919	1.37561e-01
0.75967	1.37409e-01
0.76015	1.37260e-01
0.76061	1.37114e-01
0.76106	1.36973e-01
0.76150	1.36836e-01
0.76193	1.36704e-01
0.76235	1.36578e-01
0.76276	1.36457e-01
0.76316	1.36343e-01
0.76355	1.36234e-01
0.76393	1.36131e-01
0.76430	1.36034e-01
0.76466	1.35944e-01
0.76501	1.35861e-01
0.76535	1.35784e-01
0.76569	1.35714e-01
0.76601	1.35651e-01
0.76633	1.35596e-01
0.76664	1.35548e-01
0.76695	1.35507e-01
0.76725	1.35475e-01
0.76754	1.35451e-01
0.76783	1.35435e-01
0.76811	1.35427e-01
0.76838	1.35417e-01
0.76863	1.35415e-01
0.76888	1.35421e-01
0.76913	1.35436e-01
0.76937	1.35459e-01
0.76960	1.35491e-01
0.76982	1.35531e-01
0.77004	1.35578e-01
0.77024	1.35633e-01
0.77044	1.35696e-01
0.77063	1.35765e-01
0.77081	1.35840e-01
0.77098	1.35921e-01
0.77114	1.36008e-01
0.77129	1.36099e-01
0.77143	1.36195e-01
0.77156	1.36294e-01
0.77169	1.36397e-01
0.77180	1.36502e-01
0.77247	1.36729e-01
0.77297	1.36937e-01
0.77339	1.37137e-01
0.77375	1.37325e-01
0.77408	1.37512e-01
0.77439	1.37696e-01
0.77467	1.37875e-01
0.77492	1.38049e-01
0.77516	1.38214e-01
0.77537	1.38372e-01
0.77605	1.37198e-01
0.77666	1.36133e-01
0.77723	1.35156e-01
0.77778	1.34190e-01
0.77831	1.33220e-01
0.77883	1.32249e-01
0.77934	1.31283e-01
0.77983	1.30324e-01
0.78092	1.29640e-01
0.78195	1.28984e-01
0.78267	1.28231e-01
0.78327	1.27449e-01
0.78382	1.26667e-01
0.78433	1.25888e-01
0.78480	1.25113e-01
0.78525	1.24339e-01
0.78567	1.23565e-01
0.78606	1.22789e-01
0.78643	1.22010e-01
0.78678	1.21226e-01
0.78711	1.20437e-01
0.78743	1.19640e-01
0.78773	1.18836e-01
0.78803	1.18027e-01
0.78831	1.17212e-01
0.78859	1.16394e-01
0.78886	1.15573e-01
0.78950	1.14462e-01
0.79008	1.13400e-01
0.79064	1.12360e-01
0.79119	1.11339e-01
0.79173	1.10339e-01
0.79227	1.09365e-01
0.79280	1.08421e-01
0.79332	1.07509e-01
0.79382	1.06634e-01
0.79431	1.05797e-01
0.79478	1.04998e-01
0.79524	1.04236e-01
0.79568	1.03509e-01
0.79610	1.02815e-01
0.79644	1.02096e-01
0.79675	1.01388e-01
0.79705	1.00695e-01
0.79733	1.00010e-01
0.79760	9.93280e-02
0.79786	9.86424e-02
0.79811	9.79474e-02
0.79836	9.72376e-02
0.79860	9.65089e-02
0.79884	9.57584e-02
0.79908	9.49852e-02
0.79933	9.41902e-02
0.79957	9.33764e-02
0.79981	9.25484e-02
0.80005	9.17115e-02
0.80029	9.08712e-02
0.80052	9.00323e-02
0.80074	8.91985e-02
0.80095	8.83718e-02
0.80116	8.75530e-02
0.80136	8.67416e-02
0.80155	8.59367e-02
0.80173	8.51365e-02
0.80192	8.43394e-02
0.80209	8.35437e-02
0.80227	8.27476e-02
0.80245	8.19498e-02
0.80262	8.11491e-02
0.80280	8.03445e-02
0.80297	7.95351e-02
0.80314	7.87218e-02
0.80331	7.79025e-02
0.80349	7.70771e-02
0.80367	7.62458e-02
0.80385	7.54088e-02
0.80403	7.45666e-02
0.80422	7.37200e-02
0.80441	7.28699e-02
0.80461	7.20176e-02
0.80481	7.11644e-02
0.80501	7.03120e-02
0.80522	6.94619e-02
0.80543	6.86162e-02
0.80564	6.77769e-02
0.80585	6.69459e-02
0.80606	6.61255e-02
0.80627	6.53177e-02
0.80648	6.45246e-02
0.80669	6.37483e-02
0.80686	6.29800e-02
0.80702	6.22312e-02
0.80719	6.15033e-02
0.80734	6.07977e-02
0.80750	6.01155e-02
0.80764	5.94578e-02
0.80778	5.88253e-02
0.80791	5.82188e-02
0.80804	5.76385e-02
0.80816	5.70849e-02
0.80864	5.56224e-02
0.80910	5.42345e-02
0.80953	5.29136e-02
0.80993	5.16544e-02
0.81032	5.04531e-02
0.81068	4.93069e-02
0.81102	4.82139e-02
0.81134	4.71725e-02
0.81161	4.61974e-02
0.81186	4.52730e-02
0.81209	4.43983e-02
0.81230	4.35728e-02
0.81248	4.27956e-02
0.81264	4.20660e-02
0.81279	4.13830e-02
0.81291	4.07457e-02
0.81300	4.01530e-02
0.81308	3.96034e-02
0.81314	3.90956e-02
0.81318	3.86282e-02
0.81320	3.81994e-02
0.81320	3.78076e-02
0.81317	3.74453e-02
0.81311	3.71152e-02
0.81304	3.68158e-02
0.81294	3.65456e-02
0.81283	3.63032e-02
0.81269	3.60898e-02
0.81253	3.58917e-02
0.81235	3.57161e-02
0.81216	3.55619e-02
0.81194	3.54281e-02
0.81172	3.53136e-02
0.81147	3.52175e-02
0.81122	3.51389e-02
0.81095	3.50772e-02
0.81066	3.50316e-02
0.81037	3.50017e-02
0.81006	3.49867e-02
0.80974	3.49864e-02
0.80940	3.50003e-02
0.80905	3.50356e-02
0.80868	3.50838e-02
0.80829	3.51457e-02
0.80790	3.52211e-02
0.80750	3.53096e-02
0.80709	3.54109e-02
0.80667	3.55249e-02
0.80624	3.56511e-02
0.80580	3.57894e-02
0.80536	3.59394e-02
0.80491	3.61009e-02
0.80445	3.62736e-02
0.80394	3.65418e-02
0.80341	3.68260e-02
0.80289	3.71244e-02
0.80235	3.74356e-02
0.80180	3.77585e-02
0.80125	3.80923e-02
0.80070	3.84362e-02
0.80014	3.87893e-02
0.79957	3.91509e-02
0.79900	3.95204e-02
0.79843	3.98970e-02
0.79786	4.02802e-02
0.79728	4.06692e-02
0.79690	4.12046e-02
0.79649	4.17313e-02
0.79606	4.22595e-02
0.79563	4.27911e-02
0.79520	4.33262e-02
0.79474	4.38701e-02
0.79427	4.44169e-02
0.79380	4.49657e-02
0.79333	4.55155e-02
0.79286	4.60655e-02
0.79239	4.66151e-02
0.79192	4.71633e-02
0.79145	4.77094e-02
0.79099	4.82529e-02
0.79053	4.87930e-02
0.79007	4.93292e-02
0.78963	4.98609e-02
0.78918	5.03879e-02
0.78875	5.09096e-02
0.78832	5.14259e-02
0.78791	5.19365e-02
0.78750	5.24415e-02
0.78710	5.29407e-02
0.78671	5.34342e-02
0.78663	5.40852e-02
0.78652	5.47186e-02
0.78641	5.53361e-02
0.78629	5.59385e-02
0.78617	5.65261e-02
0.78604	5.70993e-02
0.78591	5.76585e-02
0.78577	5.82039e-02
0.78564	5.87359e-02
0.78550	5.92546e-02
0.78537	5.97603e-02
0.78524	6.02532e-02
0.78510	6.07333e-02
0.78497	6.12007e-02
0.78485	6.16556e-02
0.78472	6.20981e-02
0.78460	6.25282e-02
0.78448	6.29460e-02
0.78483	6.26804e-02
0.78511	6.25272e-02
0.78535	6.24233e-02
0.78559	6.23460e-02
0.78581	6.22886e-02
0.78602	6.22485e-02
0.78622	6.22239e-02
0.78642	6.22130e-02
0.78660	6.22117e-02
0.78677	6.22208e-02
0.78694	6.22387e-02
0.78710	6.22639e-02
0.78725	6.22951e-02
0.78740	6.23311e-02
0.78754	6.23707e-02
0.78767	6.24127e-02
0.78780	6.24563e-02
0.78792	6.25005e-02
0.78804	6.25443e-02
0.78828	6.24438e-02
0.78859	6.24244e-02
0.78887	6.24236e-02
0.78915	6.24284e-02
0.78943	6.24343e-02
0.78970	6.24398e-02
0.78997	6.24436e-02
0.79022	6.24285e-02
0.79048	6.24087e-02
0.79073	6.23835e-02
0.79097	6.23526e-02
0.79122	6.23155e-02
0.79144	6.22633e-02
0.79166	6.22041e-02
0.79187	6.21374e-02
0.79206	6.20477e-02
0.79225	6.19524e-02
0.79243	6.18523e-02
0.79259	6.17480e-02
0.79275	6.16404e-02
0.79290	6.15304e-02
0.79296	6.14493e-02
0.79300	6.13703e-02
0.79302	6.12938e-02
0.79302	6.12202e-02
0.79301	6.11501e-02
0.79310	6.09966e-02
0.79316	6.08684e-02
0.79320	6.07573e-02
0.79321	6.06618e-02
0.79321	6.05811e-02
0.79318	6.05146e-02
0.79314	6.04619e-02
0.79307	6.04225e-02
0.79299	6.03962e-02
0.79290	6.03827e-02
0.79279	6.03817e-02
0.79267	6.03929e-02
0.79253	6.04161e-02
0.79238	6.04510e-02
0.79223	6.04973e-02
0.79206	6.05544e-02
0.79188	6.06220e-02
0.79170	6.06993e-02
0.79151	6.07846e-02
0.79131	6.08782e-02
0.79111	6.09790e-02
0.79091	6.10860e-02
0.79072	6.11979e-02
0.79053	6.13136e-02
0.79034	6.14320e-02
0.79017	6.15523e-02
0.79001	6.16742e-02
0.78986	6.17977e-02
0.78972	6.19238e-02
0.78960	6.20539e-02
0.78948	6.21898e-02
0.78938	6.23337e-02
0.78928	6.24877e-02
0.78919	6.26535e-02
0.78909	6.28323e-02
0.78900	6.30246e-02
0.78890	6.32305e-02
0.78879	6.34494e-02
0.78868	6.36804e-02
0.78857	6.39222e-02
0.78845	6.41735e-02
0.78830	6.44412e-02
0.78815	6.47169e-02
0.78799	6.49991e-02
0.78783	6.52862e-02
0.78766	6.55768e-02
0.78748	6.58697e-02
0.78731	6.61635e-02
0.78713	6.64572e-02
0.78695	6.67494e-02
0.78699	6.68998e-02
0.78701	6.70693e-02
0.78701	6.72512e-02
0.78699	6.74424e-02
0.78696	6.76397e-02
0.78692	6.78404e-02
0.78687	6.80420e-02
0.78682	6.82420e-02
0.78676	6.84386e-02
0.78670	6.86299e-02
0.78664	6.88143e-02
0.78658	6.89904e-02
0.78653	6.91570e-02
0.78647	6.93077e-02
0.78641	6.94460e-02
0.78637	6.95713e-02
0.78633	6.96831e-02
0.78630	6.97810e-02
0.78628	6.98648e-02
0.78624	6.99453e-02
0.78621	7.00128e-02
0.78619	7.00670e-02
0.78617	7.01076e-02
0.78615	7.01342e-02
0.78647	7.00804e-02
0.78669	7.00214e-02
0.78688	6.99515e-02
0.78705	6.98666e-02
0.78722	6.97646e-02
0.78736	6.96370e-02
0.78749	6.94894e-02
0.78761	6.93213e-02
0.78772	6.91321e-02
0.78783	6.89213e-02
0.78793	6.86887e-02
0.78827	6.83122e-02
0.78857	6.79069e-02
0.78886	6.74871e-02
0.78913	6.70521e-02
0.78938	6.66015e-02
0.78962	6.61345e-02
0.78984	6.56507e-02
0.79006	6.51496e-02
0.79026	6.46307e-02
0.79045	6.40935e-02
0.79063	6.35378e-02
0.79080	6.29630e-02
0.79096	6.23690e-02
0.79112	6.17554e-02
0.79127	6.11220e-02
0.79139	6.05574e-02
0.79150	5.99692e-02
0.79162	5.93568e-02
0.79173	5.87204e-02
0.79200	5.80460e-02
0.79225	5.73524e-02
0.79248	5.66376e-02
0.79269	5.59008e-02
0.79290	5.51417e-02
0.79311	5.43605e-02
0.79332	5.35576e-02
0.79353	5.27336e-02
0.79375	5.18895e-02
0.79397	5.10266e-02
0.79419	5.01462e-02
0.79442	4.92504e-02
0.79464	4.83413e-02
0.79487	4.74218e-02
0.79510	4.64971e-02
0.79533	4.55687e-02
0.79555	4.46404e-02
0.79578	4.37166e-02
0.79600	4.28018e-02
0.79622	4.19007e-02
0.79643	4.10184e-02
0.79664	4.01594e-02
0.79683	3.93284e-02
0.79702	3.85296e-02
0.79720	3.77670e-02
0.79737	3.70438e-02
0.79752	3.63630e-02
0.79767	3.57266e-02
0.79780	3.51364e-02
0.79792	3.45934e-02
0.79802	3.40980e-02
0.79812	3.36503e-02
0.79819	3.32448e-02
0.79826	3.28859e-02
0.79811	3.25575e-02
0.79803	3.22857e-02
0.79813	3.20604e-02
0.79846	3.18927e-02
0.79887	3.18010e-02
0.79920	3.17667e-02
0.79943	3.17613e-02
0.79959	3.17790e-02
0.79972	3.18216e-02
0.79982	3.18900e-02
0.79990	3.19837e-02
0.79997	3.21015e-02
0.80002	3.22528e-02
0.80005	3.24275e-02
0.80007	3.26236e-02
0.80006	3.28176e-02
0.80004	3.30295e-02
0.80001	3.32583e-02
0.79997	3.35030e-02
0.79993	3.37624e-02
0.79987	3.40357e-02
0.79981	3.43221e-02
0.79974	3.46208e-02
0.79967	3.49313e-02
0.79959	3.52528e-02
0.79972	3.52164e-02
0.79981	3.52538e-02
0.79988	3.53308e-02
0.79993	3.54359e-02
0.79997	3.55626e-02
0.80001	3.57110e-02
0.80003	3.58792e-02
0.80006	3.60654e-02
0.80008	3.62675e-02
0.80009	3.64835e-02
0.80011	3.67111e-02
0.80013	3.69480e-02
0.80016	3.71918e-02
0.80019	3.74402e-02
0.80022	3.76906e-02
0.80027	3.79407e-02
0.80032	3.81882e-02
0.80039	3.84310e-02
0.80047	3.86673e-02
0.80056	3.88953e-02
0.80067	3.91141e-02
0.80079	3.93226e-02
0.80093	3.95206e-02
0.80107	3.96940e-02
0.80123	3.98553e-02
0.80139	4.00051e-02
0.80157	4.01443e-02
0.80176	4.02738e-02
0.80196	4.03947e-02
0.80217	4.05081e-02
0.80238	4.06151e-02
0.80260	4.07168e-02
0.80314	4.09803e-02
0.80355	4.11848e-02
0.80393	4.13642e-02
0.80427	4.15298e-02
0.80460	4.16843e-02
0.80535	4.12914e-02
0.80596	4.10486e-02
0.80651	4.08607e-02
0.80701	4.07058e-02
0.80747	4.05746e-02
0.80786	4.04620e-02
0.80822	4.03613e-02
0.80854	4.02677e-02
0.80882	4.01769e-02
0.80908	4.00854e-02
0.80930	3.99904e-02
0.80951	3.98893e-02
0.80969	3.97801e-02
0.80985	3.96613e-02
0.80999	3.95312e-02
0.81012	3.93888e-02
0.81024	3.92331e-02
0.81035	3.90632e-02
0.81044	3.89095e-02
0.81051	3.87418e-02
0.81071	3.86494e-02
0.81091	3.85408e-02
0.81109	3.84179e-02
0.81128	3.82818e-02
0.81147	3.81340e-02
0.81167	3.79756e-02
0.81187	3.78079e-02
0.81208	3.76324e-02
0.81229	3.74505e-02
0.81251	3.72635e-02
0.81275	3.70729e-02
0.81299	3.68799e-02
0.81323	3.66856e-02
0.81349	3.64911e-02
0.81374	3.62972e-02
0.81400	3.61045e-02
0.81426	3.59138e-02
0.81452	3.57254e-02
0.81485	3.56385e-02
0.81516	3.55409e-02
0.81546	3.54333e-02
0.81574	3.53161e-02
0.81601	3.51899e-02
0.81625	3.50553e-02
0.81649	3.49130e-02
0.81670	3.47641e-02
0.81690	3.46095e-02
0.81709	3.44505e-02
0.81726	3.42883e-02
0.81742	3.41239e-02
0.81787	3.39960e-02
0.81828	3.38820e-02
0.81865	3.37794e-02
0.81900	3.36798e-02
0.81931	3.35877e-02
0.81960	3.35018e-02
0.81987	3.34212e-02
0.82011	3.33451e-02
0.82034	3.32730e-02
0.82054	3.32044e-02
0.82073	3.31392e-02
0.82090	3.30772e-02
0.82106	3.30188e-02
0.82120	3.29699e-02
0.82136	3.29902e-02
0.82151	3.29937e-02
0.82163	3.29865e-02
0.82173	3.29716e-02
0.82181	3.29513e-02
0.82188	3.29275e-02
0.82194	3.29019e-02
0.82198	3.28760e-02
0.82202	3.28514e-02
0.82204	3.28295e-02
0.82205	3.28117e-02
0.82206	3.27994e-02
0.82206	3.27938e-02
0.82205	3.27960e-02
0.82203	3.28073e-02
0.82200	3.28289e-02
0.82198	3.28616e-02
0.82194	3.29067e-02
0.82190	3.29651e-02
0.82185	3.30376e-02
0.82180	3.31253e-02
0.82175	3.32289e-02
0.82191	3.31902e-02
0.82202	3.32220e-02
0.82211	3.33056e-02
0.82218	3.34343e-02
0.82223	3.36046e-02
0.82227	3.38140e-02
0.82229	3.40603e-02
0.82230	3.43413e-02
0.82230	3.46553e-02
0.82226	3.49880e-02
0.82221	3.53483e-02
0.82228	3.59137e-02
0.82228	3.64382e-02
0.82225	3.69573e-02
0.82220	3.74911e-02
0.82213	3.80375e-02
0.82204	3.86000e-02
0.82193	3.91760e-02
0.82182	3.97653e-02
0.82169	4.03672e-02
0.82154	4.09811e-02
0.82139	4.16061e-02
0.82123	4.22418e-02
0.82106	4.28872e-02
0.82087	4.35417e-02
0.82068	4.42044e-02
0.82048	4.48744e-02
0.82027	4.55510e-02
0.82005	4.62333e-02
0.81983	4.69202e-02
0.81960	4.76109e-02
0.81936	4.83043e-02
0.81911	4.90077e-02
0.81886	4.97124e-02
0.81858	5.04232e-02
0.81829	5.11330e-02
0.81799	5.18408e-02
0.81769	5.25452e-02
0.81738	5.32450e-02
0.81707	5.39389e-02
0.81675	5.46258e-02
0.81643	5.53044e-02
0.81610	5.59735e-02
0.81578	5.66320e-02
0.81544	5.72785e-02
0.81511	5.79120e-02
0.81475	5.85213e-02
0.81440	5.91146e-02
0.81404	5.96908e-02
0.81368	6.02489e-02
0.81332	6.07879e-02
0.81296	6.13067e-02
0.81259	6.18044e-02
0.81223	6.22800e-02
0.81187	6.27326e-02
0.81151	6.31613e-02
0.81115	6.35652e-02
0.81079	6.39437e-02
0.81043	6.42958e-02
0.81008	6.46210e-02
0.80972	6.49187e-02
0.80938	6.51881e-02
0.80903	6.54289e-02
0.80869	6.56404e-02
0.80836	6.58224e-02
0.80803	6.59745e-02
0.80770	6.60963e-02
0.80738	6.61877e-02
0.80707	6.62485e-02
0.80676	6.62785e-02
0.80646	6.62778e-02
0.80616	6.62464e-02
0.80588	6.61843e-02
0.80560	6.60918e-02
0.80533	6.59689e-02
0.80507	6.58161e-02
0.80481	6.56336e-02
0.80457	6.54219e-02
0.80433	6.51814e-02
0.80410	6.49126e-02
0.80388	6.46161e-02
0.80368	6.42926e-02
0.80348	6.39428e-02
0.80329	6.35673e-02
0.80311	6.31671e-02
0.80294	6.27429e-02
0.80278	6.22957e-02
0.80263	6.18264e-02
0.80249	6.13360e-02
0.80236	6.08256e-02
0.80224	6.02962e-02
0.80213	5.97490e-02
0.80203	5.91851e-02
0.80195	5.86057e-02
0.80187	5.80121e-02
0.80180	5.74054e-02
0.80174	5.67871e-02
0.80169	5.61584e-02
0.80166	5.55207e-02
0.80163	5.48752e-02
0.80161	5.42194e-02
0.80159	5.35589e-02
0.80159	5.28952e-02
0.80160	5.22297e-02
0.80161	5.15638e-02
0.80164	5.08989e-02
0.80167	5.02365e-02
0.80171	4.95781e-02
0.80176	4.89250e-02
0.80200	4.83397e-02
0.80215	4.77371e-02
0.80224	4.70979e-02
0.80232	4.64614e-02
0.80241	4.58316e-02
0.80249	4.52087e-02
0.80258	4.46007e-02
0.80300	4.39810e-02
0.80339	4.33802e-02
0.80376	4.27976e-02
0.80411	4.22329e-02
0.80445	4.16862e-02
0.80477	4.11578e-02
0.80508	4.06484e-02
0.80538	4.01587e-02
0.80567	3.96894e-02
0.80624	3.89239e-02
0.80667	3.83152e-02
0.80705	3.77736e-02
0.80740	3.72700e-02
0.80775	3.67970e-02
0.80808	3.63535e-02
0.80840	3.59396e-02
0.80869	3.55735e-02
0.80898	3.52406e-02
0.80924	3.49234e-02
0.80948	3.46391e-02
0.80972	3.43881e-02
0.80995	3.41707e-02
0.81017	3.39872e-02
0.81038	3.38378e-02
0.81059	3.37226e-02
0.81079	3.36417e-02
0.81098	3.35951e-02
0.81116	3.35826e-02
0.81133	3.36041e-02
0.81150	3.36591e-02
0.81179	3.37348e-02
0.81205	3.38531e-02
0.81228	3.40104e-02
0.81250	3.42044e-02
0.81271	3.44333e-02
0.81289	3.46955e-02
0.81307	3.49891e-02
0.81323	3.53125e-02
0.81338	3.56642e-02
0.81352	3.60424e-02
0.81364	3.64457e-02
0.81376	3.68725e-02
0.81387	3.73212e-02
0.81396	3.77905e-02
0.81405	3.82788e-02
0.81412	3.87818e-02
0.81419	3.93009e-02
0.81424	3.98350e-02
0.81429	4.03827e-02
0.81433	4.09429e-02
0.81436	4.15145e-02
0.81437	4.20963e-02
0.81439	4.26870e-02
0.81439	4.32854e-02
0.81438	4.38904e-02
0.81437	4.45008e-02
0.81436	4.51153e-02
0.81433	4.57327e-02
0.81431	4.63517e-02
0.81427	4.69711e-02
0.81423	4.75893e-02
0.81419	4.82050e-02
0.81414	4.88168e-02
0.81409	4.94232e-02
0.81404	5.00225e-02
0.81398	5.06133e-02
0.81392	5.11938e-02
0.81386	5.17625e-02
0.81379	5.23176e-02
0.81373	5.28574e-02
0.81366	5.33804e-02
0.81360	5.38848e-02
0.81353	5.43690e-02
0.81347	5.48315e-02
0.81340	5.52707e-02
0.81334	5.56854e-02
0.81328	5.60743e-02
0.81323	5.64364e-02
0.81317	5.67708e-02
0.81312	5.70769e-02
0.81308	5.73541e-02
0.81303	5.76023e-02
0.81299	5.78214e-02
0.81295	5.80117e-02
0.81292	5.81734e-02
0.81288	5.83071e-02
0.81285	5.84135e-02
0.81282	5.84931e-02
0.81279	5.85469e-02
0.81276	5.85755e-02
0.81273	5.85797e-02
0.81269	5.85602e-02
0.81266	5.85177e-02
0.81260	5.84451e-02
0.81253	5.83503e-02
0.81246	5.82314e-02
0.81238	5.80911e-02
0.81230	5.79297e-02
0.81251	5.73923e-02
0.81264	5.69444e-02
0.81284	5.64516e-02
0.81301	5.59760e-02
0.81316	5.55086e-02
0.81326	5.50319e-02
0.81334	5.45464e-02
0.81340	5.40562e-02
0.81344	5.35602e-02
0.81347	5.30572e-02
0.81349	5.25466e-02
0.81349	5.20281e-02
0.81349	5.15013e-02
0.81347	5.09657e-02
0.81344	5.04215e-02
0.81341	4.98687e-02
0.81336	4.93075e-02
0.81331	4.87380e-02
0.81324	4.81933e-02
0.81316	4.76431e-02
0.81307	4.70872e-02
0.81297	4.65259e-02
0.81286	4.59595e-02
0.81275	4.53881e-02
0.81263	4.48121e-02
0.81250	4.42314e-02
0.81236	4.36461e-02
0.81222	4.30564e-02
0.81207	4.24620e-02
0.81191	4.18631e-02
0.81175	4.12596e-02
0.81158	4.06516e-02
0.81141	4.00390e-02
0.81123	3.94221e-02
0.81105	3.88013e-02
0.81087	3.81768e-02
0.81068	3.75495e-02
0.81049	3.69202e-02
0.81029	3.62901e-02
0.81009	3.56607e-02
0.80990	3.50337e-02
0.80970	3.44112e-02
0.80949	3.37955e-02
0.80929	3.31891e-02
0.80908	3.25948e-02
0.80887	3.20154e-02
0.80866	3.14538e-02
0.80844	3.09129e-02
0.80822	3.03954e-02
0.80799	2.99041e-02
0.80777	2.94413e-02
0.80753	2.90092e-02
0.80729	2.86134e-02
0.80703	2.82525e-02
0.80678	2.79274e-02
0.80651	2.76389e-02
0.80624	2.73871e-02
0.80596	2.71722e-02
0.80567	2.69936e-02
0.80538	2.68508e-02
0.80508	2.67427e-02
0.80478	2.66682e-02
0.80447	2.66259e-02
0.80415	2.66144e-02
0.80383	2.66320e-02
0.80350	2.66771e-02
0.80317	2.67480e-02
0.80283	2.68430e-02
0.80249	2.69605e-02
0.80215	2.70990e-02
0.80180	2.72569e-02
0.80145	2.74328e-02
0.80109	2.76255e-02
0.80074	2.78339e-02
0.80038	2.80568e-02
0.80002	2.82934e-02
0.79966	2.85428e-02
0.79930	2.88042e-02
0.79894	2.90772e-02
0.79858	2.93612e-02
0.79822	2.96556e-02
0.79786	2.99603e-02
0.79750	3.02748e-02
0.79715	3.05988e-02
0.79680	3.09323e-02
0.79645	3.12749e-02
0.79611	3.16265e-02
0.79577	3.19870e-02
0.79543	3.23560e-02
0.79510	3.27336e-02
0.79477	3.31193e-02
0.79445	3.35131e-02
0.79414	3.39147e-02
0.79383	3.43237e-02
0.79353	3.47398e-02
0.79345	3.52966e-02
0.79329	3.58037e-02
0.79311	3.62862e-02
0.79292	3.67585e-02
0.79272	3.72237e-02
0.79271	3.75532e-02
0.79267	3.78959e-02
0.79262	3.82377e-02
0.79257	3.85767e-02
0.79252	3.89118e-02
0.79259	3.91957e-02
0.79265	3.94674e-02
0.79270	3.97383e-02
0.79276	4.00077e-02
0.79281	4.02748e-02
0.79286	4.05392e-02
0.79292	4.08007e-02
0.79297	4.10588e-02
0.79303	4.13132e-02
0.79309	4.15638e-02
0.79315	4.18102e-02
0.79322	4.20520e-02
0.79328	4.22890e-02
0.79334	4.25384e-02
0.79340	4.27835e-02
0.79346	4.30236e-02
0.79352	4.32581e-02
0.79357	4.34994e-02
0.79362	4.37345e-02
0.79367	4.39624e-02
0.79372	4.41825e-02
0.79377	4.43941e-02
0.79383	4.45963e-02
0.79389	4.47887e-02
0.79396	4.49706e-02
0.79402	4.51415e-02
0.79409	4.53009e-02
0.79417	4.54483e-02
0.79425	4.55834e-02
0.79434	4.57060e-02
0.79443	4.58158e-02
0.79452	4.59126e-02
0.79463	4.59965e-02
0.79473	4.60674e-02
0.79485	4.61254e-02
0.79497	4.61707e-02
0.79509	4.62035e-02
0.79522	4.62241e-02
0.79536	4.62328e-02
0.79550	4.62303e-02
0.79565	4.62168e-02
0.79581	4.61931e-02
0.79597	4.61597e-02
0.79614	4.61173e-02
0.79631	4.60666e-02
0.79648	4.60085e-02
0.79666	4.59436e-02
0.79684	4.58701e-02
0.79701	4.57911e-02
0.79719	4.57074e-02
0.79738	4.56199e-02
0.79767	4.54129e-02
0.79797	4.52138e-02
0.79826	4.50196e-02
0.79855	4.48300e-02
0.79883	4.46453e-02
0.79912	4.44658e-02
0.79940	4.42924e-02
0.79968	4.41256e-02
0.79996	4.39661e-02
0.80023	4.38148e-02
0.80050	4.36724e-02
0.80077	4.35396e-02
0.80103	4.34172e-02
0.80129	4.33057e-02
0.80154	4.32059e-02
0.80179	4.31181e-02
0.80203	4.30429e-02
0.80226	4.29806e-02
0.80248	4.29314e-02
0.80270	4.28956e-02
0.80291	4.28731e-02
0.80312	4.28641e-02
0.80331	4.28684e-02
0.80350	4.28859e-02
0.80367	4.29163e-02
0.80384	4.29593e-02
0.80400	4.30147e-02
0.80415	4.30818e-02
0.80429	4.31604e-02
0.80443	4.32499e-02
0.80455	4.33497e-02
0.80467	4.34594e-02
0.80477	4.35782e-02
0.80487	4.37056e-02
0.80495	4.38410e-02
0.80503	4.39837e-02
0.80510	4.41331e-02
0.80516	4.42886e-02
0.80521	4.44496e-02
0.80522	4.45981e-02
0.80522	4.47494e-02
0.80520	4.49016e-02
0.80518	4.50557e-02
0.80514	4.52114e-02
0.80523	4.54164e-02
0.80530	4.56207e-02
0.80552	4.59122e-02
0.80567	4.61652e-02
0.80578	4.64022e-02
0.80586	4.66223e-02
0.80617	4.70164e-02
0.80638	4.73518e-02
0.80652	4.76533e-02
0.80663	4.79332e-02
0.80671	4.81968e-02
0.80676	4.84462e-02
0.80697	4.85120e-02
0.80715	4.85777e-02
0.80731	4.86445e-02
0.80744	4.87133e-02
0.80755	4.87851e-02
0.80763	4.88607e-02
0.80769	4.89408e-02
0.80772	4.90259e-02
0.80774	4.91163e-02
0.80774	4.92123e-02
0.80771	4.93143e-02
0.80767	4.94218e-02
0.80761	4.95347e-02
0.80753	4.96529e-02
0.80744	4.97761e-02
0.80734	4.99040e-02
0.80722	5.00276e-02
0.80708	5.01537e-02
0.80694	5.02825e-02
0.80678	5.04136e-02
0.80662	5.05470e-02
0.80646	5.06823e-02
0.80629	5.08193e-02
0.80611	5.09577e-02
0.80594	5.10973e-02
0.80576	5.12376e-02
0.80558	5.13782e-02
0.80540	5.15189e-02
0.80522	5.16591e-02
0.80504	5.17984e-02
0.80485	5.19363e-02
0.80467	5.20722e-02
0.80448	5.22056e-02
0.80429	5.23360e-02
0.80410	5.24629e-02
0.80391	5.25859e-02
0.80372	5.27043e-02
0.80353	5.28179e-02
0.80334	5.29262e-02
0.80315	5.30289e-02
0.80317	5.30090e-02
0.80329	5.31154e-02
0.80334	5.32301e-02
0.80336	5.33427e-02
0.80338	5.34498e-02
0.80339	5.35499e-02
0.80340	5.36418e-02
0.80342	5.37245e-02
0.80344	5.37972e-02
0.80346	5.38591e-02
0.80349	5.39099e-02
0.80353	5.39491e-02
0.80357	5.39766e-02
0.80363	5.39925e-02
0.80370	5.39969e-02
0.80377	5.39902e-02
0.80386	5.39732e-02
0.80396	5.39463e-02
0.80407	5.39106e-02
0.80442	5.32835e-02
0.80476	5.26981e-02
0.80510	5.21330e-02
0.80544	5.15867e-02
0.80579	5.10621e-02
0.80613	5.05628e-02
0.80648	5.00913e-02
0.80682	4.96497e-02
0.80716	4.92394e-02
0.80748	4.88649e-02
0.80780	4.85230e-02
0.80813	4.82133e-02
0.80845	4.79352e-02
0.80878	4.76877e-02
0.80911	4.74692e-02
0.80945	4.72781e-02
0.80986	4.71842e-02
0.81027	4.71086e-02
0.81068	4.70497e-02
0.81109	4.70058e-02
0.81151	4.69744e-02
0.81192	4.69533e-02
0.81234	4.69401e-02
0.81275	4.69324e-02
0.81317	4.69288e-02
0.81358	4.69266e-02
0.81411	4.70055e-02
0.81458	4.70463e-02
0.81503	4.70654e-02
0.81547	4.70698e-02
0.81589	4.70625e-02
0.81631	4.70448e-02
0.81672	4.70166e-02
0.81712	4.69776e-02
0.81750	4.69268e-02
0.81788	4.68630e-02
0.81825	4.67845e-02
0.81860	4.66899e-02
0.81894	4.65774e-02
0.81926	4.64458e-02
0.81956	4.62939e-02
0.81983	4.61137e-02
0.82008	4.59117e-02
0.82031	4.56882e-02
0.82052	4.54457e-02
0.82071	4.51836e-02
0.82087	4.49032e-02
0.82102	4.46058e-02
0.82115	4.42932e-02
0.82126	4.39671e-02
0.82135	4.36293e-02
0.82142	4.32817e-02
0.82147	4.29261e-02
0.82151	4.25643e-02
0.82153	4.21982e-02
0.82154	4.18295e-02
0.82152	4.14598e-02
0.82148	4.11025e-02
0.82141	4.07495e-02
0.82132	4.04023e-02
0.82122	4.00622e-02
0.82110	3.97303e-02
0.82096	3.94080e-02
0.82081	3.90965e-02
0.82063	3.87967e-02
0.82044	3.85099e-02
0.82023	3.82369e-02
0.82001	3.79786e-02
0.81977	3.77357e-02
0.81951	3.75091e-02
0.81923	3.72993e-02
0.81894	3.71069e-02
0.81863	3.69322e-02
0.81830	3.67756e-02
0.81796	3.66374e-02
0.81760	3.65176e-02
0.81723	3.64163e-02
0.81684	3.63335e-02
0.81644	3.62690e-02
0.81602	3.62225e-02
0.81559	3.61937e-02
0.81514	3.61847e-02
0.81467	3.61833e-02
0.81418	3.61989e-02
0.81368	3.62309e-02
0.81317	3.62783e-02
0.81265	3.63406e-02
0.81212	3.64168e-02
0.81157	3.65060e-02
0.81102	3.66073e-02
0.81046	3.67198e-02
0.80990	3.68425e-02
0.80932	3.69744e-02
0.80874	3.71145e-02
0.80816	3.72617e-02
0.80757	3.74150e-02
0.80697	3.75735e-02
0.80638	3.77359e-02
0.80578	3.79014e-02
0.80518	3.80689e-02
0.80457	3.82447e-02
0.80396	3.84208e-02
0.80335	3.85960e-02
0.80274	3.87694e-02
0.80214	3.89400e-02
0.80153	3.91069e-02
0.80094	3.92692e-02
0.80034	3.94260e-02
0.79975	3.95766e-02
0.79913	3.96791e-02
0.79852	3.97702e-02
0.79791	3.98506e-02
0.79731	3.99203e-02
0.79671	3.99789e-02
0.79613	4.00261e-02
0.79556	4.00614e-02
0.79499	4.00823e-02
0.79444	4.00909e-02
0.79390	4.00868e-02
0.79337	4.00698e-02
0.79286	4.00397e-02
0.79236	3.99964e-02
0.79188	3.99397e-02
0.79141	3.98694e-02
0.79106	3.97163e-02
0.79073	3.95526e-02
0.79039	3.93599e-02
0.79006	3.91540e-02
0.78974	3.89352e-02
0.78943	3.87036e-02
0.78914	3.84594e-02
0.78885	3.82029e-02
0.78858	3.79343e-02
0.78833	3.76539e-02
0.78808	3.73610e-02
0.78786	3.70570e-02
0.78765	3.67424e-02
0.78746	3.64178e-02
0.78728	3.60836e-02
0.78712	3.57406e-02
0.78699	3.53893e-02
0.78685	3.50437e-02
0.78673	3.46940e-02
0.78663	3.43407e-02
0.78654	3.39904e-02
0.78646	3.36385e-02
0.78640	3.32854e-02
0.78636	3.29320e-02
0.78633	3.25792e-02
0.78632	3.22278e-02
0.78633	3.18789e-02
0.78635	3.15335e-02
0.78639	3.11928e-02
0.78645	3.08578e-02
0.78652	3.05298e-02
0.78660	3.02163e-02
0.78669	2.99122e-02
0.78680	2.96186e-02
0.78693	2.93370e-02
0.78707	2.90685e-02
0.78722	2.88144e-02
0.78739	2.85758e-02
0.78778	2.85988e-02
0.78806	2.84939e-02
0.78830	2.83431e-02
0.78853	2.81859e-02
0.78876	2.80372e-02
0.78899	2.79029e-02
0.78924	2.77859e-02
0.78949	2.76880e-02
0.78974	2.76106e-02
0.79001	2.75548e-02
0.79028	2.75215e-02
0.79055	2.75115e-02
0.79083	2.75251e-02
0.79112	2.75605e-02
0.79140	2.76201e-02
0.79169	2.77105e-02
0.79197	2.78253e-02
0.79226	2.79643e-02
0.79255	2.81272e-02
0.79284	2.83128e-02
0.79311	2.85429e-02
0.79337	2.87974e-02
0.79363	2.90750e-02
0.79389	2.93742e-02
0.79415	2.96939e-02
0.79440	3.00327e-02
0.79465	3.03891e-02
0.79489	3.07619e-02
0.79512	3.11496e-02
0.79535	3.15508e-02
0.79558	3.19640e-02
0.79579	3.23879e-02
0.79600	3.28210e-02
0.79620	3.32619e-02
0.79640	3.37092e-02
0.79658	3.41616e-02
0.79676	3.46176e-02
0.79692	3.50759e-02
0.79725	3.54070e-02
0.79750	3.57924e-02
0.79771	3.61996e-02
0.79789	3.66148e-02
0.79805	3.70319e-02
0.79820	3.74476e-02
0.79834	3.78598e-02
0.79846	3.82666e-02
0.79856	3.86664e-02
0.79865	3.90562e-02
0.79871	3.94418e-02
0.79877	3.98162e-02
0.79878	4.02093e-02
0.79878	4.05911e-02
0.79876	4.09550e-02
0.79872	4.13047e-02
0.79867	4.16263e-02
0.79860	4.19312e-02
0.79853	4.22186e-02
0.79844	4.24876e-02
0.79835	4.27376e-02
0.79825	4.29678e-02
0.79814	4.31778e-02
0.79802	4.33669e-02
0.79790	4.35195e-02
0.79776	4.36485e-02
0.79762	4.37541e-02
0.79748	4.38361e-02
0.79733	4.38960e-02
0.79718	4.39325e-02
0.79702	4.39459e-02
0.79686	4.39365e-02
0.79671	4.39048e-02
0.79654	4.38547e-02
0.79638	4.37841e-02
0.79621	4.36937e-02
0.79603	4.35844e-02
0.79586	4.34570e-02
0.79568	4.33125e-02
0.79550	4.31516e-02
0.79531	4.29752e-02
0.79512	4.27841e-02
0.79493	4.25791e-02
0.79473	4.23608e-02
0.79453	4.21301e-02
0.79433	4.18876e-02
0.79412	4.16341e-02
0.79392	4.13701e-02
0.79371	4.10966e-02
0.79350	4.08141e-02
0.79329	4.05234e-02
0.79308	4.02254e-02
0.79287	3.99207e-02
0.79266	3.96101e-02
0.79246	3.92946e-02
0.79226	3.89748e-02
0.79206	3.86518e-02
0.79187	3.83262e-02
0.79168	3.79990e-02
0.79150	3.76711e-02
0.79133	3.73433e-02
0.79116	3.70166e-02
0.79099	3.66923e-02
0.79082	3.63698e-02
0.79066	3.60498e-02
0.79050	3.57329e-02
0.79036	3.54197e-02
0.79021	3.51107e-02
0.79008	3.48066e-02
0.78995	3.45079e-02
0.78983	3.42153e-02
0.78971	3.39292e-02
0.78961	3.36503e-02
0.78951	3.33792e-02
0.78941	3.31162e-02
0.78933	3.28620e-02
0.78925	3.26170e-02
0.78918	3.23818e-02
0.78911	3.21568e-02
0.78905	3.19425e-02
0.78900	3.17394e-02
0.78894	3.15632e-02
0.78888	3.13997e-02
0.78883	3.12488e-02
0.78878	3.11105e-02
0.78872	3.10004e-02
0.78865	3.09054e-02
0.78859	3.08253e-02
0.78853	3.07599e-02
0.78847	3.07092e-02
0.78841	3.06733e-02
0.78835	3.06521e-02
0.78829	3.06457e-02
0.78823	3.06539e-02
0.78817	3.06769e-02
0.78811	3.07144e-02
0.78805	3.07665e-02
0.78798	3.08330e-02
0.78792	3.09137e-02
0.78785	3.10085e-02
0.78799	3.08276e-02
0.78805	3.07561e-02
0.78809	3.07325e-02
0.78812	3.07369e-02
0.78813	3.07637e-02
0.78814	3.08108e-02
0.78813	3.08773e-02
0.78812	3.09621e-02
0.78810	3.10642e-02
0.78807	3.11827e-02
0.78803	3.13165e-02
0.78799	3.14643e-02
0.78794	3.16248e-02
0.78788	3.17967e-02
0.78780	3.19931e-02
0.78771	3.21997e-02
0.78759	3.23784e-02
0.78746	3.25633e-02
0.78733	3.27541e-02
0.78718	3.29504e-02
0.78703	3.31523e-02
0.78688	3.33596e-02
0.78670	3.35700e-02
0.78651	3.37859e-02
0.78630	3.40039e-02
0.78608	3.42283e-02
0.78585	3.44590e-02
0.78561	3.46960e-02
0.78534	3.49461e-02
0.78505	3.52026e-02
0.78475	3.54644e-02
0.78442	3.57303e-02
0.78408	3.59987e-02
0.78373	3.62682e-02
0.78335	3.65374e-02
0.78296	3.68045e-02
0.78256	3.70682e-02
0.78214	3.73269e-02
0.78170	3.75794e-02
0.78126	3.78242e-02
0.78080	3.80603e-02
0.78033	3.82865e-02
0.77985	3.85019e-02
0.77936	3.87056e-02
0.77886	3.88969e-02
0.77836	3.90751e-02
0.77785	3.92396e-02
0.77734	3.93900e-02
0.77683	3.95258e-02
0.77631	3.96469e-02
0.77579	3.97528e-02
0.77527	3.98436e-02
0.77476	3.99192e-02
0.77424	3.99795e-02
0.77373	4.00246e-02
0.77322	4.00548e-02
0.77272	4.00703e-02
0.77222	4.00714e-02
0.77173	4.00584e-02
0.77124	4.00318e-02
0.77077	3.99922e-02
0.77030	3.99401e-02
0.76983	3.98711e-02
0.76938	3.97906e-02
0.76893	3.96994e-02
0.76850	3.95984e-02
0.76808	3.94886e-02
0.76767	3.93710e-02
0.76728	3.92466e-02
0.76689	3.91166e-02
0.76653	3.89821e-02
0.76617	3.88443e-02
0.76583	3.87045e-02
0.76551	3.85640e-02
0.76520	3.84241e-02
0.76491	3.82861e-02
0.76464	3.81514e-02
0.76438	3.80215e-02
0.76414	3.78977e-02
0.76392	3.77814e-02
0.76372	3.76740e-02
0.76351	3.75754e-02
0.76332	3.74898e-02
0.76315	3.74191e-02
0.76299	3.73647e-02
0.76282	3.73712e-02
0.76266	3.73986e-02
0.76252	3.74472e-02
0.76240	3.75179e-02
0.76228	3.76115e-02
0.76219	3.77286e-02
0.76211	3.78701e-02
0.76204	3.80362e-02
0.76199	3.82274e-02
0.76195	3.84439e-02
0.76192	3.86857e-02
0.76191	3.89527e-02
0.76192	3.92447e-02
0.76193	3.95613e-02
0.76196	3.99019e-02
0.76248	3.98842e-02
0.76288	3.99995e-02
0.76320	4.01985e-02
0.76348	4.04466e-02
0.76376	4.07260e-02
0.76416	4.09431e-02
0.76457	4.11847e-02
0.76498	4.14472e-02
0.76539	4.17288e-02
0.76580	4.20279e-02
0.76622	4.23434e-02
0.76663	4.26744e-02
0.76704	4.30200e-02
0.76745	4.33788e-02
0.76785	4.37499e-02
0.76824	4.41317e-02
0.76873	4.46684e-02
0.76920	4.52044e-02
0.76966	4.57393e-02
0.77011	4.62715e-02
0.77054	4.67993e-02
0.77094	4.73326e-02
0.77133	4.78571e-02
0.77169	4.83739e-02
0.77202	4.88758e-02
0.77234	4.93681e-02
0.77263	4.98498e-02
0.77291	5.03197e-02
0.77337	5.07352e-02
0.77380	5.11543e-02
0.77421	5.15728e-02
0.77460	5.19884e-02
0.77497	5.23997e-02
0.77532	5.28054e-02
0.77566	5.32043e-02
0.77598	5.35951e-02
0.77628	5.39766e-02
0.77656	5.43474e-02
0.77683	5.47058e-02
0.77707	5.50503e-02
0.77728	5.53791e-02
0.77748	5.56919e-02
0.77765	5.59852e-02
0.77779	5.62572e-02
0.77791	5.65058e-02
0.77801	5.67292e-02
0.77807	5.69257e-02
0.77811	5.70934e-02
0.77812	5.72309e-02
0.77811	5.73369e-02
0.77806	5.74104e-02
0.77799	5.74505e-02
0.77790	5.74565e-02
0.77777	5.74281e-02
0.77763	5.73652e-02
0.77745	5.72676e-02
0.77726	5.71355e-02
0.77704	5.69692e-02
0.77681	5.67691e-02
0.77655	5.65356e-02
0.77627	5.62693e-02
0.77598	5.59708e-02
0.77566	5.56212e-02
0.77531	5.52395e-02
0.77496	5.48266e-02
0.77459	5.43834e-02
0.77420	5.39107e-02
0.77381	5.34094e-02
0.77340	5.28804e-02
0.77299	5.23247e-02
0.77256	5.17432e-02
0.77213	5.11371e-02
0.77170	5.05074e-02
0.77126	4.98554e-02
0.77081	4.91821e-02
0.77036	4.84890e-02
0.76991	4.77772e-02
0.76946	4.70481e-02
0.76902	4.63032e-02
0.76857	4.55440e-02
0.76813	4.47718e-02
0.76769	4.39915e-02
0.76726	4.32013e-02
0.76683	4.24028e-02
0.76641	4.15979e-02
0.76600	4.07882e-02
0.76561	3.99757e-02
0.76522	3.91623e-02
0.76485	3.83499e-02
0.76449	3.75405e-02
0.76415	3.67362e-02
0.76382	3.59391e-02
0.76352	3.51511e-02
0.76323	3.43746e-02
0.76296	3.36115e-02
0.76271	3.28639e-02
0.76248	3.21342e-02
0.76228	3.14244e-02
0.76210	3.07367e-02
0.76194	3.00730e-02
0.76181	2.94355e-02
0.76170	2.88260e-02
0.76162	2.82464e-02
0.76157	2.76982e-02
0.76155	2.71830e-02
0.76172	2.69384e-02
0.76188	2.66862e-02
0.76204	2.64503e-02
0.76222	2.62398e-02
0.76242	2.60573e-02
0.76263	2.59171e-02
0.76285	2.58057e-02
0.76310	2.57213e-02
0.76337	2.56621e-02
0.76366	2.56261e-02
0.76398	2.56117e-02
0.76431	2.56168e-02
0.76466	2.56397e-02
0.76504	2.56784e-02
0.76544	2.57310e-02
0.76586	2.57956e-02
0.76643	2.57816e-02
0.76701	2.57835e-02
0.76763	2.57986e-02
0.76827	2.58260e-02
0.76894	2.58648e-02
0.76963	2.59141e-02
0.77034	2.59725e-02
0.77106	2.60286e-02
0.77180	2.60911e-02
0.77254	2.61825e-02
0.77329	2.62764e-02
0.77405	2.63708e-02
0.77482	2.64640e-02
0.77561	2.65545e-02
0.77640	2.66409e-02
0.77719	2.67222e-02
0.77800	2.67976e-02
0.77880	2.68666e-02
0.77961	2.69289e-02
0.78042	2.69846e-02
0.78124	2.70338e-02
0.78205	2.70770e-02
0.78286	2.71148e-02
0.78367	2.71479e-02
0.78448	2.71774e-02
0.78529	2.72043e-02
0.78609	2.72297e-02
0.78688	2.72549e-02
0.78767	2.72813e-02
0.78845	2.73102e-02
0.78922	2.73431e-02
0.78998	2.73815e-02
0.79073	2.74267e-02
0.79147	2.74803e-02
0.79219	2.75436e-02
0.79290	2.76181e-02
0.79359	2.77050e-02
0.79426	2.78055e-02
0.79492	2.79209e-02
0.79556	2.80520e-02
0.79617	2.81999e-02
0.79686	2.84033e-02
0.79752	2.86289e-02
0.79815	2.88753e-02
0.79874	2.91417e-02
0.79930	2.94270e-02
0.79983	2.97306e-02
0.80033	3.00516e-02
0.80079	3.03896e-02
0.80123	3.07440e-02
0.80163	3.11143e-02
0.80200	3.15001e-02
0.80233	3.19007e-02
0.80264	3.23157e-02
0.80292	3.27444e-02
0.80316	3.31860e-02
0.80338	3.36399e-02
0.80356	3.41051e-02
0.80372	3.45805e-02
0.80384	3.50652e-02
0.80392	3.55641e-02
0.80397	3.60706e-02
0.80399	3.65829e-02
0.80397	3.70991e-02
0.80393	3.76175e-02
0.80385	3.81359e-02
0.80374	3.86523e-02
0.80359	3.91643e-02
0.80342	3.96698e-02
0.80321	4.01663e-02
0.80297	4.06515e-02
0.80269	4.11233e-02
0.80239	4.15794e-02
0.80204	4.20151e-02
0.80166	4.24313e-02
0.80124	4.28263e-02
0.80079	4.31985e-02
0.80031	4.35466e-02
0.79980	4.38781e-02
0.79923	4.41619e-02
0.79863	4.44173e-02
0.79800	4.46439e-02
0.79734	4.48415e-02
0.79665	4.50100e-02
0.79594	4.51492e-02
0.79520	4.52593e-02
0.79443	4.53339e-02
0.79364	4.53788e-02
0.79283	4.53944e-02
0.79198	4.54089e-02
0.79112	4.53994e-02
0.79024	4.53656e-02
0.78934	4.53078e-02
0.78843	4.52264e-02
0.78751	4.51219e-02
0.78658	4.49948e-02
0.78565	4.48458e-02
0.78471	4.46757e-02
0.78377	4.44852e-02
0.78282	4.42752e-02
0.78186	4.40615e-02
0.78090	4.38294e-02
0.77995	4.35814e-02
0.77899	4.33185e-02
0.77805	4.30420e-02
0.77711	4.27529e-02
0.77618	4.24525e-02
0.77543	4.22526e-02
0.77466	4.20278e-02
0.77389	4.17877e-02
0.77312	4.15377e-02
0.77236	4.12811e-02
0.77162	4.10200e-02
0.77088	4.07560e-02
0.77016	4.04907e-02
0.76946	4.02251e-02
0.76877	3.99606e-02
0.76811	3.96982e-02
0.76746	3.94390e-02
0.76683	3.91843e-02
0.76622	3.89351e-02
0.76563	3.86927e-02
0.76507	3.84581e-02
0.76452	3.82326e-02
0.76400	3.80174e-02
0.76351	3.78136e-02
0.76304	3.76223e-02
0.76259	3.74444e-02
0.76217	3.72810e-02
0.76178	3.71329e-02
0.76141	3.70007e-02
0.76107	3.68852e-02
0.76076	3.67868e-02
0.76047	3.67058e-02
0.76022	3.66424e-02
0.75999	3.65967e-02
0.75978	3.65686e-02
0.75961	3.65579e-02
0.75958	3.67535e-02
0.75955	3.69347e-02
0.75954	3.71161e-02
0.75954	3.72871e-02
0.75955	3.74575e-02
0.75958	3.76254e-02
0.75962	3.77888e-02
0.75968	3.79455e-02
0.75975	3.80942e-02
0.75984	3.82335e-02
0.75993	3.83626e-02
0.76004	3.84812e-02
0.76016	3.85889e-02
0.76030	3.86858e-02
0.76044	3.87720e-02
0.76058	3.88532e-02
0.76073	3.89250e-02
0.76089	3.89877e-02
0.76106	3.90416e-02
0.76123	3.90871e-02
0.76142	3.91245e-02
0.76161	3.91541e-02
0.76181	3.91781e-02
0.76202	3.91952e-02
0.76223	3.92059e-02
0.76244	3.92102e-02
0.76265	3.92163e-02
0.76286	3.92173e-02
0.76307	3.92136e-02
0.76329	3.92056e-02
0.76351	3.91937e-02
0.76373	3.91783e-02
0.76395	3.91599e-02
0.76416	3.91389e-02
0.76438	3.91158e-02
0.76460	3.90913e-02
0.76482	3.90658e-02
0.76503	3.90401e-02
0.76524	3.90148e-02
0.76544	3.89907e-02
0.76561	3.90159e-02
0.76575	3.90522e-02
0.76590	3.90916e-02
0.76603	3.91341e-02
0.76616	3.91805e-02
0.76627	3.92311e-02
0.76638	3.92865e-02
0.76648	3.93473e-02
0.76657	3.94140e-02
0.76665	3.94871e-02
0.76671	3.95671e-02
0.76677	3.96545e-02
0.76681	3.97498e-02
0.76684	3.98535e-02
0.76686	3.99661e-02
0.76687	4.00878e-02
0.76686	4.02191e-02
0.76684	4.03601e-02
0.76680	4.05111e-02
0.76675	4.06724e-02
0.76669	4.08439e-02
0.76661	4.10257e-02
0.76660	4.11635e-02
0.76655	4.13212e-02
0.76647	4.14934e-02
0.76637	4.16797e-02
0.76625	4.18796e-02
0.76611	4.20926e-02
0.76595	4.23184e-02
0.76575	4.25228e-02
0.76553	4.27361e-02
0.76529	4.29577e-02
0.76503	4.31867e-02
0.76475	4.34225e-02
0.76445	4.36645e-02
0.76414	4.39121e-02
0.76380	4.41646e-02
0.76346	4.44214e-02
0.76309	4.46819e-02
0.76272	4.49454e-02
0.76232	4.52111e-02
0.76192	4.54783e-02
0.76150	4.57464e-02
0.76108	4.60145e-02
0.76064	4.62819e-02
0.76019	4.65477e-02
0.75974	4.68112e-02
0.75928	4.70717e-02
0.75882	4.73282e-02
0.75834	4.75800e-02
0.75787	4.78262e-02
0.75739	4.80586e-02
0.75690	4.82836e-02
0.75642	4.85004e-02
0.75594	4.87083e-02
0.75545	4.89066e-02
0.75498	4.90945e-02
0.75450	4.92714e-02
0.75403	4.94365e-02
0.75357	4.95892e-02
0.75310	4.97204e-02
0.75264	4.98361e-02
0.75219	4.99361e-02
0.75174	5.00200e-02
0.75131	5.00875e-02
0.75088	5.01381e-02
0.75047	5.01715e-02
0.75007	5.01874e-02
0.74969	5.01854e-02
0.74931	5.01654e-02
0.74896	5.01269e-02
0.74862	5.00700e-02
0.74830	4.99945e-02
0.74799	4.99003e-02
0.74771	4.97874e-02
0.74744	4.96559e-02
0.74719	4.95058e-02
0.74696	4.93373e-02
0.74675	4.91507e-02
0.74656	4.89462e-02
0.74639	4.87242e-02
0.74625	4.84851e-02
0.74609	4.82620e-02
0.74596	4.80282e-02
0.74584	4.77838e-02
0.74575	4.75288e-02
0.74566	4.72655e-02
0.74560	4.69919e-02
0.74556	4.67085e-02
0.74553	4.64157e-02
0.74553	4.61139e-02
0.74555	4.58039e-02
0.74558	4.54863e-02
0.74564	4.51617e-02
0.74571	4.48308e-02
0.74580	4.44944e-02
0.74592	4.41532e-02
0.74605	4.38080e-02
0.74619	4.34596e-02
0.74636	4.31088e-02
0.74654	4.27564e-02
0.74673	4.24012e-02
0.74694	4.20461e-02
0.74717	4.16918e-02
0.74741	4.13392e-02
0.74766	4.09888e-02
0.74792	4.06414e-02
0.74820	4.02974e-02
0.74849	3.99576e-02
0.74879	3.96223e-02
0.74910	3.92900e-02
0.74940	3.89787e-02
0.74971	3.86739e-02
0.75002	3.83751e-02
0.75034	3.80824e-02
0.75067	3.77956e-02
0.75100	3.75147e-02
0.75133	3.72395e-02
0.75166	3.69702e-02
0.75200	3.67064e-02
0.75234	3.64482e-02
0.75268	3.61954e-02
0.75301	3.59453e-02
0.75349	3.57241e-02
0.75397	3.55238e-02
0.75444	3.53442e-02
0.75491	3.51841e-02
0.75536	3.50419e-02
0.75581	3.49152e-02
0.75624	3.48012e-02
0.75665	3.46968e-02
0.75704	3.45986e-02
0.75741	3.45037e-02
0.75776	3.44091e-02
0.75809	3.43126e-02
0.75839	3.42125e-02
0.75865	3.40636e-02
0.75887	3.39080e-02
0.75908	3.37461e-02
0.75926	3.35784e-02
0.75942	3.34055e-02
0.75955	3.32287e-02
0.75967	3.30493e-02
0.75977	3.28687e-02
0.75984	3.26888e-02
0.75990	3.25110e-02
0.75994	3.23373e-02
0.75996	3.21693e-02
0.75997	3.20087e-02
0.75996	3.18572e-02
0.75993	3.17164e-02
0.75989	3.15865e-02
0.75983	3.14702e-02
0.75975	3.13687e-02
0.75966	3.12833e-02
0.75956	3.12150e-02
0.75944	3.11649e-02
0.75932	3.11336e-02
0.75917	3.11219e-02
0.75902	3.11301e-02
0.75885	3.11580e-02
0.75867	3.12061e-02
0.75848	3.12745e-02
0.75828	3.13630e-02
0.75807	3.14714e-02
0.75785	3.15991e-02
0.75762	3.17458e-02
0.75738	3.19107e-02
0.75714	3.20930e-02
0.75688	3.22920e-02
0.75662	3.25068e-02
0.75636	3.27362e-02
0.75609	3.29794e-02
0.75581	3.32353e-02
0.75554	3.35027e-02
0.75526	3.37806e-02
0.75497	3.40678e-02
0.75469	3.43633e-02
0.75440	3.46660e-02
0.75411	3.49748e-02
0.75383	3.52887e-02
0.75354	3.56066e-02
0.75325	3.59190e-02
0.75296	3.62332e-02
0.75267	3.65485e-02
0.75239	3.68642e-02
0.75210	3.71818e-02
0.75182	3.74982e-02
0.75155	3.78127e-02
0.75128	3.81247e-02
0.75102	3.84338e-02
0.75077	3.87396e-02
0.75053	3.90416e-02
0.75030	3.93396e-02
0.75007	3.96331e-02
0.74986	3.99220e-02
0.74963	4.02547e-02
0.74941	4.05847e-02
0.74920	4.09112e-02
0.74901	4.12341e-02
0.74882	4.15531e-02
0.74872	4.20044e-02
0.74863	4.24368e-02
0.74854	4.28517e-02
0.74845	4.32502e-02
0.74837	4.36333e-02
0.74830	4.40020e-02
0.74824	4.43573e-02
0.74819	4.47001e-02
0.74815	4.50313e-02
0.74812	4.53516e-02
0.74809	4.56700e-02
0.74807	4.59802e-02
0.74806	4.62832e-02
0.74806	4.65795e-02
0.74807	4.68698e-02
0.74810	4.71546e-02
0.74813	4.74341e-02
0.74818	4.77088e-02
0.74824	4.79787e-02
0.74831	4.82442e-02
0.74838	4.85052e-02
0.74846	4.87622e-02
0.74852	4.90009e-02
0.74859	4.92322e-02
0.74867	4.94560e-02
0.74876	4.96720e-02
0.74886	4.98797e-02
0.74896	5.00789e-02
0.74907	5.02691e-02
0.74918	5.04501e-02
0.74930	5.06214e-02
0.74943	5.07827e-02
0.74956	5.09335e-02
0.74969	5.10734e-02
0.74983	5.12022e-02
0.74997	5.13208e-02
0.75011	5.14275e-02
0.75025	5.15215e-02
0.75039	5.16025e-02
0.75053	5.16701e-02
0.75067	5.17239e-02
0.75082	5.17635e-02
0.75096	5.17887e-02
0.75110	5.17991e-02
0.75124	5.17945e-02
0.75138	5.17748e-02
0.75152	5.17396e-02
0.75165	5.16889e-02
0.75178	5.16225e-02
0.75191	5.15405e-02
0.75203	5.14518e-02
0.75213	5.13488e-02
0.75224	5.12316e-02
0.75233	5.11002e-02
0.75242	5.09548e-02
0.75251	5.07957e-02
0.75258	5.06231e-02
0.75265	5.04375e-02
0.75271	5.02391e-02
0.75275	5.00217e-02
0.75278	4.97920e-02
0.75280	4.95508e-02
0.75282	4.92986e-02
0.75282	4.90363e-02
0.75281	4.87644e-02
0.75279	4.84838e-02
0.75276	4.81951e-02
0.75272	4.78992e-02
0.75267	4.75968e-02
0.75261	4.72888e-02
0.75254	4.69760e-02
0.75246	4.66594e-02
0.75236	4.63397e-02
0.75226	4.60178e-02
0.75214	4.56947e-02
0.75202	4.53712e-02
0.75188	4.50482e-02
0.75173	4.47265e-02
0.75157	4.44070e-02
0.75140	4.40905e-02
0.75122	4.37776e-02
0.75102	4.34756e-02
0.75081	4.31792e-02
0.75059	4.28889e-02
0.75035	4.26191e-02
0.75009	4.23695e-02
0.74981	4.21308e-02
0.74952	4.19033e-02
0.74921	4.16872e-02
0.74890	4.14829e-02
0.74858	4.12903e-02
0.74824	4.11094e-02
0.74790	4.09400e-02
0.74755	4.07820e-02
0.74719	4.06349e-02
0.74681	4.05027e-02
0.74643	4.03805e-02
0.74604	4.02677e-02
0.74565	4.01636e-02
0.74525	4.00673e-02
0.74483	3.99720e-02
0.74442	3.98822e-02
0.74399	3.97971e-02
0.74357	3.97158e-02
0.74314	3.96373e-02
0.74270	3.95609e-02
0.74227	3.94856e-02
0.74184	3.94105e-02
0.74140	3.93348e-02
0.74096	3.92576e-02
0.74070	3.91054e-02
0.74039	3.89733e-02
0.74007	3.88456e-02
0.73974	3.87161e-02
0.73941	3.85826e-02
0.73909	3.84443e-02
0.73877	3.83007e-02
0.73846	3.81515e-02
0.73814	3.79965e-02
0.73782	3.78114e-02
0.73749	3.76170e-02
0.73716	3.74141e-02
0.73684	3.72021e-02
0.73651	3.69816e-02
0.73619	3.67528e-02
0.73587	3.65163e-02
0.73556	3.62726e-02
0.73525	3.60224e-02
0.73495	3.57667e-02
0.73465	3.55064e-02
0.73436	3.52428e-02
0.73408	3.49770e-02
0.73381	3.47105e-02
0.73355	3.44449e-02
0.73329	3.41818e-02
0.73305	3.39193e-02
0.73281	3.36632e-02
0.73258	3.34155e-02
0.73237	3.31780e-02
0.73217	3.29528e-02
0.73198	3.27419e-02
0.73180	3.25472e-02
0.73164	3.23708e-02
0.73149	3.22145e-02
0.73135	3.20802e-02
0.73123	3.19698e-02
0.73112	3.18849e-02
0.73103	3.18269e-02
0.73094	3.17974e-02
0.73088	3.17973e-02
0.73082	3.18277e-02
0.73078	3.18893e-02
0.73075	3.19826e-02
0.73074	3.21078e-02
0.73074	3.22650e-02
0.73075	3.24539e-02
0.73077	3.26739e-02
0.73081	3.29244e-02
0.73086	3.32044e-02
0.73091	3.35051e-02
0.73098	3.38322e-02
0.73105	3.41839e-02
0.73114	3.45586e-02
0.73124	3.49544e-02
0.73134	3.53695e-02
0.73146	3.58019e-02
0.73158	3.62496e-02
0.73171	3.67106e-02
0.73185	3.71829e-02
0.73199	3.76645e-02
0.73214	3.81532e-02
0.73230	3.86471e-02
0.73246	3.91442e-02
0.73263	3.96427e-02
0.73280	4.01406e-02
0.73297	4.06361e-02
0.73315	4.11274e-02
0.73333	4.16128e-02
0.73352	4.20908e-02
0.73370	4.25598e-02
0.73389	4.30182e-02
0.73407	4.34679e-02
0.73425	4.39047e-02
0.73443	4.43272e-02
0.73474	4.48273e-02
0.73503	4.53070e-02
0.73531	4.57685e-02
0.73559	4.62115e-02
0.73586	4.66356e-02
0.73612	4.70399e-02
0.73637	4.74238e-02
0.73662	4.77863e-02
0.73685	4.81267e-02
0.73708	4.84441e-02
0.73730	4.87377e-02
0.73777	4.84394e-02
0.73817	4.82173e-02
0.73854	4.80249e-02
0.73889	4.78397e-02
0.73921	4.76513e-02
0.73951	4.74547e-02
0.73978	4.72469e-02
0.74004	4.70264e-02
0.74028	4.67923e-02
0.74050	4.65439e-02
0.74071	4.62809e-02
0.74089	4.60033e-02
0.74106	4.57112e-02
0.74121	4.54048e-02
0.74134	4.50843e-02
0.74145	4.47569e-02
0.74154	4.44158e-02
0.74161	4.40617e-02
0.74167	4.36952e-02
0.74171	4.33168e-02
0.74174	4.29271e-02
0.74175	4.25268e-02
0.74176	4.21163e-02
0.74174	4.16964e-02
0.74171	4.12655e-02
0.74166	4.08264e-02
0.74176	4.02489e-02
0.74189	3.97420e-02
0.74198	3.92390e-02
0.74204	3.87361e-02
0.74207	3.82319e-02
0.74208	3.77259e-02
0.74207	3.72184e-02
0.74203	3.67100e-02
0.74203	3.62976e-02
0.74199	3.58430e-02
0.74193	3.53723e-02
0.74184	3.48957e-02
0.74174	3.44182e-02
0.74162	3.39427e-02
0.74147	3.34549e-02
0.74130	3.29713e-02
0.74112	3.24946e-02
0.74093	3.20272e-02
0.74072	3.15712e-02
0.74051	3.11285e-02
0.74028	3.07007e-02
0.74004	3.02894e-02
0.73979	2.98957e-02
0.73953	2.95207e-02
0.73927	2.91651e-02
0.73899	2.88294e-02
0.73871	2.85139e-02
0.73842	2.82187e-02
0.73813	2.79438e-02
0.73783	2.76889e-02
0.73752	2.74536e-02
0.73722	2.72374e-02
0.73691	2.70398e-02
0.73659	2.68602e-02
0.73628	2.66978e-02
0.73597	2.65520e-02
0.73566	2.64221e-02
0.73535	2.63072e-02
0.73516	2.62027e-02
0.73494	2.61141e-02
0.73472	2.60400e-02
0.73450	2.59793e-02
0.73428	2.59310e-02
0.73405	2.58945e-02
0.73382	2.58691e-02
0.73360	2.58540e-02
0.73338	2.58488e-02
0.73317	2.58528e-02
0.73296	2.58655e-02
0.73276	2.58864e-02
0.73256	2.59151e-02
0.73238	2.59510e-02
0.73220	2.59938e-02
0.73203	2.60429e-02
0.73187	2.60981e-02
0.73172	2.61590e-02
0.73158	2.62250e-02
0.73145	2.62959e-02
0.73133	2.63713e-02
0.73122	2.64509e-02
0.73112	2.65342e-02
0.73104	2.66210e-02
0.73096	2.67110e-02
0.73090	2.68039e-02
0.73084	2.69048e-02
0.73080	2.70083e-02
0.73077	2.71143e-02
0.73074	2.72226e-02
0.73073	2.73329e-02
0.73073	2.74453e-02
0.73074	2.75594e-02
0.73076	2.76753e-02
0.73079	2.77928e-02
0.73084	2.79119e-02
0.73088	2.80304e-02
0.73093	2.81502e-02
0.73099	2.82714e-02
0.73106	2.83942e-02
0.73114	2.85189e-02
0.73123	2.86456e-02
0.73132	2.87746e-02
0.73142	2.89062e-02
0.73154	2.90407e-02
0.73165	2.91787e-02
0.73178	2.93204e-02
0.73192	2.94665e-02
0.73206	2.96173e-02
0.73221	2.97734e-02
0.73236	2.99353e-02
0.73252	3.01089e-02
0.73268	3.02909e-02
0.73284	3.04818e-02
0.73300	3.06720e-02
0.73317	3.08713e-02
0.73334	3.10803e-02
0.73351	3.12996e-02
0.73369	3.15297e-02
0.73388	3.17711e-02
0.73405	3.20254e-02
0.73423	3.22913e-02
0.73439	3.25537e-02
0.73454	3.28563e-02
0.73469	3.31713e-02
0.73484	3.34981e-02
0.73498	3.38366e-02
0.73513	3.41863e-02
0.73527	3.45469e-02
0.73542	3.49182e-02
0.73556	3.52994e-02
0.73570	3.56903e-02
0.73584	3.60900e-02
0.73598	3.64981e-02
0.73612	3.69138e-02
0.73626	3.73364e-02
0.73638	3.77608e-02
0.73649	3.81892e-02
0.73660	3.86207e-02
0.73671	3.90545e-02
0.73681	3.94893e-02
0.73691	3.99244e-02
0.73701	4.03587e-02
0.73710	4.07912e-02
0.73719	4.12209e-02
0.73727	4.16470e-02
0.73734	4.20684e-02
0.73742	4.24842e-02
0.73748	4.28935e-02
0.73754	4.32954e-02
0.73760	4.36891e-02
0.73764	4.40736e-02
0.73769	4.44483e-02
0.73772	4.48123e-02
0.73775	4.51649e-02
0.73778	4.55054e-02
0.73780	4.58332e-02
0.73781	4.61476e-02
0.73781	4.64481e-02
0.73781	4.67343e-02
0.73778	4.69918e-02
0.73775	4.72319e-02
0.73772	4.74546e-02
0.73767	4.76598e-02
0.73761	4.78475e-02
0.73755	4.80174e-02
0.73747	4.81695e-02
0.73739	4.83037e-02
0.73730	4.84201e-02
0.73715	4.85682e-02
0.73700	4.87004e-02
0.73683	4.88160e-02
0.73666	4.89148e-02
0.73648	4.89970e-02
0.73628	4.90627e-02
0.73608	4.91123e-02
0.73587	4.91461e-02
0.73565	4.91646e-02
0.73542	4.91681e-02
0.73518	4.91572e-02
0.73494	4.91324e-02
0.73469	4.90943e-02
0.73443	4.90449e-02
0.73416	4.89836e-02
0.73388	4.89113e-02
0.73360	4.88285e-02
0.73340	4.88625e-02
0.73317	4.88585e-02
0.73293	4.88308e-02
0.73267	4.87859e-02
0.73240	4.87272e-02
0.73212	4.86565e-02
0.73179	4.86152e-02
0.73146	4.85658e-02
0.73111	4.85085e-02
0.73076	4.84443e-02
0.73040	4.83741e-02
0.73003	4.82989e-02
0.72966	4.82196e-02
0.72928	4.81371e-02
0.72890	4.80524e-02
0.72867	4.78658e-02
0.72841	4.76999e-02
0.72814	4.75533e-02
0.72786	4.74243e-02
0.72756	4.73116e-02
0.72724	4.72135e-02
0.72692	4.71287e-02
0.72659	4.70558e-02
0.72621	4.70026e-02
0.72583	4.69591e-02
0.72544	4.69243e-02
0.72504	4.68971e-02
0.72463	4.68765e-02
0.72421	4.68617e-02
0.72379	4.68517e-02
0.72337	4.68460e-02
0.72294	4.68437e-02
0.72252	4.68444e-02
0.72209	4.68475e-02
0.72174	4.68879e-02
0.72139	4.69242e-02
0.72102	4.69588e-02
0.72063	4.69809e-02
0.72024	4.69999e-02
0.71984	4.70242e-02
0.71944	4.70470e-02
0.71903	4.70684e-02
0.71863	4.70887e-02
0.71823	4.71079e-02
0.71783	4.71262e-02
0.71744	4.71434e-02
0.71705	4.71595e-02
0.71667	4.71744e-02
0.71628	4.71881e-02
0.71591	4.72001e-02
0.71551	4.72449e-02
0.71512	4.72915e-02
0.71472	4.73391e-02
0.71434	4.73872e-02
0.71395	4.74350e-02
0.71356	4.74820e-02
0.71318	4.75277e-02
0.71280	4.75714e-02
0.71243	4.76127e-02
0.71206	4.76509e-02
0.71169	4.76861e-02
0.71132	4.77174e-02
0.71095	4.77444e-02
0.71058	4.77755e-02
0.71021	4.78030e-02
0.70984	4.78262e-02
0.70948	4.78450e-02
0.70912	4.78589e-02
0.70877	4.78678e-02
0.70843	4.78714e-02
0.70809	4.78695e-02
0.70775	4.78618e-02
0.70743	4.78483e-02
0.70711	4.78288e-02
0.70680	4.78032e-02
0.70650	4.77712e-02
0.70621	4.77329e-02
0.70593	4.76881e-02
0.70567	4.76368e-02
0.70541	4.75790e-02
0.70528	4.76886e-02
0.70514	4.77727e-02
0.70502	4.78456e-02
0.70490	4.79157e-02
0.70481	4.79873e-02
0.70474	4.80630e-02
0.70477	4.81819e-02
0.70481	4.83031e-02
0.70487	4.84265e-02
0.70494	4.85514e-02
0.70502	4.86762e-02
0.70512	4.87991e-02
0.70523	4.89178e-02
0.70535	4.90304e-02
0.70548	4.91344e-02
0.70563	4.92281e-02
0.70590	4.92886e-02
0.70617	4.93363e-02
0.70644	4.93692e-02
0.70672	4.93859e-02
0.70700	4.93837e-02
0.70728	4.93636e-02
0.70756	4.93253e-02
0.70785	4.92690e-02
0.70814	4.91976e-02
0.70843	4.91093e-02
0.70873	4.90049e-02
0.70903	4.88852e-02
0.70934	4.87514e-02
0.70966	4.86045e-02
0.70999	4.84459e-02
0.71033	4.82768e-02
0.71067	4.80985e-02
0.71103	4.79124e-02
0.71141	4.77196e-02
0.71178	4.75172e-02
0.71217	4.73095e-02
0.71258	4.70978e-02
0.71300	4.68832e-02
0.71344	4.66666e-02
0.71389	4.64490e-02
0.71437	4.62313e-02
0.71486	4.60145e-02
0.71537	4.57997e-02
0.71590	4.55880e-02
0.71644	4.53807e-02
0.71700	4.51790e-02
0.71757	4.49843e-02
0.71815	4.47983e-02
0.71874	4.46222e-02
0.71934	4.44577e-02
0.71994	4.43061e-02
0.72055	4.41686e-02
0.72116	4.40463e-02
0.72177	4.39402e-02
0.72238	4.38508e-02
0.72299	4.37787e-02
0.72360	4.37248e-02
0.72420	4.36880e-02
0.72480	4.36682e-02
0.72540	4.36648e-02
0.72600	4.36773e-02
0.72660	4.37050e-02
0.72720	4.37470e-02
0.72779	4.38023e-02
0.72839	4.38698e-02
0.72899	4.39483e-02
0.72958	4.40366e-02
0.73018	4.41334e-02
0.73078	4.42373e-02
0.73135	4.43678e-02
0.73193	4.45063e-02
0.73250	4.46511e-02
0.73306	4.48006e-02
0.73363	4.49536e-02
0.73419	4.51088e-02
0.73474	4.52651e-02
0.73529	4.54215e-02
0.73583	4.55771e-02
0.73636	4.57310e-02
0.73688	4.58857e-02
0.73740	4.60375e-02
0.73791	4.61858e-02
0.73840	4.63301e-02
0.73889	4.64699e-02
0.73937	4.66049e-02
0.73983	4.67349e-02
0.74028	4.68596e-02
0.74084	4.68965e-02
0.74138	4.69334e-02
0.74190	4.69696e-02
0.74241	4.70046e-02
0.74289	4.70386e-02
0.74336	4.70717e-02
0.74380	4.71044e-02
0.74423	4.71373e-02
0.74463	4.71709e-02
0.74501	4.72058e-02
0.74537	4.72425e-02
0.74570	4.72817e-02
0.74606	4.73615e-02
0.74638	4.74388e-02
0.74667	4.75153e-02
0.74694	4.75925e-02
0.74717	4.76718e-02
0.74738	4.77541e-02
0.74755	4.78226e-02
0.74769	4.78942e-02
0.74779	4.79699e-02
0.74787	4.80507e-02
0.74792	4.81373e-02
0.74795	4.82306e-02
0.74794	4.83311e-02
0.74791	4.84395e-02
0.74786	4.85563e-02
0.74777	4.86820e-02
0.74766	4.88170e-02
0.74753	4.89615e-02
0.74737	4.91157e-02
0.74718	4.92798e-02
0.74697	4.94538e-02
0.74673	4.96375e-02
0.74647	4.98309e-02
0.74619	5.00337e-02
0.74587	5.02644e-02
0.74552	5.05070e-02
0.74515	5.07608e-02
0.74476	5.10252e-02
0.74435	5.12996e-02
0.74391	5.15832e-02
0.74345	5.18754e-02
0.74298	5.21754e-02
0.74248	5.24822e-02
0.74197	5.27951e-02
0.74143	5.31132e-02
0.74085	5.34538e-02
0.74024	5.38009e-02
0.73962	5.41531e-02
0.73898	5.45091e-02
0.73833	5.48676e-02
0.73766	5.52275e-02
0.73699	5.55876e-02
0.73630	5.59468e-02
0.73560	5.63041e-02
0.73489	5.66582e-02
0.73417	5.70081e-02
0.73345	5.73529e-02
0.73272	5.76914e-02
0.73199	5.80228e-02
0.73125	5.83460e-02
0.73051	5.86603e-02
0.72976	5.89648e-02
0.72902	5.92588e-02
0.72828	5.95415e-02
0.72754	5.98123e-02
0.72680	6.00707e-02
0.72606	6.03161e-02
0.72533	6.05486e-02
0.72460	6.07676e-02
0.72387	6.09726e-02
0.72315	6.11635e-02
0.72244	6.13399e-02
0.72174	6.15019e-02
0.72105	6.16494e-02
0.72036	6.17822e-02
0.71969	6.19007e-02
0.71903	6.20048e-02
0.71838	6.20947e-02
0.71774	6.21707e-02
0.71712	6.22331e-02
0.71650	6.22825e-02
0.71590	6.23184e-02
0.71530	6.23413e-02
0.71473	6.23518e-02
0.71417	6.23504e-02
0.71362	6.23376e-02
0.71310	6.23141e-02
0.71258	6.22803e-02
0.71209	6.22370e-02
0.71161	6.21847e-02
0.71114	6.21270e-02
0.71070	6.20616e-02
0.71027	6.19894e-02
0.70986	6.19109e-02
0.70946	6.18269e-02
0.70909	6.17380e-02
0.70873	6.16448e-02
0.70840	6.15479e-02
0.70814	6.15392e-02
0.70790	6.15145e-02
0.70766	6.14784e-02
0.70744	6.14345e-02
0.70723	6.13855e-02
0.70704	6.13338e-02
0.70686	6.12813e-02
0.70670	6.12208e-02
0.70656	6.11627e-02
0.70643	6.11080e-02
0.70633	6.10572e-02
0.70624	6.10104e-02
0.70617	6.09674e-02
0.70611	6.09274e-02
0.70607	6.08896e-02
0.70605	6.08525e-02
0.70604	6.08150e-02
0.70604	6.07753e-02
0.70606	6.07317e-02
0.70608	6.06830e-02
0.70611	6.06279e-02
0.70615	6.05653e-02
0.70620	6.04941e-02
0.70625	6.04136e-02
0.70631	6.03234e-02
0.70637	6.02230e-02
0.70644	6.01121e-02
0.70652	5.99908e-02
0.70659	5.98605e-02
0.70668	5.97199e-02
0.70676	5.95690e-02
0.70685	5.94080e-02
0.70695	5.92370e-02
0.70704	5.90562e-02
0.70714	5.88658e-02
0.70725	5.86660e-02
0.70733	5.84784e-02
0.70741	5.82821e-02
0.70749	5.80758e-02
0.70757	5.78590e-02
0.70765	5.76315e-02
0.70773	5.73929e-02
0.70781	5.71433e-02
0.70790	5.68826e-02
0.70798	5.66108e-02
0.70807	5.63281e-02
0.70816	5.60345e-02
0.70824	5.57298e-02
0.70833	5.54145e-02
0.70841	5.50889e-02
0.70850	5.47533e-02
0.70858	5.44080e-02
0.70867	5.40535e-02
0.70875	5.36902e-02
0.70883	5.33187e-02
0.70891	5.29396e-02
0.70899	5.25536e-02
0.70907	5.21615e-02
0.70914	5.17641e-02
0.70922	5.13624e-02
0.70929	5.09573e-02
0.70935	5.05499e-02
0.70942	5.01414e-02
0.70949	4.97331e-02
0.70955	4.93262e-02
0.70961	4.89221e-02
0.70966	4.85223e-02
0.70972	4.81283e-02
0.70977	4.77418e-02
0.70981	4.73628e-02
0.70985	4.69941e-02
0.70989	4.66373e-02
0.70992	4.62943e-02
0.70995	4.59668e-02
0.70997	4.56566e-02
0.71000	4.53654e-02
0.71002	4.50950e-02
0.71004	4.48471e-02
0.71005	4.46232e-02
0.71007	4.44251e-02
0.71008	4.42540e-02
0.71009	4.41115e-02
0.71006	4.40318e-02
0.71003	4.39856e-02
0.70999	4.39731e-02
0.70995	4.39945e-02
0.70991	4.40501e-02
0.70986	4.41399e-02
0.70982	4.42637e-02
0.70977	4.44213e-02
0.70971	4.46121e-02
0.70966	4.48356e-02
0.70960	4.50936e-02
0.70954	4.53821e-02
0.70947	4.56999e-02
0.70941	4.60458e-02
0.70935	4.64181e-02
0.70928	4.68156e-02
0.70922	4.72365e-02
0.70916	4.76792e-02
0.70910	4.81388e-02
0.70902	4.86118e-02
0.70894	4.91009e-02
0.70887	4.96045e-02
0.70879	5.01206e-02
0.70872	5.06477e-02
0.70865	5.11838e-02
0.70866	5.18620e-02
0.70866	5.25377e-02
0.70866	5.32114e-02
0.70866	5.38826e-02
0.70866	5.45498e-02
0.70866	5.52116e-02
0.70866	5.58658e-02
0.70865	5.65105e-02
0.70864	5.71436e-02
0.70859	5.77830e-02
0.70853	5.84078e-02
0.70846	5.90213e-02
0.70838	5.96173e-02
0.70829	6.01944e-02
0.70821	6.07513e-02
0.70812	6.12871e-02
0.70802	6.18009e-02
0.70792	6.22919e-02
0.70782	6.27595e-02
0.70771	6.32032e-02
0.70760	6.36225e-02
0.70768	6.39210e-02
0.70771	6.42141e-02
0.70772	6.44898e-02
0.70771	6.47436e-02
0.70769	6.49736e-02
0.70767	6.51790e-02
0.70764	6.53594e-02
0.70760	6.55145e-02
0.70756	6.56501e-02
0.70751	6.57607e-02
0.70745	6.58464e-02
0.70739	6.59076e-02
0.70732	6.59445e-02
0.70725	6.59574e-02
0.70717	6.59468e-02
0.70709	6.59131e-02
0.70701	6.58568e-02
0.70692	6.57785e-02
0.70682	6.56786e-02
0.70689	6.55397e-02
0.70694	6.53888e-02
0.70699	6.52257e-02
0.70702	6.50506e-02
0.70704	6.48637e-02
0.70706	6.46651e-02
0.70706	6.44551e-02
0.70705	6.42341e-02
0.70703	6.40025e-02
0.70700	6.37607e-02
0.70695	6.35093e-02
0.70690	6.32489e-02
0.70684	6.29802e-02
0.70677	6.27040e-02
0.70669	6.24211e-02
0.70660	6.21324e-02
0.70651	6.18387e-02
0.70640	6.15411e-02
0.70629	6.12407e-02
0.70617	6.09383e-02
0.70604	6.06351e-02
0.70590	6.03322e-02
0.70576	6.00307e-02
0.70561	5.97316e-02
0.70546	5.94359e-02
0.70530	5.91449e-02
0.70513	5.88594e-02
0.70496	5.85805e-02
0.70479	5.83091e-02
0.70461	5.80461e-02
0.70443	5.77923e-02
0.70424	5.75486e-02
0.70405	5.73157e-02
0.70386	5.70940e-02
0.70367	5.68843e-02
0.70345	5.66895e-02
0.70323	5.65089e-02
0.70300	5.63431e-02
0.70278	5.61923e-02
0.70255	5.60568e-02
0.70231	5.59367e-02
0.70208	5.58320e-02
0.70185	5.57426e-02
0.70161	5.56683e-02
0.70138	5.56088e-02
0.70114	5.55645e-02
0.70090	5.55339e-02
0.70066	5.55165e-02
0.70043	5.55115e-02
0.70020	5.55181e-02
0.69997	5.55354e-02
0.69974	5.55626e-02
0.69952	5.55986e-02
0.69927	5.56329e-02
0.69902	5.56942e-02
0.69876	5.57642e-02
0.69851	5.58411e-02
0.69826	5.59238e-02
0.69802	5.60111e-02
0.69777	5.61020e-02
0.69751	5.61566e-02
0.69726	5.62082e-02
0.69700	5.62569e-02
0.69675	5.63021e-02
0.69651	5.63432e-02
0.69627	5.63797e-02
0.69604	5.64108e-02
0.69581	5.64362e-02
0.69559	5.64554e-02
0.69548	5.64816e-02
0.69537	5.65022e-02
0.69526	5.65157e-02
0.69515	5.65221e-02
0.69505	5.65209e-02
0.69495	5.65119e-02
0.69486	5.64947e-02
0.69477	5.64694e-02
0.69470	5.64360e-02
0.69463	5.63948e-02
0.69458	5.63461e-02
0.69453	5.62904e-02
0.69470	5.62668e-02
0.69488	5.62460e-02
0.69507	5.62277e-02
0.69527	5.62115e-02
0.69547	5.61972e-02
0.69569	5.61848e-02
0.69592	5.61740e-02
0.69616	5.61649e-02
0.69641	5.61614e-02
0.69668	5.61588e-02
0.69696	5.61572e-02
0.69726	5.61563e-02
0.69757	5.61560e-02
0.69789	5.61561e-02
0.69823	5.61562e-02
0.69858	5.61562e-02
0.69895	5.61557e-02
0.69932	5.61545e-02
0.69972	5.61524e-02
0.70012	5.61486e-02
0.70054	5.61435e-02
0.70097	5.61368e-02
0.70142	5.61286e-02
0.70188	5.61185e-02
0.70234	5.61066e-02
0.70283	5.60926e-02
0.70332	5.60765e-02
0.70383	5.60582e-02
0.70434	5.60374e-02
0.70487	5.60140e-02
0.70541	5.59877e-02
0.70596	5.59582e-02
0.70652	5.59252e-02
0.70708	5.58884e-02
0.70766	5.58472e-02
0.70825	5.58013e-02
0.70884	5.57502e-02
0.70945	5.56932e-02
0.71006	5.56299e-02
0.71067	5.55597e-02
0.71129	5.54820e-02
0.71192	5.53961e-02
0.71255	5.53015e-02
0.71319	5.51976e-02
0.71383	5.50839e-02
0.71447	5.49598e-02
0.71511	5.48249e-02
0.71576	5.46786e-02
0.71640	5.45207e-02
0.71705	5.43507e-02
0.71769	5.41685e-02
0.71833	5.39738e-02
0.71896	5.37664e-02
0.71960	5.35465e-02
0.72036	5.32616e-02
0.72110	5.29715e-02
0.72184	5.26750e-02
0.72256	5.23712e-02
0.72327	5.20597e-02
0.72397	5.17403e-02
0.72466	5.14128e-02
0.72533	5.10774e-02
0.72599	5.07344e-02
0.72664	5.03841e-02
0.72726	5.00268e-02
0.72787	4.96631e-02
0.72846	4.92937e-02
0.72903	4.89191e-02
0.72957	4.85371e-02
0.73008	4.81512e-02
0.73057	4.77625e-02
0.73104	4.73719e-02
0.73146	4.69724e-02
0.73185	4.65734e-02
0.73221	4.61745e-02
0.73253	4.57769e-02
0.73283	4.53820e-02
0.73309	4.49911e-02
0.73333	4.46056e-02
0.73351	4.42002e-02
0.73367	4.37989e-02
0.73379	4.34032e-02
0.73387	4.30146e-02
0.73393	4.26343e-02
0.73395	4.22637e-02
0.73393	4.19040e-02
0.73389	4.15562e-02
0.73381	4.12215e-02
0.73370	4.09036e-02
0.73356	4.06009e-02
0.73338	4.03116e-02
0.73317	4.00384e-02
0.73293	3.97818e-02
0.73266	3.95424e-02
0.73236	3.93202e-02
0.73203	3.91156e-02
0.73167	3.89286e-02
0.73128	3.87591e-02
0.73086	3.86070e-02
0.73042	3.84721e-02
0.72995	3.83540e-02
0.72946	3.82524e-02
0.72893	3.81669e-02
0.72839	3.80968e-02
0.72782	3.80415e-02
0.72723	3.80006e-02
0.72662	3.79732e-02
0.72598	3.79589e-02
0.72533	3.79572e-02
0.72466	3.79670e-02
0.72397	3.79879e-02
0.72326	3.80190e-02
0.72254	3.80598e-02
0.72180	3.81099e-02
0.72105	3.81685e-02
0.72029	3.82354e-02
0.71951	3.83101e-02
0.71872	3.83922e-02
0.71793	3.84816e-02
0.71717	3.85600e-02
0.71641	3.86473e-02
0.71563	3.87428e-02
0.71485	3.88461e-02
0.71407	3.89574e-02
0.71328	3.90767e-02
0.71250	3.92043e-02
0.71171	3.93406e-02
0.71093	3.94860e-02
0.71015	3.96410e-02
0.70938	3.98062e-02
0.70861	3.99822e-02
0.70785	4.01696e-02
0.70711	4.03692e-02
0.70637	4.05817e-02
0.70564	4.08077e-02
0.70493	4.10479e-02
0.70423	4.13029e-02
0.70355	4.15735e-02
0.70288	4.18600e-02
0.70223	4.21629e-02
0.70160	4.24827e-02
0.70098	4.28196e-02
0.70039	4.31738e-02
0.69982	4.35453e-02
0.69927	4.39342e-02
0.69874	4.43402e-02
0.69823	4.47631e-02
0.69775	4.52025e-02
0.69729	4.56577e-02
0.69686	4.61282e-02
0.69645	4.66132e-02
0.69607	4.71117e-02
0.69572	4.76227e-02
0.69539	4.81452e-02
0.69521	4.86016e-02
0.69502	4.90995e-02
0.69483	4.96170e-02
0.69466	5.01543e-02
0.69450	5.07077e-02
0.69436	5.12740e-02
0.69423	5.18498e-02
0.69412	5.24323e-02
0.69403	5.30185e-02
0.69396	5.36058e-02
0.69390	5.41915e-02
0.69386	5.47732e-02
0.69384	5.53486e-02
0.69384	5.59155e-02
0.69385	5.64721e-02
0.69388	5.70162e-02
0.69393	5.75460e-02
0.69400	5.80598e-02
0.69407	5.85534e-02
0.69415	5.90253e-02
0.69424	5.94760e-02
0.69435	5.99042e-02
0.69448	6.03090e-02
0.69461	6.06892e-02
0.69476	6.10438e-02
0.69490	6.13489e-02
0.69505	6.16244e-02
0.69521	6.18697e-02
0.69537	6.20845e-02
0.69555	6.22682e-02
0.69573	6.24207e-02
0.69592	6.25415e-02
0.69611	6.26307e-02
0.69631	6.26882e-02
0.69652	6.27141e-02
0.69673	6.27085e-02
0.69694	6.26716e-02
0.69715	6.26038e-02
0.69737	6.25057e-02
0.69759	6.23776e-02
0.69781	6.22204e-02
0.69822	6.20792e-02
0.69856	6.18972e-02
0.69887	6.16805e-02
0.69916	6.14343e-02
0.69944	6.11627e-02
0.69972	6.08683e-02
0.70000	6.05534e-02
0.70028	6.02197e-02
0.70057	5.98688e-02
0.70085	5.95020e-02
0.70111	5.91069e-02
0.70149	5.87010e-02
0.70182	5.82795e-02
0.70210	5.78654e-02
0.70236	5.74393e-02
0.70260	5.70025e-02
0.70281	5.65563e-02
0.70300	5.61020e-02
0.70317	5.56406e-02
0.70332	5.51734e-02
0.70345	5.47016e-02
0.70356	5.42265e-02
0.70364	5.37493e-02
0.70371	5.32716e-02
0.70375	5.27722e-02
0.70376	5.22735e-02
0.70375	5.17770e-02
0.70372	5.12845e-02
0.70368	5.07972e-02
0.70363	5.03165e-02
0.70355	4.98436e-02
0.70347	4.93798e-02
0.70337	4.89262e-02
0.70326	4.84838e-02
0.70314	4.80536e-02
0.70300	4.76364e-02
0.70286	4.72329e-02
0.70271	4.68440e-02
0.70255	4.64702e-02
0.70239	4.61120e-02
0.70222	4.57700e-02
0.70205	4.54444e-02
0.70187	4.51358e-02
0.70169	4.48443e-02
0.70151	4.45703e-02
0.70133	4.43140e-02
0.70115	4.40758e-02
0.70098	4.38559e-02
0.70080	4.36547e-02
0.70063	4.34724e-02
0.70047	4.33095e-02
0.70031	4.31665e-02
0.70016	4.30438e-02
0.70001	4.29421e-02
0.69987	4.28619e-02
0.69974	4.28039e-02
0.69962	4.27688e-02
0.69951	4.27572e-02
0.69940	4.27696e-02
0.69929	4.28066e-02
0.69929	4.27400e-02
0.69933	4.27769e-02
0.69934	4.28604e-02
0.69934	4.29837e-02
0.69932	4.31424e-02
0.69929	4.33334e-02
0.69926	4.35547e-02
0.69922	4.38046e-02
0.69931	4.41744e-02
0.69937	4.45511e-02
0.69941	4.49406e-02
0.69944	4.53463e-02
0.69946	4.57697e-02
0.69945	4.61812e-02
0.69944	4.66105e-02
0.69944	4.70591e-02
0.69943	4.75276e-02
0.69943	4.80159e-02
0.69943	4.85288e-02
0.69944	4.90621e-02
0.69945	4.96155e-02
0.69948	5.01884e-02
0.69951	5.07803e-02
0.69955	5.13912e-02
0.69961	5.20195e-02
0.69967	5.26642e-02
0.69975	5.33240e-02
0.69984	5.39976e-02
0.69995	5.46834e-02
0.70008	5.53797e-02
0.70022	5.60847e-02
0.70038	5.67964e-02
0.70055	5.75126e-02
0.70074	5.82313e-02
0.70094	5.89500e-02
0.70115	5.96666e-02
0.70138	6.03788e-02
0.70161	6.10843e-02
0.70186	6.17809e-02
0.70212	6.24664e-02
0.70238	6.31388e-02
0.70264	6.37962e-02
0.70292	6.44366e-02
0.70319	6.50583e-02
0.70347	6.56598e-02
0.70375	6.62396e-02
0.70404	6.67963e-02
0.70432	6.73286e-02
0.70461	6.78353e-02
0.70490	6.83154e-02
0.70519	6.87556e-02
0.70547	6.91625e-02
0.70575	6.95384e-02
0.70603	6.99016e-02
0.70631	7.02347e-02
0.70659	7.05367e-02
0.70687	7.08065e-02
0.70715	7.10433e-02
0.70743	7.12466e-02
0.70771	7.14157e-02
0.70799	7.15501e-02
0.70827	7.16493e-02
0.70855	7.17131e-02
0.70882	7.17410e-02
0.70909	7.17315e-02
0.70936	7.16854e-02
0.70963	7.16027e-02
0.70988	7.14835e-02
0.71014	7.13279e-02
0.71038	7.11360e-02
0.71062	7.09081e-02
0.71086	7.06445e-02
0.71108	7.03457e-02
0.71129	7.00184e-02
0.71149	6.96580e-02
0.71167	6.92651e-02
0.71185	6.88404e-02
0.71201	6.83847e-02
0.71215	6.78988e-02
0.71229	6.73838e-02
0.71241	6.68406e-02
0.71251	6.62704e-02
0.71260	6.56744e-02
0.71267	6.50539e-02
0.71273	6.44104e-02
0.71277	6.37451e-02
0.71279	6.30596e-02
0.71279	6.23555e-02
0.71278	6.16344e-02
0.71275	6.08980e-02
0.71270	6.01480e-02
0.71263	5.93863e-02
0.71254	5.86147e-02
0.71243	5.78351e-02
0.71230	5.70494e-02
0.71215	5.62595e-02
0.71198	5.54675e-02
0.71180	5.46754e-02
0.71159	5.38851e-02
0.71136	5.30986e-02
0.71130	5.22447e-02
0.71115	5.14285e-02
0.71096	5.06319e-02
0.71074	4.98542e-02
0.71048	4.90955e-02
0.71019	4.83567e-02
0.70987	4.76394e-02
0.70953	4.69448e-02
0.70915	4.62720e-02
0.70875	4.56251e-02
0.70832	4.50056e-02
0.70787	4.44150e-02
0.70740	4.38545e-02
0.70700	4.33721e-02
0.70658	4.29320e-02
0.70615	4.25366e-02
0.70570	4.21876e-02
0.70523	4.18861e-02
0.70474	4.16325e-02
0.70443	4.14488e-02
0.70409	4.13221e-02
0.70373	4.12500e-02
0.70336	4.12293e-02
0.70296	4.12562e-02
0.70255	4.13265e-02
0.70211	4.14358e-02
0.70166	4.15794e-02
0.70119	4.17529e-02
0.70070	4.19523e-02
0.70020	4.21737e-02
0.69968	4.24138e-02
0.69914	4.26697e-02
0.69859	4.29390e-02
0.69803	4.32197e-02
0.69746	4.35100e-02
0.69687	4.38087e-02
0.69628	4.41146e-02
0.69569	4.44270e-02
0.69508	4.47451e-02
0.69446	4.50748e-02
0.69384	4.54099e-02
0.69321	4.57501e-02
0.69258	4.60951e-02
0.69195	4.64450e-02
0.69132	4.67997e-02
0.69069	4.71594e-02
0.69006	4.75240e-02
0.68944	4.78939e-02
0.68882	4.82692e-02
0.68821	4.86503e-02
0.68763	4.90465e-02
0.68710	4.94847e-02
0.68658	4.99273e-02
0.68606	5.03775e-02
0.68556	5.08352e-02
0.68507	5.13015e-02
0.68460	5.17766e-02
0.68414	5.22611e-02
0.68370	5.27550e-02
0.68327	5.32583e-02
0.68286	5.37708e-02
0.68247	5.42921e-02
0.68209	5.48218e-02
0.68173	5.53593e-02
0.68152	5.58886e-02
0.68129	5.64317e-02
0.68104	5.69846e-02
0.68078	5.75447e-02
0.68052	5.81098e-02
0.68025	5.86785e-02
0.67999	5.92492e-02
0.67974	5.98208e-02
0.67950	6.03921e-02
0.67927	6.09622e-02
0.67905	6.15300e-02
0.67884	6.20945e-02
0.67865	6.26550e-02
0.67848	6.32105e-02
0.67832	6.37602e-02
0.67818	6.43034e-02
0.67807	6.48392e-02
0.67797	6.53669e-02
0.67789	6.58857e-02
0.67782	6.63947e-02
0.67778	6.68930e-02
0.67775	6.73797e-02
0.67774	6.78535e-02
0.67774	6.83135e-02
0.67775	6.87582e-02
0.67777	6.91866e-02
0.67781	6.95972e-02
0.67785	6.99889e-02
0.67790	7.03603e-02
0.67795	7.07037e-02
0.67800	7.10241e-02
0.67806	7.13205e-02
0.67812	7.15919e-02
0.67819	7.18374e-02
0.67827	7.20563e-02
0.67835	7.22478e-02
0.67843	7.24121e-02
0.67851	7.25482e-02
0.67860	7.26551e-02
0.67870	7.27325e-02
0.67880	7.27800e-02
0.67891	7.27973e-02
0.67902	7.27841e-02
0.67914	7.27404e-02
0.67935	7.27380e-02
0.67954	7.26850e-02
0.67973	7.25908e-02
0.67991	7.24595e-02
0.68010	7.22935e-02
0.68028	7.20940e-02
0.68047	7.18622e-02
0.68066	7.15989e-02
0.68086	7.13049e-02
0.68106	7.09809e-02
0.68127	7.06276e-02
0.68148	7.02453e-02
0.68170	6.98354e-02
0.68192	6.93985e-02
0.68215	6.89355e-02
0.68239	6.84474e-02
0.68264	6.79350e-02
0.68289	6.73993e-02
0.68314	6.68415e-02
0.68341	6.62625e-02
0.68368	6.56636e-02
0.68395	6.50461e-02
0.68424	6.44113e-02
0.68453	6.37605e-02
0.68482	6.30952e-02
0.68513	6.24171e-02
0.68544	6.17278e-02
0.68575	6.10289e-02
0.68608	6.03224e-02
0.68640	5.96102e-02
0.68674	5.88941e-02
0.68716	5.80828e-02
0.68757	5.72986e-02
0.68797	5.65342e-02
0.68836	5.57850e-02
0.68876	5.50486e-02
0.68917	5.43243e-02
0.68959	5.36132e-02
0.69001	5.29173e-02
0.69044	5.22397e-02
0.69087	5.15838e-02
0.69131	5.09534e-02
0.69174	5.03305e-02
0.69218	4.97359e-02
0.69261	4.91754e-02
0.69303	4.86825e-02
0.69345	4.82375e-02
0.69386	4.78426e-02
0.69428	4.75000e-02
0.69471	4.72114e-02
0.69513	4.69777e-02
0.69555	4.67993e-02
0.69598	4.66755e-02
0.69641	4.66047e-02
0.69684	4.65847e-02
0.69726	4.66127e-02
0.69779	4.68086e-02
0.69827	4.69996e-02
0.69874	4.72022e-02
0.69918	4.74225e-02
0.69961	4.76620e-02
0.70003	4.79207e-02
0.70043	4.81978e-02
0.70083	4.84923e-02
0.70122	4.88034e-02
0.70160	4.91301e-02
0.70197	4.94716e-02
0.70234	4.98271e-02
0.70270	5.01960e-02
0.70306	5.05774e-02
0.70341	5.09707e-02
0.70376	5.13750e-02
0.70411	5.17896e-02
0.70445	5.22138e-02
0.70479	5.26467e-02
0.70512	5.30876e-02
0.70546	5.35356e-02
0.70579	5.39900e-02
0.70612	5.44498e-02
0.70645	5.49144e-02
0.70677	5.53830e-02
0.70709	5.58547e-02
0.70741	5.63289e-02
0.70772	5.68047e-02
0.70803	5.72816e-02
0.70833	5.77492e-02
0.70861	5.82142e-02
0.70889	5.86764e-02
0.70916	5.91351e-02
0.70943	5.95898e-02
0.70968	6.00400e-02
0.70993	6.04852e-02
0.71026	6.07548e-02
0.71056	6.10436e-02
0.71085	6.13375e-02
0.71113	6.16365e-02
0.71138	6.19412e-02
0.71162	6.22520e-02
0.71184	6.25691e-02
0.71205	6.28925e-02
0.71222	6.32159e-02
0.71236	6.35437e-02
0.71248	6.38752e-02
0.71258	6.42094e-02
0.71266	6.45454e-02
0.71271	6.48815e-02
0.71273	6.52169e-02
0.71273	6.55503e-02
0.71271	6.58804e-02
0.71266	6.62061e-02
0.71258	6.65260e-02
0.71265	6.69459e-02
0.71268	6.73513e-02
0.71267	6.77427e-02
0.71263	6.81195e-02
0.71254	6.84719e-02
0.71242	6.88059e-02
0.71226	6.91199e-02
0.71207	6.94120e-02
0.71184	6.96811e-02
0.71157	6.99257e-02
0.71128	7.01451e-02
0.71094	7.03386e-02
0.71057	7.05058e-02
0.71017	7.06467e-02
0.70974	7.07612e-02
0.70928	7.08496e-02
0.70879	7.09122e-02
0.70826	7.09496e-02
0.70771	7.09623e-02
0.70714	7.09509e-02
0.70652	7.09246e-02
0.70589	7.08780e-02
0.70522	7.08115e-02
0.70453	7.07258e-02
0.70382	7.06214e-02
0.70309	7.04990e-02
0.70234	7.03591e-02
0.70157	7.02025e-02
0.70079	7.00296e-02
0.69999	6.98411e-02
0.69917	6.96377e-02
0.69834	6.94197e-02
0.69750	6.91880e-02
0.69664	6.89429e-02
0.69577	6.86956e-02
0.69490	6.84367e-02
0.69401	6.81667e-02
0.69311	6.78865e-02
0.69221	6.75967e-02
0.69131	6.72979e-02
0.69040	6.69906e-02
0.68949	6.66755e-02
0.68857	6.63530e-02
0.68766	6.60238e-02
0.68674	6.56882e-02
0.68589	6.53824e-02
0.68503	6.50717e-02
0.68418	6.47567e-02
0.68333	6.44378e-02
0.68247	6.41152e-02
0.68163	6.37894e-02
0.68078	6.34606e-02
0.67995	6.31291e-02
0.67912	6.27953e-02
0.67830	6.24594e-02
0.67748	6.21217e-02
0.67668	6.17825e-02
0.67589	6.14420e-02
0.67511	6.11007e-02
0.67434	6.07586e-02
0.67359	6.04164e-02
0.67285	6.00741e-02
0.67213	5.97323e-02
0.67143	5.93913e-02
0.67074	5.90515e-02
0.67008	5.87133e-02
0.66943	5.83773e-02
0.66881	5.80438e-02
0.66821	5.77135e-02
0.66763	5.73868e-02
0.66708	5.70644e-02
0.66656	5.67468e-02
0.66606	5.64346e-02
0.66558	5.61286e-02
0.66512	5.58255e-02
0.66469	5.55304e-02
0.66429	5.52442e-02
0.66391	5.49679e-02
0.66357	5.47025e-02
0.66325	5.44489e-02
0.66297	5.42081e-02
0.66271	5.39797e-02
0.66254	5.37545e-02
0.66241	5.35430e-02
0.66232	5.33459e-02
0.66226	5.31641e-02
0.66224	5.29988e-02
0.66225	5.28507e-02
0.66230	5.27209e-02
0.66238	5.26104e-02
0.66250	5.25201e-02
0.66264	5.24510e-02
0.66282	5.24040e-02
0.66303	5.23799e-02
0.66326	5.23794e-02
0.66353	5.24032e-02
0.66396	5.24229e-02
0.66439	5.24745e-02
0.66482	5.25567e-02
0.66527	5.26682e-02
0.66570	5.27877e-02
0.66615	5.29302e-02
0.66661	5.30956e-02
0.66708	5.32842e-02
0.66761	5.35354e-02
0.66815	5.38106e-02
0.66870	5.41091e-02
0.66926	5.44302e-02
0.66982	5.47728e-02
0.67040	5.51358e-02
0.67098	5.55184e-02
0.67156	5.59196e-02
0.67215	5.63386e-02
0.67273	5.67749e-02
0.67332	5.72278e-02
0.67391	5.76970e-02
0.67450	5.81822e-02
0.67509	5.86829e-02
0.67569	5.91990e-02
0.67628	5.97299e-02
0.67685	6.02883e-02
0.67741	6.08614e-02
0.67797	6.14485e-02
0.67853	6.20487e-02
0.67909	6.26613e-02
0.67964	6.32853e-02
0.68019	6.39199e-02
0.68073	6.45641e-02
0.68126	6.52169e-02
0.68179	6.58773e-02
0.68231	6.65442e-02
0.68283	6.72166e-02
0.68333	6.78934e-02
0.68383	6.85735e-02
0.68430	6.92993e-02
0.68476	7.00316e-02
0.68521	7.07686e-02
0.68564	7.15091e-02
0.68606	7.22518e-02
0.68647	7.29956e-02
0.68686	7.37394e-02
0.68725	7.44818e-02
0.68761	7.52217e-02
0.68797	7.59579e-02
0.68831	7.66889e-02
0.68872	7.74074e-02
0.68911	7.81152e-02
0.68949	7.88111e-02
0.68986	7.94939e-02
0.69021	8.01621e-02
0.69054	8.08145e-02
0.69086	8.14496e-02
0.69117	8.20660e-02
0.69146	8.26622e-02
0.69174	8.32368e-02
0.69201	8.37883e-02
0.69226	8.43152e-02
0.69250	8.48161e-02
0.69273	8.52895e-02
0.69294	8.57340e-02
0.69314	8.61482e-02
0.69333	8.65306e-02
0.69351	8.68801e-02
0.69368	8.71952e-02
0.69383	8.74748e-02
0.69398	8.77179e-02
0.69411	8.79232e-02
0.69423	8.80899e-02
0.69435	8.82170e-02
0.69445	8.83005e-02
0.69453	8.83427e-02
0.69461	8.83430e-02
0.69468	8.83010e-02
0.69474	8.82164e-02
0.69478	8.80770e-02
0.69480	8.78925e-02
0.69481	8.76632e-02
0.69482	8.73894e-02
0.69481	8.70714e-02
0.69479	8.67099e-02
0.69476	8.63052e-02
0.69472	8.58590e-02
0.69467	8.53712e-02
0.69461	8.48427e-02
0.69454	8.42745e-02
0.69446	8.36675e-02
0.69437	8.30231e-02
0.69427	8.23424e-02
0.69415	8.16268e-02
0.69403	8.08773e-02
0.69390	8.00958e-02
0.69375	7.92838e-02
0.69360	7.84429e-02
0.69343	7.75747e-02
0.69339	7.67009e-02
0.69334	7.58033e-02
0.69326	7.48818e-02
0.69318	7.39411e-02
0.69309	7.29836e-02
0.69300	7.20117e-02
0.69288	7.10111e-02
0.69275	6.99985e-02
0.69262	6.89759e-02
0.69248	6.79454e-02
0.69233	6.69086e-02
0.69217	6.58666e-02
0.69199	6.48207e-02
0.69180	6.37717e-02
0.69159	6.27201e-02
0.69136	6.16664e-02
0.69110	6.06110e-02
0.69083	5.95545e-02
0.69052	5.84975e-02
0.69019	5.74437e-02
0.68984	5.63913e-02
0.68946	5.53416e-02
0.68905	5.42964e-02
0.68863	5.32576e-02
0.68819	5.22275e-02
0.68773	5.12088e-02
0.68724	5.02083e-02
0.68674	4.92260e-02
0.68623	4.82648e-02
0.68570	4.73279e-02
0.68517	4.64184e-02
0.68462	4.55396e-02
0.68407	4.46947e-02
0.68351	4.38869e-02
0.68295	4.31192e-02
0.68239	4.23945e-02
0.68182	4.17156e-02
0.68126	4.10851e-02
0.68070	4.05053e-02
0.68014	3.99780e-02
0.67958	3.95164e-02
0.67902	3.91107e-02
0.67847	3.87612e-02
0.67793	3.84683e-02
0.67739	3.82317e-02
0.67686	3.80511e-02
0.67634	3.79254e-02
0.67582	3.78533e-02
0.67532	3.78333e-02
0.67483	3.78632e-02
0.67435	3.79407e-02
0.67385	3.80239e-02
0.67337	3.81448e-02
0.67290	3.83015e-02
0.67243	3.84914e-02
0.67198	3.87123e-02
0.67154	3.89615e-02
0.67111	3.92366e-02
0.67069	3.95351e-02
0.67026	3.98582e-02
0.66985	4.02001e-02
0.66944	4.05587e-02
0.66905	4.09320e-02
0.66867	4.13183e-02
0.66829	4.17159e-02
0.66793	4.21236e-02
0.66759	4.25402e-02
0.66725	4.29650e-02
0.66692	4.33973e-02
0.66661	4.38367e-02
0.66630	4.42830e-02
0.66601	4.47362e-02
0.66573	4.51966e-02
0.66546	4.56647e-02
0.66521	4.61411e-02
0.66496	4.66264e-02
0.66472	4.71218e-02
0.66449	4.76285e-02
0.66428	4.81476e-02
0.66407	4.86806e-02
0.66387	4.92371e-02
0.66368	4.98117e-02
0.66349	5.04059e-02
0.66331	5.10210e-02
0.66315	5.16587e-02
0.66299	5.23204e-02
0.66283	5.30073e-02
0.66269	5.37210e-02
0.66255	5.44624e-02
0.66242	5.52327e-02
0.66230	5.60327e-02
0.66218	5.68633e-02
0.66207	5.77249e-02
0.66197	5.86178e-02
0.66187	5.95422e-02
0.66177	6.04966e-02
0.66168	6.14820e-02
0.66159	6.24981e-02
0.66151	6.35442e-02
0.66143	6.46191e-02
0.66140	6.57457e-02
0.66138	6.68976e-02
0.66133	6.80568e-02
0.66129	6.92366e-02
0.66124	7.04359e-02
0.66120	7.16527e-02
0.66114	7.28672e-02
0.66109	7.40938e-02
0.66104	7.53304e-02
0.66098	7.65747e-02
0.66093	7.78241e-02
0.66088	7.90759e-02
0.66083	8.03273e-02
0.66078	8.15757e-02
0.66073	8.28181e-02
0.66068	8.40520e-02
0.66063	8.52746e-02
0.66058	8.64833e-02
0.66053	8.76756e-02
0.66048	8.88490e-02
0.66044	9.00012e-02
0.66039	9.11299e-02
0.66035	9.22329e-02
0.66032	9.33081e-02
0.66028	9.43535e-02
0.66025	9.53671e-02
0.66022	9.63472e-02
0.66020	9.72914e-02
0.66017	9.81979e-02
0.66016	9.90646e-02
0.66014	9.98896e-02
0.66012	1.00671e-01
0.66011	1.01407e-01
0.66010	1.02096e-01
0.66009	1.02737e-01
0.66007	1.03327e-01
0.66006	1.03866e-01
0.66004	1.04353e-01
0.66002	1.04787e-01
0.66000	1.05168e-01
0.65996	1.05524e-01
0.65992	1.05831e-01
0.65988	1.06087e-01
0.65984	1.06294e-01
0.65979	1.06452e-01
0.65974	1.06562e-01
0.65969	1.06624e-01
0.65964	1.06638e-01
0.65960	1.06605e-01
0.65955	1.06527e-01
0.65950	1.06403e-01
0.65945	1.06230e-01
0.65940	1.06012e-01
0.65934	1.05750e-01
0.65930	1.05445e-01
0.65925	1.05098e-01
0.65921	1.04709e-01
0.65918	1.04279e-01
0.65915	1.03810e-01
0.65911	1.03306e-01
0.65908	1.02766e-01
0.65905	1.02188e-01
0.65904	1.01576e-01
0.65903	1.00929e-01
0.65902	1.00249e-01
0.65902	9.95367e-02
0.65904	9.87940e-02
0.65906	9.80220e-02
0.65908	9.72220e-02
0.65912	9.63956e-02
0.65917	9.55444e-02
0.65923	9.46699e-02
0.65929	9.37738e-02
0.65937	9.28580e-02
0.65945	9.19243e-02
0.65968	9.11361e-02
0.65986	9.02658e-02
0.66001	8.93320e-02
0.66032	8.84851e-02
0.66058	8.75764e-02
0.66079	8.66274e-02
0.66099	8.56547e-02
0.66119	8.46695e-02
0.66138	8.36799e-02
0.66158	8.26914e-02
0.66179	8.17085e-02
0.66200	8.07349e-02
0.66222	7.97737e-02
0.66244	7.88279e-02
0.66268	7.79001e-02
0.66292	7.69928e-02
0.66317	7.61084e-02
0.66343	7.52491e-02
0.66370	7.44169e-02
0.66397	7.36137e-02
0.66427	7.28542e-02
0.66458	7.21282e-02
0.66490	7.14374e-02
0.66522	7.07828e-02
0.66554	7.01654e-02
0.66587	6.95843e-02
0.66621	6.90416e-02
0.66654	6.85384e-02
0.66688	6.80739e-02
0.66722	6.76481e-02
0.66756	6.72604e-02
0.66789	6.69092e-02
0.66823	6.65946e-02
0.66857	6.63157e-02
0.66890	6.60712e-02
0.66923	6.58599e-02
0.66955	6.56804e-02
0.66988	6.55311e-02
0.67019	6.54106e-02
0.67051	6.53172e-02
0.67081	6.52492e-02
0.67111	6.52049e-02
0.67140	6.51828e-02
0.67168	6.51812e-02
0.67195	6.51986e-02
0.67221	6.52272e-02
0.67245	6.52714e-02
0.67269	6.53297e-02
0.67291	6.54003e-02
0.67311	6.54826e-02
0.67330	6.55755e-02
0.67346	6.57058e-02
0.67360	6.58489e-02
0.67372	6.60036e-02
0.67383	6.61692e-02
0.67392	6.63448e-02
0.67398	6.65237e-02
0.67402	6.67113e-02
0.67405	6.69071e-02
0.67406	6.71107e-02
0.67404	6.73218e-02
0.67401	6.75400e-02
0.67396	6.77649e-02
0.67389	6.79963e-02
0.67381	6.82338e-02
0.67369	6.84947e-02
0.67355	6.87627e-02
0.67340	6.90370e-02
0.67322	6.93180e-02
0.67303	6.96054e-02
0.67281	6.98988e-02
0.67258	7.01980e-02
0.67233	7.05025e-02
0.67207	7.08117e-02
0.67179	7.11251e-02
0.67149	7.14420e-02
0.67117	7.17618e-02
0.67085	7.20838e-02
0.67049	7.23977e-02
0.67012	7.27115e-02
0.66974	7.30244e-02
0.66934	7.33355e-02
0.66893	7.36439e-02
0.66851	7.39487e-02
0.66817	7.42304e-02
0.66780	7.45123e-02
0.66742	7.47913e-02
0.66702	7.50656e-02
0.66660	7.53334e-02
0.66618	7.55935e-02
0.66575	7.58446e-02
0.66530	7.60857e-02
0.66485	7.63157e-02
0.66439	7.65337e-02
0.66393	7.67389e-02
0.66345	7.69303e-02
0.66297	7.71073e-02
0.66249	7.72693e-02
0.66200	7.74155e-02
0.66151	7.75457e-02
0.66101	7.76570e-02
0.66051	7.77517e-02
0.66001	7.78296e-02
0.65951	7.78904e-02
0.65901	7.79340e-02
0.65851	7.79614e-02
0.65801	7.79716e-02
0.65751	7.79648e-02
0.65701	7.79410e-02
0.65651	7.79004e-02
0.65602	7.78433e-02
0.65553	7.77699e-02
0.65504	7.76806e-02
0.65456	7.75757e-02
0.65409	7.74556e-02
0.65362	7.73207e-02
0.65315	7.71714e-02
0.65270	7.70082e-02
0.65225	7.68315e-02
0.65181	7.66417e-02
0.65153	7.65027e-02
0.65133	7.63936e-02
0.65117	7.63051e-02
0.65102	7.62167e-02
0.65084	7.61126e-02
0.65063	7.59878e-02
0.65041	7.58437e-02
0.65016	7.56822e-02
0.64992	7.55076e-02
0.64967	7.53221e-02
0.64943	7.51273e-02
0.64917	7.49159e-02
0.64892	7.46964e-02
0.64868	7.44700e-02
0.64844	7.42375e-02
0.64821	7.39997e-02
0.64799	7.37573e-02
0.64777	7.35110e-02
0.64756	7.32615e-02
0.64736	7.30095e-02
0.64717	7.27559e-02
0.64699	7.25014e-02
0.64682	7.22469e-02
0.64665	7.19931e-02
0.64650	7.17410e-02
0.64635	7.14915e-02
0.64622	7.12454e-02
0.64609	7.10063e-02
0.64600	7.07797e-02
0.64590	7.05566e-02
0.64581	7.03394e-02
0.64572	7.01298e-02
0.64563	6.99288e-02
0.64555	6.97376e-02
0.64548	6.95570e-02
0.64541	6.93877e-02
0.64535	6.92306e-02
0.64529	6.90863e-02
0.64523	6.89553e-02
0.64518	6.88382e-02
0.64513	6.87354e-02
0.64509	6.86472e-02
0.64505	6.85739e-02
0.64501	6.85158e-02
0.64497	6.84728e-02
0.64491	6.84811e-02
0.64485	6.85090e-02
0.64479	6.85557e-02
0.64473	6.86208e-02
0.64475	6.86110e-02
0.64476	6.86381e-02
0.64474	6.86954e-02
0.64472	6.87788e-02
0.64468	6.88851e-02
0.64463	6.90118e-02
0.64457	6.91570e-02
0.64451	6.93190e-02
0.64444	6.94961e-02
0.64436	6.96887e-02
0.64427	6.98939e-02
0.64418	7.01102e-02
0.64409	7.03368e-02
0.64399	7.05727e-02
0.64389	7.08173e-02
0.64378	7.10691e-02
0.64367	7.13292e-02
0.64355	7.15979e-02
0.64343	7.18758e-02
0.64331	7.21639e-02
0.64319	7.24632e-02
0.64306	7.27751e-02
0.64292	7.31009e-02
0.64278	7.34417e-02
0.64262	7.37988e-02
0.64246	7.41729e-02
0.64228	7.45649e-02
0.64210	7.49753e-02
0.64190	7.54042e-02
0.64169	7.58518e-02
0.64147	7.63179e-02
0.64127	7.68635e-02
0.64105	7.74118e-02
0.64082	7.79640e-02
0.64057	7.85208e-02
0.64030	7.90829e-02
0.64018	7.95743e-02
0.64003	8.00838e-02
0.63985	8.06099e-02
0.63966	8.11515e-02
0.63945	8.17076e-02
0.63922	8.22772e-02
0.63899	8.28594e-02
0.63874	8.34530e-02
0.63849	8.40570e-02
0.63823	8.46700e-02
0.63797	8.52908e-02
0.63770	8.59180e-02
0.63744	8.65501e-02
0.63717	8.71854e-02
0.63691	8.78224e-02
0.63664	8.84581e-02
0.63638	8.90919e-02
0.63612	8.97222e-02
0.63587	9.03470e-02
0.63563	9.09644e-02
0.63539	9.15727e-02
0.63517	9.21699e-02
0.63495	9.27565e-02
0.63473	9.33283e-02
0.63453	9.38836e-02
0.63434	9.44205e-02
0.63416	9.49331e-02
0.63399	9.54232e-02
0.63383	9.58892e-02
0.63369	9.63294e-02
0.63356	9.67422e-02
0.63344	9.71261e-02
0.63334	9.74798e-02
0.63326	9.78019e-02
0.63319	9.80912e-02
0.63313	9.83465e-02
0.63310	9.85669e-02
0.63308	9.87514e-02
0.63307	9.88993e-02
0.63308	9.90098e-02
0.63312	9.90824e-02
0.63316	9.91166e-02
0.63323	9.91119e-02
0.63330	9.90517e-02
0.63338	9.89501e-02
0.63348	9.88076e-02
0.63360	9.86243e-02
0.63373	9.84006e-02
0.63388	9.81370e-02
0.63405	9.78340e-02
0.63423	9.74923e-02
0.63442	9.71126e-02
0.63464	9.66956e-02
0.63487	9.62424e-02
0.63511	9.57539e-02
0.63537	9.52313e-02
0.63564	9.46758e-02
0.63593	9.40885e-02
0.63623	9.34711e-02
0.63655	9.28248e-02
0.63687	9.21607e-02
0.63721	9.14710e-02
0.63756	9.07574e-02
0.63792	9.00217e-02
0.63827	8.92745e-02
0.63862	8.85104e-02
0.63898	8.77313e-02
0.63935	8.69392e-02
0.63973	8.61361e-02
0.64012	8.53244e-02
0.64051	8.45061e-02
0.64090	8.36833e-02
0.64130	8.28583e-02
0.64169	8.20327e-02
0.64208	8.12096e-02
0.64247	8.03912e-02
0.64286	7.95798e-02
0.64324	7.87772e-02
0.64363	7.79857e-02
0.64401	7.72104e-02
0.64439	7.64497e-02
0.64476	7.57052e-02
0.64513	7.49788e-02
0.64550	7.42717e-02
0.64585	7.35855e-02
0.64620	7.29212e-02
0.64655	7.22799e-02
0.64688	7.16624e-02
0.64720	7.10693e-02
0.64752	7.05010e-02
0.64782	6.99580e-02
0.64811	6.94401e-02
0.64839	6.89474e-02
0.64866	6.84796e-02
0.64891	6.80362e-02
0.64930	6.78321e-02
0.64965	6.76145e-02
0.64996	6.73854e-02
0.65023	6.71492e-02
0.65047	6.69103e-02
0.65082	6.66505e-02
0.65111	6.63913e-02
0.65137	6.61344e-02
0.65159	6.58806e-02
0.65178	6.56302e-02
0.65195	6.53830e-02
0.65209	6.51386e-02
0.65220	6.48965e-02
0.65230	6.46561e-02
0.65237	6.44167e-02
0.65243	6.41780e-02
0.65246	6.39394e-02
0.65248	6.37006e-02
0.65248	6.34612e-02
0.65246	6.32213e-02
0.65250	6.30943e-02
0.65252	6.29408e-02
0.65250	6.27672e-02
0.65246	6.25796e-02
0.65240	6.23835e-02
0.65233	6.21834e-02
0.65224	6.19833e-02
0.65213	6.17730e-02
0.65200	6.15668e-02
0.65186	6.13674e-02
0.65172	6.11776e-02
0.65163	6.10126e-02
0.65152	6.08590e-02
0.65141	6.07201e-02
0.65129	6.05989e-02
0.65116	6.04981e-02
0.65103	6.04202e-02
0.65089	6.03676e-02
0.65076	6.03425e-02
0.65062	6.03472e-02
0.65049	6.03838e-02
0.65035	6.04542e-02
0.65021	6.05603e-02
0.65008	6.07038e-02
0.64995	6.08863e-02
0.64982	6.11089e-02
0.64969	6.13730e-02
0.64957	6.16794e-02
0.64944	6.20213e-02
0.64932	6.24056e-02
0.64920	6.28323e-02
0.64909	6.33012e-02
0.64898	6.38118e-02
0.64887	6.43634e-02
0.64877	6.49549e-02
0.64868	6.55849e-02
0.64859	6.62519e-02
0.64851	6.69541e-02
0.64844	6.76894e-02
0.64837	6.84555e-02
0.64831	6.92501e-02
0.64826	7.00704e-02
0.64821	7.09138e-02
0.64818	7.17775e-02
0.64815	7.26584e-02
0.64812	7.35631e-02
0.64811	7.44808e-02
0.64810	7.54076e-02
0.64809	7.63405e-02
0.64809	7.72764e-02
0.64810	7.82116e-02
0.64811	7.91429e-02
0.64813	8.00673e-02
0.64816	8.09818e-02
0.64819	8.18836e-02
0.64823	8.27697e-02
0.64828	8.36377e-02
0.64833	8.44848e-02
0.64842	8.53139e-02
0.64852	8.61189e-02
0.64863	8.68976e-02
0.64875	8.76479e-02
0.64888	8.83679e-02
0.64902	8.90553e-02
0.64925	8.96951e-02
0.64947	9.02981e-02
0.64969	9.08624e-02
0.64991	9.13863e-02
0.65012	9.18680e-02
0.65033	9.23065e-02
0.65053	9.27008e-02
0.65072	9.30500e-02
0.65091	9.33539e-02
0.65110	9.36121e-02
0.65128	9.38246e-02
0.65146	9.39915e-02
0.65164	9.41130e-02
0.65216	9.42938e-02
0.65260	9.44121e-02
0.65296	9.44634e-02
0.65325	9.44525e-02
0.65351	9.43862e-02
0.65374	9.42699e-02
0.65396	9.41073e-02
0.65416	9.39012e-02
0.65434	9.36536e-02
0.65450	9.33661e-02
0.65465	9.30405e-02
0.65479	9.26787e-02
0.65491	9.22825e-02
0.65501	9.18542e-02
0.65510	9.13959e-02
0.65518	9.09102e-02
0.65524	9.03994e-02
0.65528	8.98664e-02
0.65530	8.93139e-02
0.65531	8.87448e-02
0.65531	8.81621e-02
0.65529	8.75687e-02
0.65525	8.69677e-02
0.65520	8.63622e-02
0.65513	8.57553e-02
0.65504	8.51501e-02
0.65494	8.45495e-02
0.65483	8.39566e-02
0.65470	8.33743e-02
0.65455	8.28053e-02
0.65438	8.22531e-02
0.65419	8.17191e-02
0.65398	8.12056e-02
0.65375	8.07149e-02
0.65350	8.02427e-02
0.65324	7.97963e-02
0.65295	7.93773e-02
0.65265	7.89870e-02
0.65233	7.86264e-02
0.65200	7.82962e-02
0.65164	7.79972e-02
0.65127	7.77295e-02
0.65088	7.74931e-02
0.65048	7.72878e-02
0.65006	7.71131e-02
0.64962	7.69683e-02
0.64916	7.68524e-02
0.64869	7.67642e-02
0.64821	7.67024e-02
0.64770	7.66655e-02
0.64719	7.66518e-02
0.64665	7.66576e-02
0.64610	7.66831e-02
0.64554	7.67263e-02
0.64496	7.67852e-02
0.64437	7.68575e-02
0.64377	7.69412e-02
0.64316	7.70341e-02
0.64253	7.71341e-02
0.64190	7.72392e-02
0.64126	7.73474e-02
0.64061	7.74568e-02
0.63995	7.75656e-02
0.63928	7.76722e-02
0.63861	7.77750e-02
0.63793	7.78726e-02
0.63724	7.79637e-02
0.63656	7.80473e-02
0.63585	7.81429e-02
0.63515	7.82307e-02
0.63444	7.83100e-02
0.63373	7.83805e-02
0.63310	7.82896e-02
0.63246	7.82042e-02
0.63182	7.81278e-02
0.63117	7.80622e-02
0.63051	7.80067e-02
0.62984	7.79584e-02
0.62918	7.79134e-02
0.62852	7.78678e-02
0.62787	7.78196e-02
0.62722	7.77677e-02
0.62658	7.77126e-02
0.62595	7.76559e-02
0.62534	7.75998e-02
0.62473	7.75463e-02
0.62413	7.74980e-02
0.62353	7.74564e-02
0.62294	7.74242e-02
0.62237	7.74034e-02
0.62180	7.73958e-02
0.62124	7.74025e-02
0.62069	7.74256e-02
0.62015	7.74665e-02
0.61962	7.75266e-02
0.61911	7.76071e-02
0.61861	7.77091e-02
0.61813	7.78336e-02
0.61767	7.79814e-02
0.61722	7.81530e-02
0.61679	7.83428e-02
0.61637	7.85561e-02
0.61596	7.87931e-02
0.61557	7.90453e-02
0.61520	7.93197e-02
0.61484	7.96166e-02
0.61450	7.99355e-02
0.61418	8.02758e-02
0.61387	8.06406e-02
0.61357	8.10262e-02
0.61329	8.14314e-02
0.61303	8.18550e-02
0.61279	8.22958e-02
0.61256	8.27523e-02
0.61235	8.32231e-02
0.61217	8.37065e-02
0.61200	8.42009e-02
0.61184	8.47047e-02
0.61171	8.52159e-02
0.61159	8.57329e-02
0.61150	8.62537e-02
0.61142	8.67766e-02
0.61136	8.72996e-02
0.61131	8.78209e-02
0.61129	8.83388e-02
0.61128	8.88512e-02
0.61129	8.93566e-02
0.61131	8.98530e-02
0.61135	9.03388e-02
0.61141	9.08123e-02
0.61148	9.12720e-02
0.61157	9.17162e-02
0.61168	9.21434e-02
0.61180	9.25522e-02
0.61199	9.29240e-02
0.61219	9.32747e-02
0.61241	9.36031e-02
0.61264	9.39081e-02
0.61288	9.41889e-02
0.61314	9.44447e-02
0.61340	9.46748e-02
0.61367	9.48787e-02
0.61394	9.50409e-02
0.61422	9.51720e-02
0.61449	9.52719e-02
0.61477	9.53403e-02
0.61505	9.53771e-02
0.61534	9.53821e-02
0.61563	9.53553e-02
0.61591	9.52965e-02
0.61620	9.52058e-02
0.61649	9.50764e-02
0.61677	9.49135e-02
0.61706	9.47177e-02
0.61734	9.44894e-02
0.61763	9.42291e-02
0.61791	9.39374e-02
0.61820	9.36146e-02
0.61848	9.32616e-02
0.61876	9.28788e-02
0.61904	9.24670e-02
0.61931	9.20271e-02
0.61959	9.15598e-02
0.61986	9.10661e-02
0.62013	9.05470e-02
0.62040	9.00035e-02
0.62066	8.94368e-02
0.62092	8.88480e-02
0.62117	8.82447e-02
0.62141	8.76229e-02
0.62165	8.69839e-02
0.62189	8.63286e-02
0.62210	8.56536e-02
0.62231	8.49642e-02
0.62251	8.42620e-02
0.62271	8.35486e-02
0.62289	8.28254e-02
0.62306	8.20940e-02
0.62322	8.13562e-02
0.62338	8.06134e-02
0.62352	7.98674e-02
0.62365	7.91199e-02
0.62377	7.83725e-02
0.62388	7.76269e-02
0.62397	7.68849e-02
0.62406	7.61482e-02
0.62413	7.54183e-02
0.62418	7.47050e-02
0.62422	7.40016e-02
0.62425	7.33100e-02
0.62427	7.26319e-02
0.62427	7.19706e-02
0.62426	7.13265e-02
0.62423	7.07011e-02
0.62419	7.00962e-02
0.62414	6.95133e-02
0.62407	6.89539e-02
0.62399	6.84195e-02
0.62390	6.79118e-02
0.62379	6.74320e-02
0.62366	6.69724e-02
0.62352	6.65433e-02
0.62336	6.61462e-02
0.62319	6.57825e-02
0.62301	6.54532e-02
0.62282	6.51593e-02
0.62261	6.49020e-02
0.62239	6.46820e-02
0.62215	6.44999e-02
0.62191	6.43565e-02
0.62165	6.42525e-02
0.62138	6.41883e-02
0.62110	6.41642e-02
0.62081	6.41805e-02
0.62051	6.42371e-02
0.62020	6.43341e-02
0.61987	6.44711e-02
0.61954	6.46478e-02
0.61920	6.48637e-02
0.61885	6.51181e-02
0.61849	6.54103e-02
0.61812	6.57392e-02
0.61775	6.61038e-02
0.61736	6.65028e-02
0.61697	6.69350e-02
0.61658	6.73988e-02
0.61618	6.78926e-02
0.61575	6.83932e-02
0.61532	6.89183e-02
0.61488	6.94665e-02
0.61445	7.00356e-02
0.61401	7.06241e-02
0.61356	7.12300e-02
0.61311	7.18513e-02
0.61265	7.24833e-02
0.61218	7.31259e-02
0.61172	7.37766e-02
0.61126	7.44333e-02
0.61081	7.50935e-02
0.61036	7.57551e-02
0.60991	7.64156e-02
0.60948	7.70730e-02
0.60905	7.77252e-02
0.60862	7.83703e-02
0.60821	7.90065e-02
0.60780	7.96322e-02
0.60740	8.02459e-02
0.60701	8.08460e-02
0.60663	8.14313e-02
0.60625	8.20003e-02
0.60588	8.25518e-02
0.60551	8.30841e-02
0.60515	8.35963e-02
0.60479	8.40875e-02
0.60444	8.45565e-02
0.60410	8.50022e-02
0.60377	8.54238e-02
0.60345	8.58204e-02
0.60314	8.61909e-02
0.60283	8.65347e-02
0.60254	8.68510e-02
0.60225	8.71390e-02
0.60198	8.73982e-02
0.60172	8.76277e-02
0.60147	8.78272e-02
0.60123	8.79961e-02
0.60101	8.81339e-02
0.60079	8.82402e-02
0.60059	8.83279e-02
0.60040	8.83861e-02
0.60022	8.84143e-02
0.60005	8.84122e-02
0.59990	8.83799e-02
0.59976	8.83171e-02
0.59963	8.82237e-02
0.59952	8.80998e-02
0.59942	8.79458e-02
0.59934	8.77619e-02
0.59928	8.75483e-02
0.59923	8.73057e-02
0.59919	8.70345e-02
0.59918	8.67352e-02
0.59918	8.64086e-02
0.59919	8.60553e-02
0.59923	8.56762e-02
0.59928	8.52722e-02
0.59935	8.48442e-02
0.59931	8.44405e-02
0.59930	8.40208e-02
0.59929	8.35854e-02
0.59931	8.31344e-02
0.59934	8.26674e-02
0.59940	8.21846e-02
0.59948	8.16859e-02
0.59959	8.11715e-02
0.59973	8.06419e-02
0.59990	8.00979e-02
0.60009	7.95407e-02
0.60032	7.89719e-02
0.60056	7.83933e-02
0.60084	7.78066e-02
0.60114	7.72144e-02
0.60146	7.66187e-02
0.60180	7.60217e-02
0.60217	7.54258e-02
0.60255	7.48331e-02
0.60296	7.42459e-02
0.60338	7.36662e-02
0.60382	7.30949e-02
0.60427	7.25349e-02
0.60473	7.19880e-02
0.60521	7.14558e-02
0.60571	7.09398e-02
0.60622	7.04411e-02
0.60674	6.99610e-02
0.60728	6.95003e-02
0.60783	6.90599e-02
0.60839	6.86407e-02
0.60897	6.82433e-02
0.60956	6.78683e-02
0.61016	6.75164e-02
0.61078	6.71883e-02
0.61141	6.68844e-02
0.61204	6.66052e-02
0.61269	6.63513e-02
0.61335	6.61229e-02
0.61401	6.59203e-02
0.61471	6.57583e-02
0.61540	6.56197e-02
0.61610	6.55055e-02
0.61701	6.55079e-02
0.61798	6.55707e-02
0.61899	6.56884e-02
0.62000	6.58456e-02
0.62098	6.60166e-02
0.62192	6.61922e-02
0.62280	6.63655e-02
0.62364	6.65355e-02
0.62444	6.67041e-02
0.62520	6.68740e-02
0.62593	6.70474e-02
0.62664	6.72256e-02
0.62732	6.74098e-02
0.62797	6.76005e-02
0.62860	6.77981e-02
0.62921	6.80029e-02
0.62980	6.82152e-02
0.63036	6.84350e-02
0.63090	6.86624e-02
0.63141	6.88974e-02
0.63191	6.91398e-02
0.63243	6.94337e-02
0.63293	6.97327e-02
0.63340	7.00370e-02
0.63385	7.03461e-02
0.63428	7.06593e-02
0.63468	7.09759e-02
0.63506	7.12950e-02
0.63542	7.16159e-02
0.63575	7.19375e-02
0.63606	7.22591e-02
0.63634	7.25799e-02
0.63659	7.28990e-02
0.63682	7.32157e-02
0.63703	7.35293e-02
0.63721	7.38391e-02
0.63736	7.41445e-02
0.63748	7.44448e-02
0.63755	7.48175e-02
0.63758	7.51904e-02
0.63759	7.55611e-02
0.63757	7.59290e-02
0.63752	7.62992e-02
0.63743	7.66665e-02
0.63732	7.70303e-02
0.63718	7.73901e-02
0.63702	7.77455e-02
0.63683	7.80963e-02
0.63661	7.84420e-02
0.63637	7.87827e-02
0.63610	7.91179e-02
0.63581	7.94477e-02
0.63549	7.97718e-02
0.63515	8.00903e-02
0.63479	8.04031e-02
0.63441	8.07101e-02
0.63400	8.10114e-02
0.63357	8.13068e-02
0.63312	8.15965e-02
0.63265	8.18806e-02
0.63216	8.21592e-02
0.63166	8.24324e-02
0.63113	8.27003e-02
0.63059	8.29631e-02
0.63004	8.32208e-02
0.62947	8.34736e-02
0.62889	8.37215e-02
0.62829	8.39646e-02
0.62768	8.42030e-02
0.62707	8.44366e-02
0.62642	8.46497e-02
0.62577	8.48551e-02
0.62510	8.50528e-02
0.62443	8.52428e-02
0.62375	8.54252e-02
0.62306	8.55997e-02
0.62237	8.57662e-02
0.62168	8.59246e-02
0.62096	8.60692e-02
0.62024	8.62058e-02
0.61952	8.63340e-02
0.61881	8.64535e-02
0.61809	8.65638e-02
0.61738	8.66646e-02
0.61667	8.67554e-02
0.61598	8.68357e-02
0.61528	8.69050e-02
0.61460	8.69627e-02
0.61393	8.70083e-02
0.61326	8.70413e-02
0.61260	8.70604e-02
0.61195	8.70653e-02
0.61130	8.70556e-02
0.61068	8.70305e-02
0.61007	8.69896e-02
0.60947	8.69324e-02
0.60889	8.68583e-02
0.60833	8.67640e-02
0.60778	8.66517e-02
0.60726	8.65213e-02
0.60675	8.63665e-02
0.60626	8.61934e-02
0.60579	8.60020e-02
0.60535	8.57923e-02
0.60494	8.55644e-02
0.60455	8.53186e-02
0.60419	8.50552e-02
0.60386	8.47744e-02
0.60355	8.44768e-02
0.60328	8.41631e-02
0.60303	8.38338e-02
0.60282	8.34897e-02
0.60263	8.31317e-02
0.60247	8.27608e-02
0.60235	8.23779e-02
0.60225	8.19843e-02
0.60219	8.15810e-02
0.60216	8.11694e-02
0.60216	8.07507e-02
0.60219	8.03264e-02
0.60225	7.98978e-02
0.60244	7.95383e-02
0.60264	7.91684e-02
0.60286	7.87895e-02
0.60308	7.84028e-02
0.60332	7.80096e-02
0.60358	7.76111e-02
0.60384	7.72085e-02
0.60413	7.68034e-02
0.60443	7.63973e-02
0.60475	7.59918e-02
0.60509	7.55886e-02
0.60544	7.51893e-02
0.60581	7.47956e-02
0.60620	7.44092e-02
0.60660	7.40316e-02
0.60702	7.36643e-02
0.60746	7.33087e-02
0.60808	7.25630e-02
0.60869	7.19053e-02
0.60929	7.13133e-02
0.60990	7.07692e-02
0.61051	7.02620e-02
0.61112	6.97855e-02
0.61174	6.93375e-02
0.61237	6.89183e-02
0.61300	6.85287e-02
0.61363	6.81699e-02
0.61426	6.78428e-02
0.61489	6.75477e-02
0.61551	6.72841e-02
0.61613	6.70512e-02
0.61674	6.68476e-02
0.61734	6.66714e-02
0.61793	6.65207e-02
0.61850	6.63931e-02
0.61907	6.62863e-02
0.61961	6.61997e-02
0.62014	6.61292e-02
0.62065	6.60727e-02
0.62114	6.60280e-02
0.62162	6.59932e-02
0.62208	6.59667e-02
0.62251	6.59466e-02
0.62293	6.59316e-02
0.62333	6.59202e-02
0.62370	6.59111e-02
0.62404	6.59032e-02
0.62436	6.58954e-02
0.62465	6.58868e-02
0.62492	6.58796e-02
0.62516	6.58743e-02
0.62537	6.58703e-02
0.62556	6.58662e-02
0.62572	6.58601e-02
0.62584	6.58500e-02
0.62594	6.58336e-02
0.62600	6.58088e-02
0.62599	6.57856e-02
0.62595	6.57489e-02
0.62587	6.56965e-02
0.62574	6.56267e-02
0.62558	6.55381e-02
0.62538	6.54293e-02
0.62514	6.52996e-02
0.62486	6.51482e-02
0.62454	6.49747e-02
0.62419	6.47789e-02
0.62379	6.45610e-02
0.62337	6.43216e-02
0.62290	6.40605e-02
0.62240	6.37804e-02
0.62187	6.34834e-02
0.62130	6.31721e-02
0.62070	6.28501e-02
0.62007	6.25212e-02
0.61940	6.21897e-02
0.61870	6.18566e-02
0.61813	6.12214e-02
0.61751	6.06206e-02
0.61684	6.00516e-02
0.61613	5.95168e-02
0.61539	5.90177e-02
0.61460	5.85564e-02
0.61378	5.81345e-02
0.61292	5.77535e-02
0.61203	5.74147e-02
0.61110	5.71182e-02
0.61015	5.68641e-02
0.60917	5.66516e-02
0.60816	5.64794e-02
0.60714	5.63461e-02
0.60609	5.62499e-02
0.60502	5.61768e-02
0.60394	5.61345e-02
0.60285	5.61215e-02
0.60175	5.61365e-02
0.60064	5.61784e-02
0.59954	5.62461e-02
0.59844	5.63390e-02
0.59734	5.64564e-02
0.59635	5.67195e-02
0.59540	5.70400e-02
0.59447	5.74024e-02
0.59356	5.77876e-02
0.59265	5.81799e-02
0.59173	5.85705e-02
0.59082	5.89576e-02
0.58992	5.93431e-02
0.58902	5.97304e-02
0.58815	6.01224e-02
0.58729	6.05213e-02
0.58646	6.09284e-02
0.58566	6.13444e-02
0.58489	6.17693e-02
0.58415	6.22029e-02
0.58345	6.26451e-02
0.58282	6.31203e-02
0.58222	6.36018e-02
0.58167	6.40899e-02
0.58116	6.45846e-02
0.58069	6.50856e-02
0.58049	6.53988e-02
0.58032	6.57306e-02
0.58018	6.60807e-02
0.58008	6.64495e-02
0.58002	6.68377e-02
0.57999	6.72460e-02
0.57999	6.76751e-02
0.58002	6.81256e-02
0.58007	6.85979e-02
0.58015	6.90924e-02
0.58026	6.96089e-02
0.58040	7.01474e-02
0.58056	7.07074e-02
0.58074	7.12882e-02
0.58095	7.18891e-02
0.58133	7.22986e-02
0.58173	7.27145e-02
0.58217	7.31395e-02
0.58264	7.35775e-02
0.58313	7.40318e-02
0.58365	7.45050e-02
0.58419	7.49985e-02
0.58474	7.55133e-02
0.58531	7.60491e-02
0.58590	7.66055e-02
0.58651	7.71812e-02
0.58712	7.77748e-02
0.58776	7.83845e-02
0.58839	7.90002e-02
0.58904	7.96262e-02
0.58969	8.02605e-02
0.59036	8.09008e-02
0.59104	8.15449e-02
0.59172	8.21904e-02
0.59241	8.28350e-02
0.59311	8.34766e-02
0.59381	8.41128e-02
0.59452	8.47415e-02
0.59523	8.53609e-02
0.59595	8.59688e-02
0.59667	8.65634e-02
0.59739	8.71432e-02
0.59811	8.77064e-02
0.59883	8.82515e-02
0.59955	8.87772e-02
0.60027	8.92822e-02
0.60098	8.97654e-02
0.60169	9.02256e-02
0.60238	9.06651e-02
0.60305	9.10805e-02
0.60372	9.14709e-02
0.60438	9.18356e-02
0.60502	9.21741e-02
0.60565	9.24858e-02
0.60627	9.27704e-02
0.60686	9.30139e-02
0.60743	9.32291e-02
0.60798	9.34145e-02
0.60852	9.35699e-02
0.60903	9.36955e-02
0.60952	9.37913e-02
0.60999	9.38577e-02
0.61044	9.38948e-02
0.61087	9.39033e-02
0.61127	9.38835e-02
0.61164	9.38345e-02
0.61198	9.37583e-02
0.61230	9.36556e-02
0.61259	9.35275e-02
0.61285	9.33748e-02
0.61308	9.31986e-02
0.61328	9.29999e-02
0.61346	9.27800e-02
0.61360	9.25402e-02
0.61371	9.22816e-02
0.61379	9.20057e-02
0.61384	9.17139e-02
0.61386	9.14076e-02
0.61384	9.10882e-02
0.61378	9.07321e-02
0.61368	9.03615e-02
0.61355	8.99785e-02
0.61339	8.95850e-02
0.61319	8.91826e-02
0.61295	8.87728e-02
0.61269	8.83569e-02
0.61238	8.79362e-02
0.61205	8.75118e-02
0.61169	8.70848e-02
0.61129	8.66562e-02
0.61086	8.62268e-02
0.61040	8.57974e-02
0.60991	8.53686e-02
0.60939	8.49410e-02
0.60885	8.45149e-02
0.60827	8.40907e-02
0.60768	8.36686e-02
0.60705	8.32488e-02
0.60641	8.28312e-02
0.60574	8.24157e-02
0.60504	8.20057e-02
0.60431	8.15968e-02
0.60356	8.11887e-02
0.60279	8.07809e-02
0.60201	8.03728e-02
0.60122	7.99641e-02
0.60041	7.95542e-02
0.59959	7.91426e-02
0.59876	7.87288e-02
0.59793	7.83126e-02
0.59709	7.78935e-02
0.59624	7.74714e-02
0.59540	7.70461e-02
0.59456	7.66177e-02
0.59372	7.61862e-02
0.59288	7.57562e-02
0.59204	7.53245e-02
0.59122	7.48916e-02
0.59040	7.44581e-02
0.58959	7.40252e-02
0.58880	7.35939e-02
0.58802	7.31659e-02
0.58726	7.27426e-02
0.58652	7.23261e-02
0.58580	7.19185e-02
0.58510	7.15222e-02
0.58443	7.11398e-02
0.58378	7.07741e-02
0.58314	7.04281e-02
0.58253	7.01047e-02
0.58195	6.98069e-02
0.58139	6.95380e-02
0.58087	6.93015e-02
0.58037	6.91005e-02
0.57991	6.89385e-02
0.57948	6.88187e-02
0.57908	6.87442e-02
0.57871	6.87181e-02
0.57837	6.87428e-02
0.57807	6.88210e-02
0.57780	6.89548e-02
0.57757	6.91457e-02
0.57737	6.93952e-02
0.57720	6.97040e-02
0.57707	7.00726e-02
0.57697	7.05009e-02
0.57691	7.09881e-02
0.57688	7.15333e-02
0.57687	7.21332e-02
0.57689	7.27875e-02
0.57693	7.34938e-02
0.57701	7.42493e-02
0.57712	7.50507e-02
0.57726	7.58945e-02
0.57742	7.67767e-02
0.57760	7.76837e-02
0.57781	7.86209e-02
0.57805	7.95825e-02
0.57831	8.05638e-02
0.57860	8.15600e-02
0.57890	8.25664e-02
0.57923	8.35779e-02
0.57959	8.45898e-02
0.57996	8.55973e-02
0.58035	8.65956e-02
0.58075	8.75995e-02
0.58117	8.85865e-02
0.58160	8.95521e-02
0.58204	9.04923e-02
0.58250	9.14029e-02
0.58297	9.22802e-02
0.58344	9.31224e-02
0.58392	9.39245e-02
0.58440	9.46830e-02
0.58489	9.53948e-02
0.58538	9.60572e-02
0.58588	9.66674e-02
0.58637	9.72230e-02
0.58687	9.77217e-02
0.58736	9.81504e-02
0.58785	9.85161e-02
0.58834	9.88178e-02
0.58881	9.90545e-02
0.58929	9.92252e-02
0.58975	9.93291e-02
0.59021	9.93658e-02
0.59066	9.93348e-02
0.59111	9.92362e-02
0.59154	9.90699e-02
0.59196	9.88363e-02
0.59237	9.85358e-02
0.59276	9.81692e-02
0.59315	9.77373e-02
0.59351	9.72412e-02
0.59387	9.66823e-02
0.59420	9.60620e-02
0.59452	9.53809e-02
0.59482	9.46422e-02
0.59511	9.38478e-02
0.59537	9.30000e-02
0.59562	9.21038e-02
0.59585	9.11595e-02
0.59605	9.01700e-02
0.59624	8.91384e-02
0.59641	8.80680e-02
0.59655	8.69625e-02
0.59668	8.58256e-02
0.59678	8.46613e-02
0.59687	8.34738e-02
0.59693	8.22676e-02
0.59698	8.10473e-02
0.59700	7.98177e-02
0.59700	7.85839e-02
0.59698	7.73513e-02
0.59695	7.61252e-02
0.59696	7.49378e-02
0.59696	7.37685e-02
0.59693	7.26232e-02
0.59689	7.15081e-02
0.59682	7.04291e-02
0.59673	6.93922e-02
0.59662	6.84033e-02
0.59650	6.74681e-02
0.59635	6.65922e-02
0.59619	6.57808e-02
0.59601	6.50389e-02
0.59581	6.43710e-02
0.59559	6.37809e-02
0.59535	6.32546e-02
0.59509	6.28100e-02
0.59481	6.24494e-02
0.59452	6.21742e-02
0.59421	6.19849e-02
0.59389	6.18811e-02
0.59356	6.18616e-02
0.59322	6.19242e-02
0.59286	6.20662e-02
0.59249	6.22839e-02
0.59212	6.25730e-02
0.59174	6.29289e-02
0.59134	6.33462e-02
0.59095	6.38193e-02
0.59054	6.43422e-02
0.59013	6.49090e-02
0.58971	6.55133e-02
0.58930	6.61488e-02
0.58887	6.68095e-02
0.58845	6.74892e-02
0.58802	6.81818e-02
0.58759	6.88815e-02
0.58716	6.95830e-02
0.58673	7.02808e-02
0.58630	7.09700e-02
0.58587	7.16457e-02
0.58545	7.23036e-02
0.58502	7.29397e-02
0.58457	7.35950e-02
0.58413	7.42215e-02
0.58369	7.48158e-02
0.58326	7.53752e-02
0.58283	7.58972e-02
0.58241	7.63795e-02
0.58199	7.68202e-02
0.58158	7.72178e-02
0.58118	7.75707e-02
0.58077	7.78662e-02
0.58036	7.81132e-02
0.57995	7.83113e-02
0.57956	7.84604e-02
0.57917	7.85604e-02
0.57879	7.86117e-02
0.57840	7.85965e-02
0.57801	7.85307e-02
0.57763	7.84159e-02
0.57726	7.82536e-02
0.57689	7.80454e-02
0.57653	7.77931e-02
0.57618	7.74988e-02
0.57583	7.71647e-02
0.57550	7.67931e-02
0.57517	7.63866e-02
0.57486	7.59478e-02
0.57455	7.54798e-02
0.57425	7.49854e-02
0.57397	7.44678e-02
0.57369	7.39302e-02
0.57343	7.33759e-02
0.57317	7.28083e-02
0.57294	7.22306e-02
0.57271	7.16464e-02
0.57249	7.10590e-02
0.57229	7.04717e-02
0.57211	6.98877e-02
0.57194	6.93104e-02
0.57178	6.87425e-02
0.57164	6.81871e-02
0.57166	6.78242e-02
0.57166	6.74404e-02
0.57165	6.70473e-02
0.57164	6.66550e-02
0.57174	6.61947e-02
0.57181	6.57662e-02
0.57188	6.53686e-02
0.57195	6.50018e-02
0.57202	6.46656e-02
0.57211	6.43597e-02
0.57222	6.40836e-02
0.57234	6.38366e-02
0.57249	6.36178e-02
0.57265	6.34262e-02
0.57283	6.32603e-02
0.57303	6.31189e-02
0.57326	6.30002e-02
0.57350	6.29027e-02
0.57377	6.28246e-02
0.57412	6.27951e-02
0.57448	6.27762e-02
0.57485	6.27672e-02
0.57524	6.27672e-02
0.57565	6.27750e-02
0.57607	6.27891e-02
0.57651	6.28081e-02
0.57696	6.28304e-02
0.57743	6.28543e-02
0.57792	6.28782e-02
0.57841	6.29003e-02
0.57892	6.29188e-02
0.57944	6.29321e-02
0.57997	6.29383e-02
0.58050	6.29361e-02
0.58104	6.29238e-02
0.58159	6.29001e-02
0.58214	6.28639e-02
0.58270	6.28142e-02
0.58327	6.27503e-02
0.58383	6.26719e-02
0.58440	6.25787e-02
0.58498	6.24710e-02
0.58555	6.23492e-02
0.58613	6.22140e-02
0.58671	6.20665e-02
0.58729	6.19078e-02
0.58787	6.17394e-02
0.58845	6.15631e-02
0.58902	6.13805e-02
0.58959	6.11938e-02
0.59015	6.10048e-02
0.59070	6.08159e-02
0.59132	6.06133e-02
0.59192	6.04235e-02
0.59251	6.02477e-02
0.59307	6.00872e-02
0.59360	5.99433e-02
0.59412	5.98175e-02
0.59461	5.97113e-02
0.59508	5.96176e-02
0.59550	5.95821e-02
0.59590	5.95772e-02
0.59628	5.96037e-02
0.59663	5.96626e-02
0.59697	5.97553e-02
0.59728	5.98830e-02
0.59757	6.00467e-02
0.59785	6.02472e-02
0.59810	6.04851e-02
0.59834	6.07633e-02
0.59855	6.10794e-02
0.59875	6.14331e-02
0.59893	6.18241e-02
0.59910	6.22515e-02
0.59925	6.27145e-02
0.59940	6.32121e-02
0.59952	6.37427e-02
0.59963	6.43042e-02
0.59972	6.48945e-02
0.59980	6.55114e-02
0.59986	6.61525e-02
0.59990	6.68153e-02
0.59993	6.74973e-02
0.59995	6.81959e-02
0.59996	6.89085e-02
0.59996	6.96323e-02
0.59995	7.03647e-02
0.59993	7.11031e-02
0.59990	7.18447e-02
0.59987	7.25871e-02
0.59983	7.33275e-02
0.59978	7.40634e-02
0.59973	7.47921e-02
0.59968	7.55110e-02
0.59961	7.62175e-02
0.59955	7.69088e-02
0.59947	7.75824e-02
0.59939	7.82355e-02
0.59930	7.88654e-02
0.59920	7.94695e-02
0.59909	8.00319e-02
0.59896	8.05614e-02
0.59881	8.10559e-02
0.59866	8.15133e-02
0.59855	8.18993e-02
0.59841	8.22498e-02
0.59826	8.25618e-02
0.59809	8.28333e-02
0.59790	8.30625e-02
0.59769	8.32480e-02
0.59747	8.33885e-02
0.59724	8.34832e-02
0.59699	8.35313e-02
0.59672	8.35322e-02
0.59644	8.34856e-02
0.59615	8.33912e-02
0.59585	8.32488e-02
0.59553	8.30587e-02
0.59521	8.28208e-02
0.59485	8.25450e-02
0.59448	8.22241e-02
0.59410	8.18585e-02
0.59371	8.14488e-02
0.59331	8.09956e-02
0.59290	8.04999e-02
0.59249	7.99625e-02
0.59206	7.93847e-02
0.59163	7.87675e-02
0.59119	7.81123e-02
0.59075	7.74202e-02
0.59031	7.66928e-02
0.58986	7.59316e-02
0.58940	7.51342e-02
0.58895	7.43059e-02
0.58849	7.34483e-02
0.58803	7.25633e-02
0.58758	7.16526e-02
0.58712	7.07181e-02
0.58667	6.97619e-02
0.58623	6.87859e-02
0.58578	6.77923e-02
0.58534	6.67833e-02
0.58491	6.57610e-02
0.58449	6.47278e-02
0.58407	6.36861e-02
0.58366	6.26382e-02
0.58326	6.15867e-02
0.58287	6.05341e-02
0.58249	5.94829e-02
0.58212	5.84358e-02
0.58177	5.73955e-02
0.58142	5.63647e-02
0.58107	5.53423e-02
0.58074	5.43356e-02
0.58042	5.33477e-02
0.58011	5.23815e-02
0.57982	5.14401e-02
0.57954	5.05266e-02
0.57927	4.96439e-02
0.57902	4.87926e-02
0.57878	4.79811e-02
0.57855	4.72092e-02
0.57834	4.64795e-02
0.57815	4.57944e-02
0.57797	4.51564e-02
0.57781	4.45675e-02
0.57766	4.40296e-02
0.57753	4.35443e-02
0.57742	4.31130e-02
0.57736	4.26831e-02
0.57732	4.23043e-02
0.57730	4.19768e-02
0.57729	4.17006e-02
0.57731	4.14755e-02
0.57734	4.13010e-02
0.57739	4.11769e-02
0.57745	4.11013e-02
0.57754	4.10731e-02
0.57764	4.10904e-02
0.57776	4.11515e-02
0.57790	4.12545e-02
0.57805	4.13970e-02
0.57822	4.15768e-02
0.57841	4.17916e-02
0.57861	4.20391e-02
0.57883	4.23167e-02
0.57906	4.26220e-02
0.57931	4.29528e-02
0.57958	4.33066e-02
0.57985	4.36812e-02
0.58015	4.40745e-02
0.58045	4.44844e-02
0.58077	4.49089e-02
0.58110	4.53463e-02
0.58144	4.57947e-02
0.58179	4.62527e-02
0.58216	4.67187e-02
0.58253	4.71915e-02
0.58292	4.76698e-02
0.58331	4.81526e-02
0.58379	4.87492e-02
0.58426	4.93261e-02
0.58473	4.98870e-02
0.58519	5.04345e-02
0.58563	5.09754e-02
0.58607	5.15069e-02
0.58651	5.20302e-02
0.58694	5.25462e-02
0.58737	5.30558e-02
0.58780	5.35598e-02
0.58823	5.40590e-02
0.58865	5.45541e-02
0.58908	5.50457e-02
0.58949	5.55346e-02
0.58991	5.60213e-02
0.59032	5.65065e-02
0.59072	5.69908e-02
0.59112	5.74747e-02
0.59151	5.79587e-02
0.59190	5.84390e-02
0.59227	5.89202e-02
0.59264	5.94026e-02
0.59300	5.98866e-02
0.59334	6.03723e-02
0.59368	6.08597e-02
0.59400	6.13491e-02
0.59432	6.18404e-02
0.59462	6.23336e-02
0.59490	6.28284e-02
0.59517	6.33246e-02
0.59543	6.38221e-02
0.59567	6.43203e-02
0.59589	6.48167e-02
0.59610	6.53129e-02
0.59628	6.58082e-02
0.59644	6.63036e-02
0.59658	6.67977e-02
0.59670	6.72900e-02
0.59680	6.77797e-02
0.59687	6.82662e-02
0.59693	6.87488e-02
0.59696	6.92268e-02
0.59697	6.96994e-02
0.59696	7.01660e-02
0.59692	7.06257e-02
0.59686	7.10778e-02
0.59677	7.15216e-02
0.59667	7.19563e-02
0.59653	7.23812e-02
0.59638	7.27955e-02
0.59619	7.31986e-02
0.59599	7.35898e-02
0.59597	7.38499e-02
0.59590	7.41152e-02
0.59580	7.43820e-02
0.59566	7.46469e-02
0.59549	7.49077e-02
0.59528	7.51622e-02
0.59505	7.54090e-02
0.59483	7.56830e-02
0.59457	7.59648e-02
0.59429	7.62422e-02
0.59398	7.65138e-02
0.59365	7.67787e-02
0.59328	7.70432e-02
0.59288	7.72996e-02
0.59245	7.75464e-02
0.59200	7.77825e-02
0.59153	7.80065e-02
0.59103	7.82171e-02
0.59051	7.84132e-02
0.58996	7.85936e-02
0.58939	7.87573e-02
0.58880	7.89036e-02
0.58818	7.90318e-02
0.58754	7.91348e-02
0.58687	7.92185e-02
0.58619	7.92829e-02
0.58549	7.93282e-02
0.58477	7.93546e-02
0.58403	7.93625e-02
0.58329	7.93525e-02
0.58253	7.93251e-02
0.58176	7.92812e-02
0.58098	7.92215e-02
0.58019	7.91470e-02
0.57940	7.90587e-02
0.57860	7.89577e-02
0.57779	7.88451e-02
0.57699	7.87222e-02
0.57618	7.85901e-02
0.57537	7.84503e-02
0.57456	7.83040e-02
0.57376	7.81525e-02
0.57296	7.79973e-02
0.57216	7.78398e-02
0.57137	7.76813e-02
0.57058	7.75232e-02
0.56981	7.73670e-02
0.56904	7.72141e-02
0.56827	7.70547e-02
0.56752	7.69015e-02
0.56677	7.67558e-02
0.56604	7.66189e-02
0.56531	7.65071e-02
0.56459	7.64086e-02
0.56388	7.63246e-02
0.56318	7.62563e-02
0.56250	7.62049e-02
0.56183	7.61714e-02
0.56118	7.61569e-02
0.56055	7.61626e-02
0.55993	7.61892e-02
0.55933	7.62378e-02
0.55875	7.63091e-02
0.55819	7.64038e-02
0.55765	7.65226e-02
0.55714	7.66660e-02
0.55664	7.68343e-02
0.55621	7.70483e-02
0.55580	7.72851e-02
0.55541	7.75449e-02
0.55503	7.78276e-02
0.55468	7.81333e-02
0.55435	7.84616e-02
0.55404	7.88122e-02
0.55376	7.91844e-02
0.55350	7.95776e-02
0.55327	7.99910e-02
0.55306	8.04236e-02
0.55288	8.08745e-02
0.55273	8.13425e-02
0.55260	8.18278e-02
0.55250	8.23279e-02
0.55243	8.28411e-02
0.55238	8.33769e-02
0.55236	8.39233e-02
0.55237	8.44786e-02
0.55241	8.50410e-02
0.55248	8.56088e-02
0.55258	8.61801e-02
0.55271	8.67530e-02
0.55286	8.73254e-02
0.55305	8.78956e-02
0.55326	8.84613e-02
0.55350	8.90208e-02
0.55378	8.95719e-02
0.55408	9.01127e-02
0.55440	9.06411e-02
0.55476	9.11553e-02
0.55514	9.16532e-02
0.55555	9.21330e-02
0.55598	9.25916e-02
0.55644	9.30285e-02
0.55692	9.34420e-02
0.55743	9.38305e-02
0.55796	9.41923e-02
0.55851	9.45259e-02
0.55908	9.48298e-02
0.55971	9.51312e-02
0.56035	9.53990e-02
0.56102	9.56307e-02
0.56169	9.58252e-02
0.56238	9.59812e-02
0.56307	9.60941e-02
0.56378	9.61662e-02
0.56449	9.61969e-02
0.56521	9.61858e-02
0.56593	9.61328e-02
0.56666	9.60377e-02
0.56740	9.59007e-02
0.56813	9.57218e-02
0.56887	9.55015e-02
0.56961	9.52403e-02
0.57035	9.49387e-02
0.57107	9.45982e-02
0.57178	9.42185e-02
0.57249	9.38003e-02
0.57320	9.33448e-02
0.57389	9.28529e-02
0.57458	9.23257e-02
0.57526	9.17647e-02
0.57593	9.11711e-02
0.57658	9.05465e-02
0.57723	8.98923e-02
0.57786	8.92102e-02
0.57848	8.85018e-02
0.57909	8.77690e-02
0.57968	8.70135e-02
0.58026	8.62372e-02
0.58081	8.54420e-02
0.58135	8.46299e-02
0.58187	8.38029e-02
0.58238	8.29629e-02
0.58286	8.21121e-02
0.58332	8.12493e-02
0.58376	8.03792e-02
0.58418	7.95039e-02
0.58457	7.86255e-02
0.58494	7.77459e-02
0.58529	7.68656e-02
0.58561	7.59879e-02
0.58591	7.51149e-02
0.58619	7.42483e-02
0.58644	7.33941e-02
0.58666	7.25502e-02
0.58686	7.17182e-02
0.58703	7.08995e-02
0.58718	7.00954e-02
0.58730	6.93072e-02
0.58740	6.85360e-02
0.58748	6.77828e-02
0.58753	6.70485e-02
0.58755	6.63336e-02
0.58755	6.56389e-02
0.58752	6.49645e-02
0.58748	6.43108e-02
0.58740	6.36779e-02
0.58731	6.30656e-02
0.58717	6.24755e-02
0.58702	6.19060e-02
0.58684	6.13566e-02
0.58664	6.08267e-02
0.58641	6.03155e-02
0.58616	5.98221e-02
0.58589	5.93457e-02
0.58560	5.88851e-02
0.58528	5.84392e-02
0.58495	5.80069e-02
0.58459	5.75868e-02
0.58422	5.71778e-02
0.58383	5.67784e-02
0.58341	5.63864e-02
0.58297	5.60006e-02
0.58251	5.56198e-02
0.58202	5.52645e-02
0.58150	5.49145e-02
0.58097	5.45684e-02
0.58041	5.42248e-02
0.57985	5.38826e-02
0.57926	5.35408e-02
0.57867	5.31988e-02
0.57806	5.28556e-02
0.57744	5.25109e-02
0.57681	5.21641e-02
0.57617	5.18151e-02
0.57552	5.14635e-02
0.57487	5.11095e-02
0.57421	5.07532e-02
0.57355	5.03949e-02
0.57289	5.00351e-02
0.57222	4.96744e-02
0.57155	4.93110e-02
0.57087	4.89480e-02
0.57020	4.85863e-02
0.56953	4.82269e-02
0.56885	4.78711e-02
0.56818	4.75199e-02
0.56751	4.71749e-02
0.56684	4.68373e-02
0.56616	4.65145e-02
0.56549	4.62032e-02
0.56481	4.59053e-02
0.56414	4.56225e-02
0.56347	4.53679e-02
0.56279	4.51342e-02
0.56212	4.49229e-02
0.56145	4.47356e-02
0.56079	4.45737e-02
0.56013	4.44384e-02
0.55948	4.43311e-02
0.55883	4.42527e-02
0.55820	4.42044e-02
0.55756	4.41790e-02
0.55694	4.41831e-02
0.55632	4.42180e-02
0.55572	4.42826e-02
0.55513	4.43769e-02
0.55456	4.45003e-02
0.55400	4.46522e-02
0.55345	4.48356e-02
0.55291	4.50456e-02
0.55239	4.52807e-02
0.55189	4.55392e-02
0.55140	4.58177e-02
0.55094	4.61157e-02
0.55049	4.64312e-02
0.55007	4.67620e-02
0.54967	4.71058e-02
0.54929	4.74605e-02
0.54893	4.78238e-02
0.54859	4.81934e-02
0.54828	4.85672e-02
0.54800	4.89430e-02
0.54774	4.93187e-02
0.54749	4.96862e-02
0.54727	5.00501e-02
0.54708	5.04087e-02
0.54692	5.07602e-02
0.54677	5.11034e-02
0.54665	5.14305e-02
0.54656	5.17470e-02
0.54649	5.20522e-02
0.54644	5.23451e-02
0.54659	5.24777e-02
0.54672	5.26431e-02
0.54684	5.28299e-02
0.54696	5.30280e-02
0.54708	5.32298e-02
0.54721	5.34302e-02
0.54735	5.36263e-02
0.54751	5.38162e-02
0.54768	5.39995e-02
0.54787	5.41759e-02
0.54808	5.43460e-02
0.54830	5.45106e-02
0.54854	5.46706e-02
0.54879	5.48274e-02
0.54906	5.49822e-02
0.54934	5.51358e-02
0.54963	5.52908e-02
0.54994	5.54484e-02
0.55025	5.56104e-02
0.55058	5.57782e-02
0.55092	5.59535e-02
0.55127	5.61377e-02
0.55162	5.63322e-02
0.55198	5.65383e-02
0.55251	5.66391e-02
0.55303	5.67708e-02
0.55353	5.69323e-02
0.55401	5.71221e-02
0.55457	5.73564e-02
0.55513	5.76177e-02
0.55567	5.79046e-02
0.55620	5.82160e-02
0.55672	5.85505e-02
0.55724	5.89068e-02
0.55774	5.92837e-02
0.55823	5.96797e-02
0.55871	6.00932e-02
0.55917	6.05225e-02
0.55962	6.09658e-02
0.56005	6.14212e-02
0.56046	6.18869e-02
0.56086	6.23607e-02
0.56124	6.28407e-02
0.56159	6.33249e-02
0.56193	6.38115e-02
0.56224	6.42985e-02
0.56254	6.47840e-02
0.56281	6.52665e-02
0.56306	6.57441e-02
0.56329	6.62152e-02
0.56350	6.66784e-02
0.56368	6.71322e-02
0.56385	6.75751e-02
0.56400	6.80059e-02
0.56412	6.84233e-02
0.56423	6.88261e-02
0.56431	6.92249e-02
0.56436	6.96096e-02
0.56439	6.99785e-02
0.56441	7.03304e-02
0.56440	7.06643e-02
0.56438	7.09792e-02
0.56434	7.12746e-02
0.56428	7.15499e-02
0.56420	7.18046e-02
0.56411	7.20384e-02
0.56400	7.22510e-02
0.56388	7.24424e-02
0.56374	7.26125e-02
0.56359	7.27614e-02
0.56343	7.28930e-02
0.56326	7.30033e-02
0.56308	7.30931e-02
0.56289	7.31632e-02
0.56268	7.32143e-02
0.56247	7.32471e-02
0.56225	7.32645e-02
0.56202	7.32657e-02
0.56178	7.32517e-02
0.56154	7.32234e-02
0.56129	7.31824e-02
0.56104	7.31293e-02
0.56078	7.30654e-02
0.56051	7.29919e-02
0.56025	7.29101e-02
0.55998	7.28213e-02
0.55972	7.27267e-02
0.55945	7.26277e-02
0.55918	7.25257e-02
0.55892	7.24218e-02
0.55866	7.23175e-02
0.55839	7.22188e-02
0.55813	7.21224e-02
0.55787	7.20294e-02
0.55761	7.19407e-02
0.55736	7.18572e-02
0.55711	7.17778e-02
0.55687	7.17048e-02
0.55664	7.16392e-02
0.55642	7.15815e-02
0.55620	7.15322e-02
0.55600	7.14915e-02
0.55581	7.14595e-02
0.55563	7.14362e-02
0.55546	7.14217e-02
0.55530	7.14158e-02
0.55516	7.14181e-02
0.55503	7.14282e-02
0.55491	7.14456e-02
0.55481	7.14698e-02
0.55473	7.15000e-02
0.55466	7.15354e-02
0.55460	7.15753e-02
0.55456	7.16186e-02
0.55454	7.16646e-02
0.55454	7.17176e-02
0.55456	7.17702e-02
0.55460	7.18220e-02
0.55465	7.18723e-02
0.55471	7.19204e-02
0.55479	7.19655e-02
0.55489	7.20066e-02
0.55501	7.20430e-02
0.55514	7.20739e-02
0.55528	7.20983e-02
0.55544	7.21159e-02
0.55562	7.21261e-02
0.55581	7.21284e-02
0.55606	7.21718e-02
0.55632	7.22003e-02
0.55659	7.22161e-02
0.55687	7.22206e-02
0.55716	7.22148e-02
0.55745	7.21996e-02
0.55776	7.21755e-02
0.55807	7.21434e-02
0.55839	7.21040e-02
0.55871	7.20580e-02
0.55904	7.20063e-02
0.55938	7.19498e-02
0.55972	7.18894e-02
0.56006	7.18263e-02
0.56040	7.17616e-02
0.56074	7.16965e-02
0.56108	7.16322e-02
0.56141	7.15701e-02
0.56175	7.15115e-02
0.56208	7.14578e-02
0.56240	7.14104e-02
0.56271	7.13706e-02
0.56302	7.13398e-02
0.56332	7.13193e-02
0.56361	7.13105e-02
0.56388	7.13145e-02
0.56415	7.13325e-02
0.56438	7.13558e-02
0.56472	7.11659e-02
0.56503	7.09996e-02
0.56533	7.08586e-02
0.56561	7.07455e-02
0.56586	7.06626e-02
0.56609	7.06121e-02
0.56629	7.05953e-02
0.56647	7.06133e-02
0.56662	7.06661e-02
0.56674	7.07535e-02
0.56683	7.08748e-02
0.56689	7.10287e-02
0.56693	7.12139e-02
0.56693	7.14284e-02
0.56689	7.16711e-02
0.56682	7.19393e-02
0.56672	7.22309e-02
0.56658	7.25437e-02
0.56642	7.28752e-02
0.56622	7.32230e-02
0.56605	7.35910e-02
0.56584	7.39702e-02
0.56559	7.43580e-02
0.56530	7.47519e-02
0.56487	7.52385e-02
0.56442	7.57304e-02
0.56393	7.62256e-02
0.56341	7.67225e-02
0.56286	7.72194e-02
0.56227	7.77151e-02
0.56167	7.82080e-02
0.56103	7.86967e-02
0.56036	7.91797e-02
0.55967	7.96553e-02
0.55896	8.01219e-02
0.55821	8.05780e-02
0.55744	8.10215e-02
0.55665	8.14504e-02
0.55583	8.18627e-02
0.55500	8.22565e-02
0.55415	8.26191e-02
0.55328	8.29571e-02
0.55240	8.32692e-02
0.55150	8.35543e-02
0.55066	8.37356e-02
0.54982	8.38948e-02
0.54895	8.40300e-02
0.54808	8.41399e-02
0.54719	8.42234e-02
0.54630	8.42795e-02
0.54539	8.43076e-02
0.54448	8.43071e-02
0.54357	8.42777e-02
0.54265	8.42194e-02
0.54173	8.41322e-02
0.54080	8.40163e-02
0.53987	8.38721e-02
0.53894	8.37000e-02
0.53801	8.35006e-02
0.53707	8.32526e-02
0.53612	8.29764e-02
0.53518	8.26731e-02
0.53424	8.23439e-02
0.53330	8.19901e-02
0.53236	8.16130e-02
0.53142	8.12142e-02
0.53049	8.07952e-02
0.52956	8.03577e-02
0.52864	7.99041e-02
0.52772	7.94357e-02
0.52681	7.89546e-02
0.52590	7.84628e-02
0.52501	7.79624e-02
0.52411	7.74557e-02
0.52323	7.69451e-02
0.52236	7.64328e-02
0.52149	7.59215e-02
0.52064	7.54134e-02
0.51979	7.49113e-02
0.51895	7.44177e-02
0.51813	7.39352e-02
0.51731	7.34664e-02
0.51651	7.30138e-02
0.51571	7.25801e-02
0.51493	7.21677e-02
0.51416	7.17790e-02
0.51341	7.14164e-02
0.51266	7.10821e-02
0.51193	7.07782e-02
0.51121	7.05066e-02
0.51051	7.02691e-02
0.50982	7.00672e-02
0.50914	6.99023e-02
0.50848	6.97755e-02
0.50784	6.96877e-02
0.50721	6.96397e-02
0.50660	6.96318e-02
0.50600	6.96642e-02
0.50542	6.97367e-02
0.50484	6.98310e-02
0.50426	6.99870e-02
0.50369	7.01827e-02
0.50314	7.04167e-02
0.50261	7.06878e-02
0.50208	7.09946e-02
0.50158	7.13355e-02
0.50109	7.17090e-02
0.50062	7.21131e-02
0.50017	7.25459e-02
0.49973	7.30053e-02
0.49931	7.34893e-02
0.49892	7.39954e-02
0.49854	7.45215e-02
0.49817	7.50653e-02
0.49794	7.56889e-02
0.49769	7.63096e-02
0.49743	7.69257e-02
0.49718	7.75365e-02
0.49692	7.81418e-02
0.49668	7.87413e-02
0.49644	7.93422e-02
0.49621	7.99364e-02
0.49600	8.05229e-02
0.49580	8.11007e-02
0.49561	8.16667e-02
0.49544	8.22210e-02
0.49529	8.27623e-02
0.49516	8.32895e-02
0.49505	8.38013e-02
0.49495	8.42965e-02
0.49488	8.47742e-02
0.49482	8.52333e-02
0.49479	8.56728e-02
0.49478	8.60919e-02
0.49478	8.64899e-02
0.49480	8.68672e-02
0.49484	8.72223e-02
0.49489	8.75544e-02
0.49497	8.78632e-02
0.49506	8.81482e-02
0.49516	8.83891e-02
0.49528	8.86042e-02
0.49541	8.87931e-02
0.49556	8.89557e-02
0.49572	8.91056e-02
0.49588	8.92292e-02
0.49607	8.93265e-02
0.49627	8.93976e-02
0.49649	8.94425e-02
0.49673	8.94617e-02
0.49698	8.94553e-02
0.49725	8.94239e-02
0.49753	8.93679e-02
0.49783	8.92878e-02
0.49814	8.91841e-02
0.49846	8.90575e-02
0.49881	8.89085e-02
0.49916	8.87378e-02
0.49953	8.85461e-02
0.49991	8.83320e-02
0.50029	8.80979e-02
0.50070	8.78446e-02
0.50111	8.75728e-02
0.50153	8.72833e-02
0.50197	8.69769e-02
0.50241	8.66543e-02
0.50287	8.63163e-02
0.50334	8.59638e-02
0.50381	8.55961e-02
0.50429	8.52154e-02
0.50478	8.48226e-02
0.50528	8.44184e-02
0.50579	8.40035e-02
0.50630	8.35787e-02
0.50682	8.31448e-02
0.50735	8.27024e-02
0.50789	8.22524e-02
0.50843	8.17953e-02
0.50898	8.13319e-02
0.50954	8.08628e-02
0.51009	8.03888e-02
0.51066	7.99104e-02
0.51123	7.94282e-02
0.51180	7.89430e-02
0.51237	7.84552e-02
0.51295	7.79656e-02
0.51353	7.74745e-02
0.51411	7.69826e-02
0.51469	7.64905e-02
0.51527	7.59987e-02
0.51585	7.55076e-02
0.51643	7.50179e-02
0.51701	7.45301e-02
0.51759	7.40446e-02
0.51817	7.35620e-02
0.51874	7.30829e-02
0.51930	7.26015e-02
0.51986	7.21237e-02
0.52040	7.16503e-02
0.52094	7.11815e-02
0.52160	7.05469e-02
0.52224	6.99366e-02
0.52287	6.93460e-02
0.52348	6.87738e-02
0.52409	6.82199e-02
0.52468	6.76851e-02
0.52525	6.71702e-02
0.52581	6.66760e-02
0.52635	6.62035e-02
0.52688	6.57532e-02
0.52739	6.53260e-02
0.52787	6.49224e-02
0.52834	6.45429e-02
0.52879	6.41879e-02
0.52921	6.38589e-02
0.52961	6.35555e-02
0.52998	6.32780e-02
0.53032	6.30267e-02
0.53065	6.28018e-02
0.53095	6.26035e-02
0.53131	6.23130e-02
0.53164	6.20641e-02
0.53193	6.18538e-02
0.53219	6.16802e-02
0.53242	6.15420e-02
0.53262	6.14381e-02
0.53279	6.13675e-02
0.53293	6.13295e-02
0.53304	6.13233e-02
0.53312	6.13484e-02
0.53318	6.14041e-02
0.53320	6.14897e-02
0.53320	6.16048e-02
0.53318	6.17486e-02
0.53312	6.19206e-02
0.53304	6.21195e-02
0.53294	6.23450e-02
0.53281	6.25964e-02
0.53265	6.28727e-02
0.53247	6.31730e-02
0.53232	6.36019e-02
0.53213	6.40399e-02
0.53191	6.44836e-02
0.53167	6.49304e-02
0.53139	6.53813e-02
0.53109	6.58326e-02
0.53075	6.62832e-02
0.53039	6.67330e-02
0.53001	6.71816e-02
0.52960	6.76292e-02
0.52917	6.80760e-02
0.52872	6.85220e-02
0.52825	6.89674e-02
0.52776	6.94123e-02
0.52725	6.98568e-02
0.52673	7.03010e-02
0.52620	7.07446e-02
0.52565	7.11878e-02
0.52509	7.16302e-02
0.52452	7.20693e-02
0.52394	7.25069e-02
0.52335	7.29428e-02
0.52275	7.33764e-02
0.52215	7.38075e-02
0.52155	7.42354e-02
0.52094	7.46598e-02
0.52033	7.50801e-02
0.51973	7.54958e-02
0.51911	7.59181e-02
0.51849	7.63357e-02
0.51788	7.67479e-02
0.51727	7.71538e-02
0.51667	7.75532e-02
0.51607	7.79453e-02
0.51548	7.83298e-02
0.51489	7.87062e-02
0.51432	7.90740e-02
0.51375	7.94328e-02
0.51320	7.97821e-02
0.51266	8.01218e-02
0.51212	8.04513e-02
0.51161	8.07704e-02
0.51110	8.10788e-02
0.51061	8.13762e-02
0.51013	8.16625e-02
0.50967	8.19374e-02
0.50922	8.22008e-02
0.50879	8.24525e-02
0.50838	8.26925e-02
0.50798	8.29206e-02
0.50760	8.31369e-02
0.50723	8.33412e-02
0.50688	8.35337e-02
0.50655	8.37142e-02
0.50623	8.38829e-02
0.50594	8.40398e-02
0.50564	8.41988e-02
0.50535	8.43481e-02
0.50508	8.44872e-02
0.50481	8.45982e-02
0.50455	8.46975e-02
0.50430	8.47835e-02
0.50405	8.48563e-02
0.50383	8.49163e-02
0.50361	8.49634e-02
0.50340	8.49978e-02
0.50320	8.50197e-02
0.50302	8.50289e-02
0.50284	8.50257e-02
0.50267	8.50100e-02
0.50251	8.49820e-02
0.50236	8.49415e-02
0.50222	8.48887e-02
0.50208	8.48236e-02
0.50194	8.47332e-02
0.50180	8.46282e-02
0.50166	8.45090e-02
0.50153	8.43755e-02
0.50147	8.41526e-02
0.50139	8.39394e-02
0.50129	8.37326e-02
0.50118	8.35283e-02
0.50105	8.33230e-02
0.50092	8.31136e-02
0.50079	8.28976e-02
0.50065	8.26731e-02
0.50050	8.24385e-02
0.50035	8.21927e-02
0.50020	8.19350e-02
0.50004	8.16647e-02
0.49988	8.13813e-02
0.49970	8.11025e-02
0.49951	8.08129e-02
0.49932	8.05120e-02
0.49912	8.01994e-02
0.49891	7.98736e-02
0.49870	7.95356e-02
0.49849	7.91854e-02
0.49826	7.88230e-02
0.49804	7.84485e-02
0.49779	7.80517e-02
0.49754	7.76430e-02
0.49729	7.72226e-02
0.49703	7.67906e-02
0.49676	7.63570e-02
0.49648	7.59144e-02
0.49620	7.54628e-02
0.49591	7.50022e-02
0.49561	7.45331e-02
0.49532	7.40557e-02
0.49501	7.35704e-02
0.49471	7.30779e-02
0.49440	7.25786e-02
0.49408	7.20731e-02
0.49377	7.15620e-02
0.49345	7.10461e-02
0.49314	7.05261e-02
0.49282	7.00028e-02
0.49250	6.94771e-02
0.49221	6.89771e-02
0.49191	6.84742e-02
0.49161	6.79697e-02
0.49132	6.74648e-02
0.49103	6.69609e-02
0.49074	6.64591e-02
0.49046	6.59606e-02
0.49018	6.54669e-02
0.48990	6.49791e-02
0.48964	6.44989e-02
0.48938	6.40272e-02
0.48913	6.35654e-02
0.48889	6.31147e-02
0.48865	6.26767e-02
0.48843	6.22526e-02
0.48822	6.18437e-02
0.48802	6.14515e-02
0.48783	6.10773e-02
0.48766	6.07223e-02
0.48750	6.03879e-02
0.48735	6.00752e-02
0.48722	5.97854e-02
0.48710	5.95195e-02
0.48700	5.92786e-02
0.48691	5.90635e-02
0.48685	5.88750e-02
0.48679	5.87137e-02
0.48676	5.85802e-02
0.48673	5.84584e-02
0.48671	5.83626e-02
0.48672	5.82930e-02
0.48673	5.82500e-02
0.48677	5.82333e-02
0.48683	5.82428e-02
0.48690	5.82781e-02
0.48699	5.83387e-02
0.48710	5.84240e-02
0.48723	5.85332e-02
0.48738	5.86653e-02
0.48755	5.88194e-02
0.48773	5.89904e-02
0.48793	5.91809e-02
0.48816	5.93888e-02
0.48840	5.96127e-02
0.48866	5.98511e-02
0.48895	6.01023e-02
0.48925	6.03648e-02
0.48957	6.06368e-02
0.48992	6.09168e-02
0.49028	6.12028e-02
0.49067	6.14933e-02
0.49107	6.17865e-02
0.49149	6.20807e-02
0.49194	6.23744e-02
0.49240	6.26657e-02
0.49289	6.29595e-02
0.49341	6.32471e-02
0.49393	6.35271e-02
0.49448	6.37984e-02
0.49504	6.40598e-02
0.49563	6.43101e-02
0.49622	6.45483e-02
0.49684	6.47732e-02
0.49747	6.49839e-02
0.49812	6.51794e-02
0.49878	6.53589e-02
0.49945	6.55218e-02
0.50014	6.56674e-02
0.50085	6.57950e-02
0.50156	6.59044e-02
0.50229	6.59950e-02
0.50303	6.60667e-02
0.50377	6.61301e-02
0.50452	6.61755e-02
0.50527	6.62028e-02
0.50603	6.62119e-02
0.50679	6.61964e-02
0.50754	6.61618e-02
0.50830	6.61084e-02
0.50906	6.60367e-02
0.50981	6.59472e-02
0.51062	6.58997e-02
0.51140	6.58112e-02
0.51216	6.56898e-02
0.51290	6.55412e-02
0.51362	6.53778e-02
0.51432	6.51959e-02
0.51501	6.49978e-02
0.51568	6.47854e-02
0.51634	6.45606e-02
0.51698	6.43254e-02
0.51760	6.40813e-02
0.51821	6.38303e-02
0.51879	6.35740e-02
0.51936	6.33142e-02
0.51991	6.30527e-02
0.52044	6.27914e-02
0.52094	6.25320e-02
0.52142	6.22763e-02
0.52187	6.20262e-02
0.52233	6.17853e-02
0.52275	6.15547e-02
0.52315	6.13361e-02
0.52351	6.11312e-02
0.52385	6.09417e-02
0.52416	6.07690e-02
0.52443	6.06146e-02
0.52467	6.04797e-02
0.52488	6.03663e-02
0.52504	6.02746e-02
0.52518	6.02054e-02
0.52527	6.01594e-02
0.52533	6.01370e-02
0.52534	6.01388e-02
0.52532	6.01649e-02
0.52526	6.02157e-02
0.52516	6.02911e-02
0.52502	6.03913e-02
0.52484	6.05159e-02
0.52462	6.06650e-02
0.52435	6.08381e-02
0.52405	6.10349e-02
0.52371	6.12548e-02
0.52333	6.14974e-02
0.52291	6.17620e-02
0.52245	6.20479e-02
0.52195	6.23544e-02
0.52141	6.26806e-02
0.52087	6.30317e-02
0.52029	6.34012e-02
0.51967	6.37883e-02
0.51903	6.41921e-02
0.51835	6.46117e-02
0.51764	6.50461e-02
0.51690	6.54943e-02
0.51613	6.59554e-02
0.51534	6.64282e-02
0.51452	6.69117e-02
0.51367	6.74049e-02
0.51280	6.79067e-02
0.51190	6.84161e-02
0.51098	6.89343e-02
0.51003	6.94582e-02
0.50907	6.99868e-02
0.50809	7.05190e-02
0.50709	7.10541e-02
0.50607	7.15909e-02
0.50504	7.21285e-02
0.50399	7.26656e-02
0.50292	7.32013e-02
0.50184	7.37345e-02
0.50074	7.42641e-02
0.49962	7.47891e-02
0.49850	7.53088e-02
0.49735	7.58224e-02
0.49620	7.63295e-02
0.49503	7.68294e-02
0.49385	7.73222e-02
0.49266	7.78076e-02
0.49147	7.82858e-02
0.49027	7.87569e-02
0.48907	7.92211e-02
0.48787	7.96787e-02
0.48667	8.01300e-02
0.48547	8.05754e-02
0.48428	8.10154e-02
0.48309	8.14502e-02
0.48192	8.18802e-02
0.48075	8.23059e-02
0.47960	8.27274e-02
0.47846	8.31452e-02
0.47734	8.35594e-02
0.47623	8.39795e-02
0.47515	8.43972e-02
0.47408	8.48114e-02
0.47304	8.52210e-02
0.47202	8.56247e-02
0.47102	8.60221e-02
0.47008	8.63972e-02
0.46917	8.67682e-02
0.46829	8.71346e-02
0.46743	8.74929e-02
0.46660	8.78465e-02
0.46581	8.81955e-02
0.46505	8.85398e-02
0.46432	8.88798e-02
0.46362	8.92156e-02
0.46296	8.95474e-02
0.46233	8.98751e-02
0.46174	9.01989e-02
0.46118	9.05184e-02
0.46065	9.08335e-02
0.46017	9.11438e-02
0.45972	9.14491e-02
0.45930	9.17490e-02
0.45893	9.20432e-02
0.45858	9.23340e-02
0.45827	9.26188e-02
0.45800	9.28976e-02
0.45777	9.31701e-02
0.45756	9.34355e-02
0.45740	9.36946e-02
0.45726	9.39475e-02
0.45717	9.41941e-02
0.45711	9.44346e-02
0.45709	9.46688e-02
0.45710	9.48969e-02
0.45714	9.51190e-02
0.45722	9.53361e-02
0.45733	9.55475e-02
0.45747	9.57532e-02
0.45764	9.59532e-02
0.45784	9.61476e-02
0.45808	9.63364e-02
0.45834	9.65197e-02
0.45864	9.66975e-02
0.45896	9.68698e-02
0.45931	9.70367e-02
0.45968	9.71983e-02
0.46009	9.73546e-02
0.46052	9.75057e-02
0.46097	9.76516e-02
0.46144	9.77924e-02
0.46194	9.79282e-02
0.46246	9.80590e-02
0.46300	9.81851e-02
0.46356	9.83063e-02
0.46414	9.84230e-02
0.46473	9.85318e-02
0.46533	9.86353e-02
0.46595	9.87337e-02
0.46659	9.88269e-02
0.46723	9.89151e-02
0.46788	9.89983e-02
0.46855	9.90766e-02
0.46922	9.91500e-02
0.46990	9.92186e-02
0.47058	9.92824e-02
0.47127	9.93413e-02
0.47196	9.93954e-02
0.47263	9.94308e-02
0.47330	9.94788e-02
0.47396	9.95236e-02
0.47462	9.95652e-02
0.47528	9.96038e-02
0.47593	9.96393e-02
0.47657	9.96716e-02
0.47720	9.97005e-02
0.47782	9.97258e-02
0.47843	9.97472e-02
0.47902	9.97645e-02
0.47961	9.97772e-02
0.48018	9.97849e-02
0.48073	9.97873e-02
0.48126	9.97838e-02
0.48176	9.97657e-02
0.48223	9.97419e-02
0.48269	9.97120e-02
0.48312	9.96756e-02
0.48353	9.96321e-02
0.48392	9.95811e-02
0.48428	9.95220e-02
0.48463	9.94542e-02
0.48494	9.93771e-02
0.48523	9.92903e-02
0.48550	9.91931e-02
0.48574	9.90850e-02
0.48596	9.89654e-02
0.48615	9.88337e-02
0.48631	9.86894e-02
0.48645	9.85319e-02
0.48656	9.83608e-02
0.48663	9.81882e-02
0.48666	9.80023e-02
0.48668	9.78027e-02
0.48666	9.75888e-02
0.48662	9.73624e-02
0.48655	9.71183e-02
0.48645	9.68569e-02
0.48631	9.65901e-02
0.48613	9.63089e-02
0.48593	9.60130e-02
0.48570	9.57023e-02
0.48545	9.53765e-02
0.48517	9.50358e-02
0.48487	9.46802e-02
0.48454	9.43096e-02
0.48420	9.39243e-02
0.48383	9.35243e-02
0.48344	9.31099e-02
0.48306	9.26634e-02
0.48265	9.22060e-02
0.48222	9.17373e-02
0.48178	9.12574e-02
0.48132	9.07661e-02
0.48084	9.02637e-02
0.48035	8.97527e-02
0.47984	8.92311e-02
0.47932	8.86993e-02
0.47879	8.81577e-02
0.47824	8.75992e-02
0.47768	8.70301e-02
0.47711	8.64510e-02
0.47653	8.58623e-02
0.47594	8.52647e-02
0.47535	8.46586e-02
0.47476	8.40445e-02
0.47416	8.34229e-02
0.47356	8.27943e-02
0.47296	8.21590e-02
0.47236	8.15177e-02
0.47177	8.08706e-02
0.47118	8.02182e-02
0.47059	7.95610e-02
0.47001	7.88994e-02
0.46943	7.82337e-02
0.46886	7.75643e-02
0.46831	7.68917e-02
0.46776	7.62163e-02
0.46722	7.55383e-02
0.46670	7.48582e-02
0.46619	7.41765e-02
0.46569	7.34934e-02
0.46521	7.28094e-02
0.46474	7.21251e-02
0.46429	7.14407e-02
0.46385	7.07568e-02
0.46344	7.00739e-02
0.46304	6.93920e-02
0.46266	6.87122e-02
0.46230	6.80351e-02
0.46196	6.73610e-02
0.46164	6.66908e-02
0.46134	6.60250e-02
0.46106	6.53643e-02
0.46080	6.47093e-02
0.46056	6.40609e-02
0.46034	6.34197e-02
0.46015	6.27865e-02
0.45997	6.21622e-02
0.45981	6.15401e-02
0.45972	6.08731e-02
0.45966	6.02194e-02
0.45962	5.95798e-02
0.45960	5.89554e-02
0.45960	5.83474e-02
0.45963	5.77571e-02
0.45968	5.71858e-02
0.45975	5.66350e-02
0.45984	5.61063e-02
0.45996	5.56013e-02
0.46010	5.51217e-02
0.46026	5.46693e-02
0.46043	5.42459e-02
0.46063	5.38534e-02
0.46085	5.34921e-02
0.46108	5.31647e-02
0.46132	5.28730e-02
0.46158	5.26183e-02
0.46186	5.24023e-02
0.46215	5.22260e-02
0.46245	5.20907e-02
0.46276	5.19973e-02
0.46308	5.19467e-02
0.46341	5.19396e-02
0.46376	5.19765e-02
0.46410	5.20579e-02
0.46446	5.21841e-02
0.46483	5.23553e-02
0.46520	5.25714e-02
0.46558	5.28325e-02
0.46596	5.31383e-02
0.46645	5.32497e-02
0.46694	5.34439e-02
0.46741	5.37284e-02
0.46786	5.41043e-02
0.46833	5.45926e-02
0.46881	5.51656e-02
0.46929	5.58136e-02
0.46978	5.65271e-02
0.47029	5.72971e-02
0.47081	5.81151e-02
0.47134	5.89734e-02
0.47188	5.98642e-02
0.47242	6.07807e-02
0.47295	6.17164e-02
0.47346	6.26665e-02
0.47394	6.36274e-02
0.47440	6.45972e-02
0.47483	6.55751e-02
0.47519	6.65513e-02
0.47552	6.75326e-02
0.47584	6.85185e-02
0.47613	6.95084e-02
0.47641	7.05014e-02
0.47667	7.14967e-02
0.47693	7.24813e-02
0.47720	7.34572e-02
0.47746	7.44267e-02
0.47772	7.53911e-02
0.47816	7.64812e-02
0.47856	7.75554e-02
0.47893	7.86100e-02
0.47927	7.96424e-02
0.47957	8.06509e-02
0.47984	8.16343e-02
0.48007	8.25914e-02
0.48028	8.35213e-02
0.48046	8.44229e-02
0.48061	8.52949e-02
0.48074	8.61362e-02
0.48084	8.69457e-02
0.48092	8.77223e-02
0.48099	8.84651e-02
0.48103	8.91731e-02
0.48105	8.98458e-02
0.48105	9.04824e-02
0.48103	9.10826e-02
0.48100	9.16460e-02
0.48094	9.21724e-02
0.48087	9.26618e-02
0.48078	9.31142e-02
0.48068	9.35298e-02
0.48056	9.39087e-02
0.48043	9.42515e-02
0.48027	9.45584e-02
0.48011	9.48301e-02
0.47993	9.50672e-02
0.47983	9.53275e-02
0.47971	9.55518e-02
0.47957	9.57413e-02
0.47943	9.58969e-02
0.47926	9.60193e-02
0.47909	9.61093e-02
0.47890	9.61677e-02
0.47869	9.61952e-02
0.47847	9.61927e-02
0.47824	9.61611e-02
0.47799	9.61012e-02
0.47773	9.60141e-02
0.47746	9.59023e-02
0.47728	9.57218e-02
0.47708	9.55200e-02
0.47685	9.52973e-02
0.47660	9.50543e-02
0.47634	9.47919e-02
0.47605	9.45109e-02
0.47575	9.42121e-02
0.47543	9.38969e-02
0.47509	9.35655e-02
0.47473	9.32185e-02
0.47436	9.28566e-02
0.47398	9.24803e-02
0.47359	9.20900e-02
0.47318	9.16860e-02
0.47276	9.12687e-02
0.47233	9.08381e-02
0.47190	9.03943e-02
0.47145	8.99374e-02
0.47100	8.94674e-02
0.47054	8.89841e-02
0.47007	8.84874e-02
0.46960	8.79771e-02
0.46912	8.74530e-02
0.46864	8.69147e-02
0.46815	8.63622e-02
0.46766	8.57950e-02
0.46716	8.52129e-02
0.46667	8.46155e-02
0.46617	8.40026e-02
0.46567	8.33739e-02
0.46517	8.27289e-02
0.46465	8.20526e-02
0.46413	8.13569e-02
0.46361	8.06418e-02
0.46309	7.99069e-02
0.46256	7.91468e-02
0.46203	7.83654e-02
0.46151	7.75628e-02
0.46099	7.67390e-02
0.46047	7.58940e-02
0.45995	7.50278e-02
0.45944	7.41407e-02
0.45894	7.32329e-02
0.45844	7.23048e-02
0.45795	7.13568e-02
0.45747	7.03895e-02
0.45699	6.94034e-02
0.45653	6.83995e-02
0.45607	6.73785e-02
0.45580	6.64273e-02
0.45553	6.54600e-02
0.45526	6.44745e-02
0.45497	6.34700e-02
0.45468	6.24471e-02
0.45438	6.14070e-02
0.45407	6.03807e-02
0.45375	5.93463e-02
0.45343	5.83059e-02
0.45311	5.72622e-02
0.45284	5.62770e-02
0.45258	5.52997e-02
0.45233	5.43330e-02
0.45209	5.33799e-02
0.45185	5.24433e-02
0.45163	5.15260e-02
0.45141	5.06311e-02
0.45119	4.97615e-02
0.45099	4.89206e-02
0.45079	4.81116e-02
0.45060	4.73383e-02
0.45042	4.66042e-02
0.45025	4.59133e-02
0.45009	4.52696e-02
0.44993	4.46770e-02
0.44979	4.41395e-02
0.44965	4.36608e-02
0.44953	4.32446e-02
0.44941	4.28942e-02
0.44931	4.26122e-02
0.44922	4.24012e-02
0.44914	4.22628e-02
0.44908	4.21982e-02
0.44902	4.22077e-02
0.44898	4.22911e-02
0.44895	4.24473e-02
0.44894	4.26746e-02
0.44893	4.29707e-02
0.44893	4.33208e-02
0.44893	4.37312e-02
0.44895	4.41984e-02
0.44897	4.47185e-02
0.44900	4.52877e-02
0.44904	4.59016e-02
0.44910	4.65563e-02
0.44916	4.72474e-02
0.44922	4.79711e-02
0.44930	4.87233e-02
0.44939	4.95002e-02
0.44948	5.02982e-02
0.44958	5.11117e-02
0.44990	5.17269e-02
0.45021	5.23817e-02
0.45051	5.30759e-02
0.45078	5.38053e-02
0.45105	5.45631e-02
0.45130	5.53417e-02
0.45154	5.61339e-02
0.45178	5.69335e-02
0.45202	5.77355e-02
0.45226	5.85358e-02
0.45250	5.93312e-02
0.45275	6.01191e-02
0.45300	6.08971e-02
0.45325	6.16636e-02
0.45351	6.24168e-02
0.45378	6.31555e-02
0.45404	6.38783e-02
0.45432	6.45844e-02
0.45459	6.52783e-02
0.45486	6.59542e-02
0.45513	6.66110e-02
0.45541	6.72480e-02
0.45569	6.78647e-02
0.45597	6.84605e-02
0.45626	6.90350e-02
0.45654	6.95878e-02
0.45683	7.01187e-02
0.45712	7.06273e-02
0.45741	7.11134e-02
0.45770	7.15771e-02
0.45799	7.20181e-02
0.45828	7.24432e-02
0.45856	7.28492e-02
0.45886	7.32361e-02
0.45915	7.36035e-02
0.45946	7.39468e-02
0.45977	7.42695e-02
0.46009	7.45713e-02
0.46040	7.48522e-02
0.46072	7.51122e-02
0.46103	7.53516e-02
0.46135	7.55707e-02
0.46166	7.57701e-02
0.46197	7.59503e-02
0.46228	7.61121e-02
0.46258	7.62561e-02
0.46287	7.63829e-02
0.46316	7.64932e-02
0.46344	7.65876e-02
0.46371	7.66674e-02
0.46410	7.66524e-02
0.46448	7.66266e-02
0.46485	7.65895e-02
0.46521	7.65415e-02
0.46556	7.64834e-02
0.46584	7.64800e-02
0.46611	7.64705e-02
0.46636	7.64558e-02
0.46661	7.64366e-02
0.46682	7.64032e-02
0.46703	7.63650e-02
0.46721	7.63230e-02
0.46738	7.62781e-02
0.46754	7.62308e-02
0.46768	7.61820e-02
0.46778	7.61353e-02
0.46786	7.60887e-02
0.46793	7.60428e-02
0.46798	7.59982e-02
0.46801	7.59557e-02
0.46803	7.59157e-02
0.46803	7.58791e-02
0.46801	7.58465e-02
0.46798	7.58188e-02
0.46793	7.57968e-02
0.46787	7.57814e-02
0.46780	7.57736e-02
0.46772	7.57745e-02
0.46763	7.57849e-02
0.46753	7.58061e-02
0.46741	7.58405e-02
0.46729	7.58878e-02
0.46715	7.59488e-02
0.46702	7.60240e-02
0.46687	7.61141e-02
0.46673	7.62196e-02
0.46658	7.63405e-02
0.46642	7.64767e-02
0.46627	7.66278e-02
0.46611	7.67933e-02
0.46595	7.69725e-02
0.46579	7.71649e-02
0.46562	7.73690e-02
0.46546	7.75838e-02
0.46529	7.78079e-02
0.46513	7.80400e-02
0.46497	7.82790e-02
0.46481	7.85233e-02
0.46465	7.87720e-02
0.46462	7.90212e-02
0.46462	7.92688e-02
0.46462	7.95142e-02
0.46464	7.97569e-02
0.46465	7.99967e-02
0.46466	8.02330e-02
0.46466	8.04656e-02
0.46465	8.06939e-02
0.46463	8.09174e-02
0.46460	8.11356e-02
0.46457	8.13477e-02
0.46453	8.15532e-02
0.46449	8.17511e-02
0.46446	8.19408e-02
0.46443	8.21213e-02
0.46442	8.22916e-02
0.46441	8.24508e-02
0.46442	8.25979e-02
0.46444	8.27319e-02
0.46446	8.28439e-02
0.46450	8.29398e-02
0.46456	8.30187e-02
0.46463	8.30798e-02
0.46471	8.31222e-02
0.46482	8.31449e-02
0.46494	8.31471e-02
0.46508	8.31279e-02
0.46524	8.30863e-02
0.46542	8.30216e-02
0.46562	8.29329e-02
0.46584	8.28193e-02
0.46608	8.26798e-02
0.46633	8.25247e-02
0.46660	8.23434e-02
0.46690	8.21350e-02
0.46722	8.18985e-02
0.46755	8.16367e-02
0.46790	8.13455e-02
0.46828	8.10241e-02
0.46868	8.06718e-02
0.46911	8.02881e-02
0.46956	7.98729e-02
0.47003	7.94263e-02
0.47053	7.89491e-02
0.47105	7.84426e-02
0.47160	7.79084e-02
0.47216	7.73462e-02
0.47274	7.67610e-02
0.47334	7.61564e-02
0.47396	7.55362e-02
0.47459	7.49042e-02
0.47536	7.41923e-02
0.47613	7.34843e-02
0.47691	7.27833e-02
0.47769	7.20926e-02
0.47848	7.14159e-02
0.47934	7.07036e-02
0.48021	7.00053e-02
0.48109	6.93225e-02
0.48197	6.86560e-02
0.48286	6.80063e-02
0.48374	6.73733e-02
0.48463	6.67575e-02
0.48551	6.61600e-02
0.48638	6.55827e-02
0.48725	6.50292e-02
0.48810	6.45039e-02
0.48893	6.40117e-02
0.48974	6.35579e-02
0.49053	6.31473e-02
0.49129	6.27842e-02
0.49203	6.24719e-02
0.49274	6.22129e-02
0.49341	6.20088e-02
0.49406	6.18605e-02
0.49468	6.17681e-02
0.49527	6.17314e-02
0.49583	6.17495e-02
0.49636	6.18212e-02
0.49685	6.19449e-02
0.49732	6.21187e-02
0.49776	6.23406e-02
0.49818	6.26082e-02
0.49856	6.29191e-02
0.49891	6.32706e-02
0.49924	6.36599e-02
0.49953	6.40842e-02
0.49980	6.45406e-02
0.50003	6.50218e-02
0.50022	6.55289e-02
0.50039	6.60591e-02
0.50052	6.66094e-02
0.50061	6.71895e-02
0.50067	6.77867e-02
0.50070	6.83980e-02
0.50070	6.90206e-02
0.50067	6.96517e-02
0.50061	7.02886e-02
0.50052	7.09289e-02
0.50040	7.15700e-02
0.50041	7.23452e-02
0.50037	7.30971e-02
0.50029	7.38243e-02
0.50015	7.45264e-02
0.49998	7.52033e-02
0.49976	7.58550e-02
0.49950	7.64813e-02
0.49921	7.70822e-02
0.49888	7.76571e-02
0.49852	7.82058e-02
0.49813	7.87279e-02
0.49771	7.92228e-02
0.49726	7.96903e-02
0.49678	8.01300e-02
0.49627	8.05415e-02
0.49574	8.09247e-02
0.49519	8.12792e-02
0.49461	8.16050e-02
0.49401	8.19020e-02
0.49345	8.21901e-02
0.49287	8.24567e-02
0.49230	8.27026e-02
0.49173	8.29281e-02
0.49127	8.30563e-02
0.49080	8.31685e-02
0.49031	8.32617e-02
0.48981	8.33326e-02
0.48928	8.33787e-02
0.48872	8.33980e-02
0.48814	8.33898e-02
0.48754	8.33538e-02
0.48691	8.32907e-02
0.48627	8.31946e-02
0.48560	8.30855e-02
0.48490	8.29645e-02
0.48419	8.28319e-02
0.48345	8.26759e-02
0.48269	8.25062e-02
0.48191	8.23223e-02
0.48113	8.21241e-02
0.48033	8.19118e-02
0.47953	8.16856e-02
0.47872	8.14461e-02
0.47790	8.11941e-02
0.47709	8.09305e-02
0.47627	8.06566e-02
0.47545	8.03723e-02
0.47462	8.00802e-02
0.47380	7.97819e-02
0.47299	7.94786e-02
0.47217	7.91721e-02
0.47144	7.89043e-02
0.47071	7.86377e-02
0.46999	7.83727e-02
0.46927	7.81103e-02
0.46856	7.78514e-02
0.46800	7.76392e-02
0.46743	7.74287e-02
0.46684	7.72214e-02
0.46625	7.70192e-02
0.46565	7.68239e-02
0.46505	7.66373e-02
0.46446	7.64605e-02
0.46387	7.62947e-02
0.46330	7.61405e-02
0.46273	7.59986e-02
0.46217	7.58692e-02
0.46162	7.57527e-02
0.46108	7.56490e-02
0.46056	7.55580e-02
0.46005	7.54797e-02
0.45955	7.54137e-02
0.45907	7.53597e-02
0.45860	7.53171e-02
0.45815	7.52853e-02
0.45772	7.52637e-02
0.45730	7.52515e-02
0.45690	7.52480e-02
0.45652	7.52522e-02
0.45616	7.52632e-02
0.45581	7.52801e-02
0.45552	7.53157e-02
0.45523	7.53514e-02
0.45496	7.53876e-02
0.45470	7.54239e-02
0.45446	7.54598e-02
0.45424	7.54947e-02
0.45404	7.55277e-02
0.45385	7.55543e-02
0.45368	7.55773e-02
0.45353	7.55959e-02
0.45340	7.56095e-02
0.45334	7.55569e-02
0.45331	7.54987e-02
0.45332	7.54417e-02
0.45334	7.53749e-02
0.45339	7.52982e-02
0.45346	7.52121e-02
0.45355	7.51169e-02
0.45366	7.50133e-02
0.45378	7.49013e-02
0.45392	7.47822e-02
0.45408	7.46566e-02
0.45425	7.45250e-02
0.45444	7.43879e-02
0.45463	7.42454e-02
0.45484	7.40980e-02
0.45506	7.39457e-02
0.45529	7.37887e-02
0.45552	7.36270e-02
0.45576	7.34607e-02
0.45602	7.32896e-02
0.45628	7.31136e-02
0.45654	7.29326e-02
0.45682	7.27464e-02
0.45710	7.25548e-02
0.45740	7.23576e-02
0.45770	7.21546e-02
0.45801	7.19457e-02
0.45841	7.16557e-02
0.45881	7.13631e-02
0.45922	7.10690e-02
0.45963	7.07746e-02
0.46013	7.04528e-02
0.46062	7.01400e-02
0.46109	6.98358e-02
0.46156	6.95397e-02
0.46201	6.92509e-02
0.46245	6.89688e-02
0.46288	6.86928e-02
0.46330	6.84227e-02
0.46370	6.81584e-02
0.46420	6.77482e-02
0.46468	6.73412e-02
0.46515	6.69389e-02
0.46562	6.65424e-02
0.46607	6.61521e-02
0.46651	6.57694e-02
0.46693	6.53951e-02
0.46735	6.50301e-02
0.46776	6.46752e-02
0.46815	6.43315e-02
0.46853	6.39999e-02
0.46890	6.36816e-02
0.46925	6.33777e-02
0.46959	6.30896e-02
0.46996	6.29228e-02
0.47031	6.27619e-02
0.47064	6.26104e-02
0.47094	6.24709e-02
0.47122	6.23448e-02
0.47150	6.22343e-02
0.47176	6.21385e-02
0.47201	6.20572e-02
0.47223	6.19897e-02
0.47244	6.19350e-02
0.47264	6.18953e-02
0.47283	6.18664e-02
0.47301	6.18468e-02
0.47318	6.18350e-02
0.47333	6.18297e-02
0.47346	6.18293e-02
0.47358	6.18323e-02
0.47369	6.18374e-02
0.47378	6.18433e-02
0.47386	6.18487e-02
0.47393	6.18528e-02
0.47399	6.18546e-02
0.47403	6.18533e-02
0.47407	6.18483e-02
0.47410	6.18392e-02
0.47413	6.18256e-02
0.47415	6.18071e-02
0.47416	6.17836e-02
0.47417	6.17548e-02
0.47419	6.17208e-02
0.47419	6.16815e-02
0.47420	6.16370e-02
0.47421	6.15873e-02
0.47421	6.15326e-02
0.47421	6.14732e-02
0.47421	6.14091e-02
0.47420	6.13408e-02
0.47419	6.12686e-02
0.47417	6.11929e-02
0.47414	6.11141e-02
0.47411	6.10328e-02
0.47407	6.09496e-02
0.47402	6.08637e-02
0.47397	6.07773e-02
0.47391	6.06916e-02
0.47384	6.06075e-02
0.47377	6.05197e-02
0.47369	6.04374e-02
0.47361	6.03616e-02
0.47352	6.02936e-02
0.47343	6.02344e-02
0.47334	6.01855e-02
0.47324	6.01479e-02
0.47314	6.01228e-02
0.47317	6.01688e-02
0.47320	6.02255e-02
0.47322	6.02935e-02
0.47323	6.03734e-02
0.47324	6.04654e-02
0.47324	6.05700e-02
0.47323	6.06875e-02
0.47321	6.08182e-02
0.47319	6.09625e-02
0.47317	6.11206e-02
0.47314	6.12928e-02
0.47310	6.14793e-02
0.47307	6.16801e-02
0.47303	6.18950e-02
0.47299	6.21239e-02
0.47296	6.23664e-02
0.47293	6.26218e-02
0.47290	6.28895e-02
0.47287	6.31684e-02
0.47291	6.34902e-02
0.47295	6.38168e-02
0.47299	6.41489e-02
0.47303	6.44864e-02
0.47312	6.47934e-02
0.47321	6.51108e-02
0.47331	6.54340e-02
0.47341	6.57594e-02
0.47352	6.60836e-02
0.47365	6.64034e-02
0.47377	6.67157e-02
0.47391	6.70180e-02
0.47405	6.73079e-02
0.47431	6.74304e-02
0.47457	6.75481e-02
0.47484	6.76579e-02
0.47510	6.77575e-02
0.47538	6.78368e-02
0.47565	6.79029e-02
0.47593	6.79546e-02
0.47621	6.79911e-02
0.47650	6.80115e-02
0.47679	6.80155e-02
0.47709	6.80029e-02
0.47739	6.79734e-02
0.47770	6.79272e-02
0.47801	6.78646e-02
0.47832	6.77841e-02
0.47864	6.76885e-02
0.47896	6.75784e-02
0.47929	6.74549e-02
0.47962	6.73190e-02
0.48007	6.72697e-02
0.48052	6.72052e-02
0.48097	6.71259e-02
0.48140	6.70327e-02
0.48182	6.69267e-02
0.48230	6.69328e-02
0.48276	6.69318e-02
0.48321	6.69279e-02
0.48366	6.69245e-02
0.48410	6.69243e-02
0.48453	6.69298e-02
0.48495	6.69431e-02
0.48536	6.69662e-02
0.48577	6.70009e-02
0.48616	6.70487e-02
0.48655	6.71111e-02
0.48692	6.71893e-02
0.48728	6.72843e-02
0.48764	6.73969e-02
0.48798	6.75280e-02
0.48831	6.76779e-02
0.48863	6.78470e-02
0.48894	6.80353e-02
0.48924	6.82429e-02
0.48953	6.84696e-02
0.48980	6.87149e-02
0.49007	6.89784e-02
0.49032	6.92593e-02
0.49057	6.95570e-02
0.49081	6.98706e-02
0.49103	7.01991e-02
0.49125	7.05415e-02
0.49146	7.08966e-02
0.49166	7.12635e-02
0.49186	7.16408e-02
0.49205	7.20275e-02
0.49223	7.24223e-02
0.49245	7.28164e-02
0.49266	7.32186e-02
0.49287	7.36278e-02
0.49307	7.40427e-02
0.49326	7.44740e-02
0.49344	7.49113e-02
0.49361	7.53531e-02
0.49377	7.57979e-02
0.49393	7.62440e-02
0.49407	7.66896e-02
0.49419	7.71329e-02
0.49431	7.75720e-02
0.49442	7.80232e-02
0.49452	7.84612e-02
0.49459	7.88847e-02
0.49465	7.92924e-02
0.49469	7.96831e-02
0.49471	8.00555e-02
0.49471	8.04082e-02
0.49469	8.07400e-02
0.49466	8.10496e-02
0.49461	8.13358e-02
0.49454	8.15978e-02
0.49447	8.18346e-02
0.49437	8.20457e-02
0.49427	8.22307e-02
0.49415	8.23896e-02
0.49402	8.25227e-02
0.49388	8.26308e-02
0.49373	8.27150e-02
0.49357	8.27767e-02
0.49338	8.28212e-02
0.49318	8.28469e-02
0.49297	8.28557e-02
0.49275	8.28495e-02
0.49251	8.28303e-02
0.49225	8.27997e-02
0.49198	8.27593e-02
0.49170	8.27104e-02
0.49140	8.26543e-02
0.49109	8.25918e-02
0.49076	8.25237e-02
0.49042	8.24507e-02
0.49006	8.23733e-02
0.48974	8.22434e-02
0.48939	8.21249e-02
0.48902	8.20117e-02
0.48864	8.19005e-02
0.48826	8.17735e-02
0.48786	8.16490e-02
0.48745	8.15256e-02
0.48702	8.14024e-02
0.48659	8.12788e-02
0.48614	8.11543e-02
0.48569	8.10288e-02
0.48523	8.09019e-02
0.48476	8.07737e-02
0.48429	8.06439e-02
0.48380	8.05096e-02
0.48332	8.03734e-02
0.48283	8.02352e-02
0.48234	8.00949e-02
0.48185	7.99524e-02
0.48138	7.97823e-02
0.48091	7.96157e-02
0.48044	7.94506e-02
0.47997	7.92857e-02
0.47949	7.91198e-02
0.47908	7.90478e-02
0.47865	7.89559e-02
0.47823	7.88472e-02
0.47780	7.87242e-02
0.47738	7.85894e-02
0.47696	7.84446e-02
0.47654	7.82911e-02
0.47614	7.81302e-02
0.47574	7.79626e-02
0.47535	7.77889e-02
0.47497	7.76095e-02
0.47461	7.74249e-02
0.47425	7.72353e-02
0.47391	7.70408e-02
0.47359	7.68415e-02
0.47327	7.66377e-02
0.47298	7.64293e-02
0.47270	7.62164e-02
0.47243	7.59992e-02
0.47219	7.57777e-02
0.47196	7.55521e-02
0.47175	7.53226e-02
0.47157	7.50895e-02
0.47140	7.48533e-02
0.47125	7.46145e-02
0.47112	7.43738e-02
0.47101	7.41323e-02
0.47093	7.38909e-02
0.47086	7.36511e-02
0.47089	7.35583e-02
0.47093	7.34547e-02
0.47097	7.33375e-02
0.47109	7.31818e-02
0.47120	7.30136e-02
0.47132	7.28371e-02
0.47144	7.26567e-02
0.47162	7.24435e-02
0.47180	7.22346e-02
0.47198	7.20319e-02
0.47215	7.18368e-02
0.47231	7.16505e-02
0.47247	7.14740e-02
0.47262	7.13076e-02
0.47275	7.11517e-02
0.47312	7.11159e-02
0.47345	7.10809e-02
0.47372	7.10400e-02
0.47395	7.09916e-02
0.47413	7.09375e-02
0.47427	7.08805e-02
0.47439	7.08233e-02
0.47449	7.07678e-02
0.47457	7.07153e-02
0.47463	7.06665e-02
0.47468	7.06218e-02
0.47471	7.05813e-02
0.47473	7.05451e-02
0.47475	7.05128e-02
0.47475	7.04845e-02
0.47474	7.04597e-02
0.47472	7.04382e-02
0.47469	7.04196e-02
0.47466	7.04038e-02
0.47470	7.02910e-02
0.47473	7.01763e-02
0.47476	7.00603e-02
0.47478	6.99432e-02
0.47479	6.98204e-02
0.47479	6.96994e-02
0.47478	6.95798e-02
0.47479	6.94113e-02
0.47479	6.92492e-02
0.47478	6.90922e-02
0.47475	6.89394e-02
0.47477	6.88296e-02
0.47478	6.87189e-02
0.47477	6.86084e-02
0.47474	6.84987e-02
0.47471	6.83901e-02
0.47466	6.82825e-02
0.47470	6.82160e-02
0.47471	6.81459e-02
0.47471	6.80724e-02
0.47468	6.79952e-02
0.47464	6.79141e-02
0.47459	6.78289e-02
0.47452	6.77397e-02
0.47444	6.76466e-02
0.47435	6.75497e-02
0.47425	6.74491e-02
0.47414	6.73453e-02
0.47403	6.72382e-02
0.47391	6.71283e-02
0.47379	6.70157e-02
0.47367	6.69006e-02
0.47361	6.67727e-02
0.47355	6.66435e-02
0.47349	6.65132e-02
0.47345	6.63823e-02
0.47341	6.62515e-02
0.47352	6.63318e-02
0.47361	6.63766e-02
0.47369	6.63856e-02
0.47376	6.63638e-02
0.47382	6.63196e-02
0.47387	6.62620e-02
0.47393	6.61998e-02
0.47398	6.61404e-02
0.47403	6.60902e-02
0.47408	6.60545e-02
0.47414	6.60374e-02
0.47419	6.60423e-02
0.47424	6.60720e-02
0.47429	6.61284e-02
0.47434	6.62134e-02
0.47438	6.63281e-02
0.47442	6.64736e-02
0.47446	6.66507e-02
0.47449	6.68599e-02
0.47452	6.71015e-02
0.47455	6.73757e-02
0.47457	6.76825e-02
0.47459	6.80219e-02
0.47461	6.83935e-02
0.47463	6.87969e-02
0.47464	6.92317e-02
0.47465	6.96970e-02
0.47466	7.01922e-02
0.47467	7.07162e-02
0.47468	7.12626e-02
0.47468	7.18358e-02
0.47469	7.24400e-02
0.47471	7.30708e-02
0.47474	7.37239e-02
0.47476	7.43981e-02
0.47478	7.50921e-02
0.47484	7.57631e-02
0.47491	7.64486e-02
0.47499	7.71474e-02
0.47508	7.78583e-02
0.47517	7.85798e-02
0.47528	7.93105e-02
0.47539	8.00521e-02
0.47552	8.07982e-02
0.47566	8.15469e-02
0.47580	8.22960e-02
0.47596	8.30427e-02
0.47613	8.37846e-02
0.47631	8.45191e-02
0.47651	8.52436e-02
0.47672	8.59557e-02
0.47694	8.66536e-02
0.47717	8.73354e-02
0.47741	8.80000e-02
0.47766	8.86464e-02
0.47792	8.92742e-02
0.47819	8.98823e-02
0.47846	9.04719e-02
0.47873	9.10433e-02
0.47899	9.15967e-02
0.47926	9.21326e-02
0.47952	9.26513e-02
0.47977	9.31528e-02
0.48006	9.36219e-02
0.48032	9.40777e-02
0.48057	9.45185e-02
0.48081	9.49430e-02
0.48107	9.53174e-02
0.48132	9.56726e-02
0.48155	9.60080e-02
0.48185	9.62739e-02
0.48213	9.65252e-02
0.48240	9.67595e-02
0.48264	9.69753e-02
0.48288	9.71717e-02
0.48309	9.73478e-02
0.48330	9.75031e-02
0.48349	9.76369e-02
0.48366	9.77489e-02
0.48383	9.78386e-02
0.48398	9.79054e-02
0.48413	9.79491e-02
0.48426	9.79692e-02
0.48438	9.79655e-02
0.48449	9.79376e-02
0.48465	9.78716e-02
0.48481	9.77801e-02
0.48497	9.76631e-02
0.48512	9.75206e-02
0.48527	9.73528e-02
0.48541	9.71599e-02
0.48556	9.69421e-02
0.48570	9.66998e-02
0.48590	9.64134e-02
0.48609	9.61043e-02
0.48635	9.58703e-02
0.48661	9.56234e-02
0.48686	9.53651e-02
0.48711	9.50961e-02
0.48735	9.48170e-02
0.48761	9.46026e-02
0.48786	9.43678e-02
0.48810	9.41160e-02
0.48832	9.38487e-02
0.48852	9.35660e-02
0.48870	9.32673e-02
0.48887	9.29513e-02
0.48901	9.26164e-02
0.48913	9.22609e-02
0.48923	9.18834e-02
0.48930	9.14828e-02
0.48935	9.10587e-02
0.48938	9.06110e-02
0.48939	9.01401e-02
0.48937	8.96466e-02
0.48933	8.91317e-02
0.48928	8.85964e-02
0.48920	8.80421e-02
0.48911	8.74704e-02
0.48901	8.68828e-02
0.48888	8.62811e-02
0.48875	8.56670e-02
0.48860	8.50421e-02
0.48844	8.44084e-02
0.48827	8.37675e-02
0.48809	8.31212e-02
0.48791	8.24713e-02
0.48772	8.18193e-02
0.48752	8.11671e-02
0.48728	8.04888e-02
0.48703	7.98133e-02
0.48678	7.91423e-02
0.48653	7.84774e-02
0.48628	7.78200e-02
0.48602	7.71717e-02
0.48577	7.65338e-02
0.48553	7.58934e-02
0.48529	7.52708e-02
0.48505	7.46654e-02
0.48480	7.40774e-02
0.48455	7.35071e-02
0.48431	7.29551e-02
0.48409	7.24226e-02
0.48386	7.19106e-02
0.48364	7.14199e-02
0.48342	7.09510e-02
0.48320	7.05046e-02
0.48298	7.00815e-02
0.48277	6.96822e-02
0.48256	6.93075e-02
0.48236	6.89578e-02
0.48216	6.86337e-02
0.48196	6.83360e-02
0.48177	6.80650e-02
0.48159	6.78215e-02
0.48141	6.76058e-02
0.48125	6.74185e-02
0.48108	6.72601e-02
0.48093	6.71312e-02
0.48078	6.70321e-02
0.48065	6.69634e-02
0.48052	6.69255e-02
0.48041	6.69190e-02
0.48034	6.68948e-02
0.48028	6.69116e-02
0.48023	6.69669e-02
0.48019	6.70596e-02
0.48018	6.71818e-02
0.48019	6.73437e-02
0.48021	6.75453e-02
0.48026	6.77777e-02
0.48031	6.80517e-02
0.48038	6.83675e-02
0.48046	6.87251e-02
0.48054	6.91247e-02
0.48064	6.95661e-02
0.48075	7.00489e-02
0.48086	7.05724e-02
0.48097	7.11358e-02
0.48110	7.17377e-02
0.48122	7.23765e-02
0.48135	7.30506e-02
0.48148	7.37579e-02
0.48160	7.44962e-02
0.48173	7.52631e-02
0.48191	7.60288e-02
0.48207	7.68227e-02
0.48223	7.76413e-02
0.48239	7.84814e-02
0.48254	7.93396e-02
0.48268	8.02130e-02
0.48281	8.10982e-02
0.48294	8.19923e-02
0.48298	8.28615e-02
0.48302	8.37333e-02
0.48314	8.46521e-02
0.48325	8.55692e-02
0.48336	8.64822e-02
0.48346	8.73883e-02
0.48357	8.82848e-02
0.48367	8.91726e-02
0.48377	9.00425e-02
0.48386	9.08921e-02
0.48394	9.17190e-02
0.48402	9.25205e-02
0.48409	9.32943e-02
0.48415	9.40378e-02
0.48421	9.47458e-02
0.48427	9.54191e-02
0.48431	9.60552e-02
0.48435	9.66518e-02
0.48439	9.72069e-02
0.48441	9.77184e-02
0.48443	9.81845e-02
0.48445	9.86035e-02
0.48445	9.89739e-02
0.48446	9.92945e-02
0.48446	9.95641e-02
0.48446	9.97821e-02
0.48445	9.99477e-02
0.48445	1.00061e-01
0.48444	1.00120e-01
0.48443	1.00127e-01
0.48441	1.00082e-01
0.48440	9.99841e-02
0.48437	9.98346e-02
0.48435	9.96341e-02
0.48432	9.93835e-02
0.48428	9.90835e-02
0.48423	9.87351e-02
0.48418	9.83392e-02
0.48411	9.78968e-02
0.48404	9.74088e-02
0.48395	9.68764e-02
0.48386	9.63005e-02
0.48376	9.56823e-02
0.48370	9.49276e-02
0.48363	9.41397e-02
0.48355	9.33184e-02
0.48347	9.24641e-02
0.48338	9.15782e-02
0.48328	9.06623e-02
0.48326	8.97926e-02
0.48324	8.88912e-02
0.48321	8.79613e-02
0.48318	8.70065e-02
0.48315	8.60310e-02
0.48312	8.50391e-02
0.48308	8.40354e-02
0.48305	8.30248e-02
0.48318	8.20119e-02
0.48328	8.10036e-02
0.48335	8.00031e-02
0.48340	7.90135e-02
0.48344	7.80378e-02
0.48346	7.70784e-02
0.48347	7.61374e-02
0.48346	7.52162e-02
0.48345	7.43159e-02
0.48343	7.34369e-02
0.48340	7.25793e-02
0.48337	7.17431e-02
0.48332	7.09276e-02
0.48337	7.02573e-02
0.48340	6.96008e-02
0.48341	6.89550e-02
0.48342	6.83167e-02
0.48351	6.76040e-02
0.48359	6.68875e-02
0.48366	6.61654e-02
0.48365	6.55636e-02
0.48364	6.49444e-02
0.48363	6.43067e-02
0.48363	6.36497e-02
0.48364	6.29726e-02
0.48367	6.22746e-02
0.48371	6.15546e-02
0.48376	6.08114e-02
0.48384	6.00437e-02
0.48394	5.92507e-02
0.48407	5.84320e-02
0.48422	5.75883e-02
0.48440	5.67219e-02
0.48461	5.58361e-02
0.48484	5.49361e-02
0.48525	5.40878e-02
0.48566	5.32336e-02
0.48607	5.23789e-02
0.48649	5.15291e-02
0.48691	5.06897e-02
0.48733	4.98655e-02
0.48776	4.90608e-02
0.48820	4.82792e-02
0.48882	4.73922e-02
0.48944	4.65419e-02
0.49010	4.57660e-02
0.49077	4.50447e-02
0.49144	4.43826e-02
0.49212	4.37828e-02
0.49279	4.32471e-02
0.49358	4.29671e-02
0.49435	4.27324e-02
0.49512	4.25486e-02
0.49588	4.24190e-02
0.49663	4.23461e-02
0.49738	4.23313e-02
0.49813	4.23755e-02
0.49888	4.24789e-02
0.49963	4.26410e-02
0.50038	4.28612e-02
0.50113	4.31382e-02
0.50188	4.34704e-02
0.50262	4.38557e-02
0.50337	4.42919e-02
0.50411	4.47762e-02
0.50485	4.53059e-02
0.50559	4.58778e-02
0.50632	4.64888e-02
0.50705	4.71356e-02
0.50778	4.78148e-02
0.50850	4.85229e-02
0.50922	4.92564e-02
0.50993	5.00119e-02
0.51063	5.07861e-02
0.51133	5.15755e-02
0.51201	5.23768e-02
0.51270	5.31870e-02
0.51337	5.40027e-02
0.51404	5.48210e-02
0.51470	5.56390e-02
0.51535	5.64539e-02
0.51599	5.72630e-02
0.51663	5.80638e-02
0.51725	5.88539e-02
0.51787	5.96310e-02
0.51848	6.03930e-02
0.51923	6.10573e-02
0.51994	6.17169e-02
0.52062	6.23678e-02
0.52127	6.30064e-02
0.52190	6.36296e-02
0.52250	6.42349e-02
0.52314	6.48427e-02
0.52376	6.54278e-02
0.52435	6.59885e-02
0.52490	6.65233e-02
0.52543	6.70308e-02
0.52593	6.75098e-02
0.52640	6.79593e-02
0.52683	6.83784e-02
0.52725	6.87674e-02
0.52763	6.91251e-02
0.52798	6.94509e-02
0.52830	6.97447e-02
0.52858	7.00062e-02
0.52883	7.02355e-02
0.52904	7.04327e-02
0.52922	7.05981e-02
0.52937	7.07320e-02
0.52948	7.08351e-02
0.52956	7.09081e-02
0.52961	7.09516e-02
0.52962	7.09667e-02
0.52961	7.09513e-02
0.52956	7.09097e-02
0.52948	7.08432e-02
0.52936	7.07529e-02
0.52924	7.06325e-02
0.52909	7.04890e-02
0.52892	7.03233e-02
0.52880	7.00101e-02
0.52864	6.96976e-02
0.52845	6.93842e-02
0.52822	6.90680e-02
0.52797	6.87476e-02
0.52769	6.84221e-02
0.52738	6.80910e-02
0.52704	6.77543e-02
0.52668	6.74122e-02
0.52631	6.70654e-02
0.52591	6.67149e-02
0.52549	6.63615e-02
0.52505	6.60063e-02
0.52460	6.56504e-02
0.52412	6.52949e-02
0.52367	6.49194e-02
0.52323	6.45349e-02
0.52278	6.41456e-02
0.52232	6.37553e-02
0.52185	6.33675e-02
0.52138	6.29844e-02
0.52089	6.26078e-02
0.52039	6.22388e-02
0.51991	6.18857e-02
0.51943	6.15397e-02
0.51901	6.12650e-02
0.51858	6.09979e-02
0.51815	6.07385e-02
0.51771	6.04866e-02
0.51727	6.02420e-02
0.51699	6.03413e-02
0.51669	6.03952e-02
0.51637	6.04027e-02
0.51603	6.03692e-02
0.51569	6.03028e-02
0.51533	6.02119e-02
0.51498	6.01035e-02
0.51463	5.99831e-02
0.51427	5.98547e-02
0.51393	5.97212e-02
0.51358	5.95846e-02
0.51324	5.94463e-02
0.51289	5.93071e-02
0.51255	5.91675e-02
0.51222	5.90278e-02
0.51188	5.88882e-02
0.51154	5.87488e-02
0.51120	5.86098e-02
0.51087	5.84714e-02
0.51054	5.83339e-02
0.51021	5.81976e-02
0.50988	5.80631e-02
0.50957	5.79308e-02
0.50925	5.78015e-02
0.50895	5.76759e-02
0.50866	5.75549e-02
0.50838	5.74393e-02
0.50811	5.73302e-02
0.50785	5.72286e-02
0.50762	5.71356e-02
0.50740	5.70524e-02
0.50720	5.69802e-02
0.50702	5.69202e-02
0.50686	5.68737e-02
0.50673	5.68418e-02
0.50662	5.68258e-02
0.50643	5.69595e-02
0.50627	5.71080e-02
0.50615	5.72689e-02
0.50606	5.74403e-02
0.50601	5.76209e-02
0.50600	5.78095e-02
0.50612	5.80386e-02
0.50627	5.82845e-02
0.50647	5.85482e-02
0.50670	5.88304e-02
0.50697	5.91319e-02
0.50728	5.94527e-02
0.50761	5.97927e-02
0.50797	6.01513e-02
0.50842	6.05463e-02
0.50889	6.09537e-02
0.50938	6.13733e-02
0.50988	6.18041e-02
0.51039	6.22448e-02
0.51092	6.26940e-02
0.51147	6.31501e-02
0.51203	6.36117e-02
0.51261	6.40773e-02
0.51320	6.45458e-02
0.51380	6.50158e-02
0.51442	6.54862e-02
0.51504	6.59559e-02
0.51570	6.63903e-02
0.51637	6.68298e-02
0.51703	6.72698e-02
0.51771	6.77076e-02
0.51837	6.81535e-02
0.51905	6.85829e-02
0.51975	6.89939e-02
0.52050	6.93820e-02
0.52127	6.97488e-02
0.52207	7.00950e-02
0.52287	7.04223e-02
0.52369	7.07328e-02
0.52452	7.10281e-02
0.52535	7.13092e-02
0.52618	7.15763e-02
0.52701	7.18291e-02
0.52784	7.20666e-02
0.52866	7.22878e-02
0.52948	7.24914e-02
0.53029	7.26763e-02
0.53110	7.28416e-02
0.53190	7.29863e-02
0.53275	7.31048e-02
0.53358	7.32021e-02
0.53440	7.32771e-02
0.53520	7.33291e-02
0.53598	7.33574e-02
0.53676	7.33617e-02
0.53751	7.33417e-02
0.53825	7.32973e-02
0.53906	7.32459e-02
0.53986	7.31738e-02
0.54070	7.31062e-02
0.54152	7.30156e-02
0.54233	7.29042e-02
0.54312	7.27735e-02
0.54389	7.26248e-02
0.54467	7.24821e-02
0.54542	7.23202e-02
0.54615	7.21420e-02
0.54685	7.19495e-02
0.54752	7.17444e-02
0.54816	7.15279e-02
0.54876	7.13009e-02
0.54932	7.10640e-02
0.54984	7.08172e-02
0.55030	7.05606e-02
0.55072	7.02942e-02
0.55108	7.00178e-02
0.55140	6.97314e-02
0.55166	6.94351e-02
0.55187	6.91295e-02
0.55204	6.88149e-02
0.55216	6.84921e-02
0.55223	6.81618e-02
0.55227	6.78251e-02
0.55226	6.74829e-02
0.55221	6.71361e-02
0.55212	6.67857e-02
0.55200	6.64329e-02
0.55184	6.60786e-02
0.55165	6.57236e-02
0.55142	6.53689e-02
0.55116	6.50154e-02
0.55087	6.46637e-02
0.55055	6.43146e-02
0.55019	6.39688e-02
0.54981	6.36269e-02
0.54940	6.32894e-02
0.54896	6.29568e-02
0.54850	6.26296e-02
0.54801	6.23082e-02
0.54750	6.19929e-02
0.54704	6.16262e-02
0.54656	6.12661e-02
0.54607	6.09131e-02
0.54556	6.05676e-02
0.54503	6.02301e-02
0.54449	5.99007e-02
0.54402	5.96669e-02
0.54353	5.94239e-02
0.54301	5.91774e-02
0.54247	5.89310e-02
0.54192	5.86869e-02
0.54136	5.84463e-02
0.54079	5.82103e-02
0.54024	5.80127e-02
0.53979	5.77298e-02
0.53931	5.74609e-02
0.53881	5.72052e-02
0.53830	5.69630e-02
0.53778	5.67355e-02
0.53725	5.65245e-02
0.53671	5.63321e-02
0.53617	5.61610e-02
0.53562	5.60140e-02
0.53507	5.58944e-02
0.53451	5.58050e-02
0.53396	5.57487e-02
0.53340	5.57279e-02
0.53290	5.57145e-02
0.53241	5.57338e-02
0.53194	5.57870e-02
0.53147	5.58750e-02
0.53117	5.60095e-02
0.53085	5.61827e-02
0.53052	5.63936e-02
0.53023	5.65829e-02
0.52994	5.68178e-02
0.52964	5.70928e-02
0.52934	5.74049e-02
0.52904	5.77521e-02
0.52874	5.81327e-02
0.52849	5.86065e-02
0.52825	5.91102e-02
0.52801	5.96434e-02
0.52778	6.02051e-02
0.52756	6.07942e-02
0.52735	6.14095e-02
0.52714	6.20498e-02
0.52695	6.27136e-02
0.52676	6.33995e-02
0.52659	6.41059e-02
0.52642	6.48309e-02
0.52627	6.55725e-02
0.52612	6.63285e-02
0.52599	6.70965e-02
0.52587	6.78738e-02
0.52575	6.86576e-02
0.52565	6.94452e-02
0.52566	7.01183e-02
0.52565	7.08193e-02
0.52564	7.15349e-02
0.52563	7.22557e-02
0.52562	7.29746e-02
0.52562	7.36863e-02
0.52563	7.43866e-02
0.52565	7.50717e-02
0.52568	7.57386e-02
0.52573	7.63844e-02
0.52579	7.70066e-02
0.52587	7.76027e-02
0.52596	7.81705e-02
0.52607	7.87079e-02
0.52619	7.92126e-02
0.52634	7.96826e-02
0.52650	8.01157e-02
0.52668	8.05097e-02
0.52688	8.08626e-02
0.52709	8.11720e-02
0.52732	8.14359e-02
0.52757	8.16520e-02
0.52784	8.18182e-02
0.52812	8.19327e-02
0.52842	8.19934e-02
0.52873	8.19988e-02
0.52905	8.19472e-02
0.52939	8.18375e-02
0.52974	8.16684e-02
0.53010	8.14391e-02
0.53048	8.11490e-02
0.53086	8.07976e-02
0.53126	8.03848e-02
0.53167	7.99105e-02
0.53209	7.93751e-02
0.53251	7.87791e-02
0.53294	7.81232e-02
0.53338	7.74082e-02
0.53382	7.66352e-02
0.53426	7.58056e-02
0.53470	7.49205e-02
0.53514	7.39815e-02
0.53557	7.29902e-02
0.53602	7.19305e-02
0.53646	7.08217e-02
0.53689	6.96639e-02
0.53732	6.84582e-02
0.53775	6.72062e-02
0.53816	6.59100e-02
0.53863	6.46253e-02
0.53908	6.33000e-02
0.53952	6.19380e-02
0.53995	6.05433e-02
0.54037	5.91197e-02
0.54078	5.76711e-02
0.54118	5.62011e-02
0.54158	5.47201e-02
0.54202	5.32301e-02
0.54243	5.17285e-02
0.54283	5.02191e-02
0.54321	4.87053e-02
0.54357	4.71907e-02
0.54392	4.56788e-02
0.54426	4.41733e-02
0.54458	4.26777e-02
0.54489	4.11959e-02
0.54518	3.97315e-02
0.54546	3.82883e-02
0.54573	3.68704e-02
0.54599	3.54817e-02
0.54622	3.41343e-02
0.54645	3.28238e-02
0.54666	3.15551e-02
0.54687	3.03331e-02
0.54711	2.91889e-02
0.54734	2.80954e-02
0.54756	2.70563e-02
0.54787	2.59475e-02
0.54815	2.49098e-02
0.54841	2.39461e-02
0.54865	2.30583e-02
0.54886	2.22470e-02
0.54906	2.15128e-02
0.54940	2.09344e-02
0.54970	2.04138e-02
0.54998	1.99520e-02
0.55022	1.95497e-02
0.55045	1.92072e-02
0.55065	1.89249e-02
0.55083	1.87023e-02
0.55099	1.85385e-02
0.55113	1.84323e-02
0.55126	1.83818e-02
0.55136	1.83848e-02
0.55144	1.84388e-02
0.55150	1.85411e-02
0.55155	1.86889e-02
0.55158	1.88793e-02
0.55159	1.91093e-02
0.55158	1.93762e-02
0.55160	1.96897e-02
0.55159	2.00374e-02
0.55157	2.04154e-02
0.55152	2.08203e-02
0.55147	2.12492e-02
0.55140	2.16994e-02
0.55132	2.21687e-02
0.55124	2.26548e-02
0.55115	2.31559e-02
0.55105	2.36702e-02
0.55121	2.42973e-02
0.55136	2.49462e-02
0.55147	2.56015e-02
0.55155	2.62527e-02
0.55161	2.68958e-02
0.55164	2.75318e-02
0.55166	2.81636e-02
0.55168	2.87950e-02
0.55170	2.94297e-02
0.55171	3.00713e-02
0.55174	3.07229e-02
0.55177	3.13874e-02
0.55180	3.20674e-02
0.55185	3.27650e-02
0.55190	3.34822e-02
0.55197	3.42202e-02
0.55204	3.49802e-02
0.55211	3.57625e-02
0.55219	3.65674e-02
0.55227	3.73944e-02
0.55235	3.82430e-02
0.55243	3.91118e-02
0.55249	3.99995e-02
0.55255	4.09040e-02
0.55260	4.18235e-02
0.55264	4.27556e-02
0.55266	4.36981e-02
0.55267	4.46488e-02
0.55266	4.56054e-02
0.55265	4.65655e-02
0.55262	4.75269e-02
0.55258	4.84874e-02
0.55253	4.94447e-02
0.55251	5.03086e-02
0.55249	5.11657e-02
0.55246	5.20113e-02
0.55243	5.28418e-02
0.55239	5.36544e-02
0.55235	5.44470e-02
0.55230	5.52103e-02
0.55228	5.59738e-02
0.55230	5.67391e-02
0.55235	5.75056e-02
0.55243	5.82696e-02
0.55254	5.90243e-02
0.55267	5.97606e-02
0.55285	6.04185e-02
0.55305	6.10275e-02
0.55323	6.15991e-02
0.55339	6.21284e-02
0.55352	6.26130e-02
0.55364	6.30530e-02
0.55375	6.34497e-02
0.55384	6.38051e-02
0.55392	6.41212e-02
0.55400	6.44000e-02
0.55408	6.46430e-02
0.55415	6.48513e-02
0.55423	6.50257e-02
0.55430	6.51667e-02
0.55449	6.52431e-02
0.55469	6.52864e-02
0.55489	6.52972e-02
0.55510	6.52758e-02
0.55530	6.52227e-02
0.55552	6.51382e-02
0.55573	6.50226e-02
0.55605	6.48318e-02
0.55635	6.46123e-02
0.55665	6.43641e-02
0.55695	6.40878e-02
0.55725	6.37843e-02
0.55754	6.34545e-02
0.55786	6.31353e-02
0.55816	6.27825e-02
0.55845	6.24015e-02
0.55874	6.19958e-02
0.55902	6.15685e-02
0.55929	6.11219e-02
0.55956	6.06583e-02
0.55982	6.01797e-02
0.56007	5.96880e-02
0.56032	5.91849e-02
0.56056	5.86719e-02
0.56079	5.81504e-02
0.56102	5.76218e-02
0.56125	5.70873e-02
0.56147	5.65481e-02
0.56168	5.60052e-02
0.56189	5.54596e-02
0.56213	5.49030e-02
0.56235	5.43479e-02
0.56257	5.37947e-02
0.56278	5.32437e-02
0.56298	5.26954e-02
0.56318	5.21503e-02
0.56337	5.16089e-02
0.56356	5.10717e-02
0.56375	5.05390e-02
0.56393	5.00113e-02
0.56420	4.94833e-02
0.56446	4.89592e-02
0.56471	4.84396e-02
0.56495	4.79250e-02
0.56518	4.74161e-02
0.56541	4.69134e-02
0.56565	4.64176e-02
0.56588	4.59297e-02
0.56611	4.54507e-02
0.56634	4.49819e-02
0.56657	4.45247e-02
0.56680	4.40809e-02
0.56704	4.36523e-02
0.56728	4.32408e-02
0.56751	4.28482e-02
0.56774	4.24765e-02
0.56797	4.21270e-02
0.56820	4.18009e-02
0.56842	4.14989e-02
0.56863	4.12215e-02
0.56883	4.09682e-02
0.56902	4.07386e-02
0.56921	4.05315e-02
0.56938	4.03456e-02
0.56954	4.01792e-02
0.56968	4.00304e-02
0.56982	3.98972e-02
0.56994	3.97774e-02
0.57005	3.96690e-02
0.57014	3.95697e-02
0.57022	3.94776e-02
0.57029	3.93906e-02
0.57035	3.93068e-02
0.57046	3.92634e-02
0.57055	3.92161e-02
0.57063	3.91637e-02
0.57069	3.91051e-02
0.57074	3.90394e-02
0.57078	3.89660e-02
0.57089	3.88459e-02
0.57098	3.87248e-02
0.57106	3.86016e-02
0.57112	3.84761e-02
0.57118	3.83488e-02
0.57123	3.82208e-02
0.57127	3.80935e-02
0.57147	3.79795e-02
0.57172	3.78519e-02
0.57197	3.77365e-02
0.57220	3.76327e-02
0.57240	3.75401e-02
0.57258	3.74593e-02
0.57274	3.73920e-02
0.57288	3.73400e-02
0.57300	3.73054e-02
0.57310	3.72897e-02
0.57318	3.72942e-02
0.57324	3.73199e-02
0.57329	3.73671e-02
0.57333	3.74362e-02
0.57345	3.73180e-02
0.57355	3.72515e-02
0.57362	3.72224e-02
0.57367	3.72221e-02
0.57370	3.72454e-02
0.57371	3.72899e-02
0.57371	3.73543e-02
0.57384	3.75976e-02
0.57395	3.78393e-02
0.57403	3.80808e-02
0.57408	3.83229e-02
0.57410	3.85661e-02
0.57410	3.88104e-02
0.57413	3.91030e-02
0.57412	3.93880e-02
0.57409	3.96668e-02
0.57404	3.99396e-02
0.57396	4.02063e-02
0.57386	4.04664e-02
0.57374	4.07191e-02
0.57361	4.09635e-02
0.57346	4.11988e-02
0.57330	4.14241e-02
0.57312	4.16386e-02
0.57294	4.18414e-02
0.57274	4.20320e-02
0.57254	4.22098e-02
0.57233	4.23743e-02
0.57212	4.25253e-02
0.57190	4.26626e-02
0.57171	4.27829e-02
0.57152	4.28907e-02
0.57133	4.29858e-02
0.57113	4.30686e-02
0.57093	4.31392e-02
0.57073	4.31982e-02
0.57054	4.32461e-02
0.57035	4.32837e-02
0.57016	4.33117e-02
0.56997	4.33309e-02
0.56980	4.33486e-02
0.56962	4.33576e-02
0.56946	4.33595e-02
0.56930	4.33557e-02
0.56914	4.33476e-02
0.56899	4.33365e-02
0.56886	4.33234e-02
0.56873	4.33097e-02
0.56862	4.33029e-02
0.56851	4.32961e-02
0.56842	4.32909e-02
0.56833	4.32888e-02
0.56826	4.32907e-02
0.56819	4.32978e-02
0.56814	4.33109e-02
0.56810	4.33309e-02
0.56807	4.33585e-02
0.56806	4.33943e-02
0.56806	4.34388e-02
0.56807	4.34926e-02
0.56810	4.35560e-02
0.56814	4.36293e-02
0.56820	4.37128e-02
0.56828	4.38067e-02
0.56837	4.39113e-02
0.56848	4.40267e-02
0.56861	4.41531e-02
0.56875	4.42908e-02
0.56897	4.44788e-02
0.56921	4.46740e-02
0.56945	4.48770e-02
0.56970	4.50886e-02
0.56997	4.53094e-02
0.57026	4.55427e-02
0.57057	4.57873e-02
0.57088	4.60429e-02
0.57120	4.63095e-02
0.57153	4.65867e-02
0.57192	4.68827e-02
0.57230	4.71846e-02
0.57268	4.74920e-02
0.57305	4.78045e-02
0.57342	4.81213e-02
0.57379	4.84416e-02
0.57415	4.87644e-02
0.57452	4.90886e-02
0.57506	4.97714e-02
0.57566	5.04402e-02
0.57623	5.10583e-02
0.57677	5.16125e-02
0.57728	5.21000e-02
0.57776	5.25257e-02
0.57821	5.28982e-02
0.57864	5.32267e-02
0.57905	5.35193e-02
0.57944	5.37826e-02
0.57982	5.40215e-02
0.58018	5.42393e-02
0.58053	5.44387e-02
0.58088	5.46215e-02
0.58122	5.47845e-02
0.58155	5.49264e-02
0.58188	5.50463e-02
0.58222	5.51440e-02
0.58255	5.52204e-02
0.58288	5.52764e-02
0.58321	5.53129e-02
0.58355	5.53295e-02
0.58389	5.53294e-02
0.58423	5.53135e-02
0.58456	5.52824e-02
0.58488	5.52371e-02
0.58520	5.51784e-02
0.58565	5.51848e-02
0.58606	5.51825e-02
0.58644	5.51697e-02
0.58678	5.51460e-02
0.58710	5.51121e-02
0.58738	5.50689e-02
0.58765	5.50177e-02
0.58789	5.49599e-02
0.58811	5.48965e-02
0.58832	5.48288e-02
0.58850	5.47577e-02
0.58867	5.46842e-02
0.58883	5.46091e-02
0.58897	5.45332e-02
0.58910	5.44572e-02
0.58921	5.43819e-02
0.58932	5.43079e-02
0.58943	5.42363e-02
0.58952	5.41683e-02
0.58961	5.41055e-02
0.58970	5.40496e-02
0.58978	5.40032e-02
0.58985	5.39688e-02
0.58992	5.39494e-02
0.58998	5.39478e-02
0.59003	5.39667e-02
0.59008	5.40084e-02
0.59016	5.40593e-02
0.59023	5.41381e-02
0.59029	5.42451e-02
0.59035	5.43802e-02
0.59041	5.45429e-02
0.59046	5.47322e-02
0.59051	5.49468e-02
0.59055	5.51849e-02
0.59060	5.54447e-02
0.59064	5.57241e-02
0.59068	5.60208e-02
0.59072	5.63328e-02
0.59076	5.66578e-02
0.59080	5.69937e-02
0.59084	5.73385e-02
0.59088	5.76901e-02
0.59093	5.80468e-02
0.59098	5.84067e-02
0.59103	5.87681e-02
0.59109	5.91291e-02
0.59115	5.94880e-02
0.59121	5.98429e-02
0.59127	6.01918e-02
0.59134	6.05327e-02
0.59141	6.08636e-02
0.59148	6.11823e-02
0.59155	6.14868e-02
0.59162	6.17750e-02
0.59173	6.20476e-02
0.59183	6.22985e-02
0.59193	6.25264e-02
0.59202	6.27300e-02
0.59211	6.29082e-02
0.59222	6.30411e-02
0.59232	6.31508e-02
0.59242	6.32356e-02
0.59252	6.32944e-02
0.59261	6.33262e-02
0.59270	6.33192e-02
0.59280	6.32834e-02
0.59289	6.32179e-02
0.59298	6.31221e-02
0.59308	6.29954e-02
0.59317	6.28372e-02
0.59327	6.26472e-02
0.59337	6.24252e-02
0.59347	6.21706e-02
0.59366	6.18403e-02
0.59382	6.14854e-02
0.59397	6.11059e-02
0.59410	6.07014e-02
0.59423	6.02725e-02
0.59435	5.98197e-02
0.59446	5.93441e-02
0.59457	5.88473e-02
0.59468	5.83310e-02
0.59478	5.77974e-02
0.59490	5.72488e-02
0.59501	5.66877e-02
0.59514	5.61169e-02
0.59521	5.55587e-02
0.59528	5.49980e-02
0.59536	5.44380e-02
0.59546	5.38819e-02
0.59556	5.33332e-02
0.59566	5.27953e-02
0.59578	5.22715e-02
0.59598	5.17638e-02
0.59619	5.12795e-02
0.59641	5.08221e-02
0.59664	5.03948e-02
0.59688	4.99996e-02
0.59712	4.96377e-02
0.59740	4.93735e-02
0.59767	4.91275e-02
0.59795	4.88984e-02
0.59824	4.86821e-02
0.59855	4.84739e-02
0.59888	4.82720e-02
0.59922	4.80798e-02
0.59957	4.79065e-02
0.59991	4.77642e-02
0.60022	4.76630e-02
0.60049	4.76085e-02
0.60073	4.76016e-02
0.60093	4.76403e-02
0.60109	4.77212e-02
0.60123	4.78406e-02
0.60133	4.79948e-02
0.60142	4.81805e-02
0.60148	4.83944e-02
0.60152	4.86337e-02
0.60155	4.88954e-02
0.60156	4.91768e-02
0.60156	4.94751e-02
0.60154	4.97878e-02
0.60151	5.01122e-02
0.60146	5.04459e-02
0.60140	5.07865e-02
0.60133	5.11316e-02
0.60128	5.14539e-02
0.60122	5.17789e-02
0.60114	5.21040e-02
0.60104	5.24269e-02
0.60094	5.27456e-02
0.60083	5.30584e-02
0.60076	5.33443e-02
0.60068	5.36218e-02
0.60059	5.38887e-02
0.60050	5.41433e-02
0.60040	5.43844e-02
0.60030	5.46110e-02
0.60020	5.48225e-02
0.60010	5.50186e-02
0.59999	5.51990e-02
0.59988	5.53636e-02
0.59977	5.55126e-02
0.59965	5.56462e-02
0.59952	5.57646e-02
0.59939	5.58680e-02
0.59925	5.59568e-02
0.59911	5.60312e-02
0.59895	5.60915e-02
0.59878	5.61382e-02
0.59860	5.61715e-02
0.59842	5.61919e-02
0.59822	5.61999e-02
0.59800	5.61961e-02
0.59779	5.61827e-02
0.59756	5.61585e-02
0.59732	5.61243e-02
0.59707	5.60811e-02
0.59681	5.60295e-02
0.59657	5.59277e-02
0.59631	5.58280e-02
0.59603	5.57283e-02
0.59575	5.56279e-02
0.59545	5.55270e-02
0.59516	5.54074e-02
0.59485	5.52963e-02
0.59454	5.51917e-02
0.59421	5.50916e-02
0.59388	5.49944e-02
0.59354	5.48988e-02
0.59320	5.48041e-02
0.59286	5.47098e-02
0.59258	5.46271e-02
0.59226	5.45752e-02
0.59194	5.45291e-02
0.59162	5.44893e-02
0.59130	5.44567e-02
0.59098	5.44321e-02
0.59066	5.44162e-02
0.59034	5.44097e-02
0.59003	5.44134e-02
0.58973	5.44276e-02
0.58943	5.44525e-02
0.58914	5.44886e-02
0.58886	5.45359e-02
0.58858	5.45946e-02
0.58832	5.46646e-02
0.58806	5.47458e-02
0.58782	5.48381e-02
0.58760	5.49412e-02
0.58738	5.50549e-02
0.58718	5.51788e-02
0.58700	5.53128e-02
0.58686	5.54429e-02
0.58674	5.55821e-02
0.58663	5.57301e-02
0.58654	5.58870e-02
0.58647	5.60529e-02
0.58641	5.62281e-02
0.58642	5.64978e-02
0.58645	5.67778e-02
0.58649	5.70683e-02
0.58655	5.73695e-02
0.58662	5.76812e-02
0.58671	5.80032e-02
0.58682	5.83349e-02
0.58694	5.86756e-02
0.58709	5.90241e-02
0.58725	5.93790e-02
0.58744	5.97387e-02
0.58765	6.01013e-02
0.58788	6.04646e-02
0.58813	6.08261e-02
0.58841	6.11831e-02
0.58871	6.15326e-02
0.58904	6.18713e-02
0.58939	6.21957e-02
0.58978	6.25023e-02
0.59018	6.27874e-02
0.59062	6.30474e-02
0.59107	6.32789e-02
0.59155	6.34788e-02
0.59206	6.36444e-02
0.59259	6.37734e-02
0.59314	6.38643e-02
0.59371	6.39161e-02
0.59430	6.39317e-02
0.59491	6.39070e-02
0.59553	6.38434e-02
0.59617	6.37423e-02
0.59681	6.36058e-02
0.59747	6.34361e-02
0.59813	6.32357e-02
0.59879	6.30071e-02
0.59946	6.27529e-02
0.60013	6.24759e-02
0.60080	6.21786e-02
0.60146	6.18637e-02
0.60213	6.15335e-02
0.60279	6.11904e-02
0.60345	6.08367e-02
0.60411	6.04744e-02
0.60475	6.01055e-02
0.60540	5.97318e-02
0.60603	5.93548e-02
0.60666	5.89762e-02
0.60729	5.85973e-02
0.60790	5.82194e-02
0.60851	5.78434e-02
0.60912	5.74706e-02
0.60972	5.71015e-02
0.61031	5.67371e-02
0.61090	5.63775e-02
0.61149	5.60234e-02
0.61212	5.56323e-02
0.61274	5.52474e-02
0.61335	5.48684e-02
0.61396	5.44953e-02
0.61456	5.41281e-02
0.61520	5.37729e-02
0.61583	5.34249e-02
0.61646	5.30839e-02
0.61708	5.27494e-02
0.61770	5.24210e-02
0.61848	5.20373e-02
0.61924	5.16554e-02
0.61999	5.12757e-02
0.62072	5.08987e-02
0.62143	5.05247e-02
0.62212	5.01540e-02
0.62279	4.97865e-02
0.62344	4.94223e-02
0.62412	4.91102e-02
0.62477	4.88007e-02
0.62540	4.84836e-02
0.62601	4.81612e-02
0.62659	4.78349e-02
0.62716	4.75055e-02
0.62771	4.71734e-02
0.62825	4.68387e-02
0.62877	4.65015e-02
0.62927	4.61615e-02
0.62977	4.58186e-02
0.63024	4.54725e-02
0.63071	4.51230e-02
0.63116	4.47696e-02
0.63160	4.44122e-02
0.63202	4.40504e-02
0.63244	4.36839e-02
0.63284	4.33123e-02
0.63323	4.29354e-02
0.63360	4.25529e-02
0.63397	4.21644e-02
0.63437	4.17824e-02
0.63475	4.13926e-02
0.63511	4.09951e-02
0.63545	4.05899e-02
0.63577	4.01769e-02
0.63608	3.97559e-02
0.63652	3.93687e-02
0.63696	3.89730e-02
0.63741	3.85785e-02
0.63787	3.81926e-02
0.63832	3.78183e-02
0.63874	3.74532e-02
0.63913	3.70904e-02
0.63948	3.67220e-02
0.63979	3.63412e-02
0.64006	3.59439e-02
0.64030	3.55288e-02
0.64051	3.50967e-02
0.64070	3.46494e-02
0.64088	3.41899e-02
0.64104	3.37332e-02
0.64120	3.32698e-02
0.64134	3.28042e-02
0.64148	3.23409e-02
0.64161	3.18849e-02
0.64172	3.14410e-02
0.64183	3.10143e-02
0.64193	3.06096e-02
0.64201	3.02318e-02
0.64209	2.98851e-02
0.64215	2.95736e-02
0.64219	2.93004e-02
0.64222	2.90684e-02
0.64228	2.87884e-02
0.64232	2.85593e-02
0.64234	2.83825e-02
0.64234	2.82584e-02
0.64231	2.81870e-02
0.64227	2.81672e-02
0.64220	2.81975e-02
0.64210	2.82760e-02
0.64198	2.84001e-02
0.64184	2.85673e-02
0.64167	2.87745e-02
0.64148	2.90188e-02
0.64127	2.92969e-02
0.64103	2.96058e-02
0.64077	2.99426e-02
0.64048	3.03042e-02
0.64017	3.06879e-02
0.63984	3.10911e-02
0.63949	3.15114e-02
0.63911	3.19467e-02
0.63871	3.23950e-02
0.63829	3.28544e-02
0.63785	3.33235e-02
0.63739	3.38008e-02
0.63691	3.42851e-02
0.63641	3.47753e-02
0.63589	3.52707e-02
0.63536	3.57705e-02
0.63487	3.62241e-02
0.63437	3.66680e-02
0.63387	3.71034e-02
0.63336	3.75330e-02
0.63284	3.79594e-02
0.63236	3.83266e-02
0.63186	3.87061e-02
0.63134	3.90960e-02
0.63080	3.94948e-02
0.63025	3.99007e-02
0.62973	4.03567e-02
0.62918	4.08032e-02
0.62862	4.12445e-02
0.62805	4.16817e-02
0.62747	4.21147e-02
0.62690	4.25431e-02
0.62632	4.29659e-02
0.62575	4.33823e-02
0.62533	4.39763e-02
0.62497	4.45386e-02
0.62462	4.51149e-02
0.62428	4.56971e-02
0.62394	4.62778e-02
0.62362	4.68503e-02
0.62330	4.74098e-02
0.62298	4.79533e-02
0.62268	4.84798e-02
0.62238	4.89898e-02
0.62209	4.94851e-02
0.62181	4.99677e-02
0.62155	5.04400e-02
0.62131	5.09045e-02
0.62107	5.13630e-02
0.62086	5.18172e-02
0.62066	5.22684e-02
0.62047	5.27174e-02
0.62030	5.31648e-02
0.62014	5.36108e-02
0.62000	5.40553e-02
0.61996	5.43823e-02
0.61993	5.47113e-02
0.61991	5.50432e-02
0.61990	5.53787e-02
0.61988	5.57175e-02
0.61987	5.60587e-02
0.61993	5.63983e-02
0.61999	5.67358e-02
0.62004	5.70694e-02
0.62010	5.73975e-02
0.62016	5.77187e-02
0.62035	5.79006e-02
0.62050	5.81147e-02
0.62063	5.83481e-02
0.62075	5.85909e-02
0.62086	5.88355e-02
0.62097	5.90762e-02
0.62109	5.93087e-02
0.62120	5.95295e-02
0.62132	5.97358e-02
0.62146	5.99327e-02
0.62161	6.01092e-02
0.62177	6.02641e-02
0.62194	6.03966e-02
0.62212	6.05060e-02
0.62232	6.05919e-02
0.62253	6.06541e-02
0.62275	6.06928e-02
0.62300	6.07084e-02
0.62325	6.07016e-02
0.62352	6.06734e-02
0.62380	6.06246e-02
0.62410	6.05564e-02
0.62444	6.05091e-02
0.62479	6.04411e-02
0.62515	6.03544e-02
0.62552	6.02505e-02
0.62590	6.01304e-02
0.62628	5.99951e-02
0.62667	5.98453e-02
0.62707	5.96816e-02
0.62747	5.95044e-02
0.62789	5.93141e-02
0.62830	5.91109e-02
0.62873	5.88953e-02
0.62915	5.86672e-02
0.62958	5.84269e-02
0.63001	5.81744e-02
0.63044	5.79098e-02
0.63088	5.76329e-02
0.63131	5.73437e-02
0.63173	5.70419e-02
0.63215	5.67276e-02
0.63257	5.64004e-02
0.63298	5.60602e-02
0.63338	5.57069e-02
0.63377	5.53403e-02
0.63415	5.49604e-02
0.63452	5.45674e-02
0.63488	5.41612e-02
0.63522	5.37422e-02
0.63556	5.33058e-02
0.63588	5.28586e-02
0.63619	5.24008e-02
0.63649	5.19326e-02
0.63677	5.14548e-02
0.63704	5.09553e-02
0.63730	5.04514e-02
0.63754	4.99430e-02
0.63777	4.94307e-02
0.63798	4.89153e-02
0.63832	4.82779e-02
0.63866	4.76343e-02
0.63899	4.69879e-02
0.63930	4.63428e-02
0.63960	4.57032e-02
0.63988	4.50734e-02
0.64013	4.44570e-02
0.64037	4.38575e-02
0.64072	4.34874e-02
0.64106	4.31118e-02
0.64136	4.27346e-02
0.64162	4.23621e-02
0.64185	4.20004e-02
0.64205	4.16547e-02
0.64223	4.13292e-02
0.64239	4.10275e-02
0.64253	4.07525e-02
0.64265	4.05065e-02
0.64275	4.02916e-02
0.64284	4.01094e-02
0.64292	3.99612e-02
0.64298	3.98483e-02
0.64303	3.97715e-02
0.64307	3.97316e-02
0.64310	3.97292e-02
0.64312	3.97645e-02
0.64319	3.98025e-02
0.64325	3.98851e-02
0.64327	4.00107e-02
0.64328	4.01776e-02
0.64326	4.03845e-02
0.64322	4.06296e-02
0.64316	4.09113e-02
0.64308	4.12278e-02
0.64297	4.15769e-02
0.64285	4.19566e-02
0.64270	4.23648e-02
0.64254	4.27989e-02
0.64235	4.32568e-02
0.64215	4.37360e-02
0.64193	4.42340e-02
0.64169	4.47484e-02
0.64144	4.52768e-02
0.64117	4.58169e-02
0.64090	4.63663e-02
0.64061	4.69228e-02
0.64031	4.74840e-02
0.64000	4.80480e-02
0.63968	4.86126e-02
0.63941	4.92381e-02
0.63913	4.98582e-02
0.63884	5.04713e-02
0.63856	5.10757e-02
0.63827	5.16696e-02
0.63798	5.22516e-02
0.63768	5.28203e-02
0.63739	5.33743e-02
0.63710	5.39126e-02
0.63681	5.44340e-02
0.63653	5.49375e-02
0.63625	5.54224e-02
0.63597	5.58879e-02
0.63571	5.63326e-02
0.63544	5.67569e-02
0.63531	5.71648e-02
0.63518	5.75563e-02
0.63506	5.79294e-02
0.63499	5.83028e-02
0.63492	5.86541e-02
0.63485	5.89839e-02
0.63479	5.92927e-02
0.63474	5.95805e-02
0.63471	5.98476e-02
0.63468	6.00940e-02
0.63466	6.03199e-02
0.63466	6.05254e-02
0.63468	6.07106e-02
0.63471	6.08757e-02
0.63475	6.10207e-02
0.63482	6.11459e-02
0.63490	6.12512e-02
0.63500	6.13370e-02
0.63511	6.14032e-02
0.63525	6.14500e-02
0.63541	6.14776e-02
0.63560	6.14859e-02
0.63580	6.14752e-02
0.63603	6.14457e-02
0.63628	6.13976e-02
0.63656	6.13313e-02
0.63686	6.12473e-02
0.63719	6.11465e-02
0.63754	6.10297e-02
0.63792	6.08983e-02
0.63833	6.07536e-02
0.63885	6.04922e-02
0.63938	6.02237e-02
0.63994	5.99491e-02
0.64051	5.96698e-02
0.64109	5.93878e-02
0.64178	5.90705e-02
0.64247	5.87546e-02
0.64317	5.84446e-02
0.64386	5.81438e-02
0.64456	5.78540e-02
0.64526	5.75762e-02
0.64596	5.73111e-02
0.64665	5.70586e-02
0.64735	5.68186e-02
0.64804	5.65903e-02
0.64873	5.63683e-02
0.64942	5.61582e-02
0.65010	5.59591e-02
0.65077	5.57699e-02
0.65144	5.55894e-02
0.65209	5.54168e-02
0.65274	5.52508e-02
0.65338	5.50904e-02
0.65401	5.49347e-02
0.65462	5.47826e-02
0.65523	5.46331e-02
0.65582	5.44853e-02
0.65640	5.43382e-02
0.65696	5.41910e-02
0.65751	5.40429e-02
0.65804	5.38929e-02
0.65866	5.37330e-02
0.65925	5.35734e-02
0.65981	5.34123e-02
0.66034	5.32485e-02
0.66085	5.30804e-02
0.66132	5.29069e-02
0.66177	5.27268e-02
0.66218	5.25392e-02
0.66258	5.23431e-02
0.66294	5.21376e-02
0.66329	5.19220e-02
0.66360	5.16953e-02
0.66390	5.14568e-02
0.66417	5.12055e-02
0.66442	5.09408e-02
0.66465	5.06619e-02
0.66486	5.03681e-02
0.66505	5.00588e-02
0.66521	4.97338e-02
0.66536	4.93931e-02
0.66549	4.90372e-02
0.66560	4.86669e-02
0.66569	4.82839e-02
0.66576	4.78901e-02
0.66581	4.74882e-02
0.66584	4.70811e-02
0.66585	4.66722e-02
0.66583	4.62645e-02
0.66580	4.58615e-02
0.66574	4.54659e-02
0.66565	4.50804e-02
0.66555	4.47072e-02
0.66541	4.43485e-02
0.66526	4.40057e-02
0.66507	4.36802e-02
0.66486	4.33732e-02
0.66466	4.31025e-02
0.66444	4.28505e-02
0.66418	4.26184e-02
0.66400	4.25626e-02
0.66378	4.25066e-02
0.66362	4.24858e-02
0.66344	4.24749e-02
0.66324	4.24757e-02
0.66301	4.24891e-02
0.66274	4.25154e-02
0.66245	4.25545e-02
0.66212	4.26065e-02
0.66175	4.26711e-02
0.66136	4.27485e-02
0.66092	4.28389e-02
0.66046	4.29426e-02
0.65996	4.30600e-02
0.65943	4.31917e-02
0.65887	4.33380e-02
0.65829	4.34994e-02
0.65768	4.36762e-02
0.65704	4.38686e-02
0.65639	4.40769e-02
0.65571	4.43010e-02
0.65502	4.45409e-02
0.65430	4.47964e-02
0.65357	4.50675e-02
0.65282	4.53537e-02
0.65206	4.56547e-02
0.65129	4.59700e-02
0.65051	4.62990e-02
0.64971	4.66413e-02
0.64891	4.69961e-02
0.64818	4.71873e-02
0.64746	4.73728e-02
0.64673	4.75561e-02
0.64601	4.77411e-02
0.64529	4.79303e-02
0.64466	4.81193e-02
0.64403	4.83098e-02
0.64341	4.85002e-02
0.64279	4.86889e-02
0.64218	4.88740e-02
0.64158	4.90539e-02
0.64099	4.92273e-02
0.64042	4.93930e-02
0.63990	4.95952e-02
0.63939	4.97795e-02
0.63895	4.99160e-02
0.63853	5.00480e-02
0.63812	5.01759e-02
0.63771	5.03005e-02
0.63732	5.04222e-02
0.63695	5.05415e-02
0.63664	5.06774e-02
0.63635	5.08126e-02
0.63608	5.09477e-02
0.63582	5.10829e-02
0.63559	5.12182e-02
0.63537	5.13535e-02
0.63517	5.14885e-02
0.63500	5.16228e-02
0.63485	5.17558e-02
0.63472	5.18870e-02
0.63469	5.19566e-02
0.63471	5.20168e-02
0.63474	5.20792e-02
0.63478	5.21421e-02
0.63484	5.22043e-02
0.63491	5.22645e-02
0.63500	5.23213e-02
0.63510	5.23739e-02
0.63528	5.25041e-02
0.63548	5.26133e-02
0.63568	5.27046e-02
0.63591	5.27795e-02
0.63626	5.27984e-02
0.63662	5.28082e-02
0.63698	5.28090e-02
0.63735	5.28007e-02
0.63772	5.27832e-02
0.63810	5.27564e-02
0.63848	5.27203e-02
0.63887	5.26751e-02
0.63927	5.26207e-02
0.63967	5.25573e-02
0.64008	5.24851e-02
0.64050	5.24042e-02
0.64092	5.23150e-02
0.64135	5.22176e-02
0.64178	5.21123e-02
0.64222	5.19993e-02
0.64266	5.18789e-02
0.64311	5.17513e-02
0.64364	5.17221e-02
0.64416	5.16672e-02
0.64468	5.15900e-02
0.64523	5.15111e-02
0.64577	5.14110e-02
0.64630	5.12932e-02
0.64686	5.11401e-02
0.64742	5.09792e-02
0.64796	5.08111e-02
0.64849	5.06371e-02
0.64901	5.04581e-02
0.64955	5.02978e-02
0.65008	5.01317e-02
0.65059	4.99616e-02
0.65109	4.97892e-02
0.65167	4.96444e-02
0.65228	4.95835e-02
0.65288	4.95441e-02
0.65348	4.95326e-02
0.65407	4.95534e-02
0.65466	4.96087e-02
0.65525	4.96965e-02
0.65582	4.98104e-02
0.65637	4.99392e-02
0.65690	5.00689e-02
0.65738	5.01854e-02
0.65782	5.02780e-02
0.65821	5.03410e-02
0.65855	5.03738e-02
0.65884	5.03796e-02
0.65909	5.03638e-02
0.65930	5.03324e-02
0.65946	5.02910e-02
0.65960	5.02442e-02
0.65970	5.01958e-02
0.65977	5.01489e-02
0.65982	5.01056e-02
0.65983	5.00674e-02
0.65982	5.00355e-02
0.65990	4.98675e-02
0.65995	4.97287e-02
0.65996	4.96184e-02
0.65993	4.95348e-02
0.65990	4.94814e-02
0.65985	4.94418e-02
0.65975	4.94224e-02
0.65963	4.94203e-02
0.65948	4.94330e-02
0.65931	4.94586e-02
0.65911	4.94950e-02
0.65889	4.95407e-02
0.65865	4.95942e-02
0.65839	4.96541e-02
0.65811	4.97192e-02
0.65781	4.97884e-02
0.65754	4.98377e-02
0.65726	4.98923e-02
0.65696	4.99500e-02
0.65664	5.00094e-02
0.65632	5.00691e-02
0.65599	5.01282e-02
0.65565	5.01856e-02
0.65530	5.02404e-02
0.65495	5.02917e-02
0.65459	5.03389e-02
0.65424	5.03811e-02
0.65388	5.04178e-02
0.65352	5.04482e-02
0.65317	5.04718e-02
0.65282	5.04881e-02
0.65248	5.04899e-02
0.65214	5.04843e-02
0.65181	5.04704e-02
0.65149	5.04476e-02
0.65117	5.04155e-02
0.65087	5.03736e-02
0.65058	5.03215e-02
0.65030	5.02589e-02
0.65003	5.01853e-02
0.64978	5.01006e-02
0.64956	5.00046e-02
0.64935	4.98970e-02
0.64916	4.97777e-02
0.64900	4.96590e-02
0.64887	4.95266e-02
0.64876	4.93815e-02
0.64868	4.92243e-02
0.64862	4.90555e-02
0.64859	4.88754e-02
0.64861	4.86865e-02
0.64865	4.84862e-02
0.64871	4.82746e-02
0.64879	4.80517e-02
0.64889	4.78170e-02
0.64901	4.75700e-02
0.64915	4.73100e-02
0.64931	4.70361e-02
0.64950	4.67476e-02
0.64970	4.64437e-02
0.64992	4.61238e-02
0.65017	4.57874e-02
0.65044	4.54343e-02
0.65073	4.50645e-02
0.65104	4.46782e-02
0.65138	4.42762e-02
0.65174	4.38594e-02
0.65216	4.33805e-02
0.65260	4.28973e-02
0.65305	4.24098e-02
0.65353	4.19194e-02
0.65402	4.14278e-02
0.65454	4.09369e-02
0.65507	4.04488e-02
0.65562	3.99656e-02
0.65618	3.94891e-02
0.65676	3.90212e-02
0.65735	3.85656e-02
0.65795	3.81217e-02
0.65857	3.76911e-02
0.65919	3.72749e-02
0.65982	3.68743e-02
0.66047	3.64902e-02
0.66112	3.61236e-02
0.66177	3.57750e-02
0.66243	3.54451e-02
0.66310	3.51342e-02
0.66377	3.48428e-02
0.66444	3.45710e-02
0.66512	3.43191e-02
0.66579	3.40870e-02
0.66647	3.38748e-02
0.66714	3.36822e-02
0.66782	3.35090e-02
0.66849	3.33551e-02
0.66916	3.32200e-02
0.66982	3.31033e-02
0.67048	3.30046e-02
0.67113	3.29234e-02
0.67178	3.28591e-02
0.67249	3.27484e-02
0.67319	3.26687e-02
0.67386	3.26169e-02
0.67452	3.25905e-02
0.67516	3.25870e-02
0.67582	3.26574e-02
0.67649	3.27860e-02
0.67713	3.29060e-02
0.67774	3.30218e-02
0.67831	3.31368e-02
0.67886	3.32532e-02
0.67948	3.33119e-02
0.68005	3.33904e-02
0.68058	3.34846e-02
0.68107	3.35919e-02
0.68154	3.37108e-02
0.68199	3.38174e-02
0.68242	3.39403e-02
0.68281	3.40769e-02
0.68318	3.42254e-02
0.68352	3.43847e-02
0.68384	3.45542e-02
0.68413	3.47331e-02
0.68440	3.49208e-02
0.68464	3.51170e-02
0.68487	3.53210e-02
0.68506	3.55324e-02
0.68524	3.57507e-02
0.68539	3.59742e-02
0.68553	3.62041e-02
0.68564	3.64396e-02
0.68575	3.66662e-02
0.68583	3.68999e-02
0.68589	3.71392e-02
0.68594	3.73831e-02
0.68596	3.76306e-02
0.68597	3.78807e-02
0.68596	3.81325e-02
0.68593	3.83852e-02
0.68589	3.86379e-02
0.68583	3.88900e-02
0.68576	3.91409e-02
0.68568	3.93901e-02
0.68559	3.96374e-02
0.68548	3.98828e-02
0.68536	4.01265e-02
0.68523	4.03687e-02
0.68508	4.06102e-02
0.68491	4.08515e-02
0.68473	4.10935e-02
0.68454	4.13370e-02
0.68433	4.15831e-02
0.68410	4.18326e-02
0.68385	4.20865e-02
0.68359	4.23458e-02
0.68331	4.26115e-02
0.68301	4.28844e-02
0.68269	4.31655e-02
0.68236	4.34555e-02
0.68201	4.37554e-02
0.68164	4.40658e-02
0.68126	4.43873e-02
0.68086	4.47207e-02
0.68045	4.50663e-02
0.68002	4.54246e-02
0.67958	4.57959e-02
0.67931	4.64616e-02
0.67903	4.71246e-02
0.67870	4.77704e-02
0.67835	4.83940e-02
0.67796	4.89970e-02
0.67754	4.95841e-02
0.67711	5.01524e-02
0.67666	5.07152e-02
0.67619	5.12749e-02
0.67570	5.18331e-02
0.67521	5.23907e-02
0.67475	5.30479e-02
0.67428	5.36802e-02
0.67379	5.42964e-02
0.67329	5.49008e-02
0.67286	5.54728e-02
0.67241	5.60425e-02
0.67195	5.66090e-02
0.67148	5.71709e-02
0.67100	5.77271e-02
0.67051	5.82762e-02
0.67002	5.88169e-02
0.66953	5.93479e-02
0.66904	5.98680e-02
0.66855	6.03761e-02
0.66807	6.08708e-02
0.66759	6.13510e-02
0.66711	6.18156e-02
0.66665	6.22635e-02
0.66619	6.26936e-02
0.66574	6.31050e-02
0.66530	6.34967e-02
0.66488	6.38679e-02
0.66446	6.42177e-02
0.66412	6.44986e-02
0.66379	6.47634e-02
0.66348	6.50616e-02
0.66318	6.53303e-02
0.66289	6.55710e-02
0.66260	6.57845e-02
0.66232	6.59711e-02
0.66205	6.61313e-02
0.66179	6.62651e-02
0.66154	6.63728e-02
0.66130	6.64547e-02
0.66115	6.65959e-02
0.66100	6.67005e-02
0.66085	6.67706e-02
0.66070	6.68079e-02
0.66054	6.68137e-02
0.66047	6.68089e-02
0.66042	6.67815e-02
0.66037	6.67332e-02
0.66034	6.66652e-02
0.66031	6.65783e-02
0.66028	6.64730e-02
0.66025	6.63502e-02
0.66022	6.62105e-02
0.66018	6.60552e-02
0.66015	6.58856e-02
0.66011	6.57034e-02
0.66008	6.55102e-02
0.66005	6.53079e-02
0.66002	6.50983e-02
0.65999	6.48831e-02
0.66002	6.46179e-02
0.66005	6.43529e-02
0.66008	6.40889e-02
0.66011	6.38273e-02
0.66014	6.35687e-02
0.66016	6.33138e-02
0.66019	6.30631e-02
0.66022	6.28167e-02
0.66024	6.25748e-02
0.66027	6.23374e-02
0.66030	6.21043e-02
0.66032	6.18755e-02
0.66038	6.16290e-02
0.66043	6.13911e-02
0.66048	6.11599e-02
0.66053	6.09337e-02
0.66058	6.07113e-02
0.66065	6.04915e-02
0.66071	6.02731e-02
0.66079	6.00547e-02
0.66088	5.98351e-02
0.66098	5.96130e-02
0.66109	5.93873e-02
0.66122	5.91571e-02
0.66137	5.89217e-02
0.66153	5.86810e-02
0.66170	5.84353e-02
0.66189	5.81854e-02
0.66209	5.79324e-02
0.66230	5.76777e-02
0.66252	5.74228e-02
0.66275	5.71691e-02
0.66298	5.69176e-02
0.66321	5.66690e-02
0.66344	5.64236e-02
0.66366	5.61819e-02
0.66390	5.59264e-02
0.66414	5.56731e-02
0.66437	5.54211e-02
0.66460	5.51692e-02
0.66483	5.49163e-02
0.66505	5.46606e-02
0.66527	5.44021e-02
0.66548	5.41396e-02
0.66569	5.38721e-02
0.66590	5.35989e-02
0.66610	5.33193e-02
0.66631	5.30327e-02
0.66651	5.27386e-02
0.66672	5.24367e-02
0.66694	5.21081e-02
0.66716	5.17764e-02
0.66737	5.14400e-02
0.66759	5.10982e-02
0.66781	5.07505e-02
0.66803	5.03969e-02
0.66825	5.00374e-02
0.66847	4.96722e-02
0.66870	4.93018e-02
0.66893	4.89266e-02
0.66936	4.84160e-02
0.66979	4.78971e-02
0.67023	4.73839e-02
0.67064	4.68853e-02
0.67103	4.64040e-02
0.67140	4.59389e-02
0.67175	4.54879e-02
0.67209	4.50489e-02
0.67241	4.46203e-02
0.67274	4.42026e-02
0.67305	4.37936e-02
0.67343	4.34612e-02
0.67380	4.31354e-02
0.67417	4.28175e-02
0.67454	4.25080e-02
0.67490	4.22075e-02
0.67527	4.19165e-02
0.67563	4.16356e-02
0.67600	4.13652e-02
0.67636	4.11058e-02
0.67695	4.08214e-02
0.67752	4.05487e-02
0.67807	4.02840e-02
0.67859	4.00251e-02
0.67908	3.97711e-02
0.67958	3.95315e-02
0.68005	3.92933e-02
0.68053	3.90961e-02
0.68098	3.89005e-02
0.68142	3.87086e-02
0.68184	3.85220e-02
0.68225	3.83414e-02
0.68270	3.81860e-02
0.68314	3.80323e-02
0.68355	3.78816e-02
0.68395	3.77345e-02
0.68434	3.75911e-02
0.68486	3.72361e-02
0.68533	3.69501e-02
0.68577	3.67107e-02
0.68617	3.65025e-02
0.68655	3.63151e-02
0.68692	3.61418e-02
0.68727	3.59780e-02
0.68760	3.58207e-02
0.68793	3.56678e-02
0.68824	3.55177e-02
0.68854	3.53695e-02
0.68882	3.52221e-02
0.68914	3.50783e-02
0.68944	3.49333e-02
0.68971	3.47871e-02
0.68997	3.46397e-02
0.69022	3.44910e-02
0.69045	3.43412e-02
0.69066	3.41906e-02
0.69086	3.40393e-02
0.69105	3.38879e-02
0.69122	3.37369e-02
0.69138	3.35867e-02
0.69153	3.34382e-02
0.69166	3.32921e-02
0.69178	3.31492e-02
0.69189	3.30105e-02
0.69199	3.28771e-02
0.69207	3.27500e-02
0.69215	3.26305e-02
0.69221	3.25195e-02
0.69225	3.24185e-02
0.69229	3.23287e-02
0.69232	3.22513e-02
0.69233	3.21875e-02
0.69233	3.21387e-02
0.69233	3.21059e-02
0.69231	3.20902e-02
0.69236	3.22217e-02
0.69240	3.23536e-02
0.69241	3.24887e-02
0.69240	3.26295e-02
0.69237	3.27788e-02
0.69233	3.29393e-02
0.69229	3.31146e-02
0.69223	3.33050e-02
0.69215	3.35118e-02
0.69206	3.37361e-02
0.69197	3.39785e-02
0.69186	3.42395e-02
0.69174	3.45192e-02
0.69162	3.48175e-02
0.69148	3.51340e-02
0.69138	3.54443e-02
0.69126	3.57710e-02
0.69113	3.61137e-02
0.69100	3.64716e-02
0.69086	3.68441e-02
0.69071	3.72303e-02
0.69057	3.76306e-02
0.69041	3.80427e-02
0.69026	3.84659e-02
0.69010	3.88992e-02
0.68993	3.93418e-02
0.68976	3.97929e-02
0.68959	4.02516e-02
0.68942	4.07173e-02
0.68925	4.11890e-02
0.68908	4.16661e-02
0.68890	4.21480e-02
0.68873	4.26339e-02
0.68855	4.31234e-02
0.68838	4.36158e-02
0.68821	4.41108e-02
0.68806	4.46446e-02
0.68791	4.51763e-02
0.68776	4.57060e-02
0.68761	4.62337e-02
0.68746	4.67589e-02
0.68731	4.72816e-02
0.68716	4.78015e-02
0.68702	4.83186e-02
0.68687	4.88327e-02
0.68684	4.92368e-02
0.68679	4.96491e-02
0.68674	5.00683e-02
0.68668	5.04936e-02
0.68661	5.09241e-02
0.68655	5.13573e-02
0.68649	5.17951e-02
0.68643	5.22367e-02
0.68637	5.26815e-02
0.68631	5.31290e-02
0.68625	5.35788e-02
0.68619	5.40308e-02
0.68609	5.45001e-02
0.68600	5.49739e-02
0.68591	5.54524e-02
0.68582	5.59358e-02
0.68575	5.64243e-02
0.68568	5.69178e-02
0.68563	5.74163e-02
0.68559	5.79187e-02
0.68557	5.84238e-02
0.68557	5.89293e-02
0.68560	5.94318e-02
0.68566	5.99271e-02
0.68575	6.04106e-02
0.68589	6.08778e-02
0.68606	6.13257e-02
0.68627	6.17533e-02
0.68651	6.21625e-02
0.68679	6.25733e-02
0.68719	6.29756e-02
0.68758	6.34000e-02
0.68792	6.38045e-02
0.68821	6.41977e-02
0.68847	6.45739e-02
0.68870	6.49325e-02
0.68891	6.52727e-02
0.68911	6.55936e-02
0.68929	6.58941e-02
0.68947	6.61732e-02
0.68964	6.64300e-02
0.68981	6.66634e-02
0.68997	6.68727e-02
0.69014	6.70571e-02
0.69030	6.72160e-02
0.69047	6.73486e-02
0.69064	6.74545e-02
0.69081	6.75330e-02
0.69099	6.75836e-02
0.69117	6.76060e-02
0.69136	6.75998e-02
0.69155	6.75647e-02
0.69176	6.75007e-02
0.69197	6.74078e-02
0.69220	6.72862e-02
0.69243	6.71365e-02
0.69267	6.69594e-02
0.69296	6.67385e-02
0.69325	6.64974e-02
0.69355	6.62363e-02
0.69385	6.59564e-02
0.69421	6.55768e-02
0.69457	6.51992e-02
0.69491	6.48216e-02
0.69525	6.44435e-02
0.69558	6.40653e-02
0.69589	6.36870e-02
0.69619	6.33090e-02
0.69648	6.29311e-02
0.69675	6.25533e-02
0.69705	6.21361e-02
0.69732	6.17196e-02
0.69758	6.13019e-02
0.69783	6.08821e-02
0.69805	6.04598e-02
0.69827	6.00348e-02
0.69846	5.96070e-02
0.69876	5.92613e-02
0.69903	5.89026e-02
0.69927	5.85316e-02
0.69949	5.81492e-02
0.69968	5.77572e-02
0.69986	5.73576e-02
0.70002	5.69524e-02
0.70016	5.65437e-02
0.70030	5.61334e-02
0.70042	5.57232e-02
0.70053	5.53148e-02
0.70063	5.49095e-02
0.70073	5.45088e-02
0.70081	5.41138e-02
0.70090	5.37337e-02
0.70098	5.33573e-02
0.70105	5.29873e-02
0.70112	5.26253e-02
0.70121	5.23036e-02
0.70130	5.19894e-02
0.70138	5.16839e-02
0.70146	5.13882e-02
0.70153	5.11030e-02
0.70162	5.08168e-02
0.70170	5.05366e-02
0.70179	5.02611e-02
0.70189	4.99889e-02
0.70211	4.97265e-02
0.70245	4.94566e-02
0.70278	4.91847e-02
0.70312	4.89131e-02
0.70344	4.86458e-02
0.70376	4.83885e-02
0.70406	4.81463e-02
0.70434	4.79234e-02
0.70460	4.77219e-02
0.70483	4.75420e-02
0.70505	4.73826e-02
0.70525	4.72417e-02
0.70543	4.71171e-02
0.70559	4.70067e-02
0.70575	4.69086e-02
0.70589	4.68210e-02
0.70603	4.67425e-02
0.70615	4.66717e-02
0.70628	4.66077e-02
0.70640	4.65495e-02
0.70651	4.64961e-02
0.70663	4.64468e-02
0.70674	4.64011e-02
0.70685	4.63583e-02
0.70695	4.63179e-02
0.70706	4.62796e-02
0.70718	4.62306e-02
0.70730	4.61947e-02
0.70742	4.61589e-02
0.70753	4.61234e-02
0.70764	4.60884e-02
0.70775	4.60538e-02
0.70786	4.60196e-02
0.70797	4.59856e-02
0.70808	4.59520e-02
0.70818	4.59186e-02
0.70829	4.58855e-02
0.70839	4.58527e-02
0.70850	4.58202e-02
0.70861	4.57881e-02
0.70871	4.57565e-02
0.70882	4.57255e-02
0.70892	4.56950e-02
0.70903	4.56653e-02
0.70914	4.56363e-02
0.70924	4.56081e-02
0.70935	4.55808e-02
0.70946	4.55545e-02
0.70956	4.55291e-02
0.70967	4.55047e-02
0.70977	4.54813e-02
0.70988	4.54589e-02
0.70998	4.54375e-02
0.71023	4.52955e-02
0.71045	4.51625e-02
0.71067	4.50378e-02
0.71087	4.49212e-02
0.71114	4.48074e-02
0.71139	4.47048e-02
0.71163	4.46135e-02
0.71185	4.45333e-02
0.71206	4.44638e-02
0.71225	4.44048e-02
0.71242	4.43559e-02
0.71258	4.43164e-02
0.71273	4.42859e-02
0.71287	4.42611e-02
0.71300	4.42453e-02
0.71312	4.42375e-02
0.71322	4.42369e-02
0.71332	4.42428e-02
0.71340	4.42547e-02
0.71348	4.42719e-02
0.71355	4.42938e-02
0.71360	4.43201e-02
0.71366	4.43501e-02
0.71370	4.43836e-02
0.71374	4.44201e-02
0.71376	4.44593e-02
0.71379	4.45008e-02
0.71380	4.45445e-02
0.71381	4.45901e-02
0.71381	4.46374e-02
0.71381	4.46863e-02
0.71380	4.47368e-02
0.71378	4.47887e-02
0.71375	4.48420e-02
0.71379	4.49281e-02
0.71381	4.50065e-02
0.71380	4.50800e-02
0.71381	4.51972e-02
0.71382	4.53187e-02
0.71382	4.54451e-02
0.71381	4.55763e-02
0.71379	4.57121e-02
0.71378	4.58521e-02
0.71384	4.59542e-02
0.71389	4.60643e-02
0.71392	4.61813e-02
0.71396	4.62739e-02
0.71399	4.63828e-02
0.71400	4.65023e-02
0.71399	4.66292e-02
0.71397	4.67612e-02
0.71395	4.68967e-02
0.71392	4.70345e-02
0.71388	4.71735e-02
0.71383	4.73129e-02
0.71378	4.74517e-02
0.71372	4.75892e-02
0.71366	4.77246e-02
0.71360	4.78573e-02
0.71353	4.79864e-02
0.71346	4.81113e-02
0.71339	4.82314e-02
0.71332	4.83460e-02
0.71325	4.84560e-02
0.71318	4.85589e-02
0.71310	4.86544e-02
0.71304	4.87212e-02
0.71298	4.87818e-02
0.71292	4.88354e-02
0.71286	4.88811e-02
0.71280	4.89184e-02
0.71274	4.89466e-02
0.71268	4.89652e-02
0.71269	4.90145e-02
0.71270	4.90674e-02
0.71269	4.90988e-02
0.71268	4.91120e-02
0.71267	4.91088e-02
0.71265	4.90906e-02
0.71264	4.90581e-02
0.71262	4.90121e-02
0.71260	4.89530e-02
0.71259	4.88815e-02
0.71257	4.87981e-02
0.71256	4.87035e-02
0.71255	4.85982e-02
0.71255	4.84830e-02
0.71254	4.83586e-02
0.71254	4.82258e-02
0.71254	4.80854e-02
0.71267	4.77961e-02
0.71280	4.75084e-02
0.71291	4.72285e-02
0.71302	4.69617e-02
0.71311	4.67118e-02
0.71318	4.64805e-02
0.71323	4.62681e-02
0.71327	4.60737e-02
0.71330	4.58961e-02
0.71331	4.57339e-02
0.71340	4.55089e-02
0.71347	4.53053e-02
0.71353	4.51214e-02
0.71357	4.49563e-02
0.71361	4.48093e-02
0.71364	4.46793e-02
0.71366	4.45658e-02
0.71367	4.44683e-02
0.71368	4.43865e-02
0.71369	4.43201e-02
0.71369	4.42691e-02
0.71368	4.42331e-02
0.71368	4.42120e-02
0.71370	4.42023e-02
0.71372	4.42087e-02
0.71374	4.42309e-02
0.71375	4.42684e-02
0.71376	4.43207e-02
0.71377	4.43870e-02
0.71376	4.44666e-02
0.71376	4.45585e-02
0.71375	4.46619e-02
0.71373	4.47757e-02
0.71371	4.48991e-02
0.71368	4.50310e-02
0.71365	4.51704e-02
0.71362	4.53162e-02
0.71358	4.54673e-02
0.71354	4.56228e-02
0.71349	4.57816e-02
0.71344	4.59427e-02
0.71339	4.61051e-02
0.71333	4.62679e-02
0.71327	4.64300e-02
0.71321	4.65906e-02
0.71315	4.67489e-02
0.71308	4.69040e-02
0.71303	4.70631e-02
0.71297	4.72156e-02
0.71285	4.74260e-02
0.71273	4.76294e-02
0.71261	4.78257e-02
0.71248	4.80146e-02
0.71242	4.82057e-02
0.71234	4.83877e-02
0.71225	4.85602e-02
0.71215	4.87231e-02
0.71205	4.88760e-02
0.71194	4.90188e-02
0.71182	4.91514e-02
0.71171	4.92735e-02
0.71159	4.93850e-02
0.71147	4.94857e-02
0.71135	4.95754e-02
0.71123	4.96540e-02
0.71111	4.97213e-02
0.71099	4.97770e-02
0.71088	4.98209e-02
0.71077	4.98527e-02
0.71066	4.98718e-02
0.71056	4.98779e-02
0.71047	4.98704e-02
0.71038	4.98487e-02
0.71035	4.99025e-02
0.71032	4.99201e-02
0.71030	4.99071e-02
0.71030	4.98477e-02
0.71032	4.97604e-02
0.71036	4.96465e-02
0.71041	4.95078e-02
0.71049	4.93465e-02
0.71058	4.91651e-02
0.71069	4.89669e-02
0.71085	4.87555e-02
0.71104	4.85632e-02
0.71124	4.83587e-02
0.71144	4.81495e-02
0.71165	4.79415e-02
0.71184	4.77400e-02
0.71204	4.75494e-02
0.71222	4.73735e-02
0.71239	4.72154e-02
0.71254	4.70770e-02
0.71267	4.69595e-02
0.71279	4.68628e-02
0.71288	4.67861e-02
0.71295	4.67278e-02
0.71300	4.66861e-02
0.71303	4.66588e-02
0.71305	4.66439e-02
0.71306	4.66393e-02
0.71307	4.66859e-02
0.71307	4.67299e-02
0.71306	4.67724e-02
0.71304	4.68140e-02
0.71301	4.68544e-02
0.71297	4.68935e-02
0.71293	4.69310e-02
0.71289	4.69663e-02
0.71284	4.69990e-02
0.71285	4.69898e-02
0.71284	4.69884e-02
0.71282	4.69910e-02
0.71279	4.69947e-02
0.71286	4.68775e-02
0.71290	4.67872e-02
0.71293	4.67127e-02
0.71295	4.66471e-02
0.71296	4.65856e-02
0.71297	4.65250e-02
0.71297	4.64630e-02
0.71298	4.63979e-02
0.71299	4.63284e-02
0.71305	4.62317e-02
0.71310	4.61342e-02
0.71315	4.60341e-02
0.71321	4.59301e-02
0.71326	4.58212e-02
0.71331	4.57066e-02
0.71337	4.55857e-02
0.71343	4.54581e-02
0.71350	4.53235e-02
0.71357	4.51816e-02
0.71365	4.50323e-02
0.71373	4.48754e-02
0.71381	4.47111e-02
0.71391	4.45392e-02
0.71401	4.43599e-02
0.71411	4.41733e-02
0.71422	4.39794e-02
0.71434	4.37786e-02
0.71446	4.35708e-02
0.71459	4.33564e-02
0.71472	4.31357e-02
0.71486	4.29087e-02
0.71500	4.26759e-02
0.71515	4.24374e-02
0.71530	4.21936e-02
0.71546	4.19449e-02
0.71566	4.16870e-02
0.71587	4.14252e-02
0.71608	4.11598e-02
0.71629	4.08910e-02
0.71657	4.05054e-02
0.71684	4.01401e-02
0.71710	3.97902e-02
0.71736	3.94522e-02
0.71761	3.91234e-02
0.71785	3.88018e-02
0.71809	3.84860e-02
0.71833	3.81749e-02
0.71856	3.78677e-02
0.71879	3.75643e-02
0.71902	3.72644e-02
0.71925	3.69680e-02
0.71947	3.66752e-02
0.71969	3.63864e-02
0.71991	3.61020e-02
0.72012	3.58222e-02
0.72033	3.55477e-02
0.72054	3.52789e-02
0.72074	3.50165e-02
0.72094	3.47611e-02
0.72113	3.45134e-02
0.72131	3.42742e-02
0.72149	3.40441e-02
0.72167	3.38211e-02
0.72185	3.36099e-02
0.72201	3.34110e-02
0.72217	3.32252e-02
0.72232	3.30533e-02
0.72246	3.28960e-02
0.72260	3.27544e-02
0.72286	3.26019e-02
0.72317	3.25693e-02
0.72348	3.25728e-02
0.72376	3.26090e-02
0.72403	3.26730e-02
0.72428	3.27602e-02
0.72451	3.28669e-02
0.72472	3.29906e-02
0.72491	3.31297e-02
0.72507	3.32838e-02
0.72523	3.34532e-02
0.72536	3.36388e-02
0.72548	3.38416e-02
0.72558	3.40632e-02
0.72567	3.43050e-02
0.72574	3.45684e-02
0.72580	3.48549e-02
0.72585	3.51655e-02
0.72590	3.55115e-02
0.72594	3.58811e-02
0.72596	3.62759e-02
0.72598	3.66966e-02
0.72599	3.71436e-02
0.72598	3.76167e-02
0.72598	3.81156e-02
0.72596	3.86395e-02
0.72594	3.91873e-02
0.72595	3.97075e-02
0.72595	4.02636e-02
0.72594	4.08593e-02
0.72594	4.14962e-02
0.72591	4.21453e-02
0.72587	4.28071e-02
0.72581	4.34800e-02
0.72574	4.41621e-02
0.72566	4.48510e-02
0.72557	4.55446e-02
0.72548	4.62407e-02
0.72543	4.69163e-02
0.72538	4.75913e-02
0.72532	4.82594e-02
0.72526	4.89245e-02
0.72519	4.95849e-02
0.72511	5.02390e-02
0.72503	5.08850e-02
0.72494	5.15216e-02
0.72484	5.21475e-02
0.72474	5.27616e-02
0.72463	5.33630e-02
0.72452	5.39508e-02
0.72440	5.45245e-02
0.72428	5.50834e-02
0.72415	5.56271e-02
0.72402	5.61551e-02
0.72389	5.66669e-02
0.72375	5.71623e-02
0.72360	5.76407e-02
0.72346	5.81017e-02
0.72331	5.85450e-02
0.72315	5.89702e-02
0.72300	5.93780e-02
0.72284	5.97666e-02
0.72268	6.01357e-02
0.72252	6.04850e-02
0.72236	6.08143e-02
0.72220	6.11234e-02
0.72203	6.14204e-02
0.72186	6.16971e-02
0.72170	6.19534e-02
0.72153	6.21893e-02
0.72144	6.24069e-02
0.72132	6.25762e-02
0.72120	6.27198e-02
0.72107	6.28378e-02
0.72095	6.29300e-02
0.72082	6.29963e-02
0.72069	6.30368e-02
0.72057	6.30515e-02
0.72045	6.30409e-02
0.72033	6.30053e-02
0.72021	6.29453e-02
0.72010	6.28618e-02
0.71999	6.27557e-02
0.71989	6.26283e-02
0.71981	6.24808e-02
0.71974	6.23148e-02
0.71968	6.21319e-02
0.71965	6.19335e-02
0.71965	6.17213e-02
0.71968	6.14972e-02
0.71975	6.12632e-02
0.71986	6.10222e-02
0.72001	6.07782e-02
0.72027	6.04836e-02
0.72057	6.01986e-02
0.72090	5.99289e-02
0.72124	5.96791e-02
0.72160	5.94519e-02
0.72197	5.92476e-02
0.72233	5.90637e-02
0.72268	5.88962e-02
0.72301	5.87403e-02
0.72333	5.85916e-02
0.72363	5.84461e-02
0.72391	5.83009e-02
0.72418	5.81539e-02
0.72443	5.80039e-02
0.72467	5.78504e-02
0.72493	5.76654e-02
0.72518	5.74722e-02
0.72542	5.72702e-02
0.72566	5.70599e-02
0.72590	5.68419e-02
0.72614	5.66172e-02
0.72638	5.63864e-02
0.72662	5.61500e-02
0.72686	5.59087e-02
0.72709	5.56629e-02
0.72733	5.54131e-02
0.72757	5.51597e-02
0.72781	5.49032e-02
0.72805	5.46443e-02
0.72829	5.43837e-02
0.72853	5.41220e-02
0.72877	5.38600e-02
0.72901	5.35988e-02
0.72924	5.33390e-02
0.72951	5.30737e-02
0.72976	5.28121e-02
0.73010	5.26022e-02
0.73047	5.24573e-02
0.73085	5.22705e-02
0.73121	5.20741e-02
0.73154	5.18705e-02
0.73186	5.16621e-02
0.73216	5.14506e-02
0.73245	5.12375e-02
0.73271	5.10243e-02
0.73297	5.08136e-02
0.73320	5.06048e-02
0.73343	5.03969e-02
0.73364	5.01929e-02
0.73384	4.99933e-02
0.73402	4.97984e-02
0.73419	4.96085e-02
0.73434	4.94240e-02
0.73449	4.92451e-02
0.73462	4.90721e-02
0.73474	4.89052e-02
0.73484	4.87446e-02
0.73494	4.85906e-02
0.73502	4.84434e-02
0.73510	4.83032e-02
0.73516	4.81703e-02
0.73522	4.80450e-02
0.73526	4.79274e-02
0.73530	4.78179e-02
0.73532	4.77167e-02
0.73534	4.76240e-02
0.73535	4.75401e-02
0.73535	4.74654e-02
0.73534	4.73999e-02
0.73532	4.73439e-02
0.73530	4.72976e-02
0.73527	4.72612e-02
0.73523	4.72349e-02
0.73519	4.72198e-02
0.73514	4.72146e-02
0.73508	4.72196e-02
0.73502	4.72349e-02
0.73495	4.72604e-02
0.73490	4.73238e-02
0.73484	4.73941e-02
0.73477	4.74717e-02
0.73470	4.75569e-02
0.73462	4.76497e-02
0.73453	4.77501e-02
0.73445	4.78580e-02
0.73436	4.79733e-02
0.73426	4.80959e-02
0.73417	4.82254e-02
0.73407	4.83615e-02
0.73397	4.85039e-02
0.73386	4.86520e-02
0.73376	4.88055e-02
0.73370	4.89388e-02
0.73365	4.90695e-02
0.73364	4.91948e-02
0.73365	4.93137e-02
0.73369	4.94281e-02
0.73375	4.95420e-02
0.73382	4.96602e-02
0.73388	4.97863e-02
0.73395	4.99009e-02
0.73399	5.00289e-02
0.73401	5.01669e-02
0.73400	5.03117e-02
0.73397	5.04610e-02
0.73392	5.06125e-02
0.73386	5.07647e-02
0.73379	5.09163e-02
0.73390	5.08862e-02
0.73400	5.08697e-02
0.73409	5.08684e-02
0.73415	5.08832e-02
0.73421	5.09131e-02
0.73424	5.09562e-02
0.73427	5.10097e-02
0.73431	5.10374e-02
0.73435	5.10663e-02
0.73438	5.10941e-02
0.73442	5.11192e-02
0.73446	5.11405e-02
0.73451	5.11575e-02
0.73455	5.11701e-02
0.73461	5.11787e-02
0.73467	5.11836e-02
0.73473	5.11855e-02
0.73480	5.11847e-02
0.73488	5.11819e-02
0.73496	5.11775e-02
0.73504	5.11717e-02
0.73521	5.11123e-02
0.73539	5.10460e-02
0.73559	5.09730e-02
0.73580	5.08945e-02
0.73614	5.07966e-02
0.73647	5.07005e-02
0.73679	5.06080e-02
0.73714	5.05659e-02
0.73753	5.05707e-02
0.73789	5.05638e-02
0.73822	5.05490e-02
0.73852	5.05286e-02
0.73881	5.05043e-02
0.73908	5.04772e-02
0.73933	5.04482e-02
0.73958	5.04177e-02
0.73986	5.03893e-02
0.74012	5.03582e-02
0.74040	5.02805e-02
0.74066	5.02052e-02
0.74092	5.01321e-02
0.74117	5.00610e-02
0.74142	4.99923e-02
0.74166	4.99261e-02
0.74190	4.98627e-02
0.74214	4.98022e-02
0.74238	4.97449e-02
0.74262	4.96909e-02
0.74286	4.96405e-02
0.74311	4.96136e-02
0.74336	4.95830e-02
0.74360	4.95519e-02
0.74385	4.95222e-02
0.74409	4.94948e-02
0.74443	4.94246e-02
0.74476	4.93648e-02
0.74507	4.93141e-02
0.74538	4.92716e-02
0.74569	4.92367e-02
0.74598	4.92088e-02
0.74628	4.91874e-02
0.74657	4.91721e-02
0.74686	4.91622e-02
0.74715	4.91576e-02
0.74744	4.91576e-02
0.74773	4.91621e-02
0.74802	4.91705e-02
0.74832	4.91826e-02
0.74861	4.91980e-02
0.74890	4.92163e-02
0.74931	4.92036e-02
0.74971	4.91977e-02
0.75010	4.91978e-02
0.75048	4.92032e-02
0.75086	4.92130e-02
0.75122	4.92262e-02
0.75158	4.92420e-02
0.75193	4.92596e-02
0.75227	4.92781e-02
0.75261	4.92967e-02
0.75295	4.93146e-02
0.75329	4.93312e-02
0.75365	4.92824e-02
0.75404	4.92468e-02
0.75442	4.92186e-02
0.75478	4.91937e-02
0.75514	4.91695e-02
0.75551	4.91438e-02
0.75587	4.91155e-02
0.75622	4.90833e-02
0.75657	4.90464e-02
0.75691	4.90037e-02
0.75726	4.89546e-02
0.75760	4.88984e-02
0.75794	4.88342e-02
0.75827	4.87617e-02
0.75861	4.86801e-02
0.75894	4.85889e-02
0.75928	4.84877e-02
0.75961	4.83764e-02
0.75994	4.82539e-02
0.76027	4.81202e-02
0.76060	4.79750e-02
0.76092	4.78181e-02
0.76125	4.76495e-02
0.76157	4.74690e-02
0.76189	4.72764e-02
0.76222	4.70719e-02
0.76253	4.68555e-02
0.76285	4.66272e-02
0.76316	4.63871e-02
0.76348	4.61353e-02
0.76379	4.58722e-02
0.76410	4.55980e-02
0.76440	4.53131e-02
0.76471	4.50182e-02
0.76501	4.47140e-02
0.76532	4.44014e-02
0.76563	4.40819e-02
0.76594	4.37572e-02
0.76625	4.34295e-02
0.76658	4.31017e-02
0.76692	4.27773e-02
0.76727	4.24603e-02
0.76764	4.21544e-02
0.76802	4.18626e-02
0.76841	4.15862e-02
0.76881	4.13236e-02
0.76928	4.11730e-02
0.76971	4.09958e-02
0.77013	4.07985e-02
0.77050	4.05802e-02
0.77084	4.03434e-02
0.77114	4.00911e-02
0.77141	3.98266e-02
0.77166	3.95537e-02
0.77189	3.92758e-02
0.77209	3.89965e-02
0.77228	3.87186e-02
0.77245	3.84451e-02
0.77261	3.81783e-02
0.77275	3.79204e-02
0.77288	3.76732e-02
0.77300	3.74384e-02
0.77310	3.72174e-02
0.77319	3.70112e-02
0.77327	3.68210e-02
0.77334	3.66476e-02
0.77340	3.64914e-02
0.77345	3.63530e-02
0.77348	3.62329e-02
0.77350	3.61312e-02
0.77351	3.60478e-02
0.77351	3.59826e-02
0.77350	3.59353e-02
0.77347	3.59054e-02
0.77343	3.58924e-02
0.77338	3.58956e-02
0.77332	3.59141e-02
0.77324	3.59471e-02
0.77315	3.59933e-02
0.77305	3.60518e-02
0.77294	3.61213e-02
0.77281	3.62006e-02
0.77267	3.62883e-02
0.77252	3.63831e-02
0.77236	3.64836e-02
0.77218	3.65884e-02
0.77199	3.66960e-02
0.77178	3.68051e-02
0.77157	3.69144e-02
0.77134	3.70223e-02
0.77110	3.71277e-02
0.77085	3.72291e-02
0.77058	3.73255e-02
0.77030	3.74155e-02
0.77001	3.74982e-02
0.76971	3.75724e-02
0.76940	3.76373e-02
0.76908	3.76918e-02
0.76874	3.77352e-02
0.76840	3.77686e-02
0.76826	3.75652e-02
0.76815	3.73222e-02
0.76802	3.71065e-02
0.76786	3.69139e-02
0.76765	3.67525e-02
0.76741	3.66157e-02
0.76713	3.64960e-02
0.76682	3.63869e-02
0.76648	3.62833e-02
0.76613	3.61815e-02
0.76576	3.60788e-02
0.76538	3.59737e-02
0.76502	3.58815e-02
0.76467	3.57929e-02
0.76433	3.57104e-02
0.76399	3.56369e-02
0.76367	3.55749e-02
0.76339	3.54584e-02
0.76314	3.53392e-02
0.76289	3.52104e-02
0.76266	3.50640e-02
0.76243	3.48918e-02
0.76222	3.46771e-02
0.76202	3.44290e-02
0.76186	3.41654e-02
0.76169	3.38693e-02
0.76149	3.35574e-02
0.76128	3.32472e-02
0.76105	3.29553e-02
0.76079	3.26940e-02
0.76050	3.24712e-02
0.76019	3.22903e-02
0.75986	3.21513e-02
0.75951	3.20524e-02
0.75914	3.19906e-02
0.75876	3.19629e-02
0.75837	3.19664e-02
0.75798	3.19986e-02
0.75758	3.20571e-02
0.75718	3.21401e-02
0.75679	3.22460e-02
0.75639	3.23734e-02
0.75600	3.25208e-02
0.75561	3.26873e-02
0.75524	3.28715e-02
0.75487	3.30733e-02
0.75450	3.32900e-02
0.75415	3.35206e-02
0.75380	3.37640e-02
0.75347	3.40191e-02
0.75315	3.42846e-02
0.75284	3.45593e-02
0.75273	3.47835e-02
0.75269	3.50193e-02
0.75270	3.52805e-02
0.75271	3.55738e-02
0.75270	3.58946e-02
0.75267	3.62335e-02
0.75261	3.65815e-02
0.75254	3.69324e-02
0.75245	3.72828e-02
0.75236	3.76303e-02
0.75228	3.79735e-02
0.75219	3.83113e-02
0.75215	3.86900e-02
0.75210	3.90484e-02
0.75206	3.93906e-02
0.75203	3.97186e-02
0.75201	4.00335e-02
0.75200	4.03360e-02
0.75200	4.06264e-02
0.75201	4.09050e-02
0.75205	4.11583e-02
0.75210	4.14017e-02
0.75216	4.16350e-02
0.75224	4.18579e-02
0.75233	4.20706e-02
0.75243	4.22731e-02
0.75255	4.24656e-02
0.75268	4.26481e-02
0.75283	4.28211e-02
0.75298	4.29846e-02
0.75316	4.31392e-02
0.75334	4.32850e-02
0.75354	4.34226e-02
0.75375	4.35523e-02
0.75397	4.36744e-02
0.75420	4.37895e-02
0.75445	4.38980e-02
0.75471	4.40003e-02
0.75498	4.40969e-02
0.75526	4.41882e-02
0.75555	4.42746e-02
0.75585	4.43566e-02
0.75615	4.44345e-02
0.75647	4.45088e-02
0.75680	4.45797e-02
0.75713	4.46477e-02
0.75747	4.47131e-02
0.75788	4.48304e-02
0.75829	4.49448e-02
0.75877	4.50830e-02
0.75923	4.52133e-02
0.75969	4.53379e-02
0.76015	4.54579e-02
0.76061	4.55743e-02
0.76106	4.56875e-02
0.76152	4.57981e-02
0.76197	4.59063e-02
0.76242	4.60123e-02
0.76287	4.61162e-02
0.76332	4.62180e-02
0.76377	4.63176e-02
0.76421	4.64149e-02
0.76466	4.65098e-02
0.76510	4.66021e-02
0.76554	4.66916e-02
0.76606	4.67593e-02
0.76656	4.68266e-02
0.76706	4.69059e-02
0.76755	4.69886e-02
0.76804	4.70760e-02
0.76853	4.71722e-02
0.76903	4.72749e-02
0.76956	4.73551e-02
0.77009	4.74485e-02
0.77062	4.75508e-02
0.77113	4.76576e-02
0.77164	4.77643e-02
0.77214	4.78669e-02
0.77261	4.79619e-02
0.77307	4.80472e-02
0.77351	4.81216e-02
0.77393	4.81848e-02
0.77433	4.82370e-02
0.77472	4.82788e-02
0.77509	4.83110e-02
0.77544	4.83344e-02
0.77577	4.83498e-02
0.77609	4.83580e-02
0.77640	4.83597e-02
0.77669	4.83556e-02
0.77696	4.83464e-02
0.77723	4.83328e-02
0.77748	4.83153e-02
0.77773	4.83018e-02
0.77796	4.82841e-02
0.77818	4.82635e-02
0.77838	4.82407e-02
0.77857	4.82165e-02
0.77874	4.81915e-02
0.77890	4.81663e-02
0.77910	4.81631e-02
0.77928	4.81545e-02
0.77943	4.81425e-02
0.77956	4.81287e-02
0.77968	4.81142e-02
0.77978	4.81002e-02
0.77987	4.80872e-02
0.77994	4.80760e-02
0.78000	4.80671e-02
0.78004	4.80609e-02
0.78007	4.80577e-02
0.78009	4.80579e-02
0.78009	4.80615e-02
0.78009	4.80686e-02
0.78007	4.80794e-02
0.78004	4.80936e-02
0.77999	4.81113e-02
0.77994	4.81322e-02
0.77988	4.81560e-02
0.77980	4.81824e-02
0.77985	4.81514e-02
0.77988	4.81344e-02
0.77994	4.81636e-02
0.77996	4.81950e-02
0.77996	4.82278e-02
0.77993	4.82609e-02
0.77988	4.82930e-02
0.77981	4.83231e-02
0.77973	4.83503e-02
0.77964	4.83736e-02
0.77954	4.83924e-02
0.77942	4.84058e-02
0.77931	4.84132e-02
0.77930	4.85628e-02
0.77926	4.86680e-02
0.77919	4.87345e-02
0.77910	4.87676e-02
0.77899	4.87719e-02
0.77888	4.87517e-02
0.77875	4.87106e-02
0.77863	4.86513e-02
0.77850	4.85761e-02
0.77838	4.84865e-02
0.77826	4.83837e-02
0.77815	4.82684e-02
0.77804	4.81409e-02
0.77794	4.80014e-02
0.77787	4.78701e-02
0.77790	4.75956e-02
0.77793	4.73259e-02
0.77794	4.70603e-02
0.77794	4.67964e-02
0.77792	4.65309e-02
0.77790	4.62606e-02
0.77787	4.59826e-02
0.77783	4.56945e-02
0.77779	4.53945e-02
0.77774	4.50815e-02
0.77769	4.47548e-02
0.77763	4.44141e-02
0.77758	4.40595e-02
0.77752	4.36914e-02
0.77746	4.33105e-02
0.77741	4.29178e-02
0.77735	4.25144e-02
0.77740	4.21693e-02
0.77743	4.18080e-02
0.77746	4.14321e-02
0.77748	4.10434e-02
0.77750	4.06439e-02
0.77759	4.01447e-02
0.77765	3.96718e-02
0.77771	3.92105e-02
0.77775	3.87618e-02
0.77779	3.83237e-02
0.77783	3.78964e-02
0.77787	3.74808e-02
0.77791	3.70783e-02
0.77797	3.67300e-02
0.77803	3.63878e-02
0.77809	3.60578e-02
0.77816	3.57422e-02
0.77823	3.54459e-02
0.77830	3.51709e-02
0.77838	3.49194e-02
0.77846	3.46927e-02
0.77860	3.44980e-02
0.77874	3.43301e-02
0.77888	3.41898e-02
0.77902	3.40774e-02
0.77917	3.39934e-02
0.77932	3.39375e-02
0.77947	3.39095e-02
0.77963	3.39090e-02
0.77979	3.39353e-02
0.77996	3.39874e-02
0.78013	3.40643e-02
0.78031	3.41646e-02
0.78048	3.42870e-02
0.78066	3.44298e-02
0.78081	3.46476e-02
0.78096	3.48663e-02
0.78114	3.50778e-02
0.78134	3.52734e-02
0.78158	3.54474e-02
0.78185	3.55927e-02
0.78215	3.57087e-02
0.78249	3.57998e-02
0.78286	3.58746e-02
0.78324	3.59447e-02
0.78363	3.60207e-02
0.78402	3.61106e-02
0.78440	3.62179e-02
0.78476	3.63429e-02
0.78511	3.64830e-02
0.78544	3.66345e-02
0.78575	3.67934e-02
0.78605	3.69560e-02
0.78634	3.71187e-02
0.78662	3.72788e-02
0.78688	3.74340e-02
0.78714	3.75823e-02
0.78739	3.77225e-02
0.78763	3.78532e-02
0.78785	3.79738e-02
0.78808	3.80836e-02
0.78829	3.81822e-02
0.78849	3.82695e-02
0.78868	3.83454e-02
0.78887	3.84102e-02
0.78904	3.84640e-02
0.78921	3.85072e-02
0.78936	3.85405e-02
0.78952	3.85704e-02
0.78967	3.85905e-02
0.78981	3.86020e-02
0.79000	3.87486e-02
0.79017	3.88668e-02
0.79031	3.89615e-02
0.79044	3.90360e-02
0.79055	3.90940e-02
0.79063	3.91388e-02
0.79070	3.91735e-02
0.79076	3.92011e-02
0.79079	3.92243e-02
0.79081	3.92457e-02
0.79082	3.92676e-02
0.79081	3.92921e-02
0.79080	3.93152e-02
0.79077	3.93460e-02
0.79072	3.93859e-02
0.79066	3.94361e-02
0.79059	3.94980e-02
0.79050	3.95727e-02
0.79040	3.96613e-02
0.79028	3.97648e-02
0.79016	3.98840e-02
0.79002	4.00197e-02
0.78986	4.01723e-02
0.78970	4.03423e-02
0.78952	4.05301e-02
0.78933	4.07358e-02
0.78913	4.09594e-02
0.78892	4.12008e-02
0.78870	4.14598e-02
0.78847	4.17362e-02
0.78823	4.20293e-02
0.78798	4.23386e-02
0.78772	4.26632e-02
0.78746	4.30023e-02
0.78724	4.33665e-02
0.78701	4.37370e-02
0.78679	4.40756e-02
0.78655	4.44303e-02
0.78630	4.47976e-02
0.78603	4.51750e-02
0.78576	4.55608e-02
0.78547	4.59532e-02
0.78518	4.63505e-02
0.78499	4.68275e-02
0.78478	4.72977e-02
0.78456	4.77574e-02
0.78432	4.82076e-02
0.78406	4.86474e-02
0.78379	4.90764e-02
0.78351	4.94945e-02
0.78325	4.98713e-02
0.78298	5.02486e-02
0.78270	5.06219e-02
0.78240	5.09883e-02
0.78211	5.13455e-02
0.78181	5.16918e-02
0.78151	5.20255e-02
0.78121	5.23454e-02
0.78092	5.26504e-02
0.78063	5.29394e-02
0.78034	5.32115e-02
0.78006	5.34661e-02
0.77979	5.37024e-02
0.77953	5.39198e-02
0.77934	5.41752e-02
0.77914	5.43975e-02
0.77894	5.45900e-02
0.77874	5.47546e-02
0.77864	5.50187e-02
0.77857	5.52997e-02
0.77853	5.55929e-02
0.77852	5.58834e-02
0.77851	5.61505e-02
0.77850	5.63743e-02
0.77847	5.65407e-02
0.77843	5.66440e-02
0.77837	5.66853e-02
0.77831	5.66694e-02
0.77823	5.66032e-02
0.77816	5.64933e-02
0.77808	5.63458e-02
0.77801	5.61661e-02
0.77796	5.59584e-02
0.77791	5.57261e-02
0.77787	5.54721e-02
0.77785	5.51989e-02
0.77784	5.49084e-02
0.77784	5.46023e-02
0.77786	5.42822e-02
0.77789	5.39496e-02
0.77794	5.36059e-02
0.77801	5.32523e-02
0.77809	5.28900e-02
0.77819	5.25204e-02
0.77830	5.21447e-02
0.77843	5.17641e-02
0.77858	5.13799e-02
0.77874	5.09933e-02
0.77891	5.06056e-02
0.77910	5.02179e-02
0.77933	4.98614e-02
0.77956	4.94996e-02
0.77980	4.91366e-02
0.78006	4.87751e-02
0.78033	4.84172e-02
0.78060	4.80646e-02
0.78089	4.77188e-02
0.78120	4.73812e-02
0.78151	4.70529e-02
0.78183	4.67351e-02
0.78216	4.64287e-02
0.78251	4.61346e-02
0.78289	4.58349e-02
0.78327	4.55553e-02
0.78366	4.52938e-02
0.78405	4.50495e-02
0.78445	4.48222e-02
0.78485	4.46116e-02
0.78526	4.44176e-02
0.78567	4.42402e-02
0.78609	4.40792e-02
0.78651	4.39344e-02
0.78693	4.38055e-02
0.78736	4.36921e-02
0.78779	4.35939e-02
0.78822	4.35104e-02
0.78865	4.34410e-02
0.78908	4.33851e-02
0.78951	4.33419e-02
0.78995	4.33013e-02
0.79039	4.32743e-02
0.79082	4.32593e-02
0.79125	4.32549e-02
0.79167	4.32601e-02
0.79226	4.33354e-02
0.79279	4.34069e-02
0.79327	4.34605e-02
0.79371	4.35083e-02
0.79412	4.35518e-02
0.79451	4.35925e-02
0.79488	4.36320e-02
0.79524	4.36712e-02
0.79558	4.37103e-02
0.79605	4.39090e-02
0.79647	4.40770e-02
0.79694	4.41007e-02
0.79736	4.41163e-02
0.79774	4.41221e-02
0.79809	4.41192e-02
0.79841	4.41096e-02
0.79873	4.40999e-02
0.79902	4.40866e-02
0.79929	4.40712e-02
0.79954	4.40548e-02
0.79976	4.40381e-02
0.79997	4.40217e-02
0.80016	4.40062e-02
0.80033	4.39919e-02
0.80051	4.40066e-02
0.80066	4.40161e-02
0.80080	4.40230e-02
0.80092	4.40290e-02
0.80102	4.40351e-02
0.80111	4.40423e-02
0.80132	4.40299e-02
0.80152	4.40228e-02
0.80171	4.40230e-02
0.80188	4.40321e-02
0.80210	4.40779e-02
0.80227	4.41266e-02
0.80240	4.41803e-02
0.80250	4.42399e-02
0.80256	4.43061e-02
0.80259	4.43793e-02
0.80259	4.44599e-02
0.80257	4.45482e-02
0.80253	4.46445e-02
0.80246	4.47490e-02
0.80238	4.48617e-02
0.80227	4.49830e-02
0.80215	4.51128e-02
0.80211	4.52958e-02
0.80203	4.54762e-02
0.80191	4.56547e-02
0.80176	4.58324e-02
0.80157	4.60111e-02
0.80137	4.61922e-02
0.80115	4.63771e-02
0.80091	4.65664e-02
0.80065	4.67608e-02
0.80039	4.69604e-02
0.80011	4.71651e-02
0.79983	4.73747e-02
0.79954	4.75886e-02
0.79924	4.78064e-02
0.79893	4.80275e-02
0.79862	4.82512e-02
0.79831	4.84768e-02
0.79799	4.87037e-02
0.79766	4.89311e-02
0.79734	4.91581e-02
0.79701	4.93842e-02
0.79668	4.96085e-02
0.79634	4.98304e-02
0.79601	5.00491e-02
0.79567	5.02638e-02
0.79534	5.04740e-02
0.79500	5.06789e-02
0.79467	5.08780e-02
0.79433	5.10706e-02
0.79400	5.12561e-02
0.79367	5.14341e-02
0.79344	5.14392e-02
0.79319	5.14583e-02
0.79294	5.14895e-02
0.79268	5.15304e-02
0.79241	5.15783e-02
0.79214	5.16301e-02
0.79187	5.16831e-02
0.79160	5.17351e-02
0.79133	5.17839e-02
0.79107	5.18281e-02
0.79080	5.18663e-02
0.79054	5.18974e-02
0.79029	5.19206e-02
0.79004	5.19354e-02
0.78979	5.19411e-02
0.78956	5.19374e-02
0.78932	5.19241e-02
0.78913	5.18776e-02
0.78893	5.18244e-02
0.78880	5.17951e-02
0.78870	5.17740e-02
0.78863	5.17648e-02
0.78860	5.17686e-02
0.78860	5.17837e-02
0.78867	5.17892e-02
0.78872	5.17945e-02
0.78874	5.17853e-02
0.78874	5.17515e-02
0.78871	5.16876e-02
0.78866	5.15927e-02
0.78858	5.14689e-02
0.78859	5.14107e-02
0.78857	5.13197e-02
0.78858	5.11468e-02
0.78857	5.09536e-02
0.78855	5.07428e-02
0.78851	5.05167e-02
0.78848	5.02777e-02
0.78844	5.00276e-02
0.78839	4.97681e-02
0.78835	4.95006e-02
0.78830	4.92265e-02
0.78826	4.89466e-02
0.78822	4.86621e-02
0.78818	4.83736e-02
0.78814	4.80820e-02
0.78811	4.77987e-02
0.78808	4.75128e-02
0.78806	4.72249e-02
0.78804	4.69358e-02
0.78802	4.66461e-02
0.78800	4.63563e-02
0.78813	4.61416e-02
0.78823	4.59129e-02
0.78844	4.58125e-02
0.78862	4.56826e-02
0.78877	4.55282e-02
0.78889	4.53542e-02
0.78899	4.51651e-02
0.78907	4.49653e-02
0.78914	4.47582e-02
0.78920	4.45471e-02
0.78925	4.43343e-02
0.78929	4.41220e-02
0.78932	4.39120e-02
0.78936	4.37059e-02
0.78939	4.35049e-02
0.78941	4.33103e-02
0.78943	4.31232e-02
0.78945	4.29446e-02
0.78947	4.27753e-02
0.78948	4.26162e-02
0.78949	4.24682e-02
0.78950	4.23319e-02
0.78951	4.22081e-02
0.78952	4.20974e-02
0.78952	4.20004e-02
0.78953	4.19176e-02
0.78953	4.18496e-02
0.78953	4.17969e-02
0.78952	4.17598e-02
0.78952	4.17387e-02
0.78951	4.17339e-02
0.78950	4.17457e-02
0.78950	4.17743e-02
0.78948	4.18198e-02
0.78947	4.18823e-02
0.78946	4.19618e-02
0.78944	4.20583e-02
0.78947	4.21983e-02
0.78949	4.23501e-02
0.78951	4.25147e-02
0.78951	4.26924e-02
0.78951	4.28837e-02
0.78951	4.30885e-02
0.78951	4.33169e-02
0.78951	4.35541e-02
0.78950	4.38020e-02
0.78948	4.40609e-02
0.78947	4.43311e-02
0.78952	4.44979e-02
0.78958	4.46743e-02
0.78963	4.48574e-02
0.78969	4.50462e-02
0.78975	4.52399e-02
0.78982	4.54380e-02
0.78989	4.56399e-02
0.78996	4.58448e-02
0.79004	4.60520e-02
0.79012	4.62607e-02
0.79021	4.64701e-02
0.79031	4.66797e-02
0.79041	4.68888e-02
0.79052	4.70972e-02
0.79064	4.73049e-02
0.79077	4.75122e-02
0.79090	4.77200e-02
0.79105	4.79214e-02
0.79120	4.81279e-02
0.79135	4.83402e-02
0.79150	4.85596e-02
0.79165	4.87876e-02
0.79194	4.90897e-02
0.79223	4.94080e-02
0.79253	4.97413e-02
0.79283	5.00871e-02
0.79312	5.04419e-02
0.79340	5.08024e-02
0.79366	5.11654e-02
0.79391	5.15286e-02
0.79414	5.18907e-02
0.79435	5.22508e-02
0.79464	5.27225e-02
0.79496	5.31629e-02
0.79525	5.35983e-02
0.79552	5.40278e-02
0.79578	5.44513e-02
0.79602	5.48686e-02
0.79626	5.52797e-02
0.79649	5.56845e-02
0.79671	5.60828e-02
0.79693	5.64745e-02
0.79715	5.68592e-02
0.79742	5.71766e-02
0.79768	5.74889e-02
0.79794	5.77947e-02
0.79820	5.80936e-02
0.79846	5.83850e-02
0.79872	5.86686e-02
0.79898	5.89439e-02
0.79924	5.92104e-02
0.79950	5.94675e-02
0.79980	5.97526e-02
0.80009	6.00202e-02
0.80044	6.02056e-02
0.80083	6.03264e-02
0.80127	6.03900e-02
0.80173	6.04168e-02
0.80219	6.04319e-02
0.80262	6.04543e-02
0.80301	6.04924e-02
0.80337	6.05461e-02
0.80368	6.06113e-02
0.80398	6.06829e-02
0.80424	6.07563e-02
0.80449	6.08279e-02
0.80472	6.08950e-02
0.80494	6.09557e-02
0.80515	6.10087e-02
0.80535	6.10529e-02
0.80554	6.10878e-02
0.80572	6.11128e-02
0.80594	6.11467e-02
0.80614	6.11645e-02
0.80633	6.11681e-02
0.80650	6.11584e-02
0.80665	6.11362e-02
0.80680	6.11020e-02
0.80694	6.10562e-02
0.80707	6.09992e-02
0.80719	6.09312e-02
0.80730	6.08526e-02
0.80741	6.07660e-02
0.80751	6.06686e-02
0.80762	6.05799e-02
0.80771	6.04763e-02
0.80780	6.03604e-02
0.80788	6.02339e-02
0.80794	6.00980e-02
0.80800	5.99538e-02
0.80806	5.98023e-02
0.80810	5.96445e-02
0.80814	5.94813e-02
0.80817	5.93137e-02
0.80820	5.91425e-02
0.80822	5.89686e-02
0.80823	5.87931e-02
0.80823	5.86170e-02
0.80823	5.84412e-02
0.80822	5.82666e-02
0.80821	5.80944e-02
0.80819	5.79255e-02
0.80817	5.77610e-02
0.80814	5.76018e-02
0.80811	5.74430e-02
0.80808	5.72930e-02
0.80804	5.71524e-02
0.80799	5.70218e-02
0.80794	5.69020e-02
0.80788	5.67937e-02
0.80781	5.66974e-02
0.80774	5.66139e-02
0.80767	5.65438e-02
0.80759	5.64875e-02
0.80750	5.64454e-02
0.80741	5.64180e-02
0.80732	5.64056e-02
0.80723	5.64044e-02
0.80713	5.64196e-02
0.80703	5.64510e-02
0.80692	5.64980e-02
0.80681	5.65603e-02
0.80670	5.66375e-02
0.80658	5.67289e-02
0.80646	5.68340e-02
0.80633	5.69521e-02
0.80621	5.70823e-02
0.80608	5.72239e-02
0.80594	5.73758e-02
0.80581	5.75370e-02
0.80567	5.77065e-02
0.80553	5.78831e-02
0.80550	5.82887e-02
0.80546	5.86489e-02
0.80539	5.89811e-02
0.80530	5.92900e-02
0.80521	5.95789e-02
0.80525	5.99921e-02
0.80526	6.03629e-02
0.80524	6.06932e-02
0.80519	6.09866e-02
0.80513	6.12473e-02
0.80505	6.14792e-02
0.80496	6.16800e-02
0.80487	6.18615e-02
0.80477	6.20233e-02
0.80467	6.21652e-02
0.80457	6.22871e-02
0.80447	6.23887e-02
0.80438	6.24697e-02
0.80429	6.25298e-02
0.80420	6.25689e-02
0.80429	6.26916e-02
0.80437	6.27920e-02
0.80459	6.27396e-02
0.80477	6.26773e-02
0.80491	6.25982e-02
0.80501	6.24981e-02
0.80508	6.23749e-02
0.80516	6.22409e-02
0.80524	6.20938e-02
0.80534	6.19378e-02
0.80547	6.17762e-02
0.80562	6.16108e-02
0.80579	6.14397e-02
0.80597	6.12580e-02
0.80615	6.10586e-02
0.80631	6.08350e-02
0.80645	6.05826e-02
0.80657	6.03002e-02
0.80667	5.99886e-02
0.80675	5.96502e-02
0.80683	5.92921e-02
0.80689	5.89162e-02
0.80695	5.85256e-02
0.80701	5.81229e-02
0.80706	5.77106e-02
0.80712	5.72906e-02
0.80718	5.68647e-02
0.80725	5.64343e-02
0.80732	5.60004e-02
0.80739	5.55641e-02
0.80747	5.51261e-02
0.80756	5.46871e-02
0.80766	5.42478e-02
0.80778	5.38088e-02
0.80790	5.33715e-02
0.80804	5.29374e-02
0.80819	5.25088e-02
0.80835	5.20886e-02
0.80852	5.16804e-02
0.80871	5.12881e-02
0.80890	5.09156e-02
0.80910	5.05667e-02
0.80930	5.02445e-02
0.80950	4.99516e-02
0.80970	4.96898e-02
0.80989	4.94601e-02
0.81008	4.92630e-02
0.81027	4.90985e-02
0.81045	4.89660e-02
0.81062	4.88650e-02
0.81079	4.87943e-02
0.81095	4.87529e-02
0.81111	4.87252e-02
0.81127	4.87262e-02
0.81141	4.87537e-02
0.81155	4.88059e-02
0.81168	4.88809e-02
0.81180	4.89769e-02
0.81192	4.90922e-02
0.81202	4.92249e-02
0.81212	4.93733e-02
0.81221	4.95354e-02
0.81230	4.97095e-02
0.81237	4.98937e-02
0.81244	5.00863e-02
0.81252	5.02643e-02
0.81259	5.04450e-02
0.81266	5.06265e-02
0.81272	5.08069e-02
0.81277	5.09844e-02
0.81282	5.11572e-02
0.81287	5.13238e-02
0.81291	5.14825e-02
0.81294	5.16319e-02
0.81297	5.17706e-02
0.81300	5.18971e-02
0.81302	5.20103e-02
0.81304	5.21090e-02
0.81305	5.21922e-02
0.81306	5.22589e-02
0.81308	5.23211e-02
0.81309	5.23626e-02
0.81322	5.23486e-02
0.81333	5.23187e-02
0.81343	5.22719e-02
0.81351	5.22125e-02
0.81359	5.21331e-02
0.81365	5.20339e-02
0.81374	5.19108e-02
0.81382	5.17695e-02
0.81388	5.16097e-02
0.81409	5.11889e-02
0.81428	5.07639e-02
0.81444	5.03399e-02
0.81458	4.99192e-02
0.81471	4.95016e-02
0.81481	4.90857e-02
0.81490	4.86696e-02
0.81498	4.82517e-02
0.81504	4.78303e-02
0.81510	4.74045e-02
0.81514	4.69735e-02
0.81518	4.65368e-02
0.81521	4.60943e-02
0.81524	4.56462e-02
0.81527	4.51927e-02
0.81529	4.47341e-02
0.81538	4.43048e-02
0.81546	4.38678e-02
0.81552	4.34245e-02
0.81558	4.29758e-02
0.81563	4.25231e-02
0.81568	4.20678e-02
0.81572	4.16111e-02
0.81576	4.11544e-02
0.81579	4.06994e-02
0.81583	4.02472e-02
0.81586	3.97994e-02
0.81589	3.93573e-02
0.81593	3.89223e-02
0.81597	3.85007e-02
0.81601	3.80910e-02
0.81606	3.76948e-02
0.81611	3.73136e-02
0.81617	3.69483e-02
0.81624	3.66002e-02
0.81635	3.62988e-02
0.81647	3.60092e-02
0.81658	3.57342e-02
0.81669	3.54758e-02
0.81680	3.52352e-02
0.81706	3.51293e-02
0.81729	3.50269e-02
0.81751	3.49289e-02
0.81772	3.48367e-02
0.81792	3.47521e-02
0.81812	3.46773e-02
0.81831	3.46140e-02
0.81850	3.45635e-02
0.81869	3.45270e-02
0.81889	3.45050e-02
0.81909	3.44978e-02
0.81929	3.45056e-02
0.81950	3.45283e-02
0.81972	3.45655e-02
0.81994	3.46167e-02
0.82016	3.46816e-02
0.82039	3.47594e-02
0.82063	3.48496e-02
0.82088	3.49513e-02
0.82128	3.49355e-02
0.82165	3.49560e-02
0.82204	3.49727e-02
0.82240	3.50294e-02
0.82275	3.51149e-02
0.82308	3.52222e-02
0.82341	3.53466e-02
0.82373	3.54845e-02
0.82405	3.56333e-02
0.82437	3.57911e-02
0.82468	3.59561e-02
0.82499	3.61268e-02
0.82530	3.63022e-02
0.82561	3.64811e-02
0.82592	3.66627e-02
0.82627	3.68652e-02
0.82660	3.70624e-02
0.82692	3.72558e-02
0.82724	3.74457e-02
0.82755	3.76325e-02
0.82785	3.78162e-02
0.82815	3.79968e-02
0.82844	3.81741e-02
0.82873	3.83478e-02
0.82901	3.85179e-02
0.82928	3.86840e-02
0.82955	3.88459e-02
0.82980	3.90035e-02
0.83006	3.91564e-02
0.83030	3.93046e-02
0.83054	3.94479e-02
0.83098	3.95238e-02
0.83142	3.96128e-02
0.83185	3.97099e-02
0.83225	3.98102e-02
0.83263	3.99109e-02
0.83298	4.00073e-02
0.83330	4.00974e-02
0.83358	4.01805e-02
0.83384	4.02569e-02
0.83406	4.03273e-02
0.83433	4.03821e-02
0.83456	4.04340e-02
0.83477	4.04833e-02
0.83494	4.05305e-02
0.83509	4.05760e-02
0.83521	4.06203e-02
0.83531	4.06637e-02
0.83539	4.07067e-02
0.83545	4.07496e-02
0.83549	4.07928e-02
0.83551	4.08367e-02
0.83551	4.08816e-02
0.83549	4.09279e-02
0.83546	4.09759e-02
0.83540	4.10260e-02
0.83533	4.10786e-02
0.83525	4.11340e-02
0.83514	4.11926e-02
0.83503	4.12547e-02
0.83489	4.13207e-02
0.83474	4.13910e-02
0.83462	4.13830e-02
0.83449	4.13930e-02
0.83433	4.14184e-02
0.83415	4.14578e-02
0.83396	4.15099e-02
0.83375	4.15739e-02
0.83353	4.16489e-02
0.83330	4.17345e-02
0.83307	4.18095e-02
0.83283	4.18978e-02
0.83258	4.19978e-02
0.83231	4.21086e-02
0.83202	4.22295e-02
0.83173	4.23597e-02
0.83143	4.25003e-02
0.83112	4.26483e-02
0.83080	4.28034e-02
0.83048	4.29655e-02
0.83014	4.31340e-02
0.82980	4.33091e-02
0.82946	4.34894e-02
0.82911	4.36745e-02
0.82876	4.38637e-02
0.82841	4.40565e-02
0.82805	4.42521e-02
0.82770	4.44499e-02
0.82734	4.46490e-02
0.82699	4.48486e-02
0.82663	4.50480e-02
0.82628	4.52463e-02
0.82593	4.54426e-02
0.82558	4.56361e-02
0.82523	4.58259e-02
0.82489	4.60111e-02
0.82456	4.61908e-02
0.82438	4.65032e-02
0.82420	4.67999e-02
0.82400	4.70778e-02
0.82377	4.73631e-02
0.82353	4.76294e-02
0.82329	4.78772e-02
0.82304	4.81071e-02
0.82278	4.83200e-02
0.82253	4.85164e-02
0.82228	4.86967e-02
0.82203	4.88609e-02
0.82179	4.90085e-02
0.82156	4.91390e-02
0.82134	4.92516e-02
0.82113	4.93453e-02
0.82093	4.94187e-02
0.82075	4.94705e-02
0.82059	4.94994e-02
0.82060	4.94946e-02
0.82062	4.94668e-02
0.82064	4.94129e-02
0.82065	4.93295e-02
0.82066	4.92130e-02
0.82066	4.90605e-02
0.82067	4.88694e-02
0.82069	4.86379e-02
0.82073	4.83645e-02
0.82078	4.80484e-02
0.82086	4.76902e-02
0.82096	4.72915e-02
0.82121	4.69966e-02
0.82150	4.66493e-02
0.82182	4.62561e-02
0.82215	4.58277e-02
0.82252	4.53748e-02
0.82290	4.49079e-02
0.82330	4.44357e-02
0.82372	4.39644e-02
0.82416	4.35181e-02
0.82459	4.30733e-02
0.82500	4.26313e-02
0.82538	4.21923e-02
0.82574	4.17568e-02
0.82608	4.13258e-02
0.82644	4.08540e-02
0.82678	4.04030e-02
0.82710	3.99712e-02
0.82742	3.95585e-02
0.82778	3.92495e-02
0.82812	3.89397e-02
0.82845	3.86369e-02
0.82877	3.83465e-02
0.82908	3.80723e-02
0.82939	3.78173e-02
0.82969	3.75838e-02
0.82999	3.73737e-02
0.83028	3.71885e-02
0.83058	3.70293e-02
0.83087	3.68970e-02
0.83116	3.67922e-02
0.83144	3.67152e-02
0.83172	3.66662e-02
0.83217	3.68827e-02
0.83260	3.71022e-02
0.83300	3.73193e-02
0.83337	3.75305e-02
0.83373	3.77376e-02
0.83406	3.79431e-02
0.83438	3.81497e-02
0.83469	3.83783e-02
0.83498	3.86049e-02
0.83526	3.88330e-02
0.83552	3.90647e-02
0.83581	3.93267e-02
0.83606	3.95866e-02
0.83630	3.98455e-02
0.83651	4.01037e-02
0.83670	4.03616e-02
0.83688	4.06189e-02
0.83705	4.08755e-02
0.83720	4.11307e-02
0.83734	4.13839e-02
0.83747	4.16343e-02
0.83758	4.18811e-02
0.83771	4.21517e-02
0.83782	4.24071e-02
0.83791	4.26500e-02
0.83798	4.28818e-02
0.83804	4.31031e-02
0.83809	4.33139e-02
0.83813	4.35142e-02
0.83815	4.37039e-02
0.83817	4.38827e-02
0.83817	4.40503e-02
0.83816	4.42065e-02
0.83823	4.44666e-02
0.83827	4.46852e-02
0.83827	4.48678e-02
0.83825	4.50190e-02
0.83822	4.51336e-02
0.83816	4.52283e-02
0.83808	4.53053e-02
0.83799	4.53664e-02
0.83805	4.55245e-02
0.83804	4.56280e-02
0.83798	4.56843e-02
0.83788	4.57038e-02
0.83775	4.56963e-02
0.83760	4.56692e-02
0.83743	4.56279e-02
0.83725	4.55763e-02
0.83706	4.55171e-02
0.83687	4.54524e-02
0.83668	4.53838e-02
0.83648	4.53127e-02
0.83628	4.52402e-02
0.83608	4.51672e-02
0.83587	4.50948e-02
0.83567	4.50239e-02
0.83567	4.52143e-02
0.83563	4.53679e-02
0.83556	4.54789e-02
0.83546	4.55507e-02
0.83533	4.55916e-02
0.83519	4.56108e-02
0.83504	4.56161e-02
0.83489	4.56140e-02
0.83474	4.56092e-02
0.83459	4.56049e-02
0.83444	4.56036e-02
0.83430	4.56070e-02
0.83418	4.56288e-02
0.83408	4.56713e-02
0.83401	4.57430e-02
0.83397	4.58551e-02
0.83399	4.60204e-02
0.83406	4.62489e-02
0.83419	4.65401e-02
0.83437	4.68959e-02
0.83456	4.72648e-02
0.83474	4.76147e-02
0.83489	4.79242e-02
0.83501	4.81861e-02
0.83511	4.84042e-02
0.83521	4.85790e-02
0.83536	4.86609e-02
0.83549	4.87418e-02
0.83561	4.88209e-02
0.83574	4.88984e-02
0.83587	4.89739e-02
0.83600	4.90472e-02
0.83615	4.91175e-02
0.83630	4.91843e-02
0.83647	4.92466e-02
0.83666	4.93037e-02
0.83685	4.93547e-02
0.83706	4.93989e-02
0.83729	4.94355e-02
0.83753	4.94637e-02
0.83778	4.94829e-02
0.83805	4.94923e-02
0.83833	4.94915e-02
0.83863	4.94798e-02
0.83894	4.94569e-02
0.83926	4.94223e-02
0.83960	4.93756e-02
0.83995	4.93166e-02
0.84032	4.92450e-02
0.84070	4.91608e-02
0.84109	4.90638e-02
0.84165	4.90660e-02
0.84223	4.90641e-02
0.84281	4.90497e-02
0.84352	4.89965e-02
0.84423	4.89117e-02
0.84493	4.87935e-02
0.84562	4.86431e-02
0.84630	4.84639e-02
0.84696	4.82597e-02
0.84760	4.80343e-02
0.84822	4.77910e-02
0.84882	4.75324e-02
0.84941	4.72608e-02
0.84998	4.69782e-02
0.85054	4.66863e-02
0.85109	4.63865e-02
0.85163	4.60803e-02
0.85216	4.57690e-02
0.85269	4.54536e-02
0.85320	4.51354e-02
0.85372	4.48154e-02
0.85422	4.44947e-02
0.85472	4.41743e-02
0.85521	4.38553e-02
0.85570	4.35387e-02
0.85618	4.32254e-02
0.85665	4.29164e-02
0.85711	4.26127e-02
0.85756	4.23152e-02
0.85801	4.20205e-02
0.85849	4.17555e-02
0.85895	4.14923e-02
0.85938	4.12337e-02
0.85982	4.09732e-02
0.86024	4.07228e-02
0.86063	4.04833e-02
0.86100	4.02554e-02
0.86136	4.00396e-02
0.86169	3.98364e-02
0.86201	3.96464e-02
0.86244	3.92889e-02
0.86283	3.89633e-02
0.86320	3.86664e-02
0.86354	3.83963e-02
0.86384	3.81513e-02
0.86412	3.79296e-02
0.86438	3.77297e-02
0.86461	3.75500e-02
0.86481	3.73891e-02
0.86519	3.75399e-02
0.86551	3.76498e-02
0.86575	3.77055e-02
0.86593	3.77109e-02
0.86604	3.76787e-02
0.86611	3.76227e-02
0.86614	3.75538e-02
0.86613	3.74804e-02
0.86610	3.74080e-02
0.86604	3.73399e-02
0.86596	3.72780e-02
0.86585	3.72233e-02
0.86603	3.74827e-02
0.86618	3.77320e-02
0.86628	3.79663e-02
0.86634	3.81907e-02
0.86633	3.83890e-02
0.86626	3.85608e-02
0.86614	3.87077e-02
0.86597	3.88329e-02
0.86576	3.89401e-02
0.86551	3.90328e-02
0.86523	3.91143e-02
0.86493	3.91873e-02
0.86459	3.92538e-02
0.86425	3.93082e-02
0.86399	3.92329e-02
0.86370	3.91802e-02
0.86337	3.91443e-02
0.86307	3.90728e-02
0.86273	3.90221e-02
0.86237	3.89872e-02
0.86199	3.89650e-02
0.86159	3.89531e-02
0.86132	3.91613e-02
0.86100	3.93412e-02
0.86065	3.94900e-02
0.86026	3.96098e-02
0.85985	3.97052e-02
0.85941	3.97816e-02
0.85896	3.98445e-02
0.85850	3.98984e-02
0.85802	3.99469e-02
0.85755	3.99930e-02
0.85706	4.00388e-02
0.85658	4.00861e-02
0.85610	4.01363e-02
0.85562	4.01904e-02
0.85514	4.02491e-02
0.85467	4.03130e-02
0.85420	4.03827e-02
0.85374	4.04585e-02
0.85329	4.05407e-02
0.85284	4.06295e-02
0.85241	4.07251e-02
0.85198	4.08274e-02
0.85157	4.09365e-02
0.85116	4.10525e-02
0.85077	4.11751e-02
0.85039	4.13044e-02
0.85003	4.14402e-02
0.84968	4.15823e-02
0.84934	4.17305e-02
0.84902	4.18844e-02
0.84871	4.20440e-02
0.84842	4.22088e-02
0.84815	4.23785e-02
0.84789	4.25528e-02
0.84765	4.27313e-02
0.84742	4.29136e-02
0.84722	4.30994e-02
0.84703	4.32882e-02
0.84686	4.34797e-02
0.84670	4.36734e-02
0.84657	4.38688e-02
0.84645	4.40657e-02
0.84635	4.42636e-02
0.84627	4.44621e-02
0.84629	4.46085e-02
0.84636	4.47413e-02
0.84648	4.48623e-02
0.84677	4.50480e-02
0.84711	4.52471e-02
0.84747	4.54677e-02
0.84793	4.56474e-02
0.84836	4.58581e-02
0.84874	4.60910e-02
0.84908	4.63373e-02
0.84937	4.65898e-02
0.84964	4.68429e-02
0.84988	4.70929e-02
0.85028	4.71467e-02
0.85066	4.72095e-02
0.85102	4.72830e-02
0.85136	4.73700e-02
0.85169	4.74704e-02
0.85200	4.75824e-02
0.85230	4.77035e-02
0.85259	4.78313e-02
0.85288	4.79636e-02
0.85316	4.80986e-02
0.85344	4.82347e-02
0.85372	4.83708e-02
0.85400	4.85060e-02
0.85428	4.86397e-02
0.85456	4.87712e-02
0.85499	4.88163e-02
0.85540	4.88758e-02
0.85580	4.89477e-02
0.85618	4.90300e-02
0.85654	4.91202e-02
0.85689	4.92163e-02
0.85735	4.92007e-02
0.85782	4.91725e-02
0.85829	4.91352e-02
0.85876	4.90938e-02
0.85923	4.90541e-02
0.85968	4.90216e-02
0.86011	4.90000e-02
0.86051	4.89916e-02
0.86090	4.89971e-02
0.86126	4.90161e-02
0.86159	4.90474e-02
0.86190	4.90897e-02
0.86227	4.91019e-02
0.86263	4.91009e-02
0.86295	4.91227e-02
0.86324	4.91602e-02
0.86351	4.92096e-02
0.86375	4.92682e-02
0.86397	4.93345e-02
0.86418	4.94072e-02
0.86437	4.94855e-02
0.86454	4.95686e-02
0.86478	4.98034e-02
0.86499	5.00072e-02
0.86516	5.01885e-02
0.86531	5.03535e-02
0.86544	5.05068e-02
0.86554	5.06520e-02
0.86563	5.07918e-02
0.86570	5.09283e-02
0.86575	5.10627e-02
0.86579	5.11963e-02
0.86581	5.13296e-02
0.86582	5.14633e-02
0.86581	5.15976e-02
0.86578	5.17328e-02
0.86575	5.18691e-02
0.86570	5.20064e-02
0.86563	5.21449e-02
0.86556	5.22845e-02
0.86547	5.24251e-02
0.86536	5.25666e-02
0.86525	5.27110e-02
0.86512	5.28555e-02
0.86499	5.30002e-02
0.86484	5.31449e-02
0.86468	5.32896e-02
0.86451	5.34339e-02
0.86433	5.35778e-02
0.86414	5.37210e-02
0.86394	5.38634e-02
0.86374	5.40046e-02
0.86360	5.42475e-02
0.86344	5.44749e-02
0.86327	5.46876e-02
0.86308	5.48865e-02
0.86288	5.50727e-02
0.86266	5.52472e-02
0.86244	5.54113e-02
0.86220	5.55658e-02
0.86196	5.57116e-02
0.86184	5.58868e-02
0.86173	5.60635e-02
0.86163	5.62388e-02
0.86151	5.64084e-02
0.86137	5.65679e-02
0.86120	5.67142e-02
0.86101	5.68458e-02
0.86079	5.69625e-02
0.86063	5.70610e-02
0.86043	5.71475e-02
0.86020	5.72229e-02
0.86000	5.72575e-02
0.85977	5.72957e-02
0.85953	5.73340e-02
0.85927	5.73703e-02
0.85901	5.74033e-02
0.85875	5.74322e-02
0.85849	5.74564e-02
0.85833	5.74294e-02
0.85825	5.74602e-02
0.85817	5.74767e-02
0.85809	5.74802e-02
0.85800	5.74718e-02
0.85791	5.74525e-02
0.85781	5.74233e-02
0.85771	5.73851e-02
0.85761	5.73386e-02
0.85751	5.72846e-02
0.85741	5.72237e-02
0.85732	5.71563e-02
0.85723	5.70831e-02
0.85714	5.70046e-02
0.85706	5.69211e-02
0.85698	5.68333e-02
0.85691	5.67415e-02
0.85684	5.66463e-02
0.85678	5.65481e-02
0.85673	5.64474e-02
0.85669	5.63448e-02
0.85666	5.62403e-02
0.85663	5.61351e-02
0.85662	5.60294e-02
0.85663	5.58704e-02
0.85665	5.57235e-02
0.85668	5.55856e-02
0.85670	5.54551e-02
0.85673	5.53314e-02
0.85677	5.52141e-02
0.85681	5.51031e-02
0.85686	5.49984e-02
0.85692	5.49001e-02
0.85698	5.48084e-02
0.85704	5.47237e-02
0.85711	5.46462e-02
0.85719	5.45764e-02
0.85732	5.45768e-02
0.85745	5.45737e-02
0.85758	5.45701e-02
0.85770	5.45680e-02
0.85782	5.45690e-02
0.85795	5.45744e-02
0.85807	5.45853e-02
0.85826	5.44935e-02
0.85845	5.44109e-02
0.85864	5.43390e-02
0.85883	5.42766e-02
0.85905	5.42611e-02
0.85926	5.42464e-02
0.85948	5.42349e-02
0.85968	5.42276e-02
0.85989	5.42256e-02
0.86013	5.42834e-02
0.86045	5.43495e-02
0.86074	5.44099e-02
0.86100	5.44670e-02
0.86125	5.45229e-02
0.86148	5.45792e-02
0.86170	5.46372e-02
0.86192	5.46976e-02
0.86212	5.47609e-02
0.86232	5.48275e-02
0.86251	5.48974e-02
0.86270	5.49705e-02
0.86288	5.50466e-02
0.86306	5.51251e-02
0.86324	5.52058e-02
0.86341	5.52880e-02
0.86357	5.53712e-02
0.86374	5.54547e-02
0.86390	5.55379e-02
0.86408	5.56234e-02
0.86425	5.57060e-02
0.86441	5.57855e-02
0.86457	5.58613e-02
0.86472	5.59328e-02
0.86486	5.59994e-02
0.86501	5.60605e-02
0.86515	5.61154e-02
0.86528	5.61635e-02
0.86541	5.62043e-02
0.86554	5.62372e-02
0.86567	5.62615e-02
0.86580	5.62770e-02
0.86592	5.62829e-02
0.86604	5.62788e-02
0.86616	5.62644e-02
0.86628	5.62393e-02
0.86640	5.62032e-02
0.86651	5.61557e-02
0.86663	5.60968e-02
0.86674	5.60260e-02
0.86697	5.58905e-02
0.86720	5.57484e-02
0.86741	5.55993e-02
0.86762	5.54435e-02
0.86781	5.52806e-02
0.86800	5.51103e-02
0.86819	5.49322e-02
0.86852	5.45398e-02
0.86884	5.41562e-02
0.86913	5.37918e-02
0.86940	5.34516e-02
0.86964	5.31352e-02
0.86986	5.28391e-02
0.87005	5.25587e-02
0.87023	5.22891e-02
0.87040	5.20261e-02
0.87057	5.17850e-02
0.87074	5.15464e-02
0.87090	5.13085e-02
0.87107	5.10702e-02
0.87124	5.08307e-02
0.87141	5.05894e-02
0.87159	5.03461e-02
0.87176	5.01008e-02
0.87195	4.98537e-02
0.87213	4.96049e-02
0.87233	4.93548e-02
0.87253	4.91036e-02
0.87287	4.86977e-02
0.87321	4.83102e-02
0.87354	4.79430e-02
0.87386	4.75957e-02
0.87416	4.72669e-02
0.87446	4.69543e-02
0.87475	4.66558e-02
0.87504	4.63696e-02
0.87533	4.60936e-02
0.87561	4.58275e-02
0.87589	4.55704e-02
0.87618	4.53216e-02
0.87648	4.50766e-02
0.87677	4.48393e-02
0.87706	4.46092e-02
0.87735	4.43864e-02
0.87764	4.41706e-02
0.87793	4.39617e-02
0.87822	4.37598e-02
0.87851	4.35647e-02
0.87879	4.33764e-02
0.87908	4.31948e-02
0.87936	4.30199e-02
0.87978	4.26871e-02
0.88034	4.24756e-02
0.88087	4.22931e-02
0.88136	4.21331e-02
0.88186	4.20519e-02
0.88231	4.19757e-02
0.88274	4.19041e-02
0.88314	4.18367e-02
0.88351	4.17734e-02
0.88386	4.17140e-02
0.88419	4.16588e-02
0.88451	4.16076e-02
0.88482	4.15607e-02
0.88511	4.15182e-02
0.88539	4.14802e-02
0.88565	4.14467e-02
0.88591	4.14179e-02
0.88615	4.13940e-02
0.88638	4.13750e-02
0.88660	4.13612e-02
0.88680	4.13527e-02
0.88700	4.13498e-02
0.88718	4.13526e-02
0.88735	4.13614e-02
0.88750	4.13766e-02
0.88764	4.13983e-02
0.88777	4.14269e-02
0.88788	4.14627e-02
0.88798	4.15060e-02
0.88807	4.15573e-02
0.88813	4.16169e-02
0.88819	4.16852e-02
0.88822	4.17624e-02
0.88824	4.18491e-02
0.88825	4.19456e-02
0.88824	4.20522e-02
0.88821	4.21693e-02
0.88817	4.22973e-02
0.88810	4.24364e-02
0.88803	4.25870e-02
0.88793	4.27492e-02
0.88782	4.29234e-02
0.88769	4.31098e-02
0.88770	4.32624e-02
0.88768	4.34364e-02
0.88763	4.36316e-02
0.88755	4.38469e-02
0.88759	4.43501e-02
0.88759	4.48435e-02
0.88764	4.53025e-02
0.88763	4.57449e-02
0.88756	4.61704e-02
0.88743	4.65813e-02
0.88726	4.69812e-02
0.88704	4.73737e-02
0.88680	4.77621e-02
0.88653	4.81407e-02
0.88623	4.85222e-02
0.88591	4.89074e-02
0.88558	4.92968e-02
0.88522	4.96909e-02
0.88484	5.00897e-02
0.88445	5.04931e-02
0.88405	5.09008e-02
0.88364	5.13123e-02
0.88326	5.18088e-02
0.88285	5.22793e-02
0.88242	5.27313e-02
0.88198	5.31696e-02
0.88152	5.35976e-02
0.88106	5.40177e-02
0.88058	5.44315e-02
0.88010	5.48398e-02
0.87962	5.52437e-02
0.87913	5.56425e-02
0.87864	5.60361e-02
0.87815	5.64242e-02
0.87777	5.67573e-02
0.87737	5.70910e-02
0.87697	5.74233e-02
0.87656	5.77524e-02
0.87625	5.81292e-02
0.87596	5.85162e-02
0.87570	5.89120e-02
0.87559	5.93385e-02
0.87545	5.97562e-02
0.87526	6.01561e-02
0.87504	6.05312e-02
0.87478	6.08775e-02
0.87452	6.11890e-02
0.87425	6.14699e-02
0.87397	6.17214e-02
0.87370	6.19456e-02
0.87343	6.21444e-02
0.87318	6.23196e-02
0.87294	6.24726e-02
0.87274	6.26049e-02
0.87263	6.27373e-02
0.87256	6.28552e-02
0.87253	6.29605e-02
0.87270	6.27698e-02
0.87290	6.25902e-02
0.87310	6.24402e-02
0.87329	6.23227e-02
0.87346	6.22354e-02
0.87362	6.21727e-02
0.87376	6.21272e-02
0.87389	6.20910e-02
0.87401	6.20572e-02
0.87411	6.20199e-02
0.87421	6.19745e-02
0.87430	6.19180e-02
0.87439	6.18485e-02
0.87448	6.17648e-02
0.87458	6.16666e-02
0.87469	6.15538e-02
0.87481	6.14267e-02
0.87494	6.12858e-02
0.87509	6.11315e-02
0.87525	6.09645e-02
0.87543	6.07854e-02
0.87562	6.05946e-02
0.87584	6.03859e-02
0.87608	6.01674e-02
0.87633	5.99393e-02
0.87660	5.97019e-02
0.87688	5.94557e-02
0.87719	5.92009e-02
0.87750	5.89381e-02
0.87784	5.86678e-02
0.87819	5.83903e-02
0.87856	5.81061e-02
0.87894	5.78157e-02
0.87934	5.75195e-02
0.87976	5.72240e-02
0.88020	5.69221e-02
0.88064	5.66147e-02
0.88110	5.63022e-02
0.88156	5.59854e-02
0.88203	5.56647e-02
0.88251	5.53407e-02
0.88300	5.50137e-02
0.88350	5.46842e-02
0.88400	5.43526e-02
0.88450	5.40193e-02
0.88502	5.36845e-02
0.88553	5.33488e-02
0.88616	5.31449e-02
0.88677	5.29181e-02
0.88736	5.26710e-02
0.88794	5.24065e-02
0.88851	5.21278e-02
0.88907	5.18380e-02
0.88962	5.15399e-02
0.89016	5.12358e-02
0.89069	5.09276e-02
0.89121	5.06169e-02
0.89173	5.03051e-02
0.89223	4.99930e-02
0.89273	4.96816e-02
0.89322	4.93714e-02
0.89370	4.90630e-02
0.89417	4.87570e-02
0.89463	4.84537e-02
0.89510	4.81409e-02
0.89556	4.78268e-02
0.89601	4.75103e-02
0.89646	4.71898e-02
0.89691	4.68635e-02
0.89737	4.65298e-02
0.89782	4.61876e-02
0.89828	4.58370e-02
0.89875	4.54797e-02
0.89921	4.51196e-02
0.89966	4.47619e-02
0.90019	4.43735e-02
0.90067	4.40053e-02
0.90121	4.36761e-02
0.90168	4.33645e-02
0.90208	4.30708e-02
0.90250	4.28761e-02
0.90288	4.27132e-02
0.90323	4.25834e-02
0.90355	4.24869e-02
0.90385	4.24224e-02
0.90413	4.23869e-02
0.90438	4.23753e-02
0.90460	4.23813e-02
0.90480	4.23978e-02
0.90510	4.23680e-02
0.90534	4.23528e-02
0.90552	4.23459e-02
0.90564	4.23433e-02
0.90571	4.23433e-02
0.90574	4.23455e-02
0.90572	4.23504e-02
0.90567	4.23593e-02
0.90573	4.24532e-02
0.90574	4.25397e-02
0.90570	4.26199e-02
0.90577	4.25043e-02
0.90577	4.24183e-02
0.90572	4.23620e-02
0.90561	4.23338e-02
0.90545	4.23311e-02
0.90525	4.23511e-02
0.90502	4.23910e-02
0.90477	4.24486e-02
0.90448	4.25219e-02
0.90417	4.26094e-02
0.90385	4.27099e-02
0.90350	4.28192e-02
0.90314	4.29398e-02
0.90276	4.30720e-02
0.90237	4.32166e-02
0.90198	4.33754e-02
0.90158	4.35517e-02
0.90119	4.37507e-02
0.90080	4.39797e-02
0.90042	4.42482e-02
0.90007	4.45659e-02
0.89975	4.49395e-02
0.89957	4.52358e-02
0.89942	4.55591e-02
0.89930	4.58968e-02
0.89918	4.62361e-02
0.89903	4.65672e-02
0.89888	4.68683e-02
0.89867	4.71622e-02
0.89842	4.74478e-02
0.89812	4.77256e-02
0.89779	4.79960e-02
0.89750	4.83651e-02
0.89716	4.86859e-02
0.89680	4.89689e-02
0.89641	4.92218e-02
0.89602	4.94507e-02
0.89561	4.96603e-02
0.89520	4.98540e-02
0.89480	5.00342e-02
0.89439	5.02025e-02
0.89400	5.03598e-02
0.89361	5.05068e-02
0.89323	5.06439e-02
0.89287	5.07712e-02
0.89251	5.08887e-02
0.89217	5.09963e-02
0.89184	5.10940e-02
0.89153	5.11815e-02
0.89122	5.12587e-02
0.89094	5.13254e-02
0.89067	5.13815e-02
0.89041	5.14270e-02
0.89017	5.14616e-02
0.88995	5.14853e-02
0.88974	5.14980e-02
0.88955	5.14998e-02
0.88937	5.14906e-02
0.87862	4.26671e-02
0.87846	4.25813e-02
0.87832	4.24860e-02
0.87820	4.23814e-02
0.87809	4.22678e-02
0.87801	4.21452e-02
0.87809	4.21175e-02
0.87824	4.21158e-02
0.87843	4.21361e-02
0.87866	4.21649e-02
0.87889	4.21833e-02
0.87913	4.21767e-02
0.87935	4.21321e-02
0.87955	4.20482e-02
0.87972	4.19290e-02
0.87989	4.17807e-02
0.88005	4.16093e-02
0.88021	4.14204e-02
0.88038	4.12182e-02
0.88067	4.08817e-02
0.88094	4.05703e-02
0.88121	4.02766e-02
0.88147	3.99963e-02
0.88173	3.97266e-02
0.88200	3.94660e-02
0.88226	3.92135e-02
0.88254	3.89686e-02
0.88281	3.87312e-02
0.88310	3.85014e-02
0.88339	3.82795e-02
0.88368	3.80658e-02
0.88398	3.78607e-02
0.88429	3.76647e-02
0.88460	3.74783e-02
0.88492	3.73020e-02
0.88524	3.71362e-02
0.88557	3.69815e-02
0.88589	3.68383e-02
0.88622	3.67070e-02
0.88659	3.66235e-02
0.88696	3.65620e-02
0.88734	3.65362e-02
0.88788	3.64159e-02
0.88842	3.64047e-02
0.88898	3.65302e-02
0.88955	3.68078e-02
0.89016	3.72271e-02
0.89077	3.77432e-02
0.89136	3.82873e-02
0.89191	3.87945e-02
0.89241	3.92263e-02
0.89285	3.95738e-02
0.89325	3.98471e-02
0.89360	4.00635e-02
0.89392	4.02400e-02
0.89422	4.03903e-02
0.89450	4.05248e-02
0.89477	4.06506e-02
0.89502	4.07725e-02
0.89526	4.08938e-02
0.89550	4.10166e-02
0.89572	4.11422e-02
0.89593	4.12715e-02
0.89614	4.14048e-02
0.89639	4.15292e-02
0.89663	4.16602e-02
0.89685	4.17973e-02
0.89706	4.19401e-02
0.89725	4.20879e-02
0.89744	4.22403e-02
0.88662	3.05995e-02
0.88680	3.09095e-02
0.88697	3.12187e-02
0.88713	3.15269e-02
0.88727	3.18337e-02
0.88741	3.21386e-02
0.88760	3.25050e-02
0.88776	3.28537e-02
0.88790	3.31887e-02
0.88803	3.35125e-02
0.88813	3.38271e-02
0.88822	3.41337e-02
0.88830	3.44336e-02
0.88837	3.47273e-02
0.88843	3.50155e-02
0.88847	3.52986e-02
0.88851	3.55769e-02
0.88854	3.58506e-02
0.88856	3.61198e-02
0.88857	3.63849e-02
0.88857	3.66458e-02
0.88857	3.69026e-02
0.88855	3.71556e-02
0.88853	3.74046e-02
0.88864	3.76745e-02
0.88871	3.79377e-02
0.88876	3.81944e-02
0.88878	3.84446e-02
0.88878	3.86888e-02
0.88877	3.89273e-02
0.88874	3.91606e-02
0.88871	3.93889e-02
0.88866	3.96125e-02
0.88860	3.98316e-02
0.88853	4.00462e-02
0.88846	4.02565e-02
0.88867	4.06118e-02
0.88884	4.09751e-02
0.88896	4.13189e-02
0.88900	4.16248e-02
0.88897	4.18879e-02
0.88897	4.20990e-02
0.88891	4.22869e-02
0.88881	4.24560e-02
0.88871	4.26190e-02
0.88858	4.27679e-02
0.88844	4.29056e-02
0.88828	4.30336e-02
0.88811	4.31529e-02
0.88793	4.32643e-02
0.88775	4.33679e-02
0.88756	4.34640e-02
0.88738	4.35525e-02
0.88718	4.36335e-02
0.88699	4.37068e-02
0.88680	4.37723e-02
0.88661	4.38299e-02
0.88642	4.38793e-02
0.88622	4.39206e-02
0.88603	4.39534e-02
0.88584	4.39776e-02
0.88584	4.38558e-02
0.88582	4.37437e-02
0.88577	4.36391e-02
0.88570	4.35396e-02
0.88561	4.34426e-02
0.88552	4.33459e-02
0.88541	4.32472e-02
0.88529	4.31449e-02
0.88529	4.31436e-02
0.88527	4.31252e-02
0.88524	4.30896e-02
0.88536	4.27061e-02
0.88551	4.22744e-02
0.88569	4.18211e-02
0.88589	4.13826e-02
0.88611	4.09937e-02
0.88633	4.06791e-02
0.88655	4.04492e-02
0.88677	4.02993e-02
0.88697	4.02131e-02
0.88714	4.01681e-02
0.88729	4.01416e-02
0.88760	4.01930e-02
0.88788	4.02366e-02
0.88811	4.02608e-02
0.88830	4.02580e-02
0.88844	4.02240e-02
0.88855	4.01574e-02
0.88862	4.00590e-02
0.88866	3.99312e-02
0.88867	3.97768e-02
0.88867	3.95987e-02
0.88866	3.93999e-02
0.88879	3.90082e-02
0.88888	3.86380e-02
0.88894	3.82831e-02
0.88898	3.79392e-02
0.88900	3.76026e-02
0.88901	3.72704e-02
0.88902	3.69402e-02
0.88901	3.66107e-02
0.88901	3.62807e-02
0.88900	3.59496e-02
0.88899	3.56171e-02
0.88899	3.52832e-02
0.88898	3.49477e-02
0.88898	3.46109e-02
0.88898	3.42730e-02
0.88899	3.39344e-02
0.88899	3.35953e-02
0.88901	3.32563e-02
0.88902	3.29176e-02
0.88904	3.25798e-02
0.88906	3.22433e-02
0.88909	3.19086e-02
0.88912	3.15760e-02
0.88916	3.12460e-02
0.88920	3.09192e-02
0.88925	3.05958e-02
0.88930	3.02764e-02
0.88935	2.99613e-02
0.88941	2.96510e-02
0.88947	2.93457e-02
0.88954	2.90458e-02
0.88961	2.87517e-02
0.88969	2.84636e-02
0.88977	2.81819e-02
0.88985	2.79066e-02
0.88994	2.76382e-02
0.89004	2.73767e-02
0.89014	2.71222e-02
0.89024	2.68750e-02
0.89035	2.66351e-02
0.89046	2.64024e-02
0.89058	2.61772e-02
0.89070	2.59593e-02
0.89082	2.57487e-02
0.89111	2.57322e-02
0.89138	2.57069e-02
0.89164	2.56756e-02
0.89209	2.54567e-02
0.89254	2.52431e-02
0.89297	2.50417e-02
0.89339	2.48577e-02
0.89378	2.46936e-02
0.89416	2.45497e-02
0.89452	2.44250e-02
0.89486	2.43178e-02
0.89519	2.42262e-02
0.89552	2.41483e-02
0.89583	2.40825e-02
0.89614	2.40273e-02
0.89644	2.39815e-02
0.89675	2.39441e-02
0.89705	2.39141e-02
0.89735	2.38909e-02
0.89765	2.38737e-02
0.89794	2.38620e-02
0.89824	2.38553e-02
0.89854	2.38532e-02
0.89885	2.38489e-02
0.89916	2.38507e-02
0.89946	2.38573e-02
0.89976	2.38680e-02
0.90006	2.38824e-02
0.90042	2.38175e-02
0.90076	2.37693e-02
0.90110	2.37345e-02
0.90142	2.37108e-02
0.90174	2.36969e-02
0.90205	2.36915e-02
0.90236	2.36935e-02
0.90280	2.36880e-02
0.90320	2.36962e-02
0.90358	2.37150e-02
0.90393	2.37423e-02
0.90426	2.37767e-02
0.90457	2.38174e-02
0.90486	2.38641e-02
0.90514	2.39164e-02
0.90548	2.38764e-02
0.90579	2.38628e-02
0.90630	2.37421e-02
0.90672	2.36860e-02
0.90708	2.36810e-02
0.90739	2.37144e-02
0.90765	2.37761e-02
0.90788	2.38591e-02
0.90808	2.39585e-02
0.90827	2.40712e-02
0.90844	2.41949e-02
0.90859	2.43282e-02
0.90885	2.43951e-02
0.90930	2.45175e-02
0.90973	2.46458e-02
0.91013	2.47776e-02
0.91049	2.49108e-02
0.91082	2.50436e-02
0.91112	2.51751e-02
0.91139	2.53050e-02
0.91162	2.54338e-02
0.91183	2.55622e-02
0.91202	2.56911e-02
0.91219	2.58182e-02
0.91235	2.59447e-02
0.91250	2.60699e-02
0.91265	2.61922e-02
0.91279	2.63092e-02
0.91295	2.64171e-02
0.91313	2.65117e-02
0.91333	2.65897e-02
0.91358	2.66510e-02
0.91387	2.67018e-02
0.91418	2.67543e-02
0.91450	2.68222e-02
0.91478	2.69135e-02
0.91502	2.70279e-02
0.91533	2.70829e-02
0.91557	2.72061e-02
0.91574	2.73530e-02
0.91584	2.75163e-02
0.91590	2.76913e-02
0.91593	2.78746e-02
0.91594	2.80643e-02
0.91592	2.82586e-02
0.91589	2.84566e-02
0.91584	2.86572e-02
0.91579	2.88598e-02
0.91572	2.90637e-02
0.91565	2.92684e-02
0.91557	2.94733e-02
0.91548	2.96780e-02
0.91538	2.98820e-02
0.91528	3.00850e-02
0.91516	3.02864e-02
0.91505	3.04860e-02
0.91492	3.06833e-02
0.91479	3.08781e-02
0.91466	3.10699e-02
0.91452	3.12586e-02
0.91437	3.14437e-02
0.91437	3.15926e-02
0.91434	3.17489e-02
0.91428	3.19097e-02
0.91419	3.20726e-02
0.91409	3.22355e-02
0.91397	3.23970e-02
0.91384	3.25560e-02
0.91369	3.27116e-02
0.91354	3.28633e-02
0.91337	3.30107e-02
0.91320	3.31535e-02
0.91302	3.32913e-02
0.91284	3.34240e-02
0.91265	3.35514e-02
0.91274	3.36355e-02
0.91282	3.37349e-02
0.91289	3.38502e-02
0.91292	3.39774e-02
0.91291	3.41101e-02
0.91286	3.42428e-02
0.91277	3.43716e-02
0.91266	3.44948e-02
0.91258	3.46697e-02
0.91247	3.48272e-02
0.91234	3.49704e-02
0.91220	3.51011e-02
0.91205	3.52207e-02
0.91189	3.53305e-02
0.91173	3.54313e-02
0.91156	3.55238e-02
0.91139	3.56086e-02
0.91122	3.56862e-02
0.91104	3.57569e-02
0.91087	3.58209e-02
0.91069	3.58785e-02
0.91052	3.59297e-02
0.91035	3.59748e-02
0.91017	3.60136e-02
0.91000	3.60464e-02
0.90991	3.59402e-02
0.90980	3.58510e-02
0.90973	3.57925e-02
0.90964	3.57342e-02
0.90955	3.56751e-02
0.90946	3.56140e-02
0.90936	3.55501e-02
0.90926	3.54823e-02
0.90916	3.54102e-02
0.90906	3.53332e-02
0.90896	3.52507e-02
0.90886	3.51624e-02
0.90877	3.50681e-02
0.90868	3.49642e-02
0.90860	3.48544e-02
0.90851	3.47384e-02
0.90844	3.46160e-02
0.90836	3.44870e-02
0.90829	3.43513e-02
0.90822	3.42091e-02
0.90816	3.40602e-02
0.90810	3.39048e-02
0.90805	3.37429e-02
0.90800	3.35747e-02
0.90796	3.34004e-02
0.90792	3.32200e-02
0.90788	3.30339e-02
0.90785	3.28423e-02
0.90782	3.26454e-02
0.90780	3.24436e-02
0.90778	3.22373e-02
0.90777	3.20267e-02
0.90776	3.18124e-02
0.90776	3.15946e-02
0.90775	3.13740e-02
0.90776	3.11510e-02
0.90777	3.09262e-02
0.90787	3.06256e-02
0.90818	3.04054e-02
0.90858	3.01894e-02
0.90905	2.99935e-02
0.90956	2.98341e-02
0.91006	2.97179e-02
0.91050	2.96374e-02
0.91088	2.95769e-02
0.91118	2.95203e-02
0.91148	2.93674e-02
0.91171	2.92240e-02
0.91189	2.90832e-02
0.91202	2.89433e-02
0.91212	2.88050e-02
0.91219	2.86699e-02
0.91226	2.85398e-02
0.91231	2.84163e-02
0.91235	2.83010e-02
0.91238	2.81949e-02
0.91242	2.80989e-02
0.91245	2.80138e-02
0.91248	2.79400e-02
0.91250	2.78778e-02
0.91253	2.78274e-02
0.91258	2.78143e-02
0.91263	2.78059e-02
0.91267	2.78050e-02
0.91271	2.78127e-02
0.91275	2.78297e-02
0.91278	2.78564e-02
0.91282	2.78929e-02
0.91285	2.79390e-02
0.91288	2.79947e-02
0.91304	2.78991e-02
0.91317	2.78538e-02
0.91327	2.78457e-02
0.91336	2.78665e-02
0.91344	2.79101e-02
0.91354	2.79805e-02
0.91363	2.80653e-02
0.91372	2.81622e-02
0.91381	2.82691e-02
0.91390	2.83848e-02
0.91399	2.85082e-02
0.91409	2.86383e-02
0.91419	2.87747e-02
0.91435	2.89444e-02
0.91451	2.91145e-02
0.91471	2.92442e-02
0.91491	2.93861e-02
0.91512	2.95383e-02
0.91534	2.97007e-02
0.91560	2.98446e-02
0.91585	3.00056e-02
0.91611	3.01781e-02
0.91635	3.03576e-02
0.91658	3.05394e-02
0.91679	3.07191e-02
0.91699	3.08933e-02
0.91729	3.09033e-02
0.91760	3.08720e-02
0.91792	3.08053e-02
0.91825	3.07165e-02
0.91859	3.06141e-02
0.91891	3.05212e-02
0.91922	3.04496e-02
0.91950	3.04047e-02
0.91977	3.03853e-02
0.92015	3.04385e-02
0.92050	3.04867e-02
0.92084	3.05268e-02
0.92120	3.05566e-02
0.92159	3.05751e-02
0.92200	3.05814e-02
0.92244	3.05752e-02
0.92287	3.05561e-02
0.92329	3.05252e-02
0.92368	3.04851e-02
0.92402	3.04400e-02
0.92431	3.03939e-02
0.92454	3.03503e-02
0.92474	3.03111e-02
0.92489	3.02771e-02
0.92501	3.02481e-02
0.92523	3.03103e-02
0.92542	3.03686e-02
0.92558	3.04213e-02
0.92571	3.04666e-02
0.92583	3.05036e-02
0.92594	3.05321e-02
0.92603	3.05518e-02
0.92612	3.05632e-02
0.92619	3.05664e-02
0.92626	3.05619e-02
0.92633	3.05502e-02
0.92640	3.05317e-02
0.92646	3.05069e-02
0.92652	3.04760e-02
0.92658	3.04395e-02
0.92665	3.03978e-02
0.92690	2.99841e-02
0.92717	2.96456e-02
0.92741	2.93414e-02
0.92763	2.90730e-02
0.92784	2.88382e-02
0.92803	2.86327e-02
0.92821	2.84522e-02
0.92837	2.82924e-02
0.92853	2.81500e-02
0.92868	2.80220e-02
0.92883	2.79063e-02
0.92897	2.78010e-02
0.92912	2.77048e-02
0.92925	2.76165e-02
0.92955	2.76530e-02
0.92982	2.76760e-02
0.93006	2.76855e-02
0.93027	2.76825e-02
0.93074	2.76018e-02
0.93116	2.75371e-02
0.93151	2.74857e-02
0.93180	2.74429e-02
0.93204	2.74050e-02
0.93224	2.73699e-02
0.93241	2.73370e-02
0.93256	2.73060e-02
0.93270	2.72770e-02
0.93283	2.72501e-02
0.93295	2.72255e-02
0.93307	2.72033e-02
0.93317	2.71835e-02
0.93328	2.71663e-02
0.93338	2.71515e-02
0.93348	2.71393e-02
0.93357	2.71296e-02
0.93366	2.71222e-02
0.93375	2.71172e-02
0.93383	2.71146e-02
0.93391	2.71141e-02
0.93399	2.71157e-02
0.93406	2.71194e-02
0.93413	2.71250e-02
0.93419	2.71324e-02
0.93427	2.71336e-02
0.93434	2.71359e-02
0.93441	2.71389e-02
0.93448	2.71423e-02
0.93455	2.71457e-02
0.93462	2.71488e-02
0.93469	2.71513e-02
0.93477	2.71531e-02
0.93486	2.71547e-02
0.93495	2.71569e-02
0.93506	2.71614e-02
0.93517	2.71706e-02
0.93540	2.70296e-02
0.93566	2.68377e-02
0.93597	2.65994e-02
0.93630	2.63318e-02
0.93672	2.61497e-02
0.93710	2.59720e-02
0.93759	2.58253e-02
0.93798	2.57318e-02
0.93834	2.56885e-02
0.93861	2.56891e-02
0.93881	2.57247e-02
0.93896	2.57850e-02
0.93907	2.58587e-02
0.93915	2.59357e-02
0.93922	2.60074e-02
0.93929	2.60687e-02
0.93937	2.61199e-02
0.93946	2.61689e-02
0.93956	2.62297e-02
0.93963	2.63184e-02
0.93969	2.64473e-02
0.93970	2.66213e-02
0.93966	2.68386e-02
0.93959	2.70932e-02
0.93947	2.73780e-02
0.93932	2.76867e-02
0.93914	2.80140e-02
0.93264	2.45375e-02
0.93251	2.50197e-02
0.93234	2.55000e-02
0.93215	2.59771e-02
0.93193	2.64500e-02
0.93169	2.69183e-02
0.93143	2.73822e-02
0.93116	2.78417e-02
0.93087	2.82973e-02
0.93057	2.87489e-02
0.93026	2.91967e-02
0.92994	2.96408e-02
0.92961	3.00809e-02
0.92927	3.05168e-02
0.92894	3.09482e-02
0.92859	3.13747e-02
0.92825	3.17958e-02
0.92790	3.22110e-02
0.92754	3.26195e-02
0.92719	3.30209e-02
0.92684	3.34143e-02
0.92648	3.37990e-02
0.92613	3.41744e-02
0.92578	3.45396e-02
0.92543	3.48938e-02
0.92508	3.52363e-02
0.92473	3.55664e-02
0.92439	3.58831e-02
0.92405	3.61858e-02
0.92371	3.64736e-02
0.92338	3.67459e-02
0.92305	3.70036e-02
0.92274	3.72416e-02
0.92243	3.74622e-02
0.92213	3.76647e-02
0.92183	3.78484e-02
0.92153	3.80126e-02
0.92125	3.81566e-02
0.92096	3.82801e-02
0.92069	3.83823e-02
0.92042	3.84629e-02
0.92016	3.85214e-02
0.91991	3.85574e-02
0.91967	3.85706e-02
0.91943	3.85607e-02
0.91921	3.85274e-02
0.91899	3.84706e-02
0.91879	3.83900e-02
0.91859	3.82856e-02
0.91841	3.81738e-02
0.91824	3.80258e-02
0.91808	3.78471e-02
0.91792	3.76413e-02
0.91777	3.74109e-02
0.91764	3.71581e-02
0.91751	3.68841e-02
0.91740	3.65903e-02
0.91731	3.62776e-02
0.91722	3.59468e-02
0.91715	3.55986e-02
0.91710	3.52339e-02
0.91706	3.48532e-02
0.91703	3.44574e-02
0.91702	3.40471e-02
0.91702	3.36232e-02
0.91703	3.31865e-02
0.91706	3.27378e-02
0.91710	3.22780e-02
0.91715	3.18081e-02
0.91727	3.13411e-02
0.91738	3.08634e-02
0.91750	3.03766e-02
0.91763	2.98821e-02
0.91777	2.93812e-02
0.91791	2.88754e-02
0.91806	2.83660e-02
0.91822	2.78545e-02
0.91849	2.72880e-02
0.91874	2.67344e-02
0.91899	2.61928e-02
0.91924	2.56627e-02
0.91964	2.50173e-02
0.92005	2.44114e-02
0.92041	2.38370e-02
0.92075	2.32900e-02
0.92108	2.27670e-02
0.92139	2.22656e-02
0.92170	2.17842e-02
0.92200	2.13218e-02
0.92230	2.08776e-02
0.92260	2.04513e-02
0.92290	2.00428e-02
0.92320	1.96519e-02
0.92351	1.92786e-02
0.92381	1.89228e-02
0.92412	1.85845e-02
0.92443	1.82636e-02
0.92475	1.79597e-02
0.92506	1.76727e-02
0.92538	1.74020e-02
0.92570	1.71472e-02
0.92602	1.69077e-02
0.92634	1.66827e-02
0.92666	1.64716e-02
0.92698	1.62734e-02
0.92730	1.60874e-02
0.92763	1.59126e-02
0.92794	1.57481e-02
0.92826	1.55930e-02
0.92858	1.54464e-02
0.92889	1.53075e-02
0.92920	1.51755e-02
0.92951	1.50496e-02
0.92982	1.49294e-02
0.93027	1.47129e-02
0.93068	1.45285e-02
0.93105	1.43698e-02
0.93139	1.42319e-02
0.93171	1.41111e-02
0.93201	1.40048e-02
0.93228	1.39111e-02
0.93255	1.38291e-02
0.93280	1.37580e-02
0.93304	1.36977e-02
0.93328	1.36485e-02
0.93350	1.36109e-02
0.93371	1.35857e-02
0.93392	1.35738e-02
0.93412	1.35763e-02
0.93431	1.35946e-02
0.93449	1.36298e-02
0.93469	1.36981e-02
0.93488	1.37850e-02
0.93505	1.38921e-02
0.93521	1.40208e-02
0.93536	1.41719e-02
0.93551	1.43463e-02
0.93564	1.45447e-02
0.93576	1.47675e-02
0.93587	1.50149e-02
0.93598	1.52870e-02
0.93608	1.55833e-02
0.93633	1.60924e-02
0.93662	1.66729e-02
0.93695	1.73194e-02
0.93731	1.80150e-02
0.93768	1.87337e-02
0.93804	1.94460e-02
0.93840	2.01274e-02
0.93873	2.07644e-02
0.93904	2.13548e-02
0.93932	2.19051e-02
0.93958	2.24255e-02
0.93980	2.29258e-02
0.93999	2.34130e-02
0.94014	2.38915e-02
0.94025	2.43633e-02
0.94032	2.48293e-02
0.94036	2.52899e-02
0.94036	2.57455e-02
0.94057	2.60055e-02
0.94073	2.62963e-02
0.94084	2.66166e-02
0.94090	2.69624e-02
0.94092	2.73277e-02
0.94090	2.77066e-02
0.94085	2.80934e-02
0.94077	2.84834e-02
0.94067	2.88726e-02
0.94055	2.92580e-02
0.94041	2.96367e-02
0.94027	3.00068e-02
0.94011	3.03664e-02
0.93995	3.07133e-02
0.93977	3.10467e-02
0.93960	3.13654e-02
0.93942	3.16687e-02
0.93923	3.19554e-02
0.93904	3.22250e-02
0.93885	3.24767e-02
0.93865	3.27100e-02
0.93848	3.29263e-02
0.93830	3.31225e-02
0.93810	3.32982e-02
0.93790	3.34533e-02
0.93770	3.35878e-02
0.93749	3.37014e-02
0.93728	3.37943e-02
0.93708	3.38664e-02
0.93687	3.39178e-02
0.93667	3.39486e-02
0.93647	3.39592e-02
0.93628	3.39495e-02
0.93608	3.39200e-02
0.93589	3.38710e-02
0.93571	3.38029e-02
0.93553	3.37161e-02
0.93535	3.36110e-02
0.93518	3.34883e-02
0.93501	3.33484e-02
0.93485	3.31920e-02
0.93470	3.30197e-02
0.93454	3.28273e-02
0.93439	3.26204e-02
0.93425	3.24013e-02
0.93411	3.21732e-02
0.93400	3.19414e-02
0.93390	3.17138e-02
0.93384	3.15024e-02
0.93382	3.13231e-02
0.93386	3.11950e-02
0.93397	3.11351e-02
0.93415	3.11488e-02
0.93437	3.12218e-02
0.93465	3.13414e-02
0.93494	3.14533e-02
0.93521	3.15292e-02
0.93547	3.15579e-02
0.93573	3.15421e-02
0.93598	3.14916e-02
0.93625	3.14165e-02
0.93651	3.13236e-02
0.93687	3.11840e-02
0.93723	3.10247e-02
0.93757	3.08434e-02
0.93790	3.06392e-02
0.93822	3.04133e-02
0.93852	3.01694e-02
0.93881	2.99128e-02
0.93908	2.96494e-02
0.93935	2.93844e-02
0.93962	2.91264e-02
0.93987	2.88714e-02
0.94010	2.86214e-02
0.94031	2.83770e-02
0.94073	2.82187e-02
0.94114	2.80764e-02
0.94153	2.79466e-02
0.94189	2.78238e-02
0.94222	2.77030e-02
0.94251	2.75796e-02
0.94278	2.74504e-02
0.93602	2.29776e-02
0.93626	2.28460e-02
0.93647	2.26960e-02
0.93666	2.25301e-02
0.93683	2.23511e-02
0.93699	2.21616e-02
0.93713	2.19641e-02
0.93725	2.17607e-02
0.93737	2.15533e-02
0.93748	2.13438e-02
0.93758	2.11336e-02
0.93767	2.09242e-02
0.93776	2.07167e-02
0.93783	2.05125e-02
0.93810	2.04703e-02
0.93833	2.04209e-02
0.93853	2.03659e-02
0.93870	2.03071e-02
0.93885	2.02471e-02
0.93899	2.01890e-02
0.93933	2.02966e-02
0.93965	2.04065e-02
0.93994	2.05194e-02
0.94020	2.06360e-02
0.94043	2.07576e-02
0.94064	2.08859e-02
0.94084	2.10228e-02
0.94101	2.11701e-02
0.94117	2.13293e-02
0.94131	2.15018e-02
0.94145	2.16888e-02
0.94182	2.14515e-02
0.94217	2.12660e-02
0.94248	2.11426e-02
0.94275	2.10843e-02
0.94298	2.10880e-02
0.94318	2.11477e-02
0.94335	2.12562e-02
0.94350	2.14068e-02
0.94362	2.15936e-02
0.94372	2.18111e-02
0.94380	2.20549e-02
0.94387	2.23212e-02
0.94392	2.26064e-02
0.94396	2.29075e-02
0.94398	2.32219e-02
0.94400	2.35471e-02
0.94400	2.38808e-02
0.94400	2.42210e-02
0.94398	2.45656e-02
0.94396	2.49126e-02
0.94392	2.52606e-02
0.94388	2.56076e-02
0.94383	2.59523e-02
0.94377	2.62931e-02
0.94371	2.66286e-02
0.94363	2.69574e-02
0.94355	2.72784e-02
0.94346	2.75904e-02
0.94337	2.78922e-02
0.94327	2.81829e-02
0.94317	2.84616e-02
0.94306	2.87273e-02
0.94294	2.89793e-02
0.94282	2.92168e-02
0.94270	2.94394e-02
0.94257	2.96463e-02
0.94244	2.98372e-02
0.94231	3.00116e-02
0.94244	3.04960e-02
0.94256	3.09458e-02
0.94265	3.13480e-02
0.94271	3.16942e-02
0.94273	3.19815e-02
0.94272	3.22122e-02
0.94269	3.23915e-02
0.94264	3.25261e-02
0.94259	3.26229e-02
0.94253	3.26890e-02
0.94248	3.27308e-02
0.94245	3.27545e-02
0.94244	3.27658e-02
0.94245	3.27701e-02
0.94250	3.27717e-02
0.94257	3.27737e-02
0.94268	3.27769e-02
0.94280	3.27791e-02
0.94292	3.27758e-02
0.94303	3.27606e-02
0.94316	3.27432e-02
0.94326	3.27022e-02
0.94333	3.26361e-02
0.94338	3.25448e-02
0.94366	3.24517e-02
0.94395	3.23673e-02
0.94423	3.22956e-02
0.94448	3.22323e-02
0.94467	3.21680e-02
0.94481	3.20923e-02
0.94490	3.19983e-02
0.94494	3.18833e-02
0.94494	3.17479e-02
0.94492	3.15946e-02
0.94488	3.14267e-02
0.94483	3.12477e-02
0.94477	3.10605e-02
0.94472	3.08678e-02
0.94467	3.06716e-02
0.94462	3.04738e-02
0.94458	3.02757e-02
0.94455	3.00786e-02
0.94453	2.98833e-02
0.94452	2.96907e-02
0.94451	2.95015e-02
0.94452	2.93162e-02
0.94454	2.91352e-02
0.94457	2.89589e-02
0.94460	2.87877e-02
0.94465	2.86217e-02
0.94471	2.84613e-02
0.94478	2.83065e-02
0.94488	2.81690e-02
0.94501	2.80572e-02
0.94520	2.79845e-02
0.94546	2.79688e-02
0.94582	2.80284e-02
0.94627	2.81729e-02
0.94677	2.83903e-02
0.94729	2.86433e-02
0.94778	2.88835e-02
0.94821	2.90738e-02
0.94861	2.92162e-02
0.94898	2.93222e-02
0.94936	2.94163e-02
0.94978	2.95289e-02
0.95027	2.96884e-02
0.95082	2.99083e-02
0.95140	3.01740e-02
0.95196	3.04420e-02
0.95245	3.06622e-02
0.95285	3.08035e-02
0.95316	3.08609e-02
0.95340	3.08464e-02
0.95359	3.07776e-02
0.95377	3.06404e-02
0.95394	3.04982e-02
0.95409	3.03295e-02
0.95423	3.01418e-02
0.95438	2.99383e-02
0.94864	2.91675e-02
0.94888	2.89314e-02
0.94918	2.86909e-02
0.94955	2.84532e-02
0.94997	2.82288e-02
0.94118	2.35290e-02
0.94179	2.35283e-02
0.94237	2.35600e-02
0.94290	2.35995e-02
0.94334	2.36248e-02
0.94371	2.36217e-02
0.94399	2.35854e-02
0.94422	2.35179e-02
0.94439	2.34248e-02
0.94452	2.33129e-02
0.94462	2.31886e-02
0.94470	2.30574e-02
0.94476	2.29239e-02
0.94481	2.27915e-02
0.94485	2.26628e-02
0.94489	2.25400e-02
0.94492	2.24244e-02
0.94494	2.23175e-02
0.94498	2.21998e-02
0.94500	2.21073e-02
0.94502	2.20342e-02
0.94502	2.19767e-02
0.94503	2.19323e-02
0.94503	2.18991e-02
0.94504	2.18758e-02
0.94504	2.18614e-02
0.94505	2.18552e-02
0.94506	2.18566e-02
0.94507	2.18653e-02
0.94508	2.18808e-02
0.94510	2.19030e-02
0.94511	2.19316e-02
0.94514	2.19663e-02
0.94516	2.20069e-02
0.94519	2.20531e-02
0.94522	2.21047e-02
0.94525	2.21614e-02
0.94529	2.22229e-02
0.94533	2.22890e-02
0.94537	2.23594e-02
0.94541	2.24336e-02
0.94546	2.25114e-02
0.94551	2.25925e-02
0.94556	2.26765e-02
0.94562	2.27630e-02
0.94568	2.28517e-02
0.94574	2.29422e-02
0.94580	2.30342e-02
0.94587	2.31274e-02
0.94593	2.32213e-02
0.94600	2.33157e-02
0.94607	2.34103e-02
0.94615	2.35047e-02
0.94622	2.35987e-02
0.94630	2.36919e-02
0.94638	2.37841e-02
0.94646	2.38751e-02
0.94655	2.39646e-02
0.94663	2.40524e-02
0.94672	2.41384e-02
0.94680	2.42223e-02
0.94689	2.43041e-02
0.94698	2.43836e-02
0.94707	2.44606e-02
0.94716	2.45352e-02
0.94725	2.46073e-02
0.94730	2.46571e-02
0.94738	2.47174e-02
0.94750	2.47986e-02
0.94770	2.49144e-02
0.94800	2.50817e-02
0.94880	2.46957e-02
0.94966	2.44482e-02
0.95056	2.43450e-02
0.95142	2.43618e-02
0.95220	2.44551e-02
0.95287	2.45817e-02
0.95342	2.47118e-02
0.95387	2.48301e-02
0.95460	2.48612e-02
0.95529	2.48769e-02
0.95593	2.48865e-02
0.95652	2.48966e-02
0.95704	2.49096e-02
0.95749	2.49249e-02
0.95787	2.49407e-02
0.95819	2.49549e-02
0.95845	2.49663e-02
0.95866	2.49742e-02
0.95883	2.49787e-02
0.95896	2.49799e-02
0.95907	2.49786e-02
0.95929	2.50870e-02
0.95945	2.51597e-02
0.95955	2.52056e-02
0.95961	2.52314e-02
0.95964	2.52427e-02
0.95964	2.52438e-02
0.95963	2.52383e-02
0.95959	2.52288e-02
0.95955	2.52174e-02
0.95949	2.52057e-02
0.95942	2.51948e-02
0.95935	2.51856e-02
0.95927	2.51788e-02
0.95918	2.51750e-02
0.95909	2.51744e-02
0.95923	2.53797e-02
0.95931	2.55525e-02
0.95200	2.57724e-02
0.95201	2.59324e-02
0.95197	2.60601e-02
0.95191	2.61639e-02
0.95183	2.62501e-02
0.95172	2.63238e-02
0.95160	2.63884e-02
0.95200	2.58160e-02
0.95235	2.52997e-02
0.95264	2.48573e-02
0.95285	2.44957e-02
0.95301	2.42118e-02
0.95310	2.39967e-02
0.95314	2.38399e-02
0.95314	2.37310e-02
0.95310	2.36609e-02
0.95304	2.36220e-02
0.95295	2.36083e-02
0.95285	2.36149e-02
0.95274	2.36379e-02
0.93639	7.19121e-03
0.93618	6.92850e-03
0.93597	6.68330e-03
0.93574	6.45391e-03
0.93552	6.23896e-03
0.93529	6.03739e-03
0.93505	5.84834e-03
0.93482	5.67111e-03
0.93497	5.12446e-03
0.93507	4.64456e-03
0.93512	4.22282e-03
0.93513	3.85311e-03
0.93511	3.52944e-03
0.93507	3.24621e-03
0.93500	2.99843e-03
0.93492	2.78174e-03
0.93483	2.59243e-03
0.93473	2.42732e-03
0.93463	2.28374e-03
0.93452	2.15944e-03
0.93441	2.05249e-03
0.93431	1.96127e-03
0.93421	1.88439e-03
0.93411	1.82065e-03
0.93402	1.76902e-03
0.93438	1.28782e-03
0.93465	9.14284e-04
0.93485	6.25425e-04
0.93500	4.03712e-04
0.93512	2.34872e-04
0.93522	1.07737e-04
0.93530	1.37839e-05
0.93537	5.34271e-05
0.93544	9.87611e-05
0.93551	1.25918e-04
0.93558	1.37740e-04
0.93588	7.65815e-05
0.93611	2.43045e-04
0.93632	3.76390e-04
0.93650	4.86165e-04
0.93666	5.79528e-04
0.93682	6.61870e-04
0.93698	7.37185e-04
0.93713	8.08378e-04
0.93729	8.77527e-04
0.93746	9.46088e-04
0.93763	1.01506e-03
0.93781	1.08511e-03
0.93800	1.15667e-03
0.93820	1.22999e-03
0.93842	1.30523e-03
0.93864	1.38243e-03
0.93887	1.46161e-03
0.93911	1.54274e-03
0.93935	1.62577e-03
0.93961	1.71064e-03
0.93988	1.79730e-03
0.94016	1.88570e-03
0.94044	1.97578e-03
0.94073	2.06750e-03
0.94103	2.16084e-03
0.94134	2.25577e-03
0.94165	2.35228e-03
0.94197	2.45039e-03
0.94229	2.55011e-03
0.94261	2.65146e-03
0.94294	2.75449e-03
0.94328	2.85925e-03
0.94361	2.96580e-03
0.94395	3.07420e-03
0.94429	3.18453e-03
0.94463	3.29689e-03
0.94497	3.41135e-03
0.94530	3.52801e-03
0.94564	3.64699e-03
0.94597	3.76837e-03
0.94630	3.89228e-03
0.94663	4.01882e-03
0.94695	4.14810e-03
0.94727	4.28022e-03
0.94758	4.41531e-03
0.94789	4.55347e-03
0.94819	4.69479e-03
0.94848	4.83939e-03
0.94876	4.98734e-03
0.94903	5.13875e-03
0.94930	5.29369e-03
0.94955	5.45224e-03
0.94980	5.61445e-03
0.95003	5.78039e-03
0.95025	5.95010e-03
0.95046	6.12362e-03
0.95066	6.30097e-03
0.95085	6.48215e-03
0.95102	6.66718e-03
0.95118	6.85603e-03
0.95132	7.04867e-03
0.95157	7.13036e-03
0.95178	7.23966e-03
0.95196	7.36945e-03
0.95211	7.51589e-03
0.95223	7.67620e-03
0.95233	7.84823e-03
0.95242	8.03026e-03
0.95248	8.22090e-03
0.95252	8.41898e-03
0.95254	8.62354e-03
0.95254	8.83375e-03
0.95253	9.04890e-03
0.95250	9.26835e-03
0.95246	9.49153e-03
0.95240	9.71792e-03
0.95232	9.94703e-03
0.95223	1.01784e-02
0.95212	1.04116e-02
0.95201	1.06462e-02
0.95187	1.08817e-02
0.95173	1.11179e-02
0.95157	1.13542e-02
0.95140	1.15903e-02
0.95123	1.18258e-02
0.95103	1.20602e-02
0.95083	1.22933e-02
0.95062	1.25245e-02
0.95041	1.27536e-02
0.95018	1.29801e-02
0.94994	1.32036e-02
0.94970	1.34238e-02
0.94985	1.40372e-02
0.95012	1.47743e-02
0.95052	1.56404e-02
0.95103	1.66185e-02
0.95162	1.76681e-02
0.95222	1.87305e-02
0.95277	1.97424e-02
0.95323	2.06512e-02
0.95356	2.14252e-02
0.95375	2.20548e-02
0.95381	2.25474e-02
0.95376	2.29201e-02
0.95362	2.31936e-02
0.95341	2.33877e-02
0.95316	2.35195e-02
0.95287	2.36029e-02
0.95255	2.36487e-02
0.95222	2.36647e-02
0.95189	2.36569e-02
0.95155	2.36293e-02
0.95121	2.35848e-02
0.95088	2.35254e-02
0.95055	2.34526e-02
0.95023	2.33671e-02
0.94992	2.32696e-02
0.94962	2.31603e-02
0.94934	2.30396e-02
0.94906	2.29075e-02
0.94880	2.27640e-02
0.94855	2.26091e-02
0.94832	2.24429e-02
0.94810	2.22654e-02
0.94790	2.20765e-02
0.94771	2.18763e-02
0.94754	2.16648e-02
0.94738	2.14421e-02
0.94724	2.12082e-02
0.94712	2.09633e-02
0.94702	2.07074e-02
0.94693	2.04407e-02
0.94686	2.01634e-02
0.94681	1.98756e-02
0.94678	1.95777e-02
0.94677	1.92697e-02
0.94677	1.89520e-02
0.94679	1.86249e-02
0.94684	1.82886e-02
0.94690	1.79436e-02
0.94698	1.75900e-02
0.94708	1.72283e-02
0.94719	1.68588e-02
0.94733	1.64821e-02
0.94748	1.60983e-02
0.94766	1.57081e-02
0.94785	1.53118e-02
0.94805	1.49100e-02
0.94828	1.45030e-02
0.94852	1.40914e-02
0.94878	1.36757e-02
0.94905	1.32565e-02
0.94934	1.28342e-02
0.94965	1.24093e-02
0.94997	1.19826e-02
0.95030	1.15544e-02
0.95065	1.11254e-02
0.95101	1.06962e-02
0.95138	1.02674e-02
0.95176	9.83949e-03
0.95216	9.41315e-03
0.95271	8.83764e-03
0.95325	8.29533e-03
0.95376	7.77948e-03
0.95427	7.28599e-03
0.95477	6.81181e-03
0.95578	6.86518e-03
0.95670	6.85909e-03
0.95757	6.80501e-03
0.95837	6.71167e-03
0.95913	6.58754e-03
0.95985	6.44042e-03
0.96054	6.27716e-03
0.96120	6.10357e-03
0.96185	5.92446e-03
0.96247	5.74377e-03
0.96308	5.56469e-03
0.96368	5.38982e-03
0.96426	5.22126e-03
0.96483	5.06073e-03
0.96539	4.90965e-03
0.96593	4.76922e-03
0.96646	4.64041e-03
0.96698	4.52408e-03
0.96749	4.42094e-03
0.96799	4.33162e-03
0.96847	4.25665e-03
0.96893	4.19651e-03
0.96938	4.15159e-03
0.96982	4.12226e-03
0.97024	4.10882e-03
0.97064	4.11151e-03
0.97102	4.13057e-03
0.97138	4.16615e-03
0.97173	4.21841e-03
0.97206	4.28743e-03
0.97236	4.37329e-03
0.97265	4.47600e-03
0.97291	4.59556e-03
0.97315	4.73193e-03
0.97337	4.88503e-03
0.97357	5.05475e-03
0.97375	5.24096e-03
0.97390	5.44346e-03
0.97402	5.66206e-03
0.97413	5.89652e-03
0.97421	6.14656e-03
0.97426	6.41188e-03
0.97429	6.69216e-03
0.97430	6.98702e-03
0.97428	7.29607e-03
0.97424	7.61890e-03
0.97417	7.95506e-03
0.97408	8.30407e-03
0.97396	8.66543e-03
0.97382	9.03861e-03
0.97366	9.42306e-03
0.97347	9.81821e-03
0.97326	1.02235e-02
0.97302	1.06382e-02
0.97277	1.10617e-02
0.97249	1.14935e-02
0.97219	1.19327e-02
0.97186	1.23788e-02
0.97152	1.28309e-02
0.97115	1.32884e-02
0.97077	1.37506e-02
0.97037	1.42166e-02
0.96995	1.46858e-02
0.96951	1.51573e-02
0.96905	1.56303e-02
0.96858	1.61042e-02
0.96809	1.65780e-02
0.96759	1.70511e-02
0.96707	1.75226e-02
0.96669	1.81325e-02
0.96627	1.87277e-02
0.96584	1.93118e-02
0.96540	1.98869e-02
0.96494	2.04545e-02
0.96448	2.10154e-02
0.96401	2.15699e-02
0.96353	2.21184e-02
0.96305	2.26608e-02
0.96257	2.31968e-02
0.96209	2.37262e-02
0.96162	2.42486e-02
0.96114	2.47636e-02
0.96067	2.52706e-02
0.96020	2.57691e-02
0.95974	2.62585e-02
0.95928	2.67382e-02
0.95884	2.72076e-02
0.95840	2.76661e-02
0.92986	0.00000e+00
0.92900	0.00000e+00
0.92817	0.00000e+00
0.92737	0.00000e+00
0.92659	0.00000e+00
0.92584	0.00000e+00
0.92512	0.00000e+00
0.92443	0.00000e+00
0.92376	0.00000e+00
0.92314	0.00000e+00
0.92256	0.00000e+00
0.92207	0.00000e+00
0.92168	0.00000e+00
0.92145	0.00000e+00
0.92143	0.00000e+00
0.92168	0.00000e+00
0.92225	0.00000e+00
0.92316	0.00000e+00
0.92439	0.00000e+00
0.92584	0.00000e+00
0.92738	0.00000e+00
0.92887	0.00000e+00
0.93018	0.00000e+00
0.93127	0.00000e+00
0.93211	0.00000e+00
0.93273	0.00000e+00
0.93316	0.00000e+00
0.93345	0.00000e+00
0.93363	0.00000e+00
0.93373	0.00000e+00
0.93379	0.00000e+00
0.93382	0.00000e+00
0.93383	0.00000e+00
0.93385	0.00000e+00
0.93387	0.00000e+00
0.93390	0.00000e+00
0.93394	0.00000e+00
0.93400	0.00000e+00
0.93408	0.00000e+00
0.93427	0.00000e+00
0.93454	0.00000e+00
0.93493	0.00000e+00
0.93547	0.00000e+00
0.93621	0.00000e+00
0.93720	0.00000e+00
0.93847	0.00000e+00
0.94003	0.00000e+00
0.94187	0.00000e+00
0.94390	0.00000e+00
0.94601	0.00000e+00
0.94808	0.00000e+00
0.94999	0.00000e+00
0.95168	0.00000e+00
0.95311	0.00000e+00
0.95430	0.00000e+00
0.95527	0.00000e+00
0.95606	0.00000e+00
0.95671	0.00000e+00
0.95725	0.00000e+00
0.95770	0.00000e+00
0.95810	0.00000e+00
0.95845	0.00000e+00
0.95876	0.00000e+00
0.95905	0.00000e+00
0.95932	0.00000e+00
0.95957	0.00000e+00
0.95981	0.00000e+00
0.96004	0.00000e+00
0.96027	0.00000e+00
0.96048	0.00000e+00
0.96068	0.00000e+00
0.96087	0.00000e+00
0.96105	0.00000e+00
0.96123	0.00000e+00
0.96139	0.00000e+00
0.96154	0.00000e+00
0.96169	0.00000e+00
0.96181	0.00000e+00
0.96193	0.00000e+00
0.96204	0.00000e+00
0.96213	0.00000e+00
0.96221	0.00000e+00
0.96227	0.00000e+00
0.96232	0.00000e+00
0.96236	0.00000e+00
0.96238	0.00000e+00
0.96239	0.00000e+00
0.96238	0.00000e+00
0.96236	0.00000e+00
0.96232	0.00000e+00
0.96227	0.00000e+00
0.96221	0.00000e+00
0.96215	0.00000e+00
0.96208	0.00000e+00
0.96202	0.00000e+00
0.96197	0.00000e+00
0.96193	0.00000e+00
0.96190	0.00000e+00
0.96188	0.00000e+00
0.96186	0.00000e+00
0.96187	0.00000e+00
0.96188	0.00000e+00
0.96197	0.00000e+00
0.96214	0.00000e+00
0.96242	0.00000e+00
0.96284	0.00000e+00
0.96346	0.00000e+00
0.96433	0.00000e+00
0.96547	0.00000e+00
0.96690	0.00000e+00
0.96860	0.00000e+00
0.97047	0.00000e+00
0.97240	0.00000e+00
0.97426	0.00000e+00
0.97593	0.00000e+00
0.97735	0.00000e+00
0.97850	0.00000e+00
0.97939	0.00000e+00
0.98006	0.00000e+00
0.98055	0.00000e+00
0.98090	0.00000e+00
0.98115	0.00000e+00
0.98131	0.00000e+00
0.98141	0.00000e+00
0.98148	0.00000e+00
0.98151	0.00000e+00
0.98153	0.00000e+00
0.98153	0.00000e+00
0.98152	0.00000e+00
0.98151	0.00000e+00
0.98149	0.00000e+00
0.98147	0.00000e+00
0.98165	0.00000e+00
0.98176	0.00000e+00
0.98183	0.00000e+00
0.98188	0.00000e+00
0.98191	0.00000e+00
0.98192	0.00000e+00
0.98193	0.00000e+00
0.98193	0.00000e+00
0.98193	0.00000e+00
0.98192	0.00000e+00
0.98191	0.00000e+00
