0.86776	6.62923e-02
0.86995	6.35929e-02
0.87203	6.09790e-02
0.87401	5.84571e-02
0.87588	5.60333e-02
0.87764	5.37129e-02
0.87931	5.15007e-02
0.88088	4.94004e-02
0.88235	4.74149e-02
0.88373	4.55454e-02
0.88503	4.37918e-02
0.88624	4.21525e-02
0.88737	4.06246e-02
0.88843	3.92039e-02
0.88941	3.78853e-02
0.89033	3.66629e-02
0.89118	3.55302e-02
0.89197	3.44806e-02
0.89271	3.35073e-02
0.89339	3.26034e-02
0.89401	3.17625e-02
0.89459	3.09779e-02
0.89512	3.02439e-02
0.89561	2.95548e-02
0.89603	2.88992e-02
0.89641	2.82798e-02
0.89675	2.76926e-02
0.89706	2.71343e-02
0.89733	2.66020e-02
0.89757	2.60935e-02
0.89779	2.56070e-02
0.89797	2.51415e-02
0.89813	2.46960e-02
0.89826	2.42703e-02
0.89837	2.38642e-02
0.89845	2.34780e-02
0.89851	2.31118e-02
0.89855	2.27661e-02
0.89857	2.24411e-02
0.89858	2.21372e-02
0.89856	2.18543e-02
0.89853	2.15926e-02
0.89848	2.13516e-02
0.89842	2.11310e-02
0.89834	2.09302e-02
0.89825	2.07486e-02
0.89815	2.05852e-02
0.89804	2.04392e-02
0.89792	2.03097e-02
0.89779	2.01959e-02
0.89766	2.00967e-02
0.89751	2.00114e-02
0.89737	1.99392e-02
0.89722	1.98793e-02
0.89707	1.98310e-02
0.89691	1.97936e-02
0.89675	1.97666e-02
0.89659	1.97494e-02
0.89643	1.97414e-02
0.89627	1.97421e-02
0.89610	1.97508e-02
0.89594	1.97670e-02
0.89577	1.97901e-02
0.89558	1.98261e-02
0.89538	1.98677e-02
0.89518	1.99141e-02
0.89498	1.99645e-02
0.89477	2.00180e-02
0.89456	2.00741e-02
0.89435	2.01320e-02
0.89413	2.01910e-02
0.89391	2.02506e-02
0.89369	2.03101e-02
0.89346	2.03692e-02
0.89323	2.04274e-02
0.89300	2.04844e-02
0.89276	2.05398e-02
0.89252	2.05934e-02
0.89227	2.06451e-02
0.89203	2.06946e-02
0.89178	2.07419e-02
0.89152	2.07870e-02
0.89127	2.08297e-02
0.89102	2.08701e-02
0.89076	2.09082e-02
0.89050	2.09442e-02
0.89020	2.10266e-02
0.88990	2.11071e-02
0.88961	2.11857e-02
0.88931	2.12624e-02
0.88902	2.13375e-02
0.88873	2.14113e-02
0.88844	2.14840e-02
0.88816	2.15559e-02
0.88789	2.16274e-02
0.88762	2.16988e-02
0.88736	2.17706e-02
0.88711	2.18432e-02
0.88686	2.19171e-02
0.88662	2.19926e-02
0.88631	2.21037e-02
0.88600	2.22159e-02
0.88569	2.23305e-02
0.88539	2.24488e-02
0.88509	2.25714e-02
0.88480	2.26991e-02
0.88453	2.28323e-02
0.88425	2.29713e-02
0.88399	2.31164e-02
0.88374	2.32675e-02
0.88349	2.34247e-02
0.88324	2.35877e-02
0.88301	2.37561e-02
0.88278	2.39297e-02
0.88256	2.41077e-02
0.88234	2.42895e-02
0.88212	2.44745e-02
0.88191	2.46618e-02
0.88170	2.48504e-02
0.88149	2.50397e-02
0.88129	2.52285e-02
0.88109	2.54161e-02
0.88089	2.56014e-02
0.88070	2.57837e-02
0.88047	2.59585e-02
0.88024	2.61276e-02
0.88001	2.62903e-02
0.87978	2.64073e-02
0.87954	2.65151e-02
0.87931	2.66137e-02
0.87908	2.67028e-02
0.87886	2.67822e-02
0.87864	2.68519e-02
0.87842	2.69120e-02
0.87822	2.69625e-02
0.87802	2.70037e-02
0.87783	2.70358e-02
0.87764	2.70593e-02
0.87747	2.70744e-02
0.87730	2.70819e-02
0.87714	2.70821e-02
0.87700	2.70758e-02
0.87705	2.72916e-02
0.87710	2.74861e-02
0.87712	2.76476e-02
0.87713	2.77739e-02
0.87712	2.78689e-02
0.87710	2.79385e-02
0.87709	2.79890e-02
0.87707	2.80252e-02
0.87705	2.80511e-02
0.87704	2.80696e-02
0.87703	2.80827e-02
0.87703	2.80919e-02
0.87704	2.80984e-02
0.87706	2.81028e-02
0.87695	2.82147e-02
0.87686	2.83272e-02
0.87678	2.84344e-02
0.87672	2.85270e-02
0.87670	2.85928e-02
0.87672	2.86193e-02
0.87679	2.85979e-02
0.87691	2.85291e-02
0.87706	2.84237e-02
0.87724	2.82975e-02
0.87742	2.81653e-02
0.87759	2.80356e-02
0.87775	2.79111e-02
0.87790	2.77908e-02
0.87803	2.76722e-02
0.87815	2.75523e-02
0.87825	2.74286e-02
0.87831	2.73155e-02
0.87836	2.71955e-02
0.87840	2.70673e-02
0.87843	2.69301e-02
0.87841	2.67785e-02
0.87838	2.66170e-02
0.87835	2.64455e-02
0.87831	2.62635e-02
0.87826	2.60712e-02
0.87821	2.58684e-02
0.87815	2.56554e-02
0.87809	2.54325e-02
0.87802	2.52002e-02
0.87791	2.49561e-02
0.87780	2.47040e-02
0.87768	2.44450e-02
0.87756	2.41805e-02
0.87743	2.39119e-02
0.87730	2.36409e-02
0.87717	2.33694e-02
0.87703	2.30993e-02
0.87689	2.28327e-02
0.87674	2.25716e-02
0.87659	2.23182e-02
0.87644	2.20745e-02
0.87628	2.18426e-02
0.87611	2.16242e-02
0.87590	2.14460e-02
0.87567	2.12804e-02
0.87544	2.11285e-02
0.87521	2.09912e-02
0.87497	2.08691e-02
0.87472	2.07628e-02
0.87446	2.06727e-02
0.87420	2.05991e-02
0.87394	2.05420e-02
0.87364	2.05270e-02
0.87334	2.05280e-02
0.87303	2.05444e-02
0.87273	2.05760e-02
0.87241	2.06221e-02
0.87210	2.06824e-02
0.87179	2.07564e-02
0.87147	2.08437e-02
0.87115	2.09438e-02
0.87083	2.10564e-02
0.87048	2.11000e-02
0.87014	2.11887e-02
0.86983	2.13448e-02
0.86955	2.15942e-02
0.86932	2.19584e-02
0.86914	2.24405e-02
0.86900	2.30139e-02
0.86886	2.36258e-02
0.86872	2.42192e-02
0.86854	2.47557e-02
0.86833	2.52215e-02
0.86809	2.56211e-02
0.86782	2.59664e-02
0.86753	2.62698e-02
0.86722	2.65416e-02
0.86690	2.67894e-02
0.86657	2.70181e-02
0.86623	2.72310e-02
0.86588	2.74304e-02
0.86553	2.76175e-02
0.86516	2.77933e-02
0.86480	2.79582e-02
0.86442	2.81127e-02
0.86401	2.82383e-02
0.86359	2.83539e-02
0.86317	2.84600e-02
0.86274	2.85568e-02
0.86232	2.86446e-02
0.86189	2.87237e-02
0.86146	2.87946e-02
0.86101	2.88198e-02
0.86056	2.88358e-02
0.86012	2.88430e-02
0.85967	2.88419e-02
0.85923	2.88331e-02
0.85880	2.88170e-02
0.85836	2.87942e-02
0.85812	2.86600e-02
0.85786	2.85476e-02
0.85759	2.84541e-02
0.85730	2.83750e-02
0.85699	2.83065e-02
0.85668	2.82457e-02
0.85637	2.81905e-02
0.85606	2.81399e-02
0.85576	2.80930e-02
0.85545	2.80496e-02
0.85515	2.80093e-02
0.85486	2.79719e-02
0.85458	2.79374e-02
0.85430	2.79055e-02
0.85404	2.78759e-02
0.85378	2.78486e-02
0.85350	2.78470e-02
0.85324	2.78459e-02
0.85299	2.78450e-02
0.85275	2.78441e-02
0.85252	2.78428e-02
0.85226	2.78871e-02
0.85208	2.79055e-02
0.85190	2.79340e-02
0.85172	2.79694e-02
0.85154	2.80101e-02
0.85138	2.80552e-02
0.85119	2.81326e-02
0.85102	2.82139e-02
0.85086	2.82994e-02
0.85072	2.83891e-02
0.85056	2.84946e-02
0.85041	2.86053e-02
0.85028	2.87220e-02
0.85016	2.88453e-02
0.85006	2.89759e-02
0.84997	2.91146e-02
0.84989	2.92621e-02
0.84983	2.94190e-02
0.84978	2.95859e-02
0.84974	2.97635e-02
0.84972	2.99520e-02
0.84972	3.01519e-02
0.84972	3.03631e-02
0.84972	3.05919e-02
0.84973	3.08327e-02
0.84975	3.10848e-02
0.84978	3.13476e-02
0.84979	3.16018e-02
0.84980	3.18653e-02
0.84983	3.21364e-02
0.84984	3.24017e-02
0.84986	3.26716e-02
0.84993	3.29184e-02
0.85000	3.31687e-02
0.85007	3.34195e-02
0.85015	3.36676e-02
0.85023	3.39102e-02
0.85032	3.41443e-02
0.85040	3.43671e-02
0.85046	3.45856e-02
0.85053	3.47879e-02
0.85059	3.49722e-02
0.85065	3.51369e-02
0.85072	3.52806e-02
0.85078	3.54024e-02
0.85085	3.55019e-02
0.85092	3.55786e-02
0.85098	3.56328e-02
0.85105	3.56646e-02
0.85111	3.56747e-02
0.85117	3.56638e-02
0.85123	3.56329e-02
0.85129	3.55833e-02
0.85134	3.55162e-02
0.85140	3.54332e-02
0.85144	3.53359e-02
0.85149	3.52262e-02
0.85153	3.51059e-02
0.85154	3.49721e-02
0.85155	3.48320e-02
0.85155	3.46877e-02
0.85155	3.45410e-02
0.85154	3.43939e-02
0.85152	3.42481e-02
0.85150	3.41052e-02
0.85145	3.39396e-02
0.85140	3.37803e-02
0.85135	3.36284e-02
0.85129	3.34848e-02
0.85122	3.33502e-02
0.85114	3.32252e-02
0.85106	3.31102e-02
0.85094	3.29666e-02
0.85082	3.28315e-02
0.85069	3.27052e-02
0.85055	3.25875e-02
0.85040	3.24783e-02
0.85023	3.23891e-02
0.85004	3.23078e-02
0.85002	3.22742e-02
0.84999	3.22587e-02
0.84995	3.22574e-02
0.84988	3.22663e-02
0.84979	3.22820e-02
0.84968	3.23022e-02
0.84954	3.23254e-02
0.84940	3.23506e-02
0.84923	3.23772e-02
0.84905	3.24046e-02
0.84886	3.24321e-02
0.84866	3.24591e-02
0.84845	3.24848e-02
0.84824	3.25085e-02
0.84801	3.25293e-02
0.84778	3.25465e-02
0.84754	3.25593e-02
0.84730	3.25669e-02
0.84705	3.25686e-02
0.84680	3.25637e-02
0.84655	3.25517e-02
0.84624	3.25439e-02
0.84593	3.25285e-02
0.84577	3.24358e-02
0.84562	3.23427e-02
0.84546	3.22558e-02
0.84527	3.21763e-02
0.84515	3.19907e-02
0.84508	3.17279e-02
0.84504	3.14046e-02
0.84501	3.10572e-02
0.84495	3.07507e-02
0.84486	3.04837e-02
0.84473	3.02627e-02
0.84456	3.00826e-02
0.84436	2.99343e-02
0.84414	2.98094e-02
0.84390	2.97016e-02
0.84365	2.96066e-02
0.84339	2.95221e-02
0.84313	2.94464e-02
0.84286	2.93791e-02
0.84258	2.93200e-02
0.84230	2.92693e-02
0.84202	2.92272e-02
0.84174	2.91943e-02
0.84145	2.91711e-02
0.84116	2.91581e-02
0.84089	2.91640e-02
0.84064	2.91921e-02
0.84042	2.92449e-02
0.84022	2.93242e-02
0.84004	2.94300e-02
0.83986	2.95716e-02
0.83965	2.97076e-02
0.83945	2.98779e-02
0.83925	3.00835e-02
0.83905	3.03276e-02
0.83886	3.06151e-02
0.83868	3.09506e-02
0.83852	3.13344e-02
0.83837	3.17599e-02
0.83821	3.22120e-02
0.83805	3.26713e-02
0.83786	3.31191e-02
0.83765	3.35422e-02
0.83742	3.39347e-02
0.83716	3.42964e-02
0.83686	3.46221e-02
0.83655	3.49240e-02
0.83623	3.52062e-02
0.83590	3.54722e-02
0.83558	3.57247e-02
0.83526	3.59655e-02
0.83494	3.61960e-02
0.83463	3.64173e-02
0.83432	3.66298e-02
0.83403	3.68339e-02
0.83375	3.70300e-02
0.83348	3.72180e-02
0.83322	3.73981e-02
0.83298	3.75703e-02
0.83275	3.77345e-02
0.83254	3.78908e-02
0.83234	3.80390e-02
0.83216	3.81794e-02
0.83198	3.83043e-02
0.83182	3.84205e-02
0.83167	3.85282e-02
0.83154	3.86273e-02
0.83143	3.87177e-02
0.83134	3.87997e-02
0.83126	3.88732e-02
0.83121	3.89382e-02
0.83116	3.89949e-02
0.83114	3.90433e-02
0.83113	3.90835e-02
0.83113	3.91155e-02
0.83115	3.91395e-02
0.83118	3.91556e-02
0.83121	3.91530e-02
0.83124	3.91435e-02
0.83129	3.91276e-02
0.83135	3.91060e-02
0.83141	3.90792e-02
0.83149	3.90480e-02
0.83157	3.90134e-02
0.83166	3.89763e-02
0.83176	3.89377e-02
0.83186	3.88989e-02
0.83197	3.88608e-02
0.83208	3.88246e-02
0.83220	3.87912e-02
0.83232	3.87616e-02
0.83244	3.87365e-02
0.83257	3.87164e-02
0.83269	3.87018e-02
0.83282	3.86928e-02
0.83295	3.86893e-02
0.83307	3.86912e-02
0.83320	3.86980e-02
0.83328	3.87372e-02
0.83337	3.87764e-02
0.83345	3.88148e-02
0.83354	3.88518e-02
0.83362	3.88863e-02
0.83367	3.89734e-02
0.83360	3.90132e-02
0.83353	3.90395e-02
0.83345	3.90520e-02
0.83337	3.90508e-02
0.83329	3.90358e-02
0.83320	3.90071e-02
0.83311	3.89647e-02
0.83302	3.89089e-02
0.83293	3.88401e-02
0.83284	3.87587e-02
0.83274	3.86653e-02
0.83265	3.85606e-02
0.83255	3.84455e-02
0.83246	3.83208e-02
0.83237	3.81876e-02
0.83227	3.80469e-02
0.83218	3.78997e-02
0.83209	3.77470e-02
0.83200	3.75900e-02
0.83190	3.74297e-02
0.83181	3.72670e-02
0.83168	3.71053e-02
0.83155	3.69432e-02
0.83142	3.67813e-02
0.83128	3.66202e-02
0.83114	3.64603e-02
0.83100	3.63021e-02
0.83085	3.61458e-02
0.83069	3.59917e-02
0.83053	3.58400e-02
0.83033	3.57268e-02
0.83012	3.56170e-02
0.82991	3.55106e-02
0.82968	3.54078e-02
0.82945	3.53088e-02
0.82920	3.52137e-02
0.82895	3.51230e-02
0.82868	3.50370e-02
0.82841	3.49563e-02
0.82812	3.48813e-02
0.82783	3.48126e-02
0.82751	3.47531e-02
0.82719	3.46975e-02
0.82689	3.46475e-02
0.82662	3.46067e-02
0.82637	3.45808e-02
0.82616	3.45777e-02
0.82597	3.46052e-02
0.82575	3.46700e-02
0.82552	3.47670e-02
0.82526	3.48873e-02
0.82497	3.50207e-02
0.82464	3.51589e-02
0.82428	3.52980e-02
0.82390	3.54369e-02
0.82349	3.55767e-02
0.82308	3.57189e-02
0.82265	3.58653e-02
0.82222	3.60176e-02
0.82178	3.61636e-02
0.82133	3.63168e-02
0.82089	3.64781e-02
0.82044	3.66484e-02
0.82001	3.68283e-02
0.81957	3.70184e-02
0.81915	3.72190e-02
0.81873	3.74304e-02
0.81829	3.77032e-02
0.81786	3.79847e-02
0.81743	3.82749e-02
0.81703	3.85733e-02
0.81663	3.88798e-02
0.81624	3.91939e-02
0.81588	3.95141e-02
0.81552	3.98422e-02
0.81517	4.01772e-02
0.81483	4.05178e-02
0.81451	4.08632e-02
0.81420	4.12123e-02
0.81390	4.15642e-02
0.81362	4.19180e-02
0.81335	4.22726e-02
0.81309	4.26274e-02
0.81285	4.29815e-02
0.81255	4.33999e-02
0.81226	4.38142e-02
0.81199	4.42238e-02
0.81173	4.46282e-02
0.81148	4.50272e-02
0.81125	4.54205e-02
0.81102	4.58079e-02
0.81081	4.61894e-02
0.81061	4.65650e-02
0.81041	4.69348e-02
0.81017	4.73051e-02
0.80989	4.76758e-02
0.80963	4.80413e-02
0.80937	4.84017e-02
0.80912	4.87569e-02
0.80888	4.91070e-02
0.80871	4.92913e-02
0.80852	4.94900e-02
0.80832	4.96995e-02
0.80812	4.99156e-02
0.80790	5.01350e-02
0.80769	5.03546e-02
0.80748	5.05724e-02
0.80727	5.07863e-02
0.80707	5.09947e-02
0.80688	5.11963e-02
0.80669	5.13895e-02
0.80652	5.15730e-02
0.80635	5.17455e-02
0.80618	5.19054e-02
0.80603	5.20515e-02
0.80588	5.21822e-02
0.80574	5.22962e-02
0.80561	5.23922e-02
0.80548	5.24690e-02
0.80536	5.25257e-02
0.80525	5.25618e-02
0.80515	5.25770e-02
0.80505	5.25717e-02
0.80496	5.25467e-02
0.80488	5.25034e-02
0.80480	5.24437e-02
0.80472	5.23701e-02
0.80465	5.22854e-02
0.80457	5.21927e-02
0.80450	5.20950e-02
0.80437	5.20766e-02
0.80424	5.20564e-02
0.80411	5.20366e-02
0.80397	5.20193e-02
0.80382	5.20062e-02
0.80367	5.19986e-02
0.80351	5.19976e-02
0.80335	5.20039e-02
0.80318	5.20219e-02
0.80300	5.20292e-02
0.80280	5.20322e-02
0.80273	5.18946e-02
0.80268	5.17287e-02
0.80261	5.15487e-02
0.80252	5.13949e-02
0.80240	5.12762e-02
0.80224	5.11902e-02
0.80205	5.11306e-02
0.80188	5.10895e-02
0.80168	5.10630e-02
0.80146	5.10469e-02
0.80123	5.10386e-02
0.80098	5.10359e-02
0.80082	5.10755e-02
0.80063	5.11087e-02
0.80042	5.11363e-02
0.80019	5.11597e-02
0.79995	5.11800e-02
0.79971	5.11983e-02
0.79946	5.12153e-02
0.79922	5.12316e-02
0.79898	5.12478e-02
0.79874	5.12641e-02
0.79851	5.12812e-02
0.79829	5.12993e-02
0.79807	5.13191e-02
0.79785	5.13410e-02
0.79764	5.13654e-02
0.79744	5.13928e-02
0.79725	5.14238e-02
0.79706	5.14587e-02
0.79688	5.14978e-02
0.79670	5.15416e-02
0.79653	5.15902e-02
0.79636	5.16438e-02
0.79621	5.17024e-02
0.79606	5.17661e-02
0.79591	5.18347e-02
0.79578	5.19080e-02
0.79565	5.19858e-02
0.79553	5.20679e-02
0.79544	5.21537e-02
0.79537	5.22436e-02
0.79529	5.23368e-02
0.79523	5.24331e-02
0.79517	5.25320e-02
0.79510	5.26538e-02
0.79500	5.27692e-02
0.79491	5.28872e-02
0.79481	5.29797e-02
0.79471	5.30724e-02
0.79462	5.31657e-02
0.79455	5.32599e-02
0.79448	5.33555e-02
0.79436	5.34827e-02
0.79426	5.36114e-02
0.79416	5.37421e-02
0.79406	5.38750e-02
0.79396	5.40105e-02
0.79387	5.41491e-02
0.79389	5.43954e-02
0.79390	5.46412e-02
0.79388	5.48690e-02
0.79383	5.50686e-02
0.79373	5.52379e-02
0.79360	5.53805e-02
0.79345	5.55021e-02
0.79321	5.55858e-02
0.79295	5.56593e-02
0.79267	5.57258e-02
0.79238	5.57879e-02
0.79208	5.58471e-02
0.79177	5.59046e-02
0.79145	5.59613e-02
0.79112	5.60178e-02
0.79078	5.60747e-02
0.79043	5.61328e-02
0.79008	5.61925e-02
0.78972	5.62545e-02
0.78935	5.63193e-02
0.78898	5.63874e-02
0.78860	5.64593e-02
0.78822	5.65354e-02
0.78784	5.66158e-02
0.78746	5.67008e-02
0.78707	5.67903e-02
0.78668	5.68842e-02
0.78630	5.69823e-02
0.78591	5.70842e-02
0.78552	5.71895e-02
0.78498	5.75649e-02
0.78444	5.79442e-02
0.78391	5.83262e-02
0.78338	5.87098e-02
0.78286	5.90939e-02
0.78234	5.94773e-02
0.78184	5.98588e-02
0.78135	6.02371e-02
0.78086	6.06109e-02
0.78040	6.09788e-02
0.77995	6.13391e-02
0.77943	6.18361e-02
0.77893	6.23108e-02
0.77842	6.27402e-02
0.77795	6.31372e-02
0.77752	6.34976e-02
0.77715	6.38183e-02
0.77684	6.40978e-02
0.77660	6.43367e-02
0.77645	6.45380e-02
0.77638	6.47077e-02
0.77642	6.48539e-02
0.77656	6.49843e-02
0.77679	6.51013e-02
0.77708	6.51973e-02
0.77739	6.52568e-02
0.77769	6.52652e-02
0.77797	6.52173e-02
0.77823	6.51185e-02
0.77846	6.49793e-02
0.77869	6.48114e-02
0.77891	6.46250e-02
0.77908	6.44076e-02
0.77925	6.41842e-02
0.77941	6.39583e-02
0.77957	6.37319e-02
0.77971	6.35060e-02
0.77984	6.32809e-02
0.77996	6.30564e-02
0.78007	6.28321e-02
0.78017	6.26075e-02
0.78026	6.23819e-02
0.78034	6.21548e-02
0.78036	6.19016e-02
0.78038	6.16463e-02
0.78039	6.13887e-02
0.78039	6.11287e-02
0.78040	6.08664e-02
0.78040	6.06018e-02
0.78041	6.03350e-02
0.78041	6.00664e-02
0.78043	5.97962e-02
0.78044	5.95249e-02
0.78047	5.92531e-02
0.78050	5.89814e-02
0.78050	5.86813e-02
0.78048	5.83958e-02
0.78047	5.81140e-02
0.78046	5.78369e-02
0.78059	5.77929e-02
0.78069	5.77152e-02
0.78076	5.76026e-02
0.78083	5.74611e-02
0.78088	5.72990e-02
0.78092	5.71247e-02
0.78097	5.69456e-02
0.78101	5.67673e-02
0.78106	5.65940e-02
0.78112	5.64290e-02
0.78117	5.62742e-02
0.78122	5.61155e-02
0.78126	5.59677e-02
0.78131	5.58314e-02
0.78136	5.57067e-02
0.78142	5.55936e-02
0.78147	5.54921e-02
0.78152	5.54016e-02
0.78157	5.53219e-02
0.78161	5.52523e-02
0.78166	5.51922e-02
0.78170	5.51408e-02
0.78173	5.50975e-02
0.78176	5.50615e-02
0.78178	5.50321e-02
0.78180	5.50086e-02
0.78181	5.49906e-02
0.78181	5.49775e-02
0.78181	5.49689e-02
0.78180	5.49646e-02
0.78178	5.49646e-02
0.78176	5.49688e-02
0.78173	5.49775e-02
0.78169	5.49909e-02
0.78165	5.50094e-02
0.78160	5.50335e-02
0.78154	5.50637e-02
0.78147	5.51006e-02
0.78140	5.51447e-02
0.78133	5.51966e-02
0.78124	5.52568e-02
0.78109	5.53957e-02
0.78095	5.55256e-02
0.78081	5.56463e-02
0.78065	5.57328e-02
0.78050	5.58119e-02
0.78035	5.58855e-02
0.78020	5.59559e-02
0.78005	5.60258e-02
0.77990	5.60980e-02
0.77974	5.61746e-02
0.77957	5.62574e-02
0.77934	5.63882e-02
0.77911	5.65278e-02
0.77885	5.66756e-02
0.77859	5.68306e-02
0.77831	5.69915e-02
0.77802	5.71565e-02
0.77772	5.73238e-02
0.77742	5.74915e-02
0.77710	5.76577e-02
0.77678	5.78204e-02
0.77646	5.79780e-02
0.77614	5.81286e-02
0.77582	5.82707e-02
0.77550	5.84028e-02
0.77518	5.85236e-02
0.77487	5.86320e-02
0.77457	5.87268e-02
0.77427	5.88072e-02
0.77399	5.88723e-02
0.77372	5.89216e-02
0.77346	5.89545e-02
0.77319	5.89515e-02
0.77292	5.89314e-02
0.77268	5.88941e-02
0.77245	5.88395e-02
0.77224	5.87677e-02
0.77205	5.86787e-02
0.77187	5.85726e-02
0.77172	5.84496e-02
0.77159	5.83098e-02
0.77147	5.81534e-02
0.77137	5.79806e-02
0.77126	5.77846e-02
0.77118	5.75730e-02
0.77111	5.73461e-02
0.77105	5.71042e-02
0.77101	5.68476e-02
0.77099	5.65765e-02
0.77098	5.62913e-02
0.77098	5.59923e-02
0.77100	5.56800e-02
0.77103	5.53545e-02
0.77106	5.50165e-02
0.77111	5.46662e-02
0.77106	5.42852e-02
0.77099	5.39482e-02
0.77092	5.35987e-02
0.77087	5.32372e-02
0.77091	5.30925e-02
0.77095	5.29326e-02
0.77099	5.27503e-02
0.77103	5.25406e-02
0.77110	5.22680e-02
0.77118	5.19663e-02
0.77124	5.16370e-02
0.77129	5.12829e-02
0.77134	5.09073e-02
0.77138	5.05138e-02
0.77141	5.01057e-02
0.77144	4.96858e-02
0.77146	4.92569e-02
0.77147	4.88212e-02
0.77148	4.83806e-02
0.77149	4.79368e-02
0.77149	4.74913e-02
0.77148	4.70454e-02
0.77146	4.66006e-02
0.77144	4.61582e-02
0.77141	4.57195e-02
0.77138	4.52858e-02
0.77134	4.48588e-02
0.77129	4.44398e-02
0.77124	4.40304e-02
0.77119	4.36321e-02
0.77113	4.32466e-02
0.77107	4.28752e-02
0.77100	4.25195e-02
0.77092	4.21809e-02
0.77085	4.18608e-02
0.77077	4.15605e-02
0.77068	4.12813e-02
0.77059	4.10245e-02
0.77050	4.07912e-02
0.77040	4.05827e-02
0.77030	4.04000e-02
0.77019	4.02442e-02
0.77007	4.01163e-02
0.76995	4.00173e-02
0.76982	3.99478e-02
0.76969	3.99087e-02
0.76955	3.99003e-02
0.76940	3.99228e-02
0.76920	3.99541e-02
0.76899	4.00174e-02
0.76878	4.01122e-02
0.76855	4.02378e-02
0.76832	4.03929e-02
0.76807	4.05762e-02
0.76782	4.07861e-02
0.76755	4.10208e-02
0.76725	4.13109e-02
0.76694	4.16582e-02
0.76665	4.20690e-02
0.76638	4.25485e-02
0.76612	4.30980e-02
0.76588	4.37117e-02
0.76565	4.43735e-02
0.76542	4.50581e-02
0.76518	4.57362e-02
0.76491	4.63816e-02
0.76460	4.69780e-02
0.76427	4.75195e-02
0.76391	4.80088e-02
0.76352	4.84532e-02
0.76312	4.88611e-02
0.76270	4.92401e-02
0.76228	4.95963e-02
0.76185	4.99345e-02
0.76142	5.02577e-02
0.76099	5.05681e-02
0.76057	5.08671e-02
0.76012	5.11729e-02
0.75968	5.14691e-02
0.75921	5.17246e-02
0.75875	5.19693e-02
0.75829	5.22036e-02
0.75783	5.24280e-02
0.75739	5.26429e-02
0.75695	5.28490e-02
0.75653	5.30468e-02
0.75611	5.32367e-02
0.75570	5.34193e-02
0.75530	5.35951e-02
0.75492	5.37646e-02
0.75454	5.39281e-02
0.75417	5.40861e-02
0.75382	5.42386e-02
0.75347	5.43861e-02
0.75313	5.45284e-02
0.75281	5.46657e-02
0.75249	5.47979e-02
0.75219	5.49249e-02
0.75189	5.50465e-02
0.75161	5.51627e-02
0.75135	5.52879e-02
0.75106	5.54239e-02
0.75076	5.55507e-02
0.75047	5.56689e-02
0.75014	5.58143e-02
0.74982	5.59500e-02
0.74951	5.60763e-02
0.74921	5.61938e-02
0.74887	5.62596e-02
0.74855	5.63184e-02
0.74823	5.63712e-02
0.74792	5.64191e-02
0.74762	5.64632e-02
0.74732	5.65047e-02
0.74704	5.65448e-02
0.74677	5.65844e-02
0.74650	5.66247e-02
0.74624	5.66664e-02
0.74598	5.67103e-02
0.74573	5.67568e-02
0.74549	5.68062e-02
0.74524	5.68586e-02
0.74501	5.69138e-02
0.74477	5.69713e-02
0.74454	5.70306e-02
0.74431	5.70910e-02
0.74409	5.71514e-02
0.74387	5.72108e-02
0.74365	5.72682e-02
0.74344	5.73223e-02
0.74323	5.73721e-02
0.74303	5.74163e-02
0.74282	5.74563e-02
0.74264	5.74993e-02
0.74246	5.75315e-02
0.74229	5.75524e-02
0.74212	5.75618e-02
0.74197	5.75594e-02
0.74182	5.75452e-02
0.74169	5.75192e-02
0.74156	5.74817e-02
0.74145	5.74330e-02
0.74135	5.73736e-02
0.74126	5.73041e-02
0.74117	5.72171e-02
0.74109	5.71218e-02
0.74102	5.70191e-02
0.74097	5.69096e-02
0.74092	5.67944e-02
0.74087	5.66742e-02
0.74084	5.65499e-02
0.74081	5.64221e-02
0.74078	5.62918e-02
0.74076	5.61595e-02
0.74073	5.60260e-02
0.74071	5.58919e-02
0.74066	5.57131e-02
0.74060	5.55347e-02
0.74054	5.53578e-02
0.74047	5.51830e-02
0.74040	5.50109e-02
0.74032	5.48420e-02
0.74024	5.46768e-02
0.74015	5.45156e-02
0.74005	5.43589e-02
0.73994	5.42069e-02
0.73982	5.40597e-02
0.73969	5.39176e-02
0.73954	5.37807e-02
0.73939	5.36490e-02
0.73922	5.35227e-02
0.73904	5.34018e-02
0.73885	5.32862e-02
0.73865	5.31760e-02
0.73863	5.28203e-02
0.73859	5.24933e-02
0.73851	5.22082e-02
0.73838	5.19716e-02
0.73821	5.17769e-02
0.73797	5.16100e-02
0.73771	5.14703e-02
0.73742	5.13523e-02
0.73713	5.12518e-02
0.73683	5.11665e-02
0.73653	5.10949e-02
0.73623	5.10365e-02
0.73592	5.09914e-02
0.73562	5.09604e-02
0.73532	5.09442e-02
0.73503	5.09442e-02
0.73474	5.09617e-02
0.73445	5.09982e-02
0.73418	5.10554e-02
0.73390	5.11356e-02
0.73363	5.12397e-02
0.73337	5.13693e-02
0.73312	5.15257e-02
0.73287	5.17106e-02
0.73264	5.19253e-02
0.73242	5.21710e-02
0.73218	5.24298e-02
0.73191	5.27573e-02
0.73167	5.31015e-02
0.73146	5.34591e-02
0.73124	5.38764e-02
0.73107	5.43073e-02
0.73094	5.47542e-02
0.73084	5.52228e-02
0.73088	5.56004e-02
0.73094	5.60088e-02
0.73100	5.64581e-02
0.73106	5.69546e-02
0.73110	5.75002e-02
0.73111	5.80926e-02
0.73109	5.87270e-02
0.73105	5.93969e-02
0.73097	6.00948e-02
0.73087	6.08136e-02
0.73075	6.15463e-02
0.73060	6.22865e-02
0.73043	6.30284e-02
0.73024	6.37673e-02
0.73004	6.44985e-02
0.72981	6.52183e-02
0.72958	6.59233e-02
0.72933	6.66106e-02
0.72908	6.72775e-02
0.72881	6.79217e-02
0.72854	6.85413e-02
0.72826	6.91344e-02
0.72798	6.96995e-02
0.72770	7.02355e-02
0.72756	7.08116e-02
0.72741	7.13540e-02
0.72726	7.18616e-02
0.72710	7.23343e-02
0.72695	7.27719e-02
0.72678	7.31703e-02
0.72661	7.35347e-02
0.72644	7.38659e-02
0.72627	7.41652e-02
0.72610	7.44338e-02
0.72593	7.46731e-02
0.72575	7.48847e-02
0.72554	7.50252e-02
0.72532	7.51391e-02
0.72510	7.52281e-02
0.72487	7.52938e-02
0.72464	7.53378e-02
0.72440	7.53614e-02
0.72415	7.53661e-02
0.72390	7.53531e-02
0.72364	7.53235e-02
0.72338	7.52782e-02
0.72311	7.52183e-02
0.72284	7.51446e-02
0.72254	7.50305e-02
0.72223	7.49025e-02
0.72193	7.47614e-02
0.72161	7.46077e-02
0.72129	7.44422e-02
0.72097	7.42652e-02
0.72064	7.40775e-02
0.72031	7.38797e-02
0.71998	7.36724e-02
0.71965	7.34564e-02
0.71931	7.32324e-02
0.71898	7.30014e-02
0.71864	7.27642e-02
0.71831	7.25220e-02
0.71797	7.22757e-02
0.71764	7.20264e-02
0.71730	7.17753e-02
0.71697	7.15233e-02
0.71665	7.12609e-02
0.71633	7.10040e-02
0.71602	7.07534e-02
0.71570	7.05081e-02
0.71539	7.02665e-02
0.71507	7.00335e-02
0.71475	6.98019e-02
0.71445	6.95705e-02
0.71414	6.93439e-02
0.71384	6.91157e-02
0.71356	6.88849e-02
0.71330	6.86506e-02
0.71306	6.84120e-02
0.71284	6.81681e-02
0.71264	6.79183e-02
0.71245	6.76617e-02
0.71228	6.73980e-02
0.71213	6.71267e-02
0.71199	6.68476e-02
0.71187	6.65607e-02
0.71175	6.62661e-02
0.71158	6.59746e-02
0.71142	6.56763e-02
0.71126	6.53717e-02
0.71109	6.50610e-02
0.71092	6.47446e-02
0.71074	6.44229e-02
0.71052	6.41065e-02
0.71030	6.37863e-02
0.71005	6.34625e-02
0.70977	6.31669e-02
0.70946	6.28708e-02
0.70914	6.25742e-02
0.70880	6.22769e-02
0.70844	6.19817e-02
0.70807	6.16862e-02
0.70768	6.13907e-02
0.70728	6.10955e-02
0.70687	6.08011e-02
0.70645	6.05080e-02
0.70602	6.02170e-02
0.70559	5.99287e-02
0.70515	5.96436e-02
0.70470	5.93627e-02
0.70426	5.90864e-02
0.70381	5.88156e-02
0.70337	5.85508e-02
0.70293	5.82926e-02
0.70249	5.80418e-02
0.70206	5.77988e-02
0.70164	5.75643e-02
0.70123	5.73387e-02
0.70083	5.71225e-02
0.70045	5.69163e-02
0.70007	5.67204e-02
0.69972	5.65352e-02
0.69938	5.63613e-02
0.69905	5.61988e-02
0.69874	5.60433e-02
0.69845	5.59000e-02
0.69818	5.57690e-02
0.69793	5.56505e-02
0.69770	5.55447e-02
0.69748	5.54508e-02
0.69729	5.53698e-02
0.69711	5.53019e-02
0.69696	5.52471e-02
0.69683	5.52053e-02
0.69672	5.51766e-02
0.69663	5.51608e-02
0.69654	5.51469e-02
0.69646	5.51455e-02
0.69641	5.51563e-02
0.69637	5.51791e-02
0.69634	5.52137e-02
0.69633	5.52597e-02
0.69634	5.53168e-02
0.69635	5.53847e-02
0.69638	5.54628e-02
0.69643	5.55509e-02
0.69648	5.56484e-02
0.69654	5.57550e-02
0.69660	5.58329e-02
0.69666	5.59191e-02
0.69674	5.60135e-02
0.69682	5.61158e-02
0.69692	5.62257e-02
0.69700	5.63607e-02
0.69710	5.65036e-02
0.69713	5.66772e-02
0.69720	5.68530e-02
0.69730	5.70281e-02
0.69744	5.71991e-02
0.69764	5.73636e-02
0.69798	5.75164e-02
0.69835	5.76651e-02
0.69876	5.78147e-02
0.69918	5.79710e-02
0.69960	5.81383e-02
0.70000	5.83183e-02
0.70029	5.86161e-02
0.70056	5.89112e-02
0.70082	5.91986e-02
0.70108	5.94733e-02
0.70133	5.97311e-02
0.70156	5.99733e-02
0.70180	6.01947e-02
0.70205	6.03953e-02
0.70231	6.05770e-02
0.70258	6.07434e-02
0.70285	6.08992e-02
0.70312	6.10502e-02
0.70340	6.12021e-02
0.70367	6.13600e-02
0.70393	6.15283e-02
0.70418	6.17098e-02
0.70442	6.19063e-02
0.70464	6.21186e-02
0.70484	6.23462e-02
0.70502	6.25884e-02
0.70518	6.28437e-02
0.70527	6.31782e-02
0.70534	6.35234e-02
0.70538	6.38772e-02
0.70540	6.42372e-02
0.70539	6.46013e-02
0.70536	6.49674e-02
0.70531	6.53335e-02
0.70523	6.56979e-02
0.70512	6.60588e-02
0.70499	6.64146e-02
0.70484	6.67640e-02
0.70466	6.71056e-02
0.70446	6.74384e-02
0.70423	6.77595e-02
0.70397	6.80696e-02
0.70369	6.83680e-02
0.70339	6.86539e-02
0.70308	6.89270e-02
0.70274	6.91867e-02
0.70239	6.94327e-02
0.70202	6.96648e-02
0.70164	6.98829e-02
0.70124	7.00869e-02
0.70083	7.02769e-02
0.70041	7.04531e-02
0.69999	7.06160e-02
0.69955	7.07658e-02
0.69911	7.09032e-02
0.69866	7.10288e-02
0.69821	7.11433e-02
0.69775	7.12477e-02
0.69730	7.13428e-02
0.69684	7.14297e-02
0.69639	7.15095e-02
0.69593	7.15831e-02
0.69548	7.16519e-02
0.69503	7.17167e-02
0.69456	7.17669e-02
0.69410	7.18144e-02
0.69364	7.18602e-02
0.69318	7.19050e-02
0.69273	7.19493e-02
0.69228	7.19935e-02
0.69183	7.20377e-02
0.69138	7.20818e-02
0.69094	7.21256e-02
0.69050	7.21685e-02
0.69007	7.22099e-02
0.68964	7.22489e-02
0.68916	7.22794e-02
0.68868	7.23055e-02
0.68819	7.23260e-02
0.68771	7.23400e-02
0.68723	7.23462e-02
0.68676	7.23437e-02
0.68628	7.23316e-02
0.68580	7.23091e-02
0.68533	7.22754e-02
0.68487	7.22301e-02
0.68441	7.21728e-02
0.68395	7.21030e-02
0.68355	7.21054e-02
0.68315	7.20733e-02
0.68274	7.20109e-02
0.68235	7.19212e-02
0.68196	7.18063e-02
0.68154	7.17048e-02
0.68114	7.15796e-02
0.68075	7.14308e-02
0.68037	7.12578e-02
0.68002	7.10597e-02
0.67968	7.08353e-02
0.67936	7.05833e-02
0.67903	7.02689e-02
0.67871	6.99232e-02
0.67842	6.95456e-02
0.67815	6.91352e-02
0.67791	6.86922e-02
0.67769	6.82171e-02
0.67747	6.77193e-02
0.67728	6.71939e-02
0.67710	6.66439e-02
0.67695	6.60728e-02
0.67682	6.54845e-02
0.67679	6.48949e-02
0.67676	6.42974e-02
0.67673	6.36953e-02
0.67670	6.30921e-02
0.67669	6.24773e-02
0.67671	6.18550e-02
0.67678	6.12281e-02
0.67689	6.06020e-02
0.67703	5.99838e-02
0.67719	5.93808e-02
0.67734	5.87982e-02
0.67748	5.82389e-02
0.67762	5.77040e-02
0.67774	5.71939e-02
0.67785	5.67083e-02
0.67795	5.62472e-02
0.67802	5.58625e-02
0.67808	5.54990e-02
0.67815	5.51571e-02
0.67822	5.48371e-02
0.67829	5.45393e-02
0.67837	5.42638e-02
0.67845	5.40107e-02
0.67853	5.37799e-02
0.67862	5.35711e-02
0.67886	5.34421e-02
0.67913	5.33472e-02
0.67941	5.32821e-02
0.67970	5.32406e-02
0.67999	5.32155e-02
0.68026	5.32011e-02
0.68053	5.31935e-02
0.68078	5.31911e-02
0.68102	5.31941e-02
0.68126	5.32031e-02
0.68150	5.32191e-02
0.68175	5.32433e-02
0.68200	5.32763e-02
0.68226	5.33188e-02
0.68253	5.33711e-02
0.68281	5.34334e-02
0.68311	5.35060e-02
0.68363	5.35313e-02
0.68416	5.35750e-02
0.68468	5.36386e-02
0.68519	5.37217e-02
0.68568	5.38226e-02
0.68616	5.39395e-02
0.68662	5.40707e-02
0.68707	5.42147e-02
0.68752	5.43706e-02
0.68796	5.45376e-02
0.68840	5.47150e-02
0.68892	5.49275e-02
0.68941	5.51436e-02
0.68988	5.53629e-02
0.69034	5.55855e-02
0.69078	5.58117e-02
0.69122	5.60417e-02
0.69166	5.62756e-02
0.69209	5.65135e-02
0.69252	5.67550e-02
0.69294	5.70000e-02
0.69337	5.72480e-02
0.69379	5.74985e-02
0.69418	5.77671e-02
0.69457	5.80385e-02
0.69496	5.83118e-02
0.69543	5.84897e-02
0.69587	5.86923e-02
0.69630	5.89130e-02
0.69671	5.91462e-02
0.69712	5.93878e-02
0.69752	5.96345e-02
0.69792	5.98837e-02
0.69832	6.01335e-02
0.69871	6.03824e-02
0.69909	6.05887e-02
0.69947	6.07901e-02
0.69984	6.09860e-02
0.70022	6.11761e-02
0.70060	6.13603e-02
0.70094	6.15651e-02
0.70129	6.17634e-02
0.70164	6.19554e-02
0.70199	6.21414e-02
0.70234	6.23217e-02
0.70269	6.24968e-02
0.70303	6.26669e-02
0.70351	6.28700e-02
0.70397	6.30663e-02
0.70440	6.32553e-02
0.70481	6.34371e-02
0.70520	6.36120e-02
0.70557	6.37802e-02
0.70590	6.39572e-02
0.70620	6.41295e-02
0.70648	6.42979e-02
0.70674	6.44632e-02
0.70697	6.46266e-02
0.70716	6.48086e-02
0.70732	6.49932e-02
0.70746	6.51821e-02
0.70758	6.53766e-02
0.70767	6.55782e-02
0.70775	6.57884e-02
0.70780	6.60080e-02
0.70783	6.62378e-02
0.70785	6.64777e-02
0.70784	6.67270e-02
0.70780	6.69842e-02
0.70775	6.72473e-02
0.70766	6.75135e-02
0.70755	6.77796e-02
0.70741	6.80425e-02
0.70723	6.82990e-02
0.70702	6.85463e-02
0.70677	6.87819e-02
0.70649	6.90040e-02
0.70617	6.92115e-02
0.70582	6.94036e-02
0.70543	6.95801e-02
0.70501	6.97415e-02
0.70456	6.98885e-02
0.70408	7.00220e-02
0.70354	7.01098e-02
0.70297	7.01860e-02
0.70237	7.02525e-02
0.70175	7.03108e-02
0.70109	7.03627e-02
0.70041	7.04097e-02
0.69971	7.04533e-02
0.69898	7.04949e-02
0.69823	7.05356e-02
0.69745	7.05766e-02
0.69666	7.06188e-02
0.69584	7.06631e-02
0.69501	7.07100e-02
0.69416	7.07602e-02
0.69330	7.08141e-02
0.69242	7.08722e-02
0.69153	7.09346e-02
0.69068	7.10433e-02
0.68980	7.11427e-02
0.68890	7.12374e-02
0.68799	7.13309e-02
0.68707	7.14259e-02
0.68614	7.15244e-02
0.68522	7.16276e-02
0.68429	7.17365e-02
0.68336	7.18514e-02
0.68244	7.19729e-02
0.68152	7.21010e-02
0.68074	7.22846e-02
0.67997	7.24742e-02
0.67919	7.26681e-02
0.67842	7.28653e-02
0.67765	7.30651e-02
0.67689	7.32674e-02
0.67613	7.34721e-02
0.67538	7.36796e-02
0.67465	7.38897e-02
0.67393	7.41026e-02
0.67322	7.43182e-02
0.67253	7.45365e-02
0.67191	7.47606e-02
0.67130	7.49856e-02
0.67070	7.52116e-02
0.67010	7.54800e-02
0.66952	7.57517e-02
0.66897	7.60264e-02
0.66843	7.63038e-02
0.66793	7.65835e-02
0.66745	7.68652e-02
0.66699	7.71485e-02
0.66657	7.74332e-02
0.66617	7.77188e-02
0.66579	7.79954e-02
0.66544	7.82725e-02
0.66511	7.85498e-02
0.66481	7.88271e-02
0.66452	7.91041e-02
0.66420	7.94019e-02
0.66392	7.96915e-02
0.66369	7.99712e-02
0.66349	8.02403e-02
0.66333	8.04999e-02
0.66320	8.07519e-02
0.66309	8.09986e-02
0.66308	8.12120e-02
0.66311	8.14177e-02
0.66316	8.16215e-02
0.66322	8.18284e-02
0.66327	8.20421e-02
0.66331	8.22641e-02
0.66331	8.25113e-02
0.66329	8.27659e-02
0.66326	8.30265e-02
0.66322	8.32915e-02
0.66317	8.35599e-02
0.66319	8.38175e-02
0.66322	8.40774e-02
0.66327	8.43399e-02
0.66333	8.46056e-02
0.66340	8.48751e-02
0.66348	8.51490e-02
0.66357	8.54278e-02
0.66367	8.57118e-02
0.66378	8.60012e-02
0.66389	8.62960e-02
0.66401	8.65963e-02
0.66413	8.69021e-02
0.66426	8.72134e-02
0.66439	8.75305e-02
0.66453	8.78534e-02
0.66468	8.81825e-02
0.66483	8.85180e-02
0.66499	8.88600e-02
0.66516	8.92088e-02
0.66534	8.95644e-02
0.66553	8.99268e-02
0.66572	9.02956e-02
0.66592	9.06707e-02
0.66613	9.10512e-02
0.66633	9.14365e-02
0.66663	9.18610e-02
0.66692	9.22828e-02
0.66721	9.27011e-02
0.66748	9.31146e-02
0.66775	9.35220e-02
0.66800	9.39218e-02
0.66825	9.43124e-02
0.66860	9.47266e-02
0.66892	9.51240e-02
0.66922	9.55032e-02
0.66949	9.58635e-02
0.66975	9.62047e-02
0.66998	9.65268e-02
0.67021	9.68299e-02
0.67042	9.71143e-02
0.67062	9.73801e-02
0.67081	9.76275e-02
0.67098	9.78459e-02
0.67113	9.80464e-02
0.67128	9.82292e-02
0.67143	9.83941e-02
0.67157	9.85409e-02
0.67171	9.86693e-02
0.67184	9.87788e-02
0.67197	9.88688e-02
0.67209	9.89385e-02
0.67221	9.89871e-02
0.67232	9.90136e-02
0.67242	9.90167e-02
0.67252	9.89954e-02
0.67261	9.89484e-02
0.67268	9.88745e-02
0.67275	9.87724e-02
0.67281	9.86410e-02
0.67285	9.84793e-02
0.67289	9.82863e-02
0.67292	9.80612e-02
0.67293	9.78034e-02
0.67294	9.75125e-02
0.67294	9.71882e-02
0.67291	9.68527e-02
0.67287	9.64840e-02
0.67283	9.60826e-02
0.67282	9.56000e-02
0.67280	9.50876e-02
0.67279	9.45458e-02
0.67275	9.39674e-02
0.67271	9.33604e-02
0.67268	9.27261e-02
0.67265	9.20656e-02
0.67263	9.13808e-02
0.67261	9.06735e-02
0.67256	8.98869e-02
0.67252	8.90806e-02
0.67249	8.82573e-02
0.67246	8.74199e-02
0.67244	8.65715e-02
0.67239	8.57583e-02
0.67234	8.49431e-02
0.67229	8.41292e-02
0.67225	8.33196e-02
0.67217	8.25015e-02
0.67210	8.16929e-02
0.67201	8.08968e-02
0.67189	8.00763e-02
0.67176	7.92752e-02
0.67162	7.84966e-02
0.67147	7.77432e-02
0.67130	7.70173e-02
0.67113	7.63211e-02
0.67092	7.56695e-02
0.67069	7.50515e-02
0.67045	7.44679e-02
0.67019	7.39196e-02
0.66991	7.34070e-02
0.66968	7.29181e-02
0.66942	7.24675e-02
0.66912	7.20555e-02
0.66879	7.16822e-02
0.66843	7.13477e-02
0.66805	7.10518e-02
0.66763	7.07943e-02
0.66720	7.05748e-02
0.66674	7.03931e-02
0.66627	7.02486e-02
0.66578	7.01408e-02
0.66527	7.00693e-02
0.66475	7.00335e-02
0.66422	7.00329e-02
0.66368	7.00668e-02
0.66312	7.01347e-02
0.66256	7.02359e-02
0.66199	7.03698e-02
0.66142	7.05358e-02
0.66083	7.07330e-02
0.66025	7.09607e-02
0.65965	7.12183e-02
0.65906	7.15088e-02
0.65847	7.18338e-02
0.65788	7.21940e-02
0.65727	7.25787e-02
0.65667	7.29993e-02
0.65609	7.34569e-02
0.65552	7.39520e-02
0.65497	7.44844e-02
0.65444	7.50528e-02
0.65393	7.56540e-02
0.65343	7.62834e-02
0.65296	7.69347e-02
0.65250	7.76011e-02
0.65205	7.82756e-02
0.65161	7.89521e-02
0.65118	7.96258e-02
0.65076	8.02930e-02
0.65035	8.09514e-02
0.64995	8.15994e-02
0.64957	8.22360e-02
0.64920	8.28604e-02
0.64885	8.34719e-02
0.64851	8.40700e-02
0.64819	8.46538e-02
0.64789	8.52226e-02
0.64760	8.57755e-02
0.64734	8.63117e-02
0.64709	8.68301e-02
0.64687	8.73299e-02
0.64666	8.78102e-02
0.64647	8.82701e-02
0.64630	8.87086e-02
0.64616	8.91249e-02
0.64603	8.95183e-02
0.64592	8.98879e-02
0.64583	9.02331e-02
0.64577	9.05531e-02
0.64573	9.08473e-02
0.64571	9.11152e-02
0.64569	9.13451e-02
0.64569	9.15472e-02
0.64572	9.17211e-02
0.64577	9.18668e-02
0.64582	9.19890e-02
0.64590	9.20829e-02
0.64599	9.21486e-02
0.64619	9.19883e-02
0.64641	9.18223e-02
0.64664	9.16495e-02
0.64688	9.14690e-02
0.64713	9.12618e-02
0.64738	9.10466e-02
0.64765	9.08238e-02
0.64793	9.05942e-02
0.64822	9.03590e-02
0.64850	9.00930e-02
0.64879	8.98221e-02
0.64908	8.95478e-02
0.64938	8.92713e-02
0.64969	8.89937e-02
0.65004	8.86901e-02
0.65038	8.83904e-02
0.65072	8.80947e-02
0.65106	8.78036e-02
0.65140	8.75172e-02
0.65174	8.72364e-02
0.65207	8.69618e-02
0.65247	8.67139e-02
0.65286	8.64792e-02
0.65325	8.62596e-02
0.65364	8.60570e-02
0.65400	8.58847e-02
0.65436	8.57345e-02
0.65476	8.55342e-02
0.65518	8.53435e-02
0.65560	8.51683e-02
0.65601	8.50153e-02
0.65641	8.48909e-02
0.65674	8.48032e-02
0.65703	8.47494e-02
0.65730	8.47294e-02
0.65753	8.47417e-02
0.65773	8.47836e-02
0.65789	8.48519e-02
0.65803	8.49433e-02
0.65813	8.50542e-02
0.65820	8.51812e-02
0.65824	8.53209e-02
0.65825	8.54699e-02
0.65823	8.56251e-02
0.65818	8.57835e-02
0.65810	8.59421e-02
0.65798	8.60860e-02
0.65784	8.62257e-02
0.65767	8.63589e-02
0.65748	8.64837e-02
0.65726	8.65980e-02
0.65702	8.67002e-02
0.65677	8.67888e-02
0.65649	8.68624e-02
0.65620	8.69198e-02
0.65590	8.69599e-02
0.65558	8.69818e-02
0.65535	8.69979e-02
0.65510	8.69922e-02
0.65480	8.69634e-02
0.65447	8.69111e-02
0.65412	8.68355e-02
0.65373	8.67368e-02
0.65333	8.66156e-02
0.65291	8.64725e-02
0.65247	8.63081e-02
0.65203	8.61232e-02
0.65157	8.59186e-02
0.65111	8.56953e-02
0.65064	8.54542e-02
0.65017	8.51966e-02
0.64970	8.49234e-02
0.64922	8.46359e-02
0.64874	8.43355e-02
0.64827	8.40235e-02
0.64779	8.37011e-02
0.64732	8.33699e-02
0.64684	8.30311e-02
0.64638	8.26862e-02
0.64591	8.23367e-02
0.64545	8.19839e-02
0.64499	8.16292e-02
0.64454	8.12740e-02
0.64410	8.09198e-02
0.64366	8.05678e-02
0.64322	8.02195e-02
0.64279	7.98761e-02
0.64237	7.95389e-02
0.64196	7.92091e-02
0.64155	7.88877e-02
0.64115	7.85759e-02
0.64076	7.82745e-02
0.64037	7.79843e-02
0.63998	7.77098e-02
0.63960	7.74480e-02
0.63923	7.71992e-02
0.63887	7.69636e-02
0.63849	7.67548e-02
0.63811	7.65606e-02
0.63775	7.63805e-02
0.63742	7.61665e-02
0.63711	7.59681e-02
0.63680	7.57840e-02
0.63650	7.56129e-02
0.63621	7.54536e-02
0.63593	7.53048e-02
0.63566	7.51654e-02
0.63540	7.50341e-02
0.63516	7.49098e-02
0.63492	7.47912e-02
0.63470	7.46771e-02
0.63449	7.45665e-02
0.63429	7.44582e-02
0.63410	7.43511e-02
0.63393	7.42445e-02
0.63377	7.41374e-02
0.63363	7.40291e-02
0.63350	7.39191e-02
0.63339	7.38069e-02
0.63329	7.36921e-02
0.63321	7.35746e-02
0.63310	7.34398e-02
0.63300	7.33039e-02
0.63291	7.31673e-02
0.63284	7.30307e-02
0.63276	7.29079e-02
0.63269	7.27867e-02
0.63256	7.26470e-02
0.63244	7.25070e-02
0.63232	7.23675e-02
0.63221	7.22291e-02
0.63211	7.20924e-02
0.63199	7.19596e-02
0.63188	7.18302e-02
0.63176	7.17045e-02
0.63166	7.15830e-02
0.63155	7.14660e-02
0.63144	7.13535e-02
0.63133	7.12456e-02
0.63120	7.11711e-02
0.63106	7.11012e-02
0.63093	7.10358e-02
0.63079	7.09742e-02
0.63065	7.09159e-02
0.63050	7.08604e-02
0.63036	7.08070e-02
0.63019	7.07217e-02
0.63002	7.06379e-02
0.62985	7.05549e-02
0.62967	7.04721e-02
0.62950	7.03890e-02
0.62932	7.03048e-02
0.62914	7.02193e-02
0.62897	7.01321e-02
0.62879	7.00431e-02
0.62861	6.99523e-02
0.62844	6.98600e-02
0.62832	6.98050e-02
0.62821	6.97644e-02
0.62812	6.97380e-02
0.62804	6.97245e-02
0.62798	6.97227e-02
0.62793	6.97305e-02
0.62790	6.97465e-02
0.62786	6.97693e-02
0.62784	6.97984e-02
0.62781	6.98341e-02
0.62779	6.98775e-02
0.62777	6.99301e-02
0.62776	6.99941e-02
0.62775	7.00715e-02
0.62774	7.01645e-02
0.62773	7.02747e-02
0.62773	7.04036e-02
0.62772	7.05519e-02
0.62772	7.07199e-02
0.62771	7.09076e-02
0.62771	7.11146e-02
0.62769	7.13401e-02
0.62767	7.15834e-02
0.62764	7.18436e-02
0.62761	7.21199e-02
0.62756	7.24119e-02
0.62749	7.27191e-02
0.62742	7.30412e-02
0.62732	7.33784e-02
0.62722	7.37307e-02
0.62709	7.40985e-02
0.62695	7.44820e-02
0.62679	7.48817e-02
0.62662	7.52976e-02
0.62643	7.57299e-02
0.62622	7.61785e-02
0.62594	7.67294e-02
0.62565	7.72985e-02
0.62534	7.78847e-02
0.62502	7.84863e-02
0.62468	7.91016e-02
0.62434	7.97286e-02
0.62398	8.03652e-02
0.62359	8.10171e-02
0.62320	8.16736e-02
0.62280	8.23323e-02
0.62239	8.29910e-02
0.62198	8.36475e-02
0.62157	8.42997e-02
0.62115	8.49458e-02
0.62074	8.55839e-02
0.62032	8.62123e-02
0.61991	8.68295e-02
0.61950	8.74341e-02
0.61909	8.80247e-02
0.61868	8.86000e-02
0.61827	8.91589e-02
0.61787	8.97003e-02
0.61747	9.02234e-02
0.61707	9.07272e-02
0.61668	9.12111e-02
0.61628	9.16746e-02
0.61589	9.21175e-02
0.61550	9.25397e-02
0.61506	9.28737e-02
0.61461	9.31848e-02
0.61413	9.34633e-02
0.61365	9.37206e-02
0.61312	9.39874e-02
0.61258	9.42378e-02
0.61198	9.44851e-02
0.61136	9.47170e-02
0.61074	9.49350e-02
0.61011	9.51404e-02
0.60948	9.53344e-02
0.60885	9.55181e-02
0.60821	9.56927e-02
0.60757	9.58589e-02
0.60694	9.60177e-02
0.60631	9.61697e-02
0.60568	9.63157e-02
0.60505	9.64562e-02
0.60441	9.66202e-02
0.60377	9.67812e-02
0.60315	9.69393e-02
0.60253	9.70948e-02
0.60192	9.72479e-02
0.60132	9.73983e-02
0.60072	9.75457e-02
0.60012	9.76591e-02
0.59951	9.77683e-02
0.59891	9.78724e-02
0.59832	9.79704e-02
0.59772	9.80615e-02
0.59712	9.81448e-02
0.59653	9.82198e-02
0.59593	9.82864e-02
0.59534	9.83451e-02
0.59474	9.83970e-02
0.59416	9.84439e-02
0.59352	9.84848e-02
0.59288	9.85134e-02
0.59225	9.85464e-02
0.59162	9.85891e-02
0.59099	9.86469e-02
0.59036	9.87252e-02
0.58973	9.88283e-02
0.58908	9.89595e-02
0.58842	9.91202e-02
0.58774	9.93102e-02
0.58703	9.95276e-02
0.58631	9.97701e-02
0.58556	1.00035e-01
0.58480	1.00319e-01
0.58402	1.00619e-01
0.58324	1.00933e-01
0.58245	1.01260e-01
0.58166	1.01596e-01
0.58088	1.01940e-01
0.58010	1.02289e-01
0.57934	1.02643e-01
0.57860	1.02999e-01
0.57787	1.03355e-01
0.57717	1.03710e-01
0.57649	1.04061e-01
0.57583	1.04407e-01
0.57521	1.04745e-01
0.57462	1.05075e-01
0.57407	1.05393e-01
0.57355	1.05698e-01
0.57307	1.05989e-01
0.57263	1.06264e-01
0.57222	1.06521e-01
0.57186	1.06760e-01
0.57153	1.06978e-01
0.57125	1.07175e-01
0.57106	1.07381e-01
0.57091	1.07563e-01
0.57080	1.07718e-01
0.57072	1.07846e-01
0.57068	1.07944e-01
0.57068	1.08013e-01
0.57071	1.08051e-01
0.57099	1.08020e-01
0.57131	1.07962e-01
0.57167	1.07877e-01
0.57206	1.07764e-01
0.57247	1.07624e-01
0.57291	1.07456e-01
0.57336	1.07259e-01
0.57383	1.07032e-01
0.57431	1.06776e-01
0.57480	1.06489e-01
0.57531	1.06172e-01
0.57582	1.05826e-01
0.57636	1.05450e-01
0.57690	1.05044e-01
0.57746	1.04610e-01
0.57803	1.04149e-01
0.57862	1.03660e-01
0.57921	1.03146e-01
0.57982	1.02607e-01
0.58044	1.02043e-01
0.58107	1.01457e-01
0.58165	1.00876e-01
0.58222	1.00275e-01
0.58278	9.96330e-02
0.58333	9.89735e-02
0.58388	9.83082e-02
0.58442	9.76289e-02
0.58491	9.69122e-02
0.58540	9.61813e-02
0.58587	9.54370e-02
0.58635	9.46800e-02
0.58682	9.39110e-02
0.58728	9.31306e-02
0.58773	9.23391e-02
0.58818	9.15370e-02
0.58862	9.07244e-02
0.58906	8.99013e-02
0.58949	8.90678e-02
0.58991	8.82237e-02
0.59032	8.73908e-02
0.59071	8.65471e-02
0.59111	8.56924e-02
0.59150	8.48270e-02
0.59188	8.39510e-02
0.59227	8.30650e-02
0.59265	8.21698e-02
0.59303	8.12665e-02
0.59352	8.05419e-02
0.59394	7.98291e-02
0.59433	7.90726e-02
0.59469	7.82801e-02
0.59504	7.74610e-02
0.59537	7.66249e-02
0.59570	7.57807e-02
0.59602	7.49360e-02
0.59634	7.40973e-02
0.59666	7.32704e-02
0.59697	7.24603e-02
0.59728	7.16713e-02
0.59759	7.09071e-02
0.59790	7.01712e-02
0.59821	6.94664e-02
0.59851	6.87954e-02
0.59881	6.81607e-02
0.59910	6.75643e-02
0.59938	6.70084e-02
0.59965	6.64950e-02
0.59992	6.60259e-02
0.60017	6.56031e-02
0.60040	6.52278e-02
0.60061	6.49014e-02
0.60080	6.46242e-02
0.60096	6.43961e-02
0.60109	6.42160e-02
0.60118	6.40823e-02
0.60123	6.39926e-02
0.60125	6.39441e-02
0.60122	6.39338e-02
0.60115	6.39586e-02
0.60104	6.40154e-02
0.60088	6.41012e-02
0.60069	6.42131e-02
0.60046	6.43485e-02
0.60020	6.45047e-02
0.59990	6.46793e-02
0.59957	6.48700e-02
0.59921	6.50745e-02
0.59882	6.52906e-02
0.59840	6.55164e-02
0.59796	6.57499e-02
0.59749	6.59893e-02
0.59700	6.62328e-02
0.59650	6.64790e-02
0.59595	6.67436e-02
0.59539	6.70077e-02
0.59481	6.72698e-02
0.59423	6.75287e-02
0.59363	6.77834e-02
0.59303	6.80329e-02
0.59242	6.82762e-02
0.59175	6.85192e-02
0.59109	6.87545e-02
0.59042	6.89818e-02
0.58976	6.92009e-02
0.58910	6.94118e-02
0.58844	6.96147e-02
0.58780	6.98101e-02
0.58716	6.99986e-02
0.58654	7.01812e-02
0.58593	7.03590e-02
0.58533	7.05333e-02
0.58474	7.07058e-02
0.58417	7.08782e-02
0.58362	7.10524e-02
0.58307	7.12305e-02
0.58255	7.14146e-02
0.58203	7.16067e-02
0.58153	7.18092e-02
0.58104	7.20240e-02
0.58056	7.22532e-02
0.58009	7.24987e-02
0.57960	7.27667e-02
0.57912	7.30556e-02
0.57862	7.33585e-02
0.57813	7.36849e-02
0.57764	7.40083e-02
0.57714	7.43570e-02
0.57660	7.47077e-02
0.57606	7.50834e-02
0.57553	7.54843e-02
0.57500	7.59101e-02
0.57447	7.63606e-02
0.57395	7.68350e-02
0.57343	7.73324e-02
0.57292	7.78515e-02
0.57241	7.83909e-02
0.57190	7.89489e-02
0.57138	7.94929e-02
0.57085	8.00497e-02
0.57026	8.07108e-02
0.56966	8.13876e-02
0.56905	8.20767e-02
0.56843	8.27751e-02
0.56778	8.34796e-02
0.56713	8.41874e-02
0.56645	8.48956e-02
0.56575	8.56019e-02
0.56503	8.63041e-02
0.56426	8.70289e-02
0.56347	8.77460e-02
0.56266	8.84541e-02
0.56184	8.91521e-02
0.56100	8.98390e-02
0.56021	9.04861e-02
0.55942	9.11212e-02
0.55861	9.17448e-02
0.55781	9.23572e-02
0.55699	9.29585e-02
0.55618	9.35490e-02
0.55536	9.41284e-02
0.55454	9.46967e-02
0.55372	9.52537e-02
0.55290	9.57990e-02
0.55208	9.63322e-02
0.55126	9.68532e-02
0.55045	9.73613e-02
0.54963	9.78564e-02
0.54881	9.83381e-02
0.54800	9.88059e-02
0.54719	9.92595e-02
0.54637	9.96986e-02
0.54556	1.00123e-01
0.54474	1.00532e-01
0.54393	1.00925e-01
0.54311	1.01303e-01
0.54229	1.01664e-01
0.54147	1.02008e-01
0.54065	1.02335e-01
0.53982	1.02645e-01
0.53900	1.02936e-01
0.53816	1.03209e-01
0.53733	1.03463e-01
0.53649	1.03697e-01
0.53565	1.03910e-01
0.53481	1.04102e-01
0.53397	1.04272e-01
0.53313	1.04420e-01
0.53228	1.04543e-01
0.53144	1.04643e-01
0.53061	1.04718e-01
0.52977	1.04767e-01
0.52895	1.04790e-01
0.52812	1.04786e-01
0.52727	1.04760e-01
0.52644	1.04709e-01
0.52561	1.04632e-01
0.52479	1.04529e-01
0.52399	1.04402e-01
0.52320	1.04250e-01
0.52243	1.04074e-01
0.52164	1.03865e-01
0.52086	1.03633e-01
0.52011	1.03377e-01
0.51939	1.03099e-01
0.51869	1.02800e-01
0.51801	1.02480e-01
0.51738	1.02140e-01
0.51677	1.01780e-01
0.51620	1.01402e-01
0.51566	1.01007e-01
0.51517	1.00596e-01
0.51471	1.00169e-01
0.51430	9.97291e-02
0.51393	9.92763e-02
0.51361	9.88128e-02
0.51333	9.83402e-02
0.51310	9.78603e-02
0.51292	9.73753e-02
0.51279	9.68872e-02
0.51270	9.63983e-02
0.51266	9.59111e-02
0.51270	9.54110e-02
0.51279	9.49174e-02
0.51288	9.44204e-02
0.51301	9.39353e-02
0.51318	9.34645e-02
0.51338	9.30099e-02
0.51364	9.25590e-02
0.51392	9.21292e-02
0.51423	9.17216e-02
0.51456	9.13366e-02
0.51491	9.09745e-02
0.51528	9.06347e-02
0.51565	9.03164e-02
0.51603	9.00185e-02
0.51642	8.97394e-02
0.51681	8.94778e-02
0.51719	8.92267e-02
0.51758	8.89892e-02
0.51782	8.90423e-02
0.51807	8.90835e-02
0.51832	8.91111e-02
0.51859	8.91246e-02
0.51886	8.91247e-02
0.51914	8.91128e-02
0.51943	8.90913e-02
0.51973	8.90629e-02
0.52003	8.90308e-02
0.52031	8.90252e-02
0.52058	8.90233e-02
0.52086	8.90281e-02
0.52113	8.90425e-02
0.52140	8.90691e-02
0.52165	8.90998e-02
0.52189	8.91456e-02
0.52211	8.92076e-02
0.52232	8.92858e-02
0.52252	8.93798e-02
0.52269	8.94886e-02
0.52284	8.96106e-02
0.52297	8.97439e-02
0.52307	8.98861e-02
0.52315	9.00348e-02
0.52319	9.01875e-02
0.52322	9.03420e-02
0.52321	9.04959e-02
0.52318	9.06474e-02
0.52313	9.07948e-02
0.52305	9.09369e-02
0.52295	9.10725e-02
0.52283	9.12009e-02
0.52269	9.13214e-02
0.52253	9.14338e-02
0.52236	9.15380e-02
0.52217	9.16339e-02
0.52197	9.17217e-02
0.52176	9.18017e-02
0.52154	9.18745e-02
0.52130	9.19407e-02
0.52106	9.20010e-02
0.52081	9.20562e-02
0.52055	9.21074e-02
0.52029	9.21558e-02
0.52001	9.22024e-02
0.51974	9.22487e-02
0.51945	9.22960e-02
0.51916	9.23457e-02
0.51886	9.23991e-02
0.51855	9.24579e-02
0.51824	9.25233e-02
0.51792	9.25967e-02
0.51759	9.26794e-02
0.51725	9.27724e-02
0.51682	9.29566e-02
0.51637	9.31578e-02
0.51591	9.33764e-02
0.51543	9.36124e-02
0.51499	9.38397e-02
0.51454	9.40848e-02
0.51407	9.43472e-02
0.51363	9.46224e-02
0.51318	9.49136e-02
0.51272	9.52198e-02
0.51226	9.55396e-02
0.51181	9.58719e-02
0.51136	9.62156e-02
0.51092	9.65697e-02
0.51049	9.69336e-02
0.51008	9.73070e-02
0.50969	9.76900e-02
0.50932	9.80831e-02
0.50897	9.84872e-02
0.50865	9.89034e-02
0.50836	9.93330e-02
0.50810	9.97774e-02
0.50787	1.00238e-01
0.50767	1.00716e-01
0.50750	1.01212e-01
0.50736	1.01727e-01
0.50724	1.02264e-01
0.50716	1.02818e-01
0.50706	1.03349e-01
0.50699	1.03896e-01
0.50694	1.04457e-01
0.50692	1.05033e-01
0.50693	1.05621e-01
0.50697	1.06222e-01
0.50709	1.06825e-01
0.50723	1.07437e-01
0.50738	1.08053e-01
0.50756	1.08674e-01
0.50775	1.09297e-01
0.50795	1.09920e-01
0.50816	1.10542e-01
0.50839	1.11159e-01
0.50862	1.11771e-01
0.50886	1.12376e-01
0.50917	1.13035e-01
0.50950	1.13687e-01
0.50983	1.14331e-01
0.51017	1.14963e-01
0.51050	1.15583e-01
0.51082	1.16188e-01
0.51114	1.16777e-01
0.51145	1.17347e-01
0.51174	1.17899e-01
0.51202	1.18431e-01
0.51228	1.18943e-01
0.51247	1.19533e-01
0.51264	1.20105e-01
0.51279	1.20659e-01
0.51292	1.21195e-01
0.51304	1.21713e-01
0.51312	1.22200e-01
0.51319	1.22673e-01
0.51325	1.23131e-01
0.51330	1.23578e-01
0.51335	1.24013e-01
0.51340	1.24439e-01
0.51345	1.24857e-01
0.51350	1.25268e-01
0.51356	1.25673e-01
0.51361	1.26073e-01
0.51366	1.26469e-01
0.51371	1.26860e-01
0.51377	1.27247e-01
0.51383	1.27630e-01
0.51388	1.28007e-01
0.51394	1.28377e-01
0.51400	1.28739e-01
0.51406	1.29092e-01
0.51412	1.29432e-01
0.51418	1.29758e-01
0.51424	1.30067e-01
0.51431	1.30355e-01
0.51437	1.30621e-01
0.51442	1.30860e-01
0.51448	1.31071e-01
0.51454	1.31251e-01
0.51460	1.31398e-01
0.51465	1.31508e-01
0.51466	1.31535e-01
0.51466	1.31522e-01
0.51467	1.31468e-01
0.51467	1.31373e-01
0.51468	1.31235e-01
0.51468	1.31056e-01
0.51469	1.30834e-01
0.51469	1.30571e-01
0.51469	1.30266e-01
0.51469	1.29922e-01
0.51469	1.29540e-01
0.51469	1.29120e-01
0.51465	1.28679e-01
0.51462	1.28204e-01
0.51458	1.27697e-01
0.51453	1.27161e-01
0.51446	1.26595e-01
0.51437	1.26004e-01
0.51425	1.25380e-01
0.51408	1.24748e-01
0.51390	1.24099e-01
0.51372	1.23438e-01
0.51354	1.22765e-01
0.51336	1.22084e-01
0.51318	1.21396e-01
0.51301	1.20705e-01
0.51283	1.20012e-01
0.51267	1.19320e-01
0.51251	1.18631e-01
0.51236	1.17947e-01
0.51221	1.17271e-01
0.51207	1.16605e-01
0.51194	1.15950e-01
0.51182	1.15310e-01
0.51171	1.14686e-01
0.51160	1.14080e-01
0.51150	1.13495e-01
0.51141	1.12931e-01
0.51129	1.12413e-01
0.51118	1.11920e-01
0.51106	1.11427e-01
0.51095	1.10982e-01
0.51086	1.10585e-01
0.51079	1.10234e-01
0.51073	1.09925e-01
0.51069	1.09655e-01
0.51062	1.09416e-01
0.51054	1.09207e-01
0.51047	1.09020e-01
0.51040	1.08852e-01
0.51033	1.08698e-01
0.51025	1.08554e-01
0.51017	1.08416e-01
0.51008	1.08282e-01
0.50998	1.08150e-01
0.50987	1.08018e-01
0.50973	1.07866e-01
0.50959	1.07713e-01
0.50943	1.07559e-01
0.50925	1.07404e-01
0.50907	1.07249e-01
0.50886	1.07092e-01
0.50865	1.06936e-01
0.50841	1.06779e-01
0.50817	1.06619e-01
0.50792	1.06456e-01
0.50765	1.06289e-01
0.50734	1.06198e-01
0.50702	1.06099e-01
0.50669	1.05992e-01
0.50635	1.05879e-01
0.50599	1.05762e-01
0.50561	1.05642e-01
0.50520	1.05523e-01
0.50477	1.05406e-01
0.50430	1.05292e-01
0.50380	1.05180e-01
0.50327	1.05070e-01
0.50272	1.04961e-01
0.50214	1.04852e-01
0.50154	1.04743e-01
0.50092	1.04633e-01
0.50028	1.04522e-01
0.49963	1.04411e-01
0.49897	1.04299e-01
0.49831	1.04188e-01
0.49764	1.04078e-01
0.49697	1.03970e-01
0.49630	1.03864e-01
0.49563	1.03763e-01
0.49497	1.03667e-01
0.49432	1.03576e-01
0.49368	1.03492e-01
0.49305	1.03415e-01
0.49243	1.03346e-01
0.49183	1.03285e-01
0.49125	1.03232e-01
0.49068	1.03188e-01
0.49013	1.03153e-01
0.48961	1.03127e-01
0.48907	1.03083e-01
0.48856	1.03047e-01
0.48807	1.03018e-01
0.48760	1.02997e-01
0.48715	1.02983e-01
0.48672	1.02975e-01
0.48631	1.02973e-01
0.48591	1.02975e-01
0.48553	1.02983e-01
0.48517	1.02994e-01
0.48482	1.03008e-01
0.48448	1.03024e-01
0.48411	1.03027e-01
0.48374	1.03030e-01
0.48339	1.03033e-01
0.48303	1.03036e-01
0.48265	1.03076e-01
0.48228	1.03115e-01
0.48193	1.03155e-01
0.48155	1.03224e-01
0.48117	1.03294e-01
0.48078	1.03368e-01
0.48038	1.03445e-01
0.47997	1.03526e-01
0.47956	1.03612e-01
0.47914	1.03703e-01
0.47872	1.03800e-01
0.47828	1.03905e-01
0.47784	1.04017e-01
0.47739	1.04139e-01
0.47694	1.04270e-01
0.47647	1.04412e-01
0.47600	1.04565e-01
0.47553	1.04730e-01
0.47504	1.04909e-01
0.47455	1.05101e-01
0.47405	1.05308e-01
0.47354	1.05530e-01
0.47301	1.05776e-01
0.47248	1.06039e-01
0.47187	1.06284e-01
0.47125	1.06549e-01
0.47062	1.06834e-01
0.46998	1.07139e-01
0.46934	1.07462e-01
0.46869	1.07804e-01
0.46801	1.08141e-01
0.46733	1.08496e-01
0.46664	1.08867e-01
0.46595	1.09255e-01
0.46526	1.09659e-01
0.46457	1.10079e-01
0.46388	1.10514e-01
0.46319	1.10965e-01
0.46250	1.11429e-01
0.46181	1.11908e-01
0.46111	1.12382e-01
0.46041	1.12868e-01
0.45970	1.13367e-01
0.45899	1.13879e-01
0.45827	1.14401e-01
0.45755	1.14935e-01
0.45681	1.15479e-01
0.45607	1.16033e-01
0.45532	1.16595e-01
0.45456	1.17164e-01
0.45379	1.17738e-01
0.45306	1.18314e-01
0.45232	1.18893e-01
0.45157	1.19475e-01
0.45082	1.20056e-01
0.45006	1.20636e-01
0.44929	1.21213e-01
0.44852	1.21786e-01
0.44769	1.22270e-01
0.44685	1.22745e-01
0.44601	1.23210e-01
0.44517	1.23667e-01
0.44432	1.24114e-01
0.44348	1.24551e-01
0.44264	1.24978e-01
0.44180	1.25396e-01
0.44096	1.25804e-01
0.44012	1.26203e-01
0.43928	1.26592e-01
0.43844	1.26971e-01
0.43761	1.27341e-01
0.43677	1.27701e-01
0.43594	1.28051e-01
0.43512	1.28389e-01
0.43430	1.28714e-01
0.43348	1.29027e-01
0.43267	1.29324e-01
0.43188	1.29604e-01
0.43109	1.29865e-01
0.43032	1.30106e-01
0.42957	1.30323e-01
0.42884	1.30515e-01
0.42813	1.30681e-01
0.42745	1.30819e-01
0.42680	1.30928e-01
0.42617	1.31007e-01
0.42559	1.31056e-01
0.42503	1.31076e-01
0.42451	1.31068e-01
0.42403	1.31033e-01
0.42358	1.30973e-01
0.42318	1.30888e-01
0.42281	1.30782e-01
0.42247	1.30656e-01
0.42218	1.30512e-01
0.42192	1.30352e-01
0.42182	1.30111e-01
0.42176	1.29857e-01
0.42172	1.29591e-01
0.42172	1.29316e-01
0.42173	1.29054e-01
0.42176	1.28787e-01
0.42180	1.28503e-01
0.42173	1.28298e-01
0.42169	1.28085e-01
0.42166	1.27865e-01
0.42164	1.27637e-01
0.42164	1.27403e-01
0.42165	1.27162e-01
0.42168	1.26915e-01
0.42171	1.26662e-01
0.42176	1.26403e-01
0.42182	1.26138e-01
0.42189	1.25866e-01
0.42197	1.25588e-01
0.42207	1.25303e-01
0.42218	1.25011e-01
0.42231	1.24712e-01
0.42247	1.24405e-01
0.42264	1.24091e-01
0.42283	1.23770e-01
0.42305	1.23442e-01
0.42326	1.23163e-01
0.42350	1.22879e-01
0.42374	1.22600e-01
0.42401	1.22315e-01
0.42432	1.22025e-01
0.42466	1.21731e-01
0.42503	1.21435e-01
0.42544	1.21139e-01
0.42585	1.20825e-01
0.42630	1.20515e-01
0.42675	1.20184e-01
0.42724	1.19863e-01
0.42776	1.19556e-01
0.42831	1.19265e-01
0.42888	1.18993e-01
0.42947	1.18743e-01
0.43008	1.18519e-01
0.43070	1.18323e-01
0.43134	1.18157e-01
0.43198	1.18025e-01
0.43263	1.17928e-01
0.43328	1.17867e-01
0.43392	1.17845e-01
0.43456	1.17861e-01
0.43520	1.17915e-01
0.43582	1.18008e-01
0.43643	1.18139e-01
0.43703	1.18305e-01
0.43762	1.18505e-01
0.43815	1.18740e-01
0.43866	1.19006e-01
0.43916	1.19302e-01
0.43965	1.19625e-01
0.44012	1.19974e-01
0.44059	1.20345e-01
0.44104	1.20738e-01
0.44145	1.21127e-01
0.44185	1.21536e-01
0.44224	1.21962e-01
0.44262	1.22406e-01
0.44299	1.22867e-01
0.44335	1.23346e-01
0.44370	1.23842e-01
0.44403	1.24354e-01
0.44435	1.24884e-01
0.44466	1.25428e-01
0.44495	1.25987e-01
0.44523	1.26559e-01
0.44549	1.27142e-01
0.44574	1.27733e-01
0.44598	1.28331e-01
0.44621	1.28934e-01
0.44644	1.29538e-01
0.44666	1.30141e-01
0.44688	1.30740e-01
0.44710	1.31333e-01
0.44733	1.31918e-01
0.44757	1.32492e-01
0.44781	1.33052e-01
0.44806	1.33598e-01
0.44833	1.34128e-01
0.44861	1.34639e-01
0.44890	1.35131e-01
0.44921	1.35603e-01
0.44952	1.36054e-01
0.44984	1.36484e-01
0.45017	1.36893e-01
0.45050	1.37280e-01
0.45083	1.37646e-01
0.45116	1.37992e-01
0.45148	1.38319e-01
0.45180	1.38631e-01
0.45211	1.38928e-01
0.45241	1.39215e-01
0.45258	1.39439e-01
0.45273	1.39653e-01
0.45287	1.39861e-01
0.45300	1.40067e-01
0.45323	1.40190e-01
0.45346	1.40319e-01
0.45365	1.40452e-01
0.45383	1.40596e-01
0.45398	1.40757e-01
0.45411	1.40937e-01
0.45421	1.41138e-01
0.45429	1.41362e-01
0.45435	1.41608e-01
0.45437	1.41878e-01
0.45437	1.42171e-01
0.45433	1.42485e-01
0.45426	1.42819e-01
0.45416	1.43174e-01
0.45403	1.43546e-01
0.45387	1.43936e-01
0.45367	1.44343e-01
0.45345	1.44766e-01
0.45320	1.45205e-01
0.45292	1.45658e-01
0.45262	1.46125e-01
0.45229	1.46602e-01
0.45200	1.46938e-01
0.45167	1.47275e-01
0.45128	1.47583e-01
0.45086	1.47883e-01
0.45041	1.48172e-01
0.44993	1.48448e-01
0.44941	1.48710e-01
0.44887	1.48955e-01
0.44823	1.49191e-01
0.44755	1.49412e-01
0.44681	1.49601e-01
0.44604	1.49777e-01
0.44525	1.49939e-01
0.44445	1.50090e-01
0.44364	1.50231e-01
0.44282	1.50361e-01
0.44200	1.50482e-01
0.44118	1.50594e-01
0.44037	1.50696e-01
0.43958	1.50789e-01
0.43880	1.50869e-01
0.43804	1.50936e-01
0.43731	1.50988e-01
0.43661	1.51022e-01
0.43594	1.51035e-01
0.43531	1.51024e-01
0.43472	1.50986e-01
0.43418	1.50917e-01
0.43368	1.50813e-01
0.43323	1.50679e-01
0.43283	1.50503e-01
0.43249	1.50285e-01
0.43221	1.50023e-01
0.43198	1.49714e-01
0.43182	1.49358e-01
0.43171	1.48955e-01
0.43169	1.48507e-01
0.43173	1.48014e-01
0.43181	1.47478e-01
0.43195	1.46902e-01
0.43213	1.46290e-01
0.43242	1.45689e-01
0.43275	1.45058e-01
0.43311	1.44398e-01
0.43349	1.43715e-01
0.43389	1.43013e-01
0.43431	1.42296e-01
0.43473	1.41571e-01
0.43517	1.40844e-01
0.43561	1.40120e-01
0.43605	1.39407e-01
0.43649	1.38712e-01
0.43693	1.38043e-01
0.43737	1.37406e-01
0.43780	1.36808e-01
0.43822	1.36256e-01
0.43863	1.35755e-01
0.43902	1.35306e-01
0.43941	1.34911e-01
0.43978	1.34570e-01
0.44014	1.34278e-01
0.44050	1.34032e-01
0.44085	1.33827e-01
0.44120	1.33656e-01
0.44155	1.33513e-01
0.44191	1.33391e-01
0.44228	1.33284e-01
0.44266	1.33186e-01
0.44306	1.33092e-01
0.44348	1.32996e-01
0.44392	1.32894e-01
0.44439	1.32782e-01
0.44488	1.32656e-01
0.44540	1.32512e-01
0.44591	1.32299e-01
0.44644	1.32061e-01
0.44699	1.31797e-01
0.44757	1.31504e-01
0.44812	1.31220e-01
0.44869	1.30904e-01
0.44925	1.30532e-01
0.44984	1.30126e-01
0.45043	1.29679e-01
0.45103	1.29192e-01
0.45164	1.28664e-01
0.45226	1.28097e-01
0.45288	1.27489e-01
0.45352	1.26844e-01
0.45415	1.26163e-01
0.45480	1.25446e-01
0.45545	1.24698e-01
0.45610	1.23920e-01
0.45675	1.23114e-01
0.45740	1.22285e-01
0.45805	1.21435e-01
0.45870	1.20567e-01
0.45934	1.19686e-01
0.45998	1.18794e-01
0.46061	1.17895e-01
0.46123	1.16992e-01
0.46182	1.16118e-01
0.46239	1.15248e-01
0.46295	1.14385e-01
0.46349	1.13534e-01
0.46402	1.12696e-01
0.46452	1.11876e-01
0.46500	1.11075e-01
0.46546	1.10295e-01
0.46590	1.09533e-01
0.46632	1.08796e-01
0.46684	1.08175e-01
0.46735	1.07585e-01
0.46784	1.07024e-01
0.46829	1.06487e-01
0.46871	1.05971e-01
0.46909	1.05471e-01
0.46942	1.04982e-01
0.46971	1.04499e-01
0.46994	1.04018e-01
0.47012	1.03536e-01
0.47025	1.03050e-01
0.47032	1.02558e-01
0.47035	1.02057e-01
0.47032	1.01545e-01
0.47025	1.01020e-01
0.47014	1.00482e-01
0.46999	9.99278e-02
0.46979	9.93570e-02
0.46956	9.87687e-02
0.46925	9.81985e-02
0.46891	9.76112e-02
0.46853	9.70070e-02
0.46813	9.63867e-02
0.46769	9.57514e-02
0.46723	9.51026e-02
0.46674	9.44422e-02
0.46620	9.37444e-02
0.46564	9.30400e-02
0.46507	9.23318e-02
0.46448	9.16230e-02
0.46387	9.09166e-02
0.46321	9.02807e-02
0.46254	8.96570e-02
0.46186	8.90486e-02
0.46118	8.84580e-02
0.46050	8.78881e-02
0.45983	8.73410e-02
0.45916	8.68191e-02
0.45849	8.63240e-02
0.45785	8.58573e-02
0.45721	8.54201e-02
0.45659	8.50129e-02
0.45599	8.46361e-02
0.45540	8.42892e-02
0.45484	8.39715e-02
0.45430	8.36813e-02
0.45379	8.34169e-02
0.45329	8.31756e-02
0.45283	8.29543e-02
0.45239	8.27494e-02
0.45197	8.25569e-02
0.45158	8.23725e-02
0.45122	8.21914e-02
0.45088	8.20089e-02
0.45057	8.18202e-02
0.45029	8.16204e-02
0.45003	8.14050e-02
0.44980	8.11698e-02
0.44961	8.09111e-02
0.44944	8.06255e-02
0.44930	8.03103e-02
0.44920	7.99637e-02
0.44914	7.95841e-02
0.44911	7.91710e-02
0.44908	7.87255e-02
0.44908	7.82477e-02
0.44913	7.77390e-02
0.44922	7.72013e-02
0.44936	7.66384e-02
0.44953	7.60527e-02
0.44978	7.54999e-02
0.45003	7.48883e-02
0.45033	7.42583e-02
0.45066	7.36141e-02
0.45104	7.29595e-02
0.45145	7.22982e-02
0.45191	7.16338e-02
0.45241	7.09695e-02
0.45294	7.03084e-02
0.45351	6.96534e-02
0.45410	6.90072e-02
0.45473	6.83720e-02
0.45537	6.77504e-02
0.45604	6.71443e-02
0.45673	6.65559e-02
0.45742	6.59872e-02
0.45812	6.54400e-02
0.45883	6.49163e-02
0.45953	6.44179e-02
0.46023	6.39465e-02
0.46096	6.34660e-02
0.46168	6.30160e-02
0.46238	6.25974e-02
0.46306	6.22110e-02
0.46371	6.18581e-02
0.46435	6.15395e-02
0.46495	6.12563e-02
0.46553	6.10093e-02
0.46613	6.08627e-02
0.46667	6.07363e-02
0.46713	6.05690e-02
0.46753	6.04243e-02
0.46789	6.03038e-02
0.46820	6.02083e-02
0.46847	6.01379e-02
0.46870	6.00919e-02
0.46888	6.00692e-02
0.46902	6.00684e-02
0.46913	6.00880e-02
0.46920	6.01263e-02
0.46924	6.01818e-02
0.46925	6.02528e-02
0.46923	6.03378e-02
0.46919	6.04352e-02
0.46912	6.05435e-02
0.46904	6.06610e-02
0.46894	6.07860e-02
0.46881	6.09166e-02
0.46867	6.10511e-02
0.46849	6.12219e-02
0.46830	6.13935e-02
0.46808	6.15650e-02
0.46785	6.17353e-02
0.46761	6.19041e-02
0.46734	6.20713e-02
0.46707	6.22368e-02
0.46674	6.24002e-02
0.46639	6.25597e-02
0.46603	6.27154e-02
0.46565	6.28673e-02
0.46526	6.30155e-02
0.46484	6.31572e-02
0.46442	6.32948e-02
0.46398	6.34279e-02
0.46353	6.35563e-02
0.46307	6.36794e-02
0.46259	6.37968e-02
0.46210	6.39079e-02
0.46160	6.40121e-02
0.46110	6.41089e-02
0.46058	6.41976e-02
0.46006	6.42777e-02
0.45953	6.43488e-02
0.45899	6.44105e-02
0.45845	6.44626e-02
0.45792	6.45050e-02
0.45738	6.45377e-02
0.45685	6.45609e-02
0.45633	6.45751e-02
0.45583	6.45806e-02
0.45533	6.45782e-02
0.45486	6.45687e-02
0.45442	6.45531e-02
0.45399	6.45330e-02
0.45360	6.45103e-02
0.45325	6.44877e-02
0.45292	6.44683e-02
0.45263	6.44557e-02
0.45236	6.44541e-02
0.45213	6.44675e-02
0.45191	6.44998e-02
0.45172	6.45546e-02
0.45155	6.46350e-02
0.45139	6.47436e-02
0.45123	6.48894e-02
0.45108	6.50666e-02
0.45095	6.52767e-02
0.45082	6.55208e-02
0.45067	6.58479e-02
0.45052	6.62117e-02
0.45038	6.66068e-02
0.45019	6.70398e-02
0.45002	6.75084e-02
0.44984	6.80125e-02
0.44968	6.85519e-02
0.44951	6.91260e-02
0.44936	6.97346e-02
0.44920	7.03769e-02
0.44906	7.10522e-02
0.44892	7.17599e-02
0.44878	7.24990e-02
0.44865	7.32686e-02
0.44853	7.40679e-02
0.44841	7.48958e-02
0.44830	7.57514e-02
0.44819	7.66339e-02
0.44808	7.75421e-02
0.44797	7.84754e-02
0.44786	7.94327e-02
0.44775	8.04135e-02
0.44763	8.14171e-02
0.44750	8.24426e-02
0.44736	8.34896e-02
0.44721	8.45573e-02
0.44705	8.56453e-02
0.44687	8.67528e-02
0.44667	8.78794e-02
0.44646	8.90244e-02
0.44618	9.01870e-02
0.44588	9.13658e-02
0.44554	9.25282e-02
0.44518	9.37024e-02
0.44478	9.48879e-02
0.44437	9.60838e-02
0.44392	9.72889e-02
0.44345	9.85022e-02
0.44296	9.97224e-02
0.44244	1.00948e-01
0.44190	1.02178e-01
0.44134	1.03411e-01
0.44076	1.04646e-01
0.44016	1.05880e-01
0.43954	1.07112e-01
0.43891	1.08341e-01
0.43827	1.09566e-01
0.43761	1.10785e-01
0.43695	1.11996e-01
0.43628	1.13197e-01
0.43561	1.14387e-01
0.43495	1.15540e-01
0.43430	1.16666e-01
0.43365	1.17764e-01
0.43300	1.18831e-01
0.43237	1.19864e-01
0.43175	1.20862e-01
0.43114	1.21823e-01
0.43049	1.22753e-01
0.42986	1.23642e-01
0.42925	1.24486e-01
0.42865	1.25286e-01
0.42807	1.26039e-01
0.42763	1.26879e-01
0.42721	1.27670e-01
0.42680	1.28408e-01
0.42641	1.29094e-01
0.42604	1.29727e-01
0.42568	1.30306e-01
0.42533	1.30833e-01
0.42498	1.31309e-01
0.42465	1.31734e-01
0.42431	1.32111e-01
0.42397	1.32442e-01
0.42362	1.32729e-01
0.42327	1.32973e-01
0.42291	1.33178e-01
0.42253	1.33345e-01
0.42214	1.33477e-01
0.42173	1.33576e-01
0.42131	1.33645e-01
0.42086	1.33685e-01
0.42040	1.33699e-01
0.41993	1.33689e-01
0.41944	1.33658e-01
0.41894	1.33607e-01
0.41843	1.33538e-01
0.41791	1.33454e-01
0.41739	1.33356e-01
0.41686	1.33246e-01
0.41634	1.33125e-01
0.41583	1.32994e-01
0.41532	1.32854e-01
0.41483	1.32705e-01
0.41435	1.32549e-01
0.41388	1.32386e-01
0.41341	1.32223e-01
0.41295	1.32055e-01
0.41252	1.31882e-01
0.41210	1.31705e-01
0.41172	1.31523e-01
0.41135	1.31340e-01
0.41107	1.31213e-01
0.41094	1.31174e-01
0.41081	1.31129e-01
0.41068	1.31080e-01
0.41056	1.31027e-01
0.41045	1.30971e-01
0.41033	1.30916e-01
0.41022	1.30863e-01
0.41011	1.30816e-01
0.41001	1.30777e-01
0.40990	1.30750e-01
0.40980	1.30736e-01
0.40969	1.30737e-01
0.40959	1.30756e-01
0.40948	1.30792e-01
0.40936	1.30847e-01
0.40924	1.30921e-01
0.40910	1.31012e-01
0.40896	1.31120e-01
0.40880	1.31242e-01
0.40859	1.31449e-01
0.40838	1.31665e-01
0.40815	1.31888e-01
0.40791	1.32114e-01
0.40767	1.32341e-01
0.40742	1.32566e-01
0.40717	1.32786e-01
0.40693	1.33000e-01
0.40668	1.33209e-01
0.40643	1.33408e-01
0.40620	1.33589e-01
0.40597	1.33757e-01
0.40576	1.33914e-01
0.40558	1.34057e-01
0.40541	1.34188e-01
0.40527	1.34305e-01
0.40514	1.34410e-01
0.40505	1.34503e-01
0.40497	1.34584e-01
0.40492	1.34656e-01
0.40489	1.34719e-01
0.40488	1.34774e-01
0.40489	1.34824e-01
0.40492	1.34870e-01
0.40497	1.34915e-01
0.40503	1.34959e-01
0.40511	1.35006e-01
0.40521	1.35055e-01
0.40531	1.35109e-01
0.40544	1.35170e-01
0.40557	1.35236e-01
0.40571	1.35305e-01
0.40586	1.35380e-01
0.40601	1.35457e-01
0.40617	1.35538e-01
0.40634	1.35619e-01
0.40664	1.35779e-01
0.40692	1.35927e-01
0.40719	1.36060e-01
0.40745	1.36178e-01
0.40768	1.36279e-01
0.40788	1.36339e-01
0.40806	1.36380e-01
0.40822	1.36403e-01
0.40838	1.36407e-01
0.40851	1.36392e-01
0.40864	1.36360e-01
0.40875	1.36308e-01
0.40884	1.36237e-01
0.40893	1.36148e-01
0.40899	1.36038e-01
0.40904	1.35910e-01
0.40908	1.35761e-01
0.40910	1.35591e-01
0.40911	1.35401e-01
0.40910	1.35191e-01
0.40908	1.34959e-01
0.40905	1.34705e-01
0.40901	1.34430e-01
0.40895	1.34134e-01
0.40889	1.33815e-01
0.40881	1.33476e-01
0.40873	1.33115e-01
0.40864	1.32733e-01
0.40855	1.32330e-01
0.40845	1.31907e-01
0.40835	1.31464e-01
0.40825	1.31002e-01
0.40815	1.30523e-01
0.40805	1.30026e-01
0.40796	1.29514e-01
0.40788	1.28987e-01
0.40780	1.28449e-01
0.40774	1.27902e-01
0.40762	1.27404e-01
0.40751	1.26902e-01
0.40742	1.26400e-01
0.40734	1.25902e-01
0.40722	1.25525e-01
0.40711	1.25170e-01
0.40698	1.24826e-01
0.40696	1.24515e-01
0.40697	1.24230e-01
0.40700	1.23972e-01
0.40706	1.23740e-01
0.40713	1.23534e-01
0.40721	1.23351e-01
0.40730	1.23189e-01
0.40739	1.23047e-01
0.40747	1.22922e-01
0.40756	1.22811e-01
0.40766	1.22711e-01
0.40775	1.22620e-01
0.40786	1.22535e-01
0.40798	1.22452e-01
0.40813	1.22369e-01
0.40829	1.22283e-01
0.40849	1.22191e-01
0.40873	1.22091e-01
0.40900	1.21981e-01
0.40930	1.21882e-01
0.40964	1.21768e-01
0.41003	1.21637e-01
0.41047	1.21488e-01
0.41095	1.21322e-01
0.41148	1.21137e-01
0.41205	1.20933e-01
0.41265	1.20711e-01
0.41326	1.20439e-01
0.41390	1.20148e-01
0.41466	1.19981e-01
0.41543	1.19791e-01
0.41620	1.19581e-01
0.41698	1.19353e-01
0.41776	1.19110e-01
0.41854	1.18856e-01
0.41930	1.18593e-01
0.42005	1.18325e-01
0.42078	1.18054e-01
0.42150	1.17782e-01
0.42219	1.17510e-01
0.42286	1.17239e-01
0.42350	1.16970e-01
0.42411	1.16701e-01
0.42470	1.16432e-01
0.42526	1.16163e-01
0.42580	1.15893e-01
0.42631	1.15619e-01
0.42680	1.15343e-01
0.42727	1.15061e-01
0.42771	1.14776e-01
0.42814	1.14487e-01
0.42855	1.14194e-01
0.42893	1.13896e-01
0.42931	1.13593e-01
0.42967	1.13286e-01
0.42999	1.12969e-01
0.43030	1.12649e-01
0.43061	1.12326e-01
0.43091	1.12000e-01
0.43121	1.11672e-01
0.43145	1.11331e-01
0.43170	1.10987e-01
0.43194	1.10641e-01
0.43219	1.10295e-01
0.43245	1.09949e-01
0.43270	1.09603e-01
0.43296	1.09260e-01
0.43322	1.08918e-01
0.43347	1.08580e-01
0.43372	1.08246e-01
0.43395	1.07918e-01
0.43417	1.07596e-01
0.43432	1.07198e-01
0.43444	1.06806e-01
0.43454	1.06426e-01
0.43460	1.06058e-01
0.43463	1.05707e-01
0.43462	1.05377e-01
0.43458	1.05070e-01
0.43450	1.04791e-01
0.43438	1.04544e-01
0.43421	1.04332e-01
0.43400	1.04160e-01
0.43375	1.04031e-01
0.43345	1.03948e-01
0.43311	1.03914e-01
0.43272	1.03931e-01
0.43228	1.03999e-01
0.43180	1.04120e-01
0.43127	1.04291e-01
0.43069	1.04512e-01
0.43007	1.04781e-01
0.42940	1.05094e-01
0.42864	1.05468e-01
0.42784	1.05880e-01
0.42700	1.06327e-01
0.42612	1.06806e-01
0.42517	1.07327e-01
0.42418	1.07873e-01
0.42308	1.08358e-01
0.42186	1.08872e-01
0.42061	1.09411e-01
0.41935	1.09973e-01
0.41807	1.10558e-01
0.41679	1.11167e-01
0.41549	1.11798e-01
0.41418	1.12451e-01
0.41288	1.13128e-01
0.41157	1.13828e-01
0.41026	1.14550e-01
0.40896	1.15294e-01
0.40766	1.16058e-01
0.40637	1.16842e-01
0.40510	1.17643e-01
0.40383	1.18458e-01
0.40258	1.19284e-01
0.40134	1.20120e-01
0.40012	1.20961e-01
0.39892	1.21806e-01
0.39777	1.22564e-01
0.39663	1.23327e-01
0.39550	1.24097e-01
0.39439	1.24872e-01
0.39328	1.25651e-01
0.39218	1.26435e-01
0.39110	1.27223e-01
0.39002	1.28014e-01
0.38884	1.28769e-01
0.38768	1.29531e-01
0.38653	1.30301e-01
0.38541	1.31081e-01
0.38431	1.31871e-01
0.38324	1.32673e-01
0.38221	1.33488e-01
0.38122	1.34315e-01
0.38027	1.35156e-01
0.37937	1.36011e-01
0.37851	1.36878e-01
0.37769	1.37759e-01
0.37691	1.38652e-01
0.37619	1.39557e-01
0.37550	1.40473e-01
0.37487	1.41400e-01
0.37428	1.42335e-01
0.37374	1.43276e-01
0.37326	1.44217e-01
0.37283	1.45145e-01
0.37247	1.46030e-01
0.37218	1.46788e-01
0.37210	1.47162e-01
0.37230	1.46946e-01
0.37269	1.46383e-01
0.37319	1.45696e-01
0.37374	1.44962e-01
0.37435	1.44205e-01
0.37498	1.43446e-01
0.37565	1.42676e-01
0.37635	1.41895e-01
0.37709	1.41104e-01
0.37784	1.40299e-01
0.37863	1.39483e-01
0.37944	1.38651e-01
0.38026	1.37802e-01
0.38110	1.36936e-01
0.38195	1.36053e-01
0.38280	1.35155e-01
0.38367	1.34242e-01
0.38454	1.33318e-01
0.38542	1.32385e-01
0.38630	1.31447e-01
0.38718	1.30507e-01
0.38806	1.29572e-01
0.38893	1.28619e-01
0.38980	1.27683e-01
0.39068	1.26770e-01
0.39157	1.25883e-01
0.39246	1.25026e-01
0.39335	1.24202e-01
0.39426	1.23415e-01
0.39516	1.22666e-01
0.39608	1.21959e-01
0.39700	1.21294e-01
0.39793	1.20673e-01
0.39887	1.20097e-01
0.39979	1.19562e-01
0.40072	1.19073e-01
0.40165	1.18631e-01
0.40259	1.18234e-01
0.40354	1.17883e-01
0.40449	1.17577e-01
0.40545	1.17314e-01
0.40641	1.17094e-01
0.40738	1.16916e-01
0.40842	1.16738e-01
0.40945	1.16604e-01
0.41047	1.16512e-01
0.41147	1.16462e-01
0.41242	1.16408e-01
0.41334	1.16395e-01
0.41424	1.16418e-01
0.41508	1.16494e-01
0.41590	1.16609e-01
0.41669	1.16766e-01
0.41745	1.16964e-01
0.41818	1.17203e-01
0.41889	1.17483e-01
0.41957	1.17804e-01
0.42022	1.18167e-01
0.42083	1.18566e-01
0.42142	1.19006e-01
0.42199	1.19486e-01
0.42253	1.20005e-01
0.42305	1.20562e-01
0.42355	1.21154e-01
0.42404	1.21778e-01
0.42450	1.22433e-01
0.42494	1.23114e-01
0.42536	1.23819e-01
0.42577	1.24543e-01
0.42616	1.25267e-01
0.42654	1.26000e-01
0.42689	1.26736e-01
0.42723	1.27468e-01
0.42755	1.28192e-01
0.42784	1.28902e-01
0.42810	1.29592e-01
0.42835	1.30259e-01
0.42856	1.30898e-01
0.42874	1.31506e-01
0.42890	1.32083e-01
0.42901	1.32626e-01
0.42910	1.33137e-01
0.42915	1.33614e-01
0.42915	1.34060e-01
0.42911	1.34476e-01
0.42903	1.34863e-01
0.42890	1.35222e-01
0.42871	1.35554e-01
0.42847	1.35862e-01
0.42817	1.36145e-01
0.42782	1.36405e-01
0.42741	1.36641e-01
0.42694	1.36854e-01
0.42642	1.37045e-01
0.42585	1.37214e-01
0.42523	1.37359e-01
0.42457	1.37482e-01
0.42386	1.37580e-01
0.42309	1.37646e-01
0.42228	1.37686e-01
0.42145	1.37699e-01
0.42059	1.37684e-01
0.41972	1.37638e-01
0.41883	1.37561e-01
0.41794	1.37450e-01
0.41698	1.37304e-01
0.41603	1.37124e-01
0.41508	1.36907e-01
0.41414	1.36653e-01
0.41321	1.36363e-01
0.41230	1.36038e-01
0.41140	1.35679e-01
0.41052	1.35290e-01
0.40967	1.34874e-01
0.40884	1.34435e-01
0.40804	1.33978e-01
0.40728	1.33506e-01
0.40654	1.33026e-01
0.40584	1.32543e-01
0.40517	1.32060e-01
0.40454	1.31585e-01
0.40394	1.31120e-01
0.40338	1.30669e-01
0.40285	1.30238e-01
0.40236	1.29828e-01
0.40190	1.29442e-01
0.40149	1.29082e-01
0.40111	1.28749e-01
0.40077	1.28446e-01
0.40046	1.28171e-01
0.40020	1.27927e-01
0.39998	1.27713e-01
0.39979	1.27529e-01
0.39965	1.27375e-01
0.39954	1.27250e-01
0.39951	1.27163e-01
0.39955	1.27113e-01
0.39965	1.27099e-01
0.39981	1.27117e-01
0.40001	1.27165e-01
0.40026	1.27238e-01
0.40055	1.27330e-01
0.40087	1.27439e-01
0.40124	1.27566e-01
0.40172	1.27777e-01
0.40222	1.27979e-01
0.40276	1.28174e-01
0.40329	1.28372e-01
0.40385	1.28563e-01
0.40444	1.28745e-01
0.40503	1.28919e-01
0.40564	1.29079e-01
0.40628	1.29221e-01
0.40693	1.29338e-01
0.40760	1.29427e-01
0.40829	1.29483e-01
0.40899	1.29501e-01
0.40970	1.29476e-01
0.41038	1.29347e-01
0.41108	1.29168e-01
0.41180	1.28936e-01
0.41252	1.28649e-01
0.41325	1.28307e-01
0.41399	1.27910e-01
0.41474	1.27459e-01
0.41550	1.26955e-01
0.41628	1.26401e-01
0.41706	1.25801e-01
0.41784	1.25158e-01
0.41858	1.24576e-01
0.41933	1.23960e-01
0.42008	1.23315e-01
0.42083	1.22644e-01
0.42159	1.21954e-01
0.42236	1.21247e-01
0.42313	1.20529e-01
0.42389	1.19803e-01
0.42466	1.19072e-01
0.42543	1.18340e-01
0.42620	1.17609e-01
0.42696	1.16881e-01
0.42771	1.16158e-01
0.42847	1.15441e-01
0.42921	1.14732e-01
0.42994	1.14031e-01
0.43066	1.13338e-01
0.43136	1.12652e-01
0.43205	1.11974e-01
0.43272	1.11304e-01
0.43336	1.10639e-01
0.43399	1.09980e-01
0.43459	1.09326e-01
0.43516	1.08678e-01
0.43571	1.08034e-01
0.43622	1.07395e-01
0.43672	1.06760e-01
0.43718	1.06130e-01
0.43762	1.05505e-01
0.43814	1.04806e-01
0.43863	1.04117e-01
0.43908	1.03438e-01
0.43950	1.02771e-01
0.43988	1.02117e-01
0.44023	1.01476e-01
0.44055	1.00848e-01
0.44080	1.00259e-01
0.44102	9.96863e-02
0.44121	9.91309e-02
0.44137	9.85940e-02
0.44149	9.80767e-02
0.44154	9.75777e-02
0.44156	9.71000e-02
0.44155	9.66451e-02
0.44149	9.62141e-02
0.44139	9.58084e-02
0.44125	9.54293e-02
0.44106	9.50782e-02
0.44083	9.47565e-02
0.44056	9.44659e-02
0.44025	9.42077e-02
0.43990	9.39835e-02
0.43950	9.37950e-02
0.43907	9.36436e-02
0.43860	9.35308e-02
0.43809	9.34581e-02
0.43755	9.34263e-02
0.43698	9.34365e-02
0.43638	9.34888e-02
0.43573	9.35779e-02
0.43505	9.37075e-02
0.43435	9.38752e-02
0.43361	9.40780e-02
0.43285	9.43116e-02
0.43205	9.45705e-02
0.43122	9.48476e-02
0.43034	9.51377e-02
0.42942	9.54342e-02
0.42846	9.57308e-02
0.42745	9.60216e-02
0.42639	9.63019e-02
0.42529	9.65681e-02
0.42414	9.68178e-02
0.42294	9.70498e-02
0.42169	9.72630e-02
0.42038	9.74615e-02
0.41903	9.76447e-02
0.41765	9.78142e-02
0.41618	9.80607e-02
0.41468	9.82980e-02
0.41315	9.85287e-02
0.41158	9.87547e-02
0.40999	9.89793e-02
0.40836	9.92052e-02
0.40671	9.94350e-02
0.40502	9.96712e-02
0.40330	9.99161e-02
0.40154	1.00172e-01
0.39976	1.00441e-01
0.39788	1.00663e-01
0.39598	1.00898e-01
0.39403	1.01148e-01
0.39206	1.01413e-01
0.39006	1.01697e-01
0.38803	1.02001e-01
0.38597	1.02327e-01
0.38390	1.02675e-01
0.38182	1.03049e-01
0.37972	1.03447e-01
0.37761	1.03873e-01
0.37547	1.04343e-01
0.37332	1.04841e-01
0.37117	1.05369e-01
0.36903	1.05925e-01
0.36689	1.06509e-01
0.36475	1.07121e-01
0.36263	1.07758e-01
0.36051	1.08420e-01
0.35841	1.09104e-01
0.35633	1.09809e-01
0.35426	1.10533e-01
0.35222	1.11274e-01
0.35020	1.12029e-01
0.34821	1.12797e-01
0.34625	1.13576e-01
0.34433	1.14364e-01
0.34244	1.15160e-01
0.34060	1.15962e-01
0.33880	1.16769e-01
0.33706	1.17580e-01
0.33536	1.18393e-01
0.33372	1.19207e-01
0.33214	1.20022e-01
0.33062	1.20835e-01
0.32916	1.21645e-01
0.32775	1.22450e-01
0.32641	1.23249e-01
0.32513	1.24040e-01
0.32391	1.24819e-01
0.32271	1.25616e-01
0.32158	1.26397e-01
0.32050	1.27157e-01
0.31948	1.27893e-01
0.31851	1.28601e-01
0.31760	1.29277e-01
0.31675	1.29914e-01
0.31595	1.30507e-01
0.31520	1.31052e-01
0.31452	1.31540e-01
0.31389	1.31965e-01
0.31334	1.32321e-01
0.31284	1.32600e-01
0.31242	1.32796e-01
0.31208	1.32904e-01
0.31180	1.32919e-01
0.31161	1.32838e-01
0.31150	1.32662e-01
0.31147	1.32392e-01
0.31152	1.32030e-01
0.31165	1.31581e-01
0.31185	1.31051e-01
0.31213	1.30447e-01
0.31247	1.29775e-01
0.31288	1.29042e-01
0.31336	1.28255e-01
0.31389	1.27419e-01
0.31447	1.26542e-01
0.31511	1.25629e-01
0.31578	1.24683e-01
0.31650	1.23713e-01
0.31725	1.22719e-01
0.31803	1.21707e-01
0.31883	1.20678e-01
0.31965	1.19635e-01
0.32048	1.18582e-01
0.32131	1.17504e-01
0.32214	1.16417e-01
0.32297	1.15325e-01
0.32381	1.14227e-01
0.32465	1.13125e-01
0.32548	1.12020e-01
0.32631	1.10911e-01
0.32714	1.09799e-01
0.32797	1.08685e-01
0.32884	1.07602e-01
0.32966	1.06462e-01
0.33047	1.05317e-01
0.33128	1.04168e-01
0.33208	1.03003e-01
0.33288	1.01841e-01
0.33367	1.00682e-01
0.33448	9.95140e-02
0.33529	9.83522e-02
0.33608	9.71999e-02
0.33687	9.60600e-02
0.33765	9.49357e-02
0.33843	9.38306e-02
0.33919	9.27481e-02
0.33995	9.16924e-02
0.34070	9.06730e-02
0.34145	8.96898e-02
0.34219	8.87472e-02
0.34292	8.78498e-02
0.34364	8.70021e-02
0.34434	8.62086e-02
0.34504	8.54736e-02
0.34572	8.48014e-02
0.34639	8.41957e-02
0.34705	8.36601e-02
0.34770	8.31974e-02
0.34821	8.29681e-02
0.34871	8.28171e-02
0.34920	8.27458e-02
0.34967	8.27546e-02
0.35013	8.28434e-02
0.35057	8.30116e-02
0.35100	8.32577e-02
0.35141	8.35797e-02
0.35180	8.39749e-02
0.35218	8.44401e-02
0.35253	8.49717e-02
0.35286	8.55657e-02
0.35317	8.62180e-02
0.35346	8.69243e-02
0.35372	8.76805e-02
0.35395	8.84827e-02
0.35415	8.93272e-02
0.35432	9.02109e-02
0.35446	9.11312e-02
0.35456	9.20858e-02
0.35463	9.30732e-02
0.35467	9.40921e-02
0.35467	9.51418e-02
0.35463	9.62216e-02
0.35456	9.73311e-02
0.35446	9.84698e-02
0.35434	9.96372e-02
0.35418	1.00832e-01
0.35400	1.02054e-01
0.35380	1.03303e-01
0.35358	1.04573e-01
0.35334	1.05862e-01
0.35310	1.07168e-01
0.35286	1.08484e-01
0.35260	1.09807e-01
0.35235	1.11131e-01
0.35210	1.12448e-01
0.35185	1.13755e-01
0.35160	1.15047e-01
0.35136	1.16317e-01
0.35114	1.17561e-01
0.35092	1.18773e-01
0.35072	1.19949e-01
0.35053	1.21084e-01
0.35036	1.22175e-01
0.35020	1.23219e-01
0.35005	1.24212e-01
0.34992	1.25153e-01
0.34980	1.26040e-01
0.34969	1.26872e-01
0.34960	1.27650e-01
0.34952	1.28371e-01
0.34946	1.29038e-01
0.34941	1.29649e-01
0.34938	1.30206e-01
0.34936	1.30710e-01
0.34936	1.31160e-01
0.34938	1.31559e-01
0.34942	1.31906e-01
0.34946	1.32213e-01
0.34952	1.32470e-01
0.34961	1.32679e-01
0.34973	1.32841e-01
0.34987	1.32955e-01
0.35004	1.33022e-01
0.35021	1.33023e-01
0.35042	1.32975e-01
0.35065	1.32881e-01
0.35091	1.32737e-01
0.35119	1.32546e-01
0.35150	1.32307e-01
0.35183	1.32020e-01
0.35217	1.31685e-01
0.35252	1.31303e-01
0.35288	1.30872e-01
0.35329	1.30406e-01
0.35369	1.29897e-01
0.35409	1.29349e-01
0.35448	1.28767e-01
0.35485	1.28153e-01
0.35522	1.27511e-01
0.35557	1.26858e-01
0.35591	1.26188e-01
0.35624	1.25503e-01
0.35656	1.24810e-01
0.35688	1.24114e-01
0.35718	1.23419e-01
0.35749	1.22733e-01
0.35778	1.22060e-01
0.35807	1.21376e-01
0.35834	1.20714e-01
0.35862	1.20080e-01
0.35890	1.19478e-01
0.35917	1.18914e-01
0.35945	1.18391e-01
0.35973	1.17914e-01
0.36001	1.17485e-01
0.36029	1.17108e-01
0.36057	1.16785e-01
0.36085	1.16519e-01
0.36114	1.16313e-01
0.36142	1.16167e-01
0.36171	1.16083e-01
0.36199	1.16062e-01
0.36227	1.16106e-01
0.36254	1.16214e-01
0.36280	1.16385e-01
0.36305	1.16618e-01
0.36328	1.16911e-01
0.36350	1.17260e-01
0.36370	1.17663e-01
0.36388	1.18114e-01
0.36405	1.18609e-01
0.36418	1.19142e-01
0.36430	1.19709e-01
0.36439	1.20305e-01
0.36445	1.20922e-01
0.36448	1.21556e-01
0.36448	1.22200e-01
0.36446	1.22849e-01
0.36440	1.23499e-01
0.36432	1.24142e-01
0.36420	1.24776e-01
0.36406	1.25394e-01
0.36390	1.25994e-01
0.36370	1.26571e-01
0.36349	1.27122e-01
0.36325	1.27644e-01
0.36298	1.28132e-01
0.36270	1.28593e-01
0.36242	1.28999e-01
0.36213	1.29349e-01
0.36183	1.29646e-01
0.36152	1.29891e-01
0.36119	1.30086e-01
0.36084	1.30235e-01
0.36048	1.30338e-01
0.36009	1.30400e-01
0.35969	1.30422e-01
0.35926	1.30407e-01
0.35881	1.30358e-01
0.35835	1.30277e-01
0.35786	1.30169e-01
0.35736	1.30035e-01
0.35683	1.29879e-01
0.35629	1.29705e-01
0.35574	1.29514e-01
0.35516	1.29310e-01
0.35457	1.29093e-01
0.35396	1.28867e-01
0.35333	1.28632e-01
0.35269	1.28389e-01
0.35203	1.28140e-01
0.35136	1.27884e-01
0.35068	1.27623e-01
0.34999	1.27357e-01
0.34928	1.27086e-01
0.34857	1.26810e-01
0.34785	1.26529e-01
0.34710	1.26258e-01
0.34635	1.25984e-01
0.34560	1.25705e-01
0.34485	1.25422e-01
0.34410	1.25135e-01
0.34336	1.24842e-01
0.34260	1.24540e-01
0.34187	1.24238e-01
0.34117	1.23935e-01
0.34049	1.23632e-01
0.33983	1.23331e-01
0.33920	1.23030e-01
0.33858	1.22733e-01
0.33799	1.22438e-01
0.33741	1.22149e-01
0.33688	1.21891e-01
0.33634	1.21619e-01
0.33581	1.21352e-01
0.33530	1.21094e-01
0.33475	1.20930e-01
0.33421	1.20793e-01
0.33367	1.20686e-01
0.33311	1.20578e-01
0.33256	1.20509e-01
0.33201	1.20481e-01
0.33147	1.20500e-01
0.33094	1.20568e-01
0.33041	1.20689e-01
0.32989	1.20865e-01
0.32937	1.21100e-01
0.32886	1.21392e-01
0.32838	1.21766e-01
0.32793	1.22217e-01
0.32750	1.22741e-01
0.32709	1.23329e-01
0.32670	1.23972e-01
0.32632	1.24661e-01
0.32595	1.25385e-01
0.32559	1.26134e-01
0.32525	1.26895e-01
0.32494	1.27653e-01
0.32466	1.28388e-01
0.32442	1.29078e-01
0.32423	1.29696e-01
0.32410	1.30212e-01
0.32405	1.30597e-01
0.32409	1.30828e-01
0.32422	1.30893e-01
0.32444	1.30794e-01
0.32474	1.30543e-01
0.32511	1.30166e-01
0.32555	1.29690e-01
0.32603	1.29143e-01
0.32656	1.28551e-01
0.32711	1.27935e-01
0.32768	1.27315e-01
0.32826	1.26702e-01
0.32885	1.26107e-01
0.32946	1.25534e-01
0.33006	1.24986e-01
0.33068	1.24460e-01
0.33130	1.23955e-01
0.33192	1.23465e-01
0.33256	1.22986e-01
0.33320	1.22513e-01
0.33384	1.22039e-01
0.33450	1.21558e-01
0.33516	1.21067e-01
0.33583	1.20558e-01
0.33651	1.20029e-01
0.33717	1.19495e-01
0.33783	1.18937e-01
0.33850	1.18353e-01
0.33918	1.17742e-01
0.33986	1.17103e-01
0.34054	1.16437e-01
0.34124	1.15745e-01
0.34191	1.15024e-01
0.34260	1.14279e-01
0.34329	1.13511e-01
0.34398	1.12721e-01
0.34468	1.11911e-01
0.34538	1.11080e-01
0.34609	1.10231e-01
0.34679	1.09364e-01
0.34749	1.08480e-01
0.34819	1.07579e-01
0.34889	1.06661e-01
0.34959	1.05727e-01
0.35027	1.04777e-01
0.35095	1.03811e-01
0.35162	1.02830e-01
0.35228	1.01834e-01
0.35292	1.00825e-01
0.35355	9.98028e-02
0.35416	9.87692e-02
0.35475	9.77257e-02
0.35532	9.66744e-02
0.35586	9.56174e-02
0.35637	9.45572e-02
0.35685	9.34963e-02
0.35730	9.24385e-02
0.35771	9.13869e-02
0.35809	9.03451e-02
0.35843	8.93166e-02
0.35872	8.83055e-02
0.35894	8.72731e-02
0.35912	8.62665e-02
0.35925	8.52900e-02
0.35935	8.43477e-02
0.35941	8.34440e-02
0.35944	8.25830e-02
0.35943	8.17687e-02
0.35938	8.10047e-02
0.35932	8.02944e-02
0.35920	7.96430e-02
0.35905	7.90388e-02
0.35888	7.84938e-02
0.35869	7.80095e-02
0.35851	7.75760e-02
0.35832	7.72065e-02
0.35813	7.69005e-02
0.35794	7.66567e-02
0.35774	7.64771e-02
0.35755	7.63600e-02
0.35737	7.63029e-02
0.35719	7.63026e-02
0.35704	7.63550e-02
0.35690	7.64554e-02
0.35678	7.65984e-02
0.35673	7.68976e-02
0.35672	7.72305e-02
0.35672	7.75910e-02
0.35675	7.79730e-02
0.35680	7.83706e-02
0.35687	7.87781e-02
0.35696	7.91897e-02
0.35707	7.96000e-02
0.35720	8.00039e-02
0.35735	8.03964e-02
0.35751	8.07730e-02
0.35769	8.11296e-02
0.35789	8.14630e-02
0.35810	8.17707e-02
0.35832	8.20511e-02
0.35856	8.23036e-02
0.35880	8.25285e-02
0.35906	8.27271e-02
0.35931	8.29016e-02
0.35956	8.30549e-02
0.35981	8.31905e-02
0.36004	8.33119e-02
0.36026	8.34231e-02
0.36045	8.35275e-02
0.36063	8.36285e-02
0.36077	8.37286e-02
0.36089	8.38299e-02
0.36098	8.39340e-02
0.36104	8.40419e-02
0.36107	8.41539e-02
0.36107	8.42702e-02
0.36104	8.43905e-02
0.36098	8.45145e-02
0.36090	8.46413e-02
0.36080	8.47704e-02
0.36068	8.49009e-02
0.36054	8.50318e-02
0.36039	8.51624e-02
0.36022	8.52918e-02
0.36004	8.54191e-02
0.35982	8.55740e-02
0.35959	8.57280e-02
0.35935	8.58805e-02
0.35910	8.60311e-02
0.35885	8.61796e-02
0.35860	8.63258e-02
0.35834	8.64697e-02
0.35787	8.66565e-02
0.35739	8.68538e-02
0.35690	8.70616e-02
0.35641	8.72793e-02
0.35593	8.75059e-02
0.35546	8.77396e-02
0.35499	8.79781e-02
0.35455	8.82193e-02
0.35412	8.84611e-02
0.35371	8.87016e-02
0.35332	8.89395e-02
0.35296	8.91738e-02
0.35261	8.94037e-02
0.35228	8.96289e-02
0.35198	8.98491e-02
0.35169	9.00644e-02
0.35142	9.02755e-02
0.35116	9.04830e-02
0.35092	9.06885e-02
0.35070	9.08939e-02
0.35049	9.11017e-02
0.35029	9.13151e-02
0.35011	9.15377e-02
0.34989	9.18293e-02
0.34969	9.21413e-02
0.34950	9.24780e-02
0.34932	9.28432e-02
0.34916	9.32407e-02
0.34902	9.36740e-02
0.34890	9.41458e-02
0.34879	9.46587e-02
0.34870	9.52145e-02
0.34863	9.58143e-02
0.34858	9.64583e-02
0.34855	9.71460e-02
0.34854	9.78764e-02
0.34855	9.86478e-02
0.34858	9.94577e-02
0.34862	1.00304e-01
0.34867	1.01180e-01
0.34874	1.02086e-01
0.34882	1.03019e-01
0.34901	1.03876e-01
0.34920	1.04760e-01
0.34938	1.05668e-01
0.34954	1.06596e-01
0.34969	1.07541e-01
0.34983	1.08500e-01
0.34994	1.09466e-01
0.35004	1.10438e-01
0.35011	1.11409e-01
0.35016	1.12375e-01
0.35019	1.13331e-01
0.35023	1.14309e-01
0.35025	1.15262e-01
0.35024	1.16186e-01
0.35023	1.17077e-01
0.35019	1.17929e-01
0.35015	1.18738e-01
0.35011	1.19501e-01
0.35006	1.20213e-01
0.35002	1.20870e-01
0.34997	1.21471e-01
0.34994	1.22011e-01
0.34992	1.22489e-01
0.34991	1.22903e-01
0.34992	1.23252e-01
0.34994	1.23536e-01
0.34998	1.23755e-01
0.35004	1.23908e-01
0.35011	1.23998e-01
0.35020	1.24025e-01
0.35031	1.23991e-01
0.35043	1.23899e-01
0.35057	1.23749e-01
0.35072	1.23546e-01
0.35087	1.23292e-01
0.35104	1.22989e-01
0.35121	1.22642e-01
0.35138	1.22253e-01
0.35155	1.21825e-01
0.35173	1.21363e-01
0.35189	1.20869e-01
0.35206	1.20348e-01
0.35222	1.19803e-01
0.35236	1.19238e-01
0.35250	1.18655e-01
0.35263	1.18058e-01
0.35275	1.17452e-01
0.35286	1.16838e-01
0.35295	1.16220e-01
0.35303	1.15602e-01
0.35309	1.14985e-01
0.35317	1.14464e-01
0.35323	1.13951e-01
0.35328	1.13449e-01
0.35331	1.12960e-01
0.35333	1.12487e-01
0.35334	1.12033e-01
0.35333	1.11599e-01
0.35328	1.11211e-01
0.35322	1.10848e-01
0.35315	1.10511e-01
0.35307	1.10201e-01
0.35298	1.09920e-01
0.35287	1.09666e-01
0.35275	1.09442e-01
0.35263	1.09249e-01
0.35250	1.09088e-01
0.35237	1.08959e-01
0.35223	1.08863e-01
0.35210	1.08800e-01
0.35197	1.08771e-01
0.35184	1.08776e-01
0.35171	1.08815e-01
0.35158	1.08889e-01
0.35145	1.09000e-01
0.35133	1.09146e-01
0.35120	1.09330e-01
0.35107	1.09550e-01
0.35093	1.09807e-01
0.35080	1.10102e-01
0.35065	1.10433e-01
0.35050	1.10801e-01
0.35034	1.11205e-01
0.35017	1.11643e-01
0.35000	1.12115e-01
0.34982	1.12618e-01
0.34964	1.13152e-01
0.34944	1.13704e-01
0.34924	1.14280e-01
0.34904	1.14880e-01
0.34885	1.15501e-01
0.34865	1.16138e-01
0.34846	1.16790e-01
0.34828	1.17453e-01
0.34811	1.18122e-01
0.34795	1.18794e-01
0.34785	1.19448e-01
0.34773	1.20063e-01
0.34762	1.20670e-01
0.34754	1.21264e-01
0.34752	1.21834e-01
0.34752	1.22385e-01
0.34755	1.22913e-01
0.34761	1.23417e-01
0.34770	1.23893e-01
0.34782	1.24342e-01
0.34796	1.24763e-01
0.34814	1.25157e-01
0.34835	1.25526e-01
0.34859	1.25872e-01
0.34886	1.26198e-01
0.34914	1.26489e-01
0.34944	1.26766e-01
0.34977	1.27034e-01
0.35011	1.27296e-01
0.35047	1.27555e-01
0.35085	1.27815e-01
0.35123	1.28078e-01
0.35163	1.28348e-01
0.35203	1.28627e-01
0.35244	1.28916e-01
0.35287	1.29219e-01
0.35330	1.29538e-01
0.35373	1.29873e-01
0.35418	1.30228e-01
0.35464	1.30604e-01
0.35511	1.31002e-01
0.35562	1.31369e-01
0.35614	1.31757e-01
0.35667	1.32165e-01
0.35722	1.32594e-01
0.35777	1.33043e-01
0.35834	1.33513e-01
0.35891	1.34000e-01
0.35947	1.34504e-01
0.36004	1.35020e-01
0.36060	1.35548e-01
0.36114	1.36082e-01
0.36167	1.36622e-01
0.36217	1.37164e-01
0.36265	1.37707e-01
0.36311	1.38248e-01
0.36354	1.38787e-01
0.36394	1.39324e-01
0.36431	1.39859e-01
0.36465	1.40393e-01
0.36497	1.40927e-01
0.36525	1.41464e-01
0.36551	1.42004e-01
0.36574	1.42549e-01
0.36594	1.43102e-01
0.36614	1.43652e-01
0.36632	1.44210e-01
0.36646	1.44778e-01
0.36659	1.45355e-01
0.36669	1.45939e-01
0.36677	1.46531e-01
0.36683	1.47127e-01
0.36686	1.47728e-01
0.36687	1.48329e-01
0.36686	1.48925e-01
0.36684	1.49514e-01
0.36681	1.50088e-01
0.36677	1.50640e-01
0.36673	1.51157e-01
0.36671	1.51614e-01
0.36672	1.51972e-01
0.36679	1.52174e-01
0.36692	1.52188e-01
0.36713	1.52038e-01
0.36737	1.51775e-01
0.36764	1.51436e-01
0.36794	1.51044e-01
0.36825	1.50610e-01
0.36857	1.50141e-01
0.36890	1.49643e-01
0.36924	1.49119e-01
0.36959	1.48571e-01
0.36994	1.48005e-01
0.37030	1.47423e-01
0.37066	1.46828e-01
0.37103	1.46235e-01
0.37140	1.45641e-01
0.37177	1.45052e-01
0.37214	1.44472e-01
0.37249	1.43906e-01
0.37284	1.43358e-01
0.37317	1.42833e-01
0.37349	1.42335e-01
0.37379	1.41867e-01
0.37408	1.41430e-01
0.37434	1.41026e-01
0.37459	1.40656e-01
0.37482	1.40319e-01
0.37503	1.40015e-01
0.37522	1.39741e-01
0.37544	1.39500e-01
0.37560	1.39272e-01
0.37574	1.39069e-01
0.37588	1.38888e-01
0.37603	1.38740e-01
0.37616	1.38607e-01
0.37629	1.38484e-01
0.37641	1.38369e-01
0.37653	1.38256e-01
0.37664	1.38143e-01
0.37676	1.38024e-01
0.37686	1.37895e-01
0.37696	1.37752e-01
0.37706	1.37591e-01
0.37715	1.37408e-01
0.37721	1.37178e-01
0.37726	1.36917e-01
0.37729	1.36621e-01
0.37730	1.36288e-01
0.37730	1.35916e-01
0.37727	1.35502e-01
0.37722	1.35047e-01
0.37716	1.34549e-01
0.37707	1.34009e-01
0.37696	1.33427e-01
0.37684	1.32803e-01
0.37671	1.32140e-01
0.37657	1.31438e-01
0.37642	1.30699e-01
0.37626	1.29926e-01
0.37611	1.29120e-01
0.37593	1.28336e-01
0.37575	1.27528e-01
0.37558	1.26698e-01
0.37541	1.25849e-01
0.37524	1.24984e-01
0.37508	1.24105e-01
0.37493	1.23215e-01
0.37477	1.22318e-01
0.37462	1.21416e-01
0.37448	1.20511e-01
0.37433	1.19608e-01
0.37418	1.18707e-01
0.37402	1.17812e-01
0.37386	1.16924e-01
0.37370	1.16045e-01
0.37352	1.15177e-01
0.37334	1.14322e-01
0.37314	1.13480e-01
0.37293	1.12652e-01
0.37270	1.11839e-01
0.37246	1.11042e-01
0.37220	1.10261e-01
0.37192	1.09496e-01
0.37163	1.08748e-01
0.37142	1.07896e-01
0.37119	1.07071e-01
0.37093	1.06274e-01
0.37064	1.05506e-01
0.37033	1.04768e-01
0.36999	1.04059e-01
0.36962	1.03379e-01
0.36918	1.02714e-01
0.36872	1.02076e-01
0.36823	1.01464e-01
0.36771	1.00877e-01
0.36716	1.00311e-01
0.36658	9.97617e-02
0.36598	9.92293e-02
0.36534	9.87111e-02
0.36469	9.82040e-02
0.36401	9.77049e-02
0.36331	9.72106e-02
0.36259	9.67176e-02
0.36185	9.62226e-02
0.36110	9.57221e-02
0.36034	9.52126e-02
0.35958	9.46908e-02
0.35880	9.41536e-02
0.35803	9.35983e-02
0.35727	9.30226e-02
0.35651	9.24248e-02
0.35576	9.18036e-02
0.35502	9.11586e-02
0.35431	9.04896e-02
0.35359	8.98079e-02
0.35291	8.91036e-02
0.35225	8.83780e-02
0.35162	8.76331e-02
0.35102	8.68715e-02
0.35045	8.60960e-02
0.34990	8.52921e-02
0.34938	8.44816e-02
0.34889	8.36684e-02
0.34844	8.28569e-02
0.34801	8.20512e-02
0.34762	8.12555e-02
0.34726	8.04735e-02
0.34694	7.97087e-02
0.34665	7.89640e-02
0.34638	7.82434e-02
0.34619	7.75633e-02
0.34603	7.69124e-02
0.34592	7.62922e-02
0.34584	7.57034e-02
0.34580	7.51473e-02
0.34582	7.46243e-02
0.34588	7.41350e-02
0.34598	7.36796e-02
0.34614	7.32577e-02
0.34635	7.28690e-02
0.34661	7.25125e-02
0.34692	7.21866e-02
0.34728	7.18897e-02
0.34769	7.16195e-02
0.34813	7.13628e-02
0.34863	7.11272e-02
0.34917	7.09098e-02
0.34975	7.07077e-02
0.35037	7.05180e-02
0.35104	7.03379e-02
0.35174	7.01648e-02
0.35248	6.99966e-02
0.35325	6.98311e-02
0.35405	6.96668e-02
0.35487	6.95022e-02
0.35572	6.93364e-02
0.35659	6.91687e-02
0.35748	6.89985e-02
0.35839	6.88256e-02
0.35931	6.86496e-02
0.36030	6.83827e-02
0.36130	6.81188e-02
0.36229	6.78556e-02
0.36329	6.75914e-02
0.36429	6.73253e-02
0.36528	6.70566e-02
0.36627	6.67851e-02
0.36724	6.65110e-02
0.36821	6.62346e-02
0.36916	6.59563e-02
0.37009	6.56766e-02
0.37100	6.53961e-02
0.37189	6.51152e-02
0.37276	6.48342e-02
0.37360	6.45532e-02
0.37442	6.42723e-02
0.37521	6.39915e-02
0.37598	6.37109e-02
0.37672	6.34303e-02
0.37743	6.31497e-02
0.37812	6.28693e-02
0.37879	6.25894e-02
0.37943	6.23103e-02
0.38005	6.20329e-02
0.38064	6.17929e-02
0.38120	6.15578e-02
0.38174	6.13291e-02
0.38226	6.11087e-02
0.38276	6.08988e-02
0.38323	6.07026e-02
0.38369	6.05233e-02
0.38411	6.03698e-02
0.38451	6.02430e-02
0.38488	6.01479e-02
0.38523	6.00896e-02
0.38554	6.00733e-02
0.38585	6.00902e-02
0.38613	6.01599e-02
0.38637	6.02863e-02
0.38657	6.04726e-02
0.38673	6.07208e-02
0.38684	6.10321e-02
0.38691	6.14067e-02
0.38693	6.18437e-02
0.38691	6.23412e-02
0.38685	6.28963e-02
0.38675	6.35054e-02
0.38661	6.41642e-02
0.38644	6.48676e-02
0.38623	6.56103e-02
0.38599	6.63863e-02
0.38572	6.71897e-02
0.38543	6.80142e-02
0.38511	6.88535e-02
0.38475	6.96988e-02
0.38436	7.05483e-02
0.38396	7.13967e-02
0.38355	7.22392e-02
0.38312	7.30714e-02
0.38269	7.38901e-02
0.38223	7.46689e-02
0.38176	7.54270e-02
0.38129	7.61632e-02
0.38080	7.68771e-02
0.38032	7.75688e-02
0.37982	7.82388e-02
0.37933	7.88883e-02
0.37882	7.95184e-02
0.37832	8.01303e-02
0.37779	8.07163e-02
0.37724	8.12680e-02
0.37669	8.18041e-02
0.37612	8.23244e-02
0.37545	8.30310e-02
0.37476	8.37239e-02
0.37406	8.43992e-02
0.37335	8.50529e-02
0.37262	8.56804e-02
0.37188	8.62776e-02
0.37112	8.68405e-02
0.37036	8.73659e-02
0.36958	8.78516e-02
0.36879	8.82963e-02
0.36800	8.86997e-02
0.36719	8.90513e-02
0.36637	8.93640e-02
0.36554	8.96405e-02
0.36471	8.98840e-02
0.36388	9.00982e-02
0.36305	9.02871e-02
0.36222	9.04546e-02
0.36138	9.06048e-02
0.36055	9.07414e-02
0.35972	9.08680e-02
0.35890	9.09880e-02
0.35808	9.11043e-02
0.35727	9.12197e-02
0.35647	9.13364e-02
0.35569	9.14567e-02
0.35493	9.15823e-02
0.35417	9.17244e-02
0.35343	9.18757e-02
0.35271	9.20370e-02
0.35202	9.22089e-02
0.35136	9.23915e-02
0.35073	9.25844e-02
0.35012	9.27868e-02
0.34955	9.29975e-02
0.34901	9.32148e-02
0.34849	9.34367e-02
0.34801	9.36609e-02
0.34755	9.38847e-02
0.34711	9.41055e-02
0.34670	9.43206e-02
0.34631	9.45275e-02
0.34594	9.47236e-02
0.34559	9.49069e-02
0.34526	9.50755e-02
0.34495	9.52278e-02
0.34465	9.53629e-02
0.34437	9.54800e-02
0.34409	9.55789e-02
0.34383	9.56599e-02
0.34357	9.57238e-02
0.34333	9.57592e-02
0.34310	9.57800e-02
0.34287	9.57881e-02
0.34264	9.57855e-02
0.34240	9.57747e-02
0.34216	9.57579e-02
0.34191	9.57376e-02
0.34168	9.56778e-02
0.34144	9.56180e-02
0.34120	9.55601e-02
0.34094	9.55058e-02
0.34067	9.54564e-02
0.34037	9.54125e-02
0.34006	9.53761e-02
0.33974	9.53479e-02
0.33941	9.53284e-02
0.33906	9.53177e-02
0.33870	9.53160e-02
0.33833	9.53232e-02
0.33796	9.53394e-02
0.33757	9.53643e-02
0.33717	9.53977e-02
0.33677	9.54395e-02
0.33636	9.54894e-02
0.33594	9.55472e-02
0.33552	9.56129e-02
0.33509	9.56863e-02
0.33466	9.57675e-02
0.33423	9.58562e-02
0.33379	9.59526e-02
0.33337	9.60616e-02
0.33295	9.61784e-02
0.33252	9.63026e-02
0.33210	9.64339e-02
0.33167	9.65722e-02
0.33123	9.67172e-02
0.33078	9.68510e-02
0.33033	9.69916e-02
0.32988	9.71390e-02
0.32943	9.72932e-02
0.32897	9.74544e-02
0.32852	9.76228e-02
0.32806	9.77987e-02
0.32761	9.79825e-02
0.32715	9.81746e-02
0.32675	9.83900e-02
0.32634	9.86008e-02
0.32593	9.88187e-02
0.32552	9.90436e-02
0.32504	9.92763e-02
0.32456	9.95147e-02
0.32408	9.97583e-02
0.32359	1.00006e-01
0.32311	1.00258e-01
0.32262	1.00513e-01
0.32213	1.00770e-01
0.32165	1.01029e-01
0.32116	1.01289e-01
0.32068	1.01550e-01
0.32021	1.01813e-01
0.31972	1.02055e-01
0.31923	1.02299e-01
0.31875	1.02544e-01
0.31826	1.02792e-01
0.31778	1.03043e-01
0.31730	1.03298e-01
0.31682	1.03558e-01
0.31634	1.03824e-01
0.31586	1.04096e-01
0.31539	1.04374e-01
0.31491	1.04658e-01
0.31444	1.04948e-01
0.31397	1.05243e-01
0.31351	1.05542e-01
0.31304	1.05843e-01
0.31259	1.06144e-01
0.31212	1.06471e-01
0.31166	1.06794e-01
0.31121	1.07110e-01
0.31077	1.07415e-01
0.31033	1.07705e-01
0.30990	1.07975e-01
0.30948	1.08220e-01
0.30907	1.08437e-01
0.30867	1.08620e-01
0.30828	1.08765e-01
0.30791	1.08868e-01
0.30755	1.08924e-01
0.30720	1.08932e-01
0.30687	1.08887e-01
0.30657	1.08787e-01
0.30628	1.08631e-01
0.30602	1.08417e-01
0.30579	1.08146e-01
0.30559	1.07819e-01
0.30541	1.07437e-01
0.30527	1.07002e-01
0.30516	1.06518e-01
0.30509	1.05988e-01
0.30504	1.05418e-01
0.30501	1.04825e-01
0.30501	1.04200e-01
0.30505	1.03550e-01
0.30511	1.02880e-01
0.30520	1.02195e-01
0.30532	1.01501e-01
0.30548	1.00803e-01
0.30567	1.00099e-01
0.30589	9.93979e-02
0.30615	9.87043e-02
0.30644	9.80209e-02
0.30677	9.73507e-02
0.30713	9.66961e-02
0.30753	9.60588e-02
0.30796	9.54402e-02
0.30843	9.48417e-02
0.30894	9.42639e-02
0.30949	9.37074e-02
0.31007	9.31725e-02
0.31070	9.26595e-02
0.31137	9.21682e-02
0.31209	9.16986e-02
0.31284	9.12502e-02
0.31364	9.08228e-02
0.31448	9.04158e-02
0.31536	9.00288e-02
0.31629	8.96611e-02
0.31726	8.93119e-02
0.31827	8.89806e-02
0.31932	8.86662e-02
0.32040	8.83632e-02
0.32153	8.80752e-02
0.32268	8.78015e-02
0.32388	8.75410e-02
0.32510	8.72930e-02
0.32635	8.70565e-02
0.32763	8.68307e-02
0.32894	8.66149e-02
0.33026	8.64085e-02
0.33160	8.62109e-02
0.33296	8.60216e-02
0.33433	8.58400e-02
0.33570	8.56658e-02
0.33709	8.54985e-02
0.33847	8.53374e-02
0.33986	8.51820e-02
0.34122	8.50295e-02
0.34258	8.48817e-02
0.34393	8.47377e-02
0.34527	8.45934e-02
0.34660	8.44503e-02
0.34792	8.43069e-02
0.34921	8.41618e-02
0.35048	8.40134e-02
0.35173	8.38603e-02
0.35295	8.37008e-02
0.35414	8.35335e-02
0.35530	8.33572e-02
0.35642	8.31709e-02
0.35752	8.29736e-02
0.35858	8.27689e-02
0.35961	8.25505e-02
0.36060	8.23190e-02
0.36156	8.20752e-02
0.36248	8.18204e-02
0.36337	8.15559e-02
0.36423	8.12837e-02
0.36505	8.10057e-02
0.36585	8.07240e-02
0.36662	8.04412e-02
0.36736	8.01598e-02
0.36815	7.98759e-02
0.36891	7.95982e-02
0.36964	7.93295e-02
0.37035	7.90725e-02
0.37101	7.88300e-02
0.37164	7.86182e-02
0.37224	7.84261e-02
0.37281	7.82558e-02
0.37334	7.81093e-02
0.37384	7.79880e-02
0.37430	7.78930e-02
0.37473	7.78250e-02
0.37513	7.77840e-02
0.37549	7.77698e-02
0.37581	7.77815e-02
0.37610	7.78177e-02
0.37636	7.78766e-02
0.37659	7.79561e-02
0.37678	7.80536e-02
0.37693	7.81661e-02
0.37706	7.82905e-02
0.37716	7.84236e-02
0.37722	7.85617e-02
0.37725	7.87017e-02
0.37725	7.88400e-02
0.37722	7.89737e-02
0.37715	7.90997e-02
0.37705	7.92157e-02
0.37692	7.93194e-02
0.37675	7.94094e-02
0.37655	7.94843e-02
0.37631	7.95433e-02
0.37603	7.95863e-02
0.37571	7.96133e-02
0.37534	7.96252e-02
0.37493	7.96230e-02
0.37447	7.96083e-02
0.37396	7.95831e-02
0.37339	7.95495e-02
0.37276	7.95100e-02
0.37208	7.94672e-02
0.37135	7.94239e-02
0.37055	7.93825e-02
0.36970	7.93455e-02
0.36879	7.93154e-02
0.36783	7.92944e-02
0.36682	7.92843e-02
0.36576	7.92872e-02
0.36465	7.93047e-02
0.36351	7.93383e-02
0.36232	7.93894e-02
0.36110	7.94591e-02
0.35984	7.95484e-02
0.35856	7.96578e-02
0.35725	7.97877e-02
0.35591	7.99378e-02
0.35456	8.01077e-02
0.35320	8.02963e-02
0.35183	8.05020e-02
0.35043	8.07346e-02
0.34904	8.09795e-02
0.34766	8.12334e-02
0.34629	8.14922e-02
0.34495	8.17516e-02
0.34363	8.20069e-02
0.34231	8.22170e-02
0.34103	8.24133e-02
0.33980	8.25913e-02
0.33861	8.27467e-02
0.33748	8.28759e-02
0.33640	8.29757e-02
0.33538	8.30440e-02
0.33443	8.30793e-02
0.33355	8.30810e-02
0.33270	8.30322e-02
0.33189	8.29158e-02
0.33116	8.27662e-02
0.33050	8.25863e-02
0.32992	8.23771e-02
0.32942	8.21449e-02
0.32899	8.18940e-02
0.32864	8.16286e-02
0.32836	8.13533e-02
0.32816	8.10722e-02
0.32810	8.08367e-02
0.32811	8.06022e-02
0.32819	8.03717e-02
0.32833	8.01480e-02
0.32855	7.99332e-02
0.32881	7.97374e-02
0.32912	7.95527e-02
0.32950	7.93798e-02
0.32994	7.92191e-02
0.33042	7.90702e-02
0.33095	7.89327e-02
0.33153	7.88057e-02
0.33215	7.86880e-02
0.33280	7.85784e-02
0.33349	7.84752e-02
0.33420	7.83767e-02
0.33494	7.82810e-02
0.33569	7.81862e-02
0.33647	7.80904e-02
0.33725	7.79914e-02
0.33805	7.78873e-02
0.33885	7.77759e-02
0.33965	7.76553e-02
0.34046	7.75234e-02
0.34126	7.73782e-02
0.34206	7.72177e-02
0.34285	7.70402e-02
0.34363	7.68438e-02
0.34440	7.66268e-02
0.34516	7.63876e-02
0.34590	7.61248e-02
0.34663	7.58369e-02
0.34734	7.55226e-02
0.34803	7.51807e-02
0.34870	7.48101e-02
0.34936	7.44095e-02
0.34999	7.39779e-02
0.35060	7.35142e-02
0.35119	7.30173e-02
0.35175	7.24859e-02
0.35229	7.19188e-02
0.35279	7.13151e-02
0.35327	7.06735e-02
0.35372	6.99933e-02
0.35413	6.92739e-02
0.35452	6.85119e-02
0.35487	6.77040e-02
0.35518	6.68512e-02
0.35547	6.59555e-02
0.35572	6.50196e-02
0.35594	6.40474e-02
0.35613	6.30434e-02
0.35629	6.20130e-02
0.35643	6.09624e-02
0.35653	5.98978e-02
0.35661	5.88261e-02
0.35667	5.77540e-02
0.35670	5.66883e-02
0.35671	5.56354e-02
0.35671	5.46016e-02
0.35669	5.35925e-02
0.35665	5.26134e-02
0.35659	5.16691e-02
0.35653	5.07637e-02
0.35645	4.99007e-02
0.35635	4.90832e-02
0.35625	4.83137e-02
0.35613	4.75941e-02
0.35599	4.69260e-02
0.35584	4.63101e-02
0.35568	4.57472e-02
0.35550	4.52373e-02
0.35530	4.47800e-02
0.35508	4.43746e-02
0.35484	4.40200e-02
0.35457	4.37186e-02
0.35427	4.34653e-02
0.35395	4.32580e-02
0.35361	4.30946e-02
0.35323	4.29729e-02
0.35283	4.28907e-02
0.35246	4.28297e-02
0.35205	4.28017e-02
0.35162	4.28056e-02
0.35116	4.28406e-02
0.35067	4.29065e-02
0.35016	4.30031e-02
0.34963	4.31309e-02
0.34909	4.32901e-02
0.34852	4.34815e-02
0.34791	4.37078e-02
0.34726	4.39372e-02
0.34659	4.41997e-02
0.34592	4.44953e-02
0.34531	4.46810e-02
0.34468	4.48990e-02
0.34405	4.51487e-02
0.34340	4.54293e-02
0.34275	4.57399e-02
0.34208	4.60794e-02
0.34150	4.65503e-02
0.34090	4.70490e-02
0.34030	4.75734e-02
0.33969	4.81217e-02
0.33907	4.86921e-02
0.33842	4.92760e-02
0.33777	4.98795e-02
0.33711	5.05021e-02
0.33646	5.11435e-02
0.33582	5.18035e-02
0.33518	5.24822e-02
0.33455	5.31795e-02
0.33394	5.38954e-02
0.33334	5.46296e-02
0.33277	5.53816e-02
0.33222	5.61509e-02
0.33169	5.69366e-02
0.33119	5.77377e-02
0.33073	5.85528e-02
0.33029	5.93808e-02
0.32988	6.02201e-02
0.32950	6.10876e-02
0.32914	6.19651e-02
0.32883	6.28509e-02
0.32855	6.37436e-02
0.32831	6.46418e-02
0.32811	6.55439e-02
0.32795	6.64484e-02
0.32784	6.73535e-02
0.32776	6.82574e-02
0.32773	6.91583e-02
0.32774	7.00538e-02
0.32779	7.09416e-02
0.32789	7.18190e-02
0.32803	7.26832e-02
0.32821	7.35310e-02
0.32843	7.43589e-02
0.32868	7.51630e-02
0.32898	7.59393e-02
0.32931	7.66835e-02
0.32967	7.73910e-02
0.33007	7.80575e-02
0.33049	7.86787e-02
0.33094	7.92506e-02
0.33142	7.97699e-02
0.33197	8.02387e-02
0.33255	8.06498e-02
0.33315	8.10020e-02
0.33378	8.12952e-02
0.33443	8.15300e-02
0.33510	8.17080e-02
0.33580	8.18315e-02
0.33651	8.19024e-02
0.33724	8.19250e-02
0.33799	8.19032e-02
0.33876	8.18410e-02
0.33953	8.17426e-02
0.34032	8.16121e-02
0.34112	8.14536e-02
0.34193	8.12708e-02
0.34274	8.10672e-02
0.34355	8.08459e-02
0.34436	8.06097e-02
0.34516	8.03608e-02
0.34595	8.01013e-02
0.34673	7.98327e-02
0.34749	7.95561e-02
0.34823	7.92727e-02
0.34894	7.89834e-02
0.34962	7.86887e-02
0.35027	7.83894e-02
0.35088	7.80864e-02
0.35145	7.77804e-02
0.35198	7.74726e-02
0.35247	7.71642e-02
0.35289	7.68296e-02
0.35327	7.64975e-02
0.35360	7.61704e-02
0.35389	7.58512e-02
0.35414	7.55428e-02
0.35434	7.52486e-02
0.35455	7.49067e-02
0.35471	7.45858e-02
0.35484	7.42897e-02
0.35494	7.40225e-02
0.35501	7.37877e-02
0.35505	7.35892e-02
0.35507	7.34300e-02
0.35507	7.33131e-02
0.35504	7.32409e-02
0.35498	7.31884e-02
0.35485	7.31663e-02
0.35471	7.31906e-02
0.35455	7.32614e-02
0.35439	7.33819e-02
0.35422	7.35472e-02
0.35403	7.37556e-02
0.35384	7.40054e-02
0.35364	7.42939e-02
0.35344	7.46184e-02
0.35318	7.49020e-02
0.35291	7.52104e-02
0.35263	7.55403e-02
0.35235	7.58881e-02
0.35207	7.62500e-02
0.35177	7.66215e-02
0.35146	7.69993e-02
0.35116	7.73797e-02
0.35087	7.77589e-02
0.35058	7.81335e-02
0.35030	7.84999e-02
0.35003	7.88551e-02
0.34976	7.91959e-02
0.34951	7.95195e-02
0.34928	7.98234e-02
0.34905	8.01052e-02
0.34883	8.03629e-02
0.34863	8.05947e-02
0.34844	8.07990e-02
0.34826	8.09747e-02
0.34809	8.11211e-02
0.34790	8.12685e-02
0.34772	8.13881e-02
0.34755	8.14802e-02
0.34737	8.15450e-02
0.34720	8.15832e-02
0.34703	8.15956e-02
0.34685	8.15833e-02
0.34666	8.15473e-02
0.34647	8.14888e-02
0.34626	8.14087e-02
0.34604	8.13081e-02
0.34580	8.11881e-02
0.34554	8.10497e-02
0.34527	8.08940e-02
0.34498	8.07223e-02
0.34467	8.05359e-02
0.34434	8.03366e-02
0.34399	8.01262e-02
0.34364	7.99067e-02
0.34326	7.96803e-02
0.34288	7.94494e-02
0.34249	7.92166e-02
0.34208	7.89843e-02
0.34168	7.87554e-02
0.34123	7.85866e-02
0.34078	7.84292e-02
0.34033	7.82856e-02
0.33987	7.81581e-02
0.33942	7.80491e-02
0.33897	7.79610e-02
0.33852	7.78962e-02
0.33809	7.78740e-02
0.33768	7.78780e-02
0.33727	7.79120e-02
0.33687	7.79793e-02
0.33648	7.80828e-02
0.33611	7.82252e-02
0.33575	7.84083e-02
0.33540	7.86333e-02
0.33507	7.89004e-02
0.33475	7.92092e-02
0.33445	7.95578e-02
0.33414	7.99437e-02
0.33385	8.03634e-02
0.33356	8.08127e-02
0.33327	8.12871e-02
0.33299	8.17824e-02
0.33270	8.22941e-02
0.33241	8.28186e-02
0.33212	8.33525e-02
0.33183	8.38934e-02
0.33154	8.44394e-02
0.33125	8.49891e-02
0.33095	8.55421e-02
0.33064	8.61018e-02
0.33034	8.66636e-02
0.33003	8.72277e-02
0.32973	8.77941e-02
0.32944	8.83632e-02
0.32915	8.89349e-02
0.32884	8.94532e-02
0.32853	8.99723e-02
0.32824	9.04913e-02
0.32796	9.10089e-02
0.32770	9.15235e-02
0.32746	9.20328e-02
0.32723	9.25348e-02
0.32703	9.30268e-02
0.32684	9.35063e-02
0.32674	9.39641e-02
0.32664	9.43992e-02
0.32656	9.48146e-02
0.32650	9.52083e-02
0.32656	9.56570e-02
0.32663	9.60797e-02
0.32670	9.64730e-02
0.32677	9.68341e-02
0.32684	9.71613e-02
0.32691	9.74538e-02
0.32699	9.77060e-02
0.32706	9.79238e-02
0.32714	9.81076e-02
0.32721	9.82579e-02
0.32729	9.83751e-02
0.32735	9.84573e-02
0.32742	9.85069e-02
0.32749	9.85235e-02
0.32756	9.85069e-02
0.32764	9.84561e-02
0.32772	9.83699e-02
0.32781	9.82472e-02
0.32790	9.80863e-02
0.32801	9.78858e-02
0.32812	9.76443e-02
0.32824	9.73605e-02
0.32836	9.70338e-02
0.32850	9.66636e-02
0.32864	9.62502e-02
0.32880	9.57942e-02
0.32896	9.52969e-02
0.32908	9.48780e-02
0.32922	9.44250e-02
0.32935	9.39398e-02
0.32950	9.34251e-02
0.32965	9.28837e-02
0.32980	9.23192e-02
0.32996	9.17351e-02
0.33012	9.11354e-02
0.33028	9.05240e-02
0.33044	8.99050e-02
0.33060	8.92828e-02
0.33075	8.86615e-02
0.33090	8.80451e-02
0.33103	8.74378e-02
0.33115	8.68433e-02
0.33125	8.62652e-02
0.33134	8.57070e-02
0.33140	8.51718e-02
0.33144	8.46624e-02
0.33146	8.41813e-02
0.33144	8.37307e-02
0.33140	8.33127e-02
0.33132	8.29288e-02
0.33121	8.25804e-02
0.33102	8.22771e-02
0.33081	8.20130e-02
0.33056	8.17886e-02
0.33028	8.16038e-02
0.32997	8.14584e-02
0.32963	8.13517e-02
0.32927	8.12828e-02
0.32886	8.12571e-02
0.32842	8.12665e-02
0.32797	8.13091e-02
0.32750	8.13828e-02
0.32702	8.14854e-02
0.32652	8.16144e-02
0.32602	8.17674e-02
0.32551	8.19418e-02
0.32500	8.21353e-02
0.32449	8.23453e-02
0.32398	8.25695e-02
0.32348	8.28058e-02
0.32298	8.30523e-02
0.32250	8.33070e-02
0.32202	8.35684e-02
0.32156	8.38351e-02
0.32111	8.41056e-02
0.32067	8.43787e-02
0.32025	8.46530e-02
0.31984	8.49271e-02
0.31944	8.51993e-02
0.31906	8.54678e-02
0.31869	8.57306e-02
0.31831	8.60140e-02
0.31795	8.62895e-02
0.31759	8.65547e-02
0.31724	8.68113e-02
0.31688	8.70455e-02
0.31654	8.72641e-02
0.31620	8.74681e-02
0.31587	8.76562e-02
0.31555	8.78294e-02
0.31525	8.79891e-02
0.31496	8.81370e-02
0.31468	8.82750e-02
0.31441	8.84048e-02
0.31416	8.85279e-02
0.31392	8.86455e-02
0.31370	8.87585e-02
0.31348	8.88661e-02
0.31328	8.89705e-02
0.31310	8.90716e-02
0.31288	8.91024e-02
0.31268	8.91267e-02
0.31249	8.91447e-02
0.31233	8.91563e-02
0.31218	8.91613e-02
0.31204	8.91592e-02
0.31192	8.91268e-02
0.31181	8.90838e-02
0.31171	8.90295e-02
0.31164	8.89629e-02
0.31158	8.88828e-02
0.31154	8.87881e-02
0.31151	8.86773e-02
0.31149	8.85489e-02
0.31150	8.84016e-02
0.31151	8.82338e-02
0.31154	8.80444e-02
0.31158	8.78321e-02
0.31164	8.75961e-02
0.31171	8.73359e-02
0.31175	8.70610e-02
0.31176	8.67775e-02
0.31178	8.64721e-02
0.31181	8.61461e-02
0.31184	8.58014e-02
0.31189	8.54406e-02
0.31193	8.50666e-02
0.31198	8.46830e-02
0.31203	8.42934e-02
0.31208	8.39020e-02
0.31213	8.35129e-02
0.31217	8.31300e-02
0.31220	8.27574e-02
0.31222	8.23985e-02
0.31223	8.20568e-02
0.31222	8.17351e-02
0.31220	8.14357e-02
0.31217	8.11607e-02
0.31212	8.09116e-02
0.31206	8.06896e-02
0.31197	8.04955e-02
0.31188	8.03298e-02
0.31177	8.01926e-02
0.31165	8.00838e-02
0.31151	8.00030e-02
0.31137	7.99495e-02
0.31122	7.99227e-02
0.31106	7.99215e-02
0.31089	7.99448e-02
0.31073	7.99914e-02
0.31056	8.00599e-02
0.31038	8.01738e-02
0.31020	8.03097e-02
0.31003	8.04663e-02
0.30987	8.06421e-02
0.30973	8.08358e-02
0.30960	8.10461e-02
0.30949	8.12722e-02
0.30945	8.15163e-02
0.30944	8.17751e-02
0.30946	8.20483e-02
0.30952	8.23359e-02
0.30961	8.26383e-02
0.30974	8.29558e-02
0.30991	8.32889e-02
0.31007	8.36996e-02
0.31028	8.41158e-02
0.31053	8.45382e-02
0.31083	8.49673e-02
0.31118	8.54033e-02
0.31157	8.58463e-02
0.31200	8.62956e-02
0.31246	8.67504e-02
0.31296	8.72094e-02
0.31349	8.76706e-02
0.31405	8.81320e-02
0.31463	8.85910e-02
0.31522	8.90448e-02
0.31583	8.94903e-02
0.31645	8.99244e-02
0.31708	9.03439e-02
0.31770	9.07469e-02
0.31831	9.11282e-02
0.31892	9.14850e-02
0.31950	9.18144e-02
0.32006	9.21207e-02
0.32058	9.23989e-02
0.32114	9.26118e-02
0.32165	9.27890e-02
0.32212	9.29295e-02
0.32254	9.30326e-02
0.32292	9.30977e-02
0.32324	9.31245e-02
0.32351	9.31130e-02
0.32373	9.30634e-02
0.32390	9.29761e-02
0.32402	9.28517e-02
0.32418	9.28438e-02
0.32431	9.28099e-02
0.32440	9.27495e-02
0.32446	9.26577e-02
0.32449	9.25372e-02
0.32449	9.23875e-02
0.32448	9.22078e-02
0.32445	9.19975e-02
0.32440	9.17562e-02
0.32428	9.14267e-02
0.32415	9.10597e-02
0.32401	9.06558e-02
0.32385	9.02159e-02
0.32368	8.97415e-02
0.32350	8.92342e-02
0.32332	8.86956e-02
0.32312	8.81279e-02
0.32291	8.75330e-02
0.32270	8.69131e-02
0.32248	8.62703e-02
0.32226	8.56069e-02
0.32202	8.49253e-02
0.32179	8.42282e-02
0.32151	8.35040e-02
0.32121	8.28017e-02
0.32092	8.20929e-02
0.32062	8.13813e-02
0.32034	8.06711e-02
0.32006	7.99663e-02
0.31980	7.92710e-02
0.31954	7.85888e-02
0.31929	7.79231e-02
0.31905	7.72766e-02
0.31881	7.66518e-02
0.31858	7.60507e-02
0.31835	7.54747e-02
0.31813	7.49253e-02
0.31790	7.44033e-02
0.31766	7.39096e-02
0.31743	7.34450e-02
0.31719	7.30100e-02
0.31695	7.26053e-02
0.31670	7.22313e-02
0.31646	7.18884e-02
0.31621	7.15768e-02
0.31597	7.12968e-02
0.31574	7.10484e-02
0.31552	7.08318e-02
0.31530	7.06468e-02
0.31511	7.04937e-02
0.31493	7.03727e-02
0.31477	7.02840e-02
0.31464	7.02284e-02
0.31453	7.02070e-02
0.31445	7.02211e-02
0.31440	7.02728e-02
0.31438	7.03642e-02
0.31439	7.04983e-02
0.31443	7.06783e-02
0.31451	7.09075e-02
0.31461	7.11896e-02
0.31476	7.15296e-02
0.31494	7.19297e-02
0.31514	7.23928e-02
0.31537	7.29212e-02
0.31562	7.35162e-02
0.31589	7.41781e-02
0.31618	7.49059e-02
0.31647	7.57041e-02
0.31678	7.65626e-02
0.31709	7.74764e-02
0.31742	7.84393e-02
0.31775	7.94440e-02
0.31809	8.04827e-02
0.31843	8.15466e-02
0.31877	8.26267e-02
0.31912	8.37138e-02
0.31948	8.47988e-02
0.31985	8.58729e-02
0.32023	8.69273e-02
0.32062	8.79540e-02
0.32103	8.89457e-02
0.32146	8.98957e-02
0.32191	9.07981e-02
0.32233	9.15914e-02
0.32277	9.23300e-02
0.32324	9.30117e-02
0.32373	9.36350e-02
0.32431	9.42615e-02
0.32491	9.48297e-02
0.32549	9.53220e-02
0.32607	9.57589e-02
0.32666	9.61427e-02
0.32725	9.64762e-02
0.32784	9.67624e-02
0.32842	9.70042e-02
0.32898	9.72047e-02
0.32953	9.73668e-02
0.33006	9.74936e-02
0.33058	9.75878e-02
0.33109	9.76315e-02
0.33158	9.76492e-02
0.33204	9.76440e-02
0.33245	9.75966e-02
0.33283	9.75333e-02
0.33318	9.74582e-02
0.33352	9.73753e-02
0.33383	9.72890e-02
0.33412	9.72033e-02
0.33439	9.71143e-02
0.33463	9.70332e-02
0.33485	9.69630e-02
0.33505	9.69055e-02
0.33524	9.68620e-02
0.33540	9.68324e-02
0.33555	9.68157e-02
0.33568	9.68101e-02
0.33578	9.68128e-02
0.33587	9.68205e-02
0.33595	9.68292e-02
0.33600	9.68351e-02
0.33603	9.68339e-02
0.33605	9.68216e-02
0.33602	9.68240e-02
0.33592	9.68388e-02
0.33581	9.68313e-02
0.33569	9.67980e-02
0.33555	9.67358e-02
0.33540	9.66420e-02
0.33525	9.65150e-02
0.33508	9.63536e-02
0.33490	9.61570e-02
0.33471	9.59253e-02
0.33451	9.56591e-02
0.33430	9.53591e-02
0.33408	9.50267e-02
0.33385	9.46636e-02
0.33361	9.42714e-02
0.33336	9.38523e-02
0.33310	9.34082e-02
0.33282	9.29413e-02
0.33254	9.24537e-02
0.33225	9.19474e-02
0.33195	9.14244e-02
0.33164	9.08866e-02
0.33132	9.03358e-02
0.33099	8.97736e-02
0.33065	8.92014e-02
0.33031	8.86207e-02
0.32997	8.80327e-02
0.32962	8.74386e-02
0.32926	8.68394e-02
0.32890	8.62361e-02
0.32854	8.56296e-02
0.32818	8.50207e-02
0.32782	8.44102e-02
0.32746	8.37987e-02
0.32710	8.31871e-02
0.32674	8.25757e-02
0.32638	8.19653e-02
0.32603	8.13562e-02
0.32575	8.08314e-02
0.32547	8.03101e-02
0.32520	7.97917e-02
0.32493	7.92756e-02
0.32467	7.87613e-02
0.32442	7.82484e-02
0.32417	7.77365e-02
0.32395	7.72155e-02
0.32373	7.66956e-02
0.32353	7.61763e-02
0.32335	7.56575e-02
0.32318	7.51389e-02
0.32312	7.45231e-02
0.32308	7.39044e-02
0.32306	7.32836e-02
0.32305	7.26618e-02
0.32307	7.20398e-02
0.32310	7.14189e-02
0.32314	7.07999e-02
0.32319	7.01840e-02
0.32324	6.95722e-02
0.32330	6.89659e-02
0.32335	6.83663e-02
0.32332	6.77822e-02
0.32328	6.72118e-02
0.32324	6.66566e-02
0.32318	6.61187e-02
0.32307	6.56066e-02
0.32294	6.51178e-02
0.32278	6.46573e-02
0.32260	6.42238e-02
0.32239	6.38192e-02
0.32215	6.34450e-02
0.32189	6.31030e-02
0.32161	6.27943e-02
0.32130	6.25201e-02
0.32096	6.22812e-02
0.32060	6.20779e-02
0.32021	6.19104e-02
0.31979	6.17529e-02
0.31935	6.16324e-02
0.31890	6.15475e-02
0.31842	6.14940e-02
0.31794	6.14717e-02
0.31744	6.14784e-02
0.31693	6.15119e-02
0.31641	6.15698e-02
0.31589	6.16501e-02
0.31535	6.17391e-02
0.31481	6.18476e-02
0.31427	6.19742e-02
0.31374	6.21177e-02
0.31321	6.22776e-02
0.31269	6.24536e-02
0.31218	6.26459e-02
0.31168	6.28553e-02
0.31119	6.30830e-02
0.31072	6.33307e-02
0.31027	6.36002e-02
0.30983	6.38937e-02
0.30940	6.42134e-02
0.30900	6.45614e-02
0.30856	6.49948e-02
0.30814	6.54580e-02
0.30774	6.59510e-02
0.30735	6.64734e-02
0.30698	6.70240e-02
0.30662	6.76010e-02
0.30627	6.82017e-02
0.30594	6.88230e-02
0.30563	6.94611e-02
0.30533	7.01120e-02
0.30505	7.07708e-02
0.30478	7.14329e-02
0.30453	7.20931e-02
0.30430	7.27462e-02
0.30409	7.33869e-02
0.30389	7.40101e-02
0.30372	7.46107e-02
0.30358	7.51836e-02
0.30345	7.57242e-02
0.30335	7.62283e-02
0.30328	7.66921e-02
0.30322	7.71126e-02
0.30319	7.74876e-02
0.30319	7.78159e-02
0.30320	7.80975e-02
0.30324	7.83335e-02
0.30330	7.85264e-02
0.30337	7.86797e-02
0.30347	7.87981e-02
0.30358	7.88871e-02
0.30370	7.89526e-02
0.30384	7.90011e-02
0.30399	7.90388e-02
0.30415	7.90714e-02
0.30432	7.91041e-02
0.30450	7.91413e-02
0.30468	7.91862e-02
0.30488	7.92412e-02
0.30515	7.92501e-02
0.30543	7.92690e-02
0.30572	7.92984e-02
0.30602	7.93385e-02
0.30634	7.93897e-02
0.30667	7.94520e-02
0.30702	7.95260e-02
0.30737	7.96344e-02
0.30772	7.97572e-02
0.30809	7.98956e-02
0.30847	8.00514e-02
0.30885	8.02262e-02
0.30926	8.04315e-02
0.30967	8.06586e-02
0.31007	8.09088e-02
0.31047	8.11832e-02
0.31086	8.14824e-02
0.31124	8.18068e-02
0.31161	8.21567e-02
0.31196	8.25322e-02
0.31229	8.29335e-02
0.31260	8.33606e-02
0.31289	8.38139e-02
0.31315	8.42992e-02
0.31339	8.48104e-02
0.31361	8.53480e-02
0.31381	8.59125e-02
0.31400	8.64979e-02
0.31417	8.71122e-02
0.31425	8.77470e-02
0.31430	8.84139e-02
0.31433	8.91121e-02
0.31432	8.98400e-02
0.31429	9.05958e-02
0.31423	9.13766e-02
0.31415	9.21792e-02
0.31405	9.29994e-02
0.31392	9.38326e-02
0.31377	9.46736e-02
0.31354	9.54938e-02
0.31329	9.63102e-02
0.31302	9.71168e-02
0.31268	9.78972e-02
0.31232	9.86546e-02
0.31194	9.93829e-02
0.31154	1.00076e-01
0.31112	1.00728e-01
0.31067	1.01335e-01
0.31017	1.01837e-01
0.30966	1.02286e-01
0.30913	1.02683e-01
0.30858	1.03028e-01
0.30802	1.03321e-01
0.30745	1.03566e-01
0.30686	1.03768e-01
0.30627	1.03931e-01
0.30565	1.04061e-01
0.30503	1.04165e-01
0.30439	1.04248e-01
0.30374	1.04316e-01
0.30307	1.04375e-01
0.30239	1.04429e-01
0.30170	1.04481e-01
0.30099	1.04534e-01
0.30028	1.04592e-01
0.29956	1.04656e-01
0.29883	1.04724e-01
0.29810	1.04798e-01
0.29737	1.04876e-01
0.29663	1.04957e-01
0.29590	1.05039e-01
0.29517	1.05122e-01
0.29445	1.05205e-01
0.29372	1.05287e-01
0.29301	1.05368e-01
0.29230	1.05450e-01
0.29159	1.05532e-01
0.29090	1.05616e-01
0.29021	1.05703e-01
0.28953	1.05794e-01
0.28887	1.05890e-01
0.28822	1.05990e-01
0.28758	1.06097e-01
0.28697	1.06210e-01
0.28638	1.06329e-01
0.28581	1.06454e-01
0.28527	1.06585e-01
0.28475	1.06723e-01
0.28426	1.06867e-01
0.28380	1.07017e-01
0.28337	1.07172e-01
0.28296	1.07334e-01
0.28257	1.07501e-01
0.28221	1.07672e-01
0.28187	1.07849e-01
0.28154	1.08031e-01
0.28124	1.08216e-01
0.28096	1.08406e-01
0.28070	1.08599e-01
0.28045	1.08796e-01
0.28022	1.08986e-01
0.28001	1.09179e-01
0.27982	1.09375e-01
0.27966	1.09576e-01
0.27952	1.09782e-01
0.27943	1.09958e-01
0.27936	1.10139e-01
0.27929	1.10312e-01
0.27924	1.10491e-01
0.27922	1.10675e-01
0.27923	1.10865e-01
0.27926	1.11061e-01
0.27931	1.11275e-01
0.27937	1.11493e-01
0.27947	1.11713e-01
0.27958	1.11932e-01
0.27972	1.12148e-01
0.27989	1.12357e-01
0.28007	1.12554e-01
0.28028	1.12737e-01
0.28050	1.12900e-01
0.28075	1.13039e-01
0.28103	1.13152e-01
0.28132	1.13233e-01
0.28163	1.13280e-01
0.28197	1.13290e-01
0.28233	1.13263e-01
0.28271	1.13204e-01
0.28311	1.13108e-01
0.28353	1.12975e-01
0.28397	1.12808e-01
0.28442	1.12611e-01
0.28488	1.12386e-01
0.28535	1.12139e-01
0.28583	1.11874e-01
0.28632	1.11597e-01
0.28681	1.11315e-01
0.28730	1.11032e-01
0.28778	1.10755e-01
0.28825	1.10505e-01
0.28870	1.10272e-01
0.28913	1.10061e-01
0.28961	1.09929e-01
0.29005	1.09825e-01
0.29046	1.09751e-01
0.29082	1.09709e-01
0.29115	1.09698e-01
0.29143	1.09717e-01
0.29164	1.09744e-01
0.29181	1.09797e-01
0.29193	1.09872e-01
0.29200	1.09965e-01
0.29202	1.10071e-01
0.29199	1.10186e-01
0.29192	1.10305e-01
0.29181	1.10422e-01
0.29165	1.10534e-01
0.29146	1.10634e-01
0.29122	1.10718e-01
0.29095	1.10783e-01
0.29065	1.10823e-01
0.29031	1.10835e-01
0.28994	1.10815e-01
0.28954	1.10762e-01
0.28912	1.10673e-01
0.28867	1.10546e-01
0.28821	1.10382e-01
0.28773	1.10179e-01
0.28723	1.09937e-01
0.28673	1.09658e-01
0.28621	1.09343e-01
0.28568	1.08991e-01
0.28514	1.08605e-01
0.28460	1.08185e-01
0.28406	1.07732e-01
0.28351	1.07246e-01
0.28297	1.06728e-01
0.28244	1.06177e-01
0.28191	1.05594e-01
0.28140	1.04977e-01
0.28090	1.04327e-01
0.28042	1.03643e-01
0.27997	1.02923e-01
0.27954	1.02169e-01
0.27914	1.01378e-01
0.27877	1.00551e-01
0.27843	9.96871e-02
0.27813	9.87850e-02
0.27787	9.78447e-02
0.27764	9.68658e-02
0.27745	9.58480e-02
0.27729	9.47912e-02
0.27717	9.36958e-02
0.27708	9.25620e-02
0.27702	9.13907e-02
0.27699	9.01830e-02
0.27698	8.89405e-02
0.27699	8.76650e-02
0.27702	8.63588e-02
0.27707	8.50246e-02
0.27710	8.36539e-02
0.27713	8.22617e-02
0.27717	8.08520e-02
0.27722	7.94290e-02
0.27726	7.79973e-02
0.27727	7.65690e-02
0.27728	7.51414e-02
0.27728	7.37163e-02
0.27728	7.22973e-02
0.27728	7.08892e-02
0.27727	6.94969e-02
0.27725	6.81252e-02
0.27735	6.67876e-02
0.27743	6.54918e-02
0.27751	6.42419e-02
0.27759	6.30419e-02
0.27766	6.18952e-02
0.27773	6.08051e-02
0.27780	5.97747e-02
0.27788	5.88069e-02
0.27796	5.79043e-02
0.27805	5.70690e-02
0.27816	5.63026e-02
0.27828	5.56063e-02
0.27840	5.49950e-02
0.27854	5.44541e-02
0.27872	5.39823e-02
0.27889	5.35805e-02
0.27909	5.32461e-02
0.27933	5.29755e-02
0.27961	5.27646e-02
0.27993	5.26088e-02
0.28029	5.25032e-02
0.28070	5.24430e-02
0.28115	5.24232e-02
0.28165	5.24390e-02
0.28220	5.24859e-02
0.28279	5.25595e-02
0.28343	5.26561e-02
0.28410	5.27662e-02
0.28482	5.28931e-02
0.28558	5.30345e-02
0.28638	5.31929e-02
0.28723	5.33622e-02
0.28810	5.35419e-02
0.28900	5.37325e-02
0.28993	5.39350e-02
0.29088	5.41507e-02
0.29183	5.43760e-02
0.29280	5.46194e-02
0.29378	5.48838e-02
0.29478	5.51726e-02
0.29578	5.54897e-02
0.29678	5.58391e-02
0.29779	5.62249e-02
0.29880	5.66515e-02
0.29981	5.71231e-02
0.30082	5.76437e-02
0.30181	5.82170e-02
0.30280	5.88462e-02
0.30378	5.95339e-02
0.30474	6.02820e-02
0.30568	6.10915e-02
0.30661	6.19625e-02
0.30751	6.28941e-02
0.30838	6.38843e-02
0.30923	6.49304e-02
0.31004	6.60284e-02
0.31082	6.71740e-02
0.31156	6.83620e-02
0.31225	6.95867e-02
0.31291	7.08423e-02
0.31351	7.21226e-02
0.31407	7.34217e-02
0.31459	7.47339e-02
0.31505	7.60538e-02
0.31546	7.73763e-02
0.31582	7.86969e-02
0.31612	8.00117e-02
0.31638	8.13170e-02
0.31658	8.26097e-02
0.31674	8.38871e-02
0.31684	8.51468e-02
0.31690	8.63864e-02
0.31691	8.76041e-02
0.31687	8.87977e-02
0.31678	8.99655e-02
0.31665	9.11055e-02
0.31647	9.22158e-02
0.31626	9.32945e-02
0.31600	9.43397e-02
0.31570	9.53493e-02
0.31536	9.63213e-02
0.31499	9.72536e-02
0.31459	9.81441e-02
0.31415	9.89908e-02
0.31369	9.97915e-02
0.31320	1.00544e-01
0.31269	1.01247e-01
0.31216	1.01897e-01
0.31156	1.02498e-01
0.31096	1.03041e-01
0.31035	1.03526e-01
0.30974	1.03953e-01
0.30913	1.04321e-01
0.30846	1.04668e-01
0.30779	1.04961e-01
0.30714	1.05158e-01
0.30648	1.05310e-01
0.30580	1.05421e-01
0.30511	1.05496e-01
0.30440	1.05539e-01
0.30377	1.05647e-01
0.30310	1.05718e-01
0.30240	1.05755e-01
0.30167	1.05761e-01
0.30090	1.05740e-01
0.30011	1.05693e-01
0.29928	1.05626e-01
0.29844	1.05541e-01
0.29757	1.05443e-01
0.29668	1.05334e-01
0.29577	1.05220e-01
0.29484	1.05103e-01
0.29386	1.04979e-01
0.29286	1.04857e-01
0.29185	1.04741e-01
0.29077	1.04676e-01
0.28968	1.04627e-01
0.28858	1.04596e-01
0.28746	1.04584e-01
0.28633	1.04594e-01
0.28518	1.04628e-01
0.28402	1.04685e-01
0.28285	1.04767e-01
0.28165	1.04875e-01
0.28045	1.05007e-01
0.27922	1.05164e-01
0.27798	1.05345e-01
0.27669	1.05513e-01
0.27538	1.05702e-01
0.27406	1.05911e-01
0.27269	1.06104e-01
0.27131	1.06316e-01
0.26992	1.06544e-01
0.26852	1.06785e-01
0.26713	1.07037e-01
0.26575	1.07291e-01
0.26437	1.07530e-01
0.26304	1.07725e-01
0.26177	1.07802e-01
0.26063	1.07632e-01
0.25967	1.07132e-01
0.25884	1.06403e-01
0.25810	1.05567e-01
0.25742	1.04689e-01
0.25680	1.03799e-01
0.25623	1.02909e-01
0.25572	1.02028e-01
0.25526	1.01158e-01
0.25487	1.00302e-01
0.25453	9.94629e-02
0.25425	9.86400e-02
0.25404	9.78349e-02
0.25389	9.70477e-02
0.25379	9.62788e-02
0.25376	9.55282e-02
0.25379	9.47958e-02
0.25387	9.40816e-02
0.25401	9.33858e-02
0.25421	9.27085e-02
0.25445	9.20502e-02
0.25475	9.14117e-02
0.25509	9.07941e-02
0.25548	9.01986e-02
0.25591	8.96271e-02
0.25639	8.90814e-02
0.25690	8.85637e-02
0.25745	8.80762e-02
0.25803	8.76211e-02
0.25864	8.72006e-02
0.25928	8.68167e-02
0.25995	8.64709e-02
0.26063	8.61647e-02
0.26134	8.58988e-02
0.26206	8.56736e-02
0.26279	8.54888e-02
0.26354	8.53440e-02
0.26430	8.52378e-02
0.26506	8.51687e-02
0.26582	8.51347e-02
0.26659	8.51336e-02
0.26736	8.51631e-02
0.26812	8.52206e-02
0.26888	8.53040e-02
0.26962	8.54110e-02
0.27036	8.55399e-02
0.27108	8.56891e-02
0.27179	8.58575e-02
0.27248	8.60444e-02
0.27313	8.62490e-02
0.27376	8.64714e-02
0.27436	8.67113e-02
0.27492	8.69680e-02
0.27545	8.72411e-02
0.27598	8.74735e-02
0.27647	8.77241e-02
0.27688	8.80174e-02
0.27725	8.83267e-02
0.27757	8.86506e-02
0.27783	8.89870e-02
0.27805	8.93341e-02
0.27820	8.96932e-02
0.27829	9.00590e-02
0.27835	9.04293e-02
0.27835	9.08019e-02
0.27831	9.11749e-02
0.27822	9.15465e-02
0.27810	9.19151e-02
0.27794	9.22794e-02
0.27774	9.26381e-02
0.27751	9.29899e-02
0.27726	9.33338e-02
0.27698	9.36685e-02
0.27665	9.39573e-02
0.27630	9.42344e-02
0.27593	9.44986e-02
0.27552	9.47536e-02
0.27509	9.49951e-02
0.27465	9.52225e-02
0.27420	9.54353e-02
0.27375	9.56336e-02
0.27329	9.58178e-02
0.27282	9.59890e-02
0.27235	9.61487e-02
0.27187	9.62993e-02
0.27139	9.64439e-02
0.27089	9.65858e-02
0.27039	9.67291e-02
0.26990	9.68499e-02
0.26940	9.69817e-02
0.26888	9.71293e-02
0.26833	9.72955e-02
0.26777	9.74865e-02
0.26719	9.77059e-02
0.26659	9.79565e-02
0.26599	9.82404e-02
0.26537	9.85586e-02
0.26473	9.88873e-02
0.26407	9.92500e-02
0.26341	9.96448e-02
0.26275	1.00069e-01
0.26207	1.00519e-01
0.26139	1.00991e-01
0.26071	1.01482e-01
0.26002	1.01986e-01
0.25933	1.02502e-01
0.25864	1.03025e-01
0.25795	1.03551e-01
0.25727	1.04079e-01
0.25658	1.04607e-01
0.25590	1.05132e-01
0.25523	1.05653e-01
0.25456	1.06169e-01
0.25390	1.06681e-01
0.25324	1.07186e-01
0.25259	1.07686e-01
0.25195	1.08180e-01
0.25131	1.08669e-01
0.25067	1.09153e-01
0.25003	1.09632e-01
0.24939	1.10107e-01
0.24875	1.10579e-01
0.24810	1.11049e-01
0.24745	1.11517e-01
0.24678	1.11985e-01
0.24611	1.12452e-01
0.24542	1.12919e-01
0.24472	1.13386e-01
0.24400	1.13852e-01
0.24327	1.14316e-01
0.24252	1.14775e-01
0.24177	1.15225e-01
0.24101	1.15660e-01
0.24024	1.16073e-01
0.23948	1.16452e-01
0.23872	1.16784e-01
0.23799	1.17055e-01
0.23728	1.17249e-01
0.23661	1.17356e-01
0.23597	1.17373e-01
0.23537	1.17297e-01
0.23481	1.17134e-01
0.23429	1.16887e-01
0.23380	1.16561e-01
0.23335	1.16161e-01
0.23293	1.15692e-01
0.23254	1.15158e-01
0.23219	1.14564e-01
0.23186	1.13915e-01
0.23154	1.13215e-01
0.23125	1.12470e-01
0.23098	1.11687e-01
0.23074	1.10870e-01
0.23052	1.10024e-01
0.23027	1.09223e-01
0.23005	1.08393e-01
0.22985	1.07547e-01
0.22967	1.06674e-01
0.22953	1.05773e-01
0.22942	1.04846e-01
0.22934	1.03894e-01
0.22925	1.02945e-01
0.22918	1.01982e-01
0.22915	1.01009e-01
0.22914	1.00034e-01
0.22917	9.90626e-02
0.22921	9.81027e-02
0.22928	9.71616e-02
0.22938	9.62462e-02
0.22950	9.53633e-02
0.22963	9.45186e-02
0.22979	9.37173e-02
0.22997	9.29642e-02
0.23017	9.22641e-02
0.23038	9.16198e-02
0.23062	9.10340e-02
0.23087	9.05085e-02
0.23114	9.00454e-02
0.23143	8.96458e-02
0.23174	8.93101e-02
0.23206	8.90384e-02
0.23240	8.88301e-02
0.23275	8.86841e-02
0.23311	8.85989e-02
0.23348	8.85724e-02
0.23385	8.86021e-02
0.23422	8.86854e-02
0.23460	8.88190e-02
0.23497	8.89971e-02
0.23533	8.92175e-02
0.23569	8.94765e-02
0.23600	8.97267e-02
0.23630	9.00083e-02
0.23657	9.03179e-02
0.23683	9.06518e-02
0.23706	9.10068e-02
0.23727	9.13794e-02
0.23743	9.17520e-02
0.23757	9.21346e-02
0.23767	9.25241e-02
0.23774	9.29177e-02
0.23779	9.33125e-02
0.23780	9.37058e-02
0.23778	9.40951e-02
0.23774	9.44779e-02
0.23767	9.48520e-02
0.23758	9.52155e-02
0.23747	9.55669e-02
0.23734	9.59049e-02
0.23719	9.62286e-02
0.23704	9.65375e-02
0.23701	9.69256e-02
0.23697	9.73055e-02
0.23694	9.76768e-02
0.23690	9.80388e-02
0.23685	9.83911e-02
0.23680	9.87337e-02
0.23674	9.90669e-02
0.23666	9.93916e-02
0.23657	9.97092e-02
0.23647	1.00022e-01
0.23634	1.00332e-01
0.23620	1.00643e-01
0.23605	1.00957e-01
0.23588	1.01279e-01
0.23570	1.01610e-01
0.23550	1.01955e-01
0.23529	1.02316e-01
0.23506	1.02696e-01
0.23482	1.03098e-01
0.23457	1.03525e-01
0.23431	1.03979e-01
0.23403	1.04462e-01
0.23374	1.04979e-01
0.23344	1.05531e-01
0.23313	1.06121e-01
0.23281	1.06752e-01
0.23248	1.07426e-01
0.23213	1.08145e-01
0.23178	1.08912e-01
0.23142	1.09728e-01
0.23105	1.10595e-01
0.23067	1.11513e-01
0.23029	1.12483e-01
0.22990	1.13503e-01
0.22950	1.14573e-01
0.22909	1.15691e-01
0.22868	1.16856e-01
0.22826	1.18063e-01
0.22778	1.19348e-01
0.22729	1.20671e-01
0.22679	1.22029e-01
0.22628	1.23417e-01
0.22576	1.24830e-01
0.22521	1.26245e-01
0.22464	1.27673e-01
0.22414	1.29017e-01
0.22362	1.30372e-01
0.22308	1.31732e-01
0.22252	1.33089e-01
0.22195	1.34435e-01
0.22142	1.35717e-01
0.22089	1.36961e-01
0.22038	1.38145e-01
0.21991	1.39234e-01
0.21953	1.40170e-01
0.21930	1.40869e-01
0.21927	1.41230e-01
0.21948	1.41208e-01
0.21991	1.40854e-01
0.22048	1.40265e-01
0.22114	1.39523e-01
0.22186	1.38682e-01
0.22253	1.37855e-01
0.22322	1.36989e-01
0.22393	1.36099e-01
0.22462	1.35201e-01
0.22532	1.34298e-01
0.22602	1.33399e-01
0.22671	1.32510e-01
0.22739	1.31636e-01
0.22806	1.30782e-01
0.22872	1.29952e-01
0.22937	1.29150e-01
0.22999	1.28378e-01
0.23059	1.27639e-01
0.23117	1.26933e-01
0.23173	1.26261e-01
0.23226	1.25623e-01
0.23277	1.25018e-01
0.23325	1.24446e-01
0.23369	1.23876e-01
0.23412	1.23333e-01
0.23452	1.22815e-01
0.23491	1.22322e-01
0.23528	1.21853e-01
0.23565	1.21408e-01
0.23607	1.21099e-01
0.23648	1.20811e-01
0.23689	1.20546e-01
0.23730	1.20306e-01
0.23771	1.20094e-01
0.23813	1.19913e-01
0.23855	1.19765e-01
0.23898	1.19655e-01
0.23943	1.19586e-01
0.23988	1.19560e-01
0.24034	1.19582e-01
0.24081	1.19654e-01
0.24130	1.19778e-01
0.24179	1.19956e-01
0.24232	1.20187e-01
0.24286	1.20473e-01
0.24341	1.20813e-01
0.24398	1.21206e-01
0.24456	1.21649e-01
0.24516	1.22139e-01
0.24577	1.22671e-01
0.24640	1.23240e-01
0.24703	1.23840e-01
0.24769	1.24466e-01
0.24836	1.25111e-01
0.24904	1.25770e-01
0.24975	1.26438e-01
0.25048	1.27111e-01
0.25123	1.27785e-01
0.25200	1.28456e-01
0.25280	1.29123e-01
0.25363	1.29783e-01
0.25449	1.30434e-01
0.25538	1.31077e-01
0.25630	1.31710e-01
0.25726	1.32333e-01
0.25824	1.32946e-01
0.25925	1.33549e-01
0.26028	1.34143e-01
0.26134	1.34727e-01
0.26243	1.35304e-01
0.26353	1.35872e-01
0.26466	1.36432e-01
0.26580	1.36983e-01
0.26696	1.37525e-01
0.26812	1.38056e-01
0.26930	1.38573e-01
0.27049	1.39071e-01
0.27168	1.39545e-01
0.27288	1.39987e-01
0.27409	1.40384e-01
0.27532	1.40723e-01
0.27654	1.41001e-01
0.27778	1.41177e-01
0.27906	1.41226e-01
0.28039	1.41125e-01
0.28176	1.40862e-01
0.28315	1.40444e-01
0.28458	1.39879e-01
0.28604	1.39175e-01
0.28751	1.38360e-01
0.28898	1.37453e-01
0.29044	1.36468e-01
0.29188	1.35417e-01
0.29329	1.34309e-01
0.29468	1.33154e-01
0.29603	1.31959e-01
0.29735	1.30731e-01
0.29862	1.29476e-01
0.29984	1.28200e-01
0.30101	1.26909e-01
0.30212	1.25610e-01
0.30316	1.24309e-01
0.30413	1.23012e-01
0.30503	1.21724e-01
0.30585	1.20451e-01
0.30661	1.19143e-01
0.30729	1.17860e-01
0.30789	1.16606e-01
0.30840	1.15388e-01
0.30884	1.14203e-01
0.30919	1.13054e-01
0.30946	1.11943e-01
0.30966	1.10870e-01
0.30979	1.09836e-01
0.30986	1.08840e-01
0.30987	1.07883e-01
0.30982	1.06964e-01
0.30971	1.06083e-01
0.30955	1.05241e-01
0.30934	1.04436e-01
0.30912	1.03691e-01
0.30885	1.02992e-01
0.30855	1.02340e-01
0.30822	1.01732e-01
0.30786	1.01174e-01
0.30746	1.00664e-01
0.30704	1.00205e-01
0.30659	9.97981e-02
0.30611	9.94431e-02
0.30560	9.91412e-02
0.30507	9.88927e-02
0.30451	9.86977e-02
0.30392	9.85559e-02
0.30329	9.84663e-02
0.30264	9.84276e-02
0.30195	9.84377e-02
0.30123	9.84940e-02
0.30048	9.85935e-02
0.29970	9.87326e-02
0.29888	9.89077e-02
0.29803	9.91148e-02
0.29715	9.93497e-02
0.29625	9.96083e-02
0.29531	9.98861e-02
0.29436	1.00179e-01
0.29338	1.00483e-01
0.29239	1.00793e-01
0.29139	1.01104e-01
0.29037	1.01413e-01
0.28936	1.01711e-01
0.28834	1.01994e-01
0.28734	1.02254e-01
0.28634	1.02483e-01
0.28536	1.02670e-01
0.28439	1.02806e-01
0.28346	1.02880e-01
0.28255	1.02878e-01
0.28169	1.02790e-01
0.28086	1.02604e-01
0.28008	1.02309e-01
0.27935	1.01899e-01
0.27867	1.01368e-01
0.27804	1.00715e-01
0.27746	9.99407e-02
0.27694	9.90509e-02
0.27647	9.80527e-02
0.27605	9.69552e-02
0.27568	9.57688e-02
0.27535	9.45042e-02
0.27507	9.31721e-02
0.27483	9.17828e-02
0.27462	9.03458e-02
0.27446	8.88700e-02
0.27434	8.73634e-02
0.27425	8.58335e-02
0.27421	8.42869e-02
0.27420	8.27299e-02
0.27423	8.11683e-02
0.27429	7.96078e-02
0.27440	7.80538e-02
0.27454	7.65120e-02
0.27472	7.49842e-02
0.27495	7.34792e-02
0.27521	7.20032e-02
0.27550	7.05623e-02
0.27584	6.91631e-02
0.27633	6.76435e-02
0.27684	6.61954e-02
0.27739	6.48263e-02
0.27797	6.35429e-02
0.27857	6.23520e-02
0.27919	6.12595e-02
0.27983	6.02707e-02
0.28046	5.93760e-02
0.28111	5.85927e-02
0.28177	5.79229e-02
0.28242	5.73677e-02
0.28308	5.69266e-02
0.28374	5.65982e-02
0.28433	5.65161e-02
0.28490	5.65377e-02
0.28547	5.66565e-02
0.28602	5.68652e-02
0.28655	5.71566e-02
0.28707	5.75231e-02
0.28756	5.79572e-02
0.28803	5.84515e-02
0.28848	5.89988e-02
0.28886	5.96032e-02
0.28922	6.02489e-02
0.28954	6.09295e-02
0.28983	6.16388e-02
0.29008	6.23707e-02
0.29029	6.31194e-02
0.29047	6.38793e-02
0.29061	6.46450e-02
0.29071	6.54116e-02
0.29077	6.61742e-02
0.29078	6.69284e-02
0.29076	6.76702e-02
0.29069	6.83960e-02
0.29059	6.91027e-02
0.29045	6.97878e-02
0.29025	7.04266e-02
0.29001	7.10408e-02
0.28974	7.16299e-02
0.28945	7.21941e-02
0.28912	7.27339e-02
0.28877	7.32505e-02
0.28837	7.37104e-02
0.28795	7.41514e-02
0.28751	7.45760e-02
0.28705	7.49867e-02
0.28657	7.53864e-02
0.28608	7.57778e-02
0.28558	7.61639e-02
0.28506	7.65475e-02
0.28452	7.69315e-02
0.28397	7.73182e-02
0.28341	7.77102e-02
0.28283	7.81094e-02
0.28223	7.85176e-02
0.28161	7.89360e-02
0.28094	7.93272e-02
0.28024	7.97289e-02
0.27952	8.01414e-02
0.27877	8.05644e-02
0.27799	8.09973e-02
0.27717	8.14392e-02
0.27632	8.18887e-02
0.27544	8.23442e-02
0.27451	8.28040e-02
0.27356	8.32663e-02
0.27256	8.37290e-02
0.27152	8.41904e-02
0.27045	8.46485e-02
0.26934	8.51016e-02
0.26820	8.55481e-02
0.26702	8.59865e-02
0.26581	8.64152e-02
0.26456	8.68328e-02
0.26329	8.72376e-02
0.26200	8.76281e-02
0.26068	8.80022e-02
0.25935	8.83581e-02
0.25801	8.86935e-02
0.25666	8.90059e-02
0.25531	8.92930e-02
0.25396	8.95521e-02
0.25262	8.97808e-02
0.25129	8.99766e-02
0.24999	9.01373e-02
0.24870	9.02608e-02
0.24745	9.03455e-02
0.24623	9.03905e-02
0.24505	9.03954e-02
0.24390	9.03604e-02
0.24280	9.02869e-02
0.24174	9.01766e-02
0.24071	9.00319e-02
0.23971	8.98554e-02
0.23874	8.96498e-02
0.23780	8.94180e-02
0.23687	8.91625e-02
0.23596	8.88864e-02
0.23507	8.85927e-02
0.23419	8.82850e-02
0.23333	8.79673e-02
0.23248	8.76437e-02
0.23165	8.73189e-02
0.23084	8.69975e-02
0.23004	8.66842e-02
0.22927	8.63835e-02
0.22852	8.60998e-02
0.22780	8.58369e-02
0.22710	8.55984e-02
0.22644	8.53876e-02
0.22581	8.52074e-02
0.22522	8.50605e-02
0.22467	8.49494e-02
0.22415	8.48768e-02
0.22369	8.48451e-02
0.22326	8.48569e-02
0.22288	8.49145e-02
0.22254	8.50201e-02
0.22227	8.52105e-02
0.22203	8.54510e-02
0.22184	8.57428e-02
0.22169	8.60864e-02
0.22157	8.64819e-02
0.22149	8.69288e-02
0.22144	8.74260e-02
0.22142	8.79718e-02
0.22144	8.85638e-02
0.22148	8.91992e-02
0.22155	8.98746e-02
0.22164	9.05859e-02
0.22176	9.13288e-02
0.22190	9.20983e-02
0.22206	9.28895e-02
0.22225	9.36970e-02
0.22245	9.45154e-02
0.22267	9.53392e-02
0.22288	9.61375e-02
0.22311	9.69295e-02
0.22336	9.77104e-02
0.22361	9.84757e-02
0.22388	9.92208e-02
0.22416	9.99415e-02
0.22444	1.00633e-01
0.22473	1.01292e-01
0.22503	1.01914e-01
0.22532	1.02494e-01
0.22563	1.03029e-01
0.22593	1.03515e-01
0.22623	1.03950e-01
0.22654	1.04330e-01
0.22684	1.04655e-01
0.22715	1.04924e-01
0.22746	1.05138e-01
0.22776	1.05298e-01
0.22806	1.05407e-01
0.22836	1.05466e-01
0.22865	1.05479e-01
0.22892	1.05447e-01
0.22918	1.05375e-01
0.22943	1.05263e-01
0.22965	1.05114e-01
0.22985	1.04931e-01
0.23002	1.04715e-01
0.23017	1.04468e-01
0.23028	1.04192e-01
0.23036	1.03888e-01
0.23041	1.03557e-01
0.23043	1.03202e-01
0.23041	1.02824e-01
0.23035	1.02424e-01
0.23026	1.02003e-01
0.23014	1.01564e-01
0.22999	1.01107e-01
0.22981	1.00634e-01
0.22960	1.00146e-01
0.22937	9.96428e-02
0.22912	9.91263e-02
0.22884	9.85967e-02
0.22855	9.80542e-02
0.22825	9.74989e-02
0.22795	9.69305e-02
0.22764	9.63482e-02
0.22732	9.57512e-02
0.22702	9.51383e-02
0.22672	9.45082e-02
0.22643	9.38598e-02
0.22616	9.31920e-02
0.22591	9.25042e-02
0.22568	9.17964e-02
0.22547	9.10694e-02
0.22529	9.03245e-02
0.22513	8.95637e-02
0.22500	8.87894e-02
0.22490	8.80043e-02
0.22482	8.72109e-02
0.22476	8.64114e-02
0.22474	8.56073e-02
0.22474	8.47995e-02
0.22477	8.39877e-02
0.22489	8.30646e-02
0.22504	8.21275e-02
0.22523	8.11771e-02
0.22546	8.02143e-02
0.22572	7.92403e-02
0.22601	7.82573e-02
0.22635	7.72681e-02
0.22673	7.62593e-02
0.22715	7.52495e-02
0.22761	7.42437e-02
0.22809	7.32475e-02
0.22861	7.22665e-02
0.22916	7.13061e-02
0.22977	7.04091e-02
0.23041	6.95418e-02
0.23106	6.87080e-02
0.23173	6.79109e-02
0.23240	6.71533e-02
0.23308	6.64372e-02
0.23367	6.56974e-02
0.23426	6.49976e-02
0.23484	6.43403e-02
0.23543	6.37145e-02
0.23601	6.31377e-02
0.23657	6.26132e-02
0.23711	6.21442e-02
0.23763	6.17344e-02
0.23812	6.13870e-02
0.23858	6.11052e-02
0.23902	6.08920e-02
0.23942	6.07498e-02
0.23978	6.06804e-02
0.24010	6.06849e-02
0.24039	6.07637e-02
0.24065	6.09154e-02
0.24086	6.11387e-02
0.24104	6.14311e-02
0.24108	6.17792e-02
0.24110	6.21841e-02
0.24108	6.26419e-02
0.24103	6.31489e-02
0.24095	6.37007e-02
0.24084	6.42930e-02
0.24070	6.49218e-02
0.24053	6.55829e-02
0.24033	6.62723e-02
0.24011	6.69866e-02
0.23987	6.77226e-02
0.23961	6.84772e-02
0.23932	6.92479e-02
0.23902	7.00325e-02
0.23870	7.08290e-02
0.23835	7.16357e-02
0.23800	7.24510e-02
0.23762	7.32736e-02
0.23723	7.41020e-02
0.23682	7.49350e-02
0.23639	7.57536e-02
0.23594	7.65726e-02
0.23549	7.73908e-02
0.23502	7.82070e-02
0.23454	7.90200e-02
0.23406	7.98287e-02
0.23357	8.06319e-02
0.23308	8.14287e-02
0.23259	8.22182e-02
0.23210	8.29998e-02
0.23162	8.37728e-02
0.23113	8.45367e-02
0.23066	8.52913e-02
0.23020	8.60362e-02
0.22974	8.67709e-02
0.22930	8.74952e-02
0.22886	8.82084e-02
0.22844	8.89098e-02
0.22803	8.95983e-02
0.22764	9.02728e-02
0.22726	9.09316e-02
0.22690	9.15732e-02
0.22656	9.21954e-02
0.22623	9.27963e-02
0.22593	9.33734e-02
0.22564	9.39243e-02
0.22538	9.44463e-02
0.22513	9.49367e-02
0.22492	9.53926e-02
0.22472	9.58110e-02
0.22456	9.61888e-02
0.22442	9.65225e-02
0.22432	9.68088e-02
0.22424	9.70441e-02
0.22421	9.72246e-02
0.22421	9.73465e-02
0.22426	9.74058e-02
0.22434	9.73987e-02
0.22448	9.73215e-02
0.22466	9.71712e-02
0.22489	9.69451e-02
0.22516	9.66416e-02
0.22549	9.62600e-02
0.22582	9.58883e-02
0.22620	9.54419e-02
0.22662	9.49242e-02
0.22709	9.43396e-02
0.22760	9.36943e-02
0.22814	9.29954e-02
0.22872	9.22506e-02
0.22932	9.14684e-02
0.22995	9.06571e-02
0.23060	8.98246e-02
0.23127	8.89786e-02
0.23195	8.81258e-02
0.23264	8.72718e-02
0.23338	8.64387e-02
0.23413	8.56129e-02
0.23489	8.47977e-02
0.23566	8.39956e-02
0.23645	8.32091e-02
0.23724	8.24403e-02
0.23805	8.16913e-02
0.23887	8.09643e-02
0.23971	8.02617e-02
0.24055	7.95859e-02
0.24141	7.89399e-02
0.24228	7.83267e-02
0.24316	7.77497e-02
0.24405	7.72125e-02
0.24495	7.67189e-02
0.24585	7.62728e-02
0.24677	7.58781e-02
0.24769	7.55387e-02
0.24861	7.52584e-02
0.24953	7.50404e-02
0.25045	7.48878e-02
0.25138	7.48030e-02
0.25231	7.47877e-02
0.25323	7.48432e-02
0.25423	7.48631e-02
0.25522	7.49457e-02
0.25620	7.50908e-02
0.25715	7.52979e-02
0.25808	7.55662e-02
0.25899	7.58947e-02
0.25983	7.62112e-02
0.26064	7.65825e-02
0.26142	7.70073e-02
0.26216	7.74839e-02
0.26286	7.80106e-02
0.26353	7.85857e-02
0.26416	7.92073e-02
0.26475	7.98733e-02
0.26530	8.05816e-02
0.26582	8.13302e-02
0.26629	8.21170e-02
0.26672	8.29399e-02
0.26711	8.37970e-02
0.26746	8.46865e-02
0.26775	8.55966e-02
0.26800	8.65367e-02
0.26821	8.75055e-02
0.26838	8.85020e-02
0.26851	8.95256e-02
0.26859	9.05754e-02
0.26864	9.16507e-02
0.26864	9.27507e-02
0.26860	9.38742e-02
0.26852	9.50198e-02
0.26840	9.61853e-02
0.26823	9.73678e-02
0.26802	9.85635e-02
0.26777	9.97669e-02
0.26747	1.00971e-01
0.26714	1.02167e-01
0.26677	1.03343e-01
0.26637	1.04485e-01
0.26595	1.05577e-01
0.26552	1.06598e-01
0.26508	1.07527e-01
0.26465	1.08341e-01
0.26425	1.09019e-01
0.26388	1.09542e-01
0.26355	1.09902e-01
0.26327	1.10098e-01
0.26303	1.10139e-01
0.26284	1.10044e-01
0.26268	1.09837e-01
0.26255	1.09548e-01
0.26244	1.09204e-01
0.26234	1.08832e-01
0.26224	1.08458e-01
0.26213	1.08103e-01
0.26202	1.07787e-01
0.26189	1.07524e-01
0.26174	1.07328e-01
0.26157	1.07208e-01
0.26139	1.07172e-01
0.26118	1.07225e-01
0.26095	1.07373e-01
0.26070	1.07617e-01
0.26043	1.07961e-01
0.26015	1.08404e-01
0.25985	1.08946e-01
0.25954	1.09587e-01
0.25921	1.10326e-01
0.25888	1.11159e-01
0.25853	1.12085e-01
0.25818	1.13100e-01
0.25782	1.14199e-01
0.25745	1.15377e-01
0.25707	1.16629e-01
0.25669	1.17949e-01
0.25629	1.19327e-01
0.25589	1.20752e-01
0.25548	1.22208e-01
0.25526	1.23289e-01
0.25575	1.22901e-01
0.25634	1.22291e-01
0.25692	1.21702e-01
0.25747	1.21148e-01
0.25797	1.20624e-01
0.25844	1.20133e-01
0.25886	1.19671e-01
0.25924	1.19233e-01
0.25958	1.18816e-01
0.25986	1.18416e-01
0.26010	1.18029e-01
0.26030	1.17652e-01
0.26044	1.17280e-01
0.26054	1.16911e-01
0.26059	1.16542e-01
0.26059	1.16170e-01
0.26056	1.15791e-01
0.26048	1.15404e-01
0.26036	1.15006e-01
0.26021	1.14595e-01
0.26002	1.14170e-01
0.25980	1.13728e-01
0.25955	1.13270e-01
0.25927	1.12795e-01
0.25896	1.12302e-01
0.25864	1.11792e-01
0.25828	1.11266e-01
0.25791	1.10726e-01
0.25756	1.10188e-01
0.25719	1.09638e-01
0.25679	1.09079e-01
0.25638	1.08515e-01
0.25596	1.07951e-01
0.25553	1.07391e-01
0.25508	1.06840e-01
0.25463	1.06303e-01
0.25418	1.05786e-01
0.25371	1.05294e-01
0.25325	1.04832e-01
0.25278	1.04403e-01
0.25232	1.04012e-01
0.25186	1.03663e-01
0.25133	1.03403e-01
0.25081	1.03185e-01
0.25031	1.03008e-01
0.24982	1.02867e-01
0.24936	1.02756e-01
0.24893	1.02662e-01
0.24854	1.02565e-01
0.24821	1.02434e-01
0.24795	1.02228e-01
0.24780	1.01899e-01
0.24776	1.01400e-01
0.24785	1.00711e-01
0.24807	9.98407e-02
0.24840	9.88192e-02
0.24882	9.76833e-02
0.24933	9.64650e-02
0.24999	9.52425e-02
0.25072	9.39823e-02
0.25150	9.26968e-02
0.25233	9.13948e-02
0.25321	9.00829e-02
0.25412	8.87668e-02
0.25508	8.74514e-02
0.25606	8.61419e-02
0.25708	8.48439e-02
0.25812	8.35636e-02
0.25918	8.23079e-02
0.26026	8.10846e-02
0.26134	7.99017e-02
0.26244	7.87676e-02
0.26353	7.76908e-02
0.26462	7.66791e-02
0.26570	7.57399e-02
0.26677	7.48792e-02
0.26793	7.39589e-02
0.26907	7.31297e-02
0.27018	7.23959e-02
0.27126	7.17594e-02
0.27234	7.12120e-02
0.27338	7.07600e-02
0.27438	7.04008e-02
0.27535	7.01313e-02
0.27629	6.99477e-02
0.27718	6.98539e-02
0.27804	6.98399e-02
0.27885	6.99019e-02
0.27963	7.00358e-02
0.28036	7.02377e-02
0.28105	7.05035e-02
0.28169	7.08291e-02
0.28230	7.12157e-02
0.28285	7.16539e-02
0.28336	7.21397e-02
0.28382	7.26691e-02
0.28422	7.32385e-02
0.28458	7.38444e-02
0.28493	7.44843e-02
0.28522	7.51587e-02
0.28546	7.58643e-02
0.28564	7.65983e-02
0.28576	7.73582e-02
0.28581	7.81421e-02
0.28581	7.89482e-02
0.28574	7.97753e-02
0.28561	8.06223e-02
0.28540	8.14865e-02
0.28513	8.23692e-02
0.28479	8.32698e-02
0.28439	8.41878e-02
0.28392	8.51223e-02
0.28339	8.60726e-02
0.28280	8.70374e-02
0.28215	8.80155e-02
0.28145	8.90052e-02
0.28069	9.00046e-02
0.27988	9.10118e-02
0.27903	9.20244e-02
0.27816	9.30176e-02
0.27726	9.40086e-02
0.27633	9.49950e-02
0.27536	9.59745e-02
0.27437	9.69447e-02
0.27335	9.79034e-02
0.27232	9.88486e-02
0.27126	9.97780e-02
0.27018	1.00690e-01
0.26922	1.01645e-01
0.26823	1.02578e-01
0.26722	1.03485e-01
0.26619	1.04363e-01
0.26514	1.05206e-01
0.26408	1.06012e-01
0.26301	1.06774e-01
0.26193	1.07488e-01
0.26086	1.08146e-01
0.25979	1.08739e-01
0.25875	1.09257e-01
0.25773	1.09685e-01
0.25674	1.10009e-01
0.25581	1.10209e-01
0.25494	1.10268e-01
0.25414	1.10171e-01
0.25342	1.09909e-01
0.25278	1.09482e-01
0.25224	1.08895e-01
0.25177	1.08161e-01
0.25139	1.07295e-01
0.25109	1.06310e-01
0.25087	1.05222e-01
0.25072	1.04043e-01
0.25064	1.02782e-01
0.25064	1.01453e-01
0.25071	1.00063e-01
0.25085	9.86260e-02
0.25106	9.71518e-02
0.25133	9.56534e-02
0.25167	9.41594e-02
0.25208	9.26685e-02
0.25253	9.11956e-02
0.25303	8.97558e-02
0.25356	8.83638e-02
0.25413	8.70328e-02
0.25472	8.57745e-02
0.25532	8.45985e-02
0.25594	8.35120e-02
0.25656	8.25203e-02
0.25718	8.16264e-02
0.25779	8.08317e-02
0.25840	8.01366e-02
0.25900	7.95402e-02
0.25959	7.90410e-02
0.26016	7.86373e-02
0.26072	7.83269e-02
0.26127	7.81074e-02
0.26173	7.79992e-02
0.26217	7.79712e-02
0.26260	7.80201e-02
0.26302	7.81421e-02
0.26342	7.83336e-02
0.26382	7.85906e-02
0.26420	7.89087e-02
0.26458	7.92836e-02
0.26495	7.97102e-02
0.26530	8.01857e-02
0.26565	8.07022e-02
0.26598	8.12537e-02
0.26631	8.18339e-02
0.26663	8.24362e-02
0.26694	8.30539e-02
0.26725	8.36799e-02
0.26756	8.43073e-02
0.26786	8.49292e-02
0.26817	8.55390e-02
0.26848	8.61304e-02
0.26880	8.66976e-02
0.26912	8.72355e-02
0.26945	8.77366e-02
0.26980	8.82012e-02
0.27017	8.86263e-02
0.27056	8.90100e-02
0.27097	8.93512e-02
0.27142	8.96494e-02
0.27189	8.99050e-02
0.27238	9.01189e-02
0.27290	9.02923e-02
0.27347	9.03688e-02
0.27407	9.04047e-02
0.27468	9.04038e-02
0.27531	9.03690e-02
0.27596	9.03032e-02
0.27662	9.02089e-02
0.27729	9.00886e-02
0.27796	8.99447e-02
0.27864	8.97799e-02
0.27931	8.95971e-02
0.27999	8.93993e-02
0.28067	8.91900e-02
0.28134	8.89728e-02
0.28200	8.87515e-02
0.28266	8.85301e-02
0.28328	8.83397e-02
0.28388	8.81588e-02
0.28449	8.79911e-02
0.28510	8.78405e-02
0.28570	8.77103e-02
0.28631	8.76040e-02
0.28691	8.75221e-02
0.28751	8.74693e-02
0.28811	8.74484e-02
0.28870	8.74615e-02
0.28929	8.75108e-02
0.28986	8.75979e-02
0.29042	8.77243e-02
0.29095	8.78911e-02
0.29147	8.80991e-02
0.29195	8.83489e-02
0.29240	8.86408e-02
0.29281	8.89747e-02
0.29318	8.93503e-02
0.29351	8.97670e-02
0.29378	9.02242e-02
0.29400	9.07209e-02
0.29417	9.12561e-02
0.29428	9.18289e-02
0.29433	9.24381e-02
0.29432	9.30826e-02
0.29425	9.37614e-02
0.29413	9.44735e-02
0.29394	9.52178e-02
0.29370	9.59933e-02
0.29341	9.67989e-02
0.29306	9.76335e-02
0.29266	9.84958e-02
0.29221	9.93845e-02
0.29171	1.00298e-01
0.29118	1.01235e-01
0.29060	1.02192e-01
0.28998	1.03169e-01
0.28934	1.04162e-01
0.28867	1.05170e-01
0.28797	1.06188e-01
0.28725	1.07213e-01
0.28651	1.08242e-01
0.28576	1.09268e-01
0.28500	1.10285e-01
0.28424	1.11288e-01
0.28347	1.12266e-01
0.28271	1.13210e-01
0.28197	1.14107e-01
0.28123	1.14942e-01
0.28053	1.15703e-01
0.27985	1.16377e-01
0.27921	1.16960e-01
0.27861	1.17456e-01
0.27800	1.17859e-01
0.27743	1.18201e-01
0.27687	1.18497e-01
0.27632	1.18758e-01
0.27579	1.18993e-01
0.27526	1.19209e-01
0.27474	1.19408e-01
0.27423	1.19593e-01
0.27373	1.19766e-01
0.27323	1.19924e-01
0.27273	1.20072e-01
0.27224	1.20211e-01
0.27176	1.20345e-01
0.27129	1.20475e-01
0.27082	1.20605e-01
0.27035	1.20738e-01
0.26988	1.20878e-01
0.26941	1.21026e-01
0.26895	1.21186e-01
0.26848	1.21360e-01
0.26801	1.21549e-01
0.26753	1.21753e-01
0.26702	1.21963e-01
0.26650	1.22188e-01
0.26599	1.22427e-01
0.26547	1.22677e-01
0.26495	1.22935e-01
0.26443	1.23198e-01
0.26392	1.23461e-01
0.26342	1.23720e-01
0.26293	1.23968e-01
0.26247	1.24200e-01
0.26202	1.24409e-01
0.26161	1.24589e-01
0.26123	1.24734e-01
0.26088	1.24837e-01
0.26058	1.24893e-01
0.26032	1.24900e-01
0.26011	1.24856e-01
0.25994	1.24763e-01
0.25982	1.24624e-01
0.25974	1.24446e-01
0.25969	1.24237e-01
0.25964	1.23979e-01
0.25961	1.23703e-01
0.25960	1.23420e-01
0.25961	1.23133e-01
0.25963	1.22852e-01
0.25966	1.22584e-01
0.25970	1.22332e-01
0.25973	1.22101e-01
0.25976	1.21893e-01
0.25978	1.21708e-01
0.25981	1.21548e-01
0.25983	1.21414e-01
0.25984	1.21304e-01
0.25985	1.21216e-01
0.25987	1.21146e-01
0.25988	1.21092e-01
0.25989	1.21051e-01
0.25991	1.21018e-01
0.25993	1.20990e-01
0.25996	1.20963e-01
0.26000	1.20934e-01
0.26005	1.20900e-01
0.26011	1.20857e-01
0.26019	1.20803e-01
0.26028	1.20738e-01
0.26038	1.20658e-01
0.26050	1.20564e-01
0.26063	1.20456e-01
0.26077	1.20335e-01
0.26093	1.20199e-01
0.26110	1.20052e-01
0.26128	1.19893e-01
0.26146	1.19724e-01
0.26164	1.19545e-01
0.26182	1.19356e-01
0.26200	1.19156e-01
0.26217	1.18943e-01
0.26232	1.18715e-01
0.26246	1.18467e-01
0.26258	1.18198e-01
0.26267	1.17904e-01
0.26275	1.17581e-01
0.26280	1.17227e-01
0.26284	1.16840e-01
0.26286	1.16421e-01
0.26286	1.15968e-01
0.26286	1.15482e-01
0.26284	1.14965e-01
0.26283	1.14418e-01
0.26281	1.13843e-01
0.26279	1.13240e-01
0.26277	1.12612e-01
0.26275	1.11960e-01
0.26274	1.11284e-01
0.26274	1.10584e-01
0.26275	1.09861e-01
0.26276	1.09115e-01
0.26279	1.08346e-01
0.26284	1.07555e-01
0.26291	1.06743e-01
0.26299	1.05910e-01
0.26307	1.05075e-01
0.26318	1.04223e-01
0.26330	1.03355e-01
0.26345	1.02474e-01
0.26363	1.01581e-01
0.26383	1.00679e-01
0.26406	9.97696e-02
0.26431	9.88547e-02
0.26460	9.79363e-02
0.26491	9.70166e-02
0.26526	9.60972e-02
0.26565	9.51798e-02
0.26608	9.42410e-02
0.26655	9.33069e-02
0.26706	9.23786e-02
0.26762	9.14570e-02
0.26821	9.05430e-02
0.26885	8.96371e-02
0.26950	8.87195e-02
0.27020	8.78067e-02
0.27095	8.68990e-02
0.27174	8.59963e-02
0.27257	8.50988e-02
0.27346	8.42067e-02
0.27439	8.33203e-02
0.27536	8.24402e-02
0.27638	8.15671e-02
0.27743	8.06998e-02
0.27851	7.98419e-02
0.27963	7.89952e-02
0.28078	7.81618e-02
0.28195	7.73445e-02
0.28315	7.65463e-02
0.28435	7.57706e-02
0.28557	7.50210e-02
0.28679	7.43011e-02
0.28801	7.36149e-02
0.28922	7.29657e-02
0.29041	7.23569e-02
0.29159	7.17913e-02
0.29275	7.12710e-02
0.29389	7.07976e-02
0.29499	7.03724e-02
0.29606	6.99951e-02
0.29710	6.96649e-02
0.29810	6.93803e-02
0.29907	6.91394e-02
0.29999	6.89394e-02
0.30086	6.87665e-02
0.30170	6.86287e-02
0.30249	6.85227e-02
0.30324	6.84444e-02
0.30395	6.83898e-02
0.30462	6.83550e-02
0.30525	6.83356e-02
0.30584	6.83278e-02
0.30639	6.83274e-02
0.30690	6.83307e-02
0.30737	6.83341e-02
0.30779	6.83342e-02
0.30817	6.83281e-02
0.30851	6.83132e-02
0.30880	6.82873e-02
0.30905	6.82483e-02
0.30926	6.81950e-02
0.30942	6.81262e-02
0.30953	6.80476e-02
0.30959	6.79542e-02
0.30961	6.78462e-02
0.30959	6.77238e-02
0.30953	6.75880e-02
0.30943	6.74399e-02
0.30930	6.72807e-02
0.30912	6.71123e-02
0.30891	6.69365e-02
0.30866	6.67554e-02
0.30838	6.65713e-02
0.30806	6.63864e-02
0.30771	6.61999e-02
0.30732	6.60170e-02
0.30691	6.58402e-02
0.30647	6.56721e-02
0.30602	6.55151e-02
0.30555	6.53719e-02
0.30506	6.52450e-02
0.30457	6.51372e-02
0.30407	6.50514e-02
0.30357	6.49906e-02
0.30307	6.49582e-02
0.30257	6.49577e-02
0.30208	6.49932e-02
0.30160	6.50688e-02
0.30112	6.51892e-02
0.30065	6.53590e-02
0.30019	6.55831e-02
0.29974	6.58658e-02
0.29932	6.62580e-02
0.29890	6.67196e-02
0.29848	6.72534e-02
0.29806	6.78603e-02
0.29759	6.85287e-02
0.29712	6.92661e-02
0.29662	7.00679e-02
0.29609	7.09284e-02
0.29553	7.18404e-02
0.29491	7.28440e-02
0.29425	7.38856e-02
0.29355	7.49563e-02
0.29281	7.60479e-02
0.29201	7.71528e-02
0.29118	7.82643e-02
0.29030	7.93766e-02
0.28937	8.04852e-02
0.28841	8.15859e-02
0.28742	8.26758e-02
0.28639	8.37523e-02
0.28533	8.48136e-02
0.28426	8.58583e-02
0.28315	8.68800e-02
0.28203	8.78838e-02
0.28087	8.88565e-02
0.27970	8.98099e-02
0.27853	9.07440e-02
0.27736	9.16593e-02
0.27620	9.25564e-02
0.27504	9.34357e-02
0.27390	9.42981e-02
0.27275	9.51608e-02
0.27162	9.60096e-02
0.27050	9.68444e-02
0.26941	9.76651e-02
0.26835	9.84708e-02
0.26731	9.92604e-02
0.26630	1.00033e-01
0.26532	1.00785e-01
0.26438	1.01516e-01
0.26346	1.02223e-01
0.26258	1.02903e-01
0.26174	1.03552e-01
0.26093	1.04164e-01
0.26015	1.04739e-01
0.25942	1.05275e-01
0.25867	1.05702e-01
0.25796	1.06083e-01
0.25728	1.06416e-01
0.25665	1.06701e-01
0.25604	1.06938e-01
0.25547	1.07127e-01
0.25493	1.07271e-01
0.25442	1.07373e-01
0.25394	1.07435e-01
0.25347	1.07462e-01
0.25303	1.07460e-01
0.25259	1.07432e-01
0.25217	1.07384e-01
0.25175	1.07323e-01
0.25132	1.07240e-01
0.25088	1.07154e-01
0.25044	1.07070e-01
0.24998	1.06994e-01
0.24950	1.06930e-01
0.24901	1.06883e-01
0.24849	1.06856e-01
0.24794	1.06853e-01
0.24737	1.06878e-01
0.24677	1.06934e-01
0.24614	1.07022e-01
0.24548	1.07145e-01
0.24478	1.07307e-01
0.24405	1.07507e-01
0.24328	1.07749e-01
0.24248	1.08032e-01
0.24164	1.08357e-01
0.24077	1.08724e-01
0.23986	1.09133e-01
0.23893	1.09581e-01
0.23796	1.10068e-01
0.23697	1.10590e-01
0.23595	1.11142e-01
0.23491	1.11721e-01
0.23386	1.12320e-01
0.23280	1.12930e-01
0.23174	1.13544e-01
0.23068	1.14148e-01
0.22964	1.14728e-01
0.22863	1.15268e-01
0.22766	1.15748e-01
0.22675	1.16146e-01
0.22591	1.16442e-01
0.22516	1.16618e-01
0.22451	1.16662e-01
0.22396	1.16571e-01
0.22352	1.16351e-01
0.22317	1.16015e-01
0.22291	1.15582e-01
0.22272	1.15073e-01
0.22260	1.14506e-01
0.22254	1.13901e-01
0.22253	1.13272e-01
0.22257	1.12632e-01
0.22264	1.11991e-01
0.22275	1.11361e-01
0.22289	1.10749e-01
0.22305	1.10162e-01
0.22325	1.09605e-01
0.22347	1.09087e-01
0.22372	1.08610e-01
0.22400	1.08178e-01
0.22431	1.07798e-01
0.22464	1.07474e-01
0.22500	1.07210e-01
0.22538	1.07010e-01
0.22581	1.06853e-01
0.22625	1.06765e-01
0.22671	1.06745e-01
0.22718	1.06793e-01
0.22765	1.06906e-01
0.22813	1.07081e-01
0.22857	1.07312e-01
0.22901	1.07595e-01
0.22945	1.07923e-01
0.22988	1.08291e-01
0.23031	1.08691e-01
0.23073	1.09117e-01
0.23114	1.09563e-01
0.23155	1.10023e-01
0.23194	1.10490e-01
0.23231	1.10980e-01
0.23266	1.11466e-01
0.23300	1.11942e-01
0.23333	1.12403e-01
0.23365	1.12846e-01
0.23396	1.13266e-01
0.23426	1.13660e-01
0.23455	1.14024e-01
0.23482	1.14356e-01
0.23507	1.14653e-01
0.23531	1.14913e-01
0.23553	1.15134e-01
0.23575	1.15265e-01
0.23596	1.15357e-01
0.23614	1.15408e-01
0.23632	1.15356e-01
0.23646	1.15257e-01
0.23657	1.15111e-01
0.23664	1.14917e-01
0.23669	1.14676e-01
0.23670	1.14388e-01
0.23669	1.14051e-01
0.23664	1.13667e-01
0.23658	1.13235e-01
0.23649	1.12755e-01
0.23639	1.12227e-01
0.23627	1.11650e-01
0.23614	1.11026e-01
0.23600	1.10353e-01
0.23584	1.09626e-01
0.23568	1.08851e-01
0.23552	1.08030e-01
0.23537	1.07164e-01
0.23522	1.06255e-01
0.23507	1.05304e-01
0.23494	1.04313e-01
0.23481	1.03287e-01
0.23469	1.02227e-01
0.23457	1.01138e-01
0.23446	1.00030e-01
0.23435	9.89007e-02
0.23425	9.77556e-02
0.23415	9.65995e-02
0.23406	9.54379e-02
0.23397	9.42763e-02
0.23388	9.31201e-02
0.23378	9.19752e-02
0.23369	9.08469e-02
0.23359	8.97411e-02
0.23349	8.86631e-02
0.23339	8.76184e-02
0.23328	8.66121e-02
0.23316	8.56493e-02
0.23304	8.47348e-02
0.23291	8.38732e-02
0.23278	8.30691e-02
0.23264	8.23266e-02
0.23250	8.16502e-02
0.23236	8.10441e-02
0.23222	8.05125e-02
0.23207	8.00596e-02
0.23193	7.96898e-02
0.23178	7.94067e-02
0.23162	7.92136e-02
0.23146	7.91127e-02
0.23129	7.91049e-02
0.23111	7.91894e-02
0.23092	7.93639e-02
0.23072	7.96248e-02
0.23050	7.99673e-02
0.23028	8.03861e-02
0.23006	8.08757e-02
0.22983	8.14306e-02
0.22961	8.20385e-02
0.22940	8.27014e-02
0.22919	8.34158e-02
0.22898	8.41781e-02
0.22878	8.49856e-02
0.22846	8.58641e-02
0.22815	8.67882e-02
0.22784	8.77544e-02
0.22754	8.87590e-02
0.22725	8.97980e-02
0.22696	9.08668e-02
0.22668	9.19600e-02
0.22640	9.30727e-02
0.22613	9.41980e-02
0.22586	9.53298e-02
0.22559	9.64622e-02
0.22534	9.75896e-02
0.22508	9.87071e-02
0.22481	9.98318e-02
0.22454	1.00942e-01
0.22428	1.02034e-01
0.22401	1.03107e-01
0.22375	1.04159e-01
0.22348	1.05191e-01
0.22321	1.06202e-01
0.22292	1.07195e-01
0.22261	1.08168e-01
0.22229	1.09131e-01
0.22195	1.10075e-01
0.22160	1.10999e-01
0.22124	1.11904e-01
0.22086	1.12787e-01
0.22047	1.13645e-01
0.22007	1.14476e-01
0.21967	1.15271e-01
0.21926	1.16020e-01
0.21885	1.16711e-01
0.21847	1.17322e-01
0.21812	1.17830e-01
0.21783	1.18208e-01
0.21761	1.18433e-01
0.21746	1.18495e-01
0.21738	1.18401e-01
0.21736	1.18172e-01
0.21740	1.17835e-01
0.21749	1.17415e-01
0.21761	1.16935e-01
0.21775	1.16411e-01
0.21792	1.15856e-01
0.21810	1.15280e-01
0.21829	1.14691e-01
0.21849	1.14094e-01
0.21870	1.13495e-01
0.21892	1.12898e-01
0.21914	1.12304e-01
0.21936	1.11717e-01
0.21957	1.11137e-01
0.21978	1.10568e-01
0.21999	1.10012e-01
0.22019	1.09471e-01
0.22037	1.08945e-01
0.22055	1.08437e-01
0.22071	1.07946e-01
0.22086	1.07474e-01
0.22099	1.07021e-01
0.22110	1.06587e-01
0.22113	1.06215e-01
0.22114	1.05867e-01
0.22112	1.05542e-01
0.22109	1.05238e-01
0.22103	1.04956e-01
0.22095	1.04693e-01
0.22085	1.04447e-01
0.22074	1.04217e-01
0.22060	1.04001e-01
0.22045	1.03796e-01
0.22029	1.03599e-01
0.22012	1.03410e-01
0.21994	1.03226e-01
0.21975	1.03045e-01
0.21955	1.02864e-01
0.21934	1.02682e-01
0.21914	1.02497e-01
0.21893	1.02307e-01
0.21872	1.02110e-01
0.21850	1.01904e-01
0.21829	1.01687e-01
0.21809	1.01456e-01
0.21789	1.01210e-01
0.21769	1.00946e-01
0.21751	1.00663e-01
0.21733	1.00357e-01
0.21717	1.00028e-01
0.21703	9.96742e-02
0.21690	9.92942e-02
0.21679	9.88877e-02
0.21670	9.84549e-02
0.21663	9.79964e-02
0.21658	9.75135e-02
0.21656	9.70080e-02
0.21655	9.64734e-02
0.21656	9.59208e-02
0.21660	9.53534e-02
0.21665	9.47743e-02
0.21673	9.41869e-02
0.21683	9.35946e-02
0.21695	9.30010e-02
0.21710	9.24090e-02
0.21727	9.18211e-02
0.21746	9.12397e-02
0.21767	9.06667e-02
0.21790	9.01037e-02
0.21827	8.95430e-02
0.21864	8.89972e-02
0.21903	8.84671e-02
0.21944	8.79533e-02
0.21986	8.74562e-02
0.22029	8.69760e-02
0.22075	8.65131e-02
0.22122	8.60676e-02
0.22171	8.56398e-02
0.22222	8.52299e-02
0.22275	8.48382e-02
0.22331	8.44651e-02
0.22388	8.41110e-02
0.22447	8.37766e-02
0.22509	8.34624e-02
0.22573	8.31716e-02
0.22638	8.29029e-02
0.22706	8.26571e-02
0.22766	8.23616e-02
0.22828	8.20954e-02
0.22892	8.18596e-02
0.22958	8.16555e-02
0.23026	8.14842e-02
0.23096	8.13465e-02
0.23168	8.12431e-02
0.23241	8.11744e-02
0.23316	8.11408e-02
0.23392	8.11419e-02
0.23469	8.11775e-02
0.23548	8.12464e-02
0.23624	8.13281e-02
0.23701	8.14398e-02
0.23777	8.15795e-02
0.23853	8.17446e-02
0.23927	8.19321e-02
0.24000	8.21389e-02
0.24071	8.23617e-02
0.24139	8.25973e-02
0.24204	8.28426e-02
0.24266	8.30948e-02
0.24326	8.33513e-02
0.24382	8.36094e-02
0.24435	8.38671e-02
0.24485	8.41221e-02
0.24532	8.43680e-02
0.24576	8.46062e-02
0.24617	8.48343e-02
0.24657	8.50499e-02
0.24695	8.52504e-02
0.24731	8.54333e-02
0.24767	8.55959e-02
0.24801	8.57354e-02
0.24836	8.58493e-02
0.24870	8.59347e-02
0.24908	8.59849e-02
0.24946	8.60017e-02
0.24985	8.59825e-02
0.25025	8.59252e-02
0.25066	8.58278e-02
0.25108	8.56886e-02
0.25150	8.55063e-02
0.25194	8.52799e-02
0.25238	8.50091e-02
0.25283	8.46938e-02
0.25328	8.43347e-02
0.25374	8.39327e-02
0.25420	8.34894e-02
0.25467	8.30067e-02
0.25513	8.24869e-02
0.25559	8.19329e-02
0.25604	8.13477e-02
0.25649	8.07346e-02
0.25693	8.00974e-02
0.25736	7.94399e-02
0.25778	7.87662e-02
0.25818	7.80805e-02
0.25857	7.73872e-02
0.25894	7.66907e-02
0.25930	7.59954e-02
0.25963	7.53058e-02
0.25994	7.46260e-02
0.26023	7.39601e-02
0.26050	7.33120e-02
0.26074	7.26852e-02
0.26095	7.20828e-02
0.26113	7.15078e-02
0.26127	7.09626e-02
0.26139	7.04494e-02
0.26147	6.99703e-02
0.26152	6.95268e-02
0.26153	6.91206e-02
0.26150	6.87529e-02
0.26144	6.84252e-02
0.26131	6.81043e-02
0.26114	6.78251e-02
0.26094	6.75892e-02
0.26069	6.73984e-02
0.26041	6.72548e-02
0.26009	6.71601e-02
0.25973	6.71166e-02
0.25930	6.71020e-02
0.25884	6.71428e-02
0.25833	6.72408e-02
0.25780	6.73977e-02
0.25722	6.76144e-02
0.25661	6.78915e-02
0.25596	6.82287e-02
0.25528	6.86247e-02
0.25456	6.90775e-02
0.25381	6.95841e-02
0.25302	7.01409e-02
0.25220	7.07434e-02
0.25134	7.13868e-02
0.25046	7.20656e-02
0.24954	7.27745e-02
0.24856	7.35070e-02
0.24755	7.42570e-02
0.24652	7.50192e-02
0.24543	7.58136e-02
0.24433	7.66135e-02
0.24321	7.74152e-02
0.24207	7.82157e-02
0.24093	7.90128e-02
0.23977	7.98047e-02
0.23860	8.05903e-02
0.23743	8.13692e-02
0.23625	8.21410e-02
0.23506	8.29063e-02
0.23387	8.36656e-02
0.23266	8.44201e-02
0.23148	8.51976e-02
0.23029	8.59788e-02
0.22908	8.67653e-02
0.22786	8.75590e-02
0.22662	8.83627e-02
0.22536	8.91798e-02
0.22408	9.00144e-02
0.22277	9.08715e-02
0.22143	9.17570e-02
0.22007	9.26772e-02
0.21868	9.36386e-02
0.21727	9.46479e-02
0.21583	9.57115e-02
0.21437	9.68353e-02
0.21286	9.79598e-02
0.21133	9.91547e-02
0.20979	1.00423e-01
0.20824	1.01768e-01
0.20669	1.03190e-01
0.20514	1.04688e-01
0.20360	1.06260e-01
0.20207	1.07904e-01
0.20056	1.09606e-01
0.19907	1.11367e-01
0.19761	1.13178e-01
0.19619	1.15032e-01
0.19483	1.16917e-01
0.19352	1.18819e-01
0.19229	1.20726e-01
0.19113	1.22619e-01
0.19007	1.24477e-01
0.18913	1.26269e-01
0.18835	1.27927e-01
0.18825	1.28698e-01
0.18888	1.28528e-01
0.18984	1.27987e-01
0.19110	1.27106e-01
0.19257	1.25981e-01
0.19420	1.24705e-01
0.19592	1.23339e-01
0.19771	1.21916e-01
0.19955	1.20460e-01
0.20143	1.18984e-01
0.20332	1.17499e-01
0.20524	1.16011e-01
0.20717	1.14526e-01
0.20911	1.13048e-01
0.21105	1.11578e-01
0.21298	1.10115e-01
0.21492	1.08663e-01
0.21685	1.07223e-01
0.21878	1.05796e-01
0.22071	1.04381e-01
0.22263	1.02981e-01
0.22455	1.01594e-01
0.22646	1.00225e-01
0.22837	9.88729e-02
0.23027	9.75424e-02
0.23215	9.62365e-02
0.23403	9.49593e-02
0.23589	9.37158e-02
0.23774	9.25112e-02
0.23957	9.13514e-02
0.24137	9.02453e-02
0.24314	8.91944e-02
0.24489	8.82034e-02
0.24660	8.72758e-02
0.24827	8.64137e-02
0.24990	8.56180e-02
0.25149	8.48877e-02
0.25306	8.41586e-02
0.25459	8.34916e-02
0.25606	8.28813e-02
0.25747	8.23210e-02
0.25883	8.18036e-02
0.26014	8.13215e-02
0.26139	8.08669e-02
0.26259	8.04323e-02
0.26373	8.00105e-02
0.26484	7.95946e-02
0.26589	7.91784e-02
0.26691	7.87565e-02
0.26788	7.83237e-02
0.26882	7.78757e-02
0.26972	7.74091e-02
0.27059	7.69206e-02
0.27142	7.64087e-02
0.27223	7.58726e-02
0.27300	7.53123e-02
0.27375	7.47290e-02
0.27447	7.41249e-02
0.27516	7.35036e-02
0.27581	7.28693e-02
0.27644	7.22274e-02
0.27703	7.15838e-02
0.27758	7.09446e-02
0.27809	7.03161e-02
0.27856	6.97040e-02
0.27899	6.91132e-02
0.27937	6.85478e-02
0.27965	6.79411e-02
0.27989	6.73641e-02
0.28008	6.68185e-02
0.28022	6.63047e-02
0.28032	6.58226e-02
0.28037	6.53715e-02
0.28038	6.49503e-02
0.28035	6.45577e-02
0.28028	6.41922e-02
0.28018	6.38525e-02
0.28005	6.35374e-02
0.27990	6.32457e-02
0.27975	6.30302e-02
0.27959	6.28381e-02
0.27937	6.26668e-02
0.27914	6.25173e-02
0.27890	6.23897e-02
0.27864	6.22842e-02
0.27838	6.22013e-02
0.27811	6.21415e-02
0.27783	6.21053e-02
0.27755	6.20937e-02
0.27728	6.21074e-02
0.27701	6.21471e-02
0.27674	6.22138e-02
0.27649	6.23082e-02
0.27625	6.24310e-02
0.27603	6.25827e-02
0.27582	6.27640e-02
0.27563	6.29749e-02
0.27546	6.32158e-02
0.27531	6.34865e-02
0.27519	6.37868e-02
0.27508	6.41163e-02
0.27500	6.44744e-02
0.27494	6.48603e-02
0.27490	6.52731e-02
0.27489	6.57118e-02
0.27489	6.61752e-02
0.27491	6.66620e-02
0.27496	6.71710e-02
0.27502	6.77005e-02
0.27510	6.82493e-02
0.27520	6.88158e-02
0.27531	6.93985e-02
0.27544	6.99958e-02
0.27559	7.06061e-02
0.27574	7.12279e-02
0.27588	7.18579e-02
0.27603	7.24970e-02
0.27619	7.31436e-02
0.27635	7.37961e-02
0.27652	7.44529e-02
0.27669	7.51123e-02
0.27687	7.57726e-02
0.27704	7.64318e-02
0.27722	7.70879e-02
0.27741	7.77386e-02
0.27759	7.83810e-02
0.27779	7.90121e-02
0.27799	7.96285e-02
0.27820	8.02262e-02
0.27842	8.08011e-02
0.27866	8.13489e-02
0.27892	8.18648e-02
0.27920	8.23442e-02
0.27950	8.27826e-02
0.27983	8.31762e-02
0.28018	8.35214e-02
0.28056	8.38158e-02
0.28096	8.40574e-02
0.28139	8.42451e-02
0.28185	8.43788e-02
0.28233	8.44590e-02
0.28282	8.44871e-02
0.28333	8.44652e-02
0.28385	8.43959e-02
0.28438	8.42826e-02
0.28491	8.41291e-02
0.28544	8.39395e-02
0.28596	8.37185e-02
0.28646	8.34709e-02
0.28695	8.32016e-02
0.28742	8.29154e-02
0.28786	8.26169e-02
0.28827	8.23102e-02
0.28865	8.19989e-02
0.28900	8.16861e-02
0.28932	8.13741e-02
0.28960	8.10649e-02
0.28985	8.07594e-02
0.29006	8.04586e-02
0.29024	8.01629e-02
0.29040	7.98725e-02
0.29053	7.95875e-02
0.29063	7.93082e-02
0.29070	7.90348e-02
0.29076	7.87678e-02
0.29079	7.85081e-02
0.29080	7.82567e-02
0.29081	7.80254e-02
0.29080	7.78058e-02
0.29078	7.75995e-02
0.29074	7.74083e-02
0.29069	7.72341e-02
0.29062	7.70786e-02
0.29054	7.69437e-02
0.29045	7.68309e-02
0.29035	7.67416e-02
0.29024	7.66776e-02
0.29012	7.66403e-02
0.28999	7.66317e-02
0.28985	7.66516e-02
0.28970	7.67052e-02
0.28954	7.68011e-02
0.28937	7.69383e-02
0.28921	7.71202e-02
0.28904	7.73506e-02
0.28888	7.76326e-02
0.28873	7.79696e-02
0.28857	7.83639e-02
0.28842	7.88176e-02
0.28827	7.93316e-02
0.28813	7.99062e-02
0.28804	8.06479e-02
0.28795	8.14455e-02
0.28785	8.22965e-02
0.28774	8.31975e-02
0.28762	8.41448e-02
0.28749	8.51338e-02
0.28734	8.61599e-02
0.28717	8.72180e-02
0.28698	8.83027e-02
0.28676	8.94088e-02
0.28651	9.05304e-02
0.28623	9.16618e-02
0.28592	9.27973e-02
0.28557	9.39309e-02
0.28518	9.50570e-02
0.28475	9.61701e-02
0.28427	9.72651e-02
0.28375	9.83373e-02
0.28319	9.93827e-02
0.28258	1.00398e-01
0.28192	1.01379e-01
0.28123	1.02325e-01
0.28049	1.03233e-01
0.27971	1.04102e-01
0.27887	1.04901e-01
0.27799	1.05656e-01
0.27708	1.06369e-01
0.27615	1.07037e-01
0.27519	1.07661e-01
0.27421	1.08239e-01
0.27322	1.08771e-01
0.27222	1.09257e-01
0.27122	1.09696e-01
0.27022	1.10087e-01
0.26922	1.10431e-01
0.26823	1.10727e-01
0.26725	1.10976e-01
0.26630	1.11176e-01
0.26536	1.11329e-01
0.26445	1.11433e-01
0.26357	1.11488e-01
0.26272	1.11496e-01
0.26190	1.11456e-01
0.26112	1.11367e-01
0.26038	1.11229e-01
0.25968	1.11040e-01
0.25902	1.10801e-01
0.25840	1.10511e-01
0.25782	1.10168e-01
0.25728	1.09773e-01
0.25679	1.09324e-01
0.25634	1.08823e-01
0.25594	1.08269e-01
0.25557	1.07663e-01
0.25525	1.07006e-01
0.25498	1.06300e-01
0.25474	1.05546e-01
0.25455	1.04748e-01
0.25441	1.03907e-01
0.25430	1.03026e-01
0.25423	1.02108e-01
0.25420	1.01156e-01
0.25421	1.00173e-01
0.25426	9.91610e-02
0.25434	9.81235e-02
0.25446	9.70628e-02
0.25461	9.59814e-02
0.25479	9.48814e-02
0.25499	9.37651e-02
0.25522	9.26345e-02
0.25547	9.14916e-02
0.25574	9.03386e-02
0.25603	8.91778e-02
0.25632	8.80117e-02
0.25663	8.68431e-02
0.25693	8.56751e-02
0.25724	8.45115e-02
0.25754	8.33563e-02
0.25782	8.22142e-02
0.25810	8.10903e-02
0.25836	7.99901e-02
0.25859	7.89197e-02
0.25880	7.78855e-02
0.25897	7.68939e-02
0.25911	7.59518e-02
0.25922	7.50659e-02
0.25928	7.42430e-02
0.25930	7.34896e-02
0.25918	7.28972e-02
0.25901	7.23830e-02
0.25879	7.19520e-02
0.25851	7.16089e-02
0.25819	7.13576e-02
0.25782	7.12015e-02
0.25740	7.11431e-02
0.25694	7.11842e-02
0.25642	7.13258e-02
0.25586	7.15681e-02
0.25526	7.19106e-02
0.25462	7.23520e-02
0.25394	7.28872e-02
0.25322	7.35154e-02
0.25246	7.42336e-02
0.25167	7.50379e-02
0.25086	7.59240e-02
0.25001	7.68873e-02
0.24915	7.79110e-02
0.24827	7.89998e-02
0.24736	8.01479e-02
0.24644	8.13488e-02
0.24550	8.25961e-02
0.24454	8.38831e-02
0.24357	8.52032e-02
0.24259	8.65496e-02
0.24159	8.79155e-02
0.24059	8.92947e-02
0.23958	9.06807e-02
0.23856	9.20677e-02
0.23755	9.34499e-02
0.23654	9.48219e-02
0.23555	9.61788e-02
0.23456	9.75156e-02
0.23360	9.88280e-02
0.23265	1.00112e-01
0.23174	1.01363e-01
0.23086	1.02578e-01
0.23002	1.03754e-01
0.22921	1.04889e-01
0.22845	1.05982e-01
0.22774	1.07030e-01
0.22707	1.08035e-01
0.22645	1.08995e-01
0.22588	1.09913e-01
0.22535	1.10789e-01
0.22487	1.11623e-01
0.22443	1.12418e-01
0.22403	1.13173e-01
0.22367	1.13888e-01
0.22336	1.14562e-01
0.22308	1.15190e-01
0.22284	1.15775e-01
0.22264	1.16313e-01
0.22248	1.16804e-01
0.22237	1.17246e-01
0.22230	1.17637e-01
0.22228	1.17975e-01
0.22231	1.18260e-01
0.22238	1.18489e-01
0.22251	1.18663e-01
0.22269	1.18781e-01
0.22293	1.18846e-01
0.22322	1.18857e-01
0.22356	1.18818e-01
0.22395	1.18734e-01
0.22440	1.18608e-01
0.22489	1.18449e-01
0.22542	1.18263e-01
0.22598	1.18060e-01
0.22658	1.17849e-01
0.22721	1.17638e-01
0.22785	1.17437e-01
0.22860	1.17242e-01
0.22935	1.17071e-01
0.23009	1.16926e-01
0.23083	1.16807e-01
0.23155	1.16716e-01
0.23227	1.16652e-01
0.23296	1.16610e-01
0.23364	1.16587e-01
0.23431	1.16577e-01
0.23495	1.16575e-01
0.23558	1.16575e-01
0.23618	1.16575e-01
0.23676	1.16568e-01
0.23732	1.16553e-01
0.23785	1.16526e-01
0.23836	1.16487e-01
0.23885	1.16435e-01
0.23931	1.16371e-01
0.23975	1.16295e-01
0.24017	1.16210e-01
0.24056	1.16118e-01
0.24092	1.16021e-01
0.24126	1.15923e-01
0.24157	1.15825e-01
0.24185	1.15732e-01
0.24211	1.15646e-01
0.24233	1.15568e-01
0.24253	1.15491e-01
0.24269	1.15427e-01
0.24281	1.15381e-01
0.24291	1.15348e-01
0.24298	1.15331e-01
0.24303	1.15328e-01
0.24306	1.15341e-01
0.24307	1.15369e-01
0.24306	1.15411e-01
0.24303	1.15468e-01
0.24298	1.15538e-01
0.24292	1.15620e-01
0.24296	1.15891e-01
0.24297	1.16174e-01
0.24297	1.16467e-01
0.24295	1.16764e-01
0.24291	1.17061e-01
0.24285	1.17352e-01
0.24275	1.17640e-01
0.24264	1.17913e-01
0.24250	1.18165e-01
0.24234	1.18393e-01
0.24217	1.18590e-01
0.24197	1.18778e-01
0.24176	1.18929e-01
0.24153	1.19038e-01
0.24130	1.19103e-01
0.24106	1.19123e-01
0.24082	1.19096e-01
0.24057	1.19022e-01
0.24033	1.18899e-01
0.24008	1.18729e-01
0.23984	1.18513e-01
0.23960	1.18253e-01
0.23936	1.17950e-01
0.23912	1.17607e-01
0.23889	1.17229e-01
0.23866	1.16820e-01
0.23844	1.16383e-01
0.23822	1.15925e-01
0.23800	1.15450e-01
0.23778	1.14963e-01
0.23757	1.14469e-01
0.23736	1.13972e-01
0.23716	1.13475e-01
0.23696	1.12981e-01
0.23677	1.12492e-01
0.23660	1.12009e-01
0.23644	1.11534e-01
0.23629	1.11069e-01
0.23617	1.10614e-01
0.23602	1.10147e-01
0.23588	1.09697e-01
0.23577	1.09267e-01
0.23568	1.08861e-01
0.23560	1.08484e-01
0.23554	1.08139e-01
0.23549	1.07831e-01
0.23543	1.07568e-01
0.23539	1.07347e-01
0.23535	1.07166e-01
0.23531	1.07025e-01
0.23528	1.06922e-01
0.23525	1.06853e-01
0.23522	1.06814e-01
0.23520	1.06801e-01
0.23519	1.06809e-01
0.23518	1.06834e-01
0.23519	1.06871e-01
0.23520	1.06916e-01
0.23522	1.06964e-01
0.23525	1.07010e-01
0.23528	1.07050e-01
0.23534	1.07069e-01
0.23540	1.07073e-01
0.23547	1.07059e-01
0.23555	1.07023e-01
0.23564	1.06961e-01
0.23573	1.06870e-01
0.23583	1.06744e-01
0.23594	1.06583e-01
0.23605	1.06381e-01
0.23618	1.06136e-01
0.23631	1.05846e-01
0.23645	1.05506e-01
0.23660	1.05117e-01
0.23676	1.04674e-01
0.23692	1.04176e-01
0.23710	1.03623e-01
0.23729	1.03012e-01
0.23750	1.02343e-01
0.23771	1.01615e-01
0.23794	1.00829e-01
0.23819	9.99845e-02
0.23845	9.90817e-02
0.23873	9.81219e-02
0.23904	9.71061e-02
0.23936	9.60359e-02
0.23968	9.49105e-02
0.24002	9.37347e-02
0.24037	9.25257e-02
0.24075	9.12726e-02
0.24115	8.99788e-02
0.24157	8.86479e-02
0.24202	8.72841e-02
0.24250	8.58921e-02
0.24300	8.44771e-02
0.24353	8.30450e-02
0.24409	8.16022e-02
0.24467	8.01560e-02
0.24527	7.87143e-02
0.24590	7.72858e-02
0.24652	7.58297e-02
0.24717	7.44038e-02
0.24782	7.30193e-02
0.24850	7.16877e-02
0.24919	7.04210e-02
0.24989	6.92316e-02
0.25058	6.81362e-02
0.25127	6.71442e-02
0.25197	6.62671e-02
0.25267	6.55158e-02
0.25337	6.49000e-02
0.25409	6.44656e-02
0.25481	6.41818e-02
0.25551	6.40522e-02
0.25621	6.40778e-02
0.25688	6.42576e-02
0.25754	6.45884e-02
0.25819	6.50649e-02
0.25881	6.56804e-02
0.25941	6.64267e-02
0.25999	6.72947e-02
0.26055	6.82744e-02
0.26109	6.93556e-02
0.26160	7.05279e-02
0.26206	7.17474e-02
0.26250	7.30343e-02
0.26291	7.43792e-02
0.26329	7.57727e-02
0.26364	7.72058e-02
0.26396	7.86700e-02
0.26424	8.01573e-02
0.26449	8.16601e-02
0.26470	8.31711e-02
0.26487	8.46836e-02
0.26501	8.61912e-02
0.26510	8.76879e-02
0.26514	8.91679e-02
0.26515	9.06258e-02
0.26510	9.20564e-02
0.26501	9.34548e-02
0.26486	9.48152e-02
0.26466	9.61325e-02
0.26442	9.74016e-02
0.26413	9.86177e-02
0.26380	9.97759e-02
0.26342	1.00871e-01
0.26302	1.01869e-01
0.26258	1.02793e-01
0.26211	1.03641e-01
0.26161	1.04406e-01
0.26107	1.05087e-01
0.26051	1.05681e-01
0.25993	1.06183e-01
0.25933	1.06593e-01
0.25872	1.06910e-01
0.25810	1.07131e-01
0.25747	1.07259e-01
0.25683	1.07292e-01
0.25619	1.07235e-01
0.25556	1.07089e-01
0.25492	1.06858e-01
0.25426	1.06555e-01
0.25360	1.06179e-01
0.25294	1.05734e-01
0.25227	1.05228e-01
0.25161	1.04666e-01
0.25094	1.04053e-01
0.25027	1.03396e-01
0.24960	1.02698e-01
0.24892	1.01965e-01
0.24824	1.01199e-01
0.24754	1.00405e-01
0.24685	9.95838e-02
0.24614	9.87374e-02
0.24543	9.78670e-02
0.24472	9.69731e-02
0.24396	9.60891e-02
0.24319	9.51759e-02
0.24243	9.42332e-02
0.24167	9.32607e-02
0.24091	9.22587e-02
0.24017	9.12275e-02
0.23942	9.01680e-02
0.23869	8.90816e-02
0.23798	8.79697e-02
0.23728	8.68345e-02
0.23658	8.56851e-02
0.23590	8.45180e-02
0.23522	8.33394e-02
0.23456	8.21528e-02
0.23394	8.09631e-02
0.23334	7.97758e-02
0.23277	7.85973e-02
0.23224	7.74345e-02
0.23174	7.62953e-02
0.23127	7.51881e-02
0.23084	7.41223e-02
0.23045	7.31077e-02
0.23010	7.21547e-02
0.22978	7.12740e-02
0.22949	7.04661e-02
0.22923	6.97511e-02
0.22900	6.91389e-02
0.22881	6.86385e-02
0.22864	6.82574e-02
0.22851	6.80012e-02
0.22840	6.78824e-02
0.22831	6.78947e-02
0.22826	6.80373e-02
0.22823	6.83073e-02
0.22823	6.86995e-02
0.22834	6.91654e-02
0.22848	6.97330e-02
0.22864	7.03942e-02
0.22884	7.11406e-02
0.22906	7.19633e-02
0.22932	7.28534e-02
0.22961	7.38026e-02
0.22993	7.48029e-02
0.23028	7.58468e-02
0.23066	7.69276e-02
0.23107	7.80391e-02
0.23150	7.91758e-02
0.23196	8.03325e-02
0.23243	8.15027e-02
0.23291	8.26842e-02
0.23340	8.38726e-02
0.23390	8.50635e-02
0.23440	8.62528e-02
0.23490	8.74358e-02
0.23540	8.86082e-02
0.23590	8.97652e-02
0.23639	9.09021e-02
0.23687	9.20139e-02
0.23735	9.30956e-02
0.23782	9.41420e-02
0.23829	9.51480e-02
0.23875	9.61084e-02
0.23922	9.70181e-02
0.23965	9.78526e-02
0.24008	9.86270e-02
0.24052	9.93371e-02
0.24095	9.99792e-02
0.24139	1.00550e-01
0.24183	1.01048e-01
0.24227	1.01470e-01
0.24271	1.01807e-01
0.24315	1.02065e-01
0.24359	1.02243e-01
0.24403	1.02342e-01
0.24448	1.02361e-01
0.24493	1.02301e-01
0.24538	1.02162e-01
0.24584	1.01947e-01
0.24630	1.01657e-01
0.24677	1.01296e-01
0.24724	1.00866e-01
0.24772	1.00373e-01
0.24820	9.98242e-02
0.24869	9.92256e-02
0.24917	9.85851e-02
0.24960	9.78980e-02
0.25003	9.71858e-02
0.25044	9.64566e-02
0.25083	9.57181e-02
0.25120	9.49773e-02
0.25155	9.42405e-02
0.25187	9.35131e-02
0.25217	9.27997e-02
0.25243	9.21043e-02
0.25267	9.14300e-02
0.25287	9.07793e-02
0.25304	9.01543e-02
0.25318	8.95563e-02
0.25329	8.89865e-02
0.25337	8.84453e-02
0.25335	8.78885e-02
0.25330	8.73566e-02
0.25321	8.68487e-02
0.25309	8.63638e-02
0.25295	8.59003e-02
0.25277	8.54566e-02
0.25256	8.50306e-02
0.25233	8.46205e-02
0.25207	8.42243e-02
0.25179	8.38402e-02
0.25152	8.34338e-02
0.25122	8.30397e-02
0.25089	8.26533e-02
0.25054	8.22753e-02
0.25016	8.19049e-02
0.24976	8.15421e-02
0.24933	8.11870e-02
0.24889	8.08405e-02
0.24843	8.05036e-02
0.24796	8.01776e-02
0.24746	7.98640e-02
0.24696	7.95641e-02
0.24643	7.92795e-02
0.24590	7.90112e-02
0.24532	7.86977e-02
0.24472	7.84018e-02
0.24412	7.81243e-02
0.24351	7.78653e-02
0.24289	7.76250e-02
0.24227	7.74028e-02
0.24165	7.71981e-02
0.24102	7.70100e-02
0.24040	7.68373e-02
0.23978	7.66790e-02
0.23917	7.65338e-02
0.23857	7.64002e-02
0.23798	7.62777e-02
0.23740	7.61658e-02
0.23685	7.60641e-02
0.23631	7.59722e-02
0.23580	7.58897e-02
0.23530	7.58164e-02
0.23484	7.57519e-02
0.23440	7.56962e-02
0.23399	7.56492e-02
0.23360	7.56110e-02
0.23325	7.55818e-02
0.23292	7.55620e-02
0.23262	7.55572e-02
0.23234	7.55626e-02
0.23210	7.55786e-02
0.23188	7.56052e-02
0.23170	7.56420e-02
0.23155	7.56887e-02
0.23142	7.57444e-02
0.23133	7.58081e-02
0.23127	7.58785e-02
0.23125	7.59542e-02
0.23125	7.60333e-02
0.23129	7.61143e-02
0.23137	7.61951e-02
0.23147	7.62739e-02
0.23161	7.63488e-02
0.23177	7.64160e-02
0.23197	7.64757e-02
0.23219	7.65261e-02
0.23245	7.65660e-02
0.23273	7.65941e-02
0.23305	7.66094e-02
0.23339	7.66115e-02
0.23375	7.66054e-02
0.23413	7.65864e-02
0.23454	7.65550e-02
0.23497	7.65125e-02
0.23542	7.64604e-02
0.23590	7.64009e-02
0.23639	7.63365e-02
0.23691	7.62702e-02
0.23745	7.62053e-02
0.23801	7.61452e-02
0.23859	7.60936e-02
0.23919	7.60541e-02
0.23981	7.60303e-02
0.24045	7.60254e-02
0.24112	7.60421e-02
0.24179	7.60906e-02
0.24248	7.61641e-02
0.24319	7.62630e-02
0.24392	7.63872e-02
0.24467	7.65354e-02
0.24544	7.67055e-02
0.24622	7.68947e-02
0.24702	7.70995e-02
0.24783	7.73163e-02
0.24864	7.75414e-02
0.24947	7.77712e-02
0.25030	7.80029e-02
0.25113	7.82342e-02
0.25197	7.84638e-02
0.25280	7.86910e-02
0.25360	7.88949e-02
0.25440	7.90973e-02
0.25519	7.93001e-02
0.25596	7.95062e-02
0.25671	7.97189e-02
0.25744	7.99419e-02
0.25815	8.01791e-02
0.25884	8.04345e-02
0.25950	8.07120e-02
0.26012	8.10150e-02
0.26072	8.13463e-02
0.26128	8.17081e-02
0.26180	8.20885e-02
0.26227	8.25002e-02
0.26271	8.29422e-02
0.26311	8.34128e-02
0.26346	8.39093e-02
0.26378	8.44283e-02
0.26405	8.49657e-02
0.26428	8.55168e-02
0.26446	8.60770e-02
0.26460	8.66411e-02
0.26469	8.72043e-02
0.26474	8.77616e-02
0.26472	8.83049e-02
0.26466	8.88329e-02
0.26455	8.93417e-02
0.26440	8.98282e-02
0.26420	9.02897e-02
0.26395	9.07242e-02
0.26365	9.11306e-02
0.26331	9.15082e-02
0.26293	9.18571e-02
0.26249	9.21776e-02
0.26202	9.24707e-02
0.26148	9.27200e-02
0.26089	9.29425e-02
0.26026	9.31395e-02
0.25958	9.33117e-02
0.25885	9.34594e-02
0.25808	9.35828e-02
0.25726	9.36813e-02
0.25641	9.37543e-02
0.25551	9.38005e-02
0.25458	9.38184e-02
0.25361	9.38062e-02
0.25261	9.37619e-02
0.25159	9.36834e-02
0.25054	9.35686e-02
0.24947	9.34154e-02
0.24838	9.32219e-02
0.24727	9.29865e-02
0.24615	9.27081e-02
0.24503	9.23858e-02
0.24389	9.20196e-02
0.24275	9.16100e-02
0.24161	9.11582e-02
0.24046	9.06661e-02
0.23931	9.01365e-02
0.23816	8.95725e-02
0.23700	8.89781e-02
0.23584	8.83577e-02
0.23468	8.77162e-02
0.23347	8.70904e-02
0.23226	8.64526e-02
0.23105	8.58081e-02
0.22983	8.51620e-02
0.22860	8.45191e-02
0.22736	8.38838e-02
0.22612	8.32598e-02
0.22487	8.26531e-02
0.22362	8.20637e-02
0.22237	8.14934e-02
0.22111	8.09430e-02
0.21985	8.04132e-02
0.21860	7.99038e-02
0.21735	7.94146e-02
0.21611	7.89449e-02
0.21489	7.84944e-02
0.21368	7.80626e-02
0.21249	7.76494e-02
0.21132	7.72550e-02
0.21018	7.68798e-02
0.20906	7.65247e-02
0.20798	7.61908e-02
0.20695	7.58234e-02
0.20595	7.54873e-02
0.20499	7.51838e-02
0.20406	7.49139e-02
0.20317	7.46777e-02
0.20231	7.44750e-02
0.20149	7.43051e-02
0.20072	7.41663e-02
0.19998	7.40565e-02
0.19929	7.39730e-02
0.19864	7.39127e-02
0.19804	7.38718e-02
0.19749	7.38465e-02
0.19698	7.38327e-02
0.19653	7.38262e-02
0.19618	7.39359e-02
0.19587	7.40360e-02
0.19560	7.41244e-02
0.19537	7.41999e-02
0.19518	7.42620e-02
0.19504	7.43108e-02
0.19493	7.43474e-02
0.19486	7.43733e-02
0.19483	7.43910e-02
0.19484	7.44035e-02
0.19501	7.45768e-02
0.19520	7.47586e-02
0.19542	7.49486e-02
0.19566	7.51449e-02
0.19592	7.53482e-02
0.19620	7.55599e-02
0.19648	7.57823e-02
0.19678	7.60179e-02
0.19709	7.62693e-02
0.19741	7.65387e-02
0.19774	7.68284e-02
0.19808	7.71397e-02
0.19843	7.74735e-02
0.19879	7.78299e-02
0.19919	7.82161e-02
0.19959	7.86207e-02
0.20001	7.90417e-02
0.20045	7.94762e-02
0.20091	7.99200e-02
0.20139	8.03683e-02
0.20190	8.08149e-02
0.20244	8.12529e-02
0.20302	8.16740e-02
0.20365	8.20694e-02
0.20432	8.24289e-02
0.20502	8.27464e-02
0.20579	8.30067e-02
0.20661	8.31992e-02
0.20749	8.33149e-02
0.20843	8.33471e-02
0.20943	8.32922e-02
0.21048	8.31509e-02
0.21158	8.29281e-02
0.21272	8.26333e-02
0.21389	8.22795e-02
0.21507	8.18819e-02
0.21625	8.14567e-02
0.21743	8.10198e-02
0.21858	8.05853e-02
0.21969	8.01653e-02
0.22077	7.97690e-02
0.22179	7.94034e-02
0.22276	7.90731e-02
0.22368	7.87809e-02
0.22453	7.85280e-02
0.22532	7.83146e-02
0.22606	7.81402e-02
0.22673	7.80039e-02
0.22734	7.79041e-02
0.22790	7.78396e-02
0.22840	7.78089e-02
0.22884	7.78105e-02
0.22924	7.78432e-02
0.22963	7.78471e-02
0.22998	7.78759e-02
0.23029	7.79281e-02
0.23055	7.80026e-02
0.23077	7.80985e-02
0.23095	7.82152e-02
0.23109	7.83521e-02
0.23116	7.85040e-02
0.23120	7.86752e-02
0.23121	7.88659e-02
0.23118	7.90769e-02
0.23111	7.93093e-02
0.23100	7.95643e-02
0.23086	7.98436e-02
0.23069	8.01488e-02
0.23047	8.04818e-02
0.23022	8.08444e-02
0.22994	8.12381e-02
0.22961	8.16643e-02
0.22925	8.21242e-02
0.22885	8.26184e-02
0.22841	8.31473e-02
0.22796	8.36853e-02
0.22747	8.42533e-02
0.22694	8.48503e-02
0.22638	8.54747e-02
0.22578	8.61244e-02
0.22515	8.67969e-02
0.22449	8.74891e-02
0.22379	8.81973e-02
0.22306	8.89174e-02
0.22230	8.96448e-02
0.22152	9.03744e-02
0.22071	9.11010e-02
0.21988	9.18193e-02
0.21903	9.25240e-02
0.21817	9.32101e-02
0.21727	9.38784e-02
0.21636	9.45205e-02
0.21545	9.51333e-02
0.21453	9.57152e-02
0.21361	9.62655e-02
0.21269	9.67847e-02
0.21177	9.72745e-02
0.21086	9.77375e-02
0.20995	9.81770e-02
0.20905	9.85970e-02
0.20812	9.89776e-02
0.20719	9.93485e-02
0.20635	9.96351e-02
0.20552	9.99213e-02
0.20471	1.00211e-01
0.20391	1.00507e-01
0.20313	1.00811e-01
0.20237	1.01126e-01
0.20163	1.01452e-01
0.20091	1.01790e-01
0.20022	1.02140e-01
0.19957	1.02501e-01
0.19894	1.02871e-01
0.19836	1.03251e-01
0.19777	1.03564e-01
0.19722	1.03881e-01
0.19672	1.04199e-01
0.19628	1.04513e-01
0.19589	1.04820e-01
0.19556	1.05112e-01
0.19531	1.05379e-01
0.19514	1.05607e-01
0.19508	1.05780e-01
0.19512	1.05876e-01
0.19528	1.05879e-01
0.19557	1.05778e-01
0.19599	1.05580e-01
0.19653	1.05301e-01
0.19716	1.04962e-01
0.19789	1.04583e-01
0.19869	1.04182e-01
0.19956	1.03771e-01
0.20048	1.03362e-01
0.20147	1.02961e-01
0.20249	1.02577e-01
0.20357	1.02214e-01
0.20468	1.01878e-01
0.20582	1.01573e-01
0.20704	1.01362e-01
0.20829	1.01185e-01
0.20957	1.01047e-01
0.21086	1.00951e-01
0.21218	1.00899e-01
0.21352	1.00893e-01
0.21487	1.00934e-01
0.21624	1.01023e-01
0.21762	1.01160e-01
0.21901	1.01345e-01
0.22040	1.01576e-01
0.22180	1.01851e-01
0.22320	1.02168e-01
0.22459	1.02524e-01
0.22598	1.02915e-01
0.22734	1.03336e-01
0.22869	1.03784e-01
0.23002	1.04253e-01
0.23132	1.04739e-01
0.23260	1.05238e-01
0.23384	1.05744e-01
0.23506	1.06255e-01
0.23623	1.06784e-01
0.23737	1.07310e-01
0.23846	1.07831e-01
0.23953	1.08344e-01
0.24055	1.08847e-01
0.24155	1.09339e-01
0.24250	1.09819e-01
0.24343	1.10286e-01
0.24432	1.10741e-01
0.24519	1.11183e-01
0.24603	1.11615e-01
0.24684	1.12037e-01
0.24763	1.12451e-01
0.24840	1.12858e-01
0.24915	1.13260e-01
0.24988	1.13654e-01
0.25060	1.14046e-01
0.25131	1.14437e-01
0.25200	1.14828e-01
0.25268	1.15221e-01
0.25335	1.15616e-01
0.25401	1.16013e-01
0.25466	1.16413e-01
0.25531	1.16816e-01
0.25595	1.17222e-01
0.25658	1.17629e-01
0.25721	1.18036e-01
0.25783	1.18443e-01
0.25845	1.18848e-01
0.25906	1.19249e-01
0.25959	1.19627e-01
0.26011	1.19998e-01
0.26061	1.20362e-01
0.26110	1.20717e-01
0.26158	1.21062e-01
0.26203	1.21397e-01
0.26246	1.21720e-01
0.26287	1.22032e-01
0.26324	1.22331e-01
0.26359	1.22620e-01
0.26394	1.22913e-01
0.26425	1.23196e-01
0.26452	1.23469e-01
0.26474	1.23733e-01
0.26490	1.23987e-01
0.26502	1.24233e-01
0.26508	1.24471e-01
0.26508	1.24701e-01
0.26503	1.24922e-01
0.26492	1.25136e-01
0.26476	1.25341e-01
0.26454	1.25536e-01
0.26427	1.25721e-01
0.26394	1.25895e-01
0.26356	1.26057e-01
0.26313	1.26207e-01
0.26265	1.26343e-01
0.26212	1.26466e-01
0.26155	1.26574e-01
0.26093	1.26666e-01
0.26027	1.26743e-01
0.25958	1.26803e-01
0.25886	1.26846e-01
0.25810	1.26871e-01
0.25732	1.26876e-01
0.25650	1.26860e-01
0.25566	1.26822e-01
0.25481	1.26759e-01
0.25395	1.26671e-01
0.25307	1.26555e-01
0.25220	1.26409e-01
0.25132	1.26231e-01
0.25044	1.26018e-01
0.24956	1.25770e-01
0.24868	1.25485e-01
0.24780	1.25162e-01
0.24692	1.24802e-01
0.24605	1.24406e-01
0.24523	1.24071e-01
0.24440	1.23698e-01
0.24358	1.23289e-01
0.24277	1.22851e-01
0.24195	1.22387e-01
0.24115	1.21902e-01
0.24034	1.21399e-01
0.23955	1.20883e-01
0.23876	1.20355e-01
0.23797	1.19818e-01
0.23720	1.19273e-01
0.23644	1.18720e-01
0.23568	1.18158e-01
0.23494	1.17587e-01
0.23422	1.17004e-01
0.23351	1.16406e-01
0.23283	1.15790e-01
0.23217	1.15152e-01
0.23153	1.14487e-01
0.23093	1.13793e-01
0.23036	1.13065e-01
0.22983	1.12302e-01
0.22934	1.11499e-01
0.22889	1.10661e-01
0.22848	1.09789e-01
0.22811	1.08885e-01
0.22778	1.07952e-01
0.22749	1.06995e-01
0.22724	1.06020e-01
0.22702	1.05031e-01
0.22683	1.04036e-01
0.22667	1.03041e-01
0.22654	1.02052e-01
0.22643	1.01075e-01
0.22635	1.00115e-01
0.22620	9.91426e-02
0.22607	9.81962e-02
0.22593	9.72672e-02
0.22581	9.63687e-02
0.22570	9.55017e-02
0.22560	9.46663e-02
0.22552	9.38615e-02
0.22545	9.30858e-02
0.22539	9.23366e-02
0.22535	9.16107e-02
0.22531	9.09044e-02
0.22530	9.02132e-02
0.22529	8.95323e-02
0.22531	8.88564e-02
0.22534	8.81798e-02
0.22539	8.74963e-02
0.22545	8.67996e-02
0.22560	8.61514e-02
0.22577	8.54775e-02
0.22597	8.47718e-02
0.22618	8.40289e-02
0.22642	8.32438e-02
0.22669	8.24123e-02
0.22699	8.15311e-02
0.22732	8.05981e-02
0.22767	7.96120e-02
0.22806	7.85730e-02
0.22847	7.74821e-02
0.22892	7.63415e-02
0.22939	7.51545e-02
0.22990	7.39250e-02
0.23043	7.26578e-02
0.23100	7.13585e-02
0.23159	7.00333e-02
0.23221	6.86889e-02
0.23286	6.73326e-02
0.23353	6.59723e-02
0.23423	6.46162e-02
0.23495	6.32732e-02
0.23570	6.19527e-02
0.23647	6.06645e-02
0.23726	5.94196e-02
0.23808	5.82278e-02
0.23891	5.70996e-02
0.23976	5.60460e-02
0.24063	5.50777e-02
0.24151	5.42051e-02
0.24240	5.34380e-02
0.24330	5.27853e-02
0.24420	5.22548e-02
0.24510	5.18526e-02
0.24600	5.15833e-02
0.24688	5.14422e-02
0.24774	5.14349e-02
0.24859	5.15594e-02
0.24941	5.18119e-02
0.25021	5.21868e-02
0.25098	5.26768e-02
0.25171	5.32734e-02
0.25241	5.39673e-02
0.25307	5.47484e-02
0.25368	5.56066e-02
0.25426	5.65316e-02
0.25479	5.75134e-02
0.25527	5.85425e-02
0.25567	5.95842e-02
0.25602	6.06594e-02
0.25633	6.17599e-02
0.25660	6.28784e-02
0.25682	6.40074e-02
0.25700	6.51400e-02
0.25714	6.62695e-02
0.25724	6.73893e-02
0.25730	6.84931e-02
0.25732	6.95747e-02
0.25732	7.06280e-02
0.25728	7.16475e-02
0.25722	7.26278e-02
0.25714	7.35640e-02
0.25704	7.44518e-02
0.25692	7.52875e-02
0.25678	7.60683e-02
0.25663	7.67921e-02
0.25647	7.74576e-02
0.25630	7.80644e-02
0.25611	7.86132e-02
0.25592	7.91050e-02
0.25568	7.95522e-02
0.25544	7.99479e-02
0.25518	8.02948e-02
0.25490	8.05961e-02
0.25462	8.08551e-02
0.25432	8.10750e-02
0.25400	8.12591e-02
0.25367	8.14104e-02
0.25333	8.15319e-02
0.25296	8.16262e-02
0.25257	8.16959e-02
0.25217	8.17431e-02
0.25175	8.17698e-02
0.25127	8.17748e-02
0.25078	8.17623e-02
0.25028	8.16622e-02
0.24977	8.15473e-02
0.24924	8.14195e-02
0.24869	8.12801e-02
0.24812	8.11304e-02
0.24753	8.09716e-02
0.24692	8.08043e-02
0.24630	8.06293e-02
0.24565	8.04470e-02
0.24499	8.02577e-02
0.24432	8.00615e-02
0.24363	7.98583e-02
0.24293	7.96480e-02
0.24222	7.94304e-02
0.24150	7.92052e-02
0.24076	7.89764e-02
0.24002	7.87406e-02
0.23928	7.84980e-02
0.23854	7.82487e-02
0.23781	7.79932e-02
0.23708	7.77324e-02
0.23636	7.74672e-02
0.23565	7.71991e-02
0.23496	7.69302e-02
0.23429	7.66628e-02
0.23364	7.63999e-02
0.23301	7.61450e-02
0.23232	7.59395e-02
0.23165	7.57543e-02
0.23100	7.55933e-02
0.23035	7.54593e-02
0.22972	7.53546e-02
0.22910	7.52800e-02
0.22848	7.52357e-02
0.22787	7.52207e-02
0.22726	7.52337e-02
0.22666	7.52729e-02
0.22605	7.53367e-02
0.22545	7.54237e-02
0.22485	7.55330e-02
0.22425	7.56645e-02
0.22364	7.58185e-02
0.22303	7.59965e-02
0.22242	7.62004e-02
0.22180	7.64329e-02
0.22117	7.66971e-02
0.22054	7.69967e-02
0.21989	7.73357e-02
0.21923	7.77181e-02
0.21855	7.81480e-02
0.21798	7.86378e-02
0.21739	7.91722e-02
0.21676	7.97559e-02
0.21611	8.03929e-02
0.21543	8.10858e-02
0.21474	8.18365e-02
0.21402	8.26453e-02
0.21329	8.35114e-02
0.21254	8.44329e-02
0.21177	8.54065e-02
0.21100	8.64282e-02
0.21023	8.74929e-02
0.20945	8.85949e-02
0.20868	8.97237e-02
0.20792	9.08782e-02
0.20717	9.20517e-02
0.20643	9.32376e-02
0.20571	9.44285e-02
0.20502	9.56169e-02
0.20435	9.67941e-02
0.20372	9.79500e-02
0.20313	9.90714e-02
0.20259	1.00141e-01
0.20212	1.01133e-01
0.20175	1.02014e-01
0.20149	1.02739e-01
0.20137	1.03270e-01
0.20140	1.03593e-01
0.20166	1.03789e-01
0.20202	1.03848e-01
0.20247	1.03815e-01
0.20298	1.03726e-01
0.20354	1.03605e-01
0.20414	1.03468e-01
0.20478	1.03325e-01
0.20543	1.03172e-01
0.20610	1.03025e-01
0.20679	1.02886e-01
0.20749	1.02759e-01
0.20820	1.02644e-01
0.20891	1.02543e-01
0.20961	1.02455e-01
0.21032	1.02380e-01
0.21101	1.02319e-01
0.21170	1.02271e-01
0.21238	1.02234e-01
0.21305	1.02206e-01
0.21370	1.02187e-01
0.21444	1.02252e-01
0.21517	1.02322e-01
0.21598	1.02346e-01
0.21676	1.02364e-01
0.21752	1.02373e-01
0.21824	1.02367e-01
0.21892	1.02343e-01
0.21957	1.02297e-01
0.22018	1.02227e-01
0.22074	1.02129e-01
0.22126	1.02003e-01
0.22173	1.01846e-01
0.22217	1.01659e-01
0.22256	1.01441e-01
0.22290	1.01192e-01
0.22321	1.00913e-01
0.22348	1.00604e-01
0.22370	1.00268e-01
0.22390	9.99052e-02
0.22406	9.95172e-02
0.22419	9.91057e-02
0.22429	9.86724e-02
0.22436	9.82192e-02
0.22441	9.77478e-02
0.22444	9.72600e-02
0.22446	9.67576e-02
0.22446	9.62423e-02
0.22445	9.57157e-02
0.22443	9.51795e-02
0.22447	9.45761e-02
0.22450	9.39749e-02
0.22452	9.33779e-02
0.22454	9.27864e-02
0.22455	9.22014e-02
0.22455	9.16235e-02
0.22455	9.10529e-02
0.22455	9.04897e-02
0.22455	8.99338e-02
0.22455	8.93848e-02
0.22454	8.88424e-02
0.22454	8.83060e-02
0.22455	8.77715e-02
0.22457	8.72300e-02
0.22462	8.66797e-02
0.22468	8.61196e-02
0.22477	8.55496e-02
0.22488	8.49703e-02
0.22501	8.43832e-02
0.22515	8.37903e-02
0.22532	8.31943e-02
0.22549	8.25981e-02
0.22568	8.20047e-02
0.22588	8.14170e-02
0.22609	8.08380e-02
0.22631	8.02707e-02
0.22654	7.97179e-02
0.22678	7.91825e-02
0.22703	7.86676e-02
0.22729	7.81762e-02
0.22755	7.77114e-02
0.22782	7.72765e-02
0.22810	7.68746e-02
0.22837	7.65089e-02
0.22871	7.61455e-02
0.22904	7.58268e-02
0.22932	7.54546e-02
0.22958	7.51424e-02
0.22983	7.48946e-02
0.23007	7.47152e-02
0.23031	7.46084e-02
0.23052	7.45779e-02
0.23073	7.46271e-02
0.23092	7.47585e-02
0.23110	7.49739e-02
0.23126	7.52741e-02
0.23141	7.56586e-02
0.23155	7.61259e-02
0.23168	7.66733e-02
0.23179	7.72969e-02
0.23189	7.79923e-02
0.23203	7.87202e-02
0.23215	7.95110e-02
0.23225	8.03583e-02
0.23235	8.12559e-02
0.23244	8.21979e-02
0.23251	8.31787e-02
0.23259	8.41933e-02
0.23266	8.52372e-02
0.23273	8.63065e-02
0.23281	8.73978e-02
0.23288	8.85082e-02
0.23297	8.96356e-02
0.23306	9.07779e-02
0.23315	9.19337e-02
0.23327	9.31019e-02
0.23339	9.42816e-02
0.23352	9.54725e-02
0.23368	9.66743e-02
0.23385	9.78871e-02
0.23403	9.91111e-02
0.23426	1.00368e-01
0.23451	1.01636e-01
0.23475	1.02904e-01
0.23502	1.04184e-01
0.23530	1.05477e-01
0.23561	1.06785e-01
0.23594	1.08107e-01
0.23629	1.09444e-01
0.23667	1.10795e-01
0.23707	1.12160e-01
0.23749	1.13535e-01
0.23792	1.14918e-01
0.23838	1.16305e-01
0.23885	1.17689e-01
0.23934	1.19064e-01
0.23985	1.20420e-01
0.24037	1.21749e-01
0.24091	1.23038e-01
0.24147	1.24276e-01
0.24205	1.25451e-01
0.24266	1.26552e-01
0.24330	1.27566e-01
0.24398	1.28484e-01
0.24468	1.29298e-01
0.24543	1.30001e-01
0.24620	1.30588e-01
0.24702	1.31059e-01
0.24786	1.31412e-01
0.24873	1.31650e-01
0.24978	1.31934e-01
0.25083	1.32102e-01
0.25189	1.32155e-01
0.25294	1.32101e-01
0.25398	1.31946e-01
0.25500	1.31699e-01
0.25600	1.31368e-01
0.25697	1.30961e-01
0.25791	1.30489e-01
0.25881	1.29960e-01
0.25967	1.29383e-01
0.26049	1.28766e-01
0.26122	1.28093e-01
0.26191	1.27399e-01
0.26254	1.26692e-01
0.26313	1.25979e-01
0.26366	1.25268e-01
0.26413	1.24565e-01
0.26455	1.23876e-01
0.26490	1.23205e-01
0.26520	1.22558e-01
0.26545	1.21938e-01
0.26563	1.21347e-01
0.26576	1.20786e-01
0.26583	1.20259e-01
0.26584	1.19765e-01
0.26581	1.19307e-01
0.26573	1.18885e-01
0.26560	1.18501e-01
0.26543	1.18157e-01
0.26521	1.17855e-01
0.26496	1.17597e-01
0.26466	1.17385e-01
0.26433	1.17221e-01
0.26403	1.17026e-01
0.26370	1.16875e-01
0.26332	1.16739e-01
0.26292	1.16641e-01
0.26250	1.16582e-01
0.26205	1.16558e-01
0.26159	1.16569e-01
0.26111	1.16611e-01
0.26063	1.16682e-01
0.26013	1.16779e-01
0.25963	1.16897e-01
0.25913	1.17032e-01
0.25864	1.17183e-01
0.25815	1.17344e-01
0.25767	1.17513e-01
0.25720	1.17687e-01
0.25674	1.17864e-01
0.25635	1.18040e-01
0.25599	1.18218e-01
0.25564	1.18397e-01
0.25531	1.18579e-01
0.25500	1.18764e-01
0.25471	1.18953e-01
0.25443	1.19150e-01
0.25418	1.19355e-01
0.25394	1.19571e-01
0.25372	1.19799e-01
0.25352	1.20042e-01
0.25334	1.20301e-01
0.25318	1.20575e-01
0.25304	1.20864e-01
0.25291	1.21165e-01
0.25282	1.21474e-01
0.25275	1.21783e-01
0.25272	1.22081e-01
0.25274	1.22352e-01
0.25282	1.22576e-01
0.25298	1.22763e-01
0.25324	1.22897e-01
0.25357	1.22987e-01
0.25400	1.23031e-01
0.25451	1.23047e-01
0.25511	1.23052e-01
0.25576	1.23061e-01
0.25645	1.23087e-01
0.25718	1.23135e-01
0.25793	1.23212e-01
0.25870	1.23323e-01
0.25948	1.23474e-01
0.26026	1.23668e-01
0.26105	1.23909e-01
0.26184	1.24201e-01
0.26262	1.24544e-01
0.26341	1.24940e-01
0.26428	1.25234e-01
0.26515	1.25566e-01
0.26604	1.25933e-01
0.26693	1.26331e-01
0.26783	1.26758e-01
0.26874	1.27216e-01
0.26966	1.27704e-01
0.27058	1.28228e-01
0.27150	1.28789e-01
0.27242	1.29392e-01
0.27333	1.30038e-01
0.27424	1.30726e-01
0.27508	1.31489e-01
0.27591	1.32291e-01
0.27674	1.33126e-01
0.27755	1.33988e-01
0.27836	1.34873e-01
0.27915	1.35774e-01
0.27994	1.36684e-01
0.28071	1.37596e-01
0.28148	1.38504e-01
0.28223	1.39401e-01
0.28297	1.40277e-01
0.28369	1.41125e-01
0.28449	1.41976e-01
0.28528	1.42786e-01
0.28607	1.43545e-01
0.28686	1.44244e-01
0.28765	1.44874e-01
0.28844	1.45428e-01
0.28923	1.45898e-01
0.29001	1.46281e-01
0.29079	1.46572e-01
0.29155	1.46771e-01
0.29231	1.46878e-01
0.29305	1.46897e-01
0.29377	1.46830e-01
0.29447	1.46684e-01
0.29516	1.46462e-01
0.29583	1.46173e-01
0.29648	1.45822e-01
0.29712	1.45417e-01
0.29774	1.44964e-01
0.29835	1.44471e-01
0.29895	1.43945e-01
0.29954	1.43392e-01
0.30007	1.42884e-01
0.30059	1.42367e-01
0.30114	1.41895e-01
0.30167	1.41425e-01
0.30219	1.40962e-01
0.30270	1.40510e-01
0.30319	1.40072e-01
0.30366	1.39650e-01
0.30412	1.39247e-01
0.30456	1.38863e-01
0.30498	1.38497e-01
0.30538	1.38149e-01
0.30575	1.37817e-01
0.30611	1.37499e-01
0.30645	1.37192e-01
0.30677	1.36895e-01
0.30706	1.36604e-01
0.30745	1.36257e-01
0.30779	1.35919e-01
0.30809	1.35590e-01
0.30835	1.35266e-01
0.30857	1.34945e-01
0.30874	1.34622e-01
0.30886	1.34298e-01
0.30894	1.33974e-01
0.30897	1.33643e-01
0.30896	1.33305e-01
0.30892	1.32959e-01
0.30883	1.32607e-01
0.30871	1.32249e-01
0.30854	1.31885e-01
0.30833	1.31517e-01
0.30808	1.31147e-01
0.30778	1.30776e-01
0.30744	1.30406e-01
0.30705	1.30036e-01
0.30662	1.29670e-01
0.30623	1.29500e-01
0.30579	1.29328e-01
0.30536	1.29140e-01
0.30489	1.28946e-01
0.30437	1.28745e-01
0.30381	1.28540e-01
0.30319	1.28330e-01
0.30252	1.28120e-01
0.30181	1.27910e-01
0.30105	1.27704e-01
0.30024	1.27505e-01
0.29938	1.27314e-01
0.29848	1.27135e-01
0.29752	1.26969e-01
0.29653	1.26817e-01
0.29548	1.26681e-01
0.29440	1.26562e-01
0.29335	1.26420e-01
0.29227	1.26295e-01
0.29115	1.26188e-01
0.29000	1.26098e-01
0.28880	1.26026e-01
0.28758	1.25971e-01
0.28632	1.25935e-01
0.28503	1.25916e-01
0.28372	1.25914e-01
0.28238	1.25930e-01
0.28103	1.25964e-01
0.27966	1.26015e-01
0.27828	1.26083e-01
0.27689	1.26169e-01
0.27549	1.26274e-01
0.27409	1.26397e-01
0.27269	1.26539e-01
0.27130	1.26701e-01
0.26992	1.26882e-01
0.26855	1.27085e-01
0.26720	1.27308e-01
0.26587	1.27554e-01
0.26457	1.27822e-01
0.26329	1.28115e-01
0.26207	1.28435e-01
0.26088	1.28781e-01
0.25971	1.29154e-01
0.25858	1.29556e-01
0.25747	1.29986e-01
0.25639	1.30447e-01
0.25533	1.30938e-01
0.25430	1.31459e-01
0.25329	1.32012e-01
0.25230	1.32595e-01
0.25134	1.33208e-01
0.25040	1.33850e-01
0.24948	1.34520e-01
0.24858	1.35217e-01
0.24771	1.35938e-01
0.24686	1.36682e-01
0.24603	1.37446e-01
0.24524	1.38227e-01
0.24447	1.39023e-01
0.24373	1.39830e-01
0.24303	1.40646e-01
0.24236	1.41467e-01
0.24173	1.42291e-01
0.24114	1.43111e-01
0.24065	1.43995e-01
0.24019	1.44868e-01
0.23978	1.45727e-01
0.23940	1.46571e-01
0.23907	1.47399e-01
0.23878	1.48211e-01
0.23851	1.49007e-01
0.23828	1.49789e-01
0.23808	1.50556e-01
0.23790	1.51310e-01
0.23774	1.52052e-01
0.23759	1.52781e-01
0.23746	1.53498e-01
0.23735	1.54203e-01
0.23725	1.54896e-01
0.23722	1.55525e-01
0.23721	1.56135e-01
0.23721	1.56725e-01
0.23723	1.57293e-01
0.23726	1.57836e-01
0.23732	1.58351e-01
0.23739	1.58835e-01
0.23749	1.59286e-01
0.23761	1.59701e-01
0.23777	1.60081e-01
0.23794	1.60429e-01
0.23814	1.60749e-01
0.23836	1.61046e-01
0.23859	1.61327e-01
0.23884	1.61596e-01
0.23910	1.61857e-01
0.23937	1.62113e-01
0.23965	1.62366e-01
0.23994	1.62618e-01
0.24024	1.62867e-01
0.24058	1.63165e-01
0.24092	1.63459e-01
0.24122	1.63705e-01
0.24155	1.63919e-01
0.24192	1.64098e-01
0.24233	1.64241e-01
0.24278	1.64348e-01
0.24327	1.64422e-01
0.24380	1.64465e-01
0.24436	1.64484e-01
0.24494	1.64481e-01
0.24555	1.64462e-01
0.24617	1.64430e-01
0.24682	1.64387e-01
0.24747	1.64336e-01
0.24814	1.64278e-01
0.24881	1.64214e-01
0.24955	1.64102e-01
0.25029	1.63983e-01
0.25104	1.63859e-01
0.25179	1.63731e-01
0.25254	1.63600e-01
0.25329	1.63468e-01
0.25404	1.63336e-01
0.25478	1.63205e-01
0.25552	1.63077e-01
0.25626	1.62951e-01
0.25698	1.62830e-01
0.25770	1.62713e-01
0.25837	1.62578e-01
0.25903	1.62452e-01
0.25970	1.62337e-01
0.26036	1.62233e-01
0.26102	1.62141e-01
0.26169	1.62062e-01
0.26235	1.61998e-01
0.26300	1.61949e-01
0.26365	1.61916e-01
0.26429	1.61901e-01
0.26493	1.61904e-01
0.26555	1.61924e-01
0.26617	1.61959e-01
0.26678	1.62011e-01
0.26740	1.62076e-01
0.26802	1.62151e-01
0.26864	1.62230e-01
0.26928	1.62306e-01
0.26993	1.62371e-01
0.27061	1.62418e-01
0.27131	1.62436e-01
0.27205	1.62418e-01
0.27283	1.62360e-01
0.27364	1.62256e-01
0.27450	1.62109e-01
0.27540	1.61921e-01
0.27633	1.61698e-01
0.27729	1.61449e-01
0.27827	1.61183e-01
0.27927	1.60908e-01
0.28029	1.60635e-01
0.28131	1.60373e-01
0.28234	1.60131e-01
0.28336	1.59916e-01
0.28438	1.59736e-01
0.28537	1.59594e-01
0.28636	1.59506e-01
0.28733	1.59469e-01
0.28828	1.59487e-01
0.28921	1.59563e-01
0.29012	1.59695e-01
0.29102	1.59879e-01
0.29192	1.60099e-01
0.29283	1.60324e-01
0.29380	1.60481e-01
0.29490	1.60421e-01
0.29624	1.59976e-01
0.29778	1.59163e-01
0.29944	1.58145e-01
0.30116	1.57043e-01
0.30289	1.55918e-01
0.30464	1.54783e-01
0.30640	1.53649e-01
0.30815	1.52533e-01
0.30990	1.51445e-01
0.31163	1.50391e-01
0.31335	1.49373e-01
0.31506	1.48393e-01
0.31674	1.47452e-01
0.31842	1.46548e-01
0.32008	1.45681e-01
0.32172	1.44849e-01
0.32330	1.44096e-01
0.32486	1.43381e-01
0.32639	1.42705e-01
0.32790	1.42064e-01
0.32939	1.41458e-01
0.33084	1.40885e-01
0.33228	1.40342e-01
0.33368	1.39828e-01
0.33506	1.39339e-01
0.33646	1.38951e-01
0.33782	1.38579e-01
0.33914	1.38248e-01
0.34044	1.37924e-01
0.34171	1.37608e-01
0.34296	1.37296e-01
0.34418	1.36988e-01
0.34538	1.36681e-01
0.34656	1.36375e-01
0.34771	1.36069e-01
0.34884	1.35760e-01
0.34995	1.35450e-01
0.35104	1.35135e-01
0.35211	1.34815e-01
0.35316	1.34488e-01
0.35421	1.34153e-01
0.35525	1.33807e-01
0.35632	1.33415e-01
0.35741	1.33005e-01
0.35850	1.32577e-01
0.35960	1.32131e-01
0.36072	1.31665e-01
0.36185	1.31181e-01
0.36300	1.30678e-01
0.36415	1.30157e-01
0.36531	1.29619e-01
0.36648	1.29064e-01
0.36763	1.28491e-01
0.36878	1.27902e-01
0.36996	1.27318e-01
0.37112	1.26716e-01
0.37227	1.26097e-01
0.37339	1.25458e-01
0.37448	1.24800e-01
0.37555	1.24123e-01
0.37660	1.23426e-01
0.37763	1.22711e-01
0.37863	1.21978e-01
0.37961	1.21229e-01
0.38057	1.20467e-01
0.38151	1.19694e-01
0.38249	1.19003e-01
0.38344	1.18297e-01
0.38435	1.17581e-01
0.38523	1.16859e-01
0.38608	1.16137e-01
0.38689	1.15419e-01
0.38766	1.14712e-01
0.38839	1.14020e-01
0.38908	1.13348e-01
0.38974	1.12698e-01
0.39035	1.12074e-01
0.39092	1.11478e-01
0.39146	1.10910e-01
0.39195	1.10370e-01
0.39242	1.09858e-01
0.39284	1.09373e-01
0.39324	1.08911e-01
0.39360	1.08471e-01
0.39394	1.08052e-01
0.39425	1.07650e-01
0.39454	1.07264e-01
0.39480	1.06891e-01
0.39511	1.06583e-01
0.39539	1.06283e-01
0.39559	1.06031e-01
0.39576	1.05788e-01
0.39590	1.05554e-01
0.39602	1.05329e-01
0.39611	1.05113e-01
0.39618	1.04907e-01
0.39622	1.04710e-01
0.39623	1.04523e-01
0.39622	1.04347e-01
0.39619	1.04183e-01
0.39613	1.04031e-01
0.39605	1.03893e-01
0.39595	1.03769e-01
0.39584	1.03662e-01
0.39571	1.03572e-01
0.39561	1.03471e-01
0.39550	1.03387e-01
0.39538	1.03322e-01
0.39526	1.03276e-01
0.39513	1.03251e-01
0.39499	1.03248e-01
0.39486	1.03266e-01
0.39472	1.03308e-01
0.39459	1.03374e-01
0.39445	1.03465e-01
0.39432	1.03580e-01
0.39424	1.03643e-01
0.39417	1.03734e-01
0.39409	1.03852e-01
0.39401	1.03996e-01
0.39393	1.04165e-01
0.39384	1.04359e-01
0.39375	1.04574e-01
0.39365	1.04809e-01
0.39354	1.05063e-01
0.39342	1.05354e-01
0.39330	1.05659e-01
0.39325	1.05939e-01
0.39316	1.06240e-01
0.39304	1.06558e-01
0.39289	1.06891e-01
0.39271	1.07236e-01
0.39249	1.07591e-01
0.39224	1.07954e-01
0.39196	1.08325e-01
0.39164	1.08703e-01
0.39130	1.09088e-01
0.39094	1.09481e-01
0.39054	1.09881e-01
0.39013	1.10288e-01
0.38970	1.10702e-01
0.38924	1.11123e-01
0.38884	1.11489e-01
0.38843	1.11857e-01
0.38800	1.12226e-01
0.38757	1.12594e-01
0.38713	1.12961e-01
0.38669	1.13324e-01
0.38624	1.13682e-01
0.38580	1.14033e-01
0.38537	1.14376e-01
0.38494	1.14710e-01
0.38451	1.15033e-01
0.38410	1.15343e-01
0.38377	1.15712e-01
0.38346	1.16071e-01
0.38316	1.16417e-01
0.38287	1.16745e-01
0.38259	1.17051e-01
0.38232	1.17333e-01
0.38206	1.17590e-01
0.38180	1.17820e-01
0.38155	1.18023e-01
0.38131	1.18199e-01
0.38106	1.18349e-01
0.38082	1.18474e-01
0.38062	1.18578e-01
0.38042	1.18665e-01
0.38021	1.18739e-01
0.37998	1.18803e-01
0.37974	1.18864e-01
0.37948	1.18926e-01
0.37920	1.18996e-01
0.37890	1.19080e-01
0.37857	1.19182e-01
0.37821	1.19308e-01
0.37783	1.19464e-01
0.37742	1.19654e-01
0.37698	1.19880e-01
0.37652	1.20146e-01
0.37602	1.20454e-01
0.37550	1.20805e-01
0.37496	1.21199e-01
0.37439	1.21636e-01
0.37381	1.22114e-01
0.37321	1.22633e-01
0.37259	1.23189e-01
0.37196	1.23781e-01
0.37137	1.24441e-01
0.37077	1.25126e-01
0.37008	1.25908e-01
0.36940	1.26708e-01
0.36872	1.27525e-01
0.36805	1.28359e-01
0.36740	1.29209e-01
0.36676	1.30075e-01
0.36615	1.30959e-01
0.36555	1.31859e-01
0.36498	1.32776e-01
0.36443	1.33710e-01
0.36391	1.34659e-01
0.36340	1.35621e-01
0.36293	1.36592e-01
0.36248	1.37567e-01
0.36205	1.38541e-01
0.36175	1.39604e-01
0.36148	1.40663e-01
0.36125	1.41703e-01
0.36104	1.42712e-01
0.36087	1.43674e-01
0.36073	1.44573e-01
0.36061	1.45394e-01
0.36052	1.46123e-01
0.36046	1.46747e-01
0.36043	1.47254e-01
0.36042	1.47637e-01
0.36048	1.47875e-01
0.36057	1.47982e-01
0.36067	1.47960e-01
0.36079	1.47813e-01
0.36093	1.47547e-01
0.36109	1.47173e-01
0.36125	1.46700e-01
0.36141	1.46141e-01
0.36158	1.45507e-01
0.36180	1.44857e-01
0.36201	1.44153e-01
0.36228	1.43334e-01
0.36254	1.42475e-01
0.36280	1.41587e-01
0.36305	1.40679e-01
0.36329	1.39762e-01
0.36353	1.38843e-01
0.36375	1.37931e-01
0.36396	1.37034e-01
0.36416	1.36159e-01
0.36434	1.35313e-01
0.36451	1.34504e-01
0.36466	1.33736e-01
0.36478	1.33017e-01
0.36489	1.32352e-01
0.36498	1.31746e-01
0.36509	1.31137e-01
0.36518	1.30594e-01
0.36525	1.30120e-01
0.36529	1.29720e-01
0.36532	1.29396e-01
0.36532	1.29151e-01
0.36530	1.28986e-01
0.36526	1.28902e-01
0.36520	1.28900e-01
0.36512	1.28979e-01
0.36502	1.29138e-01
0.36492	1.29376e-01
0.36479	1.29691e-01
0.36466	1.30081e-01
0.36452	1.30543e-01
0.36436	1.31074e-01
0.36420	1.31671e-01
0.36403	1.32329e-01
0.36385	1.33044e-01
0.36367	1.33811e-01
0.36348	1.34625e-01
0.36328	1.35479e-01
0.36307	1.36366e-01
0.36286	1.37281e-01
0.36268	1.38248e-01
0.36249	1.39224e-01
0.36230	1.40202e-01
0.36209	1.41173e-01
0.36188	1.42132e-01
0.36167	1.43069e-01
0.36145	1.43980e-01
0.36123	1.44857e-01
0.36101	1.45695e-01
0.36078	1.46491e-01
0.36055	1.47240e-01
0.36031	1.47939e-01
0.36007	1.48585e-01
0.35983	1.49174e-01
0.35958	1.49703e-01
0.35933	1.50168e-01
0.35908	1.50566e-01
0.35883	1.50891e-01
0.35858	1.51141e-01
0.35835	1.51308e-01
0.35812	1.51390e-01
0.35791	1.51382e-01
0.35780	1.51400e-01
0.35771	1.51316e-01
0.35770	1.51176e-01
0.35772	1.50922e-01
0.35776	1.50555e-01
0.35783	1.50073e-01
0.35794	1.49477e-01
0.35808	1.48767e-01
0.35828	1.47944e-01
0.35851	1.47011e-01
0.35880	1.45970e-01
0.35914	1.44823e-01
0.35953	1.43572e-01
0.35997	1.42223e-01
0.36047	1.40777e-01
0.36102	1.39241e-01
0.36163	1.37618e-01
0.36229	1.35913e-01
0.36300	1.34130e-01
0.36377	1.32274e-01
0.36460	1.30352e-01
0.36547	1.28372e-01
0.36639	1.26339e-01
0.36735	1.24263e-01
0.36835	1.22150e-01
0.36938	1.20010e-01
0.37045	1.17851e-01
0.37153	1.15680e-01
0.37267	1.13529e-01
0.37382	1.11381e-01
0.37498	1.09242e-01
0.37614	1.07117e-01
0.37729	1.05012e-01
0.37844	1.02932e-01
0.37957	1.00881e-01
0.38069	9.88651e-02
0.38178	9.68888e-02
0.38288	9.50088e-02
0.38395	9.31769e-02
0.38491	9.14678e-02
0.38584	8.98084e-02
0.38672	8.82015e-02
0.38756	8.66487e-02
0.38835	8.51505e-02
0.38911	8.37068e-02
0.38981	8.23167e-02
0.39048	8.09790e-02
0.39111	7.96921e-02
0.39170	7.84543e-02
0.39225	7.72638e-02
0.39277	7.61188e-02
0.39326	7.50177e-02
0.39373	7.39584e-02
0.39416	7.29392e-02
0.39461	7.19473e-02
0.39503	7.09931e-02
0.39543	7.00741e-02
0.39581	6.91881e-02
0.39618	6.83330e-02
0.39653	6.75069e-02
0.39688	6.67082e-02
0.39722	6.59358e-02
0.39756	6.51887e-02
0.39791	6.44665e-02
0.39826	6.37688e-02
0.39862	6.30957e-02
0.39900	6.24396e-02
0.39939	6.18093e-02
0.39979	6.12054e-02
0.40021	6.06284e-02
0.40065	6.00788e-02
0.40110	5.95566e-02
0.40156	5.90616e-02
0.40205	5.85930e-02
0.40254	5.81488e-02
0.40306	5.77263e-02
0.40358	5.73217e-02
0.40411	5.69300e-02
0.40475	5.65672e-02
0.40540	5.62111e-02
0.40605	5.58563e-02
0.40670	5.54987e-02
0.40735	5.51352e-02
0.40799	5.47645e-02
0.40863	5.43873e-02
0.40925	5.40063e-02
0.40987	5.36260e-02
0.41047	5.32522e-02
0.41107	5.28921e-02
0.41166	5.25533e-02
0.41223	5.22439e-02
0.41280	5.19719e-02
0.41336	5.17446e-02
0.41391	5.15689e-02
0.41444	5.14505e-02
0.41496	5.13944e-02
0.41546	5.14043e-02
0.41595	5.14829e-02
0.41642	5.16320e-02
0.41687	5.18522e-02
0.41730	5.21403e-02
0.41771	5.24998e-02
0.41813	5.29193e-02
0.41852	5.34049e-02
0.41889	5.39545e-02
0.41922	5.45657e-02
0.41953	5.52360e-02
0.41980	5.59629e-02
0.42004	5.67436e-02
0.42025	5.75757e-02
0.42043	5.84564e-02
0.42057	5.93833e-02
0.42068	6.03539e-02
0.42076	6.13657e-02
0.42081	6.24164e-02
0.42083	6.35034e-02
0.42082	6.46244e-02
0.42084	6.57107e-02
0.42082	6.68311e-02
0.42078	6.79819e-02
0.42071	6.91593e-02
0.42061	7.03597e-02
0.42050	7.15793e-02
0.42036	7.28145e-02
0.42021	7.40615e-02
0.42004	7.53167e-02
0.41985	7.65764e-02
0.41964	7.78371e-02
0.41949	7.90117e-02
0.41933	8.01797e-02
0.41916	8.13379e-02
0.41898	8.24835e-02
0.41879	8.36137e-02
0.41859	8.47259e-02
0.41838	8.58176e-02
0.41817	8.68868e-02
0.41795	8.79313e-02
0.41774	8.89651e-02
0.41752	8.99692e-02
0.41742	9.09020e-02
0.41732	9.18037e-02
0.41722	9.26741e-02
0.41711	9.35133e-02
0.41700	9.43215e-02
0.41688	9.50990e-02
0.41677	9.58460e-02
0.41665	9.65629e-02
0.41654	9.72497e-02
0.41642	9.79067e-02
0.41631	9.85338e-02
0.41620	9.91312e-02
0.41609	9.96985e-02
0.41598	1.00236e-01
0.41588	1.00742e-01
0.41588	1.01185e-01
0.41589	1.01596e-01
0.41590	1.01976e-01
0.41591	1.02327e-01
0.41592	1.02649e-01
0.41592	1.02946e-01
0.41591	1.03218e-01
0.41589	1.03468e-01
0.41586	1.03697e-01
0.41581	1.03908e-01
0.41574	1.04103e-01
0.41566	1.04282e-01
0.41549	1.04519e-01
0.41530	1.04743e-01
0.41510	1.04954e-01
0.41488	1.05152e-01
0.41464	1.05337e-01
0.41439	1.05508e-01
0.41412	1.05664e-01
0.41385	1.05803e-01
0.41356	1.05925e-01
0.41327	1.06028e-01
0.41297	1.06110e-01
0.41266	1.06168e-01
0.41243	1.06271e-01
0.41218	1.06333e-01
0.41192	1.06354e-01
0.41166	1.06334e-01
0.41139	1.06275e-01
0.41112	1.06175e-01
0.41086	1.06034e-01
0.41060	1.05854e-01
0.41035	1.05634e-01
0.41010	1.05375e-01
0.40986	1.05078e-01
0.40963	1.04745e-01
0.40940	1.04376e-01
0.40918	1.03976e-01
0.40896	1.03546e-01
0.40873	1.03090e-01
0.40851	1.02611e-01
0.40829	1.02112e-01
0.40806	1.01599e-01
0.40783	1.01074e-01
0.40758	1.00542e-01
0.40733	1.00007e-01
0.40703	9.94512e-02
0.40673	9.89007e-02
0.40641	9.83532e-02
0.40607	9.78187e-02
0.40573	9.73011e-02
0.40538	9.68042e-02
0.40502	9.63322e-02
0.40465	9.58891e-02
0.40427	9.54795e-02
0.40388	9.51078e-02
0.40348	9.47786e-02
0.40307	9.44964e-02
0.40264	9.42651e-02
0.40220	9.40884e-02
0.40175	9.39690e-02
0.40128	9.39091e-02
0.40079	9.39100e-02
0.40024	9.39913e-02
0.39969	9.41316e-02
0.39911	9.43310e-02
0.39853	9.45887e-02
0.39793	9.49040e-02
0.39732	9.52759e-02
0.39671	9.57033e-02
0.39615	9.61889e-02
0.39559	9.67291e-02
0.39502	9.73229e-02
0.39447	9.79696e-02
0.39391	9.86685e-02
0.39336	9.94189e-02
0.39282	1.00220e-01
0.39229	1.01073e-01
0.39177	1.01975e-01
0.39126	1.02928e-01
0.39077	1.03930e-01
0.39029	1.04980e-01
0.38983	1.06079e-01
0.38943	1.07270e-01
0.38906	1.08506e-01
0.38872	1.09976e-01
0.38840	1.11484e-01
0.38811	1.13026e-01
0.38785	1.14595e-01
0.38761	1.16186e-01
0.38741	1.17794e-01
0.38723	1.19414e-01
0.38708	1.21041e-01
0.38696	1.22671e-01
0.38686	1.24300e-01
0.38678	1.25923e-01
0.38672	1.27537e-01
0.38669	1.29138e-01
0.38667	1.30721e-01
0.38666	1.32283e-01
0.38671	1.33773e-01
0.38677	1.35234e-01
0.38684	1.36662e-01
0.38692	1.38051e-01
0.38701	1.39398e-01
0.38712	1.40698e-01
0.38723	1.41947e-01
0.38736	1.43141e-01
0.38750	1.44276e-01
0.38765	1.45348e-01
0.38781	1.46354e-01
0.38799	1.47292e-01
0.38821	1.48182e-01
0.38845	1.49001e-01
0.38869	1.49748e-01
0.38894	1.50427e-01
0.38920	1.51038e-01
0.38947	1.51586e-01
0.38974	1.52074e-01
0.39002	1.52505e-01
0.39030	1.52883e-01
0.39058	1.53212e-01
0.39087	1.53495e-01
0.39115	1.53735e-01
0.39141	1.53946e-01
0.39166	1.54121e-01
0.39192	1.54261e-01
0.39218	1.54368e-01
0.39244	1.54444e-01
0.39271	1.54488e-01
0.39299	1.54503e-01
0.39328	1.54488e-01
0.39358	1.54442e-01
0.39390	1.54365e-01
0.39424	1.54256e-01
0.39459	1.54115e-01
0.39496	1.53938e-01
0.39535	1.53725e-01
0.39575	1.53473e-01
0.39617	1.53181e-01
0.39661	1.52845e-01
0.39707	1.52464e-01
0.39754	1.52035e-01
0.39804	1.51557e-01
0.39855	1.51026e-01
0.39907	1.50440e-01
0.39963	1.49806e-01
0.40020	1.49113e-01
0.40086	1.48431e-01
0.40156	1.47699e-01
0.40228	1.46916e-01
0.40304	1.46081e-01
0.40382	1.45194e-01
0.40464	1.44254e-01
0.40548	1.43262e-01
0.40635	1.42216e-01
0.40724	1.41117e-01
0.40816	1.39968e-01
0.40910	1.38770e-01
0.41005	1.37527e-01
0.41102	1.36244e-01
0.41200	1.34925e-01
0.41300	1.33577e-01
0.41403	1.32206e-01
0.41506	1.30820e-01
0.41611	1.29425e-01
0.41717	1.28027e-01
0.41824	1.26631e-01
0.41933	1.25244e-01
0.42044	1.23868e-01
0.42161	1.22514e-01
0.42279	1.21177e-01
0.42399	1.19861e-01
0.42521	1.18567e-01
0.42646	1.17299e-01
0.42774	1.16058e-01
0.42906	1.14846e-01
0.43040	1.13663e-01
0.43178	1.12513e-01
0.43319	1.11394e-01
0.43463	1.10308e-01
0.43611	1.09254e-01
0.43761	1.08233e-01
0.43918	1.07277e-01
0.44077	1.06346e-01
0.44244	1.05224e-01
0.44411	1.04117e-01
0.44579	1.03021e-01
0.44747	1.01931e-01
0.44914	1.00842e-01
0.45080	9.97493e-02
0.45245	9.86462e-02
0.45410	9.75275e-02
0.45574	9.63880e-02
0.45736	9.52230e-02
0.45898	9.40288e-02
0.46059	9.28025e-02
0.46220	9.15421e-02
0.46380	9.02470e-02
0.46540	8.89179e-02
0.46709	8.75223e-02
0.46877	8.61080e-02
0.47045	8.46809e-02
0.47211	8.32483e-02
0.47377	8.18194e-02
0.47541	8.04052e-02
0.47703	7.90177e-02
0.47861	7.76703e-02
0.48016	7.63767e-02
0.48166	7.51508e-02
0.48311	7.40055e-02
0.48449	7.29524e-02
0.48589	7.20543e-02
0.48721	7.12676e-02
0.48845	7.05946e-02
0.48960	7.00342e-02
0.49068	6.95710e-02
0.49167	6.92124e-02
0.49257	6.89508e-02
0.49338	6.87778e-02
0.49410	6.86845e-02
0.49475	6.86620e-02
0.49532	6.87022e-02
0.49582	6.87972e-02
0.49634	6.90587e-02
0.49681	6.93516e-02
0.49721	6.96702e-02
0.49756	7.00096e-02
0.49786	7.03656e-02
0.49811	7.07349e-02
0.49831	7.11145e-02
0.49848	7.15023e-02
0.49861	7.18964e-02
0.49870	7.22955e-02
0.49875	7.26989e-02
0.49877	7.31060e-02
0.49876	7.35167e-02
0.49872	7.39312e-02
0.49864	7.43503e-02
0.49854	7.47748e-02
0.49840	7.52062e-02
0.49824	7.56461e-02
0.49805	7.60964e-02
0.49782	7.65595e-02
0.49757	7.70377e-02
0.49729	7.75334e-02
0.49708	7.81346e-02
0.49684	7.87578e-02
0.49661	7.94043e-02
0.49636	8.00773e-02
0.49607	8.07775e-02
0.49577	8.15052e-02
0.49544	8.22605e-02
0.49509	8.30428e-02
0.49472	8.38511e-02
0.49433	8.46840e-02
0.49393	8.55394e-02
0.49352	8.64148e-02
0.49310	8.73071e-02
0.49266	8.82128e-02
0.49222	8.91279e-02
0.49176	9.00559e-02
0.49128	9.09824e-02
0.49088	9.17940e-02
0.49046	9.26001e-02
0.49004	9.33953e-02
0.48960	9.41750e-02
0.48915	9.49348e-02
0.48870	9.56713e-02
0.48823	9.63815e-02
0.48775	9.70637e-02
0.48727	9.77170e-02
0.48677	9.83413e-02
0.48626	9.89375e-02
0.48575	9.95072e-02
0.48522	1.00052e-01
0.48468	1.00575e-01
0.48414	1.01078e-01
0.48358	1.01564e-01
0.48301	1.02034e-01
0.48243	1.02491e-01
0.48185	1.02937e-01
0.48126	1.03373e-01
0.48071	1.03845e-01
0.48016	1.04304e-01
0.47958	1.04748e-01
0.47899	1.05181e-01
0.47840	1.05604e-01
0.47781	1.06017e-01
0.47723	1.06420e-01
0.47664	1.06815e-01
0.47606	1.07199e-01
0.47549	1.07575e-01
0.47493	1.07941e-01
0.47437	1.08297e-01
0.47383	1.08644e-01
0.47329	1.08980e-01
0.47277	1.09307e-01
0.47225	1.09622e-01
0.47175	1.09927e-01
0.47120	1.10305e-01
0.47066	1.10668e-01
0.47013	1.11013e-01
0.46962	1.11340e-01
0.46911	1.11647e-01
0.46861	1.11932e-01
0.46811	1.12194e-01
0.46763	1.12430e-01
0.46715	1.12640e-01
0.46667	1.12823e-01
0.46621	1.12976e-01
0.46575	1.13099e-01
0.46533	1.13243e-01
0.46492	1.13354e-01
0.46451	1.13432e-01
0.46411	1.13478e-01
0.46361	1.13640e-01
0.46311	1.13777e-01
0.46261	1.13890e-01
0.46210	1.13979e-01
0.46158	1.14043e-01
0.46105	1.14083e-01
0.46052	1.14095e-01
0.45998	1.14080e-01
0.45948	1.14060e-01
0.45898	1.14012e-01
0.45848	1.13932e-01
0.45798	1.13817e-01
0.45749	1.13666e-01
0.45699	1.13475e-01
0.45650	1.13243e-01
0.45602	1.12967e-01
0.45554	1.12645e-01
0.45507	1.12276e-01
0.45461	1.11859e-01
0.45417	1.11394e-01
0.45374	1.10878e-01
0.45332	1.10312e-01
0.45291	1.09696e-01
0.45253	1.09030e-01
0.45216	1.08314e-01
0.45182	1.07548e-01
0.45149	1.06734e-01
0.45119	1.05872e-01
0.45091	1.04964e-01
0.45065	1.04010e-01
0.45043	1.03019e-01
0.45024	1.01985e-01
0.45006	1.00910e-01
0.44991	9.97952e-02
0.44979	9.86443e-02
0.44968	9.74605e-02
0.44959	9.62477e-02
0.44953	9.50107e-02
0.44948	9.37551e-02
0.44945	9.24872e-02
0.44944	9.12140e-02
0.44944	8.99431e-02
0.44946	8.86826e-02
0.44949	8.74411e-02
0.44954	8.62273e-02
0.44970	8.50774e-02
0.44989	8.39757e-02
0.45015	8.29341e-02
0.45044	8.19546e-02
0.45074	8.10441e-02
0.45107	8.02091e-02
0.45141	7.94559e-02
0.45176	7.87898e-02
0.45212	7.82157e-02
0.45248	7.77377e-02
0.45285	7.73586e-02
0.45322	7.70803e-02
0.45359	7.69031e-02
0.45395	7.68261e-02
0.45431	7.68470e-02
0.45467	7.69623e-02
0.45501	7.71675e-02
0.45535	7.74571e-02
0.45568	7.78252e-02
0.45600	7.82651e-02
0.45632	7.87702e-02
0.45662	7.93336e-02
0.45691	7.99517e-02
0.45720	8.06161e-02
0.45751	8.13016e-02
0.45780	8.20214e-02
0.45809	8.27698e-02
0.45838	8.35410e-02
0.45866	8.43299e-02
0.45894	8.51313e-02
0.45921	8.59403e-02
0.45948	8.67526e-02
0.45976	8.75638e-02
0.46003	8.83700e-02
0.46027	8.92263e-02
0.46054	9.00355e-02
0.46082	9.07982e-02
0.46123	9.15352e-02
0.46165	9.22305e-02
0.46208	9.28867e-02
0.46252	9.35059e-02
0.46296	9.40901e-02
0.46341	9.46409e-02
0.46386	9.51593e-02
0.46432	9.56463e-02
0.46478	9.61026e-02
0.46524	9.65285e-02
0.46571	9.69247e-02
0.46619	9.72914e-02
0.46667	9.76291e-02
0.46716	9.79382e-02
0.46773	9.82487e-02
0.46830	9.85271e-02
0.46886	9.87740e-02
0.46943	9.89897e-02
0.47004	9.91673e-02
0.47067	9.93140e-02
0.47129	9.94304e-02
0.47192	9.95172e-02
0.47256	9.95749e-02
0.47320	9.96039e-02
0.47384	9.96047e-02
0.47449	9.95779e-02
0.47519	9.95502e-02
0.47589	9.94963e-02
0.47659	9.94166e-02
0.47729	9.93119e-02
0.47799	9.91827e-02
0.47869	9.90298e-02
0.47939	9.88544e-02
0.48008	9.86573e-02
0.48078	9.84399e-02
0.48147	9.82033e-02
0.48216	9.79490e-02
0.48285	9.76782e-02
0.48353	9.73922e-02
0.48422	9.70922e-02
0.48490	9.67796e-02
0.48558	9.64555e-02
0.48626	9.61211e-02
0.48693	9.57777e-02
0.48760	9.54268e-02
0.48827	9.50696e-02
0.48894	9.47079e-02
0.48960	9.43430e-02
0.49028	9.39964e-02
0.49095	9.36482e-02
0.49161	9.33030e-02
0.49226	9.29596e-02
0.49289	9.26194e-02
0.49350	9.22840e-02
0.49409	9.19551e-02
0.49465	9.16347e-02
0.49518	9.13247e-02
0.49568	9.10270e-02
0.49614	9.07436e-02
0.49656	9.04756e-02
0.49693	9.02241e-02
0.49727	8.99894e-02
0.49756	8.97713e-02
0.49780	8.95692e-02
0.49800	8.93818e-02
0.49822	8.92079e-02
0.49839	8.90468e-02
0.49852	8.88962e-02
0.49861	8.87537e-02
0.49865	8.86170e-02
0.49866	8.84837e-02
0.49862	8.83515e-02
0.49856	8.82181e-02
0.49845	8.80811e-02
0.49832	8.79385e-02
0.49816	8.77880e-02
0.49797	8.76278e-02
0.49775	8.74559e-02
0.49751	8.72709e-02
0.49724	8.70714e-02
0.49696	8.68565e-02
0.49664	8.66259e-02
0.49631	8.63796e-02
0.49596	8.61186e-02
0.49559	8.58442e-02
0.49523	8.55918e-02
0.49485	8.53323e-02
0.49457	8.50347e-02
0.49426	8.47398e-02
0.49393	8.44517e-02
0.49358	8.41744e-02
0.49322	8.39119e-02
0.49283	8.36680e-02
0.49244	8.34463e-02
0.49203	8.32499e-02
0.49160	8.30818e-02
0.49117	8.29443e-02
0.49077	8.27587e-02
0.49036	8.26161e-02
0.48994	8.25215e-02
0.48953	8.24640e-02
0.48914	8.24463e-02
0.48875	8.24676e-02
0.48838	8.25266e-02
0.48802	8.26218e-02
0.48767	8.27517e-02
0.48734	8.29139e-02
0.48703	8.31062e-02
0.48672	8.33258e-02
0.48642	8.35696e-02
0.48614	8.38343e-02
0.48586	8.41161e-02
0.48558	8.44114e-02
0.48532	8.47165e-02
0.48510	8.50203e-02
0.48488	8.53254e-02
0.48468	8.56287e-02
0.48448	8.59278e-02
0.48429	8.62206e-02
0.48410	8.65056e-02
0.48391	8.67817e-02
0.48373	8.70485e-02
0.48356	8.73059e-02
0.48338	8.75543e-02
0.48321	8.77942e-02
0.48305	8.80263e-02
0.48289	8.82549e-02
0.48274	8.84763e-02
0.48260	8.86908e-02
0.48246	8.88986e-02
0.48233	8.90995e-02
0.48220	8.92928e-02
0.48209	8.94775e-02
0.48199	8.96525e-02
0.48190	8.98161e-02
0.48184	8.99666e-02
0.48179	9.01021e-02
0.48177	9.02206e-02
0.48177	9.03202e-02
0.48180	9.03990e-02
0.48186	9.04554e-02
0.48196	9.04876e-02
0.48209	9.04945e-02
0.48225	9.04749e-02
0.48246	9.04280e-02
0.48270	9.03534e-02
0.48298	9.02508e-02
0.48330	9.01202e-02
0.48370	8.99837e-02
0.48414	8.98198e-02
0.48466	8.96510e-02
0.48521	8.94547e-02
0.48581	8.92315e-02
0.48646	8.89820e-02
0.48714	8.87067e-02
0.48787	8.84059e-02
0.48864	8.80800e-02
0.48945	8.77292e-02
0.49029	8.73540e-02
0.49117	8.69548e-02
0.49208	8.65325e-02
0.49301	8.60881e-02
0.49397	8.56233e-02
0.49495	8.51401e-02
0.49595	8.46410e-02
0.49699	8.41068e-02
0.49803	8.35630e-02
0.49907	8.30131e-02
0.50011	8.24606e-02
0.50113	8.19088e-02
0.50215	8.13609e-02
0.50314	8.08196e-02
0.50412	8.02872e-02
0.50507	7.97652e-02
0.50601	7.92547e-02
0.50692	7.87561e-02
0.50780	7.82694e-02
0.50867	7.77940e-02
0.50952	7.73294e-02
0.51034	7.68746e-02
0.51115	7.64290e-02
0.51195	7.59921e-02
0.51273	7.55637e-02
0.51351	7.51438e-02
0.51427	7.47328e-02
0.51507	7.44135e-02
0.51587	7.41024e-02
0.51672	7.37496e-02
0.51756	7.34069e-02
0.51839	7.30756e-02
0.51923	7.27572e-02
0.52007	7.24531e-02
0.52091	7.21650e-02
0.52175	7.18946e-02
0.52259	7.16436e-02
0.52343	7.14138e-02
0.52428	7.12069e-02
0.52515	7.09877e-02
0.52602	7.07892e-02
0.52698	7.05460e-02
0.52801	7.03670e-02
0.52903	7.02150e-02
0.53005	7.00925e-02
0.53105	7.00016e-02
0.53204	6.99441e-02
0.53301	6.99212e-02
0.53396	6.99337e-02
0.53487	6.99816e-02
0.53575	7.00642e-02
0.53660	7.01801e-02
0.53740	7.03275e-02
0.53815	7.05039e-02
0.53885	7.07068e-02
0.53951	7.09335e-02
0.54015	7.12043e-02
0.54074	7.14919e-02
0.54128	7.17953e-02
0.54177	7.21140e-02
0.54220	7.24478e-02
0.54258	7.27971e-02
0.54291	7.31626e-02
0.54319	7.35454e-02
0.54343	7.39469e-02
0.54362	7.43683e-02
0.54376	7.48110e-02
0.54387	7.52763e-02
0.54395	7.57533e-02
0.54400	7.62556e-02
0.54402	7.67838e-02
0.54400	7.73381e-02
0.54395	7.79188e-02
0.54388	7.85259e-02
0.54378	7.91591e-02
0.54366	7.98183e-02
0.54353	8.05029e-02
0.54337	8.12123e-02
0.54321	8.19457e-02
0.54303	8.27022e-02
0.54284	8.34805e-02
0.54264	8.42793e-02
0.54243	8.50969e-02
0.54222	8.59315e-02
0.54199	8.67810e-02
0.54176	8.76434e-02
0.54152	8.85165e-02
0.54127	8.93981e-02
0.54101	9.02862e-02
0.54075	9.11789e-02
0.54053	9.21606e-02
0.54031	9.31450e-02
0.54013	9.41463e-02
0.53995	9.51488e-02
0.53976	9.61524e-02
0.53956	9.71578e-02
0.53935	9.81656e-02
0.53913	9.91774e-02
0.53890	1.00195e-01
0.53866	1.01219e-01
0.53841	1.02254e-01
0.53814	1.03299e-01
0.53787	1.04357e-01
0.53758	1.05431e-01
0.53728	1.06520e-01
0.53696	1.07627e-01
0.53663	1.08753e-01
0.53633	1.09889e-01
0.53602	1.11044e-01
0.53568	1.12216e-01
0.53532	1.13407e-01
0.53495	1.14614e-01
0.53456	1.15837e-01
0.53416	1.17074e-01
0.53374	1.18322e-01
0.53331	1.19581e-01
0.53287	1.20847e-01
0.53242	1.22117e-01
0.53197	1.23388e-01
0.53152	1.24657e-01
0.53106	1.25921e-01
0.53061	1.27176e-01
0.53017	1.28419e-01
0.52974	1.29646e-01
0.52932	1.30854e-01
0.52891	1.32041e-01
0.52852	1.33203e-01
0.52817	1.34355e-01
0.52784	1.35477e-01
0.52756	1.36509e-01
0.52731	1.37503e-01
0.52708	1.38459e-01
0.52687	1.39376e-01
0.52667	1.40254e-01
0.52648	1.41096e-01
0.52630	1.41901e-01
0.52613	1.42672e-01
0.52596	1.43408e-01
0.52579	1.44108e-01
0.52566	1.44719e-01
0.52551	1.45313e-01
0.52539	1.45874e-01
0.52529	1.46449e-01
0.52519	1.46995e-01
0.52507	1.47507e-01
0.52495	1.47981e-01
0.52483	1.48411e-01
0.52470	1.48790e-01
0.52458	1.49113e-01
0.52447	1.49375e-01
0.52437	1.49572e-01
0.52428	1.49700e-01
0.52420	1.49760e-01
0.52413	1.49751e-01
0.52408	1.49677e-01
0.52404	1.49539e-01
0.52401	1.49346e-01
0.52398	1.49098e-01
0.52396	1.48800e-01
0.52394	1.48457e-01
0.52392	1.48075e-01
0.52390	1.47656e-01
0.52388	1.47205e-01
0.52385	1.46725e-01
0.52382	1.46218e-01
0.52378	1.45687e-01
0.52374	1.45133e-01
0.52369	1.44559e-01
0.52368	1.43998e-01
0.52367	1.43416e-01
0.52365	1.42814e-01
0.52364	1.42193e-01
0.52363	1.41553e-01
0.52362	1.40897e-01
0.52361	1.40224e-01
0.52361	1.39536e-01
0.52362	1.38834e-01
0.52364	1.38118e-01
0.52367	1.37390e-01
0.52371	1.36650e-01
0.52377	1.35901e-01
0.52383	1.35143e-01
0.52391	1.34379e-01
0.52400	1.33609e-01
0.52410	1.32836e-01
0.52421	1.32063e-01
0.52433	1.31290e-01
0.52446	1.30521e-01
0.52460	1.29757e-01
0.52474	1.29002e-01
0.52497	1.28355e-01
0.52519	1.27713e-01
0.52547	1.27095e-01
0.52574	1.26486e-01
0.52601	1.25888e-01
0.52626	1.25301e-01
0.52650	1.24724e-01
0.52672	1.24157e-01
0.52693	1.23596e-01
0.52712	1.23041e-01
0.52729	1.22487e-01
0.52744	1.21932e-01
0.52757	1.21370e-01
0.52767	1.20797e-01
0.52775	1.20210e-01
0.52780	1.19603e-01
0.52783	1.18972e-01
0.52783	1.18313e-01
0.52780	1.17621e-01
0.52775	1.16893e-01
0.52768	1.16126e-01
0.52758	1.15316e-01
0.52747	1.14462e-01
0.52733	1.13561e-01
0.52718	1.12614e-01
0.52702	1.11620e-01
0.52684	1.10579e-01
0.52666	1.09495e-01
0.52646	1.08369e-01
0.52626	1.07204e-01
0.52605	1.06006e-01
0.52584	1.04777e-01
0.52563	1.03523e-01
0.52541	1.02247e-01
0.52519	1.00953e-01
0.52498	9.96462e-02
0.52477	9.83303e-02
0.52457	9.70098e-02
0.52437	9.56879e-02
0.52419	9.43714e-02
0.52402	9.30616e-02
0.52387	9.17624e-02
0.52373	9.04775e-02
0.52361	8.92106e-02
0.52351	8.79652e-02
0.52344	8.67449e-02
0.52340	8.55530e-02
0.52338	8.43929e-02
0.52344	8.32875e-02
0.52350	8.22542e-02
0.52359	8.12552e-02
0.52372	8.02888e-02
0.52393	7.93078e-02
0.52416	7.83702e-02
0.52442	7.74796e-02
0.52469	7.66392e-02
0.52499	7.58519e-02
0.52529	7.51199e-02
0.52561	7.44449e-02
0.52594	7.38278e-02
0.52627	7.32686e-02
0.52661	7.27666e-02
0.52695	7.23201e-02
0.52730	7.19264e-02
0.52765	7.15825e-02
0.52800	7.12843e-02
0.52848	7.10626e-02
0.52896	7.08803e-02
0.52945	7.07327e-02
0.52995	7.06153e-02
0.53047	7.05240e-02
0.53101	7.04557e-02
0.53158	7.04081e-02
0.53218	7.03801e-02
0.53280	7.03717e-02
0.53346	7.03840e-02
0.53415	7.04189e-02
0.53486	7.04793e-02
0.53563	7.06059e-02
0.53643	7.07639e-02
0.53724	7.09570e-02
0.53808	7.11884e-02
0.53893	7.14616e-02
0.53979	7.17792e-02
0.54066	7.21433e-02
0.54154	7.25554e-02
0.54243	7.30159e-02
0.54332	7.35246e-02
0.54422	7.40802e-02
0.54511	7.46806e-02
0.54601	7.53229e-02
0.54691	7.60035e-02
0.54781	7.67181e-02
0.54871	7.74621e-02
0.54962	7.82304e-02
0.55052	7.90180e-02
0.55143	7.98197e-02
0.55234	8.06305e-02
0.55326	8.14458e-02
0.55418	8.22612e-02
0.55513	8.31078e-02
0.55608	8.39407e-02
0.55704	8.47605e-02
0.55801	8.55627e-02
0.55898	8.63459e-02
0.55997	8.71089e-02
0.56096	8.78507e-02
0.56197	8.85704e-02
0.56298	8.92675e-02
0.56401	8.99416e-02
0.56504	9.05923e-02
0.56608	9.12194e-02
0.56713	9.18229e-02
0.56818	9.24028e-02
0.56924	9.29589e-02
0.57029	9.34914e-02
0.57134	9.40000e-02
0.57238	9.44848e-02
0.57341	9.49455e-02
0.57442	9.53817e-02
0.57541	9.57928e-02
0.57637	9.61782e-02
0.57730	9.65369e-02
0.57818	9.68678e-02
0.57903	9.71698e-02
0.57982	9.74416e-02
0.58057	9.76819e-02
0.58126	9.78893e-02
0.58190	9.80625e-02
0.58255	9.81000e-02
0.58315	9.80963e-02
0.58370	9.80514e-02
0.58419	9.79654e-02
0.58463	9.78387e-02
0.58502	9.76714e-02
0.58536	9.74635e-02
0.58564	9.72151e-02
0.58587	9.69258e-02
0.58605	9.65952e-02
0.58622	9.61676e-02
0.58634	9.57006e-02
0.58641	9.51936e-02
0.58644	9.46461e-02
0.58643	9.40576e-02
0.58638	9.34281e-02
0.58629	9.27577e-02
0.58617	9.20469e-02
0.58601	9.12966e-02
0.58583	9.05085e-02
0.58564	8.96821e-02
0.58543	8.88207e-02
0.58518	8.79268e-02
0.58496	8.70049e-02
0.58471	8.60572e-02
0.58443	8.50874e-02
0.58412	8.40994e-02
0.58379	8.30980e-02
0.58343	8.20878e-02
0.58306	8.10742e-02
0.58265	8.00626e-02
0.58222	7.90586e-02
0.58177	7.80677e-02
0.58129	7.70956e-02
0.58079	7.61477e-02
0.58027	7.52291e-02
0.57972	7.43448e-02
0.57917	7.35050e-02
0.57860	7.27068e-02
0.57801	7.19540e-02
0.57740	7.12500e-02
0.57677	7.05978e-02
0.57613	6.99997e-02
0.57548	6.94577e-02
0.57482	6.89730e-02
0.57415	6.85464e-02
0.57347	6.81782e-02
0.57280	6.78682e-02
0.57213	6.76154e-02
0.57148	6.74088e-02
0.57084	6.72552e-02
0.57022	6.71516e-02
0.56962	6.70950e-02
0.56904	6.70816e-02
0.56848	6.71077e-02
0.56796	6.71689e-02
0.56746	6.72610e-02
0.56700	6.73797e-02
0.56657	6.75204e-02
0.56617	6.76789e-02
0.56581	6.78513e-02
0.56548	6.80338e-02
0.56520	6.82230e-02
0.56494	6.84162e-02
0.56473	6.86111e-02
0.56455	6.88059e-02
0.56441	6.89994e-02
0.56430	6.91908e-02
0.56422	6.93800e-02
0.56418	6.95669e-02
0.56416	6.97518e-02
0.56425	6.99871e-02
0.56435	7.02176e-02
0.56450	7.04391e-02
0.56467	7.06579e-02
0.56486	7.08750e-02
0.56507	7.10912e-02
0.56529	7.13072e-02
0.56553	7.15236e-02
0.56579	7.17407e-02
0.56605	7.19590e-02
0.56633	7.21785e-02
0.56661	7.23993e-02
0.56691	7.26215e-02
0.56722	7.28451e-02
0.56754	7.30702e-02
0.56787	7.32969e-02
0.56821	7.35257e-02
0.56856	7.37571e-02
0.56892	7.39922e-02
0.56929	7.42324e-02
0.56967	7.44792e-02
0.57006	7.47348e-02
0.57045	7.50015e-02
0.57085	7.52815e-02
0.57124	7.55773e-02
0.57164	7.58909e-02
0.57203	7.62239e-02
0.57242	7.65778e-02
0.57279	7.69533e-02
0.57318	7.73321e-02
0.57355	7.77329e-02
0.57390	7.81547e-02
0.57423	7.85960e-02
0.57454	7.90549e-02
0.57483	7.95292e-02
0.57508	8.00162e-02
0.57532	8.05132e-02
0.57552	8.10170e-02
0.57569	8.15244e-02
0.57589	8.19501e-02
0.57607	8.23668e-02
0.57622	8.27715e-02
0.57635	8.31616e-02
0.57645	8.35345e-02
0.57653	8.38881e-02
0.57659	8.42205e-02
0.57663	8.45303e-02
0.57665	8.48162e-02
0.57669	8.51444e-02
0.57674	8.54272e-02
0.57677	8.56840e-02
0.57678	8.59149e-02
0.57690	8.61278e-02
0.57700	8.63142e-02
0.57708	8.64750e-02
0.57714	8.66120e-02
0.57719	8.67269e-02
0.57722	8.68220e-02
0.57723	8.68995e-02
0.57722	8.69619e-02
0.57718	8.70115e-02
0.57712	8.70503e-02
0.57704	8.70802e-02
0.57693	8.71024e-02
0.57680	8.71178e-02
0.57664	8.71269e-02
0.57652	8.71571e-02
0.57638	8.71770e-02
0.57620	8.71860e-02
0.57599	8.71835e-02
0.57576	8.71686e-02
0.57551	8.71405e-02
0.57523	8.70985e-02
0.57494	8.70416e-02
0.57464	8.69693e-02
0.57434	8.68904e-02
0.57403	8.67952e-02
0.57371	8.66838e-02
0.57348	8.65077e-02
0.57325	8.63190e-02
0.57301	8.61181e-02
0.57276	8.59058e-02
0.57251	8.56828e-02
0.57226	8.54498e-02
0.57200	8.52074e-02
0.57175	8.49563e-02
0.57149	8.46968e-02
0.57123	8.44293e-02
0.57096	8.41544e-02
0.57070	8.38723e-02
0.57044	8.35835e-02
0.57017	8.32885e-02
0.56991	8.29877e-02
0.56964	8.26819e-02
0.56937	8.23717e-02
0.56911	8.20579e-02
0.56883	8.17413e-02
0.56856	8.14228e-02
0.56829	8.11036e-02
0.56801	8.07847e-02
0.56779	8.05363e-02
0.56757	8.02891e-02
0.56734	8.00444e-02
0.56712	7.98035e-02
0.56690	7.95678e-02
0.56668	7.93386e-02
0.56646	7.91175e-02
0.56624	7.89060e-02
0.56602	7.87055e-02
0.56581	7.85175e-02
0.56560	7.83431e-02
0.56540	7.81837e-02
0.56521	7.80402e-02
0.56502	7.79134e-02
0.56485	7.78040e-02
0.56469	7.77125e-02
0.56454	7.76390e-02
0.56440	7.75836e-02
0.56429	7.75463e-02
0.56419	7.75268e-02
0.56411	7.75249e-02
0.56409	7.75735e-02
0.56410	7.76375e-02
0.56413	7.77165e-02
0.56418	7.78101e-02
0.56426	7.79176e-02
0.56436	7.80384e-02
0.56450	7.81717e-02
0.56466	7.83165e-02
0.56493	7.83895e-02
0.56521	7.84776e-02
0.56552	7.85782e-02
0.56585	7.86880e-02
0.56620	7.88034e-02
0.56656	7.89202e-02
0.56694	7.90339e-02
0.56733	7.91401e-02
0.56774	7.92344e-02
0.56815	7.93124e-02
0.56858	7.93582e-02
0.56903	7.93813e-02
0.56947	7.93793e-02
0.56992	7.93506e-02
0.57038	7.92946e-02
0.57084	7.92116e-02
0.57134	7.91378e-02
0.57185	7.90408e-02
0.57236	7.89229e-02
0.57295	7.89039e-02
0.57357	7.87855e-02
0.57419	7.86535e-02
0.57481	7.85112e-02
0.57547	7.83593e-02
0.57612	7.82068e-02
0.57676	7.80565e-02
0.57739	7.79108e-02
0.57802	7.77717e-02
0.57863	7.76405e-02
0.57924	7.75184e-02
0.57985	7.74063e-02
0.58044	7.73050e-02
0.58103	7.72158e-02
0.58162	7.71401e-02
0.58219	7.70798e-02
0.58275	7.70369e-02
0.58329	7.70136e-02
0.58389	7.69761e-02
0.58448	7.69617e-02
0.58504	7.69726e-02
0.58557	7.70104e-02
0.58607	7.70763e-02
0.58654	7.71713e-02
0.58697	7.72957e-02
0.58736	7.74497e-02
0.58771	7.76330e-02
0.58802	7.78446e-02
0.58828	7.80834e-02
0.58850	7.83476e-02
0.58875	7.86249e-02
0.58896	7.89225e-02
0.58913	7.92378e-02
0.58926	7.95683e-02
0.58935	7.99112e-02
0.58941	8.02637e-02
0.58943	8.06230e-02
0.58943	8.09867e-02
0.58941	8.13523e-02
0.58936	8.17174e-02
0.58929	8.20800e-02
0.58920	8.24382e-02
0.58909	8.27902e-02
0.58896	8.31347e-02
0.58883	8.34705e-02
0.58868	8.37965e-02
0.58851	8.41121e-02
0.58834	8.44168e-02
0.58815	8.47106e-02
0.58795	8.49936e-02
0.58773	8.52662e-02
0.58750	8.55290e-02
0.58729	8.58157e-02
0.58705	8.60928e-02
0.58680	8.63618e-02
0.58654	8.66244e-02
0.58625	8.68828e-02
0.58594	8.71390e-02
0.58561	8.73956e-02
0.58526	8.76550e-02
0.58489	8.79199e-02
0.58450	8.81932e-02
0.58409	8.84775e-02
0.58365	8.87757e-02
0.58319	8.90903e-02
0.58271	8.94239e-02
0.58221	8.97789e-02
0.58169	9.01571e-02
0.58114	9.05605e-02
0.58058	9.09903e-02
0.58000	9.14476e-02
0.57940	9.19332e-02
0.57879	9.24471e-02
0.57816	9.29893e-02
0.57752	9.35589e-02
0.57686	9.41548e-02
0.57619	9.47753e-02
0.57551	9.54183e-02
0.57482	9.60811e-02
0.57412	9.67608e-02
0.57340	9.74543e-02
0.57275	9.80773e-02
0.57209	9.87100e-02
0.57141	9.93492e-02
0.57072	9.99923e-02
0.57002	1.00637e-01
0.56930	1.01281e-01
0.56857	1.01922e-01
0.56782	1.02561e-01
0.56707	1.03194e-01
0.56630	1.03822e-01
0.56556	1.04433e-01
0.56482	1.05036e-01
0.56406	1.05632e-01
0.56330	1.06219e-01
0.56253	1.06796e-01
0.56175	1.07360e-01
0.56101	1.07912e-01
0.56027	1.08449e-01
0.55953	1.08969e-01
0.55880	1.09495e-01
0.55810	1.09932e-01
0.55741	1.10344e-01
0.55673	1.10729e-01
0.55609	1.11111e-01
0.55547	1.11465e-01
0.55486	1.11789e-01
0.55427	1.12083e-01
0.55369	1.12345e-01
0.55312	1.12573e-01
0.55258	1.12768e-01
0.55206	1.12929e-01
0.55157	1.13054e-01
0.55110	1.13143e-01
0.55067	1.13196e-01
0.55026	1.13211e-01
0.54989	1.13190e-01
0.54955	1.13130e-01
0.54929	1.13052e-01
0.54908	1.12935e-01
0.54890	1.12779e-01
0.54877	1.12584e-01
0.54869	1.12350e-01
0.54865	1.12077e-01
0.54868	1.11754e-01
0.54875	1.11395e-01
0.54888	1.11000e-01
0.54906	1.10573e-01
0.54928	1.10115e-01
0.54956	1.09629e-01
0.54992	1.09108e-01
0.55033	1.08566e-01
0.55079	1.08005e-01
0.55127	1.07429e-01
0.55180	1.06842e-01
0.55241	1.06283e-01
0.55304	1.05714e-01
0.55369	1.05137e-01
0.55437	1.04557e-01
0.55506	1.03974e-01
0.55576	1.03391e-01
0.55649	1.02810e-01
0.55722	1.02230e-01
0.55798	1.01655e-01
0.55874	1.01083e-01
0.55953	1.00516e-01
0.56032	9.99556e-02
0.56113	9.94020e-02
0.56195	9.88568e-02
0.56278	9.83216e-02
0.56362	9.77981e-02
0.56447	9.72881e-02
0.56533	9.67933e-02
0.56619	9.63153e-02
0.56706	9.58556e-02
0.56793	9.54150e-02
0.56879	9.49942e-02
0.56966	9.45932e-02
0.57053	9.42115e-02
0.57140	9.38483e-02
0.57226	9.35020e-02
0.57313	9.31708e-02
0.57399	9.28528e-02
0.57485	9.25455e-02
0.57571	9.22465e-02
0.57657	9.19533e-02
0.57744	9.16634e-02
0.57830	9.13745e-02
0.57916	9.10842e-02
0.58002	9.07907e-02
0.58089	9.04920e-02
0.58175	9.01866e-02
0.58261	8.98733e-02
0.58347	8.95511e-02
0.58433	8.92194e-02
0.58519	8.88778e-02
0.58604	8.85264e-02
0.58692	8.81903e-02
0.58779	8.78419e-02
0.58864	8.74826e-02
0.58949	8.71138e-02
0.59032	8.67375e-02
0.59114	8.63560e-02
0.59194	8.59717e-02
0.59272	8.55873e-02
0.59348	8.52055e-02
0.59422	8.48291e-02
0.59494	8.44607e-02
0.59566	8.41238e-02
0.59634	8.37977e-02
0.59700	8.34845e-02
0.59768	8.31148e-02
0.59833	8.27599e-02
0.59894	8.24208e-02
0.59952	8.20981e-02
0.60007	8.17922e-02
0.60058	8.15034e-02
0.60106	8.12317e-02
0.60150	8.09769e-02
0.60190	8.07389e-02
0.60228	8.05288e-02
0.60265	8.03169e-02
0.60297	8.01205e-02
0.60327	7.99395e-02
0.60362	7.98490e-02
0.60395	7.97733e-02
0.60424	7.97113e-02
0.60449	7.96616e-02
0.60472	7.96229e-02
0.60491	7.95939e-02
0.60506	7.95733e-02
0.60525	7.96297e-02
0.60542	7.96927e-02
0.60555	7.97612e-02
0.60566	7.98341e-02
0.60574	7.99105e-02
0.60579	7.99897e-02
0.60583	8.00709e-02
0.60585	8.01535e-02
0.60585	8.02465e-02
0.60585	8.03398e-02
0.60580	8.04611e-02
0.60575	8.05809e-02
0.60569	8.06990e-02
0.60562	8.08156e-02
0.60555	8.09306e-02
0.60548	8.10445e-02
0.60540	8.11573e-02
0.60532	8.12692e-02
0.60524	8.13804e-02
0.60527	8.14614e-02
0.60530	8.15400e-02
0.60535	8.16161e-02
0.60541	8.16890e-02
0.60549	8.17580e-02
0.60559	8.18189e-02
0.60570	8.18737e-02
0.60582	8.19213e-02
0.60595	8.19607e-02
0.60609	8.19907e-02
0.60623	8.20105e-02
0.60638	8.20197e-02
0.60653	8.20179e-02
0.60669	8.20053e-02
0.60685	8.19820e-02
0.60701	8.19490e-02
0.60717	8.19070e-02
0.60733	8.18572e-02
0.60748	8.18009e-02
0.60764	8.17396e-02
0.60780	8.16716e-02
0.60795	8.16018e-02
0.60813	8.15533e-02
0.60830	8.15045e-02
0.60845	8.14564e-02
0.60860	8.14098e-02
0.60873	8.13651e-02
0.60884	8.13223e-02
0.60895	8.12809e-02
0.60903	8.12398e-02
0.60911	8.11976e-02
0.60917	8.11524e-02
0.60921	8.11018e-02
0.60925	8.10434e-02
0.60927	8.09744e-02
0.60928	8.08920e-02
0.60929	8.07933e-02
0.60934	8.07376e-02
0.60938	8.06610e-02
0.60942	8.05610e-02
0.60946	8.04358e-02
0.60951	8.02836e-02
0.60956	8.01035e-02
0.60962	7.98947e-02
0.60969	7.96573e-02
0.60977	7.93918e-02
0.60986	7.90995e-02
0.60997	7.87823e-02
0.61010	7.84429e-02
0.61024	7.80843e-02
0.61040	7.77102e-02
0.61057	7.73248e-02
0.61076	7.69323e-02
0.61096	7.65373e-02
0.61118	7.61442e-02
0.61140	7.57570e-02
0.61163	7.53797e-02
0.61186	7.50154e-02
0.61210	7.46670e-02
0.61233	7.43366e-02
0.61256	7.40257e-02
0.61280	7.37246e-02
0.61304	7.34425e-02
0.61328	7.31793e-02
0.61350	7.29347e-02
0.61373	7.27081e-02
0.61394	7.24987e-02
0.61415	7.23054e-02
0.61436	7.21273e-02
0.61455	7.19634e-02
0.61474	7.18125e-02
0.61497	7.16503e-02
0.61520	7.15013e-02
0.61541	7.13643e-02
0.61566	7.12642e-02
0.61590	7.11718e-02
0.61612	7.10864e-02
0.61633	7.10078e-02
0.61651	7.09359e-02
0.61669	7.08708e-02
0.61684	7.08127e-02
0.61698	7.07619e-02
0.61711	7.07332e-02
0.61723	7.07112e-02
0.61732	7.06969e-02
0.61743	7.07042e-02
0.61752	7.07202e-02
0.61758	7.07456e-02
0.61763	7.07811e-02
0.61768	7.08328e-02
0.61771	7.08946e-02
0.61775	7.09301e-02
0.61777	7.09734e-02
0.61778	7.10249e-02
0.61777	7.10847e-02
0.61775	7.11524e-02
0.61772	7.12274e-02
0.61769	7.13086e-02
0.61764	7.13945e-02
0.61759	7.14833e-02
0.61761	7.15709e-02
0.61763	7.16530e-02
0.61766	7.17271e-02
0.61770	7.17904e-02
0.61775	7.18405e-02
0.61783	7.18748e-02
0.61793	7.18910e-02
0.61805	7.18868e-02
0.61821	7.18606e-02
0.61841	7.18108e-02
0.61863	7.17367e-02
0.61890	7.16378e-02
0.61920	7.15143e-02
0.61954	7.13672e-02
0.61991	7.11981e-02
0.62031	7.10092e-02
0.62074	7.08038e-02
0.62119	7.05854e-02
0.62166	7.03584e-02
0.62215	7.01275e-02
0.62268	6.99207e-02
0.62321	6.97181e-02
0.62377	6.95537e-02
0.62433	6.94014e-02
0.62488	6.92661e-02
0.62542	6.91519e-02
0.62596	6.90623e-02
0.62648	6.89999e-02
0.62698	6.89667e-02
0.62747	6.89637e-02
0.62795	6.89915e-02
0.62841	6.90500e-02
0.62885	6.91384e-02
0.62928	6.92559e-02
0.62970	6.94009e-02
0.63010	6.95718e-02
0.63049	6.97666e-02
0.63087	6.99835e-02
0.63124	7.02202e-02
0.63159	7.04746e-02
0.63194	7.07444e-02
0.63228	7.10275e-02
0.63262	7.13218e-02
0.63295	7.16250e-02
0.63327	7.19353e-02
0.63359	7.22506e-02
0.63390	7.25693e-02
0.63421	7.28896e-02
0.63450	7.32100e-02
0.63479	7.35294e-02
0.63507	7.38466e-02
0.63533	7.41607e-02
0.63558	7.44710e-02
0.63580	7.47770e-02
0.63601	7.50785e-02
0.63619	7.53750e-02
0.63634	7.56667e-02
0.63647	7.59535e-02
0.63656	7.62354e-02
0.63662	7.65126e-02
0.63665	7.67853e-02
0.63668	7.70204e-02
0.63667	7.72533e-02
0.63662	7.74840e-02
0.63654	7.77124e-02
0.63642	7.79383e-02
0.63627	7.81618e-02
0.63608	7.83826e-02
0.63586	7.86008e-02
0.63561	7.88163e-02
0.63534	7.90289e-02
0.63508	7.91627e-02
0.63480	7.92921e-02
0.63449	7.94177e-02
0.63417	7.95400e-02
0.63383	7.96595e-02
0.63347	7.97769e-02
0.63309	7.98925e-02
0.63270	8.00067e-02
0.63230	8.01199e-02
0.63189	8.02321e-02
0.63146	8.03433e-02
0.63108	8.05330e-02
0.63069	8.07164e-02
0.63029	8.08934e-02
0.62990	8.10685e-02
0.62951	8.12368e-02
0.62911	8.13982e-02
0.62872	8.15523e-02
0.62836	8.17176e-02
0.62801	8.18747e-02
0.62769	8.20138e-02
0.62739	8.21449e-02
0.62711	8.22681e-02
0.62683	8.23837e-02
0.62658	8.24920e-02
0.62634	8.25938e-02
0.62612	8.26899e-02
0.62592	8.27814e-02
0.62573	8.28698e-02
0.62559	8.30235e-02
0.62546	8.31812e-02
0.62534	8.33445e-02
0.62524	8.35149e-02
0.62515	8.36943e-02
0.62507	8.38843e-02
0.62501	8.40866e-02
0.62496	8.43027e-02
0.62491	8.45338e-02
0.62488	8.47813e-02
0.62486	8.50458e-02
0.62485	8.53281e-02
0.62485	8.56286e-02
0.62486	8.59476e-02
0.62488	8.62849e-02
0.62491	8.66405e-02
0.62495	8.70140e-02
0.62500	8.74050e-02
0.62506	8.78129e-02
0.62513	8.82370e-02
0.62521	8.86763e-02
0.62530	8.91297e-02
0.62541	8.96048e-02
0.62553	9.00895e-02
0.62566	9.05821e-02
0.62579	9.10807e-02
0.62593	9.15830e-02
0.62607	9.20863e-02
0.62621	9.25880e-02
0.62636	9.30856e-02
0.62650	9.35765e-02
0.62664	9.40589e-02
0.62679	9.45311e-02
0.62692	9.49922e-02
0.62705	9.54418e-02
0.62717	9.58801e-02
0.62728	9.63073e-02
0.62738	9.67243e-02
0.62747	9.71317e-02
0.62754	9.75300e-02
0.62760	9.79195e-02
0.62763	9.83005e-02
0.62765	9.86725e-02
0.62768	9.90477e-02
0.62768	9.94114e-02
0.62766	9.97631e-02
0.62762	1.00102e-01
0.62755	1.00428e-01
0.62747	1.00740e-01
0.62736	1.01038e-01
0.62724	1.01321e-01
0.62716	1.01625e-01
0.62706	1.01916e-01
0.62695	1.02195e-01
0.62682	1.02460e-01
0.62669	1.02712e-01
0.62655	1.02952e-01
0.62641	1.03180e-01
0.62625	1.03395e-01
0.62610	1.03598e-01
0.62594	1.03789e-01
0.62579	1.03967e-01
0.62563	1.04132e-01
0.62549	1.04284e-01
0.62534	1.04420e-01
0.62521	1.04539e-01
0.62509	1.04640e-01
0.62498	1.04721e-01
0.62488	1.04779e-01
0.62479	1.04812e-01
0.62472	1.04819e-01
0.62468	1.04797e-01
0.62466	1.04743e-01
0.62465	1.04656e-01
0.62465	1.04535e-01
0.62467	1.04378e-01
0.62470	1.04185e-01
0.62474	1.03955e-01
0.62479	1.03688e-01
0.62484	1.03385e-01
0.62490	1.03045e-01
0.62497	1.02670e-01
0.62508	1.02321e-01
0.62520	1.01934e-01
0.62532	1.01513e-01
0.62543	1.01059e-01
0.62555	1.00574e-01
0.62567	1.00061e-01
0.62579	9.95228e-02
0.62593	9.89783e-02
0.62607	9.84120e-02
0.62622	9.78325e-02
0.62638	9.72284e-02
0.62655	9.66023e-02
0.62675	9.59573e-02
0.62697	9.52971e-02
0.62721	9.46260e-02
0.62748	9.39494e-02
0.62776	9.32728e-02
0.62805	9.26021e-02
0.62838	9.19249e-02
0.62872	9.12654e-02
0.62905	9.06266e-02
0.62938	9.00098e-02
0.62971	8.94151e-02
0.63004	8.88412e-02
0.63036	8.82861e-02
0.63069	8.77471e-02
0.63102	8.72216e-02
0.63136	8.67069e-02
0.63171	8.62004e-02
0.63207	8.56996e-02
0.63244	8.52025e-02
0.63283	8.47072e-02
0.63324	8.42122e-02
0.63367	8.37160e-02
0.63411	8.32178e-02
0.63458	8.27166e-02
0.63506	8.22119e-02
0.63556	8.17031e-02
0.63610	8.11936e-02
0.63666	8.06788e-02
0.63723	8.01586e-02
0.63782	7.96332e-02
0.63842	7.91025e-02
0.63903	7.85667e-02
0.63966	7.80438e-02
0.64029	7.75144e-02
0.64093	7.69793e-02
0.64158	7.64391e-02
0.64222	7.58946e-02
0.64287	7.53466e-02
0.64351	7.47961e-02
0.64414	7.42438e-02
0.64477	7.36909e-02
0.64539	7.31381e-02
0.64599	7.25864e-02
0.64659	7.20365e-02
0.64716	7.14888e-02
0.64772	7.09439e-02
0.64827	7.04019e-02
0.64879	6.98630e-02
0.64929	6.93269e-02
0.64982	6.88247e-02
0.65032	6.83235e-02
0.65080	6.78230e-02
0.65125	6.73230e-02
0.65169	6.68235e-02
0.65210	6.63247e-02
0.65249	6.58269e-02
0.65288	6.53542e-02
0.65325	6.48815e-02
0.65360	6.44113e-02
0.65394	6.39456e-02
0.65425	6.34866e-02
0.65455	6.30365e-02
0.65483	6.25981e-02
0.65509	6.21736e-02
0.65533	6.17658e-02
0.65556	6.13770e-02
0.65577	6.10097e-02
0.65604	6.06961e-02
0.65630	6.04079e-02
0.65653	6.01463e-02
0.65675	5.99120e-02
0.65695	5.97059e-02
0.65713	5.95281e-02
0.65730	5.93788e-02
0.65745	5.92576e-02
0.65758	5.91640e-02
0.65771	5.90973e-02
0.65785	5.90206e-02
0.65798	5.89694e-02
0.65810	5.89422e-02
0.65821	5.89375e-02
0.65830	5.89537e-02
0.65838	5.89893e-02
0.65845	5.90428e-02
0.65852	5.91008e-02
0.65858	5.91744e-02
0.65862	5.92624e-02
0.65866	5.93643e-02
0.65869	5.94797e-02
0.65870	5.96086e-02
0.65871	5.97512e-02
0.65871	5.99080e-02
0.65870	6.00799e-02
0.65867	6.02680e-02
0.65864	6.04735e-02
0.65862	6.06922e-02
0.65858	6.09299e-02
0.65854	6.11876e-02
0.65848	6.14661e-02
0.65842	6.17662e-02
0.65834	6.20884e-02
0.65824	6.24330e-02
0.65813	6.27998e-02
0.65799	6.31886e-02
0.65784	6.35990e-02
0.65767	6.40303e-02
0.65753	6.44248e-02
0.65736	6.48434e-02
0.65717	6.52848e-02
0.65694	6.57477e-02
0.65669	6.62306e-02
0.65641	6.67324e-02
0.65611	6.72515e-02
0.65577	6.77868e-02
0.65542	6.83368e-02
0.65504	6.89002e-02
0.65465	6.94757e-02
0.65423	7.00620e-02
0.65381	7.06575e-02
0.65337	7.12611e-02
0.65293	7.18711e-02
0.65248	7.24861e-02
0.65204	7.31048e-02
0.65160	7.37257e-02
0.65116	7.43473e-02
0.65073	7.49681e-02
0.65031	7.55868e-02
0.64991	7.62019e-02
0.64952	7.68119e-02
0.64915	7.74155e-02
0.64880	7.80111e-02
0.64847	7.85972e-02
0.64817	7.91941e-02
0.64789	7.97763e-02
0.64764	8.03428e-02
0.64740	8.08924e-02
0.64718	8.14241e-02
0.64699	8.19367e-02
0.64682	8.24293e-02
0.64666	8.29012e-02
0.64653	8.33518e-02
0.64642	8.37806e-02
0.64632	8.41876e-02
0.64624	8.45729e-02
0.64618	8.49371e-02
0.64613	8.52809e-02
0.64609	8.56054e-02
0.64606	8.59118e-02
0.64604	8.62017e-02
0.64605	8.64773e-02
0.64606	8.67388e-02
0.64607	8.69882e-02
0.64607	8.72271e-02
0.64607	8.74573e-02
0.64605	8.76804e-02
0.64603	8.78977e-02
0.64600	8.81104e-02
0.64595	8.83230e-02
0.64589	8.85331e-02
0.64582	8.87415e-02
0.64573	8.89492e-02
0.64562	8.91567e-02
0.64550	8.93645e-02
0.64536	8.95733e-02
0.64521	8.97832e-02
0.64505	8.99947e-02
0.64487	9.02078e-02
0.64481	9.03659e-02
0.64473	9.05227e-02
0.64465	9.06781e-02
0.64455	9.08321e-02
0.64445	9.09843e-02
0.64433	9.11345e-02
0.64422	9.12822e-02
0.64410	9.14269e-02
0.64398	9.15680e-02
0.64386	9.17049e-02
0.64379	9.18339e-02
0.64373	9.19584e-02
0.64368	9.20778e-02
0.64364	9.21913e-02
0.64361	9.22981e-02
0.64359	9.23976e-02
0.64359	9.24892e-02
0.64364	9.25386e-02
0.64370	9.25802e-02
0.64378	9.26135e-02
0.64387	9.26380e-02
0.64398	9.26535e-02
0.64411	9.26600e-02
0.64425	9.26576e-02
0.64441	9.26467e-02
0.64459	9.26279e-02
0.64478	9.26019e-02
0.64499	9.25697e-02
0.64528	9.25564e-02
0.64556	9.25326e-02
0.64583	9.25004e-02
0.64610	9.24625e-02
0.64636	9.24215e-02
0.64663	9.23804e-02
0.64690	9.23416e-02
0.64717	9.23076e-02
0.64744	9.22805e-02
0.64772	9.22621e-02
0.64799	9.22538e-02
0.64829	9.22605e-02
0.64858	9.22786e-02
0.64887	9.23086e-02
0.64915	9.23505e-02
0.64942	9.24041e-02
0.64967	9.24686e-02
0.64990	9.25571e-02
0.65011	9.26550e-02
0.65030	9.27601e-02
0.65047	9.28701e-02
0.65062	9.29825e-02
0.65073	9.30945e-02
0.65082	9.32032e-02
0.65088	9.33057e-02
0.65092	9.33992e-02
0.65092	9.34806e-02
0.65090	9.35474e-02
0.65085	9.35967e-02
0.65077	9.36260e-02
0.65067	9.36331e-02
0.65054	9.36157e-02
0.65040	9.35720e-02
0.65023	9.35001e-02
0.65005	9.33986e-02
0.64985	9.32662e-02
0.64964	9.31019e-02
0.64950	9.30268e-02
0.64936	9.29131e-02
0.64920	9.27603e-02
0.64904	9.25683e-02
0.64887	9.23376e-02
0.64870	9.20688e-02
0.64853	9.17631e-02
0.64837	9.14213e-02
0.64821	9.10448e-02
0.64806	9.06346e-02
0.64792	9.01917e-02
0.64780	8.97172e-02
0.64769	8.92094e-02
0.64760	8.86717e-02
0.64754	8.81049e-02
0.64753	8.75619e-02
0.64755	8.70031e-02
0.64767	8.64536e-02
0.64783	8.58949e-02
0.64803	8.53293e-02
0.64826	8.47589e-02
0.64854	8.41860e-02
0.64885	8.36130e-02
0.64919	8.30421e-02
0.64956	8.24756e-02
0.65002	8.19211e-02
0.65050	8.13743e-02
0.65098	8.08370e-02
0.65147	8.03110e-02
0.65195	7.97978e-02
0.65243	7.92988e-02
0.65290	7.88156e-02
0.65337	7.83492e-02
0.65382	7.79010e-02
0.65426	7.74717e-02
0.65474	7.71321e-02
0.65519	7.68079e-02
0.65564	7.64988e-02
0.65607	7.62044e-02
0.65648	7.59245e-02
0.65689	7.56585e-02
0.65728	7.54062e-02
0.65767	7.51671e-02
0.65806	7.49411e-02
0.65845	7.47278e-02
0.65890	7.44877e-02
0.65936	7.42551e-02
0.65982	7.40307e-02
0.66030	7.38157e-02
0.66078	7.36116e-02
0.66127	7.34202e-02
0.66178	7.32436e-02
0.66230	7.30748e-02
0.66283	7.29252e-02
0.66336	7.27963e-02
0.66391	7.26893e-02
0.66446	7.26048e-02
0.66503	7.25434e-02
0.66560	7.25049e-02
0.66617	7.24891e-02
0.66676	7.24955e-02
0.66736	7.25233e-02
0.66797	7.25717e-02
0.66860	7.26413e-02
0.66923	7.27294e-02
0.66987	7.28345e-02
0.67052	7.29553e-02
0.67117	7.30901e-02
0.67182	7.32372e-02
0.67247	7.33947e-02
0.67311	7.35607e-02
0.67375	7.37332e-02
0.67438	7.39102e-02
0.67501	7.40896e-02
0.67565	7.42457e-02
0.67628	7.44021e-02
0.67688	7.45565e-02
0.67746	7.47069e-02
0.67802	7.48515e-02
0.67855	7.49882e-02
0.67906	7.51137e-02
0.67953	7.52279e-02
0.67998	7.53293e-02
0.68039	7.54166e-02
0.68077	7.54887e-02
0.68115	7.55932e-02
0.68150	7.56981e-02
0.68184	7.58057e-02
0.68216	7.59178e-02
0.68247	7.60344e-02
0.68277	7.61534e-02
0.68305	7.62698e-02
0.68332	7.63755e-02
0.68357	7.64601e-02
0.68379	7.65123e-02
0.68399	7.65221e-02
0.68416	7.64820e-02
0.68430	7.63879e-02
0.68442	7.62387e-02
0.68450	7.60358e-02
0.68455	7.57820e-02
0.68458	7.54807e-02
0.68458	7.51353e-02
0.68456	7.47491e-02
0.68451	7.43244e-02
0.68444	7.38633e-02
0.68436	7.33675e-02
0.68426	7.28381e-02
0.68415	7.22763e-02
0.68407	7.16914e-02
0.68398	7.10750e-02
0.68388	7.04278e-02
0.68378	6.97463e-02
0.68368	6.90348e-02
0.68358	6.82947e-02
0.68348	6.75280e-02
0.68339	6.67372e-02
0.68341	6.59809e-02
0.68342	6.52049e-02
0.68344	6.44130e-02
0.68345	6.36099e-02
0.68346	6.28007e-02
0.68346	6.19912e-02
0.68345	6.11875e-02
0.68344	6.03959e-02
0.68342	5.96229e-02
0.68339	5.88746e-02
0.68334	5.81571e-02
0.68329	5.74757e-02
0.68322	5.68354e-02
0.68314	5.62406e-02
0.68305	5.56950e-02
0.68294	5.52017e-02
0.68282	5.47632e-02
0.68268	5.43811e-02
0.68255	5.40880e-02
0.68241	5.38485e-02
0.68224	5.36633e-02
0.68206	5.35323e-02
0.68186	5.34549e-02
0.68163	5.34297e-02
0.68139	5.34549e-02
0.68113	5.35280e-02
0.68085	5.36463e-02
0.68055	5.38067e-02
0.68025	5.40005e-02
0.67992	5.42326e-02
0.67958	5.44992e-02
0.67922	5.47969e-02
0.67884	5.51224e-02
0.67844	5.54728e-02
0.67803	5.58457e-02
0.67765	5.61685e-02
0.67726	5.65136e-02
0.67685	5.68793e-02
0.67642	5.72641e-02
0.67599	5.76667e-02
0.67554	5.80856e-02
0.67508	5.85198e-02
0.67461	5.89679e-02
0.67413	5.94292e-02
0.67364	5.99024e-02
0.67315	6.03869e-02
0.67267	6.08704e-02
0.67218	6.13648e-02
0.67169	6.18694e-02
0.67120	6.23832e-02
0.67070	6.29055e-02
0.67020	6.34359e-02
0.66970	6.39736e-02
0.66920	6.45182e-02
0.66870	6.50691e-02
0.66821	6.56260e-02
0.66772	6.61885e-02
0.66725	6.67621e-02
0.66680	6.73408e-02
0.66635	6.79242e-02
0.66591	6.85117e-02
0.66547	6.91029e-02
0.66504	6.96971e-02
0.66465	7.02530e-02
0.66427	7.08107e-02
0.66389	7.13693e-02
0.66351	7.19279e-02
0.66313	7.24856e-02
0.66277	7.30718e-02
0.66241	7.36737e-02
0.66207	7.42932e-02
0.66173	7.49312e-02
0.66141	7.55877e-02
0.66109	7.62607e-02
0.66079	7.69468e-02
0.66049	7.76411e-02
0.66019	7.83381e-02
0.65990	7.90322e-02
0.65961	7.97186e-02
0.65932	8.03934e-02
0.65903	8.10541e-02
0.65874	8.16992e-02
0.65846	8.23282e-02
0.65818	8.29414e-02
0.65791	8.35392e-02
0.65765	8.41223e-02
0.65741	8.46916e-02
0.65717	8.52476e-02
0.65695	8.57906e-02
0.65675	8.63209e-02
0.65656	8.68382e-02
0.65639	8.73421e-02
0.65624	8.78319e-02
0.65611	8.83068e-02
0.65600	8.87656e-02
0.65596	8.91635e-02
0.65595	8.95421e-02
0.65596	8.99003e-02
0.65599	9.02367e-02
0.65605	9.05503e-02
0.65616	9.08597e-02
0.65628	9.11424e-02
0.65643	9.13982e-02
0.65660	9.16267e-02
0.65679	9.18280e-02
0.65700	9.20022e-02
0.65723	9.21496e-02
0.65748	9.22708e-02
0.65775	9.23665e-02
0.65803	9.24377e-02
0.65834	9.24856e-02
0.65865	9.25114e-02
0.65898	9.25168e-02
0.65933	9.25033e-02
0.65968	9.24728e-02
0.66005	9.24272e-02
0.66042	9.23685e-02
0.66081	9.22988e-02
0.66122	9.22506e-02
0.66164	9.21946e-02
0.66208	9.21444e-02
0.66251	9.20895e-02
0.66295	9.20322e-02
0.66340	9.19742e-02
0.66384	9.19172e-02
0.66429	9.18624e-02
0.66478	9.17713e-02
0.66527	9.16860e-02
0.66577	9.16013e-02
0.66626	9.15231e-02
0.66674	9.14507e-02
0.66723	9.13835e-02
0.66771	9.13200e-02
0.66819	9.12587e-02
0.66866	9.11979e-02
0.66918	9.10955e-02
0.66971	9.09818e-02
0.67025	9.08558e-02
0.67080	9.07170e-02
0.67135	9.05651e-02
0.67190	9.04004e-02
0.67246	9.02230e-02
0.67300	9.00328e-02
0.67355	8.98295e-02
0.67408	8.96124e-02
0.67460	8.93802e-02
0.67513	8.91434e-02
0.67564	8.88859e-02
0.67613	8.86069e-02
0.67660	8.83054e-02
0.67706	8.79808e-02
0.67750	8.76330e-02
0.67792	8.72621e-02
0.67834	8.68687e-02
0.67874	8.64534e-02
0.67914	8.60175e-02
0.67953	8.55623e-02
0.67997	8.50540e-02
0.68039	8.45299e-02
0.68082	8.39917e-02
0.68123	8.34411e-02
0.68163	8.28797e-02
0.68204	8.23165e-02
0.68243	8.17446e-02
0.68282	8.11654e-02
0.68320	8.05805e-02
0.68358	7.99915e-02
0.68395	7.93999e-02
0.68431	7.88071e-02
0.68467	7.82145e-02
0.68503	7.76250e-02
0.68538	7.70377e-02
0.68573	7.64538e-02
0.68607	7.58742e-02
0.68641	7.53000e-02
0.68675	7.47321e-02
0.68708	7.41715e-02
0.68741	7.36192e-02
0.68774	7.30761e-02
0.68806	7.25436e-02
0.68837	7.20226e-02
0.68877	7.15508e-02
0.68916	7.10916e-02
0.68954	7.06460e-02
0.68990	7.02152e-02
0.69025	6.98006e-02
0.69059	6.94035e-02
0.69090	6.90255e-02
0.69123	6.87182e-02
0.69154	6.84281e-02
0.69183	6.81566e-02
0.69210	6.79051e-02
0.69239	6.76694e-02
0.69266	6.74554e-02
0.69291	6.72636e-02
0.69313	6.70942e-02
0.69333	6.69471e-02
0.69351	6.68222e-02
0.69367	6.67188e-02
0.69381	6.66361e-02
0.69394	6.65799e-02
0.69406	6.65408e-02
0.69416	6.65177e-02
0.69424	6.65094e-02
0.69431	6.65146e-02
0.69437	6.65318e-02
0.69441	6.65596e-02
0.69445	6.65966e-02
0.69448	6.66412e-02
0.69451	6.66920e-02
0.69453	6.67476e-02
0.69454	6.68064e-02
0.69456	6.68672e-02
0.69457	6.69284e-02
0.69458	6.69886e-02
0.69459	6.70464e-02
0.69459	6.71001e-02
0.69460	6.71482e-02
0.69460	6.71893e-02
0.69459	6.72218e-02
0.69459	6.72444e-02
0.69457	6.72559e-02
0.69456	6.72553e-02
0.69453	6.72419e-02
0.69450	6.72151e-02
0.69446	6.71746e-02
0.69444	6.70728e-02
0.69440	6.69587e-02
0.69439	6.68124e-02
0.69437	6.66575e-02
0.69432	6.64949e-02
0.69426	6.63253e-02
0.69419	6.61496e-02
0.69409	6.59689e-02
0.69397	6.57842e-02
0.69381	6.56308e-02
0.69362	6.54747e-02
0.69342	6.53166e-02
0.69319	6.51574e-02
0.69295	6.49976e-02
0.69270	6.48382e-02
0.69242	6.46800e-02
0.69213	6.45239e-02
0.69183	6.43708e-02
0.69151	6.42218e-02
0.69118	6.40779e-02
0.69084	6.39401e-02
0.69048	6.38094e-02
0.69012	6.36869e-02
0.68975	6.35734e-02
0.68938	6.34696e-02
0.68900	6.33763e-02
0.68861	6.32937e-02
0.68823	6.32221e-02
0.68784	6.31614e-02
0.68746	6.31111e-02
0.68708	6.30707e-02
0.68675	6.30529e-02
0.68643	6.30439e-02
0.68612	6.30421e-02
0.68582	6.30458e-02
0.68554	6.30532e-02
0.68527	6.30623e-02
0.68508	6.30205e-02
0.68491	6.29775e-02
0.68475	6.29322e-02
0.68462	6.28837e-02
0.68451	6.28315e-02
0.68441	6.27754e-02
0.68434	6.27157e-02
0.68429	6.26526e-02
0.68426	6.25871e-02
0.68424	6.25201e-02
0.68424	6.24530e-02
0.68427	6.23871e-02
0.68430	6.23240e-02
0.68435	6.22650e-02
0.68441	6.22115e-02
0.68448	6.21643e-02
0.68456	6.21242e-02
0.68465	6.20915e-02
0.68482	6.20689e-02
0.68500	6.20551e-02
0.68518	6.20495e-02
0.68537	6.20512e-02
0.68557	6.20593e-02
0.68578	6.20727e-02
0.68600	6.20903e-02
0.68623	6.21113e-02
0.68646	6.21345e-02
0.68672	6.21592e-02
0.68698	6.21844e-02
0.68728	6.22150e-02
0.68759	6.22435e-02
0.68792	6.22695e-02
0.68825	6.22923e-02
0.68860	6.23113e-02
0.68897	6.23261e-02
0.68934	6.23362e-02
0.68973	6.23415e-02
0.69014	6.23469e-02
0.69057	6.23470e-02
0.69100	6.23418e-02
0.69145	6.23315e-02
0.69191	6.23165e-02
0.69238	6.22970e-02
0.69286	6.22732e-02
0.69334	6.22456e-02
0.69384	6.22141e-02
0.69434	6.21788e-02
0.69484	6.21394e-02
0.69535	6.20956e-02
0.69586	6.20466e-02
0.69637	6.19917e-02
0.69687	6.19298e-02
0.69737	6.18595e-02
0.69787	6.17797e-02
0.69836	6.16888e-02
0.69884	6.15853e-02
0.69931	6.14680e-02
0.69977	6.13356e-02
0.70023	6.11870e-02
0.70067	6.10212e-02
0.70109	6.08378e-02
0.70151	6.06365e-02
0.70192	6.04172e-02
0.70239	6.01252e-02
0.70284	5.98207e-02
0.70330	5.95046e-02
0.70375	5.91773e-02
0.70418	5.88404e-02
0.70460	5.84960e-02
0.70500	5.81463e-02
0.70540	5.77939e-02
0.70578	5.74413e-02
0.70618	5.70446e-02
0.70659	5.66516e-02
0.70699	5.62682e-02
0.70738	5.58969e-02
0.70776	5.55399e-02
0.70812	5.51993e-02
0.70848	5.48768e-02
0.70882	5.45740e-02
0.70915	5.42920e-02
0.70947	5.40318e-02
0.70978	5.37942e-02
0.71007	5.35795e-02
0.71035	5.33880e-02
0.71062	5.32199e-02
0.71088	5.30750e-02
0.71113	5.29532e-02
0.71136	5.28539e-02
0.71159	5.27767e-02
0.71181	5.27207e-02
0.71203	5.26850e-02
0.71224	5.26685e-02
0.71245	5.26698e-02
0.71270	5.27045e-02
0.71295	5.27545e-02
0.71319	5.28181e-02
0.71344	5.28933e-02
0.71369	5.29781e-02
0.71394	5.30783e-02
0.71425	5.31733e-02
0.71455	5.32729e-02
0.71485	5.33751e-02
0.71516	5.34783e-02
0.71546	5.35810e-02
0.71577	5.36818e-02
0.71608	5.37795e-02
0.71639	5.38733e-02
0.71670	5.39625e-02
0.71701	5.40466e-02
0.71732	5.41254e-02
0.71763	5.41989e-02
0.71793	5.42672e-02
0.71822	5.43306e-02
0.71852	5.43936e-02
0.71880	5.44521e-02
0.71907	5.45063e-02
0.71933	5.45570e-02
0.71964	5.45989e-02
0.71992	5.46420e-02
0.72017	5.46860e-02
0.72038	5.47304e-02
0.72057	5.47751e-02
0.72072	5.48200e-02
0.72085	5.48654e-02
0.72097	5.49695e-02
0.72106	5.50703e-02
0.72112	5.51685e-02
0.72116	5.52652e-02
0.72117	5.53613e-02
0.72115	5.54580e-02
0.72111	5.55562e-02
0.72105	5.56574e-02
0.72096	5.57625e-02
0.72086	5.58731e-02
0.72074	5.59903e-02
0.72061	5.61155e-02
0.72046	5.62501e-02
0.72029	5.63953e-02
0.72012	5.65524e-02
0.71994	5.67225e-02
0.71975	5.69067e-02
0.71955	5.71060e-02
0.71935	5.73212e-02
0.71915	5.75530e-02
0.71895	5.78019e-02
0.71875	5.80683e-02
0.71854	5.83525e-02
0.71834	5.86543e-02
0.71815	5.89736e-02
0.71795	5.93100e-02
0.71776	5.96629e-02
0.71757	6.00317e-02
0.71739	6.04153e-02
0.71721	6.08129e-02
0.71704	6.12234e-02
0.71687	6.16458e-02
0.71670	6.20790e-02
0.71653	6.25221e-02
0.71636	6.29741e-02
0.71619	6.34344e-02
0.71603	6.39022e-02
0.71586	6.43769e-02
0.71572	6.48404e-02
0.71558	6.53099e-02
0.71549	6.57330e-02
0.71540	6.61673e-02
0.71531	6.66120e-02
0.71522	6.70662e-02
0.71512	6.75288e-02
0.71502	6.79991e-02
0.71492	6.84762e-02
0.71487	6.89027e-02
0.71484	6.93268e-02
0.71481	6.97579e-02
0.71478	7.01949e-02
0.71476	7.06371e-02
0.71473	7.10836e-02
0.71470	7.15337e-02
0.71467	7.19868e-02
0.71464	7.24423e-02
0.71462	7.28997e-02
0.71460	7.33584e-02
0.71457	7.38179e-02
0.71455	7.42778e-02
0.71453	7.47374e-02
0.71451	7.51964e-02
0.71449	7.56542e-02
0.71447	7.61104e-02
0.71445	7.65645e-02
0.71444	7.70159e-02
0.71442	7.74641e-02
0.71440	7.79084e-02
0.71439	7.83484e-02
0.71438	7.87839e-02
0.71438	7.92134e-02
0.71437	7.96363e-02
0.71435	8.00519e-02
0.71434	8.04598e-02
0.71437	8.09207e-02
0.71445	8.13001e-02
0.71451	8.16681e-02
0.71457	8.20244e-02
0.71461	8.23689e-02
0.71464	8.27019e-02
0.71465	8.30237e-02
0.71465	8.33349e-02
0.71464	8.36360e-02
0.71462	8.39275e-02
0.71459	8.42098e-02
0.71454	8.44835e-02
0.71448	8.47487e-02
0.71442	8.50055e-02
0.71434	8.52540e-02
0.71433	8.55309e-02
0.71431	8.57976e-02
0.71428	8.60536e-02
0.71425	8.62985e-02
0.71424	8.65467e-02
0.71422	8.67794e-02
0.71420	8.69963e-02
0.71418	8.71967e-02
0.71416	8.73799e-02
0.71414	8.75449e-02
0.71413	8.76911e-02
0.71412	8.78176e-02
0.71412	8.79236e-02
0.71412	8.80087e-02
0.71413	8.80723e-02
0.71415	8.81142e-02
0.71417	8.81344e-02
0.71421	8.81330e-02
0.71424	8.81104e-02
0.71429	8.80673e-02
0.71434	8.80045e-02
0.71439	8.79230e-02
0.71446	8.78179e-02
0.71454	8.76972e-02
0.71462	8.75624e-02
0.71470	8.74150e-02
0.71478	8.72568e-02
0.71486	8.70894e-02
0.71494	8.69148e-02
0.71503	8.67347e-02
0.71511	8.65509e-02
0.71520	8.63652e-02
0.71529	8.61793e-02
0.71545	8.59600e-02
0.71560	8.57440e-02
0.71576	8.55332e-02
0.71592	8.53289e-02
0.71608	8.51325e-02
0.71623	8.49454e-02
0.71639	8.47685e-02
0.71655	8.46028e-02
0.71670	8.44490e-02
0.71685	8.43075e-02
0.71699	8.41787e-02
0.71713	8.40627e-02
0.71726	8.39595e-02
0.71738	8.38688e-02
0.71750	8.37901e-02
0.71761	8.37229e-02
0.71771	8.36666e-02
0.71779	8.36204e-02
0.71791	8.35386e-02
0.71801	8.34649e-02
0.71810	8.33984e-02
0.71818	8.33382e-02
0.71825	8.32835e-02
0.71830	8.32333e-02
0.71834	8.31868e-02
0.71838	8.31259e-02
0.71840	8.30690e-02
0.71841	8.30148e-02
0.71841	8.29617e-02
0.71840	8.29087e-02
0.71838	8.28544e-02
0.71834	8.27976e-02
0.71829	8.27369e-02
0.71824	8.26710e-02
0.71817	8.25986e-02
0.71810	8.25183e-02
0.71802	8.24285e-02
0.71793	8.23277e-02
0.71784	8.22143e-02
0.71775	8.20868e-02
0.71765	8.19433e-02
0.71756	8.17823e-02
0.71747	8.16019e-02
0.71739	8.14006e-02
0.71731	8.11767e-02
0.71724	8.09285e-02
0.71719	8.06546e-02
0.71720	8.03819e-02
0.71722	8.00782e-02
0.71725	7.97429e-02
0.71730	7.93760e-02
0.71736	7.89778e-02
0.71749	7.85584e-02
0.71769	7.80857e-02
0.71793	7.75836e-02
0.71818	7.70547e-02
0.71846	7.65025e-02
0.71876	7.59308e-02
0.71908	7.53442e-02
0.71941	7.47473e-02
0.71975	7.41452e-02
0.72010	7.35427e-02
0.72046	7.29444e-02
0.72082	7.23546e-02
0.72118	7.17770e-02
0.72154	7.12147e-02
0.72189	7.06704e-02
0.72226	7.01689e-02
0.72263	6.96865e-02
0.72299	6.92249e-02
0.72334	6.87855e-02
0.72373	6.83712e-02
0.72412	6.79816e-02
0.72455	6.77296e-02
0.72497	6.75030e-02
0.72539	6.73022e-02
0.72580	6.71277e-02
0.72620	6.69800e-02
0.72659	6.68596e-02
0.72697	6.67669e-02
0.72735	6.67023e-02
0.72771	6.66661e-02
0.72806	6.66585e-02
0.72839	6.66796e-02
0.72871	6.67293e-02
0.72901	6.68072e-02
0.72930	6.69130e-02
0.72956	6.70459e-02
0.72980	6.72050e-02
0.73003	6.73922e-02
0.73022	6.76028e-02
0.73039	6.78354e-02
0.73054	6.80884e-02
0.73065	6.83600e-02
0.73073	6.86478e-02
0.73078	6.89498e-02
0.73080	6.92633e-02
0.73079	6.95857e-02
0.73075	6.99145e-02
0.73067	7.02469e-02
0.73061	7.05909e-02
0.73052	7.09307e-02
0.73039	7.12647e-02
0.73023	7.15916e-02
0.73003	7.19100e-02
0.72980	7.22188e-02
0.72954	7.25172e-02
0.72926	7.28044e-02
0.72895	7.30800e-02
0.72862	7.33433e-02
0.72827	7.35942e-02
0.72790	7.38322e-02
0.72751	7.40573e-02
0.72711	7.42691e-02
0.72670	7.44676e-02
0.72628	7.46527e-02
0.72586	7.48241e-02
0.72543	7.49818e-02
0.72504	7.51071e-02
0.72466	7.52207e-02
0.72427	7.53222e-02
0.72389	7.54115e-02
0.72351	7.54883e-02
0.72314	7.55526e-02
0.72284	7.56391e-02
0.72256	7.56932e-02
0.72231	7.57232e-02
0.72207	7.57401e-02
0.72183	7.57437e-02
0.72160	7.57336e-02
0.72138	7.57096e-02
0.72117	7.56715e-02
0.72098	7.56191e-02
0.72080	7.55524e-02
0.72063	7.54712e-02
0.72048	7.53752e-02
0.72035	7.52644e-02
0.72026	7.51621e-02
0.72019	7.50436e-02
0.72014	7.49086e-02
0.72010	7.47569e-02
0.72008	7.45884e-02
0.72007	7.44030e-02
0.72008	7.42009e-02
0.72012	7.39825e-02
0.72017	7.37482e-02
0.72024	7.34989e-02
0.72033	7.32357e-02
0.72045	7.29597e-02
0.72059	7.26725e-02
0.72076	7.23759e-02
0.72095	7.20717e-02
0.72117	7.17639e-02
0.72143	7.14372e-02
0.72171	7.11101e-02
0.72201	7.07845e-02
0.72233	7.04621e-02
0.72268	7.01442e-02
0.72304	6.98321e-02
0.72342	6.95266e-02
0.72380	6.92279e-02
0.72420	6.89363e-02
0.72460	6.86513e-02
0.72500	6.83722e-02
0.72540	6.80982e-02
0.72579	6.78281e-02
0.72617	6.75608e-02
0.72654	6.72953e-02
0.72690	6.70299e-02
0.72724	6.67630e-02
0.72756	6.64935e-02
0.72787	6.62199e-02
0.72815	6.59410e-02
0.72841	6.56556e-02
0.72865	6.53627e-02
0.72887	6.50611e-02
0.72907	6.47499e-02
0.72924	6.44281e-02
0.72940	6.40946e-02
0.72953	6.37486e-02
0.72965	6.33892e-02
0.72975	6.30153e-02
0.72983	6.26260e-02
0.72991	6.22206e-02
0.72997	6.17982e-02
0.73002	6.13581e-02
0.73006	6.08998e-02
0.73010	6.04231e-02
0.73014	5.99280e-02
0.73017	5.94147e-02
0.73021	5.88840e-02
0.73025	5.83369e-02
0.73029	5.77750e-02
0.73034	5.72001e-02
0.73039	5.66148e-02
0.73045	5.60217e-02
0.73052	5.54240e-02
0.73060	5.48251e-02
0.73069	5.42288e-02
0.73078	5.36388e-02
0.73097	5.30358e-02
0.73116	5.24469e-02
0.73136	5.18760e-02
0.73156	5.13268e-02
0.73177	5.08027e-02
0.73199	5.03070e-02
0.73221	4.98422e-02
0.73245	4.94108e-02
0.73269	4.90145e-02
0.73293	4.86546e-02
0.73319	4.83318e-02
0.73345	4.80462e-02
0.73372	4.77975e-02
0.73400	4.75847e-02
0.73428	4.74065e-02
0.73458	4.72612e-02
0.73487	4.71466e-02
0.73518	4.70605e-02
0.73550	4.69886e-02
0.73583	4.69386e-02
0.73625	4.70023e-02
0.73666	4.70739e-02
0.73708	4.71494e-02
0.73750	4.72252e-02
0.73801	4.73543e-02
0.73859	4.73992e-02
0.73916	4.74217e-02
0.73973	4.74259e-02
0.74029	4.74113e-02
0.74083	4.73789e-02
0.74135	4.73311e-02
0.74185	4.72713e-02
0.74233	4.72036e-02
0.74280	4.71319e-02
0.74324	4.70603e-02
0.74367	4.69924e-02
0.74407	4.69312e-02
0.74446	4.68795e-02
0.74482	4.68393e-02
0.74517	4.68122e-02
0.74551	4.67995e-02
0.74582	4.68019e-02
0.74612	4.68200e-02
0.74640	4.68540e-02
0.74666	4.69041e-02
0.74691	4.69701e-02
0.74714	4.70518e-02
0.74736	4.71490e-02
0.74756	4.72615e-02
0.74774	4.73889e-02
0.74791	4.75308e-02
0.74812	4.76245e-02
0.74835	4.77569e-02
0.74860	4.79009e-02
0.74883	4.80580e-02
0.74903	4.82281e-02
0.74920	4.84105e-02
0.74935	4.86045e-02
0.74947	4.88094e-02
0.74957	4.90243e-02
0.74963	4.92481e-02
0.74967	4.94798e-02
0.74967	4.97184e-02
0.74965	4.99626e-02
0.74959	5.02113e-02
0.74951	5.04635e-02
0.74939	5.07181e-02
0.74924	5.09741e-02
0.74907	5.12308e-02
0.74887	5.14872e-02
0.74864	5.17428e-02
0.74838	5.19970e-02
0.74810	5.22492e-02
0.74779	5.24991e-02
0.74746	5.27463e-02
0.74711	5.29906e-02
0.74674	5.32317e-02
0.74635	5.34694e-02
0.74595	5.37036e-02
0.74552	5.39342e-02
0.74509	5.41609e-02
0.74464	5.43836e-02
0.74418	5.46021e-02
0.74371	5.48163e-02
0.74323	5.50259e-02
0.74275	5.52306e-02
0.74226	5.54302e-02
0.74177	5.56245e-02
0.74128	5.58131e-02
0.74079	5.59958e-02
0.74030	5.61722e-02
0.73982	5.63423e-02
0.73934	5.65057e-02
0.73888	5.66623e-02
0.73842	5.68122e-02
0.73797	5.69553e-02
0.73753	5.70917e-02
0.73711	5.72216e-02
0.73670	5.73454e-02
0.73631	5.74635e-02
0.73596	5.75829e-02
0.73563	5.76977e-02
0.73532	5.78083e-02
0.73503	5.79155e-02
0.73476	5.80201e-02
0.73451	5.81228e-02
0.73429	5.82242e-02
0.73409	5.83251e-02
0.73391	5.84262e-02
0.73375	5.85278e-02
0.73362	5.86305e-02
0.73350	5.87344e-02
0.73341	5.88396e-02
0.73333	5.89460e-02
0.73327	5.90531e-02
0.73323	5.91604e-02
0.73319	5.92672e-02
0.73317	5.93722e-02
0.73318	5.94619e-02
0.73319	5.95481e-02
0.73325	5.96596e-02
0.73331	5.97645e-02
0.73337	5.98608e-02
0.73343	5.99468e-02
0.73352	6.00096e-02
0.73363	6.00035e-02
0.73372	5.99922e-02
0.73381	5.99727e-02
0.73390	5.99428e-02
0.73397	5.99011e-02
0.73405	5.98470e-02
0.73413	5.97806e-02
0.73423	5.97079e-02
0.73434	5.96254e-02
0.73445	5.95352e-02
0.73457	5.94400e-02
0.73469	5.93425e-02
0.73482	5.92460e-02
0.73495	5.91537e-02
0.73510	5.90688e-02
0.73526	5.89943e-02
0.73542	5.89329e-02
0.73560	5.88866e-02
0.73580	5.88572e-02
0.73601	5.88457e-02
0.73623	5.88526e-02
0.73647	5.88776e-02
0.73673	5.89203e-02
0.73701	5.89795e-02
0.73731	5.90537e-02
0.73763	5.91414e-02
0.73801	5.92563e-02
0.73841	5.93822e-02
0.73883	5.95071e-02
0.73926	5.96359e-02
0.73971	5.97666e-02
0.74017	5.98974e-02
0.74063	6.00266e-02
0.74110	6.01527e-02
0.74157	6.02738e-02
0.74205	6.03886e-02
0.74253	6.04954e-02
0.74300	6.05926e-02
0.74347	6.06789e-02
0.74394	6.07526e-02
0.74440	6.08126e-02
0.74485	6.08575e-02
0.74530	6.08862e-02
0.74574	6.08978e-02
0.74617	6.08915e-02
0.74659	6.08667e-02
0.74701	6.08230e-02
0.74743	6.07640e-02
0.74785	6.06859e-02
0.74826	6.05890e-02
0.74866	6.04740e-02
0.74906	6.03416e-02
0.74945	6.01929e-02
0.74984	6.00290e-02
0.75022	5.98513e-02
0.75060	5.96613e-02
0.75098	5.94605e-02
0.75135	5.92506e-02
0.75172	5.90332e-02
0.75208	5.88099e-02
0.75244	5.85898e-02
0.75280	5.83654e-02
0.75315	5.81381e-02
0.75349	5.79092e-02
0.75383	5.76794e-02
0.75416	5.74496e-02
0.75448	5.72200e-02
0.75480	5.69909e-02
0.75512	5.67620e-02
0.75542	5.65331e-02
0.75572	5.63036e-02
0.75602	5.60729e-02
0.75631	5.58400e-02
0.75659	5.56040e-02
0.75688	5.53639e-02
0.75716	5.51137e-02
0.75744	5.48571e-02
0.75772	5.45928e-02
0.75799	5.43195e-02
0.75826	5.40359e-02
0.75853	5.37409e-02
0.75878	5.34333e-02
0.75904	5.31120e-02
0.75929	5.27762e-02
0.75955	5.24392e-02
0.75980	5.20850e-02
0.76005	5.17137e-02
0.76029	5.13255e-02
0.76053	5.09209e-02
0.76077	5.05006e-02
0.76100	5.00657e-02
0.76122	4.96176e-02
0.76144	4.91579e-02
0.76166	4.86893e-02
0.76188	4.82130e-02
0.76213	4.77509e-02
0.76237	4.72854e-02
0.76261	4.68192e-02
0.76283	4.63546e-02
0.76313	4.58979e-02
0.76343	4.54319e-02
0.76370	4.49718e-02
0.76395	4.45195e-02
0.76418	4.40769e-02
0.76439	4.36459e-02
0.76457	4.32284e-02
0.76473	4.28260e-02
0.76486	4.24403e-02
0.76497	4.20730e-02
0.76505	4.17255e-02
0.76510	4.13993e-02
0.76513	4.10957e-02
0.76514	4.08162e-02
0.76512	4.05620e-02
0.76507	4.03342e-02
0.76501	4.01339e-02
0.76492	3.99620e-02
0.76482	3.98194e-02
0.76470	3.97066e-02
0.76457	3.96242e-02
0.76443	3.95722e-02
0.76428	3.95507e-02
0.76413	3.95596e-02
0.76397	3.95983e-02
0.76381	3.96663e-02
0.76365	3.97627e-02
0.76349	3.98865e-02
0.76333	4.00366e-02
0.76324	4.01405e-02
0.76316	4.02757e-02
0.76308	4.04404e-02
0.76300	4.06331e-02
0.76293	4.08518e-02
0.76286	4.10946e-02
0.76279	4.13595e-02
0.76274	4.16444e-02
0.76269	4.19472e-02
0.76264	4.22658e-02
0.76260	4.25980e-02
0.76257	4.29416e-02
0.76254	4.32946e-02
0.76252	4.36547e-02
0.76251	4.40200e-02
0.76250	4.43884e-02
0.76250	4.47581e-02
0.76251	4.51273e-02
0.76253	4.54942e-02
0.76257	4.58657e-02
0.76263	4.62307e-02
0.76269	4.65880e-02
0.76275	4.69364e-02
0.76283	4.72745e-02
0.76291	4.76014e-02
0.76299	4.79157e-02
0.76309	4.82166e-02
0.76319	4.85028e-02
0.76330	4.87734e-02
0.76341	4.90275e-02
0.76353	4.92642e-02
0.76366	4.94829e-02
0.76381	4.97109e-02
0.76397	4.99167e-02
0.76413	5.01010e-02
0.76431	5.02647e-02
0.76449	5.04086e-02
0.76467	5.05342e-02
0.76487	5.06428e-02
0.76508	5.07362e-02
0.76530	5.08162e-02
0.76552	5.08851e-02
0.76576	5.09449e-02
0.76600	5.09979e-02
0.76625	5.10461e-02
0.76651	5.10915e-02
0.76677	5.11361e-02
0.76711	5.10508e-02
0.76745	5.09600e-02
0.76781	5.08655e-02
0.76816	5.07695e-02
0.76852	5.06745e-02
0.76888	5.05833e-02
0.76924	5.04985e-02
0.76959	5.04227e-02
0.76994	5.03582e-02
0.77029	5.03155e-02
0.77063	5.02855e-02
0.77096	5.02687e-02
0.77126	5.02646e-02
0.77155	5.02724e-02
0.77181	5.02908e-02
0.77206	5.03183e-02
0.77229	5.03533e-02
0.77251	5.03943e-02
0.77276	5.03709e-02
0.77300	5.03450e-02
0.77323	5.03158e-02
0.77344	5.02827e-02
0.77364	5.02457e-02
0.77384	5.02051e-02
0.77406	5.01906e-02
0.77438	5.00872e-02
0.77469	4.99719e-02
0.77499	4.98484e-02
0.77528	4.97209e-02
0.77555	4.95937e-02
0.77579	4.94709e-02
0.77602	4.93562e-02
0.77623	4.92528e-02
0.77641	4.91635e-02
0.77657	4.90904e-02
0.77671	4.90353e-02
0.77682	4.89992e-02
0.77691	4.89831e-02
0.77698	4.89875e-02
0.77702	4.90124e-02
0.77705	4.90578e-02
0.77705	4.91234e-02
0.77703	4.92087e-02
0.77700	4.93131e-02
0.77695	4.94358e-02
0.77688	4.95758e-02
0.77680	4.97323e-02
0.77671	4.99042e-02
0.77661	5.00902e-02
0.77650	5.02894e-02
0.77638	5.05002e-02
0.77625	5.07215e-02
0.77612	5.09518e-02
0.77601	5.11697e-02
0.77591	5.13806e-02
0.77582	5.15801e-02
0.77575	5.17644e-02
0.77570	5.19315e-02
0.77565	5.20815e-02
0.77562	5.22167e-02
0.77558	5.23411e-02
0.77554	5.24591e-02
0.77548	5.25746e-02
0.77540	5.26899e-02
0.77530	5.28057e-02
0.77517	5.29212e-02
0.77502	5.30348e-02
0.77485	5.31444e-02
0.77466	5.32480e-02
0.77446	5.33440e-02
0.77424	5.34309e-02
0.77400	5.35081e-02
0.77378	5.35779e-02
0.77354	5.36378e-02
0.77329	5.36885e-02
0.77303	5.37309e-02
0.77275	5.37666e-02
0.77246	5.37972e-02
0.77215	5.38242e-02
0.77184	5.38495e-02
0.77151	5.38747e-02
0.77117	5.39012e-02
0.77082	5.39302e-02
0.77046	5.39628e-02
0.77009	5.39995e-02
0.76970	5.40407e-02
0.76932	5.40862e-02
0.76892	5.41358e-02
0.76851	5.41887e-02
0.76810	5.42440e-02
0.76769	5.43003e-02
0.76727	5.43562e-02
0.76685	5.44101e-02
0.76643	5.44600e-02
0.76600	5.45040e-02
0.76558	5.45402e-02
0.76516	5.45663e-02
0.76474	5.45805e-02
0.76432	5.45806e-02
0.76391	5.45648e-02
0.76355	5.44983e-02
0.76319	5.44174e-02
0.76284	5.43200e-02
0.76249	5.42043e-02
0.76215	5.40691e-02
0.76182	5.39134e-02
0.76149	5.37365e-02
0.76118	5.35385e-02
0.76088	5.33197e-02
0.76068	5.31585e-02
0.76048	5.29709e-02
0.76029	5.27586e-02
0.76011	5.25240e-02
0.75994	5.22699e-02
0.75978	5.19991e-02
0.75962	5.17148e-02
0.75948	5.14200e-02
0.75936	5.11178e-02
0.75926	5.08093e-02
0.75918	5.04982e-02
0.75912	5.02007e-02
0.75908	4.99031e-02
0.75905	4.96070e-02
0.75903	4.93132e-02
0.75907	4.90122e-02
0.75915	4.87234e-02
0.75924	4.84350e-02
0.75935	4.81470e-02
0.75948	4.78589e-02
0.75962	4.75706e-02
0.75979	4.72816e-02
0.75997	4.69916e-02
0.76017	4.67003e-02
0.76039	4.64077e-02
0.76063	4.61141e-02
0.76088	4.58199e-02
0.76115	4.55258e-02
0.76144	4.52329e-02
0.76173	4.49429e-02
0.76204	4.46573e-02
0.76236	4.43786e-02
0.76269	4.41092e-02
0.76302	4.38519e-02
0.76337	4.36099e-02
0.76376	4.34210e-02
0.76415	4.32502e-02
0.76455	4.31009e-02
0.76494	4.29762e-02
0.76533	4.28792e-02
0.76571	4.28123e-02
0.76610	4.27780e-02
0.76648	4.27778e-02
0.76685	4.28131e-02
0.76726	4.28764e-02
0.76766	4.29803e-02
0.76806	4.31240e-02
0.76845	4.33060e-02
0.76883	4.35249e-02
0.76921	4.37787e-02
0.76959	4.40652e-02
0.76997	4.43820e-02
0.77034	4.47286e-02
0.77071	4.50993e-02
0.77107	4.54906e-02
0.77142	4.58991e-02
0.77177	4.63212e-02
0.77212	4.67533e-02
0.77245	4.71916e-02
0.77278	4.76326e-02
0.77310	4.80728e-02
0.77342	4.85088e-02
0.77372	4.89375e-02
0.77404	4.93490e-02
0.77434	4.97489e-02
0.77463	5.01344e-02
0.77492	5.05034e-02
0.77519	5.08540e-02
0.77546	5.11845e-02
0.77571	5.14938e-02
0.77595	5.17808e-02
0.77619	5.20448e-02
0.77642	5.22854e-02
0.77663	5.25024e-02
0.77684	5.26959e-02
0.77704	5.28658e-02
0.77723	5.30126e-02
0.77741	5.31366e-02
0.77759	5.32384e-02
0.77775	5.33184e-02
0.77791	5.33774e-02
0.77810	5.33670e-02
0.77830	5.33356e-02
0.77848	5.32843e-02
0.77866	5.32139e-02
0.77884	5.31255e-02
0.77902	5.30203e-02
0.77920	5.28994e-02
0.77938	5.27644e-02
0.77956	5.26164e-02
0.77974	5.24571e-02
0.77999	5.22744e-02
0.78024	5.20821e-02
0.78051	5.18820e-02
0.78078	5.16756e-02
0.78105	5.14650e-02
0.78134	5.12520e-02
0.78163	5.10387e-02
0.78193	5.08271e-02
0.78224	5.06194e-02
0.78259	5.04171e-02
0.78294	5.02239e-02
0.78329	5.00417e-02
0.78364	4.98724e-02
0.78399	4.97177e-02
0.78434	4.95791e-02
0.78469	4.94579e-02
0.78503	4.93550e-02
0.78537	4.92711e-02
0.78580	4.91525e-02
0.78622	4.90573e-02
0.78662	4.89858e-02
0.78700	4.89379e-02
0.78736	4.89123e-02
0.78769	4.89076e-02
0.78800	4.89216e-02
0.78833	4.90550e-02
0.78864	4.91944e-02
0.78892	4.93385e-02
0.78918	4.94858e-02
0.78942	4.96349e-02
0.78963	4.97842e-02
0.78983	4.99321e-02
0.79001	5.00772e-02
0.79017	5.02180e-02
0.79032	5.03536e-02
0.79046	5.04826e-02
0.79061	5.06687e-02
0.79077	5.08474e-02
0.79091	5.10185e-02
0.79105	5.11816e-02
0.79119	5.13366e-02
0.79133	5.14835e-02
0.79147	5.16224e-02
0.79162	5.17535e-02
0.79177	5.18771e-02
0.79192	5.19937e-02
0.79208	5.21039e-02
0.79224	5.22084e-02
0.79241	5.23080e-02
0.79260	5.24037e-02
0.79279	5.24966e-02
0.79298	5.25877e-02
0.79319	5.26780e-02
0.79341	5.27684e-02
0.79363	5.28623e-02
0.79387	5.29605e-02
0.79411	5.30633e-02
0.79436	5.31709e-02
0.79463	5.32829e-02
0.79490	5.33982e-02
0.79519	5.35151e-02
0.79550	5.36254e-02
0.79584	5.37307e-02
0.79620	5.38272e-02
0.79658	5.39112e-02
0.79700	5.39800e-02
0.79744	5.40327e-02
0.79791	5.40711e-02
0.79840	5.41000e-02
0.79890	5.41267e-02
0.79942	5.41595e-02
0.79993	5.42056e-02
0.80046	5.42486e-02
0.80098	5.43135e-02
0.80147	5.43998e-02
0.80194	5.45050e-02
0.80239	5.46257e-02
0.80282	5.47577e-02
0.80323	5.48969e-02
0.80361	5.50395e-02
0.80397	5.51816e-02
0.80432	5.53200e-02
0.80464	5.54517e-02
0.80494	5.55744e-02
0.80522	5.56857e-02
0.80548	5.57873e-02
0.80573	5.58735e-02
0.80595	5.59432e-02
0.80615	5.59956e-02
0.80634	5.60300e-02
0.80651	5.60463e-02
0.80666	5.60442e-02
0.80680	5.60238e-02
0.80691	5.59854e-02
0.80701	5.59294e-02
0.80709	5.58562e-02
0.80715	5.57664e-02
0.80720	5.56605e-02
0.80722	5.55392e-02
0.80723	5.54031e-02
0.80723	5.52538e-02
0.80720	5.50908e-02
0.80716	5.49147e-02
0.80710	5.47260e-02
0.80703	5.45253e-02
0.80693	5.43128e-02
0.80682	5.40891e-02
0.80670	5.38542e-02
0.80655	5.36085e-02
0.80642	5.33855e-02
0.80628	5.31472e-02
0.80611	5.28943e-02
0.80593	5.26275e-02
0.80573	5.23471e-02
0.80551	5.20536e-02
0.80529	5.17472e-02
0.80505	5.14281e-02
0.80479	5.10966e-02
0.80457	5.07114e-02
0.80433	5.03099e-02
0.80410	4.98933e-02
0.80385	4.94625e-02
0.80360	4.90189e-02
0.80334	4.85635e-02
0.80308	4.80976e-02
0.80281	4.76222e-02
0.80253	4.71384e-02
0.80226	4.66586e-02
0.80199	4.61725e-02
0.80172	4.56815e-02
0.80143	4.51868e-02
0.80114	4.46896e-02
0.80084	4.41913e-02
0.80053	4.36931e-02
0.80022	4.31965e-02
0.79990	4.27028e-02
0.79958	4.22137e-02
0.79925	4.17304e-02
0.79891	4.12547e-02
0.79856	4.07878e-02
0.79820	4.03313e-02
0.79784	3.98866e-02
0.79747	3.94550e-02
0.79709	3.90377e-02
0.79670	3.86360e-02
0.79631	3.82509e-02
0.79591	3.78836e-02
0.79550	3.75348e-02
0.79509	3.72057e-02
0.79468	3.68970e-02
0.79426	3.66097e-02
0.79384	3.63446e-02
0.79341	3.61025e-02
0.79299	3.58831e-02
0.79257	3.56858e-02
0.79216	3.55101e-02
0.79176	3.53553e-02
0.79138	3.52199e-02
0.79101	3.51022e-02
0.79066	3.50001e-02
0.79033	3.49112e-02
0.79003	3.48335e-02
0.78976	3.47658e-02
0.78951	3.47082e-02
0.78929	3.46630e-02
0.78909	3.46349e-02
0.78891	3.46304e-02
0.78873	3.46571e-02
0.78855	3.47223e-02
0.78836	3.48319e-02
0.78816	3.49901e-02
0.78795	3.51991e-02
0.78775	3.54462e-02
0.78755	3.57455e-02
0.78733	3.60951e-02
0.78711	3.64921e-02
0.78688	3.69333e-02
0.78665	3.74155e-02
0.78642	3.79352e-02
0.78619	3.84889e-02
0.78597	3.90730e-02
0.78576	3.96841e-02
0.78555	4.03188e-02
0.78535	4.09738e-02
0.78516	4.16457e-02
0.78498	4.23314e-02
0.78482	4.30276e-02
0.78466	4.37313e-02
0.78452	4.44395e-02
0.78439	4.51491e-02
0.78428	4.58572e-02
0.78418	4.65609e-02
0.78410	4.72573e-02
0.78403	4.79435e-02
0.78398	4.86168e-02
0.78394	4.92744e-02
0.78392	4.99136e-02
0.78392	5.05317e-02
0.78393	5.11262e-02
0.78397	5.16946e-02
0.78402	5.22334e-02
0.78410	5.27414e-02
0.78419	5.32164e-02
0.78430	5.36562e-02
0.78443	5.40589e-02
0.78458	5.44227e-02
0.78474	5.47459e-02
0.78493	5.50270e-02
0.78513	5.52647e-02
0.78538	5.54664e-02
0.78565	5.56258e-02
0.78593	5.57375e-02
0.78622	5.58012e-02
0.78655	5.58408e-02
0.78690	5.58373e-02
0.78727	5.57910e-02
0.78765	5.57025e-02
0.78805	5.55721e-02
0.78846	5.54000e-02
0.78889	5.51865e-02
0.78933	5.49315e-02
0.78978	5.46351e-02
0.79024	5.42927e-02
0.79071	5.39103e-02
0.79118	5.34886e-02
0.79166	5.30283e-02
0.79215	5.25307e-02
0.79264	5.19975e-02
0.79313	5.14306e-02
0.79363	5.08324e-02
0.79413	5.02055e-02
0.79464	4.95532e-02
0.79515	4.88788e-02
0.79567	4.81861e-02
0.79619	4.74792e-02
0.79671	4.67621e-02
0.79724	4.60395e-02
0.79778	4.53156e-02
0.79831	4.45948e-02
0.79884	4.38814e-02
0.79938	4.31870e-02
0.79992	4.25063e-02
0.80045	4.18426e-02
0.80098	4.11985e-02
0.80151	4.05762e-02
0.80202	3.99773e-02
0.80253	3.94030e-02
0.80304	3.88539e-02
0.80353	3.83304e-02
0.80402	3.78323e-02
0.80449	3.73594e-02
0.80496	3.69111e-02
0.80542	3.64867e-02
0.80591	3.60783e-02
0.80638	3.56960e-02
0.80684	3.53377e-02
0.80729	3.50013e-02
0.80772	3.46849e-02
0.80813	3.43868e-02
0.80853	3.41051e-02
0.80892	3.38380e-02
0.80929	3.35840e-02
0.80965	3.33415e-02
0.80999	3.31090e-02
0.81032	3.28851e-02
0.81063	3.26683e-02
0.81092	3.24574e-02
0.81121	3.22511e-02
0.81147	3.20482e-02
0.81172	3.18476e-02
0.81196	3.16480e-02
0.81217	3.14486e-02
0.81242	3.12670e-02
0.81263	3.10800e-02
0.81283	3.08870e-02
0.81301	3.06877e-02
0.81317	3.04817e-02
0.81332	3.02687e-02
0.81345	3.00486e-02
0.81357	2.98209e-02
0.81367	2.95856e-02
0.81376	2.93427e-02
0.81383	2.90922e-02
0.81390	2.88344e-02
0.81395	2.85696e-02
0.81400	2.82984e-02
0.81403	2.80216e-02
0.81409	2.77598e-02
0.81413	2.74923e-02
0.81416	2.72204e-02
0.81418	2.69455e-02
0.81418	2.66691e-02
0.81416	2.63929e-02
0.81413	2.61186e-02
0.81409	2.58477e-02
0.81403	2.55820e-02
0.81395	2.53230e-02
0.81386	2.50722e-02
0.81375	2.48309e-02
0.81362	2.46004e-02
0.81348	2.43817e-02
0.81331	2.41758e-02
0.81313	2.39834e-02
0.81293	2.38052e-02
0.81271	2.36417e-02
0.81247	2.34932e-02
0.81222	2.33602e-02
0.81195	2.32430e-02
0.81167	2.31417e-02
0.81143	2.31461e-02
0.81117	2.31499e-02
0.81089	2.31559e-02
0.81059	2.31666e-02
0.81038	2.31680e-02
0.81015	2.31881e-02
0.80991	2.32280e-02
0.80966	2.32884e-02
0.80940	2.33696e-02
0.80912	2.34715e-02
0.80884	2.35936e-02
0.80855	2.37351e-02
0.80825	2.38953e-02
0.80795	2.40732e-02
0.80765	2.42676e-02
0.80734	2.44775e-02
0.80704	2.47018e-02
0.80674	2.49395e-02
0.80644	2.51898e-02
0.80615	2.54521e-02
0.80586	2.57256e-02
0.80558	2.60102e-02
0.80531	2.63056e-02
0.80504	2.66120e-02
0.80479	2.69294e-02
0.80454	2.72582e-02
0.80431	2.75988e-02
0.80409	2.79517e-02
0.80388	2.83171e-02
0.80368	2.86955e-02
0.80349	2.90871e-02
0.80332	2.95017e-02
0.80316	2.99280e-02
0.80301	3.03661e-02
0.80287	3.08155e-02
0.80273	3.12756e-02
0.80260	3.17455e-02
0.80247	3.22240e-02
0.80235	3.27096e-02
0.80223	3.32007e-02
0.80211	3.36955e-02
0.80199	3.41921e-02
0.80186	3.46886e-02
0.80174	3.51830e-02
0.80165	3.55876e-02
0.80156	3.59810e-02
0.80147	3.63614e-02
0.80138	3.67273e-02
0.80135	3.71011e-02
0.80132	3.74614e-02
0.80128	3.78066e-02
0.80123	3.81351e-02
0.80119	3.84455e-02
0.80114	3.87368e-02
0.80109	3.90083e-02
0.80104	3.92594e-02
0.80099	3.94898e-02
0.80095	3.96993e-02
0.80091	3.98877e-02
0.80088	4.00553e-02
0.80085	4.02021e-02
0.80083	4.03286e-02
0.80082	4.04352e-02
0.80088	4.05167e-02
0.80095	4.05813e-02
0.80103	4.06296e-02
0.80112	4.06623e-02
0.80122	4.06800e-02
0.80134	4.06833e-02
0.80146	4.06729e-02
0.80159	4.06494e-02
0.80174	4.06133e-02
0.80189	4.05653e-02
0.80204	4.05060e-02
0.80221	4.04359e-02
0.80239	4.03558e-02
0.80259	4.02755e-02
0.80279	4.01858e-02
0.80300	4.00878e-02
0.80321	3.99824e-02
0.80343	3.98705e-02
0.80365	3.97534e-02
0.80386	3.96325e-02
0.80409	3.95094e-02
0.80431	3.93854e-02
0.80453	3.92624e-02
0.80475	3.91516e-02
0.80498	3.90471e-02
0.80520	3.89509e-02
0.80542	3.88648e-02
0.80565	3.87906e-02
0.80586	3.87299e-02
0.80608	3.86842e-02
0.80629	3.86548e-02
0.80650	3.86426e-02
0.80670	3.86486e-02
0.80690	3.86732e-02
0.80709	3.87166e-02
0.80732	3.88452e-02
0.80754	3.89997e-02
0.80777	3.91738e-02
0.80799	3.93698e-02
0.80820	3.95846e-02
0.80840	3.98143e-02
0.80859	4.00552e-02
0.80877	4.03037e-02
0.80893	4.05567e-02
0.80908	4.08118e-02
0.80921	4.10668e-02
0.80933	4.13206e-02
0.80943	4.15725e-02
0.80951	4.18222e-02
0.80959	4.20698e-02
0.80965	4.23159e-02
0.80970	4.25609e-02
0.80974	4.28055e-02
0.80977	4.30505e-02
0.80980	4.32966e-02
0.80981	4.35445e-02
0.80983	4.37947e-02
0.80984	4.40479e-02
0.80984	4.43043e-02
0.80984	4.45645e-02
0.80984	4.48286e-02
0.80983	4.50968e-02
0.80982	4.53691e-02
0.80981	4.56456e-02
0.80980	4.59261e-02
0.80979	4.62105e-02
0.80977	4.64984e-02
0.80975	4.67894e-02
0.80972	4.70832e-02
0.80970	4.73792e-02
0.80966	4.76767e-02
0.80963	4.79751e-02
0.80962	4.82064e-02
0.80960	4.84371e-02
0.80958	4.86662e-02
0.80955	4.88929e-02
0.80952	4.91161e-02
0.80948	4.93352e-02
0.80943	4.95490e-02
0.80938	4.97569e-02
0.80932	4.99581e-02
0.80926	5.01521e-02
0.80919	5.03383e-02
0.80911	5.05165e-02
0.80910	5.07736e-02
0.80909	5.10204e-02
0.80907	5.12562e-02
0.80905	5.14809e-02
0.80902	5.16945e-02
0.80899	5.18975e-02
0.80895	5.20907e-02
0.80891	5.22751e-02
0.80887	5.24521e-02
0.80883	5.26233e-02
0.80879	5.27905e-02
0.80875	5.29555e-02
0.80872	5.31203e-02
0.80869	5.32868e-02
0.80866	5.34568e-02
0.80865	5.36322e-02
0.80870	5.37940e-02
0.80876	5.39628e-02
0.80882	5.41399e-02
0.80888	5.43262e-02
0.80894	5.45222e-02
0.80900	5.47281e-02
0.80906	5.49437e-02
0.80912	5.51681e-02
0.80918	5.54179e-02
0.80924	5.56716e-02
0.80930	5.59276e-02
0.80934	5.61842e-02
0.80937	5.64391e-02
0.80942	5.67020e-02
0.80944	5.69569e-02
0.80948	5.72072e-02
0.80949	5.74441e-02
0.80950	5.76651e-02
0.80949	5.78681e-02
0.80947	5.80509e-02
0.80944	5.82116e-02
0.80940	5.83486e-02
0.80936	5.84603e-02
0.80932	5.85458e-02
0.80927	5.86040e-02
0.80922	5.86343e-02
0.80918	5.86363e-02
0.80914	5.86097e-02
0.80911	5.85545e-02
0.80909	5.84705e-02
0.80908	5.83580e-02
0.80908	5.82171e-02
0.80910	5.80479e-02
0.80913	5.78507e-02
0.80918	5.76254e-02
0.80925	5.73722e-02
0.80933	5.70909e-02
0.80944	5.67835e-02
0.80956	5.64473e-02
0.80970	5.60820e-02
0.80986	5.56871e-02
0.81004	5.52620e-02
0.81023	5.48061e-02
0.81045	5.43188e-02
0.81068	5.37998e-02
0.81092	5.32488e-02
0.81119	5.26657e-02
0.81146	5.20510e-02
0.81176	5.14054e-02
0.81207	5.07301e-02
0.81241	4.99828e-02
0.81278	4.92075e-02
0.81315	4.84077e-02
0.81354	4.75873e-02
0.81394	4.67510e-02
0.81434	4.59038e-02
0.81475	4.50513e-02
0.81516	4.41990e-02
0.81557	4.33524e-02
0.81598	4.25166e-02
0.81638	4.16966e-02
0.81677	4.08965e-02
0.81715	4.01201e-02
0.81751	3.93705e-02
0.81787	3.86499e-02
0.81820	3.79604e-02
0.81852	3.73033e-02
0.81881	3.66793e-02
0.81909	3.60890e-02
0.81935	3.55324e-02
0.81958	3.50096e-02
0.81979	3.45200e-02
0.81998	3.40588e-02
0.82015	3.36304e-02
0.82030	3.32340e-02
0.82042	3.28690e-02
0.82051	3.25348e-02
0.82059	3.22307e-02
0.82064	3.19561e-02
0.82066	3.17104e-02
0.82067	3.14930e-02
0.82067	3.13028e-02
0.82065	3.11400e-02
0.82061	3.10037e-02
0.82057	3.09350e-02
0.82053	3.08842e-02
0.82047	3.08564e-02
0.82040	3.08506e-02
0.82032	3.08660e-02
0.82023	3.09014e-02
0.82013	3.09556e-02
0.82002	3.10272e-02
0.81991	3.11150e-02
0.81979	3.12178e-02
0.81966	3.13342e-02
0.81953	3.14633e-02
0.81940	3.15897e-02
0.81928	3.17291e-02
0.81914	3.18805e-02
0.81899	3.20430e-02
0.81884	3.22180e-02
0.81869	3.24028e-02
0.81852	3.25966e-02
0.81833	3.27988e-02
0.81814	3.30085e-02
0.81794	3.32250e-02
0.81772	3.34471e-02
0.81749	3.36739e-02
0.81726	3.38932e-02
0.81702	3.41154e-02
0.81676	3.43391e-02
0.81649	3.45630e-02
0.81621	3.47858e-02
0.81591	3.50061e-02
0.81561	3.52227e-02
0.81533	3.54703e-02
0.81504	3.57144e-02
0.81474	3.59540e-02
0.81444	3.61901e-02
0.81417	3.63995e-02
0.81390	3.66055e-02
0.81361	3.68066e-02
0.81331	3.70019e-02
0.81301	3.71903e-02
0.81270	3.73711e-02
0.81239	3.75438e-02
0.81207	3.77080e-02
0.81175	3.78637e-02
0.81143	3.80108e-02
0.81111	3.81497e-02
0.81079	3.82808e-02
0.81047	3.84047e-02
0.81016	3.85222e-02
0.80985	3.86341e-02
0.80954	3.87417e-02
0.80925	3.88460e-02
0.80897	3.89481e-02
0.80869	3.90491e-02
0.80843	3.91501e-02
0.80819	3.92522e-02
0.80795	3.93565e-02
0.80774	3.94639e-02
0.80754	3.95751e-02
0.80736	3.96908e-02
0.80720	3.98114e-02
0.80706	3.99373e-02
0.80694	4.00684e-02
0.80684	4.02047e-02
0.80677	4.03459e-02
0.80672	4.04914e-02
0.80669	4.06308e-02
0.80669	4.07742e-02
0.80671	4.09206e-02
0.80674	4.10685e-02
0.80680	4.12167e-02
0.80688	4.13638e-02
0.80697	4.15084e-02
0.80708	4.16490e-02
0.80720	4.17845e-02
0.80733	4.19136e-02
0.80749	4.20351e-02
0.80765	4.21482e-02
0.80783	4.22523e-02
0.80801	4.23469e-02
0.80819	4.24315e-02
0.80839	4.25062e-02
0.80858	4.25710e-02
0.80878	4.26261e-02
0.80898	4.26717e-02
0.80918	4.27084e-02
0.80938	4.27366e-02
0.80958	4.27567e-02
0.80978	4.27607e-02
0.80998	4.27579e-02
0.81017	4.27486e-02
0.81035	4.27333e-02
0.81053	4.27124e-02
0.81070	4.26863e-02
0.81086	4.26554e-02
0.81102	4.26200e-02
0.81117	4.25805e-02
0.81131	4.25373e-02
0.81145	4.24907e-02
0.81158	4.24414e-02
0.81170	4.23898e-02
0.81182	4.23364e-02
0.81193	4.22818e-02
0.81204	4.22269e-02
0.81215	4.21722e-02
0.81225	4.21186e-02
0.81235	4.20668e-02
0.81245	4.20178e-02
0.81255	4.19723e-02
0.81265	4.19312e-02
0.81274	4.18953e-02
0.81288	4.18747e-02
0.81301	4.18600e-02
0.81313	4.18522e-02
0.81326	4.18519e-02
0.81338	4.18597e-02
0.81350	4.18765e-02
0.81361	4.19026e-02
0.81373	4.19388e-02
0.81384	4.19853e-02
0.81394	4.20428e-02
0.81405	4.21114e-02
0.81420	4.23013e-02
0.81435	4.25033e-02
0.81449	4.27081e-02
0.81462	4.29243e-02
0.81476	4.31512e-02
0.81489	4.33879e-02
0.81501	4.36333e-02
0.81513	4.38865e-02
0.81525	4.41462e-02
0.81536	4.44141e-02
0.81547	4.46848e-02
0.81558	4.49568e-02
0.81570	4.52287e-02
0.81582	4.54994e-02
0.81594	4.57676e-02
0.81607	4.60322e-02
0.81621	4.62920e-02
0.81635	4.65461e-02
0.81649	4.67934e-02
0.81665	4.70333e-02
0.81681	4.72647e-02
0.81698	4.74868e-02
0.81716	4.76991e-02
0.81735	4.79006e-02
0.81756	4.80908e-02
0.81777	4.82690e-02
0.81799	4.84344e-02
0.81823	4.85867e-02
0.81848	4.87251e-02
0.81875	4.88493e-02
0.81903	4.89588e-02
0.81932	4.90534e-02
0.81963	4.91328e-02
0.81995	4.91970e-02
0.82029	4.92460e-02
0.82064	4.92802e-02
0.82100	4.92999e-02
0.82138	4.93058e-02
0.82176	4.92987e-02
0.82216	4.92795e-02
0.82256	4.92495e-02
0.82297	4.92099e-02
0.82339	4.91624e-02
0.82381	4.91087e-02
0.82424	4.90392e-02
0.82467	4.89676e-02
0.82510	4.88962e-02
0.82553	4.88269e-02
0.82595	4.87620e-02
0.82637	4.87038e-02
0.82677	4.86545e-02
0.82717	4.86163e-02
0.82755	4.85913e-02
0.82792	4.85814e-02
0.82828	4.85933e-02
0.82862	4.86225e-02
0.82894	4.86705e-02
0.82924	4.87384e-02
0.82952	4.88269e-02
0.82977	4.89365e-02
0.83000	4.90669e-02
0.83021	4.92181e-02
0.83039	4.93892e-02
0.83054	4.95794e-02
0.83067	4.97874e-02
0.83077	5.00119e-02
0.83085	5.02438e-02
0.83091	5.04902e-02
0.83095	5.07492e-02
0.83096	5.10189e-02
0.83094	5.12974e-02
0.83091	5.15830e-02
0.83085	5.18740e-02
0.83078	5.21687e-02
0.83069	5.24658e-02
0.83058	5.27637e-02
0.83045	5.30610e-02
0.83032	5.33566e-02
0.83017	5.36492e-02
0.83001	5.39377e-02
0.82984	5.42209e-02
0.82965	5.44978e-02
0.82947	5.47674e-02
0.82927	5.50286e-02
0.82906	5.52806e-02
0.82885	5.55225e-02
0.82863	5.57536e-02
0.82841	5.59730e-02
0.82818	5.61804e-02
0.82795	5.63751e-02
0.82771	5.65570e-02
0.82747	5.67258e-02
0.82722	5.68815e-02
0.82697	5.70244e-02
0.82671	5.71547e-02
0.82645	5.72728e-02
0.82619	5.73791e-02
0.82593	5.74744e-02
0.82567	5.75593e-02
0.82540	5.76342e-02
0.82514	5.77258e-02
0.82489	5.78029e-02
0.82466	5.78562e-02
0.82444	5.78988e-02
0.82421	5.79316e-02
0.82398	5.79553e-02
0.82375	5.79703e-02
0.82352	5.79769e-02
0.82330	5.79752e-02
0.82307	5.79651e-02
0.82285	5.79465e-02
0.82263	5.79191e-02
0.82242	5.78826e-02
0.82221	5.78364e-02
0.82202	5.77801e-02
0.82183	5.77132e-02
0.82165	5.76353e-02
0.82149	5.75459e-02
0.82134	5.74445e-02
0.82120	5.73308e-02
0.82107	5.72043e-02
0.82102	5.70542e-02
0.82098	5.68924e-02
0.82095	5.67186e-02
0.82094	5.65326e-02
0.82094	5.63341e-02
0.82096	5.61232e-02
0.82101	5.58998e-02
0.82107	5.56640e-02
0.82116	5.54160e-02
0.82127	5.51561e-02
0.82140	5.48845e-02
0.82156	5.46018e-02
0.82174	5.43083e-02
0.82194	5.40045e-02
0.82217	5.36911e-02
0.82242	5.33687e-02
0.82269	5.30378e-02
0.82299	5.26992e-02
0.82331	5.23534e-02
0.82366	5.20014e-02
0.82402	5.16436e-02
0.82441	5.12809e-02
0.82481	5.09140e-02
0.82526	5.05110e-02
0.82571	5.01085e-02
0.82619	4.97068e-02
0.82667	4.93065e-02
0.82717	4.89082e-02
0.82767	4.85128e-02
0.82819	4.81212e-02
0.82871	4.77347e-02
0.82923	4.73545e-02
0.82975	4.69822e-02
0.83031	4.66038e-02
0.83086	4.62359e-02
0.83141	4.58802e-02
0.83196	4.55384e-02
0.83249	4.52122e-02
0.83300	4.49031e-02
0.83350	4.46125e-02
0.83398	4.43415e-02
0.83444	4.40909e-02
0.83487	4.38613e-02
0.83528	4.36530e-02
0.83567	4.34658e-02
0.83604	4.32948e-02
0.83638	4.31451e-02
0.83668	4.30158e-02
0.83696	4.29058e-02
0.83720	4.28142e-02
0.83742	4.27398e-02
0.83760	4.26815e-02
0.83775	4.26381e-02
0.83787	4.26087e-02
0.83797	4.25945e-02
0.83804	4.25920e-02
0.83809	4.26003e-02
0.83811	4.26187e-02
0.83810	4.26464e-02
0.83807	4.26828e-02
0.83803	4.27454e-02
0.83797	4.28131e-02
0.83790	4.28857e-02
0.83783	4.29414e-02
0.83775	4.30047e-02
0.83765	4.30751e-02
0.83755	4.31521e-02
0.83743	4.32352e-02
0.83730	4.33240e-02
0.83716	4.34181e-02
0.83702	4.35172e-02
0.83687	4.36208e-02
0.83672	4.37287e-02
0.83657	4.38404e-02
0.83642	4.39558e-02
0.83626	4.40745e-02
0.83611	4.41964e-02
0.83595	4.43212e-02
0.83580	4.44488e-02
0.83565	4.45791e-02
0.83550	4.47121e-02
0.83535	4.48478e-02
0.83520	4.49864e-02
0.83505	4.51280e-02
0.83491	4.52730e-02
0.83477	4.54216e-02
0.83463	4.55743e-02
0.83449	4.57315e-02
0.83435	4.58937e-02
0.83422	4.60584e-02
0.83412	4.62511e-02
0.83403	4.64495e-02
0.83393	4.66540e-02
0.83383	4.68652e-02
0.83373	4.70836e-02
0.83363	4.73096e-02
0.83353	4.75436e-02
0.83343	4.77859e-02
0.83332	4.80369e-02
0.83321	4.82967e-02
0.83310	4.85654e-02
0.83298	4.88433e-02
0.83286	4.91301e-02
0.83277	4.94485e-02
0.83266	4.97729e-02
0.83255	5.01030e-02
0.83242	5.04380e-02
0.83228	5.07770e-02
0.83213	5.11189e-02
0.83197	5.14623e-02
0.83180	5.18057e-02
0.83162	5.21474e-02
0.83143	5.24859e-02
0.83123	5.28195e-02
0.83103	5.31467e-02
0.83084	5.34815e-02
0.83064	5.38054e-02
0.83044	5.41173e-02
0.83024	5.44163e-02
0.83004	5.47016e-02
0.82983	5.49724e-02
0.82963	5.52281e-02
0.82943	5.54681e-02
0.82923	5.56918e-02
0.82904	5.58987e-02
0.82885	5.60885e-02
0.82867	5.62608e-02
0.82850	5.64153e-02
0.82833	5.65516e-02
0.82818	5.66703e-02
0.82803	5.67714e-02
0.82789	5.68551e-02
0.82777	5.69218e-02
0.82766	5.69701e-02
0.82755	5.70026e-02
0.82746	5.70197e-02
0.82738	5.70215e-02
0.82731	5.70084e-02
0.82725	5.69808e-02
0.82720	5.69390e-02
0.82716	5.68835e-02
0.82713	5.68148e-02
0.82714	5.67312e-02
0.82716	5.66360e-02
0.82718	5.65299e-02
0.82726	5.63807e-02
0.82735	5.62237e-02
0.82745	5.60595e-02
0.82755	5.58884e-02
0.82767	5.57109e-02
0.82779	5.55276e-02
0.82792	5.53388e-02
0.82806	5.51451e-02
0.82820	5.49468e-02
0.82835	5.47412e-02
0.82851	5.45321e-02
0.82868	5.43199e-02
0.82884	5.41049e-02
0.82901	5.38873e-02
0.82919	5.36675e-02
0.82936	5.34458e-02
0.82954	5.32224e-02
0.82972	5.29978e-02
0.82990	5.27726e-02
0.83012	5.25652e-02
0.83034	5.23633e-02
0.83057	5.21669e-02
0.83080	5.19758e-02
0.83104	5.17894e-02
0.83128	5.16066e-02
0.83152	5.14266e-02
0.83176	5.12482e-02
0.83200	5.10705e-02
0.83223	5.08927e-02
0.83246	5.07141e-02
0.83268	5.05345e-02
0.83291	5.03536e-02
0.83313	5.01716e-02
0.83334	4.99890e-02
0.83356	4.98062e-02
0.83378	4.96239e-02
0.83400	4.94431e-02
0.83422	4.92646e-02
0.83445	4.90896e-02
0.83468	4.89193e-02
0.83491	4.87547e-02
0.83516	4.85970e-02
0.83541	4.84474e-02
0.83567	4.83071e-02
0.83594	4.81770e-02
0.83622	4.80581e-02
0.83651	4.79513e-02
0.83681	4.78574e-02
0.83711	4.77770e-02
0.83742	4.77106e-02
0.83773	4.76586e-02
0.83805	4.76212e-02
0.83837	4.75985e-02
0.83870	4.75905e-02
0.83903	4.75970e-02
0.83939	4.75630e-02
0.83974	4.75488e-02
0.84009	4.75529e-02
0.84044	4.75742e-02
0.84078	4.76114e-02
0.84111	4.76633e-02
0.84143	4.77287e-02
0.84175	4.78066e-02
0.84206	4.78957e-02
0.84236	4.79950e-02
0.84265	4.81034e-02
0.84293	4.82197e-02
0.84321	4.83246e-02
0.84348	4.84364e-02
0.84374	4.85536e-02
0.84399	4.86750e-02
0.84424	4.87979e-02
0.84447	4.89229e-02
0.84470	4.90486e-02
0.84492	4.91741e-02
0.84513	4.92984e-02
0.84532	4.94205e-02
0.84551	4.95397e-02
0.84569	4.96552e-02
0.84587	4.97665e-02
0.84603	4.98731e-02
0.84618	4.99748e-02
0.84633	5.00714e-02
0.84646	5.01628e-02
0.84658	5.02491e-02
0.84670	5.03304e-02
0.84679	5.04068e-02
0.84688	5.04787e-02
0.84695	5.05464e-02
0.84700	5.06101e-02
0.84703	5.06701e-02
0.84705	5.07268e-02
0.84704	5.07802e-02
0.84701	5.08307e-02
0.84697	5.08666e-02
0.84689	5.09009e-02
0.84679	5.09332e-02
0.84666	5.09634e-02
0.84651	5.09910e-02
0.84634	5.10077e-02
0.84614	5.10210e-02
0.83528	4.19776e-02
0.83500	4.19212e-02
0.83469	4.18521e-02
0.83435	4.17698e-02
0.83399	4.16774e-02
0.83360	4.15702e-02
0.83319	4.14485e-02
0.83275	4.13123e-02
0.83230	4.11619e-02
0.83183	4.09974e-02
0.83135	4.08191e-02
0.83085	4.06273e-02
0.83035	4.04222e-02
0.82984	4.02044e-02
0.82933	3.99743e-02
0.82882	3.97326e-02
0.82831	3.94800e-02
0.82781	3.92174e-02
0.82731	3.89458e-02
0.82682	3.86664e-02
0.82635	3.83807e-02
0.82588	3.80902e-02
0.82543	3.77966e-02
0.82499	3.75020e-02
0.82457	3.72084e-02
0.82417	3.69181e-02
0.82381	3.65658e-02
0.82348	3.62157e-02
0.82317	3.58700e-02
0.82288	3.55311e-02
0.82262	3.52012e-02
0.82237	3.48837e-02
0.82214	3.45816e-02
0.82194	3.42978e-02
0.82175	3.40357e-02
0.82157	3.37982e-02
0.82142	3.35887e-02
0.82127	3.34102e-02
0.82114	3.32656e-02
0.82102	3.31574e-02
0.82091	3.30882e-02
0.82080	3.30596e-02
0.82070	3.30732e-02
0.82060	3.31295e-02
0.82050	3.32290e-02
0.82041	3.33709e-02
0.82031	3.35543e-02
0.82021	3.37775e-02
0.82011	3.40382e-02
0.82001	3.43338e-02
0.81991	3.46612e-02
0.81981	3.50170e-02
0.81970	3.53978e-02
0.81962	3.58419e-02
0.81954	3.63107e-02
0.81947	3.68004e-02
0.81940	3.73072e-02
0.81934	3.78270e-02
0.81928	3.83559e-02
0.81924	3.88900e-02
0.81920	3.94254e-02
0.81916	3.99584e-02
0.81914	4.04856e-02
0.81912	4.10038e-02
0.81911	4.15097e-02
0.81911	4.20008e-02
0.81911	4.24744e-02
0.81912	4.29284e-02
0.81913	4.33607e-02
0.81915	4.37698e-02
0.81920	4.41696e-02
0.81925	4.45413e-02
0.81931	4.48841e-02
0.81937	4.51975e-02
0.81944	4.54809e-02
0.81951	4.57340e-02
0.81958	4.59567e-02
0.81967	4.61490e-02
0.81976	4.63109e-02
0.81986	4.64428e-02
0.81997	4.65451e-02
0.82008	4.66183e-02
0.82021	4.66632e-02
0.82034	4.66807e-02
0.82048	4.66718e-02
0.82062	4.66377e-02
0.82077	4.65797e-02
0.82092	4.64991e-02
0.82108	4.63973e-02
0.82124	4.62759e-02
0.82140	4.61363e-02
0.82156	4.59801e-02
0.82171	4.58089e-02
0.82187	4.56239e-02
0.82202	4.54268e-02
0.82216	4.52189e-02
0.82230	4.50015e-02
0.82243	4.47758e-02
0.82256	4.45489e-02
0.82269	4.43170e-02
0.82281	4.40815e-02
0.82293	4.38436e-02
0.82305	4.36045e-02
0.82316	4.33654e-02
0.82327	4.31276e-02
0.82338	4.28925e-02
0.82350	4.26613e-02
0.82361	4.24357e-02
0.82373	4.22132e-02
0.82385	4.19998e-02
0.82398	4.17972e-02
0.82411	4.16071e-02
0.82424	4.14312e-02
0.82438	4.12711e-02
0.82452	4.11286e-02
0.82466	4.10052e-02
0.82482	4.09023e-02
0.82497	4.08209e-02
0.82514	4.07622e-02
0.82531	4.07267e-02
0.82548	4.07148e-02
0.82566	4.07265e-02
0.82585	4.07613e-02
0.82604	4.08185e-02
0.82623	4.08969e-02
0.82643	4.09950e-02
0.82664	4.11063e-02
0.82684	4.12331e-02
0.82705	4.13729e-02
0.82726	4.15229e-02
0.82755	4.15885e-02
0.82784	4.16577e-02
0.82812	4.17328e-02
0.82840	4.18154e-02
0.82866	4.19065e-02
0.82891	4.20054e-02
0.82913	4.21105e-02
0.82933	4.22191e-02
0.82951	4.23280e-02
0.82966	4.24340e-02
0.82979	4.25339e-02
0.82990	4.26252e-02
0.82999	4.27056e-02
0.83005	4.27734e-02
0.83010	4.28275e-02
0.83012	4.28670e-02
0.83013	4.28916e-02
0.83012	4.29012e-02
0.83009	4.28959e-02
0.83005	4.28761e-02
0.82999	4.28422e-02
0.82992	4.27948e-02
0.82983	4.27344e-02
0.82973	4.26617e-02
0.82961	4.25774e-02
0.82951	4.24825e-02
0.82940	4.23773e-02
0.82928	4.22624e-02
0.82914	4.21383e-02
0.82900	4.20055e-02
0.82885	4.18646e-02
0.82869	4.17161e-02
0.82853	4.15604e-02
0.82837	4.13979e-02
0.82820	4.12291e-02
0.82803	4.10544e-02
0.82787	4.08742e-02
0.82770	4.06888e-02
0.82753	4.04987e-02
0.82736	4.03042e-02
0.82720	4.01039e-02
0.82705	3.99004e-02
0.82689	3.96940e-02
0.82674	3.94853e-02
0.82658	3.92746e-02
0.82643	3.90625e-02
0.82628	3.88494e-02
0.82614	3.86360e-02
0.82599	3.84227e-02
0.82584	3.82101e-02
0.82570	3.79989e-02
0.82555	3.77897e-02
0.82540	3.75831e-02
0.82525	3.73798e-02
0.82510	3.71804e-02
0.82495	3.69856e-02
0.82480	3.67959e-02
0.82464	3.66120e-02
0.82449	3.64343e-02
0.82433	3.62633e-02
0.82417	3.60994e-02
0.82401	3.59429e-02
0.82385	3.57941e-02
0.82368	3.56531e-02
0.82352	3.55198e-02
0.82335	3.53944e-02
0.82320	3.52762e-02
0.82305	3.51651e-02
0.82293	3.50882e-02
0.82281	3.50155e-02
0.82270	3.49469e-02
0.82259	3.48823e-02
0.82249	3.48214e-02
0.82239	3.47638e-02
0.82230	3.47092e-02
0.82223	3.46572e-02
0.82216	3.46074e-02
0.82210	3.45593e-02
0.82210	3.44710e-02
0.82211	3.43873e-02
0.82212	3.43077e-02
0.82215	3.42318e-02
0.82219	3.41592e-02
0.82223	3.40894e-02
0.82229	3.40223e-02
0.82235	3.39576e-02
0.82242	3.38951e-02
0.81450	2.66768e-02
0.81460	2.66271e-02
0.81471	2.65809e-02
0.81482	2.65380e-02
0.81494	2.64980e-02
0.81507	2.64603e-02
0.81520	2.64247e-02
0.81534	2.63910e-02
0.81549	2.63587e-02
0.81564	2.63277e-02
0.81579	2.63002e-02
0.81595	2.62735e-02
0.81611	2.62474e-02
0.81631	2.62095e-02
0.81650	2.61709e-02
0.81670	2.61316e-02
0.81690	2.60918e-02
0.81709	2.60518e-02
0.81729	2.60116e-02
0.81748	2.59714e-02
0.81767	2.59314e-02
0.81786	2.58915e-02
0.81804	2.58519e-02
0.81822	2.58125e-02
0.81840	2.57731e-02
0.81857	2.57336e-02
0.81874	2.56938e-02
0.81891	2.56533e-02
0.81911	2.56742e-02
0.81931	2.56875e-02
0.81951	2.56937e-02
0.81969	2.56928e-02
0.81987	2.56851e-02
0.82004	2.56708e-02
0.82021	2.56502e-02
0.82038	2.56237e-02
0.82055	2.55919e-02
0.82071	2.55553e-02
0.82089	2.55236e-02
0.82106	2.54876e-02
0.82124	2.54483e-02
0.82141	2.54056e-02
0.82160	2.53613e-02
0.82178	2.53169e-02
0.82197	2.52743e-02
0.82216	2.52353e-02
0.82235	2.52016e-02
0.82255	2.51752e-02
0.82276	2.51578e-02
0.82297	2.51510e-02
0.82318	2.51562e-02
0.82340	2.51745e-02
0.82361	2.52067e-02
0.82383	2.52531e-02
0.82405	2.53137e-02
0.82427	2.53879e-02
0.82448	2.54749e-02
0.82468	2.55734e-02
0.82488	2.56819e-02
0.82506	2.57986e-02
0.82523	2.59218e-02
0.82539	2.60497e-02
0.82552	2.61805e-02
0.82563	2.63127e-02
0.82573	2.64449e-02
0.82580	2.65761e-02
0.82585	2.67054e-02
0.82588	2.68321e-02
0.82588	2.69559e-02
0.82586	2.70763e-02
0.82583	2.71924e-02
0.82577	2.73051e-02
0.82570	2.74141e-02
0.82561	2.75191e-02
0.82551	2.76203e-02
0.82539	2.77168e-02
0.82527	2.78157e-02
0.82515	2.79084e-02
0.82501	2.79943e-02
0.82486	2.80728e-02
0.82471	2.81432e-02
0.82454	2.82047e-02
0.82438	2.82566e-02
0.82421	2.82980e-02
0.82404	2.83283e-02
0.82387	2.83467e-02
0.82370	2.83526e-02
0.82353	2.83457e-02
0.82337	2.83254e-02
0.82321	2.82918e-02
0.82307	2.82446e-02
0.82299	2.82173e-02
0.82292	2.81738e-02
0.82285	2.81146e-02
0.82278	2.80403e-02
0.82271	2.79519e-02
0.82264	2.78501e-02
0.82257	2.77362e-02
0.82251	2.76111e-02
0.82245	2.74761e-02
0.82240	2.73322e-02
0.82236	2.72005e-02
0.82233	2.70637e-02
0.82230	2.69232e-02
0.82227	2.67801e-02
0.82225	2.66354e-02
0.82223	2.64900e-02
0.82221	2.63449e-02
0.82219	2.62011e-02
0.82218	2.60592e-02
0.82214	2.58986e-02
0.82210	2.57416e-02
0.82207	2.55889e-02
0.82204	2.54409e-02
0.82207	2.52996e-02
0.82211	2.51654e-02
0.82215	2.50384e-02
0.82222	2.49176e-02
0.82229	2.48053e-02
0.82238	2.47017e-02
0.82247	2.46073e-02
0.82257	2.45224e-02
0.82268	2.44475e-02
0.82280	2.43832e-02
0.82294	2.43299e-02
0.82308	2.42881e-02
0.82324	2.42584e-02
0.82341	2.42414e-02
0.82359	2.42374e-02
0.82379	2.42468e-02
0.82400	2.42701e-02
0.82422	2.43075e-02
0.82445	2.43589e-02
0.82470	2.44244e-02
0.82496	2.45037e-02
0.82523	2.45963e-02
0.82551	2.47015e-02
0.82580	2.48185e-02
0.82611	2.49462e-02
0.82642	2.50831e-02
0.82675	2.52280e-02
0.82708	2.53791e-02
0.82743	2.55348e-02
0.82778	2.56930e-02
0.82814	2.58519e-02
0.82852	2.60097e-02
0.82890	2.61642e-02
0.82930	2.63138e-02
0.82970	2.64566e-02
0.83012	2.65911e-02
0.83055	2.67159e-02
0.83099	2.68300e-02
0.83144	2.69326e-02
0.83190	2.70233e-02
0.83237	2.71021e-02
0.83285	2.71695e-02
0.83333	2.72262e-02
0.83382	2.72735e-02
0.83432	2.73128e-02
0.83481	2.73458e-02
0.83530	2.73744e-02
0.83579	2.74003e-02
0.83627	2.74254e-02
0.83674	2.74513e-02
0.83720	2.74797e-02
0.83765	2.75118e-02
0.83808	2.75489e-02
0.83851	2.75922e-02
0.83891	2.76427e-02
0.83931	2.77014e-02
0.83969	2.77691e-02
0.84005	2.78469e-02
0.84041	2.79356e-02
0.84074	2.80361e-02
0.84111	2.81184e-02
0.84146	2.82175e-02
0.84179	2.83340e-02
0.84210	2.84682e-02
0.84240	2.86207e-02
0.84267	2.87916e-02
0.84293	2.89811e-02
0.84316	2.91893e-02
0.84338	2.94158e-02
0.84358	2.96600e-02
0.84376	2.99213e-02
0.84392	3.01985e-02
0.84406	3.04902e-02
0.84417	3.07951e-02
0.84427	3.11114e-02
0.84435	3.14373e-02
0.84441	3.17710e-02
0.84444	3.21107e-02
0.84446	3.24547e-02
0.84446	3.28012e-02
0.84444	3.31490e-02
0.84440	3.34967e-02
0.84435	3.38432e-02
0.84428	3.41880e-02
0.84420	3.45302e-02
0.84411	3.48695e-02
0.84401	3.52058e-02
0.84393	3.55743e-02
0.84384	3.59309e-02
0.84374	3.62771e-02
0.84364	3.66142e-02
0.84353	3.69436e-02
0.84342	3.72663e-02
0.84331	3.75833e-02
0.84320	3.78957e-02
0.84312	3.81797e-02
0.84304	3.84610e-02
0.84298	3.87402e-02
0.84292	3.90178e-02
0.84288	3.92946e-02
0.84291	3.95825e-02
0.84295	3.98725e-02
0.84301	4.01654e-02
0.84308	4.04656e-02
0.84317	4.07700e-02
0.84326	4.10798e-02
0.84337	4.13960e-02
0.84349	4.17195e-02
0.84362	4.20510e-02
0.84375	4.23911e-02
0.84388	4.27399e-02
0.84400	4.30974e-02
0.84413	4.34631e-02
0.84424	4.38360e-02
0.84434	4.42148e-02
0.84443	4.45981e-02
0.84450	4.49838e-02
0.84455	4.53699e-02
0.84457	4.57539e-02
0.84457	4.61336e-02
0.84454	4.65065e-02
0.84449	4.68703e-02
0.84440	4.72225e-02
0.84429	4.75611e-02
0.84415	4.78842e-02
0.84399	4.81899e-02
0.84379	4.84769e-02
0.84358	4.87439e-02
0.84334	4.89900e-02
0.84307	4.92145e-02
0.84279	4.94171e-02
0.84248	4.95976e-02
0.84216	4.97562e-02
0.84183	4.98933e-02
0.84148	5.00094e-02
0.84111	5.01053e-02
0.84074	5.01819e-02
0.84036	5.02402e-02
0.83997	5.02812e-02
0.83958	5.03061e-02
0.83919	5.03161e-02
0.83879	5.03122e-02
0.83840	5.02957e-02
0.83801	5.02676e-02
0.83762	5.02290e-02
0.83724	5.01810e-02
0.83687	5.01245e-02
0.83651	5.00605e-02
0.83615	4.99899e-02
0.83581	4.99135e-02
0.83549	4.98322e-02
0.83517	4.97469e-02
0.83488	4.96581e-02
0.83460	4.95669e-02
0.83433	4.94738e-02
0.83408	4.93795e-02
0.83385	4.92848e-02
0.83363	4.91903e-02
0.83343	4.90966e-02
0.83325	4.90041e-02
0.83313	4.88989e-02
0.83303	4.87966e-02
0.83294	4.86977e-02
0.83287	4.86025e-02
0.83280	4.85112e-02
0.83275	4.84239e-02
0.83270	4.83405e-02
0.83266	4.82607e-02
0.83263	4.81843e-02
0.83260	4.81107e-02
0.83258	4.80392e-02
0.83256	4.79691e-02
0.83254	4.78995e-02
0.83252	4.78293e-02
0.83251	4.77574e-02
0.83249	4.76825e-02
0.83247	4.76031e-02
0.83244	4.75176e-02
0.83242	4.74244e-02
0.83239	4.73216e-02
0.83236	4.72073e-02
0.83232	4.70796e-02
0.83228	4.69364e-02
0.83224	4.67757e-02
0.83220	4.65955e-02
0.83215	4.63939e-02
0.83210	4.61690e-02
0.83207	4.59400e-02
0.83204	4.56849e-02
0.83201	4.54028e-02
0.83198	4.50929e-02
0.83196	4.47549e-02
0.83194	4.43885e-02
0.83193	4.39943e-02
0.83193	4.35730e-02
0.83197	4.30859e-02
0.83202	4.25749e-02
0.83207	4.20416e-02
0.83214	4.14884e-02
0.83223	4.08927e-02
0.83233	4.02851e-02
0.83244	3.96693e-02
0.83256	3.90484e-02
0.83269	3.84248e-02
0.83283	3.78029e-02
0.83298	3.71861e-02
0.83314	3.65777e-02
0.83330	3.59810e-02
0.83347	3.53989e-02
0.83364	3.48339e-02
0.83383	3.42883e-02
0.83401	3.37637e-02
0.83420	3.32615e-02
0.83439	3.27822e-02
0.83458	3.23259e-02
0.83477	3.18922e-02
0.83495	3.14800e-02
0.83514	3.10880e-02
0.83532	3.07146e-02
0.83549	3.03578e-02
0.83566	3.00156e-02
0.83582	2.96858e-02
0.83598	2.93664e-02
0.83613	2.90555e-02
0.83628	2.87513e-02
0.83642	2.84523e-02
0.83656	2.81571e-02
0.83670	2.78647e-02
0.83683	2.75744e-02
0.83696	2.72857e-02
0.83709	2.69983e-02
0.83723	2.67124e-02
0.83736	2.64285e-02
0.83750	2.61472e-02
0.83764	2.58698e-02
0.83778	2.55978e-02
0.83793	2.53329e-02
0.83808	2.50775e-02
0.83823	2.48339e-02
0.83839	2.46045e-02
0.83854	2.43920e-02
0.83869	2.41987e-02
0.83883	2.40265e-02
0.83897	2.38770e-02
0.83910	2.37513e-02
0.83925	2.36328e-02
0.83937	2.35401e-02
0.83949	2.34726e-02
0.83962	2.34765e-02
0.83974	2.35029e-02
0.83985	2.35512e-02
0.83994	2.36203e-02
0.84002	2.37093e-02
0.84009	2.38169e-02
0.84015	2.39422e-02
0.84021	2.40841e-02
0.84025	2.42414e-02
0.84030	2.44023e-02
0.84035	2.45725e-02
0.84039	2.47513e-02
0.84048	2.49323e-02
0.84057	2.51192e-02
0.84066	2.53114e-02
0.84075	2.55082e-02
0.84083	2.57091e-02
0.84091	2.59134e-02
0.84099	2.61206e-02
0.84107	2.63301e-02
0.84114	2.65414e-02
0.84121	2.67541e-02
0.84128	2.69675e-02
0.84134	2.71814e-02
0.84139	2.73953e-02
0.84144	2.76088e-02
0.84149	2.78215e-02
0.84152	2.80332e-02
0.84156	2.82436e-02
0.84158	2.84524e-02
0.84160	2.86595e-02
0.84161	2.88648e-02
0.84162	2.90683e-02
0.84162	2.92700e-02
0.84161	2.94703e-02
0.84160	2.96694e-02
0.84158	2.98678e-02
0.84156	3.00660e-02
0.84154	3.02649e-02
0.84151	3.04651e-02
0.84148	3.06675e-02
0.84145	3.08730e-02
0.84141	3.10825e-02
0.84137	3.12968e-02
0.84133	3.15167e-02
0.84128	3.17428e-02
0.84123	3.19758e-02
0.84120	3.21989e-02
0.84116	3.24316e-02
0.84112	3.26736e-02
0.84107	3.29242e-02
0.84101	3.31809e-02
0.84096	3.34526e-02
0.84090	3.37306e-02
0.84083	3.40134e-02
0.84082	3.42874e-02
0.84080	3.45632e-02
0.84077	3.48394e-02
0.84073	3.51146e-02
0.84067	3.53873e-02
0.84061	3.56561e-02
0.84054	3.59196e-02
0.84046	3.61764e-02
0.84037	3.64254e-02
0.84027	3.66654e-02
0.84016	3.68954e-02
0.84005	3.71143e-02
0.83992	3.73211e-02
0.83980	3.75148e-02
0.83967	3.76945e-02
0.83953	3.78592e-02
0.83939	3.80079e-02
0.83925	3.81395e-02
0.83911	3.82529e-02
0.83897	3.83472e-02
0.83884	3.84212e-02
0.83871	3.84739e-02
0.83858	3.85045e-02
0.83846	3.85123e-02
0.83835	3.84968e-02
0.83825	3.84580e-02
0.83816	3.83960e-02
0.83807	3.83116e-02
0.83800	3.82057e-02
0.83794	3.80799e-02
0.83789	3.79361e-02
0.83785	3.77766e-02
0.83782	3.76039e-02
0.83780	3.74209e-02
0.83778	3.72305e-02
0.83778	3.70358e-02
0.83777	3.68401e-02
0.83777	3.66464e-02
0.83778	3.64580e-02
0.83778	3.62778e-02
0.83779	3.61087e-02
0.83780	3.59532e-02
0.83781	3.58137e-02
0.83781	3.56920e-02
0.83782	3.55896e-02
0.83781	3.55072e-02
0.83781	3.54454e-02
0.83780	3.54039e-02
0.83778	3.53820e-02
0.83775	3.53783e-02
0.83772	3.53911e-02
0.83767	3.54184e-02
0.83762	3.54579e-02
0.83757	3.55071e-02
0.83753	3.55624e-02
0.83748	3.56223e-02
0.83743	3.56847e-02
0.83737	3.57475e-02
0.83732	3.57948e-02
0.83727	3.58417e-02
0.83720	3.58870e-02
0.83714	3.59297e-02
0.83706	3.59693e-02
0.83699	3.60053e-02
0.83691	3.60378e-02
0.83682	3.60669e-02
0.83674	3.60930e-02
0.83665	3.61162e-02
0.83656	3.61371e-02
0.83646	3.61560e-02
0.83637	3.61732e-02
0.83627	3.61890e-02
0.83618	3.62035e-02
0.83609	3.62168e-02
0.83599	3.62288e-02
0.83590	3.62394e-02
0.83581	3.62483e-02
0.83573	3.62552e-02
0.83565	3.62598e-02
0.83558	3.62616e-02
0.83552	3.62603e-02
0.83547	3.62555e-02
0.83543	3.62469e-02
0.83540	3.62342e-02
0.83538	3.62174e-02
0.83538	3.61964e-02
0.83540	3.61714e-02
0.83543	3.61427e-02
0.83548	3.61106e-02
0.83555	3.60758e-02
0.83564	3.60389e-02
0.83575	3.60009e-02
0.83591	3.58963e-02
0.83609	3.57880e-02
0.83629	3.56768e-02
0.83651	3.55637e-02
0.83675	3.54499e-02
0.83703	3.53425e-02
0.83731	3.52350e-02
0.83761	3.51287e-02
0.83791	3.50251e-02
0.83823	3.49255e-02
0.83856	3.48311e-02
0.83889	3.47429e-02
0.83923	3.46621e-02
0.83958	3.45895e-02
0.83993	3.45258e-02
0.84029	3.44717e-02
0.84065	3.44276e-02
0.84101	3.43941e-02
0.84138	3.43713e-02
0.84174	3.43595e-02
0.84210	3.43588e-02
0.84247	3.43695e-02
0.84283	3.43915e-02
0.84318	3.44250e-02
0.84354	3.44702e-02
0.84389	3.45271e-02
0.84424	3.45959e-02
0.84458	3.46769e-02
0.84492	3.47703e-02
0.84525	3.48763e-02
0.84558	3.49951e-02
0.84591	3.51269e-02
0.84623	3.52719e-02
0.84654	3.54300e-02
0.84685	3.56011e-02
0.84715	3.57848e-02
0.84745	3.59807e-02
0.84774	3.61881e-02
0.84803	3.64060e-02
0.84831	3.66331e-02
0.84858	3.68680e-02
0.84886	3.71089e-02
0.84912	3.73540e-02
0.84939	3.75943e-02
0.84966	3.78349e-02
0.84992	3.80732e-02
0.85018	3.83067e-02
0.85043	3.85331e-02
0.85068	3.87499e-02
0.85093	3.89548e-02
0.85117	3.91458e-02
0.85141	3.93207e-02
0.85165	3.94780e-02
0.85189	3.96160e-02
0.85212	3.97335e-02
0.85236	3.98296e-02
0.85260	3.99033e-02
0.85283	3.99544e-02
0.85307	3.99825e-02
0.85331	3.99878e-02
0.85355	3.99704e-02
0.85379	3.99310e-02
0.85405	3.98749e-02
0.85432	3.97981e-02
0.85458	3.97019e-02
0.85485	3.95873e-02
0.85517	3.94280e-02
0.85549	3.92535e-02
0.85581	3.90652e-02
0.85613	3.88647e-02
0.85645	3.86535e-02
0.85678	3.84333e-02
0.85710	3.82056e-02
0.85742	3.79719e-02
0.85773	3.77337e-02
0.85385	3.82796e-02
0.85420	3.80404e-02
0.85454	3.77985e-02
0.85487	3.75554e-02
0.85520	3.73126e-02
0.85551	3.70716e-02
0.85582	3.68341e-02
0.85611	3.66016e-02
0.85639	3.63757e-02
0.85666	3.61580e-02
0.85691	3.59501e-02
0.85715	3.57533e-02
0.85737	3.55690e-02
0.85758	3.53983e-02
0.85776	3.52419e-02
0.85792	3.51003e-02
0.85806	3.49737e-02
0.85817	3.48617e-02
0.85826	3.47637e-02
0.85833	3.46785e-02
0.85836	3.46049e-02
0.85837	3.45412e-02
0.85834	3.44856e-02
0.85829	3.44360e-02
0.85822	3.43907e-02
0.85818	3.42916e-02
0.85813	3.41906e-02
0.85806	3.40858e-02
0.85796	3.39758e-02
0.85785	3.38596e-02
0.85777	3.38072e-02
0.85767	3.37420e-02
0.85756	3.36651e-02
0.85742	3.35776e-02
0.85728	3.34809e-02
0.85712	3.33765e-02
0.85695	3.32660e-02
0.85677	3.31512e-02
0.85658	3.30343e-02
0.85637	3.29173e-02
0.85616	3.28027e-02
0.85593	3.26927e-02
0.85569	3.25898e-02
0.85544	3.24963e-02
0.85518	3.24145e-02
0.85491	3.23465e-02
0.85463	3.22941e-02
0.85433	3.22588e-02
0.85402	3.22417e-02
0.85370	3.22437e-02
0.85336	3.22649e-02
0.85302	3.23054e-02
0.85266	3.23646e-02
0.85228	3.24417e-02
0.85190	3.25393e-02
0.85151	3.26524e-02
0.85110	3.27796e-02
0.85068	3.29191e-02
0.85025	3.30692e-02
0.84981	3.32283e-02
0.84936	3.33947e-02
0.84891	3.35669e-02
0.84844	3.37434e-02
0.84797	3.39230e-02
0.84749	3.41046e-02
0.84701	3.42871e-02
0.84652	3.44697e-02
0.84603	3.46516e-02
0.84555	3.48324e-02
0.84506	3.50117e-02
0.84457	3.51889e-02
0.84409	3.53639e-02
0.84361	3.55361e-02
0.84313	3.57052e-02
0.84265	3.58711e-02
0.84218	3.60336e-02
0.84172	3.61924e-02
0.84126	3.63475e-02
0.84081	3.64988e-02
0.84037	3.66460e-02
0.83994	3.67892e-02
0.83952	3.69283e-02
0.83911	3.70633e-02
0.83871	3.71942e-02
0.83833	3.73209e-02
0.83795	3.74437e-02
0.83759	3.75624e-02
0.83725	3.76772e-02
0.83692	3.77881e-02
0.83660	3.78951e-02
0.83630	3.79984e-02
0.83602	3.80715e-02
0.83578	3.81229e-02
0.83556	3.81511e-02
0.83536	3.81563e-02
0.83520	3.81397e-02
0.83505	3.81038e-02
0.83493	3.80526e-02
0.83484	3.79912e-02
0.83475	3.79252e-02
0.83469	3.78608e-02
0.83463	3.78035e-02
0.83459	3.77587e-02
0.83455	3.77307e-02
0.83451	3.77229e-02
0.83448	3.77374e-02
0.83445	3.77757e-02
0.83443	3.78381e-02
0.83440	3.79243e-02
0.83438	3.80334e-02
0.83436	3.81639e-02
0.83435	3.83140e-02
0.83433	3.84815e-02
0.83433	3.86641e-02
0.83441	3.87680e-02
0.83450	3.88841e-02
0.83460	3.90098e-02
0.83471	3.91422e-02
0.83482	3.92785e-02
0.83495	3.94158e-02
0.83508	3.95512e-02
0.83523	3.96815e-02
0.83538	3.98038e-02
0.83555	3.99150e-02
0.83574	4.00121e-02
0.83593	4.00922e-02
0.83614	4.01526e-02
0.83637	4.01907e-02
0.83661	4.02042e-02
0.83686	4.01909e-02
0.83718	4.02084e-02
0.83750	4.01921e-02
0.83784	4.01418e-02
0.83820	4.00577e-02
0.83857	3.99400e-02
0.83895	3.97894e-02
0.83935	3.96069e-02
0.83977	3.93943e-02
0.84020	3.91539e-02
0.84064	3.88885e-02
0.84110	3.86013e-02
0.84157	3.82963e-02
0.84204	3.79778e-02
0.84253	3.76507e-02
0.84302	3.73199e-02
0.84352	3.69904e-02
0.84401	3.66671e-02
0.84451	3.63547e-02
0.84500	3.60571e-02
0.84549	3.57778e-02
0.84596	3.55196e-02
0.84642	3.52844e-02
0.84687	3.50737e-02
0.84730	3.48880e-02
0.84771	3.47274e-02
0.84810	3.45915e-02
0.84846	3.44794e-02
0.84880	3.43900e-02
0.84911	3.43217e-02
0.84939	3.42731e-02
0.84965	3.42423e-02
0.84988	3.42330e-02
0.85008	3.42392e-02
0.85025	3.42590e-02
0.85040	3.42909e-02
0.85051	3.43331e-02
0.85060	3.43841e-02
0.85066	3.44425e-02
0.85072	3.44827e-02
0.85075	3.45250e-02
0.85077	3.45682e-02
0.85078	3.45988e-02
0.85079	3.46277e-02
0.85077	3.46541e-02
0.85075	3.46770e-02
0.85071	3.46956e-02
0.85066	3.47091e-02
0.85061	3.47164e-02
0.85055	3.47167e-02
0.85049	3.47090e-02
0.85043	3.46922e-02
0.85037	3.46653e-02
0.85030	3.46270e-02
0.85027	3.45677e-02
0.85023	3.44949e-02
0.85021	3.44074e-02
0.85019	3.43041e-02
0.85019	3.41840e-02
0.85020	3.40465e-02
0.85022	3.38908e-02
0.85025	3.37168e-02
0.85035	3.35095e-02
0.85046	3.32847e-02
0.85059	3.30427e-02
0.85073	3.27841e-02
0.85088	3.25097e-02
0.85104	3.22209e-02
0.85121	3.19190e-02
0.85139	3.16053e-02
0.85158	3.12814e-02
0.85177	3.09487e-02
0.85197	3.06086e-02
0.85217	3.02624e-02
0.85236	2.99113e-02
0.85256	2.95563e-02
0.85276	2.91984e-02
0.85295	2.88384e-02
0.85313	2.84770e-02
0.85331	2.81150e-02
0.85349	2.77530e-02
0.85365	2.73919e-02
0.85382	2.70321e-02
0.85397	2.66745e-02
0.85412	2.63198e-02
0.85428	2.59747e-02
0.85444	2.56355e-02
0.85459	2.53030e-02
0.85475	2.49779e-02
0.85491	2.46611e-02
0.85506	2.43530e-02
0.85522	2.40543e-02
0.85539	2.37655e-02
0.85555	2.34868e-02
0.85572	2.32186e-02
0.85590	2.29664e-02
0.85609	2.27289e-02
0.85628	2.25008e-02
0.85647	2.22824e-02
0.85667	2.20734e-02
0.85688	2.18739e-02
0.85710	2.16998e-02
0.85733	2.15345e-02
0.85756	2.13777e-02
0.85779	2.12293e-02
0.85803	2.10892e-02
0.85827	2.09573e-02
0.85852	2.08370e-02
0.85878	2.07250e-02
0.85903	2.06216e-02
0.85928	2.05269e-02
0.85953	2.04411e-02
0.85977	2.03644e-02
0.86001	2.02968e-02
0.86024	2.02386e-02
0.86046	2.01897e-02
0.86068	2.01502e-02
0.86092	2.01334e-02
0.86114	2.01250e-02
0.86135	2.01251e-02
0.86155	2.01338e-02
0.86176	2.00942e-02
0.86196	2.00637e-02
0.86214	2.00419e-02
0.86231	2.00288e-02
0.86245	2.00243e-02
0.86258	2.00282e-02
0.86269	2.00404e-02
0.86278	2.00609e-02
0.86286	2.00896e-02
0.86292	2.01263e-02
0.86311	2.01948e-02
0.86327	2.02675e-02
0.86342	2.03441e-02
0.86356	2.04242e-02
0.86369	2.05075e-02
0.86380	2.05938e-02
0.86390	2.06830e-02
0.86399	2.07747e-02
0.86408	2.08691e-02
0.86415	2.09662e-02
0.86422	2.10661e-02
0.86429	2.11691e-02
0.86435	2.12756e-02
0.86441	2.13859e-02
0.86447	2.15005e-02
0.86453	2.16201e-02
0.86459	2.17452e-02
0.86464	2.18766e-02
0.86470	2.20149e-02
0.86476	2.21609e-02
0.86483	2.23151e-02
0.86489	2.24783e-02
0.86496	2.26509e-02
0.86510	2.27589e-02
0.86524	2.28779e-02
0.86543	2.29334e-02
0.86563	2.30011e-02
0.86583	2.30822e-02
0.86603	2.31775e-02
0.86622	2.32876e-02
0.86641	2.34125e-02
0.86660	2.35521e-02
0.86677	2.37057e-02
0.86694	2.38723e-02
0.86709	2.40505e-02
0.86723	2.42390e-02
0.86735	2.44360e-02
0.86745	2.46398e-02
0.86753	2.48487e-02
0.86759	2.50609e-02
0.86762	2.52750e-02
0.86763	2.54893e-02
0.86765	2.57074e-02
0.86764	2.59234e-02
0.86760	2.61362e-02
0.86754	2.63451e-02
0.86745	2.65493e-02
0.86734	2.67479e-02
0.86721	2.69404e-02
0.86706	2.71261e-02
0.86688	2.73046e-02
0.86669	2.74752e-02
0.86648	2.76375e-02
0.86626	2.77909e-02
0.86602	2.79351e-02
0.86578	2.80695e-02
0.86552	2.81939e-02
0.86526	2.83077e-02
0.86499	2.84106e-02
0.86472	2.85023e-02
0.86446	2.85826e-02
0.86419	2.86526e-02
0.86394	2.87112e-02
0.86369	2.87580e-02
0.86345	2.87928e-02
0.86322	2.88156e-02
0.86301	2.88260e-02
0.86287	2.89340e-02
0.86275	2.90245e-02
0.86265	2.90978e-02
0.86257	2.91538e-02
0.86250	2.91926e-02
0.86246	2.92139e-02
0.86244	2.92178e-02
0.86245	2.92043e-02
0.86248	2.91734e-02
0.86260	2.91031e-02
0.86274	2.90102e-02
0.86292	2.88952e-02
0.86313	2.87588e-02
0.86337	2.86020e-02
0.86364	2.84262e-02
0.86396	2.82367e-02
0.86431	2.80317e-02
0.86469	2.78129e-02
0.86510	2.75827e-02
0.86553	2.73430e-02
0.86598	2.70961e-02
0.86645	2.68442e-02
0.86693	2.65894e-02
0.86743	2.63336e-02
0.86794	2.60786e-02
0.86845	2.58260e-02
0.86898	2.55783e-02
0.86950	2.53351e-02
0.87003	2.50976e-02
0.87054	2.48665e-02
0.87105	2.46423e-02
0.87155	2.44254e-02
0.87204	2.42159e-02
0.87261	2.39961e-02
0.87316	2.37866e-02
0.87370	2.35866e-02
0.87422	2.33955e-02
0.87475	2.32074e-02
0.87527	2.30256e-02
0.87576	2.28492e-02
0.87623	2.26772e-02
0.87669	2.25087e-02
0.87712	2.23427e-02
0.87753	2.21782e-02
0.87793	2.20145e-02
0.87831	2.18505e-02
0.87867	2.16858e-02
0.87902	2.15195e-02
0.87935	2.13513e-02
0.87967	2.11807e-02
0.88003	2.09882e-02
0.88037	2.07919e-02
0.88070	2.05920e-02
0.88102	2.03887e-02
0.88134	2.01823e-02
0.88165	1.99731e-02
0.88196	1.97619e-02
0.88225	1.95495e-02
0.88253	1.93376e-02
0.88281	1.91269e-02
0.88307	1.89185e-02
0.88333	1.87133e-02
0.88358	1.85125e-02
0.88382	1.83168e-02
0.88405	1.81271e-02
0.88427	1.79437e-02
0.88448	1.77671e-02
0.88468	1.75972e-02
0.88489	1.74208e-02
0.88508	1.72482e-02
0.88527	1.70786e-02
0.88545	1.69108e-02
0.88563	1.67435e-02
0.88579	1.65757e-02
0.88595	1.64060e-02
0.88610	1.62334e-02
0.88625	1.60568e-02
0.88639	1.58757e-02
0.88653	1.56897e-02
0.88666	1.54989e-02
0.88680	1.53038e-02
0.88693	1.51054e-02
0.88718	1.49416e-02
0.88743	1.47817e-02
0.88768	1.46274e-02
0.88792	1.44811e-02
0.88816	1.43450e-02
0.88955	1.50535e-02
0.88980	1.49227e-02
0.89004	1.48148e-02
0.89026	1.47339e-02
0.89047	1.46841e-02
0.89066	1.46692e-02
0.89084	1.46928e-02
0.89100	1.47576e-02
0.89114	1.48654e-02
0.89127	1.50171e-02
0.89139	1.52121e-02
0.89148	1.54489e-02
0.89156	1.57245e-02
0.89162	1.60348e-02
0.89166	1.63750e-02
0.89169	1.67394e-02
0.89169	1.71218e-02
0.89168	1.75159e-02
0.89164	1.79153e-02
0.89159	1.83139e-02
0.89151	1.87058e-02
0.89142	1.90859e-02
0.89136	1.95328e-02
0.89127	1.99618e-02
0.89117	2.03696e-02
0.89105	2.07536e-02
0.89091	2.11116e-02
0.89076	2.14424e-02
0.89059	2.17451e-02
0.89040	2.20197e-02
0.89020	2.22667e-02
0.89000	2.24870e-02
0.88978	2.26821e-02
0.88955	2.28537e-02
0.88931	2.30041e-02
0.88907	2.31357e-02
0.88882	2.32511e-02
0.88856	2.33529e-02
0.88830	2.34441e-02
0.88804	2.35274e-02
0.88777	2.36055e-02
0.88750	2.36810e-02
0.88723	2.37561e-02
0.88696	2.38328e-02
0.88668	2.39130e-02
0.88640	2.39978e-02
0.88612	2.40881e-02
0.88584	2.41845e-02
0.88555	2.42870e-02
0.88526	2.43953e-02
0.88496	2.45088e-02
0.88466	2.46263e-02
0.88436	2.47468e-02
0.88406	2.48687e-02
0.88376	2.49904e-02
0.88346	2.51067e-02
0.88317	2.52198e-02
0.88287	2.53278e-02
0.88258	2.54289e-02
0.88229	2.55213e-02
0.88200	2.56034e-02
0.88171	2.56737e-02
0.88142	2.57309e-02
0.88114	2.57740e-02
0.88087	2.58021e-02
0.88060	2.58146e-02
0.88034	2.58112e-02
0.88008	2.57918e-02
0.87983	2.57566e-02
0.87958	2.57061e-02
0.87934	2.56410e-02
0.87919	2.54183e-02
0.87905	2.51807e-02
0.87891	2.49299e-02
0.87878	2.46680e-02
0.87866	2.43974e-02
0.87854	2.41205e-02
0.87843	2.38399e-02
0.87832	2.35579e-02
0.87672	2.52348e-02
0.87662	2.49257e-02
0.87652	2.46235e-02
0.87642	2.43302e-02
0.87633	2.40478e-02
0.87625	2.37778e-02
0.87616	2.35217e-02
0.87608	2.32807e-02
0.87601	2.30557e-02
0.87593	2.28475e-02
0.87586	2.26567e-02
0.87580	2.24839e-02
0.87573	2.23293e-02
0.87567	2.21930e-02
0.87562	2.20753e-02
0.87557	2.19762e-02
0.87556	2.18668e-02
0.87555	2.17732e-02
0.87556	2.16952e-02
0.87557	2.16325e-02
0.87559	2.15849e-02
0.87562	2.15523e-02
0.87567	2.15347e-02
0.87572	2.15320e-02
0.87579	2.15443e-02
0.87586	2.15716e-02
0.87595	2.16141e-02
0.87606	2.16718e-02
0.87617	2.17450e-02
0.87631	2.18336e-02
0.87645	2.19379e-02
0.87661	2.20577e-02
0.87678	2.21932e-02
0.87697	2.23440e-02
0.87717	2.25099e-02
0.87739	2.26905e-02
0.87762	2.28852e-02
0.87786	2.30931e-02
0.87811	2.33133e-02
0.87838	2.35446e-02
0.87866	2.37858e-02
0.87895	2.40353e-02
0.87925	2.42913e-02
0.87961	2.45125e-02
0.87998	2.47434e-02
0.88034	2.49809e-02
0.88071	2.52218e-02
0.88108	2.54634e-02
0.88145	2.57028e-02
0.88183	2.59373e-02
0.88221	2.61641e-02
0.87656	2.62296e-02
0.87696	2.64995e-02
0.87735	2.67455e-02
0.87774	2.69663e-02
0.87814	2.71607e-02
0.87853	2.73277e-02
0.87893	2.74666e-02
0.87933	2.75769e-02
0.87974	2.76584e-02
0.88015	2.77111e-02
0.88057	2.77356e-02
0.88100	2.77323e-02
0.88143	2.77023e-02
0.88188	2.76470e-02
0.88234	2.75681e-02
0.88281	2.74676e-02
0.88329	2.73480e-02
0.88378	2.72120e-02
0.88429	2.70627e-02
0.88480	2.69034e-02
0.88532	2.67376e-02
0.88584	2.65689e-02
0.88637	2.64008e-02
0.88690	2.62370e-02
0.88742	2.60804e-02
0.88795	2.59504e-02
0.88846	2.58351e-02
0.88897	2.57361e-02
0.88945	2.56545e-02
0.88991	2.55903e-02
0.89035	2.55432e-02
0.89076	2.55121e-02
0.89113	2.54953e-02
0.89147	2.54906e-02
0.89177	2.54958e-02
0.89204	2.55080e-02
0.89226	2.55244e-02
0.89245	2.55422e-02
0.89259	2.55584e-02
0.89270	2.55701e-02
0.89278	2.55747e-02
0.89291	2.55660e-02
0.89301	2.55433e-02
0.89308	2.55043e-02
0.89311	2.54466e-02
0.89313	2.53682e-02
0.89311	2.52676e-02
0.89308	2.51432e-02
0.89304	2.49943e-02
0.89298	2.48201e-02
0.89292	2.46209e-02
0.89285	2.43972e-02
0.89278	2.41503e-02
0.89270	2.38819e-02
0.89263	2.35945e-02
0.89255	2.32912e-02
0.89247	2.29751e-02
0.89239	2.26500e-02
0.89231	2.23197e-02
0.89223	2.19877e-02
0.89214	2.16577e-02
0.89204	2.13327e-02
0.89194	2.10157e-02
0.89183	2.07088e-02
0.89171	2.04139e-02
0.89157	2.01377e-02
0.89143	1.98703e-02
0.89128	1.96119e-02
0.89112	1.93625e-02
0.89096	1.91219e-02
0.89079	1.88902e-02
0.89062	1.86670e-02
0.89044	1.84522e-02
0.89025	1.82459e-02
0.89007	1.80481e-02
0.88988	1.78591e-02
0.88969	1.76793e-02
0.88950	1.75093e-02
0.88931	1.73498e-02
0.88912	1.72016e-02
0.88893	1.70655e-02
0.88874	1.69425e-02
0.88856	1.68334e-02
0.88837	1.67388e-02
0.88819	1.66592e-02
0.88801	1.65948e-02
0.88782	1.65456e-02
0.88764	1.65111e-02
0.88746	1.64906e-02
0.88727	1.64829e-02
0.88708	1.64866e-02
0.88690	1.64999e-02
0.88672	1.65270e-02
0.88653	1.65559e-02
0.88633	1.65859e-02
0.88613	1.66159e-02
0.88593	1.66444e-02
0.88572	1.66697e-02
0.88551	1.66901e-02
0.88530	1.67041e-02
0.88508	1.67101e-02
0.88487	1.67065e-02
0.88465	1.66923e-02
0.88444	1.66664e-02
0.88423	1.66278e-02
0.88402	1.65761e-02
0.88382	1.65107e-02
0.88362	1.64315e-02
0.88342	1.63385e-02
0.88323	1.62320e-02
0.88304	1.61123e-02
0.88287	1.59802e-02
0.88269	1.58363e-02
0.88253	1.56817e-02
0.88237	1.55172e-02
0.88222	1.53442e-02
0.88207	1.51637e-02
0.88194	1.49771e-02
0.88181	1.47855e-02
0.88169	1.45902e-02
0.88158	1.43923e-02
0.88147	1.41929e-02
0.88138	1.39930e-02
0.88129	1.37934e-02
0.88122	1.35947e-02
0.88115	1.33974e-02
0.88110	1.32020e-02
0.88105	1.30084e-02
0.88102	1.28166e-02
0.88100	1.26264e-02
0.88100	1.24375e-02
0.88101	1.22494e-02
0.88104	1.20613e-02
0.88108	1.18727e-02
0.88114	1.16827e-02
0.88122	1.14906e-02
0.88131	1.12955e-02
0.88143	1.10966e-02
0.88156	1.08932e-02
0.88171	1.06847e-02
0.88188	1.04704e-02
0.88218	1.01441e-02
0.88246	9.83902e-03
0.88275	9.55016e-03
0.88303	9.27340e-03
0.88330	9.00532e-03
0.88358	8.74329e-03
0.88387	8.48553e-03
0.88415	8.23102e-03
0.88445	7.97957e-03
0.88474	7.73179e-03
0.88505	7.48910e-03
0.88536	7.25378e-03
0.88567	7.02894e-03
0.88599	6.81856e-03
0.88632	6.62734e-03
0.88665	6.46064e-03
0.88698	6.32412e-03
0.88731	6.22340e-03
0.88764	6.16350e-03
0.88798	6.14830e-03
0.88830	6.18001e-03
0.88863	6.25881e-03
0.88894	6.38276e-03
0.88925	6.54803e-03
0.88955	6.74925e-03
0.88983	6.98010e-03
0.89010	7.23341e-03
0.89035	7.50378e-03
0.89058	7.78476e-03
0.89080	8.07049e-03
0.89099	8.35577e-03
0.89117	8.63612e-03
0.89132	8.90779e-03
0.89146	9.16767e-03
0.89158	9.41325e-03
0.89168	9.64253e-03
0.89176	9.85391e-03
0.89182	1.00461e-02
0.89187	1.02182e-02
0.89191	1.03692e-02
0.89194	1.04985e-02
0.89195	1.06053e-02
0.89196	1.06891e-02
0.89196	1.07490e-02
0.89196	1.07846e-02
0.89195	1.07949e-02
0.89195	1.07794e-02
0.89195	1.07373e-02
0.89195	1.06681e-02
0.89196	1.05715e-02
0.89197	1.04473e-02
0.89200	1.03012e-02
0.89204	1.01290e-02
0.89209	9.93236e-03
0.89215	9.71378e-03
0.89222	9.47653e-03
0.89230	9.22480e-03
0.89239	8.96357e-03
0.89248	8.69842e-03
0.89291	9.71732e-03
0.89304	9.41642e-03
0.89317	9.13080e-03
0.89329	8.86674e-03
0.89339	8.62973e-03
0.89349	8.42416e-03
0.89356	8.25332e-03
0.89362	8.11930e-03
0.89365	8.02310e-03
0.89363	9.75447e-03
0.89362	9.72825e-03
0.89359	9.74528e-03
0.89353	9.80290e-03
0.89343	9.89786e-03
0.89331	1.00265e-02
0.89317	1.01847e-02
0.89301	1.03743e-02
0.89282	1.05846e-02
0.89260	1.08115e-02
0.89237	1.10509e-02
0.89210	1.12988e-02
0.89182	1.15514e-02
0.89152	1.18050e-02
0.89119	1.20565e-02
0.89084	1.23027e-02
0.89048	1.25409e-02
0.89009	1.27686e-02
0.88968	1.29838e-02
0.88926	1.31845e-02
0.88882	1.33690e-02
0.88836	1.35360e-02
0.88789	1.36843e-02
0.88741	1.38130e-02
0.88692	1.39212e-02
0.88642	1.40083e-02
0.88591	1.40738e-02
0.88540	1.41173e-02
0.88489	1.41385e-02
0.88437	1.41372e-02
0.88386	1.41133e-02
0.88335	1.40669e-02
0.88285	1.39979e-02
0.88236	1.39067e-02
0.88188	1.37935e-02
0.88140	1.36587e-02
0.88095	1.35029e-02
0.88050	1.33268e-02
0.88008	1.31312e-02
0.87967	1.29170e-02
0.87928	1.26854e-02
0.87891	1.24375e-02
0.87856	1.21749e-02
0.87823	1.18989e-02
0.87792	1.16111e-02
0.87763	1.13131e-02
0.87737	1.10066e-02
0.87712	1.06932e-02
0.87690	1.03747e-02
0.87670	1.00527e-02
0.87652	9.72873e-03
0.87636	9.40440e-03
0.87623	9.08117e-03
0.87612	8.76045e-03
0.87603	8.44361e-03
0.87596	8.13194e-03
0.87592	7.82670e-03
0.87589	7.52913e-03
0.87604	7.10126e-03
0.87621	6.67578e-03
0.87641	6.25325e-03
0.87665	5.83476e-03
0.87692	5.42178e-03
0.87722	5.01611e-03
0.87755	4.61980e-03
0.87791	4.23511e-03
0.87830	3.86446e-03
0.87872	3.51039e-03
0.87917	3.17554e-03
0.87964	2.86255e-03
0.88013	2.57408e-03
0.88065	2.31276e-03
0.88119	2.08111e-03
0.88176	1.88157e-03
0.88234	1.71641e-03
0.88294	1.58772e-03
0.88356	1.49741e-03
0.88419	1.44712e-03
0.88484	1.43823e-03
0.88551	1.47182e-03
0.88619	1.54864e-03
0.88688	1.66907e-03
0.88759	1.83308e-03
0.88831	2.04021e-03
0.88904	2.28954e-03
0.88977	2.57964e-03
0.89052	2.90857e-03
0.89126	3.27388e-03
0.89201	3.67260e-03
0.89276	4.10128e-03
0.89350	4.55604e-03
0.89423	5.03263e-03
0.89495	5.52656e-03
0.89565	6.03316e-03
0.89633	6.54771e-03
0.89699	7.06559e-03
0.89762	7.58237e-03
0.89821	8.09391e-03
0.89878	8.59647e-03
0.89930	9.08673e-03
0.89979	9.56188e-03
0.90025	1.00196e-02
0.90066	1.04580e-02
0.90103	1.08756e-02
0.90136	1.12716e-02
0.90165	1.16451e-02
0.90191	1.19960e-02
0.90238	1.25777e-02
0.90281	1.31253e-02
0.90319	1.36351e-02
0.90352	1.41035e-02
0.90380	1.45278e-02
0.90402	1.49059e-02
0.90420	1.52368e-02
0.90432	1.55201e-02
0.90440	1.57559e-02
0.90444	1.59452e-02
0.90443	1.60889e-02
0.90439	1.61886e-02
0.90432	1.62459e-02
0.90421	1.62624e-02
0.90408	1.62398e-02
0.90393	1.61797e-02
0.90377	1.60838e-02
0.90359	1.59534e-02
0.90340	1.57901e-02
0.90321	1.55951e-02
0.90301	1.53697e-02
0.90282	1.51152e-02
0.90263	1.48329e-02
0.90244	1.45241e-02
0.90226	1.41900e-02
0.90208	1.38323e-02
0.90192	1.34525e-02
0.90177	1.30523e-02
0.90163	1.26335e-02
0.90150	1.21981e-02
0.90138	1.17482e-02
0.90127	1.12860e-02
0.90117	1.08138e-02
0.90107	1.03340e-02
0.90099	9.84891e-03
0.90091	9.36086e-03
0.90083	8.87218e-03
0.90076	8.38510e-03
0.90069	7.90178e-03
0.90062	7.42422e-03
0.90055	6.95429e-03
0.90049	6.49373e-03
0.90042	6.04411e-03
0.90034	5.60684e-03
0.90027	5.18316e-03
0.90019	4.77417e-03
0.90010	4.38083e-03
0.90001	4.00395e-03
0.89992	3.64422e-03
0.89983	3.30222e-03
0.89973	2.97843e-03
0.89963	2.67325e-03
0.89952	2.38701e-03
0.89942	2.11996e-03
0.89931	1.87233e-03
0.89920	1.64430e-03
0.89909	1.43601e-03
0.89898	1.24762e-03
0.89887	1.07925e-03
0.89877	9.31030e-04
0.89867	8.03085e-04
0.89857	6.95554e-04
0.89848	6.08583e-04
0.89840	5.42328e-04
0.89832	4.96949e-04
0.89826	4.72614e-04
0.89867	0.00000e+00
0.89865	0.00000e+00
0.89866	0.00000e+00
0.89871	0.00000e+00
0.89879	0.00000e+00
0.89892	0.00000e+00
0.89908	0.00000e+00
0.89928	0.00000e+00
0.89953	0.00000e+00
0.89981	0.00000e+00
0.90014	0.00000e+00
0.90051	0.00000e+00
0.90091	0.00000e+00
0.90136	0.00000e+00
0.90184	0.00000e+00
0.90235	0.00000e+00
0.90290	0.00000e+00
0.90348	0.00000e+00
0.90408	0.00000e+00
0.90470	0.00000e+00
0.90534	0.00000e+00
0.90600	0.00000e+00
0.90666	0.00000e+00
0.90733	0.00000e+00
0.90801	0.00000e+00
0.90868	0.00000e+00
0.90936	0.00000e+00
0.91002	0.00000e+00
0.91068	0.00000e+00
0.91133	0.00000e+00
0.91197	0.00000e+00
0.91260	0.00000e+00
0.91322	0.00000e+00
0.91382	0.00000e+00
0.91442	0.00000e+00
0.91501	0.00000e+00
0.91559	0.00000e+00
0.91616	0.00000e+00
0.91674	0.00000e+00
0.91731	0.00000e+00
0.91788	0.00000e+00
0.91845	0.00000e+00
0.91903	0.00000e+00
0.91962	0.00000e+00
0.92022	0.00000e+00
0.92083	0.00000e+00
0.92146	0.00000e+00
0.92210	0.00000e+00
0.92276	0.00000e+00
0.92344	0.00000e+00
0.92413	0.00000e+00
0.92484	0.00000e+00
0.92556	0.00000e+00
0.92629	0.00000e+00
0.92703	0.00000e+00
0.92777	0.00000e+00
0.92850	0.00000e+00
0.92922	0.00000e+00
0.92993	0.00000e+00
0.93062	0.00000e+00
0.93127	0.00000e+00
0.93189	0.00000e+00
0.93247	0.00000e+00
0.93300	0.00000e+00
0.93347	0.00000e+00
0.93389	0.00000e+00
0.93425	0.00000e+00
0.93455	0.00000e+00
0.93478	0.00000e+00
0.93495	0.00000e+00
0.93506	0.00000e+00
0.93510	0.00000e+00
0.93509	0.00000e+00
0.93501	0.00000e+00
0.93489	0.00000e+00
0.93471	0.00000e+00
0.93448	0.00000e+00
0.93420	0.00000e+00
0.93388	0.00000e+00
0.93352	0.00000e+00
0.93312	0.00000e+00
0.93269	0.00000e+00
0.93223	0.00000e+00
0.93174	0.00000e+00
0.93122	0.00000e+00
0.93068	0.00000e+00
0.93012	0.00000e+00
0.92954	0.00000e+00
0.92895	0.00000e+00
0.92834	0.00000e+00
0.92772	0.00000e+00
0.92709	0.00000e+00
0.92645	0.00000e+00
0.92581	0.00000e+00
0.92516	0.00000e+00
0.92450	0.00000e+00
0.92385	0.00000e+00
0.92319	0.00000e+00
0.92253	0.00000e+00
0.92187	0.00000e+00
0.92121	0.00000e+00
0.92055	0.00000e+00
0.91989	0.00000e+00
0.91924	0.00000e+00
0.91860	0.00000e+00
0.91795	0.00000e+00
0.91731	0.00000e+00
0.91668	0.00000e+00
0.91606	0.00000e+00
0.91543	0.00000e+00
0.91482	0.00000e+00
0.91421	0.00000e+00
0.91361	0.00000e+00
0.91302	0.00000e+00
0.91243	0.00000e+00
0.91186	0.00000e+00
0.91129	0.00000e+00
0.91072	0.00000e+00
0.91017	0.00000e+00
0.90963	0.00000e+00
0.90909	0.00000e+00
0.90856	0.00000e+00
0.90804	0.00000e+00
0.90753	0.00000e+00
0.90702	0.00000e+00
0.90653	0.00000e+00
0.90604	0.00000e+00
0.90557	0.00000e+00
0.90510	0.00000e+00
0.90464	0.00000e+00
0.90419	0.00000e+00
0.90375	0.00000e+00
0.90331	0.00000e+00
0.90289	0.00000e+00
0.90247	0.00000e+00
0.90207	0.00000e+00
0.90167	0.00000e+00
0.90128	0.00000e+00
0.90090	0.00000e+00
0.90053	0.00000e+00
0.90017	0.00000e+00
0.89982	0.00000e+00
0.89948	0.00000e+00
0.89914	0.00000e+00
0.89882	0.00000e+00
0.89851	0.00000e+00
0.89820	0.00000e+00
0.89791	0.00000e+00
0.89763	0.00000e+00
0.89736	0.00000e+00
0.89709	0.00000e+00
0.89684	0.00000e+00
0.89661	0.00000e+00
0.89638	0.00000e+00
0.89616	0.00000e+00
0.89596	0.00000e+00
0.89577	0.00000e+00
0.89559	0.00000e+00
0.89543	0.00000e+00
0.89528	0.00000e+00
0.89515	0.00000e+00
0.89503	0.00000e+00
0.89493	0.00000e+00
0.89484	0.00000e+00
0.89478	0.00000e+00
0.89473	0.00000e+00
0.89470	0.00000e+00
0.89470	0.00000e+00
0.89472	0.00000e+00
0.89476	0.00000e+00
0.89482	0.00000e+00
0.89492	0.00000e+00
