0.98475	2.59481e-03
0.98441	2.69390e-03
0.98409	2.79730e-03
0.98378	2.90397e-03
0.98347	3.01321e-03
0.98318	3.12460e-03
0.98290	3.23787e-03
0.98263	3.35294e-03
0.98236	3.46977e-03
0.98210	3.58842e-03
0.98185	3.70898e-03
0.98160	3.83156e-03
0.98136	3.95627e-03
0.98112	4.08322e-03
0.98089	4.21253e-03
0.98066	4.34427e-03
0.98043	4.47851e-03
0.98020	4.61530e-03
0.97998	4.75465e-03
0.97975	4.89655e-03
0.97953	5.04097e-03
0.97931	5.18786e-03
0.97909	5.33711e-03
0.97887	5.48862e-03
0.97866	5.64225e-03
0.97844	5.79786e-03
0.97822	5.95526e-03
0.97800	6.11425e-03
0.97779	6.27463e-03
0.97757	6.43617e-03
0.97735	6.59862e-03
0.97714	6.76174e-03
0.97692	6.92525e-03
0.97671	7.08890e-03
0.97649	7.25240e-03
0.97624	7.37281e-03
0.97598	7.49380e-03
0.97573	7.61516e-03
0.97548	7.73654e-03
0.97523	7.85758e-03
0.97494	7.94910e-03
0.97458	8.00336e-03
0.97423	8.05812e-03
0.97388	8.11318e-03
0.97350	8.13560e-03
0.97311	8.15763e-03
0.97274	8.17904e-03
0.97237	8.19951e-03
0.97200	8.21871e-03
0.97164	8.23628e-03
0.97129	8.25189e-03
0.97094	8.26526e-03
0.97059	8.27608e-03
0.97025	8.28412e-03
0.96991	8.28916e-03
0.96958	8.29103e-03
0.96926	8.28956e-03
0.96894	8.28467e-03
0.96862	8.27626e-03
0.96831	8.26431e-03
0.96801	8.24879e-03
0.96771	8.22975e-03
0.96742	8.20723e-03
0.96713	8.18134e-03
0.96685	8.15221e-03
0.96658	8.11998e-03
0.96631	8.08485e-03
0.96604	8.04704e-03
0.96579	8.00681e-03
0.96549	8.01653e-03
0.96519	8.02112e-03
0.96491	8.02034e-03
0.96463	8.01418e-03
0.96436	8.00273e-03
0.96411	7.98624e-03
0.96386	7.96500e-03
0.96361	7.93938e-03
0.96338	7.90979e-03
0.96307	8.00915e-03
0.96277	8.10749e-03
0.96247	8.20395e-03
0.96219	8.29810e-03
0.96191	8.38970e-03
0.96164	8.47871e-03
0.96139	8.56517e-03
0.96114	8.64920e-03
0.96084	8.75608e-03
0.96055	8.85872e-03
0.96028	8.95710e-03
0.96002	9.05128e-03
0.95977	9.14139e-03
0.95953	9.22757e-03
0.95929	9.30999e-03
0.95908	9.38881e-03
0.95887	9.46422e-03
0.95867	9.53638e-03
0.95848	9.60546e-03
0.95830	9.67161e-03
0.95812	9.73499e-03
0.95796	9.79571e-03
0.95770	9.75392e-03
0.95744	9.71059e-03
0.95719	9.66609e-03
0.95695	9.62053e-03
0.95671	9.57396e-03
0.95648	9.52637e-03
0.95626	9.47776e-03
0.95604	9.42815e-03
0.95578	9.39303e-03
0.95552	9.35611e-03
0.95527	9.31729e-03
0.95502	9.27651e-03
0.95478	9.23378e-03
0.95454	9.18912e-03
0.95431	9.14263e-03
0.95408	9.09442e-03
0.95386	9.04467e-03
0.95364	8.99356e-03
0.95338	8.93984e-03
0.95312	8.88447e-03
0.95286	8.82751e-03
0.95261	8.76904e-03
0.95229	8.81664e-03
0.95197	8.86629e-03
0.95165	8.91736e-03
0.95133	8.96938e-03
0.95102	9.02203e-03
0.95071	9.07507e-03
0.95040	9.12833e-03
0.95003	9.06990e-03
0.94965	9.00973e-03
0.94927	8.94969e-03
0.94890	8.89149e-03
0.94853	8.83669e-03
0.94816	8.78678e-03
0.94779	8.74320e-03
0.94742	8.70732e-03
0.94706	8.68050e-03
0.94670	8.66401e-03
0.94635	8.65905e-03
0.94594	8.63023e-03
0.94554	8.61492e-03
0.94514	8.61442e-03
0.94470	8.60237e-03
0.94421	8.55536e-03
0.94373	8.52280e-03
0.94324	8.50598e-03
0.94277	8.50596e-03
0.94230	8.52366e-03
0.94183	8.55979e-03
0.94137	8.61492e-03
0.94091	8.68939e-03
0.94046	8.78337e-03
0.94001	8.89685e-03
0.93957	9.02963e-03
0.93913	9.18136e-03
0.93870	9.35154e-03
0.93825	9.49326e-03
0.93780	9.65280e-03
0.93736	9.82947e-03
0.93692	1.00225e-02
0.93650	1.02309e-02
0.93608	1.04537e-02
0.93568	1.06900e-02
0.93528	1.09387e-02
0.93489	1.11987e-02
0.93451	1.14691e-02
0.93414	1.17488e-02
0.93378	1.20368e-02
0.93343	1.23321e-02
0.93309	1.26338e-02
0.93275	1.29409e-02
0.93237	1.31993e-02
0.93200	1.34631e-02
0.93164	1.37317e-02
0.93128	1.40043e-02
0.93095	1.42800e-02
0.93062	1.45581e-02
0.93023	1.48636e-02
0.92986	1.51703e-02
0.92950	1.54772e-02
0.92915	1.57836e-02
0.92881	1.60891e-02
0.92848	1.63929e-02
0.92816	1.66946e-02
0.92786	1.69936e-02
0.92756	1.72895e-02
0.92728	1.75819e-02
0.92701	1.78704e-02
0.92675	1.81547e-02
0.92650	1.84344e-02
0.92626	1.87092e-02
0.92603	1.89789e-02
0.92581	1.92432e-02
0.92560	1.95020e-02
0.92540	1.97550e-02
0.92521	2.00020e-02
0.92503	2.02430e-02
0.92486	2.04778e-02
0.92470	2.07063e-02
0.92446	2.08858e-02
0.92422	2.10603e-02
0.92399	2.12301e-02
0.92377	2.13953e-02
0.92356	2.15561e-02
0.92330	2.16835e-02
0.92300	2.18057e-02
0.92271	2.19239e-02
0.92236	2.20491e-02
0.92201	2.21753e-02
0.92167	2.23022e-02
0.92134	2.24300e-02
0.92102	2.25585e-02
0.92068	2.26428e-02
0.92035	2.27295e-02
0.92003	2.28188e-02
0.91972	2.29106e-02
0.91942	2.30049e-02
0.91913	2.31016e-02
0.91884	2.32005e-02
0.91856	2.33015e-02
0.91829	2.34046e-02
0.91803	2.35096e-02
0.91773	2.36216e-02
0.91744	2.37344e-02
0.91715	2.38480e-02
0.91684	2.38942e-02
0.91653	2.39433e-02
0.91623	2.39955e-02
0.91585	2.40883e-02
0.91548	2.41804e-02
0.91512	2.42714e-02
0.91476	2.43614e-02
0.91440	2.44501e-02
0.91406	2.45377e-02
0.91371	2.46242e-02
0.91337	2.47095e-02
0.91304	2.47938e-02
0.91271	2.48771e-02
0.91238	2.49596e-02
0.91206	2.50412e-02
0.91174	2.51222e-02
0.91143	2.52025e-02
0.91102	2.53808e-02
0.91061	2.55658e-02
0.91011	2.58291e-02
0.90960	2.60974e-02
0.90910	2.63696e-02
0.90860	2.66446e-02
0.90809	2.69215e-02
0.90760	2.71996e-02
0.90710	2.74781e-02
0.90661	2.77564e-02
0.90612	2.80339e-02
0.90563	2.83100e-02
0.90515	2.85843e-02
0.90467	2.88562e-02
0.90420	2.91253e-02
0.90373	2.93911e-02
0.90326	2.96532e-02
0.90280	2.99113e-02
0.90234	3.01650e-02
0.90189	3.04140e-02
0.90144	3.06581e-02
0.90100	3.08968e-02
0.90057	3.11300e-02
0.90014	3.13575e-02
0.89972	3.15791e-02
0.89930	3.17946e-02
0.89889	3.20038e-02
0.89849	3.22067e-02
0.89809	3.24030e-02
0.89770	3.25928e-02
0.89732	3.27760e-02
0.89695	3.29525e-02
0.89659	3.31224e-02
0.89623	3.32855e-02
0.89588	3.34421e-02
0.89547	3.36413e-02
0.89507	3.38344e-02
0.89464	3.39716e-02
0.89422	3.41025e-02
0.89380	3.42271e-02
0.89339	3.43454e-02
0.89299	3.44575e-02
0.89260	3.45635e-02
0.89222	3.46635e-02
0.89185	3.47578e-02
0.89148	3.48465e-02
0.89113	3.49299e-02
0.89078	3.50081e-02
0.89045	3.50816e-02
0.89012	3.51505e-02
0.88980	3.52151e-02
0.88949	3.52758e-02
0.88919	3.53328e-02
0.88891	3.53863e-02
0.88863	3.54368e-02
0.88836	3.54844e-02
0.88804	3.54609e-02
0.88762	3.55092e-02
0.88721	3.55524e-02
0.88681	3.55907e-02
0.88642	3.56242e-02
0.88604	3.56531e-02
0.88558	3.56497e-02
0.88513	3.56452e-02
0.88469	3.56402e-02
0.88426	3.56353e-02
0.88384	3.56308e-02
0.88343	3.56272e-02
0.88302	3.56248e-02
0.88263	3.56241e-02
0.88222	3.55845e-02
0.88182	3.55463e-02
0.88144	3.55104e-02
0.88106	3.54773e-02
0.88069	3.54474e-02
0.88033	3.54213e-02
0.87999	3.53991e-02
0.87965	3.53811e-02
0.87932	3.53676e-02
0.87901	3.53587e-02
0.87870	3.53545e-02
0.87840	3.53551e-02
0.87811	3.53606e-02
0.87780	3.53212e-02
0.87749	3.52852e-02
0.87719	3.52529e-02
0.87683	3.53231e-02
0.87640	3.52632e-02
0.87598	3.52035e-02
0.87556	3.51441e-02
0.87515	3.50852e-02
0.87474	3.50266e-02
0.87434	3.49682e-02
0.87395	3.49097e-02
0.87356	3.48511e-02
0.87318	3.47919e-02
0.87280	3.47320e-02
0.87243	3.46710e-02
0.87207	3.46086e-02
0.87171	3.45444e-02
0.87130	3.44482e-02
0.87089	3.43466e-02
0.87036	3.43590e-02
0.86983	3.43690e-02
0.86919	3.45016e-02
0.86856	3.46312e-02
0.86793	3.47563e-02
0.86730	3.48759e-02
0.86667	3.49890e-02
0.86605	3.50952e-02
0.86544	3.51939e-02
0.86482	3.52847e-02
0.86421	3.53674e-02
0.86361	3.54418e-02
0.86301	3.55078e-02
0.86233	3.56121e-02
0.86166	3.57082e-02
0.86099	3.57957e-02
0.86032	3.58747e-02
0.85965	3.59452e-02
0.85899	3.60074e-02
0.85833	3.60615e-02
0.85768	3.61081e-02
0.85703	3.61474e-02
0.85639	3.61801e-02
0.85575	3.62067e-02
0.85512	3.62279e-02
0.85450	3.62445e-02
0.85382	3.61458e-02
0.85316	3.60427e-02
0.85250	3.59366e-02
0.85185	3.58292e-02
0.85120	3.57217e-02
0.85056	3.56154e-02
0.84993	3.55116e-02
0.84931	3.54117e-02
0.84870	3.53170e-02
0.84800	3.51807e-02
0.84731	3.50480e-02
0.84663	3.49202e-02
0.84596	3.47988e-02
0.84529	3.46850e-02
0.84464	3.45801e-02
0.84399	3.44856e-02
0.84335	3.44025e-02
0.84272	3.43322e-02
0.84210	3.42757e-02
0.84149	3.42342e-02
0.84088	3.42086e-02
0.84029	3.41998e-02
0.83971	3.42086e-02
0.83913	3.42356e-02
0.83857	3.42813e-02
0.83802	3.43463e-02
0.83748	3.44306e-02
0.83695	3.45344e-02
0.83632	3.46011e-02
0.83558	3.46936e-02
0.83485	3.48086e-02
0.83412	3.49460e-02
0.83341	3.51054e-02
0.83270	3.52862e-02
0.83190	3.54467e-02
0.83112	3.56204e-02
0.83034	3.58064e-02
0.82958	3.60036e-02
0.82882	3.62111e-02
0.82808	3.64277e-02
0.82734	3.66520e-02
0.82662	3.68829e-02
0.82591	3.71189e-02
0.82521	3.73587e-02
0.82452	3.76009e-02
0.82385	3.78441e-02
0.82319	3.80869e-02
0.82250	3.83332e-02
0.82183	3.85753e-02
0.82118	3.88119e-02
0.82053	3.90417e-02
0.81988	3.92493e-02
0.81924	3.94466e-02
0.81862	3.96328e-02
0.81801	3.98065e-02
0.81741	3.99670e-02
0.81682	4.01131e-02
0.81625	4.02439e-02
0.81569	4.03586e-02
0.81511	4.04403e-02
0.81455	4.05041e-02
0.81400	4.05492e-02
0.81346	4.05752e-02
0.81294	4.05815e-02
0.81243	4.05678e-02
0.81193	4.05337e-02
0.81145	4.04790e-02
0.81098	4.04036e-02
0.81052	4.03073e-02
0.81007	4.01903e-02
0.80964	4.00526e-02
0.80922	3.98944e-02
0.80875	3.97532e-02
0.80829	3.95925e-02
0.80772	3.94076e-02
0.80716	3.92101e-02
0.80655	3.91008e-02
0.80595	3.89849e-02
0.80536	3.88628e-02
0.80478	3.87352e-02
0.80420	3.86034e-02
0.80363	3.84685e-02
0.80306	3.83319e-02
0.80250	3.81950e-02
0.80195	3.80590e-02
0.80140	3.79254e-02
0.80086	3.77954e-02
0.80032	3.76702e-02
0.79979	3.75510e-02
0.79926	3.74389e-02
0.79874	3.73349e-02
0.79812	3.72885e-02
0.79751	3.72532e-02
0.79689	3.72291e-02
0.79627	3.72163e-02
0.79566	3.72151e-02
0.79495	3.74227e-02
0.79423	3.76485e-02
0.79351	3.78903e-02
0.79279	3.81463e-02
0.79203	3.83623e-02
0.79126	3.85874e-02
0.79049	3.88209e-02
0.78971	3.90619e-02
0.78894	3.93092e-02
0.78816	3.95616e-02
0.78738	3.98179e-02
0.78661	4.00767e-02
0.78583	4.03370e-02
0.78499	4.05434e-02
0.78415	4.07468e-02
0.78332	4.09467e-02
0.78248	4.11421e-02
0.78164	4.13323e-02
0.78080	4.15165e-02
0.77996	4.16938e-02
0.77912	4.18635e-02
0.77828	4.20249e-02
0.77745	4.21773e-02
0.77661	4.23203e-02
0.77578	4.24534e-02
0.77495	4.25763e-02
0.77412	4.26888e-02
0.77329	4.27907e-02
0.77246	4.28821e-02
0.77164	4.29631e-02
0.77083	4.30338e-02
0.77001	4.30946e-02
0.76918	4.31438e-02
0.76829	4.31534e-02
0.76741	4.31544e-02
0.76653	4.31477e-02
0.76566	4.31346e-02
0.76480	4.31161e-02
0.76395	4.30937e-02
0.76310	4.30686e-02
0.76226	4.30425e-02
0.76143	4.30170e-02
0.76061	4.29936e-02
0.75980	4.29743e-02
0.75901	4.29609e-02
0.75823	4.29553e-02
0.75746	4.29597e-02
0.75670	4.29761e-02
0.75597	4.30069e-02
0.75525	4.30542e-02
0.75454	4.31204e-02
0.75382	4.32144e-02
0.75312	4.33328e-02
0.75243	4.34776e-02
0.75176	4.36507e-02
0.75103	4.38328e-02
0.75032	4.40494e-02
0.74962	4.43017e-02
0.74893	4.45901e-02
0.74827	4.49148e-02
0.74762	4.52752e-02
0.74698	4.56705e-02
0.74630	4.60255e-02
0.74563	4.64101e-02
0.74497	4.68228e-02
0.74432	4.72620e-02
0.74369	4.77258e-02
0.74307	4.82120e-02
0.74246	4.87183e-02
0.74187	4.92422e-02
0.74129	4.97812e-02
0.74072	5.03327e-02
0.74016	5.08940e-02
0.73962	5.14624e-02
0.73909	5.20354e-02
0.73857	5.26104e-02
0.73807	5.31848e-02
0.73758	5.37563e-02
0.73702	5.43042e-02
0.73647	5.48420e-02
0.73594	5.53680e-02
0.73541	5.58806e-02
0.73490	5.63782e-02
0.73440	5.68595e-02
0.73391	5.73230e-02
0.73344	5.77676e-02
0.73298	5.81922e-02
0.73253	5.85957e-02
0.73209	5.89774e-02
0.73167	5.93363e-02
0.73126	5.96718e-02
0.73087	5.99835e-02
0.73039	6.04063e-02
0.72993	6.08087e-02
0.72948	6.11893e-02
0.72900	6.15958e-02
0.72852	6.19811e-02
0.72806	6.23448e-02
0.72761	6.26865e-02
0.72717	6.30063e-02
0.72675	6.33044e-02
0.72634	6.35812e-02
0.72594	6.38375e-02
0.72557	6.40738e-02
0.72514	6.42647e-02
0.72473	6.44373e-02
0.72433	6.45932e-02
0.72394	6.47346e-02
0.72357	6.48639e-02
0.72322	6.49840e-02
0.72287	6.50980e-02
0.72253	6.52091e-02
0.72221	6.53204e-02
0.72178	6.53625e-02
0.72127	6.54312e-02
0.72077	6.55096e-02
0.72027	6.55998e-02
0.71976	6.57035e-02
0.71926	6.58221e-02
0.71876	6.59569e-02
0.71826	6.61088e-02
0.71776	6.62787e-02
0.71727	6.64676e-02
0.71677	6.66760e-02
0.71629	6.69045e-02
0.71580	6.71535e-02
0.71532	6.74234e-02
0.71485	6.77143e-02
0.71438	6.80263e-02
0.71391	6.83590e-02
0.71345	6.87123e-02
0.71299	6.90857e-02
0.71246	6.93123e-02
0.71188	6.95402e-02
0.71131	6.97775e-02
0.71074	7.00244e-02
0.71017	7.02813e-02
0.70960	7.05480e-02
0.70903	7.08244e-02
0.70847	7.11101e-02
0.70790	7.14047e-02
0.70734	7.17078e-02
0.70678	7.20188e-02
0.70623	7.23372e-02
0.70568	7.26625e-02
0.70513	7.29942e-02
0.70459	7.33317e-02
0.70405	7.36748e-02
0.70351	7.40230e-02
0.70299	7.43761e-02
0.70246	7.47340e-02
0.70195	7.50966e-02
0.70144	7.54639e-02
0.70094	7.58360e-02
0.70044	7.62128e-02
0.69988	7.65897e-02
0.69932	7.69722e-02
0.69876	7.73604e-02
0.69822	7.77539e-02
0.69767	7.81522e-02
0.69713	7.85541e-02
0.69660	7.89582e-02
0.69602	7.93475e-02
0.69545	7.97332e-02
0.69487	8.01125e-02
0.69428	8.04823e-02
0.69369	8.08399e-02
0.69310	8.11825e-02
0.69249	8.15079e-02
0.69188	8.18142e-02
0.69126	8.21003e-02
0.69063	8.23654e-02
0.68999	8.26090e-02
0.68933	8.28313e-02
0.68868	8.30327e-02
0.68801	8.32137e-02
0.68733	8.33751e-02
0.68665	8.35179e-02
0.68580	8.37544e-02
0.68489	8.39634e-02
0.68397	8.41530e-02
0.68305	8.43237e-02
0.68212	8.44766e-02
0.68118	8.46125e-02
0.68023	8.47327e-02
0.67928	8.48384e-02
0.67833	8.49311e-02
0.67737	8.50122e-02
0.67641	8.50832e-02
0.67544	8.51455e-02
0.67448	8.52008e-02
0.67351	8.52506e-02
0.67249	8.54082e-02
0.67147	8.55652e-02
0.67046	8.57218e-02
0.66941	8.58837e-02
0.66837	8.60473e-02
0.66733	8.62132e-02
0.66629	8.63820e-02
0.66525	8.65539e-02
0.66421	8.67288e-02
0.66318	8.69063e-02
0.66215	8.70853e-02
0.66112	8.72645e-02
0.66007	8.74241e-02
0.65902	8.75784e-02
0.65799	8.77251e-02
0.65696	8.78615e-02
0.65595	8.79849e-02
0.65495	8.80928e-02
0.65397	8.81828e-02
0.65301	8.82530e-02
0.65208	8.83019e-02
0.65116	8.83286e-02
0.65021	8.83267e-02
0.64928	8.83023e-02
0.64837	8.82560e-02
0.64749	8.81885e-02
0.64664	8.81010e-02
0.64581	8.79948e-02
0.64501	8.78717e-02
0.64423	8.77333e-02
0.64347	8.75815e-02
0.64274	8.74181e-02
0.64204	8.72452e-02
0.64135	8.70648e-02
0.64068	8.68787e-02
0.64004	8.66889e-02
0.63941	8.64975e-02
0.63880	8.63065e-02
0.63821	8.61178e-02
0.63764	8.59335e-02
0.63705	8.57310e-02
0.63641	8.54876e-02
0.63577	8.52524e-02
0.63515	8.50278e-02
0.63453	8.48162e-02
0.63392	8.46196e-02
0.63332	8.44401e-02
0.63273	8.42798e-02
0.63214	8.41405e-02
0.63155	8.40239e-02
0.63097	8.39316e-02
0.63038	8.38653e-02
0.62980	8.38262e-02
0.62922	8.38155e-02
0.62864	8.38342e-02
0.62805	8.38830e-02
0.62747	8.39625e-02
0.62688	8.40728e-02
0.62630	8.42138e-02
0.62571	8.43848e-02
0.62513	8.45847e-02
0.62456	8.48122e-02
0.62400	8.50651e-02
0.62341	8.53406e-02
0.62284	8.56362e-02
0.62227	8.59492e-02
0.62173	8.62768e-02
0.62120	8.66165e-02
0.62068	8.69655e-02
0.62018	8.73215e-02
0.61966	8.76098e-02
0.61915	8.79012e-02
0.61866	8.81944e-02
0.61819	8.84877e-02
0.61757	8.87676e-02
0.61696	8.90461e-02
0.61637	8.93224e-02
0.61579	8.95957e-02
0.61523	8.98656e-02
0.61468	9.01318e-02
0.61414	9.03941e-02
0.61361	9.06528e-02
0.61310	9.09083e-02
0.61260	9.11614e-02
0.61211	9.14129e-02
0.61163	9.16640e-02
0.61107	9.20480e-02
0.61045	9.24574e-02
0.60984	9.28745e-02
0.60923	9.32994e-02
0.60862	9.37320e-02
0.60801	9.41728e-02
0.60740	9.46220e-02
0.60678	9.50801e-02
0.60617	9.55472e-02
0.60556	9.60235e-02
0.60494	9.65089e-02
0.60433	9.70030e-02
0.60371	9.75053e-02
0.60310	9.80148e-02
0.60240	9.86180e-02
0.60170	9.92298e-02
0.60100	9.98478e-02
0.60020	1.00506e-01
0.59938	1.01168e-01
0.59856	1.01832e-01
0.59772	1.02497e-01
0.59687	1.03159e-01
0.59600	1.03818e-01
0.59513	1.04473e-01
0.59424	1.05122e-01
0.59334	1.05765e-01
0.59238	1.06350e-01
0.59141	1.06926e-01
0.59042	1.07491e-01
0.58943	1.08045e-01
0.58842	1.08587e-01
0.58740	1.09119e-01
0.58637	1.09638e-01
0.58533	1.10144e-01
0.58428	1.10638e-01
0.58322	1.11119e-01
0.58209	1.11636e-01
0.58095	1.12141e-01
0.57980	1.12635e-01
0.57865	1.13116e-01
0.57748	1.13584e-01
0.57632	1.14039e-01
0.57515	1.14480e-01
0.57398	1.14908e-01
0.57281	1.15323e-01
0.57164	1.15724e-01
0.57048	1.16112e-01
0.56931	1.16487e-01
0.56815	1.16848e-01
0.56699	1.17198e-01
0.56583	1.17535e-01
0.56468	1.17862e-01
0.56353	1.18179e-01
0.56239	1.18486e-01
0.56118	1.18690e-01
0.55988	1.18849e-01
0.55858	1.18997e-01
0.55729	1.19133e-01
0.55599	1.19260e-01
0.55470	1.19376e-01
0.55340	1.19483e-01
0.55212	1.19580e-01
0.55083	1.19669e-01
0.54956	1.19748e-01
0.54830	1.19818e-01
0.54694	1.19956e-01
0.54559	1.20086e-01
0.54425	1.20209e-01
0.54292	1.20324e-01
0.54161	1.20431e-01
0.54031	1.20530e-01
0.53903	1.20621e-01
0.53777	1.20704e-01
0.53653	1.20779e-01
0.53530	1.20846e-01
0.53410	1.20905e-01
0.53292	1.20956e-01
0.53177	1.21000e-01
0.53064	1.21035e-01
0.52953	1.21063e-01
0.52845	1.21083e-01
0.52739	1.21097e-01
0.52636	1.21104e-01
0.52535	1.21105e-01
0.52430	1.21021e-01
0.52326	1.20934e-01
0.52225	1.20847e-01
0.52125	1.20762e-01
0.52020	1.20765e-01
0.51916	1.20780e-01
0.51812	1.20809e-01
0.51710	1.20854e-01
0.51602	1.20922e-01
0.51494	1.21009e-01
0.51386	1.21119e-01
0.51279	1.21253e-01
0.51172	1.21413e-01
0.51066	1.21602e-01
0.50960	1.21822e-01
0.50854	1.22073e-01
0.50748	1.22357e-01
0.50635	1.22599e-01
0.50522	1.22873e-01
0.50410	1.23178e-01
0.50299	1.23514e-01
0.50188	1.23877e-01
0.50078	1.24267e-01
0.49970	1.24680e-01
0.49862	1.25112e-01
0.49748	1.25527e-01
0.49635	1.25954e-01
0.49524	1.26390e-01
0.49415	1.26832e-01
0.49308	1.27278e-01
0.49189	1.27890e-01
0.49072	1.28508e-01
0.48956	1.29131e-01
0.48842	1.29756e-01
0.48729	1.30384e-01
0.48618	1.31014e-01
0.48508	1.31647e-01
0.48400	1.32281e-01
0.48293	1.32917e-01
0.48187	1.33554e-01
0.48073	1.34094e-01
0.47959	1.34628e-01
0.47847	1.35155e-01
0.47736	1.35675e-01
0.47627	1.36185e-01
0.47519	1.36683e-01
0.47413	1.37169e-01
0.47309	1.37641e-01
0.47206	1.38099e-01
0.47105	1.38541e-01
0.47006	1.38968e-01
0.46908	1.39380e-01
0.46791	1.39898e-01
0.46675	1.40410e-01
0.46559	1.40916e-01
0.46442	1.41416e-01
0.46326	1.41909e-01
0.46210	1.42395e-01
0.46093	1.42874e-01
0.45975	1.43346e-01
0.45857	1.43810e-01
0.45738	1.44266e-01
0.45618	1.44714e-01
0.45483	1.45320e-01
0.45346	1.45922e-01
0.45208	1.46522e-01
0.45070	1.47117e-01
0.44932	1.47709e-01
0.44794	1.48298e-01
0.44657	1.48883e-01
0.44513	1.49337e-01
0.44371	1.49780e-01
0.44229	1.50211e-01
0.44090	1.50629e-01
0.43951	1.51035e-01
0.43815	1.51429e-01
0.43680	1.51809e-01
0.43547	1.52177e-01
0.43415	1.52531e-01
0.43285	1.52871e-01
0.43156	1.53199e-01
0.43029	1.53514e-01
0.42903	1.53816e-01
0.42778	1.54107e-01
0.42654	1.54386e-01
0.42531	1.54654e-01
0.42410	1.54912e-01
0.42290	1.55161e-01
0.42170	1.55400e-01
0.42052	1.55631e-01
0.41936	1.55854e-01
0.41820	1.56070e-01
0.41705	1.56279e-01
0.41591	1.56482e-01
0.41478	1.56679e-01
0.41366	1.56869e-01
0.41254	1.57053e-01
0.41143	1.57231e-01
0.41032	1.57403e-01
0.40921	1.57568e-01
0.40798	1.57573e-01
0.40674	1.57571e-01
0.40551	1.57562e-01
0.40428	1.57547e-01
0.40298	1.57609e-01
0.40169	1.57669e-01
0.40040	1.57728e-01
0.39911	1.57785e-01
0.39781	1.57855e-01
0.39651	1.57926e-01
0.39521	1.58000e-01
0.39392	1.58076e-01
0.39263	1.58156e-01
0.39135	1.58239e-01
0.39007	1.58328e-01
0.38880	1.58423e-01
0.38754	1.58524e-01
0.38624	1.58576e-01
0.38494	1.58634e-01
0.38366	1.58699e-01
0.38238	1.58771e-01
0.38111	1.58850e-01
0.37986	1.58938e-01
0.37861	1.59032e-01
0.37738	1.59134e-01
0.37608	1.59217e-01
0.37478	1.59303e-01
0.37350	1.59394e-01
0.37222	1.59486e-01
0.37097	1.59581e-01
0.36969	1.59689e-01
0.36844	1.59795e-01
0.36721	1.59898e-01
0.36600	1.59997e-01
0.36481	1.60089e-01
0.36366	1.60172e-01
0.36253	1.60246e-01
0.36143	1.60307e-01
0.36037	1.60354e-01
0.35934	1.60385e-01
0.35828	1.60334e-01
0.35725	1.60258e-01
0.35626	1.60158e-01
0.35530	1.60032e-01
0.35439	1.59880e-01
0.35351	1.59703e-01
0.35268	1.59501e-01
0.35189	1.59275e-01
0.35114	1.59026e-01
0.35043	1.58757e-01
0.34976	1.58468e-01
0.34914	1.58163e-01
0.34855	1.57855e-01
0.34799	1.57537e-01
0.34748	1.57211e-01
0.34701	1.56879e-01
0.34659	1.56543e-01
0.34620	1.56205e-01
0.34586	1.55866e-01
0.34556	1.55528e-01
0.34530	1.55191e-01
0.34508	1.54857e-01
0.34490	1.54524e-01
0.34463	1.54276e-01
0.34440	1.54033e-01
0.34419	1.53795e-01
0.34402	1.53562e-01
0.34388	1.53334e-01
0.34375	1.53112e-01
0.34365	1.52895e-01
0.34346	1.52581e-01
0.34327	1.52264e-01
0.34309	1.51945e-01
0.34290	1.51621e-01
0.34270	1.51294e-01
0.34250	1.50963e-01
0.34229	1.50626e-01
0.34206	1.50282e-01
0.34182	1.49931e-01
0.34156	1.49571e-01
0.34129	1.49201e-01
0.34099	1.48821e-01
0.34068	1.48429e-01
0.34035	1.48027e-01
0.34000	1.47616e-01
0.33962	1.47196e-01
0.33922	1.46771e-01
0.33879	1.46342e-01
0.33834	1.45912e-01
0.33786	1.45482e-01
0.33735	1.45053e-01
0.33680	1.44628e-01
0.33623	1.44205e-01
0.33563	1.43787e-01
0.33500	1.43373e-01
0.33434	1.42965e-01
0.33364	1.42562e-01
0.33292	1.42165e-01
0.33216	1.41775e-01
0.33138	1.41392e-01
0.33054	1.40995e-01
0.32968	1.40604e-01
0.32878	1.40221e-01
0.32786	1.39846e-01
0.32686	1.39512e-01
0.32583	1.39187e-01
0.32477	1.38871e-01
0.32368	1.38566e-01
0.32256	1.38291e-01
0.32141	1.38029e-01
0.32023	1.37780e-01
0.31904	1.37544e-01
0.31783	1.37322e-01
0.31662	1.37114e-01
0.31539	1.36917e-01
0.31417	1.36732e-01
0.31296	1.36557e-01
0.31176	1.36384e-01
0.31057	1.36217e-01
0.30941	1.36053e-01
0.30828	1.35890e-01
0.30718	1.35723e-01
0.30611	1.35550e-01
0.30509	1.35368e-01
0.30411	1.35172e-01
0.30311	1.34929e-01
0.30216	1.34665e-01
0.30126	1.34380e-01
0.30041	1.34071e-01
0.29961	1.33737e-01
0.29876	1.33490e-01
0.29795	1.33233e-01
0.29717	1.32969e-01
0.29643	1.32698e-01
0.29572	1.32423e-01
0.29503	1.32144e-01
0.29437	1.31864e-01
0.29373	1.31583e-01
0.29310	1.31300e-01
0.29251	1.31015e-01
0.29192	1.30728e-01
0.29135	1.30436e-01
0.29082	1.30139e-01
0.29033	1.29833e-01
0.28988	1.29518e-01
0.28947	1.29190e-01
0.28911	1.28850e-01
0.28879	1.28497e-01
0.28852	1.28132e-01
0.28829	1.27754e-01
0.28812	1.27367e-01
0.28799	1.26972e-01
0.28781	1.26590e-01
0.28767	1.26204e-01
0.28758	1.25815e-01
0.28752	1.25426e-01
0.28751	1.25037e-01
0.28755	1.24649e-01
0.28762	1.24263e-01
0.28774	1.23879e-01
0.28790	1.23498e-01
0.28810	1.23121e-01
0.28834	1.22748e-01
0.28864	1.22386e-01
0.28898	1.22034e-01
0.28936	1.21692e-01
0.28979	1.21363e-01
0.29025	1.21051e-01
0.29075	1.20757e-01
0.29128	1.20485e-01
0.29183	1.20231e-01
0.29240	1.20003e-01
0.29300	1.19801e-01
0.29360	1.19628e-01
0.29422	1.19486e-01
0.29485	1.19376e-01
0.29549	1.19301e-01
0.29613	1.19262e-01
0.29677	1.19261e-01
0.29741	1.19299e-01
0.29804	1.19376e-01
0.29866	1.19493e-01
0.29927	1.19650e-01
0.29987	1.19847e-01
0.30045	1.20084e-01
0.30101	1.20359e-01
0.30154	1.20672e-01
0.30205	1.21022e-01
0.30253	1.21408e-01
0.30298	1.21831e-01
0.30340	1.22288e-01
0.30379	1.22782e-01
0.30414	1.23310e-01
0.30446	1.23875e-01
0.30473	1.24475e-01
0.30498	1.25111e-01
0.30518	1.25782e-01
0.30535	1.26489e-01
0.30549	1.27231e-01
0.30559	1.28008e-01
0.30556	1.28729e-01
0.30551	1.29484e-01
0.30541	1.30273e-01
0.30529	1.31096e-01
0.30503	1.31978e-01
0.30474	1.32891e-01
0.30441	1.33833e-01
0.30405	1.34802e-01
0.30364	1.35797e-01
0.30318	1.36808e-01
0.30268	1.37830e-01
0.30212	1.38857e-01
0.30151	1.39883e-01
0.30084	1.40904e-01
0.30013	1.41914e-01
0.29937	1.42913e-01
0.29857	1.43897e-01
0.29772	1.44808e-01
0.29684	1.45695e-01
0.29593	1.46557e-01
0.29501	1.47392e-01
0.29407	1.48197e-01
0.29311	1.48968e-01
0.29215	1.49704e-01
0.29119	1.50402e-01
0.29014	1.51145e-01
0.28909	1.51850e-01
0.28804	1.52513e-01
0.28698	1.53132e-01
0.28592	1.53706e-01
0.28476	1.54310e-01
0.28358	1.54868e-01
0.28239	1.55378e-01
0.28119	1.55837e-01
0.27997	1.56245e-01
0.27874	1.56600e-01
0.27751	1.56902e-01
0.27626	1.57150e-01
0.27500	1.57345e-01
0.27373	1.57487e-01
0.27240	1.57588e-01
0.27105	1.57639e-01
0.26970	1.57641e-01
0.26834	1.57595e-01
0.26699	1.57502e-01
0.26563	1.57361e-01
0.26427	1.57171e-01
0.26291	1.56932e-01
0.26156	1.56641e-01
0.26022	1.56296e-01
0.25890	1.55893e-01
0.25758	1.55430e-01
0.25641	1.54795e-01
0.25527	1.54099e-01
0.25414	1.53338e-01
0.25304	1.52508e-01
0.25197	1.51605e-01
0.25092	1.50628e-01
0.24990	1.49575e-01
0.24892	1.48447e-01
0.24796	1.47246e-01
0.24703	1.45973e-01
0.24612	1.44634e-01
0.24517	1.43229e-01
0.24425	1.41772e-01
0.24334	1.40266e-01
0.24244	1.38720e-01
0.24155	1.37139e-01
0.24067	1.35531e-01
0.23978	1.33905e-01
0.23884	1.32293e-01
0.23790	1.30684e-01
0.23695	1.29089e-01
0.23599	1.27519e-01
0.23504	1.25986e-01
0.23409	1.24500e-01
0.23314	1.23070e-01
0.23220	1.21703e-01
0.23126	1.20402e-01
0.23034	1.19172e-01
0.22943	1.18011e-01
0.22854	1.16919e-01
0.22765	1.15894e-01
0.22679	1.14934e-01
0.22593	1.14035e-01
0.22510	1.13193e-01
0.22428	1.12405e-01
0.22348	1.11668e-01
0.22270	1.10976e-01
0.22195	1.10327e-01
0.22122	1.09716e-01
0.22052	1.09138e-01
0.21986	1.08592e-01
0.21922	1.08072e-01
0.21862	1.07576e-01
0.21805	1.07102e-01
0.21752	1.06647e-01
0.21701	1.06211e-01
0.21653	1.05793e-01
0.21609	1.05392e-01
0.21563	1.04980e-01
0.21520	1.04585e-01
0.21480	1.04208e-01
0.21442	1.03849e-01
0.21404	1.03507e-01
0.21369	1.03185e-01
0.21336	1.02883e-01
0.21304	1.02603e-01
0.21269	1.02319e-01
0.21235	1.02055e-01
0.21203	1.01811e-01
0.21172	1.01590e-01
0.21143	1.01394e-01
0.21115	1.01226e-01
0.21089	1.01089e-01
0.21063	1.00987e-01
0.21038	1.00923e-01
0.21008	1.00792e-01
0.20977	1.00696e-01
0.20944	1.00637e-01
0.20910	1.00616e-01
0.20873	1.00633e-01
0.20835	1.00689e-01
0.20794	1.00780e-01
0.20751	1.00904e-01
0.20702	1.01074e-01
0.20650	1.01271e-01
0.20596	1.01495e-01
0.20540	1.01739e-01
0.20482	1.02001e-01
0.20419	1.02299e-01
0.20355	1.02606e-01
0.20290	1.02912e-01
0.20225	1.03207e-01
0.20159	1.03481e-01
0.20095	1.03720e-01
0.20033	1.03909e-01
0.19972	1.04036e-01
0.19915	1.04090e-01
0.19861	1.04065e-01
0.19797	1.04099e-01
0.19735	1.04059e-01
0.19676	1.03950e-01
0.19620	1.03781e-01
0.19567	1.03558e-01
0.19516	1.03290e-01
0.19467	1.02981e-01
0.19420	1.02638e-01
0.19375	1.02263e-01
0.19332	1.01861e-01
0.19291	1.01433e-01
0.19253	1.00983e-01
0.19213	1.00485e-01
0.19176	9.99669e-02
0.19141	9.94322e-02
0.19108	9.88831e-02
0.19077	9.83223e-02
0.19050	9.77532e-02
0.19024	9.71797e-02
0.19001	9.66062e-02
0.18981	9.60379e-02
0.18962	9.54805e-02
0.18946	9.49405e-02
0.18950	9.42326e-02
0.18956	9.35721e-02
0.18963	9.29674e-02
0.18971	9.24265e-02
0.18981	9.19565e-02
0.18991	9.15636e-02
0.19002	9.12527e-02
0.19002	9.10442e-02
0.19002	9.09263e-02
0.19002	9.08978e-02
0.19003	9.09555e-02
0.19003	9.10932e-02
0.19003	9.13023e-02
0.19003	9.15721e-02
0.19001	9.18905e-02
0.18999	9.22449e-02
0.18996	9.26235e-02
0.18991	9.30162e-02
0.18984	9.34149e-02
0.18977	9.38144e-02
0.18968	9.42113e-02
0.18958	9.46046e-02
0.18948	9.49947e-02
0.18937	9.53832e-02
0.18926	9.57725e-02
0.18915	9.61658e-02
0.18905	9.65664e-02
0.18895	9.69781e-02
0.18887	9.74046e-02
0.18879	9.78496e-02
0.18872	9.83165e-02
0.18867	9.88084e-02
0.18863	9.93277e-02
0.18860	9.98766e-02
0.18859	1.00456e-01
0.18860	1.01066e-01
0.18863	1.01707e-01
0.18866	1.02377e-01
0.18871	1.03071e-01
0.18876	1.03784e-01
0.18882	1.04512e-01
0.18888	1.05251e-01
0.18893	1.05993e-01
0.18898	1.06733e-01
0.18904	1.07467e-01
0.18900	1.08125e-01
0.18896	1.08774e-01
0.18892	1.09416e-01
0.18889	1.10050e-01
0.18887	1.10674e-01
0.18886	1.11287e-01
0.18887	1.11885e-01
0.18890	1.12464e-01
0.18895	1.13019e-01
0.18897	1.13404e-01
0.18902	1.13742e-01
0.18908	1.14031e-01
0.18918	1.14271e-01
0.18930	1.14461e-01
0.18944	1.14603e-01
0.18961	1.14700e-01
0.18979	1.14757e-01
0.19002	1.14771e-01
0.19027	1.14756e-01
0.19052	1.14716e-01
0.19077	1.14657e-01
0.19101	1.14584e-01
0.19112	1.14452e-01
0.19121	1.14315e-01
0.19128	1.14178e-01
0.19132	1.14046e-01
0.19133	1.13922e-01
0.19131	1.13809e-01
0.19126	1.13708e-01
0.19117	1.13622e-01
0.19105	1.13553e-01
0.19090	1.13500e-01
0.19068	1.13461e-01
0.19042	1.13439e-01
0.19013	1.13437e-01
0.18981	1.13453e-01
0.18946	1.13489e-01
0.18908	1.13545e-01
0.18866	1.13619e-01
0.18822	1.13713e-01
0.18775	1.13827e-01
0.18725	1.13959e-01
0.18672	1.14110e-01
0.18617	1.14279e-01
0.18556	1.14486e-01
0.18493	1.14709e-01
0.18428	1.14947e-01
0.18360	1.15199e-01
0.18290	1.15464e-01
0.18218	1.15740e-01
0.18143	1.16026e-01
0.18066	1.16322e-01
0.17987	1.16625e-01
0.17906	1.16936e-01
0.17822	1.17253e-01
0.17735	1.17578e-01
0.17645	1.17907e-01
0.17553	1.18240e-01
0.17458	1.18576e-01
0.17360	1.18914e-01
0.17260	1.19255e-01
0.17157	1.19597e-01
0.17051	1.19947e-01
0.16943	1.20295e-01
0.16833	1.20638e-01
0.16722	1.20971e-01
0.16611	1.21288e-01
0.16502	1.21582e-01
0.16394	1.21840e-01
0.16292	1.22045e-01
0.16198	1.22152e-01
0.16127	1.21984e-01
0.16110	1.21150e-01
0.16130	1.19881e-01
0.16160	1.18531e-01
0.16195	1.17191e-01
0.16233	1.15885e-01
0.16275	1.14623e-01
0.16320	1.13405e-01
0.16368	1.12233e-01
0.16421	1.11105e-01
0.16477	1.10018e-01
0.16538	1.08972e-01
0.16603	1.07964e-01
0.16672	1.06992e-01
0.16746	1.06056e-01
0.16824	1.05154e-01
0.16906	1.04287e-01
0.16992	1.03454e-01
0.17081	1.02655e-01
0.17175	1.01889e-01
0.17271	1.01158e-01
0.17374	1.00492e-01
0.17480	9.98615e-02
0.17588	9.92656e-02
0.17697	9.87044e-02
0.17808	9.81781e-02
0.17919	9.76867e-02
0.18032	9.72304e-02
0.18145	9.68096e-02
0.18250	9.65253e-02
0.18355	9.62813e-02
0.18460	9.60771e-02
0.18560	9.58875e-02
0.18660	9.57357e-02
0.18758	9.56217e-02
0.18854	9.55458e-02
0.18948	9.55085e-02
0.19040	9.55099e-02
0.19116	9.52872e-02
0.19188	9.50979e-02
0.19256	9.49449e-02
0.19319	9.48314e-02
0.19378	9.47600e-02
0.19431	9.47333e-02
0.19479	9.47539e-02
0.19521	9.48235e-02
0.19565	9.49000e-02
0.19604	9.50230e-02
0.19638	9.51930e-02
0.19666	9.54100e-02
0.19690	9.56738e-02
0.19710	9.59655e-02
0.19726	9.63011e-02
0.19738	9.66800e-02
0.19746	9.71011e-02
0.19750	9.75631e-02
0.19750	9.80645e-02
0.19748	9.86035e-02
0.19742	9.91781e-02
0.19734	9.97859e-02
0.19724	1.00424e-01
0.19707	1.01144e-01
0.19688	1.01894e-01
0.19668	1.02671e-01
0.19648	1.03468e-01
0.19627	1.04279e-01
0.19607	1.05095e-01
0.19588	1.05909e-01
0.19572	1.06712e-01
0.19557	1.07495e-01
0.19546	1.08248e-01
0.19538	1.08965e-01
0.19533	1.09638e-01
0.19528	1.10251e-01
0.19526	1.10813e-01
0.19528	1.11320e-01
0.19534	1.11773e-01
0.19544	1.12170e-01
0.19559	1.12514e-01
0.19578	1.12807e-01
0.19602	1.13051e-01
0.19631	1.13252e-01
0.19664	1.13413e-01
0.19703	1.13539e-01
0.19741	1.13594e-01
0.19783	1.13622e-01
0.19830	1.13630e-01
0.19880	1.13625e-01
0.19933	1.13611e-01
0.19989	1.13593e-01
0.20047	1.13577e-01
0.20104	1.13488e-01
0.20161	1.13399e-01
0.20220	1.13311e-01
0.20278	1.13225e-01
0.20337	1.13144e-01
0.20396	1.13068e-01
0.20454	1.12998e-01
0.20512	1.12933e-01
0.20569	1.12874e-01
0.20625	1.12821e-01
0.20681	1.12774e-01
0.20736	1.12732e-01
0.20790	1.12691e-01
0.20844	1.12650e-01
0.20898	1.12605e-01
0.20952	1.12550e-01
0.21006	1.12482e-01
0.21061	1.12396e-01
0.21116	1.12289e-01
0.21171	1.12157e-01
0.21228	1.11999e-01
0.21285	1.11815e-01
0.21342	1.11605e-01
0.21401	1.11371e-01
0.21460	1.11113e-01
0.21519	1.10836e-01
0.21579	1.10543e-01
0.21639	1.10238e-01
0.21700	1.09927e-01
0.21760	1.09615e-01
0.21820	1.09309e-01
0.21879	1.09016e-01
0.21938	1.08741e-01
0.21994	1.08492e-01
0.22049	1.08278e-01
0.22100	1.08102e-01
0.22149	1.07969e-01
0.22195	1.07880e-01
0.22236	1.07831e-01
0.22275	1.07824e-01
0.22310	1.07858e-01
0.22343	1.07930e-01
0.22373	1.08038e-01
0.22401	1.08176e-01
0.22427	1.08342e-01
0.22450	1.08533e-01
0.22472	1.08745e-01
0.22490	1.08969e-01
0.22507	1.09211e-01
0.22522	1.09471e-01
0.22535	1.09748e-01
0.22547	1.10042e-01
0.22559	1.10353e-01
0.22569	1.10680e-01
0.22578	1.11023e-01
0.22587	1.11371e-01
0.22595	1.11729e-01
0.22603	1.12091e-01
0.22612	1.12452e-01
0.22621	1.12806e-01
0.22629	1.13148e-01
0.22639	1.13463e-01
0.22651	1.13740e-01
0.22666	1.13972e-01
0.22684	1.14153e-01
0.22706	1.14278e-01
0.22731	1.14347e-01
0.22760	1.14364e-01
0.22792	1.14335e-01
0.22828	1.14268e-01
0.22861	1.14220e-01
0.22896	1.14154e-01
0.22933	1.14080e-01
0.22971	1.14005e-01
0.23009	1.13935e-01
0.23048	1.13876e-01
0.23087	1.13831e-01
0.23126	1.13803e-01
0.23165	1.13791e-01
0.23203	1.13798e-01
0.23239	1.13823e-01
0.23275	1.13866e-01
0.23299	1.13896e-01
0.23322	1.13945e-01
0.23343	1.14014e-01
0.23362	1.14105e-01
0.23379	1.14218e-01
0.23393	1.14353e-01
0.23405	1.14511e-01
0.23414	1.14691e-01
0.23421	1.14893e-01
0.23425	1.15116e-01
0.23427	1.15357e-01
0.23425	1.15629e-01
0.23421	1.15916e-01
0.23414	1.16217e-01
0.23406	1.16531e-01
0.23395	1.16855e-01
0.23384	1.17187e-01
0.23371	1.17524e-01
0.23350	1.17679e-01
0.23328	1.17824e-01
0.23307	1.17956e-01
0.23286	1.18072e-01
0.23266	1.18169e-01
0.23247	1.18244e-01
0.23230	1.18296e-01
0.23216	1.18323e-01
0.23204	1.18327e-01
0.23194	1.18308e-01
0.23186	1.18268e-01
0.23181	1.18209e-01
0.23178	1.18133e-01
0.23177	1.18041e-01
0.23178	1.17934e-01
0.23181	1.17815e-01
0.23185	1.17685e-01
0.23190	1.17544e-01
0.23195	1.17393e-01
0.23201	1.17233e-01
0.23205	1.17064e-01
0.23207	1.16885e-01
0.23208	1.16699e-01
0.23206	1.16503e-01
0.23201	1.16299e-01
0.23193	1.16086e-01
0.23180	1.15863e-01
0.23164	1.15630e-01
0.23145	1.15385e-01
0.23122	1.15126e-01
0.23095	1.14852e-01
0.23066	1.14558e-01
0.23034	1.14243e-01
0.23001	1.13904e-01
0.22966	1.13525e-01
0.22931	1.13106e-01
0.22896	1.12647e-01
0.22860	1.12148e-01
0.22822	1.11595e-01
0.22784	1.11005e-01
0.22746	1.10380e-01
0.22705	1.09744e-01
0.22664	1.09080e-01
0.22623	1.08390e-01
0.22582	1.07675e-01
0.22541	1.06938e-01
0.22500	1.06177e-01
0.22471	1.05418e-01
0.22443	1.04639e-01
0.22415	1.03838e-01
0.22390	1.03016e-01
0.22365	1.02172e-01
0.22342	1.01307e-01
0.22320	1.00420e-01
0.22300	9.95107e-02
0.22277	9.85792e-02
0.22256	9.76259e-02
0.22230	9.65805e-02
0.22204	9.55107e-02
0.22181	9.44169e-02
0.22160	9.32954e-02
0.22140	9.21507e-02
0.22123	9.09833e-02
0.22107	8.97939e-02
0.22093	8.85831e-02
0.22081	8.73516e-02
0.22070	8.61001e-02
0.22061	8.48296e-02
0.22052	8.35413e-02
0.22046	8.22364e-02
0.22034	8.09446e-02
0.22022	7.96393e-02
0.22011	7.83211e-02
0.22000	7.69907e-02
0.21989	7.56482e-02
0.21977	7.42934e-02
0.21965	7.29260e-02
0.21952	7.15460e-02
0.21937	7.01533e-02
0.21921	6.87486e-02
0.21904	6.73331e-02
0.21886	6.59084e-02
0.21862	6.45073e-02
0.21837	6.31006e-02
0.21811	6.16909e-02
0.21784	6.02810e-02
0.21757	5.88741e-02
0.21728	5.74737e-02
0.21699	5.60838e-02
0.21668	5.47085e-02
0.21638	5.33524e-02
0.21606	5.20204e-02
0.21574	5.07176e-02
0.21540	4.94513e-02
0.21505	4.82278e-02
0.21470	4.70542e-02
0.21434	4.59376e-02
0.21397	4.48856e-02
0.21359	4.39059e-02
0.21321	4.30065e-02
0.21282	4.21787e-02
0.21242	4.14460e-02
0.21201	4.08152e-02
0.21161	4.02917e-02
0.21119	3.98795e-02
0.21078	3.95796e-02
0.21035	3.93905e-02
0.20991	3.93075e-02
0.20945	3.93233e-02
0.20898	3.94282e-02
0.20848	3.96116e-02
0.20795	3.98624e-02
0.20741	4.01702e-02
0.20683	4.05254e-02
0.20623	4.09194e-02
0.20562	4.13447e-02
0.20498	4.17949e-02
0.20432	4.22643e-02
0.20364	4.27481e-02
0.20295	4.32421e-02
0.20224	4.37426e-02
0.20151	4.42467e-02
0.20077	4.47518e-02
0.20001	4.52557e-02
0.19923	4.57569e-02
0.19843	4.62544e-02
0.19761	4.67482e-02
0.19676	4.72387e-02
0.19589	4.77273e-02
0.19499	4.82160e-02
0.19407	4.87072e-02
0.19311	4.92038e-02
0.19212	4.97085e-02
0.19109	5.02240e-02
0.18998	5.07244e-02
0.18882	5.12337e-02
0.18763	5.17539e-02
0.18639	5.22873e-02
0.18511	5.28360e-02
0.18378	5.34020e-02
0.18242	5.39875e-02
0.18098	5.45887e-02
0.17949	5.52119e-02
0.17795	5.58587e-02
0.17637	5.65305e-02
0.17474	5.72285e-02
0.17306	5.79535e-02
0.17130	5.87141e-02
0.16950	5.95030e-02
0.16766	6.03193e-02
0.16578	6.11620e-02
0.16387	6.20290e-02
0.16193	6.29174e-02
0.15998	6.38231e-02
0.15800	6.47406e-02
0.15603	6.56540e-02
0.15406	6.65583e-02
0.15210	6.74336e-02
0.15017	6.82563e-02
0.14829	6.89845e-02
0.14650	6.95547e-02
0.14485	6.98947e-02
0.14335	6.99704e-02
0.14201	6.98175e-02
0.14078	6.95042e-02
0.13966	6.90872e-02
0.13861	6.86023e-02
0.13764	6.80708e-02
0.13675	6.75056e-02
0.13592	6.69152e-02
0.13513	6.63355e-02
0.13442	6.57304e-02
0.13379	6.51028e-02
0.13325	6.44561e-02
0.13279	6.37935e-02
0.13242	6.31180e-02
0.13213	6.24316e-02
0.13193	6.17341e-02
0.13182	6.10234e-02
0.13180	6.02959e-02
0.13187	5.95484e-02
0.13204	5.87812e-02
0.13239	5.79943e-02
0.13282	5.72117e-02
0.13333	5.64514e-02
0.13392	5.57334e-02
0.13456	5.50773e-02
0.13526	5.44995e-02
0.13599	5.40130e-02
0.13676	5.36264e-02
0.13755	5.33446e-02
0.13837	5.31685e-02
0.13920	5.30957e-02
0.14004	5.31254e-02
0.14089	5.32487e-02
0.14175	5.34570e-02
0.14261	5.37407e-02
0.14347	5.40898e-02
0.14433	5.44943e-02
0.14519	5.49447e-02
0.14604	5.54285e-02
0.14690	5.59417e-02
0.14775	5.64772e-02
0.14859	5.70293e-02
0.14942	5.75925e-02
0.15025	5.81624e-02
0.15106	5.87349e-02
0.15186	5.93063e-02
0.15264	5.98733e-02
0.15333	6.04619e-02
0.15401	6.10438e-02
0.15466	6.16156e-02
0.15529	6.21744e-02
0.15591	6.27171e-02
0.15651	6.32407e-02
0.15709	6.37424e-02
0.15765	6.42196e-02
0.15821	6.46698e-02
0.15875	6.50910e-02
0.15928	6.54813e-02
0.15980	6.58389e-02
0.16031	6.61624e-02
0.16082	6.64500e-02
0.16132	6.66998e-02
0.16182	6.69093e-02
0.16231	6.70757e-02
0.16279	6.71951e-02
0.16328	6.72635e-02
0.16376	6.72767e-02
0.16423	6.72306e-02
0.16471	6.71216e-02
0.16518	6.69471e-02
0.16566	6.67050e-02
0.16613	6.63942e-02
0.16659	6.60288e-02
0.16704	6.55977e-02
0.16749	6.51020e-02
0.16794	6.45435e-02
0.16838	6.39246e-02
0.16882	6.32479e-02
0.16925	6.25168e-02
0.16970	6.17142e-02
0.17013	6.08643e-02
0.17056	5.99714e-02
0.17098	5.90403e-02
0.17139	5.80759e-02
0.17179	5.70835e-02
0.17215	5.60324e-02
0.17251	5.49618e-02
0.17286	5.38786e-02
0.17319	5.27909e-02
0.17352	5.17073e-02
0.17383	5.06375e-02
0.17414	4.95922e-02
0.17443	4.85830e-02
0.17469	4.76280e-02
0.17494	4.67339e-02
0.17519	4.59134e-02
0.17541	4.51817e-02
0.17563	4.45529e-02
0.17583	4.40412e-02
0.17603	4.36592e-02
0.17621	4.34179e-02
0.17639	4.33256e-02
0.17656	4.33872e-02
0.17674	4.36039e-02
0.17692	4.39730e-02
0.17710	4.44882e-02
0.17730	4.51401e-02
0.17751	4.59172e-02
0.17778	4.67586e-02
0.17806	4.76967e-02
0.17835	4.87197e-02
0.17866	4.98167e-02
0.17898	5.09774e-02
0.17932	5.21925e-02
0.17966	5.34534e-02
0.18001	5.47519e-02
0.18037	5.60806e-02
0.18073	5.74322e-02
0.18109	5.88000e-02
0.18145	6.01774e-02
0.18179	6.15529e-02
0.18212	6.29257e-02
0.18244	6.42914e-02
0.18275	6.56461e-02
0.18305	6.69867e-02
0.18333	6.83111e-02
0.18361	6.96174e-02
0.18388	7.09044e-02
0.18414	7.21715e-02
0.18439	7.34181e-02
0.18463	7.46442e-02
0.18488	7.58515e-02
0.18513	7.70386e-02
0.18537	7.82060e-02
0.18561	7.93541e-02
0.18585	8.04835e-02
0.18609	8.15949e-02
0.18634	8.26888e-02
0.18656	8.37224e-02
0.18677	8.47209e-02
0.18698	8.56841e-02
0.18718	8.66125e-02
0.18737	8.75066e-02
0.18756	8.83675e-02
0.18774	8.91961e-02
0.18792	8.99938e-02
0.18810	9.07620e-02
0.18827	9.14970e-02
0.18843	9.22048e-02
0.18859	9.28862e-02
0.18874	9.35418e-02
0.18888	9.41715e-02
0.18901	9.47747e-02
0.18913	9.53501e-02
0.18922	9.58959e-02
0.18930	9.64097e-02
0.18934	9.68887e-02
0.18936	9.73298e-02
0.18934	9.77295e-02
0.18929	9.80841e-02
0.18920	9.83892e-02
0.18907	9.86406e-02
0.18891	9.88333e-02
0.18873	9.89630e-02
0.18852	9.90258e-02
0.18830	9.90193e-02
0.18806	9.89431e-02
0.18782	9.87985e-02
0.18756	9.85887e-02
0.18728	9.83183e-02
0.18700	9.79928e-02
0.18670	9.76183e-02
0.18637	9.72063e-02
0.18603	9.67578e-02
0.18565	9.62791e-02
0.18525	9.57760e-02
0.18483	9.52544e-02
0.18436	9.47199e-02
0.18387	9.41781e-02
0.18335	9.36325e-02
0.18278	9.30899e-02
0.18219	9.25552e-02
0.18155	9.20334e-02
0.18087	9.15290e-02
0.18014	9.10463e-02
0.17938	9.05935e-02
0.17857	9.01704e-02
0.17771	8.97801e-02
0.17681	8.94248e-02
0.17586	8.91065e-02
0.17486	8.88268e-02
0.17382	8.85869e-02
0.17273	8.83877e-02
0.17158	8.82319e-02
0.17040	8.81178e-02
0.16914	8.80541e-02
0.16785	8.80286e-02
0.16652	8.80412e-02
0.16517	8.80916e-02
0.16379	8.81793e-02
0.16238	8.83038e-02
0.16095	8.84643e-02
0.15950	8.86599e-02
0.15803	8.88897e-02
0.15655	8.91525e-02
0.15504	8.94469e-02
0.15353	8.97718e-02
0.15201	9.01257e-02
0.15048	9.05059e-02
0.14894	9.09114e-02
0.14739	9.13404e-02
0.14585	9.17910e-02
0.14430	9.22612e-02
0.14275	9.27485e-02
0.14121	9.32492e-02
0.13968	9.37543e-02
0.13819	9.42259e-02
0.13691	9.44069e-02
0.13599	9.41088e-02
0.13516	9.37236e-02
0.13437	9.33398e-02
0.13359	9.29806e-02
0.13283	9.26503e-02
0.13208	9.23505e-02
0.13134	9.20814e-02
0.13062	9.18428e-02
0.12991	9.16339e-02
0.12922	9.14535e-02
0.12855	9.13003e-02
0.12791	9.11727e-02
0.12729	9.10694e-02
0.12670	9.09860e-02
0.12614	9.09238e-02
0.12561	9.08825e-02
0.12512	9.08624e-02
0.12467	9.08640e-02
0.12425	9.08883e-02
0.12390	9.09250e-02
0.12360	9.09804e-02
0.12334	9.10554e-02
0.12314	9.11423e-02
0.12301	9.12193e-02
0.12300	9.12286e-02
0.12319	9.10604e-02
0.12362	9.06745e-02
0.12420	9.01709e-02
0.12487	8.96340e-02
0.12557	8.91053e-02
0.12631	8.85962e-02
0.12710	8.81127e-02
0.12792	8.76573e-02
0.12877	8.72299e-02
0.12965	8.68290e-02
0.13056	8.64519e-02
0.13151	8.60951e-02
0.13248	8.57541e-02
0.13349	8.54235e-02
0.13453	8.50975e-02
0.13561	8.47696e-02
0.13674	8.44333e-02
0.13790	8.40828e-02
0.13910	8.37140e-02
0.14034	8.33257e-02
0.14161	8.29199e-02
0.14291	8.25025e-02
0.14422	8.20816e-02
0.14554	8.16670e-02
0.14686	8.12682e-02
0.14818	8.08942e-02
0.14947	8.05525e-02
0.15075	8.02490e-02
0.15200	7.99882e-02
0.15320	7.97995e-02
0.15437	7.96564e-02
0.15552	7.95596e-02
0.15663	7.95091e-02
0.15772	7.95040e-02
0.15877	7.95433e-02
0.15980	7.96256e-02
0.16071	7.96791e-02
0.16159	7.97657e-02
0.16243	7.98846e-02
0.16324	8.00352e-02
0.16401	8.02168e-02
0.16474	8.04289e-02
0.16543	8.06630e-02
0.16608	8.09301e-02
0.16668	8.12283e-02
0.16724	8.15550e-02
0.16775	8.19077e-02
0.16822	8.22837e-02
0.16864	8.26798e-02
0.16902	8.30926e-02
0.16936	8.35181e-02
0.16965	8.39518e-02
0.16989	8.43912e-02
0.17008	8.48289e-02
0.17024	8.52585e-02
0.17036	8.56730e-02
0.17045	8.60650e-02
0.17050	8.64275e-02
0.17053	8.67540e-02
0.17054	8.70397e-02
0.17052	8.72816e-02
0.17047	8.74787e-02
0.17040	8.76317e-02
0.17031	8.77426e-02
0.17018	8.78138e-02
0.17004	8.78507e-02
0.16987	8.78522e-02
0.16967	8.78194e-02
0.16944	8.77526e-02
0.16918	8.76517e-02
0.16889	8.75162e-02
0.16857	8.73457e-02
0.16822	8.71398e-02
0.16784	8.68982e-02
0.16744	8.66209e-02
0.16702	8.63082e-02
0.16656	8.59607e-02
0.16609	8.55793e-02
0.16559	8.51652e-02
0.16507	8.47199e-02
0.16453	8.42454e-02
0.16396	8.37439e-02
0.16338	8.32180e-02
0.16278	8.26706e-02
0.16216	8.21053e-02
0.16152	8.15258e-02
0.16088	8.09360e-02
0.16021	8.03404e-02
0.15953	7.97369e-02
0.15884	7.91362e-02
0.15815	7.85427e-02
0.15744	7.79597e-02
0.15674	7.73900e-02
0.15603	7.68355e-02
0.15534	7.62994e-02
0.15462	7.57796e-02
0.15391	7.52754e-02
0.15321	7.47839e-02
0.15251	7.43009e-02
0.15182	7.38215e-02
0.15114	7.33395e-02
0.15047	7.28486e-02
0.14982	7.23420e-02
0.14919	7.18133e-02
0.14854	7.12059e-02
0.14791	7.05623e-02
0.14729	6.98805e-02
0.14669	6.91603e-02
0.14611	6.84038e-02
0.14554	6.76147e-02
0.14497	6.67979e-02
0.14441	6.59588e-02
0.14386	6.51033e-02
0.14330	6.42366e-02
0.14274	6.33635e-02
0.14217	6.24877e-02
0.14159	6.16118e-02
0.14101	6.07370e-02
0.14041	5.98627e-02
0.13981	5.89866e-02
0.13921	5.81044e-02
0.13859	5.72093e-02
0.13798	5.62928e-02
0.13733	5.54284e-02
0.13668	5.45256e-02
0.13604	5.35735e-02
0.13541	5.25643e-02
0.13480	5.14941e-02
0.13421	5.03646e-02
0.13366	4.91699e-02
0.13313	4.79382e-02
0.13261	4.66848e-02
0.13211	4.54261e-02
0.13161	4.41788e-02
0.13112	4.29588e-02
0.13063	4.17805e-02
0.13014	4.06551e-02
0.12965	3.95969e-02
0.12916	3.86162e-02
0.12867	3.77223e-02
0.12817	3.69235e-02
0.12767	3.62270e-02
0.12708	3.55843e-02
0.12647	3.50515e-02
0.12586	3.46327e-02
0.12523	3.43307e-02
0.12460	3.41466e-02
0.12395	3.40801e-02
0.12329	3.41292e-02
0.12263	3.42904e-02
0.12195	3.45584e-02
0.12127	3.49270e-02
0.12053	3.53779e-02
0.11979	3.59161e-02
0.11904	3.65325e-02
0.11829	3.72171e-02
0.11755	3.79591e-02
0.11681	3.87470e-02
0.11609	3.95688e-02
0.11539	4.04115e-02
0.11471	4.12616e-02
0.11406	4.21051e-02
0.11344	4.29276e-02
0.11287	4.37148e-02
0.11235	4.44532e-02
0.11183	4.51636e-02
0.11138	4.58082e-02
0.11098	4.63830e-02
0.11066	4.68892e-02
0.11040	4.73322e-02
0.11021	4.77212e-02
0.11008	4.80675e-02
0.11000	4.83827e-02
0.10997	4.86783e-02
0.10999	4.89643e-02
0.11004	4.92494e-02
0.11014	4.95410e-02
0.11026	4.98447e-02
0.11041	5.01654e-02
0.11059	5.05067e-02
0.11079	5.08717e-02
0.11100	5.12626e-02
0.11123	5.16813e-02
0.11148	5.21292e-02
0.11173	5.26075e-02
0.11200	5.31169e-02
0.11226	5.36579e-02
0.11253	5.42307e-02
0.11283	5.48232e-02
0.11313	5.54453e-02
0.11344	5.60962e-02
0.11374	5.67736e-02
0.11404	5.74739e-02
0.11433	5.81899e-02
0.11465	5.89018e-02
0.11497	5.95769e-02
0.11534	6.01553e-02
0.11584	6.04991e-02
0.11653	6.04587e-02
0.11740	6.00752e-02
0.11836	5.95019e-02
0.11935	5.88368e-02
0.12035	5.81250e-02
0.12134	5.73880e-02
0.12233	5.66366e-02
0.12330	5.58786e-02
0.12426	5.51189e-02
0.12520	5.43617e-02
0.12613	5.36105e-02
0.12704	5.28688e-02
0.12793	5.21397e-02
0.12880	5.14264e-02
0.12966	5.07322e-02
0.13050	5.00604e-02
0.13133	4.94144e-02
0.13214	4.87976e-02
0.13294	4.82139e-02
0.13373	4.76671e-02
0.13452	4.71613e-02
0.13529	4.67010e-02
0.13606	4.62905e-02
0.13683	4.59346e-02
0.13759	4.56379e-02
0.13833	4.54051e-02
0.13907	4.52423e-02
0.13981	4.51539e-02
0.14056	4.51436e-02
0.14131	4.52150e-02
0.14207	4.53706e-02
0.14282	4.55829e-02
0.14358	4.58841e-02
0.14435	4.62738e-02
0.14512	4.67494e-02
0.14590	4.73069e-02
0.14668	4.79405e-02
0.14745	4.86429e-02
0.14824	4.94577e-02
0.14902	5.03242e-02
0.14976	5.12328e-02
0.15047	5.21744e-02
0.15114	5.31408e-02
0.15176	5.41244e-02
0.15236	5.51075e-02
0.15292	5.60951e-02
0.15343	5.70800e-02
0.15390	5.80541e-02
0.15433	5.90087e-02
0.15470	5.99339e-02
0.15503	6.08199e-02
0.15532	6.16571e-02
0.15555	6.24370e-02
0.15574	6.31528e-02
0.15584	6.38674e-02
0.15588	6.45133e-02
0.15589	6.50890e-02
0.15585	6.55940e-02
0.15577	6.60290e-02
0.15566	6.63955e-02
0.15552	6.66951e-02
0.15535	6.69299e-02
0.15515	6.71021e-02
0.15493	6.72142e-02
0.15469	6.72685e-02
0.15443	6.72676e-02
0.15416	6.72142e-02
0.15386	6.71095e-02
0.15355	6.69575e-02
0.15323	6.67609e-02
0.15289	6.65229e-02
0.15254	6.62465e-02
0.15217	6.59349e-02
0.15179	6.55911e-02
0.15139	6.52182e-02
0.15098	6.48191e-02
0.15055	6.43969e-02
0.15011	6.39544e-02
0.14964	6.34944e-02
0.14916	6.30194e-02
0.14866	6.25321e-02
0.14815	6.20349e-02
0.14761	6.15303e-02
0.14706	6.10205e-02
0.14649	6.05078e-02
0.14591	5.99948e-02
0.14530	5.94838e-02
0.14467	5.89701e-02
0.14402	5.84631e-02
0.14336	5.79660e-02
0.14264	5.74966e-02
0.14191	5.70459e-02
0.14116	5.66173e-02
0.14040	5.62144e-02
0.13963	5.58407e-02
0.13884	5.55000e-02
0.13804	5.51963e-02
0.13724	5.49325e-02
0.13642	5.47116e-02
0.13560	5.45365e-02
0.13477	5.44095e-02
0.13393	5.43326e-02
0.13310	5.43071e-02
0.13226	5.43335e-02
0.13143	5.44121e-02
0.13060	5.45420e-02
0.12976	5.47234e-02
0.12893	5.49567e-02
0.12811	5.52403e-02
0.12730	5.55716e-02
0.12651	5.59474e-02
0.12575	5.63639e-02
0.12502	5.68168e-02
0.12432	5.73016e-02
0.12366	5.78138e-02
0.12305	5.83489e-02
0.12248	5.89016e-02
0.12196	5.94659e-02
0.12150	6.00340e-02
0.12110	6.05955e-02
0.12077	6.11368e-02
0.12052	6.16409e-02
0.12037	6.20873e-02
0.12032	6.24552e-02
0.12039	6.27269e-02
0.12060	6.28886e-02
0.12093	6.29496e-02
0.12137	6.29279e-02
0.12190	6.28493e-02
0.12251	6.27414e-02
0.12318	6.26295e-02
0.12390	6.25469e-02
0.12465	6.24994e-02
0.12544	6.24990e-02
0.12625	6.25544e-02
0.12709	6.26717e-02
0.12794	6.28550e-02
0.12882	6.31068e-02
0.12967	6.33963e-02
0.13053	6.37573e-02
0.13140	6.41899e-02
0.13226	6.46932e-02
0.13313	6.52652e-02
0.13399	6.59018e-02
0.13483	6.65894e-02
0.13598	6.66842e-02
0.13731	6.64379e-02
0.13864	6.62252e-02
0.13995	6.60539e-02
0.14125	6.59245e-02
0.14254	6.58366e-02
0.14381	6.57895e-02
0.14507	6.57825e-02
0.14631	6.58148e-02
0.14752	6.58797e-02
0.14872	6.59816e-02
0.14989	6.61198e-02
0.15105	6.62936e-02
0.15218	6.65024e-02
0.15329	6.67457e-02
0.15438	6.70228e-02
0.15544	6.73330e-02
0.15649	6.76759e-02
0.15750	6.80508e-02
0.15850	6.84571e-02
0.15946	6.88942e-02
0.16040	6.93614e-02
0.16128	6.98730e-02
0.16213	7.04147e-02
0.16296	7.09856e-02
0.16375	7.15850e-02
0.16452	7.22119e-02
0.16526	7.28653e-02
0.16597	7.35443e-02
0.16665	7.42476e-02
0.16730	7.49738e-02
0.16792	7.57215e-02
0.16851	7.64889e-02
0.16907	7.72741e-02
0.16959	7.80747e-02
0.17007	7.88887e-02
0.17052	7.97137e-02
0.17092	8.05477e-02
0.17127	8.13889e-02
0.17158	8.22359e-02
0.17185	8.30878e-02
0.17207	8.39440e-02
0.17223	8.47804e-02
0.17234	8.56176e-02
0.17240	8.64560e-02
0.17244	8.72925e-02
0.17244	8.81293e-02
0.17239	8.89671e-02
0.17228	8.98065e-02
0.17213	9.06481e-02
0.17192	9.14919e-02
0.17166	9.23398e-02
0.17134	9.31891e-02
0.17098	9.40381e-02
0.17057	9.48832e-02
0.17013	9.57186e-02
0.16964	9.65343e-02
0.16914	9.73152e-02
0.16863	9.80394e-02
0.16813	9.86798e-02
0.16766	9.92105e-02
0.16722	9.96252e-02
0.16683	9.99285e-02
0.16646	1.00146e-01
0.16611	1.00306e-01
0.16575	1.00436e-01
0.16539	1.00558e-01
0.16500	1.00686e-01
0.16460	1.00831e-01
0.16417	1.00999e-01
0.16371	1.01194e-01
0.16323	1.01413e-01
0.16273	1.01654e-01
0.16222	1.01911e-01
0.16170	1.02176e-01
0.16118	1.02442e-01
0.16067	1.02697e-01
0.16019	1.02932e-01
0.15973	1.03139e-01
0.15930	1.03309e-01
0.15892	1.03430e-01
0.15857	1.03513e-01
0.15827	1.03563e-01
0.15800	1.03590e-01
0.15777	1.03606e-01
0.15756	1.03623e-01
0.15736	1.03654e-01
0.15719	1.03703e-01
0.15704	1.03760e-01
0.15696	1.03762e-01
0.15713	1.03429e-01
0.15777	1.02444e-01
0.15863	1.01153e-01
0.15951	9.98125e-02
0.16040	9.84695e-02
0.16130	9.71465e-02
0.16220	9.58551e-02
0.16310	9.46033e-02
0.16399	9.33974e-02
0.16484	9.22701e-02
0.16568	9.11975e-02
0.16651	9.01812e-02
0.16732	8.92214e-02
0.16811	8.83165e-02
0.16888	8.74632e-02
0.16963	8.66570e-02
0.17037	8.58925e-02
0.17109	8.51636e-02
0.17179	8.44638e-02
0.17248	8.37808e-02
0.17315	8.31145e-02
0.17382	8.24593e-02
0.17447	8.18107e-02
0.17510	8.11648e-02
0.17572	8.05185e-02
0.17633	7.98694e-02
0.17692	7.92157e-02
0.17749	7.85562e-02
0.17805	7.78900e-02
0.17858	7.72166e-02
0.17909	7.65353e-02
0.17958	7.58460e-02
0.18003	7.51497e-02
0.18047	7.44447e-02
0.18087	7.37308e-02
0.18125	7.30078e-02
0.18160	7.22758e-02
0.18192	7.15354e-02
0.18220	7.07872e-02
0.18246	7.00326e-02
0.18269	6.92734e-02
0.18288	6.85123e-02
0.18304	6.77526e-02
0.18316	6.69983e-02
0.18325	6.62543e-02
0.18331	6.55262e-02
0.18332	6.48204e-02
0.18330	6.41434e-02
0.18324	6.35025e-02
0.18313	6.29048e-02
0.18299	6.23573e-02
0.18279	6.18667e-02
0.18257	6.14154e-02
0.18229	6.10281e-02
0.18197	6.07097e-02
0.18158	6.04648e-02
0.18112	6.03112e-02
0.18061	6.02411e-02
0.18006	6.02572e-02
0.17945	6.03619e-02
0.17879	6.05569e-02
0.17808	6.08366e-02
0.17733	6.12094e-02
0.17653	6.16761e-02
0.17571	6.22370e-02
0.17485	6.28922e-02
0.17397	6.36413e-02
0.17306	6.44868e-02
0.17214	6.54245e-02
0.17121	6.64521e-02
0.17027	6.75666e-02
0.16933	6.87643e-02
0.16840	7.00386e-02
0.16747	7.13818e-02
0.16655	7.27837e-02
0.16565	7.42320e-02
0.16477	7.57114e-02
0.16390	7.72047e-02
0.16306	7.86929e-02
0.16224	8.01558e-02
0.16145	8.15734e-02
0.16070	8.29265e-02
0.15998	8.41979e-02
0.15931	8.53733e-02
0.15869	8.64412e-02
0.15812	8.73939e-02
0.15763	8.82270e-02
0.15721	8.89397e-02
0.15686	8.95347e-02
0.15660	9.00183e-02
0.15640	9.03919e-02
0.15627	9.06744e-02
0.15622	9.08796e-02
0.15624	9.10225e-02
0.15633	9.11185e-02
0.15647	9.11826e-02
0.15667	9.12289e-02
0.15692	9.12707e-02
0.15721	9.13196e-02
0.15754	9.13861e-02
0.15790	9.14792e-02
0.15830	9.16063e-02
0.15874	9.17735e-02
0.15916	9.20032e-02
0.15962	9.22717e-02
0.16010	9.25857e-02
0.16060	9.29447e-02
0.16113	9.33456e-02
0.16169	9.37836e-02
0.16225	9.42572e-02
0.16285	9.47496e-02
0.16347	9.52484e-02
0.16412	9.57414e-02
0.16481	9.62175e-02
0.16553	9.66691e-02
0.16627	9.70920e-02
0.16705	9.74857e-02
0.16784	9.78529e-02
0.16864	9.81979e-02
0.16944	9.85260e-02
0.17024	9.88423e-02
0.17103	9.91512e-02
0.17180	9.94565e-02
0.17255	9.97609e-02
0.17327	1.00066e-01
0.17396	1.00373e-01
0.17462	1.00681e-01
0.17524	1.00991e-01
0.17582	1.01301e-01
0.17636	1.01610e-01
0.17687	1.01916e-01
0.17733	1.02216e-01
0.17772	1.02460e-01
0.17806	1.02689e-01
0.17836	1.02899e-01
0.17862	1.03087e-01
0.17883	1.03251e-01
0.17900	1.03387e-01
0.17914	1.03493e-01
0.17923	1.03566e-01
0.17928	1.03605e-01
0.17929	1.03608e-01
0.17927	1.03575e-01
0.17921	1.03506e-01
0.17911	1.03401e-01
0.17898	1.03262e-01
0.17881	1.03089e-01
0.17860	1.02884e-01
0.17835	1.02649e-01
0.17807	1.02386e-01
0.17775	1.02095e-01
0.17740	1.01779e-01
0.17701	1.01438e-01
0.17658	1.01075e-01
0.17613	1.00691e-01
0.17562	1.00260e-01
0.17509	9.98067e-02
0.17452	9.93328e-02
0.17393	9.88394e-02
0.17331	9.83278e-02
0.17266	9.77993e-02
0.17200	9.72554e-02
0.17131	9.66972e-02
0.17060	9.61262e-02
0.16988	9.55435e-02
0.16915	9.49504e-02
0.16841	9.43479e-02
0.16766	9.37369e-02
0.16691	9.31180e-02
0.16616	9.24917e-02
0.16541	9.18579e-02
0.16466	9.12142e-02
0.16393	9.05614e-02
0.16320	8.98977e-02
0.16248	8.92205e-02
0.16177	8.85268e-02
0.16108	8.78131e-02
0.16041	8.70752e-02
0.15975	8.63091e-02
0.15911	8.55112e-02
0.15849	8.46780e-02
0.15789	8.38069e-02
0.15731	8.28963e-02
0.15675	8.19454e-02
0.15621	8.09542e-02
0.15570	7.99238e-02
0.15521	7.88562e-02
0.15474	7.77538e-02
0.15430	7.66201e-02
0.15388	7.54587e-02
0.15348	7.42760e-02
0.15310	7.30754e-02
0.15274	7.18622e-02
0.15240	7.06420e-02
0.15208	6.94208e-02
0.15178	6.82048e-02
0.15150	6.70003e-02
0.15123	6.58138e-02
0.15098	6.46522e-02
0.15074	6.35220e-02
0.15051	6.24298e-02
0.15030	6.13824e-02
0.15009	6.03860e-02
0.14989	5.94512e-02
0.14963	5.85901e-02
0.14938	5.77965e-02
0.14913	5.70753e-02
0.14889	5.64306e-02
0.14866	5.58661e-02
0.14844	5.53856e-02
0.14824	5.49910e-02
0.14804	5.46832e-02
0.14785	5.44615e-02
0.14767	5.43236e-02
0.14749	5.42649e-02
0.14732	5.42791e-02
0.14714	5.43576e-02
0.14697	5.44900e-02
0.14678	5.46648e-02
0.14659	5.48708e-02
0.14638	5.50963e-02
0.14617	5.53317e-02
0.14594	5.55693e-02
0.14570	5.58041e-02
0.14545	5.60340e-02
0.14519	5.62590e-02
0.14492	5.64817e-02
0.14465	5.67058e-02
0.14436	5.69362e-02
0.14406	5.71774e-02
0.14375	5.74339e-02
0.14342	5.77088e-02
0.14309	5.80052e-02
0.14274	5.83234e-02
0.14237	5.86615e-02
0.14200	5.90161e-02
0.14161	5.93834e-02
0.14122	5.97593e-02
0.14081	6.01407e-02
0.14039	6.05255e-02
0.13996	6.09126e-02
0.13951	6.13021e-02
0.13904	6.16942e-02
0.13855	6.20897e-02
0.13803	6.24889e-02
0.13748	6.28923e-02
0.13691	6.32994e-02
0.13630	6.37095e-02
0.13567	6.41212e-02
0.13500	6.45321e-02
0.13431	6.49391e-02
0.13358	6.53374e-02
0.13284	6.57203e-02
0.13207	6.60782e-02
0.13128	6.63966e-02
0.13051	6.66611e-02
0.12975	6.68379e-02
0.12902	6.68963e-02
0.12833	6.68170e-02
0.12769	6.66055e-02
0.12707	6.62884e-02
0.12646	6.58954e-02
0.12585	6.54539e-02
0.12523	6.49823e-02
0.12460	6.44934e-02
0.12394	6.39961e-02
0.12328	6.34968e-02
0.12258	6.29883e-02
0.12186	6.24835e-02
0.12113	6.19854e-02
0.12037	6.14959e-02
0.11961	6.10062e-02
0.11882	6.05270e-02
0.11802	6.00594e-02
0.11719	5.96050e-02
0.11635	5.91655e-02
0.11549	5.87428e-02
0.11462	5.83391e-02
0.11373	5.79565e-02
0.11282	5.75974e-02
0.11191	5.72635e-02
0.11098	5.69567e-02
0.11005	5.66779e-02
0.10911	5.64276e-02
0.10817	5.62054e-02
0.10724	5.60100e-02
0.10631	5.58388e-02
0.10540	5.56882e-02
0.10451	5.55535e-02
0.10364	5.54292e-02
0.10281	5.53091e-02
0.10201	5.51873e-02
0.10127	5.50587e-02
0.10057	5.49197e-02
0.09993	5.47690e-02
0.09934	5.46086e-02
0.09882	5.44438e-02
0.09834	5.42835e-02
0.09792	5.41400e-02
0.09755	5.40276e-02
0.09721	5.39620e-02
0.09690	5.39581e-02
0.09662	5.40295e-02
0.09636	5.41883e-02
0.09608	5.44526e-02
0.09626	5.39967e-02
0.09722	5.22510e-02
0.09819	5.05158e-02
0.09917	4.88212e-02
0.10016	4.71817e-02
0.10114	4.56026e-02
0.10213	4.40923e-02
0.10311	4.26587e-02
0.10408	4.13097e-02
0.10505	4.00528e-02
0.10602	3.88954e-02
0.10699	3.78448e-02
0.10796	3.69076e-02
0.10893	3.60902e-02
0.10990	3.53961e-02
0.11088	3.48301e-02
0.11187	3.43946e-02
0.11288	3.40902e-02
0.11390	3.39158e-02
0.11495	3.38690e-02
0.11602	3.39458e-02
0.11711	3.41417e-02
0.11822	3.44512e-02
0.11936	3.48683e-02
0.12051	3.53864e-02
0.12169	3.59986e-02
0.12288	3.66975e-02
0.12408	3.74749e-02
0.12529	3.83221e-02
0.12650	3.92293e-02
0.12771	4.01861e-02
0.12891	4.11811e-02
0.13009	4.22026e-02
0.13124	4.32386e-02
0.13235	4.42782e-02
0.13343	4.53115e-02
0.13447	4.63306e-02
0.13546	4.73302e-02
0.13640	4.83070e-02
0.13730	4.92600e-02
0.13815	5.01897e-02
0.13895	5.10979e-02
0.13970	5.19871e-02
0.14041	5.28601e-02
0.14107	5.37196e-02
0.14168	5.45679e-02
0.14225	5.54071e-02
0.14277	5.62386e-02
0.14324	5.70632e-02
0.14367	5.78809e-02
0.14404	5.86894e-02
0.14438	5.94883e-02
0.14466	6.02753e-02
0.14490	6.10475e-02
0.14510	6.18008e-02
0.14525	6.25296e-02
0.14535	6.32349e-02
0.14540	6.39004e-02
0.14543	6.45136e-02
0.14542	6.50579e-02
0.14540	6.55121e-02
0.14537	6.58503e-02
0.14536	6.60326e-02
0.14537	6.60465e-02
0.14541	6.58804e-02
0.14547	6.55416e-02
0.14555	6.50546e-02
0.14563	6.44518e-02
0.14571	6.37657e-02
0.14577	6.30242e-02
0.14582	6.22491e-02
0.14585	6.14571e-02
0.14585	6.06611e-02
0.14583	5.98705e-02
0.14579	5.90932e-02
0.14573	5.83358e-02
0.14563	5.76038e-02
0.14551	5.69027e-02
0.14536	5.62372e-02
0.14518	5.56118e-02
0.14497	5.50303e-02
0.14472	5.44961e-02
0.14444	5.40120e-02
0.14413	5.35800e-02
0.14379	5.32015e-02
0.14341	5.28772e-02
0.14300	5.26067e-02
0.14255	5.23893e-02
0.14208	5.22232e-02
0.14157	5.21061e-02
0.14103	5.20352e-02
0.14046	5.20070e-02
0.13986	5.20178e-02
0.13923	5.20633e-02
0.13858	5.21391e-02
0.13790	5.22405e-02
0.13720	5.23628e-02
0.13647	5.25015e-02
0.13571	5.26289e-02
0.13493	5.27604e-02
0.13413	5.28928e-02
0.13331	5.30222e-02
0.13247	5.31454e-02
0.13162	5.32592e-02
0.13077	5.33552e-02
0.12990	5.34375e-02
0.12903	5.35045e-02
0.12815	5.35553e-02
0.12726	5.35893e-02
0.12638	5.36067e-02
0.12549	5.36082e-02
0.12461	5.35951e-02
0.12373	5.35692e-02
0.12286	5.35329e-02
0.12198	5.34924e-02
0.12110	5.34481e-02
0.12023	5.34027e-02
0.11937	5.33584e-02
0.11852	5.33160e-02
0.11768	5.32755e-02
0.11684	5.32352e-02
0.11601	5.31921e-02
0.11518	5.31428e-02
0.11437	5.30837e-02
0.11356	5.30117e-02
0.11277	5.29249e-02
0.11199	5.28230e-02
0.11124	5.27096e-02
0.11052	5.25852e-02
0.10982	5.24539e-02
0.10914	5.23206e-02
0.10849	5.21912e-02
0.10786	5.20717e-02
0.10725	5.19685e-02
0.10668	5.18878e-02
0.10613	5.18357e-02
0.10560	5.18179e-02
0.10511	5.18396e-02
0.10464	5.19056e-02
0.10419	5.20199e-02
0.10378	5.21862e-02
0.10339	5.24071e-02
0.10303	5.26850e-02
0.10269	5.30210e-02
0.10239	5.34158e-02
0.10211	5.38691e-02
0.10187	5.43799e-02
0.10165	5.49461e-02
0.10146	5.55650e-02
0.10130	5.62330e-02
0.10116	5.69323e-02
0.10105	5.76668e-02
0.10097	5.84306e-02
0.10092	5.92170e-02
0.10091	6.00184e-02
0.10094	6.08261e-02
0.10100	6.16400e-02
0.10111	6.24446e-02
0.10126	6.32280e-02
0.10147	6.39769e-02
0.10174	6.46779e-02
0.10207	6.53181e-02
0.10245	6.58994e-02
0.10290	6.64029e-02
0.10342	6.68281e-02
0.10400	6.71779e-02
0.10465	6.74575e-02
0.10534	6.76738e-02
0.10606	6.78344e-02
0.10682	6.79477e-02
0.10760	6.80237e-02
0.10838	6.80730e-02
0.10917	6.81066e-02
0.10994	6.81350e-02
0.11069	6.81674e-02
0.11142	6.82129e-02
0.11211	6.82786e-02
0.11276	6.83703e-02
0.11337	6.84928e-02
0.11393	6.86498e-02
0.11444	6.88446e-02
0.11490	6.90793e-02
0.11530	6.93557e-02
0.11564	6.96749e-02
0.11593	7.00376e-02
0.11615	7.04438e-02
0.11632	7.08931e-02
0.11643	7.13850e-02
0.11648	7.19181e-02
0.11647	7.24909e-02
0.11640	7.31013e-02
0.11628	7.37462e-02
0.11611	7.44200e-02
0.11589	7.51014e-02
0.11581	7.55369e-02
0.11610	7.53560e-02
0.11641	7.51099e-02
0.11668	7.48873e-02
0.11691	7.47038e-02
0.11709	7.45554e-02
0.11724	7.44423e-02
0.11736	7.43629e-02
0.11745	7.43141e-02
0.11751	7.42913e-02
0.11756	7.42878e-02
0.11760	7.42940e-02
0.11765	7.42976e-02
0.11772	7.42840e-02
0.11782	7.42366e-02
0.11798	7.41392e-02
0.11820	7.39775e-02
0.11849	7.37414e-02
0.11886	7.34259e-02
0.11930	7.30311e-02
0.11983	7.25531e-02
0.12043	7.20077e-02
0.12108	7.14075e-02
0.12175	7.07679e-02
0.12245	7.01058e-02
0.12314	6.94386e-02
0.12381	6.87824e-02
0.12446	6.81516e-02
0.12507	6.75576e-02
0.12563	6.70081e-02
0.12614	6.65072e-02
0.12661	6.60544e-02
0.12703	6.56452e-02
0.12740	6.52711e-02
0.12773	6.49201e-02
0.12803	6.45777e-02
0.12830	6.42276e-02
0.12855	6.38527e-02
0.12879	6.34365e-02
0.12902	6.29649e-02
0.12925	6.24272e-02
0.12948	6.18179e-02
0.12970	6.11365e-02
0.12993	6.03875e-02
0.13014	5.95796e-02
0.13034	5.87237e-02
0.13051	5.78326e-02
0.13066	5.69192e-02
0.13077	5.59964e-02
0.13085	5.50765e-02
0.13089	5.41713e-02
0.13088	5.32917e-02
0.13083	5.24483e-02
0.13073	5.16506e-02
0.13058	5.09074e-02
0.13038	5.02271e-02
0.13013	4.96157e-02
0.12982	4.90806e-02
0.12947	4.86269e-02
0.12907	4.82585e-02
0.12862	4.79782e-02
0.12813	4.77872e-02
0.12756	4.76544e-02
0.12695	4.76023e-02
0.12629	4.76276e-02
0.12560	4.77252e-02
0.12487	4.78887e-02
0.12410	4.81097e-02
0.12331	4.83812e-02
0.12250	4.86724e-02
0.12170	4.89627e-02
0.12090	4.92282e-02
0.12013	4.94372e-02
0.11940	4.95680e-02
0.11871	4.95985e-02
0.11808	4.95165e-02
0.11751	4.93233e-02
0.11699	4.90335e-02
0.11652	4.86703e-02
0.11608	4.82594e-02
0.11567	4.78253e-02
0.11527	4.73889e-02
0.11489	4.69673e-02
0.11451	4.65738e-02
0.11414	4.62193e-02
0.11377	4.59121e-02
0.11340	4.56592e-02
0.11303	4.54659e-02
0.11267	4.53367e-02
0.11231	4.52753e-02
0.11195	4.52842e-02
0.11159	4.53654e-02
0.11124	4.55200e-02
0.11090	4.57484e-02
0.11056	4.60503e-02
0.11023	4.64249e-02
0.10991	4.68707e-02
0.10960	4.73855e-02
0.10929	4.79665e-02
0.10900	4.86098e-02
0.10871	4.93098e-02
0.10843	5.00591e-02
0.10815	5.08468e-02
0.10789	5.16581e-02
0.10765	5.24722e-02
0.10742	5.32560e-02
0.10724	5.39738e-02
0.10713	5.45800e-02
0.10710	5.50344e-02
0.10717	5.53233e-02
0.10732	5.54584e-02
0.10754	5.54909e-02
0.10779	5.54619e-02
0.10805	5.54063e-02
0.10831	5.53467e-02
0.10857	5.52978e-02
0.10881	5.52689e-02
0.10903	5.52655e-02
0.10923	5.52907e-02
0.10941	5.53460e-02
0.10958	5.54066e-02
0.10974	5.54864e-02
0.10988	5.55839e-02
0.11000	5.56975e-02
0.11010	5.58248e-02
0.11019	5.59629e-02
0.11026	5.61079e-02
0.11032	5.62542e-02
0.11036	5.63944e-02
0.11040	5.65179e-02
0.11045	5.66115e-02
0.11049	5.66591e-02
0.11056	5.66438e-02
0.11065	5.65514e-02
0.11077	5.63744e-02
0.11091	5.61133e-02
0.11108	5.57748e-02
0.11126	5.53681e-02
0.11145	5.49017e-02
0.11165	5.43826e-02
0.11186	5.38156e-02
0.11206	5.32045e-02
0.11227	5.25523e-02
0.11248	5.18620e-02
0.11269	5.11371e-02
0.11290	5.03817e-02
0.11310	4.96007e-02
0.11330	4.87999e-02
0.11350	4.79862e-02
0.11369	4.71673e-02
0.11388	4.63518e-02
0.11405	4.55491e-02
0.11420	4.47910e-02
0.11433	4.40661e-02
0.11446	4.33851e-02
0.11459	4.27589e-02
0.11470	4.21964e-02
0.11481	4.17078e-02
0.11490	4.13003e-02
0.11497	4.09781e-02
0.11503	4.07426e-02
0.11506	4.05921e-02
0.11506	4.05281e-02
0.11504	4.05461e-02
0.11500	4.06443e-02
0.11492	4.08241e-02
0.11482	4.10898e-02
0.11468	4.14491e-02
0.11452	4.19112e-02
0.11432	4.24861e-02
0.11408	4.31822e-02
0.11379	4.40050e-02
0.11348	4.49676e-02
0.11312	4.60557e-02
0.11271	4.72606e-02
0.11225	4.85681e-02
0.11175	4.99559e-02
0.11123	5.13871e-02
0.11070	5.27914e-02
0.11025	5.40295e-02
0.10998	5.49135e-02
0.10990	5.54418e-02
0.10991	5.58066e-02
0.10995	5.61546e-02
0.10998	5.65526e-02
0.10999	5.70282e-02
0.10997	5.75919e-02
0.10992	5.82452e-02
0.10984	5.89843e-02
0.10974	5.98011e-02
0.10962	6.06827e-02
0.10949	6.16115e-02
0.10937	6.25633e-02
0.10927	6.35073e-02
0.10922	6.44064e-02
0.10924	6.52239e-02
0.10934	6.59352e-02
0.10953	6.65391e-02
0.10980	6.70588e-02
0.11012	6.75294e-02
0.11048	6.79852e-02
0.11086	6.84526e-02
0.11125	6.89488e-02
0.11163	6.94827e-02
0.11201	7.00568e-02
0.11240	7.06680e-02
0.11278	7.13080e-02
0.11317	7.19654e-02
0.11358	7.26251e-02
0.11401	7.32689e-02
0.11457	7.40089e-02
0.11517	7.46969e-02
0.11584	7.53327e-02
0.11656	7.59017e-02
0.11732	7.64098e-02
0.11811	7.68677e-02
0.11893	7.72870e-02
0.11976	7.76767e-02
0.12059	7.80429e-02
0.12142	7.83887e-02
0.12224	7.87246e-02
0.12305	7.90328e-02
0.12386	7.93001e-02
0.12469	7.95029e-02
0.12554	7.96092e-02
0.12643	7.96018e-02
0.12734	7.94961e-02
0.12825	7.93187e-02
0.12915	7.90876e-02
0.13003	7.88112e-02
0.13088	7.84930e-02
0.13171	7.81341e-02
0.13250	7.77348e-02
0.13326	7.72950e-02
0.13398	7.68148e-02
0.13467	7.62946e-02
0.13531	7.57351e-02
0.13592	7.51374e-02
0.13648	7.45028e-02
0.13700	7.38331e-02
0.13748	7.31303e-02
0.13790	7.23966e-02
0.13828	7.16344e-02
0.13861	7.08462e-02
0.13888	7.00348e-02
0.13910	6.92028e-02
0.13927	6.83534e-02
0.13939	6.74893e-02
0.13945	6.66139e-02
0.13946	6.57302e-02
0.13942	6.48415e-02
0.13932	6.39513e-02
0.13917	6.30629e-02
0.13896	6.21799e-02
0.13871	6.13057e-02
0.13840	6.04441e-02
0.13796	5.95688e-02
0.13747	5.87190e-02
0.13693	5.78993e-02
0.13634	5.71141e-02
0.13570	5.63673e-02
0.13501	5.56625e-02
0.13428	5.50016e-02
0.13351	5.43881e-02
0.13270	5.38241e-02
0.13186	5.33106e-02
0.13098	5.28479e-02
0.13008	5.24351e-02
0.12914	5.20790e-02
0.12818	5.17692e-02
0.12720	5.15018e-02
0.12622	5.12713e-02
0.12522	5.10746e-02
0.12422	5.09036e-02
0.12322	5.07510e-02
0.12224	5.06095e-02
0.12126	5.04720e-02
0.12031	5.03321e-02
0.11937	5.01845e-02
0.11847	5.00254e-02
0.11759	4.98533e-02
0.11674	4.96673e-02
0.11593	4.94690e-02
0.11515	4.92613e-02
0.11440	4.90486e-02
0.11368	4.88361e-02
0.11299	4.86294e-02
0.11233	4.84343e-02
0.11170	4.82564e-02
0.11109	4.81008e-02
0.11050	4.79724e-02
0.10994	4.78753e-02
0.10939	4.78130e-02
0.10886	4.77882e-02
0.10835	4.78033e-02
0.10786	4.78598e-02
0.10737	4.79588e-02
0.10691	4.81009e-02
0.10645	4.82862e-02
0.10601	4.85144e-02
0.10559	4.87847e-02
0.10517	4.90961e-02
0.10477	4.94474e-02
0.10437	4.98370e-02
0.10400	5.02631e-02
0.10362	5.07173e-02
0.10325	5.12036e-02
0.10291	5.17201e-02
0.10258	5.22649e-02
0.10226	5.28359e-02
0.10196	5.34411e-02
0.10168	5.40693e-02
0.10143	5.47209e-02
0.10120	5.53888e-02
0.10101	5.60672e-02
0.10084	5.67470e-02
0.10072	5.74131e-02
0.10066	5.80393e-02
0.10067	5.85866e-02
0.10078	5.90223e-02
0.10096	5.93495e-02
0.10120	5.96163e-02
0.10148	5.98587e-02
0.10179	6.00973e-02
0.10213	6.03423e-02
0.10248	6.05981e-02
0.10285	6.08649e-02
0.10325	6.11392e-02
0.10368	6.14134e-02
0.10415	6.16752e-02
0.10467	6.19070e-02
0.10526	6.20861e-02
0.10593	6.21869e-02
0.10669	6.21847e-02
0.10756	6.20620e-02
0.10853	6.18138e-02
0.10960	6.14500e-02
0.11075	6.09921e-02
0.11196	6.04675e-02
0.11321	5.99046e-02
0.11449	5.93296e-02
0.11577	5.87650e-02
0.11705	5.82295e-02
0.11831	5.77385e-02
0.11955	5.73045e-02
0.12075	5.69375e-02
0.12190	5.66455e-02
0.12301	5.64346e-02
0.12407	5.63092e-02
0.12507	5.62720e-02
0.12601	5.63240e-02
0.12690	5.64644e-02
0.12772	5.66894e-02
0.12849	5.69957e-02
0.12921	5.73767e-02
0.12987	5.78236e-02
0.13045	5.82847e-02
0.13099	5.87844e-02
0.13148	5.93073e-02
0.13193	5.98351e-02
0.13236	6.03481e-02
0.13276	6.08254e-02
0.13318	6.12607e-02
0.13359	6.16266e-02
0.13400	6.19104e-02
0.13442	6.21056e-02
0.13484	6.22116e-02
0.13527	6.22332e-02
0.13568	6.21794e-02
0.13609	6.20619e-02
0.13647	6.18935e-02
0.13683	6.16873e-02
0.13715	6.14555e-02
0.13743	6.12101e-02
0.13767	6.09614e-02
0.13785	6.07189e-02
0.13798	6.04910e-02
0.13806	6.02849e-02
0.13807	6.01071e-02
0.13802	5.99630e-02
0.13791	5.98535e-02
0.13774	5.97866e-02
0.13750	5.97657e-02
0.13720	5.97933e-02
0.13683	5.98714e-02
0.13639	6.00011e-02
0.13589	6.01830e-02
0.13533	6.04166e-02
0.13471	6.07002e-02
0.13403	6.10308e-02
0.13329	6.14020e-02
0.13251	6.18018e-02
0.13169	6.22050e-02
0.13088	6.25539e-02
0.13012	6.27113e-02
0.12956	6.24395e-02
0.12922	6.16543e-02
0.12902	6.05660e-02
0.12884	5.93677e-02
0.12867	5.81535e-02
0.12846	5.69701e-02
0.12823	5.58454e-02
0.12796	5.47997e-02
0.12765	5.38496e-02
0.12731	5.30097e-02
0.12694	5.22929e-02
0.12654	5.17097e-02
0.12611	5.12698e-02
0.12564	5.09810e-02
0.12513	5.08488e-02
0.12460	5.08760e-02
0.12403	5.10639e-02
0.12345	5.14007e-02
0.12285	5.18893e-02
0.12223	5.25229e-02
0.12159	5.32926e-02
0.12093	5.41866e-02
0.12026	5.51897e-02
0.11958	5.62801e-02
0.11891	5.74186e-02
0.11830	5.85030e-02
0.11793	5.91758e-02
0.11803	5.89898e-02
0.11838	5.83856e-02
0.11880	5.77363e-02
0.11922	5.71390e-02
0.11964	5.66196e-02
0.12006	5.61843e-02
0.12046	5.58319e-02
0.12085	5.55574e-02
0.12124	5.53537e-02
0.12162	5.52123e-02
0.12199	5.51240e-02
0.12236	5.50789e-02
0.12272	5.50675e-02
0.12308	5.50807e-02
0.12344	5.51100e-02
0.12379	5.51481e-02
0.12414	5.51891e-02
0.12447	5.52283e-02
0.12480	5.52624e-02
0.12512	5.52894e-02
0.12542	5.53085e-02
0.12570	5.53198e-02
0.12596	5.53239e-02
0.12619	5.53222e-02
0.12640	5.53164e-02
0.12657	5.53084e-02
0.12670	5.53002e-02
0.12680	5.52938e-02
0.12685	5.52914e-02
0.12686	5.52950e-02
0.12681	5.53003e-02
0.12672	5.53148e-02
0.12658	5.53403e-02
0.12638	5.53783e-02
0.12613	5.54299e-02
0.12583	5.54962e-02
0.12548	5.55773e-02
0.12507	5.56730e-02
0.12462	5.57818e-02
0.12412	5.59013e-02
0.12357	5.60243e-02
0.12297	5.61486e-02
0.12234	5.62686e-02
0.12169	5.63780e-02
0.12101	5.64712e-02
0.12031	5.65435e-02
0.11960	5.65873e-02
0.11888	5.66051e-02
0.11815	5.65963e-02
0.11742	5.65605e-02
0.11666	5.64851e-02
0.11591	5.63780e-02
0.11516	5.62393e-02
0.11442	5.60704e-02
0.11369	5.58751e-02
0.11297	5.56597e-02
0.11226	5.54330e-02
0.11157	5.52053e-02
0.11084	5.49756e-02
0.11013	5.47642e-02
0.10943	5.45803e-02
0.10873	5.44316e-02
0.10806	5.43242e-02
0.10739	5.42626e-02
0.10675	5.42493e-02
0.10613	5.42853e-02
0.10553	5.43697e-02
0.10497	5.44996e-02
0.10445	5.46699e-02
0.10397	5.48733e-02
0.10355	5.50992e-02
0.10319	5.53339e-02
0.10291	5.55600e-02
0.10272	5.57573e-02
0.10264	5.59042e-02
0.10267	5.59831e-02
0.10283	5.59852e-02
0.10310	5.59141e-02
0.10348	5.57839e-02
0.10396	5.56152e-02
0.10452	5.54293e-02
0.10515	5.52458e-02
0.10584	5.50812e-02
0.10655	5.49925e-02
0.10729	5.49482e-02
0.10806	5.49553e-02
0.10885	5.50191e-02
0.10966	5.51439e-02
0.11046	5.53055e-02
0.11127	5.55316e-02
0.11206	5.58221e-02
0.11284	5.61771e-02
0.11362	5.65964e-02
0.11438	5.70787e-02
0.11513	5.76224e-02
0.11585	5.82252e-02
0.11656	5.88840e-02
0.11724	5.95952e-02
0.11786	6.03926e-02
0.11845	6.12394e-02
0.11901	6.21301e-02
0.11953	6.30583e-02
0.12002	6.40168e-02
0.12048	6.49976e-02
0.12091	6.59913e-02
0.12132	6.69879e-02
0.12170	6.79757e-02
0.12207	6.89418e-02
0.12242	6.98712e-02
0.12278	7.07455e-02
0.12315	7.15415e-02
0.12354	7.22300e-02
0.12399	7.27815e-02
0.12448	7.31822e-02
0.12502	7.34442e-02
0.12560	7.35934e-02
0.12618	7.36545e-02
0.12677	7.36460e-02
0.12736	7.35808e-02
0.12793	7.34678e-02
0.12848	7.33130e-02
0.12902	7.31202e-02
0.12953	7.28909e-02
0.13003	7.26250e-02
0.13050	7.23205e-02
0.13096	7.19740e-02
0.13140	7.15815e-02
0.13182	7.11390e-02
0.13223	7.06436e-02
0.13263	7.00948e-02
0.13302	6.94934e-02
0.13339	6.88459e-02
0.13374	6.81591e-02
0.13407	6.74405e-02
0.13435	6.66980e-02
0.13461	6.59392e-02
0.13483	6.51716e-02
0.13501	6.44019e-02
0.13515	6.36360e-02
0.13526	6.28791e-02
0.13532	6.21351e-02
0.13534	6.14082e-02
0.13532	6.07016e-02
0.13526	6.00179e-02
0.13515	5.93590e-02
0.13500	5.87266e-02
0.13480	5.81215e-02
0.13456	5.75445e-02
0.13428	5.69959e-02
0.13396	5.64754e-02
0.13360	5.59826e-02
0.13319	5.55167e-02
0.13275	5.50767e-02
0.13227	5.46610e-02
0.13175	5.42682e-02
0.13119	5.38964e-02
0.13059	5.35435e-02
0.12997	5.32073e-02
0.12928	5.28539e-02
0.12856	5.25091e-02
0.12781	5.21704e-02
0.12703	5.18356e-02
0.12622	5.15019e-02
0.12538	5.11670e-02
0.12452	5.08280e-02
0.12363	5.04825e-02
0.12273	5.01278e-02
0.12180	4.97613e-02
0.12087	4.93804e-02
0.11992	4.89825e-02
0.11897	4.85652e-02
0.11802	4.81260e-02
0.11707	4.76624e-02
0.11613	4.71723e-02
0.11520	4.66536e-02
0.11429	4.61047e-02
0.11340	4.55243e-02
0.11253	4.49114e-02
0.11168	4.42660e-02
0.11086	4.35880e-02
0.11006	4.28785e-02
0.10928	4.21388e-02
0.10853	4.13707e-02
0.10780	4.05780e-02
0.10710	3.97625e-02
0.10642	3.89278e-02
0.10576	3.80779e-02
0.10512	3.72174e-02
0.10449	3.63455e-02
0.10387	3.54760e-02
0.10327	3.46155e-02
0.10269	3.37717e-02
0.10213	3.29524e-02
0.10159	3.21659e-02
0.10107	3.14208e-02
0.10057	3.07259e-02
0.10009	3.00902e-02
0.09962	2.95226e-02
0.09914	2.90324e-02
0.09867	2.86325e-02
0.09823	2.83301e-02
0.09780	2.81315e-02
0.09738	2.80409e-02
0.09699	2.80605e-02
0.09661	2.81904e-02
0.09625	2.84285e-02
0.09591	2.87701e-02
0.09559	2.92082e-02
0.09528	2.97334e-02
0.09500	3.03340e-02
0.09473	3.09960e-02
0.09449	3.17031e-02
0.09428	3.24371e-02
0.09410	3.31787e-02
0.09396	3.39089e-02
0.09386	3.46126e-02
0.09380	3.52809e-02
0.09378	3.59146e-02
0.09380	3.65245e-02
0.09384	3.71282e-02
0.09389	3.77467e-02
0.09395	3.84005e-02
0.09400	3.91066e-02
0.09404	3.98780e-02
0.09405	4.07230e-02
0.09402	4.16464e-02
0.09397	4.26495e-02
0.09387	4.37308e-02
0.09373	4.48870e-02
0.09354	4.61127e-02
0.09327	4.73873e-02
0.09296	4.87158e-02
0.09259	5.00860e-02
0.09219	5.14774e-02
0.09171	5.28168e-02
0.09127	5.40208e-02
0.09097	5.49381e-02
0.09079	5.56369e-02
0.09063	5.62641e-02
0.09047	5.68764e-02
0.09028	5.74957e-02
0.09009	5.81030e-02
0.08991	5.86835e-02
0.08975	5.92175e-02
0.08963	5.96829e-02
0.08957	6.00570e-02
0.08959	6.03175e-02
0.08969	6.04452e-02
0.08990	6.04331e-02
0.09019	6.03002e-02
0.09055	6.00888e-02
0.09094	5.98439e-02
0.09134	5.96006e-02
0.09173	5.93808e-02
0.09212	5.91933e-02
0.09251	5.90306e-02
0.09293	5.88579e-02
0.09341	5.86048e-02
0.09400	5.82178e-02
0.09468	5.77113e-02
0.09540	5.71640e-02
0.09612	5.66376e-02
0.09683	5.61687e-02
0.09751	5.57787e-02
0.09815	5.54817e-02
0.09876	5.52870e-02
0.09933	5.52011e-02
0.09986	5.52275e-02
0.10035	5.53675e-02
0.10080	5.56188e-02
0.10121	5.59741e-02
0.10159	5.64134e-02
0.10198	5.68724e-02
0.10249	5.71369e-02
0.10320	5.70690e-02
0.10396	5.69184e-02
0.10470	5.68179e-02
0.10540	5.68000e-02
0.10605	5.68728e-02
0.10666	5.70362e-02
0.10721	5.72869e-02
0.10772	5.76195e-02
0.10818	5.80274e-02
0.10859	5.85032e-02
0.10895	5.90389e-02
0.10927	5.96267e-02
0.10955	6.02586e-02
0.10978	6.09270e-02
0.10998	6.16270e-02
0.11013	6.23509e-02
0.11025	6.30885e-02
0.11032	6.38381e-02
0.11035	6.45943e-02
0.11034	6.53516e-02
0.11030	6.61047e-02
0.11021	6.68473e-02
0.11009	6.75723e-02
0.10993	6.82699e-02
0.10976	6.89256e-02
0.10957	6.95153e-02
0.10940	6.99958e-02
0.10930	7.02950e-02
0.10931	7.03327e-02
0.10945	7.00992e-02
0.10965	6.96692e-02
0.10988	6.91221e-02
0.11010	6.85072e-02
0.11028	6.78513e-02
0.11043	6.71698e-02
0.11053	6.64723e-02
0.11058	6.57654e-02
0.11058	6.50540e-02
0.11053	6.43421e-02
0.11043	6.36326e-02
0.11028	6.29279e-02
0.11008	6.22296e-02
0.10983	6.15387e-02
0.10954	6.08554e-02
0.10920	6.01795e-02
0.10882	5.95101e-02
0.10840	5.88466e-02
0.10794	5.81882e-02
0.10746	5.75354e-02
0.10694	5.68898e-02
0.10639	5.62544e-02
0.10582	5.56337e-02
0.10522	5.50328e-02
0.10458	5.44567e-02
0.10393	5.39103e-02
0.10324	5.33977e-02
0.10254	5.29218e-02
0.10181	5.24843e-02
0.10106	5.20859e-02
0.10030	5.17258e-02
0.09952	5.14041e-02
0.09874	5.11165e-02
0.09796	5.08589e-02
0.09718	5.06264e-02
0.09641	5.04136e-02
0.09567	5.02146e-02
0.09494	5.00240e-02
0.09424	4.98372e-02
0.09358	4.96508e-02
0.09295	4.94632e-02
0.09236	4.92750e-02
0.09181	4.90884e-02
0.09130	4.89023e-02
0.09083	4.87250e-02
0.09041	4.85612e-02
0.09002	4.84153e-02
0.08965	4.82851e-02
0.08931	4.81793e-02
0.08901	4.80990e-02
0.08874	4.80444e-02
0.08852	4.80145e-02
0.08833	4.80073e-02
0.08818	4.80199e-02
0.08807	4.80487e-02
0.08801	4.80885e-02
0.08800	4.81324e-02
0.08803	4.81707e-02
0.08813	4.81916e-02
0.08828	4.81826e-02
0.08850	4.81364e-02
0.08878	4.80561e-02
0.08911	4.79554e-02
0.08948	4.78535e-02
0.08988	4.77695e-02
0.09029	4.77191e-02
0.09071	4.77144e-02
0.09113	4.77638e-02
0.09155	4.78725e-02
0.09196	4.80434e-02
0.09236	4.82769e-02
0.09275	4.85717e-02
0.09313	4.89243e-02
0.09350	4.93299e-02
0.09385	4.97820e-02
0.09420	5.02726e-02
0.09454	5.07925e-02
0.09487	5.13312e-02
0.09521	5.18774e-02
0.09555	5.24189e-02
0.09588	5.29474e-02
0.09623	5.34470e-02
0.09660	5.39052e-02
0.09699	5.43103e-02
0.09741	5.46506e-02
0.09786	5.49101e-02
0.09836	5.50827e-02
0.09884	5.50678e-02
0.09936	5.49485e-02
0.09991	5.47265e-02
0.10049	5.44093e-02
0.10109	5.40102e-02
0.10169	5.35457e-02
0.10230	5.30338e-02
0.10288	5.24921e-02
0.10345	5.19367e-02
0.10398	5.13820e-02
0.10448	5.08404e-02
0.10493	5.03225e-02
0.10534	4.98375e-02
0.10570	4.93928e-02
0.10600	4.89948e-02
0.10626	4.86485e-02
0.10646	4.83578e-02
0.10661	4.81255e-02
0.10670	4.79533e-02
0.10674	4.78418e-02
0.10673	4.77909e-02
0.10666	4.77992e-02
0.10655	4.78647e-02
0.10638	4.79845e-02
0.10617	4.81549e-02
0.10592	4.83715e-02
0.10562	4.86296e-02
0.10529	4.89238e-02
0.10492	4.92481e-02
0.10452	4.95966e-02
0.10409	4.99629e-02
0.10364	5.03404e-02
0.10317	5.07224e-02
0.10269	5.11022e-02
0.10220	5.14728e-02
0.10171	5.18272e-02
0.10122	5.21584e-02
0.10074	5.24587e-02
0.10028	5.27204e-02
0.09984	5.29350e-02
0.09943	5.30871e-02
0.09905	5.31736e-02
0.09873	5.31873e-02
0.09845	5.31235e-02
0.09826	5.29846e-02
0.09811	5.27746e-02
0.09802	5.25034e-02
0.09796	5.21836e-02
0.09795	5.18284e-02
0.09796	5.14507e-02
0.09800	5.10611e-02
0.09806	5.06713e-02
0.09813	5.02909e-02
0.09822	4.99283e-02
0.09832	4.95909e-02
0.09843	4.92853e-02
0.09851	4.90784e-02
0.09858	4.89225e-02
0.09865	4.88217e-02
0.09872	4.87795e-02
0.09878	4.87993e-02
0.09884	4.88816e-02
0.09889	4.90273e-02
0.09893	4.92361e-02
0.09896	4.95070e-02
0.09898	4.98383e-02
0.09900	5.02271e-02
0.09900	5.06701e-02
0.09898	5.11625e-02
0.09896	5.16989e-02
0.09893	5.22715e-02
0.09889	5.28700e-02
0.09885	5.34773e-02
0.09882	5.40639e-02
0.09883	5.45808e-02
0.09890	5.49809e-02
0.09902	5.52707e-02
0.09917	5.54939e-02
0.09933	5.56827e-02
0.09949	5.58516e-02
0.09964	5.60053e-02
0.09978	5.61437e-02
0.09990	5.62642e-02
0.10001	5.63624e-02
0.10011	5.64329e-02
0.10020	5.64690e-02
0.10027	5.64635e-02
0.10034	5.64089e-02
0.10040	5.62985e-02
0.10045	5.61276e-02
0.10050	5.58947e-02
0.10053	5.56017e-02
0.10055	5.52536e-02
0.10055	5.48568e-02
0.10052	5.44180e-02
0.10046	5.39433e-02
0.10037	5.34378e-02
0.10025	5.29054e-02
0.10008	5.23493e-02
0.09988	5.17718e-02
0.09964	5.11750e-02
0.09936	5.05605e-02
0.09904	4.99296e-02
0.09869	4.92839e-02
0.09830	4.86246e-02
0.09788	4.79533e-02
0.09742	4.72715e-02
0.09693	4.65810e-02
0.09640	4.59018e-02
0.09585	4.52205e-02
0.09526	4.45395e-02
0.09466	4.38616e-02
0.09404	4.31897e-02
0.09339	4.25273e-02
0.09274	4.18781e-02
0.09208	4.12462e-02
0.09141	4.06362e-02
0.09074	4.00528e-02
0.09008	3.95010e-02
0.08941	3.89863e-02
0.08876	3.85140e-02
0.08812	3.80894e-02
0.08750	3.77177e-02
0.08690	3.74040e-02
0.08632	3.71526e-02
0.08578	3.69673e-02
0.08526	3.68512e-02
0.08479	3.68064e-02
0.08435	3.68338e-02
0.08396	3.69334e-02
0.08362	3.71038e-02
0.08333	3.73425e-02
0.08310	3.76457e-02
0.08292	3.80088e-02
0.08281	3.84261e-02
0.08276	3.88915e-02
0.08278	3.93984e-02
0.08287	3.99404e-02
0.08303	4.05114e-02
0.08325	4.11061e-02
0.08355	4.17199e-02
0.08390	4.23494e-02
0.08432	4.29920e-02
0.08480	4.36456e-02
0.08533	4.43084e-02
0.08591	4.49786e-02
0.08653	4.56537e-02
0.08719	4.63310e-02
0.08789	4.70073e-02
0.08862	4.76785e-02
0.08933	4.83146e-02
0.09007	4.89368e-02
0.09082	4.95411e-02
0.09159	5.01239e-02
0.09236	5.06822e-02
0.09313	5.12137e-02
0.09391	5.17086e-02
0.09468	5.21737e-02
0.09545	5.26096e-02
0.09619	5.30173e-02
0.09690	5.33931e-02
0.09757	5.37424e-02
0.09821	5.40677e-02
0.09881	5.43717e-02
0.09936	5.46570e-02
0.09987	5.49264e-02
0.10032	5.51824e-02
0.10072	5.54269e-02
0.10102	5.56753e-02
0.10126	5.59170e-02
0.10144	5.61526e-02
0.10155	5.63816e-02
0.10160	5.66029e-02
0.10159	5.68138e-02
0.10151	5.70100e-02
0.10139	5.71855e-02
0.10121	5.73318e-02
0.10099	5.74381e-02
0.10074	5.74930e-02
0.10047	5.74858e-02
0.10017	5.74093e-02
0.09987	5.72603e-02
0.09955	5.70373e-02
0.09923	5.67391e-02
0.09890	5.63636e-02
0.09858	5.59083e-02
0.09827	5.53722e-02
0.09797	5.47576e-02
0.09768	5.40710e-02
0.09739	5.33237e-02
0.09711	5.25307e-02
0.09683	5.17099e-02
0.09654	5.08807e-02
0.09620	5.00537e-02
0.09585	4.92544e-02
0.09547	4.85010e-02
0.09506	4.78107e-02
0.09463	4.71990e-02
0.09417	4.66856e-02
0.09368	4.62779e-02
0.09321	4.59337e-02
0.09271	4.57073e-02
0.09219	4.56042e-02
0.09164	4.56279e-02
0.09107	4.57792e-02
0.09048	4.60567e-02
0.08987	4.64569e-02
0.08925	4.69739e-02
0.08861	4.76021e-02
0.08796	4.83310e-02
0.08731	4.91502e-02
0.08665	5.00482e-02
0.08600	5.10121e-02
0.08535	5.20274e-02
0.08472	5.30771e-02
0.08412	5.41401e-02
0.08356	5.51890e-02
0.08307	5.61904e-02
0.08266	5.71160e-02
0.08234	5.79602e-02
0.08210	5.87390e-02
0.08193	5.94703e-02
0.08181	6.01628e-02
0.08176	6.08163e-02
0.08175	6.14252e-02
0.08181	6.19814e-02
0.08193	6.24779e-02
0.08212	6.29108e-02
0.08236	6.32805e-02
0.08266	6.35853e-02
0.08305	6.37845e-02
0.08372	6.36047e-02
0.08465	6.30822e-02
0.08561	6.24872e-02
0.08657	6.18674e-02
0.08752	6.12348e-02
0.08844	6.05954e-02
0.08934	5.99535e-02
0.09021	5.93124e-02
0.09104	5.86751e-02
0.09185	5.80453e-02
0.09262	5.74245e-02
0.09336	5.68151e-02
0.09406	5.62194e-02
0.09471	5.56348e-02
0.09534	5.50680e-02
0.09592	5.45213e-02
0.09647	5.39973e-02
0.09699	5.34986e-02
0.09747	5.30279e-02
0.09793	5.25975e-02
0.09836	5.21993e-02
0.09876	5.18349e-02
0.09914	5.15055e-02
0.09949	5.12105e-02
0.09982	5.09477e-02
0.10015	5.07048e-02
0.10047	5.04804e-02
0.10080	5.02635e-02
0.10113	5.00426e-02
0.10144	4.97360e-02
0.10177	4.94190e-02
0.10211	4.91015e-02
0.10246	4.87983e-02
0.10282	4.85252e-02
0.10318	4.82954e-02
0.10355	4.81181e-02
0.10391	4.79979e-02
0.10428	4.79347e-02
0.10465	4.79235e-02
0.10503	4.79546e-02
0.10544	4.80124e-02
0.10587	4.80764e-02
0.10635	4.81213e-02
0.10688	4.81190e-02
0.10748	4.80431e-02
0.10815	4.78741e-02
0.10889	4.76043e-02
0.10970	4.72397e-02
0.11057	4.67972e-02
0.11148	4.62996e-02
0.11242	4.57714e-02
0.11338	4.52351e-02
0.11435	4.47105e-02
0.11532	4.42141e-02
0.11628	4.37600e-02
0.11722	4.33593e-02
0.11815	4.30214e-02
0.11905	4.27537e-02
0.11992	4.25618e-02
0.12076	4.24497e-02
0.12156	4.24200e-02
0.12233	4.24738e-02
0.12306	4.26204e-02
0.12376	4.28493e-02
0.12441	4.31577e-02
0.12501	4.35420e-02
0.12557	4.39976e-02
0.12609	4.45195e-02
0.12656	4.51007e-02
0.12698	4.57352e-02
0.12736	4.64167e-02
0.12768	4.71393e-02
0.12795	4.78967e-02
0.12816	4.86833e-02
0.12833	4.94933e-02
0.12844	5.03214e-02
0.12850	5.11625e-02
0.12847	5.20219e-02
0.12840	5.28841e-02
0.12827	5.37451e-02
0.12808	5.46009e-02
0.12785	5.54478e-02
0.12757	5.62827e-02
0.12724	5.71024e-02
0.12686	5.79043e-02
0.12644	5.86858e-02
0.12598	5.94450e-02
0.12548	6.01798e-02
0.12494	6.08889e-02
0.12437	6.15708e-02
0.12377	6.22247e-02
0.12313	6.28498e-02
0.12248	6.34459e-02
0.12179	6.40126e-02
0.12109	6.45502e-02
0.12038	6.50587e-02
0.11965	6.55387e-02
0.11891	6.59904e-02
0.11816	6.64144e-02
0.11741	6.68110e-02
0.11667	6.71806e-02
0.11593	6.75236e-02
0.11519	6.78399e-02
0.11448	6.81295e-02
0.11378	6.83918e-02
0.11310	6.86255e-02
0.11246	6.88284e-02
0.11185	6.89969e-02
0.11128	6.91265e-02
0.11074	6.92148e-02
0.11025	6.92553e-02
0.10983	6.92463e-02
0.10946	6.91907e-02
0.10915	6.90953e-02
0.10890	6.89712e-02
0.10870	6.88309e-02
0.10853	6.86870e-02
0.10840	6.85506e-02
0.10831	6.84302e-02
0.10824	6.83316e-02
0.10819	6.82585e-02
0.10817	6.82115e-02
0.10817	6.81885e-02
0.10820	6.81846e-02
0.10826	6.81918e-02
0.10836	6.81985e-02
0.10850	6.81886e-02
0.10870	6.81417e-02
0.10896	6.80330e-02
0.10931	6.78359e-02
0.10975	6.75265e-02
0.11029	6.70899e-02
0.11092	6.65242e-02
0.11162	6.58400e-02
0.11239	6.50556e-02
0.11321	6.41920e-02
0.11404	6.32691e-02
0.11488	6.23153e-02
0.11572	6.13353e-02
0.11655	6.03413e-02
0.11736	5.93436e-02
0.11814	5.83515e-02
0.11889	5.73731e-02
0.11960	5.64158e-02
0.12026	5.54864e-02
0.12088	5.45913e-02
0.12145	5.37362e-02
0.12196	5.29268e-02
0.12241	5.21672e-02
0.12281	5.14610e-02
0.12314	5.08112e-02
0.12341	5.02198e-02
0.12362	4.96875e-02
0.12377	4.92138e-02
0.12385	4.87968e-02
0.12387	4.84332e-02
0.12384	4.81183e-02
0.12374	4.78457e-02
0.12359	4.76082e-02
0.12339	4.73975e-02
0.12314	4.72049e-02
0.12285	4.70220e-02
0.12252	4.68522e-02
0.12215	4.66796e-02
0.12174	4.65010e-02
0.12130	4.63161e-02
0.12082	4.61276e-02
0.12030	4.59404e-02
0.11975	4.57627e-02
0.11915	4.56026e-02
0.11850	4.54685e-02
0.11781	4.53675e-02
0.11707	4.53055e-02
0.11628	4.52861e-02
0.11545	4.53104e-02
0.11457	4.53775e-02
0.11364	4.54838e-02
0.11267	4.56242e-02
0.11167	4.57919e-02
0.11063	4.59796e-02
0.10956	4.61797e-02
0.10847	4.63856e-02
0.10736	4.65916e-02
0.10623	4.67931e-02
0.10509	4.69866e-02
0.10393	4.71686e-02
0.10278	4.73356e-02
0.10161	4.74835e-02
0.10046	4.76072e-02
0.09930	4.77007e-02
0.09817	4.77569e-02
0.09705	4.77685e-02
0.09596	4.77276e-02
0.09490	4.76270e-02
0.09388	4.74604e-02
0.09290	4.72233e-02
0.09198	4.69140e-02
0.09110	4.65332e-02
0.09027	4.60847e-02
0.08948	4.55742e-02
0.08875	4.50085e-02
0.08806	4.43948e-02
0.08741	4.37397e-02
0.08681	4.30494e-02
0.08624	4.23298e-02
0.08571	4.15880e-02
0.08521	4.08323e-02
0.08474	4.00732e-02
0.08430	3.93220e-02
0.08388	3.85904e-02
0.08348	3.78889e-02
0.08310	3.72263e-02
0.08273	3.66090e-02
0.08238	3.60414e-02
0.08204	3.55260e-02
0.08172	3.50640e-02
0.08142	3.46558e-02
0.08114	3.43011e-02
0.08088	3.39996e-02
0.08064	3.37505e-02
0.08043	3.35532e-02
0.08024	3.34064e-02
0.08008	3.33090e-02
0.07994	3.32593e-02
0.07984	3.32552e-02
0.07976	3.32945e-02
0.07971	3.33748e-02
0.07969	3.34944e-02
0.07970	3.36526e-02
0.07975	3.38502e-02
0.07981	3.40894e-02
0.07991	3.43739e-02
0.08002	3.47081e-02
0.08015	3.50953e-02
0.08030	3.55366e-02
0.08046	3.60265e-02
0.08065	3.65460e-02
0.08089	3.70394e-02
0.08124	3.73551e-02
0.08182	3.72339e-02
0.08263	3.66686e-02
0.08355	3.59027e-02
0.08450	3.50836e-02
0.08546	3.42710e-02
0.08641	3.34923e-02
0.08735	3.27634e-02
0.08828	3.20951e-02
0.08918	3.14926e-02
0.09006	3.09655e-02
0.09091	3.05201e-02
0.09174	3.01618e-02
0.09253	2.98955e-02
0.09330	2.97250e-02
0.09403	2.96537e-02
0.09473	2.96834e-02
0.09539	2.98151e-02
0.09601	3.00484e-02
0.09659	3.03816e-02
0.09712	3.08115e-02
0.09762	3.13339e-02
0.09806	3.19431e-02
0.09847	3.26322e-02
0.09881	3.33849e-02
0.09911	3.41998e-02
0.09936	3.50677e-02
0.09956	3.59787e-02
0.09972	3.69222e-02
0.09982	3.78931e-02
0.09989	3.88749e-02
0.09994	3.98561e-02
0.09995	4.08245e-02
0.09993	4.17685e-02
0.09989	4.26766e-02
0.09982	4.35383e-02
0.09974	4.43444e-02
0.09964	4.50875e-02
0.09952	4.57630e-02
0.09940	4.63691e-02
0.09926	4.69072e-02
0.09912	4.73808e-02
0.09895	4.77951e-02
0.09878	4.81543e-02
0.09859	4.84586e-02
0.09839	4.86942e-02
0.09821	4.88041e-02
0.09813	4.86361e-02
0.09820	4.80883e-02
0.09835	4.73078e-02
0.09849	4.64266e-02
0.09862	4.54977e-02
0.09872	4.45441e-02
0.09878	4.35783e-02
0.09881	4.26084e-02
0.09880	4.16405e-02
0.09875	4.06797e-02
0.09866	3.97302e-02
0.09854	3.87957e-02
0.09838	3.78800e-02
0.09819	3.69863e-02
0.09797	3.61182e-02
0.09772	3.52793e-02
0.09744	3.44735e-02
0.09713	3.37049e-02
0.09681	3.29778e-02
0.09646	3.22967e-02
0.09609	3.16662e-02
0.09570	3.10906e-02
0.09529	3.05741e-02
0.09488	3.01199e-02
0.09445	2.97305e-02
0.09402	2.94070e-02
0.09358	2.91491e-02
0.09315	2.89550e-02
0.09272	2.88207e-02
0.09229	2.87411e-02
0.09189	2.87092e-02
0.09150	2.87170e-02
0.09113	2.87561e-02
0.09079	2.88179e-02
0.09049	2.88948e-02
0.09023	2.89809e-02
0.09000	2.90724e-02
0.08982	2.91687e-02
0.08969	2.92721e-02
0.08960	2.93881e-02
0.08955	2.95250e-02
0.08954	2.96932e-02
0.08957	2.99047e-02
0.08964	3.01713e-02
0.08973	3.05047e-02
0.08985	3.09144e-02
0.08999	3.14078e-02
0.09016	3.19891e-02
0.09034	3.26589e-02
0.09054	3.34143e-02
0.09075	3.42484e-02
0.09099	3.51515e-02
0.09124	3.61107e-02
0.09152	3.71112e-02
0.09183	3.81371e-02
0.09217	3.91724e-02
0.09255	4.02024e-02
0.09298	4.12148e-02
0.09344	4.22006e-02
0.09396	4.31542e-02
0.09452	4.40736e-02
0.09512	4.49596e-02
0.09577	4.58147e-02
0.09645	4.66428e-02
0.09717	4.74485e-02
0.09792	4.82374e-02
0.09869	4.90156e-02
0.09949	4.97901e-02
0.10029	5.05678e-02
0.10110	5.13555e-02
0.10191	5.21587e-02
0.10271	5.29815e-02
0.10351	5.38258e-02
0.10430	5.46914e-02
0.10508	5.55759e-02
0.10584	5.64745e-02
0.10660	5.73808e-02
0.10734	5.82862e-02
0.10809	5.91803e-02
0.10883	6.00512e-02
0.10957	6.08854e-02
0.11033	6.16686e-02
0.11111	6.23861e-02
0.11190	6.30248e-02
0.11273	6.35762e-02
0.11358	6.40381e-02
0.11446	6.44158e-02
0.11535	6.47202e-02
0.11624	6.49646e-02
0.11712	6.51623e-02
0.11800	6.53253e-02
0.11885	6.54633e-02
0.11967	6.55844e-02
0.12047	6.56948e-02
0.12123	6.57992e-02
0.12195	6.59012e-02
0.12263	6.60035e-02
0.12327	6.61077e-02
0.12386	6.62150e-02
0.12441	6.63256e-02
0.12492	6.64396e-02
0.12537	6.65563e-02
0.12579	6.66749e-02
0.12616	6.67942e-02
0.12648	6.69128e-02
0.12676	6.70291e-02
0.12699	6.71416e-02
0.12718	6.72485e-02
0.12733	6.73481e-02
0.12744	6.74389e-02
0.12751	6.75194e-02
0.12754	6.75881e-02
0.12753	6.76439e-02
0.12748	6.76858e-02
0.12740	6.77128e-02
0.12729	6.77244e-02
0.12714	6.77201e-02
0.12695	6.76998e-02
0.12674	6.76634e-02
0.12649	6.76113e-02
0.12622	6.75437e-02
0.12591	6.74616e-02
0.12558	6.73656e-02
0.12522	6.72572e-02
0.12483	6.71377e-02
0.12441	6.70087e-02
0.12397	6.68724e-02
0.12351	6.67309e-02
0.12301	6.65867e-02
0.12250	6.64426e-02
0.12196	6.63014e-02
0.12139	6.61663e-02
0.12080	6.60402e-02
0.12018	6.59261e-02
0.11954	6.58267e-02
0.11888	6.57444e-02
0.11819	6.56811e-02
0.11748	6.56378e-02
0.11675	6.56147e-02
0.11599	6.56104e-02
0.11523	6.56223e-02
0.11444	6.56453e-02
0.11366	6.56718e-02
0.11287	6.56906e-02
0.11209	6.56863e-02
0.11134	6.56385e-02
0.11062	6.55222e-02
0.10997	6.53100e-02
0.10939	6.49773e-02
0.10889	6.45102e-02
0.10847	6.39101e-02
0.10813	6.31926e-02
0.10784	6.23812e-02
0.10759	6.15004e-02
0.10737	6.05719e-02
0.10716	5.96136e-02
0.10696	5.86401e-02
0.10675	5.76635e-02
0.10654	5.66939e-02
0.10632	5.57402e-02
0.10608	5.48104e-02
0.10581	5.39114e-02
0.10552	5.30490e-02
0.10521	5.22281e-02
0.10486	5.14526e-02
0.10448	5.07253e-02
0.10406	5.00478e-02
0.10361	4.94205e-02
0.10313	4.88428e-02
0.10261	4.83134e-02
0.10206	4.78297e-02
0.10147	4.73890e-02
0.10084	4.69879e-02
0.10019	4.66227e-02
0.09950	4.62900e-02
0.09878	4.59865e-02
0.09802	4.57095e-02
0.09724	4.54567e-02
0.09642	4.52267e-02
0.09557	4.50186e-02
0.09469	4.48323e-02
0.09378	4.46683e-02
0.09283	4.45276e-02
0.09185	4.44117e-02
0.09084	4.43221e-02
0.08979	4.42605e-02
0.08871	4.42285e-02
0.08759	4.42275e-02
0.08644	4.42586e-02
0.08526	4.43222e-02
0.08404	4.44182e-02
0.08280	4.45461e-02
0.08153	4.47042e-02
0.08024	4.48896e-02
0.07894	4.50968e-02
0.07763	4.53126e-02
0.07635	4.54937e-02
0.07522	4.54362e-02
0.07451	4.47432e-02
0.07400	4.37424e-02
0.07355	4.27221e-02
0.07311	4.17404e-02
0.07269	4.08053e-02
0.07231	3.99075e-02
0.07199	3.90246e-02
0.07174	3.81244e-02
0.07159	3.71738e-02
0.07156	3.61552e-02
0.07164	3.50778e-02
0.07182	3.39746e-02
0.07209	3.28891e-02
0.07242	3.18651e-02
0.07280	3.09431e-02
0.07324	3.01595e-02
0.07372	2.95467e-02
0.07424	2.91332e-02
0.07479	2.89421e-02
0.07537	2.89907e-02
0.07597	2.92887e-02
0.07661	2.98380e-02
0.07726	3.06330e-02
0.07793	3.16616e-02
0.07861	3.29062e-02
0.07931	3.43453e-02
0.08002	3.59535e-02
0.08075	3.76977e-02
0.08151	3.95128e-02
0.08242	4.11466e-02
0.08368	4.22210e-02
0.08508	4.31519e-02
0.08649	4.41662e-02
0.08790	4.52878e-02
0.08931	4.65007e-02
0.09072	4.77697e-02
0.09215	4.90371e-02
0.09366	5.02131e-02
0.09528	5.11843e-02
0.09706	5.18835e-02
0.09896	5.23507e-02
0.10092	5.26763e-02
0.10290	5.29290e-02
0.10488	5.31468e-02
0.10683	5.33460e-02
0.10874	5.35315e-02
0.11063	5.37018e-02
0.11247	5.38519e-02
0.11427	5.39751e-02
0.11603	5.40638e-02
0.11775	5.41105e-02
0.11942	5.41086e-02
0.12104	5.40525e-02
0.12262	5.39380e-02
0.12414	5.37626e-02
0.12560	5.35251e-02
0.12701	5.32254e-02
0.12834	5.28648e-02
0.12962	5.24450e-02
0.13081	5.19684e-02
0.13194	5.14376e-02
0.13298	5.08555e-02
0.13394	5.02249e-02
0.13481	4.95487e-02
0.13559	4.88297e-02
0.13629	4.80705e-02
0.13689	4.72737e-02
0.13739	4.64418e-02
0.13780	4.55771e-02
0.13812	4.46817e-02
0.13833	4.37577e-02
0.13845	4.28070e-02
0.13847	4.18313e-02
0.13840	4.08318e-02
0.13823	3.98100e-02
0.13796	3.87669e-02
0.13760	3.77032e-02
0.13715	3.66198e-02
0.13661	3.55173e-02
0.13599	3.43967e-02
0.13527	3.32591e-02
0.13448	3.21064e-02
0.13360	3.09414e-02
0.13265	2.97682e-02
0.13162	2.85929e-02
0.13052	2.74240e-02
0.12935	2.62728e-02
0.12811	2.51539e-02
0.12681	2.40859e-02
0.12544	2.30915e-02
0.12402	2.21974e-02
0.12253	2.14334e-02
0.12099	2.08316e-02
0.11939	2.04232e-02
0.11775	2.02378e-02
0.11606	2.02942e-02
0.11433	2.06022e-02
0.11255	2.11604e-02
0.11074	2.19569e-02
0.10890	2.29719e-02
0.10703	2.41808e-02
0.10514	2.55575e-02
0.10324	2.70763e-02
0.10132	2.87139e-02
0.09940	3.04490e-02
0.09748	3.22631e-02
0.09557	3.41387e-02
0.09368	3.60584e-02
0.09181	3.80014e-02
0.08999	3.99375e-02
0.08825	4.18122e-02
0.08665	4.35090e-02
0.08535	4.47835e-02
0.08450	4.53953e-02
0.08408	4.54541e-02
0.08397	4.51950e-02
0.08406	4.48054e-02
0.08428	4.44272e-02
0.08457	4.41500e-02
0.08491	4.40220e-02
0.08527	4.40641e-02
0.08566	4.42803e-02
0.08607	4.46633e-02
0.08649	4.51985e-02
0.08694	4.58666e-02
0.08740	4.66466e-02
0.08788	4.75156e-02
0.08839	4.84545e-02
0.08891	4.94454e-02
0.08945	5.04727e-02
0.09001	5.15216e-02
0.09058	5.25777e-02
0.09117	5.36249e-02
0.09177	5.46444e-02
0.09240	5.56141e-02
0.09306	5.65079e-02
0.09375	5.72944e-02
0.09451	5.79477e-02
0.09532	5.84454e-02
0.09619	5.87769e-02
0.09711	5.89471e-02
0.09806	5.89744e-02
0.09902	5.88871e-02
0.09996	5.87093e-02
0.10088	5.84639e-02
0.10174	5.81691e-02
0.10255	5.78432e-02
0.10329	5.74923e-02
0.10396	5.71232e-02
0.10456	5.67407e-02
0.10508	5.63477e-02
0.10552	5.59456e-02
0.10588	5.55351e-02
0.10617	5.51156e-02
0.10639	5.46857e-02
0.10653	5.42433e-02
0.10661	5.37857e-02
0.10662	5.33097e-02
0.10657	5.28117e-02
0.10648	5.22878e-02
0.10633	5.17340e-02
0.10615	5.11463e-02
0.10593	5.05208e-02
0.10569	4.98537e-02
0.10542	4.91416e-02
0.10514	4.83811e-02
0.10486	4.75694e-02
0.10457	4.67041e-02
0.10430	4.57844e-02
0.10404	4.48108e-02
0.10379	4.37864e-02
0.10357	4.27175e-02
0.10338	4.16135e-02
0.10321	4.04874e-02
0.10307	3.93551e-02
0.10296	3.82356e-02
0.10288	3.71502e-02
0.10283	3.61227e-02
0.10281	3.51785e-02
0.10281	3.43454e-02
0.10284	3.36523e-02
0.10290	3.31287e-02
0.10298	3.28029e-02
0.10308	3.27001e-02
0.10320	3.28404e-02
0.10334	3.32364e-02
0.10350	3.38926e-02
0.10367	3.48048e-02
0.10386	3.59614e-02
0.10405	3.73447e-02
0.10426	3.89330e-02
0.10447	4.07026e-02
0.10470	4.26292e-02
0.10493	4.46888e-02
0.10517	4.68541e-02
0.10542	4.91112e-02
0.10567	5.14410e-02
0.10593	5.38261e-02
0.10618	5.62506e-02
0.10645	5.86999e-02
0.10671	6.11605e-02
0.10698	6.36197e-02
0.10725	6.60652e-02
0.10755	6.84609e-02
0.10785	7.08167e-02
0.10818	7.31194e-02
0.10852	7.53536e-02
0.10888	7.75011e-02
0.10930	7.95395e-02
0.10976	8.14429e-02
0.11031	8.31841e-02
0.11095	8.47396e-02
0.11170	8.60871e-02
0.11259	8.71899e-02
0.11366	8.79774e-02
0.11494	8.84144e-02
0.11636	8.85861e-02
0.11783	8.85892e-02
0.11930	8.84765e-02
0.12076	8.82751e-02
0.12218	8.80011e-02
0.12355	8.76647e-02
0.12487	8.72729e-02
0.12613	8.68308e-02
0.12732	8.63422e-02
0.12845	8.58100e-02
0.12948	8.52156e-02
0.13045	8.45787e-02
0.13133	8.39008e-02
0.13215	8.31836e-02
0.13289	8.24286e-02
0.13356	8.16373e-02
0.13415	8.08115e-02
0.13467	7.99530e-02
0.13512	7.90640e-02
0.13550	7.81466e-02
0.13581	7.72039e-02
0.13605	7.62392e-02
0.13622	7.52557e-02
0.13633	7.42572e-02
0.13638	7.32475e-02
0.13636	7.22311e-02
0.13629	7.12130e-02
0.13616	7.01985e-02
0.13597	6.91934e-02
0.13572	6.82043e-02
0.13542	6.72379e-02
0.13507	6.63016e-02
0.13467	6.54032e-02
0.13422	6.45509e-02
0.13373	6.37531e-02
0.13318	6.30182e-02
0.13259	6.23547e-02
0.13196	6.17708e-02
0.13128	6.12743e-02
0.13056	6.08723e-02
0.12981	6.05707e-02
0.12901	6.03745e-02
0.12817	6.02871e-02
0.12730	6.03104e-02
0.12639	6.04441e-02
0.12545	6.06864e-02
0.12448	6.10327e-02
0.12349	6.14768e-02
0.12247	6.20094e-02
0.12144	6.26187e-02
0.12040	6.32898e-02
0.11935	6.40045e-02
0.11832	6.47402e-02
0.11731	6.54696e-02
0.11634	6.61591e-02
0.11544	6.67696e-02
0.11464	6.72593e-02
0.11394	6.75916e-02
0.11337	6.77475e-02
0.11293	6.77342e-02
0.11259	6.75832e-02
0.11232	6.73376e-02
0.11209	6.70404e-02
0.11187	6.67303e-02
0.11165	6.64338e-02
0.11140	6.61718e-02
0.11113	6.59589e-02
0.11081	6.58046e-02
0.11047	6.57064e-02
0.11007	6.56738e-02
0.10962	6.57028e-02
0.10911	6.57905e-02
0.10855	6.59254e-02
0.10795	6.60830e-02
0.10735	6.61969e-02
0.10685	6.60867e-02
0.10656	6.55895e-02
0.10635	6.48929e-02
0.10612	6.41721e-02
0.10583	6.34849e-02
0.10546	6.28494e-02
0.10501	6.22710e-02
0.10449	6.17502e-02
0.10389	6.12846e-02
0.10322	6.08702e-02
0.10248	6.04998e-02
0.10168	6.01610e-02
0.10083	5.98330e-02
0.09997	5.94494e-02
0.09921	5.88322e-02
0.09865	5.78070e-02
0.09820	5.65311e-02
0.09775	5.51749e-02
0.09728	5.38029e-02
0.09676	5.24399e-02
0.09619	5.10991e-02
0.09559	4.97889e-02
0.09494	4.85160e-02
0.09425	4.72860e-02
0.09353	4.61033e-02
0.09277	4.49718e-02
0.09199	4.38944e-02
0.09118	4.28733e-02
0.09036	4.19102e-02
0.08952	4.10067e-02
0.08868	4.01646e-02
0.08783	3.93863e-02
0.08699	3.86757e-02
0.08615	3.80380e-02
0.08533	3.74800e-02
0.08451	3.70094e-02
0.08371	3.66344e-02
0.08292	3.63628e-02
0.08214	3.62011e-02
0.08138	3.61541e-02
0.08063	3.62238e-02
0.07991	3.64096e-02
0.07920	3.67075e-02
0.07852	3.71103e-02
0.07787	3.76079e-02
0.07725	3.81870e-02
0.07666	3.88313e-02
0.07613	3.95221e-02
0.07564	4.02380e-02
0.07523	4.09556e-02
0.07489	4.16499e-02
0.07464	4.22957e-02
0.07450	4.28695e-02
0.07447	4.33538e-02
0.07455	4.37410e-02
0.07474	4.40338e-02
0.07503	4.42471e-02
0.07541	4.44005e-02
0.07585	4.45146e-02
0.07633	4.46082e-02
0.07685	4.46963e-02
0.07739	4.47902e-02
0.07795	4.48979e-02
0.07850	4.50249e-02
0.07906	4.51746e-02
0.07961	4.53491e-02
0.08014	4.55495e-02
0.08066	4.57764e-02
0.08116	4.60298e-02
0.08164	4.63097e-02
0.08210	4.66160e-02
0.08252	4.69486e-02
0.08292	4.73074e-02
0.08328	4.76927e-02
0.08360	4.81044e-02
0.08389	4.85430e-02
0.08415	4.90089e-02
0.08436	4.95029e-02
0.08454	5.00253e-02
0.08468	5.05764e-02
0.08478	5.11550e-02
0.08489	5.16706e-02
0.08533	5.16232e-02
0.08575	5.15882e-02
0.08612	5.15992e-02
0.08645	5.16572e-02
0.08674	5.17601e-02
0.08700	5.19029e-02
0.08723	5.20771e-02
0.08746	5.22665e-02
0.08768	5.24493e-02
0.08792	5.25962e-02
0.08821	5.26744e-02
0.08855	5.26576e-02
0.08897	5.25354e-02
0.08938	5.22246e-02
0.08983	5.18460e-02
0.09031	5.14305e-02
0.09080	5.10047e-02
0.09130	5.05893e-02
0.09179	5.01992e-02
0.09227	4.98461e-02
0.09275	4.95389e-02
0.09322	4.92978e-02
0.09367	4.91210e-02
0.09411	4.90159e-02
0.09454	4.89898e-02
0.09494	4.90492e-02
0.09532	4.91999e-02
0.09567	4.94461e-02
0.09599	4.97904e-02
0.09628	5.02334e-02
0.09654	5.07735e-02
0.09676	5.14065e-02
0.09696	5.21232e-02
0.09713	5.28934e-02
0.09746	5.33961e-02
0.09810	5.33430e-02
0.09874	5.33044e-02
0.09933	5.33501e-02
0.09987	5.34814e-02
0.10037	5.36911e-02
0.10082	5.39688e-02
0.10124	5.43018e-02
0.10161	5.46757e-02
0.10195	5.50751e-02
0.10227	5.54836e-02
0.10256	5.58847e-02
0.10284	5.62627e-02
0.10310	5.66035e-02
0.10336	5.68953e-02
0.10361	5.71293e-02
0.10386	5.73006e-02
0.10409	5.74074e-02
0.10432	5.74511e-02
0.10453	5.74341e-02
0.10473	5.73618e-02
0.10489	5.72397e-02
0.10504	5.70733e-02
0.10514	5.68677e-02
0.10522	5.66278e-02
0.10525	5.63578e-02
0.10524	5.60615e-02
0.10518	5.57422e-02
0.10508	5.54030e-02
0.10494	5.50462e-02
0.10475	5.46741e-02
0.10451	5.42882e-02
0.10422	5.38900e-02
0.10390	5.34801e-02
0.10352	5.30592e-02
0.10311	5.26275e-02
0.10266	5.21850e-02
0.10218	5.17320e-02
0.10166	5.12689e-02
0.10111	5.07968e-02
0.10053	5.03175e-02
0.09993	4.98335e-02
0.09930	4.93484e-02
0.09866	4.88663e-02
0.09799	4.83915e-02
0.09731	4.79280e-02
0.09661	4.74786e-02
0.09591	4.70435e-02
0.09520	4.66184e-02
0.09450	4.61921e-02
0.09382	4.57424e-02
0.09319	4.52317e-02
0.09264	4.46061e-02
0.09220	4.38059e-02
0.09188	4.27932e-02
0.09168	4.15766e-02
0.09158	4.02043e-02
0.09155	3.87369e-02
0.09156	3.72286e-02
0.09159	3.57227e-02
0.09164	3.42543e-02
0.09170	3.28529e-02
0.09176	3.15461e-02
0.09182	3.03607e-02
0.09187	2.93241e-02
0.09191	2.84641e-02
0.09194	2.78079e-02
0.09195	2.73806e-02
0.09193	2.72020e-02
0.09190	2.72849e-02
0.09183	2.76329e-02
0.09173	2.82401e-02
0.09159	2.90920e-02
0.09142	3.01677e-02
0.09120	3.14420e-02
0.09093	3.28881e-02
0.09062	3.44791e-02
0.09026	3.61898e-02
0.08984	3.79967e-02
0.08937	3.98789e-02
0.08885	4.18179e-02
0.08828	4.37972e-02
0.08764	4.58018e-02
0.08698	4.77574e-02
0.08742	4.76643e-02
0.08787	4.75323e-02
0.08826	4.74706e-02
0.08860	4.74781e-02
0.08888	4.75527e-02
0.08910	4.76918e-02
0.08926	4.78923e-02
0.08936	4.81511e-02
0.08939	4.84647e-02
0.08935	4.88296e-02
0.08925	4.92421e-02
0.08908	4.96983e-02
0.08883	5.01788e-02
0.08851	5.06931e-02
0.08812	5.12372e-02
0.08766	5.18070e-02
0.08714	5.23981e-02
0.08655	5.30057e-02
0.08589	5.36237e-02
0.08518	5.42445e-02
0.08442	5.48573e-02
0.08362	5.54453e-02
0.08280	5.59834e-02
0.08199	5.64416e-02
0.08120	5.68022e-02
0.08043	5.70731e-02
0.07968	5.72684e-02
0.07897	5.73766e-02
0.07834	5.73428e-02
0.07781	5.71424e-02
0.07734	5.68476e-02
0.07690	5.65183e-02
0.07647	5.61779e-02
0.07604	5.58349e-02
0.07564	5.54939e-02
0.07525	5.51595e-02
0.07488	5.48377e-02
0.07454	5.45359e-02
0.07421	5.42630e-02
0.07392	5.40281e-02
0.07364	5.38400e-02
0.07339	5.37065e-02
0.07317	5.36339e-02
0.07298	5.36266e-02
0.07282	5.36870e-02
0.07270	5.38155e-02
0.07262	5.40112e-02
0.07259	5.42717e-02
0.07262	5.45941e-02
0.07270	5.49755e-02
0.07284	5.54132e-02
0.07305	5.59059e-02
0.07332	5.64525e-02
0.07366	5.70531e-02
0.07406	5.77086e-02
0.07451	5.84192e-02
0.07502	5.91865e-02
0.07558	6.00107e-02
0.07619	6.08910e-02
0.07684	6.18253e-02
0.07752	6.28097e-02
0.07825	6.38373e-02
0.07902	6.48980e-02
0.07984	6.59755e-02
0.08071	6.70461e-02
0.08167	6.80760e-02
0.08274	6.90255e-02
0.08394	6.98633e-02
0.08527	7.05837e-02
0.08670	7.12071e-02
0.08819	7.17619e-02
0.08973	7.22713e-02
0.09129	7.27499e-02
0.09287	7.32009e-02
0.09445	7.36319e-02
0.09603	7.40425e-02
0.09760	7.44304e-02
0.09916	7.47919e-02
0.10071	7.51224e-02
0.10224	7.54170e-02
0.10377	7.56704e-02
0.10528	7.58774e-02
0.10677	7.60329e-02
0.10825	7.61321e-02
0.10972	7.61710e-02
0.11116	7.61457e-02
0.11259	7.60534e-02
0.11400	7.58918e-02
0.11538	7.56587e-02
0.11673	7.53541e-02
0.11805	7.49782e-02
0.11934	7.45316e-02
0.12059	7.40157e-02
0.12179	7.34319e-02
0.12295	7.27823e-02
0.12405	7.20672e-02
0.12509	7.12927e-02
0.12608	7.04624e-02
0.12701	6.95802e-02
0.12788	6.86502e-02
0.12868	6.76768e-02
0.12942	6.66644e-02
0.13010	6.56176e-02
0.13071	6.45393e-02
0.13124	6.34358e-02
0.13171	6.23118e-02
0.13211	6.11720e-02
0.13244	6.00209e-02
0.13269	5.88632e-02
0.13288	5.77031e-02
0.13300	5.65447e-02
0.13305	5.53918e-02
0.13303	5.42479e-02
0.13296	5.31162e-02
0.13282	5.19993e-02
0.13262	5.08997e-02
0.13236	4.98192e-02
0.13206	4.87596e-02
0.13171	4.77221e-02
0.13131	4.67077e-02
0.13087	4.57175e-02
0.13039	4.47524e-02
0.12989	4.38134e-02
0.12935	4.29018e-02
0.12879	4.20192e-02
0.12821	4.11677e-02
0.12762	4.03497e-02
0.12701	3.95682e-02
0.12640	3.88264e-02
0.12578	3.81278e-02
0.12515	3.74763e-02
0.12453	3.68755e-02
0.12392	3.63292e-02
0.12332	3.58409e-02
0.12272	3.54141e-02
0.12216	3.50325e-02
0.12161	3.47171e-02
0.12109	3.44716e-02
0.12059	3.43000e-02
0.12012	3.42066e-02
0.11967	3.41964e-02
0.11926	3.42747e-02
0.11887	3.44475e-02
0.11850	3.47208e-02
0.11816	3.51005e-02
0.11783	3.55775e-02
0.11752	3.61692e-02
0.11723	3.68790e-02
0.11695	3.77088e-02
0.11667	3.86586e-02
0.11640	3.97266e-02
0.11613	4.09097e-02
0.11585	4.22010e-02
0.11557	4.35934e-02
0.11527	4.50782e-02
0.11497	4.66461e-02
0.11465	4.82867e-02
0.11432	4.99894e-02
0.11396	5.17427e-02
0.11359	5.35353e-02
0.11321	5.53551e-02
0.11280	5.71899e-02
0.11238	5.90265e-02
0.11194	6.08505e-02
0.11149	6.26445e-02
0.11105	6.43818e-02
0.11067	6.59654e-02
0.11072	6.67755e-02
0.11114	6.69544e-02
0.11160	6.70438e-02
0.11204	6.71113e-02
0.11246	6.71741e-02
0.11284	6.72412e-02
0.11318	6.73168e-02
0.11348	6.74027e-02
0.11372	6.74982e-02
0.11391	6.76012e-02
0.11405	6.77087e-02
0.11414	6.78170e-02
0.11417	6.79222e-02
0.11415	6.80201e-02
0.11407	6.81069e-02
0.11394	6.81785e-02
0.11375	6.82313e-02
0.11351	6.82620e-02
0.11322	6.82678e-02
0.11287	6.82462e-02
0.11248	6.81952e-02
0.11203	6.81133e-02
0.11153	6.79996e-02
0.11097	6.78537e-02
0.11037	6.76756e-02
0.10972	6.74659e-02
0.10902	6.72258e-02
0.10826	6.69568e-02
0.10746	6.66610e-02
0.10660	6.63408e-02
0.10570	6.59989e-02
0.10475	6.56387e-02
0.10375	6.52636e-02
0.10270	6.48775e-02
0.10160	6.44843e-02
0.10045	6.40885e-02
0.09926	6.36933e-02
0.09802	6.33042e-02
0.09673	6.29257e-02
0.09540	6.25623e-02
0.09403	6.22173e-02
0.09261	6.18891e-02
0.09121	6.15206e-02
0.09001	6.08192e-02
0.08888	6.00221e-02
0.08771	5.92691e-02
0.08650	5.85795e-02
0.08525	5.79623e-02
0.08397	5.74240e-02
0.08265	5.69691e-02
0.08130	5.65996e-02
0.07993	5.63148e-02
0.07853	5.61099e-02
0.07713	5.59756e-02
0.07574	5.58962e-02
0.07438	5.58493e-02
0.07308	5.58035e-02
0.07188	5.57120e-02
0.07087	5.54779e-02
0.07022	5.48889e-02
0.06999	5.38711e-02
0.06998	5.26676e-02
0.07007	5.14414e-02
0.07021	5.02572e-02
0.07038	4.91443e-02
0.07057	4.81171e-02
0.07078	4.71809e-02
0.07101	4.63361e-02
0.07127	4.55800e-02
0.07155	4.49089e-02
0.07185	4.43197e-02
0.07219	4.38093e-02
0.07254	4.33704e-02
0.07294	4.29764e-02
0.07341	4.25530e-02
0.07399	4.20432e-02
0.07463	4.15120e-02
0.07528	4.10251e-02
0.07592	4.06119e-02
0.07655	4.02899e-02
0.07715	4.00694e-02
0.07772	3.99570e-02
0.07825	3.99560e-02
0.07873	4.00675e-02
0.07917	4.02902e-02
0.07955	4.06208e-02
0.07988	4.10544e-02
0.08016	4.15844e-02
0.08038	4.22022e-02
0.08054	4.29005e-02
0.08065	4.36699e-02
0.08070	4.45006e-02
0.08069	4.53815e-02
0.08064	4.63003e-02
0.08053	4.72425e-02
0.08039	4.81892e-02
0.08023	4.91142e-02
0.08007	4.99790e-02
0.07995	5.07307e-02
0.07990	5.13166e-02
0.07993	5.17225e-02
0.08004	5.19837e-02
0.08018	5.21482e-02
0.08034	5.22481e-02
0.08052	5.22968e-02
0.08071	5.22940e-02
0.08092	5.22278e-02
0.08117	5.20848e-02
0.08147	5.18462e-02
0.08184	5.14929e-02
0.08228	5.10098e-02
0.08280	5.03897e-02
0.08339	4.96344e-02
0.08406	4.87549e-02
0.08478	4.77674e-02
0.08556	4.66908e-02
0.08636	4.55440e-02
0.08720	4.43447e-02
0.08805	4.31093e-02
0.08892	4.18528e-02
0.08980	4.05898e-02
0.09068	3.93367e-02
0.09157	3.81077e-02
0.09245	3.69204e-02
0.09333	3.57946e-02
0.09420	3.47525e-02
0.09503	3.38616e-02
0.09584	3.31073e-02
0.09662	3.25130e-02
0.09739	3.21006e-02
0.09812	3.18885e-02
0.09883	3.18901e-02
0.09950	3.21128e-02
0.10013	3.25572e-02
0.10074	3.32172e-02
0.10130	3.40810e-02
0.10182	3.51276e-02
0.10230	3.63406e-02
0.10274	3.76976e-02
0.10315	3.91753e-02
0.10353	4.07498e-02
0.10387	4.23965e-02
0.10419	4.40904e-02
0.10448	4.58052e-02
0.10477	4.75126e-02
0.10507	4.91871e-02
0.10539	5.07909e-02
0.10574	5.22901e-02
0.10614	5.36569e-02
0.10659	5.48766e-02
0.10709	5.59514e-02
0.10765	5.68955e-02
0.10823	5.77265e-02
0.10885	5.84598e-02
0.10948	5.91066e-02
0.11012	5.96758e-02
0.11076	6.01755e-02
0.11140	6.06143e-02
0.11203	6.10013e-02
0.11264	6.13448e-02
0.11322	6.16507e-02
0.11378	6.19214e-02
0.11431	6.21547e-02
0.11482	6.23438e-02
0.11530	6.24795e-02
0.11576	6.25545e-02
0.11621	6.25684e-02
0.11662	6.25302e-02
0.11700	6.24557e-02
0.11734	6.23629e-02
0.11762	6.22679e-02
0.11784	6.21834e-02
0.11799	6.21188e-02
0.11808	6.20807e-02
0.11809	6.20733e-02
0.11803	6.20995e-02
0.11790	6.21607e-02
0.11770	6.22573e-02
0.11743	6.23892e-02
0.11709	6.25553e-02
0.11668	6.27544e-02
0.11621	6.29846e-02
0.11567	6.32436e-02
0.11507	6.35286e-02
0.11442	6.38364e-02
0.11371	6.41631e-02
0.11295	6.45043e-02
0.11214	6.48545e-02
0.11129	6.52075e-02
0.11041	6.55557e-02
0.10950	6.58900e-02
0.10857	6.61997e-02
0.10763	6.64725e-02
0.10669	6.66948e-02
0.10577	6.68531e-02
0.10487	6.69352e-02
0.10401	6.69337e-02
0.10318	6.68467e-02
0.10240	6.66791e-02
0.10164	6.64405e-02
0.10092	6.61435e-02
0.10022	6.58009e-02
0.09954	6.54250e-02
0.09887	6.50270e-02
0.09820	6.46169e-02
0.09754	6.42036e-02
0.09688	6.37978e-02
0.09621	6.34029e-02
0.09554	6.30226e-02
0.09486	6.26582e-02
0.09418	6.23082e-02
0.09351	6.19672e-02
0.09284	6.16258e-02
0.09220	6.12706e-02
0.09158	6.08855e-02
0.09101	6.04553e-02
0.09049	5.99704e-02
0.09001	5.94311e-02
0.08958	5.88477e-02
0.08918	5.82366e-02
0.08879	5.76150e-02
0.08842	5.69974e-02
0.08805	5.63978e-02
0.08768	5.58266e-02
0.08729	5.52914e-02
0.08689	5.47982e-02
0.08647	5.43514e-02
0.08603	5.39544e-02
0.08557	5.36094e-02
0.08508	5.33178e-02
0.08458	5.30799e-02
0.08405	5.28955e-02
0.08349	5.27632e-02
0.08291	5.26810e-02
0.08231	5.26464e-02
0.08169	5.26560e-02
0.08105	5.27061e-02
0.08039	5.27923e-02
0.07972	5.29104e-02
0.07903	5.30553e-02
0.07833	5.32221e-02
0.07762	5.34039e-02
0.07694	5.35469e-02
0.07692	5.27568e-02
0.07700	5.18077e-02
0.07707	5.08686e-02
0.07714	4.99304e-02
0.07721	4.89905e-02
0.07728	4.80464e-02
0.07735	4.70958e-02
0.07743	4.61366e-02
0.07751	4.51669e-02
0.07760	4.41854e-02
0.07769	4.31913e-02
0.07779	4.21842e-02
0.07791	4.11643e-02
0.07802	4.01324e-02
0.07815	3.90900e-02
0.07828	3.80395e-02
0.07842	3.69838e-02
0.07857	3.59268e-02
0.07872	3.48735e-02
0.07887	3.38298e-02
0.07902	3.28030e-02
0.07917	3.18013e-02
0.07933	3.08346e-02
0.07947	2.99139e-02
0.07961	2.90514e-02
0.07975	2.82606e-02
0.07987	2.75555e-02
0.07999	2.69503e-02
0.08009	2.64592e-02
0.08018	2.60947e-02
0.08025	2.58677e-02
0.08031	2.57856e-02
0.08036	2.58526e-02
0.08038	2.60684e-02
0.08040	2.64284e-02
0.08040	2.69241e-02
0.08040	2.75433e-02
0.08038	2.82710e-02
0.08036	2.90901e-02
0.08034	2.99821e-02
0.08033	3.09284e-02
0.08032	3.19056e-02
0.08032	3.29010e-02
0.08035	3.38996e-02
0.08041	3.48889e-02
0.08049	3.58604e-02
0.08061	3.68075e-02
0.08077	3.77268e-02
0.08096	3.86153e-02
0.08119	3.94689e-02
0.08146	4.02786e-02
0.08179	4.10268e-02
0.08219	4.16834e-02
0.08267	4.22049e-02
0.08327	4.25473e-02
0.08399	4.26924e-02
0.08482	4.26657e-02
0.08572	4.25214e-02
0.08666	4.23141e-02
0.08762	4.20863e-02
0.08859	4.18676e-02
0.08955	4.16782e-02
0.09050	4.15318e-02
0.09143	4.14378e-02
0.09234	4.14027e-02
0.09322	4.14303e-02
0.09407	4.15224e-02
0.09490	4.16792e-02
0.09570	4.18985e-02
0.09648	4.21763e-02
0.09722	4.25065e-02
0.09795	4.28815e-02
0.09865	4.32931e-02
0.09933	4.37349e-02
0.09999	4.42043e-02
0.10062	4.47032e-02
0.10122	4.52366e-02
0.10180	4.58097e-02
0.10232	4.64290e-02
0.10279	4.70964e-02
0.10323	4.78124e-02
0.10362	4.85757e-02
0.10396	4.93838e-02
0.10425	5.02326e-02
0.10450	5.11178e-02
0.10470	5.20401e-02
0.10485	5.29884e-02
0.10495	5.39564e-02
0.10502	5.49373e-02
0.10504	5.59237e-02
0.10502	5.69081e-02
0.10497	5.78826e-02
0.10489	5.88389e-02
0.10478	5.97685e-02
0.10465	6.06627e-02
0.10450	6.15124e-02
0.10433	6.23085e-02
0.10416	6.30420e-02
0.10399	6.37034e-02
0.10383	6.42835e-02
0.10368	6.47724e-02
0.10355	6.51599e-02
0.10344	6.54350e-02
0.10338	6.55864e-02
0.10335	6.56041e-02
0.10337	6.54810e-02
0.10344	6.52158e-02
0.10355	6.48136e-02
0.10369	6.42852e-02
0.10386	6.36448e-02
0.10404	6.29079e-02
0.10422	6.20888e-02
0.10440	6.12005e-02
0.10456	6.02544e-02
0.10470	5.92602e-02
0.10482	5.82266e-02
0.10491	5.71615e-02
0.10497	5.60726e-02
0.10499	5.49675e-02
0.10497	5.38539e-02
0.10491	5.27403e-02
0.10481	5.16353e-02
0.10466	5.05486e-02
0.10446	4.94902e-02
0.10421	4.84712e-02
0.10391	4.75014e-02
0.10355	4.65938e-02
0.10313	4.57605e-02
0.10266	4.50132e-02
0.10212	4.43632e-02
0.10153	4.38211e-02
0.10087	4.33960e-02
0.10015	4.30951e-02
0.09937	4.29232e-02
0.09854	4.28820e-02
0.09759	4.29664e-02
0.09659	4.31655e-02
0.09555	4.34602e-02
0.09447	4.38115e-02
0.09340	4.41395e-02
0.09241	4.43159e-02
0.09154	4.42764e-02
0.09073	4.41262e-02
0.08993	4.39939e-02
0.08910	4.39473e-02
0.08825	4.40137e-02
0.08736	4.42003e-02
0.08643	4.45037e-02
0.08548	4.49127e-02
0.08450	4.54091e-02
0.08353	4.59644e-02
0.08258	4.65272e-02
0.08174	4.69583e-02
0.08129	4.67889e-02
0.08144	4.56301e-02
0.08188	4.40242e-02
0.08239	4.22913e-02
0.08294	4.05254e-02
0.08348	3.87719e-02
0.08402	3.70653e-02
0.08453	3.54376e-02
0.08502	3.39203e-02
0.08547	3.25451e-02
0.08587	3.13433e-02
0.08623	3.03450e-02
0.08655	2.95774e-02
0.08681	2.90627e-02
0.08701	2.88162e-02
0.08717	2.88437e-02
0.08726	2.91419e-02
0.08731	2.96977e-02
0.08729	3.04905e-02
0.08722	3.14944e-02
0.08709	3.26802e-02
0.08691	3.40179e-02
0.08667	3.54774e-02
0.08638	3.70300e-02
0.08605	3.86480e-02
0.08568	4.03045e-02
0.08527	4.19726e-02
0.08484	4.36253e-02
0.08439	4.52361e-02
0.08395	4.67819e-02
0.08350	4.82488e-02
0.08307	4.96353e-02
0.08265	5.09493e-02
0.08222	5.22010e-02
0.08179	5.33979e-02
0.08135	5.45437e-02
0.08090	5.56389e-02
0.08044	5.66818e-02
0.07997	5.76695e-02
0.07950	5.85974e-02
0.07902	5.94590e-02
0.07856	6.02429e-02
0.07813	6.09290e-02
0.07775	6.14800e-02
0.07748	6.18290e-02
0.07741	6.18833e-02
0.07758	6.15802e-02
0.07796	6.09527e-02
0.07846	6.00933e-02
0.07901	5.90877e-02
0.07958	5.79778e-02
0.08014	5.67915e-02
0.08068	5.55460e-02
0.08119	5.42530e-02
0.08167	5.29220e-02
0.08211	5.15615e-02
0.08250	5.01801e-02
0.08284	4.87867e-02
0.08313	4.73910e-02
0.08337	4.60035e-02
0.08355	4.46354e-02
0.08367	4.32991e-02
0.08373	4.20073e-02
0.08372	4.07741e-02
0.08365	3.96138e-02
0.08352	3.85411e-02
0.08332	3.75710e-02
0.08305	3.67180e-02
0.08272	3.59959e-02
0.08233	3.54169e-02
0.08187	3.49909e-02
0.08135	3.47253e-02
0.08077	3.46238e-02
0.08014	3.46862e-02
0.07945	3.49082e-02
0.07871	3.52809e-02
0.07793	3.57906e-02
0.07711	3.64177e-02
0.07627	3.71343e-02
0.07543	3.78986e-02
0.07462	3.86422e-02
0.07391	3.92502e-02
0.07340	3.95665e-02
0.07313	3.95025e-02
0.07308	3.91435e-02
0.07315	3.86437e-02
0.07328	3.81153e-02
0.07345	3.76228e-02
0.07362	3.72052e-02
0.07380	3.68835e-02
0.07398	3.66725e-02
0.07415	3.65817e-02
0.07432	3.66169e-02
0.07448	3.67805e-02
0.07463	3.70726e-02
0.07476	3.74910e-02
0.07489	3.80314e-02
0.07500	3.86884e-02
0.07509	3.94552e-02
0.07518	4.03246e-02
0.07524	4.12887e-02
0.07529	4.23396e-02
0.07532	4.34697e-02
0.07533	4.46714e-02
0.07531	4.59376e-02
0.07528	4.72617e-02
0.07522	4.86373e-02
0.07513	5.00587e-02
0.07502	5.15206e-02
0.07487	5.30176e-02
0.07469	5.45446e-02
0.07448	5.60959e-02
0.07424	5.76641e-02
0.07398	5.92363e-02
0.07371	6.07723e-02
0.07365	6.20428e-02
0.07419	6.25908e-02
0.07495	6.28560e-02
0.07573	6.30868e-02
0.07650	6.33236e-02
0.07724	6.35766e-02
0.07795	6.38491e-02
0.07862	6.41426e-02
0.07926	6.44574e-02
0.07986	6.47930e-02
0.08041	6.51507e-02
0.08093	6.55242e-02
0.08141	6.59109e-02
0.08186	6.63072e-02
0.08228	6.67087e-02
0.08270	6.71871e-02
0.08311	6.76635e-02
0.08351	6.81284e-02
0.08390	6.85702e-02
0.08430	6.89763e-02
0.08473	6.93344e-02
0.08518	6.96357e-02
0.08565	6.98762e-02
0.08616	7.00560e-02
0.08669	7.01767e-02
0.08726	7.02352e-02
0.08785	7.02343e-02
0.08847	7.01711e-02
0.08912	7.00404e-02
0.08981	6.98356e-02
0.09054	6.95494e-02
0.09131	6.91767e-02
0.09212	6.87178e-02
0.09296	6.81788e-02
0.09383	6.75719e-02
0.09471	6.69120e-02
0.09559	6.62148e-02
0.09645	6.54954e-02
0.09729	6.47676e-02
0.09811	6.40438e-02
0.09888	6.33352e-02
0.09962	6.26519e-02
0.10031	6.20028e-02
0.10096	6.13961e-02
0.10155	6.08389e-02
0.10209	6.03376e-02
0.10257	5.98973e-02
0.10300	5.95223e-02
0.10337	5.92156e-02
0.10368	5.89791e-02
0.10394	5.88134e-02
0.10414	5.87178e-02
0.10429	5.86902e-02
0.10438	5.87270e-02
0.10442	5.88234e-02
0.10441	5.89729e-02
0.10435	5.91680e-02
0.10425	5.93994e-02
0.10412	5.96570e-02
0.10396	5.99294e-02
0.10377	6.02045e-02
0.10355	6.04701e-02
0.10333	6.07139e-02
0.10310	6.09249e-02
0.10286	6.10942e-02
0.10262	6.12154e-02
0.10239	6.12855e-02
0.10215	6.13054e-02
0.10191	6.12790e-02
0.10166	6.12131e-02
0.10140	6.11160e-02
0.10111	6.09966e-02
0.10080	6.08641e-02
0.10044	6.07293e-02
0.10004	6.05966e-02
0.09960	6.04717e-02
0.09912	6.03589e-02
0.09858	6.02615e-02
0.09799	6.01811e-02
0.09735	6.01183e-02
0.09666	6.00730e-02
0.09592	6.00440e-02
0.09512	6.00292e-02
0.09428	6.00259e-02
0.09339	6.00300e-02
0.09245	6.00348e-02
0.09149	6.00199e-02
0.09060	5.98227e-02
0.08993	5.92466e-02
0.08926	5.86042e-02
0.08856	5.79613e-02
0.08783	5.73234e-02
0.08706	5.66885e-02
0.08626	5.60528e-02
0.08544	5.54115e-02
0.08460	5.47590e-02
0.08375	5.40903e-02
0.08290	5.34007e-02
0.08204	5.26876e-02
0.08119	5.19505e-02
0.08034	5.11922e-02
0.07949	5.04189e-02
0.07865	4.96398e-02
0.07780	4.88667e-02
0.07695	4.81131e-02
0.07609	4.73933e-02
0.07521	4.67216e-02
0.07431	4.61113e-02
0.07340	4.55748e-02
0.07246	4.51226e-02
0.07149	4.47636e-02
0.07050	4.45044e-02
0.06949	4.43493e-02
0.06845	4.43002e-02
0.06740	4.43558e-02
0.06633	4.45107e-02
0.06526	4.47530e-02
0.06421	4.50589e-02
0.06320	4.53855e-02
0.06228	4.56834e-02
0.06148	4.59106e-02
0.06089	4.59604e-02
0.06053	4.58231e-02
0.06027	4.56677e-02
0.06006	4.55684e-02
0.05989	4.55296e-02
0.05985	4.54466e-02
0.06023	4.49153e-02
0.06082	4.41974e-02
0.06144	4.35378e-02
0.06207	4.29697e-02
0.06269	4.24988e-02
0.06331	4.21238e-02
0.06394	4.18369e-02
0.06458	4.16130e-02
0.06530	4.13652e-02
0.06616	4.09455e-02
0.06713	4.04245e-02
0.06812	3.99100e-02
0.06911	3.94351e-02
0.07009	3.90099e-02
0.07107	3.86355e-02
0.07203	3.83155e-02
0.07297	3.80504e-02
0.07389	3.78403e-02
0.07479	3.76846e-02
0.07566	3.75823e-02
0.07650	3.75324e-02
0.07732	3.75335e-02
0.07810	3.75842e-02
0.07885	3.76830e-02
0.07956	3.78285e-02
0.08024	3.80193e-02
0.08087	3.82537e-02
0.08147	3.85301e-02
0.08202	3.88465e-02
0.08254	3.92005e-02
0.08300	3.95859e-02
0.08343	4.00022e-02
0.08381	4.04450e-02
0.08415	4.09096e-02
0.08445	4.13902e-02
0.08472	4.18803e-02
0.08495	4.23727e-02
0.08515	4.28595e-02
0.08533	4.33319e-02
0.08549	4.37809e-02
0.08563	4.41970e-02
0.08577	4.45711e-02
0.08590	4.48947e-02
0.08604	4.51611e-02
0.08618	4.53654e-02
0.08634	4.55055e-02
0.08651	4.55819e-02
0.08669	4.55973e-02
0.08688	4.55567e-02
0.08708	4.54667e-02
0.08730	4.53356e-02
0.08752	4.51732e-02
0.08774	4.49905e-02
0.08796	4.47999e-02
0.08818	4.46143e-02
0.08839	4.44470e-02
0.08858	4.43109e-02
0.08876	4.42184e-02
0.08893	4.41803e-02
0.08907	4.42060e-02
0.08920	4.43027e-02
0.08930	4.44757e-02
0.08939	4.47276e-02
0.08945	4.50591e-02
0.08950	4.54684e-02
0.08954	4.59514e-02
0.08957	4.65023e-02
0.08960	4.71131e-02
0.08963	4.77742e-02
0.08966	4.84740e-02
0.08971	4.91994e-02
0.08979	4.99351e-02
0.08990	5.06635e-02
0.09006	5.13651e-02
0.09028	5.20182e-02
0.09057	5.25999e-02
0.09095	5.30880e-02
0.09143	5.34634e-02
0.09201	5.37134e-02
0.09270	5.38326e-02
0.09349	5.38233e-02
0.09437	5.36940e-02
0.09534	5.34578e-02
0.09637	5.31307e-02
0.09746	5.27293e-02
0.09859	5.22705e-02
0.09975	5.17703e-02
0.10092	5.12437e-02
0.10209	5.07038e-02
0.10327	5.01628e-02
0.10443	4.96313e-02
0.10558	4.91188e-02
0.10670	4.86336e-02
0.10779	4.81829e-02
0.10885	4.77727e-02
0.10988	4.74084e-02
0.11086	4.70941e-02
0.11181	4.68330e-02
0.11271	4.66270e-02
0.11356	4.64771e-02
0.11437	4.63830e-02
0.11513	4.63431e-02
0.11584	4.63545e-02
0.11650	4.64129e-02
0.11712	4.65129e-02
0.11769	4.66475e-02
0.11821	4.68089e-02
0.11869	4.69894e-02
0.11913	4.71777e-02
0.11953	4.73639e-02
0.11990	4.75385e-02
0.12023	4.76928e-02
0.12053	4.78202e-02
0.12080	4.79159e-02
0.12104	4.79784e-02
0.12124	4.80089e-02
0.12141	4.80112e-02
0.12155	4.79916e-02
0.12164	4.79579e-02
0.12169	4.79187e-02
0.12170	4.78833e-02
0.12165	4.78605e-02
0.12156	4.78591e-02
0.12140	4.78867e-02
0.12119	4.79504e-02
0.12093	4.80562e-02
0.12060	4.82092e-02
0.12021	4.84131e-02
0.11975	4.86706e-02
0.11924	4.89832e-02
0.11867	4.93509e-02
0.11804	4.97721e-02
0.11735	5.02437e-02
0.11660	5.07601e-02
0.11581	5.13135e-02
0.11497	5.18925e-02
0.11410	5.24812e-02
0.11320	5.30576e-02
0.11230	5.35914e-02
0.11141	5.40424e-02
0.11057	5.43606e-02
0.10981	5.44901e-02
0.10916	5.43769e-02
0.10864	5.39819e-02
0.10825	5.32986e-02
0.10799	5.23633e-02
0.10782	5.12386e-02
0.10769	4.99866e-02
0.10760	4.86561e-02
0.10753	4.72813e-02
0.10746	4.58866e-02
0.10739	4.44895e-02
0.10731	4.31047e-02
0.10723	4.17453e-02
0.10713	4.04247e-02
0.10703	3.91572e-02
0.10690	3.79583e-02
0.10676	3.68449e-02
0.10660	3.58347e-02
0.10642	3.49459e-02
0.10621	3.41960e-02
0.10597	3.36010e-02
0.10571	3.31742e-02
0.10541	3.29253e-02
0.10509	3.28592e-02
0.10473	3.29758e-02
0.10433	3.32697e-02
0.10391	3.37305e-02
0.10345	3.43438e-02
0.10297	3.50911e-02
0.10246	3.59513e-02
0.10193	3.69016e-02
0.10137	3.79179e-02
0.10081	3.89758e-02
0.10023	4.00508e-02
0.09966	4.11198e-02
0.09909	4.21627e-02
0.09853	4.31638e-02
0.09798	4.41139e-02
0.09745	4.50107e-02
0.09693	4.58577e-02
0.09642	4.66617e-02
0.09591	4.74299e-02
0.09539	4.81674e-02
0.09488	4.88759e-02
0.09435	4.95529e-02
0.09383	5.01911e-02
0.09330	5.07790e-02
0.09278	5.13006e-02
0.09228	5.17401e-02
0.09180	5.20904e-02
0.09134	5.23448e-02
0.09089	5.25101e-02
0.09046	5.25982e-02
0.09003	5.26207e-02
0.08960	5.25850e-02
0.08916	5.24934e-02
0.08873	5.23440e-02
0.08829	5.21311e-02
0.08785	5.18467e-02
0.08742	5.14813e-02
0.08700	5.10261e-02
0.08660	5.04743e-02
0.08622	4.98230e-02
0.08585	4.90743e-02
0.08549	4.82344e-02
0.08514	4.73131e-02
0.08478	4.63217e-02
0.08441	4.52717e-02
0.08403	4.41746e-02
0.08363	4.30405e-02
0.08321	4.18789e-02
0.08276	4.06984e-02
0.08229	3.95069e-02
0.08178	3.83118e-02
0.08125	3.71206e-02
0.08069	3.59406e-02
0.08010	3.47793e-02
0.07948	3.36450e-02
0.07883	3.25464e-02
0.07816	3.14930e-02
0.07747	3.04952e-02
0.07675	2.95642e-02
0.07602	2.87120e-02
0.07526	2.79509e-02
0.07449	2.72931e-02
0.07370	2.67501e-02
0.07290	2.63315e-02
0.07210	2.60441e-02
0.07129	2.58905e-02
0.07048	2.58688e-02
0.06967	2.59716e-02
0.06889	2.61863e-02
0.06813	2.64966e-02
0.06740	2.68848e-02
0.06672	2.73352e-02
0.06609	2.78385e-02
0.06550	2.83943e-02
0.06497	2.90109e-02
0.06449	2.97020e-02
0.06404	3.04825e-02
0.06362	3.13642e-02
0.06323	3.23527e-02
0.06285	3.34467e-02
0.06250	3.46378e-02
0.06217	3.59094e-02
0.06187	3.72352e-02
0.06163	3.85717e-02
0.06149	3.98391e-02
0.06157	4.08807e-02
0.06199	4.15099e-02
0.06274	4.17623e-02
0.06370	4.18012e-02
0.06479	4.17282e-02
0.06596	4.16025e-02
0.06719	4.14644e-02
0.06844	4.13412e-02
0.06971	4.12503e-02
0.07098	4.12009e-02
0.07225	4.11959e-02
0.07351	4.12323e-02
0.07477	4.13024e-02
0.07603	4.13953e-02
0.07729	4.14997e-02
0.07855	4.16066e-02
0.07981	4.17118e-02
0.08107	4.18161e-02
0.08232	4.19232e-02
0.08356	4.20383e-02
0.08477	4.21661e-02
0.08597	4.23104e-02
0.08714	4.24743e-02
0.08827	4.26606e-02
0.08938	4.28721e-02
0.09045	4.31120e-02
0.09148	4.33840e-02
0.09247	4.36921e-02
0.09341	4.40404e-02
0.09431	4.44332e-02
0.09516	4.48742e-02
0.09596	4.53667e-02
0.09670	4.59131e-02
0.09739	4.65149e-02
0.09802	4.71729e-02
0.09859	4.78866e-02
0.09911	4.86543e-02
0.09957	4.94733e-02
0.09997	5.03395e-02
0.10032	5.12475e-02
0.10063	5.21901e-02
0.10088	5.31578e-02
0.10110	5.41386e-02
0.10128	5.51172e-02
0.10145	5.60758e-02
0.10161	5.69969e-02
0.10176	5.78693e-02
0.10191	5.86940e-02
0.10206	5.94828e-02
0.10220	6.02511e-02
0.10231	6.10111e-02
0.10241	6.17694e-02
0.10248	6.25269e-02
0.10253	6.32799e-02
0.10257	6.40207e-02
0.10260	6.47385e-02
0.10264	6.54187e-02
0.10270	6.60440e-02
0.10278	6.65948e-02
0.10291	6.70515e-02
0.10310	6.73990e-02
0.10336	6.76300e-02
0.10367	6.77465e-02
0.10404	6.77562e-02
0.10446	6.76670e-02
0.10494	6.74819e-02
0.10546	6.71967e-02
0.10604	6.68011e-02
0.10667	6.62832e-02
0.10737	6.56367e-02
0.10813	6.48669e-02
0.10892	6.39904e-02
0.10974	6.30300e-02
0.11056	6.20093e-02
0.11138	6.09492e-02
0.11218	5.98664e-02
0.11295	5.87740e-02
0.11369	5.76812e-02
0.11440	5.65944e-02
0.11508	5.55174e-02
0.11571	5.44516e-02
0.11632	5.33971e-02
0.11688	5.23523e-02
0.11742	5.13153e-02
0.11792	5.02840e-02
0.11838	4.92567e-02
0.11882	4.82326e-02
0.11922	4.72119e-02
0.11958	4.61957e-02
0.11992	4.51861e-02
0.12021	4.41857e-02
0.12048	4.31975e-02
0.12070	4.22247e-02
0.12089	4.12707e-02
0.12103	4.03389e-02
0.12114	3.94327e-02
0.12121	3.85556e-02
0.12124	3.77113e-02
0.12122	3.69035e-02
0.12117	3.61363e-02
0.12108	3.54141e-02
0.12094	3.47416e-02
0.12077	3.41240e-02
0.12055	3.35669e-02
0.12029	3.30762e-02
0.11999	3.26581e-02
0.11965	3.23189e-02
0.11927	3.20651e-02
0.11884	3.19026e-02
0.11837	3.18369e-02
0.11786	3.18728e-02
0.11731	3.20136e-02
0.11671	3.22614e-02
0.11607	3.26164e-02
0.11539	3.30767e-02
0.11467	3.36378e-02
0.11391	3.42921e-02
0.11311	3.50279e-02
0.11228	3.58278e-02
0.11143	3.66652e-02
0.11057	3.74989e-02
0.10972	3.82634e-02
0.10894	3.88594e-02
0.10826	3.91650e-02
0.10772	3.90996e-02
0.10731	3.86954e-02
0.10700	3.80671e-02
0.10674	3.73313e-02
0.10650	3.65732e-02
0.10626	3.58496e-02
0.10601	3.51990e-02
0.10575	3.46485e-02
0.10548	3.42178e-02
0.10518	3.39204e-02
0.10486	3.37653e-02
0.10453	3.37566e-02
0.10417	3.38944e-02
0.10380	3.41751e-02
0.10341	3.45915e-02
0.10300	3.51338e-02
0.10258	3.57903e-02
0.10215	3.65477e-02
0.10172	3.73922e-02
0.10127	3.83098e-02
0.10083	3.92870e-02
0.10038	4.03109e-02
0.09994	4.13696e-02
0.09950	4.24523e-02
0.09907	4.35492e-02
0.09865	4.46516e-02
0.09825	4.57514e-02
0.09785	4.68415e-02
0.09748	4.79156e-02
0.09712	4.89678e-02
0.09678	4.99930e-02
0.09646	5.09869e-02
0.09616	5.19461e-02
0.09588	5.28681e-02
0.09563	5.37512e-02
0.09540	5.45946e-02
0.09518	5.53980e-02
0.09499	5.61614e-02
0.09481	5.68853e-02
0.09464	5.75696e-02
0.09449	5.82143e-02
0.09435	5.88189e-02
0.09422	5.93825e-02
0.09410	5.99037e-02
0.09399	6.03804e-02
0.09389	6.08105e-02
0.09380	6.11909e-02
0.09372	6.15187e-02
0.09364	6.17905e-02
0.09358	6.20029e-02
0.09353	6.21524e-02
0.09349	6.22360e-02
0.09347	6.22508e-02
0.09345	6.21948e-02
0.09345	6.20666e-02
0.09346	6.18655e-02
0.09348	6.15918e-02
0.09351	6.12461e-02
0.09354	6.08297e-02
0.09357	6.03443e-02
0.09360	5.97913e-02
0.09364	5.91727e-02
0.09366	5.84902e-02
0.09368	5.77455e-02
0.09370	5.69404e-02
0.09370	5.60767e-02
0.09369	5.51561e-02
0.09367	5.41806e-02
0.09363	5.31523e-02
0.09358	5.20733e-02
0.09351	5.09461e-02
0.09342	4.97735e-02
0.09331	4.85587e-02
0.09319	4.72951e-02
0.09304	4.59956e-02
0.09287	4.46643e-02
0.09268	4.33063e-02
0.09246	4.19272e-02
0.09221	4.05331e-02
0.09194	3.91311e-02
0.09164	3.77288e-02
0.09131	3.63345e-02
0.09096	3.49575e-02
0.09057	3.36076e-02
0.09016	3.22952e-02
0.08972	3.10311e-02
0.08926	2.98264e-02
0.08877	2.86919e-02
0.08826	2.76379e-02
0.08773	2.66735e-02
0.08719	2.58061e-02
0.08663	2.50414e-02
0.08607	2.43831e-02
0.08550	2.38330e-02
0.08494	2.33922e-02
0.08438	2.30618e-02
0.08383	2.28439e-02
0.08329	2.27425e-02
0.08277	2.27631e-02
0.08225	2.29118e-02
0.08175	2.31942e-02
0.08126	2.36133e-02
0.08078	2.41685e-02
0.08031	2.48542e-02
0.07985	2.56606e-02
0.07940	2.65732e-02
0.07896	2.75743e-02
0.07854	2.86442e-02
0.07815	2.97620e-02
0.07778	3.09082e-02
0.07745	3.20655e-02
0.07715	3.32212e-02
0.07689	3.43669e-02
0.07668	3.54969e-02
0.07651	3.66034e-02
0.07639	3.76598e-02
0.07639	3.85408e-02
0.07673	3.88324e-02
0.07738	3.85657e-02
0.07813	3.81648e-02
0.07890	3.77581e-02
0.07968	3.73810e-02
0.08045	3.70491e-02
0.08121	3.67728e-02
0.08194	3.65607e-02
0.08266	3.64206e-02
0.08334	3.63586e-02
0.08398	3.63800e-02
0.08459	3.64889e-02
0.08515	3.66879e-02
0.08567	3.69778e-02
0.08613	3.73578e-02
0.08654	3.78251e-02
0.08690	3.83754e-02
0.08720	3.90028e-02
0.08744	3.96996e-02
0.08763	4.04563e-02
0.08777	4.12605e-02
0.08785	4.20943e-02
0.08790	4.29280e-02
0.08794	4.37043e-02
0.08800	4.43257e-02
0.08813	4.47410e-02
0.08830	4.50196e-02
0.08845	4.52450e-02
0.08856	4.54578e-02
0.08863	4.56737e-02
0.08866	4.58975e-02
0.08864	4.61299e-02
0.08857	4.63692e-02
0.08846	4.66127e-02
0.08831	4.68567e-02
0.08811	4.70972e-02
0.08788	4.73292e-02
0.08761	4.75469e-02
0.08732	4.77435e-02
0.08700	4.79110e-02
0.08668	4.80553e-02
0.08635	4.81497e-02
0.08601	4.81811e-02
0.08569	4.81357e-02
0.08539	4.79998e-02
0.08512	4.77613e-02
0.08488	4.74119e-02
0.08468	4.69485e-02
0.08452	4.63734e-02
0.08439	4.56941e-02
0.08429	4.49220e-02
0.08421	4.40725e-02
0.08414	4.31638e-02
0.08407	4.22166e-02
0.08400	4.12534e-02
0.08391	4.02971e-02
0.08379	3.93707e-02
0.08364	3.84965e-02
0.08346	3.76951e-02
0.08324	3.69856e-02
0.08297	3.63839e-02
0.08266	3.59031e-02
0.08231	3.55521e-02
0.08191	3.53350e-02
0.08148	3.52505e-02
0.08101	3.52914e-02
0.08052	3.54442e-02
0.08001	3.56891e-02
0.07950	3.60017e-02
0.07900	3.63555e-02
0.07852	3.67275e-02
0.07806	3.71040e-02
0.07764	3.74850e-02
0.07724	3.78821e-02
0.07692	3.82147e-02
0.07767	3.63934e-02
0.07846	3.44777e-02
0.07923	3.25727e-02
0.07998	3.06997e-02
0.08070	2.88796e-02
0.08139	2.71346e-02
0.08205	2.54882e-02
0.08267	2.39665e-02
0.08325	2.25974e-02
0.08381	2.14105e-02
0.08433	2.04350e-02
0.08482	1.96969e-02
0.08527	1.92154e-02
0.08570	1.89985e-02
0.08611	1.90412e-02
0.08649	1.93243e-02
0.08685	1.98171e-02
0.08720	2.04812e-02
0.08754	2.12740e-02
0.08788	2.21524e-02
0.08822	2.30742e-02
0.08858	2.39994e-02
0.08896	2.48908e-02
0.08937	2.57143e-02
0.08982	2.64395e-02
0.09032	2.70412e-02
0.09088	2.75009e-02
0.09149	2.78084e-02
0.09215	2.79624e-02
0.09287	2.79708e-02
0.09364	2.78490e-02
0.09443	2.76186e-02
0.09526	2.73049e-02
0.09610	2.69353e-02
0.09694	2.65384e-02
0.09778	2.61425e-02
0.09860	2.57754e-02
0.09940	2.54638e-02
0.10018	2.52320e-02
0.10092	2.51016e-02
0.10163	2.50903e-02
0.10230	2.52111e-02
0.10292	2.54714e-02
0.10350	2.58723e-02
0.10403	2.64083e-02
0.10452	2.70682e-02
0.10497	2.78346e-02
0.10537	2.86849e-02
0.10574	2.95911e-02
0.10609	3.05212e-02
0.10642	3.14400e-02
0.10674	3.23120e-02
0.10706	3.31066e-02
0.10739	3.38040e-02
0.10774	3.44004e-02
0.10809	3.49075e-02
0.10845	3.53473e-02
0.10880	3.57449e-02
0.10914	3.61228e-02
0.10946	3.64979e-02
0.10976	3.68814e-02
0.11003	3.72787e-02
0.11028	3.76911e-02
0.11050	3.81160e-02
0.11070	3.85489e-02
0.11088	3.89830e-02
0.11104	3.94106e-02
0.11118	3.98231e-02
0.11131	4.02114e-02
0.11143	4.05662e-02
0.11154	4.08777e-02
0.11165	4.11362e-02
0.11177	4.13318e-02
0.11189	4.14546e-02
0.11202	4.14949e-02
0.11217	4.14439e-02
0.11231	4.12944e-02
0.11247	4.10401e-02
0.11265	4.06777e-02
0.11284	4.02074e-02
0.11305	3.96327e-02
0.11326	3.89607e-02
0.11348	3.82016e-02
0.11370	3.73679e-02
0.11392	3.64739e-02
0.11412	3.55350e-02
0.11430	3.45673e-02
0.11445	3.35871e-02
0.11458	3.26112e-02
0.11468	3.16562e-02
0.11474	3.07389e-02
0.11476	2.98759e-02
0.11475	2.90836e-02
0.11469	2.83777e-02
0.11458	2.77728e-02
0.11443	2.72822e-02
0.11423	2.69168e-02
0.11398	2.66850e-02
0.11369	2.65921e-02
0.11335	2.66398e-02
0.11296	2.68264e-02
0.11253	2.71469e-02
0.11205	2.75937e-02
0.11153	2.81569e-02
0.11096	2.88249e-02
0.11034	2.95858e-02
0.10969	3.04272e-02
0.10900	3.13371e-02
0.10826	3.23041e-02
0.10749	3.33178e-02
0.10669	3.43687e-02
0.10585	3.54485e-02
0.10497	3.65499e-02
0.10407	3.76666e-02
0.10313	3.87930e-02
0.10216	3.99242e-02
0.10117	4.10558e-02
0.10015	4.21830e-02
0.09911	4.33009e-02
0.09805	4.43994e-02
0.09698	4.54567e-02
0.09594	4.63895e-02
0.09515	4.68013e-02
0.09472	4.64530e-02
0.09439	4.58939e-02
0.09407	4.53057e-02
0.09375	4.47188e-02
0.09343	4.41365e-02
0.09310	4.35545e-02
0.09279	4.29662e-02
0.09248	4.23637e-02
0.09219	4.17389e-02
0.09191	4.10828e-02
0.09167	4.03860e-02
0.09145	3.96385e-02
0.09126	3.88313e-02
0.09112	3.79591e-02
0.09100	3.70226e-02
0.09092	3.60303e-02
0.09087	3.49985e-02
0.09083	3.39494e-02
0.09080	3.29092e-02
0.09077	3.19060e-02
0.09074	3.09683e-02
0.09069	3.01242e-02
0.09063	2.94001e-02
0.09055	2.88198e-02
0.09044	2.84039e-02
0.09031	2.81681e-02
0.09015	2.81230e-02
0.08997	2.82728e-02
0.08976	2.86156e-02
0.08953	2.91440e-02
0.08928	2.98457e-02
0.08901	3.07049e-02
0.08871	3.17038e-02
0.08840	3.28236e-02
0.08808	3.40455e-02
0.08774	3.53515e-02
0.08739	3.67243e-02
0.08705	3.81479e-02
0.08670	3.96073e-02
0.08635	4.10872e-02
0.08601	4.25724e-02
0.08569	4.40455e-02
0.08540	4.54867e-02
0.08514	4.68734e-02
0.08495	4.81827e-02
0.08481	4.93981e-02
0.08475	5.05169e-02
0.08475	5.15501e-02
0.08481	5.25158e-02
0.08491	5.34307e-02
0.08505	5.43060e-02
0.08522	5.51474e-02
0.08542	5.59559e-02
0.08564	5.67304e-02
0.08589	5.74684e-02
0.08616	5.81678e-02
0.08646	5.88274e-02
0.08677	5.94469e-02
0.08711	6.00267e-02
0.08746	6.05672e-02
0.08783	6.10680e-02
0.08820	6.15281e-02
0.08859	6.19451e-02
0.08898	6.23160e-02
0.08939	6.26377e-02
0.08980	6.29072e-02
0.09023	6.31229e-02
0.09066	6.32847e-02
0.09109	6.33942e-02
0.09153	6.34551e-02
0.09195	6.34724e-02
0.09237	6.34524e-02
0.09276	6.34018e-02
0.09313	6.33275e-02
0.09348	6.32361e-02
0.09378	6.31334e-02
0.09406	6.30247e-02
0.09429	6.29142e-02
0.09447	6.28046e-02
0.09462	6.26975e-02
0.09472	6.25922e-02
0.09479	6.24859e-02
0.09482	6.23731e-02
0.09482	6.22452e-02
0.09480	6.20920e-02
0.09478	6.19044e-02
0.09474	6.16789e-02
0.09469	6.14209e-02
0.09463	6.11436e-02
0.09454	6.08637e-02
0.09441	6.05969e-02
0.09425	6.03563e-02
0.09405	6.01516e-02
0.09380	5.99898e-02
0.09351	5.98755e-02
0.09318	5.98116e-02
0.09281	5.97995e-02
0.09240	5.98396e-02
0.09195	5.99311e-02
0.09148	6.00726e-02
0.09097	6.02618e-02
0.09045	6.04956e-02
0.08990	6.07703e-02
0.08935	6.10812e-02
0.08878	6.14230e-02
0.08822	6.17897e-02
0.08767	6.21746e-02
0.08713	6.25708e-02
0.08662	6.29717e-02
0.08613	6.33714e-02
0.08568	6.37651e-02
0.08527	6.41494e-02
0.08490	6.45223e-02
0.08458	6.48829e-02
0.08431	6.52307e-02
0.08409	6.55649e-02
0.08392	6.58842e-02
0.08381	6.61869e-02
0.08375	6.64709e-02
0.08374	6.67342e-02
0.08379	6.69758e-02
0.08390	6.71961e-02
0.08406	6.73973e-02
0.08427	6.75834e-02
0.08451	6.77598e-02
0.08479	6.79317e-02
0.08511	6.80836e-02
0.08584	6.77531e-02
0.08673	6.72340e-02
0.08763	6.67160e-02
0.08851	6.62098e-02
0.08939	6.57217e-02
0.09025	6.52564e-02
0.09108	6.48182e-02
0.09188	6.44103e-02
0.09265	6.40353e-02
0.09339	6.36949e-02
0.09408	6.33901e-02
0.09473	6.31213e-02
0.09534	6.28879e-02
0.09591	6.26886e-02
0.09643	6.25213e-02
0.09690	6.23831e-02
0.09733	6.22699e-02
0.09772	6.21768e-02
0.09807	6.20978e-02
0.09838	6.20257e-02
0.09865	6.19524e-02
0.09889	6.18685e-02
0.09911	6.17642e-02
0.09931	6.16294e-02
0.09949	6.14547e-02
0.09966	6.12323e-02
0.09982	6.09573e-02
0.09997	6.06282e-02
0.10011	6.02477e-02
0.10023	5.98217e-02
0.10033	5.93589e-02
0.10040	5.88696e-02
0.10044	5.83641e-02
0.10045	5.78518e-02
0.10041	5.73389e-02
0.10033	5.68263e-02
0.10022	5.63043e-02
0.10010	5.57415e-02
0.10000	5.50634e-02
0.10001	5.41390e-02
0.10016	5.28626e-02
0.10043	5.12827e-02
0.10074	4.95244e-02
0.10104	4.76807e-02
0.10130	4.58060e-02
0.10150	4.39346e-02
0.10165	4.20920e-02
0.10173	4.03002e-02
0.10175	3.85801e-02
0.10170	3.69524e-02
0.10158	3.54386e-02
0.10139	3.40604e-02
0.10114	3.28395e-02
0.10081	3.17968e-02
0.10042	3.09508e-02
0.09997	3.03162e-02
0.09946	2.99024e-02
0.09888	2.97118e-02
0.09826	2.97391e-02
0.09758	2.99708e-02
0.09686	3.03859e-02
0.09610	3.09564e-02
0.09532	3.16481e-02
0.09452	3.24219e-02
0.09371	3.32344e-02
0.09293	3.40397e-02
0.09217	3.47929e-02
0.09146	3.54564e-02
0.09082	3.60082e-02
0.09025	3.64456e-02
0.08974	3.67821e-02
0.08929	3.70377e-02
0.08889	3.72296e-02
0.08855	3.73673e-02
0.08826	3.74509e-02
0.08802	3.74739e-02
0.08785	3.74260e-02
0.08774	3.72980e-02
0.08769	3.70862e-02
0.08771	3.67950e-02
0.08778	3.64382e-02
0.08789	3.60368e-02
0.08804	3.56167e-02
0.08822	3.52055e-02
0.08840	3.48306e-02
0.08858	3.45174e-02
0.08875	3.42886e-02
0.08891	3.41634e-02
0.08905	3.41574e-02
0.08916	3.42823e-02
0.08924	3.45453e-02
0.08928	3.49500e-02
0.08929	3.54956e-02
0.08926	3.61778e-02
0.08919	3.69888e-02
0.08909	3.79183e-02
0.08895	3.89532e-02
0.08877	4.00782e-02
0.08857	4.12760e-02
0.08834	4.25262e-02
0.08810	4.38045e-02
0.08785	4.50801e-02
0.08763	4.63100e-02
0.08747	4.74336e-02
0.08740	4.83773e-02
0.08746	4.90927e-02
0.08765	4.96009e-02
0.08793	4.99668e-02
0.08827	5.02476e-02
0.08865	5.04783e-02
0.08905	5.06769e-02
0.08947	5.08511e-02
0.08990	5.10027e-02
0.09035	5.11296e-02
0.09083	5.12279e-02
0.09132	5.12921e-02
0.09183	5.13165e-02
0.09236	5.12950e-02
0.09292	5.12222e-02
0.09349	5.10930e-02
0.09410	5.09037e-02
0.09472	5.06517e-02
0.09537	5.03358e-02
0.09603	4.99563e-02
0.09670	4.95151e-02
0.09739	4.90154e-02
0.09808	4.84616e-02
0.09876	4.78597e-02
0.09944	4.72161e-02
0.10010	4.65386e-02
0.10075	4.58354e-02
0.10137	4.51153e-02
0.10196	4.43878e-02
0.10251	4.36626e-02
0.10302	4.29498e-02
0.10349	4.22599e-02
0.10391	4.16035e-02
0.10427	4.09912e-02
0.10458	4.04336e-02
0.10482	3.99411e-02
0.10500	3.95236e-02
0.10512	3.91904e-02
0.10517	3.89498e-02
0.10515	3.88091e-02
0.10505	3.87740e-02
0.10489	3.88489e-02
0.10465	3.90360e-02
0.10433	3.93363e-02
0.10394	3.97483e-02
0.10348	4.02693e-02
0.10294	4.08946e-02
0.10233	4.16182e-02
0.10165	4.24329e-02
0.10089	4.33301e-02
0.10007	4.43009e-02
0.09918	4.53352e-02
0.09824	4.64225e-02
0.09723	4.75519e-02
0.09617	4.87118e-02
0.09507	4.98903e-02
0.09393	5.10747e-02
0.09276	5.22514e-02
0.09158	5.34060e-02
0.09038	5.45226e-02
0.08920	5.55840e-02
0.08805	5.65715e-02
0.08694	5.74657e-02
0.08590	5.82480e-02
0.08495	5.89028e-02
0.08410	5.94209e-02
0.08336	5.98008e-02
0.08274	6.00475e-02
0.08224	6.01679e-02
0.08186	6.01656e-02
0.08161	6.00387e-02
0.08149	5.97845e-02
0.08149	5.94078e-02
0.08162	5.89211e-02
0.08185	5.83366e-02
0.08218	5.76605e-02
0.08262	5.68935e-02
0.08315	5.60351e-02
0.08377	5.50873e-02
0.08446	5.40573e-02
0.08522	5.29571e-02
0.08604	5.18017e-02
0.08689	5.06069e-02
0.08777	4.93874e-02
0.08865	4.81567e-02
0.08955	4.69261e-02
0.09044	4.57057e-02
0.09132	4.45044e-02
0.09219	4.33302e-02
0.09304	4.21905e-02
0.09386	4.10921e-02
0.09466	4.00417e-02
0.09543	3.90458e-02
0.09616	3.81106e-02
0.09686	3.72418e-02
0.09752	3.64449e-02
0.09813	3.57249e-02
0.09871	3.50861e-02
0.09923	3.45318e-02
0.09971	3.40645e-02
0.10014	3.36856e-02
0.10052	3.33953e-02
0.10085	3.31925e-02
0.10113	3.30750e-02
0.10135	3.30390e-02
0.10153	3.30796e-02
0.10165	3.31906e-02
0.10172	3.33644e-02
0.10174	3.35925e-02
0.10172	3.38646e-02
0.10165	3.41696e-02
0.10153	3.44945e-02
0.10138	3.48249e-02
0.10120	3.51444e-02
0.10100	3.54341e-02
0.10077	3.56729e-02
0.10054	3.58372e-02
0.10031	3.59021e-02
0.10010	3.58439e-02
0.09990	3.56442e-02
0.09973	3.52948e-02
0.09958	3.48009e-02
0.09945	3.41811e-02
0.09932	3.34639e-02
0.09919	3.26833e-02
0.09905	3.18747e-02
0.09888	3.10727e-02
0.09869	3.03097e-02
0.09846	2.96160e-02
0.09819	2.90189e-02
0.09787	2.85426e-02
0.09751	2.82072e-02
0.09711	2.80279e-02
0.09667	2.80144e-02
0.09618	2.81699e-02
0.09565	2.84914e-02
0.09508	2.89698e-02
0.09448	2.95904e-02
0.09385	3.03345e-02
0.09320	3.11801e-02
0.09253	3.21035e-02
0.09185	3.30802e-02
0.09117	3.40863e-02
0.09050	3.50993e-02
0.08985	3.60999e-02
0.08922	3.70723e-02
0.08863	3.80049e-02
0.08807	3.88888e-02
0.08755	3.97151e-02
0.08709	4.04676e-02
0.08670	4.11099e-02
0.08642	4.15658e-02
0.08630	4.17329e-02
0.08635	4.15931e-02
0.08653	4.12527e-02
0.08676	4.08248e-02
0.08701	4.03766e-02
0.08727	3.99439e-02
0.08752	3.95471e-02
0.08776	3.91981e-02
0.08797	3.89044e-02
0.08816	3.86702e-02
0.08832	3.84974e-02
0.08845	3.83858e-02
0.08855	3.83335e-02
0.08862	3.83369e-02
0.08865	3.83913e-02
0.08865	3.84906e-02
0.08861	3.86281e-02
0.08855	3.87963e-02
0.08844	3.89877e-02
0.08831	3.91945e-02
0.08814	3.94091e-02
0.08795	3.96245e-02
0.08773	3.98343e-02
0.08748	4.00332e-02
0.08721	4.02168e-02
0.08691	4.03820e-02
0.08659	4.05272e-02
0.08624	4.06520e-02
0.08587	4.07572e-02
0.08548	4.08447e-02
0.08506	4.09167e-02
0.08462	4.09752e-02
0.08415	4.10217e-02
0.08367	4.10562e-02
0.08316	4.10763e-02
0.08264	4.10767e-02
0.08212	4.10474e-02
0.08160	4.09725e-02
0.08110	4.08295e-02
0.08064	4.05895e-02
0.08024	4.02225e-02
0.07991	3.97073e-02
0.07965	3.90422e-02
0.07945	3.82481e-02
0.07931	3.73616e-02
0.07919	3.64241e-02
0.07909	3.54751e-02
0.07899	3.45489e-02
0.07889	3.36750e-02
0.07878	3.28787e-02
0.07865	3.21815e-02
0.07852	3.16017e-02
0.07836	3.11540e-02
0.07820	3.08493e-02
0.07802	3.06947e-02
0.07783	3.06927e-02
0.07763	3.08417e-02
0.07743	3.11359e-02
0.07722	3.15660e-02
0.07702	3.21196e-02
0.07682	3.27821e-02
0.07663	3.35373e-02
0.07646	3.43679e-02
0.07630	3.52559e-02
0.07617	3.61824e-02
0.07607	3.71281e-02
0.07601	3.80721e-02
0.07599	3.89927e-02
0.07604	3.98671e-02
0.07615	4.06734e-02
0.07634	4.13925e-02
0.07661	4.20114e-02
0.07696	4.25235e-02
0.07739	4.29262e-02
0.07791	4.32136e-02
0.07851	4.33682e-02
0.07922	4.33537e-02
0.08004	4.31249e-02
0.08098	4.26617e-02
0.08201	4.19931e-02
0.08310	4.11751e-02
0.08420	4.02593e-02
0.08529	3.92831e-02
0.08636	3.82726e-02
0.08740	3.72473e-02
0.08839	3.62229e-02
0.08932	3.52134e-02
0.09020	3.42323e-02
0.09102	3.32930e-02
0.09177	3.24092e-02
0.09246	3.15953e-02
0.09307	3.08658e-02
0.09361	3.02357e-02
0.09407	2.97196e-02
0.09446	2.93314e-02
0.09477	2.90834e-02
0.09500	2.89862e-02
0.09515	2.90472e-02
0.09522	2.92706e-02
0.09521	2.96573e-02
0.09512	3.02044e-02
0.09495	3.09058e-02
0.09471	3.17527e-02
0.09439	3.27338e-02
0.09401	3.38363e-02
0.09355	3.50457e-02
0.09303	3.63464e-02
0.09244	3.77206e-02
0.09181	3.91472e-02
0.09114	4.05979e-02
0.09045	4.20279e-02
0.08979	4.33556e-02
0.08924	4.44362e-02
0.08889	4.51161e-02
0.08874	4.54281e-02
0.08871	4.55584e-02
0.08871	4.56501e-02
0.08873	4.57754e-02
0.08874	4.59688e-02
0.08874	4.62472e-02
0.08872	4.66191e-02
0.08868	4.70885e-02
0.08863	4.76566e-02
0.08856	4.83228e-02
0.08847	4.90852e-02
0.08837	4.99409e-02
0.08824	5.08859e-02
0.08810	5.19155e-02
0.08794	5.30242e-02
0.08775	5.42060e-02
0.08755	5.54542e-02
0.08733	5.67615e-02
0.08709	5.81201e-02
0.08683	5.95213e-02
0.08655	6.09552e-02
0.08627	6.24094e-02
0.08597	6.38655e-02
0.08570	6.52875e-02
0.08552	6.65889e-02
0.08554	6.76148e-02
0.08578	6.83578e-02
0.08614	6.89555e-02
0.08656	6.94609e-02
0.08707	6.98514e-02
0.08770	7.00592e-02
0.08852	7.00108e-02
0.08950	6.97106e-02
0.09059	6.92369e-02
0.09170	6.86599e-02
0.09281	6.80190e-02
0.09390	6.73346e-02
0.09496	6.66186e-02
0.09598	6.58709e-02
0.09696	6.50911e-02
0.09790	6.42764e-02
0.09881	6.34235e-02
0.09967	6.25293e-02
0.10050	6.15926e-02
0.10128	6.06141e-02
0.10203	5.95962e-02
0.10272	5.85424e-02
0.10337	5.74570e-02
0.10397	5.63442e-02
0.10452	5.52082e-02
0.10501	5.40534e-02
0.10545	5.28840e-02
0.10584	5.17043e-02
0.10618	5.05189e-02
0.10646	4.93323e-02
0.10670	4.81496e-02
0.10688	4.69760e-02
0.10702	4.58169e-02
0.10711	4.46783e-02
0.10716	4.35666e-02
0.10716	4.24884e-02
0.10711	4.14435e-02
0.10703	4.04454e-02
0.10690	3.95018e-02
0.10675	3.86206e-02
0.10657	3.78098e-02
0.10636	3.70775e-02
0.10613	3.64315e-02
0.10588	3.58792e-02
0.10562	3.54274e-02
0.10535	3.50820e-02
0.10506	3.48474e-02
0.10477	3.47268e-02
0.10448	3.47216e-02
0.10419	3.48316e-02
0.10391	3.50542e-02
0.10363	3.53853e-02
0.10337	3.58181e-02
0.10312	3.63436e-02
0.10289	3.69487e-02
0.10268	3.76149e-02
0.10252	3.83143e-02
0.10240	3.90040e-02
0.10236	3.96256e-02
0.10242	4.01247e-02
0.10258	4.04929e-02
0.10282	4.07739e-02
0.10312	4.10248e-02
0.10346	4.12882e-02
0.10383	4.15899e-02
0.10421	4.19442e-02
0.10459	4.23582e-02
0.10499	4.28343e-02
0.10538	4.33721e-02
0.10576	4.39689e-02
0.10614	4.46207e-02
0.10651	4.53222e-02
0.10686	4.60677e-02
0.10719	4.68508e-02
0.10750	4.76645e-02
0.10779	4.85021e-02
0.10805	4.93564e-02
0.10829	5.02204e-02
0.10850	5.10869e-02
0.10868	5.19489e-02
0.10883	5.27993e-02
0.10895	5.36312e-02
0.10904	5.44378e-02
0.10910	5.52125e-02
0.10913	5.59490e-02
0.10913	5.66415e-02
0.10910	5.72850e-02
0.10904	5.78751e-02
0.10896	5.84107e-02
0.10885	5.88875e-02
0.10870	5.93044e-02
0.10853	5.96614e-02
0.10833	5.99594e-02
0.10810	6.02000e-02
0.10783	6.03854e-02
0.10754	6.05181e-02
0.10720	6.06006e-02
0.10683	6.06354e-02
0.10643	6.06249e-02
0.10599	6.05712e-02
0.10552	6.04759e-02
0.10501	6.03407e-02
0.10447	6.01669e-02
0.10391	5.99555e-02
0.10331	5.97078e-02
0.10269	5.94247e-02
0.10205	5.91074e-02
0.10139	5.87571e-02
0.10071	5.83752e-02
0.10002	5.79634e-02
0.09932	5.75235e-02
0.09862	5.70578e-02
0.09791	5.65688e-02
0.09720	5.60593e-02
0.09649	5.55328e-02
0.09578	5.49925e-02
0.09509	5.44418e-02
0.09440	5.38836e-02
0.09373	5.33198e-02
0.09308	5.27507e-02
0.09245	5.21749e-02
0.09186	5.15877e-02
0.09130	5.09822e-02
0.09080	5.03498e-02
0.09035	4.96814e-02
0.08996	4.89695e-02
0.08965	4.82110e-02
0.08940	4.74088e-02
0.08922	4.65728e-02
0.08910	4.57180e-02
0.08902	4.48628e-02
0.08899	4.40265e-02
0.08899	4.32276e-02
0.08902	4.24827e-02
0.08906	4.18057e-02
0.08912	4.12082e-02
0.08919	4.06991e-02
0.08927	4.02834e-02
0.08935	3.99673e-02
0.08943	3.97532e-02
0.08952	3.96422e-02
0.08960	3.96339e-02
0.08968	3.97262e-02
0.08976	3.99161e-02
0.08982	4.01993e-02
0.08988	4.05706e-02
0.08993	4.10235e-02
0.08996	4.15510e-02
0.08998	4.21452e-02
0.08999	4.27971e-02
0.08998	4.34967e-02
0.08996	4.42325e-02
0.08993	4.49897e-02
0.08989	4.57481e-02
0.08986	4.64762e-02
0.08987	4.71229e-02
0.08994	4.76177e-02
0.09011	4.79141e-02
0.09035	4.80428e-02
0.09063	4.80714e-02
0.09092	4.80441e-02
0.09121	4.79700e-02
0.09152	4.78220e-02
0.09189	4.75276e-02
0.09234	4.69967e-02
0.09289	4.62303e-02
0.09347	4.53274e-02
0.09403	4.43765e-02
0.09455	4.34274e-02
0.09502	4.25066e-02
0.09544	4.16300e-02
0.09579	4.08080e-02
0.09609	4.00483e-02
0.09633	3.93565e-02
0.09652	3.87369e-02
0.09664	3.81924e-02
0.09672	3.77250e-02
0.09674	3.73350e-02
0.09672	3.70219e-02
0.09665	3.67834e-02
0.09653	3.66162e-02
0.09638	3.65152e-02
0.09620	3.64740e-02
0.09599	3.64845e-02
0.09575	3.65372e-02
0.09549	3.66208e-02
0.09523	3.67226e-02
0.09495	3.68286e-02
0.09468	3.69250e-02
0.09442	3.69992e-02
0.09418	3.70419e-02
0.09395	3.70496e-02
0.09373	3.70249e-02
0.09354	3.69760e-02
0.09335	3.69143e-02
0.09317	3.68520e-02
0.09300	3.68002e-02
0.09283	3.67667e-02
0.09265	3.67588e-02
0.09248	3.67803e-02
0.09230	3.68331e-02
0.09212	3.69173e-02
0.09194	3.70319e-02
0.09176	3.71748e-02
0.09158	3.73435e-02
0.09140	3.75351e-02
0.09122	3.77466e-02
0.09105	3.79748e-02
0.09087	3.82168e-02
0.09071	3.84695e-02
0.09054	3.87300e-02
0.09038	3.89956e-02
0.09023	3.92632e-02
0.09009	3.95299e-02
0.08995	3.97926e-02
0.08982	4.00479e-02
0.08969	4.02923e-02
0.08958	4.05223e-02
0.08948	4.07341e-02
0.08940	4.09245e-02
0.08932	4.10903e-02
0.08926	4.12291e-02
0.08922	4.13391e-02
0.08919	4.14199e-02
0.08918	4.14718e-02
0.08919	4.14965e-02
0.08921	4.14970e-02
0.08924	4.14771e-02
0.08928	4.14412e-02
0.08932	4.13946e-02
0.08938	4.13426e-02
0.08944	4.12954e-02
0.08951	4.12537e-02
0.08957	4.12219e-02
0.08964	4.12035e-02
0.08971	4.12011e-02
0.08977	4.12162e-02
0.08984	4.12492e-02
0.08991	4.12993e-02
0.08997	4.13645e-02
0.09005	4.14417e-02
0.09013	4.15272e-02
0.09022	4.16165e-02
0.09032	4.17049e-02
0.09043	4.17880e-02
0.09056	4.18619e-02
0.09071	4.19241e-02
0.09087	4.19732e-02
0.09105	4.20095e-02
0.09125	4.20351e-02
0.09146	4.20532e-02
0.09169	4.20685e-02
0.09192	4.20858e-02
0.09216	4.21105e-02
0.09240	4.21474e-02
0.09264	4.22009e-02
0.09288	4.22743e-02
0.09312	4.23700e-02
0.09334	4.24891e-02
0.09356	4.26316e-02
0.09376	4.27964e-02
0.09396	4.29814e-02
0.09414	4.31837e-02
0.09431	4.33993e-02
0.09447	4.36240e-02
0.09462	4.38531e-02
0.09476	4.40816e-02
0.09488	4.43044e-02
0.09499	4.45169e-02
0.09510	4.47144e-02
0.09519	4.48930e-02
0.09526	4.50493e-02
0.09533	4.51809e-02
0.09538	4.52861e-02
0.09541	4.53641e-02
0.09543	4.54152e-02
0.09543	4.54405e-02
0.09540	4.54419e-02
0.09535	4.54219e-02
0.09526	4.53838e-02
0.09514	4.53315e-02
0.09498	4.52679e-02
0.09479	4.51969e-02
0.09455	4.51223e-02
0.09426	4.50478e-02
0.09393	4.49768e-02
0.09354	4.49124e-02
0.09311	4.48573e-02
0.09262	4.48131e-02
0.09208	4.47809e-02
0.09149	4.47598e-02
0.09084	4.47462e-02
0.09015	4.47312e-02
0.08942	4.46949e-02
0.08867	4.45947e-02
0.08796	4.43585e-02
0.08729	4.39325e-02
0.08666	4.33567e-02
0.08602	4.27119e-02
0.08535	4.20513e-02
0.08464	4.13993e-02
0.08390	4.07596e-02
0.08313	4.01108e-02
0.08237	3.93787e-02
0.08169	3.84141e-02
0.08113	3.71597e-02
0.08061	3.57507e-02
0.08007	3.43052e-02
0.07950	3.28810e-02
0.07890	3.15099e-02
0.07825	3.02145e-02
0.07755	2.90137e-02
0.07681	2.79250e-02
0.07604	2.69649e-02
0.07522	2.61480e-02
0.07437	2.54869e-02
0.07348	2.49905e-02
0.07257	2.46632e-02
0.07164	2.45043e-02
0.07069	2.45070e-02
0.06973	2.46587e-02
0.06877	2.49414e-02
0.06781	2.53322e-02
0.06687	2.58036e-02
0.06597	2.63224e-02
0.06511	2.68471e-02
0.06433	2.73207e-02
0.06366	2.76622e-02
0.06316	2.77742e-02
0.06286	2.75999e-02
0.06274	2.71804e-02
0.06274	2.66132e-02
0.06284	2.59825e-02
0.06300	2.53421e-02
0.06321	2.47235e-02
0.06347	2.41464e-02
0.06375	2.36241e-02
0.06407	2.31669e-02
0.06441	2.27838e-02
0.06477	2.24831e-02
0.06513	2.22725e-02
0.06551	2.21585e-02
0.06589	2.21459e-02
0.06627	2.22371e-02
0.06665	2.24313e-02
0.06701	2.27248e-02
0.06737	2.31101e-02
0.06771	2.35766e-02
0.06804	2.41099e-02
0.06836	2.46925e-02
0.06867	2.53030e-02
0.06898	2.59162e-02
0.06930	2.65039e-02
0.06963	2.70380e-02
0.06999	2.74965e-02
0.07037	2.78709e-02
0.07076	2.81699e-02
0.07117	2.84143e-02
0.07158	2.86295e-02
0.07197	2.88383e-02
0.07235	2.90589e-02
0.07269	2.93041e-02
0.07301	2.95829e-02
0.07330	2.99010e-02
0.07355	3.02621e-02
0.07376	3.06683e-02
0.07394	3.11207e-02
0.07409	3.16193e-02
0.07419	3.21630e-02
0.07427	3.27485e-02
0.07432	3.33659e-02
0.07435	3.39768e-02
0.07447	3.43792e-02
0.07482	3.42739e-02
0.07525	3.39794e-02
0.07568	3.36763e-02
0.07610	3.34036e-02
0.07649	3.31756e-02
0.07687	3.30002e-02
0.07722	3.28827e-02
0.07756	3.28266e-02
0.07788	3.28335e-02
0.07819	3.29031e-02
0.07849	3.30332e-02
0.07878	3.32198e-02
0.07907	3.34568e-02
0.07936	3.37367e-02
0.07965	3.40511e-02
0.07995	3.43918e-02
0.08027	3.47513e-02
0.08060	3.51248e-02
0.08095	3.55101e-02
0.08132	3.59080e-02
0.08170	3.63220e-02
0.08210	3.67572e-02
0.08251	3.72190e-02
0.08292	3.77126e-02
0.08333	3.82420e-02
0.08374	3.88097e-02
0.08415	3.94165e-02
0.08456	4.00609e-02
0.08496	4.07398e-02
0.08535	4.14471e-02
0.08574	4.21742e-02
0.08614	4.29079e-02
0.08653	4.36300e-02
0.08695	4.43144e-02
0.08740	4.49271e-02
0.08790	4.54292e-02
0.08846	4.57896e-02
0.08909	4.60009e-02
0.08977	4.60842e-02
0.09048	4.60754e-02
0.09120	4.60096e-02
0.09191	4.59143e-02
0.09260	4.58085e-02
0.09326	4.57051e-02
0.09388	4.56125e-02
0.09446	4.55361e-02
0.09499	4.54792e-02
0.09547	4.54439e-02
0.09590	4.54310e-02
0.09629	4.54406e-02
0.09661	4.54722e-02
0.09688	4.55247e-02
0.09710	4.55964e-02
0.09726	4.56852e-02
0.09737	4.57886e-02
0.09742	4.59031e-02
0.09741	4.60250e-02
0.09736	4.61495e-02
0.09725	4.62711e-02
0.09709	4.63835e-02
0.09690	4.64799e-02
0.09666	4.65531e-02
0.09638	4.65962e-02
0.09607	4.66035e-02
0.09574	4.65714e-02
0.09537	4.64988e-02
0.09498	4.63871e-02
0.09455	4.62404e-02
0.09410	4.60642e-02
0.09362	4.58650e-02
0.09311	4.56498e-02
0.09257	4.54253e-02
0.09200	4.51979e-02
0.09139	4.49737e-02
0.09075	4.47581e-02
0.09009	4.45560e-02
0.08939	4.43716e-02
0.08867	4.42088e-02
0.08792	4.40705e-02
0.08715	4.39589e-02
0.08635	4.38756e-02
0.08555	4.38213e-02
0.08473	4.37958e-02
0.08391	4.37986e-02
0.08308	4.38286e-02
0.08225	4.38852e-02
0.08143	4.39685e-02
0.08062	4.40802e-02
0.07982	4.42239e-02
0.07903	4.44054e-02
0.07825	4.46324e-02
0.07748	4.49130e-02
0.07672	4.52557e-02
0.07595	4.56676e-02
0.07520	4.61538e-02
0.07444	4.67170e-02
0.07368	4.73559e-02
0.07292	4.80640e-02
0.07218	4.88238e-02
0.07149	4.95849e-02
0.07097	5.01663e-02
0.07086	5.02569e-02
0.07103	5.00395e-02
0.07132	4.97422e-02
0.07168	4.94190e-02
0.07210	4.90845e-02
0.07257	4.87527e-02
0.07306	4.84418e-02
0.07358	4.81715e-02
0.07409	4.79591e-02
0.07459	4.78181e-02
0.07507	4.77577e-02
0.07552	4.77826e-02
0.07594	4.78936e-02
0.07632	4.80825e-02
0.07672	4.82679e-02
0.07730	4.81824e-02
0.07790	4.80631e-02
0.07845	4.80031e-02
0.07896	4.80086e-02
0.07941	4.80775e-02
0.07982	4.82057e-02
0.08017	4.83882e-02
0.08046	4.86190e-02
0.08070	4.88920e-02
0.08089	4.92002e-02
0.08102	4.95365e-02
0.08111	4.98936e-02
0.08114	5.02639e-02
0.08112	5.06402e-02
0.08105	5.10157e-02
0.08094	5.13850e-02
0.08078	5.17442e-02
0.08057	5.20912e-02
0.08032	5.24261e-02
0.08001	5.27502e-02
0.07965	5.30655e-02
0.07924	5.33742e-02
0.07877	5.36781e-02
0.07825	5.39783e-02
0.07767	5.42750e-02
0.07703	5.45676e-02
0.07634	5.48546e-02
0.07560	5.51336e-02
0.07480	5.54008e-02
0.07397	5.56506e-02
0.07311	5.58734e-02
0.07223	5.60511e-02
0.07138	5.61424e-02
0.07062	5.60513e-02
0.07008	5.56622e-02
0.06972	5.50028e-02
0.06948	5.41467e-02
0.06936	5.31265e-02
0.06931	5.19716e-02
0.06932	5.07195e-02
0.06936	4.94071e-02
0.06940	4.80648e-02
0.06945	4.67174e-02
0.06947	4.53856e-02
0.06948	4.40880e-02
0.06947	4.28420e-02
0.06943	4.16645e-02
0.06937	4.05721e-02
0.06928	3.95809e-02
0.06916	3.87067e-02
0.06902	3.79644e-02
0.06885	3.73675e-02
0.06865	3.69276e-02
0.06843	3.66535e-02
0.06818	3.65507e-02
0.06791	3.66200e-02
0.06762	3.68543e-02
0.06733	3.72233e-02
0.06715	3.75166e-02
0.06759	3.68265e-02
0.06833	3.56989e-02
0.06908	3.46300e-02
0.06981	3.36884e-02
0.07052	3.28979e-02
0.07120	3.22721e-02
0.07185	3.18196e-02
0.07248	3.15442e-02
0.07307	3.14448e-02
0.07364	3.15157e-02
0.07418	3.17469e-02
0.07469	3.21245e-02
0.07517	3.26317e-02
0.07563	3.32499e-02
0.07607	3.39594e-02
0.07649	3.47402e-02
0.07689	3.55729e-02
0.07727	3.64392e-02
0.07764	3.73224e-02
0.07800	3.82073e-02
0.07834	3.90811e-02
0.07868	3.99329e-02
0.07901	4.07539e-02
0.07933	4.15377e-02
0.07964	4.22796e-02
0.07994	4.29765e-02
0.08023	4.36267e-02
0.08051	4.42295e-02
0.08077	4.47850e-02
0.08100	4.52936e-02
0.08122	4.57558e-02
0.08142	4.61723e-02
0.08159	4.65435e-02
0.08173	4.68697e-02
0.08185	4.71513e-02
0.08194	4.73880e-02
0.08200	4.75800e-02
0.08204	4.77268e-02
0.08205	4.78280e-02
0.08203	4.78832e-02
0.08198	4.78915e-02
0.08192	4.78521e-02
0.08183	4.77637e-02
0.08172	4.76246e-02
0.08160	4.74330e-02
0.08146	4.71866e-02
0.08131	4.68826e-02
0.08116	4.65187e-02
0.08100	4.60923e-02
0.08084	4.56018e-02
0.08069	4.50462e-02
0.08055	4.44259e-02
0.08041	4.37426e-02
0.08028	4.29989e-02
0.08015	4.21986e-02
0.08004	4.13465e-02
0.07994	4.04478e-02
0.07984	3.95086e-02
0.07975	3.85356e-02
0.07967	3.75365e-02
0.07959	3.65196e-02
0.07952	3.54946e-02
0.07946	3.44722e-02
0.07939	3.34642e-02
0.07933	3.24835e-02
0.07927	3.15439e-02
0.07921	3.06598e-02
0.07914	2.98453e-02
0.07908	2.91141e-02
0.07901	2.84781e-02
0.07894	2.79460e-02
0.07887	2.75227e-02
0.07881	2.72074e-02
0.07876	2.69926e-02
0.07873	2.68641e-02
0.07872	2.68009e-02
0.07875	2.67781e-02
0.07881	2.67702e-02
0.07893	2.67571e-02
0.07910	2.67292e-02
0.07933	2.66909e-02
0.07959	2.66601e-02
0.07988	2.66643e-02
0.08020	2.67347e-02
0.08052	2.69013e-02
0.08083	2.71890e-02
0.08114	2.76159e-02
0.08142	2.81923e-02
0.08168	2.89215e-02
0.08191	2.98002e-02
0.08210	3.08203e-02
0.08226	3.19701e-02
0.08237	3.32359e-02
0.08244	3.46025e-02
0.08248	3.60545e-02
0.08247	3.75764e-02
0.08242	3.91534e-02
0.08233	4.07710e-02
0.08221	4.24153e-02
0.08205	4.40730e-02
0.08187	4.57312e-02
0.08166	4.73773e-02
0.08143	4.89995e-02
0.08119	5.05869e-02
0.08095	5.21301e-02
0.08071	5.36218e-02
0.08047	5.50569e-02
0.08025	5.64314e-02
0.08005	5.77313e-02
0.08005	5.87093e-02
0.08058	5.89571e-02
0.08118	5.90710e-02
0.08182	5.91322e-02
0.08247	5.91501e-02
0.08313	5.91286e-02
0.08380	5.90701e-02
0.08449	5.89768e-02
0.08518	5.88505e-02
0.08587	5.86927e-02
0.08658	5.85045e-02
0.08728	5.82869e-02
0.08799	5.80404e-02
0.08871	5.77654e-02
0.08943	5.74625e-02
0.09015	5.71323e-02
0.09087	5.67762e-02
0.09159	5.63961e-02
0.09231	5.59949e-02
0.09303	5.55761e-02
0.09375	5.51440e-02
0.09445	5.47030e-02
0.09514	5.42580e-02
0.09582	5.38138e-02
0.09649	5.33747e-02
0.09713	5.29448e-02
0.09776	5.25273e-02
0.09837	5.21252e-02
0.09896	5.17405e-02
0.09952	5.13745e-02
0.10006	5.10279e-02
0.10059	5.07010e-02
0.10109	5.03932e-02
0.10157	5.01038e-02
0.10202	4.98315e-02
0.10246	4.95751e-02
0.10288	4.93331e-02
0.10328	4.91041e-02
0.10366	4.88867e-02
0.10402	4.86799e-02
0.10436	4.84826e-02
0.10468	4.82943e-02
0.10498	4.81142e-02
0.10526	4.79421e-02
0.10552	4.77778e-02
0.10577	4.76209e-02
0.10599	4.74715e-02
0.10619	4.73290e-02
0.10637	4.71930e-02
0.10652	4.70628e-02
0.10666	4.69374e-02
0.10678	4.68153e-02
0.10688	4.66949e-02
0.10696	4.65738e-02
0.10702	4.64499e-02
0.10707	4.63202e-02
0.10710	4.61820e-02
0.10712	4.60323e-02
0.10713	4.58684e-02
0.10713	4.56879e-02
0.10712	4.54887e-02
0.10710	4.52698e-02
0.10708	4.50308e-02
0.10705	4.47725e-02
0.10702	4.44968e-02
0.10697	4.42069e-02
0.10692	4.39071e-02
0.10687	4.36030e-02
0.10680	4.33013e-02
0.10672	4.30096e-02
0.10662	4.27360e-02
0.10651	4.24894e-02
0.10638	4.22790e-02
0.10622	4.21140e-02
0.10604	4.20032e-02
0.10584	4.19554e-02
0.10560	4.19783e-02
0.10534	4.20789e-02
0.10504	4.22632e-02
0.10471	4.25356e-02
0.10434	4.28993e-02
0.10393	4.33561e-02
0.10348	4.39060e-02
0.10300	4.45478e-02
0.10247	4.52789e-02
0.10190	4.60954e-02
0.10128	4.69921e-02
0.10063	4.79630e-02
0.09993	4.90012e-02
0.09919	5.00988e-02
0.09840	5.12472e-02
0.09758	5.24366e-02
0.09673	5.36557e-02
0.09584	5.48905e-02
0.09493	5.61219e-02
0.09402	5.73227e-02
0.09312	5.84591e-02
0.09225	5.95074e-02
0.09140	6.04758e-02
0.09058	6.13885e-02
0.08975	6.22620e-02
0.08893	6.31000e-02
0.08811	6.38975e-02
0.08730	6.46441e-02
0.08652	6.53253e-02
0.08577	6.59251e-02
0.08508	6.64270e-02
0.08444	6.68172e-02
0.08389	6.70858e-02
0.08341	6.72270e-02
0.08301	6.72375e-02
0.08271	6.71158e-02
0.08249	6.68609e-02
0.08235	6.64735e-02
0.08230	6.59554e-02
0.08233	6.53110e-02
0.08242	6.45477e-02
0.08258	6.36760e-02
0.08278	6.27091e-02
0.08302	6.16617e-02
0.08327	6.05482e-02
0.08354	5.93817e-02
0.08380	5.81739e-02
0.08406	5.69342e-02
0.08432	5.56710e-02
0.08456	5.43914e-02
0.08478	5.31020e-02
0.08499	5.18092e-02
0.08518	5.05195e-02
0.08536	4.92399e-02
0.08552	4.79778e-02
0.08566	4.67414e-02
0.08578	4.55390e-02
0.08589	4.43793e-02
0.08598	4.32711e-02
0.08605	4.22227e-02
0.08611	4.12419e-02
0.08616	4.03353e-02
0.08620	3.95087e-02
0.08624	3.87664e-02
0.08627	3.81119e-02
0.08631	3.75476e-02
0.08636	3.70758e-02
0.08641	3.66987e-02
0.08648	3.64193e-02
0.08656	3.62412e-02
0.08665	3.61690e-02
0.08675	3.62080e-02
0.08686	3.63635e-02
0.08699	3.66402e-02
0.08712	3.70415e-02
0.08725	3.75685e-02
0.08739	3.82199e-02
0.08753	3.89913e-02
0.08767	3.98756e-02
0.08781	4.08629e-02
0.08795	4.19413e-02
0.08810	4.30974e-02
0.08824	4.43166e-02
0.08839	4.55842e-02
0.08856	4.68859e-02
0.08873	4.82087e-02
0.08891	4.95412e-02
0.08911	5.08745e-02
0.08933	5.22015e-02
0.08955	5.35165e-02
0.08979	5.48130e-02
0.09005	5.60797e-02
0.09034	5.72896e-02
0.09070	5.83734e-02
0.09122	5.91820e-02
0.09199	5.96033e-02
0.09292	5.97504e-02
0.09392	5.97675e-02
0.09492	5.97234e-02
0.09592	5.96471e-02
0.09690	5.95526e-02
0.09784	5.94478e-02
0.09875	5.93379e-02
0.09962	5.92268e-02
0.10044	5.91179e-02
0.10122	5.90139e-02
0.10194	5.89172e-02
0.10261	5.88297e-02
0.10322	5.87525e-02
0.10377	5.86857e-02
0.10427	5.86273e-02
0.10471	5.85722e-02
0.10511	5.85089e-02
0.10546	5.84134e-02
0.10581	5.82405e-02
0.10619	5.79242e-02
0.10661	5.74224e-02
0.10706	5.67631e-02
0.10751	5.60061e-02
0.10793	5.51959e-02
0.10831	5.43565e-02
0.10864	5.34998e-02
0.10894	5.26311e-02
0.10919	5.17521e-02
0.10940	5.08622e-02
0.10958	4.99600e-02
0.10972	4.90442e-02
0.10984	4.81137e-02
0.10992	4.71694e-02
0.10999	4.62140e-02
0.11002	4.52528e-02
0.11004	4.42938e-02
0.11003	4.33479e-02
0.10999	4.24279e-02
0.10993	4.15487e-02
0.10984	4.07266e-02
0.10971	3.99785e-02
0.10956	3.93219e-02
0.10937	3.87736e-02
0.10915	3.83496e-02
0.10889	3.80641e-02
0.10859	3.79286e-02
0.10826	3.79517e-02
0.10790	3.81381e-02
0.10749	3.84883e-02
0.10706	3.89983e-02
0.10659	3.96596e-02
0.10610	4.04591e-02
0.10558	4.13784e-02
0.10504	4.23938e-02
0.10450	4.34736e-02
0.10397	4.45753e-02
0.10348	4.56383e-02
0.10306	4.65773e-02
0.10277	4.72856e-02
0.10265	4.76786e-02
0.10271	4.77597e-02
0.10290	4.76172e-02
0.10317	4.73526e-02
0.10349	4.70384e-02
0.10383	4.67169e-02
0.10418	4.64113e-02
0.10454	4.61346e-02
0.10489	4.58947e-02
0.10524	4.56969e-02
0.10557	4.55452e-02
0.10588	4.54424e-02
0.10618	4.53906e-02
0.10645	4.53905e-02
0.10670	4.54414e-02
0.10691	4.55409e-02
0.10710	4.56848e-02
0.10726	4.58669e-02
0.10738	4.60794e-02
0.10748	4.63125e-02
0.10755	4.65558e-02
0.10760	4.67985e-02
0.10762	4.70306e-02
0.10763	4.72437e-02
0.10761	4.74319e-02
0.10756	4.75916e-02
0.10750	4.77213e-02
0.10741	4.78203e-02
0.10730	4.78868e-02
0.10717	4.79169e-02
0.10701	4.79022e-02
0.10684	4.78284e-02
0.10667	4.76746e-02
0.10650	4.74145e-02
0.10634	4.70202e-02
0.10622	4.64702e-02
0.10612	4.57582e-02
0.10603	4.48965e-02
0.10596	4.39118e-02
0.10587	4.28366e-02
0.10576	4.17028e-02
0.10562	4.05377e-02
0.10543	3.93632e-02
0.10520	3.81968e-02
0.10492	3.70522e-02
0.10460	3.59404e-02
0.10422	3.48703e-02
0.10380	3.38497e-02
0.10333	3.28853e-02
0.10281	3.19833e-02
0.10225	3.11494e-02
0.10166	3.03892e-02
0.10103	2.97083e-02
0.10036	2.91121e-02
0.09966	2.86060e-02
0.09894	2.81956e-02
0.09818	2.78861e-02
0.09741	2.76832e-02
0.09661	2.75919e-02
0.09578	2.76170e-02
0.09494	2.77623e-02
0.09408	2.80308e-02
0.09319	2.84237e-02
0.09229	2.89406e-02
0.09138	2.95788e-02
0.09044	3.03338e-02
0.08949	3.11988e-02
0.08853	3.21651e-02
0.08755	3.32222e-02
0.08656	3.43584e-02
0.08557	3.55601e-02
0.08457	3.68128e-02
0.08358	3.81008e-02
0.08260	3.94066e-02
0.08164	4.07103e-02
0.08071	4.19853e-02
0.07985	4.31834e-02
0.07913	4.41836e-02
0.07869	4.47594e-02
0.07852	4.49307e-02
0.07849	4.49536e-02
0.07853	4.49603e-02
0.07859	4.49995e-02
0.07867	4.50922e-02
0.07876	4.52478e-02
0.07886	4.54685e-02
0.07897	4.57504e-02
0.07908	4.60839e-02
0.07921	4.64534e-02
0.07937	4.68378e-02
0.07956	4.72107e-02
0.07981	4.75424e-02
0.08012	4.78026e-02
0.08052	4.79657e-02
0.08100	4.80157e-02
0.08157	4.79496e-02
0.08222	4.77770e-02
0.08292	4.75167e-02
0.08366	4.71913e-02
0.08443	4.68234e-02
0.08521	4.64331e-02
0.08598	4.60372e-02
0.08674	4.56490e-02
0.08749	4.52790e-02
0.08821	4.49350e-02
0.08889	4.46228e-02
0.08955	4.43464e-02
0.09017	4.41084e-02
0.09075	4.39103e-02
0.09130	4.37520e-02
0.09180	4.36328e-02
0.09227	4.35507e-02
0.09270	4.35027e-02
0.09309	4.34849e-02
0.09345	4.34925e-02
0.09377	4.35199e-02
0.09406	4.35610e-02
0.09432	4.36091e-02
0.09455	4.36570e-02
0.09475	4.36975e-02
0.09493	4.37235e-02
0.09510	4.37284e-02
0.09524	4.37071e-02
0.09536	4.36569e-02
0.09547	4.35783e-02
0.09556	4.34755e-02
0.09562	4.33567e-02
0.09565	4.32325e-02
0.09565	4.31150e-02
0.09561	4.30167e-02
0.09553	4.29488e-02
0.09540	4.29209e-02
0.09522	4.29406e-02
0.09499	4.30132e-02
0.09470	4.31415e-02
0.09436	4.33265e-02
0.09397	4.35673e-02
0.09353	4.38612e-02
0.09305	4.42043e-02
0.09251	4.45912e-02
0.09194	4.50155e-02
0.09133	4.54698e-02
0.09068	4.59452e-02
0.09001	4.64319e-02
0.08933	4.69185e-02
0.08863	4.73927e-02
0.08793	4.78418e-02
0.08725	4.82545e-02
0.08658	4.86229e-02
0.08594	4.89333e-02
0.08595	4.80970e-02
0.08621	4.68048e-02
0.08647	4.54886e-02
0.08672	4.41742e-02
0.08696	4.28870e-02
0.08717	4.16513e-02
0.08735	4.04894e-02
0.08749	3.94213e-02
0.08760	3.84632e-02
0.08767	3.76277e-02
0.08770	3.69232e-02
0.08771	3.63535e-02
0.08770	3.59180e-02
0.08766	3.56122e-02
0.08761	3.54289e-02
0.08755	3.53596e-02
0.08749	3.53959e-02
0.08742	3.55308e-02
0.08736	3.57592e-02
0.08731	3.60774e-02
0.08725	3.64829e-02
0.08721	3.69730e-02
0.08716	3.75439e-02
0.08712	3.81903e-02
0.08708	3.89047e-02
0.08705	3.96779e-02
0.08703	4.04990e-02
0.08702	4.13562e-02
0.08703	4.22369e-02
0.08706	4.31281e-02
0.08711	4.40170e-02
0.08718	4.48907e-02
0.08729	4.57363e-02
0.08744	4.65410e-02
0.08762	4.72923e-02
0.08786	4.79791e-02
0.08814	4.85927e-02
0.08847	4.91282e-02
0.08886	4.95853e-02
0.08928	4.99671e-02
0.08974	5.02788e-02
0.09023	5.05262e-02
0.09075	5.07139e-02
0.09129	5.08447e-02
0.09184	5.09191e-02
0.09241	5.09346e-02
0.09299	5.08847e-02
0.09359	5.07589e-02
0.09422	5.05430e-02
0.09486	5.02226e-02
0.09553	4.97904e-02
0.09622	4.92522e-02
0.09692	4.86276e-02
0.09759	4.79427e-02
0.09824	4.72235e-02
0.09885	4.64921e-02
0.09941	4.57663e-02
0.09992	4.50603e-02
0.10036	4.43853e-02
0.10073	4.37502e-02
0.10104	4.31622e-02
0.10129	4.26273e-02
0.10146	4.21499e-02
0.10157	4.17334e-02
0.10161	4.13800e-02
0.10158	4.10908e-02
0.10149	4.08658e-02
0.10133	4.07040e-02
0.10111	4.06034e-02
0.10083	4.05609e-02
0.10050	4.05726e-02
0.10011	4.06337e-02
0.09967	4.07385e-02
0.09919	4.08804e-02
0.09867	4.10521e-02
0.09811	4.12451e-02
0.09753	4.14495e-02
0.09692	4.16539e-02
0.09630	4.18447e-02
0.09567	4.20051e-02
0.09505	4.21147e-02
0.09445	4.21486e-02
0.09389	4.20791e-02
0.09339	4.18795e-02
0.09295	4.15320e-02
0.09257	4.10359e-02
0.09226	4.04096e-02
0.09199	3.96850e-02
0.09175	3.88982e-02
0.09153	3.80832e-02
0.09132	3.72690e-02
0.09111	3.64797e-02
0.09090	3.57353e-02
0.09068	3.50527e-02
0.09044	3.44463e-02
0.09020	3.39285e-02
0.08993	3.35097e-02
0.08966	3.31985e-02
0.08937	3.30010e-02
0.08906	3.29210e-02
0.08873	3.29594e-02
0.08839	3.31135e-02
0.08804	3.33771e-02
0.08768	3.37395e-02
0.08730	3.41846e-02
0.08693	3.46903e-02
0.08658	3.52263e-02
0.08624	3.57515e-02
0.08596	3.62122e-02
0.08575	3.65443e-02
0.08565	3.66878e-02
0.08566	3.66114e-02
0.08578	3.63260e-02
0.08599	3.58699e-02
0.08627	3.52869e-02
0.08659	3.46160e-02
0.08695	3.38905e-02
0.08732	3.31394e-02
0.08769	3.23876e-02
0.08806	3.16561e-02
0.08842	3.09605e-02
0.08876	3.03101e-02
0.08908	2.97075e-02
0.08939	2.91476e-02
0.08969	2.86180e-02
0.08999	2.81013e-02
0.09028	2.75770e-02
0.09058	2.70270e-02
0.09089	2.64394e-02
0.09120	2.58118e-02
0.09152	2.51524e-02
0.09184	2.44785e-02
0.09214	2.38138e-02
0.09243	2.31856e-02
0.09270	2.26223e-02
0.09294	2.21515e-02
0.09315	2.17977e-02
0.09333	2.15806e-02
0.09347	2.15140e-02
0.09358	2.16036e-02
0.09365	2.18474e-02
0.09369	2.22348e-02
0.09371	2.27486e-02
0.09369	2.33661e-02
0.09366	2.40615e-02
0.09361	2.48085e-02
0.09355	2.55833e-02
0.09349	2.63672e-02
0.09343	2.71491e-02
0.09338	2.79266e-02
0.09332	2.87052e-02
0.09326	2.94964e-02
0.09319	3.03147e-02
0.09311	3.11747e-02
0.09301	3.20889e-02
0.09288	3.30666e-02
0.09273	3.41132e-02
0.09255	3.52307e-02
0.09233	3.64181e-02
0.09207	3.76717e-02
0.09178	3.89863e-02
0.09144	4.03551e-02
0.09107	4.17708e-02
0.09066	4.32255e-02
0.09021	4.47113e-02
0.08972	4.62202e-02
0.08919	4.77448e-02
0.08862	4.92776e-02
0.08802	5.08117e-02
0.08739	5.23401e-02
0.08672	5.38559e-02
0.08603	5.53513e-02
0.08531	5.68166e-02
0.08457	5.82361e-02
0.08385	5.95790e-02
0.08318	6.07756e-02
0.08267	6.17087e-02
0.08235	6.23541e-02
0.08212	6.28325e-02
0.08192	6.32361e-02
0.08172	6.36003e-02
0.08151	6.39316e-02
0.08132	6.42027e-02
0.08129	6.42364e-02
0.08167	6.36942e-02
0.08224	6.28633e-02
0.08283	6.19465e-02
0.08341	6.09833e-02
0.08396	5.99855e-02
0.08449	5.89583e-02
0.08498	5.79056e-02
0.08545	5.68306e-02
0.08588	5.57362e-02
0.08627	5.46250e-02
0.08664	5.34996e-02
0.08696	5.23624e-02
0.08725	5.12164e-02
0.08751	5.00654e-02
0.08773	4.89152e-02
0.08791	4.77739e-02
0.08805	4.66522e-02
0.08815	4.55628e-02
0.08820	4.45195e-02
0.08820	4.35369e-02
0.08815	4.26290e-02
0.08805	4.18093e-02
0.08790	4.10899e-02
0.08769	4.04812e-02
0.08744	3.99912e-02
0.08713	3.96257e-02
0.08678	3.93876e-02
0.08639	3.92766e-02
0.08596	3.92898e-02
0.08550	3.94213e-02
0.08501	3.96628e-02
0.08451	4.00043e-02
0.08399	4.04349e-02
0.08346	4.09435e-02
0.08293	4.15197e-02
0.08241	4.21552e-02
0.08189	4.28439e-02
0.08138	4.35823e-02
0.08089	4.43692e-02
0.08040	4.52047e-02
0.07993	4.60894e-02
0.07946	4.70231e-02
0.07901	4.80032e-02
0.07857	4.90240e-02
0.07814	5.00745e-02
0.07774	5.11366e-02
0.07739	5.21808e-02
0.07713	5.31499e-02
0.07710	5.38400e-02
0.07758	5.38501e-02
0.07835	5.35005e-02
0.07924	5.30358e-02
0.08019	5.25094e-02
0.08118	5.19404e-02
0.08222	5.13379e-02
0.08328	5.07068e-02
0.08437	5.00507e-02
0.08547	4.93735e-02
0.08658	4.86802e-02
0.08770	4.79774e-02
0.08880	4.72733e-02
0.08989	4.65772e-02
0.09096	4.58994e-02
0.09199	4.52503e-02
0.09299	4.46402e-02
0.09395	4.40787e-02
0.09486	4.35747e-02
0.09572	4.31357e-02
0.09653	4.27682e-02
0.09728	4.24769e-02
0.09797	4.22650e-02
0.09860	4.21344e-02
0.09916	4.20850e-02
0.09967	4.21154e-02
0.10012	4.22228e-02
0.10050	4.24031e-02
0.10083	4.26511e-02
0.10110	4.29609e-02
0.10131	4.33257e-02
0.10146	4.37385e-02
0.10157	4.41916e-02
0.10162	4.46774e-02
0.10163	4.51876e-02
0.10159	4.57138e-02
0.10152	4.62465e-02
0.10141	4.67751e-02
0.10127	4.72862e-02
0.10111	4.77632e-02
0.10095	4.81850e-02
0.10078	4.85273e-02
0.10064	4.87684e-02
0.10052	4.88985e-02
0.10042	4.89267e-02
0.10034	4.88778e-02
0.10025	4.87821e-02
0.10015	4.86672e-02
0.10002	4.85550e-02
0.09987	4.84619e-02
0.09968	4.83997e-02
0.09945	4.83765e-02
0.09919	4.83976e-02
0.09889	4.84662e-02
0.09855	4.85835e-02
0.09818	4.87490e-02
0.09778	4.89610e-02
0.09734	4.92165e-02
0.09688	4.95115e-02
0.09639	4.98410e-02
0.09589	5.01998e-02
0.09536	5.05821e-02
0.09483	5.09819e-02
0.09428	5.13938e-02
0.09374	5.18125e-02
0.09319	5.22340e-02
0.09264	5.26549e-02
0.09209	5.30737e-02
0.09155	5.34901e-02
0.09102	5.39054e-02
0.09049	5.43222e-02
0.08996	5.47438e-02
0.08943	5.51743e-02
0.08890	5.56175e-02
0.08837	5.60765e-02
0.08784	5.65534e-02
0.08730	5.70485e-02
0.08676	5.75602e-02
0.08621	5.80835e-02
0.08568	5.86099e-02
0.08516	5.91253e-02
0.08466	5.96095e-02
0.08422	6.00384e-02
0.08384	6.03922e-02
0.08354	6.06633e-02
0.08330	6.08530e-02
0.08314	6.09640e-02
0.08305	6.09972e-02
0.08303	6.09540e-02
0.08308	6.08389e-02
0.08319	6.06601e-02
0.08335	6.04286e-02
0.08356	6.01561e-02
0.08380	5.98536e-02
0.08407	5.95297e-02
0.08436	5.91904e-02
0.08467	5.88371e-02
0.08501	5.84654e-02
0.08539	5.80599e-02
0.08582	5.75872e-02
0.08634	5.69937e-02
0.08697	5.62307e-02
0.08772	5.52975e-02
0.08855	5.42332e-02
0.08942	5.30782e-02
0.09032	5.18608e-02
0.09124	5.05996e-02
0.09215	4.93083e-02
0.09306	4.79980e-02
0.09397	4.66789e-02
0.09485	4.53611e-02
0.09572	4.40548e-02
0.09656	4.27707e-02
0.09737	4.15201e-02
0.09815	4.03151e-02
0.09889	3.91680e-02
0.09960	3.80919e-02
0.10027	3.70999e-02
0.10089	3.62049e-02
0.10146	3.54193e-02
0.10199	3.47542e-02
0.10247	3.42191e-02
0.10290	3.38208e-02
0.10328	3.35635e-02
0.10362	3.34476e-02
0.10390	3.34698e-02
0.10413	3.36231e-02
0.10432	3.38967e-02
0.10446	3.42765e-02
0.10456	3.47454e-02
0.10462	3.52838e-02
0.10465	3.58702e-02
0.10466	3.64821e-02
0.10464	3.70968e-02
0.10460	3.76934e-02
0.10456	3.82545e-02
0.10450	3.87685e-02
0.10444	3.92311e-02
0.10437	3.96445e-02
0.10429	4.00161e-02
0.10419	4.03554e-02
0.10407	4.06723e-02
0.10392	4.09754e-02
0.10374	4.12715e-02
0.10353	4.15652e-02
0.10328	4.18593e-02
0.10300	4.21547e-02
0.10268	4.24505e-02
0.10233	4.27446e-02
0.10193	4.30333e-02
0.10151	4.33122e-02
0.10105	4.35759e-02
0.10056	4.38183e-02
0.10005	4.40329e-02
0.09952	4.42131e-02
0.09897	4.43526e-02
0.09840	4.44450e-02
0.09782	4.44848e-02
0.09723	4.44674e-02
0.09664	4.43890e-02
0.09605	4.42476e-02
0.09546	4.40425e-02
0.09487	4.37747e-02
0.09428	4.34472e-02
0.09370	4.30644e-02
0.09312	4.26326e-02
0.09253	4.21593e-02
0.09195	4.16525e-02
0.09136	4.11211e-02
0.09077	4.05737e-02
0.09018	4.00182e-02
0.08957	3.94620e-02
0.08897	3.89110e-02
0.08836	3.83698e-02
0.08775	3.78413e-02
0.08714	3.73269e-02
0.08653	3.68265e-02
0.08594	3.63386e-02
0.08535	3.58606e-02
0.08479	3.53889e-02
0.08424	3.49202e-02
0.08373	3.44517e-02
0.08324	3.39828e-02
0.08278	3.35160e-02
0.08235	3.30579e-02
0.08196	3.26195e-02
0.08159	3.22150e-02
0.08124	3.18607e-02
0.08091	3.15730e-02
0.08059	3.13668e-02
0.08028	3.12544e-02
0.07998	3.12447e-02
0.07969	3.13427e-02
0.07940	3.15500e-02
0.07912	3.18645e-02
0.07884	3.22816e-02
0.07856	3.27945e-02
0.07830	3.33945e-02
0.07804	3.40720e-02
0.07779	3.48158e-02
0.07756	3.56128e-02
0.07734	3.64455e-02
0.07714	3.72877e-02
0.07700	3.80939e-02
0.07694	3.87855e-02
0.07702	3.92588e-02
0.07726	3.94728e-02
0.07762	3.95088e-02
0.07804	3.94778e-02
0.07848	3.94522e-02
0.07891	3.94707e-02
0.07933	3.95532e-02
0.07972	3.97099e-02
0.08008	3.99453e-02
0.08042	4.02604e-02
0.08071	4.06535e-02
0.08097	4.11208e-02
0.08120	4.16569e-02
0.08139	4.22545e-02
0.08154	4.29041e-02
0.08166	4.35944e-02
0.08175	4.43109e-02
0.08182	4.50355e-02
0.08189	4.57458e-02
0.08195	4.64149e-02
0.08204	4.70138e-02
0.08216	4.75168e-02
0.08232	4.79073e-02
0.08253	4.81793e-02
0.08279	4.83327e-02
0.08309	4.83662e-02
0.08344	4.82787e-02
0.08384	4.80752e-02
0.08426	4.77722e-02
0.08469	4.73957e-02
0.08512	4.69740e-02
0.08553	4.65324e-02
0.08591	4.60915e-02
0.08625	4.56669e-02
0.08654	4.52708e-02
0.08678	4.49123e-02
0.08698	4.45982e-02
0.08711	4.43333e-02
0.08720	4.41207e-02
0.08723	4.39618e-02
0.08720	4.38560e-02
0.08712	4.38011e-02
0.08699	4.37925e-02
0.08682	4.38228e-02
0.08660	4.38818e-02
0.08636	4.39549e-02
0.08608	4.40233e-02
0.08580	4.40644e-02
0.08552	4.40537e-02
0.08525	4.39706e-02
0.08500	4.38044e-02
0.08476	4.35559e-02
0.08454	4.32343e-02
0.08433	4.28514e-02
0.08412	4.24167e-02
0.08392	4.19365e-02
0.08371	4.14134e-02
0.08350	4.08477e-02
0.08329	4.02376e-02
0.08309	3.95810e-02
0.08288	3.88758e-02
0.08268	3.81211e-02
0.08249	3.73176e-02
0.08229	3.64680e-02
0.08210	3.55778e-02
0.08190	3.46551e-02
0.08170	3.37109e-02
0.08148	3.27585e-02
0.08125	3.18141e-02
0.08099	3.08957e-02
0.08071	3.00235e-02
0.08040	2.92189e-02
0.08006	2.85043e-02
0.07967	2.79023e-02
0.07925	2.74346e-02
0.07878	2.71208e-02
0.07826	2.69772e-02
0.07770	2.70158e-02
0.07709	2.72430e-02
0.07642	2.76595e-02
0.07571	2.82607e-02
0.07495	2.90367e-02
0.07414	2.99741e-02
0.07328	3.10568e-02
0.07237	3.22668e-02
0.07142	3.35848e-02
0.07044	3.49888e-02
0.06943	3.64357e-02
0.06863	3.75325e-02
0.06825	3.78992e-02
0.06791	3.82973e-02
0.06755	3.88097e-02
0.06717	3.94341e-02
0.06678	4.01597e-02
0.06639	4.09730e-02
0.06600	4.18598e-02
0.06561	4.28049e-02
0.06524	4.37916e-02
0.06489	4.47994e-02
0.06460	4.57958e-02
0.06440	4.67104e-02
0.06445	4.73607e-02
0.06488	4.75409e-02
0.06560	4.74026e-02
0.06645	4.71414e-02
0.06737	4.68263e-02
0.06835	4.64778e-02
0.06936	4.61038e-02
0.07040	4.57085e-02
0.07147	4.52963e-02
0.07256	4.48724e-02
0.07365	4.44431e-02
0.07475	4.40156e-02
0.07583	4.35977e-02
0.07690	4.31966e-02
0.07795	4.28183e-02
0.07897	4.24657e-02
0.07996	4.21358e-02
0.08092	4.18143e-02
0.08188	4.14696e-02
0.08284	4.10549e-02
0.08382	4.05415e-02
0.08480	3.99465e-02
0.08576	3.93095e-02
0.08668	3.86633e-02
0.08755	3.80297e-02
0.08836	3.74227e-02
0.08911	3.68520e-02
0.08979	3.63249e-02
0.09039	3.58466e-02
0.09093	3.54211e-02
0.09139	3.50511e-02
0.09178	3.47384e-02
0.09209	3.44835e-02
0.09233	3.42861e-02
0.09249	3.41448e-02
0.09258	3.40571e-02
0.09260	3.40200e-02
0.09255	3.40293e-02
0.09242	3.40805e-02
0.09223	3.41684e-02
0.09197	3.42877e-02
0.09165	3.44329e-02
0.09126	3.45989e-02
0.09082	3.47809e-02
0.09032	3.49749e-02
0.08977	3.51775e-02
0.08917	3.53866e-02
0.08851	3.56009e-02
0.08781	3.58199e-02
0.08707	3.60442e-02
0.08628	3.62745e-02
0.08544	3.65114e-02
0.08457	3.67547e-02
0.08367	3.70017e-02
0.08273	3.72432e-02
0.08179	3.74539e-02
0.08086	3.75654e-02
0.08003	3.74371e-02
0.07933	3.70040e-02
0.07870	3.64190e-02
0.07806	3.58268e-02
0.07740	3.52939e-02
0.07671	3.48513e-02
0.07598	3.45149e-02
0.07521	3.42934e-02
0.07440	3.41905e-02
0.07357	3.42055e-02
0.07271	3.43338e-02
0.07183	3.45667e-02
0.07093	3.48915e-02
0.07003	3.52908e-02
0.06914	3.57423e-02
0.06828	3.62184e-02
0.06746	3.66852e-02
0.06672	3.71050e-02
0.06606	3.74418e-02
0.06552	3.76726e-02
0.06510	3.77958e-02
0.06479	3.78296e-02
0.06458	3.78030e-02
0.06444	3.77457e-02
0.06436	3.76832e-02
0.06433	3.76313e-02
0.06435	3.75902e-02
0.06444	3.75328e-02
0.06462	3.73902e-02
0.06494	3.70807e-02
0.06539	3.66062e-02
0.06593	3.60439e-02
0.06650	3.54589e-02
0.06709	3.48867e-02
0.06768	3.43460e-02
0.06826	3.38470e-02
0.06883	3.33964e-02
0.06939	3.29987e-02
0.06992	3.26576e-02
0.07042	3.23762e-02
0.07090	3.21573e-02
0.07134	3.20033e-02
0.07175	3.19162e-02
0.07212	3.18974e-02
0.07244	3.19475e-02
0.07273	3.20660e-02
0.07296	3.22516e-02
0.07315	3.25012e-02
0.07330	3.28099e-02
0.07339	3.31699e-02
0.07345	3.35671e-02
0.07347	3.39739e-02
0.07349	3.43315e-02
0.07355	3.45364e-02
0.07369	3.45301e-02
0.07385	3.43927e-02
0.07401	3.42213e-02
0.07413	3.40673e-02
0.07420	3.39549e-02
0.07422	3.38970e-02
0.07419	3.39014e-02
0.07411	3.39726e-02
0.07397	3.41134e-02
0.07378	3.43246e-02
0.07353	3.46055e-02
0.07324	3.49528e-02
0.07290	3.53599e-02
0.07252	3.58125e-02
0.07212	3.62759e-02
0.07176	3.66545e-02
0.07152	3.67623e-02
0.07144	3.65825e-02
0.07141	3.62980e-02
0.07138	3.60135e-02
0.07134	3.57679e-02
0.07128	3.55779e-02
0.07121	3.54520e-02
0.07111	3.53943e-02
0.07101	3.54063e-02
0.07089	3.54870e-02
0.07076	3.56326e-02
0.07062	3.58364e-02
0.07050	3.60869e-02
0.07038	3.63664e-02
0.07030	3.66469e-02
0.07027	3.68858e-02
0.07033	3.70268e-02
0.07051	3.70208e-02
0.07080	3.68601e-02
0.07119	3.65806e-02
0.07165	3.62286e-02
0.07216	3.58399e-02
0.07271	3.54374e-02
0.07329	3.50361e-02
0.07389	3.46466e-02
0.07452	3.42779e-02
0.07516	3.39383e-02
0.07581	3.36361e-02
0.07646	3.33800e-02
0.07711	3.31784e-02
0.07776	3.30396e-02
0.07840	3.29713e-02
0.07903	3.29800e-02
0.07964	3.30706e-02
0.08024	3.32463e-02
0.08081	3.35078e-02
0.08136	3.38530e-02
0.08189	3.42764e-02
0.08240	3.47676e-02
0.08289	3.53094e-02
0.08338	3.58738e-02
0.08388	3.64159e-02
0.08441	3.68717e-02
0.08501	3.71754e-02
0.08568	3.73041e-02
0.08641	3.72949e-02
0.08716	3.72082e-02
0.08792	3.70940e-02
0.08867	3.69856e-02
0.08939	3.69043e-02
0.09009	3.68643e-02
0.09075	3.68753e-02
0.09137	3.69443e-02
0.09196	3.70764e-02
0.09251	3.72752e-02
0.09302	3.75430e-02
0.09348	3.78809e-02
0.09390	3.82885e-02
0.09428	3.87643e-02
0.09461	3.93054e-02
0.09491	3.99072e-02
0.09516	4.05636e-02
0.09538	4.12667e-02
0.09556	4.20068e-02
0.09571	4.27723e-02
0.09583	4.35501e-02
0.09594	4.43257e-02
0.09604	4.50847e-02
0.09613	4.58136e-02
0.09622	4.65021e-02
0.09632	4.71436e-02
0.09643	4.77362e-02
0.09654	4.82810e-02
0.09667	4.87798e-02
0.09680	4.92317e-02
0.09694	4.96298e-02
0.09711	4.99567e-02
0.09731	5.01820e-02
0.09758	5.02637e-02
0.09792	5.01617e-02
0.09836	4.98609e-02
0.09887	4.93825e-02
0.09942	4.87708e-02
0.10000	4.80728e-02
0.10058	4.73267e-02
0.10115	4.65615e-02
0.10170	4.57989e-02
0.10221	4.50557e-02
0.10269	4.43453e-02
0.10313	4.36793e-02
0.10353	4.30675e-02
0.10389	4.25188e-02
0.10420	4.20407e-02
0.10446	4.16400e-02
0.10467	4.13224e-02
0.10484	4.10923e-02
0.10495	4.09529e-02
0.10501	4.09062e-02
0.10503	4.09526e-02
0.10499	4.10913e-02
0.10490	4.13197e-02
0.10477	4.16343e-02
0.10459	4.20299e-02
0.10436	4.25004e-02
0.10409	4.30386e-02
0.10378	4.36365e-02
0.10342	4.42858e-02
0.10304	4.49777e-02
0.10262	4.57042e-02
0.10217	4.64578e-02
0.10169	4.72328e-02
0.10118	4.80254e-02
0.10065	4.88336e-02
0.10009	4.96571e-02
0.09951	5.04964e-02
0.09890	5.13518e-02
0.09827	5.22234e-02
0.09761	5.31103e-02
0.09693	5.40102e-02
0.09622	5.49197e-02
0.09550	5.58331e-02
0.09476	5.67424e-02
0.09402	5.76361e-02
0.09329	5.84980e-02
0.09257	5.93062e-02
0.09190	6.00322e-02
0.09130	6.06439e-02
0.09078	6.11147e-02
0.09037	6.14351e-02
0.09006	6.16176e-02
0.08982	6.16854e-02
0.08966	6.16564e-02
0.08957	6.15314e-02
0.08957	6.12937e-02
0.08966	6.09262e-02
0.08983	6.04383e-02
0.09006	5.98674e-02
0.09032	5.92557e-02
0.09059	5.86347e-02
0.09084	5.80245e-02
0.09109	5.74368e-02
0.09131	5.68783e-02
0.09151	5.63522e-02
0.09169	5.58595e-02
0.09185	5.53991e-02
0.09199	5.49689e-02
0.09210	5.45653e-02
0.09220	5.41837e-02
0.09228	5.38183e-02
0.09235	5.34626e-02
0.09241	5.31091e-02
0.09246	5.27503e-02
0.09251	5.23787e-02
0.09255	5.19881e-02
0.09260	5.15742e-02
0.09264	5.11351e-02
0.09268	5.06718e-02
0.09272	5.01872e-02
0.09274	4.96860e-02
0.09275	4.91737e-02
0.09274	4.86558e-02
0.09271	4.81379e-02
0.09265	4.76251e-02
0.09257	4.71221e-02
0.09246	4.66333e-02
0.09232	4.61630e-02
0.09214	4.57151e-02
0.09194	4.52935e-02
0.09169	4.49019e-02
0.09141	4.45441e-02
0.09110	4.42238e-02
0.09075	4.39446e-02
0.09036	4.37100e-02
0.08994	4.35233e-02
0.08949	4.33878e-02
0.08899	4.33064e-02
0.08847	4.32817e-02
0.08791	4.33159e-02
0.08732	4.34107e-02
0.08671	4.35670e-02
0.08606	4.37849e-02
0.08539	4.40635e-02
0.08471	4.44004e-02
0.08401	4.47912e-02
0.08330	4.52284e-02
0.08259	4.56995e-02
0.08190	4.61829e-02
0.08126	4.66391e-02
0.08071	4.69970e-02
0.08033	4.71462e-02
0.08017	4.69929e-02
0.08024	4.65608e-02
0.08045	4.59588e-02
0.08077	4.52827e-02
0.08116	4.45919e-02
0.08159	4.39221e-02
0.08207	4.32977e-02
0.08258	4.27370e-02
0.08312	4.22547e-02
0.08368	4.18634e-02
0.08427	4.15736e-02
0.08488	4.13939e-02
0.08551	4.13307e-02
0.08616	4.13882e-02
0.08682	4.15684e-02
0.08749	4.18709e-02
0.08819	4.22927e-02
0.08889	4.28290e-02
0.08961	4.34724e-02
0.09034	4.42141e-02
0.09108	4.50436e-02
0.09184	4.59491e-02
0.09261	4.69179e-02
0.09340	4.79366e-02
0.09420	4.89917e-02
0.09503	5.00695e-02
0.09587	5.11564e-02
0.09674	5.22384e-02
0.09764	5.33004e-02
0.09856	5.43240e-02
0.09953	5.52837e-02
0.10056	5.61413e-02
0.10166	5.68435e-02
0.10288	5.73357e-02
0.10421	5.75966e-02
0.10563	5.76563e-02
0.10710	5.75676e-02
0.10859	5.73761e-02
0.11008	5.71127e-02
0.11155	5.67964e-02
0.11299	5.64394e-02
0.11440	5.60494e-02
0.11576	5.56318e-02
0.11708	5.51903e-02
0.11834	5.47276e-02
0.11955	5.42458e-02
0.12069	5.37465e-02
0.12178	5.32308e-02
0.12279	5.26997e-02
0.12375	5.21539e-02
0.12463	5.15939e-02
0.12545	5.10199e-02
0.12619	5.04322e-02
0.12686	4.98308e-02
0.12746	4.92157e-02
0.12799	4.85868e-02
0.12844	4.79441e-02
0.12882	4.72876e-02
0.12913	4.66173e-02
0.12936	4.59336e-02
0.12952	4.52370e-02
0.12961	4.45281e-02
0.12963	4.38082e-02
0.12958	4.30785e-02
0.12946	4.23409e-02
0.12927	4.15976e-02
0.12901	4.08511e-02
0.12869	4.01042e-02
0.12830	3.93600e-02
0.12785	3.86220e-02
0.12734	3.78937e-02
0.12676	3.71788e-02
0.12613	3.64811e-02
0.12544	3.58043e-02
0.12470	3.51521e-02
0.12391	3.45277e-02
0.12306	3.39343e-02
0.12218	3.33745e-02
0.12125	3.28504e-02
0.12029	3.23633e-02
0.11929	3.19139e-02
0.11826	3.15020e-02
0.11721	3.11265e-02
0.11613	3.07855e-02
0.11504	3.04764e-02
0.11394	3.01961e-02
0.11284	2.99412e-02
0.11173	2.97085e-02
0.11063	2.94955e-02
0.10954	2.93003e-02
0.10847	2.91222e-02
0.10740	2.89617e-02
0.10636	2.88200e-02
0.10535	2.86988e-02
0.10436	2.85996e-02
0.10340	2.85231e-02
0.10247	2.84686e-02
0.10158	2.84340e-02
0.10073	2.84154e-02
0.09993	2.84079e-02
0.09917	2.84064e-02
0.09846	2.84063e-02
0.09780	2.84047e-02
0.09720	2.84010e-02
0.09665	2.83978e-02
0.09615	2.84007e-02
0.09570	2.84178e-02
0.09529	2.84595e-02
0.09493	2.85374e-02
0.09460	2.86631e-02
0.09430	2.88477e-02
0.09403	2.91008e-02
0.09378	2.94299e-02
0.09354	2.98399e-02
0.09331	3.03332e-02
0.09309	3.09093e-02
0.09288	3.15652e-02
0.09267	3.22957e-02
0.09245	3.30939e-02
0.09223	3.39515e-02
0.09201	3.48590e-02
0.09178	3.58067e-02
0.09154	3.67845e-02
0.09130	3.77822e-02
0.09106	3.87901e-02
0.09081	3.97986e-02
0.09056	4.07987e-02
0.09030	4.17820e-02
0.09005	4.27405e-02
0.08980	4.36670e-02
0.08956	4.45548e-02
0.08933	4.53977e-02
0.08910	4.61905e-02
0.08889	4.69288e-02
0.08869	4.76091e-02
0.08851	4.82293e-02
0.08835	4.87884e-02
0.08821	4.92872e-02
0.08808	4.97283e-02
0.08796	5.01157e-02
0.08787	5.04554e-02
0.08778	5.07546e-02
0.08769	5.10217e-02
0.08761	5.12659e-02
0.08752	5.14966e-02
0.08743	5.17234e-02
0.08733	5.19554e-02
0.08721	5.22007e-02
0.08707	5.24664e-02
0.08691	5.27572e-02
0.08673	5.30745e-02
0.08654	5.34128e-02
0.08635	5.37507e-02
0.08619	5.40258e-02
0.08618	5.40881e-02
0.08639	5.38032e-02
0.08676	5.32746e-02
0.08720	5.26406e-02
0.08767	5.19585e-02
0.08816	5.12488e-02
0.08867	5.05235e-02
0.08919	4.97967e-02
0.08971	4.90853e-02
0.09022	4.84080e-02
0.09071	4.77821e-02
0.09118	4.72234e-02
0.09163	4.67449e-02
0.09205	4.63571e-02
0.09244	4.60681e-02
0.09280	4.58833e-02
0.09313	4.58056e-02
0.09342	4.58351e-02
0.09369	4.59697e-02
0.09392	4.62041e-02
0.09413	4.65302e-02
0.09432	4.69372e-02
0.09450	4.74111e-02
0.09466	4.79343e-02
0.09482	4.84869e-02
0.09499	4.90463e-02
0.09518	4.95906e-02
0.09540	5.01010e-02
0.09564	5.05647e-02
0.09592	5.09743e-02
0.09624	5.13262e-02
0.09659	5.16170e-02
0.09698	5.18419e-02
0.09741	5.19949e-02
0.09787	5.20694e-02
0.09838	5.20594e-02
0.09892	5.19606e-02
0.09950	5.17712e-02
0.10011	5.14919e-02
0.10075	5.11266e-02
0.10141	5.06816e-02
0.10208	5.01655e-02
0.10276	4.95886e-02
0.10343	4.89624e-02
0.10409	4.82993e-02
0.10474	4.76119e-02
0.10536	4.69128e-02
0.10594	4.62140e-02
0.10649	4.55273e-02
0.10699	4.48635e-02
0.10745	4.42327e-02
0.10786	4.36441e-02
0.10821	4.31060e-02
0.10851	4.26254e-02
0.10875	4.22085e-02
0.10894	4.18601e-02
0.10906	4.15838e-02
0.10913	4.13817e-02
0.10914	4.12547e-02
0.10910	4.12023e-02
0.10899	4.12229e-02
0.10884	4.13135e-02
0.10864	4.14701e-02
0.10838	4.16882e-02
0.10808	4.19627e-02
0.10773	4.22883e-02
0.10735	4.26598e-02
0.10692	4.30726e-02
0.10646	4.35228e-02
0.10596	4.40076e-02
0.10543	4.45252e-02
0.10486	4.50749e-02
0.10427	4.56567e-02
0.10373	4.60979e-02
0.10400	4.46473e-02
0.10425	4.32084e-02
0.10445	4.18210e-02
0.10461	4.05013e-02
0.10472	3.92663e-02
0.10479	3.81330e-02
0.10481	3.71177e-02
0.10478	3.62344e-02
0.10471	3.54940e-02
0.10460	3.49020e-02
0.10445	3.44574e-02
0.10427	3.41515e-02
0.10407	3.39666e-02
0.10386	3.38763e-02
0.10365	3.38465e-02
0.10346	3.38383e-02
0.10330	3.38124e-02
0.10318	3.37352e-02
0.10312	3.35853e-02
0.10311	3.33572e-02
0.10315	3.30617e-02
0.10323	3.27222e-02
0.10335	3.23696e-02
0.10349	3.20367e-02
0.10364	3.17554e-02
0.10380	3.15541e-02
0.10396	3.14573e-02
0.10411	3.14847e-02
0.10425	3.16516e-02
0.10437	3.19683e-02
0.10446	3.24406e-02
0.10453	3.30694e-02
0.10457	3.38512e-02
0.10459	3.47789e-02
0.10456	3.58417e-02
0.10451	3.70265e-02
0.10442	3.83184e-02
0.10429	3.97010e-02
0.10413	4.11576e-02
0.10394	4.26710e-02
0.10371	4.42242e-02
0.10346	4.58004e-02
0.10319	4.73829e-02
0.10289	4.89550e-02
0.10259	5.05000e-02
0.10227	5.20006e-02
0.10197	5.34390e-02
0.10167	5.47958e-02
0.10140	5.60514e-02
0.10116	5.71859e-02
0.10097	5.81821e-02
0.10084	5.90288e-02
0.10077	5.97233e-02
0.10076	6.02719e-02
0.10079	6.06877e-02
0.10086	6.09864e-02
0.10096	6.11839e-02
0.10108	6.12939e-02
0.10121	6.13284e-02
0.10133	6.12975e-02
0.10145	6.12097e-02
0.10156	6.10722e-02
0.10166	6.08916e-02
0.10173	6.06738e-02
0.10177	6.04241e-02
0.10179	6.01476e-02
0.10177	5.98486e-02
0.10172	5.95315e-02
0.10163	5.91999e-02
0.10151	5.88571e-02
0.10134	5.85056e-02
0.10113	5.81472e-02
0.10088	5.77826e-02
0.10060	5.74114e-02
0.10027	5.70317e-02
0.09992	5.66398e-02
0.09953	5.62305e-02
0.09913	5.57961e-02
0.09871	5.53236e-02
0.09830	5.47808e-02
0.09796	5.40734e-02
0.09776	5.30315e-02
0.09771	5.16724e-02
0.09770	5.01686e-02
0.09767	4.86180e-02
0.09762	4.70666e-02
0.09753	4.55429e-02
0.09739	4.40696e-02
0.09720	4.26669e-02
0.09697	4.13541e-02
0.09668	4.01500e-02
0.09635	3.90727e-02
0.09597	3.81394e-02
0.09554	3.73659e-02
0.09507	3.67658e-02
0.09456	3.63499e-02
0.09402	3.61253e-02
0.09343	3.60950e-02
0.09282	3.62576e-02
0.09218	3.66074e-02
0.09152	3.71348e-02
0.09085	3.78270e-02
0.09016	3.86685e-02
0.08947	3.96423e-02
0.08878	4.07305e-02
0.08810	4.19145e-02
0.08743	4.31761e-02
0.08679	4.44966e-02
0.08617	4.58570e-02
0.08561	4.72368e-02
0.08510	4.86125e-02
0.08466	4.99535e-02
0.08433	5.12176e-02
0.08415	5.23447e-02
0.08417	5.32584e-02
0.08444	5.38826e-02
0.08501	5.41564e-02
0.08587	5.40727e-02
0.08695	5.37333e-02
0.08815	5.32676e-02
0.08943	5.27562e-02
0.09074	5.22410e-02
0.09207	5.17448e-02
0.09341	5.12816e-02
0.09475	5.08611e-02
0.09608	5.04908e-02
0.09739	5.01766e-02
0.09869	4.99235e-02
0.09995	4.97352e-02
0.10118	4.96148e-02
0.10238	4.95641e-02
0.10354	4.95843e-02
0.10465	4.96755e-02
0.10571	4.98367e-02
0.10673	5.00663e-02
0.10769	5.03617e-02
0.10860	5.07194e-02
0.10946	5.11356e-02
0.11026	5.16054e-02
0.11099	5.21236e-02
0.11167	5.26844e-02
0.11229	5.32815e-02
0.11286	5.39086e-02
0.11336	5.45586e-02
0.11380	5.52244e-02
0.11419	5.58989e-02
0.11452	5.65747e-02
0.11480	5.72443e-02
0.11503	5.79005e-02
0.11521	5.85359e-02
0.11534	5.91435e-02
0.11543	5.97166e-02
0.11548	6.02489e-02
0.11550	6.07346e-02
0.11548	6.11686e-02
0.11544	6.15468e-02
0.11536	6.18658e-02
0.11526	6.21234e-02
0.11514	6.23182e-02
0.11500	6.24498e-02
0.11484	6.25189e-02
0.11466	6.25266e-02
0.11447	6.24746e-02
0.11426	6.23650e-02
0.11403	6.22000e-02
0.11379	6.19817e-02
0.11354	6.17120e-02
0.11328	6.13926e-02
0.11302	6.10250e-02
0.11274	6.06101e-02
0.11246	6.01489e-02
0.11218	5.96422e-02
0.11191	5.90906e-02
0.11163	5.84952e-02
0.11136	5.78573e-02
0.11110	5.71791e-02
0.11085	5.64631e-02
0.11060	5.57130e-02
0.11037	5.49334e-02
0.11014	5.41298e-02
0.10992	5.33083e-02
0.10971	5.24761e-02
0.10950	5.16410e-02
0.10929	5.08109e-02
0.10909	4.99943e-02
0.10889	4.91995e-02
0.10868	4.84350e-02
0.10847	4.77085e-02
0.10825	4.70275e-02
0.10803	4.63985e-02
0.10779	4.58273e-02
0.10755	4.53185e-02
0.10730	4.48754e-02
0.10703	4.45002e-02
0.10675	4.41937e-02
0.10646	4.39554e-02
0.10615	4.37836e-02
0.10583	4.36751e-02
0.10550	4.36255e-02
0.10515	4.36292e-02
0.10479	4.36786e-02
0.10442	4.37641e-02
0.10404	4.38724e-02
0.10366	4.39843e-02
0.10328	4.40700e-02
0.10293	4.40822e-02
0.11293	3.29429e-02
0.11270	3.24566e-02
0.11243	3.20072e-02
0.11212	3.15949e-02
0.11176	3.12201e-02
0.11137	3.08829e-02
0.11093	3.05837e-02
0.11044	3.03227e-02
0.10990	3.01002e-02
0.10931	2.99164e-02
0.10867	2.97714e-02
0.10798	2.96655e-02
0.10724	2.95984e-02
0.10644	2.95702e-02
0.10559	2.95804e-02
0.10468	2.96285e-02
0.10372	2.97137e-02
0.10271	2.98350e-02
0.10164	2.99911e-02
0.10052	3.01805e-02
0.09935	3.04012e-02
0.09813	3.06510e-02
0.09686	3.09270e-02
0.09555	3.12258e-02
0.09420	3.15431e-02
0.09281	3.18731e-02
0.08668	3.10833e-02
0.08491	3.10015e-02
0.08314	3.08856e-02
0.08138	3.07166e-02
0.07966	3.04668e-02
0.07800	3.01020e-02
0.07641	2.95901e-02
0.07492	2.89183e-02
0.07352	2.81064e-02
0.07222	2.72024e-02
0.07099	2.62646e-02
0.06982	2.53454e-02
0.06873	2.44854e-02
0.06770	2.37116e-02
0.06675	2.30376e-02
0.06588	2.24643e-02
0.06512	2.19820e-02
0.06448	2.15733e-02
0.06240	2.22410e-02
0.06205	2.18991e-02
0.06186	2.15981e-02
0.06184	2.13423e-02
0.06197	2.11414e-02
0.06227	2.10050e-02
0.06272	2.09374e-02
0.06332	2.09357e-02
0.06406	2.09903e-02
0.06494	2.10877e-02
0.06596	2.12130e-02
0.06710	2.13518e-02
0.06836	2.14922e-02
0.06972	2.16254e-02
0.07118	2.17461e-02
0.07271	2.18529e-02
0.07431	2.19481e-02
0.07596	2.20373e-02
0.07765	2.21282e-02
0.07935	2.22302e-02
0.08106	2.23528e-02
0.08276	2.25047e-02
0.09042	1.87288e-02
0.09206	1.90754e-02
0.09365	1.95200e-02
0.09517	2.00539e-02
0.09662	2.06673e-02
0.09800	2.13491e-02
0.09929	2.20883e-02
0.10051	2.28739e-02
0.10164	2.36956e-02
0.10267	2.45436e-02
0.10361	2.54090e-02
0.10446	2.62837e-02
0.10520	2.71604e-02
0.10585	2.80327e-02
0.10638	2.88946e-02
0.10682	2.97411e-02
0.10714	3.05674e-02
0.10735	3.13697e-02
0.10746	3.21444e-02
0.10745	3.28884e-02
0.10733	3.35990e-02
0.10710	3.42741e-02
0.10675	3.49115e-02
0.10630	3.55099e-02
0.10573	3.60679e-02
0.10505	3.65846e-02
0.10427	3.70593e-02
0.10337	3.74917e-02
0.10237	3.78817e-02
0.10126	3.82294e-02
0.10006	3.85352e-02
0.09875	3.87998e-02
0.09735	3.90241e-02
0.09585	3.92091e-02
0.09426	3.93561e-02
0.09259	3.94667e-02
0.09084	3.95423e-02
0.08901	3.95848e-02
0.08711	3.95959e-02
0.08514	3.95773e-02
0.08312	3.95307e-02
0.08104	3.94576e-02
0.06617	2.97401e-02
0.06654	3.23361e-02
0.06477	3.16703e-02
0.06300	3.09018e-02
0.06124	3.00210e-02
0.05951	2.90185e-02
0.05781	2.78875e-02
0.05615	2.66267e-02
0.05455	2.52427e-02
0.05300	2.37512e-02
0.05150	2.21763e-02
0.05004	2.05487e-02
0.04863	1.89057e-02
0.04726	1.72919e-02
0.04593	1.57616e-02
0.04464	1.43829e-02
0.04339	1.32391e-02
0.04218	1.24245e-02
0.04103	1.20269e-02
0.03994	1.20962e-02
0.03892	1.26172e-02
0.03799	1.35061e-02
0.03719	1.46225e-02
0.03660	1.57642e-02
0.03636	1.66300e-02
0.03667	1.68649e-02
0.03754	1.63764e-02
0.03882	1.54267e-02
0.04032	1.42934e-02
0.04195	1.31424e-02
0.04365	1.20699e-02
0.04540	1.11426e-02
0.04717	1.04136e-02
0.04896	9.92611e-03
0.05075	9.70775e-03
0.05254	9.76429e-03
0.05430	1.00775e-02
0.05605	1.06112e-02
0.05776	1.13215e-02
0.05943	1.21658e-02
0.06106	1.31076e-02
0.06265	1.41177e-02
0.06417	1.51737e-02
0.06564	1.62583e-02
0.06704	1.73589e-02
0.06837	1.84653e-02
0.06963	1.95701e-02
0.07081	2.06670e-02
0.07191	2.17510e-02
0.07294	2.28178e-02
0.07388	2.38635e-02
0.07474	2.48844e-02
0.07551	2.58766e-02
0.07620	2.68360e-02
0.07681	2.77582e-02
0.07356	3.21955e-02
0.07402	3.31863e-02
0.07441	3.41100e-02
0.07473	3.49571e-02
0.07500	3.57160e-02
0.07522	3.63729e-02
0.07541	3.69117e-02
0.07558	3.73144e-02
0.07576	3.75618e-02
0.07594	3.76354e-02
0.07615	3.75187e-02
0.07640	3.71997e-02
0.07670	3.66725e-02
0.07703	3.59370e-02
0.07742	3.49994e-02
0.07784	3.38702e-02
0.07829	3.25628e-02
0.07877	3.10921e-02
0.07927	2.94733e-02
0.07979	2.77216e-02
0.08030	2.58518e-02
0.08083	2.38784e-02
0.08135	2.18159e-02
0.08187	1.96797e-02
0.08238	1.74866e-02
0.08289	1.52575e-02
0.08339	1.30206e-02
0.08389	1.08196e-02
0.08437	8.73257e-03
0.08486	6.91611e-03
0.08534	5.68548e-03
0.08582	5.48566e-03
0.08630	6.42743e-03
0.08678	8.12240e-03
0.08726	1.01922e-02
0.08775	1.24358e-02
0.08825	1.47551e-02
0.08877	1.70974e-02
0.08930	1.94309e-02
0.08984	2.17336e-02
0.09041	2.39890e-02
0.09101	2.61840e-02
0.09163	2.83075e-02
0.09228	3.03503e-02
0.09296	3.23046e-02
0.09367	3.41643e-02
0.09441	3.59247e-02
0.09519	3.75824e-02
0.09598	3.91357e-02
0.09680	4.05840e-02
0.09764	4.19283e-02
0.09850	4.31701e-02
0.09936	4.43121e-02
0.10022	4.53574e-02
0.10107	4.63094e-02
0.10191	4.71717e-02
0.10273	4.79476e-02
0.10352	4.86405e-02
0.10428	4.92533e-02
0.10499	4.97888e-02
0.10566	5.02492e-02
0.10628	5.06366e-02
0.10684	5.09526e-02
0.11602	6.08749e-02
0.11657	6.10465e-02
0.11700	6.11556e-02
0.11730	6.12051e-02
0.11747	6.11969e-02
0.11751	6.11329e-02
0.11741	6.10144e-02
0.11716	6.08425e-02
0.11678	6.06179e-02
0.11625	6.03410e-02
0.11557	6.00117e-02
0.11476	5.96300e-02
0.11380	5.91951e-02
0.11270	5.87063e-02
0.11146	5.81624e-02
0.11008	5.75620e-02
0.10858	5.69030e-02
0.10694	5.61835e-02
0.10518	5.54007e-02
0.10330	5.45517e-02
0.10131	5.36329e-02
0.09922	5.26404e-02
0.09703	5.15695e-02
0.09475	5.04150e-02
0.09239	4.91713e-02
0.08997	4.78319e-02
0.08749	4.63898e-02
0.08497	4.48374e-02
0.08242	4.31668e-02
0.07985	4.13700e-02
0.07728	3.94392e-02
0.07472	3.73672e-02
0.07219	3.51480e-02
0.06968	3.27771e-02
0.06722	3.02523e-02
0.06481	2.75740e-02
0.06246	2.47452e-02
0.06015	2.17718e-02
0.05791	1.86620e-02
0.05572	1.54266e-02
0.05357	1.20777e-02
0.05148	8.62935e-03
0.04943	5.09650e-03
0.04742	1.49549e-03
0.04330	0.00000e+00
0.03769	0.00000e+00
0.03214	0.00000e+00
0.02669	0.00000e+00
0.02145	0.00000e+00
0.01665	0.00000e+00
0.01280	0.00000e+00
0.01094	0.00000e+00
0.01203	0.00000e+00
0.01543	0.00000e+00
0.01996	0.00000e+00
0.02499	0.00000e+00
0.03025	0.00000e+00
0.03560	0.00000e+00
0.04098	0.00000e+00
0.04635	0.00000e+00
0.05169	0.00000e+00
0.05697	0.00000e+00
0.06219	0.00000e+00
0.06733	0.00000e+00
0.07238	0.00000e+00
0.07734	0.00000e+00
0.08219	0.00000e+00
0.08694	0.00000e+00
0.09156	0.00000e+00
0.09607	0.00000e+00
0.10044	0.00000e+00
0.10469	0.00000e+00
0.10879	0.00000e+00
0.11275	0.00000e+00
0.11657	0.00000e+00
0.12023	0.00000e+00
0.12374	0.00000e+00
0.12709	0.00000e+00
0.13028	0.00000e+00
0.13331	0.00000e+00
0.13616	0.00000e+00
0.13885	0.00000e+00
0.14137	0.00000e+00
0.14371	0.00000e+00
0.14588	0.00000e+00
0.14787	0.00000e+00
0.14969	0.00000e+00
0.15132	0.00000e+00
0.15278	0.00000e+00
0.15406	0.00000e+00
0.15516	0.00000e+00
0.15609	0.00000e+00
0.15683	0.00000e+00
0.15740	0.00000e+00
0.15780	0.00000e+00
0.15802	0.00000e+00
0.15806	0.00000e+00
0.15794	0.00000e+00
0.15764	0.00000e+00
0.15718	0.00000e+00
0.15655	0.00000e+00
0.15577	0.00000e+00
0.15482	0.00000e+00
0.15372	0.00000e+00
0.15247	0.00000e+00
0.15107	0.00000e+00
0.14953	0.00000e+00
0.14784	0.00000e+00
0.14603	0.00000e+00
0.14408	0.00000e+00
0.14201	0.00000e+00
0.13981	0.00000e+00
0.13751	0.00000e+00
0.13510	0.00000e+00
0.13258	0.00000e+00
0.12997	0.00000e+00
0.12728	0.00000e+00
0.12450	0.00000e+00
0.12166	0.00000e+00
0.11875	0.00000e+00
0.11579	0.00000e+00
0.11279	0.00000e+00
0.10976	0.00000e+00
0.10671	0.00000e+00
0.10365	0.00000e+00
