0.84668	3.35674e-02
0.84675	3.30035e-02
0.84676	3.25162e-02
0.84670	3.21019e-02
0.84657	3.17569e-02
0.84640	3.14769e-02
0.84616	3.12577e-02
0.84587	3.10947e-02
0.84554	3.09833e-02
0.84515	3.09193e-02
0.84472	3.08981e-02
0.84425	3.09157e-02
0.84374	3.09680e-02
0.84320	3.10514e-02
0.84262	3.11623e-02
0.84201	3.12975e-02
0.84137	3.14540e-02
0.84070	3.16292e-02
0.84001	3.18205e-02
0.83929	3.20259e-02
0.83856	3.22432e-02
0.83781	3.24709e-02
0.83704	3.27073e-02
0.83626	3.29513e-02
0.83546	3.32016e-02
0.83466	3.34574e-02
0.83384	3.37179e-02
0.83302	3.39824e-02
0.83219	3.42505e-02
0.83136	3.45217e-02
0.83052	3.47957e-02
0.82968	3.50724e-02
0.82884	3.53514e-02
0.82800	3.56328e-02
0.82716	3.59163e-02
0.82631	3.62020e-02
0.82547	3.64897e-02
0.82464	3.67794e-02
0.82380	3.70710e-02
0.82297	3.73644e-02
0.82215	3.76596e-02
0.82133	3.79563e-02
0.82051	3.82546e-02
0.81971	3.85543e-02
0.81890	3.88552e-02
0.81811	3.91571e-02
0.81733	3.94601e-02
0.81655	3.97638e-02
0.81578	4.00682e-02
0.81502	4.03730e-02
0.81428	4.06783e-02
0.81354	4.09837e-02
0.81281	4.12892e-02
0.81210	4.15947e-02
0.81140	4.19000e-02
0.81071	4.22052e-02
0.81003	4.25100e-02
0.80937	4.28145e-02
0.80871	4.31186e-02
0.80808	4.34221e-02
0.80745	4.37252e-02
0.80684	4.40277e-02
0.80624	4.43297e-02
0.80554	4.46471e-02
0.80485	4.49627e-02
0.80417	4.52766e-02
0.80350	4.55887e-02
0.80285	4.58990e-02
0.80221	4.62076e-02
0.80158	4.65146e-02
0.80096	4.68200e-02
0.80035	4.71240e-02
0.79976	4.74268e-02
0.79917	4.77284e-02
0.79860	4.80292e-02
0.79803	4.83293e-02
0.79747	4.86292e-02
0.79693	4.89289e-02
0.79639	4.92290e-02
0.79587	4.95297e-02
0.79523	4.97836e-02
0.79460	5.00397e-02
0.79398	5.02984e-02
0.79337	5.05601e-02
0.79278	5.08252e-02
0.79220	5.10943e-02
0.79164	5.13678e-02
0.79109	5.16461e-02
0.79056	5.19297e-02
0.79004	5.22189e-02
0.78954	5.25139e-02
0.78893	5.27363e-02
0.78835	5.29663e-02
0.78779	5.32042e-02
0.78724	5.34498e-02
0.78671	5.37030e-02
0.78620	5.39635e-02
0.78571	5.42311e-02
0.78524	5.45055e-02
0.78479	5.47861e-02
0.78354	5.53326e-02
0.78230	5.58838e-02
0.78109	5.64393e-02
0.77989	5.69984e-02
0.77872	5.75608e-02
0.77755	5.81259e-02
0.77641	5.86933e-02
0.77528	5.92624e-02
0.77416	5.98327e-02
0.77306	6.04037e-02
0.77196	6.09749e-02
0.77088	6.15458e-02
0.76980	6.21158e-02
0.76872	6.26847e-02
0.76765	6.32523e-02
0.76658	6.38184e-02
0.76551	6.43830e-02
0.76444	6.49464e-02
0.76336	6.55088e-02
0.76229	6.60709e-02
0.76120	6.66331e-02
0.76011	6.71960e-02
0.75902	6.77605e-02
0.75792	6.83272e-02
0.75682	6.88968e-02
0.75571	6.94698e-02
0.75460	7.00466e-02
0.75348	7.06275e-02
0.75237	7.12126e-02
0.75125	7.18018e-02
0.75013	7.23946e-02
0.74902	7.29905e-02
0.74779	7.35351e-02
0.74656	7.40796e-02
0.74535	7.46225e-02
0.74415	7.51627e-02
0.74296	7.56985e-02
0.74179	7.62285e-02
0.74064	7.67511e-02
0.73951	7.72649e-02
0.73840	7.77685e-02
0.73732	7.82605e-02
0.73627	7.87396e-02
0.73525	7.92048e-02
0.73426	7.96550e-02
0.73330	8.00893e-02
0.73238	8.05067e-02
0.73149	8.09066e-02
0.73063	8.12881e-02
0.72980	8.16506e-02
0.72901	8.19933e-02
0.72825	8.23157e-02
0.72753	8.26170e-02
0.72683	8.28968e-02
0.72616	8.31544e-02
0.72552	8.33895e-02
0.72491	8.36018e-02
0.72432	8.37911e-02
0.72375	8.39575e-02
0.72321	8.41012e-02
0.72269	8.42227e-02
0.72218	8.43225e-02
0.72169	8.44015e-02
0.72111	8.44953e-02
0.72054	8.45691e-02
0.71998	8.46241e-02
0.71943	8.46612e-02
0.71889	8.46814e-02
0.71836	8.46856e-02
0.71784	8.46744e-02
0.71732	8.46482e-02
0.71681	8.46073e-02
0.71631	8.45520e-02
0.71580	8.44821e-02
0.71531	8.43977e-02
0.71482	8.42987e-02
0.71433	8.41850e-02
0.71385	8.40567e-02
0.71338	8.39138e-02
0.71291	8.37565e-02
0.71231	8.36156e-02
0.71172	8.34649e-02
0.71114	8.33044e-02
0.71056	8.31343e-02
0.71000	8.29546e-02
0.70945	8.27654e-02
0.70891	8.25665e-02
0.70837	8.23578e-02
0.70785	8.21391e-02
0.70734	8.19100e-02
0.70683	8.16700e-02
0.70621	8.13654e-02
0.70560	8.10511e-02
0.70500	8.07264e-02
0.70441	8.03905e-02
0.70382	8.00427e-02
0.70324	7.96822e-02
0.70267	7.93083e-02
0.70211	7.89202e-02
0.70155	7.85170e-02
0.70024	7.80857e-02
0.69894	7.76280e-02
0.69764	7.71431e-02
0.69635	7.66302e-02
0.69508	7.60885e-02
0.69381	7.55169e-02
0.69255	7.49144e-02
0.69131	7.42801e-02
0.69009	7.36128e-02
0.68888	7.29117e-02
0.68770	7.21760e-02
0.68654	7.14050e-02
0.68540	7.05984e-02
0.68430	6.97562e-02
0.68322	6.88788e-02
0.68218	6.79670e-02
0.68117	6.70220e-02
0.68020	6.60456e-02
0.67926	6.50402e-02
0.67836	6.40087e-02
0.67750	6.29544e-02
0.67667	6.18814e-02
0.67588	6.07939e-02
0.67512	5.96965e-02
0.67439	5.85942e-02
0.67369	5.74921e-02
0.67302	5.63953e-02
0.67238	5.53089e-02
0.67176	5.42381e-02
0.67116	5.31876e-02
0.67059	5.21622e-02
0.67004	5.11666e-02
0.66941	5.02693e-02
0.66880	4.94137e-02
0.66821	4.86037e-02
0.66763	4.78432e-02
0.66705	4.71356e-02
0.66649	4.64840e-02
0.66593	4.58907e-02
0.66537	4.53572e-02
0.66481	4.48843e-02
0.66425	4.44717e-02
0.66368	4.41181e-02
0.66310	4.38212e-02
0.66250	4.35779e-02
0.66189	4.33844e-02
0.66125	4.32362e-02
0.66059	4.31289e-02
0.65990	4.30575e-02
0.65919	4.30176e-02
0.65845	4.30047e-02
0.65768	4.30148e-02
0.65688	4.30441e-02
0.65606	4.30894e-02
0.65521	4.31478e-02
0.65434	4.32169e-02
0.65344	4.32946e-02
0.65253	4.33791e-02
0.65161	4.34690e-02
0.65067	4.35630e-02
0.64973	4.36604e-02
0.64878	4.37603e-02
0.64783	4.38625e-02
0.64670	4.41198e-02
0.64557	4.43793e-02
0.64446	4.46412e-02
0.64335	4.49065e-02
0.64225	4.51761e-02
0.64117	4.54513e-02
0.64010	4.57337e-02
0.63905	4.60247e-02
0.63802	4.63260e-02
0.63701	4.66390e-02
0.63602	4.69652e-02
0.63504	4.73056e-02
0.63409	4.76613e-02
0.63316	4.80332e-02
0.63225	4.84219e-02
0.63136	4.88278e-02
0.63050	4.92512e-02
0.62950	4.96044e-02
0.62852	4.99662e-02
0.62757	5.03364e-02
0.62664	5.07151e-02
0.62574	5.11023e-02
0.62487	5.14982e-02
0.62403	5.19030e-02
0.62321	5.23171e-02
0.62242	5.27410e-02
0.62167	5.31753e-02
0.62094	5.36211e-02
0.62009	5.39349e-02
0.61926	5.42711e-02
0.61847	5.46323e-02
0.61770	5.50211e-02
0.61696	5.54408e-02
0.61625	5.58947e-02
0.61557	5.63861e-02
0.61492	5.69184e-02
0.61429	5.74950e-02
0.61306	5.80425e-02
0.61174	5.85482e-02
0.61043	5.90997e-02
0.60914	5.96993e-02
0.60786	6.03482e-02
0.60660	6.10469e-02
0.60534	6.17951e-02
0.60409	6.25917e-02
0.60285	6.34346e-02
0.60161	6.43215e-02
0.60037	6.52492e-02
0.59912	6.62144e-02
0.59787	6.72136e-02
0.59661	6.82430e-02
0.59533	6.92991e-02
0.59405	7.03785e-02
0.59274	7.14777e-02
0.59142	7.25938e-02
0.59008	7.37240e-02
0.58871	7.48657e-02
0.58733	7.60167e-02
0.58592	7.71748e-02
0.58448	7.83383e-02
0.58303	7.95055e-02
0.58154	8.06748e-02
0.58003	8.18451e-02
0.57850	8.30150e-02
0.57695	8.41834e-02
0.57538	8.53493e-02
0.57378	8.65117e-02
0.57217	8.76696e-02
0.57053	8.88220e-02
0.56873	9.01682e-02
0.56692	9.15030e-02
0.56510	9.28252e-02
0.56327	9.41339e-02
0.56143	9.54280e-02
0.55958	9.67067e-02
0.55773	9.79693e-02
0.55588	9.92151e-02
0.55403	1.00444e-01
0.55219	1.01655e-01
0.55035	1.02850e-01
0.54851	1.04027e-01
0.54668	1.05187e-01
0.54486	1.06330e-01
0.54305	1.07457e-01
0.54124	1.08568e-01
0.53945	1.09663e-01
0.53768	1.10743e-01
0.53591	1.11807e-01
0.53416	1.12856e-01
0.53242	1.13888e-01
0.53070	1.14903e-01
0.52899	1.15900e-01
0.52730	1.16878e-01
0.52562	1.17835e-01
0.52396	1.18770e-01
0.52231	1.19680e-01
0.52068	1.20564e-01
0.51907	1.21419e-01
0.51748	1.22243e-01
0.51591	1.23035e-01
0.51427	1.23835e-01
0.51264	1.24596e-01
0.51105	1.25316e-01
0.50948	1.25994e-01
0.50794	1.26629e-01
0.50643	1.27220e-01
0.50496	1.27765e-01
0.50352	1.28263e-01
0.50212	1.28716e-01
0.50075	1.29121e-01
0.49942	1.29478e-01
0.49813	1.29787e-01
0.49687	1.30047e-01
0.49566	1.30258e-01
0.49448	1.30420e-01
0.49333	1.30532e-01
0.49223	1.30595e-01
0.49116	1.30608e-01
0.49013	1.30572e-01
0.48913	1.30489e-01
0.48816	1.30358e-01
0.48723	1.30183e-01
0.48633	1.29965e-01
0.48546	1.29706e-01
0.48463	1.29411e-01
0.48382	1.29081e-01
0.48305	1.28721e-01
0.48230	1.28334e-01
0.48143	1.27938e-01
0.48059	1.27526e-01
0.47977	1.27103e-01
0.47898	1.26675e-01
0.47822	1.26247e-01
0.47749	1.25824e-01
0.47679	1.25411e-01
0.47613	1.25015e-01
0.47549	1.24640e-01
0.47424	1.24280e-01
0.47289	1.23993e-01
0.47156	1.23752e-01
0.47025	1.23560e-01
0.46895	1.23423e-01
0.46767	1.23342e-01
0.46642	1.23320e-01
0.46518	1.23356e-01
0.46395	1.23452e-01
0.46275	1.23604e-01
0.46157	1.23812e-01
0.46040	1.24073e-01
0.45926	1.24383e-01
0.45814	1.24740e-01
0.45703	1.25141e-01
0.45595	1.25582e-01
0.45489	1.26059e-01
0.45385	1.26571e-01
0.45283	1.27115e-01
0.45183	1.27687e-01
0.45086	1.28284e-01
0.44991	1.28905e-01
0.44898	1.29546e-01
0.44808	1.30203e-01
0.44720	1.30872e-01
0.44635	1.31548e-01
0.44551	1.32228e-01
0.44471	1.32905e-01
0.44393	1.33574e-01
0.44318	1.34227e-01
0.44245	1.34858e-01
0.44175	1.35460e-01
0.44096	1.36010e-01
0.44020	1.36517e-01
0.43948	1.36975e-01
0.43878	1.37380e-01
0.43811	1.37729e-01
0.43747	1.38017e-01
0.43686	1.38243e-01
0.43628	1.38405e-01
0.43573	1.38504e-01
0.43520	1.38539e-01
0.43471	1.38512e-01
0.43423	1.38424e-01
0.43378	1.38276e-01
0.43336	1.38073e-01
0.43295	1.37815e-01
0.43256	1.37507e-01
0.43219	1.37151e-01
0.43183	1.36751e-01
0.43149	1.36310e-01
0.43116	1.35832e-01
0.43084	1.35321e-01
0.43053	1.34779e-01
0.43023	1.34211e-01
0.42993	1.33620e-01
0.42964	1.33007e-01
0.42935	1.32376e-01
0.42906	1.31729e-01
0.42877	1.31067e-01
0.42848	1.30393e-01
0.42819	1.29710e-01
0.42788	1.29018e-01
0.42749	1.28268e-01
0.42710	1.27518e-01
0.42669	1.26772e-01
0.42629	1.26034e-01
0.42587	1.25306e-01
0.42546	1.24591e-01
0.42504	1.23894e-01
0.42463	1.23216e-01
0.42421	1.22562e-01
0.42381	1.21933e-01
0.42340	1.21332e-01
0.42300	1.20762e-01
0.42261	1.20224e-01
0.42223	1.19722e-01
0.42186	1.19257e-01
0.42149	1.18832e-01
0.42113	1.18448e-01
0.42078	1.18107e-01
0.42043	1.17812e-01
0.42009	1.17565e-01
0.41976	1.17367e-01
0.41944	1.17220e-01
0.41913	1.17127e-01
0.41882	1.17089e-01
0.41853	1.17107e-01
0.41825	1.17183e-01
0.41799	1.17319e-01
0.41774	1.17516e-01
0.41740	1.17814e-01
0.41708	1.18172e-01
0.41678	1.18589e-01
0.41650	1.19066e-01
0.41625	1.19601e-01
0.41601	1.20195e-01
0.41581	1.20847e-01
0.41564	1.21556e-01
0.41550	1.22321e-01
0.41503	1.22752e-01
0.41452	1.23173e-01
0.41406	1.23613e-01
0.41365	1.24071e-01
0.41328	1.24544e-01
0.41297	1.25028e-01
0.41271	1.25520e-01
0.41250	1.26016e-01
0.41235	1.26512e-01
0.41224	1.27003e-01
0.41219	1.27485e-01
0.41219	1.27951e-01
0.41223	1.28397e-01
0.41232	1.28818e-01
0.41244	1.29207e-01
0.41260	1.29561e-01
0.41280	1.29876e-01
0.41302	1.30149e-01
0.41328	1.30377e-01
0.41356	1.30559e-01
0.41387	1.30697e-01
0.41420	1.30790e-01
0.41456	1.30842e-01
0.41494	1.30855e-01
0.41533	1.30834e-01
0.41575	1.30783e-01
0.41617	1.30707e-01
0.41661	1.30613e-01
0.41705	1.30506e-01
0.41750	1.30392e-01
0.41795	1.30276e-01
0.41839	1.30163e-01
0.41873	1.30244e-01
0.41905	1.30342e-01
0.41935	1.30460e-01
0.41962	1.30599e-01
0.41987	1.30759e-01
0.42008	1.30941e-01
0.42027	1.31141e-01
0.42042	1.31358e-01
0.42054	1.31587e-01
0.42063	1.31825e-01
0.42068	1.32067e-01
0.42071	1.32309e-01
0.42072	1.32546e-01
0.42069	1.32775e-01
0.42065	1.32993e-01
0.42059	1.33197e-01
0.42051	1.33386e-01
0.42041	1.33559e-01
0.42031	1.33716e-01
0.42019	1.33858e-01
0.42007	1.33984e-01
0.41995	1.34097e-01
0.41983	1.34199e-01
0.41971	1.34290e-01
0.41960	1.34373e-01
0.41950	1.34451e-01
0.41941	1.34525e-01
0.41934	1.34598e-01
0.41929	1.34670e-01
0.41926	1.34744e-01
0.41925	1.34820e-01
0.41919	1.35005e-01
0.41916	1.35195e-01
0.41915	1.35392e-01
0.41916	1.35592e-01
0.41919	1.35795e-01
0.41925	1.35997e-01
0.41933	1.36197e-01
0.41942	1.36389e-01
0.41953	1.36571e-01
0.41966	1.36738e-01
0.41980	1.36885e-01
0.41995	1.37008e-01
0.42010	1.37101e-01
0.42026	1.37160e-01
0.42043	1.37179e-01
0.42059	1.37153e-01
0.42076	1.37076e-01
0.42093	1.36945e-01
0.42110	1.36754e-01
0.42126	1.36499e-01
0.42142	1.36177e-01
0.42158	1.35783e-01
0.42174	1.35315e-01
0.42188	1.34773e-01
0.42202	1.34155e-01
0.42214	1.33462e-01
0.42225	1.32697e-01
0.42234	1.31863e-01
0.42237	1.30930e-01
0.42237	1.29938e-01
0.42235	1.28895e-01
0.42230	1.27811e-01
0.42222	1.26694e-01
0.42211	1.25555e-01
0.42196	1.24404e-01
0.42178	1.23253e-01
0.42157	1.22111e-01
0.42081	1.20696e-01
0.41993	1.19395e-01
0.41901	1.18128e-01
0.41805	1.16902e-01
0.41705	1.15723e-01
0.41600	1.14594e-01
0.41490	1.13516e-01
0.41376	1.12492e-01
0.41257	1.11518e-01
0.41133	1.10595e-01
0.41004	1.09720e-01
0.40872	1.08890e-01
0.40734	1.08101e-01
0.40593	1.07352e-01
0.40447	1.06639e-01
0.40298	1.05959e-01
0.40145	1.05311e-01
0.39989	1.04694e-01
0.39828	1.04105e-01
0.39665	1.03546e-01
0.39498	1.03015e-01
0.39328	1.02514e-01
0.39154	1.02042e-01
0.38977	1.01601e-01
0.38796	1.01193e-01
0.38611	1.00820e-01
0.38423	1.00483e-01
0.38231	1.00184e-01
0.38036	9.99269e-02
0.37836	9.97135e-02
0.37632	9.95463e-02
0.37425	9.94282e-02
0.37206	9.94378e-02
0.36984	9.94958e-02
0.36759	9.96042e-02
0.36531	9.97649e-02
0.36300	9.99794e-02
0.36067	1.00249e-01
0.35833	1.00574e-01
0.35597	1.00954e-01
0.35360	1.01391e-01
0.35124	1.01882e-01
0.34888	1.02428e-01
0.34654	1.03025e-01
0.34422	1.03673e-01
0.34194	1.04368e-01
0.33969	1.05107e-01
0.33749	1.05886e-01
0.33534	1.06702e-01
0.33326	1.07551e-01
0.33124	1.08426e-01
0.32930	1.09323e-01
0.32744	1.10237e-01
0.32567	1.11162e-01
0.32398	1.12092e-01
0.32239	1.13023e-01
0.32090	1.13950e-01
0.31951	1.14868e-01
0.31822	1.15774e-01
0.31703	1.16665e-01
0.31594	1.17541e-01
0.31496	1.18399e-01
0.31406	1.19241e-01
0.31317	1.19964e-01
0.31236	1.20673e-01
0.31164	1.21371e-01
0.31099	1.22058e-01
0.31041	1.22738e-01
0.30989	1.23411e-01
0.30943	1.24079e-01
0.30901	1.24743e-01
0.30864	1.25402e-01
0.30831	1.26057e-01
0.30801	1.26707e-01
0.30773	1.27351e-01
0.30748	1.27989e-01
0.30724	1.28622e-01
0.30702	1.29248e-01
0.30681	1.29869e-01
0.30661	1.30486e-01
0.30642	1.31099e-01
0.30623	1.31711e-01
0.30604	1.32322e-01
0.30586	1.32935e-01
0.30568	1.33550e-01
0.30549	1.34170e-01
0.30532	1.34795e-01
0.30514	1.35427e-01
0.30497	1.36065e-01
0.30480	1.36711e-01
0.30464	1.37359e-01
0.30438	1.37840e-01
0.30418	1.38209e-01
0.30428	1.37972e-01
0.30465	1.37147e-01
0.30509	1.36209e-01
0.30555	1.35250e-01
0.30603	1.34289e-01
0.30653	1.33331e-01
0.30704	1.32380e-01
0.30732	1.30944e-01
0.30757	1.29507e-01
0.30783	1.28082e-01
0.30809	1.26672e-01
0.30836	1.25281e-01
0.30864	1.23913e-01
0.30893	1.22570e-01
0.30921	1.21257e-01
0.30949	1.19976e-01
0.30976	1.18730e-01
0.31002	1.17523e-01
0.31027	1.16357e-01
0.31049	1.15234e-01
0.31069	1.14154e-01
0.31086	1.13120e-01
0.31100	1.12131e-01
0.31110	1.11186e-01
0.31116	1.10284e-01
0.31118	1.09423e-01
0.31115	1.08600e-01
0.31108	1.07815e-01
0.31096	1.07062e-01
0.31079	1.06341e-01
0.31056	1.05648e-01
0.31028	1.04981e-01
0.30995	1.04337e-01
0.30956	1.03715e-01
0.30910	1.03114e-01
0.30859	1.02531e-01
0.30801	1.01967e-01
0.30736	1.01421e-01
0.30664	1.00892e-01
0.30589	1.00330e-01
0.30508	9.97811e-02
0.30420	9.92460e-02
0.30324	9.87244e-02
0.30221	9.82157e-02
0.30111	9.77188e-02
0.29994	9.72322e-02
0.29870	9.67538e-02
0.29740	9.62809e-02
0.29603	9.58106e-02
0.29461	9.53397e-02
0.29314	9.48649e-02
0.29161	9.43830e-02
0.29005	9.38910e-02
0.28846	9.33864e-02
0.28684	9.28672e-02
0.28521	9.23325e-02
0.28356	9.17820e-02
0.28191	9.12167e-02
0.28026	9.06387e-02
0.27862	9.00515e-02
0.27699	8.94593e-02
0.27537	8.88675e-02
0.27377	8.82823e-02
0.27219	8.77101e-02
0.27062	8.71573e-02
0.26908	8.66300e-02
0.26755	8.61334e-02
0.26605	8.56716e-02
0.26457	8.52475e-02
0.26312	8.48626e-02
0.26164	8.44859e-02
0.26019	8.41483e-02
0.25877	8.38482e-02
0.25739	8.35834e-02
0.25605	8.33511e-02
0.25475	8.31481e-02
0.25349	8.29711e-02
0.25228	8.28164e-02
0.25111	8.26803e-02
0.24999	8.25585e-02
0.24892	8.24468e-02
0.24789	8.23404e-02
0.24691	8.22343e-02
0.24598	8.21228e-02
0.24509	8.20002e-02
0.24425	8.18603e-02
0.24345	8.16969e-02
0.24269	8.15038e-02
0.24198	8.12753e-02
0.24131	8.10063e-02
0.24068	8.06929e-02
0.24010	8.03326e-02
0.23956	7.99244e-02
0.23908	7.94692e-02
0.23864	7.89697e-02
0.23826	7.84307e-02
0.23793	7.78585e-02
0.23766	7.72612e-02
0.23740	7.66662e-02
0.23719	7.60672e-02
0.23704	7.54756e-02
0.23695	7.49034e-02
0.23692	7.43628e-02
0.23693	7.38660e-02
0.23700	7.34250e-02
0.23712	7.30511e-02
0.23728	7.27553e-02
0.23699	7.23211e-02
0.23667	7.20752e-02
0.23639	7.19202e-02
0.23615	7.18632e-02
0.23593	7.19105e-02
0.23575	7.20673e-02
0.23560	7.23378e-02
0.23548	7.27249e-02
0.23539	7.32304e-02
0.23533	7.38547e-02
0.23530	7.45973e-02
0.23529	7.54561e-02
0.23532	7.64281e-02
0.23536	7.75094e-02
0.23544	7.86951e-02
0.23554	7.99798e-02
0.23566	8.13575e-02
0.23581	8.28216e-02
0.23599	8.43657e-02
0.23619	8.59830e-02
0.23641	8.76667e-02
0.23666	8.94101e-02
0.23693	9.12066e-02
0.23722	9.30495e-02
0.23753	9.49324e-02
0.23786	9.68490e-02
0.23821	9.87930e-02
0.23857	1.00758e-01
0.23895	1.02739e-01
0.23934	1.04728e-01
0.23974	1.06719e-01
0.24015	1.08707e-01
0.24046	1.10874e-01
0.24077	1.13024e-01
0.24109	1.15149e-01
0.24142	1.17238e-01
0.24175	1.19283e-01
0.24210	1.21269e-01
0.24245	1.23180e-01
0.24283	1.24987e-01
0.24326	1.26648e-01
0.24376	1.28090e-01
0.24440	1.29214e-01
0.24520	1.29960e-01
0.24615	1.30368e-01
0.24719	1.30537e-01
0.24827	1.30551e-01
0.24937	1.30459e-01
0.25048	1.30292e-01
0.25157	1.30067e-01
0.25266	1.29796e-01
0.25373	1.29488e-01
0.25478	1.29150e-01
0.25581	1.28790e-01
0.25682	1.28414e-01
0.25780	1.28029e-01
0.25875	1.27640e-01
0.25968	1.27253e-01
0.26057	1.26873e-01
0.26143	1.26505e-01
0.26225	1.26151e-01
0.26303	1.25816e-01
0.26376	1.25500e-01
0.26447	1.25183e-01
0.26513	1.24886e-01
0.26574	1.24610e-01
0.26627	1.24353e-01
0.26674	1.24114e-01
0.26714	1.23888e-01
0.26747	1.23672e-01
0.26772	1.23464e-01
0.26788	1.23259e-01
0.26797	1.23054e-01
0.26798	1.22845e-01
0.26791	1.22630e-01
0.26775	1.22406e-01
0.26752	1.22171e-01
0.26722	1.21926e-01
0.26684	1.21669e-01
0.26639	1.21402e-01
0.26587	1.21124e-01
0.26529	1.20838e-01
0.26464	1.20545e-01
0.26393	1.20248e-01
0.26307	1.20031e-01
0.26215	1.19813e-01
0.26114	1.19667e-01
0.26010	1.19526e-01
0.25902	1.19392e-01
0.25791	1.19268e-01
0.25679	1.19154e-01
0.25560	1.18977e-01
0.25440	1.18809e-01
0.25320	1.18649e-01
0.25200	1.18495e-01
0.25080	1.18347e-01
0.24961	1.18200e-01
0.24843	1.18050e-01
0.24726	1.17893e-01
0.24610	1.17725e-01
0.24488	1.17422e-01
0.24367	1.17104e-01
0.24247	1.16771e-01
0.24128	1.16420e-01
0.24012	1.16054e-01
0.23897	1.15673e-01
0.23785	1.15278e-01
0.23674	1.14873e-01
0.23567	1.14459e-01
0.23462	1.14037e-01
0.23359	1.13609e-01
0.23259	1.13176e-01
0.23162	1.12735e-01
0.23068	1.12286e-01
0.22977	1.11822e-01
0.22889	1.11336e-01
0.22804	1.10816e-01
0.22725	1.10249e-01
0.22650	1.09618e-01
0.22582	1.08904e-01
0.22521	1.08087e-01
0.22468	1.07152e-01
0.22423	1.06088e-01
0.22387	1.04893e-01
0.22359	1.03573e-01
0.22339	1.02143e-01
0.22325	1.00626e-01
0.22316	9.90454e-02
0.22312	9.74308e-02
0.22311	9.58099e-02
0.22311	9.42100e-02
0.22313	9.26567e-02
0.22307	9.12134e-02
0.22301	8.98683e-02
0.22294	8.86411e-02
0.22287	8.75485e-02
0.22277	8.66048e-02
0.22267	8.58210e-02
0.22254	8.52052e-02
0.22239	8.47619e-02
0.22222	8.44926e-02
0.22203	8.43952e-02
0.22182	8.44641e-02
0.22159	8.46905e-02
0.22134	8.50620e-02
0.22108	8.55637e-02
0.22081	8.61778e-02
0.22054	8.68844e-02
0.22027	8.76620e-02
0.22002	8.84886e-02
0.21978	8.93423e-02
0.21957	9.02025e-02
0.21940	9.10512e-02
0.21927	9.18736e-02
0.21918	9.26589e-02
0.21915	9.34006e-02
0.21917	9.40960e-02
0.21923	9.47456e-02
0.21935	9.53523e-02
0.21951	9.59202e-02
0.21972	9.64540e-02
0.21998	9.69581e-02
0.22027	9.74367e-02
0.22051	9.77763e-02
0.22079	9.80974e-02
0.22110	9.84039e-02
0.22145	9.86994e-02
0.22182	9.89885e-02
0.22221	9.92757e-02
0.22262	9.95664e-02
0.22304	9.98657e-02
0.22347	1.00178e-01
0.22391	1.00508e-01
0.22433	1.00858e-01
0.22475	1.01228e-01
0.22515	1.01619e-01
0.22554	1.02027e-01
0.22590	1.02449e-01
0.22623	1.02880e-01
0.22654	1.03312e-01
0.22682	1.03739e-01
0.22706	1.04153e-01
0.22728	1.04545e-01
0.22746	1.04907e-01
0.22758	1.05231e-01
0.22766	1.05511e-01
0.22761	1.05854e-01
0.22752	1.06134e-01
0.22740	1.06340e-01
0.22725	1.06462e-01
0.22708	1.06492e-01
0.22680	1.06413e-01
0.22651	1.06223e-01
0.22620	1.05910e-01
0.22589	1.05465e-01
0.22557	1.04879e-01
0.22524	1.04147e-01
0.22492	1.03265e-01
0.22461	1.02235e-01
0.22429	1.01058e-01
0.22372	9.97726e-02
0.22314	9.83737e-02
0.22256	9.68711e-02
0.22196	9.52767e-02
0.22135	9.36037e-02
0.22071	9.18656e-02
0.22006	9.00764e-02
0.21938	8.82500e-02
0.21868	8.64001e-02
0.21795	8.45398e-02
0.21720	8.26821e-02
0.21642	8.08393e-02
0.21562	7.90235e-02
0.21479	7.72463e-02
0.21394	7.55192e-02
0.21307	7.38533e-02
0.21219	7.22597e-02
0.21129	7.07491e-02
0.21039	6.93325e-02
0.20947	6.80203e-02
0.20855	6.68228e-02
0.20762	6.57501e-02
0.20668	6.48113e-02
0.20574	6.40145e-02
0.20479	6.33663e-02
0.20383	6.28717e-02
0.20286	6.25334e-02
0.20187	6.23516e-02
0.20087	6.23237e-02
0.19985	6.24448e-02
0.19881	6.27073e-02
0.19775	6.31012e-02
0.19660	6.35002e-02
0.19542	6.40106e-02
0.19422	6.46192e-02
0.19300	6.53122e-02
0.19175	6.60752e-02
0.19049	6.68938e-02
0.18920	6.77539e-02
0.18790	6.86411e-02
0.18659	6.95411e-02
0.18527	7.04393e-02
0.18395	7.13202e-02
0.18264	7.21664e-02
0.18134	7.29575e-02
0.18007	7.36686e-02
0.17885	7.42689e-02
0.17769	7.47223e-02
0.17663	7.49919e-02
0.17566	7.50512e-02
0.17480	7.48978e-02
0.17405	7.45580e-02
0.17339	7.40774e-02
0.17280	7.35056e-02
0.17223	7.28944e-02
0.17170	7.22684e-02
0.17122	7.16521e-02
0.17077	7.10629e-02
0.17036	7.05130e-02
0.16999	7.00105e-02
0.16965	6.95606e-02
0.16936	6.91660e-02
0.16911	6.88272e-02
0.16884	6.84771e-02
0.16861	6.81776e-02
0.16842	6.79248e-02
0.16828	6.77140e-02
0.16817	6.75396e-02
0.16811	6.73955e-02
0.16808	6.72761e-02
0.16809	6.71764e-02
0.16814	6.70923e-02
0.16821	6.70212e-02
0.16832	6.69617e-02
0.16845	6.69134e-02
0.16860	6.68767e-02
0.16877	6.68521e-02
0.16896	6.68407e-02
0.16917	6.68435e-02
0.16939	6.68624e-02
0.16962	6.68999e-02
0.16986	6.69596e-02
0.17012	6.70466e-02
0.17038	6.71673e-02
0.17060	6.73616e-02
0.17083	6.76047e-02
0.17096	6.78533e-02
0.17109	6.81565e-02
0.17120	6.85206e-02
0.17129	6.89508e-02
0.17134	6.94504e-02
0.17130	6.99509e-02
0.17123	7.05257e-02
0.17113	7.11747e-02
0.17099	7.18970e-02
0.17082	7.26911e-02
0.17061	7.35552e-02
0.17037	7.44874e-02
0.17010	7.54852e-02
0.16979	7.65463e-02
0.16942	7.75012e-02
0.16902	7.85105e-02
0.16858	7.95698e-02
0.16812	8.06735e-02
0.16762	8.18150e-02
0.16710	8.29859e-02
0.16655	8.41755e-02
0.16599	8.53703e-02
0.16542	8.65519e-02
0.16485	8.76961e-02
0.16431	8.87691e-02
0.16382	8.97261e-02
0.16341	9.05121e-02
0.16311	9.10726e-02
0.16296	9.13745e-02
0.16295	9.14184e-02
0.16306	9.12294e-02
0.16329	9.08401e-02
0.16360	9.02823e-02
0.16398	8.95853e-02
0.16442	8.87768e-02
0.16490	8.78811e-02
0.16540	8.69191e-02
0.16591	8.59076e-02
0.16643	8.48599e-02
0.16695	8.37867e-02
0.16746	8.26966e-02
0.16796	8.15972e-02
0.16844	8.04957e-02
0.16889	7.93993e-02
0.16932	7.83153e-02
0.16971	7.72520e-02
0.17004	7.62475e-02
0.17032	7.52876e-02
0.17055	7.43827e-02
0.17073	7.35438e-02
0.17085	7.27828e-02
0.17091	7.21119e-02
0.17090	7.15435e-02
0.17083	7.10897e-02
0.17069	7.07618e-02
0.17049	7.05701e-02
0.17021	7.05231e-02
0.16987	7.06276e-02
0.16946	7.08880e-02
0.16898	7.13067e-02
0.16844	7.18831e-02
0.16783	7.26147e-02
0.16717	7.34966e-02
0.16644	7.45221e-02
0.16565	7.56831e-02
0.16480	7.69702e-02
0.16390	7.83735e-02
0.16295	7.98825e-02
0.16191	8.14744e-02
0.16082	8.31567e-02
0.15969	8.49196e-02
0.15851	8.67539e-02
0.15729	8.86511e-02
0.15602	9.06028e-02
0.15472	9.26003e-02
0.15339	9.46336e-02
0.15203	9.66815e-02
0.15092	9.81719e-02
0.15086	9.80549e-02
0.15083	9.79349e-02
0.15077	9.78898e-02
0.15070	9.79156e-02
0.15060	9.80002e-02
0.15050	9.81273e-02
0.15040	9.82792e-02
0.15031	9.84394e-02
0.15023	9.85948e-02
0.15017	9.87344e-02
0.15014	9.88456e-02
0.15015	9.89062e-02
0.15022	9.88784e-02
0.15039	9.87101e-02
0.15067	9.83504e-02
0.15109	9.77787e-02
0.15162	9.70220e-02
0.15221	9.61391e-02
0.15283	9.51934e-02
0.15343	9.42372e-02
0.15406	9.33819e-02
0.15464	9.25837e-02
0.15520	9.18505e-02
0.15570	9.12063e-02
0.15612	9.06575e-02
0.15646	9.02069e-02
0.15673	8.98539e-02
0.15689	8.95664e-02
0.15697	8.93666e-02
0.15699	8.92434e-02
0.15695	8.91773e-02
0.15688	8.91319e-02
0.15682	8.90339e-02
0.15684	8.87527e-02
0.15701	8.81808e-02
0.15729	8.73778e-02
0.15738	8.64924e-02
0.15747	8.55834e-02
0.15754	8.46846e-02
0.15757	8.38109e-02
0.15758	8.29692e-02
0.15755	8.21624e-02
0.15748	8.13915e-02
0.15739	8.06562e-02
0.15726	7.99559e-02
0.15709	7.92893e-02
0.15689	7.86554e-02
0.15666	7.80530e-02
0.15639	7.74818e-02
0.15603	7.69411e-02
0.15563	7.64321e-02
0.15520	7.59557e-02
0.15474	7.55134e-02
0.15424	7.51059e-02
0.15371	7.47327e-02
0.15316	7.43892e-02
0.15259	7.40626e-02
0.15202	7.37217e-02
0.15149	7.32985e-02
0.15106	7.26785e-02
0.15078	7.17823e-02
0.15060	7.06767e-02
0.15047	6.94895e-02
0.15035	6.83085e-02
0.15023	6.71815e-02
0.15010	6.61345e-02
0.14995	6.51827e-02
0.14979	6.43349e-02
0.14960	6.35923e-02
0.14940	6.29570e-02
0.14919	6.24294e-02
0.14898	6.20085e-02
0.14877	6.16930e-02
0.14856	6.14813e-02
0.14834	6.13720e-02
0.14813	6.13639e-02
0.14793	6.14558e-02
0.14772	6.16459e-02
0.14752	6.19317e-02
0.14733	6.23090e-02
0.14715	6.27712e-02
0.14697	6.33084e-02
0.14681	6.39065e-02
0.14667	6.45452e-02
0.14656	6.51974e-02
0.14648	6.58279e-02
0.14646	6.63953e-02
0.14651	6.68571e-02
0.14664	6.71799e-02
0.14685	6.73499e-02
0.14717	6.73941e-02
0.14755	6.73149e-02
0.14797	6.71426e-02
0.14840	6.69066e-02
0.14885	6.66323e-02
0.14929	6.63406e-02
0.14971	6.60484e-02
0.15010	6.57698e-02
0.15047	6.55164e-02
0.15080	6.52982e-02
0.15108	6.51235e-02
0.15133	6.49997e-02
0.15153	6.49330e-02
0.15169	6.49286e-02
0.15179	6.49911e-02
0.15185	6.51241e-02
0.15186	6.53304e-02
0.15183	6.56122e-02
0.15175	6.59704e-02
0.15162	6.64048e-02
0.15145	6.69138e-02
0.15125	6.74936e-02
0.15100	6.81378e-02
0.15073	6.88362e-02
0.15044	6.95733e-02
0.15013	7.03256e-02
0.14982	7.10576e-02
0.14955	7.17163e-02
0.14934	7.22264e-02
0.14924	7.24975e-02
0.14922	7.25166e-02
0.14935	7.22126e-02
0.14957	7.16365e-02
0.14986	7.08784e-02
0.15018	7.00106e-02
0.15049	6.90837e-02
0.15078	6.81308e-02
0.15100	6.72242e-02
0.15116	6.63316e-02
0.15128	6.54618e-02
0.15135	6.46206e-02
0.15137	6.38117e-02
0.15133	6.30374e-02
0.15123	6.22986e-02
0.15108	6.15956e-02
0.15088	6.09278e-02
0.15052	6.02715e-02
0.15011	5.96491e-02
0.14963	5.90596e-02
0.14910	5.85019e-02
0.14853	5.79749e-02
0.14790	5.74774e-02
0.14724	5.70083e-02
0.14654	5.65663e-02
0.14581	5.61502e-02
0.14505	5.57586e-02
0.14427	5.53902e-02
0.14348	5.50434e-02
0.14268	5.47166e-02
0.14189	5.43886e-02
0.14109	5.40767e-02
0.14030	5.37788e-02
0.13951	5.34928e-02
0.13873	5.32163e-02
0.13796	5.29466e-02
0.13720	5.26811e-02
0.13646	5.24167e-02
0.13574	5.21501e-02
0.13504	5.18777e-02
0.13436	5.15953e-02
0.13370	5.12982e-02
0.13307	5.09814e-02
0.13247	5.06391e-02
0.13191	5.02658e-02
0.13138	4.98558e-02
0.13088	4.94042e-02
0.13042	4.89071e-02
0.13000	4.83620e-02
0.12961	4.77668e-02
0.12925	4.71263e-02
0.12893	4.64437e-02
0.12864	4.57238e-02
0.12837	4.49728e-02
0.12812	4.41973e-02
0.12789	4.34049e-02
0.12768	4.26030e-02
0.12748	4.17995e-02
0.12729	4.10021e-02
0.12711	4.02189e-02
0.12694	3.94581e-02
0.12677	3.87283e-02
0.12660	3.80384e-02
0.12644	3.73976e-02
0.12628	3.68156e-02
0.12612	3.63022e-02
0.12596	3.58670e-02
0.12581	3.55193e-02
0.12566	3.52680e-02
0.12552	3.51204e-02
0.12538	3.50829e-02
0.12521	3.51885e-02
0.12506	3.54168e-02
0.12491	3.57679e-02
0.12479	3.62396e-02
0.12467	3.68279e-02
0.12458	3.75269e-02
0.12451	3.83294e-02
0.12447	3.92269e-02
0.12445	4.02105e-02
0.12445	4.12707e-02
0.12449	4.23978e-02
0.12455	4.35828e-02
0.12465	4.48165e-02
0.12478	4.60906e-02
0.12494	4.73976e-02
0.12513	4.87306e-02
0.12536	5.00836e-02
0.12561	5.14514e-02
0.12589	5.28299e-02
0.12620	5.42154e-02
0.12653	5.56055e-02
0.12688	5.69982e-02
0.12725	5.83922e-02
0.12764	5.97869e-02
0.12805	6.11824e-02
0.12847	6.25792e-02
0.12891	6.39782e-02
0.12935	6.53809e-02
0.12980	6.67888e-02
0.13025	6.82034e-02
0.13085	6.94395e-02
0.13195	6.97475e-02
0.13303	7.00603e-02
0.13410	7.04019e-02
0.13515	7.07732e-02
0.13617	7.11740e-02
0.13715	7.16030e-02
0.13814	7.20773e-02
0.13909	7.25725e-02
0.13998	7.30835e-02
0.14082	7.36042e-02
0.14160	7.41271e-02
0.14232	7.46442e-02
0.14297	7.51471e-02
0.14355	7.56271e-02
0.14406	7.60758e-02
0.14444	7.64658e-02
0.14476	7.68113e-02
0.14500	7.71064e-02
0.14517	7.73467e-02
0.14527	7.75292e-02
0.14531	7.76524e-02
0.14528	7.77159e-02
0.14518	7.77208e-02
0.14503	7.76690e-02
0.14482	7.75631e-02
0.14456	7.74061e-02
0.14426	7.72011e-02
0.14391	7.69506e-02
0.14352	7.66667e-02
0.14309	7.63424e-02
0.14264	7.59758e-02
0.14217	7.55621e-02
0.14170	7.50939e-02
0.14123	7.45623e-02
0.14078	7.39585e-02
0.14035	7.32765e-02
0.13994	7.25143e-02
0.13957	7.16745e-02
0.13923	7.07623e-02
0.13891	6.97836e-02
0.13863	6.87445e-02
0.13837	6.76497e-02
0.13815	6.65033e-02
0.13795	6.53087e-02
0.13779	6.40686e-02
0.13766	6.27857e-02
0.13756	6.14631e-02
0.13752	6.00746e-02
0.13751	5.86597e-02
0.13754	5.72222e-02
0.13760	5.57673e-02
0.13770	5.43010e-02
0.13783	5.28304e-02
0.13799	5.13633e-02
0.13818	4.99083e-02
0.13840	4.84748e-02
0.13864	4.70721e-02
0.13891	4.57098e-02
0.13918	4.43973e-02
0.13947	4.31435e-02
0.13977	4.19569e-02
0.14006	4.08448e-02
0.14035	3.98138e-02
0.14063	3.88691e-02
0.14090	3.80143e-02
0.14115	3.72517e-02
0.14138	3.65818e-02
0.14158	3.60037e-02
0.14176	3.55145e-02
0.14185	3.50901e-02
0.14191	3.47475e-02
0.14194	3.44808e-02
0.14193	3.42834e-02
0.14188	3.41478e-02
0.14179	3.40665e-02
0.14167	3.40321e-02
0.14150	3.40374e-02
0.14130	3.40758e-02
0.14106	3.41412e-02
0.14078	3.42287e-02
0.14048	3.43342e-02
0.14013	3.44546e-02
0.13976	3.45882e-02
0.13937	3.47344e-02
0.13894	3.48937e-02
0.13850	3.50679e-02
0.13803	3.52595e-02
0.13755	3.54719e-02
0.13704	3.57091e-02
0.13653	3.59749e-02
0.13599	3.62732e-02
0.13545	3.66072e-02
0.13488	3.69793e-02
0.13431	3.73909e-02
0.13371	3.78425e-02
0.13311	3.83338e-02
0.13249	3.88637e-02
0.13187	3.94306e-02
0.13123	4.00323e-02
0.13058	4.06252e-02
0.12992	4.12464e-02
0.12922	4.18875e-02
0.12853	4.25507e-02
0.12783	4.32333e-02
0.12714	4.39324e-02
0.12645	4.46447e-02
0.12581	4.52911e-02
0.12517	4.59389e-02
0.12454	4.65832e-02
0.12391	4.72204e-02
0.12327	4.78457e-02
0.12261	4.84543e-02
0.12195	4.90418e-02
0.12126	4.96042e-02
0.12055	5.01380e-02
0.11970	5.06505e-02
0.11883	5.11335e-02
0.11793	5.15856e-02
0.11700	5.20059e-02
0.11605	5.23931e-02
0.11509	5.27459e-02
0.11412	5.30624e-02
0.11315	5.33406e-02
0.11219	5.35778e-02
0.11126	5.37716e-02
0.11035	5.39193e-02
0.10950	5.40261e-02
0.10870	5.40816e-02
0.10798	5.40890e-02
0.10732	5.40277e-02
0.10676	5.38798e-02
0.10631	5.36169e-02
0.10599	5.32011e-02
0.10583	5.25972e-02
0.10583	5.17926e-02
0.10598	5.08115e-02
0.10624	4.97064e-02
0.10659	4.85379e-02
0.10700	4.73609e-02
0.10746	4.62201e-02
0.10794	4.51509e-02
0.10844	4.41816e-02
0.10895	4.33353e-02
0.10946	4.26313e-02
0.10998	4.20851e-02
0.11049	4.17096e-02
0.11100	4.15142e-02
0.11155	4.14858e-02
0.11208	4.16473e-02
0.11260	4.19984e-02
0.11311	4.25352e-02
0.11361	4.32497e-02
0.11409	4.41304e-02
0.11455	4.51614e-02
0.11501	4.63184e-02
0.11546	4.75511e-02
0.11598	4.86875e-02
0.11675	4.93181e-02
0.11769	4.96117e-02
0.11865	4.99001e-02
0.11961	5.02590e-02
0.12056	5.06988e-02
0.12149	5.12146e-02
0.12242	5.17969e-02
0.12333	5.24342e-02
0.12423	5.31147e-02
0.12513	5.38266e-02
0.12602	5.45586e-02
0.12690	5.53005e-02
0.12778	5.60436e-02
0.12865	5.67782e-02
0.12951	5.74975e-02
0.13034	5.81957e-02
0.13116	5.88680e-02
0.13195	5.95105e-02
0.13272	6.01199e-02
0.13345	6.06934e-02
0.13415	6.12289e-02
0.13482	6.17243e-02
0.13544	6.21785e-02
0.13603	6.25905e-02
0.13657	6.29599e-02
0.13708	6.32873e-02
0.13755	6.35739e-02
0.13799	6.38218e-02
0.13839	6.40343e-02
0.13876	6.42157e-02
0.13911	6.43714e-02
0.13942	6.45078e-02
0.13972	6.46321e-02
0.13998	6.47520e-02
0.14023	6.48753e-02
0.14045	6.50099e-02
0.14064	6.51633e-02
0.14081	6.53426e-02
0.14095	6.55542e-02
0.14106	6.58038e-02
0.14113	6.60964e-02
0.14117	6.64361e-02
0.14120	6.68141e-02
0.14120	6.72471e-02
0.14116	6.77370e-02
0.14108	6.82850e-02
0.14096	6.88911e-02
0.14080	6.95545e-02
0.14061	7.02731e-02
0.14039	7.10343e-02
0.14014	7.18388e-02
0.13984	7.26541e-02
0.13952	7.34971e-02
0.13916	7.43593e-02
0.13878	7.52311e-02
0.13838	7.61022e-02
0.13796	7.69612e-02
0.13752	7.77932e-02
0.13701	7.84864e-02
0.13663	7.88794e-02
0.13675	7.83499e-02
0.13700	7.75083e-02
0.13725	7.65853e-02
0.13748	7.56054e-02
0.13768	7.45752e-02
0.13786	7.34992e-02
0.13801	7.23819e-02
0.13812	7.12287e-02
0.13820	7.00461e-02
0.13823	6.88360e-02
0.13821	6.76137e-02
0.13813	6.64233e-02
0.13800	6.52415e-02
0.13783	6.40794e-02
0.13761	6.29485e-02
0.13734	6.18606e-02
0.13703	6.08277e-02
0.13666	5.98616e-02
0.13625	5.89737e-02
0.13579	5.81751e-02
0.13529	5.74758e-02
0.13474	5.68853e-02
0.13415	5.64114e-02
0.13352	5.60607e-02
0.13285	5.58382e-02
0.13214	5.57467e-02
0.13140	5.57869e-02
0.13064	5.59569e-02
0.12985	5.62522e-02
0.12903	5.66655e-02
0.12823	5.71806e-02
0.12741	5.77889e-02
0.12658	5.84743e-02
0.12573	5.92183e-02
0.12489	5.99993e-02
0.12405	6.07942e-02
0.12322	6.15779e-02
0.12241	6.23254e-02
0.12164	6.30129e-02
0.12091	6.36206e-02
0.12023	6.41345e-02
0.11960	6.45474e-02
0.11903	6.48580e-02
0.11852	6.50664e-02
0.11807	6.51698e-02
0.11770	6.51585e-02
0.11740	6.50185e-02
0.11719	6.47429e-02
0.11707	6.43456e-02
0.11701	6.38623e-02
0.11699	6.33366e-02
0.11701	6.28070e-02
0.11704	6.22910e-02
0.11708	6.18034e-02
0.11715	6.13470e-02
0.11723	6.09162e-02
0.11734	6.05003e-02
0.11749	6.00883e-02
0.11767	5.96753e-02
0.11788	5.92650e-02
0.11811	5.88690e-02
0.11835	5.85020e-02
0.11860	5.81778e-02
0.11884	5.79068e-02
0.11906	5.76951e-02
0.11926	5.75448e-02
0.11943	5.74540e-02
0.11956	5.74177e-02
0.11967	5.74281e-02
0.11973	5.74753e-02
0.11976	5.75478e-02
0.11975	5.76330e-02
0.11970	5.77180e-02
0.11961	5.77900e-02
0.11948	5.78367e-02
0.11933	5.78468e-02
0.11913	5.78103e-02
0.11892	5.77180e-02
0.11867	5.75622e-02
0.11840	5.73355e-02
0.11811	5.70314e-02
0.11781	5.66438e-02
0.11752	5.61604e-02
0.11723	5.55851e-02
0.11693	5.49154e-02
0.11663	5.41520e-02
0.11633	5.32992e-02
0.11602	5.23655e-02
0.11570	5.13626e-02
0.11538	5.02900e-02
0.11504	4.91833e-02
0.11470	4.80795e-02
0.11434	4.69714e-02
0.11394	4.58726e-02
0.11351	4.47956e-02
0.11305	4.37519e-02
0.11257	4.27522e-02
0.11205	4.18067e-02
0.11141	4.08116e-02
0.11075	3.98852e-02
0.11006	3.90379e-02
0.10936	3.82803e-02
0.10864	3.76229e-02
0.10790	3.70764e-02
0.10716	3.66510e-02
0.10640	3.63560e-02
0.10563	3.61997e-02
0.10486	3.61881e-02
0.10407	3.63248e-02
0.10323	3.65800e-02
0.10239	3.69847e-02
0.10154	3.75308e-02
0.10070	3.81978e-02
0.09988	3.89574e-02
0.09909	3.97654e-02
0.09836	4.05596e-02
0.09772	4.12743e-02
0.09718	4.18821e-02
0.09673	4.24177e-02
0.09634	4.29410e-02
0.09598	4.34965e-02
0.09564	4.41031e-02
0.09532	4.47591e-02
0.09501	4.54498e-02
0.09473	4.61535e-02
0.09447	4.68487e-02
0.09424	4.75231e-02
0.09403	4.81797e-02
0.09383	4.88354e-02
0.09362	4.95139e-02
0.09340	5.02356e-02
0.09314	5.10173e-02
0.09284	5.18690e-02
0.09250	5.27949e-02
0.09209	5.37954e-02
0.09164	5.48675e-02
0.09113	5.60060e-02
0.09056	5.72031e-02
0.08994	5.84487e-02
0.08927	5.97291e-02
0.08857	6.10234e-02
0.08787	6.22927e-02
0.08723	6.34349e-02
0.08685	6.42178e-02
0.08675	6.46126e-02
0.08677	6.48557e-02
0.08683	6.50621e-02
0.08689	6.52744e-02
0.08695	6.55147e-02
0.08698	6.57967e-02
0.08700	6.61271e-02
0.08699	6.65060e-02
0.08698	6.69211e-02
0.08697	6.73503e-02
0.08700	6.77414e-02
0.08713	6.80209e-02
0.08737	6.81709e-02
0.08766	6.82568e-02
0.08796	6.83381e-02
0.08825	6.84407e-02
0.08851	6.85712e-02
0.08876	6.87275e-02
0.08898	6.89035e-02
0.08919	6.90904e-02
0.08939	6.92785e-02
0.08959	6.94573e-02
0.08979	6.96160e-02
0.09000	6.97437e-02
0.09024	6.98302e-02
0.09050	6.98660e-02
0.09079	6.98428e-02
0.09112	6.97535e-02
0.09149	6.95927e-02
0.09191	6.93564e-02
0.09237	6.90419e-02
0.09287	6.86488e-02
0.09341	6.81785e-02
0.09399	6.76349e-02
0.09461	6.70244e-02
0.09526	6.63554e-02
0.09592	6.56379e-02
0.09661	6.48832e-02
0.09728	6.41043e-02
0.09795	6.33119e-02
0.09861	6.25176e-02
0.09926	6.17324e-02
0.09989	6.09667e-02
0.10050	6.02298e-02
0.10109	5.95304e-02
0.10167	5.88969e-02
0.10222	5.83185e-02
0.10272	5.78235e-02
0.10318	5.73934e-02
0.10361	5.70318e-02
0.10401	5.67415e-02
0.10438	5.65250e-02
0.10472	5.63838e-02
0.10503	5.63191e-02
0.10522	5.63720e-02
0.10539	5.64975e-02
0.10553	5.66948e-02
0.10566	5.69626e-02
0.10576	5.72994e-02
0.10586	5.77027e-02
0.10594	5.81695e-02
0.10601	5.86959e-02
0.10607	5.92771e-02
0.10613	5.99074e-02
0.10620	6.05800e-02
0.10623	6.13275e-02
0.10627	6.21078e-02
0.10630	6.28851e-02
0.10636	6.36772e-02
0.10646	6.44727e-02
0.10662	6.52604e-02
0.10683	6.60301e-02
0.10711	6.67737e-02
0.10746	6.74854e-02
0.10789	6.81614e-02
0.10840	6.87998e-02
0.10899	6.93985e-02
0.10967	6.99543e-02
0.11042	7.04605e-02
0.11125	7.09061e-02
0.11217	7.12738e-02
0.11318	7.15415e-02
0.11429	7.16859e-02
0.11550	7.16906e-02
0.11680	7.15534e-02
0.11817	7.12854e-02
0.11963	7.09011e-02
0.12112	7.04258e-02
0.12262	6.98776e-02
0.12412	6.92723e-02
0.12559	6.86234e-02
0.12704	6.79425e-02
0.12844	6.72396e-02
0.12980	6.65234e-02
0.13109	6.58012e-02
0.13232	6.50793e-02
0.13348	6.43629e-02
0.13456	6.36564e-02
0.13556	6.29630e-02
0.13647	6.22853e-02
0.13730	6.16248e-02
0.13804	6.09827e-02
0.13868	6.03593e-02
0.13924	5.97546e-02
0.13971	5.91686e-02
0.14009	5.86008e-02
0.14037	5.80514e-02
0.14057	5.75206e-02
0.14066	5.70091e-02
0.14065	5.65216e-02
0.14056	5.60605e-02
0.14039	5.56287e-02
0.14013	5.52296e-02
0.13979	5.48674e-02
0.13936	5.45462e-02
0.13885	5.42706e-02
0.13827	5.40455e-02
0.13760	5.38755e-02
0.13686	5.37654e-02
0.13605	5.37196e-02
0.13516	5.37421e-02
0.13421	5.38360e-02
0.13320	5.40041e-02
0.13213	5.42476e-02
0.13101	5.45669e-02
0.12985	5.49610e-02
0.12865	5.54271e-02
0.12741	5.59609e-02
0.12615	5.65555e-02
0.12488	5.72002e-02
0.12362	5.78787e-02
0.12237	5.85636e-02
0.12117	5.92046e-02
0.12008	5.97048e-02
0.11918	5.98950e-02
0.11858	5.96100e-02
0.11826	5.88855e-02
0.11811	5.79050e-02
0.11807	5.68061e-02
0.11809	5.56668e-02
0.11817	5.45231e-02
0.11829	5.33930e-02
0.11844	5.22863e-02
0.11864	5.12092e-02
0.11887	5.01663e-02
0.11915	4.91622e-02
0.11946	4.81994e-02
0.11979	4.73005e-02
0.12015	4.64562e-02
0.12053	4.56741e-02
0.12095	4.49627e-02
0.12139	4.43308e-02
0.12184	4.37873e-02
0.12232	4.33404e-02
0.12277	4.29861e-02
0.12323	4.27422e-02
0.12369	4.26147e-02
0.12415	4.26080e-02
0.12461	4.27251e-02
0.12506	4.29674e-02
0.12549	4.33344e-02
0.12591	4.38241e-02
0.12632	4.44322e-02
0.12670	4.51528e-02
0.12706	4.59776e-02
0.12740	4.68940e-02
0.12770	4.78911e-02
0.12797	4.89453e-02
0.12821	5.00531e-02
0.12843	5.11963e-02
0.12863	5.23552e-02
0.12880	5.35094e-02
0.12897	5.46383e-02
0.12912	5.57223e-02
0.12926	5.67443e-02
0.12940	5.76911e-02
0.12953	5.85542e-02
0.12965	5.93294e-02
0.12975	6.00150e-02
0.12983	6.06104e-02
0.12990	6.11126e-02
0.12994	6.15147e-02
0.12996	6.18032e-02
0.12997	6.19560e-02
0.12998	6.19423e-02
0.13001	6.17270e-02
0.13005	6.12787e-02
0.13012	6.05967e-02
0.13019	5.97035e-02
0.13025	5.86396e-02
0.13027	5.74493e-02
0.13023	5.61734e-02
0.13013	5.48467e-02
0.12993	5.34991e-02
0.12964	5.21562e-02
0.12925	5.08406e-02
0.12875	4.95722e-02
0.12814	4.83688e-02
0.12742	4.72457e-02
0.12659	4.62161e-02
0.12564	4.52908e-02
0.12458	4.44782e-02
0.12341	4.37842e-02
0.12213	4.32124e-02
0.12075	4.27641e-02
0.11927	4.24383e-02
0.11771	4.22324e-02
0.11606	4.21419e-02
0.11432	4.21262e-02
0.11251	4.22164e-02
0.11064	4.24065e-02
0.10873	4.26905e-02
0.10679	4.30635e-02
0.10483	4.35218e-02
0.10286	4.40639e-02
0.10089	4.46911e-02
0.09893	4.54069e-02
0.09699	4.62176e-02
0.09507	4.71309e-02
0.09317	4.81546e-02
0.09130	4.92958e-02
0.08947	5.05592e-02
0.08768	5.19457e-02
0.08593	5.34522e-02
0.08423	5.50704e-02
0.08260	5.67859e-02
0.08104	5.85763e-02
0.07959	6.04035e-02
0.07832	6.21891e-02
0.07739	6.37466e-02
0.07709	6.47661e-02
0.07744	6.52501e-02
0.07915	6.43473e-02
0.08132	6.30280e-02
0.08364	6.16590e-02
0.08608	6.02512e-02
0.08861	5.88110e-02
0.09121	5.73465e-02
0.09391	5.58338e-02
0.09664	5.43200e-02
0.09938	5.28172e-02
0.10214	5.13370e-02
0.10488	4.98898e-02
0.10761	4.84852e-02
0.11031	4.71316e-02
0.11299	4.58244e-02
0.11563	4.45775e-02
0.11827	4.34028e-02
0.12086	4.22997e-02
0.12340	4.12750e-02
0.12590	4.03354e-02
0.12834	3.94882e-02
0.13073	3.87409e-02
0.13305	3.81009e-02
0.13533	3.75039e-02
0.13754	3.70313e-02
0.13968	3.66889e-02
0.14174	3.64808e-02
0.14373	3.64090e-02
0.14562	3.64727e-02
0.14743	3.66688e-02
0.14913	3.69914e-02
0.15074	3.74328e-02
0.15223	3.79833e-02
0.15361	3.86326e-02
0.15485	3.93686e-02
0.15596	4.01862e-02
0.15693	4.10827e-02
0.15778	4.20443e-02
0.15851	4.30622e-02
0.15912	4.41284e-02
0.15961	4.52363e-02
0.15998	4.63799e-02
0.16025	4.75540e-02
0.16040	4.87539e-02
0.16045	4.99752e-02
0.16041	5.12136e-02
0.16026	5.24648e-02
0.16003	5.37245e-02
0.15971	5.49887e-02
0.15931	5.62530e-02
0.15883	5.75136e-02
0.15828	5.87664e-02
0.15766	6.00079e-02
0.15697	6.12346e-02
0.15622	6.24430e-02
0.15545	6.36765e-02
0.15462	6.48894e-02
0.15374	6.60784e-02
0.15281	6.72400e-02
0.15184	6.83707e-02
0.15082	6.94665e-02
0.14976	7.05229e-02
0.14866	7.15347e-02
0.14754	7.24962e-02
0.14640	7.34002e-02
0.14523	7.42388e-02
0.14406	7.50024e-02
0.14288	7.56808e-02
0.14172	7.62627e-02
0.14056	7.67378e-02
0.13944	7.70972e-02
0.13834	7.73363e-02
0.13727	7.74553e-02
0.13624	7.74602e-02
0.13524	7.73622e-02
0.13426	7.71753e-02
0.13330	7.69148e-02
0.13236	7.65945e-02
0.13143	7.62285e-02
0.13050	7.58283e-02
0.12956	7.54036e-02
0.12862	7.49624e-02
0.12767	7.45110e-02
0.12671	7.40538e-02
0.12574	7.35941e-02
0.12476	7.31334e-02
0.12377	7.26717e-02
0.12277	7.22071e-02
0.12176	7.17360e-02
0.12076	7.12527e-02
0.11975	7.07495e-02
0.11875	7.02172e-02
0.11777	6.96455e-02
0.11681	6.90238e-02
0.11589	6.83427e-02
0.11500	6.75949e-02
0.11416	6.67763e-02
0.11336	6.58856e-02
0.11263	6.49242e-02
0.11195	6.38951e-02
0.11134	6.28022e-02
0.11079	6.16496e-02
0.11031	6.04417e-02
0.10990	5.91833e-02
0.10955	5.78805e-02
0.10926	5.65409e-02
0.10903	5.51746e-02
0.10889	5.37783e-02
0.10880	5.23819e-02
0.10874	5.10013e-02
0.10872	4.96531e-02
0.10872	4.83530e-02
0.10873	4.71154e-02
0.10874	4.59527e-02
0.10873	4.48908e-02
0.10871	4.39195e-02
0.10866	4.30591e-02
0.10860	4.22928e-02
0.10853	4.16176e-02
0.10844	4.10274e-02
0.10834	4.05132e-02
0.10822	4.00645e-02
0.10809	3.96687e-02
0.10793	3.92895e-02
0.10775	3.89276e-02
0.10756	3.85697e-02
0.10735	3.82035e-02
0.10713	3.78183e-02
0.10689	3.74050e-02
0.10664	3.69570e-02
0.10636	3.64697e-02
0.10607	3.59408e-02
0.10576	3.53703e-02
0.10542	3.47604e-02
0.10504	3.41060e-02
0.10464	3.34198e-02
0.10418	3.27294e-02
0.10368	3.20264e-02
0.10314	3.13212e-02
0.10256	3.06251e-02
0.10193	2.99501e-02
0.10126	2.93080e-02
0.10053	2.87104e-02
0.09975	2.81678e-02
0.09892	2.76899e-02
0.09802	2.72842e-02
0.09707	2.69568e-02
0.09606	2.67116e-02
0.09499	2.65503e-02
0.09386	2.64731e-02
0.09267	2.64784e-02
0.09142	2.65636e-02
0.09012	2.67251e-02
0.08877	2.69588e-02
0.08738	2.72603e-02
0.08593	2.76202e-02
0.08445	2.80415e-02
0.08294	2.85190e-02
0.08142	2.90465e-02
0.07991	2.96164e-02
0.07840	3.02191e-02
0.07692	3.08423e-02
0.07549	3.14704e-02
0.07411	3.20842e-02
0.07282	3.26607e-02
0.07162	3.31764e-02
0.07055	3.36126e-02
0.06961	3.39613e-02
0.06881	3.42257e-02
0.06815	3.44137e-02
0.06763	3.45299e-02
0.06724	3.45720e-02
0.06700	3.45315e-02
0.06691	3.43973e-02
0.06696	3.41615e-02
0.06715	3.38227e-02
0.06747	3.33884e-02
0.06789	3.28831e-02
0.06840	3.23310e-02
0.06898	3.17509e-02
0.06960	3.11600e-02
0.07027	3.05734e-02
0.07097	3.00044e-02
0.07168	2.94640e-02
0.07241	2.89617e-02
0.07315	2.85057e-02
0.07389	2.81028e-02
0.07462	2.77588e-02
0.07535	2.74790e-02
0.07607	2.72677e-02
0.07678	2.71288e-02
0.07749	2.70661e-02
0.07818	2.70827e-02
0.07886	2.71814e-02
0.07953	2.73643e-02
0.08020	2.76323e-02
0.08085	2.79848e-02
0.08149	2.84186e-02
0.08213	2.89275e-02
0.08276	2.95010e-02
0.08339	3.01239e-02
0.08402	3.07755e-02
0.08467	3.14297e-02
0.08533	3.20581e-02
0.08602	3.26350e-02
0.08674	3.31450e-02
0.08749	3.35884e-02
0.08825	3.39790e-02
0.08902	3.43386e-02
0.08978	3.46878e-02
0.09053	3.50431e-02
0.09126	3.54149e-02
0.09195	3.58085e-02
0.09261	3.62248e-02
0.09325	3.66462e-02
0.09386	3.70774e-02
0.09443	3.75078e-02
0.09498	3.79336e-02
0.09549	3.83445e-02
0.09596	3.87292e-02
0.09642	3.90758e-02
0.09685	3.93718e-02
0.09727	3.96048e-02
0.09766	3.97147e-02
0.09805	3.97449e-02
0.09845	3.96859e-02
0.09887	3.95314e-02
0.09931	3.92780e-02
0.09976	3.89266e-02
0.10024	3.84813e-02
0.10074	3.79488e-02
0.10126	3.73380e-02
0.10180	3.66589e-02
0.10235	3.59221e-02
0.10292	3.51380e-02
0.10350	3.43219e-02
0.10411	3.34483e-02
0.10472	3.25674e-02
0.10533	3.16944e-02
0.10595	3.08459e-02
0.10657	3.00398e-02
0.10718	2.92953e-02
0.10780	2.86330e-02
0.10841	2.80743e-02
0.10902	2.76410e-02
0.10962	2.73545e-02
0.11022	2.72348e-02
0.11083	2.72988e-02
0.11142	2.75595e-02
0.11202	2.80248e-02
0.11262	2.86970e-02
0.11322	2.95726e-02
0.11382	3.06428e-02
0.11442	3.18947e-02
0.11502	3.33117e-02
0.11565	3.48435e-02
0.11629	3.64988e-02
0.11694	3.82560e-02
0.11761	4.00929e-02
0.11829	4.19867e-02
0.11899	4.39145e-02
0.11972	4.58539e-02
0.12048	4.77830e-02
0.12128	4.96820e-02
0.12212	5.15334e-02
0.12301	5.33236e-02
0.12395	5.50435e-02
0.12493	5.66882e-02
0.12596	5.82573e-02
0.12704	5.97536e-02
0.12815	6.11819e-02
0.12930	6.25482e-02
0.13047	6.38589e-02
0.13166	6.51203e-02
0.13287	6.63381e-02
0.13408	6.75174e-02
0.13530	6.86629e-02
0.13650	6.97733e-02
0.13770	7.08576e-02
0.13890	7.19179e-02
0.14008	7.29558e-02
0.14126	7.39720e-02
0.14242	7.49671e-02
0.14356	7.59414e-02
0.14469	7.68949e-02
0.14580	7.78276e-02
0.14689	7.87399e-02
0.14796	7.96323e-02
0.14899	8.05054e-02
0.15000	8.13603e-02
0.15097	8.21978e-02
0.15190	8.30188e-02
0.15278	8.38238e-02
0.15362	8.46127e-02
0.15441	8.53848e-02
0.15514	8.61383e-02
0.15582	8.68709e-02
0.15643	8.75791e-02
0.15697	8.82587e-02
0.15745	8.89052e-02
0.15785	8.95135e-02
0.15818	9.00781e-02
0.15844	9.05938e-02
0.15861	9.10554e-02
0.15871	9.14580e-02
0.15872	9.17972e-02
0.15865	9.20691e-02
0.15847	9.22749e-02
0.15822	9.24090e-02
0.15788	9.24699e-02
0.15746	9.24570e-02
0.15695	9.23708e-02
0.15637	9.22125e-02
0.15572	9.19841e-02
0.15498	9.16635e-02
0.15416	9.12785e-02
0.15326	9.08736e-02
0.15228	9.04133e-02
0.15126	8.99025e-02
0.15018	8.93465e-02
0.14905	8.87507e-02
0.14787	8.81206e-02
0.14666	8.74619e-02
0.14539	8.67988e-02
0.14408	8.61196e-02
0.14274	8.54301e-02
0.14138	8.47362e-02
0.14000	8.40437e-02
0.13860	8.33582e-02
0.13718	8.26849e-02
0.13575	8.20287e-02
0.13431	8.13938e-02
0.13287	8.07836e-02
0.13141	8.02001e-02
0.12995	7.96415e-02
0.12849	7.91089e-02
0.12703	7.85957e-02
0.12558	7.80974e-02
0.12414	7.76023e-02
0.12274	7.70937e-02
0.12138	7.65496e-02
0.12008	7.59466e-02
0.11886	7.52655e-02
0.11771	7.45002e-02
0.11663	7.36594e-02
0.11561	7.27622e-02
0.11464	7.18297e-02
0.11371	7.08796e-02
0.11281	6.99240e-02
0.11193	6.89697e-02
0.11107	6.80176e-02
0.11025	6.70642e-02
0.10947	6.61011e-02
0.10874	6.51165e-02
0.10807	6.40960e-02
0.10747	6.30167e-02
0.10696	6.18738e-02
0.10653	6.06604e-02
0.10620	5.93772e-02
0.10597	5.80333e-02
0.10581	5.66456e-02
0.10574	5.52370e-02
0.10572	5.38348e-02
0.10576	5.24684e-02
0.10584	5.11680e-02
0.10594	4.99630e-02
0.10607	4.88810e-02
0.10622	4.79471e-02
0.10637	4.71826e-02
0.10652	4.66046e-02
0.10668	4.62252e-02
0.10683	4.60514e-02
0.10697	4.60845e-02
0.10710	4.63207e-02
0.10723	4.67515e-02
0.10734	4.73645e-02
0.10743	4.81441e-02
0.10750	4.90681e-02
0.10754	5.01210e-02
0.10756	5.12836e-02
0.10756	5.25365e-02
0.10753	5.38600e-02
0.10748	5.52283e-02
0.10746	5.65324e-02
0.10780	5.71253e-02
0.10824	5.75197e-02
0.10862	5.79779e-02
0.10893	5.85051e-02
0.10918	5.90924e-02
0.10936	5.97286e-02
0.10947	6.04024e-02
0.10951	6.11025e-02
0.10947	6.18178e-02
0.10937	6.25378e-02
0.10920	6.32521e-02
0.10897	6.39508e-02
0.10868	6.46241e-02
0.10833	6.52623e-02
0.10793	6.58558e-02
0.10749	6.63952e-02
0.10701	6.68712e-02
0.10650	6.72749e-02
0.10597	6.75978e-02
0.10542	6.78320e-02
0.10486	6.79703e-02
0.10430	6.80065e-02
0.10375	6.79352e-02
0.10323	6.77629e-02
0.10273	6.74759e-02
0.10225	6.70721e-02
0.10179	6.65508e-02
0.10136	6.59131e-02
0.10095	6.51611e-02
0.10057	6.42988e-02
0.10022	6.33231e-02
0.09990	6.22498e-02
0.09960	6.10882e-02
0.09931	5.98482e-02
0.09904	5.85395e-02
0.09878	5.71728e-02
0.09852	5.57601e-02
0.09827	5.43141e-02
0.09802	5.28488e-02
0.09771	5.12852e-02
0.09738	4.97342e-02
0.09706	4.82143e-02
0.09672	4.67452e-02
0.09638	4.53476e-02
0.09603	4.40428e-02
0.09567	4.28521e-02
0.09531	4.17969e-02
0.09495	4.08968e-02
0.09458	4.01695e-02
0.09422	3.96290e-02
0.09386	3.92843e-02
0.09351	3.91381e-02
0.09321	3.91493e-02
0.09293	3.93511e-02
0.09270	3.97242e-02
0.09251	4.02406e-02
0.09240	4.08634e-02
0.09239	4.15490e-02
0.09249	4.22505e-02
0.09272	4.29253e-02
0.09312	4.35438e-02
0.09367	4.40977e-02
0.09437	4.46007e-02
0.09521	4.50825e-02
0.09617	4.55788e-02
0.09723	4.61221e-02
0.09836	4.67364e-02
0.09956	4.74349e-02
0.10082	4.82177e-02
0.10213	4.90717e-02
0.10351	4.99690e-02
0.10495	5.08420e-02
0.10646	5.16687e-02
0.10808	5.24113e-02
0.10978	5.30595e-02
0.11155	5.36302e-02
0.11337	5.41512e-02
0.11521	5.46479e-02
0.11705	5.51378e-02
0.11888	5.56307e-02
0.12069	5.61309e-02
0.12246	5.66393e-02
0.12419	5.71542e-02
0.12587	5.76732e-02
0.12749	5.81931e-02
0.12906	5.87107e-02
0.13056	5.92229e-02
0.13200	5.97270e-02
0.13337	6.02206e-02
0.13467	6.07018e-02
0.13590	6.11688e-02
0.13705	6.16202e-02
0.13812	6.20551e-02
0.13911	6.24721e-02
0.14003	6.28712e-02
0.14086	6.32519e-02
0.14160	6.36143e-02
0.14227	6.39582e-02
0.14284	6.42838e-02
0.14334	6.45915e-02
0.14374	6.48816e-02
0.14406	6.51544e-02
0.14429	6.54101e-02
0.14444	6.56489e-02
0.14450	6.58704e-02
0.14448	6.60742e-02
0.14437	6.62592e-02
0.14419	6.64243e-02
0.14392	6.65678e-02
0.14359	6.66875e-02
0.14318	6.67811e-02
0.14271	6.68460e-02
0.14217	6.68792e-02
0.14157	6.68778e-02
0.14092	6.68389e-02
0.14023	6.67599e-02
0.13949	6.66385e-02
0.13871	6.64732e-02
0.13789	6.62634e-02
0.13704	6.60098e-02
0.13617	6.57143e-02
0.13527	6.53803e-02
0.13434	6.50123e-02
0.13338	6.46123e-02
0.13240	6.41901e-02
0.13138	6.37532e-02
0.13034	6.33091e-02
0.12928	6.28659e-02
0.12818	6.24315e-02
0.12705	6.20136e-02
0.12592	6.15949e-02
0.12476	6.12068e-02
0.12356	6.08593e-02
0.12233	6.05585e-02
0.12106	6.03113e-02
0.11976	6.01238e-02
0.11842	6.00014e-02
0.11705	5.99486e-02
0.11565	5.99689e-02
0.11416	6.00826e-02
0.11263	6.02832e-02
0.11106	6.05703e-02
0.10947	6.09426e-02
0.10784	6.13972e-02
0.10618	6.19298e-02
0.10450	6.25347e-02
0.10279	6.32036e-02
0.10108	6.39199e-02
0.09943	6.45637e-02
0.09830	6.44569e-02
0.09732	6.41786e-02
0.09634	6.39648e-02
0.09539	6.38166e-02
0.09445	6.37288e-02
0.09354	6.36854e-02
0.09267	6.36666e-02
0.09185	6.36503e-02
0.09112	6.36167e-02
0.09047	6.35536e-02
0.08990	6.34604e-02
0.08942	6.33480e-02
0.08900	6.32342e-02
0.08864	6.31386e-02
0.08832	6.30783e-02
0.08804	6.30672e-02
0.08778	6.31146e-02
0.08754	6.32266e-02
0.08731	6.34054e-02
0.08710	6.36496e-02
0.08691	6.39536e-02
0.08675	6.43059e-02
0.08658	6.46723e-02
0.08648	6.50367e-02
0.08646	6.53586e-02
0.08656	6.55993e-02
0.08678	6.57443e-02
0.08712	6.58113e-02
0.08753	6.58343e-02
0.08799	6.58435e-02
0.08849	6.58592e-02
0.08902	6.58923e-02
0.08956	6.59461e-02
0.09011	6.60178e-02
0.09067	6.60975e-02
0.09126	6.61665e-02
0.09189	6.61972e-02
0.09257	6.61676e-02
0.09329	6.60821e-02
0.09403	6.59632e-02
0.09478	6.58291e-02
0.09551	6.56863e-02
0.09624	6.55323e-02
0.09697	6.53580e-02
0.09771	6.51427e-02
0.09847	6.48783e-02
0.09924	6.45513e-02
0.10002	6.41557e-02
0.10082	6.36956e-02
0.10162	6.31843e-02
0.10241	6.26385e-02
0.10318	6.20754e-02
0.10391	6.15104e-02
0.10461	6.09570e-02
0.10525	6.04270e-02
0.10584	5.99303e-02
0.10638	5.94756e-02
0.10685	5.90701e-02
0.10726	5.87194e-02
0.10760	5.84277e-02
0.10788	5.81976e-02
0.10810	5.80297e-02
0.10824	5.79231e-02
0.10833	5.78749e-02
0.10836	5.78800e-02
0.10834	5.79321e-02
0.10827	5.80227e-02
0.10817	5.81426e-02
0.10803	5.82814e-02
0.10787	5.84288e-02
0.10769	5.85745e-02
0.10751	5.87085e-02
0.10734	5.88211e-02
0.10718	5.89022e-02
0.10704	5.89391e-02
0.10694	5.89198e-02
0.10688	5.88297e-02
0.10688	5.86558e-02
0.10694	5.83905e-02
0.10705	5.80366e-02
0.10722	5.76093e-02
0.10743	5.71360e-02
0.10766	5.66440e-02
0.10786	5.61845e-02
0.10804	5.57654e-02
0.10820	5.54103e-02
0.10831	5.51380e-02
0.10838	5.49622e-02
0.10839	5.48924e-02
0.10834	5.49340e-02
0.10822	5.50833e-02
0.10803	5.53456e-02
0.10780	5.57160e-02
0.10751	5.61862e-02
0.10718	5.67437e-02
0.10680	5.73677e-02
0.10642	5.80114e-02
0.10611	5.85055e-02
0.10608	5.84930e-02
0.10622	5.81868e-02
0.10637	5.78684e-02
0.10648	5.76089e-02
0.10656	5.74110e-02
0.10662	5.72669e-02
0.10665	5.71826e-02
0.10667	5.71560e-02
0.10667	5.71844e-02
0.10667	5.72641e-02
0.10667	5.73904e-02
0.10667	5.75568e-02
0.10668	5.77559e-02
0.10672	5.79801e-02
0.10678	5.82228e-02
0.10687	5.84792e-02
0.10700	5.87461e-02
0.10717	5.90190e-02
0.10739	5.92850e-02
0.10768	5.95034e-02
0.10811	5.95529e-02
0.10883	5.91646e-02
0.10992	5.81720e-02
0.11124	5.67935e-02
0.11263	5.52820e-02
0.11406	5.37142e-02
0.11549	5.21390e-02
0.11690	5.05853e-02
0.11829	4.90738e-02
0.11964	4.76219e-02
0.12095	4.62450e-02
0.12221	4.49577e-02
0.12341	4.37736e-02
0.12456	4.27058e-02
0.12564	4.17663e-02
0.12665	4.09662e-02
0.12759	4.03152e-02
0.12845	3.98214e-02
0.12924	3.94907e-02
0.12996	3.93270e-02
0.13059	3.93314e-02
0.13113	3.95027e-02
0.13159	3.98371e-02
0.13197	4.03284e-02
0.13225	4.09682e-02
0.13245	4.17463e-02
0.13255	4.26494e-02
0.13256	4.36662e-02
0.13247	4.47831e-02
0.13230	4.59862e-02
0.13203	4.72611e-02
0.13167	4.85935e-02
0.13123	4.99689e-02
0.13070	5.13732e-02
0.13008	5.27920e-02
0.12939	5.42115e-02
0.12863	5.56176e-02
0.12779	5.69967e-02
0.12690	5.83350e-02
0.12595	5.96187e-02
0.12496	6.08345e-02
0.12392	6.19687e-02
0.12286	6.30085e-02
0.12178	6.39423e-02
0.12069	6.47602e-02
0.11961	6.54557e-02
0.11853	6.60263e-02
0.11747	6.64743e-02
0.11642	6.68062e-02
0.11539	6.70316e-02
0.11439	6.71616e-02
0.11340	6.72075e-02
0.11242	6.71789e-02
0.11147	6.70837e-02
0.11054	6.69278e-02
0.10963	6.67152e-02
0.10871	6.64701e-02
0.10781	6.61754e-02
0.10693	6.58322e-02
0.10608	6.54416e-02
0.10525	6.50050e-02
0.10443	6.45239e-02
0.10364	6.39998e-02
0.10286	6.34323e-02
0.10209	6.28230e-02
0.10133	6.21709e-02
0.10059	6.14749e-02
0.09987	6.07344e-02
0.09916	5.99508e-02
0.09847	5.91284e-02
0.09779	5.82750e-02
0.09713	5.74003e-02
0.09647	5.65064e-02
0.09583	5.56069e-02
0.09521	5.47069e-02
0.09461	5.38071e-02
0.09405	5.29031e-02
0.09354	5.19845e-02
0.09309	5.10350e-02
0.09272	5.00329e-02
0.09245	4.89534e-02
0.09229	4.77734e-02
0.09225	4.64768e-02
0.09232	4.50596e-02
0.09251	4.35306e-02
0.09277	4.19429e-02
0.09311	4.02859e-02
0.09352	3.85928e-02
0.09397	3.68993e-02
0.09446	3.52411e-02
0.09496	3.36538e-02
0.09547	3.21721e-02
0.09599	3.08296e-02
0.09649	2.96586e-02
0.09699	2.86886e-02
0.09747	2.79450e-02
0.09793	2.74469e-02
0.09837	2.72056e-02
0.09879	2.72227e-02
0.09918	2.74903e-02
0.09954	2.79920e-02
0.09988	2.87049e-02
0.10018	2.96022e-02
0.10045	3.06558e-02
0.10067	3.18308e-02
0.10086	3.31075e-02
0.10102	3.44644e-02
0.10114	3.58830e-02
0.10124	3.73470e-02
0.10131	3.88426e-02
0.10134	4.03573e-02
0.10134	4.18795e-02
0.10132	4.33980e-02
0.10126	4.49017e-02
0.10118	4.63784e-02
0.10108	4.78148e-02
0.10096	4.91953e-02
0.10083	5.05015e-02
0.10071	5.17112e-02
0.10061	5.27999e-02
0.10055	5.37443e-02
0.10054	5.45282e-02
0.10058	5.51479e-02
0.10068	5.56109e-02
0.10084	5.59327e-02
0.10105	5.61369e-02
0.10130	5.62296e-02
0.10156	5.62756e-02
0.10183	5.62983e-02
0.10209	5.63134e-02
0.10235	5.63312e-02
0.10259	5.63581e-02
0.10283	5.63987e-02
0.10305	5.64559e-02
0.10327	5.65500e-02
0.10346	5.66593e-02
0.10363	5.67852e-02
0.10378	5.69287e-02
0.10390	5.70905e-02
0.10399	5.72707e-02
0.10405	5.74689e-02
0.10409	5.76844e-02
0.10409	5.79155e-02
0.10406	5.81598e-02
0.10400	5.84135e-02
0.10391	5.86700e-02
0.10381	5.89173e-02
0.10369	5.91310e-02
0.10360	5.92548e-02
0.10361	5.91585e-02
0.10383	5.86568e-02
0.10423	5.77564e-02
0.10472	5.66418e-02
0.10521	5.54382e-02
0.10568	5.42021e-02
0.10610	5.29604e-02
0.10649	5.17256e-02
0.10683	5.05114e-02
0.10711	4.93258e-02
0.10735	4.81753e-02
0.10753	4.70657e-02
0.10766	4.60023e-02
0.10773	4.49902e-02
0.10776	4.40423e-02
0.10773	4.31563e-02
0.10766	4.23372e-02
0.10754	4.15899e-02
0.10738	4.09196e-02
0.10717	4.03314e-02
0.10693	3.98304e-02
0.10664	3.94212e-02
0.10631	3.91081e-02
0.10592	3.89143e-02
0.10548	3.88323e-02
0.10500	3.88649e-02
0.10447	3.90138e-02
0.10389	3.92790e-02
0.10327	3.96588e-02
0.10260	4.01500e-02
0.10188	4.07475e-02
0.10112	4.14448e-02
0.10032	4.22336e-02
0.09948	4.31043e-02
0.09863	4.40508e-02
0.09775	4.50563e-02
0.09685	4.61101e-02
0.09594	4.71842e-02
0.09503	4.82521e-02
0.09414	4.92767e-02
0.09330	5.02007e-02
0.09258	5.09372e-02
0.09203	5.14063e-02
0.09165	5.16317e-02
0.09138	5.17153e-02
0.09118	5.17384e-02
0.09103	5.17434e-02
0.09092	5.17475e-02
0.09084	5.17529e-02
0.09081	5.17526e-02
0.09082	5.17335e-02
0.09088	5.16812e-02
0.09098	5.15831e-02
0.09114	5.14314e-02
0.09134	5.12238e-02
0.09159	5.09455e-02
0.09187	5.06200e-02
0.09217	5.02487e-02
0.09247	4.98314e-02
0.09279	4.93664e-02
0.09310	4.88512e-02
0.09341	4.82828e-02
0.09372	4.76594e-02
0.09402	4.69814e-02
0.09431	4.62534e-02
0.09457	4.54841e-02
0.09481	4.46873e-02
0.09502	4.38806e-02
0.09519	4.30844e-02
0.09531	4.23201e-02
0.09537	4.16086e-02
0.09538	4.09689e-02
0.09533	4.04168e-02
0.09521	3.99635e-02
0.09504	3.96135e-02
0.09481	3.93618e-02
0.09454	3.91890e-02
0.09426	3.90553e-02
0.09399	3.88752e-02
0.09380	3.85184e-02
0.09373	3.78471e-02
0.09379	3.68267e-02
0.09395	3.55527e-02
0.09415	3.41528e-02
0.09434	3.27241e-02
0.09449	3.13189e-02
0.09460	2.99952e-02
0.09467	2.87901e-02
0.09469	2.77352e-02
0.09466	2.68586e-02
0.09458	2.61848e-02
0.09445	2.57333e-02
0.09426	2.55173e-02
0.09403	2.55422e-02
0.09376	2.58045e-02
0.09343	2.62920e-02
0.09307	2.69843e-02
0.09268	2.78544e-02
0.09226	2.88698e-02
0.09181	2.99929e-02
0.09137	3.11809e-02
0.09093	3.23845e-02
0.09053	3.35468e-02
0.09019	3.46056e-02
0.08994	3.55042e-02
0.08979	3.62113e-02
0.08976	3.67377e-02
0.08985	3.70900e-02
0.09001	3.73619e-02
0.09023	3.76125e-02
0.09049	3.78835e-02
0.09077	3.82005e-02
0.09106	3.85783e-02
0.09137	3.90236e-02
0.09165	3.95379e-02
0.09193	4.01188e-02
0.09222	4.07603e-02
0.09251	4.14533e-02
0.09280	4.21849e-02
0.09310	4.29374e-02
0.09341	4.36863e-02
0.09375	4.43990e-02
0.09413	4.50356e-02
0.09457	4.55529e-02
0.09506	4.59396e-02
0.09560	4.62079e-02
0.09617	4.63896e-02
0.09674	4.65183e-02
0.09730	4.66194e-02
0.09784	4.67088e-02
0.09835	4.67953e-02
0.09882	4.68826e-02
0.09925	4.69713e-02
0.09963	4.70600e-02
0.09994	4.71035e-02
0.10020	4.71369e-02
0.10041	4.71568e-02
0.10057	4.71590e-02
0.10068	4.71399e-02
0.10072	4.70959e-02
0.10071	4.70244e-02
0.10064	4.69232e-02
0.10051	4.67911e-02
0.10033	4.66277e-02
0.10009	4.64338e-02
0.09980	4.62108e-02
0.09945	4.59613e-02
0.09906	4.56889e-02
0.09862	4.53978e-02
0.09815	4.50933e-02
0.09763	4.47813e-02
0.09708	4.44683e-02
0.09651	4.41612e-02
0.09591	4.38668e-02
0.09530	4.35916e-02
0.09469	4.33451e-02
0.09409	4.31286e-02
0.09349	4.29438e-02
0.09292	4.27897e-02
0.09237	4.26626e-02
0.09187	4.25560e-02
0.09143	4.24621e-02
0.09107	4.23730e-02
0.09078	4.22820e-02
0.09059	4.21854e-02
0.09049	4.20830e-02
0.09049	4.19792e-02
0.09059	4.18843e-02
0.09078	4.18149e-02
0.09105	4.17936e-02
0.09138	4.18452e-02
0.09177	4.19940e-02
0.09220	4.22608e-02
0.09266	4.26611e-02
0.09313	4.32048e-02
0.09361	4.38954e-02
0.09409	4.47309e-02
0.09456	4.57092e-02
0.09502	4.68088e-02
0.09548	4.80091e-02
0.09593	4.92829e-02
0.09639	5.05966e-02
0.09686	5.19132e-02
0.09736	5.32006e-02
0.09789	5.44410e-02
0.09846	5.56226e-02
0.09906	5.67535e-02
0.09967	5.78254e-02
0.10031	5.88177e-02
0.10100	5.97015e-02
0.10173	6.04521e-02
0.10253	6.10642e-02
0.10336	6.15580e-02
0.10421	6.19703e-02
0.10505	6.23402e-02
0.10586	6.26998e-02
0.10663	6.30728e-02
0.10734	6.34751e-02
0.10799	6.39167e-02
0.10857	6.44023e-02
0.10910	6.49298e-02
0.10958	6.54620e-02
0.11034	6.54552e-02
0.11153	6.46601e-02
0.11271	6.37956e-02
0.11384	6.29348e-02
0.11491	6.20909e-02
0.11593	6.12687e-02
0.11689	6.04736e-02
0.11779	5.97082e-02
0.11864	5.89731e-02
0.11943	5.82674e-02
0.12018	5.75883e-02
0.12087	5.69312e-02
0.12154	5.63226e-02
0.12218	5.57253e-02
0.12277	5.51339e-02
0.12333	5.45456e-02
0.12386	5.39607e-02
0.12434	5.33834e-02
0.12478	5.28206e-02
0.12517	5.22813e-02
0.12551	5.17751e-02
0.12577	5.12806e-02
0.12596	5.08359e-02
0.12610	5.04485e-02
0.12617	5.01243e-02
0.12617	4.98682e-02
0.12611	4.96833e-02
0.12599	4.95717e-02
0.12579	4.95340e-02
0.12554	4.95695e-02
0.12521	4.96764e-02
0.12483	4.98521e-02
0.12436	5.01126e-02
0.12383	5.04353e-02
0.12325	5.08131e-02
0.12262	5.12401e-02
0.12193	5.17086e-02
0.12119	5.22098e-02
0.12042	5.27338e-02
0.11961	5.32688e-02
0.11879	5.38012e-02
0.11794	5.43155e-02
0.11710	5.47950e-02
0.11627	5.52232e-02
0.11546	5.55864e-02
0.11469	5.58759e-02
0.11394	5.60896e-02
0.11323	5.62312e-02
0.11256	5.63075e-02
0.11192	5.63253e-02
0.11131	5.62890e-02
0.11074	5.61992e-02
0.11020	5.60520e-02
0.10970	5.58232e-02
0.10924	5.55202e-02
0.10883	5.51319e-02
0.10848	5.46477e-02
0.10820	5.40591e-02
0.10797	5.33610e-02
0.10782	5.25527e-02
0.10772	5.16380e-02
0.10768	5.06257e-02
0.10768	4.95291e-02
0.10772	4.83660e-02
0.10778	4.71578e-02
0.10785	4.59284e-02
0.10792	4.47034e-02
0.10797	4.35087e-02
0.10799	4.23701e-02
0.10798	4.13122e-02
0.10792	4.03579e-02
0.10780	3.95276e-02
0.10761	3.88386e-02
0.10736	3.83042e-02
0.10704	3.79334e-02
0.10661	3.77164e-02
0.10611	3.76705e-02
0.10553	3.77899e-02
0.10488	3.80641e-02
0.10416	3.84781e-02
0.10336	3.90134e-02
0.10251	3.96488e-02
0.10160	4.03606e-02
0.10066	4.11236e-02
0.09969	4.19104e-02
0.09870	4.26927e-02
0.09772	4.34417e-02
0.09677	4.41279e-02
0.09586	4.47232e-02
0.09502	4.52039e-02
0.09425	4.55544e-02
0.09358	4.57714e-02
0.09300	4.58644e-02
0.09251	4.58522e-02
0.09210	4.57579e-02
0.09177	4.56038e-02
0.09151	4.54081e-02
0.09132	4.51837e-02
0.09119	4.49383e-02
0.09113	4.46747e-02
0.09113	4.43933e-02
0.09120	4.40943e-02
0.09133	4.37794e-02
0.09151	4.34536e-02
0.09175	4.31254e-02
0.09202	4.28042e-02
0.09232	4.25024e-02
0.09265	4.22301e-02
0.09301	4.19952e-02
0.09337	4.18037e-02
0.09375	4.16597e-02
0.09414	4.15656e-02
0.09452	4.15390e-02
0.09490	4.15656e-02
0.09529	4.16447e-02
0.09568	4.17749e-02
0.09607	4.19539e-02
0.09647	4.21782e-02
0.09688	4.24433e-02
0.09729	4.27429e-02
0.09772	4.30696e-02
0.09814	4.34202e-02
0.09857	4.37760e-02
0.09902	4.41249e-02
0.09949	4.44548e-02
0.09998	4.47544e-02
0.10049	4.50141e-02
0.10103	4.52268e-02
0.10159	4.53887e-02
0.10216	4.54991e-02
0.10275	4.55605e-02
0.10334	4.55774e-02
0.10394	4.55530e-02
0.10453	4.54979e-02
0.10510	4.54178e-02
0.10566	4.53236e-02
0.10618	4.52235e-02
0.10667	4.51255e-02
0.10712	4.50377e-02
0.10753	4.49677e-02
0.10789	4.49230e-02
0.10821	4.49104e-02
0.10848	4.49361e-02
0.10871	4.50054e-02
0.10889	4.51224e-02
0.10903	4.52901e-02
0.10912	4.55101e-02
0.10917	4.57824e-02
0.10918	4.61057e-02
0.10914	4.64770e-02
0.10907	4.68923e-02
0.10896	4.73459e-02
0.10881	4.78313e-02
0.10867	4.83227e-02
0.10849	4.88271e-02
0.10828	4.93362e-02
0.10804	4.98412e-02
0.10777	5.03323e-02
0.10748	5.07988e-02
0.10718	5.12292e-02
0.10686	5.16108e-02
0.10654	5.19309e-02
0.10621	5.21772e-02
0.10590	5.23402e-02
0.10560	5.24149e-02
0.10532	5.24023e-02
0.10504	5.23085e-02
0.10478	5.21428e-02
0.10453	5.19150e-02
0.10428	5.16332e-02
0.10404	5.13023e-02
0.10380	5.09241e-02
0.10357	5.04973e-02
0.10335	5.00181e-02
0.10315	4.94818e-02
0.10295	4.88854e-02
0.10278	4.82236e-02
0.10263	4.74959e-02
0.10251	4.67042e-02
0.10241	4.58535e-02
0.10234	4.49510e-02
0.10229	4.40056e-02
0.10227	4.30274e-02
0.10225	4.20093e-02
0.10225	4.09795e-02
0.10227	3.99516e-02
0.10230	3.89404e-02
0.10234	3.79620e-02
0.10239	3.70334e-02
0.10244	3.61724e-02
0.10248	3.53966e-02
0.10252	3.47229e-02
0.10254	3.41669e-02
0.10254	3.37413e-02
0.10253	3.34555e-02
0.10249	3.33147e-02
0.10243	3.33191e-02
0.10234	3.34641e-02
0.10221	3.37400e-02
0.10206	3.41328e-02
0.10187	3.46249e-02
0.10165	3.51959e-02
0.10139	3.58235e-02
0.10111	3.64840e-02
0.10079	3.71533e-02
0.10044	3.78155e-02
0.10007	3.84359e-02
0.09970	3.89914e-02
0.09932	3.94599e-02
0.09895	3.98219e-02
0.09859	4.00619e-02
0.09825	4.01702e-02
0.09793	4.01356e-02
0.09764	3.99676e-02
0.09737	3.96742e-02
0.09711	3.92657e-02
0.09687	3.87531e-02
0.09665	3.81464e-02
0.09644	3.74549e-02
0.09623	3.66872e-02
0.09604	3.58526e-02
0.09585	3.49840e-02
0.09567	3.40710e-02
0.09548	3.31286e-02
0.09529	3.21741e-02
0.09509	3.12263e-02
0.09488	3.03048e-02
0.09465	2.94296e-02
0.09440	2.86202e-02
0.09413	2.78954e-02
0.09385	2.72721e-02
0.09354	2.67651e-02
0.09320	2.63810e-02
0.09285	2.61361e-02
0.09244	2.60602e-02
0.09203	2.61285e-02
0.09161	2.63404e-02
0.09118	2.66923e-02
0.09076	2.71785e-02
0.09034	2.77921e-02
0.08993	2.85250e-02
0.08952	2.93687e-02
0.08912	3.03145e-02
0.08874	3.13539e-02
0.08837	3.24785e-02
0.08801	3.36805e-02
0.08767	3.49521e-02
0.08734	3.62862e-02
0.08702	3.76756e-02
0.08672	3.91124e-02
0.08644	4.05860e-02
0.08618	4.20731e-02
0.08600	4.34675e-02
0.08610	4.43541e-02
0.08643	4.48686e-02
0.08682	4.53591e-02
0.08724	4.58852e-02
0.08766	4.64557e-02
0.08810	4.70702e-02
0.08854	4.77253e-02
0.08899	4.84160e-02
0.08944	4.91369e-02
0.08989	4.98819e-02
0.09035	5.06448e-02
0.09080	5.14189e-02
0.09126	5.21981e-02
0.09172	5.29759e-02
0.09218	5.37463e-02
0.09264	5.45035e-02
0.09312	5.52419e-02
0.09360	5.59564e-02
0.09409	5.66421e-02
0.09459	5.72948e-02
0.09511	5.79107e-02
0.09564	5.84871e-02
0.09616	5.89894e-02
0.09670	5.94516e-02
0.09724	5.98741e-02
0.09780	6.02585e-02
0.09836	6.06074e-02
0.09892	6.09239e-02
0.09948	6.12118e-02
0.10004	6.14752e-02
0.10058	6.16993e-02
0.10111	6.19056e-02
0.10163	6.20983e-02
0.10213	6.22817e-02
0.10261	6.24597e-02
0.10307	6.26365e-02
0.10350	6.28162e-02
0.10390	6.30029e-02
0.10428	6.32010e-02
0.10462	6.34150e-02
0.10493	6.36494e-02
0.10521	6.39090e-02
0.10546	6.41984e-02
0.10567	6.45220e-02
0.10586	6.48842e-02
0.10602	6.52888e-02
0.10616	6.57389e-02
0.10628	6.62370e-02
0.10638	6.67843e-02
0.10647	6.73809e-02
0.10655	6.80251e-02
0.10663	6.87134e-02
0.10670	6.94294e-02
0.10679	7.01732e-02
0.10690	7.09309e-02
0.10704	7.16823e-02
0.10724	7.23990e-02
0.10752	7.30422e-02
0.10792	7.35629e-02
0.10847	7.38962e-02
0.10920	7.40129e-02
0.11011	7.38961e-02
0.11118	7.35529e-02
0.11238	7.30094e-02
0.11368	7.23062e-02
0.11504	7.14882e-02
0.11643	7.05939e-02
0.11782	6.96524e-02
0.11914	6.87317e-02
0.12043	6.78032e-02
0.12169	6.68792e-02
0.12290	6.59701e-02
0.12406	6.50851e-02
0.12517	6.42324e-02
0.12622	6.34195e-02
0.12722	6.26532e-02
0.12815	6.19401e-02
0.12902	6.12862e-02
0.12983	6.06971e-02
0.13055	6.01882e-02
0.13121	5.97540e-02
0.13179	5.93913e-02
0.13231	5.91075e-02
0.13276	5.89036e-02
0.13315	5.87794e-02
0.13346	5.87327e-02
0.13371	5.87591e-02
0.13389	5.88515e-02
0.13401	5.89994e-02
0.13407	5.91885e-02
0.13406	5.93992e-02
0.13401	5.96062e-02
0.13392	5.97775e-02
0.13381	5.98748e-02
0.13368	5.98564e-02
0.13357	5.96840e-02
0.13347	5.93324e-02
0.13339	5.87973e-02
0.13331	5.80952e-02
0.13322	5.72564e-02
0.13311	5.63172e-02
0.13295	5.53087e-02
0.13274	5.42604e-02
0.13246	5.31971e-02
0.13212	5.21395e-02
0.13170	5.11050e-02
0.13120	5.01082e-02
0.13064	4.91615e-02
0.12999	4.82747e-02
0.12928	4.74559e-02
0.12850	4.67105e-02
0.12765	4.60423e-02
0.12675	4.54530e-02
0.12580	4.49428e-02
0.12480	4.45110e-02
0.12376	4.41566e-02
0.12268	4.38790e-02
0.12158	4.36783e-02
0.12044	4.35555e-02
0.11928	4.35118e-02
0.11810	4.35484e-02
0.11690	4.36655e-02
0.11568	4.38614e-02
0.11445	4.41333e-02
0.11320	4.44758e-02
0.11195	4.48823e-02
0.11069	4.53446e-02
0.10943	4.58538e-02
0.10818	4.64010e-02
0.10693	4.69773e-02
0.10573	4.75454e-02
0.10454	4.81226e-02
0.10338	4.87027e-02
0.10224	4.92801e-02
0.10114	4.98496e-02
0.10007	5.04050e-02
0.09904	5.09368e-02
0.09807	5.14302e-02
0.09717	5.18604e-02
0.09637	5.21898e-02
0.09569	5.23711e-02
0.09517	5.23654e-02
0.09479	5.21706e-02
0.09456	5.18256e-02
0.09443	5.13858e-02
0.09438	5.08983e-02
0.09440	5.03957e-02
0.09446	4.98979e-02
0.09457	4.94163e-02
0.09472	4.89569e-02
0.09491	4.85227e-02
0.09515	4.81151e-02
0.09542	4.77345e-02
0.09572	4.73828e-02
0.09606	4.70628e-02
0.09644	4.67786e-02
0.09684	4.65355e-02
0.09726	4.63391e-02
0.09771	4.61943e-02
0.09815	4.61115e-02
0.09862	4.60758e-02
0.09911	4.60550e-02
0.09968	4.59555e-02
0.10037	4.56600e-02
0.10114	4.52243e-02
0.10194	4.47617e-02
0.10274	4.43215e-02
0.10353	4.39202e-02
0.10431	4.35631e-02
0.10507	4.32507e-02
0.10581	4.29833e-02
0.10653	4.27617e-02
0.10722	4.25874e-02
0.10788	4.24633e-02
0.10850	4.23924e-02
0.10909	4.23785e-02
0.10964	4.24249e-02
0.11013	4.25343e-02
0.11058	4.27085e-02
0.11096	4.29354e-02
0.11128	4.32259e-02
0.11152	4.35790e-02
0.11170	4.39909e-02
0.11182	4.44558e-02
0.11188	4.49664e-02
0.11189	4.55135e-02
0.11184	4.60859e-02
0.11175	4.66703e-02
0.11162	4.72518e-02
0.11145	4.78139e-02
0.11126	4.83395e-02
0.11104	4.88123e-02
0.11082	4.92187e-02
0.11060	4.95508e-02
0.11038	4.98080e-02
0.11016	4.99980e-02
0.10993	5.01359e-02
0.10969	5.02413e-02
0.10944	5.03358e-02
0.10916	5.04403e-02
0.10883	5.05625e-02
0.10847	5.07298e-02
0.10807	5.09534e-02
0.10764	5.12409e-02
0.10717	5.15955e-02
0.10667	5.20168e-02
0.10613	5.25004e-02
0.10556	5.30380e-02
0.10497	5.36174e-02
0.10435	5.42216e-02
0.10373	5.48284e-02
0.10311	5.54093e-02
0.10250	5.59310e-02
0.10194	5.63593e-02
0.10142	5.66692e-02
0.10095	5.68541e-02
0.10053	5.69247e-02
0.10015	5.69000e-02
0.09979	5.67969e-02
0.09944	5.66247e-02
0.09911	5.63832e-02
0.09881	5.60608e-02
0.09854	5.56328e-02
0.09833	5.50649e-02
0.09818	5.43316e-02
0.09810	5.34387e-02
0.09806	5.24182e-02
0.09804	5.13052e-02
0.09802	5.01256e-02
0.09799	4.88965e-02
0.09795	4.76279e-02
0.09788	4.63305e-02
0.09778	4.50119e-02
0.09765	4.36791e-02
0.09749	4.23391e-02
0.09728	4.09986e-02
0.09703	3.96642e-02
0.09673	3.83422e-02
0.09638	3.70386e-02
0.09598	3.57592e-02
0.09553	3.45093e-02
0.09502	3.32940e-02
0.09447	3.21183e-02
0.09386	3.09872e-02
0.09321	2.99064e-02
0.09251	2.88822e-02
0.09177	2.79223e-02
0.09099	2.70363e-02
0.09017	2.62363e-02
0.08932	2.55367e-02
0.08844	2.49550e-02
0.08752	2.45108e-02
0.08657	2.42261e-02
0.08560	2.41221e-02
0.08459	2.42181e-02
0.08357	2.45293e-02
0.08252	2.50653e-02
0.08145	2.58295e-02
0.08036	2.68186e-02
0.07924	2.80188e-02
0.07812	2.94215e-02
0.07698	3.10095e-02
0.07583	3.27626e-02
0.07468	3.46577e-02
0.07354	3.66682e-02
0.07242	3.87614e-02
0.07134	4.08943e-02
0.07035	4.30095e-02
0.06951	4.50430e-02
0.06885	4.69424e-02
0.06838	4.87253e-02
0.06806	5.04660e-02
0.06784	5.22378e-02
0.06767	5.40844e-02
0.06754	5.60227e-02
0.06743	5.80526e-02
0.06733	6.01632e-02
0.06724	6.23328e-02
0.06727	6.44410e-02
0.06792	6.59737e-02
0.06873	6.73996e-02
0.06964	6.87736e-02
0.07066	7.00698e-02
0.07177	7.13104e-02
0.07294	7.24982e-02
0.07420	7.35992e-02
0.07558	7.45739e-02
0.07707	7.54215e-02
0.07862	7.61683e-02
0.08022	7.68299e-02
0.08186	7.74044e-02
0.08353	7.78788e-02
0.08525	7.82390e-02
0.08701	7.84782e-02
0.08880	7.86008e-02
0.09060	7.86179e-02
0.09240	7.85425e-02
0.09417	7.83856e-02
0.09592	7.81561e-02
0.09762	7.78609e-02
0.09922	7.75485e-02
0.10076	7.71827e-02
0.10224	7.67665e-02
0.10364	7.63022e-02
0.10498	7.57912e-02
0.10624	7.52346e-02
0.10743	7.46323e-02
0.10854	7.39835e-02
0.10958	7.32863e-02
0.11054	7.25383e-02
0.11142	7.17360e-02
0.11223	7.08762e-02
0.11296	6.99555e-02
0.11363	6.89718e-02
0.11421	6.79243e-02
0.11473	6.68145e-02
0.11516	6.56455e-02
0.11551	6.44225e-02
0.11577	6.31520e-02
0.11594	6.18411e-02
0.11602	6.04971e-02
0.11599	5.91276e-02
0.11586	5.77413e-02
0.11563	5.63438e-02
0.11528	5.49417e-02
0.11484	5.35417e-02
0.11429	5.21503e-02
0.11363	5.07740e-02
0.11287	4.94196e-02
0.11201	4.80936e-02
0.11105	4.68061e-02
0.10999	4.55607e-02
0.10885	4.43642e-02
0.10762	4.32231e-02
0.10631	4.21434e-02
0.10493	4.11307e-02
0.10347	4.01896e-02
0.10196	3.93239e-02
0.10040	3.85362e-02
0.09878	3.78281e-02
0.09713	3.71999e-02
0.09545	3.66505e-02
0.09375	3.61776e-02
0.09204	3.57774e-02
0.09033	3.54450e-02
0.08862	3.51737e-02
0.08694	3.49552e-02
0.08529	3.47786e-02
0.08368	3.46296e-02
0.08214	3.44879e-02
0.08068	3.43246e-02
0.07933	3.40988e-02
0.07813	3.37391e-02
0.07710	3.32102e-02
0.07627	3.24918e-02
0.07561	3.16071e-02
0.07510	3.06037e-02
0.07474	2.95266e-02
0.07451	2.84069e-02
0.07438	2.72564e-02
0.07436	2.60964e-02
0.07444	2.49402e-02
0.07462	2.38064e-02
0.07488	2.27204e-02
0.07521	2.17148e-02
0.07560	2.08266e-02
0.07603	2.00944e-02
0.07651	1.95547e-02
0.07700	1.92438e-02
0.07752	1.91817e-02
0.07805	1.93733e-02
0.07860	1.98089e-02
0.07915	2.04663e-02
0.07971	2.13159e-02
0.08027	2.23243e-02
0.08084	2.34587e-02
0.08141	2.46885e-02
0.08198	2.59861e-02
0.08257	2.73264e-02
0.08317	2.86859e-02
0.08378	3.00405e-02
0.08444	3.13289e-02
0.08514	3.25522e-02
0.08588	3.36776e-02
0.08668	3.46715e-02
0.08757	3.55060e-02
0.08853	3.61672e-02
0.08956	3.66606e-02
0.09066	3.70082e-02
0.09181	3.72404e-02
0.09299	3.73880e-02
0.09419	3.74785e-02
0.09540	3.75342e-02
0.09660	3.75733e-02
0.09778	3.76103e-02
0.09894	3.76569e-02
0.10008	3.77231e-02
0.10118	3.78170e-02
0.10224	3.79461e-02
0.10326	3.81165e-02
0.10422	3.83391e-02
0.10513	3.86152e-02
0.10598	3.89493e-02
0.10678	3.93455e-02
0.10751	3.98067e-02
0.10817	4.03351e-02
0.10876	4.09318e-02
0.10928	4.15969e-02
0.10973	4.23294e-02
0.11010	4.31270e-02
0.11038	4.39867e-02
0.11059	4.49044e-02
0.11071	4.58755e-02
0.11075	4.68943e-02
0.11070	4.79549e-02
0.11058	4.90505e-02
0.11038	5.01739e-02
0.11011	5.13170e-02
0.10977	5.24709e-02
0.10936	5.36252e-02
0.10891	5.47679e-02
0.10841	5.58842e-02
0.10789	5.69557e-02
0.10735	5.79599e-02
0.10683	5.88710e-02
0.10634	5.96635e-02
0.10589	6.03195e-02
0.10551	6.08352e-02
0.10518	6.12193e-02
0.10492	6.14854e-02
0.10470	6.16485e-02
0.10452	6.17151e-02
0.10440	6.16920e-02
0.10432	6.15868e-02
0.10428	6.14088e-02
0.10426	6.11696e-02
0.10427	6.08827e-02
0.10429	6.05616e-02
0.10432	6.02199e-02
0.10434	5.98700e-02
0.10435	5.95231e-02
0.10434	5.91890e-02
0.10432	5.88764e-02
0.10426	5.85926e-02
0.10418	5.83437e-02
0.10406	5.81349e-02
0.10392	5.79701e-02
0.10374	5.78520e-02
0.10352	5.77822e-02
0.10328	5.77612e-02
0.10300	5.77881e-02
0.10270	5.78611e-02
0.10237	5.79771e-02
0.10201	5.81321e-02
0.10164	5.83214e-02
0.10125	5.85396e-02
0.10084	5.87805e-02
0.10042	5.90380e-02
0.09999	5.93053e-02
0.09954	5.95438e-02
0.09909	5.97774e-02
0.09865	5.99979e-02
0.09821	6.01949e-02
0.09779	6.03542e-02
0.09740	6.04558e-02
0.09706	6.04705e-02
0.09678	6.03615e-02
0.09660	6.00965e-02
0.09649	5.96730e-02
0.09644	5.91157e-02
0.09644	5.84594e-02
0.09645	5.77344e-02
0.09646	5.69614e-02
0.09646	5.61537e-02
0.09644	5.53198e-02
0.09640	5.44648e-02
0.09633	5.35924e-02
0.09622	5.27050e-02
0.09608	5.18045e-02
0.09591	5.08907e-02
0.09569	4.99685e-02
0.09543	4.90388e-02
0.09513	4.81027e-02
0.09478	4.71611e-02
0.09439	4.62149e-02
0.09396	4.52650e-02
0.09349	4.43125e-02
0.09299	4.33584e-02
0.09246	4.24040e-02
0.09191	4.14507e-02
0.09133	4.05003e-02
0.09075	3.95547e-02
0.09016	3.86160e-02
0.08957	3.76866e-02
0.08898	3.67690e-02
0.08841	3.58655e-02
0.08786	3.49781e-02
0.08733	3.41083e-02
0.08683	3.32570e-02
0.08638	3.24243e-02
0.08597	3.16092e-02
0.08561	3.08102e-02
0.08532	3.00249e-02
0.08509	2.92507e-02
0.08492	2.84854e-02
0.08484	2.77273e-02
0.08482	2.69755e-02
0.08489	2.62308e-02
0.08503	2.54947e-02
0.08524	2.47699e-02
0.08552	2.40598e-02
0.08586	2.33679e-02
0.08627	2.26982e-02
0.08672	2.20547e-02
0.08722	2.14419e-02
0.08776	2.08649e-02
0.08832	2.03296e-02
0.08892	1.98431e-02
0.08953	1.94133e-02
0.09015	1.90492e-02
0.09078	1.87603e-02
0.09142	1.85565e-02
0.09205	1.84470e-02
0.09268	1.84397e-02
0.09330	1.85410e-02
0.09391	1.87544e-02
0.09450	1.90810e-02
0.09508	1.95188e-02
0.09564	2.00633e-02
0.09619	2.07076e-02
0.09672	2.14430e-02
0.09723	2.22596e-02
0.09772	2.31466e-02
0.09820	2.40928e-02
0.09865	2.50868e-02
0.09910	2.61177e-02
0.09952	2.71744e-02
0.09993	2.82464e-02
0.10033	2.93238e-02
0.10072	3.03966e-02
0.10109	3.14557e-02
0.10146	3.24918e-02
0.10181	3.34958e-02
0.10217	3.44587e-02
0.10252	3.53714e-02
0.10286	3.62245e-02
0.10321	3.70083e-02
0.10357	3.77132e-02
0.10392	3.83294e-02
0.10429	3.88477e-02
0.10466	3.92599e-02
0.10503	3.95592e-02
0.10541	3.97413e-02
0.10579	3.98029e-02
0.10616	3.97438e-02
0.10653	3.95659e-02
0.10689	3.92728e-02
0.10723	3.88696e-02
0.10755	3.83623e-02
0.10784	3.77578e-02
0.10809	3.70635e-02
0.10830	3.62874e-02
0.10847	3.54380e-02
0.10859	3.45247e-02
0.10867	3.35574e-02
0.10869	3.25475e-02
0.10867	3.15066e-02
0.10859	3.04481e-02
0.10847	2.93871e-02
0.10829	2.83404e-02
0.10807	2.73267e-02
0.10781	2.63671e-02
0.10750	2.54849e-02
0.10715	2.47056e-02
0.10677	2.40563e-02
0.10636	2.35649e-02
0.10592	2.32586e-02
0.10546	2.31613e-02
0.10498	2.32921e-02
0.10448	2.36614e-02
0.10397	2.42765e-02
0.10344	2.51253e-02
0.10292	2.62038e-02
0.10239	2.74934e-02
0.10188	2.89714e-02
0.10137	3.06123e-02
0.10087	3.23893e-02
0.10039	3.42745e-02
0.09994	3.62390e-02
0.09952	3.82527e-02
0.09914	4.02838e-02
0.09882	4.22980e-02
0.09857	4.42568e-02
0.09843	4.61150e-02
0.09842	4.78120e-02
0.09860	4.92561e-02
0.09904	5.03254e-02
0.09978	5.09563e-02
0.10077	5.12388e-02
0.10193	5.13234e-02
0.10318	5.13067e-02
0.10450	5.12637e-02
0.10586	5.12309e-02
0.10726	5.12285e-02
0.10867	5.12669e-02
0.11011	5.13491e-02
0.11155	5.14733e-02
0.11299	5.16345e-02
0.11445	5.18265e-02
0.11591	5.20433e-02
0.11736	5.22808e-02
0.11881	5.25376e-02
0.12025	5.28150e-02
0.12166	5.31164e-02
0.12305	5.34465e-02
0.12440	5.38098e-02
0.12571	5.42109e-02
0.12697	5.46530e-02
0.12817	5.51384e-02
0.12931	5.56684e-02
0.13037	5.62430e-02
0.13136	5.68617e-02
0.13225	5.75449e-02
0.13306	5.82676e-02
0.13377	5.90269e-02
0.13439	5.98195e-02
0.13492	6.06421e-02
0.13534	6.14910e-02
0.13566	6.23623e-02
0.13589	6.32518e-02
0.13600	6.41549e-02
0.13601	6.50660e-02
0.13592	6.59768e-02
0.13574	6.68673e-02
0.13550	6.76437e-02
0.13546	6.78091e-02
0.13561	6.74039e-02
0.13571	6.68868e-02
0.13572	6.63345e-02
0.13563	6.57609e-02
0.13546	6.51696e-02
0.13519	6.45617e-02
0.13484	6.39376e-02
0.13440	6.32973e-02
0.13387	6.26408e-02
0.13327	6.19682e-02
0.13259	6.12798e-02
0.13184	6.05760e-02
0.13102	5.98575e-02
0.13013	5.91253e-02
0.12919	5.83805e-02
0.12819	5.76247e-02
0.12712	5.68848e-02
0.12600	5.61412e-02
0.12483	5.53945e-02
0.12363	5.46446e-02
0.12240	5.38903e-02
0.12114	5.31281e-02
0.11987	5.23518e-02
0.11860	5.15576e-02
0.11735	5.07233e-02
0.11612	4.98284e-02
0.11494	4.88494e-02
0.11382	4.77650e-02
0.11277	4.65638e-02
0.11179	4.52494e-02
0.11089	4.38486e-02
0.11006	4.23972e-02
0.10929	4.09390e-02
0.10856	3.95111e-02
0.10789	3.81505e-02
0.10727	3.68906e-02
0.10669	3.57598e-02
0.10616	3.47822e-02
0.10570	3.39762e-02
0.10530	3.33542e-02
0.10497	3.29219e-02
0.10472	3.26778e-02
0.10456	3.26138e-02
0.10447	3.27392e-02
0.10448	3.30180e-02
0.10462	3.33952e-02
0.10488	3.38804e-02
0.10526	3.44500e-02
0.10576	3.50827e-02
0.10638	3.57601e-02
0.10712	3.64681e-02
0.10798	3.71969e-02
0.10894	3.79410e-02
0.11000	3.86985e-02
0.11114	3.94707e-02
0.11235	4.02605e-02
0.11362	4.10724e-02
0.11493	4.19114e-02
0.11627	4.27823e-02
0.11763	4.36894e-02
0.11899	4.46360e-02
0.12034	4.56243e-02
0.12167	4.66552e-02
0.12297	4.77282e-02
0.12423	4.88414e-02
0.12544	4.99917e-02
0.12660	5.11744e-02
0.12769	5.23836e-02
0.12871	5.36121e-02
0.12967	5.48507e-02
0.13055	5.60886e-02
0.13135	5.73123e-02
0.13209	5.85053e-02
0.13276	5.96473e-02
0.13337	6.07153e-02
0.13394	6.16853e-02
0.13447	6.25378e-02
0.13496	6.32633e-02
0.13542	6.38654e-02
0.13585	6.43583e-02
0.13622	6.47611e-02
0.13655	6.50933e-02
0.13682	6.53722e-02
0.13703	6.56118e-02
0.13718	6.58232e-02
0.13726	6.60149e-02
0.13730	6.62014e-02
0.13728	6.63793e-02
0.13720	6.65520e-02
0.13706	6.67219e-02
0.13686	6.68905e-02
0.13660	6.70584e-02
0.13629	6.72259e-02
0.13592	6.73923e-02
0.13551	6.75498e-02
0.13504	6.76994e-02
0.13453	6.78380e-02
0.13398	6.79603e-02
0.13338	6.80569e-02
0.13276	6.81101e-02
0.13214	6.80818e-02
0.13155	6.78881e-02
0.13108	6.73823e-02
0.13076	6.64837e-02
0.13055	6.53019e-02
0.13037	6.39686e-02
0.13018	6.25525e-02
0.12998	6.10849e-02
0.12976	5.95820e-02
0.12951	5.80538e-02
0.12924	5.65089e-02
0.12894	5.49553e-02
0.12862	5.34017e-02
0.12826	5.18577e-02
0.12788	5.03340e-02
0.12747	4.88421e-02
0.12703	4.73920e-02
0.12655	4.59997e-02
0.12604	4.46792e-02
0.12550	4.34444e-02
0.12492	4.23091e-02
0.12431	4.12866e-02
0.12365	4.03894e-02
0.12296	3.96293e-02
0.12224	3.90147e-02
0.12147	3.85526e-02
0.12068	3.82476e-02
0.11984	3.81013e-02
0.11897	3.81130e-02
0.11806	3.82683e-02
0.11712	3.85747e-02
0.11615	3.90252e-02
0.11514	3.96193e-02
0.11410	4.03423e-02
0.11304	4.11843e-02
0.11195	4.21351e-02
0.11084	4.31847e-02
0.10971	4.43233e-02
0.10856	4.55416e-02
0.10738	4.68307e-02
0.10619	4.81818e-02
0.10499	4.95852e-02
0.10377	5.10263e-02
0.10259	5.24357e-02
0.10209	5.25851e-02
0.10222	5.15190e-02
0.10237	5.04905e-02
0.10250	4.95694e-02
0.10261	4.87719e-02
0.10269	4.81084e-02
0.10273	4.75867e-02
0.10274	4.72127e-02
0.10272	4.69902e-02
0.10266	4.69203e-02
0.10256	4.70012e-02
0.10242	4.72275e-02
0.10224	4.75901e-02
0.10202	4.80761e-02
0.10176	4.86684e-02
0.10147	4.93457e-02
0.10116	5.00829e-02
0.10084	5.08512e-02
0.10052	5.16191e-02
0.10023	5.23547e-02
0.09995	5.30206e-02
0.09972	5.35990e-02
0.09954	5.40723e-02
0.09944	5.44314e-02
0.09940	5.46813e-02
0.09941	5.48438e-02
0.09946	5.49519e-02
0.09952	5.50381e-02
0.09959	5.51273e-02
0.09965	5.52359e-02
0.09969	5.53727e-02
0.09971	5.55407e-02
0.09972	5.57373e-02
0.09970	5.59537e-02
0.09968	5.61716e-02
0.09967	5.63566e-02
0.09970	5.64495e-02
0.09981	5.63842e-02
0.10000	5.61519e-02
0.10023	5.58117e-02
0.10046	5.54251e-02
0.10068	5.50286e-02
0.10087	5.46420e-02
0.10103	5.42742e-02
0.10115	5.39308e-02
0.10123	5.36154e-02
0.10127	5.33304e-02
0.10128	5.30773e-02
0.10124	5.28571e-02
0.10116	5.26700e-02
0.10104	5.25154e-02
0.10088	5.23920e-02
0.10069	5.22977e-02
0.10046	5.22297e-02
0.10020	5.21840e-02
0.09992	5.21563e-02
0.09960	5.21412e-02
0.09927	5.21328e-02
0.09892	5.21245e-02
0.09855	5.21092e-02
0.09818	5.20792e-02
0.09781	5.20266e-02
0.09745	5.19430e-02
0.09710	5.18202e-02
0.09676	5.16502e-02
0.09645	5.14254e-02
0.09618	5.11395e-02
0.09593	5.07879e-02
0.09573	5.03681e-02
0.09557	4.98802e-02
0.09545	4.93270e-02
0.09537	4.87136e-02
0.09532	4.80236e-02
0.09530	4.72882e-02
0.09531	4.65167e-02
0.09535	4.57185e-02
0.09542	4.49024e-02
0.09550	4.40764e-02
0.09561	4.32469e-02
0.09572	4.24191e-02
0.09584	4.15970e-02
0.09598	4.07835e-02
0.09614	3.99808e-02
0.09631	3.91915e-02
0.09649	3.84195e-02
0.09668	3.76692e-02
0.09688	3.69503e-02
0.09708	3.62745e-02
0.09729	3.56500e-02
0.09749	3.51009e-02
0.09769	3.46461e-02
0.09786	3.43042e-02
0.09802	3.40926e-02
0.09816	3.40259e-02
0.09828	3.41149e-02
0.09836	3.43658e-02
0.09842	3.47805e-02
0.09846	3.53561e-02
0.09846	3.60858e-02
0.09843	3.69515e-02
0.09838	3.79476e-02
0.09830	3.90537e-02
0.09820	4.02600e-02
0.09808	4.15507e-02
0.09793	4.29101e-02
0.09776	4.43226e-02
0.09757	4.57725e-02
0.09736	4.72446e-02
0.09714	4.87237e-02
0.09692	5.01913e-02
0.09669	5.16362e-02
0.09646	5.30435e-02
0.09623	5.43978e-02
0.09602	5.56840e-02
0.09583	5.68864e-02
0.09567	5.79897e-02
0.09556	5.89790e-02
0.09549	5.98412e-02
0.09548	6.05654e-02
0.09553	6.11446e-02
0.09565	6.15760e-02
0.09582	6.18621e-02
0.09606	6.20087e-02
0.09635	6.20243e-02
0.09669	6.19184e-02
0.09706	6.17009e-02
0.09747	6.13814e-02
0.09790	6.09691e-02
0.09834	6.04729e-02
0.09879	5.99020e-02
0.09924	5.92652e-02
0.09969	5.85718e-02
0.10013	5.78308e-02
0.10056	5.70516e-02
0.10096	5.62432e-02
0.10133	5.54142e-02
0.10167	5.45733e-02
0.10197	5.37285e-02
0.10222	5.28874e-02
0.10244	5.20573e-02
0.10260	5.12450e-02
0.10270	5.04570e-02
0.10276	4.96993e-02
0.10275	4.89775e-02
0.10269	4.82970e-02
0.10257	4.76625e-02
0.10238	4.70787e-02
0.10213	4.65495e-02
0.10182	4.60781e-02
0.10145	4.56673e-02
0.10100	4.53207e-02
0.10049	4.50369e-02
0.09992	4.48148e-02
0.09929	4.46517e-02
0.09860	4.45425e-02
0.09786	4.44796e-02
0.09707	4.44525e-02
0.09624	4.44463e-02
0.09539	4.44416e-02
0.09452	4.44125e-02
0.09365	4.43262e-02
0.09282	4.41447e-02
0.09202	4.38299e-02
0.09130	4.33551e-02
0.09064	4.27156e-02
0.09005	4.19315e-02
0.08950	4.10390e-02
0.08899	4.00794e-02
0.08849	3.90912e-02
0.08800	3.81080e-02
0.08750	3.71584e-02
0.08700	3.62666e-02
0.08648	3.54541e-02
0.08595	3.47393e-02
0.08541	3.41381e-02
0.08486	3.36643e-02
0.08429	3.33289e-02
0.08371	3.31396e-02
0.08312	3.31014e-02
0.08252	3.32056e-02
0.08190	3.34606e-02
0.08127	3.38619e-02
0.08064	3.44016e-02
0.07999	3.50698e-02
0.07934	3.58545e-02
0.07867	3.67566e-02
0.07799	3.77481e-02
0.07731	3.88127e-02
0.07663	3.99331e-02
0.07595	4.10845e-02
0.07529	4.22365e-02
0.07468	4.33452e-02
0.07416	4.43508e-02
0.07375	4.51988e-02
0.07346	4.58885e-02
0.07327	4.64778e-02
0.07314	4.70271e-02
0.07305	4.75487e-02
0.07310	4.79101e-02
0.07328	4.81059e-02
0.07351	4.82707e-02
0.07402	4.80318e-02
0.07462	4.76894e-02
0.07520	4.74023e-02
0.07575	4.71772e-02
0.07627	4.70140e-02
0.07676	4.69103e-02
0.07722	4.68622e-02
0.07765	4.68641e-02
0.07803	4.69324e-02
0.07840	4.70317e-02
0.07874	4.71512e-02
0.07907	4.72780e-02
0.07940	4.73980e-02
0.07972	4.74966e-02
0.08005	4.75595e-02
0.08039	4.75754e-02
0.08074	4.75369e-02
0.08111	4.74412e-02
0.08148	4.72902e-02
0.08185	4.70876e-02
0.08222	4.68398e-02
0.08258	4.65526e-02
0.08293	4.62309e-02
0.08325	4.58788e-02
0.08355	4.54998e-02
0.08381	4.50965e-02
0.08405	4.46713e-02
0.08424	4.42265e-02
0.08440	4.37644e-02
0.08450	4.32896e-02
0.08457	4.28023e-02
0.08459	4.23056e-02
0.08458	4.18031e-02
0.08452	4.12988e-02
0.08441	4.07971e-02
0.08426	4.03030e-02
0.08407	3.98218e-02
0.08384	3.93588e-02
0.08356	3.89199e-02
0.08325	3.85107e-02
0.08289	3.81369e-02
0.08250	3.78041e-02
0.08208	3.75175e-02
0.08163	3.72822e-02
0.08115	3.71027e-02
0.08064	3.69837e-02
0.08012	3.69296e-02
0.07958	3.69450e-02
0.07904	3.70351e-02
0.07845	3.72375e-02
0.07786	3.75276e-02
0.07727	3.79113e-02
0.07667	3.83944e-02
0.07608	3.89820e-02
0.07548	3.96775e-02
0.07490	4.04820e-02
0.07432	4.13931e-02
0.07375	4.24036e-02
0.07320	4.34978e-02
0.07270	4.46462e-02
0.07227	4.57935e-02
0.07197	4.68450e-02
0.07190	4.76852e-02
0.07212	4.82374e-02
0.07262	4.84960e-02
0.07334	4.85485e-02
0.07422	4.85100e-02
0.07518	4.84529e-02
0.07621	4.84119e-02
0.07729	4.84018e-02
0.07841	4.84286e-02
0.07959	4.84859e-02
0.08080	4.85784e-02
0.08205	4.87037e-02
0.08333	4.88591e-02
0.08465	4.90417e-02
0.08599	4.92494e-02
0.08736	4.94800e-02
0.08877	4.97254e-02
0.09021	4.99916e-02
0.09167	5.02776e-02
0.09315	5.05827e-02
0.09465	5.09058e-02
0.09616	5.12454e-02
0.09766	5.16323e-02
0.09918	5.20307e-02
0.10070	5.24380e-02
0.10224	5.28513e-02
0.10378	5.32680e-02
0.10533	5.36856e-02
0.10688	5.41021e-02
0.10844	5.45156e-02
0.10998	5.49249e-02
0.11152	5.53292e-02
0.11305	5.57282e-02
0.11455	5.61216e-02
0.11603	5.65096e-02
0.11748	5.68925e-02
0.11889	5.72715e-02
0.12027	5.76459e-02
0.12159	5.80172e-02
0.12285	5.83835e-02
0.12405	5.87442e-02
0.12519	5.90987e-02
0.12625	5.94458e-02
0.12724	5.97841e-02
0.12816	6.01119e-02
0.12900	6.04270e-02
0.12975	6.07283e-02
0.13043	6.10113e-02
0.13103	6.12726e-02
0.13154	6.15084e-02
0.13199	6.17144e-02
0.13236	6.18857e-02
0.13266	6.20171e-02
0.13290	6.21024e-02
0.13309	6.21348e-02
0.13322	6.21069e-02
0.13330	6.20107e-02
0.13335	6.18390e-02
0.13337	6.15826e-02
0.13337	6.12336e-02
0.13335	6.07854e-02
0.13332	6.02335e-02
0.13328	5.95761e-02
0.13323	5.88147e-02
0.13318	5.79544e-02
0.13312	5.70032e-02
0.13305	5.59721e-02
0.13297	5.48740e-02
0.13288	5.37235e-02
0.13276	5.25364e-02
0.13262	5.13290e-02
0.13246	5.01179e-02
0.13226	4.89205e-02
0.13204	4.77540e-02
0.13178	4.66364e-02
0.13148	4.55853e-02
0.13115	4.46186e-02
0.13077	4.37538e-02
0.13036	4.30077e-02
0.12990	4.23959e-02
0.12941	4.19325e-02
0.12887	4.16291e-02
0.12830	4.14941e-02
0.12768	4.15329e-02
0.12703	4.17469e-02
0.12635	4.21338e-02
0.12563	4.26876e-02
0.12486	4.33495e-02
0.12406	4.41602e-02
0.12325	4.51059e-02
0.12242	4.61709e-02
0.12158	4.73382e-02
0.12075	4.85905e-02
0.11991	4.99099e-02
0.11909	5.12788e-02
0.11830	5.26798e-02
0.11752	5.40963e-02
0.11679	5.55127e-02
0.11610	5.69147e-02
0.11545	5.82896e-02
0.11486	5.96260e-02
0.11434	6.09133e-02
0.11388	6.21366e-02
0.11351	6.32604e-02
0.11329	6.41684e-02
0.11339	6.45783e-02
0.11382	6.44623e-02
0.11440	6.41367e-02
0.11502	6.37618e-02
0.11568	6.33812e-02
0.11633	6.30303e-02
0.11696	6.27231e-02
0.11757	6.24679e-02
0.11814	6.22698e-02
0.11868	6.21312e-02
0.11919	6.20517e-02
0.11968	6.19958e-02
0.12014	6.19924e-02
0.12056	6.20345e-02
0.12094	6.21130e-02
0.12129	6.22161e-02
0.12160	6.23297e-02
0.12190	6.24379e-02
0.12217	6.25229e-02
0.12242	6.25666e-02
0.12267	6.25504e-02
0.12291	6.24606e-02
0.12314	6.22857e-02
0.12337	6.20187e-02
0.12359	6.16571e-02
0.12379	6.12018e-02
0.12398	6.06568e-02
0.12414	6.00279e-02
0.12426	5.93225e-02
0.12435	5.85498e-02
0.12440	5.77199e-02
0.12437	5.68409e-02
0.12428	5.59267e-02
0.12412	5.49891e-02
0.12389	5.40405e-02
0.12358	5.30921e-02
0.12320	5.21541e-02
0.12273	5.12357e-02
0.12218	5.03447e-02
0.12154	4.94881e-02
0.12082	4.86713e-02
0.12002	4.79012e-02
0.11913	4.71775e-02
0.11816	4.65022e-02
0.11710	4.58767e-02
0.11597	4.53015e-02
0.11476	4.47761e-02
0.11347	4.42998e-02
0.11212	4.38713e-02
0.11070	4.34891e-02
0.10922	4.31516e-02
0.10768	4.28575e-02
0.10609	4.26054e-02
0.10445	4.23947e-02
0.10277	4.22249e-02
0.10106	4.20965e-02
0.09931	4.20101e-02
0.09754	4.19671e-02
0.09575	4.19689e-02
0.09394	4.20165e-02
0.09213	4.21102e-02
0.09032	4.22476e-02
0.08852	4.24211e-02
0.08675	4.26133e-02
0.08504	4.27824e-02
0.08344	4.28297e-02
0.08207	4.25789e-02
0.08098	4.19535e-02
0.08010	4.10685e-02
0.07942	3.99917e-02
0.07892	3.87202e-02
0.07861	3.72636e-02
0.07844	3.56750e-02
0.07838	3.40256e-02
0.07839	3.23773e-02
0.07847	3.07766e-02
0.07859	2.92582e-02
0.07875	2.78499e-02
0.07894	2.65755e-02
0.07916	2.54567e-02
0.07941	2.45130e-02
0.07968	2.37609e-02
0.07998	2.32090e-02
0.08030	2.28667e-02
0.08064	2.27324e-02
0.08101	2.27963e-02
0.08140	2.30410e-02
0.08182	2.34430e-02
0.08226	2.39745e-02
0.08272	2.46056e-02
0.08322	2.53066e-02
0.08375	2.60494e-02
0.08431	2.68087e-02
0.08491	2.75631e-02
0.08554	2.82951e-02
0.08620	2.89919e-02
0.08691	2.96445e-02
0.08764	3.02478e-02
0.08840	3.07997e-02
0.08919	3.13005e-02
0.09001	3.17519e-02
0.09084	3.21567e-02
0.09169	3.25182e-02
0.09255	3.28402e-02
0.09340	3.31229e-02
0.09426	3.33752e-02
0.09512	3.36011e-02
0.09596	3.38049e-02
0.09679	3.39910e-02
0.09760	3.41637e-02
0.09839	3.43272e-02
0.09917	3.44739e-02
0.09991	3.46209e-02
0.10061	3.47720e-02
0.10128	3.49304e-02
0.10190	3.50990e-02
0.10248	3.52796e-02
0.10299	3.54709e-02
0.10346	3.56781e-02
0.10387	3.59017e-02
0.10423	3.61414e-02
0.10454	3.63966e-02
0.10479	3.66658e-02
0.10499	3.69467e-02
0.10514	3.72359e-02
0.10523	3.75286e-02
0.10528	3.78183e-02
0.10529	3.80963e-02
0.10525	3.83514e-02
0.10518	3.85703e-02
0.10509	3.87382e-02
0.10498	3.88413e-02
0.10486	3.88700e-02
0.10475	3.88460e-02
0.10463	3.87445e-02
0.10450	3.85757e-02
0.10437	3.83554e-02
0.10422	3.81023e-02
0.10405	3.78362e-02
0.10385	3.75761e-02
0.10363	3.73401e-02
0.10337	3.71441e-02
0.10308	3.70026e-02
0.10275	3.69277e-02
0.10238	3.69300e-02
0.10196	3.70178e-02
0.10150	3.71976e-02
0.10101	3.74737e-02
0.10046	3.78487e-02
0.09988	3.83233e-02
0.09925	3.88964e-02
0.09859	3.95652e-02
0.09789	4.03265e-02
0.09715	4.11740e-02
0.09638	4.21012e-02
0.09558	4.31005e-02
0.09476	4.41632e-02
0.09391	4.52798e-02
0.09305	4.64390e-02
0.09217	4.76278e-02
0.09129	4.88300e-02
0.09042	5.00247e-02
0.08957	5.11823e-02
0.08878	5.22612e-02
0.08808	5.32055e-02
0.08751	5.39597e-02
0.08709	5.45042e-02
0.08680	5.48779e-02
0.08659	5.51497e-02
0.08643	5.53801e-02
0.08629	5.56101e-02
0.08615	5.58644e-02
0.08600	5.61576e-02
0.08583	5.64972e-02
0.08564	5.68859e-02
0.08542	5.73217e-02
0.08517	5.77977e-02
0.08490	5.83022e-02
0.08462	5.88176e-02
0.08434	5.93204e-02
0.08407	5.97833e-02
0.08385	6.01776e-02
0.08366	6.04778e-02
0.08356	6.06522e-02
0.08356	6.06698e-02
0.08368	6.05121e-02
0.08391	6.01987e-02
0.08419	5.97805e-02
0.08451	5.93093e-02
0.08482	5.88242e-02
0.08511	5.83519e-02
0.08536	5.79105e-02
0.08557	5.75123e-02
0.08573	5.71654e-02
0.08585	5.68751e-02
0.08591	5.66437e-02
0.08592	5.64712e-02
0.08588	5.63551e-02
0.08580	5.62899e-02
0.08569	5.62667e-02
0.08554	5.62727e-02
0.08539	5.62896e-02
0.08523	5.62932e-02
0.08510	5.62529e-02
0.08502	5.61398e-02
0.08501	5.59218e-02
0.08507	5.55829e-02
0.08522	5.51251e-02
0.08543	5.45634e-02
0.08569	5.39166e-02
0.08600	5.32015e-02
0.08631	5.24451e-02
0.08665	5.16467e-02
0.08701	5.08184e-02
0.08736	4.99737e-02
0.08772	4.91273e-02
0.08806	4.82949e-02
0.08842	4.74667e-02
0.08875	4.66820e-02
0.08905	4.59543e-02
0.08934	4.52749e-02
0.08960	4.46716e-02
0.08982	4.41517e-02
0.09002	4.37192e-02
0.09018	4.33729e-02
0.09032	4.31039e-02
0.09044	4.28890e-02
0.09058	4.26787e-02
0.09078	4.23781e-02
0.09110	4.18510e-02
0.09158	4.10134e-02
0.09217	3.99253e-02
0.09282	3.87124e-02
0.09349	3.74778e-02
0.09413	3.62798e-02
0.09475	3.51632e-02
0.09534	3.41625e-02
0.09588	3.33063e-02
0.09637	3.26198e-02
0.09682	3.21237e-02
0.09722	3.18346e-02
0.09756	3.17643e-02
0.09785	3.19167e-02
0.09809	3.22903e-02
0.09827	3.28776e-02
0.09839	3.36655e-02
0.09845	3.46373e-02
0.09846	3.57734e-02
0.09841	3.70523e-02
0.09830	3.84522e-02
0.09813	3.99507e-02
0.09791	4.15258e-02
0.09763	4.31507e-02
0.09730	4.48062e-02
0.09693	4.64677e-02
0.09651	4.81078e-02
0.09608	4.96952e-02
0.09564	5.11945e-02
0.09522	5.25698e-02
0.09483	5.37928e-02
0.09448	5.48507e-02
0.09418	5.57412e-02
0.09394	5.64510e-02
0.09379	5.69249e-02
0.09380	5.70581e-02
0.09400	5.67936e-02
0.09434	5.62246e-02
0.09473	5.54881e-02
0.09510	5.46736e-02
0.09545	5.38307e-02
0.09574	5.29888e-02
0.09597	5.21678e-02
0.09613	5.13827e-02
0.09624	5.06460e-02
0.09627	4.99680e-02
0.09625	4.93576e-02
0.09616	4.88222e-02
0.09601	4.83676e-02
0.09580	4.79977e-02
0.09554	4.77146e-02
0.09522	4.75181e-02
0.09487	4.74057e-02
0.09447	4.73723e-02
0.09403	4.74104e-02
0.09357	4.75094e-02
0.09309	4.76557e-02
0.09260	4.78326e-02
0.09210	4.80208e-02
0.09162	4.81984e-02
0.09116	4.83435e-02
0.09073	4.84370e-02
0.09035	4.84653e-02
0.09001	4.84219e-02
0.08971	4.83064e-02
0.08946	4.81219e-02
0.08925	4.78729e-02
0.08908	4.75647e-02
0.08894	4.72030e-02
0.08883	4.67941e-02
0.08874	4.63445e-02
0.08868	4.58605e-02
0.08863	4.53471e-02
0.08860	4.48078e-02
0.08858	4.42444e-02
0.08857	4.36578e-02
0.08857	4.30484e-02
0.08858	4.24172e-02
0.08859	4.17671e-02
0.08860	4.11027e-02
0.08861	4.04305e-02
0.08862	3.97585e-02
0.08862	3.90955e-02
0.08861	3.84507e-02
0.08859	3.78334e-02
0.08855	3.72530e-02
0.08850	3.67192e-02
0.08842	3.62413e-02
0.08833	3.58289e-02
0.08822	3.54911e-02
0.08809	3.52364e-02
0.08794	3.50725e-02
0.08777	3.50062e-02
0.08758	3.50430e-02
0.08736	3.51866e-02
0.08713	3.54393e-02
0.08688	3.58015e-02
0.08661	3.62723e-02
0.08631	3.68490e-02
0.08600	3.75273e-02
0.08566	3.83010e-02
0.08531	3.91617e-02
0.08494	4.00977e-02
0.08455	4.10930e-02
0.08416	4.21239e-02
0.08379	4.31524e-02
0.08346	4.41095e-02
0.08326	4.48545e-02
0.08332	4.51452e-02
0.08371	4.48605e-02
0.08433	4.41646e-02
0.08507	4.32315e-02
0.08589	4.21672e-02
0.08672	4.10423e-02
0.08754	3.99074e-02
0.08835	3.87998e-02
0.08911	3.77481e-02
0.08983	3.67749e-02
0.09051	3.58987e-02
0.09113	3.51350e-02
0.09170	3.44965e-02
0.09221	3.39932e-02
0.09266	3.36324e-02
0.09306	3.34184e-02
0.09340	3.33525e-02
0.09368	3.34329e-02
0.09390	3.36549e-02
0.09408	3.40109e-02
0.09420	3.44908e-02
0.09427	3.50826e-02
0.09430	3.57724e-02
0.09428	3.65453e-02
0.09423	3.73853e-02
0.09415	3.82756e-02
0.09404	3.91986e-02
0.09392	4.01347e-02
0.09379	4.10600e-02
0.09368	4.19360e-02
0.09362	4.26808e-02
0.09370	4.31266e-02
0.09396	4.31635e-02
0.09435	4.29345e-02
0.09479	4.25911e-02
0.09525	4.22017e-02
0.09571	4.17981e-02
0.09617	4.13991e-02
0.09663	4.10181e-02
0.09707	4.06660e-02
0.09750	4.03519e-02
0.09790	4.00837e-02
0.09829	3.98678e-02
0.09866	3.97096e-02
0.09901	3.96132e-02
0.09933	3.95814e-02
0.09963	3.96162e-02
0.09991	3.97183e-02
0.10017	3.98878e-02
0.10040	4.01244e-02
0.10061	4.04271e-02
0.10079	4.07950e-02
0.10095	4.12272e-02
0.10109	4.17226e-02
0.10119	4.22800e-02
0.10127	4.28973e-02
0.10131	4.35708e-02
0.10133	4.42932e-02
0.10132	4.50504e-02
0.10130	4.58142e-02
0.10128	4.65243e-02
0.10133	4.70576e-02
0.10154	4.72353e-02
0.10191	4.69993e-02
0.10239	4.64945e-02
0.10289	4.58743e-02
0.10337	4.52237e-02
0.10382	4.45860e-02
0.10421	4.39851e-02
0.10455	4.34360e-02
0.10482	4.29489e-02
0.10503	4.25314e-02
0.10517	4.21892e-02
0.10524	4.19263e-02
0.10524	4.17459e-02
0.10517	4.16495e-02
0.10503	4.16379e-02
0.10482	4.17106e-02
0.10454	4.18662e-02
0.10419	4.21020e-02
0.10377	4.24148e-02
0.10329	4.28002e-02
0.10274	4.32535e-02
0.10214	4.37689e-02
0.10148	4.43406e-02
0.10075	4.49622e-02
0.09998	4.56271e-02
0.09915	4.63288e-02
0.09828	4.70603e-02
0.09736	4.78150e-02
0.09640	4.85860e-02
0.09540	4.93662e-02
0.09436	5.01484e-02
0.09330	5.09246e-02
0.09221	5.16852e-02
0.09111	5.24200e-02
0.09000	5.31170e-02
0.08890	5.37626e-02
0.08783	5.43407e-02
0.08678	5.48337e-02
0.08580	5.52234e-02
0.08488	5.54919e-02
0.08408	5.55900e-02
0.08369	5.50888e-02
0.08345	5.43563e-02
0.08332	5.34907e-02
0.08328	5.25038e-02
0.08332	5.14119e-02
0.08343	5.02352e-02
0.08359	4.89963e-02
0.08379	4.77178e-02
0.08403	4.64218e-02
0.08428	4.51295e-02
0.08454	4.38613e-02
0.08480	4.26369e-02
0.08505	4.14758e-02
0.08530	4.03971e-02
0.08552	3.94192e-02
0.08573	3.85600e-02
0.08591	3.78362e-02
0.08606	3.72629e-02
0.08618	3.68527e-02
0.08626	3.66155e-02
0.08631	3.65578e-02
0.08633	3.66822e-02
0.08630	3.69877e-02
0.08624	3.74695e-02
0.08613	3.81194e-02
0.08598	3.89267e-02
0.08580	3.98787e-02
0.08557	4.09613e-02
0.08530	4.21598e-02
0.08499	4.34592e-02
0.08463	4.48449e-02
0.08424	4.63023e-02
0.08381	4.78174e-02
0.08335	4.93765e-02
0.08285	5.09657e-02
0.08233	5.25702e-02
0.08178	5.41720e-02
0.08123	5.57447e-02
0.08071	5.72411e-02
0.08028	5.85785e-02
0.08001	5.96755e-02
0.08001	6.03892e-02
0.08069	6.01889e-02
0.08163	5.96090e-02
0.08258	5.89783e-02
0.08351	5.83478e-02
0.08438	5.77334e-02
0.08520	5.71433e-02
0.08596	5.65824e-02
0.08666	5.60540e-02
0.08729	5.55603e-02
0.08786	5.51031e-02
0.08835	5.46831e-02
0.08877	5.43008e-02
0.08912	5.39564e-02
0.08940	5.36493e-02
0.08962	5.33786e-02
0.08976	5.31427e-02
0.08983	5.29390e-02
0.08985	5.27637e-02
0.08980	5.26104e-02
0.08971	5.24690e-02
0.08957	5.23225e-02
0.08942	5.21433e-02
0.08927	5.18864e-02
0.08916	5.14874e-02
0.08915	5.08786e-02
0.08924	5.00291e-02
0.08941	4.89677e-02
0.08963	4.77562e-02
0.08987	4.64539e-02
0.09011	4.51053e-02
0.09033	4.37421e-02
0.09052	4.23782e-02
0.09070	4.10434e-02
0.09085	3.97553e-02
0.09098	3.85314e-02
0.09109	3.73967e-02
0.09118	3.63651e-02
0.09126	3.54586e-02
0.09133	3.47011e-02
0.09140	3.41168e-02
0.09145	3.37288e-02
0.09150	3.35575e-02
0.09154	3.36181e-02
0.09158	3.39201e-02
0.09162	3.44653e-02
0.09165	3.52483e-02
0.09168	3.62562e-02
0.09171	3.74692e-02
0.09176	3.88600e-02
0.09181	4.03925e-02
0.09188	4.20076e-02
0.09203	4.35798e-02
0.09245	4.47459e-02
0.09337	4.50639e-02
0.09460	4.48790e-02
0.09593	4.46018e-02
0.09731	4.43640e-02
0.09869	4.42037e-02
0.10008	4.41322e-02
0.10145	4.41470e-02
0.10280	4.42535e-02
0.10413	4.44502e-02
0.10544	4.47350e-02
0.10671	4.51048e-02
0.10795	4.55558e-02
0.10914	4.60829e-02
0.11028	4.66799e-02
0.11138	4.73394e-02
0.11243	4.80526e-02
0.11342	4.88096e-02
0.11437	4.95984e-02
0.11527	5.04080e-02
0.11611	5.12246e-02
0.11690	5.20331e-02
0.11765	5.28172e-02
0.11836	5.35593e-02
0.11903	5.42408e-02
0.11968	5.48428e-02
0.12029	5.53474e-02
0.12088	5.57397e-02
0.12145	5.60107e-02
0.12200	5.61588e-02
0.12252	5.61903e-02
0.12301	5.61181e-02
0.12344	5.59582e-02
0.12382	5.57275e-02
0.12412	5.54421e-02
0.12435	5.51157e-02
0.12450	5.47601e-02
0.12456	5.43845e-02
0.12453	5.39966e-02
0.12440	5.36022e-02
0.12418	5.32061e-02
0.12385	5.28117e-02
0.12342	5.24215e-02
0.12289	5.20374e-02
0.12226	5.16601e-02
0.12153	5.12896e-02
0.12070	5.09250e-02
0.11978	5.05643e-02
0.11876	5.02038e-02
0.11765	4.98383e-02
0.11647	4.94599e-02
0.11520	4.90577e-02
0.11388	4.86169e-02
0.11250	4.81188e-02
0.11108	4.75426e-02
0.10964	4.68688e-02
0.10818	4.60858e-02
0.10671	4.51951e-02
0.10523	4.42121e-02
0.10374	4.31612e-02
0.10222	4.20702e-02
0.10067	4.09662e-02
0.09910	3.98734e-02
0.09750	3.88137e-02
0.09588	3.78061e-02
0.09422	3.68681e-02
0.09255	3.60152e-02
0.09086	3.52620e-02
0.08916	3.46214e-02
0.08745	3.41054e-02
0.08573	3.37239e-02
0.08402	3.34853e-02
0.08231	3.33956e-02
0.08062	3.34583e-02
0.07894	3.36737e-02
0.07728	3.40382e-02
0.07565	3.45439e-02
0.07406	3.51768e-02
0.07251	3.59194e-02
0.07104	3.67825e-02
0.06965	3.76950e-02
0.06837	3.86158e-02
0.06721	3.95044e-02
0.06619	4.03220e-02
0.06537	4.10174e-02
0.06484	4.14532e-02
0.06474	4.14155e-02
0.06504	4.09478e-02
0.06558	4.02748e-02
0.06623	3.95556e-02
0.06694	3.88766e-02
0.06767	3.82800e-02
0.06839	3.77830e-02
0.06911	3.73871e-02
0.06982	3.70813e-02
0.07052	3.68418e-02
0.07122	3.66308e-02
0.07194	3.63976e-02
0.07269	3.60975e-02
0.07348	3.57181e-02
0.07428	3.52690e-02
0.07506	3.47865e-02
0.07581	3.43022e-02
0.07650	3.38379e-02
0.07713	3.34069e-02
0.07769	3.30172e-02
0.07818	3.26736e-02
0.07859	3.23788e-02
0.07892	3.21343e-02
0.07918	3.19409e-02
0.07935	3.17986e-02
0.07945	3.17070e-02
0.07946	3.16654e-02
0.07940	3.16726e-02
0.07926	3.17270e-02
0.07905	3.18264e-02
0.07876	3.19676e-02
0.07841	3.21463e-02
0.07800	3.23537e-02
0.07753	3.25840e-02
0.07702	3.28275e-02
0.07647	3.30743e-02
0.07588	3.33166e-02
0.07527	3.35520e-02
0.07464	3.37848e-02
0.07399	3.40243e-02
0.07331	3.42809e-02
0.07262	3.45635e-02
0.07192	3.48772e-02
0.07121	3.52226e-02
0.07049	3.55942e-02
0.06979	3.59791e-02
0.06912	3.63514e-02
0.06852	3.66647e-02
0.06803	3.68398e-02
0.06772	3.67705e-02
0.06764	3.63836e-02
0.06778	3.57045e-02
0.06808	3.48152e-02
0.06852	3.37881e-02
0.06905	3.26758e-02
0.06965	3.15204e-02
0.07032	3.03601e-02
0.07103	2.92301e-02
0.07178	2.81629e-02
0.07255	2.71873e-02
0.07335	2.63283e-02
0.07417	2.56056e-02
0.07501	2.50332e-02
0.07586	2.46181e-02
0.07675	2.43599e-02
0.07765	2.42510e-02
0.07858	2.42779e-02
0.07954	2.44236e-02
0.08054	2.46695e-02
0.08156	2.49977e-02
0.08261	2.53927e-02
0.08370	2.58418e-02
0.08481	2.63350e-02
0.08594	2.68642e-02
0.08709	2.74227e-02
0.08825	2.80043e-02
0.08942	2.86032e-02
0.09058	2.92136e-02
0.09175	2.98298e-02
0.09291	3.04464e-02
0.09405	3.10583e-02
0.09517	3.16605e-02
0.09627	3.22487e-02
0.09735	3.28189e-02
0.09842	3.33701e-02
0.09946	3.38974e-02
0.10046	3.43987e-02
0.10143	3.48722e-02
0.10236	3.53164e-02
0.10324	3.57304e-02
0.10409	3.61135e-02
0.10486	3.64554e-02
0.10559	3.67664e-02
0.10625	3.70609e-02
0.10686	3.73248e-02
0.10742	3.75602e-02
0.10793	3.77694e-02
0.10839	3.79567e-02
0.10880	3.81225e-02
0.10916	3.82683e-02
0.10946	3.84077e-02
0.10971	3.85249e-02
0.10991	3.86208e-02
0.11007	3.86956e-02
0.11017	3.87492e-02
0.11024	3.87810e-02
0.11026	3.87904e-02
0.11023	3.87763e-02
0.11017	3.87381e-02
0.11007	3.86749e-02
0.10993	3.85864e-02
0.10974	3.84465e-02
0.10950	3.82950e-02
0.10922	3.81264e-02
0.10892	3.79424e-02
0.10859	3.77451e-02
0.10824	3.75368e-02
0.10787	3.73201e-02
0.10748	3.70977e-02
0.10707	3.68726e-02
0.10665	3.66475e-02
0.10622	3.64267e-02
0.10577	3.62106e-02
0.10532	3.60022e-02
0.10486	3.58042e-02
0.10438	3.56193e-02
0.10391	3.54500e-02
0.10343	3.52983e-02
0.10294	3.51658e-02
0.10246	3.50533e-02
0.10198	3.49604e-02
0.10150	3.48861e-02
0.10102	3.48328e-02
0.10055	3.47905e-02
0.10009	3.47543e-02
0.09965	3.47181e-02
0.09922	3.46750e-02
0.09881	3.46180e-02
0.09843	3.45399e-02
0.09806	3.44346e-02
0.09773	3.42974e-02
0.09742	3.41259e-02
0.09714	3.39201e-02
0.09688	3.36836e-02
0.09664	3.34226e-02
0.09642	3.31468e-02
0.09622	3.28678e-02
0.09601	3.25995e-02
0.09581	3.23567e-02
0.09560	3.21545e-02
0.09538	3.20077e-02
0.09515	3.19299e-02
0.09488	3.19329e-02
0.09460	3.20261e-02
0.09428	3.22164e-02
0.09393	3.25071e-02
0.09354	3.28984e-02
0.09311	3.33874e-02
0.09265	3.39675e-02
0.09215	3.46292e-02
0.09161	3.53603e-02
0.09104	3.61457e-02
0.09044	3.69685e-02
0.08981	3.78104e-02
0.08918	3.86528e-02
0.08853	3.94783e-02
0.08788	4.02732e-02
0.08724	4.10290e-02
0.08660	4.17436e-02
0.08596	4.24203e-02
0.08533	4.30652e-02
0.08470	4.36844e-02
0.08407	4.42807e-02
0.08344	4.48517e-02
0.08282	4.53883e-02
0.08222	4.58738e-02
0.08165	4.62829e-02
0.08114	4.65821e-02
0.08072	4.67324e-02
0.08039	4.66978e-02
0.08019	4.64595e-02
0.08009	4.60271e-02
0.08009	4.54369e-02
0.08014	4.47378e-02
0.08024	4.39763e-02
0.08033	4.31965e-02
0.08042	4.24328e-02
0.08048	4.17127e-02
0.08051	4.10582e-02
0.08049	4.04870e-02
0.08043	4.00121e-02
0.08034	3.96404e-02
0.08020	3.93767e-02
0.08003	3.92053e-02
0.07982	3.91372e-02
0.07956	3.91655e-02
0.07927	3.92793e-02
0.07895	3.94639e-02
0.07861	3.97013e-02
0.07825	3.99689e-02
0.07790	4.02410e-02
0.07755	4.04909e-02
0.07724	4.06907e-02
0.07697	4.08159e-02
0.07674	4.08485e-02
0.07657	4.07805e-02
0.07645	4.06150e-02
0.07637	4.03641e-02
0.07633	4.00453e-02
0.07630	3.96777e-02
0.07628	3.92787e-02
0.07627	3.88630e-02
0.07624	3.84417e-02
0.07621	3.80235e-02
0.07616	3.76139e-02
0.07610	3.72172e-02
0.07602	3.68374e-02
0.07591	3.64785e-02
0.07579	3.61448e-02
0.07563	3.58414e-02
0.07545	3.55739e-02
0.07524	3.53517e-02
0.07500	3.51769e-02
0.07473	3.50531e-02
0.07442	3.49821e-02
0.07408	3.49646e-02
0.07372	3.49991e-02
0.07332	3.50828e-02
0.07290	3.52110e-02
0.07246	3.53778e-02
0.07201	3.55756e-02
0.07154	3.57960e-02
0.07107	3.60324e-02
0.07060	3.62723e-02
0.07015	3.65064e-02
0.06971	3.67257e-02
0.06929	3.69228e-02
0.06891	3.70919e-02
0.06855	3.72302e-02
0.06824	3.73373e-02
0.06796	3.74160e-02
0.06772	3.74716e-02
0.06751	3.75115e-02
0.06733	3.75442e-02
0.06718	3.75788e-02
0.06705	3.76242e-02
0.06694	3.76883e-02
0.06685	3.77779e-02
0.06676	3.78981e-02
0.06669	3.80527e-02
0.06662	3.82435e-02
0.06656	3.84712e-02
0.06651	3.87349e-02
0.06645	3.90324e-02
0.06640	3.93600e-02
0.06635	3.97122e-02
0.06631	4.00798e-02
0.06628	4.04477e-02
0.06627	4.07893e-02
0.06631	4.10599e-02
0.06643	4.12013e-02
0.06665	4.11811e-02
0.06695	4.10265e-02
0.06729	4.07930e-02
0.06763	4.05247e-02
0.06796	4.02487e-02
0.06827	3.99809e-02
0.06854	3.97308e-02
0.06877	3.95022e-02
0.06904	3.91630e-02
0.06952	3.83866e-02
0.06998	3.75760e-02
0.07041	3.67535e-02
0.07079	3.59240e-02
0.07114	3.50918e-02
0.07144	3.42617e-02
0.07170	3.34391e-02
0.07191	3.26301e-02
0.07208	3.18415e-02
0.07220	3.10813e-02
0.07228	3.03580e-02
0.07231	2.96813e-02
0.07229	2.90616e-02
0.07222	2.85104e-02
0.07210	2.80396e-02
0.07194	2.76618e-02
0.07173	2.73894e-02
0.07147	2.72344e-02
0.07117	2.72075e-02
0.07082	2.73179e-02
0.07043	2.75724e-02
0.06999	2.79752e-02
0.06952	2.85271e-02
0.06900	2.92259e-02
0.06844	3.00658e-02
0.06785	3.10379e-02
0.06723	3.21299e-02
0.06658	3.33251e-02
0.06592	3.46019e-02
0.06526	3.59306e-02
0.06465	3.72412e-02
0.06410	3.85194e-02
0.06364	3.97165e-02
0.06332	4.07881e-02
0.06318	4.16815e-02
0.06327	4.23335e-02
0.06360	4.27583e-02
0.06410	4.30619e-02
0.06472	4.33077e-02
0.06551	4.34271e-02
0.06659	4.32283e-02
0.06789	4.27995e-02
0.06933	4.22616e-02
0.07082	4.17042e-02
0.07235	4.11804e-02
0.07390	4.07189e-02
0.07544	4.03344e-02
0.07699	4.00332e-02
0.07854	3.98143e-02
0.08009	3.96704e-02
0.08164	3.95876e-02
0.08320	3.95450e-02
0.08479	3.95152e-02
0.08640	3.94676e-02
0.08806	3.93727e-02
0.08975	3.92092e-02
0.09147	3.89690e-02
0.09322	3.86578e-02
0.09499	3.82917e-02
0.09675	3.78923e-02
0.09850	3.74822e-02
0.10022	3.70831e-02
0.10190	3.67147e-02
0.10353	3.63942e-02
0.10510	3.61370e-02
0.10661	3.59559e-02
0.10806	3.58617e-02
0.10943	3.58633e-02
0.11072	3.59671e-02
0.11194	3.61778e-02
0.11307	3.64975e-02
0.11411	3.69268e-02
0.11507	3.74639e-02
0.11593	3.81057e-02
0.11670	3.88474e-02
0.11738	3.96832e-02
0.11796	4.06062e-02
0.11845	4.16090e-02
0.11883	4.26839e-02
0.11912	4.38226e-02
0.11932	4.50173e-02
0.11941	4.62599e-02
0.11941	4.75426e-02
0.11931	4.88580e-02
0.11911	5.01986e-02
0.11882	5.15570e-02
0.11843	5.29260e-02
0.11796	5.42974e-02
0.11740	5.56614e-02
0.11676	5.70049e-02
0.11605	5.83058e-02
0.11530	5.95210e-02
0.11456	6.05597e-02
0.11392	6.12702e-02
0.11342	6.15828e-02
0.11300	6.16274e-02
0.11260	6.15438e-02
0.11220	6.13387e-02
0.11225	6.02233e-02
0.11253	5.85408e-02
0.11278	5.67908e-02
0.11298	5.50111e-02
0.11311	5.32160e-02
0.11319	5.14162e-02
0.11321	4.96222e-02
0.11316	4.78449e-02
0.11306	4.60960e-02
0.11289	4.43882e-02
0.11266	4.27356e-02
0.11237	4.11533e-02
0.11202	3.96581e-02
0.11161	3.82678e-02
0.11114	3.70013e-02
0.11061	3.58782e-02
0.11000	3.49170e-02
0.10932	3.41355e-02
0.10859	3.35500e-02
0.10781	3.31728e-02
0.10696	3.30121e-02
0.10606	3.30702e-02
0.10511	3.33436e-02
0.10411	3.38230e-02
0.10305	3.44937e-02
0.10193	3.53271e-02
0.10076	3.63158e-02
0.09956	3.74350e-02
0.09832	3.86580e-02
0.09704	3.99687e-02
0.09573	4.13279e-02
0.09442	4.27040e-02
0.09312	4.40636e-02
0.09184	4.53724e-02
0.09061	4.65980e-02
0.08944	4.77161e-02
0.08833	4.87147e-02
0.08731	4.95936e-02
0.08635	5.03349e-02
0.08548	5.09612e-02
0.08469	5.14692e-02
0.08400	5.18540e-02
0.08340	5.21139e-02
0.08290	5.22549e-02
0.08248	5.22986e-02
0.08213	5.22612e-02
0.08183	5.21678e-02
0.08156	5.20454e-02
0.08132	5.19186e-02
0.08107	5.18078e-02
0.08082	5.17284e-02
0.08054	5.16910e-02
0.08025	5.17006e-02
0.07994	5.17716e-02
0.07961	5.18792e-02
0.07927	5.20037e-02
0.07895	5.21060e-02
0.07869	5.21167e-02
0.07854	5.19468e-02
0.07855	5.15549e-02
0.07866	5.09921e-02
0.07883	5.03379e-02
0.07902	4.96471e-02
0.07920	4.89488e-02
0.07938	4.82558e-02
0.07955	4.75724e-02
0.07970	4.68985e-02
0.07986	4.62327e-02
0.08000	4.55755e-02
0.08014	4.49313e-02
0.08026	4.43085e-02
0.08037	4.37193e-02
0.08046	4.31778e-02
0.08052	4.26983e-02
0.08055	4.22940e-02
0.08055	4.19757e-02
0.08051	4.17517e-02
0.08043	4.16263e-02
0.08031	4.16000e-02
0.08016	4.16669e-02
0.07999	4.18129e-02
0.07981	4.20098e-02
0.07964	4.22079e-02
0.07953	4.23379e-02
0.07950	4.23529e-02
0.07953	4.22734e-02
0.07961	4.21556e-02
0.07971	4.20438e-02
0.07980	4.19617e-02
0.07990	4.19190e-02
0.07999	4.19177e-02
0.08008	4.19556e-02
0.08018	4.20278e-02
0.08027	4.21284e-02
0.08037	4.22513e-02
0.08047	4.23906e-02
0.08058	4.25416e-02
0.08070	4.27005e-02
0.08083	4.28644e-02
0.08097	4.30296e-02
0.08113	4.31893e-02
0.08130	4.33285e-02
0.08151	4.34110e-02
0.08179	4.33604e-02
0.08220	4.30716e-02
0.08275	4.25217e-02
0.08338	4.18011e-02
0.08404	4.09974e-02
0.08470	4.01592e-02
0.08535	3.93110e-02
0.08599	3.84662e-02
0.08660	3.76331e-02
0.08718	3.68167e-02
0.08774	3.60209e-02
0.08827	3.52487e-02
0.08876	3.45030e-02
0.08923	3.37869e-02
0.08967	3.31047e-02
0.09007	3.24618e-02
0.09044	3.18652e-02
0.09076	3.13239e-02
0.09105	3.08483e-02
0.09130	3.04500e-02
0.09150	3.01427e-02
0.09165	2.99371e-02
0.09175	2.98439e-02
0.09180	2.98717e-02
0.09180	3.00267e-02
0.09174	3.03115e-02
0.09162	3.07253e-02
0.09145	3.12638e-02
0.09123	3.19190e-02
0.09095	3.26804e-02
0.09063	3.35345e-02
0.09026	3.44656e-02
0.08985	3.54560e-02
0.08940	3.64858e-02
0.08893	3.75330e-02
0.08844	3.85728e-02
0.08795	3.95776e-02
0.08747	4.05181e-02
0.08701	4.13653e-02
0.08660	4.20963e-02
0.08625	4.26995e-02
0.08595	4.31765e-02
0.08570	4.35381e-02
0.08550	4.37970e-02
0.08535	4.39630e-02
0.08524	4.40416e-02
0.08518	4.40359e-02
0.08516	4.39494e-02
0.08518	4.37884e-02
0.08524	4.35630e-02
0.08533	4.32856e-02
0.08543	4.29693e-02
0.08556	4.26262e-02
0.08569	4.22662e-02
0.08584	4.18969e-02
0.08598	4.15233e-02
0.08613	4.11482e-02
0.08628	4.07727e-02
0.08642	4.03962e-02
0.08657	4.00172e-02
0.08672	3.96339e-02
0.08687	3.92447e-02
0.08702	3.88486e-02
0.08716	3.84458e-02
0.08730	3.80377e-02
0.08743	3.76271e-02
0.08756	3.72178e-02
0.08767	3.68149e-02
0.08776	3.64239e-02
0.08784	3.60505e-02
0.08789	3.57005e-02
0.08791	3.53796e-02
0.08791	3.50929e-02
0.08787	3.48448e-02
0.08780	3.46390e-02
0.08769	3.44783e-02
0.08755	3.43645e-02
0.08737	3.42981e-02
0.08716	3.42783e-02
0.08690	3.43031e-02
0.08661	3.43684e-02
0.08629	3.44683e-02
0.08593	3.45946e-02
0.08555	3.47365e-02
0.08515	3.48812e-02
0.08473	3.50153e-02
0.08430	3.51276e-02
0.08386	3.52133e-02
0.08341	3.52762e-02
0.08295	3.53281e-02
0.08248	3.53841e-02
0.08198	3.54591e-02
0.08145	3.55651e-02
0.08089	3.57103e-02
0.08030	3.59001e-02
0.07968	3.61365e-02
0.07903	3.64197e-02
0.07834	3.67480e-02
0.07763	3.71184e-02
0.07689	3.75266e-02
0.07613	3.79675e-02
0.07536	3.84354e-02
0.07456	3.89236e-02
0.07376	3.94253e-02
0.07295	3.99328e-02
0.07214	4.04380e-02
0.07135	4.09322e-02
0.07057	4.14061e-02
0.06982	4.18492e-02
0.06910	4.22503e-02
0.06844	4.25973e-02
0.06783	4.28784e-02
0.06730	4.30842e-02
0.06685	4.32097e-02
0.06661	4.30508e-02
0.06703	4.19159e-02
0.06752	4.06743e-02
0.06806	3.93785e-02
0.06863	3.80468e-02
0.06922	3.66947e-02
0.06982	3.53363e-02
0.07042	3.39845e-02
0.07102	3.26518e-02
0.07162	3.13505e-02
0.07221	3.00935e-02
0.07278	2.88941e-02
0.07335	2.77663e-02
0.07389	2.67248e-02
0.07441	2.57846e-02
0.07491	2.49610e-02
0.07539	2.42686e-02
0.07585	2.37204e-02
0.07627	2.33273e-02
0.07667	2.30963e-02
0.07705	2.30304e-02
0.07739	2.31278e-02
0.07771	2.33818e-02
0.07799	2.37817e-02
0.07826	2.43129e-02
0.07849	2.49588e-02
0.07870	2.57013e-02
0.07889	2.65218e-02
0.07906	2.74022e-02
0.07921	2.83252e-02
0.07935	2.92748e-02
0.07948	3.02371e-02
0.07959	3.11997e-02
0.07970	3.21526e-02
0.07981	3.30877e-02
0.07992	3.39989e-02
0.08002	3.48815e-02
0.08013	3.57318e-02
0.08024	3.65467e-02
0.08036	3.73229e-02
0.08048	3.80566e-02
0.08061	3.87440e-02
0.08075	3.93811e-02
0.08090	3.99644e-02
0.08107	4.04916e-02
0.08125	4.09622e-02
0.08143	4.13772e-02
0.08163	4.17389e-02
0.08184	4.20504e-02
0.08205	4.23151e-02
0.08226	4.25362e-02
0.08247	4.27163e-02
0.08268	4.28579e-02
0.08288	4.29629e-02
0.08307	4.30334e-02
0.08325	4.30715e-02
0.08342	4.30793e-02
0.08357	4.30591e-02
0.08371	4.30134e-02
0.08383	4.29443e-02
0.08392	4.28536e-02
0.08400	4.27425e-02
0.08405	4.26116e-02
0.08407	4.24603e-02
0.08407	4.22876e-02
0.08405	4.20917e-02
0.08401	4.18706e-02
0.08394	4.16229e-02
0.08385	4.13482e-02
0.08374	4.10480e-02
0.08360	4.07253e-02
0.08344	4.03849e-02
0.08324	4.00330e-02
0.08302	3.96757e-02
0.08275	3.93195e-02
0.08245	3.89701e-02
0.08212	3.86330e-02
0.08174	3.83126e-02
0.08132	3.80129e-02
0.08086	3.77372e-02
0.08036	3.74884e-02
0.07982	3.72689e-02
0.07924	3.70810e-02
0.07862	3.69263e-02
0.07797	3.68063e-02
0.07727	3.67223e-02
0.07655	3.66748e-02
0.07579	3.66639e-02
0.07500	3.66885e-02
0.07418	3.67462e-02
0.07333	3.68320e-02
0.07247	3.69371e-02
0.07161	3.70453e-02
0.07075	3.71286e-02
0.06993	3.71407e-02
0.06919	3.70206e-02
0.06855	3.67231e-02
0.06801	3.62606e-02
0.06755	3.56936e-02
0.06712	3.50859e-02
0.06672	3.44846e-02
0.06632	3.39216e-02
0.06592	3.34188e-02
0.06551	3.29918e-02
0.06510	3.26526e-02
0.06468	3.24095e-02
0.06426	3.22683e-02
0.06384	3.22314e-02
0.06342	3.22980e-02
0.06301	3.24625e-02
0.06261	3.27129e-02
0.06224	3.30263e-02
0.06192	3.33637e-02
0.06168	3.36776e-02
0.06154	3.39493e-02
0.06148	3.42029e-02
0.06148	3.44687e-02
0.06155	3.47639e-02
0.06167	3.50948e-02
0.06185	3.54630e-02
0.06208	3.58677e-02
0.06236	3.63076e-02
0.06270	3.67813e-02
0.06309	3.72877e-02
0.06352	3.78252e-02
0.06400	3.83919e-02
0.06453	3.89849e-02
0.06510	3.96004e-02
0.06572	4.02346e-02
0.06637	4.08847e-02
0.06706	4.15504e-02
0.06777	4.22339e-02
0.06851	4.29396e-02
0.06927	4.36722e-02
0.07003	4.44357e-02
0.07078	4.52327e-02
0.07154	4.60644e-02
0.07228	4.69305e-02
0.07301	4.78297e-02
0.07372	4.87597e-02
0.07441	4.97176e-02
0.07507	5.07001e-02
0.07571	5.17034e-02
0.07632	5.27236e-02
0.07689	5.37567e-02
0.07744	5.47981e-02
0.07795	5.58433e-02
0.07843	5.68855e-02
0.07892	5.78765e-02
0.07972	5.83766e-02
0.08058	5.87427e-02
0.08141	5.90920e-02
0.08221	5.94266e-02
0.08297	5.97450e-02
0.08369	6.00453e-02
0.08438	6.03260e-02
0.08502	6.05856e-02
0.08562	6.08233e-02
0.08618	6.10384e-02
0.08670	6.12306e-02
0.08717	6.14001e-02
0.08760	6.15468e-02
0.08798	6.16696e-02
0.08831	6.17593e-02
0.08870	6.16873e-02
0.08935	6.11229e-02
0.09002	6.04279e-02
0.09064	5.96898e-02
0.09120	5.89193e-02
0.09171	5.81217e-02
0.09215	5.73009e-02
0.09252	5.64609e-02
0.09283	5.56053e-02
0.09307	5.47380e-02
0.09324	5.38629e-02
0.09334	5.29836e-02
0.09337	5.21042e-02
0.09332	5.12285e-02
0.09320	5.03605e-02
0.09300	4.95042e-02
0.09273	4.86637e-02
0.09239	4.78431e-02
0.09197	4.70465e-02
0.09149	4.62783e-02
0.09093	4.55425e-02
0.09030	4.48434e-02
0.08961	4.41853e-02
0.08885	4.35723e-02
0.08803	4.30081e-02
0.08716	4.24967e-02
0.08622	4.20413e-02
0.08524	4.16450e-02
0.08420	4.13104e-02
0.08312	4.10395e-02
0.08201	4.08335e-02
0.08086	4.06931e-02
0.07968	4.06180e-02
0.07848	4.06072e-02
0.07726	4.06585e-02
0.07604	4.07685e-02
0.07481	4.09323e-02
0.07360	4.11433e-02
0.07241	4.13921e-02
0.07126	4.16656e-02
0.07017	4.19451e-02
0.06916	4.22036e-02
0.06827	4.24018e-02
0.06754	4.24787e-02
0.06704	4.23481e-02
0.06679	4.19988e-02
0.06675	4.14972e-02
0.06690	4.08891e-02
0.06720	4.02083e-02
0.06766	3.94834e-02
0.06825	3.87382e-02
0.06895	3.79921e-02
0.06977	3.72607e-02
0.07068	3.65570e-02
0.07169	3.58926e-02
0.07279	3.52784e-02
0.07397	3.47247e-02
0.07522	3.42415e-02
0.07653	3.38387e-02
0.07791	3.35251e-02
0.07933	3.33088e-02
0.08081	3.31964e-02
0.08232	3.31926e-02
0.08387	3.33005e-02
0.08545	3.35211e-02
0.08706	3.38533e-02
0.08869	3.42942e-02
0.09033	3.48392e-02
0.09199	3.54823e-02
0.09365	3.62162e-02
0.09532	3.70330e-02
0.09699	3.79239e-02
0.09867	3.88800e-02
0.10033	3.98921e-02
0.10200	4.09512e-02
0.10365	4.20481e-02
0.10529	4.31741e-02
0.10693	4.43206e-02
0.10854	4.54793e-02
0.11014	4.66423e-02
0.11173	4.78020e-02
0.11329	4.89511e-02
0.11483	5.00829e-02
0.11635	5.11908e-02
0.11784	5.22688e-02
0.11930	5.33114e-02
0.12074	5.43132e-02
0.12215	5.52693e-02
0.12352	5.61753e-02
0.12486	5.70268e-02
0.12617	5.78199e-02
0.12744	5.85508e-02
0.12868	5.92161e-02
0.12988	5.98126e-02
0.13103	6.03376e-02
0.13215	6.07889e-02
0.13322	6.11648e-02
0.13424	6.14646e-02
0.13522	6.16884e-02
0.13615	6.18372e-02
0.13703	6.19129e-02
0.13786	6.19186e-02
0.13862	6.18580e-02
0.13933	6.17357e-02
0.13997	6.15568e-02
0.14054	6.13268e-02
0.14105	6.10517e-02
0.14148	6.07375e-02
0.14184	6.03901e-02
0.14211	6.00158e-02
0.14231	5.96205e-02
0.14243	5.92098e-02
0.14246	5.87893e-02
0.14241	5.83642e-02
0.14227	5.79394e-02
0.14205	5.75190e-02
0.14174	5.71070e-02
0.14135	5.67066e-02
0.14087	5.63202e-02
0.14031	5.59496e-02
0.13967	5.55956e-02
0.13896	5.52578e-02
0.13816	5.49350e-02
0.13730	5.46245e-02
0.13638	5.43223e-02
0.13539	5.40232e-02
0.13434	5.37205e-02
0.13325	5.34065e-02
0.13212	5.30731e-02
0.13095	5.27119e-02
0.12976	5.23156e-02
0.12855	5.18789e-02
0.12732	5.13997e-02
0.12608	5.08801e-02
0.12483	5.03262e-02
0.12358	4.97485e-02
0.12232	4.91606e-02
0.12104	4.85782e-02
0.11976	4.80178e-02
0.11847	4.74953e-02
0.11717	4.70253e-02
0.11585	4.66201e-02
0.11453	4.62890e-02
0.11320	4.60379e-02
0.11187	4.58689e-02
0.11055	4.57794e-02
0.10923	4.57623e-02
0.10794	4.58054e-02
0.10669	4.58919e-02
0.10548	4.60009e-02
0.10434	4.61104e-02
0.10327	4.62002e-02
0.10230	4.62567e-02
0.10142	4.62759e-02
0.10063	4.62629e-02
0.09995	4.62287e-02
0.09936	4.61847e-02
0.09887	4.61399e-02
0.09846	4.61003e-02
0.09816	4.60704e-02
0.09794	4.60562e-02
0.09781	4.60667e-02
0.09776	4.61138e-02
0.09778	4.62097e-02
0.09787	4.63634e-02
0.09802	4.65783e-02
0.09823	4.68511e-02
0.09850	4.71716e-02
0.09883	4.75248e-02
0.09922	4.78939e-02
0.09968	4.82628e-02
0.10021	4.86185e-02
0.10080	4.89526e-02
0.10145	4.92600e-02
0.10215	4.95390e-02
0.10290	4.97905e-02
0.10368	5.00179e-02
0.10449	5.02283e-02
0.10531	5.04316e-02
0.10614	5.06398e-02
0.10696	5.08651e-02
0.10775	5.11179e-02
0.10852	5.14055e-02
0.10924	5.17309e-02
0.10993	5.20919e-02
0.11057	5.24809e-02
0.11117	5.28844e-02
0.11173	5.32835e-02
0.11226	5.36543e-02
0.11277	5.39700e-02
0.11326	5.42054e-02
0.11375	5.43417e-02
0.11423	5.43712e-02
0.11469	5.42988e-02
0.11514	5.41389e-02
0.11555	5.39111e-02
0.11591	5.36350e-02
0.11623	5.33282e-02
0.11647	5.30047e-02
0.11666	5.26748e-02
0.11677	5.23456e-02
0.11681	5.20214e-02
0.11678	5.17038e-02
0.11668	5.13926e-02
0.11651	5.10853e-02
0.11627	5.07781e-02
0.11598	5.04653e-02
0.11563	5.01397e-02
0.11523	4.97927e-02
0.11479	4.94145e-02
0.11431	4.89947e-02
0.11380	4.85223e-02
0.11328	4.79868e-02
0.11274	4.73797e-02
0.11219	4.66948e-02
0.11165	4.59298e-02
0.11110	4.50870e-02
0.11055	4.41729e-02
0.11001	4.31983e-02
0.10946	4.21773e-02
0.10892	4.11269e-02
0.10836	4.00660e-02
0.10781	3.90156e-02
0.10724	3.79979e-02
0.10667	3.70368e-02
0.10608	3.61568e-02
0.10548	3.53831e-02
0.10487	3.47403e-02
0.10425	3.42518e-02
0.10362	3.39380e-02
0.10297	3.38147e-02
0.10232	3.38923e-02
0.10166	3.41740e-02
0.10100	3.46555e-02
0.10034	3.53248e-02
0.09969	3.61619e-02
0.09906	3.71390e-02
0.09846	3.82191e-02
0.09790	3.93539e-02
0.09742	4.04791e-02
0.09706	4.15095e-02
0.09686	4.23446e-02
0.09686	4.29010e-02
0.09708	4.31625e-02
0.09749	4.31846e-02
0.09806	4.30461e-02
0.09874	4.28095e-02
0.09952	4.25142e-02
0.10037	4.21827e-02
0.10130	4.18273e-02
0.10229	4.14559e-02
0.10333	4.10742e-02
0.10441	4.06878e-02
0.10552	4.03030e-02
0.10666	3.99264e-02
0.10782	3.95658e-02
0.10898	3.92288e-02
0.11015	3.89231e-02
0.11131	3.86558e-02
0.11245	3.84330e-02
0.11357	3.82591e-02
0.11467	3.81367e-02
0.11573	3.80665e-02
0.11676	3.80466e-02
0.11774	3.80736e-02
0.11869	3.81416e-02
0.11959	3.82437e-02
0.12044	3.83717e-02
0.12125	3.85171e-02
0.12201	3.86717e-02
0.12272	3.88279e-02
0.12338	3.89799e-02
0.12398	3.91234e-02
0.12453	3.92561e-02
0.12502	3.93779e-02
0.12545	3.94902e-02
0.12582	3.95961e-02
0.12612	3.96996e-02
0.12635	3.98050e-02
0.12651	3.99171e-02
0.12659	4.00401e-02
0.12660	4.01774e-02
0.12653	4.03317e-02
0.12638	4.05048e-02
0.12615	4.06973e-02
0.12584	4.09085e-02
0.12546	4.11373e-02
0.12500	4.13811e-02
0.12447	4.16373e-02
0.12387	4.19022e-02
0.12321	4.21724e-02
0.12248	4.24440e-02
0.12170	4.27136e-02
0.12086	4.29780e-02
0.11997	4.32346e-02
0.11904	4.34815e-02
0.11807	4.37175e-02
0.11707	4.39420e-02
0.11603	4.41551e-02
0.11497	4.43573e-02
0.11389	4.45491e-02
0.11279	4.47310e-02
0.11169	4.49031e-02
0.11057	4.50646e-02
0.10946	4.52135e-02
0.10836	4.53465e-02
0.10727	4.54591e-02
0.10620	4.55448e-02
0.10516	4.55965e-02
0.10416	4.56061e-02
0.10321	4.55657e-02
0.10232	4.54686e-02
0.10148	4.53101e-02
0.10071	4.50881e-02
0.10002	4.48033e-02
0.09940	4.44589e-02
0.09885	4.40601e-02
0.09838	4.36137e-02
0.09798	4.31279e-02
0.09765	4.26118e-02
0.09739	4.20757e-02
0.09719	4.15306e-02
0.09705	4.09882e-02
0.09696	4.04606e-02
0.09692	3.99598e-02
0.09693	3.94972e-02
0.09698	3.90830e-02
0.09706	3.87257e-02
0.09718	3.84319e-02
0.09732	3.82053e-02
0.09749	3.80473e-02
0.09768	3.79562e-02
0.09790	3.79277e-02
0.09814	3.79548e-02
0.09839	3.80280e-02
0.09867	3.81356e-02
0.09898	3.82642e-02
0.09931	3.83990e-02
0.09966	3.85245e-02
0.10004	3.86254e-02
0.10045	3.86877e-02
0.10089	3.86998e-02
0.10135	3.86536e-02
0.10184	3.85449e-02
0.10235	3.83738e-02
0.10286	3.81441e-02
0.10339	3.78620e-02
0.10391	3.75351e-02
0.10443	3.71719e-02
0.10493	3.67801e-02
0.10541	3.63671e-02
0.10586	3.59393e-02
0.10628	3.55022e-02
0.10667	3.50606e-02
0.10702	3.46188e-02
0.10733	3.41808e-02
0.10760	3.37503e-02
0.10782	3.33314e-02
0.10799	3.29282e-02
0.10811	3.25451e-02
0.10818	3.21868e-02
0.10820	3.18583e-02
0.10816	3.15644e-02
0.10807	3.13103e-02
0.10791	3.11005e-02
0.10770	3.09393e-02
0.10744	3.08303e-02
0.10711	3.07763e-02
0.10673	3.07789e-02
0.10629	3.08388e-02
0.10579	3.09551e-02
0.10524	3.11254e-02
0.10464	3.13459e-02
0.10398	3.16110e-02
0.10329	3.19138e-02
0.10255	3.22451e-02
0.10178	3.25944e-02
0.10098	3.29493e-02
0.10015	3.32962e-02
0.09932	3.36199e-02
0.09848	3.39051e-02
0.09764	3.41373e-02
0.09681	3.43041e-02
0.09600	3.43977e-02
0.09522	3.44158e-02
0.09446	3.43631e-02
0.09373	3.42506e-02
0.09302	3.40938e-02
0.09234	3.39110e-02
0.09167	3.37206e-02
0.09101	3.35397e-02
0.09037	3.33832e-02
0.08973	3.32627e-02
0.08910	3.31870e-02
0.08848	3.31623e-02
0.08787	3.31919e-02
0.08726	3.32773e-02
0.08667	3.34183e-02
0.08609	3.36133e-02
0.08552	3.38598e-02
0.08497	3.41541e-02
0.08443	3.44918e-02
0.08390	3.48674e-02
0.08340	3.52729e-02
0.08292	3.56962e-02
0.08247	3.61143e-02
0.08207	3.64786e-02
0.08177	3.67113e-02
0.08155	3.67944e-02
0.08140	3.68082e-02
0.08127	3.68173e-02
0.08116	3.68474e-02
0.08105	3.69056e-02
0.08095	3.69915e-02
0.08085	3.71011e-02
0.08076	3.72288e-02
0.08068	3.73684e-02
0.08060	3.75142e-02
0.08052	3.76611e-02
0.08045	3.78058e-02
0.08039	3.79471e-02
0.08033	3.80856e-02
0.08027	3.82243e-02
0.08020	3.83671e-02
0.08013	3.85185e-02
0.08005	3.86832e-02
0.07995	3.88650e-02
0.07983	3.90669e-02
0.07970	3.92906e-02
0.07954	3.95365e-02
0.07937	3.98040e-02
0.07917	4.00912e-02
0.07896	4.03952e-02
0.07872	4.07118e-02
0.07847	4.10357e-02
0.07820	4.13605e-02
0.07793	4.16783e-02
0.07765	4.19795e-02
0.07737	4.22529e-02
0.07710	4.24851e-02
0.07684	4.26616e-02
0.07662	4.27680e-02
0.07642	4.27931e-02
0.07627	4.27312e-02
0.07615	4.25842e-02
0.07606	4.23599e-02
0.07601	4.20693e-02
0.07597	4.17237e-02
0.07595	4.13330e-02
0.07594	4.09051e-02
0.07595	4.04465e-02
0.07596	3.99622e-02
0.07597	3.94566e-02
0.07599	3.89333e-02
0.07601	3.83961e-02
0.07604	3.78483e-02
0.07606	3.72940e-02
0.07609	3.67372e-02
0.07611	3.61826e-02
0.07613	3.56352e-02
0.07614	3.51006e-02
0.07614	3.45849e-02
0.07613	3.40983e-02
0.07611	3.36446e-02
0.07607	3.32309e-02
0.07601	3.28638e-02
0.07594	3.25498e-02
0.07584	3.22951e-02
0.07572	3.21050e-02
0.07557	3.19841e-02
0.07539	3.19362e-02
0.07519	3.19638e-02
0.07496	3.20686e-02
0.07470	3.22508e-02
0.07441	3.25098e-02
0.07409	3.28438e-02
0.07373	3.32497e-02
0.07335	3.37240e-02
0.07294	3.42620e-02
0.07250	3.48583e-02
0.07203	3.55067e-02
0.07153	3.62001e-02
0.07101	3.69302e-02
0.07047	3.76870e-02
0.06993	3.84574e-02
0.06938	3.92239e-02
0.06884	3.99616e-02
0.06834	4.06361e-02
0.06790	4.12060e-02
0.06756	4.16388e-02
0.06731	4.19342e-02
0.06713	4.21281e-02
0.06701	4.22650e-02
0.06692	4.23744e-02
0.06687	4.24561e-02
0.06688	4.24709e-02
0.06699	4.23701e-02
0.06718	4.21645e-02
0.06745	4.18823e-02
0.06778	4.15269e-02
0.06818	4.10946e-02
0.06864	4.05929e-02
0.06915	4.00423e-02
0.06969	3.94682e-02
0.07025	3.88932e-02
0.07082	3.83339e-02
0.07139	3.78011e-02
0.07196	3.73010e-02
0.07254	3.68355e-02
0.07311	3.64040e-02
0.07369	3.60036e-02
0.07427	3.56306e-02
0.07485	3.52807e-02
0.07544	3.49506e-02
0.07603	3.46383e-02
0.07663	3.43434e-02
0.07722	3.40676e-02
0.07781	3.38137e-02
0.07839	3.35859e-02
0.07896	3.33886e-02
0.07952	3.32258e-02
0.08005	3.31007e-02
0.08057	3.30150e-02
0.08105	3.29686e-02
0.08152	3.29592e-02
0.08195	3.29824e-02
0.08235	3.30312e-02
0.08273	3.30966e-02
0.08308	3.31684e-02
0.08341	3.32360e-02
0.08371	3.32909e-02
0.08398	3.33282e-02
0.08423	3.33475e-02
0.08444	3.33527e-02
0.08462	3.33500e-02
0.08475	3.33464e-02
0.08484	3.33484e-02
0.08488	3.33610e-02
0.08486	3.33877e-02
0.08479	3.34303e-02
0.08466	3.34895e-02
0.08447	3.35650e-02
0.08422	3.36559e-02
0.08393	3.37261e-02
0.08359	3.38065e-02
0.08319	3.38954e-02
0.08273	3.39915e-02
0.08222	3.40931e-02
0.08164	3.41988e-02
0.08102	3.43070e-02
0.08035	3.44163e-02
0.07962	3.45251e-02
0.07885	3.46315e-02
0.07804	3.47333e-02
0.07719	3.48279e-02
0.07631	3.49120e-02
0.07540	3.49811e-02
0.07447	3.50286e-02
0.07353	3.50487e-02
0.07260	3.50330e-02
0.07168	3.49709e-02
0.07079	3.48505e-02
0.06994	3.46585e-02
0.06915	3.43777e-02
0.06842	3.39995e-02
0.06779	3.35156e-02
0.06725	3.29245e-02
0.06682	3.22326e-02
0.06648	3.14557e-02
0.06624	3.06173e-02
0.06608	2.97471e-02
0.06601	2.88785e-02
0.06600	2.80495e-02
0.06604	2.72938e-02
0.06614	2.66464e-02
0.06629	2.61393e-02
0.06649	2.57998e-02
0.06672	2.56479e-02
0.06700	2.56951e-02
0.06731	2.59428e-02
0.06767	2.63824e-02
0.06807	2.69968e-02
0.06851	2.77617e-02
0.06902	2.86495e-02
0.06958	2.96311e-02
0.07020	3.06799e-02
0.07088	3.17729e-02
0.07164	3.28930e-02
0.07246	3.40281e-02
0.07334	3.51707e-02
0.07427	3.63160e-02
0.07526	3.74606e-02
0.07629	3.86014e-02
0.07736	3.97356e-02
0.07846	4.08602e-02
0.07959	4.19724e-02
0.08073	4.30693e-02
0.08190	4.41483e-02
0.08307	4.52066e-02
0.08425	4.62416e-02
0.08542	4.72504e-02
0.08659	4.82300e-02
0.08775	4.91776e-02
0.08889	5.00902e-02
0.09002	5.09651e-02
0.09112	5.17996e-02
0.09219	5.25912e-02
0.09324	5.33377e-02
0.09426	5.40371e-02
0.09523	5.46875e-02
0.09618	5.52873e-02
0.09708	5.58355e-02
0.09793	5.63309e-02
0.09874	5.67728e-02
0.09951	5.71607e-02
0.10022	5.74946e-02
0.10088	5.77745e-02
0.10149	5.80009e-02
0.10205	5.81746e-02
0.10254	5.82965e-02
0.10298	5.83681e-02
0.10336	5.83912e-02
0.10368	5.83677e-02
0.10394	5.83003e-02
0.10413	5.81916e-02
0.10426	5.80447e-02
0.10433	5.78633e-02
0.10433	5.76509e-02
0.10427	5.74119e-02
0.10414	5.71504e-02
0.10395	5.68713e-02
0.10369	5.65793e-02
0.10336	5.62793e-02
0.10297	5.59766e-02
0.10252	5.56762e-02
0.10200	5.53834e-02
0.10141	5.51030e-02
0.10077	5.48400e-02
0.10006	5.45989e-02
0.09929	5.43841e-02
0.09846	5.41993e-02
0.09758	5.40478e-02
0.09664	5.39323e-02
0.09565	5.38548e-02
0.09461	5.38164e-02
0.09353	5.38174e-02
0.09241	5.38569e-02
0.09125	5.39328e-02
0.09005	5.40414e-02
0.08884	5.41767e-02
0.08760	5.43290e-02
0.08636	5.44779e-02
0.08514	5.45970e-02
0.08398	5.46308e-02
0.08293	5.45100e-02
0.08201	5.42270e-02
0.08117	5.38495e-02
0.08037	5.34391e-02
0.07960	5.30278e-02
0.07885	5.26306e-02
0.07812	5.22551e-02
0.07739	5.19051e-02
0.07669	5.15819e-02
0.07599	5.12844e-02
0.07531	5.10093e-02
0.07466	5.07509e-02
0.07402	5.05013e-02
0.07342	5.02504e-02
0.07285	4.99870e-02
0.07261	4.92813e-02
0.07260	4.82609e-02
0.07263	4.72076e-02
0.07268	4.61291e-02
0.07274	4.50365e-02
0.07281	4.39435e-02
0.07286	4.28645e-02
0.07290	4.18131e-02
0.07291	4.08023e-02
0.07289	3.98440e-02
0.07282	3.89494e-02
0.07271	3.81285e-02
0.07255	3.73907e-02
0.07233	3.67443e-02
0.07206	3.61967e-02
0.07173	3.57538e-02
0.07134	3.54204e-02
0.07088	3.51992e-02
0.07037	3.50914e-02
0.06979	3.50964e-02
0.06914	3.52113e-02
0.06844	3.54316e-02
0.06768	3.57509e-02
0.06687	3.61606e-02
0.06600	3.66490e-02
0.06509	3.71987e-02
0.06416	3.77769e-02
0.06326	3.83057e-02
0.06252	3.85757e-02
0.06214	3.82866e-02
0.06206	3.75616e-02
0.06207	3.67193e-02
0.06208	3.59103e-02
0.06208	3.51941e-02
0.06205	3.45899e-02
0.06202	3.40768e-02
0.06205	3.35593e-02
0.06221	3.28983e-02
0.06248	3.21281e-02
0.06279	3.14032e-02
0.06309	3.08251e-02
0.06337	3.04450e-02
0.06362	3.02827e-02
0.06387	3.03093e-02
0.06419	3.03432e-02
0.06468	3.02134e-02
0.06522	3.01537e-02
0.06574	3.02987e-02
0.06625	3.06804e-02
0.06672	3.13019e-02
0.06716	3.21541e-02
0.06757	3.32203e-02
0.06795	3.44800e-02
0.06829	3.59102e-02
0.06860	3.74876e-02
0.06888	3.91895e-02
0.06913	4.09941e-02
0.06935	4.28815e-02
0.06954	4.48333e-02
0.06971	4.68324e-02
0.06985	4.88631e-02
0.06997	5.09103e-02
0.07008	5.29578e-02
0.07018	5.49847e-02
0.07031	5.69465e-02
0.07061	5.86625e-02
0.07133	5.98610e-02
0.07224	6.08144e-02
0.07324	6.16541e-02
0.07431	6.23679e-02
0.07548	6.29444e-02
0.07671	6.34038e-02
0.07797	6.37755e-02
0.07924	6.40781e-02
0.08052	6.43196e-02
0.08179	6.45016e-02
0.08305	6.46232e-02
0.08430	6.46834e-02
0.08554	6.46822e-02
0.08675	6.46212e-02
0.08795	6.45033e-02
0.08912	6.43328e-02
0.09025	6.41147e-02
0.09135	6.38547e-02
0.09240	6.35581e-02
0.09341	6.32304e-02
0.09436	6.28764e-02
0.09527	6.25002e-02
0.09612	6.21052e-02
0.09693	6.16937e-02
0.09768	6.12669e-02
0.09838	6.08248e-02
0.09904	6.03668e-02
0.09965	5.98910e-02
0.10022	5.93956e-02
0.10076	5.88789e-02
0.10126	5.83406e-02
0.10173	5.77817e-02
0.10217	5.72055e-02
0.10258	5.66171e-02
0.10297	5.60236e-02
0.10331	5.54326e-02
0.10363	5.48525e-02
0.10391	5.42912e-02
0.10416	5.37560e-02
0.10438	5.32534e-02
0.10457	5.27885e-02
0.10472	5.23652e-02
0.10485	5.19860e-02
0.10495	5.16520e-02
0.10503	5.13631e-02
0.10509	5.11181e-02
0.10514	5.09145e-02
0.10517	5.07492e-02
0.10520	5.06185e-02
0.10522	5.05184e-02
0.10524	5.04446e-02
0.10526	5.03932e-02
0.10529	5.03605e-02
0.10532	5.03434e-02
0.10536	5.03390e-02
0.10541	5.03451e-02
0.10546	5.03596e-02
0.10552	5.03802e-02
0.10559	5.04046e-02
0.10567	5.04301e-02
0.10575	5.04532e-02
0.10584	5.04701e-02
0.10594	5.04761e-02
0.10605	5.04662e-02
0.10616	5.04350e-02
0.10629	5.03765e-02
0.10642	5.02842e-02
0.10656	5.01504e-02
0.10670	4.99663e-02
0.10687	4.97215e-02
0.10704	4.94056e-02
0.10723	4.90113e-02
0.10742	4.85380e-02
0.10762	4.79945e-02
0.10781	4.73976e-02
0.10798	4.67684e-02
0.10812	4.61279e-02
0.10821	4.54948e-02
0.10825	4.48843e-02
0.10823	4.43087e-02
0.10816	4.37774e-02
0.10801	4.32976e-02
0.10780	4.28747e-02
0.10752	4.25123e-02
0.10717	4.22131e-02
0.10675	4.19785e-02
0.10626	4.18089e-02
0.10570	4.17042e-02
0.10507	4.16632e-02
0.10437	4.16846e-02
0.10360	4.17663e-02
0.10276	4.19060e-02
0.10186	4.21011e-02
0.10090	4.23485e-02
0.09987	4.26455e-02
0.09879	4.29887e-02
0.09765	4.33749e-02
0.09646	4.38008e-02
0.09521	4.42628e-02
0.09393	4.47571e-02
0.09260	4.52795e-02
0.09123	4.58248e-02
0.08983	4.63853e-02
0.08841	4.69484e-02
0.08699	4.74860e-02
0.08562	4.79211e-02
0.08444	4.80290e-02
0.08360	4.75490e-02
0.08299	4.67087e-02
0.08244	4.57871e-02
0.08191	4.48864e-02
0.08139	4.40434e-02
0.08086	4.32747e-02
0.08034	4.25885e-02
0.07981	4.19887e-02
0.07930	4.14756e-02
0.07880	4.10465e-02
0.07832	4.06954e-02
0.07788	4.04134e-02
0.07746	4.01889e-02
0.07710	4.00076e-02
0.07679	3.98540e-02
0.07655	3.97117e-02
0.07638	3.95654e-02
0.07629	3.94029e-02
0.07628	3.92169e-02
0.07635	3.90075e-02
0.07650	3.87819e-02
0.07671	3.85538e-02
0.07696	3.83408e-02
0.07726	3.81615e-02
0.07758	3.80329e-02
0.07792	3.79692e-02
0.07826	3.79800e-02
0.07860	3.80705e-02
0.07893	3.82417e-02
0.07925	3.84904e-02
0.07957	3.88100e-02
0.07987	3.91912e-02
0.08015	3.96231e-02
0.08043	4.00936e-02
0.08069	4.05909e-02
0.08094	4.11032e-02
0.08119	4.16203e-02
0.08143	4.21328e-02
0.08166	4.26323e-02
0.08188	4.31109e-02
0.08210	4.35607e-02
0.08231	4.39734e-02
0.08252	4.43414e-02
0.08274	4.46591e-02
0.08295	4.49248e-02
0.08316	4.51414e-02
0.08336	4.53155e-02
0.08354	4.54548e-02
0.08371	4.55664e-02
0.08386	4.56555e-02
0.08399	4.57253e-02
0.08409	4.57767e-02
0.08418	4.58091e-02
0.08424	4.58202e-02
0.08429	4.58070e-02
0.08433	4.57661e-02
0.08435	4.56946e-02
0.08437	4.55902e-02
0.08439	4.54521e-02
0.08441	4.52811e-02
0.08442	4.50790e-02
0.08444	4.48485e-02
0.08446	4.45929e-02
0.08448	4.43155e-02
0.08450	4.40198e-02
0.08453	4.37092e-02
0.08456	4.33867e-02
0.08460	4.30554e-02
0.08465	4.27179e-02
0.08470	4.23767e-02
0.08477	4.20338e-02
0.08485	4.16908e-02
0.08494	4.13487e-02
0.08504	4.10078e-02
0.08517	4.06678e-02
0.08531	4.03278e-02
0.08547	3.99862e-02
0.08565	3.96413e-02
0.08586	3.92911e-02
0.08610	3.89342e-02
0.08635	3.85696e-02
0.08663	3.81973e-02
0.08694	3.78179e-02
0.08727	3.74332e-02
0.08761	3.70450e-02
0.08798	3.66553e-02
0.08836	3.62658e-02
0.08875	3.58772e-02
0.08915	3.54890e-02
0.08957	3.50996e-02
0.08999	3.47061e-02
0.09042	3.43043e-02
0.09086	3.38898e-02
0.09131	3.34575e-02
0.09176	3.30031e-02
0.09221	3.25231e-02
0.09267	3.20157e-02
0.09313	3.14810e-02
0.09358	3.09216e-02
0.09403	3.03424e-02
0.09446	2.97505e-02
0.09487	2.91550e-02
0.09527	2.85669e-02
0.09563	2.79982e-02
0.09596	2.74621e-02
0.09626	2.69717e-02
0.09652	2.65404e-02
0.09674	2.61808e-02
0.09691	2.59044e-02
0.09703	2.57211e-02
0.09711	2.56384e-02
0.09714	2.56618e-02
0.09711	2.57935e-02
0.09704	2.60333e-02
0.09692	2.63780e-02
0.09676	2.68220e-02
0.09655	2.73578e-02
0.09629	2.79760e-02
0.09600	2.86664e-02
0.09567	2.94179e-02
0.09531	3.02191e-02
0.09493	3.10591e-02
0.09452	3.19269e-02
0.09409	3.28123e-02
0.09365	3.37058e-02
0.09321	3.45990e-02
0.09276	3.54838e-02
0.09232	3.63534e-02
0.09189	3.72012e-02
0.09148	3.80210e-02
0.09110	3.88068e-02
0.09075	3.95523e-02
0.09043	4.02506e-02
0.09016	4.08946e-02
0.08994	4.14769e-02
0.08979	4.19905e-02
0.08970	4.24296e-02
0.08968	4.27901e-02
0.08973	4.30703e-02
0.08986	4.32709e-02
0.09007	4.33946e-02
0.09035	4.34462e-02
0.09070	4.34319e-02
0.09112	4.33592e-02
0.09159	4.32366e-02
0.09212	4.30733e-02
0.09270	4.28790e-02
0.09332	4.26632e-02
0.09397	4.24349e-02
0.09466	4.22025e-02
0.09536	4.19732e-02
0.09607	4.17527e-02
0.09680	4.15457e-02
0.09754	4.13551e-02
0.09828	4.11828e-02
0.09901	4.10294e-02
0.09975	4.08943e-02
0.10047	4.07765e-02
0.10119	4.06744e-02
0.10189	4.05863e-02
0.10258	4.05107e-02
0.10325	4.04460e-02
0.10389	4.03912e-02
0.10452	4.03456e-02
0.10511	4.03089e-02
0.10567	4.02810e-02
0.10620	4.02621e-02
0.10670	4.02524e-02
0.10715	4.02522e-02
0.10756	4.02617e-02
0.10793	4.02810e-02
0.10825	4.03099e-02
0.10852	4.03481e-02
0.10874	4.03950e-02
0.10891	4.04495e-02
0.10903	4.05105e-02
0.10910	4.05764e-02
0.10911	4.06454e-02
0.10907	4.07154e-02
0.10897	4.07843e-02
0.10883	4.08496e-02
0.10863	4.09090e-02
0.10838	4.09601e-02
0.10809	4.10010e-02
0.10774	4.10300e-02
0.10735	4.10457e-02
0.10692	4.10477e-02
0.10644	4.10360e-02
0.10592	4.10116e-02
0.10535	4.09763e-02
0.10475	4.09327e-02
0.10411	4.08839e-02
0.10343	4.08336e-02
0.10271	4.07862e-02
0.10196	4.07459e-02
0.10117	4.07172e-02
0.10034	4.07042e-02
0.09948	4.07109e-02
0.09859	4.07407e-02
0.09767	4.07967e-02
0.09673	4.08811e-02
0.09576	4.09956e-02
0.09476	4.11410e-02
0.09375	4.13178e-02
0.09271	4.15254e-02
0.09167	4.17628e-02
0.09061	4.20284e-02
0.08955	4.23200e-02
0.08849	4.26347e-02
0.08743	4.29693e-02
0.08638	4.33201e-02
0.08534	4.36829e-02
0.08432	4.40528e-02
0.08332	4.44245e-02
0.08235	4.47919e-02
0.08142	4.51475e-02
0.08052	4.54813e-02
0.07969	4.57789e-02
0.07892	4.60173e-02
0.07825	4.61610e-02
0.07770	4.61650e-02
0.07730	4.59930e-02
0.07705	4.56359e-02
0.07695	4.50999e-02
0.07698	4.43936e-02
0.07714	4.35373e-02
0.07739	4.25691e-02
0.07769	4.15341e-02
0.07803	4.04720e-02
0.07839	3.94143e-02
0.07874	3.83845e-02
0.07909	3.74010e-02
0.07941	3.64785e-02
0.07971	3.56291e-02
0.07998	3.48629e-02
0.08022	3.41882e-02
0.08042	3.36116e-02
0.08058	3.31380e-02
0.08070	3.27702e-02
0.08078	3.25094e-02
0.08081	3.23547e-02
0.08080	3.23036e-02
0.08074	3.23516e-02
0.08064	3.24927e-02
0.08049	3.27197e-02
0.08029	3.30242e-02
0.08005	3.33974e-02
0.07976	3.38297e-02
0.07943	3.43113e-02
0.07906	3.48327e-02
0.07864	3.53841e-02
0.07819	3.59562e-02
0.07770	3.65398e-02
0.07717	3.71264e-02
0.07662	3.77073e-02
0.07604	3.82744e-02
0.07543	3.88196e-02
0.07480	3.93350e-02
0.07416	3.98122e-02
0.07352	4.02417e-02
0.07287	4.06114e-02
0.07223	4.09017e-02
0.07164	4.10753e-02
0.07112	4.10590e-02
0.07074	4.07673e-02
0.07049	4.02206e-02
0.07029	3.95270e-02
0.07012	3.87644e-02
0.06994	3.79712e-02
0.06974	3.71676e-02
0.06952	3.63659e-02
0.06929	3.55755e-02
0.06903	3.48044e-02
0.06874	3.40599e-02
0.06843	3.33490e-02
0.06810	3.26789e-02
0.06774	3.20569e-02
0.06735	3.14903e-02
0.06695	3.09866e-02
0.06651	3.05532e-02
0.06605	3.01972e-02
0.06557	2.99248e-02
0.06506	2.97412e-02
0.06452	2.96500e-02
0.06396	2.96532e-02
0.06339	2.97506e-02
0.06279	2.99397e-02
0.06217	3.02157e-02
0.06154	3.05712e-02
0.06090	3.09958e-02
0.06027	3.14744e-02
0.05964	3.19836e-02
0.05905	3.24800e-02
0.05856	3.28732e-02
0.05823	3.30324e-02
0.05808	3.29505e-02
0.05806	3.27362e-02
0.05812	3.24515e-02
0.05826	3.21109e-02
0.05847	3.17113e-02
0.05877	3.12466e-02
0.05914	3.07139e-02
0.05959	3.01162e-02
0.06011	2.94623e-02
0.06068	2.87652e-02
0.06130	2.80411e-02
0.06195	2.73077e-02
0.06263	2.65840e-02
0.06333	2.58891e-02
0.06404	2.52426e-02
0.06476	2.46635e-02
0.06547	2.41701e-02
0.06618	2.37788e-02
0.06688	2.35034e-02
0.06756	2.33539e-02
0.06823	2.33353e-02
0.06889	2.34474e-02
0.06953	2.36842e-02
0.07017	2.40349e-02
0.07079	2.44857e-02
0.07140	2.50221e-02
0.07201	2.56322e-02
0.07262	2.63084e-02
0.07321	2.70475e-02
0.07379	2.78500e-02
0.07436	2.87170e-02
0.07491	2.96485e-02
0.07543	3.06427e-02
0.07593	3.16951e-02
0.07640	3.27992e-02
0.07685	3.39467e-02
0.07727	3.51281e-02
0.07766	3.63330e-02
0.07803	3.75505e-02
0.07839	3.87688e-02
0.07873	3.99747e-02
0.07906	4.11509e-02
0.07939	4.22677e-02
0.07978	4.32568e-02
0.08029	4.39604e-02
0.08101	4.42540e-02
0.08185	4.42745e-02
0.08274	4.41696e-02
0.08363	4.39993e-02
0.08451	4.37879e-02
0.08537	4.35474e-02
0.08621	4.32859e-02
0.08702	4.30089e-02
0.08780	4.27212e-02
0.08854	4.24264e-02
0.08925	4.21277e-02
0.08992	4.18278e-02
0.09055	4.15292e-02
0.09114	4.12339e-02
0.09168	4.09445e-02
0.09218	4.06636e-02
0.09264	4.03942e-02
0.09305	4.01403e-02
0.09342	3.99062e-02
0.09373	3.96968e-02
0.09400	3.95175e-02
0.09422	3.93742e-02
0.09438	3.92723e-02
0.09449	3.92175e-02
0.09454	3.92146e-02
0.09455	3.92677e-02
0.09449	3.93801e-02
0.09439	3.95539e-02
0.09423	3.97899e-02
0.09401	4.00875e-02
0.09375	4.04450e-02
0.09345	4.08596e-02
0.09309	4.13272e-02
0.09270	4.18432e-02
0.09227	4.24026e-02
0.09181	4.30006e-02
0.09132	4.36329e-02
0.09081	4.42960e-02
0.09027	4.49879e-02
0.08971	4.57078e-02
0.08913	4.64558e-02
0.08854	4.72329e-02
0.08793	4.80401e-02
0.08731	4.88780e-02
0.08667	4.97460e-02
0.08603	5.06400e-02
0.08556	5.12726e-02
0.08598	5.04447e-02
0.08643	4.96137e-02
0.08688	4.88074e-02
0.08734	4.80271e-02
0.08781	4.72789e-02
0.08828	4.65754e-02
0.08876	4.59350e-02
0.08922	4.53782e-02
0.08966	4.49241e-02
0.09008	4.45878e-02
0.09048	4.43778e-02
0.09085	4.42928e-02
0.09121	4.43125e-02
0.09159	4.43776e-02
0.09204	4.43630e-02
0.09262	4.41622e-02
0.09327	4.38493e-02
0.09395	4.35568e-02
0.09461	4.33591e-02
0.09523	4.32896e-02
0.09581	4.33622e-02
0.09634	4.35815e-02
0.09683	4.39459e-02
0.09726	4.44498e-02
0.09764	4.50845e-02
0.09798	4.58382e-02
0.09826	4.66967e-02
0.09850	4.76427e-02
0.09870	4.86538e-02
0.09886	4.96981e-02
0.09902	5.07235e-02
0.09921	5.16383e-02
0.09951	5.23197e-02
0.09993	5.27264e-02
0.10041	5.29518e-02
0.10092	5.30970e-02
0.10141	5.32152e-02
0.10186	5.33271e-02
0.10229	5.34375e-02
0.10267	5.35428e-02
0.10303	5.36330e-02
0.10336	5.36935e-02
0.10367	5.37047e-02
0.10397	5.36431e-02
0.10427	5.34831e-02
0.10458	5.32020e-02
0.10491	5.27857e-02
0.10526	5.22335e-02
0.10560	5.15581e-02
0.10594	5.07810e-02
0.10626	4.99273e-02
0.10654	4.90214e-02
0.10677	4.80848e-02
0.10695	4.71361e-02
0.10706	4.61913e-02
0.10711	4.52639e-02
0.10709	4.43659e-02
0.10700	4.35077e-02
0.10683	4.26984e-02
0.10659	4.19461e-02
0.10628	4.12575e-02
0.10590	4.06379e-02
0.10544	4.00910e-02
0.10492	3.96190e-02
0.10433	3.92217e-02
0.10367	3.88970e-02
0.10296	3.86401e-02
0.10220	3.84435e-02
0.10139	3.82970e-02
0.10054	3.81878e-02
0.09966	3.81007e-02
0.09876	3.80197e-02
0.09784	3.79286e-02
0.09693	3.78142e-02
0.09601	3.76679e-02
0.09510	3.74884e-02
0.09420	3.72816e-02
0.09331	3.70607e-02
0.09241	3.68432e-02
0.09152	3.66488e-02
0.09062	3.64967e-02
0.08971	3.64038e-02
0.08879	3.63822e-02
0.08786	3.64372e-02
0.08692	3.65613e-02
0.08599	3.67237e-02
0.08510	3.68464e-02
0.08433	3.67896e-02
0.08371	3.64591e-02
0.08320	3.59517e-02
0.08274	3.54262e-02
0.08229	3.49806e-02
0.08183	3.46585e-02
0.08136	3.44663e-02
0.08090	3.43658e-02
0.08050	3.42257e-02
0.08030	3.37338e-02
0.08039	3.26297e-02
0.08067	3.11482e-02
0.08099	2.96007e-02
0.08129	2.81462e-02
0.08156	2.68691e-02
0.08177	2.58259e-02
0.08193	2.50591e-02
0.08203	2.45988e-02
0.08207	2.44608e-02
0.08205	2.46451e-02
0.08197	2.51358e-02
0.08184	2.59032e-02
0.08165	2.69075e-02
0.08142	2.80984e-02
0.08115	2.94017e-02
0.08093	3.06150e-02
0.08094	3.12076e-02
0.08114	3.13767e-02
0.08136	3.15608e-02
0.08155	3.18455e-02
0.08171	3.22353e-02
0.08184	3.27172e-02
0.08196	3.32726e-02
0.08206	3.38808e-02
0.08214	3.45208e-02
0.08223	3.51720e-02
0.08231	3.58150e-02
0.08241	3.64319e-02
0.08252	3.70070e-02
0.08265	3.75265e-02
0.08282	3.79797e-02
0.08301	3.83584e-02
0.08323	3.86576e-02
0.08349	3.88749e-02
0.08378	3.90105e-02
0.08411	3.90668e-02
0.08446	3.90473e-02
0.08485	3.89566e-02
0.08525	3.87998e-02
0.08568	3.85821e-02
0.08613	3.83086e-02
0.08659	3.79844e-02
0.08706	3.76147e-02
0.08755	3.72047e-02
0.08804	3.67600e-02
0.08854	3.62866e-02
0.08904	3.57915e-02
0.08953	3.52823e-02
0.09002	3.47680e-02
0.09051	3.42590e-02
0.09098	3.37672e-02
0.09144	3.33058e-02
0.09188	3.28894e-02
0.09229	3.25335e-02
0.09268	3.22536e-02
0.09304	3.20647e-02
0.09337	3.19806e-02
0.09365	3.20127e-02
0.09390	3.21698e-02
0.09411	3.24571e-02
0.09428	3.28761e-02
0.09440	3.34249e-02
0.09449	3.40981e-02
0.09453	3.48876e-02
0.09453	3.57827e-02
0.09450	3.67715e-02
0.09443	3.78408e-02
0.09433	3.89773e-02
0.09420	4.01675e-02
0.09404	4.13990e-02
0.09386	4.26599e-02
0.09366	4.39398e-02
0.09345	4.52294e-02
0.09322	4.65209e-02
0.09299	4.78068e-02
0.09275	4.90783e-02
0.09252	5.03104e-02
0.09246	5.12128e-02
0.09304	5.09669e-02
0.09373	5.04950e-02
0.09443	5.00131e-02
0.09512	4.95420e-02
0.09580	4.90882e-02
0.09646	4.86557e-02
0.09710	4.82472e-02
0.09772	4.78649e-02
0.09832	4.75106e-02
0.09890	4.71857e-02
0.09946	4.68912e-02
0.10000	4.66281e-02
0.10051	4.63971e-02
0.10100	4.61990e-02
0.10146	4.60346e-02
0.10190	4.59046e-02
0.10231	4.58097e-02
0.10269	4.57507e-02
0.10305	4.57280e-02
0.10338	4.57420e-02
0.10367	4.57925e-02
0.10394	4.58791e-02
0.10417	4.60008e-02
0.10437	4.61561e-02
0.10454	4.63429e-02
0.10468	4.65586e-02
0.10479	4.68000e-02
0.10487	4.70636e-02
0.10492	4.73453e-02
0.10494	4.76408e-02
0.10493	4.79455e-02
0.10489	4.82548e-02
0.10484	4.85638e-02
0.10476	4.88678e-02
0.10465	4.91621e-02
0.10453	4.94419e-02
0.10439	4.97027e-02
0.10424	4.99399e-02
0.10407	5.01491e-02
0.10388	5.03255e-02
0.10369	5.04642e-02
0.10349	5.05598e-02
0.10329	5.06059e-02
0.10309	5.05952e-02
0.10289	5.05186e-02
0.10270	5.03658e-02
0.10253	5.01247e-02
0.10238	4.97836e-02
0.10225	4.93330e-02
0.10215	4.87690e-02
0.10207	4.80947e-02
0.10202	4.73201e-02
0.10197	4.64602e-02
0.10192	4.55317e-02
0.10187	4.45514e-02
0.10180	4.35350e-02
0.10171	4.24968e-02
0.10160	4.14503e-02
0.10147	4.04084e-02
0.10130	3.93835e-02
0.10109	3.83880e-02
0.10085	3.74346e-02
0.10057	3.65361e-02
0.10025	3.57052e-02
0.09989	3.49551e-02
0.09949	3.42983e-02
0.09904	3.37467e-02
0.09855	3.33112e-02
0.09801	3.30009e-02
0.09743	3.28231e-02
0.09681	3.27821e-02
0.09615	3.28795e-02
0.09544	3.31141e-02
0.09469	3.34816e-02
0.09391	3.39748e-02
0.09309	3.45843e-02
0.09224	3.52990e-02
0.09136	3.61057e-02
0.09046	3.69904e-02
0.08954	3.79377e-02
0.08861	3.89304e-02
0.08767	3.99487e-02
0.08674	4.09674e-02
0.08585	4.19506e-02
0.08501	4.28439e-02
0.08428	4.35656e-02
0.08371	4.40233e-02
0.08333	4.41810e-02
0.08312	4.41001e-02
0.08303	4.38786e-02
0.08301	4.35880e-02
0.08305	4.32661e-02
0.08313	4.29272e-02
0.08327	4.25715e-02
0.08345	4.21905e-02
0.08369	4.17706e-02
0.08400	4.12948e-02
0.08437	4.07453e-02
0.08482	4.01058e-02
0.08535	3.93633e-02
0.08595	3.85102e-02
0.08662	3.75454e-02
0.08734	3.64742e-02
0.08812	3.53087e-02
0.08893	3.40661e-02
0.08976	3.27681e-02
0.09059	3.14401e-02
0.09142	3.01104e-02
0.09223	2.88100e-02
0.09301	2.75728e-02
0.09375	2.64348e-02
0.09445	2.54341e-02
0.09510	2.46095e-02
0.09568	2.39981e-02
0.09620	2.36324e-02
0.09666	2.35369e-02
0.09704	2.37248e-02
0.09734	2.41964e-02
0.09757	2.49400e-02
0.09771	2.59337e-02
0.09777	2.71492e-02
0.09775	2.85548e-02
0.09765	3.01179e-02
0.09746	3.18059e-02
0.09719	3.35857e-02
0.09684	3.54203e-02
0.09644	3.72574e-02
0.09601	3.89963e-02
0.09566	4.04015e-02
0.09555	4.11488e-02
0.09564	4.13664e-02
0.09576	4.14223e-02
0.09584	4.14938e-02
0.09585	4.16438e-02
0.09579	4.18951e-02
0.09564	4.22550e-02
0.09541	4.27234e-02
0.09509	4.32963e-02
0.09469	4.39674e-02
0.09420	4.47284e-02
0.09362	4.55705e-02
0.09296	4.64839e-02
0.09222	4.74586e-02
0.09140	4.84845e-02
0.09051	4.95515e-02
0.08954	5.06492e-02
0.08850	5.17668e-02
0.08740	5.28923e-02
0.08624	5.40089e-02
0.08506	5.50835e-02
0.08391	5.60051e-02
0.08306	5.64193e-02
0.08253	5.63217e-02
0.08207	5.60834e-02
0.08161	5.58119e-02
0.08114	5.55235e-02
0.08067	5.52139e-02
0.08021	5.48711e-02
0.07977	5.44794e-02
0.07937	5.40227e-02
0.07901	5.34878e-02
0.07871	5.28690e-02
0.07847	5.21702e-02
0.07827	5.14026e-02
0.07811	5.05809e-02
0.07799	4.97179e-02
0.07790	4.88230e-02
0.07784	4.79021e-02
0.07780	4.69589e-02
0.07780	4.59983e-02
0.07783	4.50282e-02
0.07787	4.40614e-02
0.07794	4.31149e-02
0.07801	4.22083e-02
0.07808	4.13610e-02
0.07816	4.05907e-02
0.07823	3.99117e-02
0.07829	3.93341e-02
0.07835	3.88634e-02
0.07841	3.84998e-02
0.07847	3.82385e-02
0.07854	3.80700e-02
0.07863	3.79810e-02
0.07875	3.79560e-02
0.07891	3.79797e-02
0.07910	3.80390e-02
0.07934	3.81256e-02
0.07962	3.82368e-02
0.07995	3.83758e-02
0.08031	3.85500e-02
0.08071	3.87687e-02
0.08113	3.90412e-02
0.08156	3.93744e-02
0.08201	3.97712e-02
0.08247	4.02294e-02
0.08294	4.07409e-02
0.08343	4.12910e-02
0.08394	4.18583e-02
0.08448	4.24158e-02
0.08506	4.29353e-02
0.08570	4.33948e-02
0.08638	4.37848e-02
0.08711	4.41108e-02
0.08788	4.43878e-02
0.08866	4.46332e-02
0.08946	4.48623e-02
0.09026	4.50861e-02
0.09104	4.53126e-02
0.09182	4.55465e-02
0.09258	4.57906e-02
0.09331	4.60467e-02
0.09402	4.63154e-02
0.09470	4.65970e-02
0.09535	4.68912e-02
0.09597	4.71979e-02
0.09655	4.75164e-02
0.09709	4.78461e-02
0.09760	4.81861e-02
0.09806	4.85351e-02
0.09847	4.88915e-02
0.09885	4.92527e-02
0.09918	4.96154e-02
0.09947	4.99743e-02
0.09972	5.03224e-02
0.09993	5.06499e-02
0.10011	5.09450e-02
0.10026	5.11953e-02
0.10040	5.13926e-02
0.10051	5.15353e-02
0.10060	5.16293e-02
0.10066	5.16843e-02
0.10069	5.17105e-02
0.10067	5.17166e-02
0.10062	5.17099e-02
0.10052	5.16958e-02
0.10038	5.16786e-02
0.10020	5.16619e-02
0.09997	5.16483e-02
0.09969	5.16402e-02
0.09937	5.16393e-02
0.09901	5.16469e-02
0.09860	5.16640e-02
0.09815	5.16906e-02
0.09767	5.17238e-02
0.09722	5.16215e-02
0.09705	5.09500e-02
0.09687	5.02542e-02
0.09665	4.95719e-02
0.09640	4.89068e-02
0.09612	4.82612e-02
0.09581	4.76366e-02
0.09548	4.70344e-02
0.09513	4.64556e-02
0.09475	4.59013e-02
0.09436	4.53719e-02
0.09396	4.48676e-02
0.09355	4.43879e-02
0.09314	4.39318e-02
0.09272	4.34972e-02
0.09230	4.30812e-02
0.09189	4.26797e-02
0.09149	4.22872e-02
0.09111	4.18975e-02
0.09075	4.15028e-02
0.09042	4.10948e-02
0.09012	4.06646e-02
0.08986	4.02033e-02
0.08964	3.97028e-02
0.08947	3.91567e-02
0.08935	3.85609e-02
0.08927	3.79150e-02
0.08924	3.72224e-02
0.08926	3.64903e-02
0.08931	3.57301e-02
0.08938	3.49559e-02
0.08948	3.41845e-02
0.08960	3.34340e-02
0.08972	3.27231e-02
0.08984	3.20707e-02
0.08995	3.14949e-02
0.09005	3.10126e-02
0.09013	3.06388e-02
0.09020	3.03863e-02
0.09023	3.02647e-02
0.09024	3.02806e-02
0.09022	3.04369e-02
0.09016	3.07330e-02
0.09007	3.11650e-02
0.08994	3.17258e-02
0.08978	3.24061e-02
0.08958	3.31948e-02
0.08934	3.40792e-02
0.08906	3.50462e-02
0.08875	3.60820e-02
0.08841	3.71730e-02
0.08803	3.83051e-02
0.08763	3.94646e-02
0.08720	4.06373e-02
0.08676	4.18084e-02
0.08631	4.29616e-02
0.08586	4.40789e-02
0.08542	4.51392e-02
0.08501	4.61185e-02
0.08465	4.69909e-02
0.08435	4.77333e-02
0.08413	4.83324e-02
0.08398	4.87906e-02
0.08391	4.91250e-02
0.08391	4.93594e-02
0.08395	4.95166e-02
0.08404	4.96143e-02
0.08416	4.96642e-02
0.08432	4.96737e-02
0.08452	4.96474e-02
0.08474	4.95888e-02
0.08500	4.95016e-02
0.08529	4.93899e-02
0.08562	4.92588e-02
0.08596	4.91139e-02
0.08634	4.89610e-02
0.08674	4.88053e-02
0.08717	4.86515e-02
0.08761	4.85031e-02
0.08808	4.83624e-02
0.08858	4.82301e-02
0.08909	4.81054e-02
0.08963	4.79861e-02
0.09020	4.78684e-02
0.09080	4.77474e-02
0.09143	4.76171e-02
0.09210	4.74711e-02
0.09280	4.73032e-02
0.09355	4.71082e-02
0.09432	4.68827e-02
0.09514	4.66256e-02
0.09599	4.63385e-02
0.09686	4.60257e-02
0.09776	4.56938e-02
0.09867	4.53508e-02
0.09959	4.50063e-02
0.10051	4.46702e-02
0.10142	4.43523e-02
0.10232	4.40622e-02
0.10321	4.38088e-02
0.10406	4.36001e-02
0.10489	4.34428e-02
0.10568	4.33426e-02
0.10643	4.33037e-02
0.10714	4.33292e-02
0.10780	4.34205e-02
0.10841	4.35777e-02
0.10896	4.37994e-02
0.10946	4.40832e-02
0.10991	4.44252e-02
0.11029	4.48205e-02
0.11062	4.52632e-02
0.11088	4.57469e-02
0.11108	4.62642e-02
0.11123	4.68072e-02
0.11131	4.73680e-02
0.11133	4.79383e-02
0.11129	4.85097e-02
0.11120	4.90741e-02
0.11104	4.96237e-02
0.11084	5.01513e-02
0.11057	5.06504e-02
0.11026	5.11154e-02
0.10989	5.15418e-02
0.10947	5.19262e-02
0.10900	5.22662e-02
0.10848	5.25608e-02
0.10792	5.28095e-02
0.10730	5.30128e-02
0.10663	5.31714e-02
0.10592	5.32865e-02
0.10515	5.33587e-02
0.10434	5.33888e-02
0.10348	5.33767e-02
0.10258	5.33218e-02
0.10164	5.32227e-02
0.10065	5.30771e-02
0.09964	5.28823e-02
0.09860	5.26345e-02
0.09754	5.23298e-02
0.09646	5.19643e-02
0.09537	5.15343e-02
0.09427	5.10374e-02
0.09318	5.04725e-02
0.09209	4.98405e-02
0.09100	4.91443e-02
0.08993	4.83888e-02
0.08888	4.75805e-02
0.08784	4.67267e-02
0.08681	4.58353e-02
0.08580	4.49143e-02
0.08482	4.39709e-02
0.08386	4.30121e-02
0.08292	4.20437e-02
0.08202	4.10711e-02
0.08116	4.00993e-02
0.08033	3.91338e-02
0.07956	3.81812e-02
0.07883	3.72500e-02
0.07815	3.63514e-02
0.07752	3.54987e-02
0.07694	3.47063e-02
0.07642	3.39885e-02
0.07594	3.33559e-02
0.07553	3.28116e-02
0.07518	3.23468e-02
0.07492	3.19347e-02
0.07476	3.15288e-02
0.07473	3.10691e-02
0.07485	3.05078e-02
0.07511	2.98408e-02
0.07550	2.91149e-02
0.07598	2.84050e-02
0.07651	2.77868e-02
0.07709	2.73234e-02
0.07767	2.70614e-02
0.07827	2.70314e-02
0.07886	2.72487e-02
0.07943	2.77147e-02
0.07999	2.84193e-02
0.08053	2.93439e-02
0.08104	3.04644e-02
0.08152	3.17538e-02
0.08198	3.31850e-02
0.08240	3.47318e-02
0.08278	3.63702e-02
0.08314	3.80786e-02
0.08345	3.98378e-02
0.08373	4.16309e-02
0.08397	4.34429e-02
0.08418	4.52603e-02
0.08434	4.70707e-02
0.08447	4.88614e-02
0.08457	5.06179e-02
0.08465	5.23208e-02
0.08472	5.39367e-02
0.08484	5.53875e-02
0.08524	5.63300e-02
0.08600	5.66394e-02
0.08688	5.66790e-02
0.08781	5.65659e-02
0.08874	5.63590e-02
0.08964	5.60891e-02
0.09049	5.57739e-02
0.09131	5.54246e-02
0.09206	5.50497e-02
0.09276	5.46565e-02
0.09339	5.42517e-02
0.09395	5.38414e-02
0.09444	5.34320e-02
0.09485	5.30292e-02
0.09519	5.26387e-02
0.09545	5.22659e-02
0.09563	5.19158e-02
0.09572	5.15929e-02
0.09574	5.13012e-02
0.09567	5.10439e-02
0.09553	5.08236e-02
0.09530	5.06417e-02
0.09499	5.04987e-02
0.09461	5.03935e-02
0.09416	5.03236e-02
0.09364	5.02841e-02
0.09305	5.02677e-02
0.09241	5.02635e-02
0.09173	5.02556e-02
0.09102	5.02222e-02
0.09030	5.01344e-02
0.08960	4.99577e-02
0.08893	4.96605e-02
0.08831	4.92271e-02
0.08773	4.86674e-02
0.08718	4.80113e-02
0.08665	4.72955e-02
0.08611	4.65537e-02
0.08557	4.58137e-02
0.08500	4.50975e-02
0.08440	4.44227e-02
0.08377	4.38034e-02
0.08311	4.32509e-02
0.08242	4.27739e-02
0.08170	4.23790e-02
0.08095	4.20706e-02
0.08017	4.18511e-02
0.07936	4.17208e-02
0.07852	4.16782e-02
0.07767	4.17199e-02
0.07681	4.18408e-02
0.07593	4.20341e-02
0.07504	4.22921e-02
0.07416	4.26058e-02
0.07328	4.29651e-02
0.07242	4.33599e-02
0.07158	4.37792e-02
0.07076	4.42123e-02
0.06998	4.46481e-02
0.06925	4.50759e-02
0.06857	4.54849e-02
0.06795	4.58640e-02
0.06741	4.62020e-02
0.06694	4.64862e-02
0.06657	4.67026e-02
0.06631	4.68356e-02
0.06617	4.68681e-02
0.06616	4.67845e-02
0.06628	4.65741e-02
0.06654	4.62354e-02
0.06692	4.57774e-02
0.06740	4.52175e-02
0.06797	4.45772e-02
0.06860	4.38790e-02
0.06928	4.31441e-02
0.06999	4.23922e-02
0.07071	4.16415e-02
0.07144	4.09088e-02
0.07216	4.02099e-02
0.07287	3.95599e-02
0.07355	3.89729e-02
0.07421	3.84622e-02
0.07484	3.80399e-02
0.07543	3.77171e-02
0.07598	3.75029e-02
0.07648	3.74048e-02
0.07694	3.74282e-02
0.07735	3.75761e-02
0.07771	3.78493e-02
0.07802	3.82461e-02
0.07827	3.87630e-02
0.07848	3.93943e-02
0.07864	4.01329e-02
0.07874	4.09703e-02
0.07880	4.18970e-02
0.07882	4.28863e-02
0.07932	4.29929e-02
0.07980	4.31444e-02
0.08024	4.33632e-02
0.08065	4.36446e-02
0.08103	4.39833e-02
0.08138	4.43729e-02
0.08170	4.48062e-02
0.08201	4.52755e-02
0.08229	4.57723e-02
0.08256	4.62876e-02
0.08281	4.68118e-02
0.08306	4.73345e-02
0.08331	4.78448e-02
0.08357	4.83310e-02
0.08384	4.87808e-02
0.08412	4.91815e-02
0.08444	4.95202e-02
0.08478	4.97848e-02
0.08517	4.99643e-02
0.08560	5.00505e-02
0.08607	5.00382e-02
0.08658	4.99265e-02
0.08713	4.97182e-02
0.08771	4.94196e-02
0.08832	4.90396e-02
0.08894	4.85886e-02
0.08958	4.80777e-02
0.09021	4.75183e-02
0.09083	4.69214e-02
0.09144	4.62976e-02
0.09202	4.56569e-02
0.09258	4.50085e-02
0.09311	4.43610e-02
0.09360	4.37221e-02
0.09405	4.30990e-02
0.09446	4.24979e-02
0.09483	4.19245e-02
0.09515	4.13837e-02
0.09542	4.08793e-02
0.09564	4.04147e-02
0.09582	3.99923e-02
0.09595	3.96137e-02
0.09603	3.92800e-02
0.09606	3.89916e-02
0.09605	3.87483e-02
0.09598	3.85496e-02
0.09587	3.83947e-02
0.09572	3.82824e-02
0.09552	3.82116e-02
0.09528	3.81810e-02
0.09500	3.81894e-02
0.09467	3.82354e-02
0.09430	3.83176e-02
0.09390	3.84345e-02
0.09345	3.85846e-02
0.09297	3.87662e-02
0.09246	3.89774e-02
0.09191	3.92162e-02
0.09132	3.94805e-02
0.09071	3.97681e-02
0.09007	4.00768e-02
0.08940	4.04045e-02
0.08870	4.07492e-02
0.08799	4.11091e-02
0.08725	4.14824e-02
0.08649	4.18678e-02
0.08572	4.22641e-02
0.08494	4.26701e-02
0.08414	4.30847e-02
0.08333	4.35067e-02
0.08251	4.39347e-02
0.08169	4.43667e-02
0.08087	4.48005e-02
0.08005	4.52331e-02
0.07923	4.56609e-02
0.07843	4.60795e-02
0.07764	4.64841e-02
0.07687	4.68694e-02
0.07614	4.72303e-02
0.07543	4.75624e-02
0.07476	4.78629e-02
0.07414	4.81309e-02
0.07355	4.83680e-02
0.07301	4.85759e-02
0.07252	4.87515e-02
0.07209	4.88650e-02
0.07182	4.87924e-02
0.07181	4.83895e-02
0.07195	4.78092e-02
0.07213	4.71987e-02
0.07232	4.66115e-02
0.07251	4.60723e-02
0.07269	4.55970e-02
0.07285	4.51979e-02
0.07298	4.48849e-02
0.07309	4.46662e-02
0.07316	4.45484e-02
0.07319	4.45363e-02
0.07319	4.46331e-02
0.07314	4.48403e-02
0.07305	4.51578e-02
0.07291	4.55838e-02
0.07273	4.61150e-02
0.07250	4.67468e-02
0.07222	4.74735e-02
0.07190	4.82882e-02
0.07153	4.91833e-02
0.07111	5.01501e-02
0.07065	5.11797e-02
0.07015	5.22624e-02
0.06961	5.33881e-02
0.06905	5.45463e-02
0.06850	5.56630e-02
0.06920	5.52453e-02
0.06989	5.48562e-02
0.07056	5.44901e-02
0.07122	5.41394e-02
0.07189	5.37973e-02
0.07256	5.34586e-02
0.07323	5.31205e-02
0.07392	5.27829e-02
0.07461	5.24477e-02
0.07530	5.21180e-02
0.07600	5.17972e-02
0.07670	5.14884e-02
0.07740	5.11939e-02
0.07811	5.09149e-02
0.07881	5.06519e-02
0.07953	5.04044e-02
0.08025	5.01711e-02
0.08098	4.99500e-02
0.08172	4.97378e-02
0.08249	4.95306e-02
0.08327	4.93253e-02
0.08407	4.91207e-02
0.08489	4.89196e-02
0.08573	4.87287e-02
0.08658	4.85566e-02
0.08744	4.84120e-02
0.08831	4.83009e-02
0.08918	4.82240e-02
0.09006	4.81754e-02
0.09096	4.81417e-02
0.09189	4.81045e-02
0.09285	4.80473e-02
0.09385	4.79655e-02
0.09488	4.78705e-02
0.09592	4.77846e-02
0.09697	4.77310e-02
0.09801	4.77291e-02
0.09904	4.77923e-02
0.10004	4.79284e-02
0.10103	4.81403e-02
0.10199	4.84269e-02
0.10294	4.87836e-02
0.10386	4.92023e-02
0.10476	4.96725e-02
0.10565	5.01807e-02
0.10653	5.07113e-02
0.10740	5.12467e-02
0.10828	5.17679e-02
0.10916	5.22549e-02
0.11006	5.26880e-02
0.11099	5.30484e-02
0.11193	5.33200e-02
0.11291	5.34903e-02
0.11391	5.35515e-02
0.11494	5.35008e-02
0.11599	5.33403e-02
0.11705	5.30764e-02
0.11812	5.27185e-02
0.11918	5.22784e-02
0.12022	5.17690e-02
0.12124	5.12039e-02
0.12223	5.05969e-02
0.12318	4.99615e-02
0.12407	4.93109e-02
0.12491	4.86578e-02
0.12569	4.80142e-02
0.12640	4.73915e-02
0.12704	4.68005e-02
0.12760	4.62509e-02
0.12809	4.57518e-02
0.12849	4.53111e-02
0.12881	4.49355e-02
0.12904	4.46308e-02
0.12918	4.44010e-02
0.12924	4.42492e-02
0.12921	4.41767e-02
0.12909	4.41837e-02
0.12889	4.42689e-02
0.12860	4.44300e-02
0.12822	4.46636e-02
0.12776	4.49659e-02
0.12722	4.53323e-02
0.12660	4.57585e-02
0.12590	4.62400e-02
0.12513	4.67731e-02
0.12429	4.73541e-02
0.12337	4.79804e-02
0.12238	4.86494e-02
0.12133	4.93592e-02
0.12021	5.01080e-02
0.11902	5.08938e-02
0.11778	5.17143e-02
0.11648	5.25668e-02
0.11512	5.34476e-02
0.11371	5.43519e-02
0.11226	5.52740e-02
0.11077	5.62064e-02
0.10925	5.71399e-02
0.10770	5.80633e-02
0.10615	5.89630e-02
0.10461	5.98231e-02
0.10308	6.06249e-02
0.10160	6.13459e-02
0.10020	6.19444e-02
0.09911	6.20685e-02
0.09866	6.12085e-02
0.09839	6.00973e-02
0.09824	5.88571e-02
0.09819	5.75078e-02
0.09823	5.60615e-02
0.09835	5.45286e-02
0.09856	5.29183e-02
0.09883	5.12399e-02
0.09916	4.95042e-02
0.09955	4.77248e-02
0.09998	4.59192e-02
0.10045	4.41090e-02
0.10094	4.23201e-02
0.10144	4.05823e-02
0.10194	3.89291e-02
0.10243	3.73970e-02
0.10291	3.60241e-02
0.10336	3.48495e-02
0.10377	3.39107e-02
0.10415	3.32411e-02
0.10448	3.28668e-02
0.10477	3.28039e-02
0.10500	3.30564e-02
0.10518	3.36160e-02
0.10530	3.44630e-02
0.10537	3.55695e-02
0.10538	3.69015e-02
0.10533	3.84230e-02
0.10524	4.00971e-02
0.10509	4.18886e-02
0.10489	4.37643e-02
0.10466	4.56935e-02
0.10438	4.76484e-02
0.10407	4.96038e-02
0.10374	5.15374e-02
0.10339	5.34296e-02
0.10303	5.52646e-02
0.10267	5.70299e-02
0.10230	5.87176e-02
0.10194	6.03240e-02
0.10157	6.18497e-02
0.10121	6.32983e-02
0.10084	6.46750e-02
0.10047	6.59850e-02
0.10009	6.72321e-02
0.09970	6.84170e-02
0.09930	6.95365e-02
0.09891	7.05824e-02
0.09852	7.15408e-02
0.09816	7.23931e-02
0.09783	7.31182e-02
0.09758	7.36949e-02
0.09740	7.40983e-02
0.09734	7.42892e-02
0.09744	7.42128e-02
0.09772	7.38386e-02
0.09815	7.32037e-02
0.09866	7.23840e-02
0.09921	7.14458e-02
0.09976	7.04345e-02
0.10028	6.93804e-02
0.10077	6.83055e-02
0.10122	6.72272e-02
0.10160	6.61598e-02
0.10193	6.51158e-02
0.10220	6.41063e-02
0.10240	6.31412e-02
0.10253	6.22294e-02
0.10259	6.13784e-02
0.10258	6.05951e-02
0.10251	5.98850e-02
0.10236	5.92525e-02
0.10215	5.87008e-02
0.10188	5.82322e-02
0.10154	5.78477e-02
0.10113	5.75473e-02
0.10067	5.73300e-02
0.10016	5.71941e-02
0.09958	5.71370e-02
0.09896	5.71552e-02
0.09829	5.72444e-02
0.09757	5.73991e-02
0.09681	5.76092e-02
0.09615	5.76426e-02
0.09591	5.69631e-02
0.09566	5.63078e-02
0.09537	5.57085e-02
0.09505	5.51638e-02
0.09469	5.46699e-02
0.09432	5.42218e-02
0.09392	5.38139e-02
0.09350	5.34399e-02
0.09307	5.30933e-02
0.09264	5.27674e-02
0.09220	5.24554e-02
0.09176	5.21506e-02
0.09133	5.18464e-02
0.09090	5.15364e-02
0.09049	5.12141e-02
0.09010	5.08735e-02
0.08973	5.05084e-02
0.08939	5.01125e-02
0.08908	4.96793e-02
0.08881	4.92017e-02
0.08858	4.86720e-02
0.08839	4.80814e-02
0.08826	4.74207e-02
0.08819	4.66809e-02
0.08817	4.58555e-02
0.08821	4.49425e-02
0.08832	4.39464e-02
0.08847	4.28795e-02
0.08866	4.17608e-02
0.08888	4.06140e-02
0.08912	3.94665e-02
0.08937	3.83469e-02
0.08962	3.72849e-02
0.08985	3.63104e-02
0.09007	3.54527e-02
0.09027	3.47400e-02
0.09045	3.41984e-02
0.09059	3.38504e-02
0.09070	3.37143e-02
0.09078	3.38025e-02
0.09082	3.41213e-02
0.09083	3.46706e-02
0.09080	3.54442e-02
0.09073	3.64313e-02
0.09062	3.76176e-02
0.09048	3.89864e-02
0.09030	4.05200e-02
0.09008	4.22005e-02
0.08983	4.40098e-02
0.08953	4.59294e-02
0.08920	4.79369e-02
0.08886	4.99878e-02
0.08867	5.17914e-02
0.08938	5.20904e-02
0.09043	5.18701e-02
0.09149	5.17066e-02
0.09251	5.16562e-02
0.09349	5.17303e-02
0.09442	5.19297e-02
0.09531	5.22488e-02
0.09616	5.26750e-02
0.09697	5.31866e-02
0.09776	5.37474e-02
0.09856	5.43004e-02
0.09941	5.47664e-02
0.10034	5.50687e-02
0.10135	5.51868e-02
0.10243	5.51684e-02
0.10351	5.50829e-02
0.10458	5.49844e-02
0.10559	5.49071e-02
0.10656	5.48708e-02
0.10745	5.48867e-02
0.10827	5.49604e-02
0.10902	5.50940e-02
0.10968	5.52871e-02
0.11027	5.55372e-02
0.11077	5.58409e-02
0.11119	5.61933e-02
0.11152	5.65886e-02
0.11177	5.70204e-02
0.11194	5.74816e-02
0.11203	5.79646e-02
0.11204	5.84613e-02
0.11197	5.89632e-02
0.11182	5.94619e-02
0.11161	5.99484e-02
0.11133	6.04141e-02
0.11098	6.08502e-02
0.11058	6.12487e-02
0.11012	6.16022e-02
0.10961	6.19042e-02
0.10906	6.21499e-02
0.10847	6.23360e-02
0.10783	6.24608e-02
0.10716	6.25242e-02
0.10645	6.25276e-02
0.10571	6.24731e-02
0.10494	6.23633e-02
0.10413	6.22012e-02
0.10330	6.19893e-02
0.10244	6.17298e-02
0.10156	6.14244e-02
0.10066	6.10746e-02
0.09974	6.06810e-02
0.09882	6.02441e-02
0.09789	5.97637e-02
0.09696	5.92395e-02
0.09604	5.86709e-02
0.09513	5.80571e-02
0.09425	5.73984e-02
0.09338	5.66965e-02
0.09255	5.59553e-02
0.09175	5.51817e-02
0.09098	5.43852e-02
0.09024	5.35772e-02
0.08953	5.27694e-02
0.08885	5.19722e-02
0.08820	5.11930e-02
0.08758	5.04350e-02
0.08701	4.96959e-02
0.08649	4.89685e-02
0.08603	4.82424e-02
0.08563	4.75092e-02
0.08532	4.67685e-02
0.08506	4.60327e-02
0.08487	4.53254e-02
0.08472	4.46764e-02
0.08460	4.41148e-02
0.08450	4.36651e-02
0.08441	4.33448e-02
0.08432	4.31642e-02
0.08423	4.31262e-02
0.08415	4.32268e-02
0.08407	4.34554e-02
0.08399	4.37941e-02
0.08393	4.42176e-02
0.08390	4.46915e-02
0.08392	4.51702e-02
0.08401	4.55970e-02
0.08420	4.59113e-02
0.08451	4.60687e-02
0.08494	4.60638e-02
0.08546	4.59301e-02
0.08604	4.57157e-02
0.08664	4.54619e-02
0.08726	4.51968e-02
0.08787	4.49366e-02
0.08847	4.46896e-02
0.08904	4.44592e-02
0.08960	4.42456e-02
0.09012	4.40478e-02
0.09061	4.38637e-02
0.09106	4.36914e-02
0.09148	4.35286e-02
0.09186	4.33733e-02
0.09221	4.32231e-02
0.09251	4.30762e-02
0.09277	4.29304e-02
0.09299	4.27839e-02
0.09317	4.26350e-02
0.09331	4.24829e-02
0.09341	4.23272e-02
0.09347	4.21687e-02
0.09348	4.20091e-02
0.09345	4.18513e-02
0.09338	4.16990e-02
0.09327	4.15562e-02
0.09312	4.14275e-02
0.09292	4.13167e-02
0.09269	4.12270e-02
0.09241	4.11602e-02
0.09210	4.11161e-02
0.09176	4.10925e-02
0.09140	4.10854e-02
0.09101	4.10891e-02
0.09061	4.10974e-02
0.09020	4.11052e-02
0.08979	4.11101e-02
0.08938	4.11135e-02
0.08898	4.11208e-02
0.08858	4.11401e-02
0.08818	4.11802e-02
0.08779	4.12472e-02
0.08740	4.13420e-02
0.08703	4.14573e-02
0.08669	4.15757e-02
0.08639	4.16697e-02
0.08615	4.17063e-02
0.08599	4.16578e-02
0.08591	4.15160e-02
0.08591	4.12980e-02
0.08598	4.10392e-02
0.08608	4.07805e-02
0.08620	4.05590e-02
0.08634	4.04042e-02
0.08648	4.03375e-02
0.08661	4.03732e-02
0.08672	4.05193e-02
0.08683	4.07787e-02
0.08691	4.11500e-02
0.08697	4.16279e-02
0.08701	4.22041e-02
0.08703	4.28676e-02
0.08703	4.36051e-02
0.08701	4.44017e-02
0.08698	4.52405e-02
0.08694	4.61034e-02
0.08690	4.69713e-02
0.08685	4.78241e-02
0.08682	4.86421e-02
0.08681	4.94064e-02
0.08682	5.01001e-02
0.08686	5.07090e-02
0.08693	5.12220e-02
0.08704	5.16310e-02
0.08718	5.19333e-02
0.08736	5.21333e-02
0.08755	5.22434e-02
0.08775	5.22805e-02
0.08795	5.22622e-02
0.08812	5.22038e-02
0.08827	5.21174e-02
0.08839	5.20122e-02
0.08847	5.18952e-02
0.08850	5.17716e-02
0.08849	5.16454e-02
0.08842	5.15195e-02
0.08831	5.13962e-02
0.08815	5.12767e-02
0.08794	5.11621e-02
0.08769	5.10522e-02
0.08738	5.09461e-02
0.08704	5.08417e-02
0.08665	5.07352e-02
0.08623	5.06204e-02
0.08579	5.04877e-02
0.08534	5.03235e-02
0.08488	5.01091e-02
0.08445	4.98227e-02
0.08405	4.94433e-02
0.08369	4.89599e-02
0.08338	4.83777e-02
0.08310	4.77188e-02
0.08285	4.70148e-02
0.08259	4.62984e-02
0.08234	4.55994e-02
0.08207	4.49427e-02
0.08177	4.43485e-02
0.08146	4.38326e-02
0.08112	4.34057e-02
0.08076	4.30706e-02
0.08040	4.28060e-02
0.08009	4.24971e-02
0.07993	4.19935e-02
0.07982	4.14658e-02
0.07971	4.10369e-02
0.07958	4.07356e-02
0.07943	4.05665e-02
0.07926	4.05236e-02
0.07909	4.05946e-02
0.07893	4.07603e-02
0.07877	4.09964e-02
0.07865	4.12736e-02
0.07857	4.15605e-02
0.07856	4.18271e-02
0.07861	4.20506e-02
0.07873	4.22193e-02
0.07892	4.23324e-02
0.07918	4.23968e-02
0.07949	4.24216e-02
0.07985	4.24143e-02
0.08025	4.23787e-02
0.08068	4.23153e-02
0.08115	4.22217e-02
0.08165	4.20934e-02
0.08217	4.19253e-02
0.08272	4.17124e-02
0.08329	4.14508e-02
0.08387	4.11380e-02
0.08447	4.07738e-02
0.08508	4.03602e-02
0.08569	3.99014e-02
0.08629	3.94038e-02
0.08688	3.88750e-02
0.08746	3.83241e-02
0.08800	3.77607e-02
0.08851	3.71948e-02
0.08898	3.66365e-02
0.08941	3.60959e-02
0.08979	3.55826e-02
0.09013	3.51059e-02
0.09041	3.46746e-02
0.09063	3.42964e-02
0.09080	3.39783e-02
0.09091	3.37256e-02
0.09097	3.35417e-02
0.09097	3.34261e-02
0.09093	3.33709e-02
0.09085	3.33486e-02
0.09077	3.32736e-02
0.09076	3.29417e-02
0.09087	3.22445e-02
0.09103	3.13527e-02
0.09119	3.03971e-02
0.09135	2.94283e-02
0.09149	2.84676e-02
0.09161	2.75267e-02
0.09173	2.66134e-02
0.09183	2.57333e-02
0.09194	2.48913e-02
0.09204	2.40915e-02
0.09215	2.33376e-02
0.09227	2.26333e-02
0.09240	2.19829e-02
0.09254	2.13910e-02
0.09270	2.08636e-02
0.09288	2.04079e-02
0.09309	2.00328e-02
0.09331	1.97487e-02
0.09356	1.95670e-02
0.09383	1.94998e-02
0.09412	1.95581e-02
0.09443	1.97517e-02
0.09475	2.00873e-02
0.09509	2.05678e-02
0.09545	2.11924e-02
0.09581	2.19562e-02
0.09617	2.28505e-02
0.09654	2.38641e-02
0.09691	2.49837e-02
0.09728	2.61947e-02
0.09764	2.74817e-02
0.09800	2.88292e-02
0.09835	3.02214e-02
0.09870	3.16431e-02
0.09903	3.30792e-02
0.09936	3.45152e-02
0.09969	3.59369e-02
0.10000	3.73313e-02
0.10032	3.86865e-02
0.10062	3.99920e-02
0.10093	4.12399e-02
0.10123	4.24247e-02
0.10152	4.35439e-02
0.10181	4.45978e-02
0.10209	4.55891e-02
0.10234	4.65223e-02
0.10258	4.74030e-02
0.10279	4.82367e-02
0.10297	4.90290e-02
0.10312	4.97846e-02
0.10322	5.05072e-02
0.10328	5.11995e-02
0.10330	5.18632e-02
0.10326	5.24987e-02
0.10318	5.31051e-02
0.10306	5.36799e-02
0.10288	5.42188e-02
0.10267	5.47146e-02
0.10242	5.51555e-02
0.10215	5.55211e-02
0.10188	5.57771e-02
0.10164	5.58671e-02
0.10148	5.57196e-02
0.10142	5.52920e-02
0.10144	5.46140e-02
0.10150	5.37579e-02
0.10157	5.27891e-02
0.10164	5.17532e-02
0.10167	5.06815e-02
0.10167	4.95980e-02
0.10164	4.85231e-02
0.10156	4.74757e-02
0.10144	4.64742e-02
0.10128	4.55367e-02
0.10107	4.46812e-02
0.10082	4.39251e-02
0.10052	4.32851e-02
0.10019	4.27759e-02
0.09981	4.24100e-02
0.09940	4.21965e-02
0.09896	4.21407e-02
0.09850	4.22425e-02
0.09802	4.24966e-02
0.09752	4.28909e-02
0.09704	4.34063e-02
0.09657	4.40160e-02
0.09614	4.46846e-02
0.09577	4.53678e-02
0.09549	4.60130e-02
0.09534	4.65625e-02
0.09535	4.69597e-02
0.09554	4.71599e-02
0.09593	4.71405e-02
0.09651	4.69070e-02
0.09726	4.64907e-02
0.09816	4.59400e-02
0.09917	4.53094e-02
0.10027	4.46515e-02
0.10142	4.40134e-02
0.10261	4.34352e-02
0.10382	4.29500e-02
0.10504	4.25850e-02
0.10626	4.23613e-02
0.10747	4.22948e-02
0.10865	4.23962e-02
0.10981	4.26713e-02
0.11094	4.31215e-02
0.11203	4.37438e-02
0.11308	4.45320e-02
0.11408	4.54767e-02
0.11504	4.65667e-02
0.11595	4.77889e-02
0.11680	4.91295e-02
0.11759	5.05744e-02
0.11833	5.21092e-02
0.11901	5.37201e-02
0.11962	5.53938e-02
0.12017	5.71174e-02
0.12066	5.88789e-02
0.12109	6.06671e-02
0.12145	6.24714e-02
0.12175	6.42819e-02
0.12198	6.60894e-02
0.12215	6.78855e-02
0.12227	6.96621e-02
0.12232	7.14117e-02
0.12231	7.31276e-02
0.12225	7.48033e-02
0.12214	7.64327e-02
0.12197	7.80105e-02
0.12176	7.95316e-02
0.12150	8.09915e-02
0.12119	8.23862e-02
0.12085	8.37122e-02
0.12048	8.49666e-02
0.12006	8.61473e-02
0.11962	8.72524e-02
0.11915	8.82813e-02
0.11865	8.92335e-02
0.11813	9.01096e-02
0.11758	9.09104e-02
0.11701	9.16375e-02
0.11642	9.22930e-02
0.11581	9.28790e-02
0.11518	9.33981e-02
0.11452	9.38529e-02
0.11385	9.42457e-02
0.11317	9.45783e-02
0.11246	9.48521e-02
0.11174	9.50664e-02
0.11102	9.52179e-02
0.11030	9.52986e-02
0.10959	9.52960e-02
0.10892	9.52013e-02
0.10826	9.50214e-02
0.10763	9.47698e-02
0.10701	9.44484e-02
0.10644	9.40225e-02
0.10605	9.33543e-02
0.10589	9.23819e-02
0.10582	9.12601e-02
0.10578	9.00524e-02
0.10577	8.87695e-02
0.10578	8.74112e-02
0.10582	8.59756e-02
0.10589	8.44622e-02
0.10598	8.28734e-02
0.10609	8.12138e-02
0.10621	7.94902e-02
0.10633	7.77110e-02
0.10645	7.58849e-02
0.10655	7.40211e-02
0.10664	7.21284e-02
0.10670	7.02154e-02
0.10674	6.82901e-02
0.10674	6.63604e-02
0.10670	6.44338e-02
0.10663	6.25176e-02
0.10651	6.06192e-02
0.10634	5.87456e-02
0.10613	5.69041e-02
0.10587	5.51018e-02
0.10556	5.33460e-02
0.10519	5.16437e-02
0.10478	5.00022e-02
0.10432	4.84283e-02
0.10380	4.69287e-02
0.10324	4.55094e-02
0.10263	4.41760e-02
0.10197	4.29327e-02
0.10127	4.17830e-02
0.10053	4.07286e-02
0.09976	3.97698e-02
0.09895	3.89055e-02
0.09811	3.81334e-02
0.09725	3.74505e-02
0.09638	3.68537e-02
0.09549	3.63408e-02
0.09459	3.59105e-02
0.09368	3.55627e-02
0.09276	3.52976e-02
0.09185	3.51152e-02
0.09094	3.50136e-02
0.09004	3.49883e-02
0.08915	3.50308e-02
0.08828	3.51283e-02
0.08745	3.52643e-02
0.08665	3.54194e-02
0.08592	3.55741e-02
0.08524	3.57132e-02
0.08464	3.58284e-02
0.08411	3.59210e-02
0.08365	3.59994e-02
0.08327	3.60761e-02
0.08296	3.61623e-02
0.08271	3.62644e-02
0.08253	3.63813e-02
0.08243	3.65023e-02
0.08241	3.66053e-02
0.08249	3.66568e-02
0.08269	3.66171e-02
0.08301	3.64554e-02
0.08346	3.61695e-02
0.08402	3.57914e-02
0.08466	3.53712e-02
0.08535	3.49585e-02
0.08608	3.45933e-02
0.08683	3.43051e-02
0.08759	3.41147e-02
0.08834	3.40356e-02
0.08909	3.40754e-02
0.08983	3.42368e-02
0.09056	3.45182e-02
0.09126	3.49147e-02
0.09194	3.54185e-02
0.09260	3.60194e-02
0.09323	3.67062e-02
0.09384	3.74667e-02
0.09441	3.82880e-02
0.09495	3.91579e-02
0.09547	4.00642e-02
0.09595	4.09955e-02
0.09639	4.19413e-02
0.09680	4.28921e-02
0.09718	4.38394e-02
0.09752	4.47758e-02
0.09783	4.56949e-02
0.09809	4.65914e-02
0.09832	4.74609e-02
0.09850	4.83001e-02
0.09865	4.91065e-02
0.09875	4.98781e-02
0.09880	5.06142e-02
0.09881	5.13141e-02
0.09877	5.19782e-02
0.09868	5.26068e-02
0.09854	5.32010e-02
0.09834	5.37613e-02
0.09810	5.42864e-02
0.09781	5.47561e-02
0.09770	5.47816e-02
0.09785	5.42144e-02
0.09798	5.35656e-02
0.09806	5.28752e-02
0.09809	5.21516e-02
0.09807	5.13999e-02
0.09799	5.06252e-02
0.09787	4.98324e-02
0.09769	4.90269e-02
0.09746	4.82143e-02
0.09718	4.74005e-02
0.09684	4.65917e-02
0.09646	4.57941e-02
0.09604	4.50142e-02
0.09556	4.42583e-02
0.09505	4.35322e-02
0.09449	4.28415e-02
0.09391	4.21905e-02
0.09329	4.15822e-02
0.09264	4.10175e-02
0.09198	4.04941e-02
0.09131	4.00059e-02
0.09064	3.95420e-02
0.08999	3.90866e-02
0.08936	3.86218e-02
0.08878	3.81331e-02
0.08825	3.76157e-02
0.08776	3.70782e-02
0.08733	3.65393e-02
0.08694	3.60213e-02
0.08658	3.55453e-02
0.08627	3.51288e-02
0.08599	3.47859e-02
0.08574	3.45274e-02
0.08554	3.43620e-02
0.08536	3.42968e-02
0.08522	3.43370e-02
0.08511	3.44870e-02
0.08503	3.47491e-02
0.08499	3.51242e-02
0.08497	3.56114e-02
0.08497	3.62074e-02
0.08500	3.69071e-02
0.08505	3.77032e-02
0.08511	3.85863e-02
0.08520	3.95450e-02
0.08530	4.05658e-02
0.08543	4.16329e-02
0.08557	4.27282e-02
0.08574	4.38314e-02
0.08594	4.49204e-02
0.08618	4.59734e-02
0.08647	4.69708e-02
0.08680	4.78995e-02
0.08717	4.87546e-02
0.08759	4.95394e-02
0.08803	5.02625e-02
0.08849	5.09343e-02
0.08896	5.15643e-02
0.08942	5.21599e-02
0.08988	5.27261e-02
0.09031	5.32658e-02
0.09073	5.37802e-02
0.09111	5.42695e-02
0.09147	5.47330e-02
0.09179	5.51697e-02
0.09208	5.55780e-02
0.09233	5.59564e-02
0.09253	5.63029e-02
0.09270	5.66155e-02
0.09282	5.68922e-02
0.09290	5.71300e-02
0.09294	5.73257e-02
0.09294	5.74750e-02
0.09291	5.75723e-02
0.09284	5.76099e-02
0.09274	5.75780e-02
0.09263	5.74639e-02
0.09251	5.72518e-02
0.09240	5.69233e-02
0.09230	5.64592e-02
0.09224	5.58437e-02
0.09220	5.50706e-02
0.09220	5.41474e-02
0.09220	5.30948e-02
0.09221	5.19416e-02
0.09220	5.07185e-02
0.09215	4.94550e-02
0.09206	4.81784e-02
0.09193	4.69136e-02
0.09173	4.56840e-02
0.09147	4.45118e-02
0.09115	4.34180e-02
0.09077	4.24228e-02
0.09032	4.15449e-02
0.08980	4.08015e-02
0.08922	4.02071e-02
0.08858	3.97728e-02
0.08788	3.95055e-02
0.08713	3.94070e-02
0.08634	3.94731e-02
0.08550	3.96929e-02
0.08464	4.00486e-02
0.08377	4.05148e-02
0.08290	4.10586e-02
0.08206	4.16410e-02
0.08128	4.22199e-02
0.08057	4.27572e-02
0.07996	4.32282e-02
0.07945	4.36280e-02
0.07905	4.39689e-02
0.07874	4.42698e-02
0.07853	4.45376e-02
0.07843	4.47226e-02
0.07855	4.46687e-02
0.07885	4.44094e-02
0.07926	4.40850e-02
0.07974	4.37369e-02
0.08030	4.33708e-02
0.08092	4.29826e-02
0.08160	4.25670e-02
0.08234	4.21214e-02
0.08312	4.16485e-02
0.08395	4.11571e-02
0.08480	4.06610e-02
0.08566	4.01768e-02
0.08651	3.97215e-02
0.08735	3.93109e-02
0.08816	3.89582e-02
0.08893	3.86732e-02
0.08966	3.84621e-02
0.09034	3.83276e-02
0.09097	3.82690e-02
0.09154	3.82825e-02
0.09205	3.83616e-02
0.09250	3.84975e-02
0.09289	3.86796e-02
0.09323	3.88961e-02
0.09350	3.91344e-02
0.09371	3.93819e-02
0.09387	3.96261e-02
0.09397	3.98551e-02
0.09402	4.00580e-02
0.09401	4.02252e-02
0.09396	4.03475e-02
0.09386	4.04169e-02
0.09371	4.04256e-02
0.09351	4.03662e-02
0.09328	4.02313e-02
0.09300	4.00141e-02
0.09269	3.97085e-02
0.09234	3.93102e-02
0.09195	3.88180e-02
0.09154	3.82339e-02
0.09108	3.75644e-02
0.09058	3.68194e-02
0.09005	3.60120e-02
0.08946	3.51573e-02
0.08882	3.42713e-02
0.08813	3.33709e-02
0.08738	3.24725e-02
0.08658	3.15927e-02
0.08572	3.07474e-02
0.08481	2.99524e-02
0.08384	2.92226e-02
0.08282	2.85724e-02
0.08175	2.80149e-02
0.08064	2.75614e-02
0.07950	2.72212e-02
0.07832	2.70005e-02
0.07712	2.69018e-02
0.07591	2.69229e-02
0.07469	2.70563e-02
0.07348	2.72887e-02
0.07229	2.75995e-02
0.07115	2.79618e-02
0.07007	2.83425e-02
0.06908	2.87066e-02
0.06821	2.90228e-02
0.06747	2.92707e-02
0.06688	2.94422e-02
0.06645	2.95354e-02
0.06619	2.95491e-02
0.06609	2.94917e-02
0.06615	2.93956e-02
0.06635	2.93116e-02
0.06667	2.92900e-02
0.06707	2.93721e-02
0.06756	2.95901e-02
0.06810	2.99672e-02
0.06870	3.05173e-02
0.06933	3.12445e-02
0.06999	3.21443e-02
0.07067	3.32049e-02
0.07137	3.44096e-02
0.07208	3.57384e-02
0.07280	3.71697e-02
0.07353	3.86811e-02
0.07426	4.02489e-02
0.07500	4.18434e-02
0.07578	4.33958e-02
0.07678	4.45879e-02
0.07813	4.51947e-02
0.07955	4.56609e-02
0.08097	4.61147e-02
0.08236	4.65747e-02
0.08372	4.70434e-02
0.08504	4.75201e-02
0.08631	4.80033e-02
0.08752	4.84913e-02
0.08868	4.89821e-02
0.08977	4.94736e-02
0.09079	4.99636e-02
0.09174	5.04500e-02
0.09261	5.09302e-02
0.09340	5.14018e-02
0.09411	5.18622e-02
0.09473	5.23089e-02
0.09527	5.27392e-02
0.09572	5.31506e-02
0.09608	5.35403e-02
0.09635	5.39056e-02
0.09653	5.42437e-02
0.09662	5.45515e-02
0.09663	5.48254e-02
0.09654	5.50616e-02
0.09638	5.52549e-02
0.09613	5.53993e-02
0.09581	5.54868e-02
0.09542	5.55076e-02
0.09498	5.54499e-02
0.09448	5.53016e-02
0.09394	5.50533e-02
0.09337	5.47019e-02
0.09276	5.42513e-02
0.09211	5.37116e-02
0.09142	5.30953e-02
0.09069	5.24150e-02
0.08991	5.16825e-02
0.08908	5.09083e-02
0.08821	5.01020e-02
0.08729	4.92720e-02
0.08632	4.84253e-02
0.08532	4.75672e-02
0.08429	4.66994e-02
0.08323	4.58183e-02
0.08216	4.49101e-02
0.08112	4.39454e-02
0.08012	4.28799e-02
0.07920	4.16777e-02
0.07836	4.03452e-02
0.07758	3.89212e-02
0.07686	3.74453e-02
0.07617	3.59458e-02
0.07553	3.44429e-02
0.07494	3.29545e-02
0.07439	3.14993e-02
0.07389	3.00989e-02
0.07343	2.87788e-02
0.07301	2.75672e-02
0.07265	2.64943e-02
0.07232	2.55898e-02
0.07204	2.48803e-02
0.07181	2.43876e-02
0.07163	2.41266e-02
0.07149	2.41050e-02
0.07140	2.43233e-02
0.07136	2.47768e-02
0.07136	2.54563e-02
0.07139	2.63493e-02
0.07146	2.74402e-02
0.07156	2.87109e-02
0.07168	3.01410e-02
0.07256	2.99417e-02
0.07367	2.93933e-02
0.07475	2.90844e-02
0.07580	2.90220e-02
0.07682	2.92042e-02
0.07779	2.96212e-02
0.07872	3.02559e-02
0.07961	3.10860e-02
0.08044	3.20857e-02
0.08123	3.32280e-02
0.08196	3.44858e-02
0.08265	3.58331e-02
0.08328	3.72455e-02
0.08386	3.87001e-02
0.08440	4.01758e-02
0.08489	4.16525e-02
0.08533	4.31112e-02
0.08574	4.45332e-02
0.08612	4.58996e-02
0.08648	4.71914e-02
0.08682	4.83899e-02
0.08716	4.94772e-02
0.08751	5.04388e-02
0.08786	5.12657e-02
0.08823	5.19565e-02
0.08861	5.25169e-02
0.08899	5.29575e-02
0.08936	5.32912e-02
0.08973	5.35312e-02
0.09008	5.36896e-02
0.09040	5.37773e-02
0.09070	5.38040e-02
0.09096	5.37785e-02
0.09119	5.37092e-02
0.09139	5.36044e-02
0.09154	5.34720e-02
0.09166	5.33202e-02
0.09173	5.31573e-02
0.09177	5.29916e-02
0.09175	5.28313e-02
0.09170	5.26848e-02
0.09160	5.25599e-02
0.09146	5.24643e-02
0.09128	5.24050e-02
0.09105	5.23886e-02
0.09078	5.24210e-02
0.09048	5.25071e-02
0.09014	5.26508e-02
0.08976	5.28513e-02
0.08963	5.26484e-02
0.09023	5.12064e-02
0.09083	4.97425e-02
0.09141	4.82915e-02
0.09198	4.68655e-02
0.09253	4.54763e-02
0.09306	4.41366e-02
0.09358	4.28594e-02
0.09407	4.16584e-02
0.09454	4.05471e-02
0.09499	3.95383e-02
0.09541	3.86435e-02
0.09581	3.78719e-02
0.09620	3.72295e-02
0.09656	3.67183e-02
0.09690	3.63360e-02
0.09722	3.60748e-02
0.09754	3.59220e-02
0.09785	3.58601e-02
0.09815	3.58680e-02
0.09846	3.59219e-02
0.09878	3.59985e-02
0.09910	3.60766e-02
0.09945	3.61399e-02
0.09980	3.61789e-02
0.10017	3.61916e-02
0.10053	3.61824e-02
0.10090	3.61609e-02
0.10124	3.61394e-02
0.10157	3.61305e-02
0.10186	3.61459e-02
0.10211	3.61952e-02
0.10231	3.62852e-02
0.10246	3.64196e-02
0.10255	3.65998e-02
0.10258	3.68243e-02
0.10254	3.70899e-02
0.10244	3.73916e-02
0.10226	3.77233e-02
0.10202	3.80778e-02
0.10170	3.84475e-02
0.10132	3.88247e-02
0.10086	3.92016e-02
0.10033	3.95704e-02
0.09974	3.99240e-02
0.09907	4.02554e-02
0.09834	4.05583e-02
0.09754	4.08267e-02
0.09668	4.10555e-02
0.09576	4.12399e-02
0.09478	4.13756e-02
0.09374	4.14590e-02
0.09265	4.14868e-02
0.09152	4.14563e-02
0.09033	4.13649e-02
0.08911	4.12106e-02
0.08785	4.09913e-02
0.08655	4.07053e-02
0.08523	4.03508e-02
0.08389	3.99259e-02
0.08253	3.94288e-02
0.08117	3.88573e-02
0.07980	3.82095e-02
0.07845	3.74833e-02
0.07711	3.66773e-02
0.07579	3.57913e-02
0.07450	3.48268e-02
0.07325	3.37878e-02
0.07205	3.26814e-02
0.07089	3.15181e-02
0.06977	3.03117e-02
0.06872	2.90797e-02
0.06771	2.78427e-02
0.06676	2.66243e-02
0.06587	2.54517e-02
0.06503	2.43550e-02
0.06426	2.33673e-02
0.06354	2.25230e-02
0.06290	2.18561e-02
0.06232	2.13964e-02
0.06181	2.11649e-02
0.06138	2.11703e-02
0.06103	2.14050e-02
0.06078	2.18445e-02
0.06063	2.24489e-02
0.06061	2.31655e-02
0.06072	2.39343e-02
0.06100	2.46961e-02
0.06145	2.54052e-02
0.06208	2.60417e-02
0.06288	2.66140e-02
0.06382	2.71452e-02
0.06490	2.76473e-02
0.06610	2.80850e-02
0.06747	2.83571e-02
0.06901	2.84086e-02
0.07065	2.83441e-02
0.07234	2.82916e-02
0.07404	2.83234e-02
0.07571	2.84747e-02
0.07735	2.87617e-02
0.07894	2.91899e-02
0.08049	2.97576e-02
0.08197	3.04587e-02
0.08339	3.12835e-02
0.08474	3.22201e-02
0.08602	3.32554e-02
0.08722	3.43759e-02
0.08835	3.55680e-02
0.08938	3.68185e-02
0.09034	3.81146e-02
0.09121	3.94446e-02
0.09200	4.07971e-02
0.09269	4.21616e-02
0.09330	4.35282e-02
0.09383	4.48876e-02
0.09427	4.62308e-02
0.09462	4.75493e-02
0.09489	4.88344e-02
0.09509	5.00779e-02
0.09520	5.12711e-02
0.09525	5.24051e-02
0.09523	5.34705e-02
0.09516	5.44573e-02
0.09503	5.53544e-02
0.09486	5.61502e-02
0.09465	5.68319e-02
0.09443	5.73867e-02
0.09419	5.78018e-02
0.09396	5.80664e-02
0.09373	5.81730e-02
0.09351	5.81190e-02
0.09331	5.79075e-02
0.09313	5.75473e-02
0.09294	5.70507e-02
0.09276	5.64320e-02
0.09257	5.57057e-02
0.09237	5.48849e-02
0.09215	5.39819e-02
0.09191	5.30070e-02
0.09164	5.19697e-02
0.09136	5.08787e-02
0.09105	4.97420e-02
0.09071	4.85682e-02
0.09035	4.73660e-02
0.08997	4.61451e-02
0.08955	4.49162e-02
0.08911	4.36907e-02
0.08865	4.24810e-02
0.08815	4.12996e-02
0.08763	4.01588e-02
0.08709	3.90701e-02
0.08652	3.80431e-02
0.08593	3.70852e-02
0.08532	3.62005e-02
0.08470	3.53889e-02
0.08408	3.46464e-02
0.08346	3.39638e-02
0.08286	3.33278e-02
0.08228	3.27219e-02
0.08174	3.21277e-02
0.08124	3.15280e-02
0.08080	3.09090e-02
0.08040	3.02642e-02
0.08007	2.95956e-02
0.07978	2.89151e-02
0.07954	2.82435e-02
0.07932	2.76084e-02
0.07913	2.70418e-02
0.07895	2.65762e-02
0.07877	2.62421e-02
0.07858	2.60649e-02
0.07837	2.60629e-02
0.07813	2.62458e-02
0.07787	2.66144e-02
0.07758	2.71611e-02
0.07725	2.78715e-02
0.07689	2.87261e-02
0.07649	2.97020e-02
0.07606	3.07748e-02
0.07559	3.19194e-02
0.07510	3.31107e-02
0.07458	3.43239e-02
0.07405	3.55342e-02
0.07351	3.67164e-02
0.07297	3.78444e-02
0.07245	3.88911e-02
0.07197	3.98289e-02
0.07154	4.06321e-02
0.07118	4.12813e-02
0.07089	4.17680e-02
0.07068	4.20969e-02
0.07054	4.22837e-02
0.07045	4.23498e-02
0.07041	4.23175e-02
0.07040	4.22071e-02
0.07040	4.20364e-02
0.07042	4.18202e-02
0.07044	4.15716e-02
0.07046	4.13017e-02
0.07047	4.10208e-02
0.07047	4.07383e-02
0.07046	4.04633e-02
0.07043	4.02044e-02
0.07039	3.99698e-02
0.07032	3.97672e-02
0.07023	3.96037e-02
0.07013	3.94854e-02
0.07000	3.94169e-02
0.06985	3.94011e-02
0.06969	3.94383e-02
0.06952	3.95252e-02
0.06934	3.96537e-02
0.06918	3.98086e-02
0.06903	3.99650e-02
0.06894	4.00895e-02
0.06891	4.01505e-02
0.06897	4.01367e-02
0.06909	4.00612e-02
0.06928	3.99437e-02
0.06953	3.97920e-02
0.06984	3.95912e-02
0.07025	3.92928e-02
0.07079	3.88185e-02
0.07149	3.81174e-02
0.07232	3.72278e-02
0.07321	3.62345e-02
0.07414	3.52073e-02
0.07507	3.41924e-02
0.07599	3.32211e-02
0.07690	3.23166e-02
0.07777	3.14974e-02
0.07862	3.07791e-02
0.07943	3.01743e-02
0.08021	2.96932e-02
0.08094	2.93431e-02
0.08163	2.91283e-02
0.08228	2.90498e-02
0.08288	2.91052e-02
0.08344	2.92893e-02
0.08394	2.95940e-02
0.08440	3.00093e-02
0.08481	3.05232e-02
0.08517	3.11231e-02
0.08548	3.17957e-02
0.08574	3.25276e-02
0.08595	3.33059e-02
0.08611	3.41182e-02
0.08622	3.49530e-02
0.08628	3.57996e-02
0.08629	3.66485e-02
0.08626	3.74915e-02
0.08618	3.83216e-02
0.08606	3.91334e-02
0.08588	3.99233e-02
0.08567	4.06889e-02
0.08540	4.14298e-02
0.08509	4.21465e-02
0.08473	4.28405e-02
0.08431	4.35132e-02
0.08385	4.41655e-02
0.08334	4.47968e-02
0.08278	4.54040e-02
0.08218	4.59803e-02
0.08154	4.65131e-02
0.08089	4.69820e-02
0.08023	4.73553e-02
0.07962	4.75908e-02
0.07907	4.76445e-02
0.07860	4.74927e-02
0.07822	4.71459e-02
0.07791	4.66389e-02
0.07765	4.60099e-02
0.07742	4.52904e-02
0.07721	4.45048e-02
0.07702	4.36733e-02
0.07684	4.28139e-02
0.07666	4.19444e-02
0.07649	4.10826e-02
0.07632	4.02471e-02
0.07614	3.94564e-02
0.07596	3.87285e-02
0.07578	3.80787e-02
0.07560	3.75186e-02
0.07542	3.70525e-02
0.07525	3.66754e-02
0.07511	3.63693e-02
0.07503	3.61043e-02
0.07501	3.58465e-02
0.07508	3.55759e-02
0.07523	3.53031e-02
0.07545	3.50673e-02
0.07572	3.49190e-02
0.07601	3.49042e-02
0.07632	3.50563e-02
0.07663	3.53949e-02
0.07694	3.59258e-02
0.07724	3.66423e-02
0.07755	3.75226e-02
0.07787	3.85227e-02
0.07825	3.95508e-02
0.07876	4.04404e-02
0.07946	4.10929e-02
0.08028	4.16316e-02
0.08114	4.21828e-02
0.08202	4.27926e-02
0.08291	4.34663e-02
0.08380	4.41896e-02
0.08470	4.49308e-02
0.08564	4.56364e-02
0.08666	4.62252e-02
0.08778	4.66132e-02
0.08901	4.67809e-02
0.09031	4.67910e-02
0.09162	4.67232e-02
0.09292	4.66333e-02
0.09417	4.65535e-02
0.09537	4.65015e-02
0.09650	4.64869e-02
0.09756	4.65146e-02
0.09853	4.65864e-02
0.09943	4.67023e-02
0.10023	4.68610e-02
0.10095	4.70602e-02
0.10157	4.72968e-02
0.10210	4.75671e-02
0.10254	4.78670e-02
0.10287	4.81919e-02
0.10310	4.85373e-02
0.10324	4.88981e-02
0.10327	4.92694e-02
0.10320	4.96460e-02
0.10303	5.00226e-02
0.10276	5.03940e-02
0.10239	5.07548e-02
0.10192	5.10996e-02
0.10135	5.14229e-02
0.10069	5.17190e-02
0.09994	5.19821e-02
0.09910	5.22061e-02
0.09818	5.23850e-02
0.09717	5.25122e-02
0.09609	5.25810e-02
0.09495	5.25842e-02
0.09374	5.25143e-02
0.09247	5.23632e-02
0.09117	5.21222e-02
0.08982	5.17821e-02
0.08845	5.13344e-02
0.08707	5.07729e-02
0.08567	5.00960e-02
0.08427	4.93090e-02
0.08286	4.84227e-02
0.08144	4.74520e-02
0.08000	4.64120e-02
0.07856	4.53164e-02
0.07710	4.41759e-02
0.07563	4.29977e-02
0.07416	4.17847e-02
0.07271	4.05350e-02
0.07128	3.92426e-02
0.06989	3.78983e-02
0.06855	3.64940e-02
0.06728	3.50291e-02
0.06607	3.35145e-02
0.06494	3.19726e-02
0.06388	3.04320e-02
0.06288	2.89213e-02
0.06195	2.74658e-02
0.06109	2.60877e-02
0.06032	2.48100e-02
0.05963	2.36629e-02
0.05902	2.26866e-02
0.05850	2.19283e-02
0.05806	2.14334e-02
0.05770	2.12350e-02
0.05741	2.13463e-02
0.05721	2.17563e-02
0.05710	2.24309e-02
0.05709	2.33166e-02
0.05719	2.43467e-02
0.05743	2.54479e-02
0.05783	2.65478e-02
0.05840	2.75859e-02
0.05916	2.85225e-02
0.06010	2.93427e-02
0.06122	3.00513e-02
0.06248	3.06632e-02
0.06386	3.11941e-02
0.06535	3.16553e-02
0.06692	3.20552e-02
0.06856	3.24034e-02
0.07024	3.27140e-02
0.07195	3.30055e-02
0.07366	3.32975e-02
0.07535	3.36080e-02
0.07700	3.39515e-02
0.07862	3.43381e-02
0.08018	3.47742e-02
0.08167	3.52629e-02
0.08310	3.58044e-02
0.08445	3.63972e-02
0.08572	3.70379e-02
0.08691	3.77223e-02
0.08801	3.84451e-02
0.08903	3.92006e-02
0.08995	3.99828e-02
0.09078	4.07856e-02
0.09152	4.16025e-02
0.09217	4.24273e-02
0.09272	4.32539e-02
0.09318	4.40762e-02
0.09355	4.48882e-02
0.09383	4.56840e-02
0.09402	4.64579e-02
0.09413	4.72043e-02
0.09415	4.79175e-02
0.09409	4.85923e-02
0.09395	4.92231e-02
0.09374	4.98049e-02
0.09345	5.03326e-02
0.09310	5.08016e-02
0.09269	5.12076e-02
0.09222	5.15470e-02
0.09170	5.18168e-02
0.09113	5.20148e-02
0.09052	5.21394e-02
0.08987	5.21902e-02
0.08918	5.21669e-02
0.08845	5.20703e-02
0.08770	5.19015e-02
0.08692	5.16618e-02
0.08612	5.13536e-02
0.08530	5.09793e-02
0.08446	5.05422e-02
0.08361	5.00457e-02
0.08275	4.94933e-02
0.08189	4.88884e-02
0.08102	4.82333e-02
0.08015	4.75290e-02
0.07929	4.67745e-02
0.07845	4.59662e-02
0.07763	4.50976e-02
0.07685	4.41605e-02
0.07611	4.31481e-02
0.07542	4.20596e-02
0.07478	4.09042e-02
0.07418	3.97018e-02
0.07361	3.84789e-02
0.07307	3.72644e-02
0.07253	3.60866e-02
0.07201	3.49717e-02
0.07149	3.39426e-02
0.07097	3.30190e-02
0.07045	3.22154e-02
0.06994	3.15392e-02
0.06944	3.09850e-02
0.06898	3.05237e-02
0.06859	3.00779e-02
0.06833	2.95100e-02
0.06824	2.87309e-02
0.06828	2.78129e-02
0.06841	2.68609e-02
0.06861	2.59276e-02
0.06887	2.50281e-02
0.06918	2.41601e-02
0.06956	2.33146e-02
0.07000	2.24832e-02
0.07050	2.16618e-02
0.07105	2.08529e-02
0.07166	2.00651e-02
0.07232	1.93124e-02
0.07301	1.86122e-02
0.07373	1.79846e-02
0.07447	1.74507e-02
0.07523	1.70318e-02
0.07601	1.67477e-02
0.07679	1.66152e-02
0.07757	1.66463e-02
0.07835	1.68471e-02
0.07912	1.72167e-02
0.07988	1.77481e-02
0.08062	1.84290e-02
0.08135	1.92437e-02
0.08207	2.01744e-02
0.08276	2.12024e-02
0.08344	2.23094e-02
0.08409	2.34774e-02
0.08473	2.46891e-02
0.08535	2.59274e-02
0.08596	2.71752e-02
0.08655	2.84149e-02
0.08714	2.96281e-02
0.08772	3.07955e-02
0.08832	3.18981e-02
0.08892	3.29189e-02
0.08954	3.38460e-02
0.09019	3.46758e-02
0.09085	3.54136e-02
0.09153	3.60717e-02
0.09222	3.66661e-02
0.09290	3.72125e-02
0.09358	3.77245e-02
0.09425	3.82124e-02
0.09491	3.86834e-02
0.09555	3.91418e-02
0.09617	3.95896e-02
0.09678	4.00268e-02
0.09736	4.04519e-02
0.09792	4.08621e-02
0.09847	4.12534e-02
0.09899	4.16209e-02
0.09951	4.19589e-02
0.10001	4.22611e-02
0.10049	4.25205e-02
0.10097	4.27299e-02
0.10144	4.28820e-02
0.10191	4.29699e-02
0.10237	4.29874e-02
0.10283	4.29296e-02
0.10329	4.27934e-02
0.10374	4.25775e-02
0.10419	4.22830e-02
0.10463	4.19127e-02
0.10506	4.14713e-02
0.10548	4.09649e-02
0.10588	4.04005e-02
0.10625	3.97856e-02
0.10660	3.91282e-02
0.10692	3.84364e-02
0.10720	3.77185e-02
0.10744	3.69829e-02
0.10765	3.62379e-02
0.10781	3.54920e-02
0.10792	3.47539e-02
0.10799	3.40323e-02
0.10801	3.33361e-02
0.10797	3.26741e-02
0.10789	3.20555e-02
0.10775	3.14892e-02
0.10756	3.09840e-02
0.10731	3.05485e-02
0.10701	3.01905e-02
0.10666	2.99173e-02
0.10625	2.97350e-02
0.10579	2.96486e-02
0.10527	2.96616e-02
0.10470	2.97762e-02
0.10407	2.99928e-02
0.10340	3.03103e-02
0.10267	3.07264e-02
0.10190	3.12373e-02
0.10108	3.18383e-02
0.10021	3.25239e-02
0.10128	3.45261e-02
0.10051	3.53170e-02
0.09969	3.61755e-02
0.09883	3.70957e-02
0.09794	3.80716e-02
0.09701	3.90974e-02
0.09605	4.01673e-02
0.09505	4.12757e-02
0.09403	4.24168e-02
0.09298	4.35850e-02
0.09191	4.47744e-02
0.09082	4.59785e-02
0.08972	4.71886e-02
0.08862	4.83786e-02
0.08784	4.89735e-02
0.08765	4.85560e-02
0.08751	4.81000e-02
0.08738	4.76544e-02
0.08728	4.72201e-02
0.08720	4.67945e-02
0.08714	4.63739e-02
0.08710	4.59544e-02
0.08710	4.55318e-02
0.08712	4.51012e-02
0.08718	4.46563e-02
0.08728	4.41895e-02
0.08741	4.36918e-02
0.08758	4.31548e-02
0.08779	4.25729e-02
0.08804	4.19463e-02
0.08832	4.12828e-02
0.08863	4.05970e-02
0.08893	3.99082e-02
0.08924	3.92371e-02
0.08953	3.86027e-02
0.08981	3.80211e-02
0.09005	3.75040e-02
0.09026	3.70585e-02
0.09044	3.66869e-02
0.09058	3.63869e-02
0.09069	3.61516e-02
0.09077	3.59710e-02
0.09082	3.58327e-02
0.09085	3.57237e-02
0.09085	3.56325e-02
0.09083	3.55510e-02
0.09079	3.54756e-02
0.09072	3.54076e-02
0.09063	3.53526e-02
0.09051	3.53188e-02
0.09035	3.53161e-02
0.09015	3.53539e-02
0.08990	3.54412e-02
0.08961	3.55850e-02
0.08926	3.57909e-02
0.08886	3.60625e-02
0.08841	3.64015e-02
0.08791	3.68081e-02
0.08734	3.72812e-02
0.08673	3.78180e-02
0.08606	3.84149e-02
0.08534	3.90671e-02
0.08458	3.97689e-02
0.08377	4.05137e-02
0.08291	4.12940e-02
0.08203	4.21008e-02
0.08112	4.29242e-02
0.08018	4.37526e-02
0.07924	4.45731e-02
0.07831	4.53722e-02
0.08441	4.41761e-02
0.08381	4.45938e-02
0.08326	4.49358e-02
0.08275	4.52120e-02
0.08227	4.54386e-02
0.08183	4.56325e-02
0.08141	4.58056e-02
0.08102	4.59591e-02
0.08066	4.60785e-02
0.08037	4.61291e-02
0.08017	4.60585e-02
0.08010	4.58196e-02
0.08015	4.54090e-02
0.08030	4.48726e-02
0.08051	4.42723e-02
0.08076	4.36594e-02
0.08103	4.30705e-02
0.08130	4.25301e-02
0.08157	4.20557e-02
0.08184	4.16595e-02
0.08210	4.13505e-02
0.08235	4.11354e-02
0.08259	4.10185e-02
0.08282	4.10026e-02
0.08304	4.10884e-02
0.08326	4.12752e-02
0.08346	4.15603e-02
0.08365	4.19395e-02
0.08384	4.24073e-02
0.08402	4.29568e-02
0.08420	4.35806e-02
0.08438	4.42708e-02
0.08456	4.50203e-02
0.08473	4.58227e-02
0.08490	4.66728e-02
0.08508	4.75667e-02
0.08525	4.85010e-02
0.08541	4.94730e-02
0.08557	5.04795e-02
0.08573	5.15168e-02
0.08587	5.25806e-02
0.08601	5.36654e-02
0.08614	5.47652e-02
0.08627	5.58731e-02
0.08639	5.69820e-02
0.08651	5.80847e-02
0.08662	5.91738e-02
0.08674	6.02423e-02
0.08687	6.12831e-02
0.08700	6.22891e-02
0.08714	6.32528e-02
0.08730	6.41659e-02
0.08747	6.50193e-02
0.08768	6.58034e-02
0.08791	6.65096e-02
0.08817	6.71320e-02
0.08847	6.76687e-02
0.08880	6.81215e-02
0.08916	6.84942e-02
0.08953	6.87906e-02
0.08992	6.90126e-02
0.09032	6.91605e-02
0.09074	6.92328e-02
0.09116	6.92283e-02
0.09160	6.91466e-02
0.09203	6.89897e-02
0.09247	6.87614e-02
0.08587	7.04431e-02
0.08648	7.02018e-02
0.08708	6.99094e-02
0.08766	6.95706e-02
0.08823	6.91893e-02
0.08877	6.87686e-02
0.08928	6.83107e-02
0.08976	6.78171e-02
0.09020	6.72885e-02
0.09060	6.67254e-02
0.09096	6.61275e-02
0.09128	6.54942e-02
0.09156	6.48244e-02
0.09180	6.41169e-02
0.09199	6.33700e-02
0.09214	6.25818e-02
0.09225	6.17503e-02
0.09231	6.08735e-02
0.09234	5.99491e-02
0.09232	5.89753e-02
0.09227	5.79504e-02
0.09217	5.68732e-02
0.09204	5.57434e-02
0.09186	5.45614e-02
0.09165	5.33287e-02
0.09139	5.20478e-02
0.09109	5.07225e-02
0.09075	4.93575e-02
0.09036	4.79588e-02
0.09455	4.87407e-02
0.09405	4.71388e-02
0.10047	4.68427e-02
0.09990	4.49023e-02
0.09928	4.29449e-02
0.09861	4.09806e-02
0.09790	3.90203e-02
0.09712	3.70756e-02
0.09630	3.51589e-02
0.09543	3.32837e-02
0.09450	3.14646e-02
0.09353	2.97178e-02
0.10387	1.83830e-02
0.10238	1.67229e-02
0.10084	1.52862e-02
0.09927	1.41307e-02
0.09766	1.33147e-02
0.09602	1.28822e-02
0.09437	1.28463e-02
0.09270	1.31793e-02
0.09102	1.38187e-02
0.08935	1.46841e-02
0.08769	1.56929e-02
0.08607	1.67688e-02
0.08449	1.78443e-02
0.08297	1.88588e-02
0.08154	1.97566e-02
0.08021	2.04863e-02
0.07902	2.10011e-02
0.07798	2.12616e-02
0.07710	2.12411e-02
0.07640	2.09300e-02
0.07587	2.03394e-02
0.07549	1.94998e-02
0.07526	1.84582e-02
0.07514	1.72733e-02
0.07511	1.60117e-02
0.07516	1.47473e-02
0.07525	1.35617e-02
0.07539	1.25455e-02
0.07555	1.17942e-02
0.07572	1.13957e-02
0.07591	1.14067e-02
0.07609	1.18331e-02
0.07628	1.26305e-02
0.07646	1.37254e-02
0.07663	1.50399e-02
0.07679	1.65059e-02
0.07695	1.80695e-02
0.07709	1.96895e-02
0.07723	2.13347e-02
0.07737	2.29811e-02
0.07749	2.46097e-02
0.07762	2.62047e-02
0.07774	2.77524e-02
0.07617	3.35936e-02
0.07601	3.51732e-02
0.07584	3.66470e-02
0.07569	3.80004e-02
0.07556	3.92185e-02
0.07547	4.02863e-02
0.07542	4.11896e-02
0.07542	4.19164e-02
0.07549	4.24586e-02
0.07562	4.28136e-02
0.07583	4.29851e-02
0.07609	4.29827e-02
0.07641	4.28206e-02
0.07676	4.25153e-02
0.07715	4.20844e-02
0.07757	4.15446e-02
0.07799	4.09112e-02
0.05333	2.31134e-02
0.05415	2.23542e-02
0.05503	2.16053e-02
0.05594	2.08777e-02
0.05689	2.01809e-02
0.05787	1.95238e-02
0.05887	1.89141e-02
0.05990	1.83589e-02
0.06096	1.78648e-02
0.06203	1.74378e-02
0.06313	1.70834e-02
0.06425	1.68066e-02
0.06539	1.66121e-02
0.06655	1.65040e-02
0.06773	1.64862e-02
0.06893	1.65617e-02
0.07015	1.67335e-02
0.07139	1.70038e-02
0.05528	0.00000e+00
0.05609	0.00000e+00
0.05681	0.00000e+00
0.05745	0.00000e+00
0.05800	0.00000e+00
0.05846	0.00000e+00
