0.96202	6.26752e-02
0.96424	5.58010e-02
0.96625	4.95133e-02
0.96805	4.38943e-02
0.96961	3.89551e-02
0.97095	3.46568e-02
0.97210	3.09332e-02
0.97308	2.77066e-02
0.97391	2.48994e-02
0.97463	2.24413e-02
0.97524	2.02736e-02
0.97572	1.83360e-02
0.97613	1.66068e-02
0.97646	1.50597e-02
0.97674	1.36744e-02
0.97697	1.24347e-02
0.97714	1.13268e-02
0.97727	1.03386e-02
0.97736	9.45879e-03
0.97741	8.67710e-03
0.97743	7.98407e-03
0.97742	7.37117e-03
0.97739	6.83081e-03
0.97733	6.35637e-03
0.97725	5.94215e-03
0.97715	5.58328e-03
0.97704	5.27561e-03
0.97691	5.01559e-03
0.97677	4.80009e-03
0.97661	4.62625e-03
0.97645	4.49131e-03
0.97628	4.39254e-03
0.97611	4.32712e-03
0.97592	4.29212e-03
0.97574	4.28452e-03
0.97554	4.30124e-03
0.97535	4.33925e-03
0.97515	4.39557e-03
0.97495	4.46740e-03
0.97475	4.55213e-03
0.97454	4.64735e-03
0.97434	4.75093e-03
0.97414	4.86094e-03
0.97393	4.97570e-03
0.97373	5.09376e-03
0.97353	5.21384e-03
0.97333	5.33487e-03
0.97314	5.45594e-03
0.97294	5.57627e-03
0.97275	5.69523e-03
0.97257	5.81231e-03
0.97238	5.92710e-03
0.97221	6.03930e-03
0.97203	6.14868e-03
0.97186	6.25510e-03
0.97169	6.35849e-03
0.97153	6.45884e-03
0.97138	6.55620e-03
0.97123	6.65068e-03
0.97109	6.74242e-03
0.97095	6.83163e-03
0.97081	6.91851e-03
0.97069	7.00335e-03
0.97057	7.08641e-03
0.97046	7.16801e-03
0.97035	7.24848e-03
0.97025	7.32814e-03
0.97015	7.40733e-03
0.97007	7.48640e-03
0.96998	7.56567e-03
0.96991	7.64548e-03
0.96984	7.73032e-03
0.96977	7.81559e-03
0.96971	7.90160e-03
0.96966	7.98867e-03
0.96961	8.07707e-03
0.96957	8.16705e-03
0.96954	8.25881e-03
0.96951	8.35251e-03
0.96949	8.44825e-03
0.96948	8.54610e-03
0.96945	8.65142e-03
0.96942	8.75932e-03
0.96940	8.86970e-03
0.96938	8.98243e-03
0.96937	9.09733e-03
0.96935	9.21418e-03
0.96933	9.33896e-03
0.96938	9.43854e-03
0.96974	9.52066e-03
0.97045	9.92817e-03
0.97089	1.04548e-02
0.97101	1.07161e-02
0.97102	1.08532e-02
0.97099	1.09515e-02
0.97091	1.09841e-02
0.97082	1.10102e-02
0.97073	1.10323e-02
0.97063	1.10515e-02
0.97053	1.10684e-02
0.97032	1.11324e-02
0.97009	1.11945e-02
0.96985	1.12542e-02
0.96961	1.13113e-02
0.96935	1.13653e-02
0.96908	1.14160e-02
0.96880	1.14630e-02
0.96852	1.15059e-02
0.96822	1.15444e-02
0.96791	1.15783e-02
0.96760	1.16072e-02
0.96727	1.16446e-02
0.96693	1.16770e-02
0.96658	1.17040e-02
0.96622	1.17252e-02
0.96586	1.17404e-02
0.96549	1.17496e-02
0.96511	1.17526e-02
0.96473	1.17495e-02
0.96434	1.17403e-02
0.96394	1.17250e-02
0.96355	1.17036e-02
0.96314	1.16762e-02
0.96273	1.16429e-02
0.96232	1.16037e-02
0.96191	1.15589e-02
0.96149	1.15085e-02
0.96107	1.14527e-02
0.96065	1.13917e-02
0.96023	1.13255e-02
0.95981	1.12545e-02
0.95939	1.11787e-02
0.95897	1.10983e-02
0.95855	1.10002e-02
0.95812	1.08964e-02
0.95770	1.07872e-02
0.95728	1.06728e-02
0.95687	1.05533e-02
0.95646	1.04289e-02
0.95605	1.02997e-02
0.95565	1.01659e-02
0.95526	1.00276e-02
0.95487	9.88510e-03
0.95449	9.73849e-03
0.95411	9.58798e-03
0.95375	9.43377e-03
0.95339	9.27606e-03
0.95304	9.11506e-03
0.95270	8.95097e-03
0.95237	8.78403e-03
0.95205	8.61446e-03
0.95174	8.44251e-03
0.95144	8.26842e-03
0.95116	8.09247e-03
0.95088	7.91495e-03
0.95062	7.73615e-03
0.95037	7.55642e-03
0.95013	7.37611e-03
0.94990	7.19562e-03
0.94969	7.01537e-03
0.94950	6.83585e-03
0.94931	6.65758e-03
0.94914	6.48116e-03
0.94898	6.30722e-03
0.94884	6.13651e-03
0.94871	5.96982e-03
0.94860	5.80804e-03
0.94850	5.65217e-03
0.94841	5.50328e-03
0.94834	5.36254e-03
0.94828	5.23122e-03
0.94824	5.11066e-03
0.94821	5.00226e-03
0.94893	5.53582e-03
0.94935	6.17654e-03
0.94949	6.38537e-03
0.94954	6.41146e-03
0.94957	6.39458e-03
0.94958	6.38057e-03
0.94960	6.36837e-03
0.94963	6.36322e-03
0.94966	6.37280e-03
0.94971	6.39488e-03
0.94976	6.43063e-03
0.94983	6.48078e-03
0.94990	6.54574e-03
0.94999	6.62560e-03
0.95006	6.70192e-03
0.95015	6.79073e-03
0.95024	6.89189e-03
0.95034	7.00495e-03
0.95044	7.12928e-03
0.95055	7.26409e-03
0.95067	7.40850e-03
0.95079	7.56158e-03
0.95092	7.72238e-03
0.95105	7.88990e-03
0.95119	8.06317e-03
0.95132	8.24121e-03
0.95146	8.42306e-03
0.95159	8.59869e-03
0.95171	8.77585e-03
0.95184	8.95200e-03
0.95203	9.19302e-03
0.95235	9.58057e-03
0.95287	1.02602e-02
0.95352	1.12411e-02
0.95407	1.21504e-02
0.95443	1.27257e-02
0.95465	1.30448e-02
0.95480	1.32341e-02
0.95492	1.33746e-02
0.95501	1.34874e-02
0.95508	1.35853e-02
0.95515	1.36739e-02
0.95519	1.37627e-02
0.95523	1.38475e-02
0.95526	1.39290e-02
0.95527	1.40077e-02
0.95527	1.40837e-02
0.95527	1.41570e-02
0.95525	1.42275e-02
0.95546	1.38905e-02
0.95575	1.34536e-02
0.95604	1.30884e-02
0.95623	1.28946e-02
0.95630	1.28351e-02
0.95630	1.28390e-02
0.95625	1.28738e-02
0.95617	1.29218e-02
0.95609	1.29764e-02
0.95600	1.30357e-02
0.95589	1.31000e-02
0.95577	1.31691e-02
0.95563	1.32447e-02
0.95548	1.33270e-02
0.95531	1.34156e-02
0.95513	1.35097e-02
0.95493	1.36081e-02
0.95472	1.37094e-02
0.95449	1.38122e-02
0.95424	1.39152e-02
0.95398	1.40171e-02
0.95370	1.41170e-02
0.95340	1.42141e-02
0.95310	1.43079e-02
0.95277	1.43979e-02
0.95244	1.44839e-02
0.95210	1.45658e-02
0.95174	1.46436e-02
0.95138	1.47173e-02
0.95101	1.47872e-02
0.95063	1.48533e-02
0.95025	1.49159e-02
0.94986	1.49751e-02
0.94946	1.50314e-02
0.94907	1.50848e-02
0.94867	1.51356e-02
0.94894	1.61196e-02
0.94884	1.66910e-02
0.94850	1.68776e-02
0.94810	1.69396e-02
0.94767	1.69642e-02
0.94723	1.69737e-02
0.94680	1.69744e-02
0.94636	1.69691e-02
0.94593	1.69590e-02
0.94550	1.69447e-02
0.94508	1.69268e-02
0.94466	1.69058e-02
0.94425	1.68819e-02
0.94384	1.68554e-02
0.94344	1.68265e-02
0.94303	1.67982e-02
0.94264	1.67675e-02
0.94225	1.67346e-02
0.94186	1.67024e-02
0.94148	1.66682e-02
0.94111	1.66319e-02
0.94074	1.65939e-02
0.94039	1.65543e-02
0.94005	1.65132e-02
0.93971	1.64708e-02
0.93939	1.64274e-02
0.93907	1.63831e-02
0.93877	1.63382e-02
0.93848	1.62928e-02
0.93820	1.62472e-02
0.93793	1.62015e-02
0.93767	1.61560e-02
0.93740	1.61064e-02
0.93715	1.60566e-02
0.93690	1.60070e-02
0.93667	1.59576e-02
0.93644	1.59087e-02
0.93624	1.58605e-02
0.93604	1.58132e-02
0.93585	1.57670e-02
0.93568	1.57221e-02
0.93552	1.56787e-02
0.93537	1.56383e-02
0.93523	1.55987e-02
0.93509	1.55470e-02
0.93496	1.54949e-02
0.93484	1.54426e-02
0.93472	1.53901e-02
0.93462	1.53378e-02
0.93452	1.52858e-02
0.93443	1.52343e-02
0.93436	1.51833e-02
0.93428	1.51333e-02
0.93421	1.50915e-02
0.93415	1.50507e-02
0.93409	1.50111e-02
0.93404	1.49726e-02
0.93399	1.49354e-02
0.93395	1.48995e-02
0.93392	1.48649e-02
0.93389	1.48318e-02
0.93386	1.48002e-02
0.93384	1.47701e-02
0.93383	1.47415e-02
0.93381	1.47144e-02
0.93381	1.46888e-02
0.93380	1.46647e-02
0.93380	1.46420e-02
0.93379	1.46113e-02
0.93441	1.39550e-02
0.93470	1.36945e-02
0.93479	1.35885e-02
0.93483	1.35223e-02
0.93484	1.34692e-02
0.93483	1.33931e-02
0.93535	1.23055e-02
0.93589	1.13598e-02
0.93612	1.09924e-02
0.93619	1.08553e-02
0.93618	1.07790e-02
0.93616	1.07352e-02
0.93613	1.07112e-02
0.93609	1.07016e-02
0.93605	1.07036e-02
0.93600	1.07151e-02
0.93595	1.07348e-02
0.93590	1.07616e-02
0.93582	1.07552e-02
0.93574	1.07537e-02
0.93565	1.07570e-02
0.93557	1.07646e-02
0.93547	1.07761e-02
0.93536	1.08010e-02
0.93524	1.08295e-02
0.93512	1.08613e-02
0.93498	1.09062e-02
0.93484	1.09550e-02
0.93470	1.10073e-02
0.93456	1.10629e-02
0.93441	1.11218e-02
0.93424	1.11802e-02
0.93406	1.12414e-02
0.93388	1.13053e-02
0.93370	1.13720e-02
0.93352	1.14414e-02
0.93333	1.15138e-02
0.93314	1.15890e-02
0.93295	1.16674e-02
0.93275	1.17489e-02
0.93255	1.18337e-02
0.93234	1.19410e-02
0.93212	1.20506e-02
0.93190	1.21626e-02
0.93168	1.22774e-02
0.93145	1.23951e-02
0.93123	1.25160e-02
0.93100	1.26401e-02
0.93077	1.27676e-02
0.93053	1.28987e-02
0.93030	1.30332e-02
0.93006	1.31713e-02
0.92982	1.33130e-02
0.92959	1.34583e-02
0.92935	1.36070e-02
0.92911	1.37592e-02
0.92886	1.39146e-02
0.92862	1.40732e-02
0.92838	1.42298e-02
0.92813	1.43890e-02
0.92788	1.45505e-02
0.92763	1.47144e-02
0.92739	1.48803e-02
0.92714	1.50481e-02
0.92690	1.52176e-02
0.92665	1.53884e-02
0.92641	1.55603e-02
0.92617	1.57329e-02
0.92593	1.59061e-02
0.92570	1.60796e-02
0.92546	1.62529e-02
0.92523	1.64259e-02
0.92500	1.65983e-02
0.92475	1.67527e-02
0.92450	1.69045e-02
0.92427	1.70662e-02
0.92414	1.73036e-02
0.92439	1.78632e-02
0.92490	1.88300e-02
0.92507	1.94910e-02
0.92498	1.98108e-02
0.92482	2.00100e-02
0.92463	2.01652e-02
0.92443	2.02971e-02
0.92422	2.04127e-02
0.92401	2.05150e-02
0.92379	2.06060e-02
0.92358	2.06868e-02
0.92336	2.07583e-02
0.92314	2.08212e-02
0.92293	2.08759e-02
0.92271	2.09230e-02
0.92249	2.09626e-02
0.92228	2.09950e-02
0.92207	2.10205e-02
0.92186	2.10392e-02
0.92165	2.10512e-02
0.92145	2.10568e-02
0.92124	2.10561e-02
0.92103	2.10395e-02
0.92082	2.10143e-02
0.92061	2.09807e-02
0.92040	2.09389e-02
0.92019	2.08888e-02
0.91997	2.08245e-02
0.91976	2.07509e-02
0.91954	2.06682e-02
0.91932	2.05767e-02
0.91910	2.04765e-02
0.91889	2.03678e-02
0.91851	2.05081e-02
0.91814	2.06278e-02
0.91779	2.07053e-02
0.91749	2.07016e-02
0.91726	2.05772e-02
0.91716	2.02488e-02
0.91721	1.97273e-02
0.91734	1.91427e-02
0.91744	1.86464e-02
0.91749	1.82782e-02
0.91747	1.80110e-02
0.91764	1.79908e-02
0.91759	1.78742e-02
0.91749	1.77469e-02
0.91737	1.76288e-02
0.91737	1.72593e-02
0.91733	1.69626e-02
0.91727	1.67018e-02
0.91719	1.64630e-02
0.91711	1.62403e-02
0.91701	1.60308e-02
0.91711	1.59725e-02
0.91745	1.61416e-02
0.91787	1.64839e-02
0.91808	1.66682e-02
0.91809	1.66329e-02
0.91801	1.64903e-02
0.91790	1.63097e-02
0.91777	1.61185e-02
0.91763	1.59270e-02
0.91770	1.59876e-02
0.91798	1.63978e-02
0.91834	1.70418e-02
0.91853	1.74942e-02
0.91853	1.76424e-02
0.91842	1.76169e-02
0.91828	1.75191e-02
0.91812	1.73945e-02
0.91796	1.72612e-02
0.91780	1.71266e-02
0.91764	1.69940e-02
0.91749	1.68650e-02
0.91731	1.67733e-02
0.91715	1.66874e-02
0.91699	1.66071e-02
0.91683	1.65324e-02
0.91673	1.64757e-02
0.91660	1.64180e-02
0.91648	1.63636e-02
0.91635	1.63136e-02
0.91624	1.62687e-02
0.91613	1.62290e-02
0.91603	1.61944e-02
0.91593	1.61652e-02
0.91584	1.61412e-02
0.91577	1.61223e-02
0.91569	1.60995e-02
0.91562	1.60818e-02
0.91555	1.60692e-02
0.91550	1.60616e-02
0.91545	1.60589e-02
0.91542	1.60611e-02
0.91539	1.60681e-02
0.91537	1.60799e-02
0.91535	1.60964e-02
0.91535	1.61177e-02
0.91535	1.61436e-02
0.91536	1.61743e-02
0.91537	1.62123e-02
0.91538	1.62559e-02
0.91539	1.63051e-02
0.91541	1.63599e-02
0.91544	1.64206e-02
0.91546	1.64873e-02
0.91550	1.65601e-02
0.91554	1.66391e-02
0.91558	1.67247e-02
0.91563	1.68168e-02
0.91567	1.68929e-02
0.91571	1.69735e-02
0.91576	1.70588e-02
0.91580	1.71557e-02
0.91584	1.72575e-02
0.91589	1.73644e-02
0.91594	1.74763e-02
0.91599	1.75934e-02
0.91604	1.77156e-02
0.91609	1.78431e-02
0.91615	1.79757e-02
0.91622	1.81001e-02
0.91630	1.82351e-02
0.91636	1.83785e-02
0.91642	1.85292e-02
0.91648	1.86862e-02
0.91653	1.88489e-02
0.91659	1.90165e-02
0.91663	1.91885e-02
0.91668	1.93643e-02
0.91672	1.95432e-02
0.91676	1.97247e-02
0.91680	1.99082e-02
0.91683	2.00930e-02
0.91686	2.02787e-02
0.91688	2.04646e-02
0.91691	2.06502e-02
0.91692	2.08349e-02
0.91694	2.10182e-02
0.91695	2.11994e-02
0.91695	2.13640e-02
0.91694	2.15242e-02
0.91693	2.16798e-02
0.91690	2.18427e-02
0.91687	2.20014e-02
0.91683	2.21556e-02
0.91678	2.23049e-02
0.91673	2.24488e-02
0.91667	2.25912e-02
0.91659	2.27282e-02
0.91651	2.28598e-02
0.91643	2.29858e-02
0.91634	2.31061e-02
0.91624	2.32107e-02
0.91613	2.33096e-02
0.91602	2.34028e-02
0.91590	2.34906e-02
0.91578	2.35731e-02
0.91565	2.36505e-02
0.91552	2.37229e-02
0.91539	2.37905e-02
0.91525	2.38538e-02
0.91510	2.39039e-02
0.91494	2.39490e-02
0.91478	2.39897e-02
0.91461	2.40265e-02
0.91444	2.40598e-02
0.91426	2.40903e-02
0.91408	2.41183e-02
0.91389	2.41376e-02
0.91369	2.41556e-02
0.91349	2.41729e-02
0.91329	2.41902e-02
0.91308	2.42081e-02
0.91329	2.49955e-02
0.91326	2.53635e-02
0.91309	2.54883e-02
0.91287	2.55196e-02
0.91263	2.55168e-02
0.91238	2.55007e-02
0.91212	2.54792e-02
0.91185	2.54560e-02
0.91158	2.54331e-02
0.91131	2.54122e-02
0.91104	2.53943e-02
0.91076	2.53806e-02
0.91048	2.53718e-02
0.91020	2.53687e-02
0.90991	2.53905e-02
0.90962	2.54208e-02
0.90932	2.54598e-02
0.90902	2.55079e-02
0.90904	2.56300e-02
0.90893	2.57552e-02
0.90875	2.58768e-02
0.90853	2.59998e-02
0.90830	2.61279e-02
0.90807	2.62626e-02
0.90782	2.64043e-02
0.90758	2.65530e-02
0.90733	2.67071e-02
0.90707	2.68668e-02
0.90681	2.70313e-02
0.90655	2.72002e-02
0.90628	2.73826e-02
0.90601	2.75673e-02
0.90574	2.77537e-02
0.90547	2.79414e-02
0.90520	2.81296e-02
0.90493	2.83178e-02
0.90467	2.85056e-02
0.90495	2.81074e-02
0.90510	2.79189e-02
0.90503	2.79612e-02
0.90485	2.81102e-02
0.90506	2.80462e-02
0.90501	2.81630e-02
0.90481	2.83557e-02
0.90455	2.85725e-02
0.90427	2.87950e-02
0.90398	2.90165e-02
0.90370	2.92345e-02
0.90342	2.94477e-02
0.90314	2.96553e-02
0.90287	2.98569e-02
0.90260	3.00521e-02
0.90234	3.02407e-02
0.90209	3.04227e-02
0.90185	3.05978e-02
0.90161	3.07663e-02
0.90139	3.09280e-02
0.90117	3.10831e-02
0.90096	3.12318e-02
0.90076	3.13741e-02
0.90057	3.15104e-02
0.90039	3.16409e-02
0.90047	3.18940e-02
0.90044	3.20859e-02
0.90035	3.22396e-02
0.90025	3.23716e-02
0.90012	3.24865e-02
0.89999	3.25911e-02
0.89986	3.26873e-02
0.89974	3.27760e-02
0.89963	3.28580e-02
0.89951	3.29341e-02
0.89941	3.30048e-02
0.89931	3.30710e-02
0.89921	3.31545e-02
0.89911	3.32386e-02
0.89901	3.33231e-02
0.89892	3.34079e-02
0.89884	3.34933e-02
0.89877	3.35794e-02
0.89870	3.36664e-02
0.89863	3.37543e-02
0.89858	3.38434e-02
0.89853	3.39336e-02
0.89849	3.40249e-02
0.89845	3.41144e-02
0.89842	3.42046e-02
0.89838	3.43079e-02
0.89834	3.44161e-02
0.89831	3.45262e-02
0.89828	3.46379e-02
0.89825	3.47508e-02
0.89823	3.48646e-02
0.89822	3.49791e-02
0.89821	3.50937e-02
0.89821	3.52081e-02
0.89822	3.53218e-02
0.89822	3.54344e-02
0.89824	3.55455e-02
0.89826	3.56544e-02
0.89828	3.57608e-02
0.89831	3.58641e-02
0.89835	3.59638e-02
0.89839	3.60595e-02
0.89844	3.61506e-02
0.89849	3.62367e-02
0.89854	3.63086e-02
0.89859	3.63745e-02
0.89865	3.64341e-02
0.89872	3.64869e-02
0.89879	3.65326e-02
0.89887	3.65708e-02
0.89895	3.66011e-02
0.89904	3.66231e-02
0.89913	3.66365e-02
0.89923	3.66410e-02
0.89934	3.66362e-02
0.89945	3.66220e-02
0.89957	3.65979e-02
0.89967	3.65823e-02
0.89978	3.65581e-02
0.89990	3.65248e-02
0.90002	3.64823e-02
0.90014	3.64304e-02
0.90027	3.63692e-02
0.90040	3.62985e-02
0.90050	3.62720e-02
0.90061	3.62390e-02
0.90071	3.61991e-02
0.90082	3.61520e-02
0.90093	3.60974e-02
0.90104	3.60354e-02
0.90115	3.59660e-02
0.90127	3.58892e-02
0.90138	3.58051e-02
0.90150	3.57139e-02
0.90162	3.56156e-02
0.90174	3.55103e-02
0.90186	3.53983e-02
0.90198	3.52796e-02
0.90209	3.51484e-02
0.90220	3.50119e-02
0.90230	3.48646e-02
0.90241	3.47079e-02
0.90251	3.45426e-02
0.90260	3.43692e-02
0.90270	3.41881e-02
0.90279	3.39998e-02
0.90288	3.38046e-02
0.90296	3.36029e-02
0.90304	3.33951e-02
0.90312	3.31817e-02
0.90319	3.29629e-02
0.90326	3.27393e-02
0.90332	3.25111e-02
0.90338	3.22789e-02
0.90344	3.20429e-02
0.90348	3.18037e-02
0.90353	3.15616e-02
0.90357	3.13171e-02
0.90360	3.10706e-02
0.90362	3.08225e-02
0.90379	3.07515e-02
0.90383	3.05553e-02
0.90383	3.03129e-02
0.90380	3.00527e-02
0.90376	2.97842e-02
0.90371	2.95108e-02
0.90365	2.92343e-02
0.90358	2.89558e-02
0.90350	2.86763e-02
0.90341	2.83965e-02
0.90331	2.81172e-02
0.90320	2.78391e-02
0.90338	2.69231e-02
0.90342	2.62917e-02
0.90337	2.58424e-02
0.90325	2.55014e-02
0.90310	2.52169e-02
0.90292	2.49687e-02
0.90272	2.47479e-02
0.90251	2.45509e-02
0.90228	2.43762e-02
0.90203	2.42233e-02
0.90177	2.40919e-02
0.90149	2.39809e-02
0.90119	2.38868e-02
0.90087	2.38133e-02
0.90052	2.37461e-02
0.90016	2.36965e-02
0.89978	2.36645e-02
0.89939	2.36501e-02
0.89898	2.36531e-02
0.89856	2.36732e-02
0.89812	2.37101e-02
0.89768	2.37634e-02
0.89721	2.38268e-02
0.89671	2.39011e-02
0.89621	2.39900e-02
0.89570	2.40928e-02
0.89518	2.42090e-02
0.89464	2.43380e-02
0.89410	2.44789e-02
0.89355	2.46310e-02
0.89299	2.47936e-02
0.89243	2.49659e-02
0.89185	2.51471e-02
0.89127	2.53364e-02
0.89069	2.55330e-02
0.89010	2.57360e-02
0.88950	2.59447e-02
0.88890	2.61582e-02
0.88830	2.63757e-02
0.88769	2.65963e-02
0.88709	2.68193e-02
0.88648	2.70438e-02
0.88587	2.72689e-02
0.88524	2.74633e-02
0.88461	2.76565e-02
0.88398	2.78481e-02
0.88335	2.80371e-02
0.88273	2.82228e-02
0.88212	2.84042e-02
0.88151	2.85803e-02
0.88091	2.87499e-02
0.88032	2.89118e-02
0.87973	2.90654e-02
0.87915	2.92089e-02
0.87858	2.93407e-02
0.87802	2.94592e-02
0.87748	2.95627e-02
0.87696	2.96495e-02
0.87645	2.97178e-02
0.87597	2.97662e-02
0.87550	2.97932e-02
0.87506	2.97981e-02
0.87463	2.97734e-02
0.87423	2.97269e-02
0.87385	2.96604e-02
0.87349	2.95761e-02
0.87341	2.93522e-02
0.87324	2.91550e-02
0.87304	2.89751e-02
0.87283	2.88044e-02
0.87260	2.86407e-02
0.87238	2.84841e-02
0.87215	2.83354e-02
0.87192	2.81952e-02
0.87169	2.80636e-02
0.87147	2.79404e-02
0.87124	2.78248e-02
0.87102	2.77161e-02
0.87080	2.76131e-02
0.87059	2.75150e-02
0.87038	2.74205e-02
0.87018	2.73286e-02
0.86998	2.72385e-02
0.86980	2.71493e-02
0.86963	2.70603e-02
0.86946	2.69708e-02
0.86931	2.68804e-02
0.86918	2.67887e-02
0.86940	2.70960e-02
0.86946	2.72273e-02
0.86945	2.72613e-02
0.86942	2.72549e-02
0.86939	2.72304e-02
0.86937	2.71958e-02
0.86936	2.71541e-02
0.86935	2.71069e-02
0.86937	2.70550e-02
0.86939	2.69990e-02
0.86943	2.69392e-02
0.86947	2.68760e-02
0.86952	2.68295e-02
0.86958	2.67800e-02
0.86965	2.67275e-02
0.86998	2.65310e-02
0.87016	2.64442e-02
0.87029	2.63879e-02
0.87041	2.63378e-02
0.87075	2.64759e-02
0.87125	2.67758e-02
0.87181	2.71725e-02
0.87228	2.74899e-02
0.87262	2.76667e-02
0.87288	2.77449e-02
0.87311	2.77676e-02
0.87353	2.77060e-02
0.87414	2.76208e-02
0.87478	2.75941e-02
0.87526	2.76026e-02
0.87559	2.76084e-02
0.87585	2.75957e-02
0.87608	2.75679e-02
0.87628	2.75276e-02
0.87647	2.74761e-02
0.87665	2.74140e-02
0.87682	2.73416e-02
0.87698	2.72591e-02
0.87713	2.71665e-02
0.87727	2.70639e-02
0.87740	2.69514e-02
0.87753	2.68289e-02
0.87764	2.66965e-02
0.87774	2.65543e-02
0.87783	2.64022e-02
0.87792	2.62405e-02
0.87799	2.60691e-02
0.87859	2.58094e-02
0.87901	2.56260e-02
0.87924	2.54530e-02
0.87935	2.52484e-02
0.87942	2.50308e-02
0.87945	2.48025e-02
0.87945	2.45649e-02
0.87944	2.43191e-02
0.87940	2.40659e-02
0.87935	2.38061e-02
0.87928	2.35405e-02
0.87919	2.32700e-02
0.87909	2.29954e-02
0.87898	2.27176e-02
0.87883	2.24514e-02
0.87867	2.21834e-02
0.87849	2.19145e-02
0.87829	2.16579e-02
0.87808	2.14014e-02
0.87787	2.11461e-02
0.87763	2.08935e-02
0.87739	2.06448e-02
0.87714	2.04016e-02
0.87688	2.01652e-02
0.87661	1.99371e-02
0.87633	1.97186e-02
0.87604	1.95112e-02
0.87574	1.93180e-02
0.87543	1.91387e-02
0.87511	1.89748e-02
0.87478	1.88271e-02
0.87445	1.86969e-02
0.87411	1.85850e-02
0.87376	1.84922e-02
0.87341	1.84193e-02
0.87306	1.83667e-02
0.87270	1.83350e-02
0.87234	1.83243e-02
0.87197	1.83346e-02
0.87160	1.83660e-02
0.87123	1.84181e-02
0.87086	1.84906e-02
0.87049	1.85830e-02
0.87012	1.86945e-02
0.86975	1.88243e-02
0.86938	1.89717e-02
0.86901	1.91355e-02
0.86864	1.93148e-02
0.86828	1.95085e-02
0.86792	1.97153e-02
0.86756	1.99342e-02
0.86720	2.01467e-02
0.86684	2.03689e-02
0.86647	2.05958e-02
0.86611	2.08301e-02
0.86575	2.10706e-02
0.86539	2.13163e-02
0.86504	2.15658e-02
0.86470	2.18182e-02
0.86436	2.20722e-02
0.86402	2.23268e-02
0.86370	2.25808e-02
0.86338	2.28333e-02
0.86307	2.30833e-02
0.86276	2.33299e-02
0.86246	2.35827e-02
0.86216	2.38304e-02
0.86187	2.40723e-02
0.86159	2.43118e-02
0.86131	2.45445e-02
0.86104	2.47699e-02
0.86078	2.49872e-02
0.86053	2.51959e-02
0.86028	2.53955e-02
0.86005	2.55855e-02
0.85982	2.57656e-02
0.85961	2.59353e-02
0.85940	2.60944e-02
0.85920	2.62425e-02
0.85899	2.63654e-02
0.85879	2.64780e-02
0.85861	2.65799e-02
0.85843	2.66712e-02
0.85826	2.67517e-02
0.85810	2.68212e-02
0.85795	2.68799e-02
0.85781	2.69276e-02
0.85769	2.69645e-02
0.85757	2.69908e-02
0.85746	2.70066e-02
0.85736	2.70121e-02
0.85727	2.70078e-02
0.85718	2.69939e-02
0.85711	2.69709e-02
0.85705	2.69392e-02
0.85699	2.68994e-02
0.85694	2.68519e-02
0.85717	2.65329e-02
0.85762	2.60543e-02
0.85805	2.56650e-02
0.85829	2.54423e-02
0.85841	2.53069e-02
0.85847	2.52046e-02
0.85850	2.51168e-02
0.85851	2.50326e-02
0.85852	2.49513e-02
0.85853	2.48720e-02
0.85854	2.47949e-02
0.85911	2.59766e-02
0.85943	2.66042e-02
0.85954	2.67525e-02
0.85957	2.66986e-02
0.85956	2.65744e-02
0.85955	2.64259e-02
0.85954	2.62701e-02
0.85952	2.61137e-02
0.85951	2.59603e-02
0.85983	2.54010e-02
0.85995	2.51242e-02
0.85997	2.49672e-02
0.85996	2.48586e-02
0.85994	2.47747e-02
0.85991	2.47097e-02
0.85988	2.46586e-02
0.85984	2.46199e-02
0.85980	2.45926e-02
0.85976	2.45760e-02
0.85971	2.45759e-02
0.85966	2.45864e-02
0.85961	2.46069e-02
0.85955	2.46367e-02
0.85950	2.46752e-02
0.85944	2.47217e-02
0.85948	2.47450e-02
0.85972	2.47316e-02
0.86015	2.47479e-02
0.86053	2.48458e-02
0.86072	2.49626e-02
0.86078	2.50650e-02
0.86079	2.51557e-02
0.86076	2.52396e-02
0.86073	2.53190e-02
0.86068	2.53945e-02
0.86063	2.54664e-02
0.86058	2.55343e-02
0.86052	2.55979e-02
0.86045	2.56569e-02
0.86039	2.57110e-02
0.86032	2.57598e-02
0.86025	2.58032e-02
0.86018	2.58407e-02
0.86009	2.58822e-02
0.86001	2.59182e-02
0.86028	2.65191e-02
0.86037	2.68256e-02
0.86035	2.69494e-02
0.86028	2.69871e-02
0.86019	2.69823e-02
0.86025	2.69956e-02
0.86019	2.69648e-02
0.86009	2.69083e-02
0.85998	2.68357e-02
0.85978	2.66303e-02
0.85957	2.64093e-02
0.85937	2.61899e-02
0.85921	2.60175e-02
0.85915	2.60022e-02
0.85929	2.63068e-02
0.85959	2.69051e-02
0.85981	2.74705e-02
0.85988	2.77885e-02
0.86032	2.71887e-02
0.86071	2.65350e-02
0.86088	2.61553e-02
0.86087	2.59576e-02
0.86079	2.58281e-02
0.86067	2.57211e-02
0.86054	2.56219e-02
0.86039	2.55275e-02
0.86020	2.54570e-02
0.86001	2.53892e-02
0.85981	2.53240e-02
0.85961	2.52614e-02
0.85941	2.52016e-02
0.85921	2.51446e-02
0.85943	2.54838e-02
0.85960	2.58407e-02
0.85964	2.60961e-02
0.85960	2.62698e-02
0.85951	2.64011e-02
0.85941	2.65118e-02
0.85929	2.66116e-02
0.85917	2.67049e-02
0.85904	2.67934e-02
0.85892	2.68782e-02
0.85879	2.69596e-02
0.85866	2.70379e-02
0.85853	2.71130e-02
0.85840	2.71824e-02
0.85826	2.72479e-02
0.85813	2.73095e-02
0.85800	2.73668e-02
0.85787	2.74196e-02
0.85774	2.74678e-02
0.85762	2.75111e-02
0.85750	2.75494e-02
0.85738	2.75824e-02
0.85726	2.76129e-02
0.85715	2.76388e-02
0.85704	2.76602e-02
0.85693	2.76769e-02
0.85683	2.76888e-02
0.85673	2.76960e-02
0.85663	2.76988e-02
0.85655	2.76971e-02
0.85646	2.76914e-02
0.85638	2.76820e-02
0.85631	2.76692e-02
0.85622	2.76660e-02
0.85622	2.78171e-02
0.85621	2.79522e-02
0.85619	2.80778e-02
0.85617	2.81964e-02
0.85615	2.83094e-02
0.85613	2.84171e-02
0.85611	2.85199e-02
0.85608	2.86180e-02
0.85605	2.87118e-02
0.85602	2.88017e-02
0.85599	2.88885e-02
0.85596	2.89731e-02
0.85592	2.90563e-02
0.85588	2.91393e-02
0.85583	2.92361e-02
0.85578	2.93341e-02
0.85572	2.94346e-02
0.85566	2.95389e-02
0.85560	2.96484e-02
0.85554	2.97641e-02
0.85548	2.98873e-02
0.85542	3.00190e-02
0.85536	3.01600e-02
0.85530	3.03113e-02
0.85524	3.04733e-02
0.85518	3.06467e-02
0.85511	3.08318e-02
0.85505	3.10288e-02
0.85499	3.12379e-02
0.85492	3.14590e-02
0.85486	3.16920e-02
0.85480	3.19365e-02
0.85473	3.21882e-02
0.85466	3.24491e-02
0.85459	3.27139e-02
0.85451	3.29867e-02
0.85443	3.32670e-02
0.85436	3.35541e-02
0.85428	3.38471e-02
0.85420	3.41452e-02
0.85411	3.44475e-02
0.85403	3.47530e-02
0.85394	3.50608e-02
0.85384	3.53701e-02
0.85374	3.56799e-02
0.85364	3.59891e-02
0.85354	3.62965e-02
0.85343	3.66013e-02
0.85332	3.69025e-02
0.85321	3.71990e-02
0.85310	3.74900e-02
0.85299	3.77747e-02
0.85286	3.80426e-02
0.85273	3.83011e-02
0.85259	3.85499e-02
0.85245	3.87883e-02
0.85231	3.90157e-02
0.85216	3.92316e-02
0.85201	3.94355e-02
0.85184	3.96380e-02
0.85167	3.98283e-02
0.85149	4.00059e-02
0.85131	4.01705e-02
0.85113	4.03220e-02
0.85094	4.04602e-02
0.85074	4.05852e-02
0.85054	4.06968e-02
0.85075	4.02977e-02
0.85084	4.00521e-02
0.85079	3.99617e-02
0.85066	3.99478e-02
0.85048	3.99621e-02
0.85029	3.99841e-02
0.85007	4.00054e-02
0.84985	4.00223e-02
0.84961	4.00331e-02
0.84937	4.00370e-02
0.84911	4.00333e-02
0.84885	4.00220e-02
0.84858	4.00031e-02
0.84830	3.99766e-02
0.84802	3.99428e-02
0.84773	3.99019e-02
0.84743	3.98543e-02
0.84713	3.98004e-02
0.84682	3.97407e-02
0.84650	3.96754e-02
0.84618	3.96052e-02
0.84586	3.95304e-02
0.84553	3.94517e-02
0.84519	3.93694e-02
0.84485	3.92841e-02
0.84451	3.91962e-02
0.84416	3.91062e-02
0.84381	3.90147e-02
0.84345	3.89220e-02
0.84310	3.88286e-02
0.84273	3.87350e-02
0.84237	3.86415e-02
0.84199	3.85643e-02
0.84170	3.85313e-02
0.84137	3.84834e-02
0.84102	3.84293e-02
0.84066	3.83732e-02
0.84029	3.83171e-02
0.83992	3.82621e-02
0.83955	3.82089e-02
0.83918	3.81579e-02
0.83880	3.81093e-02
0.83843	3.80633e-02
0.83806	3.80200e-02
0.83768	3.79797e-02
0.83730	3.79607e-02
0.83691	3.79478e-02
0.83652	3.79403e-02
0.83612	3.79384e-02
0.83573	3.79419e-02
0.83534	3.79505e-02
0.83495	3.79640e-02
0.83457	3.79823e-02
0.83419	3.80051e-02
0.83381	3.80322e-02
0.83343	3.80635e-02
0.83306	3.80986e-02
0.83269	3.81374e-02
0.83233	3.81798e-02
0.83192	3.82051e-02
0.83156	3.82520e-02
0.83137	3.83607e-02
0.83144	3.86026e-02
0.83162	3.89620e-02
0.83167	3.92801e-02
0.83154	3.94987e-02
0.83130	3.96924e-02
0.83100	3.98529e-02
0.83069	3.99974e-02
0.83037	4.01319e-02
0.83005	4.02592e-02
0.82973	4.03804e-02
0.82940	4.04963e-02
0.82908	4.06075e-02
0.82876	4.07140e-02
0.82845	4.08160e-02
0.82814	4.09092e-02
0.82783	4.09974e-02
0.82754	4.10804e-02
0.82724	4.11583e-02
0.82696	4.12309e-02
0.82668	4.12981e-02
0.82642	4.13599e-02
0.82616	4.14161e-02
0.82591	4.14664e-02
0.82562	4.16276e-02
0.82533	4.17855e-02
0.82505	4.19397e-02
0.82476	4.20901e-02
0.82449	4.22362e-02
0.82422	4.23777e-02
0.82396	4.25143e-02
0.82371	4.26458e-02
0.82347	4.27720e-02
0.82323	4.28926e-02
0.82301	4.30075e-02
0.82280	4.31166e-02
0.82257	4.32073e-02
0.82235	4.32919e-02
0.82215	4.33703e-02
0.82195	4.34519e-02
0.82176	4.35286e-02
0.82157	4.36000e-02
0.82140	4.36662e-02
0.82124	4.37269e-02
0.82109	4.37823e-02
0.82096	4.38322e-02
0.82083	4.38767e-02
0.82071	4.39159e-02
0.82060	4.39498e-02
0.82046	4.39699e-02
0.82033	4.39845e-02
0.82021	4.39936e-02
0.82009	4.39977e-02
0.81997	4.39879e-02
0.81985	4.39728e-02
0.81974	4.39528e-02
0.81964	4.39281e-02
0.81954	4.38991e-02
0.81944	4.38660e-02
0.81936	4.38293e-02
0.81928	4.37892e-02
0.81920	4.37460e-02
0.81913	4.37001e-02
0.81907	4.36518e-02
0.81901	4.36012e-02
0.81896	4.35489e-02
0.81891	4.34949e-02
0.81887	4.34397e-02
0.81884	4.33834e-02
0.81881	4.33263e-02
0.81879	4.32685e-02
0.81877	4.32104e-02
0.81875	4.31523e-02
0.81870	4.30669e-02
0.81865	4.29796e-02
0.81861	4.28909e-02
0.81858	4.28012e-02
0.81854	4.27106e-02
0.81851	4.26192e-02
0.81848	4.25272e-02
0.81846	4.24345e-02
0.81844	4.23413e-02
0.81841	4.22420e-02
0.81839	4.21420e-02
0.81836	4.20414e-02
0.81872	4.22244e-02
0.81889	4.22711e-02
0.81894	4.22221e-02
0.81893	4.21297e-02
0.81891	4.20189e-02
0.81889	4.18996e-02
0.81886	4.17755e-02
0.81883	4.16482e-02
0.81880	4.15186e-02
0.81877	4.13869e-02
0.81873	4.12435e-02
0.81870	4.10968e-02
0.81867	4.09471e-02
0.81864	4.07946e-02
0.81860	4.06395e-02
0.81857	4.04821e-02
0.81854	4.03225e-02
0.81850	4.01490e-02
0.81846	3.99733e-02
0.81842	3.97957e-02
0.81840	3.96111e-02
0.81837	3.94262e-02
0.81835	3.92405e-02
0.81833	3.90542e-02
0.81831	3.88676e-02
0.81830	3.86811e-02
0.81828	3.84950e-02
0.81827	3.83098e-02
0.81826	3.81258e-02
0.81824	3.79296e-02
0.81822	3.77347e-02
0.81821	3.75417e-02
0.81819	3.73510e-02
0.81815	3.71708e-02
0.81811	3.69950e-02
0.81807	3.68241e-02
0.81803	3.66584e-02
0.81799	3.64984e-02
0.81796	3.63447e-02
0.81789	3.62371e-02
0.81783	3.61409e-02
0.81776	3.60552e-02
0.81770	3.59797e-02
0.81763	3.59139e-02
0.81756	3.58579e-02
0.81749	3.58116e-02
0.81742	3.57749e-02
0.81735	3.57478e-02
0.81728	3.57303e-02
0.81721	3.57224e-02
0.81714	3.57239e-02
0.81707	3.57348e-02
0.81700	3.57549e-02
0.81694	3.57841e-02
0.81687	3.58258e-02
0.81680	3.58776e-02
0.81673	3.59388e-02
0.81666	3.60090e-02
0.81659	3.60877e-02
0.81652	3.61744e-02
0.81646	3.62686e-02
0.81639	3.63695e-02
0.81633	3.64767e-02
0.81626	3.65892e-02
0.81619	3.66741e-02
0.81610	3.67553e-02
0.81602	3.68333e-02
0.81594	3.69078e-02
0.81585	3.69782e-02
0.81577	3.70440e-02
0.81568	3.71047e-02
0.81560	3.71598e-02
0.81551	3.72086e-02
0.81543	3.72507e-02
0.81534	3.72856e-02
0.81526	3.73126e-02
0.81517	3.73314e-02
0.81509	3.73414e-02
0.81491	3.74480e-02
0.81477	3.75117e-02
0.81470	3.74760e-02
0.81479	3.72418e-02
0.81511	3.67616e-02
0.81552	3.62147e-02
0.81581	3.58061e-02
0.81595	3.55323e-02
0.81601	3.53245e-02
0.81640	3.50738e-02
0.81670	3.48737e-02
0.81690	3.46964e-02
0.81705	3.45250e-02
0.81717	3.43542e-02
0.81728	3.41817e-02
0.81738	3.40064e-02
0.81747	3.38275e-02
0.81754	3.36365e-02
0.81761	3.34409e-02
0.81765	3.32307e-02
0.81770	3.30134e-02
0.81773	3.27898e-02
0.81776	3.25603e-02
0.81779	3.23255e-02
0.81781	3.20860e-02
0.81782	3.18425e-02
0.81783	3.15955e-02
0.81784	3.13460e-02
0.81785	3.10946e-02
0.81785	3.08423e-02
0.81784	3.05899e-02
0.81784	3.03386e-02
0.81783	3.00894e-02
0.81781	2.98434e-02
0.81780	2.96018e-02
0.81778	2.93660e-02
0.81776	2.91371e-02
0.81773	2.89167e-02
0.81770	2.87061e-02
0.81767	2.85068e-02
0.81763	2.83202e-02
0.81759	2.81480e-02
0.81755	2.79915e-02
0.81751	2.78523e-02
0.81746	2.77319e-02
0.81741	2.76317e-02
0.81736	2.75530e-02
0.81730	2.74972e-02
0.81724	2.74654e-02
0.81718	2.74588e-02
0.81711	2.74783e-02
0.81709	2.74814e-02
0.81706	2.75140e-02
0.81703	2.75741e-02
0.81700	2.76616e-02
0.81695	2.77944e-02
0.81689	2.79538e-02
0.81683	2.81392e-02
0.81677	2.83502e-02
0.81671	2.85863e-02
0.81664	2.88470e-02
0.81657	2.91315e-02
0.81650	2.94391e-02
0.81643	2.97687e-02
0.81635	3.01193e-02
0.81627	3.04896e-02
0.81619	3.08783e-02
0.81610	3.12838e-02
0.81602	3.17046e-02
0.81592	3.21391e-02
0.81583	3.25854e-02
0.81573	3.30417e-02
0.81563	3.35008e-02
0.81552	3.39665e-02
0.81541	3.44369e-02
0.81529	3.49101e-02
0.81534	3.53499e-02
0.81562	3.57751e-02
0.81602	3.62470e-02
0.81629	3.67632e-02
0.81637	3.72676e-02
0.81634	3.77468e-02
0.81626	3.82048e-02
0.81616	3.86442e-02
0.81603	3.90655e-02
0.81590	3.94679e-02
0.81574	3.98440e-02
0.81557	4.01990e-02
0.81539	4.05320e-02
0.81521	4.08421e-02
0.81502	4.11281e-02
0.81483	4.13891e-02
0.81463	4.16243e-02
0.81443	4.18328e-02
0.81423	4.20137e-02
0.81403	4.21664e-02
0.81382	4.22902e-02
0.81361	4.23846e-02
0.81340	4.24491e-02
0.81319	4.24832e-02
0.81297	4.25037e-02
0.81274	4.24931e-02
0.81251	4.24513e-02
0.81229	4.23781e-02
0.81207	4.22735e-02
0.81185	4.21378e-02
0.81163	4.19713e-02
0.81141	4.17745e-02
0.81120	4.15480e-02
0.81098	4.13053e-02
0.81105	4.12720e-02
0.81103	4.11431e-02
0.81095	4.09414e-02
0.81085	4.06890e-02
0.81072	4.04005e-02
0.81060	4.00844e-02
0.81047	3.97461e-02
0.81034	3.93871e-02
0.81021	3.90121e-02
0.81024	3.83079e-02
0.81045	3.72720e-02
0.81074	3.61218e-02
0.81091	3.52234e-02
0.81093	3.46115e-02
0.81085	3.41573e-02
0.81074	3.37743e-02
0.81060	3.34252e-02
0.81046	3.30963e-02
0.81030	3.27829e-02
0.81015	3.24843e-02
0.80999	3.22014e-02
0.80982	3.19359e-02
0.80966	3.16899e-02
0.80950	3.14655e-02
0.80932	3.12642e-02
0.80913	3.10884e-02
0.80895	3.09403e-02
0.80876	3.08214e-02
0.80858	3.07333e-02
0.80839	3.06884e-02
0.80820	3.06763e-02
0.80802	3.06972e-02
0.80784	3.07511e-02
0.80766	3.08378e-02
0.80748	3.09567e-02
0.80731	3.11069e-02
0.80715	3.12873e-02
0.80699	3.14965e-02
0.80684	3.17329e-02
0.80669	3.19947e-02
0.80655	3.22798e-02
0.80640	3.25450e-02
0.80625	3.28265e-02
0.80611	3.31229e-02
0.80597	3.34322e-02
0.80604	3.34091e-02
0.80602	3.35430e-02
0.80598	3.37467e-02
0.80592	3.39819e-02
0.80587	3.42322e-02
0.80582	3.44900e-02
0.80577	3.47507e-02
0.80573	3.50114e-02
0.80593	3.53275e-02
0.80619	3.56773e-02
0.80647	3.60451e-02
0.80670	3.63989e-02
0.80686	3.67191e-02
0.80698	3.70047e-02
0.80707	3.72608e-02
0.80714	3.74925e-02
0.80721	3.77029e-02
0.80727	3.78935e-02
0.80733	3.80653e-02
0.80740	3.82186e-02
0.80747	3.83534e-02
0.80755	3.84697e-02
0.80763	3.85676e-02
0.80771	3.86469e-02
0.80780	3.87076e-02
0.80789	3.87499e-02
0.80799	3.87738e-02
0.80810	3.87795e-02
0.80821	3.87671e-02
0.80832	3.87371e-02
0.80844	3.86896e-02
0.80854	3.86320e-02
0.80865	3.85581e-02
0.80876	3.84683e-02
0.80888	3.83632e-02
0.80900	3.82432e-02
0.80912	3.81091e-02
0.80924	3.79616e-02
0.80937	3.78013e-02
0.80950	3.76291e-02
0.80963	3.74458e-02
0.80976	3.72522e-02
0.80989	3.70492e-02
0.81002	3.68376e-02
0.81015	3.66184e-02
0.81028	3.63925e-02
0.81040	3.61608e-02
0.81053	3.59242e-02
0.81065	3.56838e-02
0.81078	3.54403e-02
0.81089	3.51947e-02
0.81101	3.49480e-02
0.81112	3.47010e-02
0.81123	3.44546e-02
0.81131	3.42014e-02
0.81138	3.39349e-02
0.81145	3.36712e-02
0.81151	3.34111e-02
0.81157	3.31554e-02
0.81161	3.29048e-02
0.81166	3.26600e-02
0.81169	3.24214e-02
0.81177	3.21934e-02
0.81181	3.19731e-02
0.81181	3.17636e-02
0.81179	3.15644e-02
0.81176	3.13763e-02
0.81171	3.11998e-02
0.81166	3.10352e-02
0.81159	3.08830e-02
0.81150	3.07434e-02
0.81140	3.06165e-02
0.81129	3.05023e-02
0.81116	3.04011e-02
0.81102	3.03125e-02
0.81087	3.02302e-02
0.81069	3.01592e-02
0.81050	3.00992e-02
0.81028	3.00366e-02
0.81004	2.99919e-02
0.80978	2.99587e-02
0.80950	2.99367e-02
0.80921	2.99254e-02
0.80890	2.99241e-02
0.80856	2.99361e-02
0.80819	2.99583e-02
0.80780	2.99902e-02
0.80740	3.00312e-02
0.80698	3.00809e-02
0.80654	3.01389e-02
0.80649	2.97336e-02
0.80629	2.95140e-02
0.80600	2.94189e-02
0.80563	2.93926e-02
0.80523	2.94055e-02
0.80479	2.94443e-02
0.80432	2.95018e-02
0.80383	2.95747e-02
0.80332	2.96606e-02
0.80280	2.97579e-02
0.80224	2.98814e-02
0.80166	3.00140e-02
0.80108	3.01548e-02
0.80047	3.03033e-02
0.79986	3.04590e-02
0.79923	3.06216e-02
0.79860	3.07910e-02
0.79795	3.09670e-02
0.79729	3.11479e-02
0.79662	3.13353e-02
0.79594	3.15291e-02
0.79526	3.17294e-02
0.79457	3.19364e-02
0.79387	3.21500e-02
0.79317	3.23703e-02
0.79247	3.25975e-02
0.79177	3.28317e-02
0.79106	3.30728e-02
0.79035	3.33209e-02
0.78964	3.35761e-02
0.78894	3.38382e-02
0.78823	3.41073e-02
0.78752	3.43832e-02
0.78682	3.46658e-02
0.78613	3.49548e-02
0.78543	3.52501e-02
0.78475	3.55513e-02
0.78407	3.58581e-02
0.78339	3.61700e-02
0.78273	3.64867e-02
0.78207	3.68075e-02
0.78142	3.71362e-02
0.78077	3.74684e-02
0.78014	3.78034e-02
0.77951	3.81407e-02
0.77890	3.84794e-02
0.77830	3.88189e-02
0.77771	3.91581e-02
0.77714	3.94965e-02
0.77658	3.98330e-02
0.77603	4.01669e-02
0.77550	4.04971e-02
0.77534	4.12197e-02
0.77509	4.18480e-02
0.77478	4.23723e-02
0.77443	4.28201e-02
0.77406	4.32188e-02
0.77369	4.35857e-02
0.77334	4.39298e-02
0.77299	4.42557e-02
0.77266	4.45654e-02
0.77235	4.48597e-02
0.77206	4.51390e-02
0.77179	4.54030e-02
0.77154	4.56514e-02
0.77131	4.58838e-02
0.77110	4.60997e-02
0.77092	4.62987e-02
0.77075	4.64804e-02
0.77061	4.66444e-02
0.77046	4.67979e-02
0.77034	4.69344e-02
0.77023	4.70480e-02
0.77013	4.71441e-02
0.77006	4.72216e-02
0.77000	4.72812e-02
0.76996	4.73228e-02
0.76994	4.73464e-02
0.76994	4.73520e-02
0.76996	4.73399e-02
0.76999	4.73103e-02
0.77005	4.72637e-02
0.77012	4.72004e-02
0.77021	4.71209e-02
0.77032	4.70258e-02
0.77043	4.69036e-02
0.77055	4.67651e-02
0.77069	4.66113e-02
0.77082	4.64509e-02
0.77097	4.62776e-02
0.77113	4.60925e-02
0.77130	4.58965e-02
0.77149	4.56907e-02
0.77169	4.54762e-02
0.77189	4.52687e-02
0.77210	4.50549e-02
0.77232	4.48359e-02
0.77255	4.46127e-02
0.77279	4.43863e-02
0.77305	4.41579e-02
0.77331	4.39280e-02
0.77357	4.36982e-02
0.77385	4.34695e-02
0.77413	4.32431e-02
0.77443	4.30199e-02
0.77472	4.28008e-02
0.77503	4.25867e-02
0.77534	4.23784e-02
0.77566	4.21767e-02
0.77598	4.19822e-02
0.77655	4.15402e-02
0.77699	4.12574e-02
0.77737	4.10460e-02
0.77773	4.08694e-02
0.77808	4.07145e-02
0.77842	4.05761e-02
0.77876	4.04518e-02
0.77910	4.03398e-02
0.77975	3.99783e-02
0.78044	3.96094e-02
0.78109	3.92849e-02
0.78167	3.90233e-02
0.78218	3.88144e-02
0.78265	3.86413e-02
0.78307	3.84914e-02
0.78348	3.83568e-02
0.78387	3.82324e-02
0.78425	3.81151e-02
0.78461	3.80025e-02
0.78496	3.78899e-02
0.78531	3.77791e-02
0.78564	3.76692e-02
0.78597	3.75589e-02
0.78630	3.74476e-02
0.78661	3.73344e-02
0.78692	3.72186e-02
0.78722	3.70998e-02
0.78750	3.70061e-02
0.78776	3.69125e-02
0.78801	3.68188e-02
0.78825	3.67244e-02
0.78848	3.66292e-02
0.78870	3.65332e-02
0.78891	3.64363e-02
0.78911	3.63386e-02
0.78930	3.62405e-02
0.78947	3.61423e-02
0.78963	3.60443e-02
0.78978	3.59471e-02
0.78992	3.58513e-02
0.79004	3.57575e-02
0.79015	3.56665e-02
0.79023	3.55773e-02
0.79030	3.54929e-02
0.79035	3.54142e-02
0.79039	3.53421e-02
0.79042	3.52775e-02
0.79043	3.52215e-02
0.79043	3.51750e-02
0.79041	3.51390e-02
0.79038	3.51146e-02
0.79034	3.51027e-02
0.79028	3.51043e-02
0.79021	3.51204e-02
0.79013	3.51518e-02
0.79004	3.51994e-02
0.78993	3.52640e-02
0.78981	3.53462e-02
0.78967	3.54465e-02
0.78953	3.55656e-02
0.78937	3.57036e-02
0.78920	3.58608e-02
0.78902	3.60340e-02
0.78883	3.62269e-02
0.78862	3.64465e-02
0.78839	3.66855e-02
0.78816	3.69432e-02
0.78792	3.72187e-02
0.78766	3.75112e-02
0.78747	3.78218e-02
0.78737	3.81583e-02
0.78734	3.85310e-02
0.78730	3.89339e-02
0.78717	3.93472e-02
0.78697	3.97588e-02
0.78671	4.01668e-02
0.78642	4.05728e-02
0.78609	4.09780e-02
0.78594	4.13584e-02
0.78574	4.17476e-02
0.78551	4.21415e-02
0.78550	4.22573e-02
0.78568	4.21597e-02
0.78593	4.20345e-02
0.78599	4.21459e-02
0.78585	4.24522e-02
0.78558	4.28508e-02
0.78526	4.32833e-02
0.78491	4.37250e-02
0.78453	4.41654e-02
0.78413	4.46063e-02
0.78371	4.50374e-02
0.78328	4.54559e-02
0.78283	4.58595e-02
0.78237	4.62461e-02
0.78190	4.66139e-02
0.78141	4.69614e-02
0.78091	4.72871e-02
0.78039	4.75900e-02
0.77987	4.78692e-02
0.77933	4.81216e-02
0.77878	4.83491e-02
0.77823	4.85512e-02
0.77767	4.87276e-02
0.77710	4.88781e-02
0.77653	4.90027e-02
0.77595	4.91012e-02
0.77538	4.91737e-02
0.77480	4.92095e-02
0.77422	4.92186e-02
0.77364	4.92013e-02
0.77307	4.91579e-02
0.77250	4.90884e-02
0.77193	4.89931e-02
0.77137	4.88722e-02
0.77082	4.87257e-02
0.77028	4.85541e-02
0.76975	4.83576e-02
0.76922	4.81365e-02
0.76870	4.78834e-02
0.76818	4.76058e-02
0.76767	4.73043e-02
0.76718	4.69795e-02
0.76669	4.66320e-02
0.76622	4.62626e-02
0.76576	4.58720e-02
0.76531	4.54610e-02
0.76488	4.50306e-02
0.76446	4.45816e-02
0.76405	4.41151e-02
0.76366	4.36321e-02
0.76329	4.31339e-02
0.76292	4.26217e-02
0.76258	4.20968e-02
0.76225	4.15606e-02
0.76193	4.10146e-02
0.76163	4.04603e-02
0.76134	3.98992e-02
0.76107	3.93332e-02
0.76082	3.87639e-02
0.76058	3.81931e-02
0.76035	3.76228e-02
0.76014	3.70549e-02
0.75995	3.64912e-02
0.75976	3.59339e-02
0.75960	3.53850e-02
0.75945	3.48465e-02
0.75931	3.43205e-02
0.75919	3.38091e-02
0.75908	3.33143e-02
0.75898	3.28381e-02
0.75890	3.23824e-02
0.75883	3.19491e-02
0.75877	3.15399e-02
0.75872	3.11563e-02
0.75869	3.07999e-02
0.75866	3.04719e-02
0.75865	3.01733e-02
0.75865	2.99051e-02
0.75866	2.96678e-02
0.75867	2.94617e-02
0.75869	2.92808e-02
0.75870	2.91259e-02
0.75872	2.90024e-02
0.75873	2.89143e-02
0.75876	2.88558e-02
0.75878	2.88255e-02
0.75882	2.88221e-02
0.75886	2.88439e-02
0.75891	2.88891e-02
0.75896	2.89557e-02
0.75901	2.90372e-02
0.75906	2.91362e-02
0.75912	2.92507e-02
0.75919	2.93785e-02
0.75926	2.95174e-02
0.75933	2.96653e-02
0.75940	2.98201e-02
0.75948	2.99797e-02
0.75957	3.01420e-02
0.75965	3.03055e-02
0.75972	3.04272e-02
0.75979	3.05398e-02
0.75985	3.06426e-02
0.75990	3.07528e-02
0.75995	3.08533e-02
0.76000	3.09431e-02
0.76005	3.10216e-02
0.76009	3.10881e-02
0.76013	3.11427e-02
0.76017	3.11852e-02
0.76021	3.12159e-02
0.76025	3.12352e-02
0.76028	3.12437e-02
0.76031	3.12419e-02
0.76034	3.12309e-02
0.76038	3.12116e-02
0.76040	3.11822e-02
0.76042	3.11468e-02
0.76044	3.11066e-02
0.76033	3.13098e-02
0.76024	3.14714e-02
0.76020	3.15418e-02
0.76024	3.14457e-02
0.76040	3.11180e-02
0.76068	3.05872e-02
0.76099	2.99936e-02
0.76129	2.94661e-02
0.76190	2.86090e-02
0.76251	2.78198e-02
0.76301	2.72080e-02
0.76337	2.67970e-02
0.76360	2.65456e-02
0.76375	2.64109e-02
0.76385	2.63656e-02
0.76392	2.63936e-02
0.76396	2.64848e-02
0.76398	2.66315e-02
0.76398	2.68272e-02
0.76396	2.70635e-02
0.76392	2.73371e-02
0.76388	2.76426e-02
0.76383	2.79749e-02
0.76378	2.83293e-02
0.76372	2.87013e-02
0.76366	2.90867e-02
0.76359	2.94815e-02
0.76353	2.98820e-02
0.76347	3.02848e-02
0.76342	3.06868e-02
0.76336	3.10851e-02
0.76331	3.14769e-02
0.76326	3.18598e-02
0.76322	3.22315e-02
0.76318	3.25900e-02
0.76315	3.29333e-02
0.76312	3.32599e-02
0.76310	3.35682e-02
0.76309	3.38569e-02
0.76308	3.41248e-02
0.76308	3.43710e-02
0.76308	3.45947e-02
0.76309	3.47951e-02
0.76311	3.49718e-02
0.76313	3.51245e-02
0.76316	3.52530e-02
0.76319	3.53572e-02
0.76323	3.54373e-02
0.76327	3.54936e-02
0.76332	3.55264e-02
0.76337	3.55365e-02
0.76343	3.55244e-02
0.76350	3.54911e-02
0.76356	3.54376e-02
0.76363	3.53650e-02
0.76371	3.52747e-02
0.76379	3.51679e-02
0.76387	3.50464e-02
0.76395	3.49116e-02
0.76404	3.47655e-02
0.76413	3.46099e-02
0.76421	3.44378e-02
0.76444	3.43954e-02
0.76468	3.44268e-02
0.76499	3.46241e-02
0.76541	3.50623e-02
0.76590	3.56682e-02
0.76635	3.62376e-02
0.76670	3.66353e-02
0.76696	3.68683e-02
0.76716	3.69954e-02
0.76732	3.70652e-02
0.76745	3.71070e-02
0.76757	3.71377e-02
0.76768	3.71674e-02
0.76777	3.72026e-02
0.76786	3.72480e-02
0.76795	3.73071e-02
0.76812	3.73670e-02
0.76837	3.74373e-02
0.76871	3.75333e-02
0.76907	3.76733e-02
0.76940	3.78564e-02
0.76966	3.80702e-02
0.77002	3.79837e-02
0.77031	3.79726e-02
0.77057	3.80092e-02
0.77079	3.80778e-02
0.77098	3.81693e-02
0.77116	3.82780e-02
0.77131	3.83999e-02
0.77145	3.85324e-02
0.77157	3.86733e-02
0.77166	3.88211e-02
0.77174	3.89746e-02
0.77181	3.91329e-02
0.77185	3.92955e-02
0.77186	3.94847e-02
0.77185	3.96817e-02
0.77183	3.98860e-02
0.77208	4.01692e-02
0.77238	4.05174e-02
0.77263	4.08982e-02
0.77276	4.12619e-02
0.77277	4.15911e-02
0.77270	4.18667e-02
0.77256	4.21206e-02
0.77239	4.23600e-02
0.77222	4.25941e-02
0.77201	4.28199e-02
0.77178	4.30384e-02
0.77153	4.32497e-02
0.77126	4.34536e-02
0.77098	4.36497e-02
0.77068	4.38374e-02
0.77036	4.40163e-02
0.77004	4.41858e-02
0.76970	4.43455e-02
0.76935	4.44948e-02
0.76899	4.46321e-02
0.76861	4.47525e-02
0.76822	4.48623e-02
0.76784	4.49616e-02
0.76744	4.50506e-02
0.76705	4.51298e-02
0.76665	4.51995e-02
0.76626	4.52605e-02
0.76586	4.53136e-02
0.76547	4.53595e-02
0.76508	4.53993e-02
0.76470	4.54342e-02
0.76432	4.54652e-02
0.76394	4.54938e-02
0.76358	4.55211e-02
0.76322	4.55487e-02
0.76287	4.55781e-02
0.76253	4.56106e-02
0.76220	4.56479e-02
0.76188	4.56914e-02
0.76157	4.57428e-02
0.76127	4.58034e-02
0.76099	4.58748e-02
0.76072	4.59584e-02
0.76046	4.60554e-02
0.76022	4.61672e-02
0.76000	4.62950e-02
0.75979	4.64397e-02
0.75959	4.66023e-02
0.75941	4.67836e-02
0.75925	4.69843e-02
0.75910	4.72049e-02
0.75897	4.74457e-02
0.75886	4.77069e-02
0.75876	4.79886e-02
0.75868	4.82907e-02
0.75862	4.86128e-02
0.75857	4.89546e-02
0.75854	4.93153e-02
0.75853	4.96944e-02
0.75854	5.00908e-02
0.75856	5.05036e-02
0.75859	5.09316e-02
0.75864	5.13685e-02
0.75870	5.18178e-02
0.75877	5.22923e-02
0.75885	5.27781e-02
0.75894	5.32736e-02
0.75905	5.37769e-02
0.75917	5.42865e-02
0.75930	5.48004e-02
0.75944	5.53170e-02
0.75959	5.58345e-02
0.75976	5.63510e-02
0.75993	5.68649e-02
0.76010	5.73692e-02
0.76027	5.78668e-02
0.76045	5.83560e-02
0.76064	5.88352e-02
0.76083	5.93028e-02
0.76102	5.97573e-02
0.76122	6.01971e-02
0.76141	6.06278e-02
0.76161	6.10409e-02
0.76180	6.14350e-02
0.76199	6.18395e-02
0.76217	6.22251e-02
0.76235	6.25905e-02
0.76254	6.29346e-02
0.76271	6.32531e-02
0.76287	6.35485e-02
0.76304	6.38199e-02
0.76321	6.40667e-02
0.76337	6.42883e-02
0.76353	6.44844e-02
0.76369	6.46545e-02
0.76385	6.47986e-02
0.76401	6.49165e-02
0.76449	6.50939e-02
0.76491	6.52433e-02
0.76524	6.53480e-02
0.76548	6.53978e-02
0.76568	6.54068e-02
0.76585	6.53807e-02
0.76600	6.53233e-02
0.76613	6.52372e-02
0.76631	6.51196e-02
0.76648	6.49766e-02
0.76664	6.48092e-02
0.76698	6.48976e-02
0.76726	6.48535e-02
0.76751	6.47294e-02
0.76774	6.45557e-02
0.76797	6.43484e-02
0.76821	6.41164e-02
0.76844	6.38656e-02
0.76867	6.36001e-02
0.76890	6.33233e-02
0.76913	6.30378e-02
0.76935	6.27460e-02
0.76956	6.24516e-02
0.76976	6.21543e-02
0.76994	6.18553e-02
0.77012	6.15557e-02
0.77028	6.12562e-02
0.77043	6.09573e-02
0.77057	6.06598e-02
0.77069	6.03638e-02
0.77080	6.00697e-02
0.77089	5.97776e-02
0.77097	5.94877e-02
0.77104	5.92001e-02
0.77109	5.89147e-02
0.77114	5.86315e-02
0.77117	5.83504e-02
0.77119	5.80712e-02
0.77120	5.77937e-02
0.77120	5.75176e-02
0.77119	5.72425e-02
0.77117	5.69680e-02
0.77114	5.66937e-02
0.77111	5.64191e-02
0.77107	5.61437e-02
0.77103	5.58669e-02
0.77098	5.55880e-02
0.77092	5.53064e-02
0.77086	5.50216e-02
0.77080	5.47327e-02
0.77073	5.44392e-02
0.77066	5.41403e-02
0.77059	5.38356e-02
0.77052	5.35242e-02
0.77044	5.32058e-02
0.77036	5.28796e-02
0.77029	5.25454e-02
0.77021	5.22026e-02
0.77013	5.18509e-02
0.77005	5.14900e-02
0.76997	5.11198e-02
0.76989	5.07402e-02
0.76981	5.03512e-02
0.76973	4.99529e-02
0.76965	4.95455e-02
0.76956	4.91246e-02
0.76947	4.86953e-02
0.76946	4.81484e-02
0.76968	4.73348e-02
0.77000	4.64164e-02
0.77023	4.56271e-02
0.77033	4.49836e-02
0.77036	4.44177e-02
0.77035	4.38873e-02
0.77033	4.33754e-02
0.77028	4.28764e-02
0.77023	4.23885e-02
0.77017	4.19115e-02
0.77010	4.14457e-02
0.77003	4.09918e-02
0.76994	4.05505e-02
0.76985	4.01229e-02
0.76975	3.97099e-02
0.76964	3.93125e-02
0.76951	3.89416e-02
0.76938	3.85883e-02
0.76924	3.82532e-02
0.76915	3.79596e-02
0.76902	3.76759e-02
0.76888	3.74079e-02
0.76872	3.71584e-02
0.76852	3.69767e-02
0.76830	3.68222e-02
0.76807	3.66946e-02
0.76783	3.65934e-02
0.76756	3.65130e-02
0.76727	3.64575e-02
0.76698	3.64261e-02
0.76667	3.64179e-02
0.76636	3.64318e-02
0.76602	3.64611e-02
0.76568	3.65094e-02
0.76532	3.65749e-02
0.76495	3.66534e-02
0.76456	3.67464e-02
0.76416	3.68521e-02
0.76375	3.69688e-02
0.76333	3.70946e-02
0.76290	3.72276e-02
0.76247	3.73660e-02
0.76202	3.75078e-02
0.76170	3.77257e-02
0.76137	3.79475e-02
0.76104	3.81727e-02
0.76070	3.84004e-02
0.76037	3.86298e-02
0.76002	3.88598e-02
0.75968	3.90893e-02
0.75934	3.93169e-02
0.75899	3.95410e-02
0.75863	3.97598e-02
0.75827	3.99718e-02
0.75791	4.01752e-02
0.75754	4.03683e-02
0.75716	4.05499e-02
0.75677	4.07188e-02
0.75638	4.08739e-02
0.75598	4.10148e-02
0.75557	4.11411e-02
0.75515	4.12526e-02
0.75473	4.13496e-02
0.75431	4.14325e-02
0.75386	4.14983e-02
0.75341	4.15503e-02
0.75295	4.15896e-02
0.75249	4.16172e-02
0.75203	4.16341e-02
0.75156	4.16416e-02
0.75109	4.16410e-02
0.75062	4.16335e-02
0.75014	4.16205e-02
0.74967	4.16033e-02
0.74920	4.15833e-02
0.74873	4.15617e-02
0.74827	4.15400e-02
0.74781	4.15192e-02
0.74735	4.15007e-02
0.74690	4.14854e-02
0.74645	4.14743e-02
0.74601	4.14685e-02
0.74558	4.14686e-02
0.74515	4.14753e-02
0.74473	4.14892e-02
0.74432	4.15107e-02
0.74392	4.15400e-02
0.74352	4.15773e-02
0.74314	4.16226e-02
0.74277	4.16757e-02
0.74240	4.17322e-02
0.74203	4.17953e-02
0.74168	4.18643e-02
0.74134	4.19388e-02
0.74100	4.20181e-02
0.74068	4.21012e-02
0.74037	4.21874e-02
0.74007	4.22758e-02
0.73978	4.23655e-02
0.73948	4.24779e-02
0.73919	4.25936e-02
0.73891	4.27111e-02
0.73864	4.28292e-02
0.73838	4.29468e-02
0.73813	4.30630e-02
0.73788	4.31769e-02
0.73764	4.32875e-02
0.73741	4.33940e-02
0.73719	4.34959e-02
0.73698	4.35924e-02
0.73677	4.36830e-02
0.73657	4.37673e-02
0.73638	4.38448e-02
0.73620	4.39154e-02
0.73602	4.39789e-02
0.73585	4.40351e-02
0.73567	4.40925e-02
0.73550	4.41452e-02
0.73533	4.41930e-02
0.73515	4.42400e-02
0.73497	4.42826e-02
0.73478	4.43082e-02
0.73459	4.43278e-02
0.73439	4.43497e-02
0.73419	4.43663e-02
0.73399	4.43780e-02
0.73379	4.43852e-02
0.73358	4.43870e-02
0.73336	4.43853e-02
0.73315	4.43807e-02
0.73293	4.43738e-02
0.73271	4.43654e-02
0.73238	4.42326e-02
0.73206	4.41047e-02
0.73175	4.40153e-02
0.73181	4.38080e-02
0.73181	4.39071e-02
0.73180	4.42804e-02
0.73175	4.47703e-02
0.73162	4.52044e-02
0.73140	4.55201e-02
0.73110	4.57368e-02
0.73086	4.57815e-02
0.73052	4.57896e-02
0.73014	4.57897e-02
0.72975	4.57820e-02
0.72933	4.57680e-02
0.72890	4.57490e-02
0.72847	4.57261e-02
0.72803	4.56998e-02
0.72758	4.56709e-02
0.72712	4.56396e-02
0.72667	4.56065e-02
0.72622	4.55717e-02
0.72576	4.55356e-02
0.72531	4.54982e-02
0.72486	4.54598e-02
0.72442	4.54205e-02
0.72398	4.53805e-02
0.72355	4.53397e-02
0.72313	4.52983e-02
0.72272	4.52563e-02
0.72231	4.52138e-02
0.72192	4.51707e-02
0.72154	4.51272e-02
0.72117	4.50831e-02
0.72082	4.50386e-02
0.72048	4.49937e-02
0.72016	4.49482e-02
0.71985	4.49023e-02
0.71956	4.48558e-02
0.71929	4.48089e-02
0.71904	4.47616e-02
0.71881	4.47137e-02
0.71859	4.46654e-02
0.71840	4.46166e-02
0.71823	4.45673e-02
0.71807	4.45124e-02
0.71793	4.44570e-02
0.71781	4.44009e-02
0.71772	4.43444e-02
0.71765	4.42873e-02
0.71760	4.42298e-02
0.71757	4.41716e-02
0.71757	4.41130e-02
0.71760	4.40537e-02
0.71765	4.39939e-02
0.71772	4.39333e-02
0.71782	4.38721e-02
0.71794	4.38101e-02
0.71808	4.37402e-02
0.71824	4.36695e-02
0.71842	4.35980e-02
0.71863	4.35257e-02
0.71886	4.34525e-02
0.71912	4.33784e-02
0.71939	4.33034e-02
0.71969	4.32275e-02
0.72002	4.31507e-02
0.72034	4.30650e-02
0.72069	4.29770e-02
0.72106	4.28868e-02
0.72144	4.27944e-02
0.72185	4.26999e-02
0.72227	4.26037e-02
0.72271	4.25057e-02
0.72316	4.24064e-02
0.72363	4.23059e-02
0.72411	4.22047e-02
0.72460	4.21030e-02
0.72511	4.20014e-02
0.72563	4.19003e-02
0.72615	4.18003e-02
0.72669	4.17020e-02
0.72723	4.16060e-02
0.72778	4.15130e-02
0.72834	4.14237e-02
0.72889	4.13390e-02
0.72946	4.12595e-02
0.73002	4.11862e-02
0.73058	4.11200e-02
0.73114	4.10616e-02
0.73170	4.10120e-02
0.73226	4.09573e-02
0.73280	4.09552e-02
0.73331	4.09864e-02
0.73381	4.10424e-02
0.73441	4.10925e-02
0.73489	4.11868e-02
0.73532	4.13104e-02
0.73570	4.14575e-02
0.73606	4.16258e-02
0.73638	4.18032e-02
0.73667	4.20005e-02
0.73694	4.22176e-02
0.73714	4.24382e-02
0.73730	4.26789e-02
0.73744	4.29400e-02
0.73755	4.32212e-02
0.73764	4.35224e-02
0.73769	4.38432e-02
0.73772	4.41830e-02
0.73811	4.45609e-02
0.73832	4.49632e-02
0.73839	4.53863e-02
0.73836	4.58178e-02
0.73826	4.62554e-02
0.73809	4.66991e-02
0.73788	4.71487e-02
0.73763	4.76036e-02
0.73734	4.80629e-02
0.73701	4.85258e-02
0.73664	4.89911e-02
0.73624	4.94577e-02
0.73580	4.99244e-02
0.73533	5.03902e-02
0.73482	5.08539e-02
0.73429	5.13144e-02
0.73371	5.17704e-02
0.73311	5.22210e-02
0.73248	5.26650e-02
0.73182	5.31014e-02
0.73112	5.35291e-02
0.73040	5.39472e-02
0.72966	5.43548e-02
0.72888	5.47509e-02
0.72809	5.51347e-02
0.72727	5.55054e-02
0.72642	5.58623e-02
0.72556	5.62048e-02
0.72467	5.65321e-02
0.72377	5.68437e-02
0.72285	5.71391e-02
0.72192	5.74179e-02
0.72097	5.76795e-02
0.72001	5.79238e-02
0.71904	5.81504e-02
0.71803	5.83813e-02
0.71701	5.85941e-02
0.71598	5.87886e-02
0.71495	5.89647e-02
0.71392	5.91221e-02
0.71289	5.92609e-02
0.71186	5.93812e-02
0.71084	5.94829e-02
0.70982	5.95663e-02
0.70881	5.96314e-02
0.70780	5.96785e-02
0.70681	5.97078e-02
0.70584	5.97196e-02
0.70513	5.97669e-02
0.70448	5.98138e-02
0.70380	5.98370e-02
0.70304	5.98216e-02
0.70225	5.97695e-02
0.70144	5.96882e-02
0.70062	5.95833e-02
0.69983	5.94586e-02
0.69905	5.93159e-02
0.69827	5.91602e-02
0.69752	5.89894e-02
0.69679	5.88040e-02
0.69610	5.86046e-02
0.69543	5.83916e-02
0.69481	5.81654e-02
0.69421	5.79262e-02
0.69365	5.76743e-02
0.69313	5.74099e-02
0.69265	5.71332e-02
0.69221	5.68442e-02
0.69180	5.65430e-02
0.69144	5.62297e-02
0.69111	5.59043e-02
0.69083	5.55668e-02
0.69058	5.52173e-02
0.69038	5.48556e-02
0.69022	5.44817e-02
0.69010	5.40957e-02
0.69001	5.36974e-02
0.68997	5.32869e-02
0.68997	5.28640e-02
0.69001	5.24288e-02
0.69008	5.19813e-02
0.69018	5.15600e-02
0.69031	5.11273e-02
0.69048	5.06829e-02
0.69068	5.02266e-02
0.69090	4.97567e-02
0.69114	4.92735e-02
0.69142	4.87773e-02
0.69172	4.82679e-02
0.69205	4.77458e-02
0.69239	4.71794e-02
0.69275	4.65980e-02
0.69313	4.60026e-02
0.69348	4.53979e-02
0.69385	4.47813e-02
0.69424	4.41537e-02
0.69465	4.35164e-02
0.69507	4.28706e-02
0.69551	4.22174e-02
0.69596	4.15584e-02
0.69647	4.08688e-02
0.69691	4.01566e-02
0.69734	3.94523e-02
0.69777	3.87542e-02
0.69820	3.80627e-02
0.69864	3.73794e-02
0.69907	3.67061e-02
0.69950	3.60449e-02
0.69993	3.53979e-02
0.70036	3.47676e-02
0.70079	3.41559e-02
0.70120	3.35654e-02
0.70162	3.29981e-02
0.70202	3.24562e-02
0.70242	3.19418e-02
0.70281	3.14569e-02
0.70318	3.10032e-02
0.70354	3.05824e-02
0.70390	3.01959e-02
0.70423	2.98448e-02
0.70489	2.94202e-02
0.70550	2.90614e-02
0.70602	2.87658e-02
0.70647	2.85218e-02
0.70687	2.83208e-02
0.70724	2.81581e-02
0.70758	2.80311e-02
0.70789	2.79378e-02
0.70819	2.78762e-02
0.70846	2.78441e-02
0.70870	2.78392e-02
0.70893	2.78590e-02
0.70913	2.79007e-02
0.70931	2.79615e-02
0.70947	2.80384e-02
0.70959	2.81332e-02
0.70969	2.82384e-02
0.70977	2.83510e-02
0.70982	2.84680e-02
0.70985	2.85867e-02
0.70986	2.87042e-02
0.70985	2.88182e-02
0.70982	2.89263e-02
0.70976	2.90262e-02
0.70969	2.91160e-02
0.70959	2.91939e-02
0.70948	2.92582e-02
0.70935	2.93075e-02
0.70919	2.93095e-02
0.70902	2.92900e-02
0.70882	2.92484e-02
0.70861	2.91841e-02
0.70839	2.90969e-02
0.70815	2.89864e-02
0.70790	2.88526e-02
0.70764	2.86958e-02
0.70737	2.85163e-02
0.70725	2.82570e-02
0.70710	2.79957e-02
0.70694	2.77289e-02
0.70677	2.74562e-02
0.70660	2.71791e-02
0.70642	2.68997e-02
0.70625	2.66207e-02
0.70607	2.63448e-02
0.70584	2.60090e-02
0.70561	2.56785e-02
0.70537	2.53564e-02
0.70513	2.50461e-02
0.70489	2.47507e-02
0.70466	2.44735e-02
0.70441	2.42245e-02
0.70416	2.40022e-02
0.70392	2.38103e-02
0.70368	2.36528e-02
0.70344	2.35338e-02
0.70320	2.34573e-02
0.70298	2.34277e-02
0.70275	2.34489e-02
0.70254	2.35248e-02
0.70233	2.36586e-02
0.70213	2.38596e-02
0.70194	2.41245e-02
0.70176	2.44550e-02
0.70160	2.48521e-02
0.70157	2.52553e-02
0.70154	2.57197e-02
0.70151	2.62435e-02
0.70150	2.68252e-02
0.70166	2.74993e-02
0.70181	2.82305e-02
0.70197	2.90168e-02
0.70213	2.98565e-02
0.70230	3.07472e-02
0.70249	3.16862e-02
0.70269	3.26705e-02
0.70290	3.36967e-02
0.70313	3.47610e-02
0.70337	3.58595e-02
0.70362	3.69880e-02
0.70389	3.81499e-02
0.70415	3.93225e-02
0.70441	4.05053e-02
0.70467	4.16957e-02
0.70491	4.29068e-02
0.70515	4.41186e-02
0.70538	4.53278e-02
0.70561	4.65312e-02
0.70584	4.77261e-02
0.70607	4.89099e-02
0.70629	5.00802e-02
0.70650	5.12348e-02
0.70671	5.23716e-02
0.70691	5.34886e-02
0.70709	5.45751e-02
0.70727	5.56386e-02
0.70744	5.66776e-02
0.70760	5.76903e-02
0.70775	5.86751e-02
0.70789	5.96303e-02
0.70802	6.05545e-02
0.70814	6.14461e-02
0.70826	6.23035e-02
0.70836	6.31256e-02
0.70845	6.39108e-02
0.70853	6.46579e-02
0.70859	6.53658e-02
0.70865	6.60334e-02
0.70869	6.66597e-02
0.70873	6.72439e-02
0.70875	6.77854e-02
0.70875	6.82840e-02
0.70875	6.87394e-02
0.70873	6.91518e-02
0.70870	6.95219e-02
0.70860	6.99483e-02
0.70859	7.01311e-02
0.70869	7.00513e-02
0.70882	6.98373e-02
0.70891	6.96327e-02
0.70892	6.94804e-02
0.70886	6.93631e-02
0.70875	6.92576e-02
0.70859	6.91495e-02
0.70839	6.90315e-02
0.70815	6.89004e-02
0.70786	6.87554e-02
0.70754	6.85964e-02
0.70714	6.84145e-02
0.70670	6.82191e-02
0.70621	6.80120e-02
0.70569	6.77949e-02
0.70513	6.75689e-02
0.70453	6.73354e-02
0.70389	6.70954e-02
0.70322	6.68501e-02
0.70252	6.66003e-02
0.70178	6.63471e-02
0.70102	6.60914e-02
0.70022	6.58340e-02
0.69940	6.55760e-02
0.69855	6.53181e-02
0.69768	6.50614e-02
0.69678	6.48066e-02
0.69586	6.45549e-02
0.69492	6.42909e-02
0.69395	6.40312e-02
0.69297	6.37767e-02
0.69198	6.35285e-02
0.69097	6.32876e-02
0.68996	6.30548e-02
0.68931	6.30185e-02
0.68854	6.29628e-02
0.68763	6.28542e-02
0.68663	6.27027e-02
0.68557	6.25287e-02
0.68449	6.23465e-02
0.68340	6.21646e-02
0.68230	6.19873e-02
0.68121	6.18172e-02
0.68012	6.16558e-02
0.67905	6.15043e-02
0.67798	6.13632e-02
0.67693	6.12331e-02
0.67589	6.11145e-02
0.67485	6.10079e-02
0.67384	6.09115e-02
0.67284	6.08251e-02
0.67186	6.07483e-02
0.67106	6.07819e-02
0.67039	6.09194e-02
0.66983	6.11370e-02
0.66930	6.13743e-02
0.66871	6.15698e-02
0.66806	6.17047e-02
0.66738	6.17906e-02
0.66669	6.18443e-02
0.66600	6.18780e-02
0.66533	6.18988e-02
0.66469	6.19107e-02
0.66417	6.19226e-02
0.66367	6.19221e-02
0.66320	6.19117e-02
0.66276	6.18926e-02
0.66234	6.18792e-02
0.66196	6.18581e-02
0.66161	6.18296e-02
0.66131	6.17941e-02
0.66104	6.17520e-02
0.66081	6.17037e-02
0.66063	6.16499e-02
0.66048	6.15911e-02
0.66038	6.15276e-02
0.66031	6.14602e-02
0.66029	6.13894e-02
0.66031	6.13156e-02
0.66036	6.12394e-02
0.66046	6.11613e-02
0.66060	6.10820e-02
0.66079	6.10019e-02
0.66101	6.09217e-02
0.66128	6.08419e-02
0.66158	6.07631e-02
0.66193	6.06859e-02
0.66231	6.06109e-02
0.66274	6.05387e-02
0.66320	6.04699e-02
0.66370	6.04051e-02
0.66422	6.03303e-02
0.66478	6.02590e-02
0.66536	6.01922e-02
0.66598	6.01305e-02
0.66663	6.00746e-02
0.66731	6.00251e-02
0.66802	5.99823e-02
0.66874	5.99684e-02
0.66949	5.99652e-02
0.67026	5.99730e-02
0.67106	5.99918e-02
0.67187	6.00220e-02
0.67271	6.00635e-02
0.67356	6.01164e-02
0.67443	6.01807e-02
0.67532	6.02565e-02
0.67623	6.03435e-02
0.67714	6.04415e-02
0.67807	6.05503e-02
0.67902	6.06694e-02
0.67996	6.08020e-02
0.68091	6.09432e-02
0.68187	6.10918e-02
0.68283	6.12462e-02
0.68378	6.14047e-02
0.68473	6.15654e-02
0.68567	6.17257e-02
0.68660	6.18834e-02
0.68751	6.20360e-02
0.68839	6.21811e-02
0.68926	6.23165e-02
0.69009	6.24402e-02
0.69090	6.25507e-02
0.69168	6.26463e-02
0.69243	6.27258e-02
0.69314	6.27882e-02
0.69382	6.28325e-02
0.69471	6.29721e-02
0.69569	6.31526e-02
0.69662	6.33348e-02
0.69741	6.34636e-02
0.69806	6.35249e-02
0.69859	6.35324e-02
0.69904	6.35005e-02
0.69943	6.34379e-02
0.69977	6.33492e-02
0.70005	6.32370e-02
0.70029	6.31031e-02
0.70047	6.29487e-02
0.70061	6.27749e-02
0.70071	6.25827e-02
0.70076	6.23730e-02
0.70077	6.21469e-02
0.70074	6.19055e-02
0.70066	6.16498e-02
0.70054	6.13809e-02
0.70038	6.11000e-02
0.70055	6.13513e-02
0.70063	6.15225e-02
0.70059	6.15541e-02
0.70044	6.14639e-02
0.70059	6.17095e-02
0.70071	6.19938e-02
0.70070	6.21733e-02
0.70052	6.22004e-02
0.70023	6.21108e-02
0.69985	6.19497e-02
0.69942	6.17465e-02
0.69895	6.15174e-02
0.69845	6.12713e-02
0.69792	6.10135e-02
0.69737	6.07473e-02
0.69680	6.04716e-02
0.69620	6.01918e-02
0.69560	5.99095e-02
0.69499	5.96263e-02
0.69435	5.93567e-02
0.69370	5.90918e-02
0.69305	5.88328e-02
0.69238	5.85807e-02
0.69172	5.83365e-02
0.69104	5.81007e-02
0.69037	5.78738e-02
0.68969	5.76560e-02
0.68901	5.74470e-02
0.68833	5.72467e-02
0.68763	5.70481e-02
0.68694	5.68567e-02
0.68625	5.66718e-02
0.68557	5.64926e-02
0.68489	5.63181e-02
0.68422	5.61471e-02
0.68356	5.59787e-02
0.68291	5.58116e-02
0.68227	5.56447e-02
0.68165	5.54767e-02
0.68104	5.53065e-02
0.68045	5.51329e-02
0.67988	5.49546e-02
0.67933	5.47705e-02
0.67918	5.42844e-02
0.67902	5.38436e-02
0.67876	5.34863e-02
0.67843	5.31866e-02
0.67807	5.29135e-02
0.67771	5.26482e-02
0.67735	5.23814e-02
0.67701	5.21083e-02
0.67670	5.18261e-02
0.67640	5.15333e-02
0.67613	5.12287e-02
0.67589	5.09114e-02
0.67568	5.05809e-02
0.67550	5.02367e-02
0.67534	4.98786e-02
0.67522	4.95065e-02
0.67512	4.91203e-02
0.67502	4.87315e-02
0.67495	4.83302e-02
0.67491	4.79168e-02
0.67483	4.74967e-02
0.67480	4.70645e-02
0.67481	4.66202e-02
0.67487	4.61639e-02
0.67500	4.56966e-02
0.67520	4.52205e-02
0.67547	4.47396e-02
0.67580	4.42596e-02
0.67618	4.37849e-02
0.67658	4.33163e-02
0.67698	4.28520e-02
0.67738	4.23894e-02
0.67778	4.19275e-02
0.67818	4.14670e-02
0.67859	4.10092e-02
0.67901	4.05563e-02
0.67945	4.01106e-02
0.67989	3.96740e-02
0.68035	3.92495e-02
0.68083	3.88397e-02
0.68133	3.84476e-02
0.68186	3.80760e-02
0.68241	3.77279e-02
0.68298	3.74065e-02
0.68358	3.71145e-02
0.68420	3.68549e-02
0.68484	3.66302e-02
0.68550	3.64422e-02
0.68617	3.62926e-02
0.68684	3.61596e-02
0.68750	3.60627e-02
0.68814	3.59832e-02
0.68878	3.59364e-02
0.68939	3.59229e-02
0.68999	3.59422e-02
0.69056	3.59941e-02
0.69111	3.60778e-02
0.69163	3.61927e-02
0.69212	3.63380e-02
0.69258	3.65131e-02
0.69300	3.66980e-02
0.69339	3.69112e-02
0.69375	3.71518e-02
0.69408	3.74187e-02
0.69438	3.77106e-02
0.69464	3.80259e-02
0.69488	3.83630e-02
0.69509	3.87200e-02
0.69526	3.90950e-02
0.69540	3.94860e-02
0.69551	3.98908e-02
0.69559	4.03076e-02
0.69564	4.07312e-02
0.69565	4.11629e-02
0.69562	4.16005e-02
0.69557	4.20421e-02
0.69546	4.24920e-02
0.69532	4.29417e-02
0.69514	4.33893e-02
0.69493	4.38332e-02
0.69469	4.42718e-02
0.69442	4.47037e-02
0.69411	4.51275e-02
0.69377	4.55421e-02
0.69341	4.59464e-02
0.69301	4.63392e-02
0.69254	4.67712e-02
0.69204	4.71920e-02
0.69152	4.76002e-02
0.69096	4.79942e-02
0.69065	4.80298e-02
0.69039	4.79838e-02
0.69012	4.79344e-02
0.68978	4.79484e-02
0.68935	4.80403e-02
0.68884	4.81903e-02
0.68827	4.83730e-02
0.68765	4.85694e-02
0.68699	4.87675e-02
0.68630	4.89598e-02
0.68559	4.91337e-02
0.68485	4.92938e-02
0.68410	4.94385e-02
0.68333	4.95666e-02
0.68255	4.96771e-02
0.68177	4.97695e-02
0.68097	4.98432e-02
0.68017	4.98979e-02
0.67937	4.99335e-02
0.67857	4.99498e-02
0.67777	4.99470e-02
0.67697	4.99252e-02
0.67617	4.98845e-02
0.67539	4.98253e-02
0.67460	4.97479e-02
0.67383	4.96528e-02
0.67307	4.95404e-02
0.67232	4.94115e-02
0.67159	4.92667e-02
0.67087	4.91067e-02
0.67016	4.89374e-02
0.66946	4.87551e-02
0.66879	4.85604e-02
0.66814	4.83544e-02
0.66751	4.81381e-02
0.66690	4.79124e-02
0.66631	4.76787e-02
0.66575	4.74378e-02
0.66521	4.71912e-02
0.66470	4.69400e-02
0.66422	4.66854e-02
0.66377	4.64288e-02
0.66334	4.61714e-02
0.66294	4.59145e-02
0.66257	4.56594e-02
0.66223	4.54075e-02
0.66191	4.51598e-02
0.66158	4.49828e-02
0.66128	4.48169e-02
0.66100	4.46628e-02
0.66074	4.45211e-02
0.66051	4.43926e-02
0.66031	4.42780e-02
0.66014	4.41778e-02
0.65999	4.40928e-02
0.65986	4.40233e-02
0.65976	4.39697e-02
0.65969	4.39324e-02
0.65964	4.39114e-02
0.65961	4.39067e-02
0.65960	4.39183e-02
0.65957	4.39363e-02
0.65957	4.39707e-02
0.65958	4.40209e-02
0.65961	4.40865e-02
0.65966	4.41667e-02
0.65973	4.42607e-02
0.65979	4.43487e-02
0.65986	4.44493e-02
0.65995	4.45618e-02
0.66001	4.46733e-02
0.66009	4.47953e-02
0.66018	4.49271e-02
0.66027	4.50677e-02
0.66037	4.52158e-02
0.66048	4.53705e-02
0.66059	4.55305e-02
0.66070	4.56947e-02
0.66082	4.58619e-02
0.66090	4.60897e-02
0.66097	4.63247e-02
0.66104	4.65647e-02
0.66109	4.67646e-02
0.66114	4.69636e-02
0.66117	4.71611e-02
0.66121	4.73563e-02
0.66123	4.75512e-02
0.66124	4.77431e-02
0.66124	4.79314e-02
0.66123	4.81153e-02
0.66121	4.82944e-02
0.66118	4.84680e-02
0.66113	4.86360e-02
0.66107	4.87982e-02
0.66100	4.89546e-02
0.66092	4.91051e-02
0.66079	4.92524e-02
0.66064	4.93953e-02
0.66048	4.95341e-02
0.66030	4.96693e-02
0.66010	4.98131e-02
0.65988	4.99561e-02
0.65965	5.00986e-02
0.65939	5.02413e-02
0.65912	5.03848e-02
0.65884	5.05298e-02
0.65854	5.06769e-02
0.65822	5.08270e-02
0.65789	5.09807e-02
0.65754	5.11388e-02
0.65717	5.12935e-02
0.65678	5.14536e-02
0.65638	5.16199e-02
0.65597	5.17933e-02
0.65555	5.19746e-02
0.65512	5.21645e-02
0.65468	5.23640e-02
0.65423	5.25738e-02
0.65377	5.27948e-02
0.65331	5.30276e-02
0.65284	5.32733e-02
0.65236	5.35325e-02
0.65188	5.38061e-02
0.65141	5.40949e-02
0.65093	5.43999e-02
0.65045	5.47218e-02
0.64997	5.50616e-02
0.64950	5.54200e-02
0.64903	5.57979e-02
0.64858	5.61961e-02
0.64811	5.66019e-02
0.64766	5.70293e-02
0.64722	5.74784e-02
0.64677	5.79860e-02
0.64632	5.85188e-02
0.64588	5.90743e-02
0.64546	5.96499e-02
0.64504	6.02428e-02
0.64464	6.08503e-02
0.64425	6.14696e-02
0.64386	6.20981e-02
0.64349	6.27334e-02
0.64313	6.33734e-02
0.64277	6.40160e-02
0.64243	6.46597e-02
0.64210	6.53028e-02
0.64199	6.60748e-02
0.64183	6.68048e-02
0.64164	6.75004e-02
0.64142	6.81714e-02
0.64120	6.88245e-02
0.64099	6.94632e-02
0.64079	7.00891e-02
0.64059	7.07025e-02
0.64041	7.13037e-02
0.64025	7.18922e-02
0.64010	7.24676e-02
0.63997	7.30296e-02
0.63986	7.35775e-02
0.63976	7.41109e-02
0.63969	7.46292e-02
0.63963	7.51320e-02
0.63959	7.56188e-02
0.63958	7.60893e-02
0.63959	7.65429e-02
0.63961	7.69794e-02
0.63966	7.73985e-02
0.63973	7.78000e-02
0.63983	7.81836e-02
0.63994	7.85493e-02
0.64008	7.88955e-02
0.64024	7.92232e-02
0.64042	7.95325e-02
0.64063	7.98233e-02
0.64086	8.00958e-02
0.64111	8.03500e-02
0.64139	8.05860e-02
0.64202	8.05867e-02
0.64261	8.06179e-02
0.64317	8.06762e-02
0.64369	8.07480e-02
0.64421	8.08218e-02
0.64472	8.08864e-02
0.64524	8.09416e-02
0.64578	8.09852e-02
0.64633	8.10161e-02
0.64686	8.10790e-02
0.64740	8.11331e-02
0.64795	8.11774e-02
0.64851	8.12110e-02
0.64909	8.12334e-02
0.64963	8.12715e-02
0.65018	8.12999e-02
0.65074	8.13177e-02
0.65131	8.13242e-02
0.65189	8.13190e-02
0.65249	8.13019e-02
0.65309	8.12728e-02
0.65370	8.12318e-02
0.65433	8.11790e-02
0.65514	8.09929e-02
0.65591	8.08214e-02
0.65667	8.06676e-02
0.65740	8.05233e-02
0.65814	8.03822e-02
0.65887	8.02405e-02
0.65960	8.00962e-02
0.66034	7.99485e-02
0.66109	7.97974e-02
0.66184	7.96432e-02
0.66258	7.94777e-02
0.66332	7.93094e-02
0.66406	7.91388e-02
0.66479	7.89660e-02
0.66552	7.87910e-02
0.66623	7.86140e-02
0.66693	7.84351e-02
0.66761	7.82545e-02
0.66827	7.80724e-02
0.66891	7.78895e-02
0.66953	7.77062e-02
0.67013	7.75235e-02
0.67071	7.73421e-02
0.67126	7.71629e-02
0.67178	7.69871e-02
0.67228	7.68158e-02
0.67276	7.66501e-02
0.67321	7.64913e-02
0.67364	7.63407e-02
0.67404	7.61998e-02
0.67442	7.60701e-02
0.67478	7.59533e-02
0.67511	7.58510e-02
0.67541	7.57851e-02
0.67568	7.57394e-02
0.67592	7.57153e-02
0.67613	7.57141e-02
0.67632	7.57368e-02
0.67648	7.57843e-02
0.67661	7.58572e-02
0.67670	7.59555e-02
0.67676	7.60789e-02
0.67679	7.62266e-02
0.67678	7.63977e-02
0.67674	7.65907e-02
0.67666	7.68042e-02
0.67655	7.70349e-02
0.67640	7.72826e-02
0.67622	7.75452e-02
0.67601	7.78206e-02
0.67576	7.81067e-02
0.67549	7.84012e-02
0.67518	7.87020e-02
0.67485	7.90069e-02
0.67449	7.93135e-02
0.67410	7.96196e-02
0.67369	7.99231e-02
0.67325	8.02217e-02
0.67279	8.05133e-02
0.67230	8.07959e-02
0.67180	8.10674e-02
0.67128	8.13260e-02
0.67074	8.15698e-02
0.67018	8.17970e-02
0.66960	8.20060e-02
0.66901	8.21952e-02
0.66841	8.23633e-02
0.66779	8.25089e-02
0.66717	8.26308e-02
0.66653	8.27278e-02
0.66589	8.27962e-02
0.66523	8.28384e-02
0.66457	8.28535e-02
0.66391	8.28412e-02
0.66324	8.28009e-02
0.66257	8.27324e-02
0.66190	8.26354e-02
0.66119	8.25295e-02
0.66048	8.23951e-02
0.65977	8.22320e-02
0.65906	8.20404e-02
0.65836	8.18206e-02
0.65773	8.15485e-02
0.65711	8.12536e-02
0.65649	8.09349e-02
0.65588	8.05921e-02
0.65526	8.02726e-02
0.65466	7.99343e-02
0.65408	7.95789e-02
0.65351	7.92086e-02
0.65297	7.88260e-02
0.65244	7.84295e-02
0.65193	7.80259e-02
0.65143	7.76184e-02
0.65095	7.72099e-02
0.65047	7.68029e-02
0.64999	7.63992e-02
0.64952	7.60001e-02
0.64905	7.56065e-02
0.64857	7.52188e-02
0.64808	7.48373e-02
0.64757	7.44546e-02
0.64705	7.40773e-02
0.64652	7.37060e-02
0.64599	7.33412e-02
0.64545	7.29839e-02
0.64491	7.26352e-02
0.64437	7.22962e-02
0.64383	7.19681e-02
0.64330	7.16524e-02
0.64276	7.13440e-02
0.64223	7.10501e-02
0.64170	7.07717e-02
0.64118	7.05096e-02
0.64068	7.02647e-02
0.64018	7.00372e-02
0.63969	6.98274e-02
0.63922	6.96353e-02
0.63875	6.94606e-02
0.63830	6.93028e-02
0.63786	6.91611e-02
0.63744	6.90346e-02
0.63703	6.89221e-02
0.63663	6.88222e-02
0.63624	6.87334e-02
0.63587	6.86539e-02
0.63551	6.85819e-02
0.63517	6.85155e-02
0.63484	6.84526e-02
0.63452	6.83910e-02
0.63421	6.83286e-02
0.63392	6.82632e-02
0.63364	6.81925e-02
0.63381	6.70835e-02
0.63396	6.60229e-02
0.63405	6.51263e-02
0.63408	6.43784e-02
0.63407	6.37253e-02
0.63405	6.31236e-02
0.63402	6.25470e-02
0.63398	6.19803e-02
0.63395	6.14150e-02
0.63391	6.08458e-02
0.63388	6.02694e-02
0.63385	5.96835e-02
0.63383	5.90862e-02
0.63376	5.84777e-02
0.63369	5.78569e-02
0.63362	5.72232e-02
0.63355	5.65762e-02
0.63348	5.59158e-02
0.63341	5.52418e-02
0.63333	5.45545e-02
0.63325	5.38542e-02
0.63318	5.31414e-02
0.63310	5.24169e-02
0.63302	5.16816e-02
0.63295	5.09366e-02
0.63287	5.01835e-02
0.63280	4.94237e-02
0.63272	4.86592e-02
0.63265	4.78920e-02
0.63258	4.71244e-02
0.63251	4.63589e-02
0.63245	4.55983e-02
0.63238	4.48455e-02
0.63233	4.41036e-02
0.63227	4.33758e-02
0.63222	4.26654e-02
0.63218	4.19760e-02
0.63214	4.13109e-02
0.63212	4.06737e-02
0.63210	4.00675e-02
0.63209	3.94954e-02
0.63209	3.89605e-02
0.63211	3.84651e-02
0.63214	3.80113e-02
0.63225	3.75946e-02
0.63237	3.72237e-02
0.63248	3.68989e-02
0.63261	3.66205e-02
0.63273	3.63882e-02
0.63286	3.61904e-02
0.63300	3.60359e-02
0.63313	3.59239e-02
0.63327	3.58529e-02
0.63340	3.58470e-02
0.63352	3.58834e-02
0.63365	3.59592e-02
0.63377	3.60716e-02
0.63389	3.62178e-02
0.63402	3.63946e-02
0.63413	3.65990e-02
0.63425	3.68276e-02
0.63437	3.70771e-02
0.63449	3.73443e-02
0.63460	3.76256e-02
0.63472	3.79179e-02
0.63483	3.82178e-02
0.63494	3.85221e-02
0.63505	3.88270e-02
0.63531	3.90717e-02
0.63555	3.93125e-02
0.63578	3.95454e-02
0.63601	3.97671e-02
0.63621	3.99744e-02
0.63641	4.01657e-02
0.63660	4.03390e-02
0.63679	4.04926e-02
0.63697	4.06253e-02
0.63716	4.07388e-02
0.63734	4.08289e-02
0.63751	4.08950e-02
0.63767	4.09367e-02
0.63783	4.09538e-02
0.63798	4.09465e-02
0.63813	4.09149e-02
0.63826	4.08595e-02
0.63839	4.07808e-02
0.63851	4.06795e-02
0.63863	4.05568e-02
0.63874	4.04135e-02
0.63883	4.02512e-02
0.63893	4.00711e-02
0.63901	3.98750e-02
0.63908	3.96647e-02
0.63915	3.94420e-02
0.63920	3.92092e-02
0.63925	3.89683e-02
0.63928	3.87218e-02
0.63931	3.84721e-02
0.63933	3.82219e-02
0.63933	3.79738e-02
0.63938	3.77610e-02
0.63939	3.75379e-02
0.63937	3.73168e-02
0.63934	3.71050e-02
0.63936	3.68977e-02
0.63934	3.67128e-02
0.63930	3.65512e-02
0.63924	3.64150e-02
0.63917	3.63065e-02
0.63908	3.62279e-02
0.63898	3.61812e-02
0.63886	3.61683e-02
0.63874	3.61906e-02
0.63862	3.62456e-02
0.63849	3.63388e-02
0.63834	3.64707e-02
0.63818	3.66416e-02
0.63800	3.68511e-02
0.63780	3.70986e-02
0.63760	3.73831e-02
0.63738	3.77033e-02
0.63715	3.80575e-02
0.63691	3.84442e-02
0.63667	3.88612e-02
0.63641	3.93067e-02
0.63614	3.97782e-02
0.63587	4.02737e-02
0.63559	4.07909e-02
0.63530	4.13273e-02
0.63501	4.18807e-02
0.63471	4.24489e-02
0.63441	4.30297e-02
0.63410	4.36208e-02
0.63380	4.42203e-02
0.63348	4.48262e-02
0.63317	4.54365e-02
0.63286	4.60496e-02
0.63254	4.66638e-02
0.63222	4.72775e-02
0.63191	4.78894e-02
0.63159	4.84981e-02
0.63128	4.91026e-02
0.63096	4.97016e-02
0.63065	5.02943e-02
0.63039	5.07918e-02
0.63013	5.12880e-02
0.62986	5.17801e-02
0.62960	5.22663e-02
0.62934	5.27450e-02
0.62909	5.32120e-02
0.62883	5.36690e-02
0.62858	5.41155e-02
0.62833	5.45508e-02
0.62806	5.49834e-02
0.62779	5.54067e-02
0.62753	5.58206e-02
0.62727	5.62252e-02
0.62702	5.66206e-02
0.62677	5.70072e-02
0.62652	5.73850e-02
0.62629	5.77545e-02
0.62605	5.81160e-02
0.62583	5.84698e-02
0.62561	5.88163e-02
0.62539	5.91560e-02
0.62518	5.94893e-02
0.62498	5.98167e-02
0.62478	6.01409e-02
0.62454	6.04831e-02
0.62430	6.08209e-02
0.62407	6.11537e-02
0.62384	6.14814e-02
0.62362	6.18038e-02
0.62340	6.21211e-02
0.62319	6.24332e-02
0.62298	6.27402e-02
0.62278	6.30422e-02
0.62258	6.33338e-02
0.62239	6.36210e-02
0.62220	6.39037e-02
0.62202	6.41821e-02
0.62185	6.44562e-02
0.62169	6.47259e-02
0.62153	6.49911e-02
0.62138	6.52520e-02
0.62123	6.55083e-02
0.62109	6.57599e-02
0.62096	6.60069e-02
0.62084	6.62491e-02
0.62072	6.64862e-02
0.62061	6.67182e-02
0.62050	6.69476e-02
0.62039	6.71719e-02
0.62030	6.73910e-02
0.62020	6.76045e-02
0.62012	6.78121e-02
0.62003	6.80135e-02
0.61996	6.82083e-02
0.61989	6.83962e-02
0.61982	6.85769e-02
0.61976	6.87499e-02
0.61970	6.89148e-02
0.61965	6.90714e-02
0.61960	6.92191e-02
0.61954	6.93480e-02
0.61948	6.94671e-02
0.61942	6.95761e-02
0.61937	6.96746e-02
0.61932	6.97622e-02
0.61928	6.98384e-02
0.61923	6.99028e-02
0.61919	6.99549e-02
0.61915	6.99942e-02
0.61912	7.00575e-02
0.61908	7.01002e-02
0.61904	7.01246e-02
0.61900	7.01316e-02
0.61896	7.01216e-02
0.61891	7.00948e-02
0.61886	7.00515e-02
0.61881	6.99915e-02
0.61875	6.99148e-02
0.61869	6.98214e-02
0.61863	6.97112e-02
0.61857	6.95842e-02
0.61850	6.94403e-02
0.61844	6.92794e-02
0.61837	6.91017e-02
0.61830	6.89071e-02
0.61823	6.86957e-02
0.61815	6.84676e-02
0.61807	6.82231e-02
0.61800	6.79622e-02
0.61792	6.76853e-02
0.61784	6.73928e-02
0.61776	6.70849e-02
0.61768	6.67623e-02
0.61760	6.64254e-02
0.61752	6.60748e-02
0.61744	6.57112e-02
0.61736	6.53353e-02
0.61728	6.49481e-02
0.61720	6.45503e-02
0.61713	6.41430e-02
0.61727	6.35454e-02
0.61741	6.29652e-02
0.61750	6.24252e-02
0.61755	6.19201e-02
0.61758	6.14379e-02
0.61787	6.11332e-02
0.61809	6.08054e-02
0.61822	6.04366e-02
0.61829	6.00396e-02
0.61830	5.96738e-02
0.61829	5.93110e-02
0.61827	5.89570e-02
0.61825	5.86154e-02
0.61823	5.82889e-02
0.61820	5.79799e-02
0.61818	5.76905e-02
0.61815	5.74228e-02
0.61813	5.71786e-02
0.61811	5.69599e-02
0.61809	5.67683e-02
0.61808	5.66057e-02
0.61807	5.64735e-02
0.61807	5.63733e-02
0.61803	5.63002e-02
0.61802	5.62709e-02
0.61801	5.62749e-02
0.61800	5.63137e-02
0.61800	5.63884e-02
0.61800	5.64998e-02
0.61800	5.66484e-02
0.61801	5.68341e-02
0.61803	5.70567e-02
0.61805	5.73157e-02
0.61805	5.75919e-02
0.61806	5.78993e-02
0.61808	5.82368e-02
0.61810	5.86032e-02
0.61812	5.89970e-02
0.61815	5.94167e-02
0.61818	5.98606e-02
0.61821	6.03267e-02
0.61826	6.08132e-02
0.61830	6.13180e-02
0.61835	6.18389e-02
0.61841	6.23739e-02
0.61847	6.29206e-02
0.61853	6.34768e-02
0.61858	6.40532e-02
0.61864	6.46339e-02
0.61869	6.52161e-02
0.61875	6.57976e-02
0.61882	6.63760e-02
0.61889	6.69490e-02
0.61895	6.75144e-02
0.61903	6.80700e-02
0.61910	6.86140e-02
0.61917	6.91440e-02
0.61925	6.96581e-02
0.61933	7.01544e-02
0.61941	7.06309e-02
0.61946	7.10649e-02
0.61952	7.14736e-02
0.61957	7.18559e-02
0.61962	7.22108e-02
0.61967	7.25371e-02
0.61971	7.28338e-02
0.61975	7.31000e-02
0.61979	7.33348e-02
0.61982	7.35374e-02
0.61993	7.37542e-02
0.62002	7.39234e-02
0.62008	7.40508e-02
0.62012	7.41393e-02
0.62016	7.41902e-02
0.62018	7.42045e-02
0.62019	7.41824e-02
0.62020	7.41245e-02
0.62019	7.40312e-02
0.62017	7.39028e-02
0.62015	7.37399e-02
0.62011	7.35432e-02
0.62006	7.33134e-02
0.62000	7.30513e-02
0.61993	7.27577e-02
0.61985	7.24336e-02
0.61976	7.20801e-02
0.61965	7.16982e-02
0.61953	7.12893e-02
0.61940	7.08544e-02
0.61926	7.03950e-02
0.61910	6.99123e-02
0.61893	6.94078e-02
0.61874	6.88829e-02
0.61854	6.83390e-02
0.61833	6.77777e-02
0.61810	6.72004e-02
0.61786	6.66087e-02
0.61760	6.60042e-02
0.61733	6.53884e-02
0.61704	6.47629e-02
0.61674	6.41292e-02
0.61642	6.34891e-02
0.61609	6.28440e-02
0.61574	6.21955e-02
0.61538	6.15454e-02
0.61531	6.14042e-02
0.61519	6.12198e-02
0.61499	6.09593e-02
0.61474	6.06348e-02
0.61451	6.01206e-02
0.61424	5.96161e-02
0.61395	5.91213e-02
0.61363	5.86362e-02
0.61331	5.81611e-02
0.61297	5.76974e-02
0.61263	5.72465e-02
0.61228	5.68102e-02
0.61192	5.63903e-02
0.61156	5.59885e-02
0.61119	5.56065e-02
0.61082	5.52463e-02
0.61044	5.49094e-02
0.61006	5.45976e-02
0.60963	5.43178e-02
0.60958	5.39463e-02
0.60942	5.36549e-02
0.60913	5.34300e-02
0.60877	5.32567e-02
0.60837	5.31268e-02
0.60793	5.30368e-02
0.60748	5.29850e-02
0.60702	5.29706e-02
0.60654	5.29930e-02
0.60605	5.30690e-02
0.60555	5.31840e-02
0.60504	5.33359e-02
0.60453	5.35226e-02
0.60401	5.37422e-02
0.60349	5.39923e-02
0.60297	5.42709e-02
0.60245	5.45754e-02
0.60193	5.49036e-02
0.60141	5.52531e-02
0.60090	5.56213e-02
0.60038	5.60059e-02
0.59987	5.64045e-02
0.59937	5.68148e-02
0.59886	5.72372e-02
0.59835	5.76674e-02
0.59785	5.81031e-02
0.59736	5.85421e-02
0.59688	5.89826e-02
0.59640	5.94225e-02
0.59594	5.98600e-02
0.59548	6.02934e-02
0.59502	6.07348e-02
0.59456	6.11714e-02
0.59412	6.16018e-02
0.59368	6.20245e-02
0.59325	6.24380e-02
0.59279	6.27874e-02
0.59233	6.31221e-02
0.59188	6.34411e-02
0.59145	6.37436e-02
0.59101	6.40288e-02
0.59059	6.42959e-02
0.59018	6.45442e-02
0.58977	6.47730e-02
0.58937	6.49817e-02
0.58893	6.51472e-02
0.58849	6.52914e-02
0.58806	6.54142e-02
0.58763	6.55154e-02
0.58721	6.55947e-02
0.58680	6.56522e-02
0.58639	6.56876e-02
0.58598	6.57012e-02
0.58558	6.56930e-02
0.58518	6.56633e-02
0.58478	6.56122e-02
0.58439	6.55401e-02
0.58400	6.54476e-02
0.58362	6.53350e-02
0.58324	6.52029e-02
0.58286	6.50521e-02
0.58248	6.48833e-02
0.58211	6.46972e-02
0.58174	6.44948e-02
0.58137	6.42771e-02
0.58101	6.40452e-02
0.58065	6.38003e-02
0.58029	6.35435e-02
0.57994	6.32763e-02
0.57958	6.29861e-02
0.57921	6.26856e-02
0.57885	6.23769e-02
0.57849	6.20621e-02
0.57813	6.17431e-02
0.57777	6.14219e-02
0.57742	6.11006e-02
0.57707	6.07812e-02
0.57672	6.04659e-02
0.57638	6.01569e-02
0.57604	5.98563e-02
0.57570	5.95663e-02
0.57537	5.92863e-02
0.57504	5.90212e-02
0.57471	5.87730e-02
0.57439	5.85436e-02
0.57407	5.83346e-02
0.57375	5.81475e-02
0.57344	5.79839e-02
0.57313	5.78451e-02
0.57282	5.77321e-02
0.57253	5.76459e-02
0.57224	5.75872e-02
0.57196	5.75565e-02
0.57168	5.75537e-02
0.57142	5.75790e-02
0.57116	5.76319e-02
0.57091	5.77117e-02
0.57067	5.78175e-02
0.57043	5.79482e-02
0.57021	5.81044e-02
0.56999	5.82704e-02
0.56977	5.84553e-02
0.56956	5.86571e-02
0.56937	5.88736e-02
0.56918	5.91027e-02
0.56901	5.93420e-02
0.56885	5.95891e-02
0.56870	5.98413e-02
0.56856	6.00962e-02
0.56851	6.03493e-02
0.56847	6.06046e-02
0.56844	6.08585e-02
0.56842	6.11082e-02
0.56842	6.13513e-02
0.56843	6.15851e-02
0.56846	6.18075e-02
0.56850	6.20160e-02
0.56856	6.22088e-02
0.56864	6.23837e-02
0.56874	6.25391e-02
0.56886	6.26736e-02
0.56899	6.27857e-02
0.56915	6.28744e-02
0.56934	6.29272e-02
0.56954	6.29662e-02
0.56975	6.29857e-02
0.56998	6.29832e-02
0.57022	6.29578e-02
0.57049	6.29095e-02
0.57078	6.28384e-02
0.57109	6.27453e-02
0.57160	6.28198e-02
0.57210	6.28596e-02
0.57261	6.28691e-02
0.57313	6.28513e-02
0.57367	6.28084e-02
0.57420	6.27454e-02
0.57475	6.26616e-02
0.57530	6.25592e-02
0.57588	6.24407e-02
0.57646	6.23088e-02
0.57706	6.21669e-02
0.57768	6.20182e-02
0.57831	6.18665e-02
0.57896	6.17154e-02
0.57957	6.15383e-02
0.58020	6.13663e-02
0.58085	6.12034e-02
0.58151	6.10537e-02
0.58220	6.09207e-02
0.58290	6.08081e-02
0.58361	6.07192e-02
0.58435	6.06570e-02
0.58510	6.06243e-02
0.58586	6.06236e-02
0.58665	6.06568e-02
0.58744	6.07259e-02
0.58826	6.08319e-02
0.58909	6.09760e-02
0.58993	6.11586e-02
0.59078	6.13798e-02
0.59165	6.16393e-02
0.59252	6.19364e-02
0.59341	6.22700e-02
0.59430	6.26386e-02
0.59521	6.30406e-02
0.59611	6.34737e-02
0.59703	6.39357e-02
0.59795	6.44238e-02
0.59887	6.49366e-02
0.59979	6.54696e-02
0.60071	6.60197e-02
0.60163	6.65838e-02
0.60255	6.71585e-02
0.60346	6.77407e-02
0.60437	6.83268e-02
0.60527	6.89137e-02
0.60617	6.94979e-02
0.60705	7.00763e-02
0.60792	7.06457e-02
0.60878	7.12031e-02
0.60962	7.17267e-02
0.61043	7.22310e-02
0.61123	7.27134e-02
0.61201	7.31714e-02
0.61291	7.32858e-02
0.61378	7.34094e-02
0.61460	7.35336e-02
0.61539	7.36529e-02
0.61613	7.37638e-02
0.61684	7.38634e-02
0.61751	7.39495e-02
0.61815	7.40197e-02
0.61874	7.40719e-02
0.61929	7.41038e-02
0.61980	7.41132e-02
0.62027	7.40979e-02
0.62071	7.40558e-02
0.62110	7.39849e-02
0.62144	7.38878e-02
0.62197	7.36901e-02
0.62238	7.34903e-02
0.62269	7.32721e-02
0.62293	7.30223e-02
0.62312	7.27395e-02
0.62326	7.24211e-02
0.62335	7.20654e-02
0.62341	7.16710e-02
0.62342	7.12370e-02
0.62339	7.07558e-02
0.62331	7.02334e-02
0.62321	6.96695e-02
0.62307	6.90635e-02
0.62290	6.84155e-02
0.62270	6.77256e-02
0.62247	6.69951e-02
0.62222	6.62258e-02
0.62193	6.54206e-02
0.62162	6.45833e-02
0.62129	6.37189e-02
0.62093	6.28335e-02
0.62054	6.19337e-02
0.62012	6.10269e-02
0.61966	6.01272e-02
0.61917	5.92354e-02
0.61865	5.83578e-02
0.61810	5.75001e-02
0.61752	5.66669e-02
0.61691	5.58619e-02
0.61627	5.50881e-02
0.61560	5.43476e-02
0.61490	5.36418e-02
0.61418	5.29717e-02
0.61344	5.23378e-02
0.61267	5.17404e-02
0.61188	5.11793e-02
0.61095	5.07294e-02
0.61002	5.03211e-02
0.60913	4.99278e-02
0.60830	4.95039e-02
0.60760	4.89973e-02
0.60702	4.83964e-02
0.60648	4.77616e-02
0.60590	4.71728e-02
0.60523	4.66652e-02
0.60466	4.61737e-02
0.60404	4.57451e-02
0.60338	4.53705e-02
0.60269	4.50425e-02
0.60196	4.47541e-02
0.60122	4.44998e-02
0.60046	4.42744e-02
0.59970	4.40739e-02
0.59894	4.38945e-02
0.59818	4.37330e-02
0.59744	4.35865e-02
0.59670	4.34525e-02
0.59598	4.33285e-02
0.59528	4.32125e-02
0.59459	4.31027e-02
0.59393	4.29973e-02
0.59329	4.28949e-02
0.59267	4.27940e-02
0.59208	4.26934e-02
0.59151	4.25919e-02
0.59096	4.24883e-02
0.59043	4.23817e-02
0.58993	4.22711e-02
0.58946	4.21558e-02
0.58898	4.20388e-02
0.58852	4.19163e-02
0.58808	4.17882e-02
0.58767	4.16545e-02
0.58728	4.15158e-02
0.58692	4.13727e-02
0.58658	4.12262e-02
0.58626	4.10776e-02
0.58597	4.09284e-02
0.58571	4.07804e-02
0.58547	4.06356e-02
0.58526	4.04963e-02
0.58507	4.03462e-02
0.58490	4.02070e-02
0.58476	4.00818e-02
0.58464	3.99735e-02
0.58451	3.99111e-02
0.58440	3.98789e-02
0.58431	3.98803e-02
0.58425	3.99184e-02
0.58421	3.99965e-02
0.58420	4.01173e-02
0.58422	4.02833e-02
0.58427	4.04966e-02
0.58434	4.07589e-02
0.58444	4.10712e-02
0.58456	4.14344e-02
0.58471	4.18487e-02
0.58489	4.23136e-02
0.58509	4.28285e-02
0.58532	4.33921e-02
0.58565	4.40918e-02
0.58597	4.48000e-02
0.58630	4.55321e-02
0.58664	4.62930e-02
0.58700	4.70834e-02
0.58737	4.79019e-02
0.58776	4.87463e-02
0.58817	4.96139e-02
0.58859	5.05017e-02
0.58905	5.13922e-02
0.58951	5.23081e-02
0.58996	5.32408e-02
0.59043	5.41845e-02
0.59090	5.51349e-02
0.59151	5.61480e-02
0.59211	5.71593e-02
0.59272	5.81669e-02
0.59332	5.91684e-02
0.59393	6.01608e-02
0.59453	6.11411e-02
0.59513	6.21061e-02
0.59573	6.30527e-02
0.59632	6.39779e-02
0.59688	6.49065e-02
0.59743	6.58098e-02
0.59796	6.66848e-02
0.59849	6.75293e-02
0.59900	6.83410e-02
0.59949	6.91182e-02
0.59997	6.98595e-02
0.60044	7.05636e-02
0.60089	7.12295e-02
0.60132	7.18564e-02
0.60174	7.24438e-02
0.60214	7.29911e-02
0.60252	7.34982e-02
0.60286	7.39412e-02
0.60318	7.43430e-02
0.60347	7.47043e-02
0.60375	7.50258e-02
0.60401	7.53079e-02
0.60425	7.55515e-02
0.60447	7.57572e-02
0.60467	7.59259e-02
0.60485	7.60584e-02
0.60499	7.61407e-02
0.60511	7.61863e-02
0.60520	7.61965e-02
0.60528	7.61728e-02
0.60533	7.61165e-02
0.60535	7.60289e-02
0.60536	7.59113e-02
0.60534	7.57651e-02
0.60530	7.55915e-02
0.60524	7.53919e-02
0.60516	7.51674e-02
0.60506	7.49194e-02
0.60494	7.46491e-02
0.60479	7.43577e-02
0.60463	7.40463e-02
0.60445	7.37162e-02
0.60425	7.33684e-02
0.60404	7.30039e-02
0.60380	7.26239e-02
0.60355	7.22293e-02
0.60329	7.18211e-02
0.60301	7.14001e-02
0.60271	7.09673e-02
0.60240	7.05234e-02
0.60207	7.00641e-02
0.60171	6.95948e-02
0.60135	6.91164e-02
0.60098	6.86296e-02
0.60059	6.81354e-02
0.60019	6.76346e-02
0.59978	6.71279e-02
0.59936	6.66165e-02
0.59893	6.61012e-02
0.59850	6.55831e-02
0.59805	6.50633e-02
0.59760	6.45429e-02
0.59713	6.40231e-02
0.59666	6.35049e-02
0.59618	6.29896e-02
0.59569	6.24789e-02
0.59519	6.20014e-02
0.59469	6.15333e-02
0.59418	6.10760e-02
0.59367	6.06316e-02
0.59316	6.02020e-02
0.59265	5.97892e-02
0.59214	5.93954e-02
0.59162	5.90228e-02
0.59111	5.86736e-02
0.59060	5.83501e-02
0.59009	5.80546e-02
0.58959	5.77893e-02
0.58908	5.75565e-02
0.58858	5.73582e-02
0.58809	5.71964e-02
0.58759	5.70697e-02
0.58710	5.69825e-02
0.58661	5.69363e-02
0.58613	5.69324e-02
0.58565	5.69717e-02
0.58518	5.70550e-02
0.58472	5.71824e-02
0.58426	5.73540e-02
0.58382	5.75694e-02
0.58337	5.78254e-02
0.58293	5.81229e-02
0.58250	5.84607e-02
0.58209	5.88368e-02
0.58168	5.92493e-02
0.58127	5.96838e-02
0.58087	6.01500e-02
0.58049	6.06453e-02
0.58012	6.11666e-02
0.57976	6.17105e-02
0.57941	6.22738e-02
0.57908	6.28528e-02
0.57876	6.34439e-02
0.57846	6.40436e-02
0.57816	6.46589e-02
0.57787	6.52760e-02
0.57760	6.58908e-02
0.57734	6.64994e-02
0.57710	6.70982e-02
0.57687	6.76835e-02
0.57666	6.82519e-02
0.57647	6.88002e-02
0.57629	6.93252e-02
0.57614	6.98240e-02
0.57599	7.02940e-02
0.57587	7.07326e-02
0.57576	7.11375e-02
0.57565	7.14994e-02
0.57553	7.18609e-02
0.57542	7.21827e-02
0.57533	7.24632e-02
0.57525	7.27011e-02
0.57518	7.28955e-02
0.57514	7.30459e-02
0.57510	7.31518e-02
0.57508	7.32132e-02
0.57505	7.32020e-02
0.57503	7.31455e-02
0.57502	7.30449e-02
0.57499	7.28850e-02
0.57497	7.26816e-02
0.57496	7.24363e-02
0.57495	7.21506e-02
0.57494	7.18260e-02
0.57494	7.14641e-02
0.57495	7.10666e-02
0.57495	7.06370e-02
0.57495	7.01760e-02
0.57495	6.96857e-02
0.57495	6.91679e-02
0.57495	6.86249e-02
0.57495	6.80589e-02
0.57494	6.74721e-02
0.57493	6.68669e-02
0.57490	6.62457e-02
0.57488	6.56109e-02
0.57484	6.49651e-02
0.57479	6.43310e-02
0.57472	6.36945e-02
0.57464	6.30575e-02
0.57487	6.20844e-02
0.57501	6.11604e-02
0.57510	6.02767e-02
0.57514	5.94290e-02
0.57516	5.86153e-02
0.57515	5.78350e-02
0.57512	5.70881e-02
0.57506	5.63752e-02
0.57499	5.56971e-02
0.57490	5.50549e-02
0.57480	5.44497e-02
0.57468	5.38827e-02
0.57468	5.35096e-02
0.57460	5.30994e-02
0.57448	5.26966e-02
0.57434	5.23211e-02
0.57417	5.19813e-02
0.57399	5.16814e-02
0.57380	5.14239e-02
0.57360	5.12099e-02
0.57339	5.10405e-02
0.57318	5.09161e-02
0.57295	5.08370e-02
0.57272	5.08030e-02
0.57249	5.08140e-02
0.57225	5.08693e-02
0.57201	5.09682e-02
0.57177	5.11099e-02
0.57153	5.12932e-02
0.57128	5.15168e-02
0.57104	5.17792e-02
0.57080	5.20693e-02
0.57056	5.23942e-02
0.57032	5.27522e-02
0.57009	5.31415e-02
0.56986	5.35603e-02
0.56964	5.40068e-02
0.56943	5.44790e-02
0.56923	5.49751e-02
0.56904	5.54932e-02
0.56886	5.60316e-02
0.56869	5.65885e-02
0.56853	5.71620e-02
0.56839	5.77507e-02
0.56827	5.83527e-02
0.56815	5.89667e-02
0.56806	5.95911e-02
0.56798	6.02244e-02
0.56791	6.08653e-02
0.56787	6.15124e-02
0.56784	6.21645e-02
0.56783	6.28205e-02
0.56784	6.34792e-02
0.56787	6.41395e-02
0.56789	6.48338e-02
0.56793	6.55286e-02
0.56798	6.62225e-02
0.56806	6.69142e-02
0.56815	6.76026e-02
0.56827	6.82866e-02
0.56840	6.89653e-02
0.56855	6.96376e-02
0.56872	7.03026e-02
0.56890	7.09594e-02
0.56911	7.16071e-02
0.56933	7.22449e-02
0.56957	7.28719e-02
0.56982	7.34872e-02
0.57009	7.40902e-02
0.57038	7.46798e-02
0.57067	7.52553e-02
0.57098	7.58160e-02
0.57131	7.63609e-02
0.57164	7.68893e-02
0.57199	7.74004e-02
0.57234	7.78934e-02
0.57271	7.83674e-02
0.57308	7.88216e-02
0.57345	7.92554e-02
0.57398	7.98134e-02
0.57451	8.03530e-02
0.57504	8.08757e-02
0.57559	8.13813e-02
0.57614	8.18686e-02
0.57670	8.23353e-02
0.57725	8.27765e-02
0.57779	8.31906e-02
0.57833	8.35740e-02
0.57886	8.39239e-02
0.57938	8.42378e-02
0.57988	8.45140e-02
0.58036	8.47511e-02
0.58081	8.49484e-02
0.58125	8.51054e-02
0.58167	8.52218e-02
0.58206	8.52977e-02
0.58242	8.53331e-02
0.58274	8.53730e-02
0.58302	8.53760e-02
0.58328	8.53419e-02
0.58350	8.52698e-02
0.58369	8.51607e-02
0.58386	8.50152e-02
0.58398	8.48340e-02
0.58408	8.46177e-02
0.58414	8.43671e-02
0.58416	8.40831e-02
0.58416	8.37662e-02
0.58411	8.34175e-02
0.58403	8.30378e-02
0.58391	8.26280e-02
0.58376	8.21889e-02
0.58357	8.17200e-02
0.58334	8.12238e-02
0.58307	8.07011e-02
0.58277	8.01528e-02
0.58243	7.95798e-02
0.58205	7.89829e-02
0.58163	7.83629e-02
0.58118	7.77206e-02
0.58070	7.70570e-02
0.58017	7.63728e-02
0.57961	7.56688e-02
0.57902	7.49458e-02
0.57839	7.42047e-02
0.57773	7.34462e-02
0.57704	7.26713e-02
0.57631	7.18808e-02
0.57555	7.10755e-02
0.57476	7.02566e-02
0.57395	6.94249e-02
0.57307	6.85805e-02
0.57217	6.77257e-02
0.57124	6.68617e-02
0.57028	6.59898e-02
0.56930	6.51116e-02
0.56829	6.42287e-02
0.56726	6.33427e-02
0.56621	6.24555e-02
0.56514	6.15691e-02
0.56405	6.06857e-02
0.56295	5.98077e-02
0.56182	5.89375e-02
0.56069	5.80779e-02
0.55955	5.72319e-02
0.55871	5.60390e-02
0.55779	5.49918e-02
0.55678	5.40742e-02
0.55570	5.32530e-02
0.55459	5.25056e-02
0.55346	5.18200e-02
0.55231	5.11912e-02
0.55115	5.06181e-02
0.54999	5.01017e-02
0.54896	4.94975e-02
0.54792	4.89470e-02
0.54688	4.84472e-02
0.54585	4.79987e-02
0.54483	4.76037e-02
0.54381	4.72651e-02
0.54281	4.69857e-02
0.54182	4.67684e-02
0.54084	4.66154e-02
0.53988	4.65286e-02
0.53894	4.65094e-02
0.53801	4.65583e-02
0.53711	4.66753e-02
0.53623	4.68599e-02
0.53537	4.71107e-02
0.53454	4.74259e-02
0.53373	4.78030e-02
0.53295	4.82390e-02
0.53221	4.87308e-02
0.53149	4.92745e-02
0.53081	4.98663e-02
0.53016	5.05018e-02
0.52955	5.11768e-02
0.52898	5.18869e-02
0.52844	5.26275e-02
0.52788	5.33584e-02
0.52736	5.41105e-02
0.52687	5.48797e-02
0.52643	5.56620e-02
0.52602	5.64534e-02
0.52566	5.72499e-02
0.52532	5.80514e-02
0.52502	5.88496e-02
0.52476	5.96409e-02
0.52454	6.04217e-02
0.52435	6.11887e-02
0.52421	6.19389e-02
0.52411	6.26694e-02
0.52405	6.33775e-02
0.52403	6.40609e-02
0.52405	6.47171e-02
0.52410	6.53441e-02
0.52420	6.59400e-02
0.52430	6.65226e-02
0.52444	6.70721e-02
0.52462	6.75870e-02
0.52480	6.80690e-02
0.52502	6.85147e-02
0.52527	6.89232e-02
0.52555	6.92935e-02
0.52586	6.96249e-02
0.52620	6.99169e-02
0.52657	7.01691e-02
0.52705	7.04147e-02
0.52754	7.06102e-02
0.52804	7.07592e-02
0.52855	7.08639e-02
0.52908	7.09259e-02
0.52962	7.09311e-02
0.53018	7.08952e-02
0.53075	7.08271e-02
0.53134	7.07206e-02
0.53194	7.05765e-02
0.53255	7.03956e-02
0.53318	7.01789e-02
0.53383	6.99274e-02
0.53448	6.96421e-02
0.53515	6.93241e-02
0.53582	6.89747e-02
0.53651	6.85949e-02
0.53720	6.81861e-02
0.53788	6.77610e-02
0.53856	6.73119e-02
0.53925	6.68398e-02
0.53994	6.63457e-02
0.54062	6.58309e-02
0.54131	6.52966e-02
0.54198	6.47441e-02
0.54265	6.41744e-02
0.54332	6.35890e-02
0.54398	6.29892e-02
0.54463	6.23763e-02
0.54527	6.17515e-02
0.54590	6.11162e-02
0.54653	6.04717e-02
0.54713	5.98191e-02
0.54773	5.91598e-02
0.54831	5.84949e-02
0.54888	5.78256e-02
0.54942	5.71702e-02
0.54990	5.65054e-02
0.55036	5.58412e-02
0.55081	5.51786e-02
0.55123	5.45185e-02
0.55162	5.38676e-02
0.55199	5.32222e-02
0.55233	5.25829e-02
0.55265	5.19506e-02
0.55294	5.13260e-02
0.55321	5.07098e-02
0.55343	5.01314e-02
0.55363	4.95669e-02
0.55380	4.90158e-02
0.55394	4.84784e-02
0.55405	4.79546e-02
0.55413	4.74446e-02
0.55419	4.69488e-02
0.55421	4.64674e-02
0.55421	4.60007e-02
0.55418	4.55490e-02
0.55412	4.51125e-02
0.55404	4.46917e-02
0.55392	4.42869e-02
0.55379	4.38985e-02
0.55362	4.35269e-02
0.55343	4.31726e-02
0.55321	4.28360e-02
0.55297	4.25177e-02
0.55271	4.22182e-02
0.55242	4.19380e-02
0.55211	4.16778e-02
0.55178	4.14382e-02
0.55143	4.12197e-02
0.55105	4.10230e-02
0.55066	4.08487e-02
0.55025	4.06974e-02
0.54983	4.05695e-02
0.54939	4.04658e-02
0.54893	4.03866e-02
0.54846	4.03324e-02
0.54798	4.03035e-02
0.54747	4.02928e-02
0.54695	4.03070e-02
0.54642	4.03466e-02
0.54588	4.04121e-02
0.54533	4.05035e-02
0.54478	4.06208e-02
0.54422	4.07640e-02
0.54366	4.09327e-02
0.54309	4.11268e-02
0.54253	4.13456e-02
0.54196	4.15888e-02
0.54140	4.18558e-02
0.54083	4.21459e-02
0.54028	4.24585e-02
0.53973	4.27928e-02
0.53937	4.32843e-02
0.53904	4.37649e-02
0.53873	4.42208e-02
0.53846	4.46440e-02
0.53825	4.50359e-02
0.53808	4.54117e-02
0.53794	4.57962e-02
0.53807	4.65217e-02
0.53814	4.72656e-02
0.53814	4.80138e-02
0.53808	4.87587e-02
0.53796	4.94983e-02
0.53779	5.02331e-02
0.53759	5.09640e-02
0.53737	5.16912e-02
0.53714	5.24144e-02
0.53689	5.31331e-02
0.53663	5.38467e-02
0.53637	5.45544e-02
0.53610	5.52556e-02
0.53584	5.59497e-02
0.53557	5.66361e-02
0.53531	5.73144e-02
0.53506	5.79842e-02
0.53481	5.86451e-02
0.53457	5.92970e-02
0.53434	5.99395e-02
0.53412	6.05725e-02
0.53391	6.11958e-02
0.53372	6.18094e-02
0.53353	6.24131e-02
0.53335	6.30092e-02
0.53318	6.35959e-02
0.53302	6.41734e-02
0.53287	6.47418e-02
0.53274	6.53013e-02
0.53262	6.58520e-02
0.53252	6.63942e-02
0.53243	6.69281e-02
0.53236	6.74541e-02
0.53230	6.79725e-02
0.53225	6.84835e-02
0.53222	6.89876e-02
0.53242	6.90030e-02
0.53269	6.88577e-02
0.53300	6.86442e-02
0.53331	6.84775e-02
0.53358	6.84219e-02
0.53381	6.84749e-02
0.53400	6.86151e-02
0.53418	6.88166e-02
0.53436	6.90609e-02
0.53453	6.93370e-02
0.53470	6.96381e-02
0.53486	6.99828e-02
0.53502	7.03487e-02
0.53517	7.07328e-02
0.53534	7.11326e-02
0.53550	7.15464e-02
0.53567	7.19724e-02
0.53585	7.24091e-02
0.53603	7.28548e-02
0.53621	7.33083e-02
0.53641	7.37681e-02
0.53660	7.42328e-02
0.53681	7.47011e-02
0.53702	7.51714e-02
0.53724	7.56424e-02
0.53747	7.61128e-02
0.53770	7.65810e-02
0.53794	7.70458e-02
0.53819	7.75056e-02
0.53844	7.79592e-02
0.53870	7.84049e-02
0.53897	7.88416e-02
0.53925	7.92677e-02
0.53953	7.96819e-02
0.53982	8.00829e-02
0.54012	8.04693e-02
0.54042	8.08399e-02
0.54073	8.11934e-02
0.54105	8.15286e-02
0.54138	8.18443e-02
0.54171	8.21394e-02
0.54204	8.24127e-02
0.54234	8.26514e-02
0.54264	8.28656e-02
0.54294	8.30544e-02
0.54325	8.32171e-02
0.54355	8.33528e-02
0.54386	8.34610e-02
0.54418	8.35410e-02
0.54449	8.35921e-02
0.54481	8.36139e-02
0.54512	8.36058e-02
0.54544	8.35675e-02
0.54577	8.34987e-02
0.54609	8.33991e-02
0.54641	8.32684e-02
0.54674	8.31066e-02
0.54703	8.28745e-02
0.54732	8.26057e-02
0.54761	8.23012e-02
0.54789	8.19619e-02
0.54816	8.15820e-02
0.54842	8.11686e-02
0.54868	8.07226e-02
0.54893	8.02436e-02
0.54918	7.97337e-02
0.54943	7.91938e-02
0.54968	7.86249e-02
0.54992	7.80281e-02
0.55014	7.74024e-02
0.55036	7.67502e-02
0.55057	7.60724e-02
0.55078	7.53702e-02
0.55099	7.46450e-02
0.55119	7.38979e-02
0.55138	7.31303e-02
0.55158	7.23437e-02
0.55176	7.15397e-02
0.55195	7.07198e-02
0.55213	6.98856e-02
0.55230	6.90390e-02
0.55247	6.81817e-02
0.55264	6.73157e-02
0.55280	6.64429e-02
0.55296	6.55655e-02
0.55311	6.46855e-02
0.55326	6.38051e-02
0.55341	6.29267e-02
0.55352	6.20493e-02
0.55362	6.11779e-02
0.55372	6.03148e-02
0.55381	5.94623e-02
0.55389	5.86229e-02
0.55396	5.77990e-02
0.55403	5.69932e-02
0.55409	5.62079e-02
0.55415	5.54455e-02
0.55419	5.47083e-02
0.55423	5.39988e-02
0.55427	5.33193e-02
0.55429	5.26737e-02
0.55430	5.20626e-02
0.55431	5.14879e-02
0.55431	5.09513e-02
0.55430	5.04544e-02
0.55427	4.99951e-02
0.55423	4.95769e-02
0.55418	4.92006e-02
0.55412	4.88668e-02
0.55405	4.85761e-02
0.55398	4.83285e-02
0.55404	4.78793e-02
0.55409	4.74810e-02
0.55411	4.71306e-02
0.55412	4.68274e-02
0.55410	4.65711e-02
0.55407	4.63616e-02
0.55401	4.61988e-02
0.55393	4.60820e-02
0.55383	4.60101e-02
0.55370	4.59816e-02
0.55356	4.59945e-02
0.55339	4.60464e-02
0.55320	4.61347e-02
0.55300	4.62562e-02
0.55277	4.64077e-02
0.55252	4.65859e-02
0.55226	4.67872e-02
0.55198	4.70081e-02
0.55168	4.72450e-02
0.55136	4.74946e-02
0.55103	4.77534e-02
0.55068	4.80181e-02
0.55031	4.82858e-02
0.54993	4.85535e-02
0.54954	4.88184e-02
0.54914	4.90780e-02
0.54872	4.93300e-02
0.54829	4.95721e-02
0.54784	4.98025e-02
0.54739	5.00193e-02
0.54693	5.02210e-02
0.54651	5.04467e-02
0.54606	5.06338e-02
0.54558	5.07906e-02
0.54509	5.09212e-02
0.54458	5.10280e-02
0.54406	5.11122e-02
0.54354	5.11746e-02
0.54300	5.12157e-02
0.54247	5.12363e-02
0.54192	5.12371e-02
0.54138	5.12188e-02
0.54083	5.11826e-02
0.54028	5.11296e-02
0.53972	5.10612e-02
0.53917	5.09790e-02
0.53861	5.08788e-02
0.53804	5.07677e-02
0.53747	5.06479e-02
0.53691	5.05217e-02
0.53634	5.03903e-02
0.53578	5.02575e-02
0.53522	5.01259e-02
0.53467	5.00007e-02
0.53412	4.98832e-02
0.53357	4.97766e-02
0.53303	4.96839e-02
0.53249	4.96083e-02
0.53197	4.95527e-02
0.53144	4.95205e-02
0.53093	4.95147e-02
0.53043	4.95381e-02
0.52993	4.95936e-02
0.52945	4.96836e-02
0.52898	4.98103e-02
0.52851	4.99757e-02
0.52806	5.01812e-02
0.52761	5.04281e-02
0.52718	5.07173e-02
0.52676	5.10490e-02
0.52635	5.14232e-02
0.52595	5.18396e-02
0.52557	5.22972e-02
0.52520	5.27947e-02
0.52484	5.33306e-02
0.52449	5.39027e-02
0.52415	5.45088e-02
0.52383	5.51463e-02
0.52352	5.58121e-02
0.52323	5.65033e-02
0.52294	5.72166e-02
0.52267	5.79486e-02
0.52242	5.86956e-02
0.52217	5.94541e-02
0.52194	6.02205e-02
0.52190	6.10976e-02
0.52185	6.19683e-02
0.52180	6.28287e-02
0.52175	6.36753e-02
0.52182	6.42777e-02
0.52192	6.47908e-02
0.52205	6.52400e-02
0.52219	6.56463e-02
0.52234	6.60243e-02
0.52248	6.63705e-02
0.52262	6.66955e-02
0.52276	6.69990e-02
0.52290	6.72787e-02
0.52303	6.75325e-02
0.52318	6.77579e-02
0.52348	6.80427e-02
0.52377	6.82958e-02
0.52405	6.85170e-02
0.52432	6.87066e-02
0.52459	6.88653e-02
0.52485	6.89938e-02
0.52512	6.90925e-02
0.52538	6.91617e-02
0.52564	6.92011e-02
0.52590	6.92103e-02
0.52617	6.91886e-02
0.52643	6.91349e-02
0.52670	6.90482e-02
0.52696	6.89272e-02
0.52726	6.87515e-02
0.52754	6.85497e-02
0.52782	6.83166e-02
0.52808	6.80493e-02
0.52834	6.77469e-02
0.52859	6.74087e-02
0.52884	6.70352e-02
0.52908	6.66272e-02
0.52932	6.61857e-02
0.52956	6.57126e-02
0.52979	6.52097e-02
0.53003	6.46794e-02
0.53026	6.41242e-02
0.53049	6.35470e-02
0.53071	6.29508e-02
0.53094	6.23388e-02
0.53116	6.17145e-02
0.53132	6.11173e-02
0.53149	6.05092e-02
0.53162	5.98555e-02
0.53176	5.91925e-02
0.53191	5.85233e-02
0.53207	5.78512e-02
0.53226	5.71806e-02
0.53246	5.65170e-02
0.53269	5.58670e-02
0.53294	5.52384e-02
0.53321	5.46397e-02
0.53350	5.40794e-02
0.53380	5.35657e-02
0.53410	5.31050e-02
0.53442	5.27025e-02
0.53472	5.23698e-02
0.53503	5.21021e-02
0.53532	5.18993e-02
0.53562	5.17601e-02
0.53590	5.16820e-02
0.53618	5.16622e-02
0.53645	5.16969e-02
0.53669	5.17630e-02
0.53691	5.18723e-02
0.53713	5.20200e-02
0.53733	5.22012e-02
0.53752	5.24108e-02
0.53770	5.26438e-02
0.53785	5.29026e-02
0.53799	5.31754e-02
0.53811	5.34579e-02
0.53822	5.37460e-02
0.53830	5.40361e-02
0.53837	5.43248e-02
0.53842	5.46094e-02
0.53846	5.48870e-02
0.53848	5.51555e-02
0.53848	5.54127e-02
0.53847	5.56568e-02
0.53844	5.58862e-02
0.53841	5.60995e-02
0.53836	5.62955e-02
0.53830	5.64731e-02
0.53823	5.66315e-02
0.53816	5.67698e-02
0.53807	5.68874e-02
0.53799	5.69839e-02
0.53789	5.70588e-02
0.53779	5.71119e-02
0.53769	5.71430e-02
0.53758	5.71520e-02
0.53747	5.71390e-02
0.53736	5.71040e-02
0.53725	5.70473e-02
0.53713	5.69689e-02
0.53702	5.68694e-02
0.53691	5.67489e-02
0.53679	5.66080e-02
0.53671	5.64472e-02
0.53661	5.62671e-02
0.53652	5.60682e-02
0.53642	5.58508e-02
0.53633	5.56156e-02
0.53631	5.53657e-02
0.53626	5.50960e-02
0.53620	5.48086e-02
0.53614	5.45050e-02
0.53608	5.41862e-02
0.53603	5.38531e-02
0.53608	5.35624e-02
0.53614	5.32582e-02
0.53620	5.29425e-02
0.53628	5.26165e-02
0.53637	5.22813e-02
0.53647	5.19372e-02
0.53658	5.15845e-02
0.53669	5.12227e-02
0.53680	5.08513e-02
0.53692	5.04697e-02
0.53703	5.00773e-02
0.53714	4.96736e-02
0.53724	4.92582e-02
0.53733	4.88311e-02
0.53739	4.83665e-02
0.53744	4.78889e-02
0.53748	4.74000e-02
0.53751	4.69012e-02
0.53753	4.63941e-02
0.53755	4.58803e-02
0.53756	4.53613e-02
0.53757	4.48388e-02
0.53757	4.43145e-02
0.53757	4.37901e-02
0.53758	4.32676e-02
0.53758	4.27489e-02
0.53759	4.22358e-02
0.53760	4.17304e-02
0.53761	4.12347e-02
0.53763	4.07510e-02
0.53765	4.02813e-02
0.53767	3.98123e-02
0.53769	3.93604e-02
0.53771	3.89206e-02
0.53774	3.85012e-02
0.53777	3.81044e-02
0.53781	3.77328e-02
0.53787	3.73887e-02
0.53793	3.70745e-02
0.53800	3.67924e-02
0.53808	3.65446e-02
0.53817	3.63334e-02
0.53827	3.61606e-02
0.53838	3.60282e-02
0.53851	3.59377e-02
0.53864	3.58905e-02
0.53878	3.58863e-02
0.53892	3.59292e-02
0.53908	3.60200e-02
0.53925	3.61593e-02
0.53943	3.63475e-02
0.53961	3.65844e-02
0.53981	3.68696e-02
0.54017	3.70981e-02
0.54052	3.73832e-02
0.54088	3.77219e-02
0.54124	3.81117e-02
0.54161	3.85505e-02
0.54195	3.90268e-02
0.54229	3.95500e-02
0.54263	4.01131e-02
0.54297	4.07131e-02
0.54331	4.13474e-02
0.54366	4.20128e-02
0.54400	4.27063e-02
0.54434	4.34246e-02
0.54469	4.41644e-02
0.54503	4.49224e-02
0.54537	4.56953e-02
0.54570	4.64797e-02
0.54604	4.72726e-02
0.54637	4.80705e-02
0.54669	4.88706e-02
0.54701	4.96697e-02
0.54733	5.04651e-02
0.54764	5.12538e-02
0.54795	5.20334e-02
0.54825	5.28011e-02
0.54854	5.35547e-02
0.54882	5.42919e-02
0.54910	5.50105e-02
0.54937	5.57085e-02
0.54962	5.63841e-02
0.54987	5.70354e-02
0.55011	5.76610e-02
0.55033	5.82592e-02
0.55055	5.88287e-02
0.55075	5.93683e-02
0.55094	5.98769e-02
0.55111	6.03535e-02
0.55127	6.07973e-02
0.55141	6.12075e-02
0.55153	6.15835e-02
0.55164	6.19248e-02
0.55173	6.22311e-02
0.55180	6.25021e-02
0.55185	6.27376e-02
0.55189	6.29375e-02
0.55190	6.31021e-02
0.55189	6.32313e-02
0.55184	6.33266e-02
0.55177	6.33879e-02
0.55166	6.34414e-02
0.55152	6.34650e-02
0.55136	6.34587e-02
0.55117	6.34229e-02
0.55095	6.33584e-02
0.55070	6.32659e-02
0.55043	6.31464e-02
0.55013	6.30009e-02
0.54980	6.28304e-02
0.54944	6.26360e-02
0.54905	6.24190e-02
0.54864	6.21804e-02
0.54832	6.19983e-02
0.54797	6.18052e-02
0.54761	6.16033e-02
0.54723	6.13936e-02
0.54684	6.11766e-02
0.54642	6.09521e-02
0.54598	6.07194e-02
0.54551	6.04775e-02
0.54502	6.02250e-02
0.54450	5.99603e-02
0.54394	5.96820e-02
0.54336	5.93885e-02
0.54274	5.90786e-02
0.54209	5.87515e-02
0.54140	5.84067e-02
0.54069	5.80442e-02
0.53994	5.76645e-02
0.53914	5.72706e-02
0.53832	5.68613e-02
0.53747	5.64357e-02
0.53658	5.59976e-02
0.53567	5.55488e-02
0.53475	5.50909e-02
0.53380	5.46256e-02
0.53283	5.41543e-02
0.53185	5.36784e-02
0.53086	5.31992e-02
0.52986	5.27179e-02
0.52885	5.22354e-02
0.52783	5.17526e-02
0.52681	5.12703e-02
0.52579	5.07889e-02
0.52476	5.03153e-02
0.52373	4.98433e-02
0.52270	4.93733e-02
0.52168	4.89057e-02
0.52066	4.84407e-02
0.51965	4.79788e-02
0.51865	4.75202e-02
0.51766	4.70593e-02
0.51668	4.66021e-02
0.51571	4.61492e-02
0.51476	4.57013e-02
0.51382	4.52591e-02
0.51290	4.48212e-02
0.51198	4.44048e-02
0.51108	4.39960e-02
0.51020	4.35956e-02
0.50935	4.32046e-02
0.50851	4.28242e-02
0.50770	4.24554e-02
0.50691	4.20997e-02
0.50615	4.17583e-02
0.50541	4.14327e-02
0.50470	4.11241e-02
0.50402	4.08340e-02
0.50337	4.05638e-02
0.50274	4.03149e-02
0.50215	4.00885e-02
0.50158	3.98859e-02
0.50105	3.97081e-02
0.50054	3.95562e-02
0.50007	3.94309e-02
0.49963	3.93330e-02
0.49922	3.92630e-02
0.49885	3.92211e-02
0.49851	3.92074e-02
0.49820	3.92218e-02
0.49793	3.92640e-02
0.49769	3.93334e-02
0.49748	3.94293e-02
0.49732	3.95507e-02
0.49718	3.96963e-02
0.49708	3.98650e-02
0.49702	4.00552e-02
0.49699	4.02653e-02
0.49699	4.04935e-02
0.49703	4.07381e-02
0.49711	4.09970e-02
0.49722	4.12685e-02
0.49736	4.15547e-02
0.49754	4.18490e-02
0.49775	4.21495e-02
0.49799	4.24543e-02
0.49827	4.27617e-02
0.49857	4.30698e-02
0.49890	4.33886e-02
0.49925	4.37053e-02
0.49964	4.40180e-02
0.50005	4.43247e-02
0.50049	4.46240e-02
0.50095	4.49144e-02
0.50145	4.51949e-02
0.50196	4.54642e-02
0.50250	4.57217e-02
0.50307	4.59666e-02
0.50366	4.61983e-02
0.50426	4.64163e-02
0.50489	4.66205e-02
0.50554	4.68106e-02
0.50639	4.70033e-02
0.50721	4.71909e-02
0.50801	4.73678e-02
0.50879	4.75311e-02
0.50957	4.76806e-02
0.51032	4.78324e-02
0.51108	4.79724e-02
0.51184	4.81015e-02
0.51260	4.82204e-02
0.51336	4.83299e-02
0.51412	4.84308e-02
0.51488	4.85241e-02
0.51563	4.86106e-02
0.51639	4.86913e-02
0.51713	4.87670e-02
0.51788	4.88387e-02
0.51862	4.89074e-02
0.51954	4.88486e-02
0.52045	4.87944e-02
0.52133	4.87545e-02
0.52216	4.87327e-02
0.52295	4.87282e-02
0.52371	4.87386e-02
0.52444	4.87616e-02
0.52514	4.87954e-02
0.52581	4.88391e-02
0.52645	4.88920e-02
0.52707	4.89537e-02
0.52767	4.90243e-02
0.52824	4.91035e-02
0.52879	4.91916e-02
0.52932	4.92884e-02
0.52981	4.94081e-02
0.53028	4.95378e-02
0.53073	4.96774e-02
0.53114	4.98266e-02
0.53154	4.99851e-02
0.53190	5.01525e-02
0.53224	5.03284e-02
0.53284	5.08435e-02
0.53346	5.14353e-02
0.53403	5.20432e-02
0.53455	5.26320e-02
0.53500	5.31924e-02
0.53539	5.37183e-02
0.53573	5.42221e-02
0.53602	5.47080e-02
0.53627	5.51784e-02
0.53649	5.56352e-02
0.53667	5.60799e-02
0.53683	5.65137e-02
0.53695	5.69377e-02
0.53705	5.73530e-02
0.53712	5.77605e-02
0.53716	5.81609e-02
0.53719	5.85562e-02
0.53719	5.89456e-02
0.53718	5.93294e-02
0.53714	5.97071e-02
0.53709	6.00782e-02
0.53702	6.04420e-02
0.53694	6.07972e-02
0.53684	6.11426e-02
0.53673	6.14765e-02
0.53660	6.17974e-02
0.53645	6.21036e-02
0.53629	6.23937e-02
0.53612	6.26662e-02
0.53593	6.29200e-02
0.53573	6.31543e-02
0.53551	6.33686e-02
0.53528	6.35626e-02
0.53504	6.37365e-02
0.53479	6.38907e-02
0.53453	6.40260e-02
0.53426	6.41432e-02
0.53398	6.42437e-02
0.53369	6.43287e-02
0.53340	6.43998e-02
0.53310	6.44585e-02
0.53279	6.44952e-02
0.53247	6.45217e-02
0.53215	6.45402e-02
0.53183	6.45523e-02
0.53151	6.45598e-02
0.53119	6.45646e-02
0.53086	6.45703e-02
0.53053	6.45765e-02
0.53021	6.45848e-02
0.52989	6.45966e-02
0.52957	6.46136e-02
0.52926	6.46370e-02
0.52895	6.46681e-02
0.52865	6.47080e-02
0.52835	6.47579e-02
0.52806	6.48185e-02
0.52778	6.48907e-02
0.52751	6.49751e-02
0.52725	6.50722e-02
0.52699	6.51823e-02
0.52700	6.54558e-02
0.52696	6.57172e-02
0.52688	6.59611e-02
0.52676	6.61905e-02
0.52662	6.64110e-02
0.52646	6.66276e-02
0.52630	6.68441e-02
0.52613	6.70628e-02
0.52597	6.72853e-02
0.52581	6.75124e-02
0.52566	6.77446e-02
0.52552	6.79820e-02
0.52539	6.82244e-02
0.52527	6.84719e-02
0.52516	6.87240e-02
0.52507	6.89805e-02
0.52498	6.92410e-02
0.52491	6.95052e-02
0.52485	6.97726e-02
0.52479	7.00198e-02
0.52474	7.02695e-02
0.52471	7.05217e-02
0.52469	7.07761e-02
0.52468	7.10326e-02
0.52468	7.12913e-02
0.52469	7.15522e-02
0.52472	7.18154e-02
0.52476	7.20812e-02
0.52480	7.23498e-02
0.52486	7.26215e-02
0.52493	7.28967e-02
0.52500	7.31759e-02
0.52509	7.34594e-02
0.52517	7.37478e-02
0.52527	7.40413e-02
0.52537	7.43406e-02
0.52547	7.46460e-02
0.52558	7.49578e-02
0.52569	7.52765e-02
0.52577	7.55683e-02
0.52585	7.58663e-02
0.52593	7.61711e-02
0.52600	7.64831e-02
0.52607	7.68021e-02
0.52614	7.71375e-02
0.52619	7.74796e-02
0.52624	7.78282e-02
0.52629	7.81827e-02
0.52633	7.85424e-02
0.52635	7.89064e-02
0.52638	7.92739e-02
0.52639	7.96439e-02
0.52639	8.00154e-02
0.52638	8.03874e-02
0.52636	8.07586e-02
0.52664	8.09610e-02
0.52685	8.12046e-02
0.52700	8.14749e-02
0.52711	8.17598e-02
0.52718	8.20512e-02
0.52723	8.23434e-02
0.52725	8.26325e-02
0.52725	8.29153e-02
0.52723	8.31890e-02
0.52715	8.34514e-02
0.52706	8.37003e-02
0.52697	8.39338e-02
0.52688	8.41500e-02
0.52681	8.43474e-02
0.52677	8.45252e-02
0.52675	8.46829e-02
0.52675	8.48204e-02
0.52674	8.49368e-02
0.52672	8.50305e-02
0.52668	8.50998e-02
0.52661	8.51434e-02
0.52652	8.51606e-02
0.52641	8.51512e-02
0.52629	8.51152e-02
0.52616	8.50529e-02
0.52602	8.49647e-02
0.52588	8.48512e-02
0.52572	8.47129e-02
0.52556	8.45506e-02
0.52539	8.43651e-02
0.52522	8.41571e-02
0.52502	8.39267e-02
0.52481	8.36758e-02
0.52459	8.34050e-02
0.52436	8.31150e-02
0.52411	8.28065e-02
0.52385	8.24800e-02
0.52358	8.21360e-02
0.52329	8.17751e-02
0.52299	8.13978e-02
0.52268	8.10049e-02
0.52236	8.05969e-02
0.52203	8.01745e-02
0.52170	7.97385e-02
0.52136	7.92895e-02
0.52111	7.90107e-02
0.52082	7.86511e-02
0.52051	7.82379e-02
0.52018	7.77893e-02
0.51985	7.73163e-02
0.51967	7.65968e-02
0.51947	7.59199e-02
0.51925	7.52693e-02
0.51902	7.46359e-02
0.51878	7.40148e-02
0.51860	7.33847e-02
0.51841	7.27661e-02
0.51822	7.21565e-02
0.51802	7.15539e-02
0.51783	7.09570e-02
0.51765	7.03650e-02
0.51748	6.97770e-02
0.51732	6.91924e-02
0.51717	6.86109e-02
0.51701	6.80309e-02
0.51687	6.74544e-02
0.51675	6.68814e-02
0.51664	6.63120e-02
0.51655	6.57467e-02
0.51648	6.51859e-02
0.51642	6.46301e-02
0.51638	6.40802e-02
0.51635	6.35369e-02
0.51634	6.30010e-02
0.51634	6.24734e-02
0.51636	6.19550e-02
0.51638	6.14468e-02
0.51641	6.09578e-02
0.51645	6.04818e-02
0.51650	6.00197e-02
0.51655	5.95726e-02
0.51662	5.91415e-02
0.51669	5.87275e-02
0.51677	5.83318e-02
0.51682	5.79275e-02
0.51687	5.75459e-02
0.51693	5.71888e-02
0.51700	5.68577e-02
0.51707	5.65537e-02
0.51715	5.62780e-02
0.51722	5.60398e-02
0.51729	5.58337e-02
0.51737	5.56605e-02
0.51745	5.55208e-02
0.51752	5.54153e-02
0.51760	5.53445e-02
0.51768	5.53089e-02
0.51776	5.53088e-02
0.51784	5.53443e-02
0.51792	5.54156e-02
0.51796	5.54797e-02
0.51800	5.55746e-02
0.51803	5.57002e-02
0.51807	5.58558e-02
0.51809	5.60407e-02
0.51812	5.62538e-02
0.51813	5.64938e-02
0.51815	5.67594e-02
0.51816	5.70491e-02
0.51816	5.73605e-02
0.51816	5.76919e-02
0.51815	5.80411e-02
0.51813	5.84061e-02
0.51810	5.87845e-02
0.51807	5.91740e-02
0.51803	5.95721e-02
0.51799	5.99765e-02
0.51793	6.03846e-02
0.51787	6.07938e-02
0.51780	6.12014e-02
0.51772	6.16050e-02
0.51764	6.20019e-02
0.51754	6.23895e-02
0.51744	6.27652e-02
0.51733	6.31265e-02
0.51722	6.34709e-02
0.51709	6.37959e-02
0.51696	6.40990e-02
0.51683	6.43780e-02
0.51669	6.46306e-02
0.51654	6.48546e-02
0.51638	6.50473e-02
0.51621	6.52069e-02
0.51604	6.53315e-02
0.51587	6.54192e-02
0.51569	6.54684e-02
0.51551	6.54773e-02
0.51532	6.54446e-02
0.51514	6.53688e-02
0.51495	6.52487e-02
0.51475	6.50832e-02
0.51456	6.48713e-02
0.51437	6.46123e-02
0.51418	6.43053e-02
0.51398	6.39500e-02
0.51377	6.35382e-02
0.51355	6.30772e-02
0.51334	6.25672e-02
0.51313	6.20086e-02
0.51292	6.14017e-02
0.51254	6.09450e-02
0.51216	6.04531e-02
0.51179	5.99268e-02
0.51142	5.93675e-02
0.51106	5.87777e-02
0.51062	5.81946e-02
0.51023	5.75696e-02
0.50990	5.68935e-02
0.50966	5.61596e-02
0.50949	5.53693e-02
0.50938	5.45326e-02
0.50930	5.36620e-02
0.50923	5.27663e-02
0.50917	5.18486e-02
0.50923	5.09462e-02
0.50926	5.00231e-02
0.50929	4.90816e-02
0.50933	4.81240e-02
0.50937	4.71538e-02
0.50941	4.61751e-02
0.50947	4.51929e-02
0.50952	4.42122e-02
0.50958	4.32384e-02
0.50964	4.22764e-02
0.50971	4.13307e-02
0.50979	4.04057e-02
0.50987	3.95051e-02
0.50997	3.86330e-02
0.51008	3.77936e-02
0.51020	3.69918e-02
0.51035	3.62329e-02
0.51051	3.55229e-02
0.51068	3.48685e-02
0.51088	3.42767e-02
0.51108	3.37504e-02
0.51130	3.33011e-02
0.51154	3.29356e-02
0.51179	3.26600e-02
0.51207	3.24794e-02
0.51236	3.23978e-02
0.51264	3.24106e-02
0.51294	3.25206e-02
0.51325	3.27273e-02
0.51358	3.30287e-02
0.51392	3.34218e-02
0.51428	3.39023e-02
0.51464	3.44652e-02
0.51502	3.51051e-02
0.51541	3.58158e-02
0.51581	3.65911e-02
0.51596	3.77044e-02
0.51612	3.89043e-02
0.51629	4.01645e-02
0.51650	4.14568e-02
0.51675	4.27541e-02
0.51704	4.40355e-02
0.51736	4.52889e-02
0.51773	4.65113e-02
0.51812	4.77068e-02
0.51856	4.88622e-02
0.51904	4.99849e-02
0.51956	5.10719e-02
0.52013	5.21237e-02
0.52075	5.31499e-02
0.52137	5.41686e-02
0.52198	5.51943e-02
0.52255	5.62304e-02
0.52308	5.72712e-02
0.52358	5.83079e-02
0.52405	5.93326e-02
0.52450	6.03394e-02
0.52494	6.13240e-02
0.52536	6.22833e-02
0.52578	6.32158e-02
0.52618	6.41203e-02
0.52658	6.49967e-02
0.52696	6.58453e-02
0.52733	6.66668e-02
0.52769	6.74619e-02
0.52803	6.82318e-02
0.52836	6.89777e-02
0.52867	6.97045e-02
0.52896	7.04094e-02
0.52924	7.10934e-02
0.52949	7.17570e-02
0.52972	7.24011e-02
0.52994	7.30260e-02
0.53013	7.36321e-02
0.53030	7.42197e-02
0.53044	7.47890e-02
0.53057	7.53400e-02
0.53067	7.58726e-02
0.53075	7.63867e-02
0.53080	7.68820e-02
0.53083	7.73584e-02
0.53084	7.78057e-02
0.53082	7.82340e-02
0.53077	7.86427e-02
0.53071	7.90313e-02
0.53063	7.93990e-02
0.53059	7.97072e-02
0.53052	7.99944e-02
0.53043	8.02586e-02
0.53032	8.04979e-02
0.53019	8.07112e-02
0.53004	8.08841e-02
0.52986	8.10263e-02
0.52967	8.11373e-02
0.52946	8.12164e-02
0.52924	8.12626e-02
0.52900	8.12754e-02
0.52875	8.12539e-02
0.52849	8.11976e-02
0.52822	8.11057e-02
0.52793	8.09775e-02
0.52763	8.08130e-02
0.52733	8.06119e-02
0.52701	8.03741e-02
0.52669	8.00995e-02
0.52636	7.97883e-02
0.52602	7.94407e-02
0.52568	7.90570e-02
0.52533	7.86378e-02
0.52497	7.81835e-02
0.52461	7.76950e-02
0.52425	7.71731e-02
0.52388	7.66188e-02
0.52349	7.60507e-02
0.52310	7.54544e-02
0.52271	7.48311e-02
0.52231	7.41822e-02
0.52191	7.35093e-02
0.52151	7.28139e-02
0.52111	7.20980e-02
0.52089	7.12285e-02
0.52068	7.03463e-02
0.52045	6.94682e-02
0.52021	6.85972e-02
0.51996	6.77327e-02
0.51971	6.68745e-02
0.51936	6.60811e-02
0.51902	6.53009e-02
0.51867	6.45355e-02
0.51832	6.37867e-02
0.51797	6.30565e-02
0.51762	6.23468e-02
0.51727	6.16598e-02
0.51692	6.09976e-02
0.51658	6.03622e-02
0.51624	5.97556e-02
0.51587	5.91752e-02
0.51551	5.86282e-02
0.51516	5.81164e-02
0.51482	5.76415e-02
0.51448	5.72050e-02
0.51415	5.68082e-02
0.51384	5.64524e-02
0.51353	5.61385e-02
0.51324	5.58673e-02
0.51296	5.56390e-02
0.51269	5.54542e-02
0.51244	5.53129e-02
0.51220	5.52148e-02
0.51197	5.51597e-02
0.51175	5.51475e-02
0.51155	5.51766e-02
0.51137	5.52461e-02
0.51120	5.53546e-02
0.51104	5.55008e-02
0.51090	5.56834e-02
0.51078	5.59007e-02
0.51068	5.61511e-02
0.51059	5.64331e-02
0.51052	5.67450e-02
0.51046	5.70850e-02
0.51041	5.74525e-02
0.51037	5.78451e-02
0.51035	5.82613e-02
0.51033	5.86995e-02
0.51033	5.91583e-02
0.51034	5.96362e-02
0.51046	6.01351e-02
0.51059	6.06528e-02
0.51072	6.11875e-02
0.51085	6.17376e-02
0.51099	6.23017e-02
0.51113	6.28782e-02
0.51127	6.34658e-02
0.51142	6.40632e-02
0.51156	6.46690e-02
0.51170	6.52823e-02
0.51184	6.59018e-02
0.51198	6.65264e-02
0.51212	6.71553e-02
0.51225	6.77874e-02
0.51237	6.84114e-02
0.51248	6.90360e-02
0.51258	6.96608e-02
0.51268	7.02850e-02
0.51277	7.09079e-02
0.51305	7.15652e-02
0.51329	7.22205e-02
0.51347	7.28644e-02
0.51359	7.34956e-02
0.51368	7.41159e-02
0.51374	7.47278e-02
0.51379	7.53326e-02
0.51382	7.59313e-02
0.51385	7.65245e-02
0.51387	7.71126e-02
0.51388	7.76961e-02
0.51389	7.82757e-02
0.51389	7.88520e-02
0.51390	7.94256e-02
0.51390	7.99972e-02
0.51390	8.05673e-02
0.51390	8.11358e-02
0.51390	8.17026e-02
0.51390	8.22666e-02
0.51390	8.28260e-02
0.51389	8.33785e-02
0.51387	8.39207e-02
0.51384	8.44490e-02
0.51380	8.49592e-02
0.51374	8.54476e-02
0.51367	8.59102e-02
0.51358	8.63440e-02
0.51347	8.67462e-02
0.51333	8.71094e-02
0.51317	8.74371e-02
0.51299	8.77287e-02
0.51280	8.79835e-02
0.51259	8.82014e-02
0.51237	8.83824e-02
0.51213	8.85265e-02
0.51189	8.86339e-02
0.51163	8.87050e-02
0.51137	8.87400e-02
0.51109	8.87395e-02
0.51082	8.87037e-02
0.51053	8.86331e-02
0.51024	8.85282e-02
0.50995	8.83895e-02
0.50966	8.82175e-02
0.50937	8.80126e-02
0.50908	8.77755e-02
0.50878	8.74904e-02
0.50847	8.71716e-02
0.50817	8.68203e-02
0.50787	8.64372e-02
0.50786	8.63790e-02
0.50787	8.63003e-02
0.50788	8.61881e-02
0.50788	8.60306e-02
0.50788	8.58200e-02
0.50787	8.55532e-02
0.50784	8.52306e-02
0.50782	8.48548e-02
0.50779	8.44290e-02
0.50775	8.39554e-02
0.50772	8.34378e-02
0.50770	8.28786e-02
0.50768	8.22797e-02
0.50767	8.16432e-02
0.50767	8.09708e-02
0.50769	8.02648e-02
0.50771	7.95273e-02
0.50775	7.87605e-02
0.50779	7.79731e-02
0.50785	7.71615e-02
0.50792	7.63282e-02
0.50802	7.54759e-02
0.50813	7.46072e-02
0.50826	7.37248e-02
0.50841	7.28314e-02
0.50858	7.19333e-02
0.50877	7.10290e-02
0.50899	7.01206e-02
0.50922	6.92102e-02
0.50949	6.82999e-02
0.50977	6.73914e-02
0.51007	6.64807e-02
0.51039	6.55713e-02
0.51073	6.46655e-02
0.51109	6.37650e-02
0.51147	6.28714e-02
0.51187	6.19860e-02
0.51229	6.11099e-02
0.51274	6.02442e-02
0.51321	5.93898e-02
0.51371	5.85474e-02
0.51423	5.77178e-02
0.51478	5.69017e-02
0.51535	5.60995e-02
0.51595	5.53116e-02
0.51658	5.45385e-02
0.51723	5.37801e-02
0.51791	5.30364e-02
0.51861	5.23071e-02
0.51933	5.15914e-02
0.52005	5.08572e-02
0.52079	5.01262e-02
0.52154	4.93980e-02
0.52229	4.86723e-02
0.52305	4.79481e-02
0.52379	4.72257e-02
0.52453	4.65039e-02
0.52526	4.57824e-02
0.52599	4.50616e-02
0.52669	4.43424e-02
0.52739	4.36261e-02
0.52807	4.29143e-02
0.52873	4.22092e-02
0.52938	4.15129e-02
0.53001	4.08281e-02
0.53062	4.01573e-02
0.53122	3.95035e-02
0.53180	3.88694e-02
0.53236	3.82580e-02
0.53290	3.76720e-02
0.53342	3.71143e-02
0.53392	3.65875e-02
0.53440	3.60945e-02
0.53486	3.56375e-02
0.53530	3.52189e-02
0.53571	3.48408e-02
0.53611	3.45050e-02
0.53648	3.42131e-02
0.53680	3.39673e-02
0.53710	3.37665e-02
0.53737	3.36108e-02
0.53762	3.35002e-02
0.53784	3.34342e-02
0.53804	3.34118e-02
0.53821	3.34320e-02
0.53835	3.34931e-02
0.53847	3.35932e-02
0.53856	3.37301e-02
0.53863	3.39014e-02
0.53867	3.41045e-02
0.53867	3.43483e-02
0.53864	3.46184e-02
0.53858	3.49116e-02
0.53850	3.52248e-02
0.53840	3.55548e-02
0.53827	3.58985e-02
0.53812	3.62526e-02
0.53795	3.66143e-02
0.53776	3.69805e-02
0.53755	3.73483e-02
0.53731	3.77193e-02
0.53705	3.80858e-02
0.53677	3.84452e-02
0.53648	3.87950e-02
0.53618	3.91328e-02
0.53586	3.94563e-02
0.53552	3.97637e-02
0.53518	4.00529e-02
0.53483	4.03223e-02
0.53447	4.05703e-02
0.53410	4.07955e-02
0.53373	4.09967e-02
0.53335	4.11729e-02
0.53297	4.13231e-02
0.53259	4.14466e-02
0.53221	4.15431e-02
0.53182	4.16120e-02
0.53145	4.16534e-02
0.53107	4.16672e-02
0.53070	4.16539e-02
0.53033	4.16138e-02
0.52997	4.15478e-02
0.52962	4.14566e-02
0.52928	4.13416e-02
0.52894	4.12041e-02
0.52862	4.10456e-02
0.52831	4.08680e-02
0.52801	4.06733e-02
0.52773	4.04637e-02
0.52746	4.02418e-02
0.52721	4.00100e-02
0.52675	3.99900e-02
0.52635	3.99317e-02
0.52598	3.98416e-02
0.52565	3.97292e-02
0.52536	3.96047e-02
0.52508	3.94773e-02
0.52483	3.93545e-02
0.52459	3.92425e-02
0.52436	3.91459e-02
0.52416	3.90679e-02
0.52396	3.90110e-02
0.52379	3.89768e-02
0.52363	3.89661e-02
0.52349	3.89798e-02
0.52337	3.90182e-02
0.52327	3.90819e-02
0.52320	3.91713e-02
0.52315	3.92871e-02
0.52313	3.94300e-02
0.52313	3.96007e-02
0.52315	3.97999e-02
0.52320	4.00284e-02
0.52328	4.02865e-02
0.52337	4.05747e-02
0.52367	4.06998e-02
0.52392	4.09381e-02
0.52414	4.12620e-02
0.52435	4.16489e-02
0.52457	4.20838e-02
0.52479	4.25575e-02
0.52501	4.30643e-02
0.52525	4.36003e-02
0.52550	4.41627e-02
0.52576	4.47494e-02
0.52604	4.53585e-02
0.52632	4.59882e-02
0.52661	4.66371e-02
0.52690	4.73036e-02
0.52721	4.79865e-02
0.52752	4.86843e-02
0.52783	4.93959e-02
0.52815	5.01200e-02
0.52847	5.08555e-02
0.52879	5.16012e-02
0.52911	5.23560e-02
0.52943	5.31188e-02
0.52975	5.38886e-02
0.53014	5.47248e-02
0.53052	5.55548e-02
0.53089	5.63798e-02
0.53124	5.72001e-02
0.53157	5.80155e-02
0.53189	5.88256e-02
0.53218	5.96298e-02
0.53246	6.04273e-02
0.53272	6.12175e-02
0.53296	6.19995e-02
0.53317	6.27726e-02
0.53336	6.35361e-02
0.53356	6.42383e-02
0.53373	6.49502e-02
0.53386	6.56616e-02
0.53396	6.63670e-02
0.53403	6.70631e-02
0.53407	6.77476e-02
0.53408	6.84220e-02
0.53406	6.90823e-02
0.53402	6.97275e-02
0.53395	7.03568e-02
0.53385	7.09693e-02
0.53372	7.15643e-02
0.53357	7.21410e-02
0.53339	7.26985e-02
0.53318	7.32362e-02
0.53294	7.37533e-02
0.53267	7.42492e-02
0.53237	7.47235e-02
0.53204	7.51755e-02
0.53166	7.55911e-02
0.53126	7.59812e-02
0.53080	7.63495e-02
0.53031	7.66927e-02
0.52978	7.70108e-02
0.52922	7.73040e-02
0.52863	7.75723e-02
0.52800	7.78161e-02
0.52735	7.80355e-02
0.52666	7.82310e-02
0.52594	7.84029e-02
0.52519	7.85516e-02
0.52441	7.86777e-02
0.52360	7.87817e-02
0.52277	7.88641e-02
0.52190	7.89255e-02
0.52098	7.89908e-02
0.52003	7.90387e-02
0.51906	7.90695e-02
0.51806	7.90837e-02
0.51703	7.90818e-02
0.51599	7.90643e-02
0.51493	7.90320e-02
0.51385	7.89854e-02
0.51275	7.89251e-02
0.51164	7.88518e-02
0.51052	7.87660e-02
0.50938	7.86696e-02
0.50824	7.85617e-02
0.50709	7.84430e-02
0.50594	7.83139e-02
0.50478	7.81752e-02
0.50363	7.80273e-02
0.50248	7.78707e-02
0.50133	7.77061e-02
0.50018	7.75339e-02
0.49905	7.73546e-02
0.49792	7.71688e-02
0.49679	7.69906e-02
0.49568	7.68087e-02
0.49458	7.66233e-02
0.49349	7.64347e-02
0.49242	7.62434e-02
0.49138	7.60497e-02
0.49036	7.58540e-02
0.48936	7.56569e-02
0.48854	7.53565e-02
0.48773	7.50790e-02
0.48693	7.48223e-02
0.48614	7.45832e-02
0.48536	7.43585e-02
0.48460	7.41459e-02
0.48387	7.39436e-02
0.48317	7.37505e-02
0.48250	7.35663e-02
0.48186	7.33907e-02
0.48127	7.32239e-02
0.48071	7.30662e-02
0.48018	7.29181e-02
0.47970	7.27800e-02
0.47926	7.26523e-02
0.47886	7.25357e-02
0.47850	7.24305e-02
0.47818	7.23371e-02
0.47791	7.22560e-02
0.47767	7.21874e-02
0.47748	7.21314e-02
0.47733	7.20882e-02
0.47722	7.20578e-02
0.47714	7.20396e-02
0.47711	7.20338e-02
0.47711	7.20400e-02
0.47716	7.20575e-02
0.47724	7.20858e-02
0.47735	7.21240e-02
0.47751	7.21711e-02
0.47769	7.22261e-02
0.47791	7.22880e-02
0.47816	7.23553e-02
0.47844	7.24269e-02
0.47875	7.25012e-02
0.47934	7.21210e-02
0.47999	7.17016e-02
0.48065	7.13033e-02
0.48131	7.09680e-02
0.48195	7.07097e-02
0.48257	7.05221e-02
0.48316	7.03747e-02
0.48373	7.02653e-02
0.48431	7.01806e-02
0.48488	7.01102e-02
0.48545	7.00466e-02
0.48603	6.99840e-02
0.48661	6.99181e-02
0.48720	6.98457e-02
0.48779	6.97641e-02
0.48838	6.96715e-02
0.48895	6.95485e-02
0.48952	6.94111e-02
0.49009	6.92588e-02
0.49066	6.90913e-02
0.49123	6.89086e-02
0.49180	6.87108e-02
0.49237	6.84983e-02
0.49293	6.82716e-02
0.49348	6.80315e-02
0.49403	6.77792e-02
0.49457	6.75159e-02
0.49511	6.72429e-02
0.49562	6.69792e-02
0.49612	6.67107e-02
0.49677	6.65483e-02
0.49739	6.63725e-02
0.49797	6.61883e-02
0.49853	6.60007e-02
0.49907	6.58139e-02
0.49957	6.56318e-02
0.50006	6.54580e-02
0.50052	6.52957e-02
0.50095	6.51480e-02
0.50136	6.50177e-02
0.50174	6.49074e-02
0.50210	6.48197e-02
0.50243	6.47568e-02
0.50273	6.47206e-02
0.50300	6.47130e-02
0.50325	6.47354e-02
0.50346	6.47888e-02
0.50365	6.48742e-02
0.50381	6.49918e-02
0.50393	6.51418e-02
0.50403	6.53239e-02
0.50409	6.55374e-02
0.50413	6.57812e-02
0.50413	6.60540e-02
0.50411	6.63540e-02
0.50405	6.66792e-02
0.50397	6.70272e-02
0.50383	6.74517e-02
0.50366	6.79008e-02
0.50346	6.83682e-02
0.50321	6.88327e-02
0.50293	6.93059e-02
0.50263	6.97846e-02
0.50229	7.02653e-02
0.50194	7.07448e-02
0.50161	7.12070e-02
0.50125	7.16629e-02
0.50087	7.21095e-02
0.50046	7.25438e-02
0.50004	7.29630e-02
0.49959	7.33645e-02
0.49912	7.37460e-02
0.49865	7.41054e-02
0.49815	7.44406e-02
0.49765	7.47500e-02
0.49714	7.50320e-02
0.49662	7.52852e-02
0.49610	7.55084e-02
0.49557	7.57006e-02
0.49504	7.58609e-02
0.49451	7.59886e-02
0.49399	7.60833e-02
0.49347	7.61448e-02
0.49295	7.61731e-02
0.49244	7.61682e-02
0.49195	7.61308e-02
0.49146	7.60612e-02
0.49099	7.59605e-02
0.49052	7.58294e-02
0.49008	7.56691e-02
0.48964	7.54807e-02
0.48923	7.52654e-02
0.48882	7.50245e-02
0.48844	7.47593e-02
0.48807	7.44711e-02
0.48773	7.41612e-02
0.48740	7.38310e-02
0.48708	7.34721e-02
0.48678	7.30954e-02
0.48651	7.27023e-02
0.48632	7.23430e-02
0.48614	7.19699e-02
0.48600	7.15878e-02
0.48589	7.12003e-02
0.48581	7.08107e-02
0.48577	7.04213e-02
0.48577	7.00345e-02
0.48582	6.96517e-02
0.48590	6.92739e-02
0.48603	6.89012e-02
0.48620	6.85332e-02
0.48641	6.81690e-02
0.48667	6.78070e-02
0.48696	6.74456e-02
0.48730	6.70830e-02
0.48769	6.67174e-02
0.48811	6.63473e-02
0.48858	6.59717e-02
0.48909	6.55898e-02
0.48962	6.51862e-02
0.49019	6.47764e-02
0.49091	6.43259e-02
0.49167	6.38789e-02
0.49245	6.34367e-02
0.49326	6.30017e-02
0.49411	6.25770e-02
0.49498	6.21660e-02
0.49588	6.17719e-02
0.49681	6.14025e-02
0.49776	6.10566e-02
0.49872	6.07348e-02
0.49970	6.04378e-02
0.50070	6.01647e-02
0.50172	5.99138e-02
0.50274	5.96832e-02
0.50378	5.94704e-02
0.50483	5.92729e-02
0.50589	5.90882e-02
0.50696	5.89137e-02
0.50803	5.87473e-02
0.50911	5.85867e-02
0.51020	5.84303e-02
0.51128	5.82762e-02
0.51238	5.81232e-02
0.51347	5.79700e-02
0.51456	5.78157e-02
0.51564	5.76595e-02
0.51673	5.75010e-02
0.51780	5.73396e-02
0.51887	5.71752e-02
0.51993	5.70077e-02
0.52098	5.68373e-02
0.52201	5.66641e-02
0.52302	5.64884e-02
0.52402	5.63107e-02
0.52500	5.61315e-02
0.52596	5.59515e-02
0.52689	5.57710e-02
0.52780	5.55908e-02
0.52868	5.54119e-02
0.52953	5.52351e-02
0.53035	5.50614e-02
0.53113	5.48916e-02
0.53189	5.47266e-02
0.53261	5.45676e-02
0.53328	5.44164e-02
0.53391	5.42739e-02
0.53450	5.41410e-02
0.53505	5.40189e-02
0.53556	5.39083e-02
0.53602	5.38101e-02
0.53644	5.37249e-02
0.53681	5.36536e-02
0.53714	5.35965e-02
0.53742	5.35543e-02
0.53766	5.35271e-02
0.53784	5.35154e-02
0.53798	5.35191e-02
0.53807	5.35383e-02
0.53811	5.35729e-02
0.53811	5.36226e-02
0.53805	5.36870e-02
0.53795	5.37657e-02
0.53779	5.38581e-02
0.53759	5.39634e-02
0.53734	5.40808e-02
0.53704	5.42094e-02
0.53670	5.43482e-02
0.53631	5.44961e-02
0.53587	5.46518e-02
0.53539	5.48142e-02
0.53487	5.49819e-02
0.53430	5.51536e-02
0.53368	5.53279e-02
0.53303	5.55033e-02
0.53234	5.56785e-02
0.53160	5.58519e-02
0.53083	5.60221e-02
0.53003	5.61877e-02
0.52919	5.63473e-02
0.52850	5.64643e-02
0.52776	5.65692e-02
0.52699	5.66607e-02
0.52618	5.67377e-02
0.52533	5.67993e-02
0.52445	5.68444e-02
0.52353	5.68723e-02
0.52259	5.68821e-02
0.52161	5.68731e-02
0.52061	5.68448e-02
0.51958	5.67967e-02
0.51854	5.67283e-02
0.51747	5.66395e-02
0.51638	5.65300e-02
0.51527	5.63997e-02
0.51416	5.62489e-02
0.51302	5.60776e-02
0.51188	5.58861e-02
0.51073	5.56750e-02
0.50958	5.54445e-02
0.50842	5.51955e-02
0.50724	5.49452e-02
0.50607	5.46781e-02
0.50490	5.43949e-02
0.50373	5.40965e-02
0.50257	5.37842e-02
0.50142	5.34595e-02
0.50028	5.31240e-02
0.49937	5.26315e-02
0.49847	5.21340e-02
0.49755	5.16257e-02
0.49661	5.11308e-02
0.49567	5.06448e-02
0.49473	5.01648e-02
0.49381	4.96905e-02
0.49301	4.90961e-02
0.49221	4.85301e-02
0.49142	4.79848e-02
0.49066	4.74580e-02
0.48992	4.69505e-02
0.48921	4.64650e-02
0.48853	4.60047e-02
0.48788	4.55731e-02
0.48727	4.51742e-02
0.48668	4.48116e-02
0.48613	4.44890e-02
0.48562	4.42100e-02
0.48514	4.39778e-02
0.48470	4.37952e-02
0.48430	4.36649e-02
0.48394	4.35887e-02
0.48362	4.35683e-02
0.48333	4.36046e-02
0.48309	4.36980e-02
0.48289	4.38483e-02
0.48273	4.40548e-02
0.48261	4.43162e-02
0.48254	4.46306e-02
0.48251	4.49956e-02
0.48251	4.54086e-02
0.48256	4.58533e-02
0.48264	4.63377e-02
0.48277	4.68585e-02
0.48293	4.74120e-02
0.48314	4.79944e-02
0.48339	4.86015e-02
0.48367	4.92293e-02
0.48399	4.98736e-02
0.48435	5.05302e-02
0.48475	5.11951e-02
0.48518	5.18643e-02
0.48565	5.25337e-02
0.48615	5.31998e-02
0.48668	5.38587e-02
0.48724	5.45070e-02
0.48782	5.51414e-02
0.48844	5.57588e-02
0.48910	5.63347e-02
0.48979	5.68832e-02
0.49051	5.73981e-02
0.49126	5.78754e-02
0.49204	5.83120e-02
0.49285	5.87060e-02
0.49368	5.90559e-02
0.49454	5.93607e-02
0.49541	5.96199e-02
0.49630	5.98329e-02
0.49721	5.99997e-02
0.49813	6.01202e-02
0.49905	6.01945e-02
0.49999	6.02228e-02
0.50092	6.02053e-02
0.50186	6.01426e-02
0.50280	6.00352e-02
0.50373	5.98838e-02
0.50466	5.96895e-02
0.50558	5.94533e-02
0.50685	5.88878e-02
0.50809	5.83271e-02
0.50929	5.77720e-02
0.51064	5.69411e-02
0.51198	5.60707e-02
0.51333	5.51712e-02
0.51466	5.42583e-02
0.51598	5.33498e-02
0.51727	5.24629e-02
0.51854	5.16130e-02
0.51977	5.08131e-02
0.52095	5.00742e-02
0.52209	4.94049e-02
0.52318	4.88124e-02
0.52422	4.83023e-02
0.52520	4.78787e-02
0.52612	4.75443e-02
0.52698	4.73003e-02
0.52777	4.71473e-02
0.52850	4.70846e-02
0.52916	4.71111e-02
0.52976	4.72250e-02
0.53029	4.74240e-02
0.53076	4.77059e-02
0.53115	4.80574e-02
0.53148	4.84867e-02
0.53175	4.89914e-02
0.53196	4.95688e-02
0.53211	5.02156e-02
0.53221	5.09283e-02
0.53226	5.17031e-02
0.53225	5.25436e-02
0.53219	5.34389e-02
0.53207	5.44147e-02
0.53190	5.54398e-02
0.53168	5.65083e-02
0.53142	5.76147e-02
0.53113	5.87537e-02
0.53077	5.99025e-02
0.53038	6.10720e-02
0.52995	6.22582e-02
0.52949	6.34566e-02
0.52900	6.46629e-02
0.52848	6.58731e-02
0.52794	6.70829e-02
0.52738	6.82884e-02
0.52679	6.94859e-02
0.52619	7.06716e-02
0.52557	7.18421e-02
0.52494	7.29940e-02
0.52429	7.41243e-02
0.52364	7.52300e-02
0.52297	7.63082e-02
0.52230	7.73564e-02
0.52162	7.83721e-02
0.52094	7.93532e-02
0.52026	8.02975e-02
0.51958	8.12033e-02
0.51890	8.20688e-02
0.51822	8.28926e-02
0.51755	8.36734e-02
0.51688	8.44101e-02
0.51622	8.51017e-02
0.51556	8.57450e-02
0.51491	8.63416e-02
0.51427	8.68913e-02
0.51363	8.73938e-02
0.51301	8.78492e-02
0.51240	8.82575e-02
0.51179	8.86191e-02
0.51121	8.89341e-02
0.51063	8.92032e-02
0.51007	8.94269e-02
0.50953	8.96059e-02
0.50900	8.97410e-02
0.50848	8.98331e-02
0.50798	8.98830e-02
0.50749	8.98920e-02
0.50703	8.98609e-02
0.50657	8.97910e-02
0.50613	8.96803e-02
0.50571	8.95333e-02
0.50531	8.93513e-02
0.50492	8.91355e-02
0.50455	8.88871e-02
0.50419	8.86074e-02
0.50385	8.82977e-02
0.50353	8.79592e-02
0.50323	8.75931e-02
0.50294	8.72008e-02
0.50266	8.67833e-02
0.50241	8.63419e-02
0.50217	8.58778e-02
0.50195	8.53921e-02
0.50174	8.48860e-02
0.50155	8.43604e-02
0.50137	8.38166e-02
0.50122	8.32556e-02
0.50107	8.26783e-02
0.50095	8.20858e-02
0.50084	8.14791e-02
0.50074	8.08590e-02
0.50066	8.02265e-02
0.50059	7.95850e-02
0.50053	7.89334e-02
0.50049	7.82726e-02
0.50046	7.76036e-02
0.50045	7.69272e-02
0.50045	7.62442e-02
0.50046	7.55557e-02
0.50049	7.48626e-02
0.50052	7.41656e-02
0.50057	7.34657e-02
0.50063	7.27639e-02
0.50071	7.20611e-02
0.50079	7.13583e-02
0.50088	7.06563e-02
0.50099	6.99561e-02
0.50110	6.92588e-02
0.50122	6.85653e-02
0.50135	6.78767e-02
0.50149	6.71939e-02
0.50159	6.65374e-02
0.50170	6.58922e-02
0.50180	6.52525e-02
0.50190	6.46247e-02
0.50200	6.40099e-02
0.50211	6.34092e-02
0.50222	6.28239e-02
0.50233	6.22551e-02
0.50244	6.17041e-02
0.50275	6.10306e-02
0.50304	6.04008e-02
0.50331	5.98105e-02
0.50356	5.92568e-02
0.50378	5.87384e-02
0.50400	5.82551e-02
0.50419	5.78065e-02
0.50435	5.74085e-02
0.50448	5.70461e-02
0.50460	5.67188e-02
0.50470	5.64267e-02
0.50478	5.61696e-02
0.50484	5.59478e-02
0.50489	5.57611e-02
0.50491	5.56098e-02
0.50492	5.54936e-02
0.50491	5.54126e-02
0.50488	5.53663e-02
0.50484	5.53544e-02
0.50477	5.53764e-02
0.50469	5.54314e-02
0.50458	5.55186e-02
0.50446	5.56370e-02
0.50432	5.57852e-02
0.50416	5.59617e-02
0.50398	5.61650e-02
0.50378	5.63932e-02
0.50356	5.66442e-02
0.50332	5.69160e-02
0.50305	5.72201e-02
0.50275	5.75427e-02
0.50244	5.78804e-02
0.50200	5.81253e-02
0.50153	5.83798e-02
0.50105	5.86410e-02
0.50056	5.89061e-02
0.50005	5.91717e-02
0.49952	5.94348e-02
0.49899	5.96922e-02
0.49844	5.99407e-02
0.49788	6.01770e-02
0.49732	6.03981e-02
0.49675	6.06009e-02
0.49618	6.07826e-02
0.49560	6.09403e-02
0.49503	6.10714e-02
0.49445	6.11734e-02
0.49388	6.12443e-02
0.49332	6.12820e-02
0.49276	6.12838e-02
0.49221	6.12495e-02
0.49168	6.11779e-02
0.49116	6.10684e-02
0.49066	6.09209e-02
0.49018	6.07355e-02
0.48972	6.05129e-02
0.48928	6.02543e-02
0.48887	5.99615e-02
0.48848	5.96366e-02
0.48813	5.92825e-02
0.48779	5.89024e-02
0.48749	5.85002e-02
0.48721	5.80797e-02
0.48695	5.76451e-02
0.48671	5.72008e-02
0.48649	5.67508e-02
0.48629	5.62990e-02
0.48609	5.58489e-02
0.48591	5.54039e-02
0.48573	5.49655e-02
0.48555	5.45374e-02
0.48538	5.41224e-02
0.48521	5.37233e-02
0.48505	5.33426e-02
0.48488	5.29827e-02
0.48472	5.26461e-02
0.48456	5.23348e-02
0.48440	5.20509e-02
0.48425	5.17961e-02
0.48410	5.15717e-02
0.48395	5.13789e-02
0.48380	5.12184e-02
0.48366	5.10904e-02
0.48352	5.09947e-02
0.48339	5.09309e-02
0.48326	5.08978e-02
0.48313	5.08942e-02
0.48301	5.09182e-02
0.48290	5.09676e-02
0.48279	5.10401e-02
0.48269	5.11329e-02
0.48258	5.12385e-02
0.48247	5.13555e-02
0.48237	5.14811e-02
0.48226	5.16107e-02
0.48217	5.17407e-02
0.48208	5.18676e-02
0.48199	5.19879e-02
0.48191	5.20982e-02
0.48184	5.21951e-02
0.48178	5.22757e-02
0.48172	5.23369e-02
0.48168	5.23767e-02
0.48164	5.23920e-02
0.48160	5.23805e-02
0.48158	5.23402e-02
0.48157	5.22690e-02
0.48156	5.21871e-02
0.48155	5.20736e-02
0.48156	5.19271e-02
0.48157	5.17468e-02
0.48160	5.15323e-02
0.48163	5.12831e-02
0.48168	5.09993e-02
0.48174	5.06813e-02
0.48181	5.03296e-02
0.48188	4.99262e-02
0.48196	4.94891e-02
0.48205	4.90201e-02
0.48215	4.85211e-02
0.48227	4.79943e-02
0.48239	4.74422e-02
0.48253	4.68678e-02
0.48267	4.62743e-02
0.48283	4.56655e-02
0.48299	4.50454e-02
0.48317	4.44187e-02
0.48336	4.37903e-02
0.48355	4.31658e-02
0.48376	4.25508e-02
0.48398	4.19519e-02
0.48420	4.13756e-02
0.48443	4.08290e-02
0.48467	4.03196e-02
0.48492	3.98547e-02
0.48518	3.94422e-02
0.48544	3.90897e-02
0.48571	3.88046e-02
0.48598	3.85942e-02
0.48626	3.84649e-02
0.48655	3.84228e-02
0.48684	3.84729e-02
0.48713	3.86191e-02
0.48742	3.88643e-02
0.48772	3.92102e-02
0.48802	3.96570e-02
0.48832	4.02038e-02
0.48862	4.08487e-02
0.48892	4.15885e-02
0.48942	4.25990e-02
0.48986	4.36752e-02
0.49027	4.48099e-02
0.49065	4.60001e-02
0.49101	4.72433e-02
0.49135	4.85363e-02
0.49167	4.98751e-02
0.49199	5.12549e-02
0.49230	5.26708e-02
0.49259	5.41173e-02
0.49288	5.55888e-02
0.49316	5.70793e-02
0.49343	5.85828e-02
0.49368	6.00934e-02
0.49393	6.16053e-02
0.49416	6.31127e-02
0.49437	6.46105e-02
0.49458	6.60938e-02
0.49476	6.75583e-02
0.49494	6.90004e-02
0.49510	7.04139e-02
0.49524	7.17989e-02
0.49535	7.31454e-02
0.49546	7.44578e-02
0.49554	7.57348e-02
0.49561	7.69750e-02
0.49567	7.81773e-02
0.49571	7.93409e-02
0.49574	8.04649e-02
0.49576	8.15486e-02
0.49576	8.25917e-02
0.49575	8.35937e-02
0.49573	8.45544e-02
0.49570	8.54736e-02
0.49565	8.63514e-02
0.49559	8.71879e-02
0.49552	8.79833e-02
0.49544	8.87380e-02
0.49534	8.94524e-02
0.49524	9.01270e-02
0.49512	9.07625e-02
0.49499	9.13596e-02
0.49512	9.16195e-02
0.49525	9.18572e-02
0.49537	9.20740e-02
0.49548	9.22722e-02
0.49558	9.24554e-02
0.49567	9.26272e-02
0.49575	9.27911e-02
0.49581	9.29505e-02
0.49585	9.31077e-02
0.49587	9.32647e-02
0.49587	9.34228e-02
0.49585	9.35826e-02
0.49581	9.37443e-02
0.49574	9.39078e-02
0.49565	9.40726e-02
0.49553	9.42379e-02
0.49540	9.44031e-02
0.49524	9.45672e-02
0.49506	9.47294e-02
0.49486	9.48886e-02
0.49463	9.50442e-02
0.49439	9.51950e-02
0.49414	9.53404e-02
0.49386	9.54795e-02
0.49357	9.56114e-02
0.49326	9.57360e-02
0.49293	9.58522e-02
0.49259	9.59592e-02
0.49224	9.60562e-02
0.49188	9.61428e-02
0.49150	9.62183e-02
0.49112	9.62821e-02
0.49073	9.63336e-02
0.49033	9.63724e-02
0.48993	9.63979e-02
0.48952	9.64097e-02
0.48911	9.64075e-02
0.48869	9.63908e-02
0.48825	9.63528e-02
0.48781	9.62998e-02
0.48736	9.62317e-02
0.48692	9.61486e-02
0.48648	9.60506e-02
0.48605	9.59378e-02
0.48562	9.58106e-02
0.48520	9.56692e-02
0.48478	9.55140e-02
0.48438	9.53454e-02
0.48398	9.51641e-02
0.48359	9.49706e-02
0.48322	9.47656e-02
0.48286	9.45499e-02
0.48251	9.43242e-02
0.48217	9.40895e-02
0.48185	9.38466e-02
0.48154	9.35965e-02
0.48125	9.33402e-02
0.48097	9.30785e-02
0.48071	9.28068e-02
0.48046	9.25306e-02
0.48024	9.22511e-02
0.48002	9.19695e-02
0.47983	9.16869e-02
0.47965	9.14042e-02
0.47949	9.11224e-02
0.47935	9.08425e-02
0.47923	9.05653e-02
0.47912	9.02916e-02
0.47904	9.00221e-02
0.47896	8.97575e-02
0.47891	8.94985e-02
0.47887	8.92456e-02
0.47885	8.89992e-02
0.47885	8.87599e-02
0.47886	8.85280e-02
0.47888	8.83036e-02
0.47892	8.80872e-02
0.47897	8.78787e-02
0.47902	8.76567e-02
0.47908	8.74384e-02
0.47915	8.72241e-02
0.47921	8.70309e-02
0.47928	8.68450e-02
0.47935	8.66658e-02
0.47942	8.64933e-02
0.47950	8.63270e-02
0.47958	8.61667e-02
0.47967	8.60121e-02
0.47975	8.58628e-02
0.47984	8.57186e-02
0.47992	8.55791e-02
0.48001	8.54439e-02
0.48009	8.53129e-02
0.48017	8.51855e-02
0.48025	8.50617e-02
0.48032	8.49410e-02
0.48038	8.48234e-02
0.48044	8.47085e-02
0.48050	8.45963e-02
0.48054	8.44867e-02
0.48058	8.43795e-02
0.48061	8.42749e-02
0.48062	8.41728e-02
0.48063	8.40735e-02
0.48063	8.39771e-02
0.48061	8.38839e-02
0.48058	8.37942e-02
0.48054	8.37084e-02
0.48048	8.36270e-02
0.48041	8.35506e-02
0.48033	8.34797e-02
0.48023	8.34151e-02
0.48011	8.33574e-02
0.47998	8.33075e-02
0.47983	8.32663e-02
0.47967	8.32345e-02
0.47949	8.32133e-02
0.47929	8.32036e-02
0.47907	8.32063e-02
0.47884	8.32225e-02
0.47859	8.32533e-02
0.47832	8.32997e-02
0.47803	8.33625e-02
0.47773	8.34429e-02
0.47740	8.35416e-02
0.47706	8.36579e-02
0.47668	8.37926e-02
0.47629	8.39463e-02
0.47588	8.41191e-02
0.47546	8.43110e-02
0.47501	8.45220e-02
0.47454	8.47519e-02
0.47406	8.50002e-02
0.47356	8.52663e-02
0.47305	8.55495e-02
0.47253	8.58488e-02
0.47199	8.61631e-02
0.47144	8.64909e-02
0.47087	8.68432e-02
0.47028	8.72093e-02
0.46969	8.75868e-02
0.46909	8.79736e-02
0.46849	8.83675e-02
0.46787	8.87663e-02
0.46726	8.91679e-02
0.46664	8.95702e-02
0.46602	8.99710e-02
0.46540	9.03683e-02
0.46479	9.07600e-02
0.46417	9.11439e-02
0.46356	9.15182e-02
0.46296	9.18808e-02
0.46236	9.22298e-02
0.46177	9.25633e-02
0.46119	9.28795e-02
0.46062	9.31765e-02
0.46006	9.34526e-02
0.45951	9.37062e-02
0.45907	9.40596e-02
0.45864	9.43800e-02
0.45822	9.46660e-02
0.45781	9.49183e-02
0.45741	9.51383e-02
0.45703	9.53275e-02
0.45667	9.54868e-02
0.45633	9.56165e-02
0.45602	9.57164e-02
0.45573	9.57860e-02
0.45546	9.58244e-02
0.45522	9.58304e-02
0.45501	9.58030e-02
0.45482	9.57411e-02
0.45466	9.56437e-02
0.45452	9.55099e-02
0.45441	9.53393e-02
0.45433	9.51314e-02
0.45428	9.48861e-02
0.45425	9.46032e-02
0.45426	9.42832e-02
0.45429	9.39262e-02
0.45434	9.35422e-02
0.45452	9.30425e-02
0.45472	9.25203e-02
0.45495	9.19750e-02
0.45521	9.14061e-02
0.45549	9.08138e-02
0.45580	9.01983e-02
0.45614	8.95599e-02
0.45651	8.88991e-02
0.45692	8.82167e-02
0.45736	8.75136e-02
0.45784	8.67907e-02
0.45836	8.60495e-02
0.45893	8.52915e-02
0.45953	8.45187e-02
0.46017	8.37332e-02
0.46086	8.29378e-02
0.46159	8.21353e-02
0.46237	8.13290e-02
0.46320	8.05223e-02
0.46406	7.97179e-02
0.46497	7.89211e-02
0.46590	7.81563e-02
0.46686	7.74101e-02
0.46785	7.66867e-02
0.46889	7.59912e-02
0.46996	7.53290e-02
0.47106	7.47057e-02
0.47219	7.41267e-02
0.47334	7.35972e-02
0.47451	7.31217e-02
0.47568	7.27040e-02
0.47685	7.23467e-02
0.47802	7.20512e-02
0.47918	7.18180e-02
0.48033	7.16465e-02
0.48146	7.15354e-02
0.48257	7.14828e-02
0.48367	7.14862e-02
0.48473	7.15428e-02
0.48578	7.16496e-02
0.48680	7.18033e-02
0.48779	7.20007e-02
0.48876	7.22383e-02
0.48970	7.25127e-02
0.49061	7.28197e-02
0.49150	7.31572e-02
0.49236	7.35217e-02
0.49319	7.39100e-02
0.49399	7.43327e-02
0.49476	7.47732e-02
0.49550	7.52282e-02
0.49622	7.56945e-02
0.49691	7.61693e-02
0.49757	7.66499e-02
0.49821	7.71336e-02
0.49882	7.76181e-02
0.49940	7.81011e-02
0.49978	7.87147e-02
0.50014	7.93190e-02
0.50047	7.99114e-02
0.50078	8.04900e-02
0.50106	8.10537e-02
0.50133	8.16014e-02
0.50157	8.21324e-02
0.50180	8.26460e-02
0.50200	8.31415e-02
0.50218	8.36187e-02
0.50235	8.40771e-02
0.50249	8.45165e-02
0.50262	8.49366e-02
0.50272	8.53373e-02
0.50281	8.57186e-02
0.50286	8.60967e-02
0.50288	8.64574e-02
0.50289	8.68005e-02
0.50288	8.71259e-02
0.50285	8.74336e-02
0.50281	8.77241e-02
0.50275	8.79975e-02
0.50267	8.82543e-02
0.50258	8.84949e-02
0.50248	8.87199e-02
0.50236	8.89297e-02
0.50224	8.91250e-02
0.50210	8.93062e-02
0.50195	8.94741e-02
0.50178	8.96293e-02
0.50161	8.97722e-02
0.50144	8.99035e-02
0.50125	9.00237e-02
0.50105	9.01335e-02
0.50085	9.02331e-02
0.50065	9.03232e-02
0.50043	9.04039e-02
0.50022	9.04756e-02
0.50000	9.05385e-02
0.49977	9.05926e-02
0.49939	9.04323e-02
0.49905	9.03311e-02
0.49879	9.03155e-02
0.49861	9.04060e-02
0.49854	9.06161e-02
0.49857	9.09277e-02
0.49865	9.12950e-02
0.49874	9.16635e-02
0.49882	9.19917e-02
0.49888	9.22588e-02
0.49890	9.24592e-02
0.49890	9.25937e-02
0.49889	9.26650e-02
0.49886	9.26755e-02
0.49882	9.26268e-02
0.49877	9.25199e-02
0.49873	9.23555e-02
0.49868	9.21342e-02
0.49863	9.18566e-02
0.49859	9.15236e-02
0.49856	9.11363e-02
0.49853	9.06964e-02
0.49852	9.02061e-02
0.49852	8.96681e-02
0.49853	8.90859e-02
0.49855	8.84633e-02
0.49858	8.78047e-02
0.49859	8.71329e-02
0.49861	8.64367e-02
0.49863	8.57225e-02
0.49866	8.49973e-02
0.49869	8.42688e-02
0.49870	8.35445e-02
0.49871	8.28312e-02
0.49871	8.21338e-02
0.49870	8.14553e-02
0.49867	8.07966e-02
0.49863	8.01566e-02
0.49857	7.95332e-02
0.49851	7.89231e-02
0.49844	7.83230e-02
0.49837	7.77295e-02
0.49829	7.71393e-02
0.49821	7.65495e-02
0.49813	7.59578e-02
0.49805	7.53618e-02
0.49798	7.47600e-02
0.49791	7.41510e-02
0.49784	7.35338e-02
0.49778	7.29076e-02
0.49773	7.22721e-02
0.49767	7.16412e-02
0.49762	7.10025e-02
0.49757	7.03558e-02
0.49753	6.97012e-02
0.49749	6.90392e-02
0.49745	6.83705e-02
0.49743	6.76958e-02
0.49740	6.70162e-02
0.49739	6.63328e-02
0.49746	6.55438e-02
0.49753	6.47752e-02
0.49759	6.40200e-02
0.49765	6.32759e-02
0.49771	6.25432e-02
0.49777	6.18229e-02
0.49783	6.11164e-02
0.49789	6.04256e-02
0.49795	5.97524e-02
0.49800	5.90988e-02
0.49805	5.84671e-02
0.49809	5.78592e-02
0.49813	5.72774e-02
0.49817	5.67238e-02
0.49820	5.62006e-02
0.49821	5.57148e-02
0.49821	5.52655e-02
0.49821	5.48547e-02
0.49821	5.44847e-02
0.49820	5.41574e-02
0.49839	5.43756e-02
0.49849	5.44443e-02
0.49854	5.44272e-02
0.49855	5.43787e-02
0.49853	5.43350e-02
0.49850	5.43169e-02
0.49847	5.43367e-02
0.49842	5.44009e-02
0.49837	5.45132e-02
0.49831	5.46757e-02
0.49825	5.48894e-02
0.49819	5.51544e-02
0.49812	5.54706e-02
0.49805	5.58371e-02
0.49798	5.62531e-02
0.49790	5.67171e-02
0.49782	5.72276e-02
0.49773	5.77827e-02
0.49764	5.83805e-02
0.49755	5.90187e-02
0.49740	5.96528e-02
0.49724	6.03247e-02
0.49709	6.10333e-02
0.49708	6.19611e-02
0.49712	6.30055e-02
0.49721	6.41394e-02
0.49730	6.53195e-02
0.49738	6.65046e-02
0.49742	6.76695e-02
0.49744	6.88072e-02
0.49743	6.99214e-02
0.49740	7.10193e-02
0.49736	7.21078e-02
0.49731	7.31920e-02
0.49725	7.42751e-02
0.49720	7.53591e-02
0.49714	7.64447e-02
0.49709	7.75324e-02
0.49705	7.86223e-02
0.49701	7.97142e-02
0.49698	8.08080e-02
0.49695	8.19037e-02
0.49694	8.30013e-02
0.49694	8.41007e-02
0.49696	8.52022e-02
0.49698	8.63057e-02
0.49702	8.74113e-02
0.49708	8.85196e-02
0.49715	8.96287e-02
0.49723	9.07369e-02
0.49733	9.18416e-02
0.49745	9.29390e-02
0.49757	9.40241e-02
0.49770	9.50908e-02
0.49783	9.61324e-02
0.49797	9.71422e-02
0.49809	9.81138e-02
0.49822	9.90418e-02
0.49833	9.99236e-02
0.49843	1.00755e-01
0.49853	1.01536e-01
0.49862	1.02264e-01
0.49870	1.02942e-01
0.49878	1.03569e-01
0.49886	1.04146e-01
0.49894	1.04674e-01
0.49902	1.05155e-01
0.49926	1.05737e-01
0.49949	1.06259e-01
0.49971	1.06731e-01
0.49994	1.07158e-01
0.50016	1.07553e-01
0.50040	1.07904e-01
0.50063	1.08209e-01
0.50088	1.08467e-01
0.50113	1.08674e-01
0.50138	1.08829e-01
0.50163	1.08930e-01
0.50188	1.08975e-01
0.50213	1.08965e-01
0.50237	1.08911e-01
0.50259	1.08801e-01
0.50282	1.08638e-01
0.50304	1.08425e-01
0.50325	1.08163e-01
0.50346	1.07856e-01
0.50366	1.07507e-01
0.50386	1.07119e-01
0.50405	1.06694e-01
0.50424	1.06235e-01
0.50442	1.05752e-01
0.50459	1.05241e-01
0.50476	1.04706e-01
0.50492	1.04147e-01
0.50507	1.03567e-01
0.50532	1.02857e-01
0.50555	1.02137e-01
0.50577	1.01406e-01
0.50599	1.00668e-01
0.50619	9.99243e-02
0.50640	9.92126e-02
0.50659	9.84908e-02
0.50677	9.77615e-02
0.50693	9.70263e-02
0.50707	9.62865e-02
0.50720	9.55432e-02
0.50731	9.47970e-02
0.50741	9.40487e-02
0.50749	9.32987e-02
0.50756	9.25476e-02
0.50761	9.17958e-02
0.50765	9.10440e-02
0.50767	9.02925e-02
0.50768	8.95419e-02
0.50768	8.87929e-02
0.50766	8.80459e-02
0.50763	8.73016e-02
0.50759	8.65608e-02
0.50753	8.58240e-02
0.50746	8.50922e-02
0.50738	8.43660e-02
0.50729	8.36464e-02
0.50719	8.29341e-02
0.50706	8.22337e-02
0.50693	8.15429e-02
0.50678	8.08627e-02
0.50662	8.01943e-02
0.50646	7.95387e-02
0.50628	7.88971e-02
0.50609	7.82708e-02
0.50589	7.76611e-02
0.50568	7.70693e-02
0.50547	7.64969e-02
0.50525	7.59452e-02
0.50502	7.54157e-02
0.50478	7.49099e-02
0.50453	7.44293e-02
0.50429	7.39753e-02
0.50403	7.35494e-02
0.50377	7.31529e-02
0.50351	7.27869e-02
0.50324	7.24524e-02
0.50297	7.21504e-02
0.50270	7.18813e-02
0.50242	7.16456e-02
0.50214	7.14434e-02
0.50185	7.12745e-02
0.50153	7.11804e-02
0.50120	7.11201e-02
0.50087	7.10923e-02
0.50052	7.10960e-02
0.50017	7.11307e-02
0.49980	7.11957e-02
0.49943	7.12909e-02
0.49904	7.14160e-02
0.49865	7.15712e-02
0.49824	7.17563e-02
0.49783	7.19717e-02
0.49740	7.22252e-02
0.49696	7.25109e-02
0.49651	7.28287e-02
0.49605	7.31785e-02
0.49559	7.35600e-02
0.49512	7.39730e-02
0.49465	7.44168e-02
0.49417	7.48909e-02
0.49370	7.53946e-02
0.49330	7.60382e-02
0.49298	7.68254e-02
0.49273	7.77340e-02
0.49248	7.86732e-02
0.49213	7.96142e-02
0.49171	8.04897e-02
0.49125	8.13247e-02
0.49076	8.21480e-02
0.49027	8.29781e-02
0.48978	8.38242e-02
0.48930	8.46897e-02
0.48883	8.55743e-02
0.48837	8.64754e-02
0.48790	8.73835e-02
0.48743	8.82990e-02
0.48697	8.92163e-02
0.48651	9.01292e-02
0.48607	9.10323e-02
0.48563	9.19205e-02
0.48520	9.27897e-02
0.48478	9.36368e-02
0.48436	9.44596e-02
0.48396	9.52566e-02
0.48357	9.60269e-02
0.48319	9.67705e-02
0.48283	9.74878e-02
0.48249	9.81795e-02
0.48217	9.88465e-02
0.48185	9.95130e-02
0.48155	1.00162e-01
0.48127	1.00793e-01
0.48102	1.01408e-01
0.48078	1.02006e-01
0.48055	1.02574e-01
0.48034	1.03122e-01
0.48013	1.03653e-01
0.47994	1.04167e-01
0.47975	1.04663e-01
0.47958	1.05141e-01
0.47940	1.05600e-01
0.47924	1.06041e-01
0.47908	1.06462e-01
0.47892	1.06864e-01
0.47876	1.07246e-01
0.47861	1.07607e-01
0.47847	1.07946e-01
0.47832	1.08265e-01
0.47818	1.08562e-01
0.47805	1.08837e-01
0.47792	1.09089e-01
0.47780	1.09320e-01
0.47768	1.09528e-01
0.47757	1.09713e-01
0.47746	1.09872e-01
0.47736	1.10009e-01
0.47726	1.10123e-01
0.47716	1.10197e-01
0.47707	1.10249e-01
0.47698	1.10278e-01
0.47690	1.10285e-01
0.47684	1.10270e-01
0.47678	1.10234e-01
0.47673	1.10176e-01
0.47669	1.10097e-01
0.47667	1.09998e-01
0.47665	1.09878e-01
0.47665	1.09739e-01
0.47665	1.09581e-01
0.47667	1.09404e-01
0.47670	1.09209e-01
0.47674	1.08997e-01
0.47680	1.08768e-01
0.47686	1.08523e-01
0.47694	1.08262e-01
0.47703	1.07986e-01
0.47713	1.07695e-01
0.47724	1.07391e-01
0.47736	1.07074e-01
0.47750	1.06744e-01
0.47764	1.06403e-01
0.47779	1.06059e-01
0.47795	1.05706e-01
0.47812	1.05344e-01
0.47830	1.04974e-01
0.47848	1.04596e-01
0.47868	1.04211e-01
0.47888	1.03819e-01
0.47909	1.03421e-01
0.47931	1.03018e-01
0.47953	1.02609e-01
0.47976	1.02197e-01
0.47998	1.01785e-01
0.48021	1.01371e-01
0.48043	1.00956e-01
0.48066	1.00539e-01
0.48089	1.00121e-01
0.48112	9.97034e-02
0.48135	9.92865e-02
0.48158	9.88709e-02
0.48180	9.84575e-02
0.48203	9.80440e-02
0.48225	9.76339e-02
0.48246	9.72281e-02
0.48267	9.68275e-02
0.48288	9.64338e-02
0.48308	9.60475e-02
0.48328	9.56695e-02
0.48346	9.53008e-02
0.48364	9.49424e-02
0.48382	9.45954e-02
0.48398	9.42606e-02
0.48413	9.39391e-02
0.48427	9.36318e-02
0.48438	9.33387e-02
0.48448	9.30622e-02
0.48457	9.28034e-02
0.48463	9.25632e-02
0.48469	9.23424e-02
0.48472	9.21420e-02
0.48474	9.19626e-02
0.48475	9.18049e-02
0.48473	9.16695e-02
0.48470	9.15569e-02
0.48465	9.14667e-02
0.48458	9.13999e-02
0.48449	9.13568e-02
0.48439	9.13372e-02
0.48426	9.13410e-02
0.48427	9.13090e-02
0.48421	9.13290e-02
0.48410	9.13904e-02
0.48394	9.14851e-02
0.48374	9.16067e-02
0.48352	9.17504e-02
0.48327	9.19123e-02
0.48300	9.20893e-02
0.48272	9.22783e-02
0.48242	9.24766e-02
0.48210	9.26815e-02
0.48178	9.28905e-02
0.48146	9.31012e-02
0.48113	9.33114e-02
0.48079	9.35189e-02
0.48045	9.37217e-02
0.48011	9.39182e-02
0.47977	9.41067e-02
0.47943	9.42857e-02
0.47909	9.44539e-02
0.47875	9.46101e-02
0.47841	9.47533e-02
0.47808	9.48825e-02
0.47774	9.49968e-02
0.47741	9.50955e-02
0.47708	9.51780e-02
0.47675	9.52436e-02
0.47643	9.52919e-02
0.47609	9.53075e-02
0.47575	9.53026e-02
0.47541	9.52771e-02
0.47508	9.52311e-02
0.47475	9.51645e-02
0.47442	9.50773e-02
0.47409	9.49698e-02
0.47377	9.48422e-02
0.47345	9.46948e-02
0.47313	9.45280e-02
0.47282	9.43425e-02
0.47251	9.41387e-02
0.47221	9.39174e-02
0.47191	9.36795e-02
0.47161	9.34258e-02
0.47130	9.31096e-02
0.47098	9.27775e-02
0.47068	9.24315e-02
0.47038	9.20735e-02
0.47008	9.17048e-02
0.46980	9.13270e-02
0.46952	9.09417e-02
0.46925	9.05503e-02
0.46899	9.01545e-02
0.46885	8.96797e-02
0.46872	8.92109e-02
0.46859	8.87476e-02
0.46846	8.82898e-02
0.46834	8.78382e-02
0.46823	8.73938e-02
0.46813	8.69576e-02
0.46804	8.65309e-02
0.46795	8.61151e-02
0.46788	8.57114e-02
0.46781	8.53212e-02
0.46774	8.49435e-02
0.46768	8.45811e-02
0.46763	8.42351e-02
0.46759	8.39064e-02
0.46753	8.36046e-02
0.46747	8.33221e-02
0.46742	8.30590e-02
0.46739	8.28154e-02
0.46735	8.25910e-02
0.46731	8.23680e-02
0.46727	8.21627e-02
0.46724	8.19742e-02
0.46722	8.18017e-02
0.46721	8.16515e-02
0.46721	8.15147e-02
0.46723	8.13896e-02
0.46726	8.12747e-02
0.46730	8.11684e-02
0.46736	8.10695e-02
0.46743	8.09767e-02
0.46751	8.08891e-02
0.46761	8.08061e-02
0.46769	8.07643e-02
0.46777	8.07318e-02
0.46787	8.07060e-02
0.46796	8.06855e-02
0.46806	8.06694e-02
0.46815	8.06569e-02
0.46825	8.06474e-02
0.46834	8.06401e-02
0.46844	8.06342e-02
0.46852	8.06290e-02
0.46861	8.06234e-02
0.46868	8.06167e-02
0.46876	8.06081e-02
0.46883	8.05968e-02
0.46890	8.05820e-02
0.46895	8.05735e-02
0.46900	8.05611e-02
0.46905	8.05444e-02
0.46909	8.05228e-02
0.46913	8.04963e-02
0.46916	8.04647e-02
0.46919	8.04282e-02
0.46922	8.03870e-02
0.46924	8.03414e-02
0.46925	8.02920e-02
0.46926	8.02393e-02
0.46927	8.01840e-02
0.46927	8.01271e-02
0.46926	8.00693e-02
0.46924	8.00110e-02
0.46921	7.99538e-02
0.46917	7.98986e-02
0.46913	7.98466e-02
0.46907	7.97988e-02
0.46901	7.97562e-02
0.46894	7.97199e-02
0.46885	7.96907e-02
0.46876	7.96696e-02
0.46865	7.96574e-02
0.46854	7.96548e-02
0.46841	7.96626e-02
0.46827	7.96813e-02
0.46812	7.97114e-02
0.46793	7.97081e-02
0.46773	7.97113e-02
0.46751	7.97218e-02
0.46728	7.97401e-02
0.46703	7.97664e-02
0.46677	7.98005e-02
0.46649	7.98424e-02
0.46620	7.98917e-02
0.46589	7.99481e-02
0.46557	8.00110e-02
0.46523	8.00800e-02
0.46488	8.01544e-02
0.46452	8.02333e-02
0.46413	8.03162e-02
0.46374	8.04020e-02
0.46350	8.06065e-02
0.46325	8.08142e-02
0.46299	8.10243e-02
0.46272	8.12357e-02
0.46244	8.14474e-02
0.46215	8.16579e-02
0.46185	8.18657e-02
0.46154	8.20691e-02
0.46121	8.22665e-02
0.46086	8.24718e-02
0.46050	8.26674e-02
0.46012	8.28516e-02
0.45973	8.30224e-02
0.45933	8.31783e-02
0.45890	8.33180e-02
0.45847	8.34403e-02
0.45802	8.35445e-02
0.45755	8.36300e-02
0.45707	8.36965e-02
0.45658	8.37440e-02
0.45608	8.37776e-02
0.45556	8.37929e-02
0.45503	8.37902e-02
0.45450	8.37702e-02
0.45394	8.37557e-02
0.45338	8.37292e-02
0.45281	8.36914e-02
0.45223	8.36434e-02
0.45165	8.35864e-02
0.45107	8.35156e-02
0.45049	8.34382e-02
0.44991	8.33560e-02
0.44933	8.32710e-02
0.44873	8.32201e-02
0.44812	8.31762e-02
0.44753	8.31404e-02
0.44693	8.31145e-02
0.44635	8.31000e-02
0.44577	8.30991e-02
0.44520	8.31137e-02
0.44464	8.31460e-02
0.44409	8.31981e-02
0.44369	8.32725e-02
0.44330	8.33636e-02
0.44290	8.34740e-02
0.44249	8.36065e-02
0.44206	8.37445e-02
0.44163	8.39096e-02
0.44121	8.41050e-02
0.44078	8.43334e-02
0.44036	8.45973e-02
0.43995	8.48987e-02
0.43955	8.52393e-02
0.43915	8.56203e-02
0.43877	8.60425e-02
0.43840	8.65063e-02
0.43805	8.70117e-02
0.43770	8.75409e-02
0.43736	8.81091e-02
0.43704	8.87147e-02
0.43675	8.93555e-02
0.43647	9.00286e-02
0.43622	9.07308e-02
0.43600	9.14587e-02
0.43580	9.22090e-02
0.43564	9.29782e-02
0.43549	9.37635e-02
0.43538	9.45621e-02
0.43527	9.53570e-02
0.43518	9.61610e-02
0.43512	9.69723e-02
0.43493	9.76539e-02
0.43480	9.83796e-02
0.43475	9.91563e-02
0.43476	9.99787e-02
0.43484	1.00833e-01
0.43496	1.01703e-01
0.43510	1.02577e-01
0.43528	1.03444e-01
0.43543	1.04265e-01
0.43560	1.05067e-01
0.43579	1.05846e-01
0.43599	1.06600e-01
0.43620	1.07324e-01
0.43643	1.08015e-01
0.43666	1.08664e-01
0.43691	1.09274e-01
0.43716	1.09840e-01
0.43742	1.10361e-01
0.43769	1.10835e-01
0.43796	1.11259e-01
0.43824	1.11633e-01
0.43853	1.11955e-01
0.43882	1.12223e-01
0.43912	1.12439e-01
0.43942	1.12600e-01
0.43972	1.12708e-01
0.44003	1.12762e-01
0.44034	1.12762e-01
0.44064	1.12710e-01
0.44095	1.12607e-01
0.44126	1.12452e-01
0.44157	1.12249e-01
0.44187	1.11997e-01
0.44218	1.11699e-01
0.44248	1.11357e-01
0.44277	1.10971e-01
0.44307	1.10546e-01
0.44335	1.10081e-01
0.44361	1.09610e-01
0.44386	1.09110e-01
0.44410	1.08581e-01
0.44433	1.08027e-01
0.44455	1.07449e-01
0.44476	1.06849e-01
0.44496	1.06232e-01
0.44516	1.05598e-01
0.44534	1.04951e-01
0.44551	1.04295e-01
0.44568	1.03633e-01
0.44582	1.02957e-01
0.44594	1.02283e-01
0.44606	1.01614e-01
0.44616	1.00956e-01
0.44624	1.00315e-01
0.44632	9.96928e-02
0.44637	9.90934e-02
0.44641	9.85204e-02
0.44644	9.79772e-02
0.44644	9.74627e-02
0.44643	9.69841e-02
0.44640	9.65439e-02
0.44635	9.61440e-02
0.44627	9.57973e-02
0.44616	9.54949e-02
0.44604	9.52371e-02
0.44590	9.50238e-02
0.44574	9.48548e-02
0.44555	9.47291e-02
0.44535	9.46456e-02
0.44513	9.46029e-02
0.44489	9.45988e-02
0.44471	9.46305e-02
0.44453	9.47047e-02
0.44436	9.48216e-02
0.44419	9.49810e-02
0.44402	9.51813e-02
0.44384	9.54184e-02
0.44364	9.56861e-02
0.44342	9.59768e-02
0.44316	9.62828e-02
0.44288	9.65970e-02
0.44257	9.69139e-02
0.44224	9.72291e-02
0.44189	9.75391e-02
0.44153	9.78411e-02
0.44115	9.81326e-02
0.44075	9.84248e-02
0.44034	9.87041e-02
0.43993	9.89685e-02
0.43952	9.92161e-02
0.43910	9.94457e-02
0.43869	9.96563e-02
0.43828	9.98473e-02
0.43788	1.00018e-01
0.43748	1.00169e-01
0.43710	1.00301e-01
0.43672	1.00412e-01
0.43636	1.00506e-01
0.43601	1.00581e-01
0.43567	1.00640e-01
0.43535	1.00684e-01
0.43505	1.00714e-01
0.43477	1.00732e-01
0.43451	1.00741e-01
0.43426	1.00742e-01
0.43404	1.00737e-01
0.43385	1.00730e-01
0.43367	1.00721e-01
0.43352	1.00712e-01
0.43340	1.00707e-01
0.43330	1.00708e-01
0.43322	1.00717e-01
0.43317	1.00738e-01
0.43315	1.00772e-01
0.43306	1.00680e-01
0.43300	1.00604e-01
0.43297	1.00548e-01
0.43297	1.00519e-01
0.43301	1.00526e-01
0.43309	1.00576e-01
0.43323	1.00678e-01
0.43341	1.00839e-01
0.43365	1.01064e-01
0.43395	1.01354e-01
0.43430	1.01703e-01
0.43469	1.02108e-01
0.43512	1.02559e-01
0.43559	1.03053e-01
0.43610	1.03587e-01
0.43664	1.04160e-01
0.43721	1.04771e-01
0.43782	1.05420e-01
0.43844	1.06096e-01
0.43909	1.06807e-01
0.43977	1.07553e-01
0.44049	1.08329e-01
0.44123	1.09131e-01
0.44199	1.09952e-01
0.44276	1.10790e-01
0.44355	1.11630e-01
0.44435	1.12464e-01
0.44516	1.13283e-01
0.44597	1.14079e-01
0.44679	1.14843e-01
0.44761	1.15569e-01
0.44843	1.16250e-01
0.44924	1.16884e-01
0.45006	1.17466e-01
0.45086	1.17994e-01
0.45190	1.18435e-01
0.45295	1.18824e-01
0.45399	1.19162e-01
0.45499	1.19449e-01
0.45595	1.19686e-01
0.45686	1.19870e-01
0.45774	1.19998e-01
0.45857	1.20071e-01
0.45937	1.20087e-01
0.46010	1.20036e-01
0.46079	1.19928e-01
0.46145	1.19762e-01
0.46207	1.19540e-01
0.46265	1.19280e-01
0.46321	1.18967e-01
0.46374	1.18602e-01
0.46424	1.18186e-01
0.46473	1.17720e-01
0.46521	1.17204e-01
0.46567	1.16641e-01
0.46611	1.16032e-01
0.46655	1.15379e-01
0.46697	1.14655e-01
0.46739	1.13892e-01
0.46780	1.13092e-01
0.46821	1.12257e-01
0.46862	1.11391e-01
0.46902	1.10496e-01
0.46943	1.09575e-01
0.46984	1.08629e-01
0.47024	1.07662e-01
0.47065	1.06675e-01
0.47105	1.05670e-01
0.47145	1.04650e-01
0.47184	1.03616e-01
0.47223	1.02569e-01
0.47261	1.01513e-01
0.47298	1.00453e-01
0.47333	9.93871e-02
0.47368	9.83151e-02
0.47401	9.72387e-02
0.47433	9.61595e-02
0.47463	9.50788e-02
0.47492	9.39982e-02
0.47519	9.29192e-02
0.47544	9.18436e-02
0.47568	9.07731e-02
0.47589	8.97094e-02
0.47609	8.86542e-02
0.47627	8.76093e-02
0.47643	8.65766e-02
0.47639	8.57475e-02
0.47633	8.49233e-02
0.47628	8.41003e-02
0.47622	8.32777e-02
0.47616	8.24563e-02
0.47609	8.16386e-02
0.47601	8.08276e-02
0.47593	8.00266e-02
0.47583	7.92388e-02
0.47571	7.84673e-02
0.47558	7.77146e-02
0.47543	7.69833e-02
0.47526	7.62757e-02
0.47507	7.55938e-02
0.47485	7.49304e-02
0.47460	7.42963e-02
0.47433	7.36934e-02
0.47402	7.31368e-02
0.47368	7.26173e-02
0.47331	7.21362e-02
0.47291	7.16944e-02
0.47248	7.12933e-02
0.47202	7.09338e-02
0.47153	7.06171e-02
0.47101	7.03442e-02
0.47046	7.01158e-02
0.46988	6.99328e-02
0.46927	6.97960e-02
0.46863	6.97059e-02
0.46796	6.96629e-02
0.46727	6.96676e-02
0.46654	6.97202e-02
0.46579	6.98210e-02
0.46501	6.99700e-02
0.46420	7.01673e-02
0.46337	7.04128e-02
0.46252	7.07064e-02
0.46164	7.10478e-02
0.46072	7.14256e-02
0.45978	7.18507e-02
0.45883	7.23227e-02
0.45785	7.28410e-02
0.45686	7.34049e-02
0.45585	7.40133e-02
0.45482	7.46655e-02
0.45378	7.53604e-02
0.45273	7.60966e-02
0.45166	7.68729e-02
0.45059	7.76877e-02
0.44948	7.85398e-02
0.44837	7.94270e-02
0.44725	8.03475e-02
0.44613	8.12991e-02
0.44498	8.22690e-02
0.44383	8.32648e-02
0.44268	8.42841e-02
0.44153	8.53242e-02
0.44039	8.63821e-02
0.43924	8.74500e-02
0.43811	8.85273e-02
0.43698	8.96105e-02
0.43587	9.06963e-02
0.43476	9.17912e-02
0.43367	9.28821e-02
0.43260	9.39664e-02
0.43156	9.50415e-02
0.43053	9.61052e-02
0.42952	9.71556e-02
0.42854	9.81906e-02
0.42758	9.92078e-02
0.42664	1.00205e-01
0.42571	1.01165e-01
0.42481	1.02102e-01
0.42394	1.03013e-01
0.42311	1.03894e-01
0.42231	1.04744e-01
0.42155	1.05561e-01
0.42083	1.06344e-01
0.42014	1.07090e-01
0.41949	1.07800e-01
0.41888	1.08473e-01
0.41830	1.09107e-01
0.41776	1.09703e-01
0.41726	1.10259e-01
0.41679	1.10777e-01
0.41635	1.11256e-01
0.41595	1.11705e-01
0.41558	1.12115e-01
0.41524	1.12489e-01
0.41493	1.12825e-01
0.41465	1.13124e-01
0.41440	1.13389e-01
0.41419	1.13619e-01
0.41400	1.13817e-01
0.41383	1.13983e-01
0.41370	1.14118e-01
0.41359	1.14226e-01
0.41350	1.14306e-01
0.41343	1.14362e-01
0.41339	1.14394e-01
0.41332	1.14416e-01
0.41326	1.14414e-01
0.41323	1.14390e-01
0.41322	1.14345e-01
0.41322	1.14282e-01
0.41324	1.14203e-01
0.41327	1.14109e-01
0.41333	1.14002e-01
0.41339	1.13884e-01
0.41347	1.13757e-01
0.41357	1.13622e-01
0.41367	1.13481e-01
0.41379	1.13335e-01
0.41392	1.13185e-01
0.41405	1.12997e-01
0.41418	1.12806e-01
0.41432	1.12613e-01
0.41447	1.12418e-01
0.41463	1.12222e-01
0.41480	1.12027e-01
0.41498	1.11831e-01
0.41516	1.11637e-01
0.41536	1.11443e-01
0.41556	1.11250e-01
0.41577	1.11058e-01
0.41599	1.10870e-01
0.41622	1.10685e-01
0.41646	1.10499e-01
0.41670	1.10314e-01
0.41696	1.10128e-01
0.41722	1.09940e-01
0.41750	1.09750e-01
0.41778	1.09556e-01
0.41808	1.09358e-01
0.41838	1.09154e-01
0.41870	1.08943e-01
0.41902	1.08725e-01
0.41936	1.08498e-01
0.41970	1.08262e-01
0.42005	1.08015e-01
0.42041	1.07756e-01
0.42079	1.07484e-01
0.42117	1.07198e-01
0.42156	1.06897e-01
0.42195	1.06580e-01
0.42236	1.06246e-01
0.42277	1.05894e-01
0.42320	1.05524e-01
0.42362	1.05135e-01
0.42404	1.04739e-01
0.42446	1.04325e-01
0.42488	1.03892e-01
0.42531	1.03439e-01
0.42573	1.02963e-01
0.42616	1.02467e-01
0.42658	1.01951e-01
0.42701	1.01413e-01
0.42744	1.00855e-01
0.42786	1.00275e-01
0.42828	9.96749e-02
0.42869	9.90543e-02
0.42911	9.84137e-02
0.42951	9.77535e-02
0.42992	9.70742e-02
0.43032	9.63764e-02
0.43072	9.56609e-02
0.43111	9.49284e-02
0.43149	9.41797e-02
0.43187	9.34159e-02
0.43224	9.26379e-02
0.43260	9.18468e-02
0.43294	9.10330e-02
0.43326	9.02082e-02
0.43358	8.93739e-02
0.43389	8.85314e-02
0.43419	8.76822e-02
0.43448	8.68279e-02
0.43477	8.59700e-02
0.43505	8.51102e-02
0.43532	8.42500e-02
0.43559	8.33911e-02
0.43584	8.25354e-02
0.43608	8.16778e-02
0.43631	8.08262e-02
0.43653	7.99828e-02
0.43674	7.91493e-02
0.43672	7.83857e-02
0.43669	7.76397e-02
0.43664	7.69135e-02
0.43660	7.62088e-02
0.43655	7.55271e-02
0.43651	7.48697e-02
0.43646	7.42374e-02
0.43643	7.36310e-02
0.43641	7.30509e-02
0.43640	7.24973e-02
0.43641	7.19705e-02
0.43643	7.14706e-02
0.43647	7.09978e-02
0.43653	7.05526e-02
0.43679	7.03461e-02
0.43706	7.01465e-02
0.43733	6.99591e-02
0.43762	6.97869e-02
0.43791	6.96321e-02
0.43821	6.94962e-02
0.43852	6.93804e-02
0.43883	6.92855e-02
0.43915	6.92124e-02
0.43947	6.91612e-02
0.43980	6.91320e-02
0.44013	6.91247e-02
0.44047	6.91386e-02
0.44081	6.91732e-02
0.44126	6.94481e-02
0.44172	6.97564e-02
0.44220	7.00987e-02
0.44267	7.04858e-02
0.44315	7.09055e-02
0.44363	7.13547e-02
0.44411	7.18305e-02
0.44460	7.23302e-02
0.44509	7.28522e-02
0.44556	7.33957e-02
0.44604	7.39607e-02
0.44649	7.45497e-02
0.44694	7.51608e-02
0.44736	7.57938e-02
0.44777	7.64486e-02
0.44816	7.71244e-02
0.44853	7.78203e-02
0.44887	7.85351e-02
0.44918	7.92674e-02
0.44946	8.00159e-02
0.44971	8.07790e-02
0.44993	8.15555e-02
0.45012	8.23439e-02
0.45027	8.31431e-02
0.45037	8.39579e-02
0.45044	8.47810e-02
0.45047	8.56112e-02
0.45046	8.64475e-02
0.45042	8.72889e-02
0.45034	8.81344e-02
0.45022	8.89831e-02
0.45007	8.98338e-02
0.44988	9.06862e-02
0.44965	9.15384e-02
0.44939	9.23893e-02
0.44909	9.32374e-02
0.44875	9.40814e-02
0.44838	9.49199e-02
0.44797	9.57510e-02
0.44760	9.65196e-02
0.44718	9.72830e-02
0.44673	9.80374e-02
0.44623	9.87799e-02
0.44569	9.95076e-02
0.44509	1.00207e-01
0.44445	1.00886e-01
0.44377	1.01543e-01
0.44306	1.02174e-01
0.44231	1.02779e-01
0.44153	1.03355e-01
0.44072	1.03900e-01
0.43988	1.04412e-01
0.43902	1.04889e-01
0.43815	1.05330e-01
0.43725	1.05733e-01
0.43634	1.06097e-01
0.43542	1.06420e-01
0.43450	1.06702e-01
0.43357	1.06942e-01
0.43263	1.07139e-01
0.43170	1.07293e-01
0.43077	1.07405e-01
0.42985	1.07473e-01
0.42893	1.07499e-01
0.42802	1.07484e-01
0.42711	1.07429e-01
0.42622	1.07335e-01
0.42534	1.07203e-01
0.42446	1.07038e-01
0.42360	1.06839e-01
0.42275	1.06608e-01
0.42190	1.06346e-01
0.42104	1.06057e-01
0.42019	1.05741e-01
0.41935	1.05400e-01
0.41852	1.05036e-01
0.41769	1.04651e-01
0.41688	1.04245e-01
0.41608	1.03821e-01
0.41528	1.03379e-01
0.41451	1.02922e-01
0.41374	1.02449e-01
0.41300	1.01963e-01
0.41226	1.01464e-01
0.41155	1.00954e-01
0.41085	1.00433e-01
0.41015	9.98842e-02
0.40946	9.93259e-02
0.40879	9.87594e-02
0.40814	9.81860e-02
0.40752	9.76067e-02
0.40691	9.70223e-02
0.40632	9.64336e-02
0.40576	9.58415e-02
0.40522	9.52465e-02
0.40470	9.46493e-02
0.40420	9.40504e-02
0.40372	9.34503e-02
0.40327	9.28496e-02
0.40284	9.22486e-02
0.40243	9.16415e-02
0.40203	9.10331e-02
0.40166	9.04243e-02
0.40126	8.97879e-02
0.40088	8.91513e-02
0.40052	8.85156e-02
0.40017	8.78817e-02
0.39985	8.72502e-02
0.39954	8.66216e-02
0.39925	8.59965e-02
0.39898	8.53752e-02
0.39872	8.47746e-02
0.39847	8.41796e-02
0.39824	8.35905e-02
0.39802	8.30078e-02
0.39782	8.24318e-02
0.39764	8.18632e-02
0.39747	8.13026e-02
0.39732	8.07504e-02
0.39718	8.02075e-02
0.39705	7.96746e-02
0.39692	7.91627e-02
0.39680	7.86639e-02
0.39668	7.81789e-02
0.39656	7.77340e-02
0.39645	7.73076e-02
0.39634	7.69001e-02
0.39624	7.65121e-02
0.39614	7.61444e-02
0.39606	7.57978e-02
0.39597	7.54731e-02
0.39590	7.51712e-02
0.39583	7.48929e-02
0.39576	7.46391e-02
0.39570	7.44106e-02
0.39564	7.42082e-02
0.39558	7.40327e-02
0.39553	7.38848e-02
0.39548	7.37650e-02
0.39536	7.36853e-02
0.39523	7.36332e-02
0.39510	7.36090e-02
0.39498	7.36129e-02
0.39485	7.36448e-02
0.39471	7.36858e-02
0.39457	7.37545e-02
0.39442	7.38506e-02
0.39427	7.39739e-02
0.39412	7.41241e-02
0.39397	7.43007e-02
0.39382	7.45030e-02
0.39366	7.47303e-02
0.39350	7.49819e-02
0.39333	7.52566e-02
0.39315	7.55536e-02
0.39298	7.58716e-02
0.39279	7.62094e-02
0.39260	7.65658e-02
0.39240	7.69393e-02
0.39220	7.73286e-02
0.39198	7.77323e-02
0.39176	7.81488e-02
0.39153	7.85767e-02
0.39129	7.90143e-02
0.39104	7.94603e-02
0.39078	7.99132e-02
0.39051	8.03713e-02
0.39023	8.08334e-02
0.38990	8.13433e-02
0.38957	8.18563e-02
0.38921	8.23704e-02
0.38885	8.28838e-02
0.38867	8.36586e-02
0.38843	8.43583e-02
0.38814	8.50063e-02
0.38782	8.56177e-02
0.38747	8.62003e-02
0.38710	8.67585e-02
0.38672	8.72948e-02
0.38631	8.78108e-02
0.38590	8.83080e-02
0.38546	8.87876e-02
0.38502	8.92508e-02
0.38456	8.96988e-02
0.38410	9.01325e-02
0.38363	9.05530e-02
0.38312	9.09465e-02
0.38261	9.13284e-02
0.38209	9.16998e-02
0.38157	9.20617e-02
0.38104	9.24150e-02
0.38051	9.27607e-02
0.37999	9.30999e-02
0.37946	9.34336e-02
0.37893	9.37627e-02
0.37840	9.40883e-02
0.37787	9.44115e-02
0.37735	9.47333e-02
0.37683	9.50547e-02
0.37631	9.53768e-02
0.37592	9.58900e-02
0.37551	9.63727e-02
0.37509	9.68336e-02
0.37464	9.72872e-02
0.37418	9.77320e-02
0.37373	9.81722e-02
0.37327	9.86110e-02
0.37283	9.90508e-02
0.37238	9.94935e-02
0.37195	9.99407e-02
0.37152	1.00393e-01
0.37108	1.00886e-01
0.37064	1.01389e-01
0.37022	1.01903e-01
0.36981	1.02427e-01
0.36941	1.02963e-01
0.36902	1.03511e-01
0.36864	1.04070e-01
0.36828	1.04640e-01
0.36793	1.05222e-01
0.36760	1.05816e-01
0.36733	1.06360e-01
0.36706	1.06940e-01
0.36679	1.07549e-01
0.36650	1.08195e-01
0.36621	1.08863e-01
0.36593	1.09551e-01
0.36566	1.10258e-01
0.36540	1.10981e-01
0.36515	1.11719e-01
0.36491	1.12471e-01
0.36468	1.13236e-01
0.36446	1.14012e-01
0.36425	1.14800e-01
0.36405	1.15596e-01
0.36386	1.16402e-01
0.36369	1.17215e-01
0.36352	1.18034e-01
0.36336	1.18859e-01
0.36324	1.19665e-01
0.36312	1.20477e-01
0.36300	1.21292e-01
0.36290	1.22108e-01
0.36280	1.22923e-01
0.36270	1.23729e-01
0.36260	1.24531e-01
0.36251	1.25329e-01
0.36242	1.26123e-01
0.36234	1.26911e-01
0.36225	1.27693e-01
0.36217	1.28469e-01
0.36209	1.29236e-01
0.36201	1.29995e-01
0.36192	1.30743e-01
0.36184	1.31480e-01
0.36176	1.32204e-01
0.36168	1.32915e-01
0.36160	1.33610e-01
0.36151	1.34288e-01
0.36143	1.34948e-01
0.36134	1.35590e-01
0.36126	1.36211e-01
0.36117	1.36810e-01
0.36109	1.37386e-01
0.36100	1.37939e-01
0.36092	1.38466e-01
0.36083	1.38967e-01
0.36075	1.39440e-01
0.36057	1.39932e-01
0.36040	1.40393e-01
0.36024	1.40821e-01
0.36010	1.41211e-01
0.35996	1.41536e-01
0.35984	1.41813e-01
0.35975	1.42041e-01
0.35970	1.42216e-01
0.35967	1.42336e-01
0.35969	1.42401e-01
0.35973	1.42413e-01
0.35979	1.42376e-01
0.35986	1.42295e-01
0.35995	1.42172e-01
0.36003	1.42012e-01
0.36012	1.41816e-01
0.36020	1.41584e-01
0.36029	1.41315e-01
0.36024	1.40982e-01
0.36021	1.40615e-01
0.36021	1.40211e-01
0.36022	1.39773e-01
0.36027	1.39299e-01
0.36034	1.38787e-01
0.36044	1.38238e-01
0.36056	1.37652e-01
0.36070	1.37028e-01
0.36087	1.36368e-01
0.36105	1.35672e-01
0.36125	1.34941e-01
0.36147	1.34177e-01
0.36171	1.33381e-01
0.36210	1.32797e-01
0.36250	1.32165e-01
0.36290	1.31490e-01
0.36347	1.30741e-01
0.36404	1.29952e-01
0.36462	1.29126e-01
0.36519	1.28266e-01
0.36577	1.27375e-01
0.36635	1.26457e-01
0.36692	1.25516e-01
0.36748	1.24553e-01
0.36813	1.23450e-01
0.36873	1.22375e-01
0.36931	1.21320e-01
0.36985	1.20276e-01
0.37038	1.19241e-01
0.37089	1.18211e-01
0.37138	1.17187e-01
0.37186	1.16172e-01
0.37231	1.15168e-01
0.37275	1.14181e-01
0.37317	1.13214e-01
0.37356	1.12273e-01
0.37393	1.11360e-01
0.37421	1.10465e-01
0.37446	1.09602e-01
0.37469	1.08775e-01
0.37489	1.07983e-01
0.37507	1.07229e-01
0.37522	1.06512e-01
0.37535	1.05831e-01
0.37545	1.05187e-01
0.37554	1.04578e-01
0.37560	1.04005e-01
0.37565	1.03467e-01
0.37568	1.02963e-01
0.37570	1.02494e-01
0.37570	1.02058e-01
0.37569	1.01657e-01
0.37567	1.01289e-01
0.37564	1.00956e-01
0.37559	1.00656e-01
0.37554	1.00390e-01
0.37548	1.00159e-01
0.37564	1.00064e-01
0.37578	9.99958e-02
0.37591	9.99549e-02
0.37603	9.99408e-02
0.37614	9.99533e-02
0.37624	9.99921e-02
0.37633	1.00057e-01
0.37642	1.00148e-01
0.37649	1.00265e-01
0.37655	1.00408e-01
0.37661	1.00576e-01
0.37667	1.00770e-01
0.37671	1.00989e-01
0.37675	1.01233e-01
0.37679	1.01501e-01
0.37682	1.01794e-01
0.37685	1.02112e-01
0.37688	1.02453e-01
0.37691	1.02818e-01
0.37693	1.03206e-01
0.37695	1.03617e-01
0.37697	1.04050e-01
0.37699	1.04505e-01
0.37701	1.04981e-01
0.37703	1.05478e-01
0.37705	1.05994e-01
0.37707	1.06530e-01
0.37708	1.07083e-01
0.37742	1.07911e-01
0.37770	1.08712e-01
0.37792	1.09486e-01
0.37811	1.10245e-01
0.37826	1.10996e-01
0.37840	1.11746e-01
0.37852	1.12500e-01
0.37864	1.13260e-01
0.37875	1.14027e-01
0.37886	1.14800e-01
0.37896	1.15579e-01
0.37906	1.16364e-01
0.37916	1.17152e-01
0.37925	1.17943e-01
0.37931	1.18725e-01
0.37937	1.19506e-01
0.37942	1.20288e-01
0.37941	1.21074e-01
0.37939	1.21859e-01
0.37936	1.22642e-01
0.37933	1.23422e-01
0.37929	1.24200e-01
0.37925	1.24974e-01
0.37919	1.25744e-01
0.37913	1.26511e-01
0.37906	1.27274e-01
0.37899	1.28032e-01
0.37891	1.28786e-01
0.37881	1.29514e-01
0.37870	1.30238e-01
0.37859	1.30957e-01
0.37846	1.31671e-01
0.37831	1.32380e-01
0.37816	1.33083e-01
0.37799	1.33781e-01
0.37782	1.34473e-01
0.37764	1.35159e-01
0.37746	1.35838e-01
0.37726	1.36511e-01
0.37705	1.37177e-01
0.37684	1.37835e-01
0.37662	1.38485e-01
0.37638	1.39128e-01
0.37631	1.39785e-01
0.37628	1.40442e-01
0.37627	1.41101e-01
0.37628	1.41761e-01
0.37630	1.42420e-01
0.37629	1.43074e-01
0.37620	1.43773e-01
0.37605	1.44454e-01
0.37585	1.45114e-01
0.37533	1.45830e-01
0.37476	1.46535e-01
0.37414	1.47227e-01
0.37351	1.47904e-01
0.37288	1.48560e-01
0.37226	1.49192e-01
0.37166	1.49800e-01
0.37107	1.50383e-01
0.37049	1.50944e-01
0.36991	1.51483e-01
0.36934	1.52003e-01
0.36876	1.52505e-01
0.36818	1.52989e-01
0.36759	1.53455e-01
0.36701	1.53904e-01
0.36645	1.54313e-01
0.36591	1.54690e-01
0.36540	1.55035e-01
0.36492	1.55348e-01
0.36446	1.55633e-01
0.36401	1.55896e-01
0.36355	1.56147e-01
0.36308	1.56393e-01
0.36257	1.56638e-01
0.36202	1.56881e-01
0.36146	1.57117e-01
0.36088	1.57339e-01
0.36029	1.57542e-01
0.35972	1.57723e-01
0.35915	1.57879e-01
0.35859	1.58012e-01
0.35805	1.58120e-01
0.35752	1.58204e-01
0.35701	1.58264e-01
0.35650	1.58301e-01
0.35602	1.58316e-01
0.35554	1.58309e-01
0.35508	1.58280e-01
0.35464	1.58230e-01
0.35421	1.58159e-01
0.35380	1.58068e-01
0.35340	1.57957e-01
0.35302	1.57827e-01
0.35265	1.57677e-01
0.35230	1.57509e-01
0.35197	1.57322e-01
0.35166	1.57117e-01
0.35127	1.56949e-01
0.35096	1.56874e-01
0.35066	1.56771e-01
0.35038	1.56646e-01
0.35010	1.56503e-01
0.34985	1.56345e-01
0.34961	1.56176e-01
0.34939	1.55996e-01
0.34920	1.55810e-01
0.34903	1.55617e-01
0.34888	1.55419e-01
0.34876	1.55217e-01
0.34866	1.55012e-01
0.34859	1.54804e-01
0.34854	1.54591e-01
0.34846	1.54380e-01
0.34839	1.54163e-01
0.34835	1.53936e-01
0.34832	1.53696e-01
0.34830	1.53443e-01
0.34829	1.53172e-01
0.34829	1.52881e-01
0.34830	1.52570e-01
0.34831	1.52236e-01
0.34833	1.51878e-01
0.34835	1.51496e-01
0.34837	1.51090e-01
0.34840	1.50660e-01
0.34842	1.50207e-01
0.34836	1.49725e-01
0.34830	1.49226e-01
0.34823	1.48710e-01
0.34805	1.48205e-01
0.34788	1.47684e-01
0.34769	1.47149e-01
0.34751	1.46600e-01
0.34733	1.46038e-01
0.34714	1.45463e-01
0.34695	1.44877e-01
0.34675	1.44279e-01
0.34655	1.43680e-01
0.34635	1.43071e-01
0.34614	1.42453e-01
0.34594	1.41826e-01
0.34597	1.41440e-01
0.34599	1.41044e-01
0.34601	1.40640e-01
0.34602	1.40231e-01
0.34604	1.39817e-01
0.34605	1.39399e-01
0.34606	1.38989e-01
0.34605	1.38576e-01
0.34605	1.38159e-01
0.34603	1.37738e-01
0.34601	1.37312e-01
0.34599	1.36883e-01
0.34596	1.36449e-01
0.34592	1.36012e-01
0.34587	1.35572e-01
0.34581	1.35132e-01
0.34574	1.34691e-01
0.34566	1.34252e-01
0.34557	1.33816e-01
0.34548	1.33385e-01
0.34537	1.32962e-01
0.34525	1.32547e-01
0.34512	1.32143e-01
0.34498	1.31752e-01
0.34481	1.31375e-01
0.34463	1.31014e-01
0.34443	1.30670e-01
0.34423	1.30347e-01
0.34401	1.30045e-01
0.34377	1.29766e-01
0.34353	1.29512e-01
0.34326	1.29283e-01
0.34299	1.29083e-01
0.34270	1.28911e-01
0.34240	1.28769e-01
0.34208	1.28658e-01
0.34174	1.28578e-01
0.34140	1.28531e-01
0.34103	1.28517e-01
0.34066	1.28537e-01
0.34026	1.28591e-01
0.33985	1.28679e-01
0.33943	1.28801e-01
0.33899	1.28958e-01
0.33854	1.29150e-01
0.33807	1.29377e-01
0.33758	1.29638e-01
0.33708	1.29933e-01
0.33657	1.30262e-01
0.33604	1.30625e-01
0.33550	1.31022e-01
0.33494	1.31452e-01
0.33436	1.31915e-01
0.33378	1.32410e-01
0.33318	1.32938e-01
0.33256	1.33497e-01
0.33217	1.33817e-01
0.33171	1.34174e-01
0.33122	1.34583e-01
0.33070	1.35039e-01
0.33016	1.35540e-01
0.32959	1.36085e-01
0.32901	1.36671e-01
0.32840	1.37299e-01
0.32777	1.37965e-01
0.32713	1.38670e-01
0.32647	1.39410e-01
0.32579	1.40184e-01
0.32511	1.40991e-01
0.32441	1.41828e-01
0.32371	1.42693e-01
0.32299	1.43585e-01
0.32226	1.44501e-01
0.32154	1.45439e-01
0.32081	1.46397e-01
0.32009	1.47373e-01
0.31938	1.48366e-01
0.31867	1.49372e-01
0.31798	1.50391e-01
0.31729	1.51420e-01
0.31662	1.52457e-01
0.31596	1.53500e-01
0.31531	1.54547e-01
0.31469	1.55597e-01
0.31409	1.56646e-01
0.31352	1.57668e-01
0.31298	1.58685e-01
0.31246	1.59701e-01
0.31180	1.60792e-01
0.31114	1.61896e-01
0.31048	1.63014e-01
0.30982	1.64142e-01
0.30917	1.65273e-01
0.30855	1.66400e-01
0.30796	1.67514e-01
0.30740	1.68608e-01
0.30687	1.69701e-01
0.30639	1.70761e-01
0.30596	1.71785e-01
0.30558	1.72774e-01
0.30554	1.74149e-01
0.30560	1.75552e-01
0.30572	1.76937e-01
0.30585	1.78245e-01
0.30596	1.79439e-01
0.30607	1.80507e-01
0.30605	1.81510e-01
0.30605	1.82415e-01
0.30606	1.83237e-01
0.30609	1.83986e-01
0.30616	1.84670e-01
0.30625	1.85292e-01
0.30636	1.85857e-01
0.30651	1.86369e-01
0.30668	1.86829e-01
0.30686	1.87241e-01
0.30707	1.87610e-01
0.30729	1.87938e-01
0.30752	1.88228e-01
0.30776	1.88486e-01
0.30801	1.88713e-01
0.30825	1.88913e-01
0.30850	1.89088e-01
0.30874	1.89240e-01
0.30894	1.89370e-01
0.30914	1.89482e-01
0.30933	1.89577e-01
0.30950	1.89656e-01
0.30966	1.89719e-01
0.30981	1.89767e-01
0.30994	1.89800e-01
0.31006	1.89817e-01
0.31017	1.89819e-01
0.31026	1.89805e-01
0.31034	1.89774e-01
0.31040	1.89725e-01
0.31045	1.89658e-01
0.31049	1.89572e-01
0.31052	1.89466e-01
0.31054	1.89339e-01
0.31054	1.89189e-01
0.31054	1.89015e-01
0.31053	1.88818e-01
0.31051	1.88594e-01
0.31049	1.88344e-01
0.31046	1.88067e-01
0.31042	1.87761e-01
0.31038	1.87425e-01
0.31034	1.87059e-01
0.31030	1.86662e-01
0.31026	1.86234e-01
0.31022	1.85774e-01
0.31018	1.85282e-01
0.31014	1.84759e-01
0.31011	1.84203e-01
0.31007	1.83616e-01
0.30988	1.83012e-01
0.30969	1.82373e-01
0.30951	1.81701e-01
0.30933	1.80997e-01
0.30915	1.80264e-01
0.30898	1.79502e-01
0.30882	1.78714e-01
0.30866	1.77901e-01
0.30850	1.77066e-01
0.30836	1.76212e-01
0.30821	1.75339e-01
0.30807	1.74451e-01
0.30794	1.73549e-01
0.30781	1.72638e-01
0.30768	1.71718e-01
0.30755	1.70794e-01
0.30742	1.69867e-01
0.30730	1.68940e-01
0.30718	1.68015e-01
0.30706	1.67094e-01
0.30694	1.66180e-01
0.30682	1.65275e-01
0.30671	1.64380e-01
0.30659	1.63498e-01
0.30648	1.62631e-01
0.30637	1.61780e-01
0.30627	1.60945e-01
0.30616	1.60130e-01
0.30606	1.59334e-01
0.30595	1.58554e-01
0.30584	1.57795e-01
0.30573	1.57058e-01
0.30557	1.56350e-01
0.30541	1.55662e-01
0.30503	1.55394e-01
0.30468	1.55140e-01
0.30435	1.54878e-01
0.30407	1.54588e-01
0.30384	1.54256e-01
0.30366	1.53871e-01
0.30355	1.53428e-01
0.30349	1.52923e-01
0.30349	1.52357e-01
0.30356	1.51733e-01
0.30358	1.50907e-01
0.30365	1.50046e-01
0.30378	1.49160e-01
0.30397	1.48262e-01
0.30421	1.47365e-01
0.30449	1.46477e-01
0.30481	1.45600e-01
0.30518	1.44745e-01
0.30559	1.43917e-01
0.30604	1.43119e-01
0.30653	1.42354e-01
0.30705	1.41626e-01
0.30761	1.40938e-01
0.30820	1.40291e-01
0.30881	1.39691e-01
0.30945	1.39139e-01
0.31011	1.38638e-01
0.31079	1.38190e-01
0.31148	1.37795e-01
0.31218	1.37453e-01
0.31289	1.37164e-01
0.31360	1.36924e-01
0.31430	1.36732e-01
0.31500	1.36585e-01
0.31577	1.36489e-01
0.31653	1.36432e-01
0.31729	1.36409e-01
0.31802	1.36417e-01
0.31874	1.36454e-01
0.31945	1.36515e-01
0.32014	1.36597e-01
0.32080	1.36699e-01
0.32145	1.36816e-01
0.32208	1.36947e-01
0.32268	1.37089e-01
0.32326	1.37240e-01
0.32381	1.37399e-01
0.32434	1.37564e-01
0.32485	1.37735e-01
0.32533	1.37909e-01
0.32578	1.38086e-01
0.32621	1.38267e-01
0.32661	1.38450e-01
0.32698	1.38636e-01
0.32732	1.38824e-01
0.32764	1.39015e-01
0.32792	1.39210e-01
0.32818	1.39408e-01
0.32841	1.39611e-01
0.32861	1.39819e-01
0.32877	1.40034e-01
0.32891	1.40255e-01
0.32902	1.40483e-01
0.32910	1.40721e-01
0.32914	1.40967e-01
0.32916	1.41224e-01
0.32930	1.41321e-01
0.32940	1.41421e-01
0.32946	1.41542e-01
0.32948	1.41684e-01
0.32947	1.41853e-01
0.32941	1.42049e-01
0.32931	1.42275e-01
0.32916	1.42533e-01
0.32897	1.42823e-01
0.32873	1.43145e-01
0.32844	1.43498e-01
0.32811	1.43881e-01
0.32773	1.44292e-01
0.32732	1.44730e-01
0.32686	1.45193e-01
0.32635	1.45691e-01
0.32580	1.46208e-01
0.32522	1.46742e-01
0.32461	1.47292e-01
0.32398	1.47855e-01
0.32331	1.48430e-01
0.32263	1.49014e-01
0.32192	1.49606e-01
0.32119	1.50203e-01
0.32044	1.50803e-01
0.31968	1.51405e-01
0.31891	1.52007e-01
0.31813	1.52607e-01
0.31734	1.53204e-01
0.31640	1.53860e-01
0.31544	1.54508e-01
0.31448	1.55146e-01
0.31362	1.55814e-01
0.31274	1.56466e-01
0.31202	1.56901e-01
0.31129	1.57308e-01
0.31055	1.57688e-01
0.30980	1.58045e-01
0.30905	1.58380e-01
0.30828	1.58695e-01
0.30750	1.58989e-01
0.30672	1.59261e-01
0.30594	1.59510e-01
0.30515	1.59736e-01
0.30455	1.60299e-01
0.30396	1.60840e-01
0.30338	1.61350e-01
0.30280	1.61823e-01
0.30222	1.62256e-01
0.30165	1.62645e-01
0.30092	1.63132e-01
0.30020	1.63573e-01
0.29950	1.63967e-01
0.29882	1.64312e-01
0.29816	1.64607e-01
0.29753	1.64851e-01
0.29693	1.65043e-01
0.29637	1.65183e-01
0.29584	1.65270e-01
0.29535	1.65304e-01
0.29491	1.65283e-01
0.29451	1.65209e-01
0.29417	1.65079e-01
0.29389	1.64895e-01
0.29367	1.64658e-01
0.29351	1.64370e-01
0.29341	1.64034e-01
0.29338	1.63655e-01
0.29346	1.63211e-01
0.29361	1.62736e-01
0.29381	1.62239e-01
0.29406	1.61729e-01
0.29434	1.61215e-01
0.29465	1.60705e-01
0.29498	1.60203e-01
0.29534	1.59713e-01
0.29571	1.59237e-01
0.29610	1.58777e-01
0.29651	1.58333e-01
0.29693	1.57908e-01
0.29736	1.57503e-01
0.29781	1.57120e-01
0.29828	1.56761e-01
0.29875	1.56426e-01
0.29924	1.56119e-01
0.29973	1.55840e-01
0.30023	1.55591e-01
0.30074	1.55375e-01
0.30126	1.55191e-01
0.30177	1.55042e-01
0.30230	1.54929e-01
0.30282	1.54853e-01
0.30334	1.54814e-01
0.30386	1.54815e-01
0.30438	1.54854e-01
0.30489	1.54933e-01
0.30540	1.55051e-01
0.30590	1.55209e-01
0.30640	1.55406e-01
0.30689	1.55640e-01
0.30728	1.55968e-01
0.30768	1.56259e-01
0.30814	1.56496e-01
0.30878	1.56428e-01
0.30984	1.55558e-01
0.31108	1.54354e-01
0.31235	1.53100e-01
0.31363	1.51846e-01
0.31490	1.50607e-01
0.31615	1.49389e-01
0.31739	1.48198e-01
0.31861	1.47036e-01
0.31981	1.45906e-01
0.32098	1.44811e-01
0.32213	1.43753e-01
0.32317	1.42733e-01
0.32419	1.41753e-01
0.32516	1.40816e-01
0.32610	1.39923e-01
0.32700	1.39076e-01
0.32786	1.38276e-01
0.32868	1.37526e-01
0.32945	1.36827e-01
0.33018	1.36179e-01
0.33087	1.35585e-01
0.33151	1.35045e-01
0.33210	1.34560e-01
0.33265	1.34131e-01
0.33314	1.33758e-01
0.33367	1.33785e-01
0.33413	1.33844e-01
0.33452	1.33935e-01
0.33481	1.34028e-01
0.33503	1.34154e-01
0.33544	1.34003e-01
0.33578	1.33901e-01
0.33605	1.33851e-01
0.33625	1.33856e-01
0.33637	1.33915e-01
0.33643	1.34030e-01
0.33641	1.34200e-01
0.33633	1.34424e-01
0.33619	1.34702e-01
0.33598	1.35031e-01
0.33593	1.35681e-01
0.33577	1.36332e-01
0.33553	1.36994e-01
0.33522	1.37675e-01
0.33483	1.38378e-01
0.33439	1.39104e-01
0.33380	1.39937e-01
0.33316	1.40795e-01
0.33247	1.41674e-01
0.33174	1.42571e-01
0.33098	1.43482e-01
0.33018	1.44402e-01
0.32935	1.45326e-01
0.32851	1.46252e-01
0.32764	1.47173e-01
0.32676	1.48086e-01
0.32587	1.48985e-01
0.32497	1.49867e-01
0.32407	1.50727e-01
0.32318	1.51560e-01
0.32229	1.52362e-01
0.32141	1.53129e-01
0.32055	1.53859e-01
0.31971	1.54547e-01
0.31875	1.55217e-01
0.31783	1.55840e-01
0.31695	1.56414e-01
0.31611	1.56939e-01
0.31531	1.57415e-01
0.31455	1.57843e-01
0.31383	1.58224e-01
0.31315	1.58561e-01
0.31251	1.58856e-01
0.31190	1.59112e-01
0.31133	1.59331e-01
0.31080	1.59517e-01
0.31030	1.59674e-01
0.30983	1.59803e-01
0.30939	1.59909e-01
0.30898	1.59993e-01
0.30859	1.60059e-01
0.30824	1.60108e-01
0.30790	1.60143e-01
0.30760	1.60165e-01
0.30732	1.60175e-01
0.30706	1.60176e-01
0.30682	1.60167e-01
0.30661	1.60149e-01
0.30643	1.60124e-01
0.30627	1.60089e-01
0.30613	1.60047e-01
0.30603	1.59997e-01
0.30595	1.59940e-01
0.30590	1.59874e-01
0.30587	1.59801e-01
0.30588	1.59722e-01
0.30596	1.59622e-01
0.30617	1.59546e-01
0.30640	1.59457e-01
0.30665	1.59362e-01
0.30692	1.59266e-01
0.30722	1.59170e-01
0.30755	1.59077e-01
0.30790	1.58989e-01
0.30826	1.58907e-01
0.30865	1.58831e-01
0.30905	1.58764e-01
0.30946	1.58705e-01
0.30989	1.58657e-01
0.31033	1.58620e-01
0.31078	1.58595e-01
0.31131	1.58541e-01
0.31184	1.58500e-01
0.31238	1.58478e-01
0.31291	1.58476e-01
0.31343	1.58497e-01
0.31394	1.58542e-01
0.31444	1.58610e-01
0.31494	1.58701e-01
0.31542	1.58814e-01
0.31590	1.58949e-01
0.31637	1.59104e-01
0.31682	1.59281e-01
0.31727	1.59477e-01
0.31770	1.59693e-01
0.31811	1.59872e-01
0.31850	1.60068e-01
0.31888	1.60279e-01
0.31914	1.60609e-01
0.31937	1.60964e-01
0.31946	1.61342e-01
0.31953	1.61741e-01
0.31957	1.62164e-01
0.31959	1.62609e-01
0.31958	1.63077e-01
0.31955	1.63568e-01
0.31951	1.64082e-01
0.31944	1.64617e-01
0.31936	1.65173e-01
0.31926	1.65749e-01
0.31924	1.66467e-01
0.31920	1.67187e-01
0.31914	1.67908e-01
0.31908	1.68627e-01
0.31901	1.69342e-01
0.31893	1.70051e-01
0.31887	1.70744e-01
0.31882	1.71420e-01
0.31878	1.72078e-01
0.31876	1.72716e-01
0.31877	1.73331e-01
0.31880	1.73920e-01
0.31887	1.74478e-01
0.31897	1.75000e-01
0.31912	1.75478e-01
0.31931	1.75903e-01
0.31956	1.76259e-01
0.31988	1.76530e-01
0.32028	1.76691e-01
0.32077	1.76722e-01
0.32137	1.76609e-01
0.32206	1.76352e-01
0.32284	1.75967e-01
0.32370	1.75477e-01
0.32492	1.74765e-01
0.32623	1.73982e-01
0.32758	1.73153e-01
0.32896	1.72299e-01
0.33033	1.71432e-01
0.33170	1.70561e-01
0.33305	1.69686e-01
0.33439	1.68811e-01
0.33573	1.67934e-01
0.33706	1.67058e-01
0.33838	1.66181e-01
0.33970	1.65306e-01
0.34102	1.64431e-01
0.34232	1.63559e-01
0.34362	1.62689e-01
0.34492	1.61823e-01
0.34620	1.60959e-01
0.34748	1.60099e-01
0.34875	1.59242e-01
0.35000	1.58388e-01
0.35125	1.57538e-01
0.35248	1.56691e-01
0.35370	1.55847e-01
0.35490	1.55005e-01
0.35608	1.54165e-01
0.35726	1.53327e-01
0.35841	1.52489e-01
0.35955	1.51652e-01
0.36067	1.50815e-01
0.36178	1.49977e-01
0.36287	1.49138e-01
0.36394	1.48297e-01
0.36502	1.47469e-01
0.36622	1.46543e-01
0.36739	1.45612e-01
0.36853	1.44678e-01
0.36964	1.43742e-01
0.37072	1.42801e-01
0.37178	1.41856e-01
0.37282	1.40905e-01
0.37385	1.39948e-01
0.37485	1.38984e-01
0.37584	1.38015e-01
0.37681	1.37040e-01
0.37776	1.36062e-01
0.37869	1.35083e-01
0.37959	1.34106e-01
0.38061	1.33055e-01
0.38160	1.32015e-01
0.38254	1.30992e-01
0.38342	1.29989e-01
0.38426	1.29009e-01
0.38504	1.28054e-01
0.38575	1.27126e-01
0.38641	1.26226e-01
0.38701	1.25354e-01
0.38755	1.24510e-01
0.38803	1.23693e-01
0.38846	1.22903e-01
0.38884	1.22139e-01
0.38917	1.21400e-01
0.38967	1.20464e-01
0.39011	1.19561e-01
0.39050	1.18693e-01
0.39096	1.17833e-01
0.39144	1.17001e-01
0.39211	1.16258e-01
0.39273	1.15553e-01
0.39329	1.14890e-01
0.39378	1.14266e-01
0.39420	1.13677e-01
0.39455	1.13121e-01
0.39486	1.12598e-01
0.39512	1.12105e-01
0.39534	1.11643e-01
0.39552	1.11212e-01
0.39564	1.10752e-01
0.39572	1.10303e-01
0.39575	1.09864e-01
0.39575	1.09439e-01
0.39572	1.09031e-01
0.39567	1.08645e-01
0.39569	1.08026e-01
0.39570	1.07446e-01
0.39569	1.06912e-01
0.39567	1.06426e-01
0.39565	1.05987e-01
0.39562	1.05594e-01
0.39560	1.05242e-01
0.39560	1.04928e-01
0.39560	1.04646e-01
0.39562	1.04392e-01
0.39566	1.04160e-01
0.39570	1.03945e-01
0.39576	1.03740e-01
0.39581	1.03540e-01
0.39587	1.03343e-01
0.39592	1.03146e-01
0.39597	1.02949e-01
0.39600	1.02753e-01
0.39622	1.02607e-01
0.39640	1.02464e-01
0.39653	1.02321e-01
0.39664	1.02178e-01
0.39673	1.02038e-01
0.39679	1.01901e-01
0.39685	1.01770e-01
0.39691	1.01643e-01
0.39696	1.01521e-01
0.39701	1.01403e-01
0.39706	1.01288e-01
0.39711	1.01176e-01
0.39717	1.01066e-01
0.39723	1.00957e-01
0.39730	1.00847e-01
0.39738	1.00736e-01
0.39746	1.00623e-01
0.39756	1.00507e-01
0.39766	1.00388e-01
0.39777	1.00265e-01
0.39790	1.00137e-01
0.39804	1.00005e-01
0.39819	9.98677e-02
0.39836	9.97258e-02
0.39854	9.95795e-02
0.39873	9.94294e-02
0.39894	9.92761e-02
0.39917	9.91204e-02
0.39941	9.89636e-02
0.39967	9.88068e-02
0.39994	9.86515e-02
0.40023	9.84992e-02
0.40075	9.83692e-02
0.40151	9.81302e-02
0.40225	9.79149e-02
0.40298	9.77298e-02
0.40369	9.75788e-02
0.40438	9.74633e-02
0.40505	9.73833e-02
0.40572	9.73385e-02
0.40638	9.73284e-02
0.40704	9.73528e-02
0.40770	9.74119e-02
0.40835	9.75059e-02
0.40901	9.76357e-02
0.40966	9.78021e-02
0.41032	9.80063e-02
0.41112	9.82383e-02
0.41191	9.85093e-02
0.41270	9.88205e-02
0.41348	9.91734e-02
0.41426	9.95691e-02
0.41503	1.00009e-01
0.41579	1.00494e-01
0.41656	1.01024e-01
0.41732	1.01600e-01
0.41807	1.02221e-01
0.41882	1.02887e-01
0.41956	1.03596e-01
0.42029	1.04346e-01
0.42101	1.05132e-01
0.42179	1.06022e-01
0.42254	1.06941e-01
0.42343	1.07974e-01
0.42429	1.09025e-01
0.42513	1.10090e-01
0.42585	1.11315e-01
0.42661	1.12455e-01
0.42741	1.13505e-01
0.42824	1.14469e-01
0.42909	1.15360e-01
0.42995	1.16192e-01
0.43082	1.16979e-01
0.43168	1.17733e-01
0.43253	1.18461e-01
0.43337	1.19168e-01
0.43425	1.19996e-01
0.43511	1.20792e-01
0.43594	1.21562e-01
0.43674	1.22307e-01
0.43752	1.23028e-01
0.43826	1.23724e-01
0.43923	1.24221e-01
0.44019	1.24696e-01
0.44113	1.25150e-01
0.44205	1.25585e-01
0.44296	1.26000e-01
0.44384	1.26397e-01
0.44469	1.26776e-01
0.44551	1.27139e-01
0.44629	1.27486e-01
0.44704	1.27818e-01
0.44773	1.28134e-01
0.44838	1.28434e-01
0.44898	1.28718e-01
0.44951	1.28985e-01
0.44999	1.29234e-01
0.45040	1.29465e-01
0.45075	1.29677e-01
0.45103	1.29870e-01
0.45138	1.30116e-01
0.45166	1.30341e-01
0.45188	1.30547e-01
0.45202	1.30733e-01
0.45209	1.30900e-01
0.45209	1.31050e-01
0.45202	1.31184e-01
0.45189	1.31305e-01
0.45170	1.31412e-01
0.45143	1.31510e-01
0.45111	1.31600e-01
0.45073	1.31683e-01
0.45029	1.31763e-01
0.44980	1.31841e-01
0.44925	1.31918e-01
0.44865	1.31998e-01
0.44800	1.32081e-01
0.44731	1.32170e-01
0.44657	1.32265e-01
0.44579	1.32367e-01
0.44496	1.32479e-01
0.44411	1.32601e-01
0.44321	1.32733e-01
0.44228	1.32877e-01
0.44132	1.33033e-01
0.44034	1.33201e-01
0.43932	1.33383e-01
0.43829	1.33580e-01
0.43723	1.33790e-01
0.43615	1.34016e-01
0.43506	1.34258e-01
0.43395	1.34517e-01
0.43302	1.34884e-01
0.43217	1.35187e-01
0.43130	1.35507e-01
0.43040	1.35848e-01
0.42948	1.36210e-01
0.42853	1.36595e-01
0.42757	1.37004e-01
0.42660	1.37438e-01
0.42561	1.37896e-01
0.42462	1.38379e-01
0.42361	1.38887e-01
0.42261	1.39420e-01
0.42160	1.39978e-01
0.42058	1.40561e-01
0.41957	1.41169e-01
0.41860	1.41772e-01
0.41765	1.42380e-01
0.41672	1.42999e-01
0.41581	1.43635e-01
0.41493	1.44291e-01
0.41405	1.44970e-01
0.41320	1.45672e-01
0.41237	1.46399e-01
0.41155	1.47149e-01
0.41075	1.47921e-01
0.40998	1.48715e-01
0.40923	1.49529e-01
0.40850	1.50361e-01
0.40780	1.51209e-01
0.40721	1.52432e-01
0.40665	1.53648e-01
0.40620	1.54907e-01
0.40579	1.56152e-01
0.40540	1.57380e-01
0.40511	1.58578e-01
0.40485	1.59756e-01
0.40463	1.60910e-01
0.40445	1.62038e-01
0.40431	1.63138e-01
0.40422	1.64206e-01
0.40418	1.65240e-01
0.40418	1.66238e-01
0.40424	1.67195e-01
0.40434	1.68110e-01
0.40474	1.69335e-01
0.40525	1.70609e-01
0.40580	1.71808e-01
0.40634	1.72839e-01
0.40685	1.73687e-01
0.40737	1.74381e-01
0.40785	1.75060e-01
0.40841	1.75594e-01
0.40906	1.75986e-01
0.40982	1.76238e-01
0.41068	1.76352e-01
0.41166	1.76336e-01
0.41275	1.76200e-01
0.41394	1.75960e-01
0.41522	1.75627e-01
0.41659	1.75215e-01
0.41804	1.74732e-01
0.41957	1.74188e-01
0.42116	1.73589e-01
0.42281	1.72944e-01
0.42451	1.72258e-01
0.42626	1.71539e-01
0.42803	1.70794e-01
0.42983	1.70027e-01
0.43184	1.69420e-01
0.43385	1.68795e-01
0.43585	1.68155e-01
0.43783	1.67501e-01
0.43979	1.66834e-01
0.44173	1.66155e-01
0.44364	1.65463e-01
0.44552	1.64757e-01
0.44736	1.64036e-01
0.44918	1.63298e-01
0.45095	1.62544e-01
0.45269	1.61772e-01
0.45440	1.60985e-01
0.45606	1.60183e-01
0.45768	1.59367e-01
0.45925	1.58541e-01
0.46077	1.57705e-01
0.46225	1.56863e-01
0.46368	1.56015e-01
0.46505	1.55164e-01
0.46637	1.54310e-01
0.46764	1.53456e-01
0.46885	1.52603e-01
0.47001	1.51751e-01
0.47111	1.50901e-01
0.47215	1.50055e-01
0.47314	1.49213e-01
0.47407	1.48376e-01
0.47494	1.47544e-01
0.47575	1.46719e-01
0.47651	1.45900e-01
0.47721	1.45089e-01
0.47807	1.44248e-01
0.47908	1.43333e-01
0.48003	1.42439e-01
0.48092	1.41567e-01
0.48174	1.40719e-01
0.48250	1.39894e-01
0.48320	1.39094e-01
0.48382	1.38317e-01
0.48438	1.37564e-01
0.48486	1.36832e-01
0.48528	1.36122e-01
0.48562	1.35431e-01
0.48590	1.34759e-01
0.48612	1.34104e-01
0.48627	1.33465e-01
0.48651	1.32732e-01
0.48669	1.32015e-01
0.48681	1.31314e-01
0.48686	1.30627e-01
0.48686	1.29955e-01
0.48681	1.29295e-01
0.48671	1.28647e-01
0.48656	1.28010e-01
0.48638	1.27384e-01
0.48616	1.26770e-01
0.48589	1.26171e-01
0.48559	1.25589e-01
0.48525	1.25026e-01
0.48487	1.24486e-01
0.48480	1.23582e-01
0.48465	1.22745e-01
0.48451	1.22053e-01
0.48430	1.21427e-01
0.48403	1.20865e-01
0.48392	1.20315e-01
0.48379	1.19814e-01
0.48361	1.19365e-01
0.48337	1.18973e-01
0.48305	1.18639e-01
0.48266	1.18360e-01
0.48220	1.18134e-01
0.48169	1.17954e-01
0.48113	1.17814e-01
0.48054	1.17709e-01
0.47996	1.17702e-01
0.47934	1.17702e-01
0.47868	1.17710e-01
0.47800	1.17723e-01
0.47729	1.17742e-01
0.47656	1.17767e-01
0.47562	1.18094e-01
0.47473	1.18355e-01
0.47387	1.18553e-01
0.47305	1.18705e-01
0.47225	1.18827e-01
0.47147	1.18934e-01
0.47071	1.19035e-01
0.46996	1.19137e-01
0.46923	1.19244e-01
0.46852	1.19359e-01
0.46783	1.19484e-01
0.46716	1.19619e-01
0.46651	1.19765e-01
0.46588	1.19923e-01
0.46528	1.20093e-01
0.46471	1.20276e-01
0.46417	1.20472e-01
0.46365	1.20681e-01
0.46326	1.20962e-01
0.46289	1.21245e-01
0.46252	1.21533e-01
0.46218	1.21827e-01
0.46186	1.22128e-01
0.46156	1.22439e-01
0.46129	1.22761e-01
0.46105	1.23094e-01
0.46083	1.23440e-01
0.46066	1.23800e-01
0.46051	1.24173e-01
0.46040	1.24561e-01
0.46033	1.24963e-01
0.46029	1.25379e-01
0.46030	1.25810e-01
0.46034	1.26254e-01
0.46043	1.26712e-01
0.46055	1.27184e-01
0.46072	1.27669e-01
0.46093	1.28167e-01
0.46117	1.28678e-01
0.46146	1.29202e-01
0.46178	1.29739e-01
0.46213	1.30289e-01
0.46252	1.30851e-01
0.46292	1.31423e-01
0.46335	1.32005e-01
0.46379	1.32593e-01
0.46425	1.33187e-01
0.46473	1.33784e-01
0.46522	1.34381e-01
0.46572	1.34976e-01
0.46625	1.35572e-01
0.46698	1.36027e-01
0.46771	1.36483e-01
0.46844	1.36937e-01
0.46918	1.37383e-01
0.46991	1.37821e-01
0.47065	1.38246e-01
0.47138	1.38657e-01
0.47212	1.39053e-01
0.47286	1.39431e-01
0.47360	1.39791e-01
0.47434	1.40133e-01
0.47507	1.40456e-01
0.47580	1.40760e-01
0.47652	1.41045e-01
0.47738	1.41307e-01
0.47824	1.41552e-01
0.47910	1.41782e-01
0.47995	1.41998e-01
0.48078	1.42199e-01
0.48161	1.42389e-01
0.48241	1.42568e-01
0.48320	1.42737e-01
0.48396	1.42897e-01
0.48470	1.43050e-01
0.48541	1.43197e-01
0.48608	1.43339e-01
0.48672	1.43477e-01
0.48732	1.43613e-01
0.48807	1.43831e-01
0.48873	1.44034e-01
0.48952	1.44275e-01
0.49025	1.44510e-01
0.49093	1.44743e-01
0.49167	1.44913e-01
0.49236	1.45091e-01
0.49299	1.45276e-01
0.49357	1.45469e-01
0.49410	1.45669e-01
0.49459	1.45877e-01
0.49504	1.46092e-01
0.49569	1.46415e-01
0.49630	1.46740e-01
0.49685	1.47066e-01
0.49769	1.47969e-01
0.49843	1.48771e-01
0.49908	1.49506e-01
0.49967	1.50201e-01
0.50021	1.50872e-01
0.50069	1.51528e-01
0.50111	1.52190e-01
0.50150	1.52844e-01
0.50183	1.53493e-01
0.50212	1.54136e-01
0.50237	1.54774e-01
0.50258	1.55407e-01
0.50275	1.56035e-01
0.50288	1.56659e-01
0.50297	1.57280e-01
0.50302	1.57898e-01
0.50303	1.58514e-01
0.50300	1.59129e-01
0.50293	1.59743e-01
0.50283	1.60357e-01
0.50269	1.60972e-01
0.50252	1.61589e-01
0.50230	1.62210e-01
0.50206	1.62834e-01
0.50178	1.63463e-01
0.50147	1.64099e-01
0.50113	1.64741e-01
0.50077	1.65393e-01
0.50037	1.66053e-01
0.49995	1.66724e-01
0.49951	1.67407e-01
0.49904	1.68102e-01
0.49856	1.68810e-01
0.49806	1.69531e-01
0.49754	1.70267e-01
0.49700	1.71016e-01
0.49646	1.71779e-01
0.49590	1.72553e-01
0.49534	1.73339e-01
0.49477	1.74134e-01
0.49419	1.74934e-01
0.49362	1.75736e-01
0.49305	1.76536e-01
0.49249	1.77329e-01
0.49193	1.78109e-01
0.49139	1.78871e-01
0.49086	1.79609e-01
0.49035	1.80317e-01
0.48987	1.80990e-01
0.48941	1.81622e-01
0.48897	1.82209e-01
0.48856	1.82747e-01
0.48818	1.83231e-01
0.48784	1.83656e-01
0.48753	1.84019e-01
0.48726	1.84314e-01
0.48684	1.84426e-01
0.48639	1.84480e-01
0.48601	1.84451e-01
0.48573	1.84337e-01
0.48557	1.84145e-01
0.48555	1.83888e-01
0.48568	1.83592e-01
0.48597	1.83283e-01
0.48640	1.82986e-01
0.48691	1.82712e-01
0.48747	1.82459e-01
0.48801	1.82218e-01
0.48853	1.81985e-01
0.48900	1.81761e-01
0.48944	1.81549e-01
0.48999	1.81341e-01
0.49053	1.81155e-01
0.49107	1.80998e-01
0.49161	1.80872e-01
0.49216	1.80780e-01
0.49270	1.80724e-01
0.49325	1.80707e-01
0.49379	1.80730e-01
0.49433	1.80794e-01
0.49485	1.80898e-01
0.49537	1.81041e-01
0.49586	1.81222e-01
0.49634	1.81434e-01
0.49680	1.81672e-01
0.49749	1.82019e-01
0.49816	1.82359e-01
0.49895	1.82691e-01
0.49974	1.82944e-01
0.50054	1.83068e-01
0.50172	1.82823e-01
0.50284	1.82498e-01
0.50388	1.82127e-01
0.50487	1.81724e-01
0.50583	1.81292e-01
0.50677	1.80835e-01
0.50769	1.80354e-01
0.50875	1.79893e-01
0.50979	1.79405e-01
0.51081	1.78893e-01
0.51186	1.78408e-01
0.51289	1.77891e-01
0.51389	1.77343e-01
0.51488	1.76768e-01
0.51585	1.76165e-01
0.51681	1.75537e-01
0.51748	1.75618e-01
0.51815	1.75680e-01
0.51882	1.75701e-01
0.51951	1.75662e-01
0.52022	1.75547e-01
0.52096	1.75349e-01
0.52173	1.75065e-01
0.52253	1.74702e-01
0.52335	1.74272e-01
0.52420	1.73788e-01
0.52505	1.73265e-01
0.52591	1.72717e-01
0.52675	1.72156e-01
0.52757	1.71591e-01
0.52836	1.71027e-01
0.52913	1.70470e-01
0.52988	1.69920e-01
0.53059	1.69380e-01
0.53129	1.68848e-01
0.53196	1.68324e-01
0.53261	1.67808e-01
0.53325	1.67300e-01
0.53387	1.66798e-01
0.53447	1.66303e-01
0.53506	1.65812e-01
0.53564	1.65326e-01
0.53620	1.64844e-01
0.53676	1.64366e-01
0.53731	1.63889e-01
0.53784	1.63414e-01
0.53837	1.62940e-01
0.53889	1.62466e-01
0.53941	1.61991e-01
0.53991	1.61513e-01
0.54042	1.61033e-01
0.54092	1.60549e-01
0.54141	1.60060e-01
0.54190	1.59564e-01
0.54239	1.59061e-01
0.54288	1.58550e-01
0.54337	1.58030e-01
0.54385	1.57500e-01
0.54434	1.56960e-01
0.54483	1.56409e-01
0.54532	1.55848e-01
0.54581	1.55275e-01
0.54631	1.54693e-01
0.54680	1.54101e-01
0.54730	1.53501e-01
0.54780	1.52893e-01
0.54847	1.52322e-01
0.54923	1.51682e-01
0.54996	1.51040e-01
0.55066	1.50396e-01
0.55134	1.49750e-01
0.55200	1.49104e-01
0.55264	1.48457e-01
0.55328	1.47808e-01
0.55390	1.47158e-01
0.55451	1.46505e-01
0.55511	1.45849e-01
0.55571	1.45186e-01
0.55629	1.44517e-01
0.55688	1.43839e-01
0.55745	1.43149e-01
0.55805	1.42446e-01
0.55863	1.41727e-01
0.55920	1.40991e-01
0.55977	1.40237e-01
0.56034	1.39462e-01
0.56090	1.38666e-01
0.56147	1.37848e-01
0.56220	1.36941e-01
0.56293	1.36012e-01
0.56366	1.35063e-01
0.56439	1.34097e-01
0.56511	1.33118e-01
0.56583	1.32129e-01
0.56655	1.31134e-01
0.56733	1.30215e-01
0.56810	1.29293e-01
0.56891	1.28401e-01
0.56968	1.27507e-01
0.57043	1.26617e-01
0.57131	1.25675e-01
0.57213	1.24762e-01
0.57288	1.23884e-01
0.57357	1.23046e-01
0.57420	1.22254e-01
0.57476	1.21515e-01
0.57528	1.20832e-01
0.57581	1.20273e-01
0.57629	1.19771e-01
0.57672	1.19328e-01
0.57717	1.19019e-01
0.57757	1.18759e-01
0.57793	1.18545e-01
0.57824	1.18376e-01
0.57852	1.18249e-01
0.57876	1.18161e-01
0.57894	1.18215e-01
0.57907	1.18339e-01
0.57916	1.18532e-01
0.57922	1.18790e-01
0.57925	1.19110e-01
0.57925	1.19485e-01
0.57922	1.19905e-01
0.57918	1.20358e-01
0.57912	1.20826e-01
0.57906	1.21294e-01
0.57900	1.21744e-01
0.57895	1.22161e-01
0.57891	1.22537e-01
0.57889	1.22865e-01
0.57888	1.23147e-01
0.57889	1.23382e-01
0.57891	1.23576e-01
0.57894	1.23732e-01
0.57898	1.23854e-01
0.57904	1.23946e-01
0.57910	1.24009e-01
0.57917	1.24047e-01
0.57925	1.24061e-01
0.57934	1.24052e-01
0.57944	1.24022e-01
0.57955	1.23970e-01
0.57966	1.23899e-01
0.57979	1.23808e-01
0.57992	1.23698e-01
0.58006	1.23570e-01
0.58021	1.23425e-01
0.58037	1.23264e-01
0.58054	1.23086e-01
0.58072	1.22893e-01
0.58090	1.22686e-01
0.58110	1.22465e-01
0.58130	1.22231e-01
0.58151	1.21986e-01
0.58173	1.21730e-01
0.58196	1.21465e-01
0.58219	1.21190e-01
0.58243	1.20909e-01
0.58267	1.20621e-01
0.58293	1.20328e-01
0.58318	1.20031e-01
0.58344	1.19731e-01
0.58371	1.19430e-01
0.58398	1.19129e-01
0.58440	1.18716e-01
0.58481	1.18318e-01
0.58524	1.17958e-01
0.58594	1.17724e-01
0.58660	1.17490e-01
0.58722	1.17253e-01
0.58781	1.17012e-01
0.58837	1.16769e-01
0.58890	1.16526e-01
0.58942	1.16284e-01
0.58991	1.16046e-01
0.59038	1.15813e-01
0.59084	1.15587e-01
0.59128	1.15367e-01
0.59170	1.15156e-01
0.59211	1.14955e-01
0.59250	1.14763e-01
0.59306	1.14513e-01
0.59359	1.14280e-01
0.59409	1.14060e-01
0.59456	1.13854e-01
0.59501	1.13661e-01
0.59543	1.13482e-01
0.59584	1.13316e-01
0.59636	1.13052e-01
0.59684	1.12831e-01
0.59727	1.12645e-01
0.59766	1.12485e-01
0.59803	1.12348e-01
0.59837	1.12232e-01
0.59869	1.12134e-01
0.59903	1.12067e-01
0.59934	1.12015e-01
0.59963	1.11979e-01
0.59990	1.11959e-01
0.60015	1.11953e-01
0.60038	1.11962e-01
0.60059	1.11985e-01
0.60078	1.12022e-01
0.60096	1.12073e-01
0.60111	1.12137e-01
0.60126	1.12215e-01
0.60138	1.12306e-01
0.60162	1.12452e-01
0.60182	1.12605e-01
0.60200	1.12765e-01
0.60214	1.12941e-01
0.60226	1.13121e-01
0.60236	1.13309e-01
0.60244	1.13503e-01
0.60250	1.13703e-01
0.60254	1.13911e-01
0.60269	1.13879e-01
0.60281	1.13873e-01
0.60291	1.13896e-01
0.60298	1.13947e-01
0.60303	1.14022e-01
0.60305	1.14117e-01
0.60306	1.14229e-01
0.60306	1.14354e-01
0.60304	1.14489e-01
0.60301	1.14632e-01
0.60297	1.14779e-01
0.60292	1.14930e-01
0.60285	1.15083e-01
0.60278	1.15237e-01
0.60271	1.15391e-01
0.60262	1.15543e-01
0.60253	1.15694e-01
0.60243	1.15843e-01
0.60233	1.15988e-01
0.60222	1.16129e-01
0.60210	1.16267e-01
0.60199	1.16399e-01
0.60186	1.16526e-01
0.60174	1.16647e-01
0.60161	1.16762e-01
0.60138	1.16816e-01
0.60121	1.16895e-01
0.60111	1.17012e-01
0.60109	1.17175e-01
0.60114	1.17381e-01
0.60125	1.17617e-01
0.60136	1.17860e-01
0.60147	1.18094e-01
0.60154	1.18309e-01
0.60159	1.18502e-01
0.60162	1.18673e-01
0.60162	1.18825e-01
0.60160	1.18960e-01
0.60157	1.19081e-01
0.60152	1.19188e-01
0.60147	1.19283e-01
0.60140	1.19367e-01
0.60133	1.19441e-01
0.60124	1.19507e-01
0.60115	1.19565e-01
0.60106	1.19616e-01
0.60096	1.19661e-01
0.60105	1.19525e-01
0.60113	1.19403e-01
0.60119	1.19296e-01
0.60125	1.19211e-01
0.60144	1.19214e-01
0.60160	1.19225e-01
0.60172	1.19244e-01
0.60181	1.19271e-01
0.60188	1.19307e-01
0.60192	1.19352e-01
0.60196	1.19405e-01
0.60198	1.19465e-01
0.60199	1.19533e-01
0.60199	1.19607e-01
0.60199	1.19684e-01
0.60198	1.19763e-01
0.60196	1.19841e-01
0.60194	1.19915e-01
0.60211	1.19830e-01
0.60227	1.19738e-01
0.60243	1.19635e-01
0.60260	1.19521e-01
0.60276	1.19395e-01
0.60293	1.19255e-01
0.60309	1.19102e-01
0.60335	1.18874e-01
0.60360	1.18636e-01
0.60384	1.18387e-01
0.60408	1.18124e-01
0.60432	1.17844e-01
0.60457	1.17548e-01
0.60483	1.17234e-01
0.60514	1.16937e-01
0.60545	1.16615e-01
0.60576	1.16273e-01
0.60606	1.15915e-01
0.60635	1.15542e-01
0.60665	1.15157e-01
0.60694	1.14762e-01
0.60723	1.14357e-01
0.60751	1.13944e-01
0.60780	1.13522e-01
0.60808	1.13093e-01
0.60835	1.12657e-01
0.60871	1.12273e-01
0.60905	1.11880e-01
0.60939	1.11480e-01
0.60980	1.11178e-01
0.61019	1.10866e-01
0.61057	1.10543e-01
0.61095	1.10211e-01
0.61132	1.09871e-01
0.61168	1.09522e-01
0.61212	1.08979e-01
0.61258	1.08381e-01
0.61306	1.07731e-01
0.61355	1.07036e-01
0.61405	1.06303e-01
0.61457	1.05538e-01
0.61509	1.04750e-01
0.61561	1.03948e-01
0.61614	1.03139e-01
0.61667	1.02332e-01
0.61719	1.01533e-01
0.61770	1.00748e-01
0.61820	9.99840e-02
0.61869	9.92446e-02
0.61917	9.85331e-02
0.61963	9.78518e-02
0.62008	9.72016e-02
0.62051	9.65826e-02
0.62093	9.59942e-02
0.62133	9.54353e-02
0.62171	9.49041e-02
0.62209	9.43992e-02
0.62245	9.39185e-02
0.62280	9.34603e-02
0.62314	9.30229e-02
0.62349	9.26185e-02
0.62382	9.22291e-02
0.62415	9.18537e-02
0.62446	9.14916e-02
0.62477	9.11418e-02
0.62508	9.08037e-02
0.62538	9.04766e-02
0.62567	9.01597e-02
0.62596	8.98527e-02
0.62624	8.95549e-02
0.62652	8.92662e-02
0.62680	8.89861e-02
0.62708	8.87144e-02
0.62735	8.84509e-02
0.62762	8.81956e-02
0.62789	8.79483e-02
0.62816	8.77090e-02
0.62843	8.74778e-02
0.62870	8.72547e-02
0.62896	8.70398e-02
0.62923	8.68331e-02
0.62949	8.66348e-02
0.62985	8.63431e-02
0.63021	8.60592e-02
0.63056	8.57835e-02
0.63097	8.55075e-02
0.63159	8.52512e-02
0.63217	8.50130e-02
0.63273	8.47915e-02
0.63327	8.45858e-02
0.63379	8.43955e-02
0.63430	8.42201e-02
0.63479	8.40592e-02
0.63527	8.39126e-02
0.63574	8.37800e-02
0.63619	8.36613e-02
0.63663	8.35566e-02
0.63707	8.34658e-02
0.63749	8.33890e-02
0.63790	8.33263e-02
0.63846	8.31664e-02
0.63899	8.30390e-02
0.63950	8.29389e-02
0.63998	8.28623e-02
0.64045	8.28071e-02
0.64090	8.27718e-02
0.64134	8.27554e-02
0.64174	8.26847e-02
0.64210	8.26397e-02
0.64244	8.26205e-02
0.64275	8.26269e-02
0.64304	8.26584e-02
0.64332	8.27131e-02
0.64369	8.27737e-02
0.64411	8.28502e-02
0.64461	8.29375e-02
0.64520	8.30373e-02
0.64582	8.31565e-02
0.64643	8.32991e-02
0.64699	8.34635e-02
0.64750	8.36465e-02
0.64797	8.38454e-02
0.64840	8.40585e-02
0.64880	8.42845e-02
0.64918	8.45223e-02
0.64952	8.47711e-02
0.64994	8.51192e-02
0.65032	8.54658e-02
0.65067	8.58140e-02
0.65105	8.62258e-02
0.65141	8.66368e-02
0.65174	8.70491e-02
0.65204	8.74630e-02
0.65232	8.78784e-02
0.65257	8.82951e-02
0.65289	8.84894e-02
0.65318	8.87100e-02
0.65344	8.89515e-02
0.65366	8.92091e-02
0.65386	8.94795e-02
0.65403	8.97599e-02
0.65417	9.00481e-02
0.65429	9.03423e-02
0.65439	9.06412e-02
0.65446	9.09434e-02
0.65451	9.12479e-02
0.65454	9.15535e-02
0.65455	9.18594e-02
0.65454	9.21645e-02
0.65451	9.24680e-02
0.65446	9.27689e-02
0.65440	9.30664e-02
0.65433	9.33597e-02
0.65423	9.36477e-02
0.65413	9.39297e-02
0.65401	9.42048e-02
0.65388	9.44720e-02
0.65373	9.47305e-02
0.65358	9.49794e-02
0.65341	9.52179e-02
0.65326	9.54748e-02
0.65310	9.57174e-02
0.65292	9.59452e-02
0.65274	9.61578e-02
0.65256	9.63545e-02
0.65236	9.65346e-02
0.65216	9.66976e-02
0.65196	9.68429e-02
0.65175	9.69699e-02
0.65154	9.70780e-02
0.65132	9.71667e-02
0.65110	9.72355e-02
0.65088	9.72841e-02
0.65066	9.73121e-02
0.65044	9.73191e-02
0.65022	9.73048e-02
0.64999	9.72692e-02
0.64977	9.72120e-02
0.64955	9.71331e-02
0.64933	9.70325e-02
0.64911	9.69103e-02
0.64890	9.67665e-02
0.64880	9.65555e-02
0.64870	9.63241e-02
0.64860	9.60718e-02
0.64849	9.57983e-02
0.64857	9.54818e-02
0.64863	9.51483e-02
0.64868	9.47975e-02
0.64872	9.44295e-02
0.64875	9.40444e-02
0.64877	9.36428e-02
0.64885	9.32660e-02
0.64892	9.28734e-02
0.64899	9.24663e-02
0.64905	9.20456e-02
0.64910	9.16124e-02
0.64916	9.11676e-02
0.64920	9.07123e-02
0.64925	9.02474e-02
0.64933	8.97500e-02
0.64942	8.92455e-02
0.64949	8.87348e-02
0.64956	8.82190e-02
0.64962	8.76990e-02
0.64968	8.71759e-02
0.64973	8.66509e-02
0.64955	8.63545e-02
0.64937	8.60623e-02
0.64919	8.57706e-02
0.64901	8.54741e-02
0.64883	8.51663e-02
0.64868	8.48396e-02
0.64855	8.44857e-02
0.64846	8.40966e-02
0.64841	8.36661e-02
0.64840	8.31914e-02
0.64844	8.26732e-02
0.64853	8.21167e-02
0.64866	8.15308e-02
0.64883	8.09270e-02
0.64902	8.03176e-02
0.64923	7.97143e-02
0.64945	7.91272e-02
0.64968	7.85642e-02
0.64991	7.80307e-02
0.65014	7.75302e-02
0.65037	7.70644e-02
0.65059	7.66345e-02
0.65087	7.63117e-02
0.65123	7.60471e-02
0.65159	7.58127e-02
0.65193	7.56082e-02
0.65227	7.54337e-02
0.65260	7.52893e-02
0.65304	7.49704e-02
0.65346	7.46932e-02
0.65386	7.44582e-02
0.65424	7.42653e-02
0.65460	7.41136e-02
0.65493	7.40017e-02
0.65524	7.39278e-02
0.65552	7.38898e-02
0.65579	7.38854e-02
0.65603	7.39122e-02
0.65625	7.39677e-02
0.65646	7.40499e-02
0.65665	7.41566e-02
0.65683	7.42857e-02
0.65700	7.44354e-02
0.65716	7.46040e-02
0.65731	7.47899e-02
0.65745	7.49918e-02
0.65760	7.52084e-02
0.65773	7.54386e-02
0.65787	7.56813e-02
0.65800	7.59357e-02
0.65813	7.61905e-02
0.65825	7.64533e-02
0.65837	7.67237e-02
0.65856	7.70915e-02
0.65874	7.74578e-02
0.65891	7.78231e-02
0.65909	7.81878e-02
0.65925	7.85526e-02
0.65941	7.89182e-02
0.65958	7.92852e-02
0.65973	7.96543e-02
0.65989	8.00262e-02
0.66005	8.04015e-02
0.66021	8.07809e-02
0.66038	8.11649e-02
0.66054	8.15542e-02
0.66071	8.19494e-02
0.66088	8.23512e-02
0.66106	8.27602e-02
0.66124	8.31770e-02
0.66143	8.36023e-02
0.66162	8.40368e-02
0.66182	8.44809e-02
0.66204	8.49351e-02
0.66226	8.53997e-02
0.66259	8.57645e-02
0.66291	8.61716e-02
0.66322	8.66054e-02
0.66352	8.70573e-02
0.66391	8.75515e-02
0.66428	8.80496e-02
0.66464	8.85485e-02
0.66500	8.90454e-02
0.66533	8.95382e-02
0.66565	9.00249e-02
0.66596	9.05044e-02
0.66625	9.09759e-02
0.66652	9.14389e-02
0.66677	9.18933e-02
0.66702	9.23390e-02
0.66725	9.27760e-02
0.66746	9.32041e-02
0.66767	9.36234e-02
0.66792	9.40078e-02
0.66816	9.43892e-02
0.66838	9.47639e-02
0.66859	9.51302e-02
0.66880	9.54865e-02
0.66900	9.58320e-02
0.66921	9.61678e-02
0.66941	9.64908e-02
0.66962	9.68003e-02
0.66983	9.70955e-02
0.67003	9.73758e-02
0.67025	9.76401e-02
0.67046	9.78876e-02
0.67068	9.81170e-02
0.67089	9.83268e-02
0.67111	9.85153e-02
0.67133	9.86806e-02
0.67154	9.88202e-02
0.67175	9.89317e-02
0.67195	9.90120e-02
0.67215	9.90580e-02
0.67234	9.90665e-02
0.67252	9.90336e-02
0.67270	9.89558e-02
0.67287	9.88290e-02
0.67304	9.86494e-02
0.67320	9.84131e-02
0.67335	9.81165e-02
0.67351	9.77564e-02
0.67367	9.73454e-02
0.67387	9.68353e-02
0.67405	9.62575e-02
0.67423	9.56148e-02
0.67440	9.49119e-02
0.67456	9.41555e-02
0.67491	9.29418e-02
0.67523	9.17254e-02
0.67553	9.05113e-02
0.67581	8.93062e-02
0.67605	8.81164e-02
0.67627	8.69477e-02
0.67646	8.58044e-02
0.67661	8.46896e-02
0.67673	8.36050e-02
0.67683	8.25511e-02
0.67689	8.15274e-02
0.67693	8.05329e-02
0.67694	7.95656e-02
0.67694	7.86235e-02
0.67691	7.77040e-02
0.67686	7.68042e-02
0.67681	7.59212e-02
0.67674	7.50521e-02
0.67666	7.41938e-02
0.67659	7.33436e-02
0.67651	7.24990e-02
0.67643	7.16582e-02
0.67638	7.08172e-02
0.67634	6.99774e-02
0.67630	6.91383e-02
0.67629	6.83300e-02
0.67628	6.75152e-02
0.67627	6.66977e-02
0.67626	6.58796e-02
0.67625	6.50620e-02
0.67624	6.42456e-02
0.67623	6.34307e-02
0.67623	6.26172e-02
0.67622	6.18048e-02
0.67622	6.09930e-02
0.67623	6.01812e-02
0.67624	5.93688e-02
0.67626	5.85553e-02
0.67628	5.77408e-02
0.67631	5.69258e-02
0.67635	5.61116e-02
0.67640	5.53006e-02
0.67644	5.44959e-02
0.67649	5.37013e-02
0.67653	5.29211e-02
0.67657	5.21595e-02
0.67660	5.14204e-02
0.67686	5.05559e-02
0.67709	4.97333e-02
0.67728	4.89606e-02
0.67743	4.82383e-02
0.67788	4.76214e-02
0.67825	4.70711e-02
0.67854	4.65771e-02
0.67877	4.61304e-02
0.67894	4.57243e-02
0.67907	4.53551e-02
0.67916	4.50204e-02
0.67922	4.47189e-02
0.67926	4.44497e-02
0.67929	4.42120e-02
0.67930	4.40053e-02
0.67930	4.38290e-02
0.67929	4.36825e-02
0.67930	4.36077e-02
0.67947	4.34134e-02
0.67962	4.32618e-02
0.67974	4.31522e-02
0.67985	4.30830e-02
0.67993	4.30522e-02
0.68000	4.30574e-02
0.68008	4.30858e-02
0.68016	4.31463e-02
0.68022	4.32370e-02
0.68028	4.33567e-02
0.68034	4.35039e-02
0.68040	4.36775e-02
0.68045	4.38765e-02
0.68051	4.41000e-02
0.68057	4.43469e-02
0.68064	4.46164e-02
0.68071	4.49076e-02
0.68079	4.52196e-02
0.68088	4.55514e-02
0.68098	4.59020e-02
0.68108	4.62705e-02
0.68120	4.66558e-02
0.68133	4.70571e-02
0.68148	4.74733e-02
0.68164	4.79038e-02
0.68182	4.83479e-02
0.68201	4.88055e-02
0.68222	4.92763e-02
0.68244	4.97606e-02
0.68269	5.02771e-02
0.68320	5.05241e-02
0.68369	5.08019e-02
0.68418	5.11078e-02
0.68467	5.14393e-02
0.68514	5.17947e-02
0.68568	5.20261e-02
0.68621	5.22976e-02
0.68672	5.26018e-02
0.68721	5.29332e-02
0.68770	5.32880e-02
0.68819	5.36526e-02
0.68867	5.40357e-02
0.68914	5.44346e-02
0.68960	5.48469e-02
0.69005	5.52705e-02
0.69049	5.57032e-02
0.69093	5.61433e-02
0.69136	5.65889e-02
0.69178	5.70384e-02
0.69219	5.74902e-02
0.69261	5.79427e-02
0.69301	5.83946e-02
0.69341	5.88444e-02
0.69381	5.92907e-02
0.69421	5.97323e-02
0.69460	6.01679e-02
0.69499	6.05964e-02
0.69537	6.10165e-02
0.69576	6.14272e-02
0.69614	6.18275e-02
0.69653	6.22246e-02
0.69691	6.26081e-02
0.69732	6.29935e-02
0.69771	6.33594e-02
0.69810	6.37066e-02
0.69849	6.40353e-02
0.69887	6.43457e-02
0.69925	6.46374e-02
0.69962	6.49103e-02
0.69999	6.51641e-02
0.70036	6.53984e-02
0.70073	6.56131e-02
0.70109	6.58077e-02
0.70178	6.59721e-02
0.70248	6.61298e-02
0.70315	6.62794e-02
0.70377	6.64148e-02
0.70433	6.65314e-02
0.70485	6.66267e-02
0.70534	6.66999e-02
0.70580	6.67506e-02
0.70624	6.67786e-02
0.70668	6.68023e-02
0.70710	6.68008e-02
0.70750	6.67752e-02
0.70789	6.67261e-02
0.70826	6.66538e-02
0.70862	6.65587e-02
0.70897	6.64411e-02
0.70931	6.63012e-02
0.70964	6.61394e-02
0.70996	6.59561e-02
0.71027	6.57515e-02
0.71058	6.55260e-02
0.71087	6.52800e-02
0.71116	6.50139e-02
0.71145	6.47282e-02
0.71172	6.44232e-02
0.71199	6.40995e-02
0.71225	6.37576e-02
0.71256	6.34332e-02
0.71284	6.30849e-02
0.71312	6.27150e-02
0.71338	6.23253e-02
0.71364	6.19171e-02
0.71388	6.14914e-02
0.71413	6.10304e-02
0.71438	6.05511e-02
0.71462	6.00544e-02
0.71486	5.95412e-02
0.71509	5.90125e-02
0.71532	5.84695e-02
0.71554	5.79135e-02
0.71576	5.73456e-02
0.71597	5.67673e-02
0.71618	5.61798e-02
0.71638	5.55843e-02
0.71657	5.49823e-02
0.71676	5.43749e-02
0.71694	5.37636e-02
0.71712	5.31496e-02
0.71729	5.25341e-02
0.71746	5.19311e-02
0.71763	5.13273e-02
0.71779	5.07247e-02
0.71793	5.01249e-02
0.71808	4.95293e-02
0.71821	4.89393e-02
0.71834	4.83561e-02
0.71850	4.78295e-02
0.71877	4.72703e-02
0.71903	4.67220e-02
0.71929	4.61895e-02
0.71954	4.56764e-02
0.71977	4.51847e-02
0.72006	4.45776e-02
0.72032	4.39984e-02
0.72057	4.34449e-02
0.72081	4.29156e-02
0.72103	4.24090e-02
0.72151	4.15660e-02
0.72194	4.08182e-02
0.72232	4.01405e-02
0.72267	3.95219e-02
0.72298	3.89583e-02
0.72327	3.84481e-02
0.72354	3.79913e-02
0.72378	3.75884e-02
0.72399	3.72399e-02
0.72418	3.69464e-02
0.72435	3.67081e-02
0.72450	3.65251e-02
0.72462	3.63969e-02
0.72473	3.63227e-02
0.72481	3.63012e-02
0.72487	3.63309e-02
0.72491	3.64098e-02
0.72494	3.65357e-02
0.72495	3.67063e-02
0.72493	3.69192e-02
0.72491	3.71718e-02
0.72486	3.74616e-02
0.72486	3.78886e-02
0.72484	3.83399e-02
0.72480	3.88092e-02
0.72474	3.92970e-02
0.72466	3.98030e-02
0.72457	4.03267e-02
0.72446	4.08674e-02
0.72433	4.14242e-02
0.72420	4.19964e-02
0.72405	4.25831e-02
0.72388	4.31834e-02
0.72375	4.37830e-02
0.72360	4.43957e-02
0.72343	4.50200e-02
0.72325	4.56546e-02
0.72306	4.62983e-02
0.72287	4.69502e-02
0.72266	4.76091e-02
0.72245	4.82740e-02
0.72224	4.89438e-02
0.72208	4.96200e-02
0.72191	5.03032e-02
0.72173	5.09916e-02
0.72154	5.16833e-02
0.72135	5.23769e-02
0.72115	5.30709e-02
0.72094	5.37637e-02
0.72073	5.44540e-02
0.72051	5.51405e-02
0.72029	5.58219e-02
0.72007	5.64969e-02
0.71984	5.71643e-02
0.71961	5.78230e-02
0.71938	5.84718e-02
0.71915	5.91096e-02
0.71892	5.97353e-02
0.71869	6.03478e-02
0.71846	6.09461e-02
0.71826	6.15003e-02
0.71805	6.20331e-02
0.71786	6.25431e-02
0.71767	6.30298e-02
0.71748	6.34929e-02
0.71730	6.39329e-02
0.71715	6.43358e-02
0.71699	6.47216e-02
0.71684	6.50891e-02
0.71668	6.54378e-02
0.71652	6.57676e-02
0.71636	6.60785e-02
0.71620	6.63703e-02
0.71609	6.66872e-02
0.71597	6.69749e-02
0.71584	6.72364e-02
0.71571	6.74728e-02
0.71558	6.76846e-02
0.71544	6.78722e-02
0.71531	6.80355e-02
0.71518	6.81747e-02
0.71505	6.82897e-02
0.71492	6.83804e-02
0.71479	6.84469e-02
0.71467	6.84891e-02
0.71455	6.85072e-02
0.71443	6.85010e-02
0.71436	6.84163e-02
0.71430	6.83050e-02
0.71425	6.81675e-02
0.71431	6.80582e-02
0.71436	6.79096e-02
0.71439	6.77279e-02
0.71442	6.75168e-02
0.71445	6.72784e-02
0.71462	6.68259e-02
0.71477	6.63680e-02
0.71492	6.59027e-02
0.71506	6.54284e-02
0.71519	6.49435e-02
0.71543	6.43742e-02
0.71566	6.37957e-02
0.71589	6.32062e-02
0.71611	6.26048e-02
0.71634	6.19913e-02
0.71657	6.13659e-02
0.71679	6.07296e-02
0.71702	6.00831e-02
0.71724	5.94275e-02
0.71747	5.87639e-02
0.71769	5.80935e-02
0.71791	5.74174e-02
0.71812	5.67366e-02
0.71833	5.60520e-02
0.71854	5.53645e-02
0.71874	5.46749e-02
0.71893	5.39837e-02
0.71913	5.32917e-02
0.71931	5.25994e-02
0.71950	5.19072e-02
0.71967	5.12156e-02
0.71985	5.05250e-02
0.72007	4.99191e-02
0.72026	4.92887e-02
0.72045	4.86455e-02
0.72063	4.79957e-02
0.72080	4.73429e-02
0.72096	4.66893e-02
0.72112	4.60364e-02
0.72127	4.53854e-02
0.72141	4.47372e-02
0.72156	4.40925e-02
0.72169	4.34521e-02
0.72185	4.28309e-02
0.72200	4.22184e-02
0.72215	4.16157e-02
0.72230	4.10240e-02
0.72245	4.04445e-02
0.72260	3.98781e-02
0.72275	3.93258e-02
0.72289	3.87882e-02
0.72304	3.82658e-02
0.72321	3.77806e-02
0.72338	3.73047e-02
0.72353	3.68404e-02
0.72368	3.63888e-02
0.72383	3.59501e-02
0.72396	3.55241e-02
0.72409	3.51106e-02
0.72422	3.47091e-02
0.72434	3.43191e-02
0.72445	3.39403e-02
0.72455	3.35723e-02
0.72466	3.32148e-02
0.72475	3.28678e-02
0.72485	3.25314e-02
0.72495	3.22058e-02
0.72504	3.18918e-02
0.72529	3.13881e-02
0.72553	3.09261e-02
0.72575	3.05046e-02
0.72596	3.01225e-02
0.72616	2.97788e-02
0.72636	2.94739e-02
0.72655	2.92087e-02
0.72674	2.89844e-02
0.72696	2.87565e-02
0.72716	2.85846e-02
0.72734	2.84655e-02
0.72752	2.83968e-02
0.72768	2.83766e-02
0.72783	2.84030e-02
0.72797	2.84739e-02
0.72811	2.86044e-02
0.72823	2.87675e-02
0.72833	2.89630e-02
0.72842	2.91895e-02
0.72849	2.94446e-02
0.72854	2.97257e-02
0.72858	3.00301e-02
0.72860	3.03548e-02
0.72861	3.06972e-02
0.72860	3.10547e-02
0.72857	3.14248e-02
0.72853	3.18052e-02
0.72847	3.21940e-02
0.72839	3.25893e-02
0.72831	3.29890e-02
0.72821	3.33923e-02
0.72809	3.37979e-02
0.72802	3.42405e-02
0.72791	3.46659e-02
0.72778	3.50816e-02
0.72762	3.54913e-02
0.72744	3.58965e-02
0.72735	3.62060e-02
0.72723	3.65205e-02
0.72720	3.67699e-02
0.72717	3.70221e-02
0.72712	3.72772e-02
0.72711	3.75823e-02
0.72709	3.78833e-02
0.72706	3.81830e-02
0.72702	3.84839e-02
0.72697	3.87876e-02
0.72690	3.90951e-02
0.72683	3.94070e-02
0.72675	3.97235e-02
0.72666	4.00444e-02
0.72656	4.03693e-02
0.72645	4.06975e-02
0.72633	4.10283e-02
0.72620	4.13609e-02
0.72606	4.16943e-02
0.72592	4.20276e-02
0.72578	4.23599e-02
0.72563	4.26902e-02
0.72547	4.30176e-02
0.72531	4.33412e-02
0.72516	4.36601e-02
0.72500	4.39735e-02
0.72484	4.42805e-02
0.72485	4.47247e-02
0.72481	4.51276e-02
0.72474	4.54992e-02
0.72467	4.58480e-02
0.72458	4.61792e-02
0.72450	4.64966e-02
0.72442	4.68022e-02
0.72436	4.70973e-02
0.72430	4.73831e-02
0.72425	4.76601e-02
0.72421	4.79289e-02
0.72427	4.81601e-02
0.72434	4.83885e-02
0.72441	4.86135e-02
0.72450	4.88346e-02
0.72460	4.90514e-02
0.72472	4.92635e-02
0.72485	4.94702e-02
0.72501	4.96712e-02
0.72518	4.98659e-02
0.72553	5.00664e-02
0.72587	5.02658e-02
0.72621	5.04621e-02
0.72656	5.06538e-02
0.72692	5.08398e-02
0.72729	5.10187e-02
0.72767	5.11893e-02
0.72805	5.13503e-02
0.72845	5.15005e-02
0.72885	5.16383e-02
0.72927	5.17622e-02
0.72969	5.18707e-02
0.73012	5.19622e-02
0.73056	5.20350e-02
0.73100	5.20877e-02
0.73145	5.21191e-02
0.73190	5.21281e-02
0.73236	5.21138e-02
0.73282	5.20756e-02
0.73329	5.20131e-02
0.73376	5.19265e-02
0.73423	5.18157e-02
0.73471	5.16813e-02
0.73519	5.15238e-02
0.73569	5.13201e-02
0.73619	5.10981e-02
0.73670	5.08577e-02
0.73720	5.05993e-02
0.73771	5.03240e-02
0.73822	5.00327e-02
0.73874	4.97266e-02
0.73929	4.94398e-02
0.73984	4.91360e-02
0.74039	4.88169e-02
0.74094	4.84842e-02
0.74148	4.81396e-02
0.74203	4.77848e-02
0.74257	4.74213e-02
0.74312	4.70507e-02
0.74366	4.66747e-02
0.74420	4.62948e-02
0.74475	4.59126e-02
0.74529	4.55298e-02
0.74583	4.51480e-02
0.74637	4.47689e-02
0.74691	4.43900e-02
0.74745	4.40175e-02
0.74800	4.36529e-02
0.74863	4.31855e-02
0.74925	4.27434e-02
0.74987	4.23193e-02
0.75049	4.19119e-02
0.75111	4.15220e-02
0.75182	4.11066e-02
0.75251	4.07130e-02
0.75320	4.03422e-02
0.75387	3.99952e-02
0.75453	3.96723e-02
0.75522	3.93702e-02
0.75588	3.90925e-02
0.75652	3.88384e-02
0.75714	3.86070e-02
0.75773	3.83971e-02
0.75829	3.82076e-02
0.75883	3.80374e-02
0.75935	3.78856e-02
0.75983	3.77511e-02
0.76029	3.76333e-02
0.76073	3.75314e-02
0.76114	3.74448e-02
0.76152	3.73729e-02
0.76188	3.73151e-02
0.76221	3.72710e-02
0.76252	3.72398e-02
0.76281	3.72211e-02
0.76308	3.72140e-02
0.76333	3.72180e-02
0.76356	3.72323e-02
0.76376	3.72561e-02
0.76395	3.72887e-02
0.76422	3.73868e-02
0.76444	3.74728e-02
0.76463	3.75539e-02
0.76486	3.77240e-02
0.76504	3.78621e-02
0.76519	3.79843e-02
0.76532	3.80991e-02
0.76542	3.82104e-02
0.76555	3.83350e-02
0.76566	3.84566e-02
0.76575	3.85753e-02
0.76582	3.86911e-02
0.76587	3.88037e-02
0.76591	3.89127e-02
0.76592	3.90177e-02
0.76592	3.91184e-02
0.76591	3.92144e-02
0.76588	3.93052e-02
0.76583	3.93906e-02
0.76577	3.94702e-02
0.76570	3.95437e-02
0.76561	3.96107e-02
0.76550	3.96710e-02
0.76538	3.97244e-02
0.76525	3.97705e-02
0.76511	3.98093e-02
0.76496	3.98405e-02
0.76479	3.98639e-02
0.76461	3.98794e-02
0.76442	3.98868e-02
0.76421	3.98862e-02
0.76400	3.98772e-02
0.76378	3.98600e-02
0.76354	3.98344e-02
0.76330	3.98003e-02
0.76305	3.97578e-02
0.76278	3.97068e-02
0.76251	3.96473e-02
0.76224	3.95794e-02
0.76195	3.95029e-02
0.76166	3.94181e-02
0.76136	3.93249e-02
0.76108	3.91676e-02
0.76080	3.90110e-02
0.76057	3.87397e-02
0.76042	3.85586e-02
0.76024	3.83676e-02
0.76002	3.81682e-02
0.75978	3.79623e-02
0.75952	3.77515e-02
0.75924	3.75365e-02
0.75921	3.73859e-02
0.75914	3.72329e-02
0.75904	3.70775e-02
0.75892	3.69200e-02
0.75879	3.67608e-02
0.75865	3.66001e-02
0.75850	3.64381e-02
0.75835	3.62748e-02
0.75819	3.61104e-02
0.75802	3.59448e-02
0.75786	3.57782e-02
0.75769	3.56104e-02
0.75752	3.54416e-02
0.75735	3.52717e-02
0.75728	3.51807e-02
0.75718	3.50698e-02
0.75707	3.49465e-02
0.75695	3.48149e-02
0.75683	3.46770e-02
0.75670	3.45343e-02
0.75657	3.43875e-02
0.75644	3.42374e-02
0.75631	3.40845e-02
0.75618	3.39295e-02
0.75607	3.37784e-02
0.75607	3.34258e-02
0.75606	3.31064e-02
0.75613	3.26843e-02
0.75620	3.22821e-02
0.75626	3.18952e-02
0.75630	3.15234e-02
0.75635	3.11678e-02
0.75638	3.08300e-02
0.75641	3.05117e-02
0.75643	3.02141e-02
0.75645	2.99383e-02
0.75646	2.96849e-02
0.75646	2.94544e-02
0.75646	2.92469e-02
0.75645	2.90626e-02
0.75645	2.89013e-02
0.75643	2.87629e-02
0.75642	2.86470e-02
0.75641	2.85534e-02
0.75639	2.84817e-02
0.75637	2.84315e-02
0.75636	2.84025e-02
0.75635	2.83940e-02
0.75634	2.84056e-02
0.75633	2.84368e-02
0.75632	2.84871e-02
0.75631	2.85557e-02
0.75632	2.86492e-02
0.75633	2.87576e-02
0.75634	2.88809e-02
0.75636	2.90188e-02
0.75637	2.91708e-02
0.75644	2.93156e-02
0.75649	2.94767e-02
0.75655	2.96523e-02
0.75661	2.98408e-02
0.75666	3.00411e-02
0.75672	3.02522e-02
0.75688	3.05399e-02
0.75704	3.08361e-02
0.75720	3.11404e-02
0.75736	3.14522e-02
0.75752	3.17707e-02
0.75768	3.20950e-02
0.75785	3.24244e-02
0.75801	3.27583e-02
0.75818	3.30961e-02
0.75835	3.34373e-02
0.75866	3.36389e-02
0.75894	3.38732e-02
0.75921	3.41309e-02
0.75947	3.44057e-02
0.75973	3.46933e-02
0.75998	3.49906e-02
0.76023	3.52954e-02
0.76051	3.56419e-02
0.76079	3.59841e-02
0.76106	3.63231e-02
0.76132	3.66591e-02
0.76158	3.69919e-02
0.76184	3.73208e-02
0.76210	3.76437e-02
0.76235	3.79617e-02
0.76260	3.82739e-02
0.76285	3.85795e-02
0.76309	3.88781e-02
0.76333	3.91692e-02
0.76356	3.94525e-02
0.76394	3.95897e-02
0.76428	3.97503e-02
0.76460	3.99228e-02
0.76490	4.01014e-02
0.76521	4.02679e-02
0.76553	4.04407e-02
0.76583	4.06130e-02
0.76616	4.08079e-02
0.76647	4.09952e-02
0.76676	4.11755e-02
0.76704	4.13491e-02
0.76730	4.15161e-02
0.76755	4.16764e-02
0.76779	4.18298e-02
0.76802	4.19764e-02
0.76825	4.21159e-02
0.76847	4.22484e-02
0.76869	4.23740e-02
0.76891	4.24926e-02
0.76921	4.26384e-02
0.76950	4.27731e-02
0.76982	4.28352e-02
0.77012	4.29091e-02
0.77042	4.29859e-02
0.77071	4.30616e-02
0.77101	4.31350e-02
0.77131	4.32057e-02
0.77162	4.32744e-02
0.77194	4.33419e-02
0.77226	4.34089e-02
0.77260	4.34763e-02
0.77295	4.35447e-02
0.77334	4.35908e-02
0.77373	4.36418e-02
0.77412	4.36968e-02
0.77452	4.37550e-02
0.77492	4.38154e-02
0.77532	4.38770e-02
0.77572	4.39387e-02
0.77612	4.39991e-02
0.77650	4.40571e-02
0.77688	4.41114e-02
0.77726	4.41608e-02
0.77762	4.42039e-02
0.77797	4.42397e-02
0.77831	4.42668e-02
0.77864	4.42843e-02
0.77895	4.42912e-02
0.77925	4.42865e-02
0.77954	4.42695e-02
0.77981	4.42394e-02
0.78007	4.41958e-02
0.78031	4.41381e-02
0.78056	4.40687e-02
0.78083	4.39481e-02
0.78107	4.38142e-02
0.78129	4.36650e-02
0.78150	4.34995e-02
0.78170	4.33171e-02
0.78188	4.31176e-02
0.78205	4.29010e-02
0.78222	4.26673e-02
0.78237	4.24167e-02
0.78252	4.21497e-02
0.78267	4.18666e-02
0.78280	4.15679e-02
0.78294	4.12542e-02
0.78307	4.09264e-02
0.78320	4.05851e-02
0.78335	4.02161e-02
0.78349	3.98352e-02
0.78387	3.94108e-02
0.78422	3.89890e-02
0.78456	3.85683e-02
0.78487	3.81487e-02
0.78517	3.77310e-02
0.78545	3.73166e-02
0.78572	3.69069e-02
0.78596	3.65035e-02
0.78619	3.61077e-02
0.78640	3.57208e-02
0.78658	3.53437e-02
0.78675	3.49772e-02
0.78689	3.46219e-02
0.78700	3.42784e-02
0.78709	3.39473e-02
0.78717	3.36290e-02
0.78724	3.32925e-02
0.78730	3.29710e-02
0.78733	3.26645e-02
0.78735	3.23731e-02
0.78734	3.20973e-02
0.78733	3.18378e-02
0.78730	3.15950e-02
0.78725	3.13693e-02
0.78720	3.11613e-02
0.78713	3.09712e-02
0.78705	3.07994e-02
0.78696	3.06458e-02
0.78687	3.05108e-02
0.78685	3.04351e-02
0.78683	3.03782e-02
0.78680	3.03399e-02
0.78676	3.03193e-02
0.78672	3.03154e-02
0.78667	3.03273e-02
0.78661	3.03535e-02
0.78655	3.03928e-02
0.78649	3.04440e-02
0.78642	3.05060e-02
0.78634	3.05779e-02
0.78626	3.06586e-02
0.78617	3.07474e-02
0.78608	3.08435e-02
0.78599	3.09462e-02
0.78590	3.10550e-02
0.78580	3.11692e-02
0.78570	3.12884e-02
0.78560	3.14122e-02
0.78559	3.14597e-02
0.78557	3.15384e-02
0.78554	3.16303e-02
0.78551	3.17262e-02
0.78548	3.18214e-02
0.78546	3.19137e-02
0.78545	3.20024e-02
0.78545	3.20879e-02
0.78545	3.21712e-02
0.78546	3.22537e-02
0.78548	3.23370e-02
0.78550	3.24226e-02
0.78552	3.25118e-02
0.78554	3.26058e-02
0.78557	3.27054e-02
0.78559	3.28112e-02
0.78562	3.29235e-02
0.78565	3.30426e-02
0.78568	3.31685e-02
0.78582	3.33971e-02
0.78594	3.36132e-02
0.78604	3.38194e-02
0.78613	3.40185e-02
0.78620	3.42133e-02
0.78627	3.44060e-02
0.78633	3.45982e-02
0.78639	3.47912e-02
0.78645	3.49860e-02
0.78650	3.51832e-02
0.78655	3.53833e-02
0.78661	3.55866e-02
0.78666	3.57935e-02
0.78671	3.60040e-02
0.78677	3.62184e-02
0.78688	3.64190e-02
0.78700	3.66412e-02
0.78711	3.68570e-02
0.78720	3.70709e-02
0.78730	3.72853e-02
0.78739	3.75014e-02
0.78754	3.77807e-02
0.78769	3.80544e-02
0.78783	3.83237e-02
0.78795	3.85898e-02
0.78808	3.88532e-02
0.78819	3.91145e-02
0.78830	3.93739e-02
0.78841	3.96314e-02
0.78851	3.98872e-02
0.78861	4.01410e-02
0.78878	4.03294e-02
0.78897	4.05537e-02
0.78916	4.07776e-02
0.78934	4.10021e-02
0.78952	4.12274e-02
0.78970	4.14532e-02
0.78988	4.16790e-02
0.79006	4.19039e-02
0.79026	4.21455e-02
0.79045	4.23797e-02
0.79064	4.26064e-02
0.79083	4.28250e-02
0.79101	4.30345e-02
0.79119	4.32340e-02
0.79137	4.34224e-02
0.79155	4.35989e-02
0.79173	4.37627e-02
0.79190	4.39135e-02
0.79222	4.40886e-02
0.79250	4.42421e-02
0.79273	4.43751e-02
0.79294	4.44899e-02
0.79314	4.45883e-02
0.79331	4.46716e-02
0.79347	4.47412e-02
0.79362	4.47977e-02
0.79375	4.48416e-02
0.79387	4.48732e-02
0.79398	4.48926e-02
0.79408	4.48997e-02
0.79417	4.48943e-02
0.79427	4.48462e-02
0.79435	4.47929e-02
0.79442	4.47317e-02
0.79448	4.46607e-02
0.79453	4.45786e-02
0.79456	4.44843e-02
0.79459	4.43772e-02
0.79465	4.43157e-02
0.79469	4.42246e-02
0.79472	4.41101e-02
0.79473	4.39756e-02
0.79474	4.38229e-02
0.79473	4.36531e-02
0.79472	4.34672e-02
0.79470	4.32659e-02
0.79468	4.30501e-02
0.79465	4.28205e-02
0.79461	4.25779e-02
0.79457	4.23233e-02
0.79454	4.20344e-02
0.79452	4.17034e-02
0.79451	4.13288e-02
0.79452	4.09102e-02
0.79455	4.04486e-02
0.79459	3.99464e-02
0.79465	3.94070e-02
0.79472	3.88354e-02
0.79481	3.82372e-02
0.79490	3.76189e-02
0.79500	3.69874e-02
0.79511	3.63497e-02
0.79522	3.57127e-02
0.79533	3.50825e-02
0.79544	3.44650e-02
0.79560	3.38910e-02
0.79574	3.33347e-02
0.79588	3.28012e-02
0.79600	3.22944e-02
0.79613	3.18176e-02
0.79624	3.13730e-02
0.79636	3.09629e-02
0.79646	3.05888e-02
0.79656	3.02519e-02
0.79666	2.99533e-02
0.79676	2.96936e-02
0.79685	2.94731e-02
0.79694	2.92919e-02
0.79703	2.91497e-02
0.79712	2.90462e-02
0.79720	2.89804e-02
0.79729	2.89513e-02
0.79738	2.89576e-02
0.79746	2.89977e-02
0.79755	2.90701e-02
0.79767	2.91641e-02
0.79778	2.92905e-02
0.79792	2.94644e-02
0.79805	2.96614e-02
0.79818	2.98791e-02
0.79831	3.01149e-02
0.79844	3.03666e-02
0.79861	3.06885e-02
0.79877	3.10098e-02
0.79893	3.13313e-02
0.79909	3.16529e-02
0.79924	3.19740e-02
0.79940	3.22936e-02
0.79956	3.26103e-02
0.79971	3.29228e-02
0.79990	3.31586e-02
0.80012	3.34093e-02
0.80036	3.36547e-02
0.80060	3.38923e-02
0.80083	3.41210e-02
0.80106	3.43396e-02
0.80129	3.45466e-02
0.80151	3.47404e-02
0.80174	3.49199e-02
0.80197	3.50836e-02
0.80219	3.52305e-02
0.80242	3.53594e-02
0.80265	3.54695e-02
0.80288	3.55599e-02
0.80311	3.56299e-02
0.80334	3.56787e-02
0.80357	3.57060e-02
0.80381	3.57110e-02
0.80404	3.56936e-02
0.80428	3.56534e-02
0.80451	3.55902e-02
0.80475	3.55037e-02
0.80498	3.53940e-02
0.80522	3.52609e-02
0.80546	3.51047e-02
0.80569	3.49254e-02
0.80593	3.47231e-02
0.80618	3.44984e-02
0.80643	3.42512e-02
0.80668	3.39818e-02
0.80692	3.36906e-02
0.80719	3.33811e-02
0.80745	3.30502e-02
0.80771	3.27046e-02
0.80796	3.23373e-02
0.80821	3.19482e-02
0.80845	3.15404e-02
0.80869	3.11151e-02
0.80892	3.06737e-02
0.80919	3.02149e-02
0.80944	2.97426e-02
0.80969	2.92579e-02
0.80994	2.87623e-02
0.81018	2.82573e-02
0.81041	2.77443e-02
0.81063	2.72252e-02
0.81086	2.67017e-02
0.81107	2.61755e-02
0.81129	2.56485e-02
0.81150	2.51226e-02
0.81177	2.45869e-02
0.81203	2.40573e-02
0.81229	2.35352e-02
0.81253	2.30218e-02
0.81277	2.25183e-02
0.81300	2.20259e-02
0.81322	2.15455e-02
0.81343	2.10778e-02
0.81364	2.06236e-02
0.81383	2.01833e-02
0.81402	1.97575e-02
0.81419	1.93466e-02
0.81436	1.89508e-02
0.81451	1.85706e-02
0.81465	1.82063e-02
0.81479	1.78583e-02
0.81491	1.75270e-02
0.81501	1.72129e-02
0.81511	1.69165e-02
0.81519	1.66382e-02
0.81526	1.63784e-02
0.81532	1.61377e-02
0.81537	1.59165e-02
0.81550	1.57232e-02
0.81561	1.55529e-02
0.81569	1.54055e-02
0.81586	1.52686e-02
0.81599	1.51621e-02
0.81610	1.50844e-02
0.81622	1.50706e-02
0.81633	1.50789e-02
0.81642	1.51102e-02
0.81650	1.51646e-02
0.81656	1.52411e-02
0.81661	1.53390e-02
0.81667	1.54415e-02
0.81672	1.55622e-02
0.81674	1.56989e-02
0.81674	1.58496e-02
0.81672	1.60125e-02
0.81669	1.61860e-02
0.81664	1.63690e-02
0.81658	1.65605e-02
0.81650	1.67598e-02
0.81641	1.69663e-02
0.81631	1.71798e-02
0.81620	1.74000e-02
0.81608	1.76267e-02
0.81595	1.78600e-02
0.81582	1.80999e-02
0.81570	1.83084e-02
0.81569	1.83636e-02
0.81566	1.84605e-02
0.81562	1.85865e-02
0.81558	1.87368e-02
0.81553	1.89094e-02
0.81549	1.91040e-02
0.81545	1.93203e-02
0.81542	1.95584e-02
0.81539	1.98188e-02
0.81537	2.01020e-02
0.81536	2.04091e-02
0.81537	2.07440e-02
0.81540	2.11052e-02
0.81544	2.14957e-02
0.81550	2.19185e-02
0.81558	2.23767e-02
0.81568	2.28735e-02
0.81579	2.34111e-02
0.81593	2.39912e-02
0.81608	2.46141e-02
0.81624	2.52789e-02
0.81642	2.59836e-02
0.81661	2.67251e-02
0.81680	2.74995e-02
0.81701	2.83027e-02
0.81722	2.91299e-02
0.81743	2.99763e-02
0.81765	3.08373e-02
0.81788	3.17080e-02
0.81812	3.25921e-02
0.81836	3.34748e-02
0.81860	3.43529e-02
0.81897	3.53115e-02
0.81929	3.62338e-02
0.81961	3.71205e-02
0.81991	3.79803e-02
0.82019	3.88150e-02
0.82046	3.96247e-02
0.82073	4.04101e-02
0.82116	4.11189e-02
0.82158	4.18076e-02
0.82198	4.24744e-02
0.82237	4.31173e-02
0.82274	4.37346e-02
0.82311	4.43246e-02
0.82346	4.48858e-02
0.82379	4.54169e-02
0.82412	4.59169e-02
0.82444	4.63849e-02
0.82475	4.68201e-02
0.82505	4.72220e-02
0.82534	4.75901e-02
0.82562	4.79241e-02
0.82589	4.82237e-02
0.82616	4.84889e-02
0.82642	4.87195e-02
0.82668	4.89156e-02
0.82692	4.90772e-02
0.82716	4.92044e-02
0.82745	4.92837e-02
0.82772	4.93298e-02
0.82799	4.93428e-02
0.82825	4.93230e-02
0.82851	4.92706e-02
0.82875	4.91860e-02
0.82899	4.90698e-02
0.82923	4.89222e-02
0.82946	4.87438e-02
0.82974	4.85164e-02
0.83001	4.82607e-02
0.83032	4.79874e-02
0.83060	4.76850e-02
0.83088	4.73547e-02
0.83114	4.69972e-02
0.83138	4.66136e-02
0.83161	4.62048e-02
0.83183	4.57717e-02
0.83204	4.53153e-02
0.83224	4.48365e-02
0.83242	4.43364e-02
0.83259	4.38159e-02
0.83276	4.32762e-02
0.83291	4.27182e-02
0.83305	4.21432e-02
0.83327	4.15576e-02
0.83347	4.09547e-02
0.83366	4.03357e-02
0.83383	3.97018e-02
0.83399	3.90544e-02
0.83414	3.83948e-02
0.83427	3.77245e-02
0.83439	3.70450e-02
0.83449	3.63578e-02
0.83459	3.56646e-02
0.83467	3.49670e-02
0.83474	3.42669e-02
0.83480	3.35659e-02
0.83485	3.28661e-02
0.83489	3.21692e-02
0.83491	3.14761e-02
0.83515	3.10502e-02
0.83534	3.06036e-02
0.83549	3.01421e-02
0.83561	2.96731e-02
0.83571	2.92035e-02
0.83579	2.87391e-02
0.83585	2.82846e-02
0.83589	2.78435e-02
0.83592	2.74185e-02
0.83593	2.70119e-02
0.83593	2.66257e-02
0.83591	2.62613e-02
0.83588	2.59202e-02
0.83583	2.56037e-02
0.83578	2.53130e-02
0.83570	2.50491e-02
0.83562	2.48126e-02
0.83553	2.46043e-02
0.83542	2.44246e-02
0.83531	2.42736e-02
0.83518	2.41512e-02
0.83505	2.40571e-02
0.83490	2.39907e-02
0.83475	2.39511e-02
0.83460	2.39373e-02
0.83443	2.39479e-02
0.83426	2.39817e-02
0.83408	2.40368e-02
0.83390	2.41117e-02
0.83372	2.42010e-02
0.83353	2.43064e-02
0.83334	2.44259e-02
0.83319	2.45980e-02
0.83303	2.47671e-02
0.83292	2.49534e-02
0.83279	2.51411e-02
0.83265	2.53313e-02
0.83249	2.55239e-02
0.83234	2.57181e-02
0.83218	2.59131e-02
0.83202	2.61077e-02
0.83187	2.63011e-02
0.83171	2.64923e-02
0.83155	2.66804e-02
0.83140	2.68647e-02
0.83124	2.70444e-02
0.83110	2.72191e-02
0.83095	2.73883e-02
0.83081	2.75516e-02
0.83067	2.77087e-02
0.83054	2.78597e-02
0.83041	2.80044e-02
0.83029	2.81430e-02
0.83018	2.82755e-02
0.83007	2.84024e-02
0.82996	2.85238e-02
0.82987	2.86404e-02
0.82978	2.87525e-02
0.82970	2.88608e-02
0.82968	2.89850e-02
0.82966	2.91050e-02
0.82964	2.92219e-02
0.82963	2.93365e-02
0.82962	2.94499e-02
0.82961	2.95632e-02
0.82960	2.96773e-02
0.82961	2.98006e-02
0.82962	2.99249e-02
0.82989	3.00501e-02
0.83011	3.01724e-02
0.83030	3.02903e-02
0.83046	3.04046e-02
0.83059	3.05177e-02
0.83071	3.06317e-02
0.83082	3.07488e-02
0.83092	3.08706e-02
0.83103	3.09985e-02
0.83116	3.11617e-02
0.83128	3.13223e-02
0.83140	3.14852e-02
0.83152	3.16534e-02
0.83164	3.18285e-02
0.83177	3.20118e-02
0.83189	3.22037e-02
0.83202	3.24047e-02
0.83215	3.26148e-02
0.83229	3.28339e-02
0.83243	3.30618e-02
0.83265	3.33748e-02
0.83286	3.36880e-02
0.83308	3.40029e-02
0.83329	3.43197e-02
0.83350	3.46380e-02
0.83371	3.49570e-02
0.83392	3.52759e-02
0.83413	3.55940e-02
0.83434	3.59103e-02
0.83455	3.62243e-02
0.83475	3.65350e-02
0.83499	3.67611e-02
0.83522	3.70005e-02
0.83544	3.72464e-02
0.83565	3.74947e-02
0.83586	3.77428e-02
0.83606	3.79887e-02
0.83635	3.82300e-02
0.83662	3.84673e-02
0.83689	3.86991e-02
0.83714	3.89246e-02
0.83738	3.91426e-02
0.83762	3.93525e-02
0.83784	3.95535e-02
0.83806	3.97450e-02
0.83827	3.99265e-02
0.83847	4.00975e-02
0.83866	4.02576e-02
0.83884	4.04066e-02
0.83902	4.05440e-02
0.83918	4.06696e-02
0.83934	4.07834e-02
0.83949	4.08851e-02
0.83963	4.09747e-02
0.83977	4.10522e-02
0.83989	4.11176e-02
0.84001	4.11709e-02
0.84012	4.12123e-02
0.84022	4.12419e-02
0.84031	4.12600e-02
0.84040	4.12668e-02
0.84052	4.12690e-02
0.84063	4.12596e-02
0.84072	4.12386e-02
0.84083	4.12670e-02
0.84091	4.12662e-02
0.84111	4.10699e-02
0.84128	4.08627e-02
0.84143	4.06439e-02
0.84158	4.04134e-02
0.84171	4.01723e-02
0.84183	3.99220e-02
0.84194	3.96642e-02
0.84204	3.94008e-02
0.84214	3.91336e-02
0.84222	3.88644e-02
0.84230	3.85951e-02
0.84237	3.83275e-02
0.84244	3.80632e-02
0.84249	3.78039e-02
0.84254	3.75510e-02
0.84267	3.73857e-02
0.84277	3.72034e-02
0.84284	3.70157e-02
0.84289	3.68299e-02
0.84292	3.66500e-02
0.84294	3.64783e-02
0.84296	3.63163e-02
0.84296	3.61648e-02
0.84296	3.60242e-02
0.84295	3.58947e-02
0.84294	3.57869e-02
0.84292	3.56907e-02
0.84290	3.56031e-02
0.84287	3.55245e-02
0.84284	3.54549e-02
0.84280	3.53940e-02
0.84276	3.53414e-02
0.84271	3.52967e-02
0.84267	3.52591e-02
0.84262	3.52271e-02
0.84256	3.52015e-02
0.84251	3.51816e-02
0.84246	3.51666e-02
0.84240	3.51558e-02
0.84235	3.51484e-02
0.84230	3.51439e-02
0.84224	3.51415e-02
0.84219	3.51406e-02
0.84214	3.51406e-02
0.84210	3.51411e-02
0.84205	3.51413e-02
0.84201	3.51409e-02
0.84197	3.51393e-02
0.84193	3.51360e-02
0.84190	3.51307e-02
0.84192	3.50694e-02
0.84194	3.50154e-02
0.84195	3.49646e-02
0.84197	3.49157e-02
0.84198	3.48675e-02
0.84200	3.48193e-02
0.84205	3.48241e-02
0.84209	3.48115e-02
0.84214	3.47902e-02
0.84218	3.47628e-02
0.84222	3.47307e-02
0.84227	3.46943e-02
0.84232	3.46539e-02
0.84237	3.46099e-02
0.84243	3.45625e-02
0.84249	3.45105e-02
0.84255	3.44559e-02
0.84262	3.43988e-02
0.84269	3.43395e-02
0.84276	3.42780e-02
0.84284	3.42148e-02
0.84292	3.41500e-02
0.84300	3.40839e-02
0.84309	3.40170e-02
0.84318	3.39493e-02
0.84328	3.38814e-02
0.84337	3.38134e-02
0.84347	3.37458e-02
0.84357	3.36787e-02
0.84368	3.36126e-02
0.84378	3.35478e-02
0.84389	3.34847e-02
0.84400	3.34233e-02
0.84412	3.33636e-02
0.84423	3.33061e-02
0.84435	3.32510e-02
0.84447	3.31986e-02
0.84459	3.31490e-02
0.84471	3.31025e-02
0.84483	3.30591e-02
0.84495	3.30191e-02
0.84507	3.29825e-02
0.84519	3.29495e-02
0.84531	3.29201e-02
0.84548	3.29129e-02
0.84585	3.27225e-02
0.84615	3.26044e-02
0.84640	3.25343e-02
0.84661	3.24958e-02
0.84681	3.24773e-02
0.84699	3.24727e-02
0.84717	3.24788e-02
0.84735	3.24935e-02
0.84752	3.25159e-02
0.84770	3.25455e-02
0.84789	3.25822e-02
0.84808	3.26262e-02
0.84829	3.26778e-02
0.84850	3.27376e-02
0.84873	3.28059e-02
0.84897	3.28832e-02
0.84922	3.29697e-02
0.84948	3.30655e-02
0.84974	3.31703e-02
0.85001	3.32835e-02
0.85029	3.34044e-02
0.85057	3.35319e-02
0.85084	3.36646e-02
0.85111	3.38013e-02
0.85138	3.39404e-02
0.85164	3.40805e-02
0.85189	3.42201e-02
0.85213	3.43576e-02
0.85237	3.44917e-02
0.85259	3.46208e-02
0.85279	3.47437e-02
0.85298	3.48592e-02
0.85316	3.49660e-02
0.85333	3.50632e-02
0.85348	3.51498e-02
0.85361	3.52251e-02
0.85373	3.52885e-02
0.85386	3.53469e-02
0.85396	3.53909e-02
0.85408	3.54357e-02
0.85416	3.54633e-02
0.85423	3.54750e-02
0.85435	3.54347e-02
0.85444	3.53859e-02
0.85450	3.53283e-02
0.85454	3.52613e-02
0.85455	3.51846e-02
0.85454	3.50983e-02
0.85452	3.50033e-02
0.85448	3.48986e-02
0.85442	3.47846e-02
0.85435	3.46617e-02
0.85426	3.45304e-02
0.85415	3.43913e-02
0.85404	3.42449e-02
0.85392	3.40966e-02
0.85382	3.39247e-02
0.85370	3.37483e-02
0.85356	3.35673e-02
0.85342	3.33821e-02
0.85326	3.31933e-02
0.85318	3.29871e-02
0.85308	3.27804e-02
0.85298	3.25737e-02
0.85287	3.23674e-02
0.85275	3.21619e-02
0.85262	3.19579e-02
0.85249	3.17559e-02
0.85235	3.15565e-02
0.85221	3.13601e-02
0.85218	3.09498e-02
0.85214	3.05637e-02
0.85208	3.01989e-02
0.85202	2.98539e-02
0.85196	2.95277e-02
0.85189	2.92198e-02
0.85181	2.89299e-02
0.85173	2.86579e-02
0.85165	2.84038e-02
0.85157	2.81676e-02
0.85149	2.79496e-02
0.85141	2.77499e-02
0.85133	2.75686e-02
0.85124	2.74061e-02
0.85116	2.72624e-02
0.85108	2.71376e-02
0.85102	2.70689e-02
0.85095	2.70096e-02
0.85088	2.69625e-02
0.85081	2.69291e-02
0.85074	2.69105e-02
0.85067	2.69073e-02
0.85060	2.69196e-02
0.85054	2.69475e-02
0.85047	2.69910e-02
0.85040	2.70497e-02
0.85034	2.71233e-02
0.85046	2.75552e-02
0.85054	2.79243e-02
0.85059	2.82511e-02
0.85064	2.85403e-02
0.85068	2.88195e-02
0.85080	2.90854e-02
0.85091	2.93653e-02
0.85101	2.96480e-02
0.85109	2.99338e-02
0.85117	3.02228e-02
0.85124	3.05150e-02
0.85131	3.08100e-02
0.85140	3.11170e-02
0.85148	3.14254e-02
0.85156	3.17350e-02
0.85165	3.20456e-02
0.85174	3.23569e-02
0.85183	3.26684e-02
0.85193	3.29796e-02
0.85204	3.32902e-02
0.85215	3.35998e-02
0.85227	3.39081e-02
0.85240	3.42147e-02
0.85277	3.46448e-02
0.85314	3.50707e-02
0.85348	3.54781e-02
0.85381	3.58622e-02
0.85411	3.62244e-02
0.85441	3.65685e-02
0.85471	3.68978e-02
0.85501	3.72147e-02
0.85530	3.75205e-02
0.85560	3.78155e-02
0.85590	3.80994e-02
0.85621	3.83718e-02
0.85651	3.86317e-02
0.85680	3.88781e-02
0.85710	3.91101e-02
0.85739	3.93267e-02
0.85768	3.95273e-02
0.85796	3.97113e-02
0.85823	3.98783e-02
0.85851	4.00211e-02
0.85878	4.01482e-02
0.85905	4.02592e-02
0.85931	4.03540e-02
0.85957	4.04328e-02
0.85982	4.04957e-02
0.86007	4.05432e-02
0.86032	4.05755e-02
0.86056	4.05931e-02
0.86084	4.05897e-02
0.86111	4.05750e-02
0.86138	4.05487e-02
0.86164	4.05111e-02
0.86190	4.04623e-02
0.86215	4.04028e-02
0.86241	4.03328e-02
0.86266	4.02547e-02
0.86293	4.01775e-02
0.86319	4.00879e-02
0.86344	3.99876e-02
0.86369	3.98780e-02
0.86425	3.92396e-02
0.86497	3.87538e-02
0.86558	3.82688e-02
0.86612	3.77981e-02
0.86662	3.73459e-02
0.86708	3.69111e-02
0.86753	3.64912e-02
0.86795	3.60837e-02
0.86835	3.56866e-02
0.86875	3.52988e-02
0.86913	3.49197e-02
0.86950	3.45493e-02
0.86986	3.41877e-02
0.87022	3.38354e-02
0.87057	3.34929e-02
0.87091	3.31610e-02
0.87124	3.28402e-02
0.87157	3.25312e-02
0.87189	3.22343e-02
0.87221	3.19499e-02
0.87251	3.16782e-02
0.87281	3.14191e-02
0.87310	3.11724e-02
0.87338	3.09377e-02
0.87364	3.07145e-02
0.87390	3.05021e-02
0.87415	3.02996e-02
0.87438	3.01062e-02
0.87460	2.99211e-02
0.87482	2.97434e-02
0.87501	2.95721e-02
0.87520	2.94065e-02
0.87537	2.92459e-02
0.87553	2.90896e-02
0.87568	2.89371e-02
0.87581	2.87877e-02
0.87593	2.86392e-02
0.87604	2.84937e-02
0.87614	2.83507e-02
0.87623	2.82099e-02
0.87630	2.80711e-02
0.87636	2.79341e-02
0.87642	2.77992e-02
0.87646	2.76660e-02
0.87649	2.75345e-02
0.87651	2.74049e-02
0.87652	2.72773e-02
0.87652	2.71514e-02
0.87651	2.70279e-02
0.87649	2.69069e-02
0.87646	2.67886e-02
0.87642	2.66733e-02
0.87637	2.65613e-02
0.87631	2.64528e-02
0.87626	2.63512e-02
0.87619	2.62530e-02
0.87611	2.61590e-02
0.87602	2.60698e-02
0.87597	2.59277e-02
0.87591	2.58046e-02
0.87583	2.56969e-02
0.87574	2.56031e-02
0.87563	2.55223e-02
0.87551	2.54540e-02
0.87539	2.53977e-02
0.87525	2.53533e-02
0.87511	2.53206e-02
0.87496	2.52994e-02
0.87480	2.52898e-02
0.87464	2.52916e-02
0.87448	2.52855e-02
0.87431	2.52955e-02
0.87427	2.51883e-02
0.87421	2.51423e-02
0.87412	2.51253e-02
0.87402	2.51326e-02
0.87390	2.51617e-02
0.87377	2.52106e-02
0.87363	2.52778e-02
0.87360	2.51981e-02
0.87355	2.51508e-02
0.87349	2.51294e-02
0.87341	2.51314e-02
0.87333	2.51554e-02
0.87323	2.52002e-02
0.87313	2.52646e-02
0.87301	2.53475e-02
0.87289	2.54479e-02
0.87278	2.55773e-02
0.87267	2.57175e-02
0.87254	2.58690e-02
0.87241	2.60317e-02
0.87227	2.62049e-02
0.87212	2.63878e-02
0.87198	2.65795e-02
0.87183	2.67791e-02
0.87171	2.70167e-02
0.87158	2.72532e-02
0.87144	2.74900e-02
0.87130	2.77278e-02
0.87118	2.79587e-02
0.87105	2.81920e-02
0.87091	2.84266e-02
0.87078	2.86615e-02
0.87065	2.88959e-02
0.87052	2.91290e-02
0.87039	2.93599e-02
0.87027	2.95880e-02
0.87015	2.98126e-02
0.87003	3.00330e-02
0.86992	3.02487e-02
0.86981	3.04591e-02
0.86970	3.06637e-02
0.86960	3.08621e-02
0.86951	3.10540e-02
0.86942	3.12388e-02
0.86933	3.14170e-02
0.86926	3.15874e-02
0.86919	3.17497e-02
0.86918	3.18526e-02
0.86918	3.19567e-02
0.86918	3.20579e-02
0.86917	3.21542e-02
0.86918	3.22446e-02
0.86918	3.23285e-02
0.86920	3.24055e-02
0.86922	3.24754e-02
0.86925	3.25402e-02
0.86928	3.25968e-02
0.86932	3.26456e-02
0.86936	3.26868e-02
0.86942	3.27204e-02
0.86948	3.27466e-02
0.86958	3.27423e-02
0.86967	3.27377e-02
0.86977	3.27297e-02
0.86988	3.27170e-02
0.86999	3.26991e-02
0.87015	3.27176e-02
0.87030	3.27178e-02
0.87045	3.27055e-02
0.87060	3.26835e-02
0.87076	3.26536e-02
0.87092	3.26168e-02
0.87108	3.25738e-02
0.87125	3.25252e-02
0.87144	3.24522e-02
0.87163	3.23786e-02
0.87182	3.23035e-02
0.87201	3.22266e-02
0.87221	3.21478e-02
0.87243	3.20450e-02
0.87265	3.19473e-02
0.87286	3.18518e-02
0.87308	3.17570e-02
0.87330	3.16621e-02
0.87352	3.15671e-02
0.87374	3.14716e-02
0.87397	3.13759e-02
0.87419	3.12799e-02
0.87442	3.11838e-02
0.87464	3.10877e-02
0.87487	3.09918e-02
0.87510	3.08962e-02
0.87533	3.08011e-02
0.87556	3.07066e-02
0.87579	3.06129e-02
0.87602	3.05201e-02
0.87625	3.04285e-02
0.87648	3.03380e-02
0.87671	3.02488e-02
0.87694	3.01611e-02
0.87717	3.00750e-02
0.87740	2.99906e-02
0.87764	2.99369e-02
0.87788	2.98778e-02
0.87812	2.98161e-02
0.87838	2.97608e-02
0.87864	2.97040e-02
0.87889	2.96468e-02
0.87913	2.95897e-02
0.87939	2.95478e-02
0.87963	2.95042e-02
0.87988	2.94600e-02
0.88011	2.94159e-02
0.88035	2.93728e-02
0.88057	2.93312e-02
0.88080	2.92917e-02
0.88104	2.92790e-02
0.88128	2.92661e-02
0.88150	2.92542e-02
0.88172	2.92442e-02
0.88193	2.92404e-02
0.88214	2.92392e-02
0.88233	2.92414e-02
0.88252	2.92475e-02
0.88270	2.92579e-02
0.88287	2.92728e-02
0.88303	2.92928e-02
0.88319	2.93182e-02
0.88333	2.93493e-02
0.88347	2.93847e-02
0.88360	2.94267e-02
0.88372	2.94753e-02
0.88383	2.95307e-02
0.88393	2.95928e-02
0.88402	2.96619e-02
0.88411	2.97378e-02
0.88420	2.98057e-02
0.88428	2.98843e-02
0.88435	2.99721e-02
0.88441	3.00683e-02
0.88446	3.01724e-02
0.88450	3.02840e-02
0.88452	3.04029e-02
0.88454	3.05288e-02
0.88455	3.06615e-02
0.88455	3.08005e-02
0.88455	3.09457e-02
0.88453	3.10967e-02
0.88450	3.12532e-02
0.88447	3.14148e-02
0.88443	3.15812e-02
0.88438	3.17519e-02
0.88432	3.19265e-02
0.88425	3.21046e-02
0.88418	3.22874e-02
0.88410	3.24723e-02
0.88401	3.26591e-02
0.88392	3.28472e-02
0.88382	3.30362e-02
0.88371	3.32258e-02
0.88359	3.34153e-02
0.88347	3.36043e-02
0.88334	3.37921e-02
0.88320	3.39784e-02
0.88306	3.41624e-02
0.88291	3.43438e-02
0.88290	3.43469e-02
0.88286	3.43740e-02
0.88281	3.44158e-02
0.88274	3.44660e-02
0.88266	3.45199e-02
0.88258	3.45744e-02
0.88249	3.46272e-02
0.88240	3.46765e-02
0.88230	3.47206e-02
0.88220	3.47585e-02
0.88209	3.47888e-02
0.88199	3.48105e-02
0.88189	3.48229e-02
0.88180	3.48098e-02
0.88171	3.47895e-02
0.88162	3.47606e-02
0.88152	3.47222e-02
0.88143	3.46739e-02
0.88134	3.46152e-02
0.88125	3.45461e-02
0.88116	3.44667e-02
0.88115	3.45011e-02
0.88113	3.44952e-02
0.88109	3.44621e-02
0.88104	3.44081e-02
0.88098	3.43363e-02
0.88091	3.42484e-02
0.88083	3.41455e-02
0.88075	3.40281e-02
0.88066	3.38967e-02
0.88056	3.37514e-02
0.88046	3.35924e-02
0.88034	3.34197e-02
0.88023	3.32334e-02
0.88010	3.30336e-02
0.87997	3.28202e-02
0.87984	3.25935e-02
0.87977	3.23027e-02
0.87968	3.20112e-02
0.87959	3.17383e-02
0.87949	3.14524e-02
0.87938	3.11547e-02
0.87926	3.08459e-02
0.87913	3.05263e-02
0.87900	3.01965e-02
0.87888	2.98543e-02
0.87887	2.93908e-02
0.87882	2.89504e-02
0.87875	2.85242e-02
0.87867	2.81064e-02
0.87857	2.76934e-02
0.87847	2.72831e-02
0.87836	2.68745e-02
0.87824	2.64673e-02
0.87814	2.60606e-02
0.87803	2.56559e-02
0.87792	2.52540e-02
0.87782	2.48562e-02
0.87773	2.44643e-02
0.87764	2.40805e-02
0.87757	2.37072e-02
0.87750	2.33472e-02
0.87744	2.30032e-02
0.87739	2.26778e-02
0.87734	2.23734e-02
0.87730	2.20917e-02
0.87726	2.18336e-02
0.87722	2.15994e-02
0.87718	2.13888e-02
0.87720	2.11804e-02
0.87721	2.09976e-02
0.87721	2.08377e-02
0.87720	2.06986e-02
0.87718	2.05785e-02
0.87715	2.04756e-02
0.87711	2.03885e-02
0.87706	2.03161e-02
0.87701	2.02575e-02
0.87695	2.02120e-02
0.87689	2.01789e-02
0.87682	2.01578e-02
0.87675	2.01483e-02
0.87668	2.01500e-02
0.87661	2.01624e-02
0.87654	2.01854e-02
0.87646	2.02184e-02
0.87639	2.02612e-02
0.87632	2.03132e-02
0.87625	2.03756e-02
0.87618	2.04460e-02
0.87612	2.05240e-02
0.87606	2.06094e-02
0.87600	2.07016e-02
0.87595	2.08002e-02
0.87590	2.09048e-02
0.87585	2.10149e-02
0.87581	2.11300e-02
0.87577	2.12498e-02
0.87574	2.13739e-02
0.87571	2.15019e-02
0.87568	2.16335e-02
0.87567	2.17685e-02
0.87565	2.19066e-02
0.87564	2.20475e-02
0.87564	2.21912e-02
0.87564	2.23374e-02
0.87565	2.24862e-02
0.87567	2.26375e-02
0.87569	2.27912e-02
0.87571	2.29473e-02
0.87574	2.31059e-02
0.87578	2.32671e-02
0.87582	2.34309e-02
0.87588	2.35855e-02
0.87594	2.37448e-02
0.87601	2.39081e-02
0.87608	2.40753e-02
0.87616	2.42463e-02
0.87625	2.44211e-02
0.87633	2.45998e-02
0.87643	2.47823e-02
0.87658	2.50363e-02
0.87673	2.52827e-02
0.87688	2.55250e-02
0.87702	2.57654e-02
0.87717	2.60051e-02
0.87732	2.62448e-02
0.87747	2.64850e-02
0.87762	2.67261e-02
0.87778	2.69683e-02
0.87794	2.72117e-02
0.87810	2.74564e-02
0.87827	2.77023e-02
0.87844	2.79493e-02
0.87861	2.81973e-02
0.87878	2.84460e-02
0.87896	2.86952e-02
0.87914	2.89445e-02
0.87933	2.91937e-02
0.87952	2.94469e-02
0.87984	2.98919e-02
0.88013	3.02820e-02
0.88040	3.06392e-02
0.88066	3.09739e-02
0.88092	3.12911e-02
0.88118	3.15882e-02
0.88144	3.18735e-02
0.88170	3.21472e-02
0.88195	3.24094e-02
0.88220	3.26602e-02
0.88245	3.28998e-02
0.88269	3.31280e-02
0.88294	3.33448e-02
0.88318	3.35502e-02
0.88341	3.37438e-02
0.88365	3.39255e-02
0.88405	3.41355e-02
0.88437	3.43159e-02
0.88466	3.44737e-02
0.88499	3.45751e-02
0.88529	3.46651e-02
0.88559	3.47435e-02
0.88587	3.48098e-02
0.88615	3.48634e-02
0.88641	3.49038e-02
0.88667	3.49306e-02
0.88692	3.49433e-02
0.88717	3.49417e-02
0.88740	3.49254e-02
0.88764	3.48944e-02
0.88786	3.48484e-02
0.88809	3.47873e-02
0.88830	3.47110e-02
0.88851	3.46196e-02
0.88874	3.45187e-02
0.88896	3.44008e-02
0.88916	3.42667e-02
0.88936	3.41170e-02
0.88954	3.39521e-02
0.88973	3.37724e-02
0.88990	3.35784e-02
0.89007	3.33703e-02
0.89023	3.31485e-02
0.89038	3.29136e-02
0.89053	3.26687e-02
0.89068	3.24132e-02
0.89083	3.21448e-02
0.89096	3.18645e-02
0.89109	3.15731e-02
0.89121	3.12714e-02
0.89132	3.09600e-02
0.89142	3.06398e-02
0.89152	3.03115e-02
0.89161	2.99759e-02
0.89170	2.96336e-02
0.89178	2.92857e-02
0.89190	2.89428e-02
0.89201	2.85941e-02
0.89210	2.82412e-02
0.89218	2.78853e-02
0.89225	2.75276e-02
0.89232	2.71691e-02
0.89237	2.68108e-02
0.89242	2.64537e-02
0.89246	2.60989e-02
0.89249	2.57473e-02
0.89251	2.53999e-02
0.89253	2.50577e-02
0.89254	2.47216e-02
0.89255	2.43927e-02
0.89255	2.40718e-02
0.89254	2.37599e-02
0.89253	2.34578e-02
0.89253	2.31468e-02
0.89252	2.28557e-02
0.89250	2.25818e-02
0.89247	2.23240e-02
0.89244	2.20821e-02
0.89240	2.18559e-02
0.89236	2.16458e-02
0.89231	2.14519e-02
0.89226	2.12744e-02
0.89220	2.11135e-02
0.89214	2.09694e-02
0.89208	2.08421e-02
0.89201	2.07316e-02
0.89194	2.06380e-02
0.89187	2.05611e-02
0.89179	2.05007e-02
0.89173	2.04416e-02
0.89167	2.04034e-02
0.89160	2.03839e-02
0.89152	2.03818e-02
0.89144	2.03958e-02
0.89136	2.04148e-02
0.89128	2.04503e-02
0.89120	2.05010e-02
0.89112	2.05658e-02
0.89103	2.06439e-02
0.89095	2.07343e-02
0.89086	2.08376e-02
0.89078	2.09515e-02
0.89070	2.10755e-02
0.89061	2.12090e-02
0.89053	2.13514e-02
0.89045	2.15037e-02
0.89037	2.16574e-02
0.89029	2.18199e-02
0.89021	2.19901e-02
0.89013	2.21673e-02
0.89006	2.23509e-02
0.88998	2.25402e-02
0.88991	2.27350e-02
0.88983	2.29346e-02
0.88979	2.31510e-02
0.88974	2.33692e-02
0.88969	2.35894e-02
0.88965	2.38116e-02
0.88960	2.40360e-02
0.88955	2.42623e-02
0.88951	2.44962e-02
0.88950	2.47663e-02
0.88949	2.50308e-02
0.88948	2.52911e-02
0.88946	2.55484e-02
0.88945	2.58032e-02
0.88943	2.60559e-02
0.88942	2.63067e-02
0.88940	2.65557e-02
0.88939	2.68030e-02
0.88945	2.70271e-02
0.88948	2.72576e-02
0.88951	2.74911e-02
0.88953	2.77256e-02
0.88955	2.79599e-02
0.88956	2.81932e-02
0.88958	2.84249e-02
0.88960	2.86546e-02
0.88962	2.88819e-02
0.88964	2.91065e-02
0.88967	2.93282e-02
0.88970	2.95468e-02
0.88973	2.97619e-02
0.88977	2.99734e-02
0.88980	3.01811e-02
0.88985	3.03848e-02
0.88989	3.05843e-02
0.88994	3.07794e-02
0.88999	3.09701e-02
0.89004	3.11560e-02
0.89010	3.13372e-02
0.89016	3.15134e-02
0.89022	3.16846e-02
0.89029	3.18506e-02
0.89036	3.20114e-02
0.89043	3.21670e-02
0.89050	3.23172e-02
0.89058	3.24621e-02
0.89066	3.26015e-02
0.89074	3.27356e-02
0.89082	3.28642e-02
0.89091	3.29870e-02
0.89099	3.31046e-02
0.89108	3.32170e-02
0.89117	3.33243e-02
0.89126	3.34263e-02
0.89135	3.35233e-02
0.89144	3.36151e-02
0.89154	3.37020e-02
0.89163	3.37840e-02
0.89172	3.38612e-02
0.89182	3.39337e-02
0.89191	3.40016e-02
0.89201	3.40651e-02
0.89211	3.41242e-02
0.89220	3.41790e-02
0.89229	3.42297e-02
0.89239	3.42764e-02
0.89248	3.43191e-02
0.89258	3.43708e-02
0.89268	3.44152e-02
0.89278	3.44541e-02
0.89287	3.44889e-02
0.89296	3.45195e-02
0.89305	3.45460e-02
0.89314	3.45688e-02
0.89322	3.45880e-02
0.89331	3.46037e-02
0.89339	3.46160e-02
0.89347	3.46268e-02
0.89355	3.46340e-02
0.89363	3.46378e-02
0.89370	3.46383e-02
0.89378	3.46355e-02
0.89384	3.46295e-02
0.89418	3.43579e-02
0.89451	3.40992e-02
0.89489	3.38718e-02
0.89522	3.36874e-02
0.89551	3.35394e-02
0.89575	3.34179e-02
0.89597	3.33144e-02
0.89616	3.32227e-02
0.89634	3.31385e-02
0.89650	3.30592e-02
0.89665	3.29830e-02
0.89684	3.28071e-02
0.89701	3.26531e-02
0.89717	3.25151e-02
0.89734	3.24002e-02
0.89749	3.22916e-02
0.89763	3.21874e-02
0.89776	3.20862e-02
0.89788	3.19871e-02
0.89800	3.19169e-02
0.89812	3.18441e-02
0.89823	3.17687e-02
0.89833	3.16909e-02
0.89843	3.16126e-02
0.89852	3.15314e-02
0.89860	3.14476e-02
0.89868	3.13612e-02
0.89874	3.12725e-02
0.89880	3.11817e-02
0.89886	3.10889e-02
0.89891	3.09943e-02
0.89895	3.08996e-02
0.89899	3.08032e-02
0.89903	3.07054e-02
0.89906	3.06066e-02
0.89910	3.05194e-02
0.89914	3.04289e-02
0.89916	3.03361e-02
0.89918	3.02420e-02
0.89920	3.01473e-02
0.89921	3.00525e-02
0.89922	2.99581e-02
0.89925	2.98070e-02
0.89927	2.96724e-02
0.89928	2.95495e-02
0.89929	2.94356e-02
0.89929	2.93290e-02
0.89928	2.92287e-02
0.89927	2.91344e-02
0.89925	2.90455e-02
0.89924	2.89620e-02
0.89921	2.88838e-02
0.89919	2.88108e-02
0.89916	2.87416e-02
0.89913	2.86779e-02
0.89909	2.86198e-02
0.89905	2.85671e-02
0.89901	2.85197e-02
0.89897	2.84776e-02
0.89892	2.84407e-02
0.89888	2.84088e-02
0.89883	2.83818e-02
0.89877	2.83596e-02
0.89872	2.83420e-02
0.89866	2.83287e-02
0.89860	2.83195e-02
0.89854	2.83141e-02
0.89848	2.83121e-02
0.89842	2.83133e-02
0.89835	2.83172e-02
0.89828	2.83235e-02
0.89821	2.83317e-02
0.89814	2.83414e-02
0.89807	2.83521e-02
0.89800	2.83634e-02
0.89792	2.83747e-02
0.89785	2.83867e-02
0.89778	2.83975e-02
0.89770	2.84065e-02
0.89762	2.84119e-02
0.89754	2.84151e-02
0.89746	2.84154e-02
0.89738	2.84125e-02
0.89729	2.84057e-02
0.89721	2.83947e-02
0.89712	2.83789e-02
0.89703	2.83580e-02
0.89695	2.83314e-02
0.89686	2.82989e-02
0.89677	2.82600e-02
0.89668	2.82144e-02
0.89659	2.81617e-02
0.89650	2.81018e-02
0.89640	2.80343e-02
0.89631	2.79591e-02
0.89622	2.78758e-02
0.89613	2.77844e-02
0.89604	2.76848e-02
0.89594	2.75768e-02
0.89585	2.74604e-02
0.89576	2.73355e-02
0.89567	2.72022e-02
0.89557	2.70605e-02
0.89548	2.69105e-02
0.89539	2.67523e-02
0.89530	2.65860e-02
0.89521	2.64119e-02
0.89512	2.62301e-02
0.89503	2.60409e-02
0.89494	2.58446e-02
0.89494	2.56245e-02
0.89492	2.54036e-02
0.89490	2.51799e-02
0.89488	2.49445e-02
0.89486	2.47073e-02
0.89484	2.44674e-02
0.89481	2.42247e-02
0.89478	2.39790e-02
0.89476	2.37306e-02
0.89473	2.34797e-02
0.89470	2.32265e-02
0.89469	2.29710e-02
0.89468	2.27144e-02
0.89466	2.24569e-02
0.89464	2.21991e-02
0.89462	2.19414e-02
0.89460	2.16844e-02
0.89460	2.14290e-02
0.89459	2.11755e-02
0.89457	2.09245e-02
0.89456	2.06766e-02
0.89456	2.04360e-02
0.89455	2.01983e-02
0.89455	1.99648e-02
0.89454	1.97365e-02
0.89454	1.95157e-02
0.89454	1.93011e-02
0.89454	1.90934e-02
0.89455	1.88935e-02
0.89455	1.87020e-02
0.89456	1.85193e-02
0.89457	1.83460e-02
0.89458	1.81825e-02
0.89460	1.80292e-02
0.89462	1.78863e-02
0.89464	1.77541e-02
0.89467	1.76328e-02
0.89470	1.75224e-02
0.89473	1.74228e-02
0.89477	1.73342e-02
0.89481	1.72562e-02
0.89485	1.71887e-02
0.89490	1.71314e-02
0.89506	1.69603e-02
0.89520	1.68272e-02
0.89532	1.67248e-02
0.89544	1.66471e-02
0.89554	1.65893e-02
0.89565	1.65476e-02
0.89575	1.65190e-02
0.89585	1.65013e-02
0.89596	1.64924e-02
0.89606	1.64908e-02
0.89617	1.64950e-02
0.89628	1.65039e-02
0.89639	1.65164e-02
0.89650	1.65313e-02
0.89662	1.65477e-02
0.89674	1.65648e-02
0.89686	1.65818e-02
0.89699	1.65978e-02
0.89712	1.66122e-02
0.89725	1.66243e-02
0.89740	1.66127e-02
0.89756	1.66031e-02
0.89771	1.65914e-02
0.89789	1.65741e-02
0.89807	1.65546e-02
0.89824	1.65316e-02
0.89841	1.65042e-02
0.89858	1.64721e-02
0.89874	1.64347e-02
0.89891	1.63919e-02
0.89908	1.63434e-02
0.89925	1.62893e-02
0.89942	1.62295e-02
0.89958	1.61642e-02
0.89975	1.60935e-02
0.89992	1.60178e-02
0.90009	1.59373e-02
0.90026	1.58524e-02
0.90042	1.57637e-02
0.90059	1.56717e-02
0.90075	1.55770e-02
0.90091	1.54804e-02
0.90108	1.53827e-02
0.90124	1.52847e-02
0.90139	1.51874e-02
0.90155	1.50917e-02
0.90170	1.49987e-02
0.90186	1.49097e-02
0.90200	1.48256e-02
0.90215	1.47478e-02
0.90229	1.46776e-02
0.90243	1.46161e-02
0.90256	1.45646e-02
0.90270	1.45244e-02
0.90282	1.44968e-02
0.90294	1.44829e-02
0.90306	1.44837e-02
0.90320	1.45254e-02
0.90334	1.45825e-02
0.90346	1.46563e-02
0.90358	1.47474e-02
0.90369	1.48567e-02
0.90379	1.49844e-02
0.90388	1.51307e-02
0.90397	1.52957e-02
0.90405	1.54792e-02
0.90412	1.56808e-02
0.90419	1.58999e-02
0.90425	1.61359e-02
0.90430	1.63880e-02
0.90434	1.66553e-02
0.90438	1.69369e-02
0.90441	1.72315e-02
0.90443	1.75381e-02
0.90444	1.78554e-02
0.90445	1.81822e-02
0.90444	1.85172e-02
0.90443	1.88592e-02
0.90442	1.92068e-02
0.90439	1.95588e-02
0.90436	1.99140e-02
0.90432	2.02711e-02
0.90428	2.06361e-02
0.90423	2.09978e-02
0.90417	2.13559e-02
0.90410	2.17100e-02
0.90402	2.20594e-02
0.90394	2.24033e-02
0.90384	2.27408e-02
0.90374	2.30712e-02
0.90363	2.33936e-02
0.90352	2.37084e-02
0.90340	2.40131e-02
0.90328	2.43073e-02
0.90314	2.45901e-02
0.90300	2.48611e-02
0.90285	2.51196e-02
0.90269	2.53653e-02
0.90253	2.55974e-02
0.90236	2.58157e-02
0.90218	2.60198e-02
0.90201	2.62050e-02
0.90183	2.63765e-02
0.90165	2.65337e-02
0.90149	2.67327e-02
0.90132	2.69102e-02
0.90114	2.70673e-02
0.90096	2.72050e-02
0.90077	2.73240e-02
0.90057	2.74249e-02
0.90037	2.75082e-02
0.90016	2.75746e-02
0.89995	2.76247e-02
0.89974	2.76590e-02
0.89952	2.76782e-02
0.89931	2.76828e-02
0.89908	2.76737e-02
0.89886	2.76515e-02
0.89864	2.76169e-02
0.89841	2.75709e-02
0.89818	2.75137e-02
0.89796	2.74468e-02
0.89773	2.73711e-02
0.89750	2.72875e-02
0.89728	2.71971e-02
0.89705	2.71008e-02
0.89683	2.69997e-02
0.89660	2.68950e-02
0.89638	2.67877e-02
0.89616	2.66790e-02
0.89594	2.65700e-02
0.89573	2.64618e-02
0.89552	2.63555e-02
0.89531	2.62523e-02
0.89511	2.61532e-02
0.89492	2.60503e-02
0.89473	2.59552e-02
0.89455	2.58684e-02
0.89437	2.57907e-02
0.89419	2.57226e-02
0.89402	2.56648e-02
0.89385	2.56177e-02
0.89368	2.55819e-02
0.89352	2.55577e-02
0.89337	2.55454e-02
0.89322	2.55451e-02
0.89308	2.55571e-02
0.89294	2.55811e-02
0.89280	2.56171e-02
0.89268	2.56648e-02
0.89255	2.57238e-02
0.89244	2.57936e-02
0.89233	2.58737e-02
0.89223	2.59634e-02
0.89213	2.60619e-02
0.89204	2.61685e-02
0.89195	2.62822e-02
0.89188	2.64021e-02
0.89180	2.65272e-02
0.89174	2.66565e-02
0.89168	2.67889e-02
0.89162	2.69238e-02
0.89158	2.70597e-02
0.89154	2.71956e-02
0.89150	2.73303e-02
0.89147	2.74628e-02
0.89145	2.75921e-02
0.89143	2.77172e-02
0.89141	2.78372e-02
0.89140	2.79511e-02
0.89140	2.80580e-02
0.89140	2.81573e-02
0.89140	2.82481e-02
0.89141	2.83297e-02
0.89151	2.84688e-02
0.89159	2.85844e-02
0.89166	2.86817e-02
0.89173	2.87619e-02
0.89180	2.88255e-02
0.89187	2.88729e-02
0.89194	2.89044e-02
0.89200	2.89202e-02
0.89212	2.89372e-02
0.89223	2.89380e-02
0.89233	2.89229e-02
0.89242	2.88925e-02
0.89251	2.88474e-02
0.89259	2.87882e-02
0.89267	2.87156e-02
0.89275	2.86303e-02
0.89282	2.85329e-02
0.89290	2.84228e-02
0.89297	2.83021e-02
0.89305	2.81715e-02
0.89312	2.80318e-02
0.89319	2.78837e-02
0.89326	2.77280e-02
0.89333	2.75654e-02
0.89340	2.73969e-02
0.89347	2.72232e-02
0.89353	2.70452e-02
0.89361	2.68818e-02
0.89369	2.67105e-02
0.89376	2.65340e-02
0.89382	2.63544e-02
0.89388	2.61733e-02
0.89393	2.59921e-02
0.89398	2.58121e-02
0.89403	2.56345e-02
0.89408	2.54602e-02
0.89412	2.52901e-02
0.89418	2.51155e-02
0.89424	2.49491e-02
0.89428	2.47909e-02
0.89433	2.46470e-02
0.89437	2.45100e-02
0.89440	2.43810e-02
0.89442	2.42609e-02
0.89444	2.41503e-02
0.89445	2.40497e-02
0.89447	2.39479e-02
0.89448	2.38616e-02
0.89449	2.37876e-02
0.89450	2.37214e-02
0.89450	2.36682e-02
0.89449	2.36272e-02
0.89450	2.35711e-02
0.89450	2.35345e-02
0.89448	2.35139e-02
0.89446	2.35067e-02
0.89443	2.35116e-02
0.89440	2.35274e-02
0.89436	2.35532e-02
0.89432	2.35882e-02
0.89427	2.36315e-02
0.89422	2.36825e-02
0.89416	2.37406e-02
0.89410	2.38050e-02
0.89404	2.38752e-02
0.89397	2.39506e-02
0.89390	2.40307e-02
0.89383	2.41149e-02
0.89376	2.42027e-02
0.89368	2.42937e-02
0.89360	2.43876e-02
0.89352	2.44839e-02
0.89344	2.45824e-02
0.89336	2.46829e-02
0.89328	2.47851e-02
0.89319	2.48889e-02
0.89311	2.49942e-02
0.89303	2.51009e-02
0.89294	2.52091e-02
0.89286	2.53188e-02
0.89278	2.54301e-02
0.89270	2.55432e-02
0.89262	2.56581e-02
0.89254	2.57752e-02
0.89246	2.58947e-02
0.89239	2.60168e-02
0.89232	2.61419e-02
0.89225	2.62700e-02
0.89219	2.64019e-02
0.89212	2.65378e-02
0.89206	2.66780e-02
0.89202	2.68383e-02
0.89197	2.69986e-02
0.89192	2.71610e-02
0.89188	2.73268e-02
0.89184	2.74970e-02
0.89181	2.76724e-02
0.89177	2.78534e-02
0.89175	2.80406e-02
0.89172	2.82342e-02
0.89179	2.84677e-02
0.89185	2.87070e-02
0.89190	2.89525e-02
0.89194	2.92044e-02
0.89198	2.94628e-02
0.89202	2.97274e-02
0.89207	2.99981e-02
0.89211	3.02747e-02
0.89216	3.05570e-02
0.89222	3.08445e-02
0.89227	3.11366e-02
0.89233	3.14330e-02
0.89240	3.17331e-02
0.89246	3.20365e-02
0.89254	3.23425e-02
0.89261	3.26508e-02
0.89269	3.29605e-02
0.89278	3.32711e-02
0.89287	3.35819e-02
0.89297	3.38924e-02
0.89307	3.42018e-02
0.89317	3.45101e-02
0.89328	3.48160e-02
0.89340	3.51188e-02
0.89352	3.54178e-02
0.89364	3.57123e-02
0.89377	3.60015e-02
0.89390	3.62848e-02
0.89404	3.65616e-02
0.89418	3.68312e-02
0.89432	3.70929e-02
0.89447	3.73462e-02
0.89462	3.75905e-02
0.89478	3.78252e-02
0.89494	3.80499e-02
0.89510	3.82640e-02
0.89526	3.84671e-02
0.89543	3.86602e-02
0.89560	3.88410e-02
0.89577	3.90091e-02
0.89594	3.91646e-02
0.89612	3.93070e-02
0.89629	3.94362e-02
0.89647	3.95521e-02
0.89665	3.96543e-02
0.89683	3.97428e-02
0.89701	3.98175e-02
0.89719	3.98783e-02
0.89737	3.99251e-02
0.89767	3.97754e-02
0.89797	3.96228e-02
0.89834	3.94484e-02
0.89867	3.92816e-02
0.89898	3.91207e-02
0.89927	3.89641e-02
0.89954	3.88100e-02
0.89979	3.86565e-02
0.90003	3.85020e-02
0.90026	3.83449e-02
0.90047	3.81840e-02
0.90067	3.80182e-02
0.90087	3.78469e-02
0.90106	3.76693e-02
0.90123	3.74852e-02
0.90141	3.72943e-02
0.90157	3.70964e-02
0.90173	3.68915e-02
0.90188	3.66797e-02
0.90202	3.64611e-02
0.90216	3.62361e-02
0.90229	3.60047e-02
0.90242	3.57689e-02
0.90254	3.55271e-02
0.90266	3.52798e-02
0.90277	3.50274e-02
0.90287	3.47705e-02
0.90296	3.45095e-02
0.90305	3.42449e-02
0.90313	3.39771e-02
0.90320	3.37065e-02
0.90327	3.34338e-02
0.90333	3.31593e-02
0.90339	3.28834e-02
0.90343	3.26067e-02
0.90347	3.23296e-02
0.90351	3.20524e-02
0.90353	3.17758e-02
0.90356	3.15000e-02
0.90357	3.12255e-02
0.90358	3.09526e-02
0.90358	3.06818e-02
0.90357	3.04134e-02
0.90356	3.01478e-02
0.90354	2.98853e-02
0.90352	2.96263e-02
0.90349	2.93710e-02
0.90345	2.91199e-02
0.90341	2.88731e-02
0.90336	2.86310e-02
0.90333	2.84163e-02
0.90331	2.82063e-02
0.90327	2.79973e-02
0.90323	2.77908e-02
0.90317	2.75880e-02
0.90311	2.73897e-02
0.90304	2.71965e-02
0.90296	2.70090e-02
0.90288	2.68276e-02
0.90279	2.66534e-02
0.90270	2.64857e-02
0.90260	2.63249e-02
0.90250	2.61714e-02
0.90239	2.60251e-02
0.90228	2.58865e-02
0.90223	2.58245e-02
0.90217	2.57542e-02
0.90208	2.56799e-02
0.90200	2.55917e-02
0.90191	2.55063e-02
0.90180	2.54248e-02
0.90169	2.53481e-02
0.90158	2.52771e-02
0.90145	2.52124e-02
0.90133	2.51543e-02
0.90120	2.51032e-02
0.90107	2.50593e-02
0.90093	2.50228e-02
0.90080	2.49937e-02
0.90066	2.49720e-02
0.90052	2.49577e-02
0.90038	2.49507e-02
0.90024	2.49507e-02
0.90010	2.49577e-02
0.89996	2.49714e-02
0.89981	2.49915e-02
0.89967	2.50178e-02
0.89953	2.50496e-02
0.89939	2.50870e-02
0.89925	2.51296e-02
0.89911	2.51771e-02
0.89898	2.52290e-02
0.89884	2.52849e-02
0.89870	2.53443e-02
0.89857	2.54069e-02
0.89844	2.54721e-02
0.89831	2.55395e-02
0.89818	2.56087e-02
0.89805	2.56792e-02
0.89792	2.57504e-02
0.89782	2.58141e-02
0.89771	2.58793e-02
0.89761	2.59448e-02
0.89751	2.60098e-02
0.89742	2.60738e-02
0.89733	2.61363e-02
0.89724	2.61970e-02
0.89716	2.62554e-02
0.89708	2.63114e-02
0.89701	2.63647e-02
0.89695	2.64151e-02
0.89689	2.64624e-02
0.89683	2.65066e-02
0.89679	2.65474e-02
0.89674	2.65848e-02
0.89670	2.66185e-02
0.89666	2.66484e-02
0.89663	2.66743e-02
0.89660	2.66959e-02
0.89658	2.67130e-02
0.89655	2.67253e-02
0.89653	2.67326e-02
0.89652	2.67328e-02
0.89651	2.67278e-02
0.89649	2.67171e-02
0.89648	2.67003e-02
0.89647	2.66771e-02
0.89645	2.66475e-02
0.89644	2.66112e-02
0.89642	2.65682e-02
0.89641	2.65185e-02
0.89639	2.64621e-02
0.89638	2.63991e-02
0.89637	2.63296e-02
0.89635	2.62539e-02
0.89634	2.61721e-02
0.89632	2.60846e-02
0.89631	2.59917e-02
0.89630	2.58936e-02
0.89629	2.57909e-02
0.89627	2.56841e-02
0.89626	2.55736e-02
0.89625	2.54599e-02
0.89625	2.53437e-02
0.89624	2.52255e-02
0.89623	2.51060e-02
0.89623	2.49858e-02
0.89622	2.48655e-02
0.89623	2.47463e-02
0.89623	2.46283e-02
0.89623	2.45122e-02
0.89624	2.44003e-02
0.89625	2.42914e-02
0.89626	2.41865e-02
0.89627	2.40863e-02
0.89628	2.39917e-02
0.89630	2.39033e-02
0.89631	2.38220e-02
0.89633	2.37485e-02
0.89636	2.36860e-02
0.89638	2.36317e-02
0.89641	2.35864e-02
0.89649	2.36171e-02
0.89655	2.36443e-02
0.89662	2.36729e-02
0.89668	2.37058e-02
0.89675	2.37447e-02
0.89681	2.37909e-02
0.89688	2.38454e-02
0.89695	2.39091e-02
0.89703	2.39836e-02
0.89711	2.40679e-02
0.89719	2.41624e-02
0.89727	2.42677e-02
0.89735	2.43839e-02
0.89744	2.45110e-02
0.89753	2.46492e-02
0.89762	2.47983e-02
0.89772	2.49543e-02
0.89782	2.51217e-02
0.89793	2.52983e-02
0.89804	2.54856e-02
0.89815	2.56831e-02
0.89827	2.58904e-02
0.89839	2.61070e-02
0.89851	2.63323e-02
0.89864	2.65657e-02
0.89877	2.68068e-02
0.89890	2.70549e-02
0.89904	2.73095e-02
0.89919	2.75700e-02
0.89933	2.78358e-02
0.89948	2.81062e-02
0.89964	2.83806e-02
0.89980	2.86585e-02
0.89996	2.89392e-02
0.90013	2.92221e-02
0.90030	2.95065e-02
0.90047	2.97920e-02
0.90065	3.00778e-02
0.90115	3.01283e-02
0.90163	3.02167e-02
0.90204	3.03534e-02
0.90239	3.05285e-02
0.90270	3.07277e-02
0.90298	3.09399e-02
0.90325	3.11582e-02
0.90350	3.13784e-02
0.90375	3.15978e-02
0.90400	3.18146e-02
0.90424	3.20277e-02
0.90448	3.22362e-02
0.90472	3.24392e-02
0.90497	3.26363e-02
0.90521	3.28267e-02
0.90545	3.30100e-02
0.90569	3.31858e-02
0.90593	3.33535e-02
0.90617	3.35129e-02
0.90641	3.36634e-02
0.90664	3.38048e-02
0.90688	3.39366e-02
0.90712	3.40585e-02
0.90735	3.41702e-02
0.90758	3.42715e-02
0.90781	3.43619e-02
0.90807	3.44194e-02
0.90832	3.44691e-02
0.90857	3.45098e-02
0.90881	3.45407e-02
0.90904	3.45613e-02
0.90927	3.45711e-02
0.90949	3.45699e-02
0.90970	3.45573e-02
0.90991	3.45330e-02
0.91011	3.44969e-02
0.91031	3.44488e-02
0.91049	3.43885e-02
0.91068	3.43159e-02
0.91085	3.42309e-02
0.91102	3.41335e-02
0.91118	3.40176e-02
0.91134	3.38814e-02
0.91150	3.37219e-02
0.91166	3.35361e-02
0.91182	3.33210e-02
0.91199	3.30807e-02
0.91216	3.28055e-02
0.91233	3.24954e-02
0.91250	3.21520e-02
0.91267	3.17782e-02
0.91286	3.14002e-02
0.91305	3.09980e-02
0.91322	3.05774e-02
0.91339	3.01447e-02
0.91354	2.97051e-02
0.91368	2.92624e-02
0.91380	2.88198e-02
0.91390	2.83790e-02
0.91399	2.79415e-02
0.91407	2.75081e-02
0.91412	2.70791e-02
0.91417	2.66548e-02
0.91419	2.62354e-02
0.91421	2.58208e-02
0.91420	2.54112e-02
0.91419	2.50066e-02
0.91416	2.46073e-02
0.91412	2.42135e-02
0.91407	2.38255e-02
0.91401	2.34496e-02
0.91394	2.30793e-02
0.91386	2.27155e-02
0.91376	2.23590e-02
0.91366	2.20106e-02
0.91355	2.16712e-02
0.91343	2.13416e-02
0.91329	2.10225e-02
0.91315	2.07147e-02
0.91301	2.04192e-02
0.91285	2.01366e-02
0.91269	1.98679e-02
0.91252	1.96137e-02
0.91235	1.93749e-02
0.91216	1.91520e-02
0.91198	1.89458e-02
0.91179	1.87568e-02
0.91159	1.85855e-02
0.91139	1.84322e-02
0.91119	1.82973e-02
0.91098	1.81809e-02
0.91077	1.80831e-02
0.91056	1.80038e-02
0.91035	1.79429e-02
0.91013	1.79001e-02
0.90991	1.78750e-02
0.90970	1.78670e-02
0.90948	1.78756e-02
0.90926	1.79001e-02
0.90905	1.79397e-02
0.90883	1.79936e-02
0.90862	1.80608e-02
0.90841	1.81404e-02
0.90820	1.82315e-02
0.90800	1.83329e-02
0.90780	1.84437e-02
0.90760	1.85629e-02
0.90740	1.86893e-02
0.90721	1.88222e-02
0.90703	1.89604e-02
0.90685	1.91029e-02
0.90670	1.92112e-02
0.90654	1.93343e-02
0.90639	1.94665e-02
0.90624	1.96044e-02
0.90610	1.97457e-02
0.90596	1.98885e-02
0.90583	2.00317e-02
0.90571	2.01743e-02
0.90559	2.03153e-02
0.90549	2.04542e-02
0.90539	2.05904e-02
0.90530	2.07234e-02
0.90521	2.08527e-02
0.90514	2.09780e-02
0.90507	2.10990e-02
0.90502	2.12155e-02
0.90497	2.13272e-02
0.90493	2.14340e-02
0.90490	2.15357e-02
0.90489	2.16323e-02
0.90488	2.17238e-02
0.90488	2.18100e-02
0.90489	2.18911e-02
0.90491	2.19670e-02
0.90493	2.20379e-02
0.90497	2.21038e-02
0.90502	2.21648e-02
0.90508	2.22212e-02
0.90514	2.22730e-02
0.90522	2.23204e-02
0.90538	2.23040e-02
0.90554	2.22870e-02
0.90571	2.22673e-02
0.90588	2.22439e-02
0.90610	2.21755e-02
0.90631	2.21196e-02
0.90652	2.20689e-02
0.90673	2.20199e-02
0.90693	2.19707e-02
0.90718	2.19142e-02
0.90742	2.18577e-02
0.90765	2.18002e-02
0.90789	2.17413e-02
0.90812	2.16809e-02
0.90836	2.16191e-02
0.90859	2.15559e-02
0.90894	2.16615e-02
0.90927	2.17416e-02
0.90959	2.18011e-02
0.91000	2.19102e-02
0.91039	2.19891e-02
0.91074	2.20445e-02
0.91109	2.20821e-02
0.91142	2.21062e-02
0.91174	2.21197e-02
0.91206	2.21250e-02
0.91237	2.21238e-02
0.91268	2.21174e-02
0.91298	2.21066e-02
0.91329	2.20909e-02
0.91359	2.20727e-02
0.91389	2.20526e-02
0.91418	2.20302e-02
0.91446	2.20058e-02
0.91475	2.19796e-02
0.91503	2.19517e-02
0.91530	2.19223e-02
0.91557	2.18914e-02
0.91584	2.18591e-02
0.91610	2.18253e-02
0.91635	2.17900e-02
0.91660	2.17532e-02
0.91684	2.17149e-02
0.91708	2.16752e-02
0.91731	2.16339e-02
0.91754	2.15910e-02
0.91775	2.15465e-02
0.91796	2.15003e-02
0.91816	2.14524e-02
0.91835	2.14029e-02
0.91854	2.13517e-02
0.91874	2.13370e-02
0.91893	2.13083e-02
0.91910	2.12709e-02
0.91926	2.12276e-02
0.91941	2.11798e-02
0.91955	2.11285e-02
0.91968	2.10744e-02
0.91980	2.10180e-02
0.91990	2.09595e-02
0.92000	2.08995e-02
0.92009	2.08382e-02
0.92017	2.07760e-02
0.92027	2.07715e-02
0.92035	2.07407e-02
0.92041	2.06971e-02
0.92046	2.06471e-02
0.92049	2.05940e-02
0.92052	2.05397e-02
0.92053	2.04855e-02
0.92053	2.04322e-02
0.92052	2.03807e-02
0.92050	2.03316e-02
0.92047	2.02854e-02
0.92063	2.05440e-02
0.92070	2.07042e-02
0.92072	2.07917e-02
0.92070	2.08320e-02
0.92065	2.08446e-02
0.92058	2.08426e-02
0.92050	2.08341e-02
0.92040	2.08247e-02
0.92029	2.08178e-02
0.92018	2.08156e-02
0.92006	2.08198e-02
0.91993	2.08314e-02
0.91980	2.08512e-02
0.91966	2.08797e-02
0.91951	2.09172e-02
0.91936	2.09641e-02
0.91921	2.10205e-02
0.91905	2.10865e-02
0.91889	2.11621e-02
0.91872	2.12473e-02
0.91855	2.13421e-02
0.91838	2.14463e-02
0.91821	2.15598e-02
0.91803	2.16823e-02
0.91786	2.18136e-02
0.91768	2.19534e-02
0.91782	2.19662e-02
0.91791	2.20573e-02
0.91795	2.22105e-02
0.91791	2.24008e-02
0.91784	2.26003e-02
0.91774	2.28131e-02
0.91761	2.30334e-02
0.91747	2.32587e-02
0.91731	2.34873e-02
0.91716	2.37182e-02
0.91700	2.39507e-02
0.91684	2.41841e-02
0.91667	2.44178e-02
0.91651	2.46512e-02
0.91636	2.48837e-02
0.91620	2.51148e-02
0.91605	2.53440e-02
0.91590	2.55706e-02
0.91575	2.57947e-02
0.91561	2.60151e-02
0.91547	2.62315e-02
0.91534	2.64432e-02
0.91521	2.66499e-02
0.91508	2.68511e-02
0.91496	2.70462e-02
0.91485	2.72349e-02
0.91474	2.74167e-02
0.91463	2.75912e-02
0.91453	2.77579e-02
0.91448	2.78319e-02
0.91444	2.79093e-02
0.91439	2.79870e-02
0.91435	2.80630e-02
0.91433	2.81420e-02
0.91431	2.82152e-02
0.91428	2.82823e-02
0.91426	2.83428e-02
0.91423	2.83961e-02
0.91421	2.84418e-02
0.91419	2.84792e-02
0.91417	2.85079e-02
0.91416	2.85272e-02
0.91415	2.85368e-02
0.91416	2.85572e-02
0.91418	2.85616e-02
0.91419	2.85509e-02
0.91421	2.85255e-02
0.91423	2.84849e-02
0.91426	2.84285e-02
0.91429	2.83552e-02
0.91433	2.82638e-02
0.91438	2.81526e-02
0.91444	2.80199e-02
0.91451	2.78640e-02
0.91459	2.76833e-02
0.91468	2.74770e-02
0.91481	2.72669e-02
0.91494	2.70246e-02
0.91508	2.67561e-02
0.91523	2.64663e-02
0.91537	2.61604e-02
0.91553	2.58395e-02
0.91567	2.55119e-02
0.91582	2.51804e-02
0.91595	2.48474e-02
0.91608	2.45143e-02
0.91621	2.41820e-02
0.91632	2.38510e-02
0.91643	2.35216e-02
0.91653	2.31938e-02
0.91662	2.28678e-02
0.91671	2.25434e-02
0.91679	2.22210e-02
0.91687	2.19004e-02
0.91694	2.15820e-02
0.91701	2.12660e-02
0.91707	2.09528e-02
0.91713	2.06427e-02
0.91718	2.03362e-02
0.91724	2.00338e-02
0.91729	1.97361e-02
0.91733	1.94438e-02
0.91738	1.91574e-02
0.91742	1.88777e-02
0.91746	1.86053e-02
0.91749	1.83411e-02
0.91753	1.80857e-02
0.91756	1.78400e-02
0.91759	1.76046e-02
0.91762	1.73803e-02
0.91765	1.71679e-02
0.91767	1.69680e-02
0.91769	1.67813e-02
0.91771	1.66085e-02
0.91773	1.64500e-02
0.91776	1.63060e-02
0.91778	1.61775e-02
0.91779	1.60649e-02
0.91792	1.58655e-02
0.91806	1.56755e-02
0.91820	1.55053e-02
0.91834	1.53637e-02
0.91847	1.52565e-02
0.91858	1.51848e-02
0.91867	1.51421e-02
0.91874	1.51309e-02
0.91879	1.51475e-02
0.91882	1.51888e-02
0.91883	1.52519e-02
0.91884	1.53345e-02
0.91883	1.54346e-02
0.91882	1.55505e-02
0.91880	1.56807e-02
0.91877	1.58237e-02
0.91875	1.59783e-02
0.91872	1.61433e-02
0.91870	1.63174e-02
0.91868	1.64996e-02
0.91865	1.66889e-02
0.91863	1.68844e-02
0.91862	1.70851e-02
0.91860	1.72903e-02
0.91859	1.74991e-02
0.91859	1.77109e-02
0.91861	1.79230e-02
0.91864	1.81379e-02
0.91866	1.83547e-02
0.91869	1.85728e-02
0.91872	1.87918e-02
0.91886	1.89448e-02
0.91898	1.91216e-02
0.91909	1.93147e-02
0.91920	1.95188e-02
0.91929	1.97303e-02
0.91939	1.99465e-02
0.91949	2.01656e-02
0.91959	2.03863e-02
0.91969	2.06077e-02
0.91980	2.08291e-02
0.91991	2.10498e-02
0.92002	2.12695e-02
0.92014	2.14878e-02
0.92027	2.17045e-02
0.92040	2.19193e-02
0.92054	2.21321e-02
0.92068	2.23426e-02
0.92083	2.25508e-02
0.92099	2.27565e-02
0.92115	2.29597e-02
0.92132	2.31601e-02
0.92149	2.33577e-02
0.92167	2.35525e-02
0.92186	2.37409e-02
0.92206	2.39270e-02
0.92229	2.41248e-02
0.92258	2.43447e-02
0.92295	2.46063e-02
0.92341	2.49120e-02
0.92392	2.52581e-02
0.92443	2.56171e-02
0.92490	2.59538e-02
0.92533	2.62386e-02
0.92570	2.64772e-02
0.92603	2.66761e-02
0.92634	2.68443e-02
0.92663	2.69894e-02
0.92691	2.71171e-02
0.92718	2.72312e-02
0.92744	2.73345e-02
0.92770	2.74287e-02
0.92795	2.75148e-02
0.92820	2.75939e-02
0.92845	2.76663e-02
0.92869	2.77326e-02
0.92893	2.77929e-02
0.92917	2.78476e-02
0.92941	2.78967e-02
0.92964	2.79405e-02
0.92987	2.79815e-02
0.93009	2.80171e-02
0.93031	2.80475e-02
0.93052	2.80728e-02
0.93073	2.80930e-02
0.93093	2.81083e-02
0.93112	2.81186e-02
0.93131	2.81242e-02
0.93149	2.81251e-02
0.93166	2.81209e-02
0.93183	2.81125e-02
0.93198	2.80998e-02
0.93213	2.80830e-02
0.93227	2.80622e-02
0.93240	2.80374e-02
0.93252	2.80089e-02
0.93262	2.79768e-02
0.93276	2.79582e-02
0.93288	2.79377e-02
0.93299	2.79116e-02
0.93307	2.78807e-02
0.93315	2.78457e-02
0.93320	2.78069e-02
0.93325	2.77649e-02
0.93328	2.77200e-02
0.93329	2.76725e-02
0.93329	2.76211e-02
0.93328	2.75687e-02
0.93325	2.75154e-02
0.93324	2.74930e-02
0.93320	2.74554e-02
0.93313	2.74105e-02
0.93306	2.73619e-02
0.93296	2.73113e-02
0.93285	2.72596e-02
0.93273	2.72077e-02
0.93260	2.71573e-02
0.93245	2.71075e-02
0.93229	2.70587e-02
0.93212	2.70113e-02
0.93198	2.70255e-02
0.93181	2.70221e-02
0.93162	2.70098e-02
0.93141	2.69930e-02
0.93119	2.69742e-02
0.93096	2.69550e-02
0.93072	2.69479e-02
0.93049	2.69461e-02
0.93024	2.69424e-02
0.93015	2.68533e-02
0.93001	2.67964e-02
0.92995	2.69346e-02
0.92984	2.70968e-02
0.92967	2.72707e-02
0.92948	2.74471e-02
0.92924	2.76198e-02
0.92898	2.77854e-02
0.92870	2.79421e-02
0.92851	2.81638e-02
0.92825	2.83476e-02
0.92795	2.85001e-02
0.92761	2.86286e-02
0.92724	2.87389e-02
0.92686	2.88355e-02
0.92646	2.89216e-02
0.92606	2.89994e-02
0.92565	2.90705e-02
0.92523	2.91363e-02
0.92482	2.91974e-02
0.92440	2.92547e-02
0.92398	2.93087e-02
0.92356	2.93598e-02
0.92315	2.94083e-02
0.92274	2.94544e-02
0.92233	2.94984e-02
0.92194	2.95655e-02
0.92155	2.96184e-02
0.92116	2.96646e-02
0.92078	2.97070e-02
0.92041	2.97468e-02
0.92004	2.97844e-02
0.91968	2.98203e-02
0.91933	2.98546e-02
0.91899	2.98863e-02
0.91866	2.99170e-02
0.91834	2.99466e-02
0.91803	2.99753e-02
0.91773	3.00030e-02
0.91744	3.00299e-02
0.91716	3.00561e-02
0.91689	3.00815e-02
0.91663	3.01063e-02
0.91639	3.01305e-02
0.91616	3.01551e-02
0.91594	3.01786e-02
0.91573	3.02015e-02
0.91554	3.02238e-02
0.91536	3.02457e-02
0.91519	3.02674e-02
0.91503	3.02888e-02
0.91495	3.03108e-02
0.91486	3.03352e-02
0.91478	3.03609e-02
0.91470	3.03874e-02
0.91463	3.04143e-02
0.91457	3.04413e-02
0.91452	3.04683e-02
0.91447	3.04951e-02
0.91446	3.05274e-02
0.91448	3.05572e-02
0.91450	3.05853e-02
0.91452	3.06118e-02
0.91456	3.06368e-02
0.91460	3.06604e-02
0.91465	3.06825e-02
0.91471	3.07030e-02
0.91479	3.07218e-02
0.91492	3.07416e-02
0.91504	3.07585e-02
0.91515	3.07727e-02
0.91528	3.07806e-02
0.91541	3.07872e-02
0.91555	3.07918e-02
0.91569	3.07943e-02
0.91584	3.07942e-02
0.91599	3.07915e-02
0.91617	3.07503e-02
0.91636	3.07083e-02
0.91655	3.06639e-02
0.91675	3.06161e-02
0.91696	3.05645e-02
0.91717	3.05088e-02
0.91738	3.04488e-02
0.91760	3.03843e-02
0.91783	3.03154e-02
0.91806	3.02418e-02
0.91829	3.01636e-02
0.91853	3.00808e-02
0.91877	2.99935e-02
0.91901	2.99015e-02
0.91925	2.98052e-02
0.91950	2.97044e-02
0.91975	2.95994e-02
0.92000	2.94903e-02
0.92025	2.93773e-02
0.92050	2.92607e-02
0.92075	2.91405e-02
0.92100	2.90172e-02
0.92126	2.88909e-02
0.92151	2.87621e-02
0.92175	2.86309e-02
0.92201	2.84907e-02
0.92233	2.83540e-02
0.92265	2.82141e-02
0.92295	2.80713e-02
0.92325	2.79269e-02
0.92355	2.77802e-02
0.92384	2.76319e-02
0.92413	2.74824e-02
0.92441	2.73324e-02
0.92470	2.71824e-02
0.92497	2.70331e-02
0.92524	2.68762e-02
0.92551	2.67216e-02
0.92578	2.65703e-02
0.92604	2.64235e-02
0.92630	2.62834e-02
0.92656	2.61537e-02
0.92682	2.60414e-02
0.92710	2.59589e-02
0.92740	2.59275e-02
0.92775	2.59786e-02
0.92816	2.61454e-02
0.92864	2.64365e-02
0.92914	2.68073e-02
0.92962	2.71751e-02
0.93004	2.75403e-02
0.93041	2.77678e-02
0.93076	2.78360e-02
0.93114	2.77238e-02
0.93156	2.74277e-02
0.93202	2.69916e-02
0.93251	2.65163e-02
0.93297	2.60697e-02
0.93337	2.56932e-02
0.93373	2.53905e-02
0.93403	2.51492e-02
0.93453	2.51850e-02
0.93494	2.52020e-02
0.93527	2.51874e-02
0.93553	2.51469e-02
0.93575	2.50910e-02
0.93593	2.50290e-02
0.93635	2.50731e-02
0.93671	2.51253e-02
0.93702	2.51714e-02
0.93726	2.52047e-02
0.93745	2.52261e-02
0.93761	2.52390e-02
0.93773	2.52472e-02
0.93783	2.52534e-02
0.93264	2.07416e-02
0.93272	2.07574e-02
0.93278	2.07734e-02
0.93284	2.07899e-02
0.93287	2.08069e-02
0.93290	2.08242e-02
0.93292	2.08417e-02
0.93293	2.08591e-02
0.93293	2.08772e-02
0.93293	2.08943e-02
0.93291	2.09101e-02
0.93303	2.09809e-02
0.93329	2.08618e-02
0.93344	2.07979e-02
0.93355	2.07590e-02
0.93359	2.07447e-02
0.93360	2.07443e-02
0.93358	2.07503e-02
0.93354	2.07585e-02
0.93348	2.07662e-02
0.93342	2.07720e-02
0.93335	2.07749e-02
0.93327	2.07708e-02
0.93319	2.07636e-02
0.93311	2.07530e-02
0.93301	2.07387e-02
0.93292	2.07207e-02
0.93282	2.07003e-02
0.93272	2.06759e-02
0.93261	2.06481e-02
0.93251	2.06173e-02
0.93240	2.05841e-02
0.93232	2.04891e-02
0.93225	2.03534e-02
0.93221	2.01688e-02
0.93219	1.99316e-02
0.93219	1.96454e-02
0.93222	1.93232e-02
0.93226	1.89858e-02
0.93230	1.86573e-02
0.93233	1.83597e-02
0.93236	1.81248e-02
0.93236	1.79388e-02
0.93234	1.78057e-02
0.93229	1.77237e-02
0.93222	1.76881e-02
0.93214	1.76929e-02
0.93203	1.77324e-02
0.93192	1.78013e-02
0.93180	1.78947e-02
0.93169	1.79975e-02
0.93156	1.81218e-02
0.93143	1.82631e-02
0.93130	1.84182e-02
0.93117	1.85848e-02
0.93103	1.87610e-02
0.93090	1.89453e-02
0.93077	1.91364e-02
0.93065	1.93332e-02
0.93052	1.95347e-02
0.93040	1.97400e-02
0.93029	1.99482e-02
0.93018	2.01587e-02
0.93007	2.03706e-02
0.92997	2.05833e-02
0.92987	2.07962e-02
0.92978	2.10085e-02
0.92970	2.12197e-02
0.92962	2.14292e-02
0.92955	2.16363e-02
0.92949	2.18285e-02
0.92944	2.20204e-02
0.92940	2.22104e-02
0.92936	2.23974e-02
0.92932	2.25805e-02
0.92930	2.27590e-02
0.92928	2.29323e-02
0.92927	2.30998e-02
0.92926	2.32609e-02
0.92926	2.34152e-02
0.92927	2.35623e-02
0.92929	2.37017e-02
0.92931	2.38331e-02
0.92935	2.39560e-02
0.92939	2.40703e-02
0.92944	2.41755e-02
0.92949	2.42715e-02
0.92956	2.43580e-02
0.92963	2.44348e-02
0.92971	2.45016e-02
0.92988	2.46775e-02
0.93002	2.47840e-02
0.93014	2.48421e-02
0.93025	2.48664e-02
0.93036	2.48669e-02
0.93047	2.48496e-02
0.93066	2.48952e-02
0.93083	2.49081e-02
0.93102	2.48795e-02
0.93126	2.47920e-02
0.93159	2.46256e-02
0.93201	2.43806e-02
0.93252	2.40980e-02
0.93303	2.38342e-02
0.93350	2.36154e-02
0.93390	2.34352e-02
0.93425	2.32780e-02
0.93457	2.31318e-02
0.93499	2.28900e-02
0.93541	2.26486e-02
0.93582	2.24134e-02
0.93634	2.19651e-02
0.93679	2.16090e-02
0.93719	2.13146e-02
0.93756	2.10611e-02
0.93789	2.08344e-02
0.93820	2.06253e-02
0.93848	2.04274e-02
0.93875	2.02367e-02
0.93901	2.00500e-02
0.93926	1.98654e-02
0.93950	1.96815e-02
0.93973	1.94973e-02
0.93996	1.93121e-02
0.94018	1.91255e-02
0.94040	1.89372e-02
0.94062	1.87469e-02
0.94089	1.86599e-02
0.94113	1.85111e-02
0.94135	1.83372e-02
0.94157	1.81517e-02
0.94178	1.79600e-02
0.94199	1.77644e-02
0.94220	1.75663e-02
0.94240	1.73663e-02
0.94260	1.71650e-02
0.94280	1.69627e-02
0.94300	1.67599e-02
0.94319	1.65570e-02
0.94338	1.63543e-02
0.94357	1.61521e-02
0.94375	1.59509e-02
0.94393	1.57512e-02
0.94410	1.55531e-02
0.94427	1.53573e-02
0.94443	1.51641e-02
0.94459	1.49741e-02
0.94475	1.47876e-02
0.94491	1.45991e-02
0.94507	1.44142e-02
0.94522	1.42327e-02
0.94537	1.40543e-02
0.94551	1.38789e-02
0.94565	1.37063e-02
0.94579	1.35362e-02
0.94592	1.33685e-02
0.94605	1.32029e-02
0.94618	1.30394e-02
0.94631	1.28780e-02
0.94643	1.27190e-02
0.94656	1.25630e-02
0.94668	1.24109e-02
0.94680	1.22636e-02
0.94692	1.21226e-02
0.94723	1.18045e-02
0.94751	1.15315e-02
0.94775	1.13022e-02
0.94794	1.11108e-02
0.94809	1.09507e-02
0.94821	1.08166e-02
0.94830	1.07050e-02
0.94836	1.06133e-02
0.94839	1.05399e-02
0.94841	1.04835e-02
0.94840	1.04434e-02
0.94837	1.04188e-02
0.94833	1.04092e-02
0.94827	1.04140e-02
0.94819	1.04330e-02
0.94810	1.04657e-02
0.94799	1.05118e-02
0.94787	1.05708e-02
0.94773	1.06423e-02
0.94762	1.07553e-02
0.94748	1.08709e-02
0.94733	1.09922e-02
0.94716	1.11206e-02
0.94699	1.12566e-02
0.94680	1.14002e-02
0.94660	1.15511e-02
0.94642	1.16837e-02
0.94623	1.18299e-02
0.94603	1.19871e-02
0.94581	1.21532e-02
0.94559	1.23268e-02
0.94537	1.25067e-02
0.94525	1.27278e-02
0.94513	1.29673e-02
0.94501	1.32258e-02
0.94490	1.35024e-02
0.94480	1.37946e-02
0.94468	1.40990e-02
0.94457	1.44113e-02
0.94444	1.47270e-02
0.94431	1.50418e-02
0.94417	1.53520e-02
0.94402	1.56549e-02
0.94386	1.59484e-02
0.94369	1.62312e-02
0.94352	1.65026e-02
0.94334	1.67623e-02
0.94315	1.70104e-02
0.94296	1.72469e-02
0.94282	1.75162e-02
0.94269	1.77761e-02
0.94255	1.80274e-02
0.94241	1.82706e-02
0.94228	1.85059e-02
0.94214	1.87337e-02
0.94202	1.89539e-02
0.94189	1.91668e-02
0.94177	1.93696e-02
0.94166	1.95654e-02
0.94155	1.97540e-02
0.94145	1.99351e-02
0.94135	2.01085e-02
0.94126	2.02740e-02
0.94117	2.04315e-02
0.94109	2.05807e-02
0.94101	2.07213e-02
0.94094	2.08533e-02
0.94088	2.09763e-02
0.94082	2.10902e-02
0.94077	2.11949e-02
0.94073	2.12901e-02
0.94069	2.13757e-02
0.94066	2.14517e-02
0.94064	2.15178e-02
0.94062	2.15742e-02
0.94063	2.16022e-02
0.94064	2.16249e-02
0.94065	2.16393e-02
0.94067	2.16469e-02
0.94070	2.16468e-02
0.94073	2.16386e-02
0.94076	2.16221e-02
0.94082	2.16254e-02
0.94089	2.16102e-02
0.94095	2.15811e-02
0.94102	2.15410e-02
0.94109	2.14909e-02
0.94117	2.14315e-02
0.94125	2.13633e-02
0.94134	2.12865e-02
0.94143	2.12017e-02
0.94153	2.11094e-02
0.94164	2.10100e-02
0.94179	2.09807e-02
0.94194	2.09214e-02
0.94209	2.08415e-02
0.94223	2.07467e-02
0.94237	2.06405e-02
0.94251	2.05253e-02
0.94265	2.04029e-02
0.94280	2.02744e-02
0.94294	2.01409e-02
0.94309	2.00034e-02
0.94324	1.98625e-02
0.94339	1.97191e-02
0.94355	1.95737e-02
0.94370	1.94268e-02
0.94386	1.92791e-02
0.94401	1.91311e-02
0.94417	1.89831e-02
0.94432	1.88357e-02
0.94454	1.88111e-02
0.94473	1.87424e-02
0.94491	1.86531e-02
0.94509	1.85531e-02
0.94525	1.84471e-02
0.94542	1.83377e-02
0.94557	1.82263e-02
0.94573	1.81143e-02
0.94593	1.79400e-02
0.94611	1.77874e-02
0.94627	1.76469e-02
0.94643	1.75141e-02
0.94657	1.73872e-02
0.94671	1.72651e-02
0.94683	1.71472e-02
0.94696	1.70332e-02
0.94707	1.69226e-02
0.94718	1.68152e-02
0.94728	1.67108e-02
0.94746	1.64938e-02
0.94770	1.62096e-02
0.94800	1.58511e-02
0.94833	1.54692e-02
0.94867	1.51126e-02
0.94896	1.48128e-02
0.94920	1.45737e-02
0.94939	1.43839e-02
0.94953	1.42297e-02
0.94964	1.41003e-02
0.94971	1.39884e-02
0.94976	1.38892e-02
0.94979	1.37996e-02
0.94980	1.37176e-02
0.94980	1.36417e-02
0.94979	1.35711e-02
0.94978	1.35068e-02
0.94975	1.34460e-02
0.94971	1.33887e-02
0.94965	1.33346e-02
0.94959	1.32838e-02
0.94952	1.32361e-02
0.94943	1.31917e-02
0.94934	1.31505e-02
0.94924	1.31126e-02
0.94913	1.30783e-02
0.94902	1.30477e-02
0.94889	1.30209e-02
0.94876	1.29984e-02
0.94862	1.29802e-02
0.94848	1.29670e-02
0.94832	1.29587e-02
0.94832	1.28290e-02
0.94825	1.27558e-02
0.94815	1.27211e-02
0.94801	1.27129e-02
0.94785	1.27239e-02
0.94768	1.27498e-02
0.94749	1.27879e-02
0.94730	1.28386e-02
0.94710	1.28987e-02
0.94689	1.29679e-02
0.94668	1.30459e-02
0.94647	1.31324e-02
0.94625	1.32274e-02
0.94603	1.33306e-02
0.94581	1.34420e-02
0.94558	1.35759e-02
0.94535	1.37187e-02
0.94512	1.38703e-02
0.94489	1.40304e-02
0.94466	1.41985e-02
0.94443	1.43741e-02
0.94421	1.45564e-02
0.94398	1.47440e-02
0.94376	1.49349e-02
0.94354	1.51262e-02
0.94334	1.53134e-02
0.94315	1.54845e-02
0.94299	1.56411e-02
0.94285	1.57802e-02
0.94274	1.58903e-02
0.94266	1.59735e-02
0.94261	1.60389e-02
0.94259	1.61005e-02
0.94258	1.61725e-02
0.94258	1.62645e-02
0.94257	1.63801e-02
0.94256	1.65181e-02
0.94254	1.66750e-02
0.94252	1.68464e-02
0.94250	1.70281e-02
0.94247	1.72166e-02
0.94244	1.74089e-02
0.94242	1.76024e-02
0.94240	1.77952e-02
0.94238	1.79857e-02
0.94237	1.81727e-02
0.94236	1.83550e-02
0.94236	1.85317e-02
0.94236	1.87020e-02
0.94238	1.88655e-02
0.94240	1.90216e-02
0.94243	1.91698e-02
0.94246	1.93098e-02
0.94251	1.94413e-02
0.94256	1.95641e-02
0.94263	1.96780e-02
0.94270	1.97829e-02
0.94278	1.98787e-02
0.94288	1.99654e-02
0.94299	2.00455e-02
0.94311	2.01146e-02
0.94323	2.01737e-02
0.94337	2.02129e-02
0.94351	2.02467e-02
0.94366	2.02738e-02
0.94381	2.02936e-02
0.94398	2.03060e-02
0.94415	2.03108e-02
0.94433	2.03132e-02
0.94462	2.02513e-02
0.94488	2.02018e-02
0.94513	2.01556e-02
0.94538	2.01085e-02
0.94562	2.00583e-02
0.94587	2.00040e-02
0.94612	1.99452e-02
0.94637	1.98817e-02
0.94663	1.98137e-02
0.94690	1.97413e-02
0.94717	1.96764e-02
0.94745	1.96009e-02
0.94773	1.95191e-02
0.94800	1.94328e-02
0.94829	1.93414e-02
0.94857	1.92473e-02
0.94887	1.91470e-02
0.94917	1.90460e-02
0.94946	1.89438e-02
0.94975	1.88405e-02
0.95005	1.87361e-02
0.95034	1.86308e-02
0.95062	1.85250e-02
0.95091	1.84189e-02
0.95120	1.83126e-02
0.95148	1.82063e-02
0.95176	1.81004e-02
0.95217	1.79479e-02
0.95262	1.77830e-02
0.95312	1.76158e-02
0.95364	1.74605e-02
0.95415	1.73256e-02
0.95463	1.72085e-02
0.95507	1.71012e-02
0.95546	1.69962e-02
0.95582	1.68894e-02
0.95614	1.67793e-02
0.95643	1.66658e-02
0.95671	1.65493e-02
0.95696	1.64306e-02
0.95720	1.63104e-02
0.95742	1.61892e-02
0.95763	1.60677e-02
0.95782	1.59462e-02
0.95801	1.58337e-02
0.95819	1.57206e-02
0.95835	1.56077e-02
0.95850	1.54953e-02
0.95863	1.53837e-02
0.95876	1.52732e-02
0.95887	1.51640e-02
0.95898	1.50577e-02
0.95907	1.49525e-02
0.95916	1.48478e-02
0.95923	1.47453e-02
0.95928	1.46451e-02
0.95933	1.45472e-02
0.95936	1.44558e-02
0.95938	1.43665e-02
0.95939	1.42797e-02
0.95939	1.41959e-02
0.95937	1.41153e-02
0.95934	1.40381e-02
0.95931	1.39646e-02
0.95925	1.38951e-02
0.95919	1.38296e-02
0.95912	1.37686e-02
0.95904	1.37118e-02
0.95896	1.36830e-02
0.95887	1.36578e-02
0.95900	1.37570e-02
0.95905	1.38449e-02
0.95904	1.39150e-02
0.95899	1.39704e-02
0.95891	1.40163e-02
0.95880	1.40572e-02
0.95868	1.40974e-02
0.95855	1.41380e-02
0.95840	1.41806e-02
0.95825	1.42360e-02
0.95809	1.42923e-02
0.95791	1.43511e-02
0.95773	1.44130e-02
0.95754	1.44786e-02
0.95744	1.44209e-02
0.95750	1.43175e-02
0.95760	1.41934e-02
0.95772	1.40714e-02
0.95783	1.39773e-02
0.95793	1.39293e-02
0.95801	1.39680e-02
0.95806	1.40417e-02
0.95805	1.41464e-02
0.95802	1.42753e-02
0.95796	1.44224e-02
0.95788	1.45830e-02
0.95779	1.47542e-02
0.95769	1.49342e-02
0.95758	1.51221e-02
0.95747	1.53174e-02
0.95737	1.55196e-02
0.95726	1.57284e-02
0.95715	1.59430e-02
0.95705	1.61692e-02
0.95695	1.63967e-02
0.95685	1.66248e-02
0.95675	1.68519e-02
0.95664	1.70760e-02
0.95664	1.72950e-02
0.95659	1.75104e-02
0.95651	1.77179e-02
0.95642	1.79157e-02
0.95632	1.81028e-02
0.95622	1.82782e-02
0.95616	1.84906e-02
0.95608	1.86693e-02
0.95599	1.88251e-02
0.95590	1.89625e-02
0.95581	1.90839e-02
0.95573	1.91904e-02
0.95564	1.92830e-02
0.95556	1.93624e-02
0.95548	1.94292e-02
0.95540	1.94839e-02
0.95533	1.95272e-02
0.95527	1.95594e-02
0.95522	1.95811e-02
0.95517	1.95928e-02
0.95533	1.98448e-02
0.95547	2.00395e-02
0.95556	2.01641e-02
0.95562	2.02409e-02
0.95567	2.02835e-02
0.95572	2.03008e-02
0.95577	2.02985e-02
0.95581	2.02805e-02
0.95587	2.02493e-02
0.95605	2.01483e-02
0.95628	1.99433e-02
0.95658	1.96375e-02
0.95694	1.92585e-02
0.95734	1.88642e-02
0.95773	1.85128e-02
0.95807	1.82304e-02
0.95835	1.80116e-02
0.95859	1.78391e-02
0.95880	1.76967e-02
0.95898	1.75729e-02
0.95915	1.74625e-02
0.95932	1.73577e-02
0.95614	1.53057e-02
0.95639	1.51817e-02
0.95660	1.50779e-02
0.95682	1.49734e-02
0.95703	1.48760e-02
0.95724	1.47831e-02
0.95746	1.46935e-02
0.95768	1.46064e-02
0.95791	1.45214e-02
0.95814	1.44383e-02
0.95837	1.43568e-02
0.95861	1.42768e-02
0.95886	1.41982e-02
0.95910	1.41207e-02
0.95935	1.40443e-02
0.95961	1.39689e-02
0.95986	1.38943e-02
0.96012	1.38205e-02
0.96038	1.37473e-02
0.96067	1.36599e-02
0.96095	1.35792e-02
0.96122	1.35015e-02
0.96149	1.34256e-02
0.96176	1.33508e-02
0.96203	1.32768e-02
0.96229	1.32035e-02
0.96255	1.31307e-02
0.96281	1.30584e-02
0.96306	1.29866e-02
0.96331	1.29153e-02
0.96356	1.28444e-02
0.96380	1.27741e-02
0.96404	1.27045e-02
0.96427	1.26355e-02
0.96449	1.25675e-02
0.96471	1.25004e-02
0.96493	1.24345e-02
0.96514	1.23700e-02
0.96534	1.23071e-02
0.96553	1.22460e-02
0.96572	1.21869e-02
0.96589	1.21302e-02
0.96606	1.20761e-02
0.96623	1.20248e-02
0.96638	1.19768e-02
0.96652	1.19323e-02
0.96665	1.18915e-02
0.96678	1.18549e-02
0.96689	1.18213e-02
0.96700	1.17930e-02
0.96709	1.17701e-02
0.96718	1.17525e-02
0.96725	1.17406e-02
0.96732	1.17344e-02
0.96737	1.17342e-02
0.96741	1.17402e-02
0.96744	1.17525e-02
0.96746	1.17712e-02
0.96749	1.18233e-02
0.96751	1.18781e-02
0.96751	1.19370e-02
0.96750	1.20008e-02
0.96748	1.20699e-02
0.96745	1.21445e-02
0.96741	1.22414e-02
0.96737	1.23437e-02
0.96731	1.24526e-02
0.96725	1.25683e-02
0.96724	1.26737e-02
0.96722	1.27884e-02
0.96719	1.29116e-02
0.96715	1.30430e-02
0.96710	1.31817e-02
0.96705	1.33273e-02
0.96698	1.34789e-02
0.96406	1.21495e-02
0.96397	1.23511e-02
0.96388	1.25509e-02
0.96379	1.27367e-02
0.96369	1.29263e-02
0.96357	1.31168e-02
0.96344	1.33067e-02
0.96330	1.34951e-02
0.96315	1.36812e-02
0.96298	1.38644e-02
0.96281	1.40443e-02
0.96263	1.42204e-02
0.96244	1.43924e-02
0.96225	1.45597e-02
0.96206	1.47263e-02
0.96185	1.48861e-02
0.96164	1.50397e-02
0.96143	1.51871e-02
0.96120	1.53283e-02
0.96098	1.54632e-02
0.96074	1.55916e-02
0.96051	1.57134e-02
0.96027	1.58285e-02
0.96012	1.59893e-02
0.95995	1.61338e-02
0.95976	1.62642e-02
0.95955	1.63819e-02
0.95934	1.64878e-02
0.95912	1.65822e-02
0.95891	1.66746e-02
0.95868	1.67577e-02
0.95846	1.68327e-02
0.95824	1.69001e-02
0.95801	1.69605e-02
0.95779	1.70141e-02
0.95757	1.70612e-02
0.95740	1.71382e-02
0.95721	1.71894e-02
0.95701	1.72264e-02
0.95680	1.72538e-02
0.95368	1.69733e-02
0.95345	1.69508e-02
0.95323	1.69215e-02
0.95301	1.68858e-02
0.95283	1.68202e-02
0.95265	1.67548e-02
0.95247	1.66879e-02
0.95230	1.66183e-02
0.95213	1.65456e-02
0.95197	1.64693e-02
0.95181	1.63892e-02
0.95166	1.63050e-02
0.95152	1.62168e-02
0.95139	1.61244e-02
0.95127	1.60277e-02
0.95115	1.59268e-02
0.95105	1.58066e-02
0.95096	1.56866e-02
0.95087	1.55655e-02
0.95080	1.54423e-02
0.95073	1.53167e-02
0.95067	1.51884e-02
0.95062	1.50574e-02
0.95057	1.49235e-02
0.95054	1.47869e-02
0.95052	1.46476e-02
0.95050	1.45057e-02
0.95050	1.43614e-02
0.95050	1.42149e-02
0.95051	1.40665e-02
0.95054	1.39162e-02
0.95057	1.37645e-02
0.95061	1.36116e-02
0.95066	1.34579e-02
0.95075	1.33104e-02
0.95083	1.31611e-02
0.95093	1.30091e-02
0.95102	1.28575e-02
0.95113	1.27130e-02
0.95139	1.24593e-02
0.95162	1.22763e-02
0.95185	1.21692e-02
0.95214	1.21684e-02
0.95251	1.23269e-02
0.95301	1.26975e-02
0.95361	1.32739e-02
0.95424	1.39472e-02
0.95482	1.45666e-02
0.95530	1.50420e-02
0.95570	1.53647e-02
0.95603	1.55663e-02
0.95632	1.56833e-02
0.95658	1.57443e-02
0.95682	1.57695e-02
0.95705	1.57721e-02
0.95727	1.57607e-02
0.95748	1.57412e-02
0.95770	1.57175e-02
0.95800	1.57357e-02
0.95827	1.57348e-02
0.95851	1.57246e-02
0.95874	1.57111e-02
0.95896	1.56977e-02
0.95918	1.56863e-02
0.95939	1.56782e-02
0.95961	1.56742e-02
0.95982	1.56748e-02
0.96003	1.56802e-02
0.96024	1.56905e-02
0.96044	1.57058e-02
0.95519	1.08660e-02
0.95544	1.10245e-02
0.95568	1.11878e-02
0.95592	1.13550e-02
0.95615	1.15254e-02
0.95639	1.16982e-02
0.95662	1.18726e-02
0.95685	1.20478e-02
0.95708	1.22233e-02
0.95730	1.23982e-02
0.95752	1.25719e-02
0.95774	1.27438e-02
0.95795	1.29134e-02
0.95815	1.30800e-02
0.95835	1.32432e-02
0.95855	1.34024e-02
0.95874	1.35574e-02
0.95893	1.37075e-02
0.95911	1.38526e-02
0.95928	1.39923e-02
0.95945	1.41262e-02
0.95962	1.42542e-02
0.95977	1.43761e-02
0.95992	1.44916e-02
0.96007	1.46006e-02
0.96020	1.47031e-02
0.96033	1.47989e-02
0.96046	1.48881e-02
0.96057	1.49707e-02
0.96073	1.50519e-02
0.96089	1.51259e-02
0.96103	1.51929e-02
0.96118	1.52529e-02
0.96145	1.50453e-02
0.96169	1.49058e-02
0.96189	1.48029e-02
0.96208	1.47206e-02
0.96224	1.46505e-02
0.96240	1.45878e-02
0.96254	1.45298e-02
0.96278	1.45583e-02
0.96299	1.45719e-02
0.96318	1.45754e-02
0.96335	1.45712e-02
0.96350	1.45608e-02
0.96363	1.45450e-02
0.96376	1.45248e-02
0.96388	1.44990e-02
0.96399	1.44705e-02
0.96408	1.44394e-02
0.96415	1.44064e-02
0.96422	1.43718e-02
0.96427	1.43362e-02
0.96432	1.43000e-02
0.96435	1.42638e-02
0.96437	1.42280e-02
0.96440	1.41931e-02
0.96441	1.41597e-02
0.96441	1.41282e-02
0.96439	1.40989e-02
0.96437	1.40724e-02
0.96434	1.40491e-02
0.96430	1.40293e-02
0.96424	1.40133e-02
0.96418	1.40015e-02
0.96411	1.39941e-02
0.96403	1.39914e-02
0.96396	1.39938e-02
0.96387	1.40013e-02
0.96377	1.40138e-02
0.96366	1.40316e-02
0.96354	1.40546e-02
0.96342	1.40828e-02
0.96329	1.41162e-02
0.96315	1.41547e-02
0.96300	1.41981e-02
0.96285	1.42463e-02
0.96268	1.42992e-02
0.96252	1.43564e-02
0.96235	1.44026e-02
0.96218	1.44549e-02
0.96200	1.45126e-02
0.96182	1.45751e-02
0.96163	1.46420e-02
0.96143	1.47127e-02
0.96123	1.47868e-02
0.96103	1.48638e-02
0.96082	1.49433e-02
0.96067	1.51337e-02
0.96049	1.52968e-02
0.96031	1.54428e-02
0.96011	1.55770e-02
0.95990	1.57022e-02
0.95969	1.58203e-02
0.95948	1.59325e-02
0.95925	1.60396e-02
0.95903	1.61423e-02
0.95880	1.62409e-02
0.95857	1.63359e-02
0.95848	1.66636e-02
0.95831	1.68565e-02
0.95811	1.69904e-02
0.95790	1.70962e-02
0.95767	1.71871e-02
0.95745	1.72690e-02
0.95723	1.73448e-02
0.95701	1.74160e-02
0.95679	1.74833e-02
0.95657	1.75471e-02
0.95636	1.76078e-02
0.95615	1.76654e-02
0.95594	1.77201e-02
0.95574	1.77718e-02
0.95555	1.78206e-02
0.95536	1.78666e-02
0.95517	1.79098e-02
0.95509	1.79740e-02
0.95497	1.80257e-02
0.95483	1.80701e-02
0.95468	1.81095e-02
0.95454	1.81451e-02
0.95443	1.81659e-02
0.95431	1.81861e-02
0.95420	1.82049e-02
0.95410	1.82221e-02
0.95400	1.82375e-02
0.95391	1.82510e-02
0.95383	1.82624e-02
0.95375	1.82715e-02
0.95368	1.82782e-02
0.95362	1.82824e-02
0.95357	1.82840e-02
0.95352	1.82828e-02
0.95349	1.82787e-02
0.95346	1.82715e-02
0.95345	1.82612e-02
0.95344	1.82476e-02
0.95344	1.82306e-02
0.95345	1.82102e-02
0.95347	1.81861e-02
0.95350	1.81583e-02
0.95354	1.81267e-02
0.95359	1.80912e-02
0.95364	1.80516e-02
0.95371	1.80079e-02
0.95378	1.79600e-02
0.95387	1.79079e-02
0.95396	1.78514e-02
0.95406	1.77905e-02
0.95417	1.77251e-02
0.95429	1.76553e-02
0.95442	1.75810e-02
0.95455	1.75021e-02
0.95469	1.74188e-02
0.95484	1.73309e-02
0.95500	1.72386e-02
0.95516	1.71418e-02
0.95534	1.70407e-02
0.95551	1.69353e-02
0.95570	1.68258e-02
0.95588	1.67121e-02
0.95608	1.65946e-02
0.95628	1.64732e-02
0.95648	1.63482e-02
0.95669	1.62197e-02
0.95690	1.60880e-02
0.95712	1.59532e-02
0.95758	1.56553e-02
0.95804	1.53564e-02
0.95850	1.50592e-02
0.95895	1.47661e-02
0.95938	1.44781e-02
0.95980	1.41951e-02
0.96020	1.39165e-02
0.96058	1.36413e-02
0.96095	1.33688e-02
0.96131	1.30984e-02
0.96165	1.28293e-02
0.96198	1.25614e-02
0.96234	1.22372e-02
0.96268	1.19281e-02
0.96300	1.16297e-02
0.96330	1.13392e-02
0.96359	1.10551e-02
0.96387	1.07764e-02
0.96415	1.05025e-02
0.96441	1.02330e-02
0.96465	9.96787e-03
0.96487	9.69925e-03
0.96510	9.44088e-03
0.96535	9.19899e-03
0.96565	8.98756e-03
0.96608	8.85610e-03
0.96668	8.86044e-03
0.96745	9.08975e-03
0.96830	9.54696e-03
0.96908	1.00831e-02
0.96972	1.05330e-02
0.97020	1.08351e-02
0.97056	1.10064e-02
0.97092	1.10454e-02
0.97124	1.10201e-02
0.97153	1.09546e-02
0.96970	1.12171e-02
0.97001	1.11504e-02
0.97030	1.10719e-02
0.97058	1.09876e-02
0.97084	1.09015e-02
0.97108	1.08162e-02
0.97131	1.07333e-02
0.97152	1.06539e-02
0.97171	1.05785e-02
0.97188	1.05075e-02
0.97204	1.04412e-02
0.97218	1.03797e-02
0.97230	1.03230e-02
0.96677	3.73099e-03
0.96688	3.71913e-03
0.96697	3.69319e-03
0.96703	3.65415e-03
0.96708	3.60329e-03
0.96709	3.54218e-03
0.96709	3.47268e-03
0.96707	3.39703e-03
0.96703	3.31783e-03
0.96697	3.23811e-03
0.96689	3.16133e-03
0.96679	3.09143e-03
0.96668	3.03273e-03
0.96655	2.98982e-03
0.96640	2.96736e-03
0.96624	2.96976e-03
0.96607	3.00081e-03
0.96588	3.06330e-03
0.96569	3.15882e-03
0.96548	3.28768e-03
0.96526	3.44903e-03
0.96504	3.64112e-03
0.96481	3.86162e-03
0.96456	4.10791e-03
0.96432	4.37726e-03
0.96406	4.66703e-03
0.96381	4.97475e-03
0.96354	5.29812e-03
0.96328	5.63504e-03
0.96301	5.98361e-03
0.96275	6.34209e-03
0.96248	6.70890e-03
0.96221	7.08258e-03
0.96194	7.46178e-03
0.96168	7.84526e-03
0.96142	8.23183e-03
0.96116	8.62038e-03
0.96090	9.00986e-03
0.96066	9.39926e-03
0.96041	9.78762e-03
0.96018	1.01740e-02
0.95995	1.05576e-02
0.95972	1.09374e-02
0.95951	1.13126e-02
0.95931	1.16826e-02
0.95911	1.20463e-02
0.95893	1.24032e-02
0.95876	1.27525e-02
0.95860	1.30934e-02
0.95845	1.34253e-02
0.95831	1.37475e-02
0.95829	1.41741e-02
0.95825	1.45422e-02
0.95819	1.48762e-02
0.95814	1.51857e-02
0.95809	1.54749e-02
0.95806	1.57458e-02
0.95804	1.59993e-02
0.95803	1.62360e-02
0.95813	1.64756e-02
0.95821	1.66928e-02
0.95829	1.68904e-02
0.95838	1.70696e-02
0.95845	1.72671e-02
0.95853	1.74483e-02
0.95863	1.76009e-02
0.95877	1.77044e-02
0.95896	1.77275e-02
0.95925	1.76289e-02
0.95967	1.73652e-02
0.96022	1.69101e-02
0.96092	1.62771e-02
0.96171	1.55267e-02
0.96253	1.47434e-02
0.96332	1.39994e-02
0.96405	1.33346e-02
0.96472	1.27592e-02
0.96533	1.22662e-02
0.96588	1.18421e-02
0.96639	1.14729e-02
0.96687	1.11466e-02
0.96731	1.08533e-02
0.96774	1.05854e-02
0.96815	1.03370e-02
0.96855	1.01033e-02
0.96894	9.88080e-03
0.96932	9.66659e-03
0.96969	9.45848e-03
0.97006	9.25473e-03
0.97042	9.05399e-03
0.97078	8.85522e-03
0.97114	8.65763e-03
0.97149	8.46064e-03
0.97184	8.26385e-03
0.97218	8.06699e-03
0.97253	7.86992e-03
0.97286	7.67259e-03
0.97320	7.47506e-03
0.97353	7.27745e-03
0.97386	7.07994e-03
0.97418	6.88277e-03
0.97450	6.68623e-03
0.97481	6.49066e-03
0.97511	6.29641e-03
0.97541	6.10388e-03
0.97571	5.92219e-03
0.97600	5.73858e-03
0.97628	5.55707e-03
0.97655	5.37967e-03
0.97682	5.20754e-03
0.97707	5.04142e-03
0.97732	4.88184e-03
0.97757	4.72921e-03
0.97780	4.58385e-03
0.97802	4.44605e-03
0.97823	4.31604e-03
0.97665	4.09676e-03
0.97694	4.04648e-03
0.97721	3.99900e-03
0.97746	3.95452e-03
0.97770	3.91325e-03
0.97792	3.87538e-03
0.97812	3.84109e-03
0.97830	3.81055e-03
0.97846	3.78394e-03
0.97860	3.76139e-03
0.97872	3.74306e-03
0.97882	3.72908e-03
0.97890	3.71956e-03
0.97896	3.71460e-03
0.97899	3.71430e-03
0.97901	3.71873e-03
0.97900	3.72795e-03
0.97897	3.74201e-03
0.97892	3.76095e-03
0.97885	3.78477e-03
0.97885	3.88941e-03
0.97879	3.96983e-03
0.97869	4.03953e-03
0.97856	4.10484e-03
0.97840	4.16901e-03
0.97822	4.23385e-03
0.97802	4.30046e-03
0.97779	4.36948e-03
0.97754	4.44133e-03
0.97727	4.51624e-03
0.97699	4.59434e-03
0.97668	4.67568e-03
0.97635	4.76022e-03
0.97601	4.84791e-03
0.97565	4.93863e-03
0.97528	5.03225e-03
0.97489	5.12861e-03
0.97448	5.22752e-03
0.97407	5.32877e-03
0.97364	5.43216e-03
0.97319	5.53743e-03
0.97274	5.64436e-03
0.97228	5.75268e-03
0.97180	5.86213e-03
0.97132	5.97245e-03
0.97083	6.08335e-03
0.97034	6.19456e-03
0.96984	6.30579e-03
0.96933	6.41676e-03
0.96882	6.52718e-03
0.96831	6.63676e-03
0.96780	6.74521e-03
0.96728	6.85226e-03
0.96677	6.95762e-03
0.96625	7.06101e-03
0.96574	7.16216e-03
0.96523	7.26081e-03
0.96473	7.35669e-03
0.96423	7.44956e-03
0.96374	7.53916e-03
0.96325	7.62527e-03
0.96277	7.70767e-03
0.96230	7.78614e-03
0.96184	7.86048e-03
0.96139	7.93051e-03
0.96095	7.99606e-03
0.96052	8.05697e-03
0.96011	8.11309e-03
0.95971	8.16431e-03
0.95932	8.21050e-03
0.95895	8.25159e-03
0.95859	8.28748e-03
0.95825	8.31813e-03
0.95793	8.34350e-03
0.95762	8.36356e-03
0.95733	8.37832e-03
0.95706	8.38778e-03
0.95681	8.39200e-03
0.95658	8.39102e-03
0.95637	8.38492e-03
0.95617	8.37379e-03
0.95600	8.35776e-03
0.95584	8.33695e-03
0.95571	8.31151e-03
0.95560	8.28161e-03
0.95550	8.24745e-03
0.95543	8.20922e-03
0.95538	8.16716e-03
0.95535	8.12150e-03
0.95534	8.07249e-03
0.95535	8.02041e-03
0.95537	7.96554e-03
0.95549	7.83629e-03
0.95560	7.73986e-03
0.95570	7.65809e-03
0.95582	7.58331e-03
0.95596	7.52245e-03
0.95611	7.45913e-03
0.95627	7.39471e-03
0.95645	7.32996e-03
0.95664	7.26547e-03
0.95685	7.20169e-03
0.95707	7.13908e-03
0.95730	7.07802e-03
0.95755	7.01889e-03
0.95781	6.96209e-03
0.95808	6.90797e-03
0.95837	6.85691e-03
0.95866	6.80926e-03
0.95897	6.76539e-03
0.95928	6.72565e-03
0.95960	6.69040e-03
0.95993	6.65997e-03
0.96026	6.63470e-03
0.96060	6.61492e-03
0.96095	6.60095e-03
0.96130	6.59311e-03
0.96165	6.59167e-03
0.96200	6.59694e-03
0.96235	6.60918e-03
0.96271	6.62864e-03
0.96306	6.65556e-03
0.96342	6.69017e-03
0.96377	6.73267e-03
0.96411	6.78324e-03
0.96445	6.84205e-03
0.96479	6.90925e-03
0.96512	6.98497e-03
0.96545	7.06930e-03
0.96577	7.16234e-03
0.96608	7.26414e-03
0.96638	7.37475e-03
0.96667	7.49417e-03
0.96695	7.62241e-03
0.96722	7.75943e-03
0.96748	7.90518e-03
0.96773	8.05958e-03
0.96796	8.22253e-03
0.96818	8.39391e-03
0.96839	8.57356e-03
0.96858	8.76133e-03
0.96876	8.95700e-03
0.96893	9.16038e-03
0.96907	9.37120e-03
0.96921	9.58922e-03
0.96935	9.78985e-03
0.96946	1.00031e-02
0.96956	1.02264e-02
0.96964	1.04581e-02
0.96970	1.06972e-02
0.96974	1.09428e-02
0.96977	1.11943e-02
0.96977	1.14509e-02
0.96976	1.17122e-02
0.96973	1.19775e-02
0.96969	1.22463e-02
0.96962	1.25180e-02
0.96954	1.27920e-02
0.96944	1.30679e-02
0.96933	1.33450e-02
0.96920	1.36227e-02
0.96905	1.39005e-02
0.96889	1.41778e-02
0.96871	1.44540e-02
0.96852	1.47285e-02
0.96832	1.50007e-02
0.96810	1.52700e-02
0.96787	1.55359e-02
0.96762	1.57977e-02
0.96736	1.60548e-02
0.96710	1.63067e-02
0.96682	1.65528e-02
0.96653	1.67924e-02
0.96679	1.75892e-02
0.96676	1.80929e-02
0.96660	1.84590e-02
0.96636	1.87547e-02
0.96608	1.90094e-02
0.96579	1.92364e-02
0.96547	1.94424e-02
0.96514	1.96306e-02
0.96481	1.98028e-02
0.96447	1.99600e-02
0.96412	2.01025e-02
0.96377	2.02307e-02
0.96342	2.03445e-02
0.96307	2.04439e-02
0.96272	2.05288e-02
0.96236	2.05991e-02
0.96202	2.06545e-02
0.96167	2.06951e-02
0.96132	2.07205e-02
0.96099	2.07308e-02
0.96065	2.07256e-02
0.96032	2.07051e-02
0.96000	2.06690e-02
0.95969	2.06174e-02
0.95938	2.05502e-02
0.95909	2.04675e-02
0.95880	2.03692e-02
0.95852	2.02555e-02
0.95825	2.01264e-02
0.95800	1.99821e-02
0.95775	1.98229e-02
0.95752	1.96488e-02
0.95730	1.94601e-02
0.95709	1.92571e-02
0.95690	1.90401e-02
0.95672	1.88095e-02
0.95655	1.85655e-02
0.95640	1.83087e-02
0.95627	1.80272e-02
0.95616	1.77366e-02
0.95606	1.74364e-02
0.95597	1.71265e-02
0.95590	1.68072e-02
0.95584	1.64789e-02
0.95580	1.61419e-02
0.95577	1.57967e-02
0.95576	1.54441e-02
0.95576	1.50844e-02
0.95578	1.47185e-02
0.95581	1.43470e-02
0.95585	1.39705e-02
0.95592	1.35899e-02
0.95599	1.32057e-02
0.95608	1.28188e-02
0.95619	1.24299e-02
0.95630	1.20398e-02
0.95643	1.16493e-02
0.95658	1.12591e-02
0.95674	1.08701e-02
0.95691	1.04829e-02
0.95709	1.00985e-02
0.95728	9.71751e-03
0.95748	9.34080e-03
0.95770	8.96911e-03
0.95792	8.60319e-03
0.95816	8.24381e-03
0.95840	7.89169e-03
0.95865	7.54757e-03
0.95891	7.21213e-03
0.95918	6.88608e-03
0.95945	6.57007e-03
0.95973	6.26476e-03
0.96002	5.97078e-03
0.96031	5.68871e-03
0.96061	5.41914e-03
0.96091	5.16261e-03
0.96122	4.92883e-03
0.96159	4.76753e-03
0.96209	4.73828e-03
0.96280	4.94353e-03
0.96388	5.52896e-03
0.96545	6.61545e-03
0.96743	8.12811e-03
0.96945	9.70757e-03
0.97113	1.09587e-02
0.97232	1.17406e-02
0.97311	1.21325e-02
0.97361	1.22692e-02
0.97395	1.22582e-02
0.97419	1.21684e-02
0.97437	1.20403e-02
0.97451	1.18971e-02
0.97463	1.17519e-02
0.97473	1.16120e-02
0.97482	1.14815e-02
0.97489	1.13626e-02
0.97496	1.12566e-02
0.97501	1.11639e-02
0.96397	0.00000e+00
0.96407	0.00000e+00
0.96414	0.00000e+00
0.96419	0.00000e+00
0.96422	0.00000e+00
0.96423	0.00000e+00
0.96421	0.00000e+00
0.96417	0.00000e+00
0.96411	0.00000e+00
0.96402	0.00000e+00
0.96424	0.00000e+00
0.96431	0.00000e+00
0.96431	0.00000e+00
0.96425	0.00000e+00
0.96416	0.00000e+00
0.96404	0.00000e+00
0.96390	0.00000e+00
0.96372	0.00000e+00
0.96353	0.00000e+00
0.96332	0.00000e+00
0.96309	0.00000e+00
0.96284	0.00000e+00
0.96257	0.00000e+00
0.96229	0.00000e+00
0.96200	0.00000e+00
0.96170	0.00000e+00
0.96139	0.00000e+00
0.96107	0.00000e+00
0.96075	0.00000e+00
0.96042	0.00000e+00
0.96009	0.00000e+00
0.95975	0.00000e+00
0.95941	0.00000e+00
0.95908	0.00000e+00
0.95874	0.00000e+00
0.95841	0.00000e+00
0.95808	0.00000e+00
0.95776	0.00000e+00
0.95744	0.00000e+00
0.95714	0.00000e+00
0.95684	0.00000e+00
0.95655	0.00000e+00
0.95627	0.00000e+00
0.95601	0.00000e+00
0.95576	0.00000e+00
0.95552	0.00000e+00
0.95530	0.00000e+00
0.95509	0.00000e+00
0.95490	0.00000e+00
0.95474	0.00000e+00
0.95458	0.00000e+00
0.95445	0.00000e+00
0.95434	0.00000e+00
0.95425	0.00000e+00
0.95418	0.00000e+00
0.95414	0.00000e+00
0.95411	0.00000e+00
0.95411	0.00000e+00
0.95413	0.00000e+00
0.95417	0.00000e+00
0.95424	0.00000e+00
0.95433	0.00000e+00
0.95444	0.00000e+00
0.95457	0.00000e+00
0.95472	0.00000e+00
0.95489	0.00000e+00
0.95510	0.00000e+00
0.95534	0.00000e+00
0.95563	0.00000e+00
0.95598	0.00000e+00
0.95638	0.00000e+00
0.95685	0.00000e+00
0.95740	0.00000e+00
0.95803	0.00000e+00
0.95876	0.00000e+00
0.95959	0.00000e+00
0.96052	0.00000e+00
0.96154	0.00000e+00
0.96264	0.00000e+00
0.96382	0.00000e+00
0.96504	0.00000e+00
0.96629	0.00000e+00
0.96754	0.00000e+00
0.96877	0.00000e+00
0.96995	0.00000e+00
0.97108	0.00000e+00
0.97213	0.00000e+00
0.97309	0.00000e+00
0.97396	0.00000e+00
0.97475	0.00000e+00
0.97544	0.00000e+00
0.97604	0.00000e+00
0.97657	0.00000e+00
0.97701	0.00000e+00
0.97739	0.00000e+00
0.97770	0.00000e+00
0.97795	0.00000e+00
0.97816	0.00000e+00
0.97831	0.00000e+00
0.97843	0.00000e+00
0.97851	0.00000e+00
0.97856	0.00000e+00
0.97858	0.00000e+00
0.97858	0.00000e+00
0.97856	0.00000e+00
0.97852	0.00000e+00
0.97846	0.00000e+00
0.97840	0.00000e+00
0.97839	0.00000e+00
0.97835	0.00000e+00
0.97829	0.00000e+00
0.97821	0.00000e+00
0.97812	0.00000e+00
0.97802	0.00000e+00
0.97792	0.00000e+00
0.97782	0.00000e+00
0.97771	0.00000e+00
0.97761	0.00000e+00
0.97750	0.00000e+00
0.97739	0.00000e+00
0.97728	0.00000e+00
0.97718	0.00000e+00
0.97707	0.00000e+00
0.97696	0.00000e+00
0.97686	0.00000e+00
0.97676	0.00000e+00
0.97665	0.00000e+00
0.97655	0.00000e+00
0.97645	0.00000e+00
0.97635	0.00000e+00
0.97625	0.00000e+00
0.97615	0.00000e+00
0.97606	0.00000e+00
0.97596	0.00000e+00
0.97587	0.00000e+00
0.97577	0.00000e+00
0.97568	0.00000e+00
0.97559	0.00000e+00
0.97550	0.00000e+00
0.97541	0.00000e+00
0.97532	0.00000e+00
0.97523	0.00000e+00
0.97514	0.00000e+00
0.97505	0.00000e+00
0.97496	0.00000e+00
0.97487	0.00000e+00
0.97478	0.00000e+00
0.97469	0.00000e+00
0.97460	0.00000e+00
0.97451	0.00000e+00
0.97443	0.00000e+00
0.97434	0.00000e+00
0.97425	0.00000e+00
0.97416	0.00000e+00
0.97407	0.00000e+00
0.97398	0.00000e+00
0.97389	0.00000e+00
0.97380	0.00000e+00
0.97371	0.00000e+00
0.97362	0.00000e+00
0.97353	0.00000e+00
0.97343	0.00000e+00
0.97334	0.00000e+00
0.97325	0.00000e+00
0.97315	0.00000e+00
0.97306	0.00000e+00
0.97296	0.00000e+00
0.97287	0.00000e+00
0.97277	0.00000e+00
0.97267	0.00000e+00
0.97257	0.00000e+00
0.97247	0.00000e+00
0.97237	0.00000e+00
0.97227	0.00000e+00
0.97217	0.00000e+00
0.97207	0.00000e+00
0.97196	0.00000e+00
0.97186	0.00000e+00
0.97175	0.00000e+00
0.97165	0.00000e+00
0.97154	0.00000e+00
0.97143	0.00000e+00
0.97132	0.00000e+00
0.97121	0.00000e+00
0.97110	0.00000e+00
0.97099	0.00000e+00
0.97087	0.00000e+00
0.97076	0.00000e+00
0.97065	0.00000e+00
0.97053	0.00000e+00
0.97041	0.00000e+00
0.97030	0.00000e+00
0.97018	0.00000e+00
0.97006	0.00000e+00
0.96994	0.00000e+00
0.96982	0.00000e+00
0.96969	0.00000e+00
0.96957	0.00000e+00
0.96945	0.00000e+00
0.96932	0.00000e+00
0.96920	0.00000e+00
0.96907	0.00000e+00
0.96894	0.00000e+00
0.96881	0.00000e+00
0.96869	0.00000e+00
0.96856	0.00000e+00
0.96842	0.00000e+00
0.96829	0.00000e+00
0.96824	0.00000e+00
0.96816	0.00000e+00
0.96806	0.00000e+00
0.96796	0.00000e+00
0.96785	0.00000e+00
0.96773	0.00000e+00
0.96762	0.00000e+00
0.96749	0.00000e+00
0.96737	0.00000e+00
0.96724	0.00000e+00
0.96711	0.00000e+00
0.96698	0.00000e+00
0.96685	0.00000e+00
0.96672	0.00000e+00
0.96659	0.00000e+00
0.96645	0.00000e+00
0.96632	0.00000e+00
0.96618	0.00000e+00
0.96604	0.00000e+00
0.96590	0.00000e+00
0.96576	0.00000e+00
0.96562	0.00000e+00
0.96548	0.00000e+00
0.96534	0.00000e+00
0.96520	0.00000e+00
0.96506	0.00000e+00
0.96492	0.00000e+00
0.96478	0.00000e+00
0.96463	0.00000e+00
0.96449	0.00000e+00
0.96435	0.00000e+00
0.96420	0.00000e+00
0.96406	0.00000e+00
0.96392	0.00000e+00
0.96377	0.00000e+00
0.96363	0.00000e+00
0.96349	0.00000e+00
0.96334	0.00000e+00
0.96320	0.00000e+00
0.96306	0.00000e+00
0.96291	0.00000e+00
0.96277	0.00000e+00
0.96263	0.00000e+00
0.96248	0.00000e+00
0.96234	0.00000e+00
0.96220	0.00000e+00
0.96206	0.00000e+00
0.96192	0.00000e+00
0.96177	0.00000e+00
0.96163	0.00000e+00
0.96149	0.00000e+00
0.96135	0.00000e+00
0.96121	0.00000e+00
0.96107	0.00000e+00
0.96093	0.00000e+00
0.96080	0.00000e+00
0.96066	0.00000e+00
0.96052	0.00000e+00
0.96039	0.00000e+00
0.96025	0.00000e+00
0.96011	0.00000e+00
0.95998	0.00000e+00
0.95985	0.00000e+00
0.95971	0.00000e+00
0.95958	0.00000e+00
0.95945	0.00000e+00
0.95932	0.00000e+00
0.95919	0.00000e+00
0.95906	0.00000e+00
0.95894	0.00000e+00
0.95881	0.00000e+00
0.95868	0.00000e+00
0.95856	0.00000e+00
0.95844	0.00000e+00
0.95831	0.00000e+00
0.95819	0.00000e+00
0.95807	0.00000e+00
0.95795	0.00000e+00
0.95783	0.00000e+00
0.95772	0.00000e+00
0.95760	0.00000e+00
0.95749	0.00000e+00
0.95737	0.00000e+00
0.95726	0.00000e+00
0.95715	0.00000e+00
0.95704	0.00000e+00
0.95693	0.00000e+00
0.95683	0.00000e+00
0.95672	0.00000e+00
0.95662	0.00000e+00
0.95652	0.00000e+00
0.95642	0.00000e+00
0.95632	0.00000e+00
0.95622	0.00000e+00
0.95612	0.00000e+00
0.95603	0.00000e+00
0.95594	0.00000e+00
0.95584	0.00000e+00
0.95575	0.00000e+00
0.95567	0.00000e+00
0.95569	0.00000e+00
0.95568	0.00000e+00
0.95565	0.00000e+00
0.95561	0.00000e+00
0.95557	0.00000e+00
0.95552	0.00000e+00
0.95546	0.00000e+00
0.95540	0.00000e+00
0.95534	0.00000e+00
0.95528	0.00000e+00
0.95522	0.00000e+00
0.95516	0.00000e+00
0.95510	0.00000e+00
0.95504	0.00000e+00
0.95499	0.00000e+00
0.95493	0.00000e+00
0.95487	0.00000e+00
0.95482	0.00000e+00
0.95477	0.00000e+00
0.95471	0.00000e+00
0.95466	0.00000e+00
0.95462	0.00000e+00
0.95457	0.00000e+00
0.95453	0.00000e+00
0.95448	0.00000e+00
0.95444	0.00000e+00
0.95441	0.00000e+00
0.95437	0.00000e+00
0.95433	0.00000e+00
0.95430	0.00000e+00
0.95427	0.00000e+00
0.95424	0.00000e+00
0.95421	0.00000e+00
0.95423	0.00000e+00
0.95423	0.00000e+00
0.95423	0.00000e+00
0.95423	0.00000e+00
0.95423	0.00000e+00
0.95423	0.00000e+00
0.95423	0.00000e+00
0.95423	0.00000e+00
0.95424	0.00000e+00
0.95424	0.00000e+00
0.95424	0.00000e+00
0.95411	0.00000e+00
0.95399	0.00000e+00
0.95391	0.00000e+00
0.95391	0.00000e+00
0.95410	0.00000e+00
0.95463	0.00000e+00
0.95571	0.00000e+00
0.95753	0.00000e+00
0.96001	0.00000e+00
0.96278	0.00000e+00
0.96535	0.00000e+00
0.96742	0.00000e+00
0.96899	0.00000e+00
0.97013	0.00000e+00
0.97097	0.00000e+00
0.97159	0.00000e+00
0.97206	0.00000e+00
0.97243	0.00000e+00
0.97272	0.00000e+00
0.97296	0.00000e+00
0.97316	0.00000e+00
0.97332	0.00000e+00
0.97346	0.00000e+00
0.97358	0.00000e+00
0.97369	0.00000e+00
0.97378	0.00000e+00
0.97386	0.00000e+00
0.97393	0.00000e+00
0.97400	0.00000e+00
0.97405	0.00000e+00
0.97411	0.00000e+00
0.97415	0.00000e+00
0.97420	0.00000e+00
0.97424	0.00000e+00
0.97427	0.00000e+00
0.97431	0.00000e+00
0.97434	0.00000e+00
0.97437	0.00000e+00
0.97440	0.00000e+00
0.97442	0.00000e+00
0.97444	0.00000e+00
