0.99289	8.53780e-04
0.99269	8.77960e-04
0.99249	9.17705e-04
0.99231	9.68885e-04
0.99214	1.02824e-03
0.99198	1.09345e-03
0.99182	1.16295e-03
0.99167	1.23579e-03
0.99153	1.31139e-03
0.99139	1.38945e-03
0.99125	1.46987e-03
0.99110	1.51785e-03
0.99095	1.57306e-03
0.99080	1.63518e-03
0.99065	1.70376e-03
0.99050	1.77837e-03
0.99036	1.85859e-03
0.99021	1.94406e-03
0.99006	2.03443e-03
0.98992	2.12940e-03
0.98977	2.22872e-03
0.98962	2.33212e-03
0.98946	2.43938e-03
0.98931	2.55027e-03
0.98913	2.64279e-03
0.98895	2.74135e-03
0.98877	2.84528e-03
0.98859	2.95397e-03
0.98841	3.06684e-03
0.98823	3.18340e-03
0.98805	3.30322e-03
0.98786	3.42591e-03
0.98765	3.51202e-03
0.98742	3.58677e-03
0.98720	3.66893e-03
0.98698	3.75769e-03
0.98675	3.85221e-03
0.98654	3.95166e-03
0.98632	4.05527e-03
0.98610	4.16234e-03
0.98588	4.27223e-03
0.98567	4.38436e-03
0.98545	4.49821e-03
0.98524	4.61330e-03
0.98503	4.72917e-03
0.98482	4.84543e-03
0.98460	4.96169e-03
0.98439	5.07760e-03
0.98418	5.19285e-03
0.98398	5.30711e-03
0.98375	5.39455e-03
0.98352	5.48219e-03
0.98330	5.56992e-03
0.98308	5.65745e-03
0.98287	5.74444e-03
0.98265	5.83053e-03
0.98244	5.91536e-03
0.98224	5.99859e-03
0.98203	6.07989e-03
0.98183	6.15898e-03
0.98163	6.23557e-03
0.98144	6.30941e-03
0.98125	6.38028e-03
0.98106	6.44795e-03
0.98088	6.51225e-03
0.98069	6.57300e-03
0.98052	6.63005e-03
0.98034	6.68327e-03
0.98017	6.73253e-03
0.98001	6.77775e-03
0.97984	6.81883e-03
0.97969	6.85571e-03
0.97953	6.88834e-03
0.97938	6.91667e-03
0.97923	6.94069e-03
0.97909	6.96038e-03
0.97895	6.97575e-03
0.97882	6.98683e-03
0.97869	6.99364e-03
0.97857	6.99624e-03
0.97845	6.99469e-03
0.97833	6.98907e-03
0.97816	7.05311e-03
0.97799	7.11313e-03
0.97779	7.22194e-03
0.97759	7.32269e-03
0.97740	7.41473e-03
0.97721	7.49790e-03
0.97704	7.57230e-03
0.97687	7.63815e-03
0.97671	7.69579e-03
0.97655	7.74556e-03
0.97641	7.78785e-03
0.97627	7.82302e-03
0.97613	7.85145e-03
0.97601	7.87349e-03
0.97588	7.88950e-03
0.97577	7.89982e-03
0.97565	7.90476e-03
0.97555	7.90463e-03
0.97565	7.72164e-03
0.97678	8.29627e-03
0.97669	8.50675e-03
0.97654	8.65896e-03
0.97638	8.78457e-03
0.97621	8.89372e-03
0.97746	8.47469e-03
0.97738	8.64830e-03
0.97724	8.80012e-03
0.97709	8.94128e-03
0.97693	9.07551e-03
0.97676	9.20491e-03
0.97658	9.33093e-03
0.97641	9.45465e-03
0.97623	9.57694e-03
0.97605	9.69850e-03
0.97587	9.81992e-03
0.97568	9.94169e-03
0.97550	1.00642e-02
0.97532	1.01877e-02
0.97511	1.02839e-02
0.97486	1.04360e-02
0.97471	1.07494e-02
0.97448	1.09992e-02
0.97420	1.12009e-02
0.97391	1.13939e-02
0.97361	1.15809e-02
0.97332	1.17632e-02
0.97302	1.19418e-02
0.97272	1.21173e-02
0.97242	1.22902e-02
0.97213	1.24609e-02
0.97181	1.26195e-02
0.97150	1.27773e-02
0.97120	1.29343e-02
0.97090	1.30906e-02
0.97060	1.32463e-02
0.97030	1.34014e-02
0.97007	1.36225e-02
0.96981	1.38161e-02
0.96955	1.39964e-02
0.96929	1.41675e-02
0.96902	1.43312e-02
0.96876	1.44890e-02
0.96850	1.46419e-02
0.96820	1.48019e-02
0.96791	1.49571e-02
0.96762	1.51076e-02
0.96733	1.52536e-02
0.96705	1.53951e-02
0.96706	1.58423e-02
0.96683	1.60305e-02
0.96659	1.61837e-02
0.96634	1.63234e-02
0.96610	1.64531e-02
0.96586	1.65737e-02
0.96562	1.66857e-02
0.96538	1.67895e-02
0.96515	1.68854e-02
0.96493	1.69735e-02
0.96471	1.70538e-02
0.96449	1.71265e-02
0.96428	1.71915e-02
0.96408	1.72490e-02
0.96388	1.72988e-02
0.96369	1.73411e-02
0.96351	1.73757e-02
0.96333	1.74027e-02
0.96456	1.69714e-02
0.96447	1.69723e-02
0.96432	1.69636e-02
0.96415	1.69455e-02
0.96393	1.69684e-02
0.96371	1.69806e-02
0.96349	1.69819e-02
0.96327	1.69720e-02
0.96306	1.69509e-02
0.96285	1.69186e-02
0.96264	1.68752e-02
0.96244	1.68208e-02
0.96220	1.67891e-02
0.96197	1.67462e-02
0.96174	1.66923e-02
0.96152	1.66277e-02
0.96131	1.65525e-02
0.96110	1.64672e-02
0.96090	1.63722e-02
0.96071	1.62679e-02
0.96053	1.61547e-02
0.96035	1.60331e-02
0.96019	1.59037e-02
0.96003	1.57672e-02
0.95988	1.56243e-02
0.95975	1.54758e-02
0.95963	1.53226e-02
0.95952	1.51660e-02
0.95942	1.50073e-02
0.96042	1.26446e-02
0.96063	1.20008e-02
0.96079	1.14749e-02
0.96096	1.10110e-02
0.96112	1.06021e-02
0.96129	1.02480e-02
0.96145	9.94916e-03
0.96160	9.70427e-03
0.96174	9.50973e-03
0.96187	9.35972e-03
0.96194	9.31619e-03
0.96200	9.30658e-03
0.96203	9.32138e-03
0.96205	9.35242e-03
0.96204	9.39323e-03
0.96202	9.43903e-03
0.96198	9.48664e-03
0.96193	9.53418e-03
0.96187	9.58078e-03
0.96179	9.62628e-03
0.96171	9.67097e-03
0.96162	9.71543e-03
0.96153	9.76034e-03
0.96154	9.88625e-03
0.96149	9.97034e-03
0.96141	1.00453e-02
0.96132	1.01175e-02
0.96119	1.01908e-02
0.96106	1.02668e-02
0.96092	1.03462e-02
0.96078	1.04290e-02
0.96064	1.05152e-02
0.96049	1.06049e-02
0.96035	1.06977e-02
0.96021	1.07935e-02
0.96092	1.11505e-02
0.96091	1.13399e-02
0.96085	1.15051e-02
0.96195	1.30650e-02
0.96245	1.41611e-02
0.96245	1.44527e-02
0.96241	1.46549e-02
0.96234	1.48319e-02
0.96228	1.49974e-02
0.96221	1.51569e-02
0.96214	1.53132e-02
0.96207	1.54682e-02
0.96200	1.56233e-02
0.96182	1.58791e-02
0.96165	1.61442e-02
0.96147	1.64182e-02
0.96127	1.66621e-02
0.96107	1.69147e-02
0.96083	1.71695e-02
0.96059	1.74321e-02
0.96035	1.77013e-02
0.96011	1.79763e-02
0.95986	1.82559e-02
0.95961	1.85393e-02
0.95936	1.88257e-02
0.95910	1.91144e-02
0.95885	1.94048e-02
0.95859	1.96965e-02
0.95832	1.99892e-02
0.95801	2.02788e-02
0.95769	2.05684e-02
0.95737	2.08581e-02
0.95704	2.11478e-02
0.95708	2.10586e-02
0.95683	2.12912e-02
0.95655	2.15583e-02
0.95623	2.18320e-02
0.95592	2.21130e-02
0.95559	2.23983e-02
0.95527	2.26860e-02
0.95495	2.29751e-02
0.95462	2.32645e-02
0.95430	2.35534e-02
0.95398	2.38415e-02
0.95365	2.41280e-02
0.95334	2.44128e-02
0.95302	2.46953e-02
0.95271	2.49753e-02
0.95240	2.52525e-02
0.95210	2.55266e-02
0.95180	2.57973e-02
0.95150	2.60645e-02
0.95121	2.63279e-02
0.95090	2.65665e-02
0.95061	2.68022e-02
0.95032	2.70346e-02
0.95003	2.72635e-02
0.94975	2.74884e-02
0.94948	2.77089e-02
0.94921	2.79247e-02
0.94895	2.81355e-02
0.94869	2.83409e-02
0.94844	2.85406e-02
0.94820	2.87344e-02
0.94796	2.89219e-02
0.94773	2.91029e-02
0.94750	2.92771e-02
0.94729	2.94444e-02
0.94707	2.96044e-02
0.94686	2.97571e-02
0.94666	2.99021e-02
0.94647	3.00394e-02
0.94638	3.02737e-02
0.94627	3.04777e-02
0.94616	3.06598e-02
0.94604	3.08228e-02
0.94592	3.09685e-02
0.94579	3.10979e-02
0.94567	3.12122e-02
0.94555	3.13121e-02
0.94543	3.13983e-02
0.94531	3.14712e-02
0.94519	3.15315e-02
0.94508	3.15796e-02
0.94497	3.16157e-02
0.94486	3.16404e-02
0.94475	3.16539e-02
0.94465	3.16566e-02
0.94455	3.16488e-02
0.94445	3.16309e-02
0.94455	3.15583e-02
0.94464	3.14915e-02
0.94465	3.14905e-02
0.94465	3.14972e-02
0.94464	3.15107e-02
0.94463	3.15307e-02
0.94461	3.15565e-02
0.94458	3.15874e-02
0.94455	3.16225e-02
0.94450	3.16602e-02
0.94444	3.16993e-02
0.94436	3.17383e-02
0.94427	3.17761e-02
0.94417	3.18120e-02
0.94405	3.18456e-02
0.94392	3.18768e-02
0.94377	3.19059e-02
0.94362	3.19336e-02
0.94344	3.19500e-02
0.94325	3.19669e-02
0.94306	3.19849e-02
0.94286	3.20051e-02
0.94264	3.20196e-02
0.94325	3.04528e-02
0.94398	2.88949e-02
0.94406	2.84958e-02
0.94405	2.82526e-02
0.94397	2.80683e-02
0.94386	2.79541e-02
0.94369	2.78801e-02
0.94351	2.78529e-02
0.94330	2.78652e-02
0.94309	2.79115e-02
0.94287	2.79878e-02
0.94264	2.80909e-02
0.94240	2.82188e-02
0.94216	2.83699e-02
0.94192	2.85432e-02
0.94167	2.87376e-02
0.94140	2.89619e-02
0.94111	2.92051e-02
0.94082	2.94651e-02
0.94053	2.97394e-02
0.94022	3.00255e-02
0.93990	3.03203e-02
0.93956	3.06212e-02
0.93922	3.09255e-02
0.93886	3.12309e-02
0.93849	3.15357e-02
0.93811	3.18384e-02
0.93771	3.21379e-02
0.93731	3.24335e-02
0.93690	3.27248e-02
0.93649	3.30116e-02
0.93603	3.32732e-02
0.93557	3.35281e-02
0.93510	3.37765e-02
0.93462	3.40187e-02
0.93414	3.42546e-02
0.93366	3.44847e-02
0.93319	3.47088e-02
0.93271	3.49272e-02
0.93223	3.51400e-02
0.93178	3.53831e-02
0.93132	3.55990e-02
0.93078	3.57557e-02
0.93023	3.58996e-02
0.92969	3.60330e-02
0.92915	3.61572e-02
0.92860	3.62729e-02
0.92807	3.63810e-02
0.92754	3.64817e-02
0.92701	3.65756e-02
0.92649	3.66628e-02
0.92598	3.67436e-02
0.92545	3.68079e-02
0.92494	3.68661e-02
0.92444	3.69184e-02
0.92394	3.69648e-02
0.92346	3.70055e-02
0.92299	3.70406e-02
0.92254	3.70700e-02
0.92209	3.70938e-02
0.92166	3.71121e-02
0.92124	3.71249e-02
0.92084	3.71322e-02
0.92045	3.71341e-02
0.92007	3.71305e-02
0.91971	3.71216e-02
0.91937	3.71073e-02
0.91904	3.70877e-02
0.91872	3.70627e-02
0.91842	3.70325e-02
0.91814	3.69971e-02
0.91788	3.69564e-02
0.91763	3.69105e-02
0.91739	3.68594e-02
0.91718	3.68032e-02
0.91698	3.67418e-02
0.91680	3.66753e-02
0.91663	3.66038e-02
0.91648	3.65271e-02
0.91691	3.62009e-02
0.91722	3.60063e-02
0.91751	3.58768e-02
0.91778	3.57976e-02
0.91804	3.57589e-02
0.91829	3.57525e-02
0.91853	3.57711e-02
0.91876	3.58083e-02
0.91898	3.58583e-02
0.91920	3.59161e-02
0.91940	3.59773e-02
0.91959	3.60378e-02
0.91978	3.60945e-02
0.91996	3.61444e-02
0.92013	3.61856e-02
0.92029	3.62164e-02
0.92045	3.62358e-02
0.92061	3.62433e-02
0.92076	3.62388e-02
0.92091	3.62226e-02
0.92105	3.61952e-02
0.92115	3.61565e-02
0.92179	3.61691e-02
0.92226	3.62010e-02
0.92269	3.62522e-02
0.92309	3.63229e-02
0.92347	3.64072e-02
0.92383	3.64957e-02
0.92417	3.65934e-02
0.92450	3.66986e-02
0.92482	3.68091e-02
0.92513	3.69224e-02
0.92542	3.70351e-02
0.92569	3.71439e-02
0.92595	3.72452e-02
0.92619	3.73358e-02
0.92642	3.74131e-02
0.92683	3.73076e-02
0.92720	3.72260e-02
0.92753	3.71517e-02
0.92783	3.70823e-02
0.92809	3.70173e-02
0.92833	3.69563e-02
0.92854	3.68988e-02
0.92872	3.68445e-02
0.92888	3.67930e-02
0.92901	3.67440e-02
0.92913	3.66972e-02
0.92922	3.66525e-02
0.92930	3.66096e-02
0.92937	3.65685e-02
0.92942	3.65291e-02
0.92972	3.66264e-02
0.92979	3.66262e-02
0.92980	3.65911e-02
0.92980	3.65506e-02
0.92977	3.65077e-02
0.92974	3.64634e-02
0.92970	3.64185e-02
0.92965	3.63736e-02
0.92960	3.63291e-02
0.92952	3.62752e-02
0.92944	3.62219e-02
0.92935	3.61694e-02
0.92926	3.61183e-02
0.92917	3.60688e-02
0.92908	3.60212e-02
0.92898	3.59760e-02
0.92888	3.59335e-02
0.92878	3.58939e-02
0.92868	3.58575e-02
0.92857	3.58246e-02
0.92846	3.57952e-02
0.92835	3.57695e-02
0.92823	3.57474e-02
0.92811	3.57288e-02
0.92798	3.57134e-02
0.92785	3.57010e-02
0.92770	3.56913e-02
0.92755	3.56838e-02
0.92740	3.56784e-02
0.92723	3.56745e-02
0.92706	3.56721e-02
0.92688	3.56707e-02
0.92670	3.56704e-02
0.92671	3.52058e-02
0.92788	3.23114e-02
0.92822	3.12335e-02
0.92845	3.04131e-02
0.92865	2.97029e-02
0.92881	2.90753e-02
0.92895	2.85175e-02
0.92907	2.80221e-02
0.92918	2.75840e-02
0.92927	2.72004e-02
0.92936	2.68689e-02
0.92967	2.61308e-02
0.92994	2.55008e-02
0.93018	2.49589e-02
0.93039	2.44983e-02
0.93058	2.41134e-02
0.93073	2.37988e-02
0.93087	2.35487e-02
0.93098	2.33574e-02
0.93107	2.32187e-02
0.93114	2.31262e-02
0.93120	2.30736e-02
0.93125	2.30572e-02
0.93129	2.30688e-02
0.93133	2.31037e-02
0.93137	2.31576e-02
0.93142	2.32275e-02
0.93147	2.33110e-02
0.93153	2.34070e-02
0.93160	2.35147e-02
0.93168	2.36344e-02
0.93174	2.37484e-02
0.93182	2.38755e-02
0.93190	2.40165e-02
0.93198	2.41713e-02
0.93207	2.43393e-02
0.93216	2.45190e-02
0.93221	2.46668e-02
0.93225	2.48224e-02
0.93228	2.49830e-02
0.93229	2.51689e-02
0.93228	2.53549e-02
0.93226	2.55375e-02
0.93224	2.57137e-02
0.93220	2.58810e-02
0.93215	2.60373e-02
0.93210	2.61810e-02
0.93204	2.63109e-02
0.93195	2.64244e-02
0.93186	2.65226e-02
0.93177	2.66050e-02
0.93167	2.66715e-02
0.93157	2.67220e-02
0.93148	2.67567e-02
0.93138	2.67757e-02
0.93129	2.67792e-02
0.93120	2.67676e-02
0.93111	2.67412e-02
0.93103	2.67005e-02
0.93094	2.66458e-02
0.93086	2.65769e-02
0.93101	2.64917e-02
0.93111	2.64072e-02
0.93119	2.63186e-02
0.93127	2.62244e-02
0.93133	2.61238e-02
0.93139	2.60166e-02
0.93140	2.59200e-02
0.93140	2.58221e-02
0.93156	2.56118e-02
0.93166	2.54633e-02
0.93173	2.53347e-02
0.93178	2.52230e-02
0.93182	2.51272e-02
0.93184	2.50465e-02
0.93199	2.49644e-02
0.93208	2.49034e-02
0.93215	2.48581e-02
0.93218	2.48264e-02
0.93220	2.48066e-02
0.93215	2.48995e-02
0.93207	2.50096e-02
0.93198	2.51343e-02
0.93188	2.52720e-02
0.93176	2.54216e-02
0.93164	2.55820e-02
0.93150	2.57526e-02
0.93136	2.59326e-02
0.93121	2.61212e-02
0.93103	2.62914e-02
0.93085	2.64687e-02
0.93066	2.66527e-02
0.93046	2.68428e-02
0.93026	2.70384e-02
0.93004	2.72388e-02
0.92983	2.74433e-02
0.92960	2.76512e-02
0.92937	2.78620e-02
0.92913	2.80751e-02
0.92888	2.82899e-02
0.92863	2.85060e-02
0.92837	2.87231e-02
0.92811	2.89407e-02
0.92784	2.91586e-02
0.92757	2.93764e-02
0.92730	2.95939e-02
0.92703	2.98107e-02
0.92675	3.00268e-02
0.92647	3.02418e-02
0.92627	3.05404e-02
0.92606	3.08145e-02
0.92582	3.10720e-02
0.92558	3.13164e-02
0.92533	3.15499e-02
0.92507	3.17739e-02
0.92481	3.19897e-02
0.92455	3.21980e-02
0.92427	3.23939e-02
0.92399	3.25830e-02
0.92370	3.27658e-02
0.92342	3.29425e-02
0.92315	3.31135e-02
0.92287	3.32787e-02
0.92260	3.34385e-02
0.92233	3.35929e-02
0.92207	3.37419e-02
0.92181	3.38857e-02
0.92156	3.40244e-02
0.92132	3.41579e-02
0.92108	3.42865e-02
0.92084	3.44101e-02
0.92056	3.45222e-02
0.92028	3.46291e-02
0.92001	3.47310e-02
0.91974	3.48280e-02
0.91948	3.49203e-02
0.91923	3.50080e-02
0.91898	3.50912e-02
0.91875	3.51701e-02
0.91851	3.52448e-02
0.91827	3.52969e-02
0.91804	3.53448e-02
0.91781	3.53889e-02
0.91759	3.54296e-02
0.91738	3.54672e-02
0.91718	3.55021e-02
0.91698	3.55344e-02
0.91679	3.55645e-02
0.91661	3.55925e-02
0.91644	3.56187e-02
0.91628	3.56433e-02
0.91612	3.56666e-02
0.91597	3.56887e-02
0.91583	3.57099e-02
0.91570	3.57302e-02
0.91558	3.57499e-02
0.91546	3.57691e-02
0.91535	3.57879e-02
0.91525	3.58063e-02
0.91515	3.58244e-02
0.91507	3.58424e-02
0.91499	3.58601e-02
0.91491	3.58776e-02
0.91485	3.58949e-02
0.91479	3.59118e-02
0.91474	3.59284e-02
0.91469	3.59445e-02
0.91463	3.59406e-02
0.91457	3.59334e-02
0.91501	3.49615e-02
0.91531	3.42670e-02
0.91559	3.36200e-02
0.91586	3.30022e-02
0.91611	3.24084e-02
0.91633	3.18558e-02
0.91652	3.13251e-02
0.91671	3.08139e-02
0.91689	3.03207e-02
0.91706	2.98441e-02
0.91722	2.93830e-02
0.91792	2.79128e-02
0.91849	2.67137e-02
0.91910	2.57638e-02
0.91963	2.49269e-02
0.92011	2.41958e-02
0.92054	2.35590e-02
0.92091	2.30113e-02
0.92125	2.25409e-02
0.92156	2.21412e-02
0.92182	2.18150e-02
0.92204	2.15555e-02
0.92223	2.13566e-02
0.92240	2.12137e-02
0.92255	2.11216e-02
0.92266	2.10740e-02
0.92274	2.10638e-02
0.92278	2.10835e-02
0.92279	2.11257e-02
0.92275	2.11833e-02
0.92268	2.12501e-02
0.92257	2.13211e-02
0.92243	2.13922e-02
0.92225	2.14604e-02
0.92203	2.15238e-02
0.92179	2.15813e-02
0.92152	2.16325e-02
0.92123	2.16776e-02
0.92091	2.17170e-02
0.92058	2.17516e-02
0.92023	2.17824e-02
0.91987	2.18106e-02
0.91949	2.18373e-02
0.91910	2.18636e-02
0.91871	2.18907e-02
0.91830	2.19197e-02
0.91789	2.19516e-02
0.91747	2.19872e-02
0.91705	2.20275e-02
0.91661	2.20296e-02
0.91616	2.20340e-02
0.91571	2.20415e-02
0.91525	2.20528e-02
0.91480	2.20682e-02
0.91434	2.20883e-02
0.91388	2.21134e-02
0.91342	2.21438e-02
0.91296	2.21794e-02
0.91250	2.22206e-02
0.91204	2.22671e-02
0.91159	2.23191e-02
0.91113	2.23763e-02
0.91068	2.24386e-02
0.91023	2.25058e-02
0.90976	2.26117e-02
0.90929	2.27220e-02
0.90882	2.28359e-02
0.90835	2.29526e-02
0.90789	2.30717e-02
0.90744	2.31926e-02
0.90699	2.33146e-02
0.90654	2.34553e-02
0.90609	2.35980e-02
0.90564	2.37423e-02
0.90520	2.38877e-02
0.90477	2.40338e-02
0.90435	2.41801e-02
0.90394	2.43264e-02
0.90353	2.44723e-02
0.90313	2.46173e-02
0.90274	2.47613e-02
0.90237	2.49039e-02
0.90200	2.50448e-02
0.90164	2.51837e-02
0.90129	2.53204e-02
0.90095	2.54547e-02
0.90062	2.55864e-02
0.90031	2.57151e-02
0.90010	2.57760e-02
0.89988	2.58533e-02
0.89966	2.59388e-02
0.89944	2.60291e-02
0.89923	2.61223e-02
0.89903	2.62167e-02
0.89883	2.63111e-02
0.89863	2.64047e-02
0.89845	2.64967e-02
0.89828	2.65867e-02
0.89804	2.65981e-02
0.89810	2.68666e-02
0.89810	2.71006e-02
0.89809	2.73218e-02
0.89807	2.75309e-02
0.89804	2.77249e-02
0.89800	2.79005e-02
0.89796	2.80548e-02
0.89790	2.81854e-02
0.89783	2.82912e-02
0.89776	2.83720e-02
0.89768	2.84284e-02
0.89760	2.84618e-02
0.89751	2.84810e-02
0.89741	2.84807e-02
0.89732	2.84633e-02
0.89723	2.84307e-02
0.89715	2.83852e-02
0.89707	2.83285e-02
0.89698	2.82831e-02
0.89689	2.82300e-02
0.89681	2.81701e-02
0.89701	2.79857e-02
0.89717	2.78249e-02
0.89732	2.76839e-02
0.89748	2.75588e-02
0.89763	2.74474e-02
0.89778	2.73486e-02
0.89794	2.72616e-02
0.89810	2.71859e-02
0.89826	2.71210e-02
0.89843	2.70663e-02
0.89860	2.70211e-02
0.89877	2.69844e-02
0.89894	2.69553e-02
0.89912	2.69329e-02
0.89929	2.69163e-02
0.89947	2.69050e-02
0.89960	2.68469e-02
0.89973	2.67906e-02
0.89986	2.67365e-02
0.89999	2.66845e-02
0.90012	2.66344e-02
0.90024	2.65855e-02
0.90036	2.65372e-02
0.90048	2.64884e-02
0.90059	2.64380e-02
0.90070	2.63850e-02
0.90080	2.63284e-02
0.90089	2.62676e-02
0.90094	2.61748e-02
0.90098	2.60763e-02
0.90114	2.57267e-02
0.90127	2.54100e-02
0.90138	2.51099e-02
0.90148	2.48182e-02
0.90157	2.45291e-02
0.90166	2.42384e-02
0.90175	2.39433e-02
0.90184	2.36426e-02
0.90194	2.33363e-02
0.90204	2.30263e-02
0.90214	2.27157e-02
0.90225	2.24094e-02
0.90236	2.21132e-02
0.90247	2.18335e-02
0.90258	2.15769e-02
0.90269	2.13494e-02
0.90279	2.11558e-02
0.90288	2.09996e-02
0.90296	2.08829e-02
0.90303	2.08064e-02
0.90309	2.07694e-02
0.90314	2.07706e-02
0.90317	2.08079e-02
0.90318	2.08747e-02
0.90317	2.09725e-02
0.90316	2.10983e-02
0.90313	2.12495e-02
0.90310	2.14231e-02
0.90305	2.16164e-02
0.90299	2.18270e-02
0.90292	2.20524e-02
0.90284	2.22905e-02
0.90275	2.25395e-02
0.90266	2.27975e-02
0.90255	2.30632e-02
0.90244	2.33352e-02
0.90231	2.36123e-02
0.90219	2.38936e-02
0.90205	2.41783e-02
0.90191	2.44655e-02
0.90177	2.47548e-02
0.90162	2.50454e-02
0.90147	2.53368e-02
0.90132	2.56286e-02
0.90116	2.59204e-02
0.90101	2.62116e-02
0.90085	2.65020e-02
0.90069	2.67910e-02
0.90048	2.71381e-02
0.90031	2.75067e-02
0.90012	2.78662e-02
0.89993	2.82218e-02
0.89975	2.85744e-02
0.89957	2.89246e-02
0.89940	2.92726e-02
0.89924	2.96184e-02
0.89909	2.99621e-02
0.89895	3.03032e-02
0.89882	3.06410e-02
0.89871	3.09746e-02
0.89859	3.13026e-02
0.89848	3.16068e-02
0.89837	3.19017e-02
0.89826	3.21855e-02
0.89815	3.24566e-02
0.89804	3.27135e-02
0.89792	3.29554e-02
0.89778	3.31905e-02
0.89765	3.34100e-02
0.89743	3.36694e-02
0.89717	3.38735e-02
0.89688	3.40812e-02
0.89659	3.42765e-02
0.89629	3.44601e-02
0.89599	3.46331e-02
0.89570	3.47961e-02
0.89541	3.49500e-02
0.89512	3.50956e-02
0.89484	3.52338e-02
0.89456	3.53651e-02
0.89429	3.54904e-02
0.89400	3.56029e-02
0.89372	3.57100e-02
0.89344	3.58122e-02
0.89317	3.59102e-02
0.89291	3.60044e-02
0.89265	3.60954e-02
0.89271	3.60531e-02
0.89275	3.60472e-02
0.89278	3.60707e-02
0.89278	3.61181e-02
0.89277	3.61852e-02
0.89275	3.62685e-02
0.89272	3.63653e-02
0.89268	3.64738e-02
0.89264	3.65923e-02
0.89259	3.67199e-02
0.89254	3.68557e-02
0.89245	3.70067e-02
0.89237	3.71646e-02
0.89227	3.73287e-02
0.89218	3.74983e-02
0.89208	3.76730e-02
0.89197	3.78518e-02
0.89186	3.80341e-02
0.89175	3.82190e-02
0.89162	3.84056e-02
0.89149	3.85930e-02
0.89135	3.87805e-02
0.89141	3.87668e-02
0.89143	3.87905e-02
0.89142	3.88337e-02
0.89141	3.88920e-02
0.89137	3.89638e-02
0.89133	3.90485e-02
0.89126	3.91461e-02
0.89118	3.92565e-02
0.89108	3.93793e-02
0.89097	3.95139e-02
0.89083	3.96593e-02
0.89068	3.98142e-02
0.89052	3.99772e-02
0.89033	4.01469e-02
0.89013	4.03240e-02
0.88992	4.05053e-02
0.88969	4.06899e-02
0.88946	4.08764e-02
0.88921	4.10641e-02
0.88897	4.12522e-02
0.88871	4.14399e-02
0.88846	4.16268e-02
0.88836	4.19368e-02
0.88822	4.22216e-02
0.88807	4.24962e-02
0.88791	4.27622e-02
0.88774	4.30200e-02
0.88756	4.32701e-02
0.88737	4.35128e-02
0.88718	4.37483e-02
0.88697	4.39767e-02
0.88676	4.41984e-02
0.88655	4.44134e-02
0.88632	4.46217e-02
0.88608	4.48057e-02
0.88583	4.49815e-02
0.88557	4.51493e-02
0.88530	4.53088e-02
0.88503	4.54597e-02
0.88475	4.56019e-02
0.88443	4.57110e-02
0.88411	4.58099e-02
0.88378	4.58987e-02
0.88344	4.59770e-02
0.88310	4.60447e-02
0.88275	4.61017e-02
0.88240	4.61479e-02
0.88204	4.61832e-02
0.88167	4.62013e-02
0.88130	4.62070e-02
0.88092	4.62004e-02
0.88054	4.61814e-02
0.88043	4.60522e-02
0.88021	4.59518e-02
0.87996	4.58453e-02
0.87970	4.57298e-02
0.87943	4.56049e-02
0.87916	4.54702e-02
0.87887	4.53260e-02
0.87859	4.51721e-02
0.87820	4.52257e-02
0.87780	4.52839e-02
0.87735	4.53804e-02
0.87689	4.54774e-02
0.87642	4.55735e-02
0.87595	4.56678e-02
0.87547	4.57595e-02
0.87498	4.58484e-02
0.87450	4.59340e-02
0.87401	4.60164e-02
0.87351	4.60955e-02
0.87302	4.61713e-02
0.87251	4.62362e-02
0.87200	4.62983e-02
0.87187	4.63267e-02
0.87163	4.63876e-02
0.87136	4.64644e-02
0.87105	4.65524e-02
0.87074	4.66492e-02
0.87040	4.67532e-02
0.87005	4.68713e-02
0.86968	4.69955e-02
0.86931	4.71253e-02
0.86894	4.72604e-02
0.86855	4.74009e-02
0.86817	4.75468e-02
0.86778	4.76985e-02
0.86740	4.78561e-02
0.86701	4.80201e-02
0.86661	4.81997e-02
0.86620	4.83861e-02
0.86580	4.85797e-02
0.86540	4.87808e-02
0.86500	4.89895e-02
0.86461	4.92064e-02
0.86422	4.94315e-02
0.86383	4.96653e-02
0.86344	4.99080e-02
0.86306	5.01599e-02
0.86269	5.04212e-02
0.86263	5.07618e-02
0.86242	5.10769e-02
0.86218	5.13958e-02
0.86194	5.17220e-02
0.86170	5.20562e-02
0.86146	5.23986e-02
0.86122	5.27494e-02
0.86097	5.31089e-02
0.86073	5.34773e-02
0.86048	5.38546e-02
0.86024	5.42409e-02
0.86000	5.46365e-02
0.85976	5.50414e-02
0.85952	5.54557e-02
0.85927	5.58795e-02
0.85904	5.63129e-02
0.85880	5.67559e-02
0.85857	5.72085e-02
0.85833	5.76707e-02
0.85811	5.81425e-02
0.85788	5.86237e-02
0.85766	5.91141e-02
0.85745	5.96136e-02
0.85722	6.01173e-02
0.85701	6.06292e-02
0.85680	6.11492e-02
0.85659	6.16767e-02
0.85640	6.22115e-02
0.85621	6.27532e-02
0.85603	6.33013e-02
0.85586	6.38554e-02
0.85571	6.44152e-02
0.85556	6.49800e-02
0.85543	6.55496e-02
0.85527	6.61043e-02
0.85511	6.66605e-02
0.85497	6.72179e-02
0.85483	6.77762e-02
0.85469	6.83348e-02
0.85456	6.88929e-02
0.85444	6.94496e-02
0.85431	7.00040e-02
0.85418	7.05547e-02
0.85420	7.12337e-02
0.85418	7.18840e-02
0.85415	7.25138e-02
0.85409	7.31262e-02
0.85402	7.37234e-02
0.85393	7.43060e-02
0.85383	7.48761e-02
0.85372	7.54349e-02
0.85361	7.59835e-02
0.85348	7.65112e-02
0.85334	7.70292e-02
0.85320	7.75376e-02
0.85305	7.80361e-02
0.85291	7.85239e-02
0.85276	7.89998e-02
0.85261	7.94626e-02
0.85246	7.99107e-02
0.85222	8.05333e-02
0.85197	8.11567e-02
0.85170	8.17774e-02
0.85142	8.23924e-02
0.85114	8.29999e-02
0.85084	8.35983e-02
0.85053	8.41867e-02
0.85021	8.47644e-02
0.84988	8.53309e-02
0.84955	8.58861e-02
0.84921	8.64298e-02
0.84886	8.69620e-02
0.84851	8.74828e-02
0.84816	8.79921e-02
0.84780	8.84900e-02
0.84744	8.89766e-02
0.84708	8.94518e-02
0.84671	8.99157e-02
0.84635	9.03682e-02
0.84599	9.08093e-02
0.84559	9.12957e-02
0.84519	9.17734e-02
0.84479	9.22418e-02
0.84439	9.27003e-02
0.84399	9.31484e-02
0.84360	9.35857e-02
0.84320	9.40118e-02
0.84281	9.44263e-02
0.84243	9.48288e-02
0.84202	9.52175e-02
0.84163	9.55937e-02
0.84123	9.59572e-02
0.84084	9.63076e-02
0.84045	9.66447e-02
0.84007	9.69681e-02
0.83969	9.72776e-02
0.83932	9.75729e-02
0.83895	9.78538e-02
0.83858	9.81199e-02
0.83823	9.83710e-02
0.83801	9.86652e-02
0.83778	9.89305e-02
0.83752	9.91689e-02
0.83725	9.93816e-02
0.83697	9.95696e-02
0.83668	9.97335e-02
0.83639	9.98743e-02
0.83610	9.99924e-02
0.83580	1.00088e-01
0.83551	1.00163e-01
0.83521	1.00216e-01
0.83492	1.00249e-01
0.83463	1.00261e-01
0.83435	1.00253e-01
0.83407	1.00225e-01
0.83380	1.00177e-01
0.83353	1.00110e-01
0.83327	1.00023e-01
0.83302	9.99172e-02
0.83277	9.97924e-02
0.83254	9.96487e-02
0.83231	9.94862e-02
0.83209	9.93049e-02
0.83188	9.91046e-02
0.83168	9.88854e-02
0.83149	9.86470e-02
0.83130	9.83849e-02
0.83133	9.82696e-02
0.83133	9.81030e-02
0.83132	9.79036e-02
0.83131	9.76718e-02
0.83129	9.74064e-02
0.83128	9.71061e-02
0.83128	9.67690e-02
0.83126	9.63894e-02
0.83125	9.59685e-02
0.83125	9.55056e-02
0.83125	9.50009e-02
0.83126	9.44568e-02
0.83128	9.38784e-02
0.83131	9.32739e-02
0.83134	9.26542e-02
0.83136	9.20312e-02
0.83139	9.14235e-02
0.83192	9.12575e-02
0.83258	9.12656e-02
0.83289	9.10154e-02
0.83305	9.06580e-02
0.83315	9.02856e-02
0.83323	8.99182e-02
0.83330	8.95603e-02
0.83334	8.92140e-02
0.83337	8.88792e-02
0.83339	8.85593e-02
0.83340	8.82557e-02
0.83341	8.79697e-02
0.83341	8.77022e-02
0.83340	8.74541e-02
0.83339	8.72259e-02
0.83338	8.70180e-02
0.83334	8.68741e-02
0.83329	8.67553e-02
0.83324	8.66611e-02
0.83317	8.65907e-02
0.83310	8.65437e-02
0.83302	8.65194e-02
0.83293	8.65174e-02
0.83283	8.65373e-02
0.83273	8.65786e-02
0.83262	8.66412e-02
0.83250	8.67247e-02
0.83237	8.68289e-02
0.83224	8.69538e-02
0.83210	8.70992e-02
0.83195	8.72631e-02
0.83179	8.74470e-02
0.83162	8.76509e-02
0.83146	8.78745e-02
0.83128	8.81179e-02
0.83111	8.83807e-02
0.83092	8.86778e-02
0.83072	8.89930e-02
0.83053	8.93258e-02
0.83033	8.96761e-02
0.83013	9.00435e-02
0.82993	9.04280e-02
0.82973	9.08290e-02
0.82953	9.12464e-02
0.82934	9.16798e-02
0.82953	9.20100e-02
0.82968	9.23862e-02
0.82981	9.28018e-02
0.82991	9.32518e-02
0.82999	9.37320e-02
0.83004	9.42269e-02
0.83008	9.47454e-02
0.83010	9.52850e-02
0.83011	9.58435e-02
0.83011	9.64190e-02
0.83011	9.70098e-02
0.83009	9.76081e-02
0.83007	9.82184e-02
0.83005	9.88395e-02
0.83003	9.94701e-02
0.83000	1.00109e-01
0.82998	1.00755e-01
0.83008	1.01522e-01
0.83013	1.02244e-01
0.83017	1.02952e-01
0.83020	1.03653e-01
0.83023	1.04348e-01
0.83026	1.05037e-01
0.83029	1.05721e-01
0.83033	1.06398e-01
0.83035	1.07062e-01
0.83038	1.07718e-01
0.83042	1.08368e-01
0.83045	1.09009e-01
0.83050	1.09642e-01
0.83055	1.10265e-01
0.83061	1.10879e-01
0.83067	1.11482e-01
0.83074	1.12074e-01
0.83082	1.12654e-01
0.83091	1.13221e-01
0.83100	1.13775e-01
0.83107	1.14303e-01
0.83114	1.14815e-01
0.83122	1.15309e-01
0.83130	1.15787e-01
0.83139	1.16246e-01
0.83148	1.16687e-01
0.83158	1.17109e-01
0.83169	1.17512e-01
0.83179	1.17891e-01
0.83189	1.18250e-01
0.83200	1.18588e-01
0.83212	1.18904e-01
0.83224	1.19199e-01
0.83236	1.19471e-01
0.83249	1.19721e-01
0.83263	1.19949e-01
0.83276	1.20153e-01
0.83290	1.20334e-01
0.83305	1.20492e-01
0.83319	1.20626e-01
0.83334	1.20737e-01
0.83349	1.20824e-01
0.83364	1.20887e-01
0.83379	1.20926e-01
0.83394	1.20941e-01
0.83409	1.20933e-01
0.83422	1.20888e-01
0.83435	1.20816e-01
0.83537	1.21100e-01
0.83589	1.21166e-01
0.83610	1.21065e-01
0.83624	1.20912e-01
0.83636	1.20727e-01
0.83646	1.20513e-01
0.83653	1.20293e-01
0.83659	1.20050e-01
0.83664	1.19785e-01
0.83668	1.19500e-01
0.83671	1.19194e-01
0.83672	1.18869e-01
0.83672	1.18526e-01
0.83671	1.18164e-01
0.83668	1.17786e-01
0.83664	1.17390e-01
0.83659	1.16979e-01
0.83652	1.16552e-01
0.83643	1.16109e-01
0.83633	1.15651e-01
0.83621	1.15180e-01
0.83606	1.14695e-01
0.83590	1.14199e-01
0.83572	1.13691e-01
0.83552	1.13173e-01
0.83530	1.12646e-01
0.83506	1.12114e-01
0.83480	1.11576e-01
0.83452	1.11033e-01
0.83422	1.10485e-01
0.83390	1.09935e-01
0.83356	1.09384e-01
0.83321	1.08831e-01
0.83283	1.08280e-01
0.83244	1.07731e-01
0.83204	1.07185e-01
0.83161	1.06644e-01
0.83117	1.06108e-01
0.83072	1.05580e-01
0.83025	1.05059e-01
0.82976	1.04547e-01
0.82926	1.04045e-01
0.82874	1.03555e-01
0.82822	1.03076e-01
0.82767	1.02611e-01
0.82712	1.02160e-01
0.82654	1.01717e-01
0.82594	1.01290e-01
0.82533	1.00880e-01
0.82471	1.00487e-01
0.82407	1.00112e-01
0.82343	9.97570e-02
0.82277	9.94218e-02
0.82211	9.91075e-02
0.82143	9.88149e-02
0.82075	9.85445e-02
0.82006	9.82971e-02
0.81936	9.80734e-02
0.81865	9.78738e-02
0.81794	9.76989e-02
0.81743	9.76462e-02
0.81689	9.76078e-02
0.81632	9.75854e-02
0.81573	9.75806e-02
0.81511	9.75946e-02
0.81448	9.76285e-02
0.81383	9.76835e-02
0.81317	9.77602e-02
0.81250	9.78595e-02
0.81183	9.79818e-02
0.81115	9.81276e-02
0.81046	9.82971e-02
0.80976	9.84786e-02
0.80904	9.86827e-02
0.80833	9.89093e-02
0.80762	9.91585e-02
0.80690	9.94300e-02
0.80619	9.97234e-02
0.80549	1.00038e-01
0.80478	1.00375e-01
0.80427	1.00794e-01
0.80376	1.01234e-01
0.80325	1.01696e-01
0.80275	1.02180e-01
0.80227	1.02687e-01
0.80180	1.03217e-01
0.80135	1.03770e-01
0.80092	1.04345e-01
0.80050	1.04941e-01
0.80011	1.05557e-01
0.79973	1.06190e-01
0.79936	1.06838e-01
0.79900	1.07498e-01
0.79866	1.08167e-01
0.79831	1.08840e-01
0.79797	1.09515e-01
0.79764	1.10188e-01
0.79730	1.10857e-01
0.79696	1.11516e-01
0.79662	1.12166e-01
0.79627	1.12798e-01
0.79593	1.13418e-01
0.79560	1.14025e-01
0.79527	1.14616e-01
0.79494	1.15192e-01
0.79463	1.15752e-01
0.79490	1.14907e-01
0.79510	1.14249e-01
0.79531	1.13616e-01
0.79552	1.12980e-01
0.79575	1.12335e-01
0.79600	1.11677e-01
0.79626	1.11004e-01
0.79655	1.10317e-01
0.79685	1.09613e-01
0.79718	1.08896e-01
0.79753	1.08166e-01
0.79789	1.07428e-01
0.79827	1.06685e-01
0.79884	1.05971e-01
0.79940	1.05259e-01
0.79997	1.04555e-01
0.80054	1.03863e-01
0.80109	1.03169e-01
0.80164	1.02493e-01
0.80220	1.01838e-01
0.80272	1.01266e-01
0.80324	1.00725e-01
0.80375	1.00212e-01
0.80426	9.97249e-02
0.80477	9.92604e-02
0.80527	9.88150e-02
0.80577	9.83851e-02
0.80626	9.79673e-02
0.80697	9.76455e-02
0.80758	9.72970e-02
0.80818	9.69468e-02
0.80878	9.65972e-02
0.80937	9.62463e-02
0.80996	9.58916e-02
0.81056	9.55308e-02
0.81116	9.51611e-02
0.81176	9.47800e-02
0.81237	9.43848e-02
0.81299	9.39726e-02
0.81362	9.35407e-02
0.81425	9.30843e-02
0.81490	9.26013e-02
0.81557	9.20875e-02
0.81626	9.15382e-02
0.81697	9.09483e-02
0.81771	9.03127e-02
0.81848	8.96272e-02
0.81927	8.88904e-02
0.82008	8.81051e-02
0.82090	8.72810e-02
0.82173	8.64353e-02
0.82255	8.55902e-02
0.82334	8.47677e-02
0.82409	8.39836e-02
0.82481	8.32447e-02
0.82548	8.25471e-02
0.82611	8.18861e-02
0.82672	8.12534e-02
0.82730	8.06415e-02
0.82786	8.00441e-02
0.82840	7.94567e-02
0.82893	7.88758e-02
0.82946	7.82992e-02
0.82997	7.77254e-02
0.83048	7.71537e-02
0.83099	7.65834e-02
0.83148	7.60154e-02
0.83197	7.54486e-02
0.83246	7.48834e-02
0.83294	7.43200e-02
0.83343	7.37591e-02
0.83391	7.32011e-02
0.83452	7.26524e-02
0.83511	7.21068e-02
0.83567	7.15567e-02
0.83621	7.10106e-02
0.83673	7.04693e-02
0.83724	6.99338e-02
0.83773	6.94050e-02
0.83822	6.88838e-02
0.83869	6.83714e-02
0.83915	6.78685e-02
0.83961	6.73761e-02
0.84005	6.68953e-02
0.84048	6.64268e-02
0.84090	6.59716e-02
0.84132	6.55305e-02
0.84172	6.51043e-02
0.84211	6.46939e-02
0.84249	6.43000e-02
0.84285	6.39233e-02
0.84321	6.35644e-02
0.84354	6.32236e-02
0.84385	6.29014e-02
0.84416	6.25978e-02
0.84445	6.23136e-02
0.84472	6.20492e-02
0.84499	6.18051e-02
0.84522	6.15703e-02
0.84544	6.13564e-02
0.84598	6.09145e-02
0.84645	6.05607e-02
0.84689	6.02655e-02
0.84729	6.00231e-02
0.84766	5.98298e-02
0.84795	5.96676e-02
0.84820	5.95481e-02
0.84841	5.94680e-02
0.84860	5.94245e-02
0.84874	5.94143e-02
0.84886	5.94346e-02
0.84894	5.94828e-02
0.84898	5.95552e-02
0.84900	5.96505e-02
0.84898	5.97666e-02
0.84894	5.99016e-02
0.84886	6.00536e-02
0.84876	6.02209e-02
0.84863	6.04021e-02
0.84847	6.05955e-02
0.84871	5.96804e-02
0.84888	5.88845e-02
0.84900	5.81866e-02
0.84905	5.75673e-02
0.84906	5.70158e-02
0.84903	5.65224e-02
0.84896	5.60798e-02
0.84886	5.56833e-02
0.84871	5.53325e-02
0.84853	5.50221e-02
0.84831	5.47492e-02
0.84807	5.45108e-02
0.84780	5.43035e-02
0.84750	5.41234e-02
0.84718	5.39666e-02
0.84684	5.38288e-02
0.84649	5.37060e-02
0.84612	5.35944e-02
0.84573	5.34907e-02
0.84534	5.33919e-02
0.84493	5.32954e-02
0.84452	5.31994e-02
0.84410	5.31022e-02
0.84368	5.30027e-02
0.84325	5.29001e-02
0.84282	5.27939e-02
0.84239	5.26839e-02
0.84196	5.25699e-02
0.84152	5.24519e-02
0.84109	5.23303e-02
0.84066	5.22050e-02
0.84023	5.20764e-02
0.83980	5.19447e-02
0.83937	5.18102e-02
0.83895	5.16731e-02
0.83853	5.15337e-02
0.83811	5.14144e-02
0.83768	5.12980e-02
0.83727	5.11842e-02
0.83686	5.10730e-02
0.83645	5.09647e-02
0.83605	5.08596e-02
0.83565	5.07580e-02
0.83527	5.06603e-02
0.83489	5.05668e-02
0.83452	5.04778e-02
0.83416	5.03972e-02
0.83380	5.03222e-02
0.83346	5.02531e-02
0.83312	5.01903e-02
0.83280	5.01340e-02
0.83249	5.00846e-02
0.83219	5.00425e-02
0.83190	5.00080e-02
0.83160	4.99598e-02
0.83131	4.99201e-02
0.83103	4.98897e-02
0.83076	4.98691e-02
0.83051	4.98587e-02
0.83027	4.98589e-02
0.83004	4.98698e-02
0.82983	4.98916e-02
0.82963	4.99244e-02
0.82945	4.99681e-02
0.82929	5.00227e-02
0.82914	5.00878e-02
0.82900	5.01632e-02
0.82888	5.02484e-02
0.82877	5.03427e-02
0.82869	5.04453e-02
0.82861	5.05554e-02
0.82855	5.06707e-02
0.82851	5.07891e-02
0.82848	5.09111e-02
0.82847	5.10331e-02
0.82847	5.11555e-02
0.82849	5.12763e-02
0.82853	5.13936e-02
0.82858	5.15054e-02
0.82866	5.16096e-02
0.82871	5.17310e-02
0.82878	5.18421e-02
0.82886	5.19407e-02
0.82897	5.20252e-02
0.82908	5.20943e-02
0.82950	5.24120e-02
0.82987	5.26642e-02
0.83024	5.28959e-02
0.83061	5.31119e-02
0.83098	5.33073e-02
0.83135	5.34869e-02
0.83172	5.36509e-02
0.83210	5.37993e-02
0.83246	5.39323e-02
0.83283	5.40503e-02
0.83318	5.41535e-02
0.83353	5.42426e-02
0.83387	5.43186e-02
0.83421	5.43828e-02
0.83453	5.44365e-02
0.83485	5.44816e-02
0.83515	5.45200e-02
0.83545	5.45538e-02
0.83572	5.45780e-02
0.83598	5.46026e-02
0.83624	5.46299e-02
0.83650	5.46622e-02
0.83675	5.47016e-02
0.83698	5.47447e-02
0.83721	5.47967e-02
0.83744	5.48586e-02
0.83765	5.49307e-02
0.83787	5.50123e-02
0.83807	5.51024e-02
0.83827	5.51990e-02
0.83845	5.52995e-02
0.83862	5.54011e-02
0.83877	5.55010e-02
0.83891	5.55963e-02
0.83903	5.56846e-02
0.83912	5.57642e-02
0.83919	5.58339e-02
0.83924	5.58931e-02
0.83927	5.59421e-02
0.83927	5.59813e-02
0.83926	5.60119e-02
0.83922	5.60351e-02
0.83916	5.60525e-02
0.83908	5.60656e-02
0.83915	5.61315e-02
0.83918	5.61931e-02
0.83918	5.62542e-02
0.83916	5.63168e-02
0.83911	5.63827e-02
0.83904	5.64532e-02
0.83895	5.65299e-02
0.83884	5.66217e-02
0.83871	5.67231e-02
0.83858	5.68353e-02
0.83843	5.69598e-02
0.83858	5.72767e-02
0.83847	5.74640e-02
0.83832	5.76464e-02
0.83816	5.78394e-02
0.83799	5.80454e-02
0.83781	5.82652e-02
0.83761	5.85025e-02
0.83741	5.87553e-02
0.83719	5.90236e-02
0.83696	5.93071e-02
0.83673	5.96052e-02
0.83649	5.99172e-02
0.83713	6.08688e-02
0.83739	6.16235e-02
0.83722	6.20809e-02
0.83695	6.24743e-02
0.83665	6.28569e-02
0.83633	6.32359e-02
0.83599	6.36118e-02
0.83563	6.39842e-02
0.83525	6.43523e-02
0.83485	6.47155e-02
0.83444	6.50735e-02
0.83402	6.54259e-02
0.83358	6.57726e-02
0.83313	6.61136e-02
0.83267	6.64491e-02
0.83219	6.67641e-02
0.83170	6.70736e-02
0.83121	6.73781e-02
0.83071	6.76777e-02
0.83021	6.79729e-02
0.82971	6.82639e-02
0.82920	6.85509e-02
0.82870	6.88338e-02
0.82820	6.91127e-02
0.82771	6.93876e-02
0.82722	6.96586e-02
0.82674	6.99256e-02
0.82626	7.01885e-02
0.82624	7.02871e-02
0.82620	7.04124e-02
0.82614	7.05596e-02
0.82607	7.07248e-02
0.82664	7.14588e-02
0.82685	7.19312e-02
0.82696	7.23268e-02
0.82702	7.27000e-02
0.82705	7.30565e-02
0.82706	7.33953e-02
0.82703	7.37155e-02
0.82699	7.40166e-02
0.82693	7.42987e-02
0.82685	7.45622e-02
0.82675	7.48077e-02
0.82665	7.50360e-02
0.82654	7.52477e-02
0.82642	7.54436e-02
0.82630	7.56244e-02
0.82619	7.57909e-02
0.82607	7.59437e-02
0.82595	7.60833e-02
0.82584	7.62103e-02
0.82573	7.63252e-02
0.82562	7.64284e-02
0.82553	7.65202e-02
0.82544	7.66011e-02
0.82536	7.66714e-02
0.82529	7.67313e-02
0.82522	7.67811e-02
0.82517	7.68211e-02
0.82513	7.68516e-02
0.82510	7.68728e-02
0.82509	7.68850e-02
0.82508	7.68885e-02
0.82510	7.68836e-02
0.82512	7.68705e-02
0.82516	7.68496e-02
0.82521	7.68236e-02
0.82526	7.67906e-02
0.82534	7.67507e-02
0.82542	7.67040e-02
0.82551	7.66503e-02
0.82562	7.65893e-02
0.82573	7.65206e-02
0.82585	7.64437e-02
0.82598	7.63581e-02
0.82610	7.62629e-02
0.82623	7.61576e-02
0.82634	7.60336e-02
0.82645	7.58970e-02
0.82655	7.57474e-02
0.82664	7.55847e-02
0.82673	7.54089e-02
0.82681	7.52201e-02
0.82688	7.50186e-02
0.82694	7.48183e-02
0.82699	7.46070e-02
0.82704	7.43852e-02
0.82707	7.41534e-02
0.82710	7.39122e-02
0.82712	7.36621e-02
0.82713	7.34038e-02
0.82714	7.31380e-02
0.82714	7.28652e-02
0.82713	7.25863e-02
0.82749	7.19776e-02
0.82779	7.14167e-02
0.82807	7.08856e-02
0.82832	7.03783e-02
0.82854	6.98916e-02
0.82875	6.94234e-02
0.82893	6.89725e-02
0.82920	6.85053e-02
0.82941	6.80617e-02
0.82959	6.76382e-02
0.82974	6.72332e-02
0.82985	6.68455e-02
0.82994	6.64736e-02
0.83001	6.61164e-02
0.83005	6.57727e-02
0.83007	6.54415e-02
0.83008	6.51218e-02
0.83007	6.48128e-02
0.83004	6.45140e-02
0.83000	6.42248e-02
0.82995	6.39448e-02
0.83003	6.38602e-02
0.83024	6.39331e-02
0.83038	6.39492e-02
0.83049	6.39468e-02
0.83057	6.39332e-02
0.83063	6.39115e-02
0.83067	6.38832e-02
0.83069	6.38498e-02
0.83071	6.38123e-02
0.83071	6.37712e-02
0.83070	6.37274e-02
0.83068	6.36811e-02
0.83065	6.36329e-02
0.83114	6.36959e-02
0.83143	6.37287e-02
0.83168	6.37578e-02
0.83191	6.37886e-02
0.83213	6.38204e-02
0.83234	6.38538e-02
0.83254	6.38878e-02
0.83272	6.39214e-02
0.83289	6.39535e-02
0.83304	6.39831e-02
0.83317	6.40092e-02
0.83329	6.40309e-02
0.83339	6.40471e-02
0.83346	6.40572e-02
0.83351	6.40605e-02
0.83354	6.40566e-02
0.83355	6.40454e-02
0.83353	6.40537e-02
0.83346	6.40367e-02
0.83338	6.40191e-02
0.83328	6.40017e-02
0.83316	6.39853e-02
0.83303	6.39707e-02
0.83288	6.39587e-02
0.83273	6.39500e-02
0.83256	6.39456e-02
0.83239	6.39461e-02
0.83221	6.39499e-02
0.83203	6.39598e-02
0.83185	6.39764e-02
0.83166	6.40000e-02
0.83148	6.40309e-02
0.83130	6.40694e-02
0.83112	6.41155e-02
0.83095	6.41694e-02
0.83078	6.42311e-02
0.83061	6.43005e-02
0.83046	6.43776e-02
0.83029	6.44716e-02
0.83013	6.45730e-02
0.82998	6.46814e-02
0.82984	6.47966e-02
0.82970	6.49181e-02
0.82957	6.50454e-02
0.82945	6.51781e-02
0.82933	6.53155e-02
0.82923	6.54572e-02
0.82913	6.56024e-02
0.82904	6.57506e-02
0.82896	6.59012e-02
0.82889	6.60534e-02
0.82882	6.62066e-02
0.82877	6.63599e-02
0.82872	6.65128e-02
0.82869	6.66645e-02
0.82866	6.68142e-02
0.82864	6.69612e-02
0.82863	6.71047e-02
0.82862	6.72440e-02
0.82863	6.73784e-02
0.82864	6.75070e-02
0.82867	6.76293e-02
0.82870	6.77445e-02
0.82874	6.78518e-02
0.82878	6.79507e-02
0.82883	6.80405e-02
0.82887	6.81257e-02
0.82891	6.82017e-02
0.82896	6.82682e-02
0.82901	6.83244e-02
0.82906	6.83701e-02
0.82912	6.84047e-02
0.82918	6.84280e-02
0.82924	6.84373e-02
0.82929	6.84428e-02
0.82933	6.84369e-02
0.82938	6.84193e-02
0.82943	6.83898e-02
0.82947	6.83484e-02
0.82952	6.82949e-02
0.82956	6.82293e-02
0.82960	6.81517e-02
0.82964	6.80620e-02
0.82968	6.79604e-02
0.82972	6.78469e-02
0.82975	6.77218e-02
0.82978	6.75851e-02
0.82981	6.74371e-02
0.83003	6.74214e-02
0.83020	6.73637e-02
0.83036	6.72899e-02
0.83051	6.72066e-02
0.83067	6.71165e-02
0.83082	6.70215e-02
0.83097	6.69202e-02
0.83112	6.68152e-02
0.83127	6.67062e-02
0.83142	6.65920e-02
0.83156	6.64710e-02
0.83169	6.63407e-02
0.83181	6.61960e-02
0.83191	6.60363e-02
0.83199	6.58596e-02
0.83205	6.56645e-02
0.83209	6.54451e-02
0.83210	6.52056e-02
0.83210	6.49468e-02
0.83207	6.46696e-02
0.83202	6.43756e-02
0.83196	6.40665e-02
0.83187	6.37441e-02
0.83178	6.34103e-02
0.83167	6.30670e-02
0.83155	6.27158e-02
0.83141	6.23584e-02
0.83127	6.19965e-02
0.83112	6.16314e-02
0.83091	6.13581e-02
0.83070	6.10864e-02
0.83047	6.08184e-02
0.83024	6.05547e-02
0.83000	6.02962e-02
0.82975	6.00432e-02
0.82951	5.97964e-02
0.82925	5.95563e-02
0.82900	5.93233e-02
0.82874	5.90979e-02
0.82848	5.88805e-02
0.82822	5.86716e-02
0.82795	5.84714e-02
0.82769	5.82806e-02
0.82743	5.80992e-02
0.82717	5.79279e-02
0.82692	5.77668e-02
0.82666	5.76163e-02
0.82641	5.74768e-02
0.82616	5.73485e-02
0.82592	5.72318e-02
0.82588	5.71028e-02
0.82582	5.69930e-02
0.82576	5.69013e-02
0.82570	5.68270e-02
0.82563	5.67698e-02
0.82557	5.67294e-02
0.82550	5.67057e-02
0.82543	5.66986e-02
0.82537	5.67081e-02
0.82532	5.67343e-02
0.82526	5.67772e-02
0.82521	5.68368e-02
0.82517	5.69131e-02
0.82513	5.70061e-02
0.82509	5.71157e-02
0.82507	5.72419e-02
0.82504	5.73845e-02
0.82503	5.75436e-02
0.82502	5.77188e-02
0.82501	5.79101e-02
0.82501	5.81173e-02
0.82502	5.83401e-02
0.82503	5.85784e-02
0.82505	5.88319e-02
0.82507	5.91003e-02
0.82510	5.93835e-02
0.82514	5.96810e-02
0.82518	5.99925e-02
0.82523	6.03206e-02
0.82527	6.06579e-02
0.82531	6.10076e-02
0.82535	6.13691e-02
0.82540	6.17419e-02
0.82545	6.21255e-02
0.82551	6.25192e-02
0.82556	6.29253e-02
0.82560	6.33366e-02
0.82565	6.37559e-02
0.82570	6.41828e-02
0.82575	6.46166e-02
0.82580	6.50568e-02
0.82585	6.55025e-02
0.82590	6.59490e-02
0.82594	6.63987e-02
0.82598	6.68509e-02
0.82602	6.73049e-02
0.82606	6.77600e-02
0.82610	6.82154e-02
0.82613	6.86705e-02
0.82616	6.91244e-02
0.82618	6.95710e-02
0.82619	7.00147e-02
0.82620	7.04549e-02
0.82621	7.08909e-02
0.82621	7.13219e-02
0.82621	7.17474e-02
0.82619	7.21666e-02
0.82618	7.25788e-02
0.82615	7.29834e-02
0.82612	7.33797e-02
0.82609	7.37672e-02
0.82604	7.41451e-02
0.82598	7.45105e-02
0.82592	7.48653e-02
0.82584	7.52089e-02
0.82575	7.55409e-02
0.82565	7.58600e-02
0.82554	7.61663e-02
0.82541	7.64594e-02
0.82527	7.67388e-02
0.82512	7.70043e-02
0.82496	7.72554e-02
0.82478	7.74919e-02
0.82460	7.77135e-02
0.82440	7.79199e-02
0.82419	7.81110e-02
0.82396	7.82866e-02
0.82373	7.84465e-02
0.82348	7.85907e-02
0.82321	7.87347e-02
0.82293	7.88634e-02
0.82264	7.89768e-02
0.82233	7.90745e-02
0.82202	7.91567e-02
0.82169	7.92233e-02
0.82135	7.92746e-02
0.82100	7.93106e-02
0.82063	7.93316e-02
0.82026	7.93378e-02
0.81988	7.93295e-02
0.81948	7.93069e-02
0.81908	7.92705e-02
0.81867	7.92204e-02
0.81824	7.91571e-02
0.81781	7.90809e-02
0.81737	7.89922e-02
0.81693	7.88915e-02
0.81647	7.87790e-02
0.81601	7.86554e-02
0.81555	7.85209e-02
0.81608	7.86408e-02
0.81606	7.86254e-02
0.81577	7.85104e-02
0.81541	7.83631e-02
0.81503	7.81975e-02
0.81463	7.80170e-02
0.81422	7.78235e-02
0.81379	7.76182e-02
0.81336	7.74002e-02
0.81292	7.71728e-02
0.81247	7.69369e-02
0.81202	7.66933e-02
0.81156	7.64431e-02
0.81111	7.61871e-02
0.81065	7.59260e-02
0.81020	7.56605e-02
0.80975	7.53915e-02
0.80930	7.51196e-02
0.80885	7.48456e-02
0.80841	7.45701e-02
0.80797	7.42937e-02
0.80754	7.40172e-02
0.80712	7.37410e-02
0.80670	7.34659e-02
0.80629	7.31923e-02
0.80589	7.29210e-02
0.80551	7.26522e-02
0.80513	7.23867e-02
0.80476	7.21270e-02
0.80457	7.19493e-02
0.80438	7.17816e-02
0.80422	7.16236e-02
0.80406	7.14741e-02
0.80392	7.13317e-02
0.80378	7.11946e-02
0.80364	7.10559e-02
0.80348	7.09338e-02
0.80332	7.08118e-02
0.80317	7.06890e-02
0.80302	7.05647e-02
0.80286	7.04343e-02
0.80270	7.03017e-02
0.80255	7.01675e-02
0.80241	7.00324e-02
0.80227	6.98973e-02
0.80215	6.97631e-02
0.80203	6.96308e-02
0.80193	6.95011e-02
0.80184	6.93751e-02
0.80176	6.92535e-02
0.80169	6.91275e-02
0.80163	6.90060e-02
0.80158	6.88897e-02
0.80155	6.87793e-02
0.80154	6.86753e-02
0.80153	6.85922e-02
0.80154	6.85177e-02
0.80157	6.84522e-02
0.80161	6.83961e-02
0.80167	6.83499e-02
0.80174	6.83138e-02
0.80182	6.82883e-02
0.80193	6.82737e-02
0.80204	6.82704e-02
0.80217	6.82787e-02
0.80232	6.82989e-02
0.80259	6.84287e-02
0.80287	6.85664e-02
0.80316	6.87118e-02
0.80344	6.88646e-02
0.80373	6.90246e-02
0.80402	6.91915e-02
0.80431	6.93655e-02
0.80461	6.95468e-02
0.80490	6.97354e-02
0.80520	6.99318e-02
0.80550	7.01363e-02
0.80580	7.03492e-02
0.80610	7.05709e-02
0.80641	7.08016e-02
0.80672	7.10416e-02
0.80702	7.12911e-02
0.80733	7.15504e-02
0.80764	7.18195e-02
0.80796	7.20984e-02
0.80827	7.23871e-02
0.80858	7.26855e-02
0.80889	7.29935e-02
0.80920	7.33108e-02
0.80950	7.36371e-02
0.80980	7.39695e-02
0.81010	7.43100e-02
0.81039	7.46581e-02
0.81068	7.50133e-02
0.81097	7.53750e-02
0.81125	7.57428e-02
0.81152	7.61158e-02
0.81179	7.64935e-02
0.81205	7.68751e-02
0.81230	7.72599e-02
0.81254	7.76451e-02
0.81276	7.80313e-02
0.81298	7.84179e-02
0.81318	7.88041e-02
0.81338	7.91891e-02
0.81356	7.95721e-02
0.81373	7.99522e-02
0.81389	8.03287e-02
0.81410	8.07674e-02
0.81428	8.11879e-02
0.81445	8.15930e-02
0.81459	8.19836e-02
0.81470	8.23606e-02
0.81480	8.27242e-02
0.81488	8.30745e-02
0.81495	8.34116e-02
0.81499	8.37354e-02
0.81502	8.40455e-02
0.81503	8.43418e-02
0.81502	8.46239e-02
0.81500	8.48916e-02
0.81496	8.51444e-02
0.81491	8.53820e-02
0.81484	8.56041e-02
0.81475	8.58105e-02
0.81465	8.60007e-02
0.81454	8.61744e-02
0.81441	8.63316e-02
0.81443	8.64485e-02
0.81440	8.65578e-02
0.81433	8.66552e-02
0.81423	8.67387e-02
0.81412	8.68071e-02
0.81398	8.68596e-02
0.81383	8.68957e-02
0.81365	8.69173e-02
0.81408	8.63216e-02
0.81441	8.58352e-02
0.81471	8.53811e-02
0.81499	8.49429e-02
0.81536	8.45676e-02
0.81573	8.42093e-02
0.81608	8.38722e-02
0.81643	8.35595e-02
0.81676	8.32742e-02
0.81707	8.30178e-02
0.81735	8.27908e-02
0.81760	8.25922e-02
0.81781	8.24201e-02
0.81798	8.22715e-02
0.81811	8.21421e-02
0.81818	8.20291e-02
0.81822	8.19292e-02
0.81821	8.18392e-02
0.81817	8.17563e-02
0.81857	8.03966e-02
0.81889	7.91847e-02
0.81914	7.80871e-02
0.81934	7.70842e-02
0.81949	7.61612e-02
0.81960	7.53062e-02
0.81968	7.45093e-02
0.81974	7.37624e-02
0.81978	7.30586e-02
0.81980	7.23923e-02
0.81981	7.17593e-02
0.81981	7.11543e-02
0.81981	7.05765e-02
0.81981	7.00239e-02
0.81981	6.94948e-02
0.81981	6.89877e-02
0.81982	6.85008e-02
0.81983	6.80323e-02
0.81985	6.75800e-02
0.81987	6.71411e-02
0.81991	6.67129e-02
0.81997	6.62925e-02
0.82004	6.58768e-02
0.82012	6.54633e-02
0.82022	6.50499e-02
0.82034	6.46354e-02
0.82048	6.42193e-02
0.82064	6.38025e-02
0.82081	6.33825e-02
0.82099	6.29652e-02
0.82119	6.25539e-02
0.82141	6.21522e-02
0.82163	6.17635e-02
0.82187	6.13908e-02
0.82212	6.10366e-02
0.82236	6.07019e-02
0.82261	6.03881e-02
0.82286	6.00956e-02
0.82312	5.98237e-02
0.82338	5.95714e-02
0.82364	5.93374e-02
0.82391	5.91200e-02
0.82418	5.89173e-02
0.82446	5.87275e-02
0.82475	5.85487e-02
0.82503	5.83802e-02
0.82531	5.82192e-02
0.82561	5.80642e-02
0.82590	5.79137e-02
0.82620	5.77665e-02
0.82650	5.76216e-02
0.82681	5.74778e-02
0.82712	5.73345e-02
0.82759	5.73022e-02
0.82839	5.71534e-02
0.82914	5.70283e-02
0.82985	5.69184e-02
0.83052	5.68186e-02
0.83116	5.67247e-02
0.83176	5.66338e-02
0.83234	5.65433e-02
0.83288	5.64512e-02
0.83339	5.63560e-02
0.83387	5.62568e-02
0.83432	5.61527e-02
0.83474	5.60434e-02
0.83514	5.59288e-02
0.83552	5.58089e-02
0.83587	5.56839e-02
0.83620	5.55544e-02
0.83650	5.54206e-02
0.83679	5.52833e-02
0.83705	5.51429e-02
0.83730	5.50001e-02
0.83752	5.48555e-02
0.83773	5.47098e-02
0.83791	5.45657e-02
0.83807	5.44219e-02
0.83821	5.42792e-02
0.83834	5.41380e-02
0.83844	5.40041e-02
0.83850	5.38635e-02
0.83855	5.37247e-02
0.83857	5.35884e-02
0.83857	5.34554e-02
0.83856	5.33262e-02
0.83852	5.32016e-02
0.83846	5.30822e-02
0.83839	5.29685e-02
0.83829	5.28612e-02
0.83817	5.27608e-02
0.83804	5.26676e-02
0.83788	5.25823e-02
0.83771	5.25051e-02
0.83752	5.24365e-02
0.83730	5.23722e-02
0.83707	5.23164e-02
0.83681	5.22691e-02
0.83654	5.22306e-02
0.83625	5.22010e-02
0.83593	5.22247e-02
0.83558	5.22605e-02
0.83522	5.23081e-02
0.83484	5.23672e-02
0.83445	5.24374e-02
0.83404	5.25184e-02
0.83362	5.26098e-02
0.83318	5.27109e-02
0.83273	5.28212e-02
0.83226	5.29401e-02
0.83179	5.30669e-02
0.83130	5.31911e-02
0.83080	5.33220e-02
0.83029	5.34589e-02
0.82977	5.36010e-02
0.82924	5.37474e-02
0.82871	5.38973e-02
0.82818	5.40499e-02
0.82764	5.42044e-02
0.82710	5.43598e-02
0.82655	5.45152e-02
0.82601	5.46699e-02
0.82546	5.48229e-02
0.82492	5.49735e-02
0.82438	5.51207e-02
0.82384	5.52638e-02
0.82331	5.54021e-02
0.82278	5.55347e-02
0.82230	5.56595e-02
0.82182	5.57786e-02
0.82133	5.58907e-02
0.82085	5.59949e-02
0.82038	5.60906e-02
0.81991	5.61771e-02
0.81946	5.62541e-02
0.81901	5.63210e-02
0.81858	5.63775e-02
0.81817	5.64232e-02
0.81777	5.64578e-02
0.81738	5.64812e-02
0.81701	5.64931e-02
0.81666	5.64935e-02
0.81632	5.64823e-02
0.81601	5.64594e-02
0.81571	5.64249e-02
0.81612	5.63095e-02
0.81638	5.62570e-02
0.81640	5.62144e-02
0.81635	5.61650e-02
0.81632	5.61099e-02
0.81629	5.60491e-02
0.81628	5.59822e-02
0.81627	5.59087e-02
0.81628	5.58219e-02
0.81629	5.57248e-02
0.81632	5.56181e-02
0.81635	5.55014e-02
0.81639	5.53747e-02
0.81645	5.52377e-02
0.81651	5.50908e-02
0.81659	5.49340e-02
0.81669	5.47678e-02
0.81680	5.45928e-02
0.81692	5.44094e-02
0.81706	5.42184e-02
0.81722	5.40202e-02
0.81739	5.38157e-02
0.81758	5.36054e-02
0.81779	5.33899e-02
0.81801	5.31699e-02
0.81825	5.29459e-02
0.81851	5.27186e-02
0.81879	5.24883e-02
0.81908	5.22555e-02
0.81939	5.20208e-02
0.81972	5.17845e-02
0.82004	5.15414e-02
0.82038	5.12970e-02
0.82072	5.10520e-02
0.82108	5.08069e-02
0.82144	5.05723e-02
0.82180	5.03432e-02
0.82216	5.01170e-02
0.82253	4.98938e-02
0.82290	4.96736e-02
0.82328	4.94564e-02
0.82366	4.92423e-02
0.82404	4.90312e-02
0.82442	4.88230e-02
0.82481	4.86178e-02
0.82519	4.84152e-02
0.82557	4.82153e-02
0.82595	4.80177e-02
0.82633	4.78222e-02
0.82670	4.76286e-02
0.82706	4.74336e-02
0.82742	4.72396e-02
0.82778	4.70463e-02
0.82812	4.68535e-02
0.82846	4.66608e-02
0.82878	4.64931e-02
0.82909	4.63258e-02
0.82938	4.61583e-02
0.82967	4.59902e-02
0.82995	4.58208e-02
0.83021	4.56499e-02
0.83046	4.54769e-02
0.83070	4.53015e-02
0.83092	4.51233e-02
0.83113	4.49421e-02
0.83132	4.47574e-02
0.83149	4.45653e-02
0.83164	4.43689e-02
0.83177	4.41684e-02
0.83189	4.39637e-02
0.83198	4.37549e-02
0.83206	4.35422e-02
0.83212	4.33257e-02
0.83216	4.31058e-02
0.83218	4.28828e-02
0.83218	4.26571e-02
0.83217	4.24292e-02
0.83213	4.21998e-02
0.83208	4.19694e-02
0.83200	4.17389e-02
0.83191	4.15090e-02
0.83180	4.12807e-02
0.83167	4.10549e-02
0.83152	4.08326e-02
0.83135	4.06150e-02
0.83117	4.04034e-02
0.83097	4.01989e-02
0.83075	4.00027e-02
0.83052	3.98162e-02
0.83026	3.96408e-02
0.83000	3.94776e-02
0.82971	3.93281e-02
0.82942	3.91935e-02
0.82911	3.90752e-02
0.82878	3.89745e-02
0.82844	3.88924e-02
0.82809	3.88302e-02
0.82773	3.87889e-02
0.82735	3.87693e-02
0.82696	3.87724e-02
0.82655	3.88059e-02
0.82613	3.88654e-02
0.82570	3.89514e-02
0.82525	3.90641e-02
0.82480	3.92037e-02
0.82433	3.93701e-02
0.82386	3.95629e-02
0.82338	3.97819e-02
0.82290	4.00198e-02
0.82240	4.02827e-02
0.82190	4.05696e-02
0.82140	4.08793e-02
0.82089	4.12106e-02
0.82038	4.15623e-02
0.81987	4.19328e-02
0.81936	4.23206e-02
0.81885	4.27241e-02
0.81834	4.31416e-02
0.81784	4.35713e-02
0.81734	4.40115e-02
0.81684	4.44604e-02
0.81635	4.49162e-02
0.81586	4.53772e-02
0.81538	4.58416e-02
0.81491	4.63077e-02
0.81445	4.67739e-02
0.81399	4.72386e-02
0.81355	4.77002e-02
0.81312	4.81574e-02
0.81269	4.86086e-02
0.81228	4.90527e-02
0.81187	4.94714e-02
0.81146	4.98780e-02
0.81107	5.02722e-02
0.81069	5.06533e-02
0.81028	5.10347e-02
0.81014	5.13233e-02
0.80998	5.16197e-02
0.80981	5.19162e-02
0.80964	5.22102e-02
0.80946	5.24998e-02
0.80929	5.27836e-02
0.80913	5.30605e-02
0.80896	5.33297e-02
0.80880	5.35906e-02
0.80865	5.38430e-02
0.80851	5.40867e-02
0.80838	5.43219e-02
0.80826	5.45487e-02
0.80815	5.47675e-02
0.80866	5.53396e-02
0.80894	5.57778e-02
0.80908	5.61202e-02
0.80918	5.64187e-02
0.80926	5.66904e-02
0.80933	5.69538e-02
0.80938	5.71996e-02
0.80943	5.74299e-02
0.80948	5.76462e-02
0.80952	5.78501e-02
0.80956	5.80433e-02
0.80960	5.82274e-02
0.80964	5.84037e-02
0.80969	5.85736e-02
0.80973	5.87383e-02
0.80978	5.88990e-02
0.80982	5.90318e-02
0.80985	5.91571e-02
0.80988	5.92770e-02
0.80992	5.93931e-02
0.80996	5.95065e-02
0.81000	5.96180e-02
0.81005	5.97283e-02
0.81010	5.98379e-02
0.81016	5.99470e-02
0.81022	6.00556e-02
0.81029	6.01640e-02
0.81036	6.02718e-02
0.81043	6.03790e-02
0.81051	6.04851e-02
0.81059	6.05899e-02
0.81068	6.06929e-02
0.81077	6.07935e-02
0.81086	6.08911e-02
0.81096	6.09852e-02
0.81105	6.10751e-02
0.81115	6.11599e-02
0.81126	6.12390e-02
0.81136	6.13117e-02
0.81146	6.13771e-02
0.81157	6.14343e-02
0.81167	6.14828e-02
0.81177	6.15216e-02
0.81188	6.15499e-02
0.81198	6.15672e-02
0.81208	6.15725e-02
0.81217	6.15653e-02
0.81227	6.15449e-02
0.81236	6.15108e-02
0.81244	6.14624e-02
0.81249	6.14011e-02
0.81254	6.13249e-02
0.81257	6.12333e-02
0.81260	6.11262e-02
0.81263	6.10035e-02
0.81265	6.08649e-02
0.81266	6.07107e-02
0.81267	6.05408e-02
0.81265	6.03375e-02
0.81261	6.01060e-02
0.81257	5.98547e-02
0.81251	5.95844e-02
0.81244	5.92956e-02
0.81236	5.89891e-02
0.81227	5.86656e-02
0.81217	5.83261e-02
0.81206	5.79714e-02
0.81195	5.76025e-02
0.81183	5.72205e-02
0.81170	5.68265e-02
0.81156	5.64218e-02
0.81141	5.60077e-02
0.81126	5.55853e-02
0.81110	5.51563e-02
0.81094	5.47218e-02
0.81078	5.42835e-02
0.81061	5.38428e-02
0.81043	5.34013e-02
0.81026	5.29605e-02
0.81008	5.25219e-02
0.80990	5.20871e-02
0.80969	5.16926e-02
0.80948	5.13078e-02
0.80926	5.09331e-02
0.80905	5.05690e-02
0.80883	5.02176e-02
0.80886	4.98003e-02
0.80879	4.94289e-02
0.80870	4.90808e-02
0.80859	4.87526e-02
0.80848	4.84438e-02
0.80837	4.81546e-02
0.80825	4.78856e-02
0.80814	4.76370e-02
0.80802	4.74090e-02
0.80791	4.72018e-02
0.80780	4.70153e-02
0.80769	4.68495e-02
0.80759	4.67039e-02
0.80750	4.65783e-02
0.80742	4.64668e-02
0.80735	4.63749e-02
0.80730	4.63020e-02
0.80727	4.62475e-02
0.80725	4.62109e-02
0.80726	4.62005e-02
0.80728	4.62090e-02
0.80733	4.62357e-02
0.80739	4.62802e-02
0.80748	4.63420e-02
0.80759	4.64207e-02
0.80772	4.65158e-02
0.80787	4.66265e-02
0.80803	4.67520e-02
0.80821	4.68913e-02
0.80840	4.70432e-02
0.80860	4.72047e-02
0.80880	4.73762e-02
0.80902	4.75565e-02
0.80924	4.77442e-02
0.80948	4.79382e-02
0.80972	4.81373e-02
0.80998	4.83403e-02
0.81024	4.85463e-02
0.81051	4.87544e-02
0.81080	4.89637e-02
0.81110	4.91736e-02
0.81140	4.93833e-02
0.81172	4.95923e-02
0.81205	4.97999e-02
0.81238	5.00058e-02
0.81273	5.02094e-02
0.81309	5.04104e-02
0.81345	5.06083e-02
0.81383	5.08029e-02
0.81421	5.09938e-02
0.81460	5.11808e-02
0.81500	5.13637e-02
0.81540	5.15423e-02
0.81581	5.17164e-02
0.81621	5.18847e-02
0.81663	5.20481e-02
0.81704	5.22067e-02
0.81745	5.23604e-02
0.81787	5.25090e-02
0.81828	5.26527e-02
0.81869	5.27914e-02
0.81910	5.29251e-02
0.81950	5.30539e-02
0.81990	5.31779e-02
0.82028	5.32877e-02
0.82065	5.33927e-02
0.82102	5.34932e-02
0.82136	5.36245e-02
0.82169	5.37571e-02
0.82200	5.38931e-02
0.82229	5.40299e-02
0.82257	5.41676e-02
0.82296	5.43298e-02
0.82331	5.45053e-02
0.82366	5.46912e-02
0.82399	5.48884e-02
0.82430	5.50973e-02
0.82459	5.53175e-02
0.82486	5.55479e-02
0.82510	5.57865e-02
0.82530	5.60307e-02
0.82547	5.62774e-02
0.82560	5.65235e-02
0.82568	5.67658e-02
0.82571	5.70022e-02
0.82570	5.72308e-02
0.82564	5.74509e-02
0.82553	5.76623e-02
0.82538	5.78655e-02
0.82519	5.80616e-02
0.82495	5.82518e-02
0.82468	5.84379e-02
0.82437	5.86216e-02
0.82403	5.88048e-02
0.82365	5.89894e-02
0.82324	5.91774e-02
0.82281	5.93705e-02
0.82234	5.95708e-02
0.82186	5.97800e-02
0.82135	5.99999e-02
0.82081	6.02310e-02
0.82026	6.04758e-02
0.81969	6.07358e-02
0.81910	6.10116e-02
0.81850	6.13041e-02
0.81788	6.16133e-02
0.81724	6.19390e-02
0.81658	6.22805e-02
0.81591	6.26367e-02
0.81522	6.30064e-02
0.81451	6.33880e-02
0.81379	6.37801e-02
0.81301	6.41920e-02
0.81221	6.46115e-02
0.81139	6.50334e-02
0.81054	6.54595e-02
0.80966	6.58797e-02
0.80877	6.63008e-02
0.80785	6.67229e-02
0.80692	6.71459e-02
0.80598	6.75700e-02
0.80502	6.79950e-02
0.80406	6.84209e-02
0.80309	6.88475e-02
0.80212	6.92748e-02
0.80114	6.97024e-02
0.80017	7.01300e-02
0.79920	7.05573e-02
0.79823	7.09838e-02
0.79727	7.14089e-02
0.79633	7.18321e-02
0.79539	7.22529e-02
0.79446	7.26705e-02
0.79355	7.30844e-02
0.79266	7.34937e-02
0.79178	7.38979e-02
0.79092	7.42962e-02
0.79009	7.46879e-02
0.78928	7.50723e-02
0.78849	7.54487e-02
0.78773	7.58165e-02
0.78700	7.61750e-02
0.78630	7.65237e-02
0.78563	7.68619e-02
0.78499	7.71892e-02
0.78439	7.75050e-02
0.78399	7.78169e-02
0.78359	7.81200e-02
0.78321	7.84122e-02
0.78285	7.86920e-02
0.78251	7.89583e-02
0.78219	7.92103e-02
0.78190	7.94477e-02
0.78164	7.96701e-02
0.78177	8.00622e-02
0.78179	8.03721e-02
0.78179	8.06490e-02
0.78182	8.09073e-02
0.78188	8.11491e-02
0.78197	8.13738e-02
0.78209	8.15804e-02
0.78224	8.17681e-02
0.78243	8.19362e-02
0.78264	8.20844e-02
0.78288	8.22137e-02
0.78315	8.23232e-02
0.78345	8.24130e-02
0.78422	8.13992e-02
0.78499	8.04600e-02
0.78577	7.95561e-02
0.78656	7.86776e-02
0.78737	7.78203e-02
0.78820	7.69786e-02
0.78943	7.58045e-02
0.79068	7.46449e-02
0.79196	7.34974e-02
0.79325	7.23646e-02
0.79456	7.12504e-02
0.79587	7.01587e-02
0.79719	6.90928e-02
0.79851	6.80555e-02
0.79982	6.70484e-02
0.80112	6.60723e-02
0.80240	6.51270e-02
0.80367	6.42122e-02
0.80492	6.33270e-02
0.80616	6.24704e-02
0.80738	6.16415e-02
0.80859	6.08394e-02
0.80979	6.00633e-02
0.81097	5.93125e-02
0.81214	5.85865e-02
0.81330	5.78847e-02
0.81444	5.72068e-02
0.81558	5.65522e-02
0.81671	5.59206e-02
0.81782	5.53116e-02
0.81893	5.47247e-02
0.82002	5.41594e-02
0.82109	5.36218e-02
0.82227	5.31300e-02
0.82344	5.26640e-02
0.82459	5.22237e-02
0.82572	5.18086e-02
0.82683	5.14183e-02
0.82792	5.10517e-02
0.82898	5.07078e-02
0.83000	5.03855e-02
0.83100	5.00834e-02
0.83196	4.98002e-02
0.83288	4.95346e-02
0.83377	4.92853e-02
0.83461	4.90511e-02
0.83541	4.88311e-02
0.83635	4.85511e-02
0.83719	4.83106e-02
0.83795	4.80919e-02
0.83866	4.78899e-02
0.83932	4.77032e-02
0.83993	4.75312e-02
0.84049	4.73740e-02
0.84101	4.72318e-02
0.84149	4.71053e-02
0.84193	4.69953e-02
0.84232	4.69031e-02
0.84268	4.68300e-02
0.84301	4.67779e-02
0.84329	4.67486e-02
0.84355	4.67444e-02
0.84376	4.67673e-02
0.84394	4.68193e-02
0.84408	4.69019e-02
0.84417	4.70163e-02
0.84423	4.71628e-02
0.84424	4.73415e-02
0.84421	4.75516e-02
0.84414	4.77922e-02
0.84401	4.80617e-02
0.84385	4.83588e-02
0.84364	4.86818e-02
0.84338	4.90292e-02
0.84309	4.93995e-02
0.84275	4.97914e-02
0.84238	5.02033e-02
0.84196	5.06341e-02
0.84152	5.10824e-02
0.84115	5.15013e-02
0.84072	5.19452e-02
0.84025	5.24050e-02
0.83974	5.28761e-02
0.83922	5.33555e-02
0.83867	5.38410e-02
0.83811	5.43308e-02
0.83753	5.48234e-02
0.83693	5.53161e-02
0.83631	5.58103e-02
0.83567	5.63060e-02
0.83501	5.68030e-02
0.83433	5.73011e-02
0.83363	5.78000e-02
0.83290	5.82989e-02
0.83215	5.87972e-02
0.83138	5.92939e-02
0.83059	5.97878e-02
0.82977	6.02852e-02
0.82892	6.07790e-02
0.82805	6.12670e-02
0.82748	6.12251e-02
0.82684	6.12767e-02
0.82618	6.13402e-02
0.82550	6.14065e-02
0.82481	6.14715e-02
0.82410	6.15223e-02
0.82339	6.15646e-02
0.82267	6.15963e-02
0.82195	6.16159e-02
0.82124	6.16226e-02
0.82052	6.16163e-02
0.81981	6.15968e-02
0.81910	6.15645e-02
0.81839	6.15197e-02
0.81769	6.14622e-02
0.81700	6.13921e-02
0.81631	6.13089e-02
0.81563	6.12120e-02
0.81497	6.11006e-02
0.81431	6.09736e-02
0.81367	6.08301e-02
0.81304	6.06689e-02
0.81243	6.04892e-02
0.81184	6.02899e-02
0.81126	6.00702e-02
0.81071	5.98295e-02
0.81018	5.95672e-02
0.80967	5.92830e-02
0.80919	5.89765e-02
0.80874	5.86477e-02
0.80830	5.82967e-02
0.80790	5.79236e-02
0.80752	5.75295e-02
0.80731	5.71892e-02
0.80713	5.68293e-02
0.80697	5.64519e-02
0.80684	5.60587e-02
0.80674	5.56513e-02
0.80667	5.52315e-02
0.80663	5.48011e-02
0.80662	5.43621e-02
0.80664	5.39162e-02
0.80669	5.34649e-02
0.80677	5.30096e-02
0.80687	5.25509e-02
0.80701	5.20891e-02
0.80716	5.16242e-02
0.80733	5.11504e-02
0.80752	5.06727e-02
0.80773	5.01909e-02
0.80794	4.97036e-02
0.80817	4.92103e-02
0.80841	4.87109e-02
0.80865	4.82056e-02
0.80890	4.76951e-02
0.80917	4.71804e-02
0.80943	4.66628e-02
0.80971	4.61437e-02
0.80999	4.56248e-02
0.81028	4.51078e-02
0.81057	4.45946e-02
0.81087	4.40867e-02
0.81118	4.35861e-02
0.81149	4.30944e-02
0.81181	4.26132e-02
0.81212	4.21538e-02
0.81242	4.17110e-02
0.81272	4.12860e-02
0.81303	4.08797e-02
0.81333	4.04933e-02
0.81364	4.01277e-02
0.81394	3.97838e-02
0.81425	3.94625e-02
0.81455	3.91643e-02
0.81485	3.88899e-02
0.81515	3.86399e-02
0.81544	3.84145e-02
0.81573	3.82141e-02
0.81602	3.80390e-02
0.81627	3.79018e-02
0.81652	3.77915e-02
0.81676	3.77072e-02
0.81699	3.76481e-02
0.81721	3.76137e-02
0.81742	3.76034e-02
0.81762	3.76160e-02
0.81780	3.76514e-02
0.81797	3.77089e-02
0.81813	3.77879e-02
0.81828	3.78877e-02
0.81842	3.80077e-02
0.81854	3.81470e-02
0.81865	3.83052e-02
0.81875	3.84814e-02
0.81883	3.86750e-02
0.81890	3.88855e-02
0.81895	3.91121e-02
0.81899	3.93543e-02
0.81919	3.96700e-02
0.81936	4.00033e-02
0.81952	4.03562e-02
0.81966	4.07273e-02
0.81979	4.11161e-02
0.81991	4.15219e-02
0.82001	4.19386e-02
0.82010	4.23693e-02
0.82018	4.28128e-02
0.82024	4.32681e-02
0.82029	4.37339e-02
0.82032	4.42092e-02
0.82034	4.46930e-02
0.82035	4.51846e-02
0.82035	4.56833e-02
0.82033	4.61886e-02
0.82031	4.67001e-02
0.82027	4.72171e-02
0.82023	4.77388e-02
0.82018	4.82641e-02
0.82011	4.87916e-02
0.82004	4.93192e-02
0.81996	4.98449e-02
0.81986	5.03664e-02
0.81975	5.08815e-02
0.81962	5.13882e-02
0.81948	5.18849e-02
0.81933	5.23703e-02
0.81915	5.28438e-02
0.81897	5.33050e-02
0.81877	5.37539e-02
0.81856	5.41909e-02
0.81834	5.46165e-02
0.81810	5.50312e-02
0.81786	5.54445e-02
0.81774	5.60024e-02
0.81759	5.65344e-02
0.81744	5.70495e-02
0.81727	5.75508e-02
0.81710	5.80393e-02
0.81693	5.85150e-02
0.81675	5.89772e-02
0.81657	5.94248e-02
0.81638	5.98562e-02
0.81619	6.02704e-02
0.81599	6.06660e-02
0.81578	6.10424e-02
0.81558	6.13990e-02
0.81536	6.17358e-02
0.81523	6.21198e-02
0.81510	6.24838e-02
0.81496	6.28304e-02
0.81483	6.31621e-02
0.81469	6.34817e-02
0.81457	6.37918e-02
0.81445	6.40949e-02
0.81434	6.43932e-02
0.81424	6.46881e-02
0.81416	6.49806e-02
0.81408	6.52706e-02
0.81402	6.55573e-02
0.81396	6.58386e-02
0.81391	6.61123e-02
0.81386	6.63755e-02
0.81381	6.66254e-02
0.81375	6.68595e-02
0.81370	6.70759e-02
0.81363	6.72733e-02
0.81367	6.73896e-02
0.81371	6.74835e-02
0.81376	6.75563e-02
0.81380	6.76100e-02
0.81385	6.76470e-02
0.81390	6.76699e-02
0.81394	6.76808e-02
0.81399	6.76814e-02
0.81403	6.76733e-02
0.81407	6.76578e-02
0.81411	6.76359e-02
0.81415	6.76085e-02
0.81419	6.75764e-02
0.81423	6.75404e-02
0.81427	6.75013e-02
0.81431	6.74597e-02
0.81435	6.74163e-02
0.81439	6.73718e-02
0.81443	6.73267e-02
0.81447	6.72818e-02
0.81449	6.72868e-02
0.81450	6.73019e-02
0.81451	6.73252e-02
0.81451	6.73435e-02
0.81449	6.73601e-02
0.81447	6.73803e-02
0.81445	6.74044e-02
0.81442	6.74325e-02
0.81439	6.74647e-02
0.81435	6.75012e-02
0.81432	6.75420e-02
0.81428	6.75871e-02
0.81425	6.76372e-02
0.81421	6.76915e-02
0.81442	6.76416e-02
0.81463	6.76149e-02
0.81484	6.76103e-02
0.81504	6.76271e-02
0.81524	6.76645e-02
0.81542	6.77210e-02
0.81559	6.77946e-02
0.81574	6.78827e-02
0.81587	6.79822e-02
0.81597	6.80910e-02
0.81605	6.82049e-02
0.81611	6.83209e-02
0.81615	6.84363e-02
0.81616	6.85491e-02
0.81616	6.86574e-02
0.81615	6.87597e-02
0.81612	6.88549e-02
0.81608	6.89421e-02
0.81602	6.90206e-02
0.81596	6.90898e-02
0.81590	6.91491e-02
0.81582	6.91983e-02
0.81575	6.92369e-02
0.81566	6.92646e-02
0.81558	6.92811e-02
0.81549	6.92862e-02
0.81541	6.92794e-02
0.81532	6.92607e-02
0.81523	6.92481e-02
0.81513	6.92267e-02
0.81503	6.91958e-02
0.81493	6.91549e-02
0.81484	6.91038e-02
0.81479	6.91335e-02
0.81471	6.91135e-02
0.81463	6.90684e-02
0.81453	6.90045e-02
0.81444	6.89241e-02
0.81434	6.88285e-02
0.81423	6.87185e-02
0.81412	6.85948e-02
0.81401	6.84580e-02
0.81390	6.83085e-02
0.81379	6.81468e-02
0.81367	6.79733e-02
0.81355	6.77884e-02
0.81343	6.75924e-02
0.81343	6.74569e-02
0.81341	6.72958e-02
0.81349	6.71454e-02
0.81356	6.69776e-02
0.81362	6.67943e-02
0.81367	6.65963e-02
0.81370	6.63841e-02
0.81372	6.61580e-02
0.81372	6.59182e-02
0.81371	6.56652e-02
0.81367	6.53995e-02
0.81362	6.51218e-02
0.81356	6.48330e-02
0.81348	6.45339e-02
0.81338	6.42257e-02
0.81328	6.39094e-02
0.81316	6.35862e-02
0.81304	6.32570e-02
0.81288	6.29359e-02
0.81273	6.26102e-02
0.81269	6.23964e-02
0.81263	6.21690e-02
0.81257	6.19321e-02
0.81248	6.16877e-02
0.81239	6.14359e-02
0.81228	6.11761e-02
0.81217	6.09077e-02
0.81204	6.06298e-02
0.81190	6.03421e-02
0.81175	6.00443e-02
0.81159	5.97370e-02
0.81141	5.94209e-02
0.81123	5.90971e-02
0.81103	5.87670e-02
0.81083	5.84320e-02
0.81061	5.80939e-02
0.81039	5.77541e-02
0.81017	5.74144e-02
0.80994	5.70762e-02
0.80971	5.67411e-02
0.80947	5.64105e-02
0.80923	5.60856e-02
0.80906	5.57955e-02
0.80886	5.55039e-02
0.80866	5.52172e-02
0.80845	5.49381e-02
0.80824	5.46684e-02
0.80803	5.44092e-02
0.80782	5.41616e-02
0.80762	5.39267e-02
0.80743	5.37053e-02
0.80724	5.34981e-02
0.80707	5.33058e-02
0.80689	5.31315e-02
0.80673	5.29732e-02
0.80657	5.28314e-02
0.80643	5.27063e-02
0.80630	5.25982e-02
0.80619	5.25072e-02
0.80609	5.24334e-02
0.80600	5.23768e-02
0.80593	5.23374e-02
0.80587	5.23150e-02
0.80583	5.23094e-02
0.80581	5.23204e-02
0.80580	5.23477e-02
0.80582	5.23908e-02
0.80585	5.24494e-02
0.80589	5.25230e-02
0.80596	5.26109e-02
0.80604	5.27126e-02
0.80615	5.28276e-02
0.80627	5.29550e-02
0.80641	5.30943e-02
0.80657	5.32447e-02
0.80674	5.34054e-02
0.80694	5.35756e-02
0.80716	5.37546e-02
0.80739	5.39416e-02
0.80764	5.41357e-02
0.80791	5.43361e-02
0.80818	5.45770e-02
0.80847	5.48276e-02
0.80877	5.50864e-02
0.80908	5.53525e-02
0.80941	5.56247e-02
0.80979	5.58574e-02
0.81017	5.61048e-02
0.81056	5.63615e-02
0.81095	5.66249e-02
0.81136	5.68930e-02
0.81177	5.71645e-02
0.81227	5.74751e-02
0.81277	5.77833e-02
0.81328	5.80885e-02
0.81379	5.83901e-02
0.81430	5.86872e-02
0.81482	5.89793e-02
0.81534	5.92658e-02
0.81586	5.95459e-02
0.81639	5.98182e-02
0.81692	6.00828e-02
0.81744	6.03357e-02
0.81796	6.05797e-02
0.81849	6.08143e-02
0.81901	6.10392e-02
0.81952	6.12540e-02
0.82004	6.14585e-02
0.82055	6.16523e-02
0.82105	6.18352e-02
0.82155	6.20071e-02
0.82205	6.21677e-02
0.82253	6.23170e-02
0.82300	6.24549e-02
0.82347	6.25812e-02
0.82392	6.26961e-02
0.82436	6.27995e-02
0.82479	6.28915e-02
0.82550	6.27003e-02
0.82619	6.25154e-02
0.82695	6.24175e-02
0.82766	6.22979e-02
0.82833	6.21681e-02
0.82896	6.20335e-02
0.82953	6.18992e-02
0.83006	6.17683e-02
0.83055	6.16425e-02
0.83098	6.15224e-02
0.83137	6.14081e-02
0.83170	6.12988e-02
0.83199	6.11937e-02
0.83223	6.10917e-02
0.83243	6.09918e-02
0.83258	6.08929e-02
0.83269	6.07941e-02
0.83275	6.06947e-02
0.83278	6.05940e-02
0.83277	6.04914e-02
0.83272	6.03866e-02
0.83264	6.02791e-02
0.83252	6.01686e-02
0.83237	6.00551e-02
0.83218	5.99384e-02
0.83197	5.98183e-02
0.83172	5.96948e-02
0.83143	5.95679e-02
0.83112	5.94376e-02
0.83078	5.93039e-02
0.83041	5.91668e-02
0.83001	5.90265e-02
0.82958	5.88830e-02
0.82912	5.87364e-02
0.82864	5.85868e-02
0.82813	5.84411e-02
0.82758	5.82934e-02
0.82701	5.81436e-02
0.82642	5.79918e-02
0.82580	5.78382e-02
0.82516	5.76829e-02
0.82450	5.75259e-02
0.82382	5.73675e-02
0.82311	5.72079e-02
0.82239	5.70471e-02
0.82165	5.68853e-02
0.82089	5.67227e-02
0.82011	5.65595e-02
0.81932	5.63959e-02
0.81851	5.62320e-02
0.81769	5.60681e-02
0.81685	5.59043e-02
0.81601	5.57409e-02
0.81515	5.55781e-02
0.81429	5.54162e-02
0.81342	5.52553e-02
0.81254	5.50957e-02
0.81166	5.49376e-02
0.81077	5.47814e-02
0.80988	5.46272e-02
0.80899	5.44754e-02
0.80809	5.43262e-02
0.80720	5.41798e-02
0.80642	5.39619e-02
0.80561	5.37666e-02
0.80479	5.35866e-02
0.80397	5.34197e-02
0.80313	5.32648e-02
0.80228	5.31350e-02
0.80143	5.30171e-02
0.80058	5.29108e-02
0.79974	5.28157e-02
0.79890	5.27316e-02
0.79806	5.26583e-02
0.79723	5.26043e-02
0.79641	5.25621e-02
0.79560	5.25317e-02
0.79481	5.25129e-02
0.79403	5.25059e-02
0.79326	5.25105e-02
0.79251	5.25267e-02
0.79178	5.25544e-02
0.79111	5.26455e-02
0.79045	5.27412e-02
0.78981	5.28430e-02
0.78918	5.29514e-02
0.78857	5.30675e-02
0.78797	5.31917e-02
0.78740	5.33241e-02
0.78685	5.34650e-02
0.78632	5.36143e-02
0.78581	5.37719e-02
0.78532	5.39378e-02
0.78486	5.41117e-02
0.78442	5.42934e-02
0.78401	5.44825e-02
0.78362	5.46788e-02
0.78325	5.48817e-02
0.78291	5.50911e-02
0.78259	5.53064e-02
0.78229	5.55272e-02
0.78202	5.57530e-02
0.78174	5.59485e-02
0.78148	5.61459e-02
0.78124	5.63450e-02
0.78099	5.65513e-02
0.78076	5.67587e-02
0.78054	5.69665e-02
0.78034	5.71743e-02
0.78016	5.73815e-02
0.77999	5.75878e-02
0.77984	5.77928e-02
0.77971	5.79961e-02
0.77959	5.81974e-02
0.77948	5.83964e-02
0.77939	5.85928e-02
0.77932	5.87862e-02
0.77926	5.89764e-02
0.77921	5.91632e-02
0.77918	5.93462e-02
0.77916	5.95253e-02
0.77915	5.97002e-02
0.77915	5.98706e-02
0.77917	6.00364e-02
0.77919	6.01972e-02
0.77922	6.03530e-02
0.77927	6.05035e-02
0.77932	6.06485e-02
0.77939	6.07878e-02
0.77946	6.09211e-02
0.77954	6.10484e-02
0.77960	6.11960e-02
0.77967	6.13390e-02
0.77974	6.14767e-02
0.77982	6.16089e-02
0.77990	6.17384e-02
0.77998	6.18624e-02
0.78006	6.19808e-02
0.78015	6.20932e-02
0.78023	6.21995e-02
0.78032	6.22993e-02
0.78041	6.23925e-02
0.78051	6.24787e-02
0.78060	6.25576e-02
0.78070	6.26292e-02
0.78079	6.26947e-02
0.78089	6.27526e-02
0.78098	6.27875e-02
0.78106	6.28130e-02
0.78115	6.28290e-02
0.78123	6.28353e-02
0.78131	6.28317e-02
0.78139	6.28179e-02
0.78147	6.27938e-02
0.78155	6.27593e-02
0.78163	6.27142e-02
0.78170	6.26585e-02
0.78178	6.25921e-02
0.78185	6.25150e-02
0.78192	6.24272e-02
0.78199	6.23288e-02
0.78206	6.22199e-02
0.78212	6.21007e-02
0.78218	6.19775e-02
0.78223	6.18391e-02
0.78228	6.16902e-02
0.78233	6.15312e-02
0.78237	6.13627e-02
0.78259	6.15376e-02
0.78275	6.15830e-02
0.78289	6.15823e-02
0.78301	6.15555e-02
0.78313	6.15089e-02
0.78323	6.14459e-02
0.78331	6.13728e-02
0.78338	6.12860e-02
0.78344	6.11896e-02
0.78349	6.10850e-02
0.78354	6.09737e-02
0.78359	6.08571e-02
0.78363	6.07365e-02
0.78367	6.06129e-02
0.78371	6.04877e-02
0.78374	6.03619e-02
0.78376	6.02303e-02
0.78375	6.01094e-02
0.78374	5.99926e-02
0.78373	5.98805e-02
0.78371	5.97742e-02
0.78368	5.96744e-02
0.78366	5.95822e-02
0.78363	5.94984e-02
0.78360	5.94238e-02
0.78357	5.93592e-02
0.78353	5.93054e-02
0.78350	5.92631e-02
0.78346	5.92329e-02
0.78343	5.92153e-02
0.78339	5.92110e-02
0.78336	5.92203e-02
0.78333	5.92436e-02
0.78330	5.92812e-02
0.78327	5.93333e-02
0.78324	5.94000e-02
0.78322	5.94814e-02
0.78319	5.95773e-02
0.78316	5.96876e-02
0.78314	5.98121e-02
0.78312	5.99506e-02
0.78311	6.01026e-02
0.78309	6.02677e-02
0.78308	6.04454e-02
0.78308	6.06351e-02
0.78307	6.08361e-02
0.78308	6.10477e-02
0.78308	6.12691e-02
0.78309	6.14996e-02
0.78310	6.17382e-02
0.78312	6.19841e-02
0.78314	6.22363e-02
0.78316	6.24940e-02
0.78319	6.27562e-02
0.78322	6.30219e-02
0.78326	6.32901e-02
0.78330	6.35600e-02
0.78334	6.38306e-02
0.78338	6.41009e-02
0.78343	6.43700e-02
0.78348	6.46371e-02
0.78354	6.49013e-02
0.78359	6.51618e-02
0.78365	6.54178e-02
0.78371	6.56686e-02
0.78378	6.59135e-02
0.78384	6.61519e-02
0.78391	6.63829e-02
0.78398	6.66062e-02
0.78405	6.68211e-02
0.78412	6.70274e-02
0.78418	6.72207e-02
0.78425	6.74042e-02
0.78431	6.75778e-02
0.78435	6.77644e-02
0.78439	6.79442e-02
0.78443	6.81160e-02
0.78446	6.82765e-02
0.78448	6.84276e-02
0.78451	6.85693e-02
0.78452	6.87017e-02
0.78454	6.88252e-02
0.78455	6.89400e-02
0.78456	6.90466e-02
0.78457	6.91452e-02
0.78457	6.92365e-02
0.78457	6.93209e-02
0.78456	6.93989e-02
0.78456	6.94712e-02
0.78455	6.95382e-02
0.78454	6.96008e-02
0.78452	6.96594e-02
0.78450	6.97243e-02
0.78447	6.97887e-02
0.78444	6.98529e-02
0.78440	6.99242e-02
0.78435	6.99970e-02
0.78431	7.00714e-02
0.78426	7.01476e-02
0.78421	7.02257e-02
0.78415	7.03027e-02
0.78410	7.03812e-02
0.78404	7.04619e-02
0.78398	7.05447e-02
0.78392	7.06300e-02
0.78386	7.07176e-02
0.78379	7.08005e-02
0.78393	7.06654e-02
0.78405	7.05473e-02
0.78430	7.05006e-02
0.78453	7.04349e-02
0.78475	7.03598e-02
0.78497	7.02806e-02
0.78519	7.02017e-02
0.78540	7.01270e-02
0.78560	7.00595e-02
0.78578	6.99998e-02
0.78594	6.99504e-02
0.78608	6.99117e-02
0.78620	6.98834e-02
0.78630	6.98643e-02
0.78639	6.98533e-02
0.78645	6.98489e-02
0.78650	6.98496e-02
0.78654	6.98542e-02
0.78657	6.98615e-02
0.78659	6.98705e-02
0.78661	6.98805e-02
0.78662	6.98894e-02
0.78664	6.98974e-02
0.78666	6.99032e-02
0.78668	6.99051e-02
0.78670	6.99009e-02
0.78673	6.98876e-02
0.78675	6.98623e-02
0.78676	6.98213e-02
0.78677	6.97615e-02
0.78677	6.96795e-02
0.78676	6.95726e-02
0.78674	6.94388e-02
0.78671	6.92765e-02
0.78666	6.90849e-02
0.78661	6.88636e-02
0.78654	6.86128e-02
0.78646	6.83329e-02
0.78638	6.80248e-02
0.78628	6.76893e-02
0.78618	6.73275e-02
0.78608	6.69406e-02
0.78597	6.65297e-02
0.78586	6.60962e-02
0.78575	6.56411e-02
0.78563	6.51658e-02
0.78551	6.46715e-02
0.78539	6.41595e-02
0.78527	6.36309e-02
0.78514	6.30870e-02
0.78502	6.25291e-02
0.78489	6.19585e-02
0.78477	6.13763e-02
0.78464	6.07838e-02
0.78451	6.01823e-02
0.78439	5.95729e-02
0.78426	5.89569e-02
0.78413	5.83356e-02
0.78400	5.77100e-02
0.78386	5.70815e-02
0.78373	5.64511e-02
0.78360	5.58200e-02
0.78346	5.51893e-02
0.78332	5.45600e-02
0.78318	5.39332e-02
0.78304	5.33098e-02
0.78332	5.27725e-02
0.78344	5.22273e-02
0.78352	5.16890e-02
0.78357	5.11604e-02
0.78360	5.06504e-02
0.78360	5.01491e-02
0.78359	4.96550e-02
0.78355	4.91663e-02
0.78349	4.86817e-02
0.78340	4.82001e-02
0.78330	4.77207e-02
0.78317	4.72430e-02
0.78303	4.67670e-02
0.78286	4.62930e-02
0.78268	4.58213e-02
0.78249	4.53526e-02
0.78228	4.48876e-02
0.78206	4.44271e-02
0.78183	4.39720e-02
0.78158	4.35230e-02
0.78133	4.30810e-02
0.78107	4.26468e-02
0.78080	4.22214e-02
0.78052	4.18054e-02
0.78024	4.13994e-02
0.77996	4.10042e-02
0.77967	4.06207e-02
0.77944	4.03173e-02
0.77918	4.00041e-02
0.77891	3.96932e-02
0.77862	3.93895e-02
0.77833	3.90958e-02
0.77804	3.88142e-02
0.77772	3.85561e-02
0.77739	3.83188e-02
0.77706	3.81007e-02
0.77671	3.78782e-02
0.77635	3.76732e-02
0.77598	3.74876e-02
0.77561	3.73232e-02
0.77523	3.71813e-02
0.77485	3.70633e-02
0.77447	3.69705e-02
0.77408	3.69040e-02
0.77368	3.68649e-02
0.77329	3.68544e-02
0.77289	3.68735e-02
0.77250	3.69230e-02
0.77210	3.70036e-02
0.77171	3.71162e-02
0.77131	3.72612e-02
0.77092	3.74387e-02
0.77054	3.76490e-02
0.77015	3.78922e-02
0.76978	3.81680e-02
0.76940	3.84749e-02
0.76904	3.88136e-02
0.76868	3.91833e-02
0.76833	3.95834e-02
0.76798	4.00129e-02
0.76765	4.04707e-02
0.76733	4.09558e-02
0.76702	4.14667e-02
0.76672	4.20022e-02
0.76644	4.25607e-02
0.76617	4.31407e-02
0.76591	4.37406e-02
0.76567	4.43586e-02
0.76544	4.49931e-02
0.76524	4.56423e-02
0.76505	4.63045e-02
0.76487	4.69778e-02
0.76472	4.76595e-02
0.76459	4.83489e-02
0.76447	4.90444e-02
0.76438	4.97441e-02
0.76430	5.04465e-02
0.76424	5.11498e-02
0.76421	5.18524e-02
0.76420	5.25528e-02
0.76420	5.32494e-02
0.76423	5.39409e-02
0.76429	5.46259e-02
0.76436	5.53029e-02
0.76446	5.59707e-02
0.76458	5.66282e-02
0.76472	5.72742e-02
0.76488	5.79075e-02
0.76507	5.85272e-02
0.76527	5.91323e-02
0.76550	5.97220e-02
0.76575	6.02955e-02
0.76602	6.08519e-02
0.76631	6.13906e-02
0.76661	6.19111e-02
0.76694	6.24126e-02
0.76728	6.28948e-02
0.76764	6.33572e-02
0.76802	6.37994e-02
0.76841	6.42211e-02
0.76906	6.44658e-02
0.76964	6.47514e-02
0.77020	6.50393e-02
0.77076	6.53167e-02
0.77142	6.54984e-02
0.77204	6.56994e-02
0.77266	6.58972e-02
0.77327	6.60842e-02
0.77389	6.62576e-02
0.77452	6.64162e-02
0.77515	6.65600e-02
0.77578	6.66894e-02
0.77641	6.68053e-02
0.77705	6.69084e-02
0.77768	6.69997e-02
0.77830	6.70799e-02
0.77891	6.71495e-02
0.77951	6.72089e-02
0.78009	6.72582e-02
0.78066	6.72974e-02
0.78121	6.73265e-02
0.78175	6.73453e-02
0.78226	6.73603e-02
0.78275	6.73649e-02
0.78322	6.73592e-02
0.78367	6.73430e-02
0.78411	6.73166e-02
0.78450	6.72616e-02
0.78488	6.71945e-02
0.78524	6.71162e-02
0.78557	6.70271e-02
0.78588	6.69279e-02
0.78618	6.68188e-02
0.78645	6.67005e-02
0.78676	6.65847e-02
0.78704	6.64565e-02
0.78729	6.63072e-02
0.78751	6.61461e-02
0.78770	6.59745e-02
0.78787	6.57935e-02
0.78802	6.56037e-02
0.78814	6.54060e-02
0.78824	6.52009e-02
0.78832	6.49857e-02
0.78838	6.47635e-02
0.78842	6.45349e-02
0.78844	6.43002e-02
0.78844	6.40599e-02
0.78842	6.38143e-02
0.78857	6.33602e-02
0.78868	6.29161e-02
0.78878	6.24732e-02
0.78887	6.20299e-02
0.78893	6.15875e-02
0.78899	6.11477e-02
0.78912	6.07942e-02
0.78921	6.04291e-02
0.78927	6.00602e-02
0.78930	5.96909e-02
0.78931	5.93231e-02
0.78930	5.89579e-02
0.78927	5.85958e-02
0.78922	5.82374e-02
0.78916	5.78830e-02
0.78909	5.75329e-02
0.78901	5.71876e-02
0.78892	5.68479e-02
0.78882	5.65146e-02
0.78871	5.61885e-02
0.78859	5.58707e-02
0.78846	5.55616e-02
0.78833	5.52617e-02
0.78818	5.49710e-02
0.78801	5.46893e-02
0.78784	5.44159e-02
0.78765	5.41499e-02
0.78744	5.38902e-02
0.78722	5.36358e-02
0.78700	5.33853e-02
0.78676	5.31376e-02
0.78651	5.28917e-02
0.78625	5.26466e-02
0.78598	5.24017e-02
0.78572	5.21564e-02
0.78545	5.19102e-02
0.78518	5.16629e-02
0.78491	5.14143e-02
0.78464	5.11644e-02
0.78438	5.09133e-02
0.78412	5.06612e-02
0.78388	5.04083e-02
0.78364	5.01551e-02
0.78341	4.99017e-02
0.78319	4.96488e-02
0.78299	4.93967e-02
0.78280	4.91460e-02
0.78262	4.88973e-02
0.78246	4.86510e-02
0.78232	4.84079e-02
0.78218	4.81685e-02
0.78206	4.79258e-02
0.78195	4.76865e-02
0.78186	4.74513e-02
0.78178	4.72208e-02
0.78172	4.69957e-02
0.78168	4.67764e-02
0.78165	4.65636e-02
0.78165	4.63577e-02
0.78166	4.61592e-02
0.78169	4.59688e-02
0.78174	4.57868e-02
0.78181	4.56137e-02
0.78189	4.54501e-02
0.78199	4.52962e-02
0.78212	4.51525e-02
0.78225	4.50193e-02
0.78241	4.48971e-02
0.78259	4.47860e-02
0.78278	4.46863e-02
0.78299	4.45983e-02
0.78321	4.45221e-02
0.78345	4.44580e-02
0.78368	4.44593e-02
0.78392	4.44783e-02
0.78418	4.45144e-02
0.78445	4.45673e-02
0.78473	4.46366e-02
0.78504	4.47691e-02
0.78535	4.48877e-02
0.78566	4.50055e-02
0.78597	4.51267e-02
0.78628	4.52527e-02
0.78660	4.53840e-02
0.78692	4.55208e-02
0.78723	4.56639e-02
0.78755	4.58121e-02
0.78787	4.59631e-02
0.78818	4.61184e-02
0.78849	4.62779e-02
0.78881	4.64412e-02
0.78912	4.66082e-02
0.78942	4.67785e-02
0.78973	4.69517e-02
0.79016	4.71612e-02
0.79057	4.73738e-02
0.79097	4.75906e-02
0.79137	4.78110e-02
0.79176	4.80343e-02
0.79214	4.82589e-02
0.79251	4.84920e-02
0.79286	4.87245e-02
0.79319	4.89548e-02
0.79351	4.91814e-02
0.79381	4.94032e-02
0.79409	4.96191e-02
0.79437	4.98218e-02
0.79463	5.00201e-02
0.79486	5.02126e-02
0.79508	5.03987e-02
0.79527	5.05783e-02
0.79545	5.07514e-02
0.79561	5.09181e-02
0.79576	5.10784e-02
0.79589	5.12327e-02
0.79600	5.13808e-02
0.79610	5.15231e-02
0.79619	5.16596e-02
0.79626	5.17905e-02
0.79632	5.19157e-02
0.79637	5.20355e-02
0.79640	5.21498e-02
0.79643	5.22588e-02
0.79644	5.23625e-02
0.79645	5.24611e-02
0.79644	5.25545e-02
0.79643	5.26430e-02
0.79641	5.27265e-02
0.79639	5.28052e-02
0.79636	5.28792e-02
0.79632	5.29484e-02
0.79629	5.30131e-02
0.79625	5.30731e-02
0.79622	5.31285e-02
0.79619	5.31792e-02
0.79616	5.32252e-02
0.79613	5.32662e-02
0.79611	5.33020e-02
0.79609	5.33325e-02
0.79607	5.33571e-02
0.79604	5.33757e-02
0.79602	5.33877e-02
0.79598	5.33929e-02
0.79594	5.33909e-02
0.79589	5.33815e-02
0.79583	5.33648e-02
0.79575	5.33408e-02
0.79566	5.33099e-02
0.79555	5.32725e-02
0.79544	5.32310e-02
0.79531	5.31846e-02
0.79540	5.34340e-02
0.79547	5.36742e-02
0.79552	5.39097e-02
0.79555	5.41412e-02
0.79556	5.43687e-02
0.79556	5.45914e-02
0.79555	5.48097e-02
0.79552	5.50240e-02
0.79547	5.52355e-02
0.79542	5.54454e-02
0.79536	5.56552e-02
0.79529	5.58666e-02
0.79522	5.60813e-02
0.79515	5.63005e-02
0.79507	5.65253e-02
0.79498	5.67560e-02
0.79490	5.69922e-02
0.79481	5.72323e-02
0.79472	5.74742e-02
0.79462	5.77147e-02
0.79451	5.79501e-02
0.79440	5.81767e-02
0.79426	5.84040e-02
0.79411	5.86182e-02
0.79395	5.88163e-02
0.79377	5.89966e-02
0.79358	5.91582e-02
0.79337	5.93012e-02
0.79315	5.94261e-02
0.79292	5.95342e-02
0.79268	5.96267e-02
0.79243	5.97053e-02
0.79216	5.97718e-02
0.79189	5.98279e-02
0.79161	5.98761e-02
0.79132	5.99172e-02
0.79102	5.99495e-02
0.79072	5.99773e-02
0.79041	6.00019e-02
0.79009	6.00243e-02
0.78977	6.00456e-02
0.78945	6.00666e-02
0.78913	6.00881e-02
0.78880	6.01110e-02
0.78847	6.01359e-02
0.78814	6.01635e-02
0.78780	6.01943e-02
0.78746	6.02291e-02
0.78712	6.02683e-02
0.78678	6.03134e-02
0.78643	6.03643e-02
0.78608	6.04215e-02
0.78573	6.04856e-02
0.78538	6.05570e-02
0.78502	6.06363e-02
0.78467	6.07238e-02
0.78431	6.08203e-02
0.78394	6.09261e-02
0.78358	6.10417e-02
0.78321	6.11677e-02
0.78284	6.13045e-02
0.78247	6.14524e-02
0.78210	6.16119e-02
0.78172	6.17835e-02
0.78133	6.19569e-02
0.78093	6.21429e-02
0.78053	6.23416e-02
0.78013	6.25534e-02
0.77972	6.27783e-02
0.77932	6.30165e-02
0.77890	6.32681e-02
0.77849	6.35331e-02
0.77807	6.38114e-02
0.77765	6.41030e-02
0.77723	6.44075e-02
0.77681	6.47249e-02
0.77638	6.50547e-02
0.77595	6.53966e-02
0.77552	6.57502e-02
0.77508	6.61149e-02
0.77465	6.64903e-02
0.77421	6.68756e-02
0.77377	6.72703e-02
0.77333	6.76735e-02
0.77289	6.80846e-02
0.77245	6.85028e-02
0.77200	6.89271e-02
0.77156	6.93568e-02
0.77112	6.97908e-02
0.77066	7.02445e-02
0.77019	7.07017e-02
0.76973	7.11611e-02
0.76927	7.16217e-02
0.76881	7.20824e-02
0.76835	7.25423e-02
0.76789	7.30002e-02
0.76744	7.34551e-02
0.76698	7.39059e-02
0.76653	7.43516e-02
0.76608	7.47912e-02
0.76562	7.52124e-02
0.76516	7.56247e-02
0.76470	7.60272e-02
0.76424	7.64192e-02
0.76377	7.68076e-02
0.76330	7.71855e-02
0.76284	7.75517e-02
0.76238	7.79057e-02
0.76192	7.82467e-02
0.76147	7.85740e-02
0.76102	7.88873e-02
0.76058	7.91858e-02
0.76014	7.94625e-02
0.75970	7.97221e-02
0.75926	7.99643e-02
0.75883	8.01888e-02
0.75840	8.03953e-02
0.75798	8.05835e-02
0.75757	8.07532e-02
0.75717	8.09041e-02
0.75677	8.10362e-02
0.75638	8.11493e-02
0.75599	8.12506e-02
0.75561	8.13342e-02
0.75524	8.13995e-02
0.75488	8.14465e-02
0.75452	8.14751e-02
0.75418	8.14854e-02
0.75384	8.14776e-02
0.75351	8.14516e-02
0.75319	8.14079e-02
0.75288	8.13465e-02
0.75258	8.12676e-02
0.75229	8.11717e-02
0.75201	8.10584e-02
0.75174	8.09286e-02
0.75150	8.08052e-02
0.75126	8.06558e-02
0.75102	8.04841e-02
0.75078	8.02918e-02
0.75055	8.00805e-02
0.75032	7.98513e-02
0.75010	7.96050e-02
0.74988	7.93405e-02
0.74967	7.90608e-02
0.74946	7.87665e-02
0.74927	7.84582e-02
0.74907	7.81364e-02
0.74889	7.78017e-02
0.74871	7.74546e-02
0.74853	7.70954e-02
0.74836	7.67248e-02
0.74820	7.63431e-02
0.74805	7.59508e-02
0.74790	7.55483e-02
0.74775	7.51359e-02
0.74761	7.47142e-02
0.74748	7.42834e-02
0.74735	7.38439e-02
0.74723	7.33962e-02
0.74711	7.29406e-02
0.74699	7.24776e-02
0.74688	7.20074e-02
0.74678	7.15305e-02
0.74667	7.10442e-02
0.74657	7.05511e-02
0.74648	7.00518e-02
0.74638	6.95468e-02
0.74629	6.90366e-02
0.74620	6.85216e-02
0.74612	6.80025e-02
0.74603	6.74796e-02
0.74616	6.67114e-02
0.74627	6.59512e-02
0.74639	6.51936e-02
0.74651	6.44364e-02
0.74663	6.36806e-02
0.74674	6.29289e-02
0.74686	6.21850e-02
0.74697	6.14530e-02
0.74707	6.07368e-02
0.74716	6.00395e-02
0.74723	5.93631e-02
0.74729	5.87091e-02
0.74733	5.80781e-02
0.74736	5.74702e-02
0.74738	5.68852e-02
0.74738	5.63229e-02
0.74737	5.57827e-02
0.74734	5.52692e-02
0.74731	5.47779e-02
0.74727	5.43082e-02
0.74722	5.38601e-02
0.74716	5.34333e-02
0.74710	5.30278e-02
0.74703	5.26439e-02
0.74696	5.22817e-02
0.74689	5.19414e-02
0.74681	5.16234e-02
0.74673	5.13279e-02
0.74662	5.10100e-02
0.74651	5.07119e-02
0.74639	5.04343e-02
0.74627	5.01775e-02
0.74615	4.99421e-02
0.74603	4.97285e-02
0.74591	4.95370e-02
0.74579	4.93678e-02
0.74566	4.92212e-02
0.74554	4.90973e-02
0.74542	4.89960e-02
0.74530	4.89173e-02
0.74518	4.88583e-02
0.74505	4.88216e-02
0.74493	4.88068e-02
0.74482	4.88134e-02
0.74471	4.88406e-02
0.74460	4.88879e-02
0.74451	4.89542e-02
0.74441	4.90388e-02
0.74433	4.91406e-02
0.74425	4.92587e-02
0.74418	4.93945e-02
0.74412	4.95441e-02
0.74407	4.97064e-02
0.74402	4.98801e-02
0.74399	5.00641e-02
0.74397	5.02570e-02
0.74396	5.04576e-02
0.74397	5.06646e-02
0.74398	5.08768e-02
0.74401	5.10930e-02
0.74405	5.13118e-02
0.74411	5.15321e-02
0.74418	5.17585e-02
0.74425	5.19848e-02
0.74439	5.22181e-02
0.74452	5.24474e-02
0.74467	5.26732e-02
0.74482	5.28953e-02
0.74500	5.31130e-02
0.74519	5.33257e-02
0.74539	5.35327e-02
0.74561	5.37237e-02
0.74584	5.39064e-02
0.74608	5.40804e-02
0.74635	5.42456e-02
0.74663	5.44019e-02
0.74693	5.45491e-02
0.74724	5.46879e-02
0.74757	5.48179e-02
0.74791	5.49391e-02
0.74827	5.50517e-02
0.74865	5.51559e-02
0.74904	5.52517e-02
0.74944	5.53393e-02
0.74985	5.54187e-02
0.75028	5.54899e-02
0.75072	5.55530e-02
0.75116	5.56077e-02
0.75161	5.56541e-02
0.75207	5.56919e-02
0.75254	5.57211e-02
0.75300	5.57415e-02
0.75357	5.58907e-02
0.75414	5.60382e-02
0.75472	5.61864e-02
0.75530	5.63363e-02
0.75587	5.64882e-02
0.75645	5.66422e-02
0.75703	5.67979e-02
0.75760	5.69549e-02
0.75817	5.71138e-02
0.75873	5.72727e-02
0.75928	5.74307e-02
0.75982	5.75872e-02
0.76035	5.77415e-02
0.76087	5.78931e-02
0.76138	5.80414e-02
0.76188	5.81858e-02
0.76236	5.83261e-02
0.76282	5.84618e-02
0.76327	5.85929e-02
0.76369	5.87190e-02
0.76411	5.88400e-02
0.76450	5.89559e-02
0.76487	5.90665e-02
0.76523	5.91719e-02
0.76556	5.92719e-02
0.76587	5.93676e-02
0.76616	5.94583e-02
0.76643	5.95438e-02
0.76667	5.96242e-02
0.76689	5.96991e-02
0.76709	5.97687e-02
0.76727	5.98326e-02
0.76742	5.98906e-02
0.76755	5.99426e-02
0.76766	5.99882e-02
0.76774	6.00272e-02
0.76779	6.00488e-02
0.76780	6.00611e-02
0.76779	6.00637e-02
0.76776	6.00564e-02
0.76770	6.00389e-02
0.76761	6.00108e-02
0.76750	5.99718e-02
0.76736	5.99215e-02
0.76720	5.98596e-02
0.76702	5.97857e-02
0.76681	5.96995e-02
0.76657	5.96009e-02
0.76631	5.94890e-02
0.76603	5.93641e-02
0.76573	5.92261e-02
0.76540	5.90748e-02
0.76505	5.89101e-02
0.76468	5.87321e-02
0.76429	5.85408e-02
0.76389	5.83362e-02
0.76346	5.81186e-02
0.76301	5.78881e-02
0.76253	5.76709e-02
0.76202	5.74448e-02
0.76150	5.72096e-02
0.76096	5.69654e-02
0.76041	5.67129e-02
0.75984	5.64529e-02
0.75925	5.61860e-02
0.75866	5.59132e-02
0.75803	5.56270e-02
0.75739	5.53348e-02
0.75674	5.50381e-02
0.75608	5.47382e-02
0.75539	5.44439e-02
0.75468	5.41495e-02
0.75396	5.38463e-02
0.75323	5.35439e-02
0.75249	5.32441e-02
0.75174	5.29488e-02
0.75099	5.26597e-02
0.75024	5.23787e-02
0.74948	5.21076e-02
0.74872	5.18477e-02
0.74796	5.16013e-02
0.74721	5.13702e-02
0.74645	5.11564e-02
0.74570	5.09616e-02
0.74495	5.07876e-02
0.74440	5.05607e-02
0.74383	5.03745e-02
0.74326	5.02274e-02
0.74268	5.01188e-02
0.74209	5.00481e-02
0.74150	5.00138e-02
0.74092	5.00165e-02
0.74033	5.00557e-02
0.73975	5.01310e-02
0.73919	5.02420e-02
0.73863	5.03883e-02
0.73808	5.05693e-02
0.73755	5.07845e-02
0.73703	5.10332e-02
0.73654	5.13148e-02
0.73606	5.16206e-02
0.73558	5.19397e-02
0.73513	5.22863e-02
0.73469	5.26597e-02
0.73429	5.30591e-02
0.73391	5.34837e-02
0.73356	5.39324e-02
0.73323	5.44042e-02
0.73294	5.48986e-02
0.73268	5.54125e-02
0.73245	5.59416e-02
0.73226	5.64827e-02
0.73211	5.70334e-02
0.73200	5.75920e-02
0.73193	5.81572e-02
0.73189	5.87286e-02
0.73189	5.93058e-02
0.73191	5.98887e-02
0.73197	6.04772e-02
0.73205	6.10713e-02
0.73216	6.16705e-02
0.73228	6.22745e-02
0.73242	6.28827e-02
0.73258	6.34943e-02
0.73276	6.41088e-02
0.73308	6.47097e-02
0.73340	6.53134e-02
0.73374	6.59184e-02
0.73409	6.65233e-02
0.73445	6.71269e-02
0.73482	6.77281e-02
0.73521	6.83257e-02
0.73561	6.89190e-02
0.73602	6.95068e-02
0.73645	7.00883e-02
0.73688	7.06626e-02
0.73733	7.12182e-02
0.73778	7.17632e-02
0.73825	7.22967e-02
0.73873	7.28180e-02
0.73923	7.33261e-02
0.73973	7.38205e-02
0.74025	7.43004e-02
0.74077	7.47650e-02
0.74131	7.52138e-02
0.74186	7.56459e-02
0.74242	7.60608e-02
0.74299	7.64578e-02
0.74356	7.68364e-02
0.74415	7.71960e-02
0.74474	7.75359e-02
0.74534	7.78558e-02
0.74594	7.81550e-02
0.74656	7.84332e-02
0.74717	7.86900e-02
0.74780	7.89249e-02
0.74842	7.91377e-02
0.74905	7.93281e-02
0.74990	7.89879e-02
0.75064	7.89062e-02
0.75133	7.88886e-02
0.75199	7.88786e-02
0.75264	7.88642e-02
0.75328	7.88414e-02
0.75390	7.88083e-02
0.75451	7.87637e-02
0.75510	7.87060e-02
0.75568	7.86349e-02
0.75624	7.85501e-02
0.75679	7.84513e-02
0.75731	7.83371e-02
0.75781	7.82080e-02
0.75828	7.80583e-02
0.75872	7.78923e-02
0.75915	7.77102e-02
0.75955	7.75122e-02
0.75994	7.72987e-02
0.76030	7.70701e-02
0.76064	7.68270e-02
0.76096	7.65701e-02
0.76126	7.63003e-02
0.76154	7.60186e-02
0.76179	7.57260e-02
0.76202	7.54238e-02
0.76223	7.51131e-02
0.76242	7.47954e-02
0.76258	7.44718e-02
0.76272	7.41438e-02
0.76283	7.38124e-02
0.76291	7.34786e-02
0.76298	7.31434e-02
0.76301	7.28075e-02
0.76302	7.24712e-02
0.76301	7.21350e-02
0.76297	7.17989e-02
0.76291	7.14629e-02
0.76282	7.11268e-02
0.76270	7.07902e-02
0.76256	7.04527e-02
0.76240	7.01137e-02
0.76219	6.97275e-02
0.76194	6.93338e-02
0.76167	6.89340e-02
0.76138	6.85281e-02
0.76107	6.81158e-02
0.76074	6.76967e-02
0.76038	6.72702e-02
0.76001	6.68361e-02
0.75960	6.64075e-02
0.75917	6.59727e-02
0.75873	6.55310e-02
0.75826	6.50824e-02
0.75778	6.46266e-02
0.75728	6.41638e-02
0.75677	6.36942e-02
0.75625	6.32181e-02
0.75572	6.27357e-02
0.75517	6.22475e-02
0.75461	6.17543e-02
0.75405	6.12565e-02
0.75348	6.07550e-02
0.75290	6.02507e-02
0.75231	5.97446e-02
0.75173	5.92378e-02
0.75114	5.87314e-02
0.75053	5.82524e-02
0.74992	5.77809e-02
0.74931	5.73173e-02
0.74869	5.68627e-02
0.74808	5.64182e-02
0.74747	5.59853e-02
0.74686	5.55653e-02
0.74626	5.51596e-02
0.74566	5.47697e-02
0.74507	5.43971e-02
0.74449	5.40432e-02
0.74391	5.37091e-02
0.74334	5.33964e-02
0.74278	5.31065e-02
0.74223	5.28407e-02
0.74170	5.26000e-02
0.74117	5.23856e-02
0.74066	5.21983e-02
0.74017	5.20391e-02
0.73968	5.19086e-02
0.73922	5.18072e-02
0.73877	5.17353e-02
0.73834	5.16932e-02
0.73792	5.16807e-02
0.73753	5.16976e-02
0.73715	5.17435e-02
0.73679	5.18179e-02
0.73645	5.19199e-02
0.73613	5.20485e-02
0.73583	5.22027e-02
0.73555	5.23811e-02
0.73529	5.25823e-02
0.73505	5.28046e-02
0.73490	5.29999e-02
0.73477	5.32175e-02
0.73466	5.34542e-02
0.73469	5.36871e-02
0.73471	5.39362e-02
0.73473	5.41955e-02
0.73477	5.44614e-02
0.73483	5.47313e-02
0.73489	5.50002e-02
0.73497	5.52677e-02
0.73506	5.55312e-02
0.73516	5.57885e-02
0.73527	5.60445e-02
0.73539	5.62911e-02
0.73552	5.65264e-02
0.73566	5.67488e-02
0.73581	5.69569e-02
0.73596	5.71493e-02
0.73612	5.73247e-02
0.73629	5.74823e-02
0.73646	5.76210e-02
0.73663	5.77404e-02
0.73681	5.78397e-02
0.73699	5.79187e-02
0.73717	5.79770e-02
0.73734	5.80148e-02
0.73752	5.80319e-02
0.73784	5.80565e-02
0.73812	5.80583e-02
0.73839	5.80400e-02
0.73864	5.80024e-02
0.73888	5.79462e-02
0.73910	5.78722e-02
0.73931	5.77810e-02
0.73950	5.76737e-02
0.73967	5.75511e-02
0.73983	5.74145e-02
0.73997	5.72650e-02
0.74009	5.71038e-02
0.74019	5.69325e-02
0.74028	5.67522e-02
0.74033	5.65647e-02
0.74048	5.65893e-02
0.74059	5.65621e-02
0.74065	5.64994e-02
0.74067	5.64093e-02
0.74066	5.62974e-02
0.74061	5.61682e-02
0.74054	5.60258e-02
0.74043	5.58745e-02
0.74028	5.57212e-02
0.74011	5.55671e-02
0.73991	5.54154e-02
0.73968	5.52693e-02
0.73942	5.51315e-02
0.73914	5.50044e-02
0.73883	5.48901e-02
0.73850	5.47906e-02
0.73815	5.47074e-02
0.73777	5.46418e-02
0.73737	5.45948e-02
0.73695	5.45671e-02
0.73651	5.45593e-02
0.73606	5.45715e-02
0.73558	5.46040e-02
0.73508	5.46566e-02
0.73457	5.47291e-02
0.73403	5.48254e-02
0.73347	5.49412e-02
0.73289	5.50759e-02
0.73230	5.52286e-02
0.73170	5.53985e-02
0.73108	5.55846e-02
0.73045	5.57859e-02
0.72981	5.60014e-02
0.72916	5.62297e-02
0.72850	5.64700e-02
0.72783	5.67208e-02
0.72716	5.69812e-02
0.72648	5.72500e-02
0.72580	5.75261e-02
0.72512	5.78083e-02
0.72443	5.80956e-02
0.72375	5.83869e-02
0.72307	5.86814e-02
0.72240	5.89781e-02
0.72173	5.92762e-02
0.72106	5.95748e-02
0.72041	5.98732e-02
0.71976	6.01708e-02
0.71913	6.04670e-02
0.71850	6.07611e-02
0.71789	6.10528e-02
0.71730	6.13416e-02
0.71672	6.16272e-02
0.71617	6.19093e-02
0.71563	6.21877e-02
0.71511	6.24621e-02
0.71462	6.27326e-02
0.71414	6.29990e-02
0.71381	6.31378e-02
0.71349	6.32806e-02
0.71319	6.34259e-02
0.71291	6.35822e-02
0.71265	6.37428e-02
0.71241	6.39085e-02
0.71219	6.40798e-02
0.71199	6.42570e-02
0.71182	6.44420e-02
0.71166	6.46326e-02
0.71153	6.48282e-02
0.71144	6.50278e-02
0.71136	6.52288e-02
0.71133	6.54312e-02
0.71131	6.56163e-02
0.71133	6.57969e-02
0.71138	6.59713e-02
0.71148	6.61373e-02
0.71161	6.62929e-02
0.71179	6.64359e-02
0.71201	6.65640e-02
0.71227	6.66755e-02
0.71258	6.67689e-02
0.71294	6.68434e-02
0.71333	6.68990e-02
0.71377	6.69367e-02
0.71426	6.69582e-02
0.71476	6.69600e-02
0.71531	6.69501e-02
0.71588	6.69319e-02
0.71648	6.69088e-02
0.71710	6.68838e-02
0.71775	6.68592e-02
0.71841	6.68369e-02
0.71910	6.68179e-02
0.71980	6.68027e-02
0.72052	6.67910e-02
0.72125	6.67822e-02
0.72200	6.67752e-02
0.72276	6.67687e-02
0.72353	6.67611e-02
0.72432	6.67508e-02
0.72510	6.67105e-02
0.72589	6.66625e-02
0.72669	6.66053e-02
0.72750	6.65371e-02
0.72832	6.64560e-02
0.72914	6.63606e-02
0.72997	6.62492e-02
0.73079	6.61204e-02
0.73162	6.59745e-02
0.73245	6.58089e-02
0.73327	6.56225e-02
0.73409	6.54140e-02
0.73491	6.51825e-02
0.73571	6.49271e-02
0.73651	6.46473e-02
0.73730	6.43422e-02
0.73808	6.40116e-02
0.73884	6.36549e-02
0.73959	6.32720e-02
0.74032	6.28628e-02
0.74099	6.24466e-02
0.74164	6.20076e-02
0.74226	6.15456e-02
0.74286	6.10605e-02
0.74343	6.05528e-02
0.74396	6.00300e-02
0.74446	5.94868e-02
0.74493	5.89238e-02
0.74536	5.83415e-02
0.74576	5.77408e-02
0.74613	5.71226e-02
0.74646	5.64880e-02
0.74675	5.58378e-02
0.74700	5.51733e-02
0.74721	5.44956e-02
0.74739	5.38058e-02
0.74752	5.31028e-02
0.74762	5.23902e-02
0.74767	5.16691e-02
0.74768	5.09407e-02
0.74766	5.02062e-02
0.74759	4.94670e-02
0.74748	4.87242e-02
0.74733	4.79791e-02
0.74714	4.72330e-02
0.74691	4.64871e-02
0.74664	4.57424e-02
0.74633	4.50003e-02
0.74599	4.42618e-02
0.74560	4.35281e-02
0.74518	4.28002e-02
0.74473	4.20792e-02
0.74424	4.13661e-02
0.74371	4.06618e-02
0.74315	3.99673e-02
0.74257	3.92835e-02
0.74195	3.86114e-02
0.74130	3.79516e-02
0.74062	3.73159e-02
0.73990	3.66953e-02
0.73916	3.60897e-02
0.73839	3.55051e-02
0.73760	3.49383e-02
0.73679	3.43894e-02
0.73595	3.38591e-02
0.73510	3.33481e-02
0.73423	3.28570e-02
0.73335	3.23867e-02
0.73246	3.19380e-02
0.73156	3.15117e-02
0.73065	3.11089e-02
0.72974	3.07304e-02
0.72881	3.03737e-02
0.72789	3.00432e-02
0.72696	2.97400e-02
0.72604	2.94652e-02
0.72512	2.92200e-02
0.72421	2.90055e-02
0.72379	2.83982e-02
0.72356	2.78174e-02
0.72313	2.75191e-02
0.72253	2.74013e-02
0.72186	2.73749e-02
0.72117	2.74113e-02
0.72050	2.75019e-02
0.71983	2.76414e-02
0.71918	2.78291e-02
0.71855	2.80636e-02
0.71795	2.83435e-02
0.71737	2.86676e-02
0.71683	2.90340e-02
0.71631	2.94410e-02
0.71582	2.98864e-02
0.71537	3.03678e-02
0.71495	3.08826e-02
0.71456	3.14283e-02
0.71421	3.20021e-02
0.71389	3.26016e-02
0.71360	3.32244e-02
0.71335	3.38682e-02
0.71313	3.45298e-02
0.71295	3.52087e-02
0.71281	3.59030e-02
0.71271	3.66113e-02
0.71265	3.73323e-02
0.71262	3.80646e-02
0.71264	3.88071e-02
0.71270	3.95586e-02
0.71278	4.03364e-02
0.71290	4.11242e-02
0.71306	4.19205e-02
0.71326	4.27238e-02
0.71349	4.35329e-02
0.71376	4.43465e-02
0.71408	4.51631e-02
0.71443	4.59816e-02
0.71481	4.68007e-02
0.71523	4.76189e-02
0.71569	4.84351e-02
0.71618	4.92478e-02
0.71671	5.00558e-02
0.71727	5.08578e-02
0.71786	5.16524e-02
0.71848	5.24382e-02
0.71913	5.32141e-02
0.71993	5.38213e-02
0.72073	5.44528e-02
0.72154	5.50878e-02
0.72236	5.57159e-02
0.72320	5.63314e-02
0.72407	5.69309e-02
0.72495	5.75124e-02
0.72585	5.80740e-02
0.72676	5.86145e-02
0.72769	5.91328e-02
0.72863	5.96280e-02
0.72980	6.03222e-02
0.73092	6.09503e-02
0.73203	6.15354e-02
0.73312	6.20824e-02
0.73420	6.25929e-02
0.73526	6.30676e-02
0.73631	6.35072e-02
0.73734	6.39129e-02
0.73835	6.42857e-02
0.73935	6.46267e-02
0.74033	6.49374e-02
0.74129	6.52187e-02
0.74222	6.54720e-02
0.74313	6.56982e-02
0.74402	6.58984e-02
0.74489	6.60734e-02
0.74573	6.62241e-02
0.74654	6.63514e-02
0.74732	6.64559e-02
0.74807	6.65383e-02
0.74880	6.65992e-02
0.74949	6.66394e-02
0.75015	6.66638e-02
0.75077	6.66694e-02
0.75136	6.66564e-02
0.75198	6.66426e-02
0.75257	6.66134e-02
0.75312	6.65700e-02
0.75365	6.65130e-02
0.75414	6.64427e-02
0.75460	6.63592e-02
0.75502	6.62625e-02
0.75540	6.61526e-02
0.75574	6.60294e-02
0.75604	6.58928e-02
0.75630	6.57428e-02
0.75651	6.55791e-02
0.75667	6.54026e-02
0.75679	6.52136e-02
0.75687	6.50127e-02
0.75690	6.48004e-02
0.75689	6.45773e-02
0.75683	6.43488e-02
0.75673	6.41118e-02
0.75658	6.38663e-02
0.75640	6.36127e-02
0.75618	6.33513e-02
0.75592	6.30822e-02
0.75563	6.28055e-02
0.75530	6.25209e-02
0.75493	6.22286e-02
0.75452	6.19280e-02
0.75408	6.16191e-02
0.75361	6.13014e-02
0.75310	6.09746e-02
0.75255	6.06383e-02
0.75197	6.02923e-02
0.75136	5.99364e-02
0.75072	5.95702e-02
0.75004	5.91937e-02
0.74933	5.88068e-02
0.74860	5.84094e-02
0.74783	5.80018e-02
0.74704	5.75838e-02
0.74622	5.71493e-02
0.74538	5.67038e-02
0.74451	5.62478e-02
0.74362	5.57817e-02
0.74272	5.53059e-02
0.74179	5.48208e-02
0.74086	5.43267e-02
0.73990	5.38240e-02
0.73907	5.31476e-02
0.73822	5.24719e-02
0.73736	5.17954e-02
0.73648	5.11193e-02
0.73560	5.04451e-02
0.73471	4.97750e-02
0.73381	4.91105e-02
0.73290	4.84529e-02
0.73199	4.78033e-02
0.73107	4.71626e-02
0.73015	4.65315e-02
0.72922	4.59106e-02
0.72830	4.53006e-02
0.72738	4.47022e-02
0.72646	4.41161e-02
0.72555	4.35432e-02
0.72464	4.29843e-02
0.72374	4.24406e-02
0.72285	4.19133e-02
0.72197	4.14036e-02
0.72110	4.09131e-02
0.72025	4.04432e-02
0.71941	3.99957e-02
0.71859	3.95724e-02
0.71778	3.91751e-02
0.71700	3.88057e-02
0.71624	3.84662e-02
0.71549	3.81586e-02
0.71477	3.78835e-02
0.71407	3.76442e-02
0.71339	3.74427e-02
0.71274	3.72807e-02
0.71211	3.71600e-02
0.71151	3.70819e-02
0.71093	3.70480e-02
0.71038	3.70591e-02
0.70985	3.71162e-02
0.70935	3.72197e-02
0.70888	3.73700e-02
0.70844	3.75669e-02
0.70802	3.78100e-02
0.70763	3.80986e-02
0.70727	3.84318e-02
0.70693	3.88082e-02
0.70662	3.92262e-02
0.70634	3.96841e-02
0.70608	4.01799e-02
0.70586	4.07113e-02
0.70565	4.12759e-02
0.70547	4.18713e-02
0.70532	4.24969e-02
0.70519	4.31484e-02
0.70509	4.38228e-02
0.70500	4.45189e-02
0.70493	4.52322e-02
0.70488	4.59598e-02
0.70486	4.66989e-02
0.70485	4.74465e-02
0.70499	4.82846e-02
0.70513	4.91196e-02
0.70528	4.99548e-02
0.70544	5.07893e-02
0.70561	5.16199e-02
0.70579	5.24432e-02
0.70597	5.32354e-02
0.70615	5.40103e-02
0.70632	5.47738e-02
0.70649	5.55147e-02
0.70666	5.62301e-02
0.70683	5.69179e-02
0.70699	5.75891e-02
0.70714	5.82309e-02
0.70729	5.88420e-02
0.70744	5.94214e-02
0.70759	5.99682e-02
0.70773	6.04818e-02
0.70787	6.09617e-02
0.70800	6.14071e-02
0.70813	6.18180e-02
0.70825	6.21944e-02
0.70837	6.25361e-02
0.70849	6.28430e-02
0.70860	6.31152e-02
0.70870	6.33529e-02
0.70880	6.35563e-02
0.70889	6.37256e-02
0.70898	6.38612e-02
0.70905	6.39637e-02
0.70913	6.40335e-02
0.70919	6.40713e-02
0.70924	6.40793e-02
0.70929	6.40571e-02
0.70932	6.40033e-02
0.70935	6.39210e-02
0.70936	6.38115e-02
0.70937	6.36760e-02
0.70937	6.35159e-02
0.70936	6.33325e-02
0.70934	6.31273e-02
0.70931	6.29020e-02
0.70928	6.26581e-02
0.70923	6.23975e-02
0.70917	6.21218e-02
0.70911	6.18331e-02
0.70904	6.15331e-02
0.70896	6.12239e-02
0.70887	6.09076e-02
0.70877	6.05861e-02
0.70866	6.02615e-02
0.70855	5.99360e-02
0.70843	5.96117e-02
0.70831	5.92905e-02
0.70817	5.89747e-02
0.70804	5.86661e-02
0.70789	5.83669e-02
0.70775	5.80788e-02
0.70760	5.78037e-02
0.70744	5.75493e-02
0.70727	5.73114e-02
0.70711	5.70913e-02
0.70694	5.68903e-02
0.70677	5.67095e-02
0.70660	5.65499e-02
0.70643	5.64123e-02
0.70626	5.62974e-02
0.70609	5.62057e-02
0.70592	5.61375e-02
0.70576	5.60930e-02
0.70557	5.60566e-02
0.70538	5.60412e-02
0.70520	5.60469e-02
0.70501	5.60772e-02
0.70483	5.61286e-02
0.70464	5.62002e-02
0.70447	5.62912e-02
0.70430	5.64006e-02
0.70413	5.65273e-02
0.70397	5.66702e-02
0.70382	5.68283e-02
0.70368	5.70002e-02
0.70354	5.71849e-02
0.70342	5.73811e-02
0.70330	5.75875e-02
0.70319	5.77712e-02
0.70308	5.79566e-02
0.70298	5.81439e-02
0.70289	5.83327e-02
0.70281	5.85222e-02
0.70274	5.87117e-02
0.70269	5.89003e-02
0.70263	5.90915e-02
0.70259	5.92807e-02
0.70256	5.94672e-02
0.70253	5.96542e-02
0.70252	5.98372e-02
0.70252	6.00156e-02
0.70252	6.01889e-02
0.70254	6.03567e-02
0.70266	6.04614e-02
0.70278	6.05658e-02
0.70290	6.06659e-02
0.70303	6.07587e-02
0.70318	6.08422e-02
0.70334	6.09151e-02
0.70352	6.09764e-02
0.70372	6.10260e-02
0.70393	6.10639e-02
0.70416	6.10909e-02
0.70441	6.11080e-02
0.70468	6.11168e-02
0.70496	6.11187e-02
0.70525	6.11163e-02
0.70555	6.11119e-02
0.70586	6.11078e-02
0.70616	6.11055e-02
0.70646	6.11062e-02
0.70675	6.11105e-02
0.70702	6.11093e-02
0.70727	6.11097e-02
0.70751	6.11110e-02
0.70773	6.11124e-02
0.70794	6.11131e-02
0.70813	6.11120e-02
0.70831	6.11084e-02
0.70847	6.11015e-02
0.70862	6.10909e-02
0.70875	6.10759e-02
0.70888	6.10563e-02
0.70899	6.10318e-02
0.70909	6.10023e-02
0.70917	6.09678e-02
0.70925	6.09284e-02
0.70932	6.08842e-02
0.70938	6.08355e-02
0.70942	6.07826e-02
0.70946	6.07258e-02
0.70949	6.06658e-02
0.70951	6.06029e-02
0.70952	6.05377e-02
0.70952	6.04710e-02
0.70951	6.04033e-02
0.70950	6.03354e-02
0.70947	6.02681e-02
0.70944	6.02021e-02
0.70939	6.01383e-02
0.70934	6.00776e-02
0.70928	6.00207e-02
0.70921	5.99686e-02
0.70913	5.99220e-02
0.70904	5.98820e-02
0.70895	5.98492e-02
0.70885	5.98245e-02
0.70873	5.98087e-02
0.70861	5.98026e-02
0.70848	5.98068e-02
0.70834	5.98219e-02
0.70820	5.98486e-02
0.70801	5.99310e-02
0.70781	6.00279e-02
0.70760	6.01390e-02
0.70739	6.02642e-02
0.70716	6.04035e-02
0.70692	6.05564e-02
0.70668	6.07226e-02
0.70643	6.09018e-02
0.70617	6.10932e-02
0.70590	6.12963e-02
0.70562	6.15103e-02
0.70546	6.19427e-02
0.70528	6.23541e-02
0.70508	6.27573e-02
0.70486	6.31572e-02
0.70463	6.35513e-02
0.70439	6.39395e-02
0.70413	6.43219e-02
0.70387	6.46992e-02
0.70361	6.50725e-02
0.70333	6.54434e-02
0.70306	6.58132e-02
0.70279	6.61835e-02
0.70252	6.65552e-02
0.70226	6.69285e-02
0.70200	6.73028e-02
0.70181	6.77478e-02
0.70162	6.81781e-02
0.70143	6.85959e-02
0.70124	6.90006e-02
0.70106	6.93903e-02
0.70088	6.97621e-02
0.70071	7.01134e-02
0.70053	7.04415e-02
0.70037	7.07443e-02
0.70021	7.10199e-02
0.70006	7.12655e-02
0.69991	7.14820e-02
0.69974	7.16673e-02
0.69958	7.18199e-02
0.69941	7.19381e-02
0.69922	7.20167e-02
0.69904	7.20589e-02
0.69885	7.20647e-02
0.69866	7.20344e-02
0.69847	7.19690e-02
0.69829	7.18699e-02
0.69811	7.17429e-02
0.69793	7.15873e-02
0.69776	7.14056e-02
0.69761	7.12006e-02
0.69746	7.09750e-02
0.69733	7.07317e-02
0.69739	7.03786e-02
0.69746	7.00213e-02
0.69752	6.96624e-02
0.69757	6.93044e-02
0.69762	6.89493e-02
0.69766	6.85985e-02
0.69769	6.82537e-02
0.69770	6.79113e-02
0.69771	6.75768e-02
0.69771	6.72513e-02
0.69770	6.69363e-02
0.69768	6.66327e-02
0.69766	6.63420e-02
0.69764	6.60652e-02
0.69762	6.58035e-02
0.69760	6.55577e-02
0.69757	6.53288e-02
0.69755	6.51174e-02
0.69754	6.49241e-02
0.69752	6.47492e-02
0.69752	6.45929e-02
0.69751	6.44553e-02
0.69751	6.43360e-02
0.69752	6.42349e-02
0.69753	6.41513e-02
0.69755	6.40847e-02
0.69758	6.40341e-02
0.69761	6.39986e-02
0.69765	6.39772e-02
0.69770	6.39687e-02
0.69775	6.39719e-02
0.69781	6.39853e-02
0.69787	6.40077e-02
0.69794	6.40377e-02
0.69802	6.40738e-02
0.69810	6.41146e-02
0.69818	6.41587e-02
0.69827	6.42048e-02
0.69837	6.42515e-02
0.69847	6.42975e-02
0.69857	6.43417e-02
0.69867	6.43829e-02
0.69877	6.44200e-02
0.69888	6.44521e-02
0.69898	6.44784e-02
0.69909	6.44980e-02
0.69920	6.45104e-02
0.69946	6.43454e-02
0.69971	6.41741e-02
0.69996	6.39958e-02
0.70020	6.38110e-02
0.70043	6.36201e-02
0.70065	6.34237e-02
0.70086	6.32225e-02
0.70106	6.30169e-02
0.70125	6.28075e-02
0.70142	6.25948e-02
0.70158	6.23793e-02
0.70184	6.23247e-02
0.70209	6.22705e-02
0.70232	6.22180e-02
0.70253	6.21774e-02
0.70273	6.21415e-02
0.70291	6.21102e-02
0.70307	6.20831e-02
0.70322	6.20598e-02
0.70335	6.20394e-02
0.70346	6.20211e-02
0.70355	6.20038e-02
0.70362	6.19863e-02
0.70367	6.19676e-02
0.70370	6.19464e-02
0.70371	6.19220e-02
0.70369	6.18826e-02
0.70364	6.18368e-02
0.70358	6.17842e-02
0.70349	6.17246e-02
0.70338	6.16577e-02
0.70324	6.15833e-02
0.70309	6.15014e-02
0.70291	6.14182e-02
0.70270	6.13285e-02
0.70248	6.12323e-02
0.70228	6.11558e-02
0.70206	6.10706e-02
0.70181	6.09770e-02
0.70155	6.08754e-02
0.70127	6.07660e-02
0.70097	6.06494e-02
0.70066	6.05256e-02
0.70033	6.03949e-02
0.69999	6.02575e-02
0.69963	6.01137e-02
0.69926	5.99639e-02
0.69888	5.98077e-02
0.69849	5.96460e-02
0.69808	5.94792e-02
0.69767	5.93074e-02
0.69726	5.91313e-02
0.69683	5.89512e-02
0.69640	5.87676e-02
0.69597	5.85811e-02
0.69553	5.83925e-02
0.69509	5.82023e-02
0.69465	5.80114e-02
0.69420	5.78206e-02
0.69376	5.76306e-02
0.69331	5.74490e-02
0.69285	5.72707e-02
0.69240	5.70965e-02
0.69195	5.69273e-02
0.69151	5.67642e-02
0.69107	5.66080e-02
0.69063	5.64599e-02
0.69020	5.63209e-02
0.68978	5.61919e-02
0.68936	5.60739e-02
0.68895	5.59680e-02
0.68855	5.58748e-02
0.68816	5.57954e-02
0.68778	5.57303e-02
0.68741	5.56803e-02
0.68705	5.56459e-02
0.68670	5.56276e-02
0.68636	5.56256e-02
0.68604	5.56402e-02
0.68573	5.56715e-02
0.68543	5.57195e-02
0.68515	5.57839e-02
0.68488	5.58645e-02
0.68462	5.59609e-02
0.68438	5.60723e-02
0.68416	5.61983e-02
0.68395	5.63380e-02
0.68376	5.64904e-02
0.68358	5.66547e-02
0.68342	5.68296e-02
0.68327	5.70140e-02
0.68314	5.72066e-02
0.68303	5.74063e-02
0.68293	5.76115e-02
0.68285	5.78210e-02
0.68278	5.80333e-02
0.68273	5.82470e-02
0.68270	5.84607e-02
0.68268	5.86730e-02
0.68268	5.88824e-02
0.68269	5.90843e-02
0.68271	5.92799e-02
0.68274	5.94682e-02
0.68279	5.96479e-02
0.68285	5.98180e-02
0.68292	5.99774e-02
0.68300	6.01252e-02
0.68309	6.02605e-02
0.68320	6.03824e-02
0.68332	6.04904e-02
0.68344	6.05837e-02
0.68356	6.06437e-02
0.68369	6.06846e-02
0.68383	6.07068e-02
0.68396	6.07111e-02
0.68411	6.06964e-02
0.68437	6.05455e-02
0.68464	6.03682e-02
0.68493	6.01654e-02
0.68522	5.99389e-02
0.68553	5.96908e-02
0.68583	5.94237e-02
0.68614	5.91404e-02
0.68645	5.88436e-02
0.68676	5.85359e-02
0.68705	5.82196e-02
0.68750	5.81251e-02
0.68787	5.79415e-02
0.68820	5.77073e-02
0.68850	5.74407e-02
0.68877	5.71506e-02
0.68901	5.68422e-02
0.68923	5.65195e-02
0.68956	5.62426e-02
0.68987	5.59553e-02
0.69014	5.56591e-02
0.69044	5.53264e-02
0.69068	5.50059e-02
0.69089	5.46892e-02
0.69107	5.43739e-02
0.69124	5.40598e-02
0.69138	5.37474e-02
0.69151	5.34381e-02
0.69162	5.31333e-02
0.69172	5.28344e-02
0.69182	5.25430e-02
0.69190	5.22606e-02
0.69202	5.19452e-02
0.69212	5.16590e-02
0.69220	5.13982e-02
0.69228	5.11613e-02
0.69235	5.09473e-02
0.69242	5.07560e-02
0.69247	5.05727e-02
0.69253	5.04111e-02
0.69259	5.02717e-02
0.69265	5.01547e-02
0.69272	5.00607e-02
0.69280	4.99901e-02
0.69289	4.99428e-02
0.69299	4.99192e-02
0.69310	4.99181e-02
0.69322	4.99384e-02
0.69335	4.99787e-02
0.69348	5.00373e-02
0.69363	5.01126e-02
0.69378	5.02031e-02
0.69394	5.03077e-02
0.69409	5.04254e-02
0.69425	5.05557e-02
0.69441	5.06978e-02
0.69456	5.08508e-02
0.69470	5.10135e-02
0.69483	5.11842e-02
0.69494	5.13609e-02
0.69505	5.15412e-02
0.69514	5.17228e-02
0.69522	5.19032e-02
0.69530	5.20803e-02
0.69536	5.22521e-02
0.69542	5.24169e-02
0.69547	5.25734e-02
0.69552	5.27204e-02
0.69557	5.28569e-02
0.69562	5.29824e-02
0.69567	5.30857e-02
0.69571	5.31754e-02
0.69576	5.32517e-02
0.69581	5.33145e-02
0.69587	5.33640e-02
0.69593	5.34004e-02
0.69600	5.34241e-02
0.69607	5.34357e-02
0.69615	5.34355e-02
0.69623	5.34243e-02
0.69632	5.34028e-02
0.69642	5.33716e-02
0.69653	5.33318e-02
0.69664	5.32841e-02
0.69677	5.32294e-02
0.69689	5.31732e-02
0.69703	5.31121e-02
0.69717	5.30470e-02
0.69732	5.29792e-02
0.69748	5.29097e-02
0.69764	5.28396e-02
0.69781	5.27698e-02
0.69799	5.27014e-02
0.69818	5.26353e-02
0.69837	5.25724e-02
0.69857	5.25137e-02
0.69877	5.24599e-02
0.69898	5.24118e-02
0.69919	5.23701e-02
0.69941	5.23362e-02
0.69964	5.23100e-02
0.69998	5.22302e-02
0.70031	5.21731e-02
0.70064	5.21366e-02
0.70095	5.21195e-02
0.70126	5.21204e-02
0.70156	5.21384e-02
0.70184	5.21720e-02
0.70212	5.22203e-02
0.70238	5.22817e-02
0.70264	5.23553e-02
0.70287	5.24224e-02
0.70310	5.24954e-02
0.70331	5.25735e-02
0.70351	5.26558e-02
0.70370	5.27413e-02
0.70388	5.28292e-02
0.70405	5.29185e-02
0.70447	5.25715e-02
0.70480	5.23519e-02
0.70509	5.22062e-02
0.70534	5.21039e-02
0.70555	5.20328e-02
0.70574	5.19878e-02
0.70590	5.19667e-02
0.70604	5.19677e-02
0.70615	5.19894e-02
0.70623	5.20295e-02
0.70629	5.20858e-02
0.70632	5.21559e-02
0.70632	5.22373e-02
0.70631	5.23274e-02
0.70625	5.24188e-02
0.70617	5.25138e-02
0.70607	5.26102e-02
0.70595	5.27061e-02
0.70580	5.27999e-02
0.70564	5.28900e-02
0.70545	5.29753e-02
0.70524	5.30545e-02
0.70500	5.31268e-02
0.70476	5.31912e-02
0.70449	5.32471e-02
0.70420	5.32940e-02
0.70390	5.33314e-02
0.70372	5.35046e-02
0.70353	5.36771e-02
0.70333	5.38497e-02
0.70311	5.40217e-02
0.70289	5.41908e-02
0.70264	5.43541e-02
0.70238	5.45080e-02
0.70209	5.46488e-02
0.70179	5.47733e-02
0.70146	5.48787e-02
0.70110	5.49630e-02
0.70072	5.50250e-02
0.70032	5.50642e-02
0.69990	5.50808e-02
0.69945	5.50740e-02
0.69899	5.50460e-02
0.69850	5.49982e-02
0.69801	5.49321e-02
0.69750	5.48493e-02
0.69698	5.47513e-02
0.69645	5.46398e-02
0.69591	5.45164e-02
0.69537	5.43827e-02
0.69483	5.42400e-02
0.69429	5.40901e-02
0.69375	5.39343e-02
0.69321	5.37741e-02
0.69267	5.36110e-02
0.69214	5.34463e-02
0.69162	5.32815e-02
0.69111	5.31180e-02
0.69061	5.29572e-02
0.69013	5.28004e-02
0.68965	5.26489e-02
0.68920	5.25038e-02
0.68876	5.23661e-02
0.68833	5.22367e-02
0.68793	5.21161e-02
0.68755	5.20047e-02
0.68719	5.19026e-02
0.68684	5.18100e-02
0.68652	5.17262e-02
0.68622	5.16503e-02
0.68595	5.15816e-02
0.68569	5.15192e-02
0.68546	5.14619e-02
0.68525	5.14088e-02
0.68506	5.13592e-02
0.68489	5.13121e-02
0.68475	5.12669e-02
0.68462	5.12234e-02
0.68452	5.11811e-02
0.68445	5.11401e-02
0.68440	5.11003e-02
0.68437	5.10620e-02
0.68436	5.10255e-02
0.68438	5.09911e-02
0.68443	5.09593e-02
0.68450	5.09305e-02
0.68459	5.09054e-02
0.68472	5.08843e-02
0.68486	5.08679e-02
0.68503	5.08567e-02
0.68523	5.08512e-02
0.68545	5.08518e-02
0.68570	5.08591e-02
0.68593	5.08453e-02
0.68618	5.08370e-02
0.68645	5.08356e-02
0.68674	5.08420e-02
0.68705	5.08570e-02
0.68738	5.08815e-02
0.68772	5.09163e-02
0.68808	5.09639e-02
0.68845	5.10235e-02
0.68885	5.10956e-02
0.68929	5.11657e-02
0.68974	5.12540e-02
0.69021	5.13597e-02
0.69068	5.14822e-02
0.69117	5.16208e-02
0.69167	5.17748e-02
0.69218	5.19433e-02
0.69270	5.21256e-02
0.69323	5.23210e-02
0.69377	5.25286e-02
0.69432	5.27476e-02
0.69488	5.29749e-02
0.69543	5.32118e-02
0.69600	5.34574e-02
0.69657	5.37108e-02
0.69711	5.39743e-02
0.69765	5.42450e-02
0.69819	5.45221e-02
0.69872	5.48051e-02
0.69924	5.50930e-02
0.69975	5.53853e-02
0.70026	5.56811e-02
0.70076	5.59797e-02
0.70125	5.62803e-02
0.70174	5.65768e-02
0.70221	5.68738e-02
0.70267	5.71704e-02
0.70313	5.74656e-02
0.70357	5.77586e-02
0.70400	5.80486e-02
0.70441	5.83348e-02
0.70481	5.86163e-02
0.70520	5.88924e-02
0.70557	5.91623e-02
0.70592	5.94268e-02
0.70625	5.96836e-02
0.70656	5.99321e-02
0.70685	6.01715e-02
0.70712	6.04011e-02
0.70736	6.06201e-02
0.70759	6.08278e-02
0.70780	6.10236e-02
0.70798	6.12068e-02
0.70814	6.13767e-02
0.70828	6.15329e-02
0.70839	6.16747e-02
0.70848	6.18018e-02
0.70854	6.19135e-02
0.70859	6.20096e-02
0.70860	6.20896e-02
0.70859	6.21533e-02
0.70856	6.22028e-02
0.70849	6.22359e-02
0.70840	6.22524e-02
0.70829	6.22524e-02
0.70815	6.22356e-02
0.70798	6.22022e-02
0.70779	6.21524e-02
0.70758	6.20861e-02
0.70734	6.20037e-02
0.70708	6.19055e-02
0.70680	6.17918e-02
0.70650	6.16630e-02
0.70617	6.15195e-02
0.70582	6.13622e-02
0.70545	6.11913e-02
0.70507	6.10075e-02
0.70466	6.08114e-02
0.70424	6.06038e-02
0.70380	6.03854e-02
0.70334	6.01572e-02
0.70287	5.99199e-02
0.70239	5.96744e-02
0.70189	5.94217e-02
0.70139	5.91627e-02
0.70087	5.88984e-02
0.70034	5.86307e-02
0.69980	5.83598e-02
0.69925	5.80867e-02
0.69870	5.78124e-02
0.69815	5.75380e-02
0.69759	5.72645e-02
0.69703	5.69930e-02
0.69646	5.67244e-02
0.69590	5.64598e-02
0.69534	5.62001e-02
0.69479	5.59463e-02
0.69423	5.56993e-02
0.69369	5.54600e-02
0.69315	5.52293e-02
0.69261	5.50079e-02
0.69209	5.47967e-02
0.69158	5.45963e-02
0.69108	5.44075e-02
0.69059	5.42308e-02
0.69011	5.40668e-02
0.68965	5.39161e-02
0.68920	5.37888e-02
0.68877	5.36778e-02
0.68835	5.35831e-02
0.68793	5.34972e-02
0.68754	5.34261e-02
0.68716	5.33705e-02
0.68680	5.33307e-02
0.68646	5.33068e-02
0.68614	5.32993e-02
0.68584	5.33081e-02
0.68556	5.33335e-02
0.68530	5.33755e-02
0.68506	5.34342e-02
0.68484	5.35098e-02
0.68470	5.36156e-02
0.68458	5.37391e-02
0.68450	5.38806e-02
0.68444	5.40398e-02
0.68442	5.42168e-02
0.68442	5.44112e-02
0.68446	5.46274e-02
0.68451	5.48610e-02
0.68460	5.51117e-02
0.68470	5.53790e-02
0.68483	5.56628e-02
0.68498	5.59626e-02
0.68515	5.62784e-02
0.68531	5.65954e-02
0.68550	5.69264e-02
0.68570	5.72717e-02
0.68591	5.76307e-02
0.68614	5.80033e-02
0.68639	5.83889e-02
0.68665	5.87871e-02
0.68692	5.91971e-02
0.68720	5.96183e-02
0.68749	6.00498e-02
0.68779	6.04902e-02
0.68809	6.09393e-02
0.68840	6.13962e-02
0.68871	6.18599e-02
0.68902	6.23295e-02
0.68934	6.28041e-02
0.68965	6.32819e-02
0.68996	6.37628e-02
0.69027	6.42463e-02
0.69057	6.47315e-02
0.69088	6.52177e-02
0.69117	6.57042e-02
0.69147	6.61903e-02
0.69176	6.66752e-02
0.69205	6.71582e-02
0.69233	6.76385e-02
0.69260	6.81153e-02
0.69287	6.85879e-02
0.69314	6.90554e-02
0.69340	6.95170e-02
0.69365	6.99718e-02
0.69389	7.04190e-02
0.69413	7.08577e-02
0.69436	7.12869e-02
0.69458	7.17058e-02
0.69480	7.21135e-02
0.69500	7.25091e-02
0.69520	7.28916e-02
0.69539	7.32603e-02
0.69556	7.36141e-02
0.69573	7.39522e-02
0.69589	7.42739e-02
0.69604	7.45781e-02
0.69618	7.48642e-02
0.69631	7.51313e-02
0.69643	7.53786e-02
0.69654	7.56055e-02
0.69663	7.58112e-02
0.69672	7.59951e-02
0.69679	7.61566e-02
0.69686	7.62951e-02
0.69691	7.64100e-02
0.69706	7.64216e-02
0.69720	7.64081e-02
0.69734	7.63732e-02
0.69747	7.63134e-02
0.69759	7.62294e-02
0.69770	7.61218e-02
0.69781	7.59913e-02
0.69790	7.58386e-02
0.69799	7.56645e-02
0.69806	7.54697e-02
0.69812	7.52548e-02
0.69817	7.50204e-02
0.69820	7.47673e-02
0.69822	7.44958e-02
0.69823	7.42065e-02
0.69822	7.38996e-02
0.69819	7.35755e-02
0.69814	7.32346e-02
0.69808	7.28769e-02
0.69801	7.25029e-02
0.69792	7.21127e-02
0.69781	7.17155e-02
0.69768	7.12976e-02
0.69755	7.08557e-02
0.69741	7.03867e-02
0.69727	6.98874e-02
0.69712	6.93553e-02
0.69697	6.87887e-02
0.69681	6.81878e-02
0.69666	6.75549e-02
0.69651	6.68947e-02
0.69635	6.62140e-02
0.69619	6.55214e-02
0.69602	6.48258e-02
0.69584	6.41360e-02
0.69565	6.34597e-02
0.69544	6.28030e-02
0.69521	6.21702e-02
0.69497	6.15640e-02
0.69471	6.09858e-02
0.69444	6.04360e-02
0.69427	5.99370e-02
0.69409	5.94645e-02
0.69390	5.90167e-02
0.69368	5.85915e-02
0.69346	5.81870e-02
0.69322	5.78013e-02
0.69297	5.74327e-02
0.69286	5.68493e-02
0.69273	5.62790e-02
0.69258	5.57193e-02
0.69243	5.51695e-02
0.69226	5.46293e-02
0.69209	5.40987e-02
0.69190	5.35779e-02
0.69171	5.30672e-02
0.69152	5.25672e-02
0.69132	5.20785e-02
0.69136	5.18715e-02
0.69133	5.15972e-02
0.69124	5.12762e-02
0.69112	5.09300e-02
0.69097	5.05741e-02
0.69081	5.02183e-02
0.69084	4.98133e-02
0.69088	4.94252e-02
0.69091	4.90564e-02
0.69094	4.87089e-02
0.69098	4.83849e-02
0.69102	4.80862e-02
0.69107	4.78143e-02
0.69111	4.75702e-02
0.69116	4.73545e-02
0.69121	4.71674e-02
0.69126	4.70087e-02
0.69130	4.68779e-02
0.69133	4.67744e-02
0.69137	4.66973e-02
0.69139	4.66459e-02
0.69142	4.66195e-02
0.69144	4.66175e-02
0.69145	4.66393e-02
0.69146	4.66846e-02
0.69147	4.67531e-02
0.69148	4.68446e-02
0.69148	4.69589e-02
0.69149	4.70957e-02
0.69150	4.72550e-02
0.69151	4.74365e-02
0.69152	4.76373e-02
0.69154	4.78596e-02
0.69155	4.81031e-02
0.69158	4.83673e-02
0.69160	4.86518e-02
0.69164	4.89559e-02
0.69167	4.92789e-02
0.69172	4.96201e-02
0.69177	4.99788e-02
0.69183	5.03538e-02
0.69189	5.07444e-02
0.69195	5.11547e-02
0.69202	5.15795e-02
0.69210	5.20191e-02
0.69218	5.24710e-02
0.69227	5.29340e-02
0.69236	5.34069e-02
0.69245	5.38885e-02
0.69255	5.43776e-02
0.69266	5.48729e-02
0.69277	5.53702e-02
0.69288	5.58711e-02
0.69299	5.63745e-02
0.69311	5.68789e-02
0.69323	5.73833e-02
0.69335	5.78864e-02
0.69347	5.83870e-02
0.69360	5.88842e-02
0.69373	5.93767e-02
0.69386	5.98636e-02
0.69399	6.03439e-02
0.69412	6.08166e-02
0.69425	6.12837e-02
0.69438	6.17417e-02
0.69451	6.21897e-02
0.69464	6.26272e-02
0.69476	6.30532e-02
0.69489	6.34673e-02
0.69502	6.38688e-02
0.69514	6.42571e-02
0.69526	6.46318e-02
0.69538	6.49924e-02
0.69550	6.53385e-02
0.69561	6.56699e-02
0.69572	6.59861e-02
0.69583	6.62870e-02
0.69594	6.65724e-02
0.69604	6.68422e-02
0.69614	6.70962e-02
0.69623	6.73343e-02
0.69632	6.75566e-02
0.69641	6.77631e-02
0.69663	6.80121e-02
0.69684	6.82443e-02
0.69704	6.84604e-02
0.69774	6.82953e-02
0.69838	6.81840e-02
0.69885	6.81698e-02
0.69918	6.82165e-02
0.69961	6.83158e-02
0.69996	6.84077e-02
0.70026	6.84887e-02
0.70054	6.85573e-02
0.70079	6.86129e-02
0.70103	6.86557e-02
0.70126	6.86864e-02
0.70146	6.87055e-02
0.70166	6.87138e-02
0.70184	6.87117e-02
0.70200	6.87024e-02
0.70214	6.86840e-02
0.70226	6.86564e-02
0.70237	6.86195e-02
0.70246	6.85731e-02
0.70254	6.85168e-02
0.70260	6.84504e-02
0.70263	6.83734e-02
0.70265	6.82857e-02
0.70266	6.81873e-02
0.70264	6.80781e-02
0.70261	6.79584e-02
0.70256	6.78284e-02
0.70250	6.76886e-02
0.70242	6.75396e-02
0.70233	6.73819e-02
0.70223	6.72163e-02
0.70212	6.70434e-02
0.70199	6.68641e-02
0.70186	6.66792e-02
0.70172	6.64896e-02
0.70157	6.62961e-02
0.70141	6.60998e-02
0.70124	6.59014e-02
0.70107	6.57019e-02
0.70090	6.55022e-02
0.70072	6.53034e-02
0.70053	6.51063e-02
0.70034	6.49118e-02
0.70015	6.47210e-02
0.69995	6.45347e-02
0.69974	6.43500e-02
0.69952	6.41700e-02
0.69930	6.39952e-02
0.69907	6.38261e-02
0.69884	6.36634e-02
0.69860	6.35076e-02
0.69836	6.33591e-02
0.69812	6.32184e-02
0.69787	6.30860e-02
0.69762	6.29622e-02
0.69737	6.28472e-02
0.69724	6.27052e-02
0.69707	6.25856e-02
0.69707	6.22337e-02
0.69703	6.19102e-02
0.69697	6.16060e-02
0.69689	6.13145e-02
0.69681	6.10310e-02
0.69672	6.07526e-02
0.69663	6.04781e-02
0.69709	5.96724e-02
0.69732	5.91201e-02
0.69738	5.87396e-02
0.69734	5.84396e-02
0.69727	5.81767e-02
0.69717	5.79348e-02
0.69707	5.77083e-02
0.69694	5.74958e-02
0.69681	5.72971e-02
0.69667	5.71129e-02
0.69651	5.69443e-02
0.69634	5.67923e-02
0.69616	5.66582e-02
0.69596	5.65427e-02
0.69575	5.64466e-02
0.69552	5.63698e-02
0.69527	5.63123e-02
0.69501	5.62732e-02
0.69474	5.62517e-02
0.69445	5.62464e-02
0.69415	5.62560e-02
0.69384	5.62788e-02
0.69351	5.63133e-02
0.69317	5.63578e-02
0.69283	5.64108e-02
0.69247	5.64708e-02
0.69210	5.65362e-02
0.69173	5.66059e-02
0.69135	5.66784e-02
0.69096	5.67527e-02
0.69057	5.68278e-02
0.69016	5.69026e-02
0.68983	5.70526e-02
0.68947	5.71813e-02
0.68910	5.72991e-02
0.68890	5.71795e-02
0.68869	5.70535e-02
0.68849	5.69265e-02
0.68828	5.68027e-02
0.68804	5.66772e-02
0.68779	5.65592e-02
0.68752	5.64503e-02
0.68725	5.63509e-02
0.68695	5.62611e-02
0.68664	5.61807e-02
0.68632	5.61090e-02
0.68598	5.60455e-02
0.68562	5.59896e-02
0.68525	5.59404e-02
0.68495	5.60088e-02
0.68461	5.60575e-02
0.68424	5.60942e-02
0.68383	5.61233e-02
0.68341	5.61470e-02
0.68296	5.61665e-02
0.68250	5.61825e-02
0.68203	5.61952e-02
0.68153	5.62052e-02
0.68103	5.62126e-02
0.68052	5.62176e-02
0.68000	5.62206e-02
0.67947	5.62216e-02
0.67893	5.62208e-02
0.67840	5.62186e-02
0.67785	5.62149e-02
0.67731	5.62100e-02
0.67677	5.62040e-02
0.67623	5.61970e-02
0.67569	5.61891e-02
0.67515	5.61804e-02
0.67462	5.61709e-02
0.67410	5.61607e-02
0.67358	5.61498e-02
0.67307	5.61382e-02
0.67257	5.61260e-02
0.67208	5.61131e-02
0.67160	5.60994e-02
0.67114	5.60851e-02
0.67068	5.60700e-02
0.67024	5.60541e-02
0.66981	5.60266e-02
0.66939	5.59971e-02
0.66898	5.59657e-02
0.66859	5.59324e-02
0.66822	5.58971e-02
0.66787	5.58596e-02
0.66754	5.58199e-02
0.66723	5.57778e-02
0.66694	5.57332e-02
0.66667	5.56860e-02
0.66643	5.56359e-02
0.66621	5.55829e-02
0.66601	5.55268e-02
0.66583	5.54751e-02
0.66567	5.54219e-02
0.66554	5.53669e-02
0.66543	5.53100e-02
0.66534	5.52509e-02
0.66528	5.51895e-02
0.66525	5.51256e-02
0.66524	5.50600e-02
0.66526	5.49916e-02
0.66530	5.49202e-02
0.66537	5.48457e-02
0.66547	5.47680e-02
0.66560	5.46869e-02
0.66575	5.46024e-02
0.66593	5.45143e-02
0.66614	5.44226e-02
0.66638	5.43271e-02
0.66664	5.42277e-02
0.66693	5.41245e-02
0.66725	5.40173e-02
0.66760	5.39062e-02
0.66798	5.37910e-02
0.66838	5.36719e-02
0.66881	5.35488e-02
0.66926	5.34218e-02
0.66974	5.32909e-02
0.67025	5.31564e-02
0.67078	5.30184e-02
0.67133	5.28771e-02
0.67191	5.27327e-02
0.67251	5.25855e-02
0.67313	5.24358e-02
0.67377	5.22842e-02
0.67444	5.21309e-02
0.67512	5.19766e-02
0.67582	5.18217e-02
0.67654	5.16669e-02
0.67727	5.15129e-02
0.67803	5.13603e-02
0.67887	5.10924e-02
0.67973	5.08376e-02
0.68059	5.05897e-02
0.68146	5.03460e-02
0.68234	5.01053e-02
0.68323	4.98591e-02
0.68412	4.96147e-02
0.68521	4.92749e-02
0.68629	4.89709e-02
0.68737	4.86981e-02
0.68845	4.84574e-02
0.68953	4.82511e-02
0.69060	4.80815e-02
0.69167	4.79515e-02
0.69271	4.78602e-02
0.69375	4.78077e-02
0.69476	4.77936e-02
0.69573	4.78090e-02
0.69666	4.78578e-02
0.69757	4.79379e-02
0.69845	4.80466e-02
0.69930	4.81812e-02
0.70011	4.83390e-02
0.70089	4.85172e-02
0.70163	4.87134e-02
0.70234	4.89252e-02
0.70301	4.91506e-02
0.70365	4.93878e-02
0.70425	4.96353e-02
0.70482	4.98916e-02
0.70535	5.01555e-02
0.70585	5.04258e-02
0.70632	5.07016e-02
0.70674	5.09816e-02
0.70714	5.12650e-02
0.70750	5.15508e-02
0.70783	5.18377e-02
0.70812	5.21249e-02
0.70838	5.24112e-02
0.70861	5.26955e-02
0.70880	5.29767e-02
0.70896	5.32536e-02
0.70909	5.35250e-02
0.70919	5.37898e-02
0.70925	5.40469e-02
0.70928	5.42951e-02
0.70927	5.45333e-02
0.70924	5.47604e-02
0.70917	5.49786e-02
0.70906	5.51846e-02
0.70892	5.53775e-02
0.70876	5.55564e-02
0.70856	5.57204e-02
0.70833	5.58689e-02
0.70807	5.60012e-02
0.70778	5.61167e-02
0.70747	5.62148e-02
0.70713	5.62951e-02
0.70676	5.63572e-02
0.70652	5.62337e-02
0.70624	5.61053e-02
0.70593	5.59700e-02
0.70559	5.58264e-02
0.70521	5.56740e-02
0.70480	5.55238e-02
0.70434	5.53675e-02
0.70386	5.52056e-02
0.70335	5.50389e-02
0.70290	5.49425e-02
0.70242	5.48357e-02
0.70191	5.47191e-02
0.70136	5.45926e-02
0.70078	5.44560e-02
0.70018	5.43091e-02
0.69954	5.41521e-02
0.69888	5.39853e-02
0.69819	5.38097e-02
0.69748	5.36261e-02
0.69675	5.34358e-02
0.69600	5.32448e-02
0.69523	5.30506e-02
0.69445	5.28544e-02
0.69366	5.26576e-02
0.69285	5.24615e-02
0.69204	5.22672e-02
0.69123	5.20759e-02
0.69041	5.18888e-02
0.68958	5.17069e-02
0.68876	5.15312e-02
0.68794	5.13624e-02
0.68713	5.12013e-02
0.68631	5.10487e-02
0.68551	5.09050e-02
0.68471	5.07709e-02
0.68393	5.06466e-02
0.68315	5.05326e-02
0.68239	5.04289e-02
0.68164	5.03357e-02
0.68091	5.02532e-02
0.68019	5.01811e-02
0.67948	5.01170e-02
0.67880	5.00629e-02
0.67813	5.00186e-02
0.67747	4.99837e-02
0.67684	4.99580e-02
0.67632	5.01201e-02
0.67580	5.02533e-02
0.67545	5.05262e-02
0.67510	5.07763e-02
0.67475	5.10187e-02
0.67442	5.12601e-02
0.67410	5.15034e-02
0.67381	5.17500e-02
0.67354	5.20009e-02
0.67330	5.22566e-02
0.67308	5.25176e-02
0.67288	5.27846e-02
0.67280	5.30979e-02
0.67274	5.34139e-02
0.67270	5.37339e-02
0.67268	5.40590e-02
0.67270	5.43898e-02
0.67273	5.47268e-02
0.67279	5.50703e-02
0.67287	5.54199e-02
0.67297	5.57754e-02
0.67309	5.61356e-02
0.67323	5.64996e-02
0.67338	5.68657e-02
0.67354	5.72323e-02
0.67372	5.75975e-02
0.67390	5.79595e-02
0.67409	5.83166e-02
0.67429	5.86672e-02
0.67448	5.90098e-02
0.67468	5.93433e-02
0.67513	5.97560e-02
0.67541	6.00972e-02
0.67561	6.03998e-02
0.67578	6.06808e-02
0.67593	6.09461e-02
0.67607	6.11974e-02
0.67621	6.14352e-02
0.67633	6.16594e-02
0.67645	6.18700e-02
0.67655	6.20668e-02
0.67665	6.22498e-02
0.67673	6.24185e-02
0.67688	6.25652e-02
0.67702	6.26993e-02
0.67714	6.28199e-02
0.67725	6.29266e-02
0.67734	6.30186e-02
0.67743	6.30954e-02
0.67749	6.31567e-02
0.67755	6.32018e-02
0.67759	6.32304e-02
0.67762	6.32423e-02
0.67763	6.32371e-02
0.67763	6.32147e-02
0.67762	6.31750e-02
0.67760	6.31179e-02
0.67757	6.30436e-02
0.67752	6.29523e-02
0.67754	6.27845e-02
0.67764	6.25417e-02
0.67780	6.22382e-02
0.67797	6.19114e-02
0.67811	6.16004e-02
0.67815	6.13221e-02
0.67810	6.10721e-02
0.67797	6.08373e-02
0.67778	6.06060e-02
0.67755	6.03721e-02
0.67727	6.01303e-02
0.67696	5.98791e-02
0.67663	5.96180e-02
0.67626	5.93477e-02
0.67587	5.90691e-02
0.67553	5.88246e-02
0.67514	5.85528e-02
0.67470	5.82654e-02
0.67423	5.79699e-02
0.67374	5.76710e-02
0.67323	5.73724e-02
0.67271	5.70767e-02
0.67217	5.67866e-02
0.67162	5.65046e-02
0.67105	5.62328e-02
0.67049	5.59738e-02
0.66991	5.57296e-02
0.66933	5.55024e-02
0.66875	5.52944e-02
0.66816	5.51075e-02
0.66758	5.49438e-02
0.66699	5.48049e-02
0.66641	5.46925e-02
0.66584	5.46082e-02
0.66527	5.45532e-02
0.66470	5.45287e-02
0.66415	5.45356e-02
0.66361	5.45746e-02
0.66308	5.46463e-02
0.66256	5.47509e-02
0.66205	5.48884e-02
0.66156	5.50518e-02
0.66108	5.52464e-02
0.66061	5.54714e-02
0.66017	5.57262e-02
0.65974	5.60095e-02
0.65934	5.63201e-02
0.65896	5.66565e-02
0.65860	5.70170e-02
0.65826	5.73998e-02
0.65795	5.78030e-02
0.65766	5.82246e-02
0.65740	5.86623e-02
0.65713	5.91425e-02
0.65688	5.96306e-02
0.65667	6.01246e-02
0.65648	6.06222e-02
0.65633	6.11211e-02
0.65621	6.16185e-02
0.65612	6.21114e-02
0.65606	6.25960e-02
0.65605	6.30681e-02
0.65607	6.35230e-02
0.65614	6.39549e-02
0.65627	6.43583e-02
0.65644	6.47281e-02
0.65668	6.50624e-02
0.65697	6.53630e-02
0.65732	6.56365e-02
0.65770	6.58915e-02
0.65811	6.61357e-02
0.65855	6.63731e-02
0.65900	6.66041e-02
0.65947	6.68266e-02
0.65995	6.70377e-02
0.66046	6.72344e-02
0.66098	6.74142e-02
0.66152	6.75753e-02
0.66209	6.77161e-02
0.66267	6.78357e-02
0.66327	6.79333e-02
0.66390	6.80084e-02
0.66454	6.80607e-02
0.66519	6.80900e-02
0.66602	6.81779e-02
0.66682	6.82175e-02
0.66760	6.82166e-02
0.66837	6.81806e-02
0.66914	6.81137e-02
0.66991	6.80184e-02
0.67068	6.78970e-02
0.67146	6.77511e-02
0.67224	6.75823e-02
0.67303	6.73921e-02
0.67382	6.71818e-02
0.67462	6.69526e-02
0.67543	6.67059e-02
0.67624	6.64427e-02
0.67706	6.61640e-02
0.67790	6.58709e-02
0.67872	6.55841e-02
0.67956	6.52851e-02
0.68040	6.49714e-02
0.68125	6.46409e-02
0.68215	6.43278e-02
0.68304	6.39735e-02
0.68391	6.35857e-02
0.68478	6.31672e-02
0.68564	6.27190e-02
0.68649	6.22469e-02
0.68733	6.17473e-02
0.68816	6.12217e-02
0.68897	6.06723e-02
0.68977	6.01018e-02
0.69054	5.95131e-02
0.69130	5.89113e-02
0.69203	5.82977e-02
0.69274	5.76751e-02
0.69343	5.70459e-02
0.69408	5.64123e-02
0.69472	5.57765e-02
0.69532	5.51401e-02
0.69589	5.45047e-02
0.69644	5.38715e-02
0.69696	5.32420e-02
0.69745	5.26171e-02
0.69791	5.19978e-02
0.69834	5.13852e-02
0.69874	5.07802e-02
0.69911	5.01837e-02
0.69945	4.95967e-02
0.69976	4.90201e-02
0.70004	4.84550e-02
0.70029	4.79024e-02
0.70051	4.73633e-02
0.70070	4.68391e-02
0.70086	4.63308e-02
0.70099	4.58396e-02
0.70109	4.53681e-02
0.70117	4.49164e-02
0.70121	4.44852e-02
0.70122	4.40677e-02
0.70119	4.36733e-02
0.70120	4.34602e-02
0.70117	4.32272e-02
0.70109	4.29910e-02
0.70098	4.27590e-02
0.70083	4.25362e-02
0.70065	4.23263e-02
0.70043	4.21329e-02
0.70019	4.19588e-02
0.69992	4.18065e-02
0.69962	4.16784e-02
0.69930	4.15762e-02
0.69895	4.15015e-02
0.69859	4.14554e-02
0.69819	4.14388e-02
0.69778	4.14522e-02
0.69735	4.14957e-02
0.69691	4.15693e-02
0.69644	4.16726e-02
0.69597	4.18048e-02
0.69547	4.19650e-02
0.69497	4.21519e-02
0.69446	4.23643e-02
0.69393	4.26004e-02
0.69340	4.28584e-02
0.69286	4.31365e-02
0.69231	4.34325e-02
0.69176	4.37444e-02
0.69120	4.40698e-02
0.69064	4.44066e-02
0.69022	4.48227e-02
0.68980	4.52554e-02
0.68938	4.56972e-02
0.68895	4.61426e-02
0.68851	4.65887e-02
0.68807	4.70343e-02
0.68763	4.74785e-02
0.68720	4.79204e-02
0.68677	4.83584e-02
0.68635	4.87908e-02
0.68594	4.92150e-02
0.68553	4.96289e-02
0.68519	5.00018e-02
0.68483	5.03734e-02
0.68446	5.07341e-02
0.68409	5.10788e-02
0.68372	5.14045e-02
0.68336	5.17096e-02
0.68300	5.19931e-02
0.68265	5.22544e-02
0.68231	5.24933e-02
0.68198	5.27101e-02
0.68166	5.29050e-02
0.68135	5.30789e-02
0.68106	5.32325e-02
0.68077	5.33669e-02
0.68049	5.34834e-02
0.68023	5.35833e-02
0.67997	5.36663e-02
0.67973	5.37364e-02
0.67950	5.37954e-02
0.67928	5.38453e-02
0.67907	5.38883e-02
0.67887	5.39263e-02
0.67869	5.39615e-02
0.67853	5.39960e-02
0.67837	5.40320e-02
0.67822	5.40783e-02
0.67809	5.41325e-02
0.67796	5.41965e-02
0.67785	5.42721e-02
0.67774	5.43612e-02
0.67765	5.44656e-02
0.67757	5.46049e-02
0.67749	5.47661e-02
0.67742	5.49495e-02
0.67736	5.51557e-02
0.67732	5.53853e-02
0.67728	5.56389e-02
0.67725	5.59166e-02
0.67723	5.62186e-02
0.67722	5.65449e-02
0.67722	5.68951e-02
0.67723	5.72689e-02
0.67725	5.76657e-02
0.67728	5.80845e-02
0.67732	5.85246e-02
0.67737	5.89847e-02
0.67742	5.94638e-02
0.67749	5.99604e-02
0.67756	6.04731e-02
0.67764	6.10004e-02
0.67774	6.15407e-02
0.67784	6.20924e-02
0.67794	6.26538e-02
0.67806	6.32231e-02
0.67819	6.37986e-02
0.67832	6.43785e-02
0.67846	6.49600e-02
0.67860	6.55426e-02
0.67876	6.61242e-02
0.67892	6.67008e-02
0.67908	6.72726e-02
0.67925	6.78381e-02
0.67943	6.83958e-02
0.67962	6.89442e-02
0.67981	6.94818e-02
0.68000	7.00072e-02
0.68021	7.05191e-02
0.68041	7.10163e-02
0.68063	7.14974e-02
0.68085	7.19613e-02
0.68107	7.24070e-02
0.68130	7.28333e-02
0.68153	7.32394e-02
0.68177	7.36243e-02
0.68201	7.39873e-02
0.68225	7.43275e-02
0.68250	7.46442e-02
0.68275	7.49368e-02
0.68300	7.52027e-02
0.68326	7.54431e-02
0.68351	7.56561e-02
0.68377	7.58428e-02
0.68402	7.60027e-02
0.68428	7.61357e-02
0.68454	7.62415e-02
0.68480	7.63198e-02
0.68506	7.63707e-02
0.68532	7.63939e-02
0.68558	7.63895e-02
0.68583	7.63575e-02
0.68609	7.62979e-02
0.68635	7.62108e-02
0.68660	7.60965e-02
0.68685	7.59549e-02
0.68710	7.57865e-02
0.68734	7.55914e-02
0.68759	7.53699e-02
0.68783	7.51223e-02
0.68806	7.48490e-02
0.68830	7.45503e-02
0.68851	7.42267e-02
0.68871	7.38789e-02
0.68891	7.35074e-02
0.68910	7.31127e-02
0.68928	7.26953e-02
0.68945	7.22559e-02
0.68962	7.17950e-02
0.68977	7.13133e-02
0.68992	7.08115e-02
0.69005	7.02903e-02
0.69018	6.97502e-02
0.69030	6.91921e-02
0.69040	6.86166e-02
0.69050	6.80244e-02
0.69059	6.74164e-02
0.69066	6.67932e-02
0.69083	6.59932e-02
0.69097	6.52060e-02
0.69109	6.44226e-02
0.69120	6.36369e-02
0.69128	6.28342e-02
0.69135	6.20190e-02
0.69141	6.11890e-02
0.69147	6.03429e-02
0.69152	5.94799e-02
0.69156	5.86010e-02
0.69159	5.77063e-02
0.69162	5.67981e-02
0.69164	5.58793e-02
0.69166	5.49537e-02
0.69166	5.40254e-02
0.69165	5.31031e-02
0.69163	5.21867e-02
0.69159	5.12799e-02
0.69153	5.03859e-02
0.69145	4.95076e-02
0.69135	4.86471e-02
0.69123	4.78062e-02
0.69109	4.69864e-02
0.69092	4.61888e-02
0.69073	4.54144e-02
0.69052	4.46641e-02
0.69029	4.39386e-02
0.69004	4.32388e-02
0.68976	4.25653e-02
0.68947	4.19189e-02
0.68915	4.13004e-02
0.68882	4.07105e-02
0.68846	4.01500e-02
0.68809	3.96195e-02
0.68769	3.91197e-02
0.68728	3.86512e-02
0.68685	3.82145e-02
0.68641	3.78100e-02
0.68594	3.74373e-02
0.68546	3.70970e-02
0.68496	3.67883e-02
0.68443	3.65070e-02
0.68390	3.62574e-02
0.68334	3.60390e-02
0.68278	3.58513e-02
0.68219	3.56935e-02
0.68160	3.55649e-02
0.68099	3.54645e-02
0.68037	3.53912e-02
0.67973	3.53438e-02
0.67909	3.53210e-02
0.67843	3.53215e-02
0.67777	3.53438e-02
0.67709	3.53864e-02
0.67641	3.54478e-02
0.67572	3.55265e-02
0.67503	3.56208e-02
0.67432	3.57331e-02
0.67361	3.58581e-02
0.67290	3.59943e-02
0.67218	3.61403e-02
0.67145	3.62947e-02
0.67073	3.64561e-02
0.67001	3.66233e-02
0.66929	3.67929e-02
0.66856	3.69662e-02
0.66785	3.71422e-02
0.66713	3.73200e-02
0.66643	3.74988e-02
0.66572	3.76779e-02
0.66503	3.78568e-02
0.66434	3.80350e-02
0.66366	3.82142e-02
0.66298	3.83924e-02
0.66232	3.85692e-02
0.66166	3.87446e-02
0.66102	3.89187e-02
0.66039	3.90915e-02
0.65978	3.92634e-02
0.65918	3.94347e-02
0.65860	3.96060e-02
0.65804	3.97778e-02
0.65749	3.99508e-02
0.65697	4.01257e-02
0.65646	4.02978e-02
0.65598	4.04727e-02
0.65552	4.06513e-02
0.65508	4.08347e-02
0.65466	4.10240e-02
0.65427	4.12204e-02
0.65390	4.14249e-02
0.65356	4.16388e-02
0.65324	4.18632e-02
0.65296	4.20993e-02
0.65270	4.23482e-02
0.65247	4.26111e-02
0.65227	4.28888e-02
0.65209	4.31824e-02
0.65195	4.34927e-02
0.65184	4.38205e-02
0.65174	4.41874e-02
0.65166	4.45776e-02
0.65162	4.49913e-02
0.65160	4.54289e-02
0.65161	4.58904e-02
0.65164	4.63756e-02
0.65170	4.68842e-02
0.65179	4.74157e-02
0.65191	4.79693e-02
0.65204	4.85517e-02
0.65220	4.91564e-02
0.65238	4.97820e-02
0.65258	5.04271e-02
0.65281	5.10904e-02
0.65306	5.17701e-02
0.65332	5.24715e-02
0.65360	5.31876e-02
0.65390	5.39161e-02
0.65422	5.46548e-02
0.65455	5.54014e-02
0.65490	5.61538e-02
0.65527	5.69097e-02
0.65566	5.76668e-02
0.65605	5.84228e-02
0.65647	5.91753e-02
0.65689	5.99221e-02
0.65733	6.06609e-02
0.65777	6.13894e-02
0.65823	6.21055e-02
0.65870	6.28069e-02
0.65917	6.34916e-02
0.65965	6.41574e-02
0.66013	6.48121e-02
0.66061	6.54462e-02
0.66109	6.60575e-02
0.66157	6.66442e-02
0.66205	6.72047e-02
0.66253	6.77374e-02
0.66300	6.82328e-02
0.66346	6.86961e-02
0.66391	6.91258e-02
0.66446	6.96579e-02
0.66498	7.01326e-02
0.66548	7.05569e-02
0.66596	7.09341e-02
0.66643	7.12661e-02
0.66687	7.15542e-02
0.66731	7.17997e-02
0.66772	7.20038e-02
0.66812	7.21674e-02
0.66851	7.22917e-02
0.66888	7.23776e-02
0.66923	7.24262e-02
0.66957	7.24384e-02
0.66990	7.24152e-02
0.67020	7.23576e-02
0.67049	7.22666e-02
0.67076	7.21431e-02
0.67102	7.19882e-02
0.67125	7.18031e-02
0.67147	7.15887e-02
0.67167	7.13463e-02
0.67185	7.10771e-02
0.67200	7.07823e-02
0.67217	7.04750e-02
0.67231	7.01422e-02
0.67241	6.97857e-02
0.67250	6.94073e-02
0.67255	6.90084e-02
0.67258	6.85907e-02
0.67259	6.81558e-02
0.67256	6.77052e-02
0.67251	6.72506e-02
0.67243	6.67860e-02
0.67232	6.63123e-02
0.67218	6.58306e-02
0.67202	6.53424e-02
0.67183	6.48487e-02
0.67162	6.43511e-02
0.67137	6.38505e-02
0.67111	6.33482e-02
0.67081	6.28452e-02
0.67049	6.23425e-02
0.67015	6.18411e-02
0.66978	6.13417e-02
0.66938	6.08451e-02
0.66897	6.03519e-02
0.66852	5.98626e-02
0.66806	5.93777e-02
0.66757	5.88974e-02
0.66706	5.84220e-02
0.66653	5.79516e-02
0.66598	5.74861e-02
0.66541	5.70254e-02
0.66482	5.65693e-02
0.66421	5.61175e-02
0.66358	5.56696e-02
0.66294	5.52250e-02
0.66228	5.47832e-02
0.66161	5.43436e-02
0.66092	5.39054e-02
0.66022	5.34679e-02
0.65951	5.30304e-02
0.65879	5.25920e-02
0.65806	5.21504e-02
0.65732	5.17062e-02
0.65657	5.12586e-02
0.65582	5.08070e-02
0.65507	5.03506e-02
0.65431	4.98891e-02
0.65355	4.94216e-02
0.65279	4.89476e-02
0.65203	4.84668e-02
0.65128	4.79788e-02
0.65053	4.74837e-02
0.64978	4.69814e-02
0.64905	4.64720e-02
0.64832	4.59560e-02
0.64760	4.54337e-02
0.64690	4.49060e-02
0.64621	4.43737e-02
0.64554	4.38379e-02
0.64488	4.32999e-02
0.64424	4.27614e-02
0.64362	4.22240e-02
0.64302	4.16898e-02
0.64245	4.11610e-02
0.64189	4.06402e-02
0.64137	4.01301e-02
0.64087	3.96336e-02
0.64039	3.91539e-02
0.63995	3.86944e-02
0.63971	3.79489e-02
0.63946	3.73041e-02
0.63922	3.67374e-02
0.63900	3.62340e-02
0.63881	3.57873e-02
0.63864	3.53959e-02
0.63850	3.50577e-02
0.63839	3.47783e-02
0.63831	3.45657e-02
0.63825	3.44091e-02
0.63823	3.43185e-02
0.63824	3.42958e-02
0.63828	3.43424e-02
0.63835	3.44589e-02
0.63845	3.46448e-02
0.63859	3.48995e-02
0.63876	3.52212e-02
0.63896	3.56076e-02
0.63919	3.60562e-02
0.63945	3.65634e-02
0.63974	3.71257e-02
0.64005	3.77391e-02
0.64040	3.83994e-02
0.64077	3.91021e-02
0.64117	3.98429e-02
0.64159	4.06173e-02
0.64203	4.14209e-02
0.64250	4.22493e-02
0.64299	4.30984e-02
0.64349	4.39640e-02
0.64402	4.48422e-02
0.64455	4.57293e-02
0.64511	4.66240e-02
0.64567	4.75214e-02
0.64624	4.84181e-02
0.64682	4.93111e-02
0.64741	5.01977e-02
0.64801	5.10752e-02
0.64860	5.19413e-02
0.64920	5.27939e-02
0.64979	5.36310e-02
0.65039	5.44507e-02
0.65097	5.52516e-02
0.65155	5.60320e-02
0.65212	5.67908e-02
0.65268	5.75270e-02
0.65323	5.82395e-02
0.65376	5.89276e-02
0.65428	5.95908e-02
0.65478	6.02286e-02
0.65525	6.08406e-02
0.65571	6.14269e-02
0.65612	6.19930e-02
0.65651	6.25342e-02
0.65687	6.30504e-02
0.65719	6.35420e-02
0.65749	6.40096e-02
0.65775	6.44538e-02
0.65798	6.48752e-02
0.65817	6.52748e-02
0.65833	6.56535e-02
0.65845	6.60124e-02
0.65853	6.63525e-02
0.65857	6.66750e-02
0.65857	6.69813e-02
0.65853	6.72727e-02
0.65845	6.75505e-02
0.65833	6.78163e-02
0.65816	6.80741e-02
0.65795	6.83232e-02
0.65770	6.85649e-02
0.65740	6.88008e-02
0.65706	6.90276e-02
0.65668	6.92512e-02
0.65625	6.94734e-02
0.65579	6.96958e-02
0.65528	6.99198e-02
0.65472	7.01583e-02
0.65413	7.04042e-02
0.65349	7.06585e-02
0.65281	7.09223e-02
0.65210	7.11966e-02
0.65134	7.14827e-02
0.65055	7.17813e-02
0.64973	7.20933e-02
0.64887	7.24195e-02
0.64798	7.27603e-02
0.64705	7.31164e-02
0.64610	7.34880e-02
0.64512	7.38752e-02
0.64411	7.42782e-02
0.64307	7.46970e-02
0.64201	7.51312e-02
0.64093	7.55806e-02
0.63982	7.60447e-02
0.63870	7.65229e-02
0.63756	7.70146e-02
0.63641	7.75190e-02
0.63523	7.80352e-02
0.63405	7.85622e-02
0.63285	7.91050e-02
0.63164	7.96575e-02
0.63041	8.02184e-02
0.62919	8.07864e-02
0.62795	8.13600e-02
0.62671	8.19379e-02
0.62547	8.25174e-02
0.62423	8.30981e-02
0.62299	8.36723e-02
0.62197	8.45679e-02
0.62096	8.54509e-02
0.61994	8.63222e-02
0.61893	8.71811e-02
0.61792	8.80267e-02
0.61692	8.88572e-02
0.61593	8.96711e-02
0.61495	9.04665e-02
0.61399	9.12418e-02
0.61303	9.19953e-02
0.61209	9.27253e-02
0.61117	9.34304e-02
0.61026	9.41090e-02
0.60937	9.47598e-02
0.60850	9.53815e-02
0.60765	9.59729e-02
0.60682	9.65327e-02
0.60602	9.70600e-02
0.60524	9.75537e-02
0.60449	9.80132e-02
0.60376	9.84374e-02
0.60306	9.88259e-02
0.60238	9.91781e-02
0.60173	9.94805e-02
0.60110	9.97429e-02
0.60050	9.99655e-02
0.59993	1.00148e-01
0.59939	1.00292e-01
0.59888	1.00396e-01
0.59840	1.00460e-01
0.59795	1.00486e-01
0.59754	1.00475e-01
0.59716	1.00425e-01
0.59682	1.00338e-01
0.59651	1.00215e-01
0.59625	1.00052e-01
0.59601	9.98572e-02
0.59581	9.96298e-02
0.59564	9.93701e-02
0.59550	9.90789e-02
0.59540	9.87571e-02
0.59534	9.84057e-02
0.59531	9.80257e-02
0.59530	9.76075e-02
0.59533	9.71606e-02
0.59538	9.66864e-02
0.59547	9.61865e-02
0.59559	9.56622e-02
0.59575	9.51148e-02
0.59594	9.45458e-02
0.59615	9.39566e-02
0.59640	9.33487e-02
0.59668	9.27236e-02
0.59699	9.20861e-02
0.59731	9.14352e-02
0.59767	9.07725e-02
0.59805	9.00996e-02
0.59846	8.94183e-02
0.59890	8.87303e-02
0.59956	8.78034e-02
0.60023	8.68931e-02
0.60091	8.60080e-02
0.60159	8.51489e-02
0.60227	8.43156e-02
0.60296	8.35036e-02
0.60365	8.27109e-02
0.60435	8.19363e-02
0.60506	8.11793e-02
0.60577	8.04500e-02
0.60649	7.97410e-02
0.60722	7.90523e-02
0.60795	7.83846e-02
0.60869	7.77385e-02
0.60944	7.71150e-02
0.61019	7.65147e-02
0.61095	7.59386e-02
0.61172	7.53872e-02
0.61248	7.48613e-02
0.61325	7.43612e-02
0.61401	7.38873e-02
0.61478	7.34397e-02
0.61554	7.30183e-02
0.61631	7.26230e-02
0.61706	7.22533e-02
0.61782	7.19089e-02
0.61857	7.15889e-02
0.61932	7.12926e-02
0.62006	7.10189e-02
0.62079	7.07669e-02
0.62151	7.05354e-02
0.62223	7.03230e-02
0.62294	7.01283e-02
0.62364	6.99500e-02
0.62433	6.97865e-02
0.62501	6.96363e-02
0.62568	6.94977e-02
0.62634	6.93693e-02
0.62699	6.92397e-02
0.62762	6.91145e-02
0.62823	6.89879e-02
0.62882	6.88602e-02
0.62940	6.87315e-02
0.62996	6.86004e-02
0.63051	6.84655e-02
0.63104	6.83254e-02
0.63156	6.81789e-02
0.63206	6.80247e-02
0.63254	6.78616e-02
0.63300	6.76886e-02
0.63345	6.75048e-02
0.63388	6.73091e-02
0.63429	6.71009e-02
0.63469	6.68793e-02
0.63506	6.66437e-02
0.63542	6.63937e-02
0.63576	6.61286e-02
0.63608	6.58482e-02
0.63638	6.55521e-02
0.63666	6.52402e-02
0.63692	6.49104e-02
0.63716	6.45646e-02
0.63738	6.42029e-02
0.63758	6.38254e-02
0.63775	6.34297e-02
0.63790	6.30174e-02
0.63803	6.25889e-02
0.63814	6.21443e-02
0.63822	6.16841e-02
0.63829	6.12088e-02
0.63833	6.07189e-02
0.63835	6.02151e-02
0.63836	5.96985e-02
0.63834	5.91698e-02
0.63830	5.86297e-02
0.63824	5.80795e-02
0.63816	5.75202e-02
0.63807	5.69534e-02
0.63795	5.63803e-02
0.63781	5.58025e-02
0.63766	5.52218e-02
0.63749	5.46400e-02
0.63730	5.40589e-02
0.63709	5.34807e-02
0.63682	5.29764e-02
0.63654	5.24681e-02
0.63625	5.19606e-02
0.63595	5.14582e-02
0.63564	5.09647e-02
0.63532	5.04832e-02
0.63498	5.00163e-02
0.63464	4.95665e-02
0.63429	4.91360e-02
0.63393	4.87266e-02
0.63357	4.83420e-02
0.63320	4.79813e-02
0.63282	4.76465e-02
0.63244	4.73396e-02
0.63206	4.70628e-02
0.63168	4.68181e-02
0.63130	4.66105e-02
0.63093	4.64411e-02
0.63056	4.63125e-02
0.63020	4.62278e-02
0.62985	4.61857e-02
0.62951	4.61934e-02
0.62918	4.62540e-02
0.62885	4.63648e-02
0.62853	4.65316e-02
0.62821	4.67655e-02
0.62789	4.70570e-02
0.62757	4.74029e-02
0.62726	4.77982e-02
0.62693	4.82364e-02
0.62660	4.87105e-02
0.62627	4.92130e-02
0.62592	4.97366e-02
0.62557	5.02746e-02
0.62521	5.08208e-02
0.62485	5.13697e-02
0.62449	5.19164e-02
0.62412	5.24566e-02
0.62376	5.29865e-02
0.62347	5.33642e-02
0.62318	5.37471e-02
0.62288	5.41249e-02
0.62259	5.44919e-02
0.62229	5.48441e-02
0.62199	5.51783e-02
0.62169	5.54921e-02
0.62140	5.57835e-02
0.62110	5.60509e-02
0.62082	5.62931e-02
0.62054	5.65092e-02
0.62026	5.66985e-02
0.61999	5.68607e-02
0.61973	5.69956e-02
0.61947	5.71032e-02
0.61921	5.71857e-02
0.61897	5.72415e-02
0.61873	5.72713e-02
0.61859	5.74362e-02
0.61845	5.75671e-02
0.61832	5.76675e-02
0.61819	5.77393e-02
0.61805	5.77845e-02
0.61793	5.78042e-02
0.61780	5.77998e-02
0.61768	5.77722e-02
0.61756	5.77226e-02
0.61745	5.76521e-02
0.61733	5.75620e-02
0.61722	5.74535e-02
0.61711	5.73281e-02
0.61701	5.71875e-02
0.61691	5.70333e-02
0.61681	5.68674e-02
0.61671	5.66915e-02
0.61662	5.65078e-02
0.61653	5.63180e-02
0.61645	5.61243e-02
0.61637	5.59285e-02
0.61629	5.57327e-02
0.61622	5.55387e-02
0.61615	5.53518e-02
0.61608	5.51708e-02
0.61601	5.49971e-02
0.61595	5.48319e-02
0.61589	5.46764e-02
0.61584	5.45318e-02
0.61580	5.43990e-02
0.61576	5.42789e-02
0.61573	5.41722e-02
0.61570	5.40794e-02
0.61569	5.40011e-02
0.61568	5.39375e-02
0.61569	5.38887e-02
0.61570	5.38549e-02
0.61572	5.38359e-02
0.61575	5.38315e-02
0.61579	5.38416e-02
0.61584	5.38657e-02
0.61591	5.39035e-02
0.61598	5.39543e-02
0.61606	5.40189e-02
0.61615	5.40960e-02
0.61626	5.41850e-02
0.61637	5.42851e-02
0.61650	5.43959e-02
0.61664	5.45166e-02
0.61679	5.46467e-02
0.61696	5.47854e-02
0.61713	5.49324e-02
0.61732	5.50870e-02
0.61752	5.52525e-02
0.61772	5.54252e-02
0.61794	5.56046e-02
0.61816	5.57904e-02
0.61840	5.59821e-02
0.61864	5.61796e-02
0.61889	5.63846e-02
0.61914	5.65946e-02
0.61941	5.68092e-02
0.61968	5.70285e-02
0.61995	5.72534e-02
0.62023	5.74827e-02
0.62052	5.77162e-02
0.62079	5.79411e-02
0.62107	5.81684e-02
0.62134	5.83982e-02
0.62162	5.86304e-02
0.62189	5.88650e-02
0.62216	5.91018e-02
0.62243	5.93407e-02
0.62270	5.95816e-02
0.62296	5.98244e-02
0.62321	6.00690e-02
0.62344	6.02918e-02
0.62367	6.05124e-02
0.62388	6.07309e-02
0.62408	6.09471e-02
0.62427	6.11582e-02
0.62445	6.13660e-02
0.62460	6.15791e-02
0.62474	6.17998e-02
0.62485	6.20202e-02
0.62495	6.22398e-02
0.62503	6.24581e-02
0.62509	6.26746e-02
0.62513	6.28887e-02
0.62515	6.30996e-02
0.62515	6.33066e-02
0.62513	6.35088e-02
0.62509	6.37054e-02
0.62503	6.38955e-02
0.62495	6.40781e-02
0.62484	6.42523e-02
0.62471	6.44171e-02
0.62467	6.46680e-02
0.62460	6.49010e-02
0.62451	6.51159e-02
0.62439	6.53122e-02
0.62424	6.54899e-02
0.62407	6.56487e-02
0.62388	6.57889e-02
0.62367	6.59106e-02
0.62343	6.60143e-02
0.62317	6.61005e-02
0.62289	6.61698e-02
0.62260	6.62228e-02
0.62229	6.62601e-02
0.62196	6.62823e-02
0.62161	6.62896e-02
0.62125	6.62819e-02
0.62087	6.62589e-02
0.62048	6.62201e-02
0.62006	6.61645e-02
0.61962	6.60913e-02
0.61916	6.59995e-02
0.61867	6.58887e-02
0.61816	6.57586e-02
0.61763	6.56095e-02
0.61706	6.54424e-02
0.61647	6.52583e-02
0.61586	6.50567e-02
0.61521	6.48413e-02
0.61455	6.46147e-02
0.61386	6.43793e-02
0.61316	6.41377e-02
0.61244	6.38928e-02
0.61170	6.36474e-02
0.61094	6.34044e-02
0.61018	6.31668e-02
0.60940	6.29375e-02
0.60861	6.27193e-02
0.60781	6.25151e-02
0.60701	6.23277e-02
0.60620	6.21597e-02
0.60539	6.20136e-02
0.60458	6.18919e-02
0.60376	6.17968e-02
0.60295	6.17303e-02
0.60213	6.16942e-02
0.60132	6.16902e-02
0.60051	6.17186e-02
0.59970	6.17815e-02
0.59890	6.18797e-02
0.59811	6.20138e-02
0.59733	6.21840e-02
0.59655	6.23903e-02
0.59578	6.26323e-02
0.59503	6.29094e-02
0.59429	6.32207e-02
0.59356	6.35649e-02
0.59284	6.39493e-02
0.59214	6.43652e-02
0.59145	6.48106e-02
0.59078	6.52838e-02
0.59013	6.57819e-02
0.58949	6.63023e-02
0.58892	6.68338e-02
0.58837	6.73807e-02
0.58784	6.79400e-02
0.58733	6.85087e-02
0.58684	6.90840e-02
0.58637	6.96626e-02
0.58593	7.02416e-02
0.58551	7.08180e-02
0.58511	7.13889e-02
0.58474	7.19511e-02
0.58440	7.25019e-02
0.58408	7.30384e-02
0.58379	7.35579e-02
0.58353	7.40577e-02
0.58329	7.45352e-02
0.58308	7.49880e-02
0.58290	7.54137e-02
0.58274	7.58037e-02
0.58260	7.61614e-02
0.58249	7.64849e-02
0.58241	7.67725e-02
0.58235	7.70224e-02
0.58232	7.72332e-02
0.58232	7.74041e-02
0.58243	7.75571e-02
0.58256	7.76670e-02
0.58272	7.77339e-02
0.58290	7.77575e-02
0.58311	7.77376e-02
0.58335	7.76744e-02
0.58361	7.75677e-02
0.58391	7.74177e-02
0.58423	7.72241e-02
0.58458	7.69869e-02
0.58496	7.67058e-02
0.58536	7.63805e-02
0.58578	7.60105e-02
0.58621	7.55958e-02
0.58665	7.51308e-02
0.58711	7.46202e-02
0.58757	7.40647e-02
0.58805	7.34648e-02
0.58852	7.28218e-02
0.58900	7.21369e-02
0.58949	7.14120e-02
0.58997	7.06490e-02
0.59046	6.98501e-02
0.59094	6.90179e-02
0.59143	6.81551e-02
0.59192	6.72645e-02
0.59241	6.63492e-02
0.59289	6.54124e-02
0.59338	6.44575e-02
0.59386	6.34878e-02
0.59434	6.25071e-02
0.59482	6.15189e-02
0.59529	6.05269e-02
0.59576	5.95349e-02
0.59623	5.85466e-02
0.59670	5.75660e-02
0.59715	5.65968e-02
0.59761	5.56428e-02
0.59806	5.47077e-02
0.59850	5.37953e-02
0.59892	5.28989e-02
0.59933	5.20313e-02
0.59974	5.11963e-02
0.60013	5.03972e-02
0.60051	4.96373e-02
0.60103	4.89004e-02
0.60153	4.82090e-02
0.60201	4.75649e-02
0.60248	4.69699e-02
0.60293	4.64249e-02
0.60336	4.59309e-02
0.60377	4.54881e-02
0.60416	4.50964e-02
0.60454	4.47553e-02
0.60489	4.44638e-02
0.60523	4.42205e-02
0.60555	4.40237e-02
0.60585	4.38714e-02
0.60614	4.37612e-02
0.60641	4.36904e-02
0.60664	4.36432e-02
0.60685	4.36255e-02
0.60705	4.36345e-02
0.60723	4.36669e-02
0.60739	4.37194e-02
0.60753	4.37887e-02
0.60766	4.38716e-02
0.60778	4.39651e-02
0.60788	4.40664e-02
0.60796	4.41728e-02
0.60803	4.42818e-02
0.60809	4.43911e-02
0.60814	4.44989e-02
0.60817	4.46032e-02
0.60820	4.47026e-02
0.60821	4.47958e-02
0.60823	4.48542e-02
0.60831	4.48268e-02
0.60845	4.47209e-02
0.60863	4.45583e-02
0.60883	4.43672e-02
0.60903	4.41732e-02
0.60922	4.39920e-02
0.60939	4.38303e-02
0.60953	4.36887e-02
0.60966	4.35653e-02
0.60978	4.34580e-02
0.60987	4.33652e-02
0.60996	4.32862e-02
0.61004	4.32208e-02
0.61011	4.31693e-02
0.61018	4.31326e-02
0.61024	4.31116e-02
0.61028	4.30870e-02
0.61032	4.30765e-02
0.61036	4.30819e-02
0.61040	4.31042e-02
0.61043	4.31447e-02
0.61045	4.32045e-02
0.61048	4.32866e-02
0.61049	4.33931e-02
0.61051	4.35218e-02
0.61053	4.36734e-02
0.61055	4.38482e-02
0.61062	4.41415e-02
0.61069	4.44571e-02
0.61077	4.47969e-02
0.61085	4.51622e-02
0.61094	4.55536e-02
0.61104	4.59713e-02
0.61115	4.64151e-02
0.61127	4.68844e-02
0.61140	4.73779e-02
0.61154	4.78941e-02
0.61180	4.85439e-02
0.61206	4.91945e-02
0.61232	4.98459e-02
0.61257	5.04963e-02
0.61283	5.11435e-02
0.61309	5.17848e-02
0.61335	5.24177e-02
0.61362	5.30401e-02
0.61388	5.36496e-02
0.61415	5.42445e-02
0.61443	5.48228e-02
0.61470	5.53832e-02
0.61498	5.59241e-02
0.61527	5.64446e-02
0.61555	5.69436e-02
0.61584	5.74203e-02
0.61614	5.78740e-02
0.61644	5.83043e-02
0.61674	5.87106e-02
0.61705	5.90927e-02
0.61736	5.94501e-02
0.61767	5.97828e-02
0.61809	6.00951e-02
0.61850	6.03825e-02
0.61892	6.06449e-02
0.61933	6.08821e-02
0.61984	6.11353e-02
0.62033	6.13571e-02
0.62081	6.15483e-02
0.62126	6.17097e-02
0.62171	6.18417e-02
0.62213	6.19437e-02
0.62253	6.20170e-02
0.62292	6.20625e-02
0.62329	6.20809e-02
0.62365	6.20730e-02
0.62399	6.20396e-02
0.62432	6.19817e-02
0.62463	6.19003e-02
0.62492	6.17962e-02
0.62520	6.16704e-02
0.62546	6.15239e-02
0.62571	6.13576e-02
0.62594	6.11724e-02
0.62616	6.09693e-02
0.62636	6.07493e-02
0.62653	6.05158e-02
0.62668	6.02673e-02
0.62681	6.00046e-02
0.62692	5.97284e-02
0.62701	5.94395e-02
0.62708	5.91388e-02
0.62714	5.88270e-02
0.62717	5.85049e-02
0.62718	5.81734e-02
0.62717	5.78331e-02
0.62713	5.74930e-02
0.62709	5.71431e-02
0.62702	5.67888e-02
0.62692	5.64302e-02
0.62679	5.60676e-02
0.62664	5.57016e-02
0.62653	5.53943e-02
0.62639	5.50818e-02
0.62622	5.47636e-02
0.62602	5.44389e-02
0.62579	5.41072e-02
0.62552	5.37682e-02
0.62523	5.34221e-02
0.62490	5.30692e-02
0.62455	5.27099e-02
0.62417	5.23451e-02
0.62376	5.19756e-02
0.62333	5.16024e-02
0.62287	5.12265e-02
0.62239	5.08490e-02
0.62188	5.04711e-02
0.62136	5.00941e-02
0.62081	4.97191e-02
0.62025	4.93475e-02
0.61967	4.89804e-02
0.61907	4.86193e-02
0.61846	4.82654e-02
0.61784	4.79200e-02
0.61720	4.75843e-02
0.61655	4.72596e-02
0.61589	4.69574e-02
0.61521	4.66703e-02
0.61453	4.63991e-02
0.61384	4.61446e-02
0.61313	4.59023e-02
0.61243	4.56771e-02
0.61171	4.54698e-02
0.61099	4.52811e-02
0.61027	4.51115e-02
0.60955	4.49615e-02
0.60883	4.48306e-02
0.60811	4.47196e-02
0.60740	4.46288e-02
0.60669	4.45583e-02
0.60598	4.45045e-02
0.60528	4.44702e-02
0.60459	4.44553e-02
0.60391	4.44599e-02
0.60324	4.44838e-02
0.60258	4.45272e-02
0.60193	4.45897e-02
0.60130	4.46714e-02
0.60068	4.47720e-02
0.60008	4.48916e-02
0.59949	4.50300e-02
0.59893	4.51871e-02
0.59838	4.53628e-02
0.59785	4.55571e-02
0.59735	4.57699e-02
0.59686	4.60013e-02
0.59640	4.62511e-02
0.59596	4.65195e-02
0.59555	4.68066e-02
0.59515	4.71122e-02
0.59479	4.74367e-02
0.59445	4.77799e-02
0.59427	4.80437e-02
0.59411	4.83285e-02
0.59397	4.86356e-02
0.59385	4.89665e-02
0.59374	4.93218e-02
0.59364	4.97023e-02
0.59356	5.01083e-02
0.59349	5.05401e-02
0.59344	5.09977e-02
0.59340	5.14806e-02
0.59338	5.19888e-02
0.59337	5.25218e-02
0.59338	5.30791e-02
0.59340	5.36601e-02
0.59343	5.42641e-02
0.59348	5.48904e-02
0.59355	5.55384e-02
0.59363	5.62071e-02
0.59373	5.68957e-02
0.59384	5.76035e-02
0.59396	5.83294e-02
0.59410	5.90726e-02
0.59425	5.98321e-02
0.59442	6.06069e-02
0.59480	6.12758e-02
0.59514	6.20019e-02
0.59546	6.27708e-02
0.59576	6.35717e-02
0.59604	6.43971e-02
0.59632	6.52416e-02
0.59660	6.61013e-02
0.59687	6.69730e-02
0.59713	6.78539e-02
0.59739	6.87416e-02
0.59765	6.96352e-02
0.59790	7.05372e-02
0.59814	7.14409e-02
0.59838	7.23443e-02
0.59861	7.32457e-02
0.59884	7.41433e-02
0.59906	7.50355e-02
0.59928	7.59209e-02
0.59949	7.67978e-02
0.59969	7.76650e-02
0.59988	7.85209e-02
0.60007	7.93641e-02
0.60024	8.01934e-02
0.60041	8.10073e-02
0.60056	8.18046e-02
0.60071	8.25838e-02
0.60084	8.33439e-02
0.60097	8.40835e-02
0.60108	8.48014e-02
0.60117	8.54964e-02
0.60126	8.61675e-02
0.60132	8.68134e-02
0.60138	8.74331e-02
0.60142	8.80256e-02
0.60144	8.85899e-02
0.60145	8.91250e-02
0.60145	8.96302e-02
0.60143	9.01046e-02
0.60139	9.05475e-02
0.60134	9.09582e-02
0.60126	9.13392e-02
0.60117	9.16874e-02
0.60106	9.20024e-02
0.60094	9.22836e-02
0.60079	9.25146e-02
0.60062	9.27085e-02
0.60043	9.28654e-02
0.60023	9.29852e-02
0.60000	9.30681e-02
0.59976	9.31142e-02
0.59950	9.31263e-02
0.59922	9.31027e-02
0.59892	9.30441e-02
0.59860	9.29510e-02
0.59827	9.28197e-02
0.59792	9.26544e-02
0.59755	9.24561e-02
0.59716	9.22259e-02
0.59676	9.19649e-02
0.59635	9.16744e-02
0.59592	9.13557e-02
0.59547	9.10103e-02
0.59502	9.06396e-02
0.59455	9.02454e-02
0.59407	8.98292e-02
0.59359	8.93929e-02
0.59309	8.89383e-02
0.59258	8.84671e-02
0.59207	8.79814e-02
0.59155	8.74831e-02
0.59102	8.69741e-02
0.59049	8.64565e-02
0.58996	8.59322e-02
0.58942	8.54032e-02
0.58889	8.48714e-02
0.58835	8.43388e-02
0.58781	8.38060e-02
0.58727	8.32759e-02
0.58674	8.27500e-02
0.58621	8.22301e-02
0.58576	8.17103e-02
0.58531	8.11996e-02
0.58487	8.06991e-02
0.58444	8.02100e-02
0.58401	7.97333e-02
0.58362	7.92594e-02
0.58324	7.87998e-02
0.58287	7.83549e-02
0.58251	7.79249e-02
0.58216	7.75101e-02
0.58183	7.71107e-02
0.58151	7.67270e-02
0.58121	7.63588e-02
0.58092	7.60062e-02
0.58064	7.56689e-02
0.58038	7.53468e-02
0.58014	7.50395e-02
0.57991	7.47464e-02
0.57970	7.44670e-02
0.57950	7.42006e-02
0.57931	7.39453e-02
0.57914	7.37009e-02
0.57899	7.34676e-02
0.57886	7.32452e-02
0.57876	7.30336e-02
0.57868	7.28320e-02
0.57863	7.26397e-02
0.57861	7.24560e-02
0.57862	7.22797e-02
0.57866	7.21099e-02
0.57874	7.19470e-02
0.57882	7.18065e-02
0.57893	7.16719e-02
0.57906	7.15418e-02
0.57922	7.14147e-02
0.57938	7.12888e-02
0.57956	7.11622e-02
0.57975	7.10328e-02
0.57994	7.08985e-02
0.58014	7.07576e-02
0.58033	7.06082e-02
0.58052	7.04489e-02
0.58071	7.02787e-02
0.58090	7.00966e-02
0.58107	6.99024e-02
0.58124	6.96958e-02
0.58141	6.94769e-02
0.58157	6.92464e-02
0.58172	6.90048e-02
0.58186	6.87530e-02
0.58200	6.84922e-02
0.58214	6.82237e-02
0.58227	6.79487e-02
0.58239	6.76688e-02
0.58251	6.73855e-02
0.58274	6.69155e-02
0.58294	6.64844e-02
0.58311	6.60897e-02
0.58327	6.57293e-02
0.58340	6.54007e-02
0.58352	6.51005e-02
0.58363	6.48278e-02
0.58372	6.45805e-02
0.58381	6.43570e-02
0.58389	6.41548e-02
0.58396	6.39737e-02
0.58403	6.38127e-02
0.58409	6.36711e-02
0.58416	6.35482e-02
0.58422	6.34438e-02
0.58428	6.33556e-02
0.58433	6.32846e-02
0.58438	6.32308e-02
0.58443	6.31939e-02
0.58448	6.31718e-02
0.58453	6.31656e-02
0.58458	6.31750e-02
0.58463	6.31997e-02
0.58468	6.32393e-02
0.58474	6.32931e-02
0.58480	6.33605e-02
0.58486	6.34409e-02
0.58492	6.35334e-02
0.58499	6.36371e-02
0.58506	6.37512e-02
0.58514	6.38745e-02
0.58523	6.40061e-02
0.58532	6.41447e-02
0.58541	6.42891e-02
0.58552	6.44382e-02
0.58563	6.45907e-02
0.58575	6.47453e-02
0.58587	6.49008e-02
0.58601	6.50560e-02
0.58615	6.52097e-02
0.58631	6.53609e-02
0.58647	6.55063e-02
0.58664	6.56478e-02
0.58682	6.57844e-02
0.58701	6.59156e-02
0.58721	6.60408e-02
0.58742	6.61595e-02
0.58764	6.62715e-02
0.58787	6.63766e-02
0.58811	6.64746e-02
0.58835	6.65679e-02
0.58860	6.66546e-02
0.58885	6.67346e-02
0.58911	6.68078e-02
0.58937	6.68742e-02
0.58964	6.69338e-02
0.58992	6.69864e-02
0.59020	6.70319e-02
0.59049	6.70703e-02
0.59077	6.71013e-02
0.59107	6.71249e-02
0.59137	6.71409e-02
0.59167	6.71491e-02
0.59197	6.71493e-02
0.59228	6.71412e-02
0.59266	6.71130e-02
0.59303	6.70787e-02
0.59342	6.70378e-02
0.59380	6.69904e-02
0.59419	6.69363e-02
0.59459	6.68758e-02
0.59498	6.68086e-02
0.59537	6.67348e-02
0.59577	6.66540e-02
0.59616	6.65659e-02
0.59653	6.64884e-02
0.59690	6.64078e-02
0.59726	6.63231e-02
0.59761	6.62338e-02
0.59795	6.61394e-02
0.59828	6.60396e-02
0.59861	6.59342e-02
0.59892	6.58229e-02
0.59922	6.57055e-02
0.59951	6.55819e-02
0.59979	6.54520e-02
0.60006	6.53159e-02
0.60031	6.51734e-02
0.60055	6.50247e-02
0.60078	6.48699e-02
0.60099	6.47091e-02
0.60119	6.45426e-02
0.60137	6.43706e-02
0.60154	6.41934e-02
0.60170	6.40112e-02
0.60183	6.38245e-02
0.60195	6.36336e-02
0.60205	6.34389e-02
0.60214	6.32407e-02
0.60220	6.30395e-02
0.60240	6.27536e-02
0.60256	6.24801e-02
0.60269	6.22169e-02
0.60278	6.19625e-02
0.60284	6.17160e-02
0.60285	6.14861e-02
0.60283	6.12649e-02
0.60278	6.10515e-02
0.60269	6.08452e-02
0.60258	6.06449e-02
0.60243	6.04509e-02
0.60225	6.02629e-02
0.60204	6.00808e-02
0.60180	5.99044e-02
0.60154	5.97336e-02
0.60124	5.95639e-02
0.60091	5.93989e-02
0.60056	5.92388e-02
0.60018	5.90835e-02
0.59976	5.89232e-02
0.59932	5.87660e-02
0.59886	5.86125e-02
0.59837	5.84631e-02
0.59785	5.83184e-02
0.59731	5.81789e-02
0.59675	5.80452e-02
0.59617	5.79178e-02
0.59556	5.77974e-02
0.59494	5.76849e-02
0.59429	5.75809e-02
0.59363	5.74864e-02
0.59295	5.74022e-02
0.59225	5.73294e-02
0.59153	5.72689e-02
0.59080	5.72219e-02
0.59006	5.71894e-02
0.58929	5.71725e-02
0.58852	5.71723e-02
0.58773	5.71901e-02
0.58694	5.72270e-02
0.58613	5.72840e-02
0.58530	5.73603e-02
0.58445	5.74585e-02
0.58360	5.75796e-02
0.58274	5.77246e-02
0.58186	5.78942e-02
0.58099	5.80894e-02
0.58010	5.83107e-02
0.57921	5.85588e-02
0.57832	5.88340e-02
0.57741	5.91398e-02
0.57650	5.94733e-02
0.57559	5.98344e-02
0.57468	6.02229e-02
0.57376	6.06384e-02
0.57284	6.10804e-02
0.57192	6.15484e-02
0.57100	6.20416e-02
0.57009	6.25592e-02
0.56918	6.31003e-02
0.56827	6.36638e-02
0.56736	6.42487e-02
0.56646	6.48536e-02
0.56556	6.54774e-02
0.56467	6.61186e-02
0.56379	6.67760e-02
0.56292	6.74479e-02
0.56205	6.81329e-02
0.56119	6.88295e-02
0.56034	6.95362e-02
0.55951	7.02513e-02
0.55868	7.09732e-02
0.55787	7.17005e-02
0.55707	7.24314e-02
0.55628	7.31644e-02
0.55550	7.39047e-02
0.55474	7.46459e-02
0.55399	7.53862e-02
0.55325	7.61241e-02
0.55253	7.68581e-02
0.55183	7.75866e-02
0.55115	7.83083e-02
0.55048	7.90215e-02
0.54984	7.97249e-02
0.54921	8.04171e-02
0.54860	8.10967e-02
0.54801	8.17623e-02
0.54745	8.24126e-02
0.54691	8.30462e-02
0.54639	8.36618e-02
0.54589	8.42582e-02
0.54541	8.48341e-02
0.54497	8.53882e-02
0.54454	8.59193e-02
0.54414	8.64262e-02
0.54377	8.69077e-02
0.54343	8.73627e-02
0.54311	8.77901e-02
0.54282	8.81887e-02
0.54256	8.85576e-02
0.54232	8.88959e-02
0.54211	8.92025e-02
0.54193	8.94765e-02
0.54179	8.97171e-02
0.54166	8.99236e-02
0.54156	9.01001e-02
0.54148	9.02416e-02
0.54143	9.03474e-02
0.54141	9.04169e-02
0.54141	9.04468e-02
0.54144	9.04392e-02
0.54149	9.03944e-02
0.54157	9.03124e-02
0.54167	9.01934e-02
0.54180	9.00378e-02
0.54196	8.98467e-02
0.54213	8.96200e-02
0.54233	8.93584e-02
0.54256	8.90628e-02
0.54279	8.87309e-02
0.54305	8.83662e-02
0.54332	8.79702e-02
0.54361	8.75441e-02
0.54392	8.70895e-02
0.54425	8.66079e-02
0.54458	8.61008e-02
0.54494	8.55699e-02
0.54530	8.50170e-02
0.54567	8.44437e-02
0.54606	8.38520e-02
0.54645	8.32435e-02
0.54686	8.26202e-02
0.54726	8.19839e-02
0.54768	8.13364e-02
0.54809	8.06796e-02
0.54851	8.00152e-02
0.54894	7.93450e-02
0.54936	7.86707e-02
0.54978	7.79941e-02
0.55020	7.73167e-02
0.55062	7.66401e-02
0.55103	7.59629e-02
0.55143	7.52889e-02
0.55183	7.46198e-02
0.55221	7.39567e-02
0.55259	7.33011e-02
0.55297	7.26542e-02
0.55333	7.20172e-02
0.55368	7.13912e-02
0.55402	7.07774e-02
0.55434	7.01778e-02
0.55465	6.95931e-02
0.55495	6.90244e-02
0.55523	6.84727e-02
0.55549	6.79390e-02
0.55574	6.74241e-02
0.55598	6.69292e-02
0.55620	6.64549e-02
0.55640	6.60023e-02
0.55659	6.55720e-02
0.55677	6.51723e-02
0.55694	6.47953e-02
0.55708	6.44420e-02
0.55721	6.41135e-02
0.55733	6.38114e-02
0.55743	6.35367e-02
0.55752	6.32915e-02
0.55759	6.30776e-02
0.55767	6.28969e-02
0.55773	6.27508e-02
0.55780	6.26407e-02
0.55786	6.25671e-02
0.55792	6.25299e-02
0.55798	6.25283e-02
0.55804	6.25607e-02
0.55808	6.26273e-02
0.55811	6.27248e-02
0.55813	6.28509e-02
0.55814	6.30036e-02
0.55813	6.31812e-02
0.55810	6.33821e-02
0.55806	6.36050e-02
0.55800	6.38487e-02
0.55793	6.41122e-02
0.55784	6.43946e-02
0.55773	6.46952e-02
0.55761	6.50133e-02
0.55748	6.53483e-02
0.55734	6.56996e-02
0.55718	6.60665e-02
0.55702	6.64485e-02
0.55685	6.68450e-02
0.55667	6.72553e-02
0.55648	6.76789e-02
0.55629	6.81151e-02
0.55609	6.85632e-02
0.55589	6.90224e-02
0.55569	6.94920e-02
0.55549	6.99713e-02
0.55529	7.04594e-02
0.55509	7.09538e-02
0.55488	7.14548e-02
0.55468	7.19615e-02
0.55448	7.24727e-02
0.55429	7.29876e-02
0.55409	7.35155e-02
0.55389	7.40466e-02
0.55370	7.45799e-02
0.55352	7.51140e-02
0.55333	7.56426e-02
0.55316	7.61690e-02
0.55299	7.66920e-02
0.55282	7.72107e-02
0.55267	7.77236e-02
0.55252	7.82298e-02
0.55238	7.87264e-02
0.55225	7.92136e-02
0.55214	7.96904e-02
0.55203	8.01556e-02
0.55196	8.06535e-02
0.55189	8.11223e-02
0.55182	8.15634e-02
0.55176	8.19778e-02
0.55170	8.23659e-02
0.55166	8.27279e-02
0.55162	8.30641e-02
0.55159	8.33743e-02
0.55157	8.36583e-02
0.55157	8.39160e-02
0.55157	8.41470e-02
0.55159	8.43509e-02
0.55162	8.45274e-02
0.55166	8.46760e-02
0.55171	8.47964e-02
0.55178	8.48881e-02
0.55186	8.49508e-02
0.55195	8.49839e-02
0.55205	8.49873e-02
0.55217	8.49605e-02
0.55229	8.49033e-02
0.55243	8.48154e-02
0.55258	8.46966e-02
0.55274	8.45467e-02
0.55291	8.43656e-02
0.55309	8.41533e-02
0.55328	8.39096e-02
0.55347	8.36346e-02
0.55368	8.33284e-02
0.55389	8.29912e-02
0.55411	8.26230e-02
0.55433	8.22308e-02
0.55455	8.18096e-02
0.55477	8.13595e-02
0.55500	8.08812e-02
0.55523	8.03749e-02
0.55546	7.98413e-02
0.55569	7.92810e-02
0.55592	7.86946e-02
0.55635	7.80926e-02
0.55683	7.74750e-02
0.55733	7.68431e-02
0.55780	7.61934e-02
0.55822	7.55214e-02
0.55858	7.48248e-02
0.55890	7.41041e-02
0.55918	7.33582e-02
0.55944	7.25927e-02
0.55968	7.18102e-02
0.55989	7.10131e-02
0.56010	7.02036e-02
0.56029	6.93842e-02
0.56047	6.85572e-02
0.56064	6.77249e-02
0.56081	6.68899e-02
0.56096	6.60548e-02
0.56123	6.49648e-02
0.56150	6.38897e-02
0.56176	6.28291e-02
0.56200	6.17835e-02
0.56224	6.07552e-02
0.56247	5.97476e-02
0.56270	5.87660e-02
0.56291	5.78168e-02
0.56311	5.69070e-02
0.56330	5.60439e-02
0.56347	5.52342e-02
0.56363	5.44840e-02
0.56377	5.37984e-02
0.56389	5.31815e-02
0.56399	5.26367e-02
0.56407	5.21664e-02
0.56413	5.17724e-02
0.56418	5.14557e-02
0.56421	5.12169e-02
0.56422	5.10560e-02
0.56421	5.09725e-02
0.56419	5.09655e-02
0.56415	5.10335e-02
0.56410	5.11747e-02
0.56404	5.13870e-02
0.56410	5.15002e-02
0.56413	5.16871e-02
0.56416	5.19443e-02
0.56416	5.22704e-02
0.56415	5.26641e-02
0.56412	5.31256e-02
0.56406	5.36459e-02
0.56398	5.42234e-02
0.56388	5.48526e-02
0.56381	5.56135e-02
0.56369	5.63585e-02
0.56355	5.71103e-02
0.56339	5.78770e-02
0.56322	5.86598e-02
0.56303	5.94568e-02
0.56283	6.02669e-02
0.56263	6.10843e-02
0.56241	6.19052e-02
0.56219	6.27257e-02
0.56204	6.36631e-02
0.56203	6.44540e-02
0.56197	6.52554e-02
0.56188	6.60546e-02
0.56177	6.68421e-02
0.56163	6.76111e-02
0.56147	6.83559e-02
0.56130	6.90724e-02
0.56110	6.97568e-02
0.56089	7.04063e-02
0.56066	7.10185e-02
0.56042	7.15914e-02
0.56017	7.21234e-02
0.55991	7.26132e-02
0.55964	7.30598e-02
0.55936	7.34623e-02
0.55907	7.38201e-02
0.55878	7.41326e-02
0.55849	7.43997e-02
0.55819	7.46211e-02
0.55789	7.47968e-02
0.55759	7.49270e-02
0.55728	7.50119e-02
0.55698	7.50521e-02
0.55667	7.50482e-02
0.55637	7.50008e-02
0.55606	7.49108e-02
0.55576	7.47794e-02
0.55546	7.46076e-02
0.55516	7.43969e-02
0.55487	7.41487e-02
0.55457	7.38640e-02
0.55427	7.35448e-02
0.55398	7.31932e-02
0.55369	7.28111e-02
0.55346	7.23717e-02
0.55322	7.19098e-02
0.55298	7.14264e-02
0.55275	7.09229e-02
0.55252	7.04014e-02
0.55229	6.98640e-02
0.55207	6.93133e-02
0.55185	6.87519e-02
0.55164	6.81826e-02
0.55144	6.76084e-02
0.55124	6.70321e-02
0.55105	6.64570e-02
0.55086	6.58860e-02
0.55068	6.53221e-02
0.55051	6.47684e-02
0.55034	6.42279e-02
0.55017	6.37037e-02
0.55001	6.31985e-02
0.54986	6.27151e-02
0.54971	6.22560e-02
0.54956	6.18236e-02
0.54943	6.14057e-02
0.54930	6.10206e-02
0.54917	6.06678e-02
0.54904	6.03472e-02
0.54892	6.00591e-02
0.54879	5.98034e-02
0.54866	5.95798e-02
0.54854	5.93875e-02
0.54842	5.92256e-02
0.54830	5.90927e-02
0.54818	5.89872e-02
0.54806	5.89073e-02
0.54795	5.88508e-02
0.54784	5.88154e-02
0.54772	5.87986e-02
0.54762	5.87978e-02
0.54751	5.88100e-02
0.54740	5.88326e-02
0.54730	5.88624e-02
0.54720	5.88965e-02
0.54710	5.89320e-02
0.54701	5.89657e-02
0.54691	5.89949e-02
0.54682	5.90165e-02
0.54674	5.90278e-02
0.54665	5.90262e-02
0.54657	5.90090e-02
0.54649	5.89737e-02
0.54642	5.89183e-02
0.54635	5.88404e-02
0.54628	5.87577e-02
0.54620	5.86520e-02
0.54613	5.85194e-02
0.54607	5.83588e-02
0.54608	5.82534e-02
0.54608	5.81032e-02
0.54608	5.79088e-02
0.54607	5.76701e-02
0.54606	5.73876e-02
0.54604	5.70619e-02
0.54611	5.67226e-02
0.54616	5.63394e-02
0.54620	5.59148e-02
0.54623	5.54511e-02
0.54626	5.49471e-02
0.54629	5.44081e-02
0.54631	5.38368e-02
0.54634	5.32359e-02
0.54637	5.26085e-02
0.54641	5.19581e-02
0.54645	5.12884e-02
0.54649	5.06033e-02
0.54654	4.99072e-02
0.54660	4.92046e-02
0.54667	4.85007e-02
0.54675	4.78005e-02
0.54684	4.71097e-02
0.54694	4.64341e-02
0.54704	4.57796e-02
0.54716	4.51525e-02
0.54729	4.45590e-02
0.54744	4.40056e-02
0.54759	4.34984e-02
0.54775	4.30436e-02
0.54793	4.26470e-02
0.54812	4.23139e-02
0.54832	4.20492e-02
0.54853	4.18572e-02
0.54876	4.17411e-02
0.54900	4.17035e-02
0.54925	4.17459e-02
0.54951	4.18689e-02
0.54978	4.20720e-02
0.55006	4.23537e-02
0.55036	4.27115e-02
0.55066	4.31460e-02
0.55097	4.36500e-02
0.55130	4.42189e-02
0.55163	4.48474e-02
0.55206	4.55372e-02
0.55247	4.62725e-02
0.55287	4.70475e-02
0.55326	4.78566e-02
0.55364	4.86943e-02
0.55403	4.95548e-02
0.55442	5.04326e-02
0.55482	5.13224e-02
0.55522	5.22189e-02
0.55563	5.31171e-02
0.55604	5.40123e-02
0.55645	5.49128e-02
0.55686	5.58052e-02
0.55727	5.66857e-02
0.55769	5.75505e-02
0.55811	5.83965e-02
0.55853	5.92204e-02
0.55896	6.00198e-02
0.55939	6.07920e-02
0.55983	6.15350e-02
0.56027	6.22469e-02
0.56083	6.28943e-02
0.56139	6.35178e-02
0.56194	6.41143e-02
0.56249	6.46817e-02
0.56302	6.52181e-02
0.56355	6.57219e-02
0.56407	6.61918e-02
0.56457	6.66264e-02
0.56507	6.70250e-02
0.56555	6.73872e-02
0.56601	6.77126e-02
0.56647	6.80015e-02
0.56692	6.82543e-02
0.56736	6.84717e-02
0.56778	6.86548e-02
0.56820	6.88046e-02
0.56860	6.89224e-02
0.56900	6.90096e-02
0.56939	6.90647e-02
0.56977	6.90919e-02
0.57014	6.90929e-02
0.57050	6.90695e-02
0.57085	6.90232e-02
0.57119	6.89560e-02
0.57152	6.88694e-02
0.57185	6.87654e-02
0.57216	6.86455e-02
0.57247	6.85114e-02
0.57277	6.83649e-02
0.57311	6.81884e-02
0.57346	6.80016e-02
0.57379	6.77995e-02
0.57411	6.75889e-02
0.57443	6.73717e-02
0.57474	6.71496e-02
0.57504	6.69244e-02
0.57532	6.66977e-02
0.57559	6.64710e-02
0.57585	6.62454e-02
0.57608	6.60220e-02
0.57631	6.58024e-02
0.57651	6.55865e-02
0.57669	6.53750e-02
0.57686	6.51682e-02
0.57699	6.49502e-02
0.57710	6.47342e-02
0.57719	6.45208e-02
0.57726	6.43104e-02
0.57732	6.41031e-02
0.57735	6.38990e-02
0.57736	6.36983e-02
0.57735	6.35010e-02
0.57732	6.33069e-02
0.57728	6.31162e-02
0.57722	6.29286e-02
0.57714	6.27442e-02
0.57704	6.25627e-02
0.57693	6.23840e-02
0.57680	6.22079e-02
0.57665	6.20343e-02
0.57649	6.18629e-02
0.57632	6.16936e-02
0.57613	6.15260e-02
0.57593	6.13600e-02
0.57572	6.11954e-02
0.57549	6.10319e-02
0.57525	6.08692e-02
0.57501	6.07073e-02
0.57475	6.05457e-02
0.57448	6.03843e-02
0.57420	6.02230e-02
0.57391	6.00614e-02
0.57362	5.98995e-02
0.57332	5.97370e-02
0.57301	5.95738e-02
0.57270	5.94051e-02
0.57237	5.92346e-02
0.57204	5.90623e-02
0.57171	5.88883e-02
0.57137	5.87125e-02
0.57104	5.85348e-02
0.57070	5.83555e-02
0.57035	5.81745e-02
0.57001	5.79919e-02
0.56967	5.78079e-02
0.56933	5.76227e-02
0.56899	5.74364e-02
0.56866	5.72492e-02
0.56832	5.70614e-02
0.56799	5.68733e-02
0.56766	5.66865e-02
0.56733	5.64997e-02
0.56701	5.63132e-02
0.56669	5.61274e-02
0.56638	5.59424e-02
0.56607	5.57586e-02
0.56577	5.55765e-02
0.56548	5.53963e-02
0.56520	5.52184e-02
0.56492	5.50433e-02
0.56494	5.46082e-02
0.56494	5.42161e-02
0.56487	5.39012e-02
0.56475	5.36504e-02
0.56459	5.34420e-02
0.56441	5.32609e-02
0.56423	5.30984e-02
0.56404	5.29502e-02
0.56385	5.28138e-02
0.56366	5.26880e-02
0.56347	5.25718e-02
0.56328	5.24647e-02
0.56310	5.23663e-02
0.56292	5.22761e-02
0.56274	5.21938e-02
0.56256	5.21189e-02
0.56239	5.20512e-02
0.56222	5.19903e-02
0.56203	5.19199e-02
0.56185	5.18531e-02
0.56167	5.17903e-02
0.56149	5.17311e-02
0.56131	5.16753e-02
0.56113	5.16226e-02
0.56095	5.15725e-02
0.56077	5.15247e-02
0.56058	5.14789e-02
0.56039	5.14345e-02
0.56021	5.13910e-02
0.56009	5.14553e-02
0.55993	5.14662e-02
0.55974	5.14507e-02
0.55954	5.14211e-02
0.55933	5.13832e-02
0.55912	5.13397e-02
0.55890	5.12915e-02
0.55867	5.12389e-02
0.55844	5.11816e-02
0.55820	5.11195e-02
0.55796	5.10519e-02
0.55769	5.09876e-02
0.55742	5.09180e-02
0.55714	5.08424e-02
0.55685	5.07598e-02
0.55682	5.10231e-02
0.55674	5.12484e-02
0.55662	5.14280e-02
0.55646	5.15611e-02
0.55626	5.16540e-02
0.55604	5.17109e-02
0.55580	5.17340e-02
0.55554	5.17241e-02
0.55528	5.16808e-02
0.55501	5.16035e-02
0.55474	5.14920e-02
0.55447	5.13465e-02
0.55421	5.11685e-02
0.55394	5.09600e-02
0.55368	5.07239e-02
0.55341	5.04633e-02
0.55314	5.01814e-02
0.55287	4.98816e-02
0.55259	4.95670e-02
0.55230	4.92406e-02
0.55199	4.89050e-02
0.55168	4.85628e-02
0.55136	4.82163e-02
0.55103	4.78676e-02
0.55068	4.75187e-02
0.55032	4.71716e-02
0.54995	4.68282e-02
0.54957	4.64904e-02
0.54918	4.61600e-02
0.54878	4.58389e-02
0.54838	4.55289e-02
0.54796	4.52351e-02
0.54753	4.49564e-02
0.54710	4.46946e-02
0.54667	4.44516e-02
0.54623	4.42293e-02
0.54579	4.40293e-02
0.54535	4.38536e-02
0.54491	4.37036e-02
0.54448	4.35811e-02
0.54404	4.34873e-02
0.54361	4.34236e-02
0.54318	4.33912e-02
0.54276	4.33909e-02
0.54235	4.34237e-02
0.54195	4.34901e-02
0.54156	4.35904e-02
0.54117	4.37250e-02
0.54080	4.38939e-02
0.54045	4.40967e-02
0.54011	4.43332e-02
0.53978	4.46027e-02
0.53947	4.49045e-02
0.53918	4.52377e-02
0.53890	4.56012e-02
0.53865	4.59938e-02
0.53854	4.62248e-02
0.53846	4.64798e-02
0.53841	4.67596e-02
0.53838	4.70654e-02
0.53837	4.73984e-02
0.53838	4.77590e-02
0.53841	4.81475e-02
0.53846	4.85632e-02
0.53853	4.90051e-02
0.53862	4.94716e-02
0.53873	4.99611e-02
0.53887	5.04714e-02
0.53902	5.10007e-02
0.53919	5.15469e-02
0.53938	5.21080e-02
0.53959	5.26820e-02
0.53982	5.32672e-02
0.54007	5.38615e-02
0.54034	5.44588e-02
0.54062	5.50612e-02
0.54093	5.56668e-02
0.54125	5.62739e-02
0.54158	5.68807e-02
0.54193	5.74856e-02
0.54230	5.80867e-02
0.54268	5.86825e-02
0.54310	5.92921e-02
0.54352	5.98845e-02
0.54395	6.04620e-02
0.54438	6.10251e-02
0.54490	6.15179e-02
0.54542	6.20033e-02
0.54594	6.24773e-02
0.54646	6.29379e-02
0.54698	6.33838e-02
0.54750	6.38144e-02
0.54803	6.42291e-02
0.54857	6.46507e-02
0.54911	6.50611e-02
0.54965	6.54608e-02
0.55019	6.58514e-02
0.55074	6.62312e-02
0.55128	6.65993e-02
0.55182	6.69541e-02
0.55236	6.72895e-02
0.55288	6.76066e-02
0.55340	6.79033e-02
0.55391	6.81952e-02
0.55439	6.84663e-02
0.55487	6.87146e-02
0.55532	6.89378e-02
0.55576	6.91343e-02
0.55618	6.93022e-02
0.55657	6.94401e-02
0.55694	6.95466e-02
0.55729	6.96205e-02
0.55761	6.96610e-02
0.55789	6.96676e-02
0.55815	6.96398e-02
0.55838	6.95778e-02
0.55858	6.94816e-02
0.55875	6.93520e-02
0.55889	6.91894e-02
0.55899	6.89950e-02
0.55907	6.87697e-02
0.55911	6.85149e-02
0.55913	6.82320e-02
0.55911	6.79224e-02
0.55907	6.75879e-02
0.55899	6.72301e-02
0.55889	6.68508e-02
0.55876	6.64518e-02
0.55860	6.60350e-02
0.55842	6.56023e-02
0.55821	6.51556e-02
0.55797	6.46954e-02
0.55772	6.42249e-02
0.55744	6.37458e-02
0.55713	6.32603e-02
0.55681	6.27700e-02
0.55647	6.22769e-02
0.55611	6.17827e-02
0.55574	6.12892e-02
0.55535	6.07979e-02
0.55494	6.03104e-02
0.55452	5.98282e-02
0.55409	5.93526e-02
0.55365	5.88848e-02
0.55320	5.84261e-02
0.55275	5.79773e-02
0.55228	5.75393e-02
0.55182	5.71130e-02
0.55135	5.66988e-02
0.55087	5.62974e-02
0.55040	5.59089e-02
0.54992	5.55337e-02
0.54945	5.51717e-02
0.54898	5.48230e-02
0.54851	5.44872e-02
0.54805	5.41642e-02
0.54766	5.38937e-02
0.54726	5.36246e-02
0.54685	5.33591e-02
0.54645	5.30984e-02
0.54605	5.28428e-02
0.54565	5.25922e-02
0.54526	5.23463e-02
0.54489	5.21049e-02
0.54452	5.18673e-02
0.54417	5.16329e-02
0.54383	5.14013e-02
0.54350	5.11717e-02
0.54319	5.09435e-02
0.54290	5.07161e-02
0.54263	5.04888e-02
0.54237	5.02611e-02
0.54213	5.00323e-02
0.54192	4.98019e-02
0.54170	4.95649e-02
0.54150	4.93243e-02
0.54133	4.90798e-02
0.54117	4.88310e-02
0.54102	4.85776e-02
0.54090	4.83194e-02
0.54080	4.80562e-02
0.54071	4.77881e-02
0.54064	4.75149e-02
0.54060	4.72369e-02
0.54057	4.69544e-02
0.54056	4.66675e-02
0.54056	4.63785e-02
0.54079	4.63564e-02
0.54102	4.63296e-02
0.54125	4.62884e-02
0.54147	4.62276e-02
0.54169	4.61465e-02
0.54191	4.60475e-02
0.54221	4.60588e-02
0.54251	4.60568e-02
0.54281	4.60456e-02
0.54324	4.59044e-02
0.54364	4.58037e-02
0.54404	4.57272e-02
0.54443	4.56680e-02
0.54482	4.56305e-02
0.54521	4.56099e-02
0.54560	4.56067e-02
0.54611	4.56132e-02
0.54662	4.56369e-02
0.54713	4.56773e-02
0.54763	4.57342e-02
0.54813	4.58065e-02
0.54862	4.58927e-02
0.54911	4.59909e-02
0.54958	4.60983e-02
0.55004	4.62122e-02
0.55048	4.63297e-02
0.55091	4.64478e-02
0.55131	4.65642e-02
0.55169	4.66770e-02
0.55205	4.67849e-02
0.55239	4.68873e-02
0.55271	4.69838e-02
0.55300	4.70749e-02
0.55326	4.71609e-02
0.55351	4.72425e-02
0.55373	4.73205e-02
0.55392	4.73957e-02
0.55410	4.74690e-02
0.55425	4.75410e-02
0.55438	4.76126e-02
0.55449	4.76845e-02
0.55457	4.77573e-02
0.55464	4.78318e-02
0.55468	4.79086e-02
0.55469	4.80011e-02
0.55468	4.81006e-02
0.55464	4.82075e-02
0.55458	4.83223e-02
0.55450	4.84460e-02
0.55439	4.85792e-02
0.55426	4.87229e-02
0.55411	4.88779e-02
0.55393	4.90452e-02
0.55374	4.92257e-02
0.55352	4.94204e-02
0.55328	4.96303e-02
0.55301	4.98563e-02
0.55273	5.00995e-02
0.55242	5.03608e-02
0.55210	5.06413e-02
0.55176	5.09418e-02
0.55139	5.12632e-02
0.55101	5.16063e-02
0.55068	5.20766e-02
0.55033	5.25575e-02
0.54995	5.30537e-02
0.54955	5.35679e-02
0.54913	5.41020e-02
0.54870	5.46573e-02
0.54833	5.53206e-02
0.54792	5.59991e-02
0.54748	5.66952e-02
0.54702	5.74103e-02
0.54653	5.81452e-02
0.54602	5.88996e-02
0.54550	5.96734e-02
0.54497	6.04658e-02
0.54442	6.12757e-02
0.54386	6.21022e-02
0.54330	6.29439e-02
0.54273	6.37991e-02
0.54215	6.46664e-02
0.54157	6.55440e-02
0.54099	6.64298e-02
0.54041	6.73221e-02
0.53983	6.82185e-02
0.53925	6.91171e-02
0.53866	7.00064e-02
0.53808	7.08919e-02
0.53750	7.17717e-02
0.53693	7.26434e-02
0.53637	7.35048e-02
0.53581	7.43536e-02
0.53527	7.51876e-02
0.53473	7.60045e-02
0.53421	7.68023e-02
0.53371	7.75789e-02
0.53321	7.83375e-02
0.53272	7.90720e-02
0.53234	7.96986e-02
0.53204	8.02889e-02
0.53175	8.08546e-02
0.53147	8.13920e-02
0.53120	8.18979e-02
0.53095	8.23697e-02
0.53072	8.28046e-02
0.53051	8.32005e-02
0.53031	8.35551e-02
0.53015	8.38665e-02
0.53005	8.40811e-02
0.53000	8.42297e-02
0.52999	8.43124e-02
0.53002	8.43329e-02
0.53008	8.42780e-02
0.53016	8.41692e-02
0.53027	8.40115e-02
0.53063	8.36689e-02
0.53099	8.33076e-02
0.53132	8.29316e-02
0.53163	8.25373e-02
0.53193	8.21196e-02
0.53223	8.16740e-02
0.53254	8.11975e-02
0.53285	8.06883e-02
0.53318	8.01451e-02
0.53352	7.95676e-02
0.53387	7.89558e-02
0.53424	7.83101e-02
0.53463	7.76313e-02
0.53502	7.69203e-02
0.53543	7.61780e-02
0.53585	7.54053e-02
0.53628	7.46035e-02
0.53671	7.37736e-02
0.53715	7.29165e-02
0.53759	7.20331e-02
0.53804	7.11242e-02
0.53849	7.01907e-02
0.53894	6.92336e-02
0.53940	6.82538e-02
0.53985	6.72523e-02
0.54031	6.62303e-02
0.54077	6.51890e-02
0.54123	6.41300e-02
0.54169	6.30549e-02
0.54213	6.19728e-02
0.54258	6.08807e-02
0.54302	5.97803e-02
0.54346	5.86737e-02
0.54390	5.75633e-02
0.54434	5.64516e-02
0.54477	5.53415e-02
0.54520	5.42357e-02
0.54563	5.31374e-02
0.54606	5.20497e-02
0.54648	5.09759e-02
0.54690	4.99194e-02
0.54731	4.88839e-02
0.54772	4.78729e-02
0.54812	4.68900e-02
0.54852	4.59390e-02
0.54892	4.50235e-02
0.54931	4.41471e-02
0.54971	4.33274e-02
0.55010	4.25462e-02
0.55047	4.18093e-02
0.55084	4.11214e-02
0.55119	4.04862e-02
0.55154	3.99066e-02
0.55194	3.94006e-02
0.55233	3.89464e-02
0.55270	3.85461e-02
0.55306	3.82008e-02
0.55340	3.79109e-02
0.55373	3.76759e-02
0.55405	3.74947e-02
0.55436	3.73655e-02
0.55465	3.72857e-02
0.55493	3.72633e-02
0.55519	3.72860e-02
0.55545	3.73496e-02
0.55570	3.74498e-02
0.55593	3.75823e-02
0.55616	3.77425e-02
0.55638	3.79259e-02
0.55659	3.81283e-02
0.55679	3.83454e-02
0.55698	3.85605e-02
0.55715	3.87799e-02
0.55732	3.89996e-02
0.55748	3.92173e-02
0.55763	3.94301e-02
0.55776	3.96355e-02
0.55790	3.98315e-02
0.55802	4.00161e-02
0.55813	4.01882e-02
0.55824	4.03465e-02
0.55834	4.04905e-02
0.55843	4.06200e-02
0.55867	4.09321e-02
0.55895	4.11284e-02
0.55921	4.12947e-02
0.55946	4.14332e-02
0.55972	4.15472e-02
0.55997	4.16395e-02
0.56023	4.17130e-02
0.56049	4.17709e-02
0.56075	4.18172e-02
0.56102	4.18567e-02
0.56129	4.18950e-02
0.56157	4.19382e-02
0.56184	4.19929e-02
0.56211	4.20655e-02
0.56237	4.21626e-02
0.56262	4.22898e-02
0.56286	4.24528e-02
0.56308	4.26537e-02
0.56329	4.28985e-02
0.56348	4.31907e-02
0.56365	4.35330e-02
0.56380	4.39276e-02
0.56394	4.43763e-02
0.56405	4.48803e-02
0.56415	4.54404e-02
0.56422	4.60570e-02
0.56427	4.67298e-02
0.56431	4.74586e-02
0.56432	4.82425e-02
0.56432	4.90802e-02
0.56430	4.99703e-02
0.56425	5.09110e-02
0.56419	5.18998e-02
0.56411	5.29347e-02
0.56401	5.40133e-02
0.56390	5.51328e-02
0.56377	5.62902e-02
0.56362	5.74826e-02
0.56345	5.87067e-02
0.56327	5.99593e-02
0.56307	6.12371e-02
0.56286	6.25365e-02
0.56264	6.38543e-02
0.56239	6.51868e-02
0.56214	6.65306e-02
0.56187	6.78928e-02
0.56158	6.92617e-02
0.56128	7.06333e-02
0.56096	7.20039e-02
0.56064	7.33702e-02
0.56030	7.47284e-02
0.55995	7.60754e-02
0.55959	7.74078e-02
0.55922	7.87223e-02
0.55884	8.00158e-02
0.55845	8.12852e-02
0.55805	8.25275e-02
0.55764	8.37398e-02
0.55723	8.49193e-02
0.55680	8.60634e-02
0.55638	8.71693e-02
0.55594	8.82346e-02
0.55550	8.92568e-02
0.55505	9.02338e-02
0.55462	9.11859e-02
0.55417	9.20837e-02
0.55373	9.29268e-02
0.55327	9.37142e-02
0.55282	9.44448e-02
0.55236	9.51174e-02
0.55193	9.57623e-02
0.55148	9.63369e-02
0.55104	9.68438e-02
0.55058	9.72843e-02
0.55013	9.76586e-02
0.54967	9.79670e-02
0.54922	9.82092e-02
0.54876	9.83853e-02
0.54830	9.84950e-02
0.54784	9.85372e-02
0.54738	9.85128e-02
0.54692	9.84221e-02
0.54647	9.82651e-02
0.54601	9.80425e-02
0.54556	9.77546e-02
0.54511	9.74020e-02
0.54467	9.69892e-02
0.54423	9.65115e-02
0.54379	9.59777e-02
0.54335	9.53842e-02
0.54291	9.47323e-02
0.54247	9.40233e-02
0.54203	9.32588e-02
0.54160	9.24405e-02
0.54117	9.15702e-02
0.54074	9.06499e-02
0.54032	8.96818e-02
0.53991	8.86680e-02
0.53952	8.75962e-02
0.53914	8.64863e-02
0.53915	8.48366e-02
0.53909	8.31655e-02
0.53895	8.15816e-02
0.53874	8.00866e-02
0.53848	7.86523e-02
0.53820	7.72513e-02
0.53792	7.58662e-02
0.53764	7.44875e-02
0.53736	7.31107e-02
0.53709	7.17345e-02
0.53682	7.03596e-02
0.53656	6.89876e-02
0.53631	6.76207e-02
0.53607	6.62620e-02
0.53583	6.49148e-02
0.53561	6.35825e-02
0.53539	6.22691e-02
0.53519	6.09787e-02
0.53499	5.97156e-02
0.53481	5.84841e-02
0.53464	5.72890e-02
0.53449	5.61350e-02
0.53434	5.50267e-02
0.53421	5.39690e-02
0.53410	5.29668e-02
0.53400	5.20247e-02
0.53392	5.11473e-02
0.53385	5.03391e-02
0.53380	4.96041e-02
0.53377	4.89462e-02
0.53376	4.83687e-02
0.53377	4.78745e-02
0.53379	4.74640e-02
0.53384	4.71403e-02
0.53390	4.69044e-02
0.53399	4.67568e-02
0.53409	4.66968e-02
0.53422	4.67234e-02
0.53437	4.68348e-02
0.53454	4.70287e-02
0.53473	4.73021e-02
0.53510	4.77840e-02
0.53548	4.83331e-02
0.53588	4.89435e-02
0.53629	4.96095e-02
0.53694	4.98226e-02
0.53757	5.01424e-02
0.53824	5.05282e-02
0.53891	5.09939e-02
0.53958	5.15283e-02
0.54025	5.21221e-02
0.54092	5.27672e-02
0.54161	5.34568e-02
0.54230	5.41845e-02
0.54299	5.49448e-02
0.54370	5.57324e-02
0.54441	5.65424e-02
0.54514	5.73706e-02
0.54588	5.82126e-02
0.54662	5.90648e-02
0.54738	5.99236e-02
0.54815	6.07859e-02
0.54893	6.16486e-02
0.54972	6.25091e-02
0.55086	6.34579e-02
0.55201	6.44259e-02
0.55310	6.53797e-02
0.55411	6.63007e-02
0.55506	6.71881e-02
0.55598	6.80472e-02
0.55697	6.88697e-02
0.55792	6.96765e-02
0.55887	7.04661e-02
0.55980	7.12373e-02
0.56072	7.19892e-02
0.56167	7.27002e-02
0.56263	7.33816e-02
0.56359	7.40319e-02
0.56456	7.46503e-02
0.56554	7.52370e-02
0.56652	7.57929e-02
0.56751	7.63189e-02
0.56849	7.68165e-02
0.56946	7.72866e-02
0.57043	7.77302e-02
0.57140	7.81481e-02
0.57261	7.85288e-02
0.57376	7.88951e-02
0.57485	7.92431e-02
0.57588	7.95705e-02
0.57687	7.98759e-02
0.57782	8.01589e-02
0.57875	8.04192e-02
0.57964	8.06566e-02
0.58050	8.08711e-02
0.58133	8.10626e-02
0.58214	8.12309e-02
0.58292	8.13759e-02
0.58367	8.14976e-02
0.58439	8.15958e-02
0.58508	8.16705e-02
0.58575	8.17206e-02
0.58639	8.17465e-02
0.58701	8.17478e-02
0.58761	8.17243e-02
0.58819	8.16763e-02
0.58875	8.16038e-02
0.58929	8.15074e-02
0.58980	8.13876e-02
0.59030	8.12450e-02
0.59076	8.10801e-02
0.59119	8.08933e-02
0.59160	8.06850e-02
0.59196	8.04553e-02
0.59230	8.02042e-02
0.59260	7.99318e-02
0.59286	7.96381e-02
0.59308	7.93229e-02
0.59327	7.89863e-02
0.59342	7.86283e-02
0.59354	7.82488e-02
0.59362	7.78480e-02
0.59367	7.74260e-02
0.59369	7.69828e-02
0.59367	7.65188e-02
0.59362	7.60340e-02
0.59354	7.55288e-02
0.59343	7.50035e-02
0.59329	7.44584e-02
0.59312	7.38938e-02
0.59292	7.33102e-02
0.59270	7.27080e-02
0.59244	7.20843e-02
0.59216	7.14425e-02
0.59186	7.07831e-02
0.59153	7.01067e-02
0.59117	6.94140e-02
0.59080	6.87056e-02
0.59040	6.79821e-02
0.58998	6.72444e-02
0.58954	6.64931e-02
0.58915	6.56469e-02
0.58873	6.47918e-02
0.58829	6.39269e-02
0.58784	6.30517e-02
0.58748	6.19556e-02
0.58710	6.08813e-02
0.58679	5.98027e-02
0.58647	5.87252e-02
0.58613	5.76460e-02
0.58577	5.65650e-02
0.58540	5.54838e-02
0.58501	5.44049e-02
0.58461	5.33311e-02
0.58419	5.22657e-02
0.58376	5.12120e-02
0.58331	5.01732e-02
0.58284	4.91526e-02
0.58235	4.81530e-02
0.58185	4.71770e-02
0.58133	4.62269e-02
0.58080	4.53048e-02
0.58026	4.44124e-02
0.57970	4.35515e-02
0.57914	4.27234e-02
0.57856	4.19295e-02
0.57798	4.11712e-02
0.57739	4.04498e-02
0.57680	3.97667e-02
0.57620	3.91232e-02
0.57567	3.86264e-02
0.57513	3.81565e-02
0.57458	3.77194e-02
0.57403	3.73201e-02
0.57348	3.69632e-02
0.57296	3.66626e-02
0.57245	3.64100e-02
0.57194	3.62077e-02
0.57144	3.60567e-02
0.57096	3.59578e-02
0.57048	3.59107e-02
0.57003	3.59149e-02
0.56958	3.59694e-02
0.56915	3.60729e-02
0.56874	3.62236e-02
0.56834	3.64198e-02
0.56796	3.66602e-02
0.56759	3.69421e-02
0.56728	3.72370e-02
0.56699	3.75706e-02
0.56672	3.79405e-02
0.56648	3.83452e-02
0.56626	3.87835e-02
0.56606	3.92543e-02
0.56589	3.97564e-02
0.56573	4.02879e-02
0.56559	4.08468e-02
0.56546	4.14300e-02
0.56535	4.20344e-02
0.56524	4.26566e-02
0.56515	4.32931e-02
0.56507	4.39435e-02
0.56500	4.46012e-02
0.56494	4.52641e-02
0.56489	4.59299e-02
0.56485	4.65967e-02
0.56483	4.72631e-02
0.56481	4.79276e-02
0.56481	4.85892e-02
0.56482	4.92471e-02
0.56485	4.99005e-02
0.56489	5.05488e-02
0.56495	5.11918e-02
0.56502	5.18290e-02
0.56511	5.24602e-02
0.56522	5.30854e-02
0.56534	5.37045e-02
0.56548	5.43174e-02
0.56564	5.49244e-02
0.56581	5.55254e-02
0.56600	5.61207e-02
0.56620	5.67105e-02
0.56642	5.72951e-02
0.56666	5.78746e-02
0.56691	5.84495e-02
0.56718	5.90201e-02
0.56746	5.95866e-02
0.56775	6.01494e-02
0.56806	6.07089e-02
0.56837	6.12654e-02
0.56870	6.18192e-02
0.56905	6.23705e-02
0.56939	6.29281e-02
0.56975	6.34858e-02
0.57011	6.40434e-02
0.57048	6.46009e-02
0.57086	6.51584e-02
0.57124	6.57157e-02
0.57162	6.62728e-02
0.57201	6.68295e-02
0.57240	6.73854e-02
0.57280	6.79457e-02
0.57320	6.85023e-02
0.57360	6.90558e-02
0.57400	6.96058e-02
0.57449	7.01268e-02
0.57494	7.06522e-02
0.57542	7.11625e-02
0.57588	7.16706e-02
0.57633	7.21736e-02
0.57677	7.26693e-02
0.57721	7.31559e-02
0.57764	7.36319e-02
0.57807	7.40958e-02
0.57849	7.45464e-02
0.57890	7.49821e-02
0.57930	7.54016e-02
0.57970	7.58034e-02
0.58008	7.61861e-02
0.58046	7.65481e-02
0.58082	7.68878e-02
0.58118	7.72038e-02
0.58152	7.74943e-02
0.58186	7.77579e-02
0.58222	7.80601e-02
0.58256	7.83233e-02
0.58289	7.85482e-02
0.58320	7.87351e-02
0.58350	7.88834e-02
0.58378	7.89926e-02
0.58408	7.90840e-02
0.58436	7.91278e-02
0.58463	7.91259e-02
0.58487	7.90789e-02
0.58510	7.89870e-02
0.58535	7.88316e-02
0.58559	7.86294e-02
0.58582	7.83798e-02
0.58605	7.80829e-02
0.58627	7.77386e-02
0.58648	7.73473e-02
0.58670	7.69094e-02
0.58690	7.64253e-02
0.58711	7.58958e-02
0.58731	7.53214e-02
0.58750	7.47031e-02
0.58769	7.40406e-02
0.58788	7.33360e-02
0.58817	7.24526e-02
0.58844	7.15638e-02
0.58869	7.06590e-02
0.58892	6.97324e-02
0.58915	6.87816e-02
0.58936	6.78058e-02
0.58956	6.68059e-02
0.58974	6.57829e-02
0.58991	6.47385e-02
0.59006	6.36745e-02
0.59020	6.25926e-02
0.59031	6.14950e-02
0.59041	6.03839e-02
0.59057	5.93983e-02
0.59069	5.83817e-02
0.59078	5.73416e-02
0.59085	5.62854e-02
0.59088	5.52204e-02
0.59090	5.41537e-02
0.59090	5.30923e-02
0.59088	5.20429e-02
0.59085	5.10120e-02
0.59080	5.00064e-02
0.59074	4.90325e-02
0.59068	4.80968e-02
0.59060	4.72058e-02
0.59052	4.63658e-02
0.59043	4.55828e-02
0.59034	4.48627e-02
0.59024	4.42109e-02
0.59014	4.36323e-02
0.59004	4.31314e-02
0.58993	4.27117e-02
0.58983	4.23762e-02
0.58972	4.21265e-02
0.58962	4.19638e-02
0.58951	4.18880e-02
0.58941	4.18979e-02
0.58931	4.19915e-02
0.58921	4.21658e-02
0.58912	4.24170e-02
0.58903	4.27405e-02
0.58894	4.31313e-02
0.58886	4.35836e-02
0.58878	4.40910e-02
0.58870	4.46474e-02
0.58863	4.52464e-02
0.58856	4.58816e-02
0.58850	4.65468e-02
0.58845	4.72359e-02
0.58840	4.79430e-02
0.58835	4.86624e-02
0.58832	4.93887e-02
0.58837	5.00947e-02
0.58842	5.08055e-02
0.58847	5.15141e-02
0.58852	5.22148e-02
0.58862	5.29149e-02
0.58871	5.35958e-02
0.58881	5.42512e-02
0.58890	5.48847e-02
0.58900	5.54919e-02
0.58910	5.60696e-02
0.58921	5.66151e-02
0.58933	5.71259e-02
0.58945	5.76002e-02
0.58957	5.80363e-02
0.58971	5.84328e-02
0.58985	5.87888e-02
0.59000	5.91032e-02
0.59016	5.93756e-02
0.59032	5.96056e-02
0.59049	5.97930e-02
0.59066	5.99379e-02
0.59084	6.00406e-02
0.59103	6.01017e-02
0.59128	6.02247e-02
0.59154	6.03017e-02
0.59179	6.03324e-02
0.59203	6.03177e-02
0.59228	6.02612e-02
0.59253	6.01636e-02
0.59282	6.00145e-02
0.59312	5.98272e-02
0.59343	5.96048e-02
0.59376	5.93507e-02
0.59408	5.90687e-02
0.59448	5.86279e-02
0.59488	5.81692e-02
0.59527	5.76934e-02
0.59564	5.72034e-02
0.59600	5.67029e-02
0.59634	5.61959e-02
0.59666	5.56865e-02
0.59695	5.51792e-02
0.59722	5.46782e-02
0.59747	5.41877e-02
0.59769	5.37118e-02
0.59789	5.32555e-02
0.59806	5.28220e-02
0.59841	5.23675e-02
0.59870	5.19322e-02
0.59893	5.15206e-02
0.59912	5.11359e-02
0.59927	5.07811e-02
0.59939	5.04583e-02
0.59948	5.01697e-02
0.59955	4.99169e-02
0.59960	4.97015e-02
0.59962	4.95243e-02
0.59962	4.93863e-02
0.59960	4.92877e-02
0.59955	4.92287e-02
0.59963	4.92744e-02
0.59967	4.93462e-02
0.59969	4.94474e-02
0.59968	4.95783e-02
0.59965	4.97378e-02
0.59959	4.99240e-02
0.59952	5.01346e-02
0.59942	5.03675e-02
0.59930	5.06206e-02
0.59916	5.08917e-02
0.59899	5.11790e-02
0.59880	5.14806e-02
0.59859	5.17946e-02
0.59836	5.21194e-02
0.59810	5.24534e-02
0.59783	5.27950e-02
0.59753	5.31426e-02
0.59722	5.34948e-02
0.59688	5.38502e-02
0.59653	5.42075e-02
0.59615	5.45652e-02
0.59576	5.49222e-02
0.59535	5.52772e-02
0.59493	5.56291e-02
0.59448	5.59769e-02
0.59402	5.63195e-02
0.59355	5.66558e-02
0.59306	5.69851e-02
0.59255	5.73064e-02
0.59203	5.76188e-02
0.59150	5.79215e-02
0.59094	5.82187e-02
0.59037	5.85059e-02
0.58979	5.87822e-02
0.58919	5.90470e-02
0.58859	5.92996e-02
0.58797	5.95392e-02
0.58734	5.97653e-02
0.58670	5.99773e-02
0.58604	6.01744e-02
0.58542	6.03279e-02
0.58479	6.04701e-02
0.58414	6.06011e-02
0.58347	6.07207e-02
0.58280	6.08286e-02
0.58211	6.09242e-02
0.58151	6.08969e-02
0.58089	6.08624e-02
0.58031	6.08587e-02
0.57971	6.08248e-02
0.57910	6.07601e-02
0.57848	6.06647e-02
0.57785	6.05391e-02
0.57723	6.03844e-02
0.57660	6.02012e-02
0.57598	5.99901e-02
0.57537	5.97516e-02
0.57477	5.94856e-02
0.57418	5.91924e-02
0.57361	5.88723e-02
0.57306	5.85261e-02
0.57254	5.81552e-02
0.57204	5.77617e-02
0.57157	5.73685e-02
0.57113	5.69553e-02
0.57072	5.65261e-02
0.57032	5.60847e-02
0.57005	5.55682e-02
0.56979	5.50521e-02
0.56955	5.45375e-02
0.56933	5.40270e-02
0.56913	5.35235e-02
0.56896	5.30306e-02
0.56880	5.25517e-02
0.56870	5.21187e-02
0.56862	5.17006e-02
0.56855	5.13023e-02
0.56850	5.09282e-02
0.56846	5.05820e-02
0.56845	5.02672e-02
0.56845	4.99868e-02
0.56847	4.97436e-02
0.56850	4.95400e-02
0.56856	4.93783e-02
0.56863	4.92601e-02
0.56878	4.92217e-02
0.56894	4.92231e-02
0.56916	4.92436e-02
0.56939	4.93103e-02
0.56962	4.94226e-02
0.56987	4.95796e-02
0.57013	4.97804e-02
0.57041	5.00234e-02
0.57069	5.03073e-02
0.57099	5.06302e-02
0.57130	5.09901e-02
0.57162	5.13850e-02
0.57196	5.18125e-02
0.57230	5.22702e-02
0.57266	5.27555e-02
0.57303	5.32736e-02
0.57341	5.38132e-02
0.57380	5.43717e-02
0.57420	5.49463e-02
0.57461	5.55342e-02
0.57503	5.61326e-02
0.57546	5.67386e-02
0.57589	5.73495e-02
0.57634	5.79626e-02
0.57679	5.85752e-02
0.57724	5.91849e-02
0.57771	5.97892e-02
0.57818	6.03859e-02
0.57865	6.09726e-02
0.57913	6.15474e-02
0.57962	6.21084e-02
0.58011	6.26536e-02
0.58060	6.31814e-02
0.58110	6.36926e-02
0.58160	6.41826e-02
0.58211	6.46504e-02
0.58262	6.50950e-02
0.58313	6.55154e-02
0.58364	6.59108e-02
0.58415	6.62803e-02
0.58466	6.66234e-02
0.58518	6.69393e-02
0.58570	6.72279e-02
0.58621	6.74886e-02
0.58673	6.77213e-02
0.58725	6.79260e-02
0.58783	6.79930e-02
0.58840	6.80358e-02
0.58898	6.80526e-02
0.58956	6.80435e-02
0.59013	6.80094e-02
0.59071	6.79516e-02
0.59129	6.78714e-02
0.59187	6.77703e-02
0.59245	6.76495e-02
0.59304	6.75125e-02
0.59363	6.73579e-02
0.59421	6.71873e-02
0.59480	6.70023e-02
0.59538	6.68040e-02
0.59597	6.65938e-02
0.59665	6.63316e-02
0.59733	6.60592e-02
0.59824	6.60986e-02
0.59914	6.61315e-02
0.60002	6.61538e-02
0.60089	6.61597e-02
0.60173	6.61443e-02
0.60255	6.61045e-02
0.60334	6.60394e-02
0.60411	6.59492e-02
0.60485	6.58355e-02
0.60556	6.57003e-02
0.60625	6.55459e-02
0.60692	6.53749e-02
0.60757	6.51898e-02
0.60819	6.49932e-02
0.60880	6.47877e-02
0.60939	6.45760e-02
0.60996	6.43605e-02
0.61052	6.41437e-02
0.61105	6.39279e-02
0.61162	6.37579e-02
0.61216	6.35857e-02
0.61268	6.34164e-02
0.61318	6.32531e-02
0.61366	6.30978e-02
0.61413	6.29516e-02
0.61457	6.28153e-02
0.61502	6.26548e-02
0.61545	6.25049e-02
0.61586	6.23623e-02
0.61627	6.22242e-02
0.61665	6.20878e-02
0.61703	6.19493e-02
0.61740	6.18050e-02
0.61776	6.16504e-02
0.61811	6.14816e-02
0.61846	6.12950e-02
0.61880	6.10881e-02
0.61917	6.08403e-02
0.61954	6.05675e-02
0.62000	6.02900e-02
0.62045	5.99948e-02
0.62090	5.96850e-02
0.62134	5.93643e-02
0.62178	5.90365e-02
0.62221	5.87051e-02
0.62262	5.83726e-02
0.62301	5.80410e-02
0.62338	5.77109e-02
0.62372	5.73822e-02
0.62403	5.70539e-02
0.62432	5.67235e-02
0.62458	5.63900e-02
0.62487	5.60859e-02
0.62512	5.57757e-02
0.62535	5.54580e-02
0.62553	5.51315e-02
0.62569	5.47949e-02
0.62581	5.44473e-02
0.62590	5.40878e-02
0.62596	5.37157e-02
0.62600	5.33306e-02
0.62604	5.29253e-02
0.62605	5.25085e-02
0.62602	5.20794e-02
0.62597	5.16377e-02
0.62589	5.11833e-02
0.62579	5.07164e-02
0.62566	5.02370e-02
0.62551	4.97457e-02
0.62535	4.92427e-02
0.62530	4.87628e-02
0.62520	4.82652e-02
0.62504	4.77519e-02
0.62486	4.72254e-02
0.62464	4.66884e-02
0.62440	4.61427e-02
0.62415	4.55905e-02
0.62387	4.50334e-02
0.62359	4.44731e-02
0.62329	4.39114e-02
0.62298	4.33498e-02
0.62276	4.27785e-02
0.62254	4.22146e-02
0.62240	4.16815e-02
0.62224	4.11568e-02
0.62206	4.06423e-02
0.62188	4.01389e-02
0.62168	3.96478e-02
0.62148	3.91701e-02
0.62126	3.87076e-02
0.62104	3.82621e-02
0.62081	3.78364e-02
0.62058	3.74333e-02
0.62034	3.70564e-02
0.62011	3.67092e-02
0.61987	3.63956e-02
0.61964	3.61191e-02
0.61941	3.58827e-02
0.61920	3.56822e-02
0.61898	3.55262e-02
0.61876	3.54172e-02
0.61854	3.53503e-02
0.61832	3.53239e-02
0.61808	3.53359e-02
0.61784	3.53841e-02
0.61760	3.54663e-02
0.61734	3.55808e-02
0.61708	3.57260e-02
0.61682	3.59008e-02
0.61655	3.61045e-02
0.61628	3.63363e-02
0.61601	3.65957e-02
0.61575	3.68822e-02
0.61549	3.71952e-02
0.61523	3.75341e-02
0.61498	3.78982e-02
0.61475	3.82865e-02
0.61452	3.86981e-02
0.61430	3.91319e-02
0.61417	3.94978e-02
0.61407	3.98759e-02
0.61400	4.02656e-02
0.61394	4.06673e-02
0.61391	4.10816e-02
0.61390	4.15095e-02
0.61391	4.19517e-02
0.61406	4.24047e-02
0.61420	4.28821e-02
0.61435	4.33803e-02
0.61449	4.38959e-02
0.61464	4.44261e-02
0.61479	4.49682e-02
0.61494	4.55198e-02
0.61510	4.60787e-02
0.61528	4.66426e-02
0.61545	4.72094e-02
0.61564	4.77771e-02
0.61587	4.83265e-02
0.61610	4.88744e-02
0.61636	4.93876e-02
0.61663	4.99023e-02
0.61690	5.04153e-02
0.61718	5.09240e-02
0.61746	5.14263e-02
0.61776	5.19203e-02
0.61806	5.24046e-02
0.61838	5.28780e-02
0.61871	5.33393e-02
0.61905	5.37880e-02
0.61941	5.42232e-02
0.61977	5.46447e-02
0.62015	5.50522e-02
0.62059	5.54906e-02
0.62104	5.59106e-02
0.62149	5.63131e-02
0.62195	5.66989e-02
0.62242	5.70686e-02
0.62289	5.74229e-02
0.62337	5.77622e-02
0.62386	5.80872e-02
0.62435	5.83983e-02
0.62484	5.86960e-02
0.62534	5.89808e-02
0.62585	5.92529e-02
0.62635	5.95125e-02
0.62686	5.97601e-02
0.62737	5.99959e-02
0.62788	6.02200e-02
0.62839	6.04327e-02
0.62890	6.06340e-02
0.62943	6.08496e-02
0.62996	6.10556e-02
0.63048	6.12531e-02
0.63101	6.14430e-02
0.63153	6.16258e-02
0.63205	6.18015e-02
0.63257	6.19703e-02
0.63308	6.21316e-02
0.63359	6.22850e-02
0.63410	6.24295e-02
0.63460	6.25642e-02
0.63509	6.26879e-02
0.63558	6.27996e-02
0.63614	6.27728e-02
0.63667	6.27486e-02
0.63719	6.27240e-02
0.63769	6.26969e-02
0.63823	6.26935e-02
0.63875	6.26855e-02
0.63925	6.26707e-02
0.63973	6.26470e-02
0.64019	6.26123e-02
0.64062	6.25647e-02
0.64103	6.25027e-02
0.64142	6.24250e-02
0.64178	6.23308e-02
0.64213	6.22193e-02
0.64245	6.20900e-02
0.64275	6.19425e-02
0.64304	6.17766e-02
0.64333	6.16028e-02
0.64361	6.14075e-02
0.64386	6.11916e-02
0.64410	6.09556e-02
0.64432	6.06997e-02
0.64453	6.04245e-02
0.64472	6.01302e-02
0.64490	5.98173e-02
0.64507	5.94863e-02
0.64523	5.91377e-02
0.64538	5.87719e-02
0.64552	5.83896e-02
0.64566	5.79914e-02
0.64578	5.75778e-02
0.64590	5.71497e-02
0.64601	5.67077e-02
0.64612	5.62526e-02
0.64622	5.57852e-02
0.64632	5.53064e-02
0.64646	5.47902e-02
0.64659	5.42733e-02
0.64670	5.37538e-02
0.64681	5.32310e-02
0.64692	5.27050e-02
0.64703	5.21764e-02
0.64713	5.16460e-02
0.64730	5.11662e-02
0.64746	5.06793e-02
0.64761	5.01870e-02
0.64776	4.96911e-02
0.64791	4.91941e-02
0.64805	4.86987e-02
0.64821	4.82079e-02
0.64837	4.77250e-02
0.64853	4.72539e-02
0.64871	4.67980e-02
0.64890	4.63610e-02
0.64920	4.58189e-02
0.64949	4.53111e-02
0.64997	4.48102e-02
0.65041	4.43279e-02
0.65083	4.38631e-02
0.65123	4.34149e-02
0.65163	4.29826e-02
0.65201	4.25655e-02
0.65238	4.21638e-02
0.65274	4.17779e-02
0.65308	4.14088e-02
0.65341	4.10574e-02
0.65372	4.07250e-02
0.65402	4.04124e-02
0.65429	4.01203e-02
0.65463	3.98465e-02
0.65493	3.95907e-02
0.65519	3.93550e-02
0.65542	3.91405e-02
0.65563	3.89475e-02
0.65589	3.87790e-02
0.65612	3.86308e-02
0.65632	3.85022e-02
0.65650	3.83924e-02
0.65667	3.83007e-02
0.65682	3.82264e-02
0.65703	3.82844e-02
0.65724	3.83604e-02
0.65745	3.84533e-02
0.65764	3.85603e-02
0.65783	3.86784e-02
0.65801	3.88045e-02
0.65818	3.89362e-02
0.65834	3.90716e-02
0.65848	3.92093e-02
0.65862	3.93484e-02
0.65874	3.94887e-02
0.65885	3.96301e-02
0.65895	3.97731e-02
0.65904	3.99181e-02
0.65911	4.00661e-02
0.65917	4.02177e-02
0.65923	4.03741e-02
0.65927	4.05360e-02
0.65929	4.07045e-02
0.65931	4.08804e-02
0.65938	4.10898e-02
0.65944	4.13124e-02
0.65948	4.15487e-02
0.65951	4.17992e-02
0.65971	4.19223e-02
0.65991	4.20520e-02
0.66010	4.21956e-02
0.66028	4.23598e-02
0.66044	4.25496e-02
0.66056	4.27672e-02
0.66066	4.30125e-02
0.66073	4.32835e-02
0.66076	4.35776e-02
0.66077	4.38920e-02
0.66076	4.42244e-02
0.66073	4.45729e-02
0.66069	4.49361e-02
0.66063	4.53159e-02
0.66056	4.57078e-02
0.66049	4.61119e-02
0.66040	4.65282e-02
0.66032	4.69567e-02
0.66025	4.73771e-02
0.66018	4.78122e-02
0.66011	4.82597e-02
0.66003	4.87171e-02
0.65996	4.91808e-02
0.65989	4.96455e-02
0.65981	5.01047e-02
0.65971	5.05508e-02
0.65961	5.09760e-02
0.65949	5.13734e-02
0.65935	5.17372e-02
0.65918	5.20637e-02
0.65900	5.23508e-02
0.65880	5.25982e-02
0.65860	5.27842e-02
0.65838	5.29387e-02
0.65814	5.30603e-02
0.65789	5.31498e-02
0.65763	5.32081e-02
0.65736	5.32361e-02
0.65710	5.32345e-02
0.65686	5.31885e-02
0.65663	5.31181e-02
0.65639	5.30221e-02
0.65616	5.28994e-02
0.65593	5.27496e-02
0.65571	5.25728e-02
0.65550	5.23702e-02
0.65531	5.21435e-02
0.65512	5.18957e-02
0.65494	5.16305e-02
0.65476	5.13521e-02
0.65460	5.10549e-02
0.65443	5.07544e-02
0.65426	5.04525e-02
0.65408	5.01509e-02
0.65390	4.98503e-02
0.65371	4.95508e-02
0.65351	4.92520e-02
0.65332	4.89535e-02
0.65312	4.86542e-02
0.65292	4.83535e-02
0.65271	4.80506e-02
0.65252	4.77447e-02
0.65246	4.73561e-02
0.65253	4.72308e-02
0.65256	4.69901e-02
0.65259	4.67202e-02
0.65260	4.64036e-02
0.65259	4.60587e-02
0.65258	4.56958e-02
0.65257	4.53211e-02
0.65262	4.50020e-02
0.65267	4.46752e-02
0.65272	4.43440e-02
0.65276	4.40100e-02
0.65281	4.36741e-02
0.65286	4.33370e-02
0.65291	4.29993e-02
0.65297	4.26614e-02
0.65303	4.23235e-02
0.65309	4.19860e-02
0.65316	4.16491e-02
0.65322	4.13133e-02
0.65330	4.09785e-02
0.65338	4.06369e-02
0.65347	4.02920e-02
0.65357	3.99426e-02
0.65368	3.95877e-02
0.65381	3.92263e-02
0.65394	3.88576e-02
0.65409	3.84814e-02
0.65424	3.80981e-02
0.65441	3.77090e-02
0.65459	3.73161e-02
0.65477	3.69219e-02
0.65495	3.65294e-02
0.65513	3.61411e-02
0.65534	3.57202e-02
0.65554	3.53160e-02
0.65572	3.49275e-02
0.65589	3.45545e-02
0.65604	3.41969e-02
0.65617	3.38546e-02
0.65629	3.35274e-02
0.65639	3.32152e-02
0.65648	3.29178e-02
0.65654	3.26353e-02
0.65660	3.23675e-02
0.65671	3.20598e-02
0.65680	3.17663e-02
0.65688	3.14874e-02
0.65695	3.12239e-02
0.65699	3.09765e-02
0.65702	3.07461e-02
0.65721	3.05816e-02
0.65735	3.04552e-02
0.65744	3.03584e-02
0.65749	3.02843e-02
0.65749	3.02284e-02
0.65746	3.01884e-02
0.65739	3.01635e-02
0.65729	3.01538e-02
0.65716	3.01600e-02
0.65700	3.01825e-02
0.65682	3.02221e-02
0.65661	3.02789e-02
0.65638	3.03534e-02
0.65613	3.04457e-02
0.65585	3.05555e-02
0.65555	3.06828e-02
0.65523	3.08272e-02
0.65489	3.09883e-02
0.65453	3.11653e-02
0.65424	3.13422e-02
0.65392	3.15323e-02
0.65359	3.17344e-02
0.65325	3.19473e-02
0.65298	3.21365e-02
0.65269	3.23392e-02
0.65240	3.25540e-02
0.65210	3.27771e-02
0.65180	3.30090e-02
0.65147	3.32483e-02
0.65114	3.34938e-02
0.65079	3.37442e-02
0.65046	3.39854e-02
0.65010	3.42354e-02
0.64972	3.44911e-02
0.64932	3.47498e-02
0.64889	3.50092e-02
0.64845	3.52674e-02
0.64798	3.55229e-02
0.64750	3.57741e-02
0.64700	3.60198e-02
0.64649	3.62589e-02
0.64597	3.64904e-02
0.64544	3.67137e-02
0.64489	3.69280e-02
0.64434	3.71328e-02
0.64379	3.73277e-02
0.64323	3.75124e-02
0.64266	3.76866e-02
0.64210	3.78501e-02
0.64161	3.79081e-02
0.64112	3.79648e-02
0.64064	3.80117e-02
0.64018	3.80824e-02
0.63972	3.81363e-02
0.63926	3.81785e-02
0.63881	3.82109e-02
0.63837	3.82341e-02
0.63796	3.82504e-02
0.63756	3.82553e-02
0.63717	3.82481e-02
0.63681	3.82282e-02
0.63647	3.81953e-02
0.63616	3.81500e-02
0.63587	3.80933e-02
0.63561	3.80273e-02
0.63538	3.79543e-02
0.63517	3.78770e-02
0.63500	3.77981e-02
0.63493	3.77557e-02
0.63488	3.77157e-02
0.63485	3.76782e-02
0.63483	3.76425e-02
0.63482	3.76083e-02
0.63483	3.75752e-02
0.63485	3.75431e-02
0.63488	3.75118e-02
0.63493	3.74812e-02
0.63500	3.74513e-02
0.63509	3.74221e-02
0.63520	3.73936e-02
0.63533	3.73659e-02
0.63548	3.73393e-02
0.63566	3.73137e-02
0.63589	3.72443e-02
0.63615	3.71721e-02
0.63644	3.70956e-02
0.63676	3.70135e-02
0.63711	3.69249e-02
0.63750	3.68287e-02
0.63793	3.67245e-02
0.63840	3.66121e-02
0.63890	3.64924e-02
0.63944	3.63667e-02
0.64002	3.62378e-02
0.64063	3.61088e-02
0.64128	3.59835e-02
0.64196	3.58655e-02
0.64267	3.57578e-02
0.64342	3.56619e-02
0.64419	3.55783e-02
0.64502	3.55050e-02
0.64588	3.54422e-02
0.64678	3.53877e-02
0.64771	3.53399e-02
0.64868	3.52981e-02
0.64968	3.52627e-02
0.65071	3.52353e-02
0.65177	3.52189e-02
0.65284	3.52171e-02
0.65393	3.52333e-02
0.65503	3.52706e-02
0.65613	3.53308e-02
0.65723	3.54147e-02
0.65833	3.55217e-02
0.65941	3.56503e-02
0.66049	3.57980e-02
0.66155	3.59619e-02
0.66260	3.61386e-02
0.66363	3.63249e-02
0.66467	3.65319e-02
0.66570	3.67421e-02
0.66671	3.69526e-02
0.66770	3.71607e-02
0.66867	3.73638e-02
0.66963	3.75597e-02
0.67059	3.77308e-02
0.67168	3.80475e-02
0.67271	3.83157e-02
0.67369	3.85502e-02
0.67464	3.87587e-02
0.67557	3.89448e-02
0.67647	3.90984e-02
0.67734	3.92351e-02
0.67819	3.93537e-02
0.67902	3.94532e-02
0.67982	3.95329e-02
0.68060	3.95922e-02
0.68135	3.96309e-02
0.68207	3.96489e-02
0.68277	3.96460e-02
0.68344	3.96224e-02
0.68409	3.95784e-02
0.68470	3.95143e-02
0.68529	3.94307e-02
0.68585	3.93282e-02
0.68638	3.92074e-02
0.68688	3.90692e-02
0.68735	3.89132e-02
0.68779	3.87420e-02
0.68820	3.85565e-02
0.68868	3.84210e-02
0.68911	3.82673e-02
0.68958	3.81555e-02
0.69001	3.80331e-02
0.69040	3.79029e-02
0.69076	3.77664e-02
0.69108	3.76249e-02
0.69140	3.74633e-02
0.69170	3.72902e-02
0.69199	3.71028e-02
0.69228	3.68984e-02
0.69259	3.66766e-02
0.69292	3.64433e-02
0.69328	3.62142e-02
0.69362	3.60106e-02
0.69398	3.58808e-02
0.69422	3.57767e-02
0.69436	3.56963e-02
0.69440	3.56339e-02
0.69436	3.55862e-02
0.69426	3.55525e-02
0.69410	3.55332e-02
0.69401	3.54339e-02
0.69387	3.53616e-02
0.69369	3.53150e-02
0.69348	3.52944e-02
0.69331	3.52117e-02
0.69312	3.51419e-02
0.69292	3.50897e-02
0.69270	3.50599e-02
0.69245	3.50562e-02
0.69219	3.50804e-02
0.69190	3.51333e-02
0.69196	3.44028e-02
0.69201	3.36759e-02
0.69196	3.31763e-02
0.69179	3.29402e-02
0.69153	3.28937e-02
0.69123	3.29649e-02
0.69089	3.31108e-02
0.69053	3.33097e-02
0.69016	3.35506e-02
0.68977	3.38277e-02
0.68937	3.41371e-02
0.68895	3.44758e-02
0.68853	3.48405e-02
0.68808	3.52284e-02
0.68763	3.56361e-02
0.68722	3.61039e-02
0.68677	3.65718e-02
0.68633	3.70585e-02
0.68586	3.75432e-02
0.68537	3.80272e-02
0.68487	3.85105e-02
0.68435	3.89925e-02
0.68383	3.94724e-02
0.68330	3.99493e-02
0.68276	4.04223e-02
0.68222	4.08906e-02
0.68168	4.13538e-02
0.68113	4.18113e-02
0.68059	4.22627e-02
0.68004	4.27078e-02
0.67950	4.31464e-02
0.67896	4.35785e-02
0.67843	4.40041e-02
0.67790	4.44233e-02
0.67737	4.48361e-02
0.67685	4.52428e-02
0.67635	4.56360e-02
0.67586	4.60202e-02
0.67538	4.63950e-02
0.67491	4.67598e-02
0.67446	4.71143e-02
0.67403	4.74579e-02
0.67361	4.77901e-02
0.67321	4.81059e-02
0.67283	4.84116e-02
0.67247	4.87062e-02
0.67213	4.89898e-02
0.67182	4.92633e-02
0.67167	4.94746e-02
0.67154	4.96664e-02
0.67142	4.98401e-02
0.67133	4.99977e-02
0.67124	5.01416e-02
0.67117	5.02749e-02
0.67110	5.04002e-02
0.67103	5.05203e-02
0.67096	5.06379e-02
0.67089	5.07552e-02
0.67081	5.08741e-02
0.67073	5.09962e-02
0.67064	5.11227e-02
0.67054	5.12545e-02
0.67045	5.13920e-02
0.67035	5.15356e-02
0.67024	5.16852e-02
0.67014	5.18405e-02
0.67004	5.20013e-02
0.66994	5.21667e-02
0.66985	5.23362e-02
0.66982	5.24840e-02
0.66980	5.26319e-02
0.66979	5.27789e-02
0.66979	5.29240e-02
0.66980	5.30665e-02
0.66992	5.33433e-02
0.67005	5.36205e-02
0.67020	5.38946e-02
0.67035	5.41611e-02
0.67051	5.44151e-02
0.67067	5.46523e-02
0.67083	5.48694e-02
0.67099	5.50640e-02
0.67116	5.52349e-02
0.67132	5.53818e-02
0.67147	5.55048e-02
0.67163	5.56045e-02
0.67179	5.56813e-02
0.67195	5.57361e-02
0.67211	5.57695e-02
0.67231	5.57827e-02
0.67252	5.57724e-02
0.67273	5.57394e-02
0.67293	5.56845e-02
0.67314	5.56102e-02
0.67335	5.55160e-02
0.67356	5.54031e-02
0.67376	5.52724e-02
0.67397	5.51248e-02
0.67417	5.49610e-02
0.67438	5.47817e-02
0.67475	5.43934e-02
0.67512	5.40110e-02
0.67548	5.36340e-02
0.67582	5.32607e-02
0.67617	5.28893e-02
0.67651	5.25178e-02
0.67684	5.21450e-02
0.67717	5.17701e-02
0.67750	5.13928e-02
0.67783	5.10129e-02
0.67815	5.06303e-02
0.67847	5.02452e-02
0.67879	4.98577e-02
0.67911	4.94679e-02
0.67942	4.90757e-02
0.67973	4.86869e-02
0.68004	4.82942e-02
0.68037	4.79104e-02
0.68069	4.75239e-02
0.68102	4.71352e-02
0.68134	4.67444e-02
0.68166	4.63514e-02
0.68198	4.59559e-02
0.68230	4.55575e-02
0.68262	4.51558e-02
0.68293	4.47502e-02
0.68324	4.43402e-02
0.68354	4.39252e-02
0.68384	4.35046e-02
0.68413	4.30781e-02
0.68441	4.26450e-02
0.68469	4.22051e-02
0.68495	4.17580e-02
0.68521	4.13034e-02
0.68545	4.08412e-02
0.68568	4.03713e-02
0.68591	3.98937e-02
0.68612	3.94085e-02
0.68632	3.89158e-02
0.68651	3.84158e-02
0.68668	3.79090e-02
0.68685	3.73957e-02
0.68701	3.68765e-02
0.68723	3.64419e-02
0.68742	3.59848e-02
0.68760	3.55116e-02
0.68776	3.50260e-02
0.68790	3.45308e-02
0.68803	3.40284e-02
0.68815	3.35215e-02
0.68825	3.30124e-02
0.68835	3.25035e-02
0.68843	3.19974e-02
0.68851	3.14966e-02
0.68857	3.10041e-02
0.68863	3.05227e-02
0.68867	3.00556e-02
0.68871	2.96060e-02
0.68874	2.91773e-02
0.68876	2.87730e-02
0.68878	2.83965e-02
0.68879	2.80515e-02
0.68879	2.77414e-02
0.68878	2.74697e-02
0.68877	2.72397e-02
0.68875	2.70545e-02
0.68873	2.69169e-02
0.68870	2.68292e-02
0.68866	2.67935e-02
0.68870	2.68680e-02
0.68872	2.69994e-02
0.68873	2.71869e-02
0.68872	2.74285e-02
0.68871	2.77217e-02
0.68878	2.79252e-02
0.68883	2.81974e-02
0.68886	2.85287e-02
0.68888	2.89137e-02
0.68888	2.93484e-02
0.68887	2.98291e-02
0.68885	3.03522e-02
0.68881	3.09143e-02
0.68876	3.15118e-02
0.68870	3.21412e-02
0.68863	3.27990e-02
0.68855	3.34817e-02
0.68847	3.41859e-02
0.68837	3.49082e-02
0.68826	3.56454e-02
0.68817	3.64071e-02
0.68806	3.71762e-02
0.68794	3.79501e-02
0.68782	3.87264e-02
0.68768	3.95030e-02
0.68754	4.02760e-02
0.68740	4.10428e-02
0.68725	4.18007e-02
0.68710	4.25473e-02
0.68695	4.32799e-02
0.68679	4.39964e-02
0.68668	4.46517e-02
0.68655	4.53014e-02
0.68643	4.59377e-02
0.68630	4.65568e-02
0.68618	4.71565e-02
0.68606	4.77362e-02
0.68595	4.82957e-02
0.68584	4.88354e-02
0.68573	4.93556e-02
0.68562	4.98570e-02
0.68550	5.03395e-02
0.68539	5.08032e-02
0.68526	5.12477e-02
0.68513	5.16725e-02
0.68500	5.20769e-02
0.68487	5.24705e-02
0.68472	5.28388e-02
0.68461	5.32123e-02
0.68449	5.35593e-02
0.68437	5.38818e-02
0.68425	5.41807e-02
0.68412	5.44561e-02
0.68400	5.47079e-02
0.68387	5.49358e-02
0.68375	5.51396e-02
0.68363	5.53187e-02
0.68352	5.54726e-02
0.68340	5.56011e-02
0.68329	5.57037e-02
0.68317	5.57802e-02
0.68306	5.58306e-02
0.68295	5.58549e-02
0.68283	5.58533e-02
0.68271	5.58265e-02
0.68259	5.57749e-02
0.68248	5.56994e-02
0.68243	5.55658e-02
0.68238	5.54079e-02
0.68233	5.52266e-02
0.68228	5.50232e-02
0.68223	5.47990e-02
0.68218	5.45553e-02
0.68213	5.42933e-02
0.68209	5.40127e-02
0.68205	5.37168e-02
0.68201	5.34066e-02
0.68198	5.30831e-02
0.68194	5.27471e-02
0.68207	5.21939e-02
0.68214	5.17067e-02
0.68219	5.12586e-02
0.68222	5.08321e-02
0.68224	5.04163e-02
0.68226	5.00052e-02
0.68229	4.95957e-02
0.68231	4.91862e-02
0.68234	4.87761e-02
0.68237	4.83654e-02
0.68240	4.79544e-02
0.68245	4.75436e-02
0.68250	4.71338e-02
0.68255	4.67257e-02
0.68261	4.63201e-02
0.68267	4.59178e-02
0.68274	4.55198e-02
0.68282	4.51269e-02
0.68290	4.47400e-02
0.68298	4.43601e-02
0.68307	4.39879e-02
0.68322	4.36240e-02
0.68337	4.32691e-02
0.68351	4.29242e-02
0.68366	4.25904e-02
0.68381	4.22685e-02
0.68406	4.21265e-02
0.68427	4.19225e-02
0.68446	4.16957e-02
0.68464	4.14657e-02
0.68481	4.12428e-02
0.68498	4.10326e-02
0.68516	4.08383e-02
0.68534	4.06625e-02
0.68552	4.05068e-02
0.68570	4.03726e-02
0.68589	4.02614e-02
0.68608	4.01744e-02
0.68627	4.01126e-02
0.68647	4.00772e-02
0.68668	4.00692e-02
0.68692	4.00968e-02
0.68715	4.01522e-02
0.68747	4.02244e-02
0.68776	4.03305e-02
0.68809	4.04353e-02
0.68840	4.05817e-02
0.68868	4.07676e-02
0.68894	4.09916e-02
0.68920	4.12527e-02
0.68946	4.15499e-02
0.68971	4.18827e-02
0.69011	4.19353e-02
0.69053	4.20132e-02
0.69095	4.21274e-02
0.69138	4.22888e-02
0.69181	4.25052e-02
0.69224	4.27860e-02
0.69265	4.31352e-02
0.69306	4.35544e-02
0.69346	4.40424e-02
0.69384	4.45961e-02
0.69422	4.52116e-02
0.69458	4.58827e-02
0.69494	4.66034e-02
0.69529	4.73678e-02
0.69564	4.81699e-02
0.69600	4.90084e-02
0.69636	4.98723e-02
0.69685	5.09989e-02
0.69732	5.20961e-02
0.69778	5.31780e-02
0.69823	5.42542e-02
0.69868	5.53316e-02
0.69914	5.64141e-02
0.69961	5.75025e-02
0.70009	5.85949e-02
0.70058	5.96864e-02
0.70108	6.07703e-02
0.70158	6.18388e-02
0.70208	6.28838e-02
0.70257	6.38982e-02
0.70306	6.48761e-02
0.70355	6.58130e-02
0.70402	6.67058e-02
0.70449	6.75529e-02
0.70494	6.83533e-02
0.70539	6.91068e-02
0.70582	6.98135e-02
0.70625	7.04739e-02
0.70667	7.10886e-02
0.70708	7.16580e-02
0.70748	7.21827e-02
0.70788	7.26631e-02
0.70826	7.30995e-02
0.70864	7.34919e-02
0.70901	7.38407e-02
0.70937	7.41458e-02
0.70973	7.44071e-02
0.71008	7.46246e-02
0.71041	7.48043e-02
0.71073	7.49458e-02
0.71104	7.50467e-02
0.71135	7.51066e-02
0.71163	7.51252e-02
0.71191	7.51024e-02
0.71218	7.50381e-02
0.71243	7.49323e-02
0.71267	7.47850e-02
0.71289	7.45965e-02
0.71311	7.43669e-02
0.71330	7.40965e-02
0.71349	7.37858e-02
0.71365	7.34353e-02
0.71380	7.30456e-02
0.71394	7.26173e-02
0.71405	7.21513e-02
0.71416	7.16484e-02
0.71424	7.11095e-02
0.71430	7.05357e-02
0.71435	6.99280e-02
0.71438	6.92899e-02
0.71439	6.86200e-02
0.71439	6.79199e-02
0.71436	6.71911e-02
0.71432	6.64351e-02
0.71425	6.56537e-02
0.71417	6.48485e-02
0.71407	6.40215e-02
0.71395	6.31745e-02
0.71381	6.23097e-02
0.71365	6.14293e-02
0.71347	6.05354e-02
0.71328	5.96306e-02
0.71307	5.87172e-02
0.71284	5.77980e-02
0.71259	5.68757e-02
0.71233	5.59531e-02
0.71204	5.50332e-02
0.71175	5.41191e-02
0.71144	5.32138e-02
0.71111	5.23207e-02
0.71077	5.14431e-02
0.71041	5.05843e-02
0.71004	4.97478e-02
0.70967	4.89343e-02
0.70928	4.81494e-02
0.70888	4.73964e-02
0.70848	4.66787e-02
0.70806	4.59992e-02
0.70763	4.53610e-02
0.70719	4.47667e-02
0.70690	4.39819e-02
0.70658	4.32752e-02
0.70624	4.26505e-02
0.70588	4.21099e-02
0.70559	4.16545e-02
0.70528	4.12785e-02
0.70495	4.09792e-02
0.70461	4.07530e-02
0.70426	4.05958e-02
0.70388	4.05033e-02
0.70351	4.04799e-02
0.70311	4.05074e-02
0.70270	4.05833e-02
0.70228	4.07046e-02
0.70186	4.08672e-02
0.70143	4.10751e-02
0.70100	4.13142e-02
0.70058	4.15904e-02
0.70016	4.18887e-02
0.69973	4.22067e-02
0.69931	4.25413e-02
0.69889	4.28895e-02
0.69848	4.32481e-02
0.69808	4.36142e-02
0.69768	4.39846e-02
0.69729	4.43566e-02
0.69692	4.47274e-02
0.69656	4.50946e-02
0.69621	4.54556e-02
0.69587	4.58083e-02
0.69555	4.61505e-02
0.69525	4.64805e-02
0.69496	4.67965e-02
0.69468	4.70970e-02
0.69443	4.73807e-02
0.69419	4.76463e-02
0.69398	4.78716e-02
0.69380	4.80777e-02
0.69363	4.82633e-02
0.69348	4.84274e-02
0.69335	4.85695e-02
0.69324	4.86895e-02
0.69315	4.87874e-02
0.69308	4.88635e-02
0.69303	4.89182e-02
0.69301	4.89523e-02
0.69300	4.89665e-02
0.69302	4.89618e-02
0.69309	4.89474e-02
0.69317	4.89115e-02
0.69327	4.88571e-02
0.69337	4.87868e-02
0.69350	4.87029e-02
0.69364	4.86077e-02
0.69379	4.85034e-02
0.69397	4.83924e-02
0.69415	4.82767e-02
0.69436	4.81586e-02
0.69458	4.80404e-02
0.69482	4.79242e-02
0.69507	4.78123e-02
0.69533	4.77069e-02
0.69561	4.76100e-02
0.69595	4.75377e-02
0.69629	4.74731e-02
0.69663	4.74205e-02
0.69697	4.73826e-02
0.69733	4.73615e-02
0.69769	4.73587e-02
0.69814	4.74388e-02
0.69856	4.75199e-02
0.69899	4.76124e-02
0.69941	4.77211e-02
0.69983	4.78486e-02
0.70026	4.79961e-02
0.70069	4.81641e-02
0.70112	4.83528e-02
0.70155	4.85620e-02
0.70199	4.87911e-02
0.70242	4.90392e-02
0.70286	4.93054e-02
0.70330	4.95885e-02
0.70379	4.99163e-02
0.70427	5.02490e-02
0.70473	5.05882e-02
0.70519	5.09339e-02
0.70564	5.12851e-02
0.70609	5.16407e-02
0.70653	5.19990e-02
0.70703	5.23928e-02
0.70750	5.27688e-02
0.70795	5.31331e-02
0.70838	5.34877e-02
0.70884	5.38362e-02
0.70929	5.41780e-02
0.70975	5.45127e-02
0.71020	5.48396e-02
0.71065	5.51580e-02
0.71110	5.54666e-02
0.71155	5.57639e-02
0.71203	5.59949e-02
0.71249	5.62163e-02
0.71294	5.64237e-02
0.71337	5.66131e-02
0.71386	5.68714e-02
0.71433	5.71043e-02
0.71478	5.73103e-02
0.71521	5.74871e-02
0.71562	5.76329e-02
0.71600	5.77462e-02
0.71637	5.78255e-02
0.71672	5.78701e-02
0.71704	5.78791e-02
0.71735	5.78520e-02
0.71764	5.77887e-02
0.71791	5.76890e-02
0.71816	5.75531e-02
0.71839	5.73826e-02
0.71861	5.71762e-02
0.71880	5.69348e-02
0.71899	5.66591e-02
0.71915	5.63499e-02
0.71929	5.60083e-02
0.71942	5.56355e-02
0.71954	5.52325e-02
0.71963	5.48007e-02
0.71971	5.43416e-02
0.71977	5.38566e-02
0.71982	5.33474e-02
0.71985	5.28157e-02
0.71987	5.22632e-02
0.71987	5.16917e-02
0.71986	5.11031e-02
0.71983	5.04996e-02
0.71979	4.98830e-02
0.71974	4.92555e-02
0.71968	4.86182e-02
0.71963	4.79745e-02
0.71957	4.73273e-02
0.71950	4.66794e-02
0.71943	4.60336e-02
0.71936	4.53930e-02
0.71929	4.47604e-02
0.71920	4.41384e-02
0.71911	4.35294e-02
0.71901	4.29354e-02
0.71890	4.23585e-02
0.71878	4.18001e-02
0.71872	4.11995e-02
0.71865	4.06189e-02
0.71857	4.00618e-02
0.71849	3.95321e-02
0.71839	3.90333e-02
0.71829	3.85685e-02
0.71816	3.81397e-02
0.71803	3.77481e-02
0.71787	3.73939e-02
0.71770	3.70765e-02
0.71752	3.67950e-02
0.71731	3.65481e-02
0.71710	3.63343e-02
0.71687	3.61521e-02
0.71662	3.60001e-02
0.71637	3.58768e-02
0.71610	3.57809e-02
0.71583	3.57109e-02
0.71555	3.56657e-02
0.71527	3.56440e-02
0.71498	3.56445e-02
0.71477	3.56606e-02
0.71454	3.57020e-02
0.71429	3.57654e-02
0.71403	3.58487e-02
0.71376	3.59503e-02
0.71349	3.60689e-02
0.71321	3.62033e-02
0.71294	3.63524e-02
0.71266	3.65152e-02
0.71239	3.66908e-02
0.71212	3.68783e-02
0.71186	3.70769e-02
0.71160	3.72859e-02
0.71137	3.75383e-02
0.71113	3.77882e-02
0.71090	3.80398e-02
0.71067	3.82949e-02
0.71045	3.85544e-02
0.71025	3.88207e-02
0.71004	3.90921e-02
0.70985	3.93749e-02
0.70967	3.96611e-02
0.70949	3.99509e-02
0.70932	4.02441e-02
0.70917	4.05196e-02
0.70903	4.08077e-02
0.70889	4.11035e-02
0.70876	4.14046e-02
0.70864	4.17094e-02
0.70853	4.20171e-02
0.70844	4.23270e-02
0.70850	4.25560e-02
0.70857	4.27997e-02
0.70866	4.30589e-02
0.70876	4.33339e-02
0.70888	4.36189e-02
0.70901	4.39197e-02
0.70914	4.42340e-02
0.70927	4.45593e-02
0.70941	4.48937e-02
0.70956	4.52347e-02
0.70971	4.55802e-02
0.70986	4.59283e-02
0.71002	4.62772e-02
0.71018	4.66252e-02
0.71035	4.69710e-02
0.71053	4.73134e-02
0.71071	4.76513e-02
0.71093	4.79904e-02
0.71114	4.83209e-02
0.71135	4.86437e-02
0.71157	4.89586e-02
0.71180	4.92655e-02
0.71203	4.95641e-02
0.71227	4.98540e-02
0.71253	5.01351e-02
0.71279	5.04068e-02
0.71306	5.06691e-02
0.71333	5.09214e-02
0.71362	5.11635e-02
0.71392	5.13951e-02
0.71422	5.16158e-02
0.71453	5.18254e-02
0.71486	5.20234e-02
0.71518	5.22097e-02
0.71552	5.23838e-02
0.71587	5.25455e-02
0.71628	5.26349e-02
0.71670	5.27157e-02
0.71712	5.27870e-02
0.71754	5.28479e-02
0.71796	5.28978e-02
0.71838	5.29359e-02
0.71880	5.29618e-02
0.71922	5.29750e-02
0.71965	5.29751e-02
0.72007	5.29616e-02
0.72050	5.29343e-02
0.72092	5.28929e-02
0.72143	5.27050e-02
0.72190	5.25547e-02
0.72236	5.24191e-02
0.72280	5.22860e-02
0.72324	5.21484e-02
0.72367	5.20023e-02
0.72410	5.18454e-02
0.72452	5.16762e-02
0.72494	5.14938e-02
0.72536	5.12976e-02
0.72577	5.10872e-02
0.72618	5.08625e-02
0.72659	5.06233e-02
0.72699	5.03695e-02
0.72738	5.01013e-02
0.72777	4.98187e-02
0.72816	4.95219e-02
0.72854	4.92111e-02
0.72892	4.88864e-02
0.72929	4.85482e-02
0.72966	4.81967e-02
0.73005	4.78367e-02
0.73043	4.74626e-02
0.73080	4.70752e-02
0.73115	4.66755e-02
0.73150	4.62640e-02
0.73183	4.58414e-02
0.73216	4.54085e-02
0.73248	4.49657e-02
0.73279	4.45137e-02
0.73310	4.40532e-02
0.73340	4.35849e-02
0.73369	4.31095e-02
0.73397	4.26277e-02
0.73419	4.20905e-02
0.73442	4.15573e-02
0.73467	4.10481e-02
0.73496	4.05944e-02
0.73533	4.02304e-02
0.73578	3.99704e-02
0.73628	3.97886e-02
0.73679	3.96315e-02
0.73726	3.94503e-02
0.73768	3.92259e-02
0.73807	3.89607e-02
0.73844	3.86361e-02
0.73878	3.82953e-02
0.73911	3.79474e-02
0.73943	3.75998e-02
0.73973	3.72579e-02
0.74002	3.69251e-02
0.74029	3.66032e-02
0.74058	3.62940e-02
0.74086	3.59945e-02
0.74111	3.57038e-02
0.74135	3.54214e-02
0.74157	3.51475e-02
0.74177	3.48802e-02
0.74195	3.46192e-02
0.74212	3.43643e-02
0.74227	3.41155e-02
0.74240	3.38732e-02
0.74252	3.36377e-02
0.74262	3.34098e-02
0.74272	3.31903e-02
0.74279	3.29801e-02
0.74286	3.27806e-02
0.74299	3.27154e-02
0.74309	3.26336e-02
0.74325	3.26021e-02
0.74335	3.25488e-02
0.74343	3.24891e-02
0.74347	3.24340e-02
0.74350	3.23907e-02
0.74351	3.23650e-02
0.74350	3.23608e-02
0.74348	3.23812e-02
0.74344	3.24282e-02
0.74339	3.25034e-02
0.74333	3.26075e-02
0.74325	3.27409e-02
0.74316	3.29035e-02
0.74306	3.30951e-02
0.74294	3.33151e-02
0.74281	3.35627e-02
0.74267	3.38373e-02
0.74251	3.41379e-02
0.74235	3.44634e-02
0.74219	3.48058e-02
0.74201	3.51730e-02
0.74183	3.55632e-02
0.74163	3.59750e-02
0.74143	3.64068e-02
0.74123	3.68573e-02
0.74102	3.73251e-02
0.74080	3.78089e-02
0.74057	3.83073e-02
0.74035	3.88189e-02
0.74012	3.93425e-02
0.73988	3.98766e-02
0.73970	4.03230e-02
0.73950	4.07832e-02
0.73931	4.12545e-02
0.73911	4.17345e-02
0.73894	4.22013e-02
0.73876	4.26823e-02
0.73857	4.31716e-02
0.73838	4.36656e-02
0.73818	4.41618e-02
0.73798	4.46581e-02
0.73777	4.51529e-02
0.73757	4.56446e-02
0.73737	4.61318e-02
0.73717	4.66131e-02
0.73697	4.70871e-02
0.73677	4.75526e-02
0.73657	4.80085e-02
0.73637	4.84534e-02
0.73618	4.88862e-02
0.73598	4.93058e-02
0.73579	4.97112e-02
0.73561	5.00992e-02
0.73542	5.04712e-02
0.73524	5.08264e-02
0.73506	5.11639e-02
0.73488	5.14827e-02
0.73470	5.17823e-02
0.73452	5.20619e-02
0.73435	5.23208e-02
0.73418	5.25585e-02
0.73401	5.27745e-02
0.73384	5.29684e-02
0.73367	5.31398e-02
0.73351	5.32886e-02
0.73334	5.34143e-02
0.73318	5.35171e-02
0.73302	5.35966e-02
0.73287	5.36531e-02
0.73271	5.36865e-02
0.73259	5.37308e-02
0.73246	5.37423e-02
0.73234	5.37206e-02
0.73222	5.36727e-02
0.73209	5.36003e-02
0.73196	5.35047e-02
0.73186	5.33556e-02
0.73186	5.32999e-02
0.73182	5.31970e-02
0.73177	5.30558e-02
0.73171	5.28821e-02
0.73163	5.26801e-02
0.73156	5.24532e-02
0.73152	5.21432e-02
0.73149	5.18006e-02
0.73146	5.14299e-02
0.73144	5.10363e-02
0.73155	5.06761e-02
0.73161	5.02827e-02
0.73164	4.98691e-02
0.73164	4.94448e-02
0.73163	4.90161e-02
0.73161	4.85877e-02
0.73158	4.81627e-02
0.73153	4.77433e-02
0.73148	4.73311e-02
0.73141	4.69275e-02
0.73134	4.65331e-02
0.73125	4.61489e-02
0.73116	4.57752e-02
0.73114	4.55712e-02
0.73109	4.53343e-02
0.73103	4.50799e-02
0.73094	4.48165e-02
0.73091	4.46488e-02
0.73085	4.44607e-02
0.73078	4.42613e-02
0.73069	4.40561e-02
0.73059	4.38489e-02
0.73048	4.36422e-02
0.73037	4.34378e-02
0.73025	4.32369e-02
0.73013	4.30402e-02
0.73000	4.28482e-02
0.72988	4.26613e-02
0.72975	4.24795e-02
0.72962	4.23028e-02
0.72949	4.21311e-02
0.72937	4.19643e-02
0.72924	4.18022e-02
0.72911	4.16446e-02
0.72899	4.14913e-02
0.72887	4.13419e-02
0.72895	4.15566e-02
0.72900	4.17247e-02
0.72902	4.18192e-02
0.72899	4.18412e-02
0.72893	4.18057e-02
0.72886	4.17290e-02
0.72877	4.16247e-02
0.72868	4.15027e-02
0.72872	4.14098e-02
0.72870	4.12959e-02
0.72865	4.11703e-02
0.72859	4.10388e-02
0.72853	4.09054e-02
0.72846	4.07751e-02
0.72839	4.06490e-02
0.72833	4.05286e-02
0.72827	4.04150e-02
0.72822	4.03095e-02
0.72817	4.02131e-02
0.72812	4.01270e-02
0.72809	4.00521e-02
0.72805	3.99895e-02
0.72803	3.99400e-02
0.72801	3.99045e-02
0.72800	3.98838e-02
0.72800	3.98786e-02
0.72801	3.98894e-02
0.72802	3.99169e-02
0.72804	3.99613e-02
0.72810	4.00324e-02
0.72816	4.01190e-02
0.72822	4.02218e-02
0.72830	4.03410e-02
0.72838	4.04767e-02
0.72847	4.06284e-02
0.72858	4.07956e-02
0.72869	4.09778e-02
0.72882	4.11740e-02
0.72895	4.14007e-02
0.72912	4.15946e-02
0.72934	4.17448e-02
0.72962	4.18475e-02
0.72996	4.19108e-02
0.73034	4.19553e-02
0.73074	4.20067e-02
0.73114	4.20848e-02
0.73153	4.21984e-02
0.73191	4.23436e-02
0.73229	4.25193e-02
0.73270	4.26645e-02
0.73312	4.28169e-02
0.73355	4.29723e-02
0.73399	4.31287e-02
0.73471	4.29245e-02
0.73539	4.27815e-02
0.73603	4.26995e-02
0.73663	4.26710e-02
0.73720	4.26871e-02
0.73774	4.27396e-02
0.73825	4.28214e-02
0.73885	4.30119e-02
0.73943	4.32208e-02
0.74003	4.33953e-02
0.74064	4.35848e-02
0.74124	4.38577e-02
0.74181	4.41212e-02
0.74233	4.43736e-02
0.74283	4.46124e-02
0.74329	4.48352e-02
0.74373	4.50396e-02
0.74414	4.52236e-02
0.74453	4.53853e-02
0.74491	4.55230e-02
0.74526	4.56353e-02
0.74560	4.57209e-02
0.74592	4.57787e-02
0.74623	4.58079e-02
0.74652	4.58076e-02
0.74681	4.57773e-02
0.74708	4.57166e-02
0.74734	4.56251e-02
0.74759	4.55026e-02
0.74784	4.53492e-02
0.74807	4.51649e-02
0.74829	4.49500e-02
0.74851	4.47046e-02
0.74872	4.44294e-02
0.74891	4.41248e-02
0.74910	4.37915e-02
0.74928	4.34302e-02
0.74946	4.30420e-02
0.74962	4.26278e-02
0.74977	4.21886e-02
0.74992	4.17258e-02
0.75005	4.12407e-02
0.75018	4.07346e-02
0.75030	4.02104e-02
0.75041	3.96682e-02
0.75051	3.91099e-02
0.75060	3.85376e-02
0.75068	3.79535e-02
0.75075	3.73596e-02
0.75081	3.67582e-02
0.75086	3.61520e-02
0.75090	3.55433e-02
0.75093	3.49348e-02
0.75095	3.43295e-02
0.75096	3.37302e-02
0.75096	3.31400e-02
0.75095	3.25620e-02
0.75093	3.19996e-02
0.75090	3.14560e-02
0.75087	3.09347e-02
0.75082	3.04390e-02
0.75077	2.99725e-02
0.75070	2.95384e-02
0.75063	2.91402e-02
0.75055	2.87809e-02
0.75046	2.84636e-02
0.75036	2.81909e-02
0.75026	2.79653e-02
0.75014	2.77888e-02
0.75002	2.76630e-02
0.74990	2.75891e-02
0.74977	2.75678e-02
0.74963	2.75993e-02
0.74948	2.76833e-02
0.74933	2.78189e-02
0.74918	2.80049e-02
0.74902	2.82397e-02
0.74885	2.85211e-02
0.74869	2.88468e-02
0.74851	2.92142e-02
0.74834	2.96204e-02
0.74816	3.00626e-02
0.74798	3.05376e-02
0.74779	3.10425e-02
0.74761	3.15742e-02
0.74749	3.21508e-02
0.74738	3.27527e-02
0.74726	3.33759e-02
0.74714	3.40168e-02
0.74701	3.46717e-02
0.74688	3.53371e-02
0.74674	3.60096e-02
0.74660	3.66862e-02
0.74646	3.73642e-02
0.74631	3.80410e-02
0.74615	3.87146e-02
0.74604	3.93723e-02
0.74592	4.00201e-02
0.74580	4.06567e-02
0.74568	4.12807e-02
0.74559	4.18837e-02
0.74549	4.24721e-02
0.74539	4.30447e-02
0.74528	4.36008e-02
0.74516	4.41396e-02
0.74505	4.46604e-02
0.74493	4.51629e-02
0.74489	4.56160e-02
0.74483	4.60545e-02
0.74477	4.64940e-02
0.74470	4.69073e-02
0.74462	4.72999e-02
0.74454	4.76727e-02
0.74444	4.80255e-02
0.74434	4.83579e-02
0.74424	4.86698e-02
0.74413	4.89611e-02
0.74402	4.92315e-02
0.74391	4.94812e-02
0.74379	4.97099e-02
0.74368	4.99177e-02
0.74356	5.01045e-02
0.74344	5.02704e-02
0.74332	5.04153e-02
0.74328	5.05636e-02
0.74324	5.06981e-02
0.74320	5.08189e-02
0.74316	5.09257e-02
0.74312	5.10182e-02
0.74308	5.10958e-02
0.74303	5.11578e-02
0.74299	5.12036e-02
0.74294	5.12325e-02
0.74288	5.12442e-02
0.74282	5.12382e-02
0.74276	5.12145e-02
0.74270	5.11729e-02
0.74263	5.11135e-02
0.74256	5.10366e-02
0.74249	5.09423e-02
0.74241	5.08310e-02
0.74233	5.07031e-02
0.74225	5.05591e-02
0.74217	5.04114e-02
0.74209	5.02470e-02
0.74201	5.00670e-02
0.74193	4.98724e-02
0.74184	4.96641e-02
0.74176	4.94431e-02
0.74167	4.92102e-02
0.74158	4.89664e-02
0.74150	4.87124e-02
0.74141	4.84493e-02
0.74132	4.81780e-02
0.74123	4.78992e-02
0.74114	4.76140e-02
0.74105	4.73233e-02
0.74096	4.70278e-02
0.74087	4.67286e-02
0.74079	4.64306e-02
0.74070	4.61288e-02
0.74062	4.58247e-02
0.74053	4.55195e-02
0.74045	4.52141e-02
0.74036	4.49096e-02
0.74028	4.46067e-02
0.74020	4.43062e-02
0.74012	4.40088e-02
0.74004	4.37153e-02
0.73996	4.34261e-02
0.73989	4.31419e-02
0.73982	4.28633e-02
0.73974	4.25905e-02
0.73968	4.23242e-02
0.73961	4.20646e-02
0.73954	4.18121e-02
0.73948	4.15670e-02
0.73943	4.13294e-02
0.73937	4.10997e-02
0.73932	4.08778e-02
0.73927	4.06639e-02
0.73923	4.04581e-02
0.73919	4.02603e-02
0.73915	4.00706e-02
0.73912	3.98889e-02
0.73909	3.97152e-02
0.73907	3.95493e-02
0.73906	3.93912e-02
0.73905	3.92407e-02
0.73904	3.90977e-02
0.73904	3.89619e-02
0.73905	3.88334e-02
0.73907	3.87118e-02
0.73909	3.85971e-02
0.73912	3.84892e-02
0.73916	3.83879e-02
0.73932	3.83515e-02
0.73945	3.83081e-02
0.73957	3.82607e-02
0.73968	3.82123e-02
0.73983	3.81583e-02
0.73997	3.81112e-02
0.74010	3.80701e-02
0.74024	3.80350e-02
0.74038	3.80057e-02
0.74053	3.79826e-02
0.74069	3.79658e-02
0.74089	3.79219e-02
0.74110	3.78854e-02
0.74158	3.78184e-02
0.74202	3.77146e-02
0.74245	3.76138e-02
0.74283	3.75276e-02
0.74317	3.74520e-02
0.74351	3.73856e-02
0.74384	3.73278e-02
0.74419	3.72786e-02
0.74454	3.72383e-02
0.74490	3.72074e-02
0.74527	3.71867e-02
0.74566	3.71769e-02
0.74605	3.71789e-02
0.74645	3.71934e-02
0.74687	3.72213e-02
0.74729	3.72640e-02
0.74772	3.73208e-02
0.74816	3.73921e-02
0.74860	3.74780e-02
0.74905	3.75786e-02
0.74957	3.77243e-02
0.75008	3.78820e-02
0.75060	3.80518e-02
0.75113	3.82333e-02
0.75165	3.84261e-02
0.75218	3.86293e-02
0.75272	3.88420e-02
0.75325	3.90634e-02
0.75379	3.92924e-02
0.75433	3.95280e-02
0.75488	3.97689e-02
0.75542	4.00141e-02
0.75596	4.02624e-02
0.75651	4.05126e-02
0.75705	4.07634e-02
0.75759	4.10138e-02
0.75813	4.12624e-02
0.75867	4.15083e-02
0.75921	4.17503e-02
0.75974	4.19872e-02
0.76027	4.22182e-02
0.76079	4.24422e-02
0.76131	4.26583e-02
0.76182	4.28657e-02
0.76233	4.30637e-02
0.76283	4.32516e-02
0.76332	4.34287e-02
0.76382	4.35916e-02
0.76430	4.37434e-02
0.76477	4.38836e-02
0.76528	4.41009e-02
0.76577	4.42931e-02
0.76624	4.44633e-02
0.76669	4.46131e-02
0.76713	4.47438e-02
0.76756	4.48565e-02
0.76796	4.49521e-02
0.76835	4.50318e-02
0.76872	4.50968e-02
0.76908	4.51480e-02
0.76942	4.51868e-02
0.76974	4.52142e-02
0.77004	4.52316e-02
0.77033	4.52403e-02
0.77060	4.52415e-02
0.77085	4.52366e-02
0.77109	4.52268e-02
0.77130	4.52135e-02
0.77150	4.51979e-02
0.77168	4.51815e-02
0.77184	4.51654e-02
0.77199	4.51508e-02
0.77211	4.51389e-02
0.77222	4.51308e-02
0.77231	4.51275e-02
0.77238	4.51300e-02
0.77252	4.50059e-02
0.77263	4.49002e-02
0.77272	4.48117e-02
0.77279	4.47399e-02
0.77283	4.46842e-02
0.77285	4.46441e-02
0.77285	4.46191e-02
0.77282	4.46087e-02
0.77278	4.46123e-02
0.77271	4.46292e-02
0.77263	4.46589e-02
0.77253	4.47004e-02
0.77240	4.47531e-02
0.77226	4.48159e-02
0.77210	4.48878e-02
0.77196	4.49494e-02
0.77179	4.50300e-02
0.77159	4.51230e-02
0.77137	4.52250e-02
0.77113	4.53337e-02
0.77087	4.54472e-02
0.77060	4.55637e-02
0.77031	4.56813e-02
0.77001	4.57977e-02
0.76969	4.59095e-02
0.76938	4.60200e-02
0.76910	4.61238e-02
0.76884	4.61861e-02
0.76861	4.61899e-02
0.76845	4.61228e-02
0.76834	4.59942e-02
0.76825	4.58377e-02
0.76814	4.56878e-02
0.76798	4.55601e-02
0.76777	4.54536e-02
0.76751	4.53605e-02
0.76722	4.52728e-02
0.76689	4.51848e-02
0.76655	4.50921e-02
0.76624	4.49581e-02
0.76589	4.48248e-02
0.76554	4.46879e-02
0.76517	4.45450e-02
0.76479	4.43948e-02
0.76466	4.40846e-02
0.76445	4.38045e-02
0.76420	4.35449e-02
0.76390	4.32982e-02
0.76357	4.30594e-02
0.76323	4.28259e-02
0.76288	4.25968e-02
0.76252	4.23722e-02
0.76217	4.21528e-02
0.76181	4.19399e-02
0.76145	4.17351e-02
0.76110	4.15403e-02
0.76075	4.13573e-02
0.76041	4.11884e-02
0.76007	4.10356e-02
0.75975	4.09011e-02
0.75943	4.07873e-02
0.75913	4.06963e-02
0.75883	4.06303e-02
0.75855	4.05912e-02
0.75828	4.05810e-02
0.75802	4.06014e-02
0.75777	4.06539e-02
0.75754	4.07399e-02
0.75732	4.08603e-02
0.75712	4.10161e-02
0.75693	4.12076e-02
0.75680	4.15014e-02
0.75667	4.18120e-02
0.75654	4.21460e-02
0.75663	4.28723e-02
0.75673	4.36333e-02
0.75685	4.44132e-02
0.75697	4.51974e-02
0.75710	4.59756e-02
0.75722	4.67422e-02
0.75733	4.74954e-02
0.75745	4.82351e-02
0.75756	4.89627e-02
0.75767	4.96795e-02
0.75779	5.03865e-02
0.75790	5.10842e-02
0.75802	5.17729e-02
0.75814	5.24520e-02
0.75827	5.31210e-02
0.75840	5.37786e-02
0.75854	5.44236e-02
0.75868	5.50545e-02
0.75882	5.56696e-02
0.75896	5.62675e-02
0.75911	5.68463e-02
0.75925	5.74045e-02
0.75940	5.79404e-02
0.75959	5.85112e-02
0.75977	5.90358e-02
0.75994	5.95221e-02
0.76014	5.99707e-02
0.76031	6.03881e-02
0.76048	6.07735e-02
0.76064	6.11263e-02
0.76079	6.14461e-02
0.76094	6.17324e-02
0.76116	6.19885e-02
0.76135	6.22090e-02
0.76152	6.23939e-02
0.76168	6.25428e-02
0.76182	6.26556e-02
0.76196	6.27326e-02
0.76208	6.27738e-02
0.76219	6.27795e-02
0.76229	6.27501e-02
0.76240	6.26683e-02
0.76250	6.25558e-02
0.76259	6.24119e-02
0.76266	6.22369e-02
0.76272	6.20314e-02
0.76277	6.17963e-02
0.76281	6.15325e-02
0.76287	6.11904e-02
0.76291	6.08308e-02
0.76294	6.04507e-02
0.76300	5.99849e-02
0.76306	5.95189e-02
0.76311	5.90413e-02
0.76315	5.85525e-02
0.76318	5.80529e-02
0.76320	5.75433e-02
0.76320	5.70246e-02
0.76320	5.64978e-02
0.76320	5.59641e-02
0.76318	5.54245e-02
0.76316	5.48801e-02
0.76314	5.43323e-02
0.76311	5.37820e-02
0.76308	5.32304e-02
0.76305	5.26811e-02
0.76301	5.21320e-02
0.76298	5.15846e-02
0.76295	5.10404e-02
0.76291	5.05011e-02
0.76295	5.00538e-02
0.76296	4.95853e-02
0.76295	4.91126e-02
0.76295	4.86460e-02
0.76294	4.81927e-02
0.76293	4.77590e-02
0.76292	4.73491e-02
0.76290	4.69675e-02
0.76288	4.66178e-02
0.76286	4.63031e-02
0.76283	4.60256e-02
0.76280	4.57866e-02
0.76276	4.55868e-02
0.76272	4.54263e-02
0.76267	4.53044e-02
0.76262	4.52199e-02
0.76256	4.51713e-02
0.76251	4.51582e-02
0.76245	4.51760e-02
0.76239	4.52228e-02
0.76232	4.52960e-02
0.76226	4.53930e-02
0.76220	4.55111e-02
0.76213	4.56474e-02
0.76207	4.57993e-02
0.76201	4.59638e-02
0.76196	4.61382e-02
0.76191	4.63191e-02
0.76186	4.65045e-02
0.76181	4.66920e-02
0.76177	4.68791e-02
0.76174	4.70635e-02
0.76171	4.72430e-02
0.76169	4.74155e-02
0.76167	4.75789e-02
0.76166	4.77314e-02
0.76166	4.78713e-02
0.76166	4.79970e-02
0.76168	4.81069e-02
0.76170	4.81998e-02
0.76173	4.82743e-02
0.76177	4.83295e-02
0.76182	4.83642e-02
0.76188	4.83778e-02
0.76194	4.83694e-02
0.76202	4.83384e-02
0.76211	4.82844e-02
0.76220	4.82070e-02
0.76231	4.81059e-02
0.76243	4.79810e-02
0.76256	4.78324e-02
0.76270	4.76600e-02
0.76285	4.74642e-02
0.76301	4.72452e-02
0.76318	4.70034e-02
0.76336	4.67394e-02
0.76356	4.64539e-02
0.76376	4.61475e-02
0.76398	4.58212e-02
0.76421	4.54758e-02
0.76445	4.51125e-02
0.76470	4.47324e-02
0.76497	4.43524e-02
0.76525	4.39536e-02
0.76553	4.35393e-02
0.76583	4.31117e-02
0.76613	4.26729e-02
0.76645	4.22250e-02
0.76677	4.17701e-02
0.76710	4.13102e-02
0.76744	4.08473e-02
0.76785	4.03543e-02
0.76825	3.98714e-02
0.76865	3.93977e-02
0.76906	3.89237e-02
0.76947	3.84625e-02
0.76988	3.80148e-02
0.77029	3.75817e-02
0.77070	3.71647e-02
0.77112	3.67653e-02
0.77154	3.63853e-02
0.77200	3.60036e-02
0.77245	3.56661e-02
0.77290	3.53482e-02
0.77334	3.50539e-02
0.77378	3.47767e-02
0.77423	3.45223e-02
0.77467	3.42902e-02
0.77512	3.40797e-02
0.77556	3.38895e-02
0.77602	3.37181e-02
0.77647	3.35636e-02
0.77693	3.34244e-02
0.77739	3.32992e-02
0.77786	3.31873e-02
0.77837	3.31193e-02
0.77888	3.30694e-02
0.77939	3.30400e-02
0.77989	3.30337e-02
0.78039	3.30529e-02
0.78088	3.31021e-02
0.78136	3.31802e-02
0.78182	3.32871e-02
0.78226	3.34223e-02
0.78268	3.35841e-02
0.78308	3.37705e-02
0.78346	3.39790e-02
0.78382	3.42069e-02
0.78416	3.44513e-02
0.78448	3.47094e-02
0.78477	3.49785e-02
0.78505	3.52558e-02
0.78530	3.55387e-02
0.78554	3.58248e-02
0.78575	3.61120e-02
0.78594	3.63981e-02
0.78611	3.66812e-02
0.78626	3.69576e-02
0.78639	3.72288e-02
0.78650	3.74930e-02
0.78659	3.77488e-02
0.78666	3.79953e-02
0.78670	3.82315e-02
0.78673	3.84566e-02
0.78673	3.86703e-02
0.78672	3.88722e-02
0.78668	3.90621e-02
0.78689	3.91851e-02
0.78706	3.93066e-02
0.78717	3.94279e-02
0.78721	3.95454e-02
0.78717	3.96559e-02
0.78706	3.97577e-02
0.78692	3.98509e-02
0.78673	3.99360e-02
0.78652	4.00138e-02
0.78628	4.00853e-02
0.78601	4.01513e-02
0.78573	4.02129e-02
0.78543	4.02711e-02
0.78511	4.03268e-02
0.78477	4.03811e-02
0.78442	4.04349e-02
0.78406	4.05064e-02
0.78368	4.05738e-02
0.78329	4.06402e-02
0.78288	4.07076e-02
0.78246	4.07776e-02
0.78203	4.08512e-02
0.78158	4.09295e-02
0.78112	4.10134e-02
0.78066	4.11033e-02
0.78018	4.11999e-02
0.77969	4.13035e-02
0.77920	4.14144e-02
0.77870	4.15327e-02
0.77819	4.16585e-02
0.77768	4.17917e-02
0.77716	4.19321e-02
0.77664	4.20796e-02
0.77611	4.22336e-02
0.77558	4.23938e-02
0.77506	4.25601e-02
0.77453	4.27313e-02
0.77400	4.29071e-02
0.77347	4.30866e-02
0.77294	4.32692e-02
0.77241	4.34541e-02
0.77189	4.36406e-02
0.77137	4.38278e-02
0.77086	4.40150e-02
0.77042	4.40864e-02
0.76997	4.41889e-02
0.76952	4.43107e-02
0.76906	4.44447e-02
0.76860	4.45860e-02
0.76815	4.47313e-02
0.76770	4.48780e-02
0.76727	4.50242e-02
0.76684	4.51684e-02
0.76642	4.53095e-02
0.76602	4.54463e-02
0.76563	4.55786e-02
0.76525	4.57057e-02
0.76489	4.58273e-02
0.76461	4.59543e-02
0.76434	4.60779e-02
0.76408	4.61975e-02
0.76383	4.63129e-02
0.76359	4.64242e-02
0.76337	4.65316e-02
0.76316	4.66355e-02
0.76297	4.67363e-02
0.76280	4.68346e-02
0.76265	4.69309e-02
0.76261	4.70873e-02
0.76256	4.72283e-02
0.76252	4.73588e-02
0.76249	4.74820e-02
0.76247	4.76007e-02
0.76249	4.77063e-02
0.76252	4.78141e-02
0.76256	4.79242e-02
0.76262	4.80375e-02
0.76270	4.81544e-02
0.76280	4.82757e-02
0.76291	4.84020e-02
0.76304	4.85338e-02
0.76319	4.86714e-02
0.76337	4.88151e-02
0.76356	4.89632e-02
0.76377	4.91179e-02
0.76400	4.92788e-02
0.76425	4.94456e-02
0.76451	4.96180e-02
0.76479	4.97952e-02
0.76509	4.99767e-02
0.76542	5.01608e-02
0.76576	5.03480e-02
0.76611	5.05370e-02
0.76647	5.07268e-02
0.76685	5.09159e-02
0.76725	5.11033e-02
0.76765	5.12874e-02
0.76806	5.14670e-02
0.76849	5.16407e-02
0.76893	5.18070e-02
0.76937	5.19647e-02
0.76983	5.21121e-02
0.77029	5.22480e-02
0.77075	5.23710e-02
0.77123	5.24797e-02
0.77170	5.25729e-02
0.77218	5.26494e-02
0.77267	5.27079e-02
0.77315	5.27474e-02
0.77364	5.27668e-02
0.77412	5.27652e-02
0.77460	5.27417e-02
0.77509	5.27037e-02
0.77556	5.26387e-02
0.77605	5.25535e-02
0.77652	5.24403e-02
0.77698	5.23005e-02
0.77744	5.21345e-02
0.77788	5.19429e-02
0.77831	5.17258e-02
0.77873	5.14835e-02
0.77914	5.12165e-02
0.77953	5.09250e-02
0.77991	5.06096e-02
0.78028	5.02709e-02
0.78063	4.99095e-02
0.78096	4.95264e-02
0.78127	4.91223e-02
0.78157	4.86983e-02
0.78185	4.82555e-02
0.78211	4.77952e-02
0.78235	4.73187e-02
0.78256	4.68274e-02
0.78276	4.63228e-02
0.78294	4.58066e-02
0.78336	4.51745e-02
0.78376	4.45586e-02
0.78409	4.39628e-02
0.78436	4.33854e-02
0.78457	4.28225e-02
0.78473	4.22709e-02
0.78483	4.17285e-02
0.78490	4.11951e-02
0.78493	4.06713e-02
0.78497	4.01643e-02
0.78499	3.96683e-02
0.78498	3.91844e-02
0.78496	3.87136e-02
0.78491	3.82568e-02
0.78484	3.78153e-02
0.78475	3.73903e-02
0.78463	3.69832e-02
0.78448	3.65955e-02
0.78431	3.62289e-02
0.78411	3.58762e-02
0.78389	3.55504e-02
0.78364	3.52520e-02
0.78337	3.49821e-02
0.78307	3.47417e-02
0.78274	3.45316e-02
0.78239	3.43528e-02
0.78202	3.42056e-02
0.78163	3.40906e-02
0.78122	3.40077e-02
0.78079	3.39568e-02
0.78035	3.39376e-02
0.77989	3.39495e-02
0.77942	3.39916e-02
0.77897	3.40510e-02
0.77850	3.41433e-02
0.77801	3.42656e-02
0.77752	3.44159e-02
0.77703	3.45925e-02
0.77655	3.48205e-02
0.77606	3.50594e-02
0.77558	3.53147e-02
0.77509	3.55874e-02
0.77460	3.58775e-02
0.77412	3.61841e-02
0.77364	3.65062e-02
0.77316	3.68423e-02
0.77269	3.71908e-02
0.77223	3.75502e-02
0.77177	3.79201e-02
0.77131	3.82972e-02
0.77086	3.86798e-02
0.77042	3.90666e-02
0.77002	3.95447e-02
0.76961	3.99992e-02
0.76921	4.04388e-02
0.76887	4.08220e-02
0.76853	4.12002e-02
0.76820	4.15757e-02
0.76788	4.19504e-02
0.76757	4.23257e-02
0.76727	4.27026e-02
0.76698	4.30817e-02
0.76670	4.34634e-02
0.76643	4.38480e-02
0.76618	4.42357e-02
0.76594	4.46265e-02
0.76571	4.50203e-02
0.76550	4.54172e-02
0.76530	4.58170e-02
0.76511	4.62194e-02
0.76495	4.66243e-02
0.76479	4.70313e-02
0.76466	4.74403e-02
0.76454	4.78507e-02
0.76445	4.82623e-02
0.76436	4.86746e-02
0.76430	4.90871e-02
0.76426	4.94993e-02
0.76423	4.99107e-02
0.76425	5.03056e-02
0.76428	5.06973e-02
0.76434	5.10847e-02
0.76442	5.14671e-02
0.76452	5.18433e-02
0.76464	5.22127e-02
0.76478	5.25743e-02
0.76494	5.29275e-02
0.76512	5.32716e-02
0.76533	5.36062e-02
0.76555	5.39307e-02
0.76580	5.42450e-02
0.76606	5.45489e-02
0.76634	5.48423e-02
0.76663	5.51251e-02
0.76694	5.53973e-02
0.76726	5.56590e-02
0.76760	5.59100e-02
0.76794	5.61505e-02
0.76830	5.63805e-02
0.76866	5.65998e-02
0.76904	5.68083e-02
0.76942	5.70063e-02
0.76980	5.71938e-02
0.77020	5.73708e-02
0.77059	5.75372e-02
0.77100	5.76932e-02
0.77140	5.78389e-02
0.77181	5.79742e-02
0.77221	5.80993e-02
0.77263	5.82140e-02
0.77304	5.83189e-02
0.77345	5.84141e-02
0.77386	5.84998e-02
0.77427	5.85761e-02
0.77468	5.86431e-02
0.77508	5.87010e-02
0.77547	5.87499e-02
0.77586	5.87900e-02
0.77625	5.88212e-02
0.77664	5.88203e-02
0.77731	5.87380e-02
0.77795	5.86732e-02
0.77853	5.86266e-02
0.77904	5.85914e-02
0.77950	5.85601e-02
0.77991	5.85279e-02
0.78047	5.88003e-02
0.78096	5.90047e-02
0.78141	5.91604e-02
0.78183	5.92788e-02
0.78222	5.93671e-02
0.78258	5.94298e-02
0.78292	5.94698e-02
0.78324	5.94887e-02
0.78354	5.94880e-02
0.78382	5.94685e-02
0.78408	5.94308e-02
0.78432	5.93751e-02
0.78457	5.93121e-02
0.78479	5.92274e-02
0.78498	5.91231e-02
0.78516	5.90004e-02
0.78531	5.88598e-02
0.78545	5.87018e-02
0.78557	5.85266e-02
0.78567	5.83344e-02
0.78576	5.81253e-02
0.78583	5.78995e-02
0.78589	5.76550e-02
0.78594	5.73945e-02
0.78597	5.71179e-02
0.78598	5.68252e-02
0.78598	5.65166e-02
0.78597	5.61921e-02
0.78595	5.58519e-02
0.78591	5.54965e-02
0.78587	5.51258e-02
0.78581	5.47400e-02
0.78574	5.43396e-02
0.78566	5.39252e-02
0.78558	5.34970e-02
0.78548	5.30559e-02
0.78538	5.26023e-02
0.78527	5.21370e-02
0.78515	5.16608e-02
0.78503	5.11746e-02
0.78490	5.06793e-02
0.78477	5.01759e-02
0.78463	4.96655e-02
0.78449	4.91494e-02
0.78434	4.86288e-02
0.78420	4.81051e-02
0.78405	4.75798e-02
0.78390	4.70542e-02
0.78376	4.65300e-02
0.78361	4.60089e-02
0.78346	4.54926e-02
0.78331	4.49829e-02
0.78317	4.44814e-02
0.78304	4.39970e-02
0.78291	4.35221e-02
0.78278	4.30601e-02
0.78265	4.26133e-02
0.78253	4.21839e-02
0.78241	4.17738e-02
0.78229	4.13848e-02
0.78218	4.10185e-02
0.78207	4.06766e-02
0.78197	4.03605e-02
0.78187	4.00715e-02
0.78179	3.98107e-02
0.78171	3.95791e-02
0.78163	3.93774e-02
0.78156	3.92061e-02
0.78150	3.90657e-02
0.78145	3.89561e-02
0.78140	3.88772e-02
0.78137	3.88287e-02
0.78133	3.88100e-02
0.78131	3.88204e-02
0.78130	3.88575e-02
0.78129	3.89218e-02
0.78129	3.90118e-02
0.78129	3.91260e-02
0.78131	3.92625e-02
0.78132	3.94198e-02
0.78135	3.95959e-02
0.78138	3.97890e-02
0.78142	3.99971e-02
0.78147	4.02246e-02
0.78169	4.08294e-02
0.78187	4.13416e-02
0.78202	4.17830e-02
0.78214	4.21722e-02
0.78225	4.25237e-02
0.78235	4.28481e-02
0.78244	4.31526e-02
0.78253	4.34417e-02
0.78261	4.37182e-02
0.78270	4.39835e-02
0.78278	4.42385e-02
0.78286	4.44833e-02
0.78294	4.47177e-02
0.78301	4.49414e-02
0.78309	4.51540e-02
0.78316	4.53549e-02
0.78323	4.55437e-02
0.78329	4.57200e-02
0.78335	4.58833e-02
0.78341	4.60334e-02
0.78346	4.61701e-02
0.78351	4.62931e-02
0.78355	4.64023e-02
0.78362	4.65186e-02
0.78368	4.66191e-02
0.78372	4.67048e-02
0.78376	4.67764e-02
0.78379	4.68348e-02
0.78381	4.68806e-02
0.78382	4.69146e-02
0.78383	4.69377e-02
0.78382	4.69508e-02
0.78381	4.69548e-02
0.78379	4.69506e-02
0.78376	4.69392e-02
0.78372	4.69217e-02
0.78367	4.68992e-02
0.78362	4.68727e-02
0.78366	4.68455e-02
0.78368	4.68183e-02
0.78368	4.67919e-02
0.78367	4.67673e-02
0.78364	4.67456e-02
0.78360	4.67278e-02
0.78355	4.67150e-02
0.78349	4.67032e-02
0.78342	4.66999e-02
0.78333	4.67054e-02
0.78324	4.67203e-02
0.78313	4.67452e-02
0.78302	4.67810e-02
0.78289	4.68279e-02
0.78276	4.68867e-02
0.78262	4.69577e-02
0.78247	4.70412e-02
0.78232	4.71375e-02
0.78216	4.72467e-02
0.78200	4.73687e-02
0.78183	4.75035e-02
0.78165	4.76508e-02
0.78150	4.77819e-02
0.78134	4.79345e-02
0.78118	4.81041e-02
0.78100	4.82881e-02
0.78083	4.84847e-02
0.78065	4.86923e-02
0.78048	4.89097e-02
0.78030	4.91354e-02
0.78012	4.93684e-02
0.77996	4.96046e-02
0.77979	4.98465e-02
0.77963	5.00924e-02
0.77947	5.03409e-02
0.77932	5.05905e-02
0.77917	5.08402e-02
0.77904	5.10885e-02
0.77891	5.13343e-02
0.77879	5.15765e-02
0.77867	5.18138e-02
0.77857	5.20452e-02
0.77848	5.22696e-02
0.77840	5.24860e-02
0.77833	5.26934e-02
0.77828	5.28909e-02
0.77828	5.31873e-02
0.77828	5.34344e-02
0.77828	5.36474e-02
0.77830	5.38336e-02
0.77832	5.39971e-02
0.77836	5.41400e-02
0.77842	5.42613e-02
0.77849	5.43650e-02
0.77857	5.44517e-02
0.77867	5.45217e-02
0.77878	5.45754e-02
0.77891	5.46132e-02
0.77906	5.46355e-02
0.77922	5.46427e-02
0.77940	5.46354e-02
0.77960	5.46058e-02
0.77981	5.45651e-02
0.78005	5.45131e-02
0.78029	5.44498e-02
0.78055	5.43760e-02
0.78083	5.42922e-02
0.78112	5.41994e-02
0.78143	5.40982e-02
0.78175	5.39899e-02
0.78208	5.38753e-02
0.78244	5.37520e-02
0.78281	5.36252e-02
0.78319	5.34960e-02
0.78358	5.33653e-02
0.78398	5.32343e-02
0.78439	5.31043e-02
0.78480	5.29765e-02
0.78523	5.28519e-02
0.78566	5.27319e-02
0.78610	5.26175e-02
0.78654	5.25099e-02
0.78699	5.24099e-02
0.78744	5.23187e-02
0.78790	5.22371e-02
0.78837	5.21726e-02
0.78883	5.21173e-02
0.78929	5.20725e-02
0.78975	5.20389e-02
0.79021	5.20172e-02
0.79066	5.20075e-02
0.79111	5.20103e-02
0.79155	5.20254e-02
0.79199	5.20527e-02
0.79242	5.20919e-02
0.79284	5.21425e-02
0.79325	5.22039e-02
0.79365	5.22755e-02
0.79404	5.23564e-02
0.79442	5.24457e-02
0.79488	5.26449e-02
0.79531	5.28343e-02
0.79573	5.30207e-02
0.79612	5.32075e-02
0.79651	5.33971e-02
0.79688	5.35905e-02
0.79724	5.37881e-02
0.79761	5.39781e-02
0.79797	5.41732e-02
0.79831	5.43697e-02
0.79863	5.45639e-02
0.79893	5.47518e-02
0.79921	5.49292e-02
0.79946	5.50924e-02
0.79968	5.52381e-02
0.79986	5.53635e-02
0.80002	5.54666e-02
0.80013	5.55462e-02
0.80022	5.56016e-02
0.80026	5.56326e-02
0.80027	5.56395e-02
0.80025	5.56229e-02
0.80019	5.55836e-02
0.80010	5.55227e-02
0.79997	5.54414e-02
0.79996	5.51774e-02
0.79992	5.48926e-02
0.79984	5.46136e-02
0.79970	5.43511e-02
0.79950	5.41057e-02
0.79925	5.38734e-02
0.79896	5.36563e-02
0.79862	5.34430e-02
0.79826	5.32323e-02
0.79786	5.30237e-02
0.79743	5.28169e-02
0.79697	5.26123e-02
0.79649	5.24106e-02
0.79599	5.22125e-02
0.79547	5.20190e-02
0.79493	5.18312e-02
0.79437	5.16500e-02
0.79380	5.14765e-02
0.79321	5.13118e-02
0.79261	5.11568e-02
0.79200	5.10125e-02
0.79138	5.08797e-02
0.79075	5.07591e-02
0.79012	5.06515e-02
0.78948	5.05573e-02
0.78883	5.04771e-02
0.78818	5.04110e-02
0.78761	5.03753e-02
0.78703	5.03535e-02
0.78646	5.03452e-02
0.78588	5.03498e-02
0.78531	5.03669e-02
0.78475	5.03957e-02
0.78419	5.04353e-02
0.78363	5.04847e-02
0.78309	5.05430e-02
0.78280	5.03768e-02
0.78255	5.01878e-02
0.78231	5.00083e-02
0.78204	4.98622e-02
0.78174	4.97560e-02
0.78141	4.96843e-02
0.78107	4.96386e-02
0.78071	4.96110e-02
0.78036	4.95954e-02
0.78001	4.95875e-02
0.77982	4.93951e-02
0.77968	4.91563e-02
0.77958	4.89099e-02
0.77949	4.86948e-02
0.77939	4.85282e-02
0.77927	4.84074e-02
0.77914	4.83213e-02
0.77900	4.82587e-02
0.77886	4.82103e-02
0.77873	4.81692e-02
0.77861	4.81304e-02
0.77850	4.80903e-02
0.77840	4.80461e-02
0.77832	4.79957e-02
0.77827	4.79189e-02
0.77824	4.78354e-02
0.77822	4.77434e-02
0.77822	4.76416e-02
0.77823	4.75292e-02
0.77832	4.74249e-02
0.77843	4.73066e-02
0.77856	4.71739e-02
0.77870	4.70264e-02
0.77886	4.68638e-02
0.77905	4.66860e-02
0.77925	4.64930e-02
0.77947	4.62849e-02
0.77970	4.60620e-02
0.77999	4.59205e-02
0.78028	4.57310e-02
0.78058	4.55085e-02
0.78090	4.52607e-02
0.78122	4.49924e-02
0.78155	4.47069e-02
0.78190	4.44062e-02
0.78227	4.40917e-02
0.78269	4.37902e-02
0.78314	4.34681e-02
0.78361	4.31279e-02
0.78413	4.27698e-02
0.78471	4.23952e-02
0.78535	4.20094e-02
0.78604	4.16220e-02
0.78675	4.12420e-02
0.78745	4.08727e-02
0.78811	4.05119e-02
0.78874	4.01558e-02
0.78934	3.98016e-02
0.78991	3.94485e-02
0.79047	3.90966e-02
0.79101	3.87466e-02
0.79155	3.83994e-02
0.79208	3.80558e-02
0.79261	3.77165e-02
0.79315	3.73771e-02
0.79369	3.70449e-02
0.79421	3.67197e-02
0.79474	3.64011e-02
0.79527	3.60891e-02
0.79579	3.57836e-02
0.79640	3.54413e-02
0.79698	3.51162e-02
0.79755	3.48048e-02
0.79810	3.45049e-02
0.79863	3.42148e-02
0.79916	3.39334e-02
0.79967	3.36599e-02
0.80016	3.33936e-02
0.80065	3.31339e-02
0.80113	3.28803e-02
0.80159	3.26325e-02
0.80204	3.23901e-02
0.80248	3.21528e-02
0.80291	3.19203e-02
0.80333	3.16925e-02
0.80373	3.14693e-02
0.80412	3.12505e-02
0.80449	3.10362e-02
0.80486	3.08263e-02
0.80520	3.06211e-02
0.80553	3.04206e-02
0.80592	3.01828e-02
0.80628	2.99530e-02
0.80662	2.97293e-02
0.80695	2.95109e-02
0.80726	2.92975e-02
0.80756	2.90894e-02
0.80784	2.88870e-02
0.80811	2.86908e-02
0.80837	2.85018e-02
0.80863	2.83293e-02
0.80887	2.81617e-02
0.80909	2.80020e-02
0.80930	2.78521e-02
0.80948	2.77137e-02
0.80965	2.75881e-02
0.80979	2.74766e-02
0.80993	2.73803e-02
0.81004	2.73002e-02
0.81014	2.72371e-02
0.81022	2.71893e-02
0.81028	2.71602e-02
0.81033	2.71501e-02
0.81036	2.71592e-02
0.81037	2.71877e-02
0.81037	2.72356e-02
0.81035	2.73028e-02
0.81031	2.73888e-02
0.81026	2.74933e-02
0.81020	2.76159e-02
0.81012	2.77557e-02
0.81003	2.79121e-02
0.80992	2.80843e-02
0.80981	2.82711e-02
0.80967	2.84718e-02
0.80953	2.86851e-02
0.80938	2.89100e-02
0.80921	2.91454e-02
0.80904	2.93900e-02
0.80886	2.96436e-02
0.80866	2.99040e-02
0.80846	3.01701e-02
0.80825	3.04408e-02
0.80803	3.07151e-02
0.80780	3.09920e-02
0.80757	3.12706e-02
0.80733	3.15498e-02
0.80708	3.18290e-02
0.80687	3.21722e-02
0.80665	3.24924e-02
0.80640	3.27952e-02
0.80615	3.30860e-02
0.80588	3.33679e-02
0.80561	3.36426e-02
0.80534	3.39110e-02
0.80506	3.41737e-02
0.80480	3.44235e-02
0.80453	3.46696e-02
0.80425	3.49117e-02
0.80397	3.51498e-02
0.80368	3.53840e-02
0.80339	3.56147e-02
0.80309	3.58421e-02
0.80280	3.60664e-02
0.80250	3.62880e-02
0.80220	3.65075e-02
0.80190	3.67251e-02
0.80160	3.69414e-02
0.80129	3.71568e-02
0.80099	3.73719e-02
0.80069	3.75873e-02
0.80038	3.78033e-02
0.80008	3.80206e-02
0.79977	3.82396e-02
0.79947	3.84571e-02
0.79917	3.86781e-02
0.79886	3.89030e-02
0.79856	3.91321e-02
0.79826	3.93656e-02
0.79796	3.96039e-02
0.79768	3.98330e-02
0.79739	4.00702e-02
0.79711	4.03142e-02
0.79682	4.05647e-02
0.79653	4.08213e-02
0.79625	4.10838e-02
0.79596	4.13520e-02
0.79568	4.16257e-02
0.79539	4.19046e-02
0.79511	4.21883e-02
0.79483	4.24765e-02
0.79456	4.27687e-02
0.79428	4.30644e-02
0.79401	4.33632e-02
0.79374	4.36643e-02
0.79347	4.39672e-02
0.79321	4.42712e-02
0.79295	4.45755e-02
0.79269	4.48794e-02
0.79244	4.51821e-02
0.79219	4.54828e-02
0.79195	4.57968e-02
0.79172	4.61074e-02
0.79150	4.64144e-02
0.79128	4.67172e-02
0.79107	4.70150e-02
0.79086	4.73070e-02
0.79066	4.75925e-02
0.79047	4.78707e-02
0.79028	4.81407e-02
0.79012	4.84084e-02
0.78995	4.86637e-02
0.78979	4.89069e-02
0.78964	4.91380e-02
0.78950	4.93566e-02
0.78936	4.95622e-02
0.78923	4.97545e-02
0.78911	4.99329e-02
0.78901	5.00877e-02
0.78891	5.02297e-02
0.78889	5.02891e-02
0.78886	5.03557e-02
0.78882	5.04209e-02
0.78878	5.04803e-02
0.78875	5.05306e-02
0.78872	5.05700e-02
0.78870	5.05971e-02
0.78869	5.06110e-02
0.78869	5.06112e-02
0.78870	5.05974e-02
0.78872	5.05694e-02
0.78875	5.05275e-02
0.78879	5.04718e-02
0.78884	5.04025e-02
0.78913	5.02868e-02
0.78945	5.01780e-02
0.78976	5.00786e-02
0.79005	4.99845e-02
0.79029	4.98887e-02
0.79061	4.99447e-02
0.79087	4.99380e-02
0.79109	4.98857e-02
0.79129	4.97997e-02
0.79147	4.96890e-02
0.79166	4.95600e-02
0.79185	4.94172e-02
0.79204	4.92641e-02
0.79225	4.91034e-02
0.79246	4.89370e-02
0.79271	4.87708e-02
0.79296	4.86006e-02
0.79321	4.84284e-02
0.79348	4.82554e-02
0.79375	4.80828e-02
0.79403	4.79115e-02
0.79433	4.77422e-02
0.79464	4.75846e-02
0.79496	4.74265e-02
0.79529	4.72698e-02
0.79562	4.71157e-02
0.79597	4.69647e-02
0.79632	4.68171e-02
0.79669	4.66732e-02
0.79706	4.65327e-02
0.79744	4.63957e-02
0.79783	4.62617e-02
0.79822	4.61303e-02
0.79863	4.60011e-02
0.79904	4.58735e-02
0.79945	4.57468e-02
0.79988	4.56203e-02
0.80031	4.54933e-02
0.80074	4.53648e-02
0.80118	4.52341e-02
0.80162	4.51002e-02
0.80207	4.49623e-02
0.80252	4.48196e-02
0.80297	4.46711e-02
0.80342	4.45159e-02
0.80388	4.43533e-02
0.80446	4.40924e-02
0.80500	4.38548e-02
0.80551	4.36276e-02
0.80600	4.34025e-02
0.80649	4.31743e-02
0.80696	4.29398e-02
0.80743	4.26970e-02
0.80789	4.24445e-02
0.80834	4.21815e-02
0.80878	4.19074e-02
0.80922	4.16220e-02
0.80996	4.14435e-02
0.81059	4.12270e-02
0.81115	4.09697e-02
0.81165	4.06781e-02
0.81211	4.03607e-02
0.81254	4.00243e-02
0.81295	3.96738e-02
0.81334	3.93129e-02
0.81372	3.89441e-02
0.81408	3.85695e-02
0.81450	3.82876e-02
0.81488	3.79715e-02
0.81524	3.76370e-02
0.81557	3.72929e-02
0.81588	3.69455e-02
0.81637	3.66930e-02
0.81688	3.64731e-02
0.81740	3.62950e-02
0.81786	3.61135e-02
0.81826	3.59124e-02
0.81858	3.56951e-02
0.81885	3.54668e-02
0.81906	3.52363e-02
0.81924	3.50124e-02
0.81939	3.48028e-02
0.81951	3.46133e-02
0.81961	3.44484e-02
0.81986	3.41439e-02
0.82015	3.38560e-02
0.82046	3.36032e-02
0.82073	3.34457e-02
0.82092	3.33884e-02
0.82104	3.34159e-02
0.82108	3.35089e-02
0.82108	3.36519e-02
0.82105	3.38351e-02
0.82098	3.40523e-02
0.82089	3.42994e-02
0.82078	3.45734e-02
0.82066	3.48719e-02
0.82052	3.51928e-02
0.82037	3.55340e-02
0.82020	3.58932e-02
0.82002	3.62684e-02
0.81983	3.66574e-02
0.81963	3.70579e-02
0.81942	3.74678e-02
0.81920	3.78848e-02
0.81897	3.83068e-02
0.81873	3.87316e-02
0.81848	3.91573e-02
0.81822	3.95817e-02
0.81796	4.00029e-02
0.81769	4.04190e-02
0.81741	4.08281e-02
0.81713	4.12287e-02
0.81685	4.16189e-02
0.81656	4.19974e-02
0.81626	4.23624e-02
0.81597	4.27128e-02
0.81567	4.30475e-02
0.81537	4.33652e-02
0.81507	4.36648e-02
0.81477	4.39456e-02
0.81447	4.42065e-02
0.81420	4.44404e-02
0.81392	4.46566e-02
0.81364	4.48531e-02
0.81336	4.50290e-02
0.81309	4.51835e-02
0.81281	4.53161e-02
0.81253	4.54268e-02
0.81226	4.55152e-02
0.81200	4.55815e-02
0.81174	4.56259e-02
0.81148	4.56487e-02
0.81123	4.56502e-02
0.81099	4.56310e-02
0.81075	4.55916e-02
0.81052	4.55329e-02
0.81030	4.54555e-02
0.81009	4.53606e-02
0.80988	4.52489e-02
0.80968	4.51218e-02
0.80950	4.49803e-02
0.80932	4.48257e-02
0.80914	4.46594e-02
0.80898	4.44829e-02
0.80883	4.42976e-02
0.80868	4.41051e-02
0.80855	4.39071e-02
0.80842	4.37052e-02
0.80831	4.35011e-02
0.80820	4.32965e-02
0.80810	4.30933e-02
0.80801	4.28931e-02
0.80793	4.26976e-02
0.80785	4.25087e-02
0.80779	4.23279e-02
0.80773	4.21569e-02
0.80768	4.19972e-02
0.80763	4.18503e-02
0.80760	4.17175e-02
0.80757	4.16000e-02
0.80755	4.14990e-02
0.80753	4.14153e-02
0.80752	4.13498e-02
0.80751	4.13031e-02
0.80751	4.12755e-02
0.80751	4.12675e-02
0.80761	4.12305e-02
0.80768	4.12251e-02
0.80774	4.12458e-02
0.80778	4.12897e-02
0.80782	4.13549e-02
0.80786	4.14405e-02
0.80790	4.15437e-02
0.80815	4.21906e-02
0.80840	4.28551e-02
0.80877	4.34713e-02
0.80909	4.40489e-02
0.80935	4.45733e-02
0.80957	4.50434e-02
0.80974	4.54652e-02
0.80989	4.58468e-02
0.81001	4.61959e-02
0.81012	4.65186e-02
0.81032	4.66583e-02
0.81051	4.67641e-02
0.81093	4.67264e-02
0.81127	4.67228e-02
0.81153	4.67525e-02
0.81171	4.68071e-02
0.81184	4.68771e-02
0.81192	4.69541e-02
0.81198	4.70328e-02
0.81200	4.71062e-02
0.81201	4.71703e-02
0.81200	4.72220e-02
0.81197	4.72584e-02
0.81194	4.72774e-02
0.81189	4.72769e-02
0.81184	4.72552e-02
0.81178	4.72106e-02
0.81171	4.71418e-02
0.81164	4.70474e-02
0.81157	4.69266e-02
0.81150	4.67790e-02
0.81147	4.66226e-02
0.81142	4.64308e-02
0.81135	4.62097e-02
0.81128	4.59646e-02
0.81120	4.57000e-02
0.81112	4.54204e-02
0.81104	4.51303e-02
0.81096	4.48339e-02
0.81087	4.45349e-02
0.81081	4.42352e-02
0.81079	4.39735e-02
0.81074	4.37085e-02
0.81068	4.34455e-02
0.81059	4.31880e-02
0.81049	4.29385e-02
0.81038	4.26991e-02
0.81026	4.24712e-02
0.81018	4.22224e-02
0.81008	4.19889e-02
0.80998	4.17703e-02
0.80988	4.15665e-02
0.80976	4.13781e-02
0.80964	4.12052e-02
0.80953	4.10483e-02
0.80940	4.09077e-02
0.80928	4.07835e-02
0.80916	4.06761e-02
0.80904	4.05855e-02
0.80893	4.05119e-02
0.80882	4.04551e-02
0.80871	4.04152e-02
0.80861	4.03920e-02
0.80851	4.03851e-02
0.80842	4.03943e-02
0.80837	4.03734e-02
0.80833	4.03579e-02
0.80831	4.03467e-02
0.80831	4.03408e-02
0.80833	4.03416e-02
0.80836	4.03509e-02
0.80840	4.03705e-02
0.80845	4.04015e-02
0.80852	4.04451e-02
0.80860	4.05018e-02
0.80868	4.05716e-02
0.80878	4.06543e-02
0.80889	4.07493e-02
0.80900	4.08560e-02
0.80913	4.09732e-02
0.80926	4.10998e-02
0.80940	4.12348e-02
0.80956	4.13768e-02
0.80972	4.15246e-02
0.80989	4.16770e-02
0.81007	4.18329e-02
0.81026	4.19910e-02
0.81047	4.21503e-02
0.81068	4.23097e-02
0.81090	4.24685e-02
0.81114	4.26256e-02
0.81138	4.27804e-02
0.81164	4.29322e-02
0.81195	4.31015e-02
0.81227	4.32622e-02
0.81258	4.34150e-02
0.81289	4.35605e-02
0.81321	4.36990e-02
0.81354	4.38307e-02
0.81387	4.39558e-02
0.81425	4.41478e-02
0.81462	4.43041e-02
0.81499	4.44363e-02
0.81535	4.45514e-02
0.81572	4.46538e-02
0.81610	4.47466e-02
0.81647	4.48320e-02
0.81686	4.49116e-02
0.81724	4.49865e-02
0.81763	4.50576e-02
0.81825	4.53169e-02
0.81881	4.55289e-02
0.81935	4.56764e-02
0.81983	4.57852e-02
0.82028	4.58639e-02
0.82071	4.59219e-02
0.82111	4.59669e-02
0.82155	4.59692e-02
0.82197	4.59804e-02
0.82237	4.59965e-02
0.82276	4.60181e-02
0.82313	4.60455e-02
0.82350	4.60787e-02
0.82386	4.61179e-02
0.82420	4.61632e-02
0.82454	4.62145e-02
0.82487	4.62719e-02
0.82519	4.63352e-02
0.82549	4.64043e-02
0.82579	4.64790e-02
0.82607	4.65591e-02
0.82634	4.66444e-02
0.82659	4.67344e-02
0.82684	4.68289e-02
0.82706	4.69273e-02
0.82727	4.70292e-02
0.82747	4.71340e-02
0.82765	4.72411e-02
0.82781	4.73499e-02
0.82795	4.74597e-02
0.82808	4.75612e-02
0.82827	4.76930e-02
0.82841	4.78201e-02
0.82852	4.79431e-02
0.82861	4.80625e-02
0.82866	4.81781e-02
0.82870	4.82876e-02
0.82871	4.83930e-02
0.82872	4.85101e-02
0.82871	4.86164e-02
0.82867	4.87132e-02
0.82860	4.88011e-02
0.82851	4.88800e-02
0.82840	4.89499e-02
0.82827	4.90104e-02
0.82812	4.90613e-02
0.82794	4.91024e-02
0.82774	4.91336e-02
0.82752	4.91545e-02
0.82729	4.91652e-02
0.82703	4.91656e-02
0.82675	4.91557e-02
0.82645	4.91355e-02
0.82614	4.91053e-02
0.82580	4.90653e-02
0.82549	4.89918e-02
0.82514	4.89170e-02
0.82477	4.88383e-02
0.82438	4.87547e-02
0.82398	4.86658e-02
0.82355	4.85716e-02
0.82311	4.84725e-02
0.82265	4.83687e-02
0.82219	4.82610e-02
0.82170	4.81501e-02
0.82121	4.80367e-02
0.82070	4.79213e-02
0.82019	4.78053e-02
0.81966	4.76896e-02
0.81913	4.75751e-02
0.81859	4.74628e-02
0.81805	4.73538e-02
0.81749	4.72490e-02
0.81694	4.71494e-02
0.81638	4.70560e-02
0.81581	4.69697e-02
0.81525	4.68913e-02
0.81468	4.68216e-02
0.81411	4.67613e-02
0.81355	4.67111e-02
0.81298	4.66715e-02
0.81242	4.66430e-02
0.81187	4.66259e-02
0.81135	4.65920e-02
0.81083	4.65780e-02
0.81031	4.65811e-02
0.80979	4.65997e-02
0.80928	4.66327e-02
0.80878	4.66765e-02
0.80829	4.67323e-02
0.80803	4.73244e-02
0.80780	4.79410e-02
0.80757	4.85386e-02
0.80735	4.90824e-02
0.80712	4.95558e-02
0.80689	4.99577e-02
0.80669	5.02959e-02
0.80652	5.05826e-02
0.80639	5.08320e-02
0.80630	5.10590e-02
0.80642	5.12769e-02
0.80648	5.15001e-02
0.80650	5.17064e-02
0.80647	5.19117e-02
0.80640	5.21109e-02
0.80631	5.23011e-02
0.80620	5.24803e-02
0.80609	5.26474e-02
0.80599	5.28075e-02
0.80590	5.29523e-02
0.80582	5.30813e-02
0.80575	5.31940e-02
0.80569	5.32897e-02
0.80566	5.33680e-02
0.80564	5.34282e-02
0.80563	5.34699e-02
0.80565	5.34926e-02
0.80569	5.34944e-02
0.80575	5.34768e-02
0.80583	5.34394e-02
0.80592	5.33818e-02
0.80604	5.33037e-02
0.80617	5.32051e-02
0.80633	5.30859e-02
0.80650	5.29461e-02
0.80669	5.27858e-02
0.80690	5.26051e-02
0.80713	5.24044e-02
0.80738	5.21839e-02
0.80764	5.19442e-02
0.80793	5.16863e-02
0.80844	5.13791e-02
0.80893	5.10622e-02
0.80942	5.07346e-02
0.80998	5.05501e-02
0.81052	5.03221e-02
0.81105	5.00589e-02
0.81157	4.97668e-02
0.81208	4.94499e-02
0.81258	4.91137e-02
0.81308	4.87615e-02
0.81357	4.83964e-02
0.81406	4.80209e-02
0.81471	4.76924e-02
0.81532	4.73433e-02
0.81588	4.69783e-02
0.81641	4.66024e-02
0.81692	4.62200e-02
0.81741	4.58350e-02
0.81789	4.54509e-02
0.81837	4.50704e-02
0.81883	4.46962e-02
0.81928	4.43307e-02
0.81973	4.39761e-02
0.82018	4.36346e-02
0.82061	4.33081e-02
0.82104	4.29987e-02
0.82146	4.27080e-02
0.82188	4.24379e-02
0.82229	4.21900e-02
0.82269	4.19657e-02
0.82309	4.17665e-02
0.82348	4.15935e-02
0.82386	4.14478e-02
0.82423	4.13305e-02
0.82459	4.12422e-02
0.82494	4.11835e-02
0.82528	4.11549e-02
0.82562	4.11565e-02
0.82594	4.11885e-02
0.82625	4.12506e-02
0.82655	4.13425e-02
0.82684	4.14638e-02
0.82719	4.16251e-02
0.82751	4.18115e-02
0.82781	4.20225e-02
0.82808	4.22578e-02
0.82833	4.25164e-02
0.82857	4.27975e-02
0.82878	4.30999e-02
0.82898	4.34222e-02
0.82916	4.37631e-02
0.82933	4.41212e-02
0.82950	4.44848e-02
0.82965	4.48658e-02
0.82978	4.52610e-02
0.82990	4.56678e-02
0.83000	4.60848e-02
0.83008	4.65103e-02
0.83015	4.69423e-02
0.83020	4.73791e-02
0.83024	4.78191e-02
0.83027	4.82608e-02
0.83028	4.87028e-02
0.83028	4.91435e-02
0.83027	4.95818e-02
0.83024	5.00162e-02
0.83021	5.04457e-02
0.83016	5.08689e-02
0.83010	5.12849e-02
0.83002	5.16925e-02
0.82994	5.20908e-02
0.82998	5.25209e-02
0.83030	5.34609e-02
0.83064	5.43798e-02
0.83096	5.52430e-02
0.83123	5.60249e-02
0.83143	5.67146e-02
0.83156	5.73167e-02
0.83161	5.78380e-02
0.83160	5.82918e-02
0.83155	5.86910e-02
0.83147	5.90458e-02
0.83136	5.93639e-02
0.83123	5.96510e-02
0.83109	5.99109e-02
0.83094	6.01460e-02
0.83078	6.03582e-02
0.83061	6.05486e-02
0.83045	6.07181e-02
0.83047	6.07844e-02
0.83045	6.08551e-02
0.83039	6.09219e-02
0.83032	6.09795e-02
0.83023	6.10248e-02
0.83014	6.10563e-02
0.83004	6.10729e-02
0.82994	6.10741e-02
0.82983	6.10598e-02
0.82973	6.10299e-02
0.82971	6.08414e-02
0.82971	6.06047e-02
0.82974	6.03241e-02
0.82979	6.00081e-02
0.82986	5.96671e-02
0.82993	5.93125e-02
0.83002	5.89544e-02
0.83010	5.86010e-02
0.83018	5.82569e-02
0.83026	5.79265e-02
0.83033	5.76111e-02
0.83040	5.73105e-02
0.83046	5.70239e-02
0.83052	5.67502e-02
0.83057	5.64879e-02
0.83062	5.62358e-02
0.83067	5.59924e-02
0.83071	5.57566e-02
0.83076	5.55272e-02
0.83080	5.53031e-02
0.83084	5.50833e-02
0.83089	5.48668e-02
0.83093	5.46528e-02
0.83098	5.44405e-02
0.83103	5.42291e-02
0.83108	5.40179e-02
0.83114	5.38064e-02
0.83120	5.35941e-02
0.83127	5.33804e-02
0.83134	5.31650e-02
0.83142	5.29476e-02
0.83150	5.27279e-02
0.83159	5.25057e-02
0.83168	5.22808e-02
0.83178	5.20531e-02
0.83189	5.18226e-02
0.83200	5.15891e-02
0.83212	5.13528e-02
0.83225	5.11135e-02
0.83239	5.08714e-02
0.83253	5.06264e-02
0.83268	5.03788e-02
0.83283	5.01286e-02
0.83302	4.98917e-02
0.83321	4.96471e-02
0.83340	4.93970e-02
0.83359	4.91426e-02
0.83379	4.88846e-02
0.83399	4.86238e-02
0.83419	4.83605e-02
0.83440	4.80952e-02
0.83462	4.78284e-02
0.83484	4.75603e-02
0.83506	4.72912e-02
0.83529	4.70216e-02
0.83553	4.67518e-02
0.83602	4.61133e-02
0.83654	4.54757e-02
0.83702	4.48982e-02
0.83746	4.44114e-02
0.83789	4.40128e-02
0.83826	4.36632e-02
0.83859	4.33481e-02
0.83889	4.30575e-02
0.83917	4.27850e-02
0.83945	4.25269e-02
0.83972	4.22812e-02
0.83999	4.20465e-02
0.84025	4.18221e-02
0.84051	4.16074e-02
0.84078	4.14024e-02
0.84104	4.12068e-02
0.84128	4.10529e-02
0.84156	4.09434e-02
0.84184	4.08000e-02
0.84214	4.06182e-02
0.84248	4.03863e-02
0.84287	4.00950e-02
0.84341	3.96598e-02
0.84397	3.92052e-02
0.84453	3.87657e-02
0.84506	3.83701e-02
0.84555	3.80299e-02
0.84600	3.77433e-02
0.84641	3.75030e-02
0.84679	3.73011e-02
0.84714	3.71316e-02
0.84747	3.69904e-02
0.84778	3.68746e-02
0.84807	3.67826e-02
0.84835	3.67132e-02
0.84860	3.66654e-02
0.84885	3.66385e-02
0.84908	3.66317e-02
0.84929	3.66444e-02
0.84948	3.66755e-02
0.84967	3.67244e-02
0.84984	3.67900e-02
0.84999	3.68714e-02
0.85013	3.69677e-02
0.85034	3.69999e-02
0.85053	3.70442e-02
0.85071	3.70956e-02
0.85088	3.71510e-02
0.85104	3.72079e-02
0.85119	3.72644e-02
0.85134	3.73193e-02
0.85148	3.73720e-02
0.85156	3.74579e-02
0.85164	3.75370e-02
0.85180	3.77420e-02
0.85194	3.78833e-02
0.85209	3.79786e-02
0.85225	3.80365e-02
0.85242	3.80617e-02
0.85260	3.80585e-02
0.85280	3.80327e-02
0.85301	3.79916e-02
0.85321	3.79442e-02
0.85339	3.78989e-02
0.85356	3.78625e-02
0.85370	3.78393e-02
0.85404	3.83286e-02
0.85433	3.88075e-02
0.85456	3.92356e-02
0.85472	3.95943e-02
0.85482	3.98856e-02
0.85485	4.01226e-02
0.85484	4.03210e-02
0.85479	4.04948e-02
0.85471	4.06546e-02
0.85459	4.08083e-02
0.85446	4.09611e-02
0.85430	4.11165e-02
0.85412	4.12767e-02
0.85392	4.14430e-02
0.85371	4.16160e-02
0.85349	4.17960e-02
0.85325	4.19830e-02
0.85300	4.21768e-02
0.85274	4.23769e-02
0.85247	4.25829e-02
0.85220	4.27942e-02
0.85194	4.29978e-02
0.85166	4.32115e-02
0.85138	4.34317e-02
0.85108	4.36564e-02
0.85078	4.38841e-02
0.85048	4.41135e-02
0.85017	4.43437e-02
0.84986	4.45737e-02
0.84954	4.48027e-02
0.84923	4.50299e-02
0.84892	4.52547e-02
0.84861	4.54763e-02
0.84829	4.56941e-02
0.84799	4.59080e-02
0.84769	4.61168e-02
0.84739	4.63192e-02
0.84710	4.65156e-02
0.84681	4.67056e-02
0.84652	4.68887e-02
0.84624	4.70646e-02
0.84596	4.72330e-02
0.84579	4.75885e-02
0.84558	4.78719e-02
0.84537	4.81050e-02
0.84515	4.83019e-02
0.84493	4.84718e-02
0.84471	4.86207e-02
0.84449	4.87524e-02
0.84428	4.88693e-02
0.84419	4.88818e-02
0.84409	4.88911e-02
0.84399	4.88961e-02
0.84389	4.88964e-02
0.84379	4.88921e-02
0.84370	4.88832e-02
0.84374	4.89515e-02
0.84382	4.90296e-02
0.84394	4.91167e-02
0.84408	4.92070e-02
0.84424	4.92902e-02
0.84439	4.93553e-02
0.84453	4.93939e-02
0.84465	4.94024e-02
0.84475	4.93816e-02
0.84483	4.93346e-02
0.84489	4.92655e-02
0.84496	4.91783e-02
0.84501	4.90763e-02
0.84515	4.90006e-02
0.84526	4.89044e-02
0.84537	4.87925e-02
0.84546	4.86681e-02
0.84556	4.85340e-02
0.84566	4.83921e-02
0.84576	4.82442e-02
0.84586	4.80916e-02
0.84597	4.79354e-02
0.84626	4.77616e-02
0.84650	4.75928e-02
0.84669	4.74261e-02
0.84686	4.72605e-02
0.84701	4.70956e-02
0.84715	4.69321e-02
0.84727	4.67703e-02
0.84740	4.66109e-02
0.84745	4.65674e-02
0.84749	4.65304e-02
0.84754	4.64951e-02
0.84759	4.64524e-02
0.84767	4.63887e-02
0.84778	4.62856e-02
0.84793	4.61226e-02
0.84815	4.58833e-02
0.84844	4.55654e-02
0.84878	4.51881e-02
0.84916	4.47879e-02
0.84954	4.44022e-02
0.84991	4.40551e-02
0.85025	4.37544e-02
0.85056	4.34975e-02
0.85085	4.32774e-02
0.85111	4.30868e-02
0.85136	4.29194e-02
0.85160	4.27706e-02
0.85182	4.26368e-02
0.85203	4.25154e-02
0.85223	4.24045e-02
0.85242	4.23025e-02
0.85259	4.22083e-02
0.85276	4.21209e-02
0.85292	4.20396e-02
0.85306	4.19635e-02
0.85320	4.18921e-02
0.85332	4.18248e-02
0.85343	4.17612e-02
0.85353	4.17009e-02
0.85362	4.16437e-02
0.85370	4.15894e-02
0.85376	4.15378e-02
0.85381	4.14890e-02
0.85389	4.14428e-02
0.85396	4.13980e-02
0.85402	4.13550e-02
0.85407	4.13141e-02
0.85411	4.12759e-02
0.85414	4.12407e-02
0.85416	4.12090e-02
0.85417	4.11815e-02
0.85417	4.11587e-02
0.85415	4.11413e-02
0.85413	4.11300e-02
0.85423	4.11425e-02
0.85427	4.11593e-02
0.85428	4.11745e-02
0.85426	4.11976e-02
0.85420	4.12307e-02
0.85413	4.12736e-02
0.85426	4.13170e-02
0.85438	4.13832e-02
0.85448	4.14723e-02
0.85453	4.15800e-02
0.85454	4.17006e-02
0.85450	4.18295e-02
0.85447	4.19266e-02
0.85440	4.20406e-02
0.85431	4.21634e-02
0.85420	4.22902e-02
0.85408	4.24169e-02
0.85397	4.25405e-02
0.85395	4.26621e-02
0.85392	4.27744e-02
0.85388	4.28791e-02
0.85384	4.29794e-02
0.85380	4.30788e-02
0.85375	4.31814e-02
0.85370	4.32996e-02
0.85364	4.34233e-02
0.85357	4.35556e-02
0.85354	4.37149e-02
0.85348	4.38783e-02
0.85339	4.40477e-02
0.85329	4.42236e-02
0.85317	4.44059e-02
0.85303	4.45938e-02
0.85288	4.47864e-02
0.85273	4.49830e-02
0.85257	4.51825e-02
0.85240	4.53841e-02
0.85222	4.55868e-02
0.85204	4.57898e-02
0.85186	4.59920e-02
0.85168	4.61927e-02
0.85150	4.63910e-02
0.85132	4.65860e-02
0.85114	4.67770e-02
0.85096	4.69631e-02
0.85079	4.71437e-02
0.85062	4.73179e-02
0.85047	4.74853e-02
0.85031	4.76451e-02
0.85017	4.77970e-02
0.85004	4.79404e-02
0.84991	4.80749e-02
0.84980	4.82002e-02
0.84970	4.83160e-02
0.84977	4.83416e-02
0.84980	4.83886e-02
0.84980	4.84443e-02
0.84981	4.85249e-02
0.84982	4.85962e-02
0.84983	4.86582e-02
0.84985	4.87107e-02
0.84988	4.87539e-02
0.84993	4.87883e-02
0.84998	4.88142e-02
0.85006	4.88320e-02
0.85015	4.88414e-02
0.85026	4.88443e-02
0.85038	4.88412e-02
0.85052	4.88326e-02
0.85069	4.88175e-02
0.85087	4.87988e-02
0.85106	4.87768e-02
0.85128	4.87522e-02
0.85151	4.87255e-02
0.85176	4.86974e-02
0.85203	4.86684e-02
0.85231	4.86393e-02
0.85261	4.86105e-02
0.85293	4.85826e-02
0.85326	4.85561e-02
0.85362	4.85234e-02
0.85399	4.84965e-02
0.85437	4.84744e-02
0.85476	4.84564e-02
0.85517	4.84426e-02
0.85559	4.84327e-02
0.85603	4.84267e-02
0.85647	4.84245e-02
0.85693	4.84259e-02
0.85739	4.84309e-02
0.85787	4.84392e-02
0.85836	4.84505e-02
0.85885	4.84646e-02
0.85935	4.84810e-02
0.85986	4.84995e-02
0.86037	4.85195e-02
0.86089	4.85405e-02
0.86142	4.85621e-02
0.86194	4.85838e-02
0.86247	4.86049e-02
0.86300	4.86249e-02
0.86353	4.86432e-02
0.86406	4.86592e-02
0.86459	4.86724e-02
0.86520	4.86947e-02
0.86578	4.87118e-02
0.86635	4.87234e-02
0.86691	4.87288e-02
0.86746	4.87277e-02
0.86800	4.87196e-02
0.86853	4.87039e-02
0.86905	4.86805e-02
0.86955	4.86487e-02
0.87005	4.86084e-02
0.87053	4.85594e-02
0.87100	4.85012e-02
0.87146	4.84339e-02
0.87191	4.83573e-02
0.87237	4.82512e-02
0.87280	4.81437e-02
0.87322	4.80311e-02
0.87361	4.79118e-02
0.87399	4.77854e-02
0.87434	4.76514e-02
0.87468	4.75102e-02
0.87500	4.73615e-02
0.87530	4.72058e-02
0.87562	4.70617e-02
0.87591	4.69060e-02
0.87617	4.67411e-02
0.87641	4.65687e-02
0.87663	4.63902e-02
0.87682	4.62067e-02
0.87699	4.60193e-02
0.87714	4.58290e-02
0.87727	4.56367e-02
0.87738	4.54434e-02
0.87747	4.52500e-02
0.87754	4.50572e-02
0.87759	4.48661e-02
0.87762	4.46774e-02
0.87763	4.44920e-02
0.87761	4.43106e-02
0.87758	4.41340e-02
0.87753	4.39630e-02
0.87746	4.37981e-02
0.87738	4.36400e-02
0.87727	4.34893e-02
0.87715	4.33465e-02
0.87701	4.32120e-02
0.87685	4.30863e-02
0.87668	4.29695e-02
0.87649	4.28620e-02
0.87628	4.27639e-02
0.87606	4.26753e-02
0.87583	4.25963e-02
0.87562	4.25583e-02
0.87545	4.26576e-02
0.87525	4.27221e-02
0.87501	4.27645e-02
0.87476	4.27930e-02
0.87448	4.28135e-02
0.87419	4.28301e-02
0.87389	4.28455e-02
0.87357	4.28613e-02
0.87325	4.28787e-02
0.87291	4.28981e-02
0.87257	4.29198e-02
0.87222	4.29438e-02
0.87196	4.29466e-02
0.87167	4.29556e-02
0.87136	4.29686e-02
0.87103	4.29843e-02
0.87069	4.30015e-02
0.87035	4.30194e-02
0.87000	4.30372e-02
0.86965	4.30543e-02
0.86929	4.30701e-02
0.86893	4.30842e-02
0.86857	4.30962e-02
0.86830	4.30575e-02
0.86801	4.30261e-02
0.86772	4.29990e-02
0.86743	4.29744e-02
0.86713	4.29511e-02
0.86684	4.29284e-02
0.86655	4.29057e-02
0.86626	4.28827e-02
0.86598	4.28590e-02
0.86579	4.28946e-02
0.86557	4.29094e-02
0.86534	4.29106e-02
0.86510	4.29029e-02
0.86486	4.28894e-02
0.86462	4.28721e-02
0.86438	4.28524e-02
0.86415	4.28312e-02
0.86393	4.28094e-02
0.86371	4.27877e-02
0.86350	4.27665e-02
0.86330	4.27464e-02
0.86310	4.27277e-02
0.86292	4.27109e-02
0.86274	4.26962e-02
0.86269	4.25321e-02
0.86261	4.24300e-02
0.86251	4.23687e-02
0.86240	4.23351e-02
0.86229	4.23210e-02
0.86218	4.23205e-02
0.86207	4.23301e-02
0.86196	4.23474e-02
0.86186	4.23707e-02
0.86177	4.23989e-02
0.86168	4.24313e-02
0.86160	4.24672e-02
0.86162	4.25677e-02
0.86162	4.26538e-02
0.86177	4.25521e-02
0.86185	4.25039e-02
0.86190	4.24894e-02
0.86193	4.24967e-02
0.86195	4.25184e-02
0.86201	4.25469e-02
0.86205	4.25842e-02
0.86209	4.26257e-02
0.86212	4.26699e-02
0.86214	4.27157e-02
0.86216	4.27622e-02
0.86217	4.28087e-02
0.86218	4.28548e-02
0.86219	4.29001e-02
0.86220	4.29441e-02
0.86221	4.29866e-02
0.86221	4.30274e-02
0.86221	4.30663e-02
0.86221	4.31032e-02
0.86220	4.31381e-02
0.86219	4.31709e-02
0.86218	4.32018e-02
0.86216	4.32307e-02
0.86214	4.32578e-02
0.86211	4.32833e-02
0.86208	4.33074e-02
0.86204	4.33303e-02
0.86200	4.33522e-02
0.86195	4.33736e-02
0.86190	4.33947e-02
0.86184	4.34158e-02
0.86177	4.34374e-02
0.86174	4.33890e-02
0.86168	4.33636e-02
0.86161	4.33533e-02
0.86153	4.33542e-02
0.86144	4.33641e-02
0.86134	4.33814e-02
0.86123	4.34055e-02
0.86137	4.38280e-02
0.86149	4.41797e-02
0.86160	4.44866e-02
0.86172	4.47724e-02
0.86182	4.50430e-02
0.86188	4.52876e-02
0.86189	4.54918e-02
0.86184	4.56501e-02
0.86178	4.57450e-02
0.86166	4.58144e-02
0.86151	4.58665e-02
0.86132	4.59089e-02
0.86117	4.59083e-02
0.86099	4.59204e-02
0.86080	4.59436e-02
0.86059	4.59774e-02
0.86037	4.60212e-02
0.86015	4.60742e-02
0.85992	4.61359e-02
0.85968	4.62055e-02
0.85945	4.62823e-02
0.85922	4.63657e-02
0.85898	4.64548e-02
0.85875	4.65492e-02
0.85852	4.66479e-02
0.85829	4.67503e-02
0.85806	4.68557e-02
0.85784	4.69635e-02
0.85762	4.70728e-02
0.85741	4.71829e-02
0.85720	4.72933e-02
0.85700	4.74032e-02
0.85681	4.75119e-02
0.85662	4.76188e-02
0.85644	4.77233e-02
0.85627	4.78249e-02
0.85611	4.79228e-02
0.85608	4.79531e-02
0.85604	4.79969e-02
0.85599	4.80451e-02
0.85593	4.80931e-02
0.85589	4.81382e-02
0.85585	4.81790e-02
0.85582	4.82144e-02
0.85581	4.82438e-02
0.85580	4.82670e-02
0.85581	4.82835e-02
0.85588	4.82387e-02
0.85595	4.82083e-02
0.85602	4.81825e-02
0.85610	4.81571e-02
0.85618	4.81296e-02
0.85630	4.81400e-02
0.85642	4.81340e-02
0.85655	4.81169e-02
0.85669	4.80916e-02
0.85685	4.80598e-02
0.85701	4.80230e-02
0.85719	4.79821e-02
0.85740	4.79425e-02
0.85762	4.78997e-02
0.85784	4.78551e-02
0.85808	4.78095e-02
0.85833	4.77812e-02
0.85859	4.77598e-02
0.85888	4.77493e-02
0.85918	4.77498e-02
0.85960	4.78342e-02
0.86002	4.79336e-02
0.86045	4.80707e-02
0.86091	4.82676e-02
0.86141	4.85423e-02
0.86195	4.89013e-02
0.86252	4.93300e-02
0.86311	4.97915e-02
0.86371	5.02428e-02
0.86429	5.06374e-02
0.86483	5.09558e-02
0.86533	5.11980e-02
0.86581	5.13755e-02
0.86626	5.15035e-02
0.86669	5.15966e-02
0.86712	5.16661e-02
0.86754	5.17204e-02
0.86795	5.17654e-02
0.86836	5.18049e-02
0.86876	5.18413e-02
0.86917	5.18761e-02
0.86957	5.19099e-02
0.86997	5.19430e-02
0.87037	5.19753e-02
0.87077	5.20066e-02
0.87116	5.20363e-02
0.87155	5.20636e-02
0.87193	5.20882e-02
0.87231	5.21094e-02
0.87268	5.21263e-02
0.87305	5.21384e-02
0.87341	5.21447e-02
0.87377	5.21447e-02
0.87412	5.21376e-02
0.87466	5.21563e-02
0.87515	5.21616e-02
0.87560	5.21509e-02
0.87600	5.21235e-02
0.87636	5.20799e-02
0.87670	5.20211e-02
0.87701	5.19478e-02
0.87732	5.18510e-02
0.87760	5.17439e-02
0.87786	5.16252e-02
0.87812	5.14945e-02
0.87835	5.13514e-02
0.87857	5.11958e-02
0.87878	5.10277e-02
0.87898	5.08471e-02
0.87916	5.06541e-02
0.87932	5.04490e-02
0.87948	5.02321e-02
0.87961	5.00037e-02
0.87974	4.97643e-02
0.87985	4.95145e-02
0.87994	4.92548e-02
0.88003	4.89860e-02
0.88009	4.87087e-02
0.88015	4.84239e-02
0.88018	4.81324e-02
0.88021	4.78352e-02
0.88022	4.75333e-02
0.88023	4.72594e-02
0.88023	4.69868e-02
0.88022	4.67199e-02
0.88021	4.64642e-02
0.88018	4.62273e-02
0.88016	4.60194e-02
0.88014	4.58539e-02
0.88014	4.57466e-02
0.88038	4.57604e-02
0.88065	4.58725e-02
0.88092	4.60715e-02
0.88117	4.63256e-02
0.88137	4.65918e-02
0.88151	4.68287e-02
0.88157	4.70093e-02
0.88157	4.71244e-02
0.88151	4.71788e-02
0.88141	4.71848e-02
0.88134	4.71528e-02
0.88121	4.70980e-02
0.88104	4.70313e-02
0.88085	4.69607e-02
0.88063	4.68924e-02
0.88040	4.68305e-02
0.88016	4.67782e-02
0.87990	4.67373e-02
0.87964	4.67094e-02
0.87936	4.66954e-02
0.87909	4.66956e-02
0.87881	4.67105e-02
0.87852	4.67403e-02
0.87823	4.67846e-02
0.87814	4.67568e-02
0.87807	4.67354e-02
0.87798	4.67374e-02
0.87786	4.67723e-02
0.87768	4.68402e-02
0.87746	4.69362e-02
0.87722	4.70637e-02
0.87694	4.72093e-02
0.87665	4.73703e-02
0.87634	4.75443e-02
0.87603	4.77296e-02
0.87571	4.79244e-02
0.87539	4.81390e-02
0.87507	4.83531e-02
0.87475	4.85691e-02
0.87444	4.87879e-02
0.87413	4.90095e-02
0.87382	4.92336e-02
0.87351	4.94599e-02
0.87322	4.96877e-02
0.87292	4.99163e-02
0.87264	5.01452e-02
0.87236	5.03737e-02
0.85864	3.21998e-02
0.85835	3.24713e-02
0.85806	3.27420e-02
0.85778	3.30112e-02
0.85751	3.32783e-02
0.85725	3.35430e-02
0.85700	3.38048e-02
0.85675	3.40634e-02
0.85652	3.43187e-02
0.85629	3.45588e-02
0.85608	3.48005e-02
0.85587	3.50411e-02
0.85567	3.52796e-02
0.85548	3.55154e-02
0.85530	3.57482e-02
0.85512	3.59780e-02
0.85496	3.62049e-02
0.85493	3.65657e-02
0.85488	3.68970e-02
0.85482	3.72108e-02
0.85475	3.75142e-02
0.85469	3.78116e-02
0.85463	3.81058e-02
0.85458	3.83985e-02
0.85457	3.86948e-02
0.85455	3.89904e-02
0.85454	3.92860e-02
0.85452	3.95819e-02
0.85451	3.98785e-02
0.85451	4.01758e-02
0.85450	4.04736e-02
0.85450	4.07720e-02
0.85451	4.10707e-02
0.85452	4.13693e-02
0.85453	4.16676e-02
0.85454	4.19652e-02
0.85456	4.22616e-02
0.85458	4.25563e-02
0.85461	4.28488e-02
0.85463	4.31387e-02
0.85466	4.34252e-02
0.85469	4.37079e-02
0.85472	4.39860e-02
0.85490	4.39511e-02
0.85505	4.39649e-02
0.85519	4.40057e-02
0.85532	4.40619e-02
0.85544	4.41272e-02
0.85556	4.41978e-02
0.85567	4.42717e-02
0.85577	4.43472e-02
0.85586	4.44232e-02
0.85595	4.44984e-02
0.85605	4.45584e-02
0.85613	4.46213e-02
0.85620	4.46832e-02
0.85626	4.47419e-02
0.85631	4.47955e-02
0.85635	4.48429e-02
0.85639	4.48827e-02
0.85641	4.49140e-02
0.85643	4.49357e-02
0.85643	4.49472e-02
0.85643	4.49478e-02
0.85642	4.49366e-02
0.85641	4.49130e-02
0.85638	4.48764e-02
0.85635	4.48264e-02
0.85630	4.47625e-02
0.85625	4.46845e-02
0.85620	4.45921e-02
0.85613	4.44849e-02
0.85606	4.43628e-02
0.85598	4.42258e-02
0.85589	4.40737e-02
0.85579	4.39066e-02
0.85569	4.37244e-02
0.85576	4.36841e-02
0.85586	4.36775e-02
0.85599	4.36957e-02
0.85613	4.37168e-02
0.85624	4.37138e-02
0.85637	4.35648e-02
0.85650	4.33636e-02
0.85658	4.30936e-02
0.85662	4.27653e-02
0.85663	4.23901e-02
0.85662	4.19778e-02
0.85659	4.15356e-02
0.85655	4.10686e-02
0.85650	4.05795e-02
0.85645	4.00702e-02
0.85640	3.95416e-02
0.85638	3.90152e-02
0.85639	3.84815e-02
0.85642	3.79477e-02
0.85649	3.74231e-02
0.85661	3.69184e-02
0.85677	3.64420e-02
0.85698	3.59955e-02
0.85719	3.55706e-02
0.85741	3.51514e-02
0.85759	3.47222e-02
0.85774	3.42740e-02
0.85785	3.38056e-02
0.85793	3.33217e-02
0.85799	3.28295e-02
0.85803	3.23363e-02
0.85805	3.18483e-02
0.85807	3.13704e-02
0.85808	3.09066e-02
0.85808	3.04596e-02
0.85809	3.00313e-02
0.85809	2.96232e-02
0.85810	2.92362e-02
0.85810	2.88710e-02
0.85811	2.85280e-02
0.85835	2.83445e-02
0.85868	2.82532e-02
0.85905	2.82305e-02
0.85938	2.82208e-02
0.85963	2.81791e-02
0.85981	2.80955e-02
0.85993	2.79825e-02
0.86011	2.78588e-02
0.86027	2.77418e-02
0.86042	2.76392e-02
0.86057	2.75554e-02
0.86072	2.74923e-02
0.86088	2.74503e-02
0.86103	2.74289e-02
0.86120	2.74273e-02
0.86137	2.74441e-02
0.86154	2.74778e-02
0.86172	2.75270e-02
0.86191	2.75900e-02
0.86210	2.76652e-02
0.86230	2.77508e-02
0.86250	2.78454e-02
0.86271	2.79473e-02
0.86293	2.80549e-02
0.86315	2.81669e-02
0.86364	2.85115e-02
0.86416	2.88455e-02
0.86471	2.91665e-02
0.86527	2.94446e-02
0.86585	2.96566e-02
0.86644	2.97935e-02
0.86705	2.98660e-02
0.86767	2.99014e-02
0.86828	2.99324e-02
0.86886	2.99819e-02
0.86939	3.00574e-02
0.86999	2.99102e-02
0.87052	2.98315e-02
0.87100	2.98024e-02
0.87144	2.98079e-02
0.87184	2.98363e-02
0.87222	2.98783e-02
0.87257	2.99272e-02
0.87292	2.99778e-02
0.87325	3.00266e-02
0.87357	3.00708e-02
0.87393	3.00382e-02
0.87427	3.00173e-02
0.87459	2.99998e-02
0.87490	2.99810e-02
0.87520	2.99581e-02
0.87548	2.99290e-02
0.87576	2.98923e-02
0.87602	2.98472e-02
0.87628	2.97932e-02
0.87652	2.97298e-02
0.87676	2.96570e-02
0.87699	2.95748e-02
0.87721	2.94832e-02
0.87741	2.93827e-02
0.87789	2.93626e-02
0.87832	2.93559e-02
0.87871	2.93482e-02
0.87904	2.93275e-02
0.87932	2.92879e-02
0.87974	2.91489e-02
0.88033	2.88844e-02
0.88084	2.86221e-02
0.88128	2.83696e-02
0.88164	2.81285e-02
0.88194	2.78975e-02
0.88219	2.76744e-02
0.88239	2.74575e-02
0.88256	2.72459e-02
0.88270	2.70390e-02
0.88281	2.68370e-02
0.88291	2.66402e-02
0.88315	2.66447e-02
0.88344	2.67356e-02
0.88376	2.69031e-02
0.88407	2.71099e-02
0.88434	2.73055e-02
0.88454	2.74506e-02
0.88467	2.75304e-02
0.88474	2.75504e-02
0.88476	2.75262e-02
0.88474	2.74744e-02
0.88468	2.74091e-02
0.88460	2.73411e-02
0.88450	2.72780e-02
0.88438	2.72252e-02
0.88425	2.71864e-02
0.88410	2.71641e-02
0.88394	2.71603e-02
0.88376	2.71763e-02
0.88357	2.72129e-02
0.88337	2.72709e-02
0.88316	2.73507e-02
0.88293	2.74525e-02
0.88270	2.75763e-02
0.88245	2.77221e-02
0.88219	2.78896e-02
0.88193	2.80786e-02
0.88165	2.82885e-02
0.88137	2.85187e-02
0.88107	2.87686e-02
0.88077	2.90373e-02
0.88071	2.89170e-02
0.88065	2.88194e-02
0.88056	2.87710e-02
0.88043	2.87876e-02
0.88027	2.88722e-02
0.88007	2.90195e-02
0.87991	2.93397e-02
0.87971	2.96710e-02
0.87948	3.00151e-02
0.87921	3.03718e-02
0.87893	3.07403e-02
0.87863	3.11199e-02
0.87831	3.15096e-02
0.87799	3.19086e-02
0.87766	3.23161e-02
0.87733	3.27311e-02
0.87699	3.31527e-02
0.87665	3.35800e-02
0.87631	3.40134e-02
0.87599	3.44230e-02
0.87566	3.48469e-02
0.87532	3.52788e-02
0.87498	3.57153e-02
0.87464	3.61546e-02
0.87433	3.65844e-02
0.87401	3.70167e-02
0.87370	3.74497e-02
0.87339	3.78821e-02
0.87308	3.83133e-02
0.87279	3.87401e-02
0.87250	3.91647e-02
0.87221	3.95862e-02
0.87193	4.00043e-02
0.87165	4.04183e-02
0.87139	4.08280e-02
0.87113	4.12330e-02
0.87088	4.16331e-02
0.87063	4.20279e-02
0.87040	4.24173e-02
0.87018	4.28012e-02
0.86996	4.31793e-02
0.86976	4.35517e-02
0.86956	4.39181e-02
0.86938	4.42786e-02
0.86921	4.46331e-02
0.86905	4.49816e-02
0.86890	4.53241e-02
0.86877	4.56605e-02
0.86865	4.59909e-02
0.86853	4.63154e-02
0.86851	4.65949e-02
0.86847	4.68802e-02
0.86842	4.71648e-02
0.86838	4.74454e-02
0.86836	4.77202e-02
0.86834	4.79881e-02
0.86834	4.82483e-02
0.86835	4.85001e-02
0.86837	4.87429e-02
0.86847	4.90391e-02
0.86856	4.92893e-02
0.86863	4.95082e-02
0.86871	4.97046e-02
0.86880	4.98837e-02
0.86890	5.00485e-02
0.86902	5.02007e-02
0.86915	5.03411e-02
0.86929	5.04700e-02
0.86945	5.05873e-02
0.86963	5.06927e-02
0.87008	5.12064e-02
0.87044	5.15290e-02
0.87073	5.16982e-02
0.87098	5.17668e-02
0.87121	5.17743e-02
0.87145	5.17443e-02
0.87169	5.16897e-02
0.87194	5.16170e-02
0.87221	5.15294e-02
0.87249	5.14285e-02
0.87278	5.13147e-02
0.87309	5.11881e-02
0.87341	5.10485e-02
0.87374	5.08957e-02
0.87408	5.07293e-02
0.87444	5.05492e-02
0.87480	5.03550e-02
0.87518	5.01466e-02
0.87557	4.99236e-02
0.87596	4.96861e-02
0.87637	4.94337e-02
0.87678	4.91666e-02
0.87720	4.88845e-02
0.87762	4.85875e-02
0.87806	4.82756e-02
0.87850	4.79489e-02
0.87894	4.76075e-02
0.87939	4.72517e-02
0.87984	4.68816e-02
0.88029	4.64976e-02
0.88075	4.61002e-02
0.88121	4.56895e-02
0.88167	4.52662e-02
0.88214	4.48308e-02
0.88260	4.43839e-02
0.88306	4.39263e-02
0.88354	4.34647e-02
0.88402	4.29928e-02
0.88449	4.25121e-02
0.88496	4.20238e-02
0.88542	4.15292e-02
0.88588	4.10296e-02
0.88654	4.06041e-02
0.88724	4.02084e-02
0.88796	3.98332e-02
0.88864	3.94576e-02
0.88926	3.90613e-02
0.88980	3.86357e-02
0.89036	3.82823e-02
0.89084	3.78632e-02
0.89126	3.74144e-02
0.89164	3.69512e-02
0.89199	3.64851e-02
0.89231	3.60246e-02
0.89262	3.55831e-02
0.89291	3.51540e-02
0.89318	3.47427e-02
0.89344	3.43530e-02
0.89368	3.39877e-02
0.89401	3.35180e-02
0.89430	3.31163e-02
0.89455	3.27701e-02
0.89477	3.24723e-02
0.89498	3.22187e-02
0.89516	3.20067e-02
0.89533	3.18347e-02
0.89548	3.17016e-02
0.89561	3.16066e-02
0.89573	3.15487e-02
0.89584	3.15272e-02
0.89593	3.15410e-02
0.89603	3.16002e-02
0.89611	3.16885e-02
0.89618	3.18059e-02
0.89622	3.19516e-02
0.89626	3.21242e-02
0.89628	3.23221e-02
0.89628	3.25437e-02
0.89628	3.27869e-02
0.89626	3.30496e-02
0.89649	3.33977e-02
0.89667	3.37820e-02
0.89678	3.41794e-02
0.89683	3.45744e-02
0.89682	3.49603e-02
0.89677	3.53358e-02
0.89668	3.57017e-02
0.89658	3.60590e-02
0.89645	3.64087e-02
0.89632	3.67510e-02
0.89617	3.70858e-02
0.89601	3.74127e-02
0.89585	3.77312e-02
0.89568	3.80404e-02
0.89551	3.83398e-02
0.89533	3.86284e-02
0.89515	3.89056e-02
0.89496	3.91707e-02
0.89477	3.94231e-02
0.89458	3.96621e-02
0.89466	4.03998e-02
0.89470	4.10558e-02
0.89468	4.15841e-02
0.89459	4.19801e-02
0.89445	4.22644e-02
0.89428	4.24638e-02
0.89408	4.26011e-02
0.89389	4.26831e-02
0.89368	4.27353e-02
0.89347	4.27639e-02
0.89326	4.27733e-02
0.89304	4.27663e-02
0.89282	4.27452e-02
0.89261	4.27113e-02
0.89240	4.26660e-02
0.89220	4.26102e-02
0.89200	4.25447e-02
0.89181	4.24705e-02
0.89162	4.23883e-02
0.89144	4.22989e-02
0.89127	4.22032e-02
0.89110	4.21019e-02
0.89094	4.19958e-02
0.89078	4.18857e-02
0.89063	4.17726e-02
0.89049	4.16571e-02
0.89036	4.15401e-02
0.89024	4.14223e-02
0.89012	4.13046e-02
0.89001	4.11875e-02
0.89018	4.07287e-02
0.89032	4.03260e-02
0.89042	3.99865e-02
0.89050	3.97036e-02
0.89055	3.94663e-02
0.89058	3.92643e-02
0.89068	3.91696e-02
0.89074	3.90534e-02
0.89076	3.89311e-02
0.89102	3.90342e-02
0.89127	3.91590e-02
0.89149	3.92665e-02
0.89165	3.93298e-02
0.89175	3.93425e-02
0.89180	3.93119e-02
0.89183	3.92497e-02
0.89183	3.91668e-02
0.89183	3.90714e-02
0.89207	3.90528e-02
0.89222	3.90091e-02
0.89228	3.89376e-02
0.89230	3.88448e-02
0.89230	3.87378e-02
0.89228	3.86214e-02
0.89226	3.84881e-02
0.89224	3.83539e-02
0.89222	3.82170e-02
0.89221	3.80764e-02
0.89220	3.79310e-02
0.89236	3.78528e-02
0.89248	3.77592e-02
0.89257	3.76487e-02
0.89264	3.75218e-02
0.89270	3.73793e-02
0.89276	3.72223e-02
0.89281	3.70515e-02
0.89286	3.68673e-02
0.89291	3.66720e-02
0.89297	3.64633e-02
0.89302	3.62417e-02
0.89307	3.60078e-02
0.89313	3.57621e-02
0.89319	3.55049e-02
0.89325	3.52369e-02
0.89331	3.49585e-02
0.89337	3.46706e-02
0.89344	3.43738e-02
0.89350	3.40691e-02
0.89357	3.37575e-02
0.89364	3.34401e-02
0.89372	3.31047e-02
0.89380	3.27711e-02
0.89387	3.24386e-02
0.89395	3.21076e-02
0.89402	3.17793e-02
0.89409	3.14549e-02
0.89416	3.11360e-02
0.89423	3.08245e-02
0.89430	3.05222e-02
0.89437	3.02310e-02
0.89443	2.99529e-02
0.89450	2.96899e-02
0.89456	2.94440e-02
0.89462	2.92173e-02
0.89468	2.90115e-02
0.89474	2.88285e-02
0.89488	2.87471e-02
0.89499	2.86658e-02
0.89508	2.85956e-02
0.89515	2.85436e-02
0.89522	2.85314e-02
0.89528	2.85404e-02
0.89534	2.85739e-02
0.89538	2.86343e-02
0.89542	2.87226e-02
0.89546	2.88394e-02
0.89550	2.89848e-02
0.89555	2.91639e-02
0.89559	2.93685e-02
0.89562	2.95982e-02
0.89565	2.98523e-02
0.89567	3.01295e-02
0.89569	3.04285e-02
0.89570	3.07475e-02
0.89571	3.10850e-02
0.89572	3.14390e-02
0.89573	3.18077e-02
0.89574	3.21892e-02
0.89574	3.25815e-02
0.89581	3.30037e-02
0.89591	3.34470e-02
0.89606	3.39164e-02
0.89626	3.44173e-02
0.89651	3.49512e-02
0.89693	3.55484e-02
0.89731	3.61437e-02
0.89761	3.67188e-02
0.89785	3.72619e-02
0.89804	3.78020e-02
0.89818	3.82986e-02
0.89851	3.82977e-02
0.89875	3.83695e-02
0.89894	3.85043e-02
0.89918	3.87551e-02
0.89935	3.90135e-02
0.89947	3.92768e-02
0.89956	3.95425e-02
0.89964	3.98076e-02
0.89970	4.00700e-02
0.89975	4.03281e-02
0.89979	4.05804e-02
0.89983	4.08258e-02
0.89997	4.10882e-02
0.90007	4.13341e-02
0.90015	4.15656e-02
0.90023	4.17842e-02
0.90029	4.19908e-02
0.90035	4.21860e-02
0.90040	4.23705e-02
0.90046	4.25445e-02
0.90052	4.27086e-02
0.90057	4.28631e-02
0.90063	4.30084e-02
0.90069	4.31449e-02
0.90079	4.32713e-02
0.90088	4.33901e-02
0.90097	4.35015e-02
0.90106	4.36057e-02
0.90114	4.37031e-02
0.90122	4.37935e-02
0.90131	4.38778e-02
0.90139	4.39565e-02
0.90148	4.40298e-02
0.90157	4.40980e-02
0.90166	4.41614e-02
0.90175	4.42202e-02
0.90184	4.42746e-02
0.90194	4.43249e-02
0.90203	4.43711e-02
0.90213	4.44135e-02
0.90222	4.44520e-02
0.90232	4.44867e-02
0.90242	4.45177e-02
0.90252	4.45449e-02
0.90262	4.45683e-02
0.90271	4.45877e-02
0.90281	4.46032e-02
0.90291	4.46145e-02
0.90300	4.46215e-02
0.90310	4.46240e-02
0.90327	4.45612e-02
0.90341	4.45096e-02
0.90354	4.44639e-02
0.90366	4.44209e-02
0.90376	4.43783e-02
0.90386	4.43345e-02
0.90395	4.42881e-02
0.90403	4.42381e-02
0.90410	4.41837e-02
0.90417	4.41244e-02
0.90423	4.40598e-02
0.90429	4.39893e-02
0.90434	4.39129e-02
0.90438	4.38301e-02
0.90442	4.37410e-02
0.90445	4.36455e-02
0.90447	4.35434e-02
0.90448	4.34348e-02
0.90449	4.33197e-02
0.90449	4.31984e-02
0.90449	4.30709e-02
0.90447	4.29374e-02
0.90445	4.27981e-02
0.90442	4.26535e-02
0.90438	4.25037e-02
0.90433	4.23492e-02
0.90427	4.21904e-02
0.90421	4.20277e-02
0.90413	4.18617e-02
0.90405	4.16928e-02
0.90395	4.15216e-02
0.90385	4.13486e-02
0.90374	4.11746e-02
0.90361	4.10000e-02
0.90348	4.08255e-02
0.90334	4.06518e-02
0.90319	4.04795e-02
0.90303	4.03093e-02
0.90286	4.01418e-02
0.90273	4.00456e-02
0.90257	3.99266e-02
0.90239	3.97961e-02
0.90219	3.96611e-02
0.90199	3.95256e-02
0.90177	3.93926e-02
0.90154	3.92638e-02
0.90130	3.91405e-02
0.90106	3.90237e-02
0.90081	3.89190e-02
0.90055	3.88236e-02
0.90053	3.84441e-02
0.90047	3.81342e-02
0.90036	3.78963e-02
0.90025	3.77241e-02
0.90011	3.76148e-02
0.89996	3.75690e-02
0.90004	3.77040e-02
0.90016	3.79350e-02
0.90033	3.82695e-02
0.90052	3.87043e-02
0.90072	3.92191e-02
0.90090	3.97734e-02
0.90107	4.02868e-02
0.90116	4.07517e-02
0.90118	4.11392e-02
0.90113	4.14445e-02
0.90103	4.16774e-02
0.90089	4.18530e-02
0.90072	4.19860e-02
0.90053	4.20886e-02
0.90032	4.21700e-02
0.90011	4.22365e-02
0.89990	4.22926e-02
0.89968	4.23412e-02
0.89948	4.23769e-02
0.89929	4.23971e-02
0.89910	4.24195e-02
0.89891	4.24420e-02
0.89873	4.24634e-02
0.89883	4.21854e-02
0.89892	4.19330e-02
0.89902	4.16698e-02
0.89906	4.14662e-02
0.89906	4.13079e-02
0.89902	4.11823e-02
0.89897	4.10790e-02
0.89891	4.09903e-02
0.89886	4.09103e-02
0.89880	4.08350e-02
0.89875	4.07616e-02
0.89871	4.06880e-02
0.89868	4.06130e-02
0.89867	4.05357e-02
0.89867	4.04556e-02
0.89868	4.03724e-02
0.89870	4.02858e-02
0.89875	4.01958e-02
0.89880	4.01025e-02
0.89887	4.00060e-02
0.89896	3.99063e-02
0.89909	3.97960e-02
0.89923	3.96839e-02
0.89938	3.95700e-02
0.89955	3.94542e-02
0.89972	3.93365e-02
0.89991	3.92171e-02
0.90031	3.89164e-02
0.90075	3.85927e-02
0.90122	3.82573e-02
0.90171	3.79265e-02
0.90220	3.76148e-02
0.90267	3.73300e-02
0.90313	3.70737e-02
0.90357	3.68433e-02
0.90400	3.66342e-02
0.90442	3.64421e-02
0.90483	3.62632e-02
0.90524	3.60945e-02
0.90565	3.59340e-02
0.90606	3.57800e-02
0.90648	3.56314e-02
0.90690	3.54874e-02
0.90732	3.53474e-02
0.90775	3.52111e-02
0.90819	3.50780e-02
0.90863	3.49479e-02
0.90907	3.48206e-02
0.90952	3.46959e-02
0.90997	3.45736e-02
0.91043	3.44536e-02
0.91089	3.43356e-02
0.91134	3.42196e-02
0.91180	3.41054e-02
0.91231	3.40605e-02
0.91279	3.39904e-02
0.91327	3.39055e-02
0.91374	3.38120e-02
0.91420	3.37137e-02
0.91465	3.36125e-02
0.91532	3.37204e-02
0.91590	3.37409e-02
0.91640	3.37016e-02
0.91686	3.36240e-02
0.91729	3.35231e-02
0.91769	3.34088e-02
0.91808	3.32869e-02
0.91846	3.31614e-02
0.91883	3.30346e-02
0.91919	3.29079e-02
0.91954	3.27823e-02
0.91988	3.26584e-02
0.92026	3.25861e-02
0.92061	3.24916e-02
0.92093	3.23850e-02
0.92158	3.24824e-02
0.92217	3.25691e-02
0.92268	3.26024e-02
0.92312	3.25801e-02
0.92351	3.25055e-02
0.92387	3.23830e-02
0.92423	3.22123e-02
0.92460	3.19903e-02
0.92499	3.17172e-02
0.92541	3.14037e-02
0.92584	3.10731e-02
0.92625	3.07542e-02
0.92662	3.04693e-02
0.92693	3.02283e-02
0.92718	3.00309e-02
0.92739	2.98713e-02
0.92755	2.97428e-02
0.92767	2.96395e-02
0.92776	2.95568e-02
0.92806	2.92334e-02
0.92838	2.89062e-02
0.92893	2.90269e-02
0.92940	2.91672e-02
0.92976	2.93080e-02
0.93000	2.94365e-02
0.93015	2.95453e-02
0.93022	2.96391e-02
0.93023	2.97219e-02
0.93020	2.97967e-02
0.93014	2.98644e-02
0.93007	2.99228e-02
0.93000	2.99665e-02
0.92993	2.99870e-02
0.92989	2.99749e-02
0.92988	2.99248e-02
0.92990	2.98419e-02
0.92994	2.97452e-02
0.92997	2.96621e-02
0.92996	2.96154e-02
0.92989	2.96156e-02
0.92976	2.96626e-02
0.92958	2.97507e-02
0.92935	2.98728e-02
0.92909	3.00227e-02
0.92880	3.01956e-02
0.92849	3.03877e-02
0.92826	3.04955e-02
0.92798	3.06553e-02
0.92767	3.08501e-02
0.92733	3.10704e-02
0.92698	3.13106e-02
0.92662	3.15671e-02
0.92625	3.18374e-02
0.92587	3.21198e-02
0.92548	3.24130e-02
0.92509	3.27161e-02
0.92471	3.30393e-02
0.92433	3.33702e-02
0.92395	3.37089e-02
0.92356	3.40548e-02
0.92317	3.44075e-02
0.92278	3.47666e-02
0.92239	3.51315e-02
0.92200	3.55016e-02
0.92162	3.58765e-02
0.92123	3.62555e-02
0.92085	3.66381e-02
0.92047	3.70236e-02
0.92011	3.74010e-02
0.91976	3.77801e-02
0.91941	3.81599e-02
0.91907	3.85398e-02
0.91873	3.89193e-02
0.91847	3.93819e-02
0.91820	3.98206e-02
0.91793	4.02411e-02
0.91765	4.06470e-02
0.91738	4.10408e-02
0.91712	4.14244e-02
0.91686	4.17989e-02
0.91661	4.21648e-02
0.91637	4.25225e-02
0.91613	4.28721e-02
0.91591	4.32134e-02
0.91570	4.35464e-02
0.91550	4.38707e-02
0.91540	4.42954e-02
0.91528	4.46802e-02
0.91516	4.50338e-02
0.91504	4.53618e-02
0.91493	4.56682e-02
0.91481	4.59555e-02
0.91471	4.62256e-02
0.91461	4.64796e-02
0.91452	4.67182e-02
0.91444	4.69421e-02
0.91438	4.71514e-02
0.91432	4.73464e-02
0.91427	4.75270e-02
0.91423	4.76935e-02
0.91420	4.78456e-02
0.91419	4.79836e-02
0.91418	4.81074e-02
0.91418	4.82169e-02
0.91420	4.83124e-02
0.91422	4.83938e-02
0.91425	4.84613e-02
0.91429	4.85150e-02
0.91434	4.85551e-02
0.91440	4.85818e-02
0.91446	4.85953e-02
0.91454	4.85960e-02
0.91462	4.85842e-02
0.91471	4.85602e-02
0.91480	4.85245e-02
0.91491	4.84775e-02
0.91501	4.84197e-02
0.91513	4.83515e-02
0.91525	4.82736e-02
0.91559	4.80690e-02
0.91598	4.77331e-02
0.91653	4.76528e-02
0.91697	4.75326e-02
0.91732	4.73614e-02
0.91762	4.71426e-02
0.91813	4.66654e-02
0.91859	4.61890e-02
0.91900	4.57352e-02
0.91935	4.53079e-02
0.91966	4.49005e-02
0.91993	4.45049e-02
0.92018	4.41147e-02
0.92042	4.37267e-02
0.92065	4.33404e-02
0.92088	4.29574e-02
0.92111	4.25805e-02
0.92133	4.22129e-02
0.92155	4.18582e-02
0.92176	4.15194e-02
0.92196	4.11993e-02
0.92216	4.08997e-02
0.92235	4.06221e-02
0.92253	4.03675e-02
0.92271	4.01363e-02
0.92288	3.99295e-02
0.92304	3.97452e-02
0.92333	3.95129e-02
0.92358	3.93360e-02
0.92379	3.92009e-02
0.92397	3.90989e-02
0.92414	3.90242e-02
0.92429	3.89728e-02
0.92443	3.89418e-02
0.92456	3.89288e-02
0.92470	3.89100e-02
0.92483	3.89130e-02
0.92496	3.89373e-02
0.92508	3.89749e-02
0.92520	3.90239e-02
0.92531	3.90825e-02
0.92542	3.91494e-02
0.92552	3.92230e-02
0.92562	3.93021e-02
0.92572	3.93855e-02
0.92581	3.94720e-02
0.92608	3.97247e-02
0.92640	4.00334e-02
0.92675	4.03728e-02
0.92710	4.06425e-02
0.92740	4.08968e-02
0.92764	4.11092e-02
0.92783	4.12640e-02
0.92797	4.13805e-02
0.92809	4.14664e-02
0.92817	4.15288e-02
0.92824	4.15735e-02
0.92830	4.16043e-02
0.92835	4.16239e-02
0.92839	4.16340e-02
0.92843	4.16357e-02
0.92846	4.16298e-02
0.92849	4.16167e-02
0.92851	4.15968e-02
0.92853	4.15706e-02
0.92857	4.15321e-02
0.92860	4.14898e-02
0.92862	4.14433e-02
0.92864	4.13927e-02
0.92866	4.13382e-02
0.92867	4.12804e-02
0.92868	4.12196e-02
0.92869	4.11566e-02
0.92870	4.10920e-02
0.92870	4.10264e-02
0.92871	4.09608e-02
0.92871	4.08958e-02
0.92871	4.08324e-02
0.92871	4.07713e-02
0.92871	4.07136e-02
0.92871	4.06599e-02
0.92873	4.05973e-02
0.92876	4.05382e-02
0.92879	4.04821e-02
0.92884	4.04276e-02
0.92890	4.03733e-02
0.92899	4.03177e-02
0.92911	4.02609e-02
0.92926	4.02056e-02
0.92944	4.01580e-02
0.92964	4.01266e-02
0.92983	4.01188e-02
0.93001	4.01387e-02
0.93016	4.01864e-02
0.93027	4.02593e-02
0.93036	4.03540e-02
0.93042	4.04673e-02
0.93046	4.05968e-02
0.93048	4.07403e-02
0.93049	4.08965e-02
0.93050	4.10639e-02
0.93049	4.12415e-02
0.93056	4.15357e-02
0.93059	4.17953e-02
0.93060	4.20303e-02
0.93060	4.22510e-02
0.93058	4.24640e-02
0.93056	4.26733e-02
0.93054	4.28807e-02
0.93051	4.30870e-02
0.93048	4.32924e-02
0.93045	4.34963e-02
0.93043	4.36979e-02
0.93040	4.38963e-02
0.93038	4.40904e-02
0.92267	4.09112e-02
0.92264	4.11286e-02
0.92262	4.13370e-02
0.92260	4.15352e-02
0.92258	4.17221e-02
0.92256	4.18964e-02
0.92255	4.20572e-02
0.92254	4.22034e-02
0.92271	4.23713e-02
0.92282	4.25130e-02
0.92294	4.26607e-02
0.92302	4.27732e-02
0.92313	4.27851e-02
0.92322	4.27925e-02
0.92330	4.27901e-02
0.92336	4.27745e-02
0.92343	4.27438e-02
0.92349	4.26962e-02
0.92356	4.26307e-02
0.92362	4.25462e-02
0.92369	4.24424e-02
0.92375	4.23187e-02
0.92390	4.22655e-02
0.92403	4.21693e-02
0.92414	4.20364e-02
0.92425	4.18713e-02
0.92461	4.14742e-02
0.92499	4.10458e-02
0.92538	4.06340e-02
0.92570	4.02428e-02
0.92593	3.98750e-02
0.92611	3.95237e-02
0.92624	3.91806e-02
0.92634	3.88386e-02
0.92645	3.84644e-02
0.92655	3.80926e-02
0.92663	3.77184e-02
0.92671	3.73410e-02
0.92679	3.69563e-02
0.92685	3.65647e-02
0.92691	3.61666e-02
0.92697	3.57629e-02
0.92703	3.53544e-02
0.92709	3.49421e-02
0.92715	3.45271e-02
0.92721	3.41105e-02
0.92727	3.36935e-02
0.92734	3.32772e-02
0.92741	3.28629e-02
0.92748	3.24518e-02
0.92755	3.20450e-02
0.92762	3.16438e-02
0.92770	3.12493e-02
0.92777	3.08628e-02
0.92815	3.02277e-02
0.92860	2.95529e-02
0.92908	2.88945e-02
0.92952	2.83028e-02
0.92988	2.77924e-02
0.93016	2.73522e-02
0.93038	2.69653e-02
0.93056	2.66181e-02
0.93071	2.63023e-02
0.93085	2.60128e-02
0.93098	2.57465e-02
0.93110	2.55019e-02
0.93122	2.52779e-02
0.93133	2.50739e-02
0.93144	2.48893e-02
0.93156	2.47237e-02
0.93167	2.45767e-02
0.93178	2.44478e-02
0.93189	2.43364e-02
0.93200	2.42420e-02
0.93211	2.41639e-02
0.93222	2.41014e-02
0.93233	2.40539e-02
0.93244	2.40204e-02
0.93255	2.40002e-02
0.93265	2.39926e-02
0.93276	2.39967e-02
0.93287	2.40116e-02
0.93297	2.40367e-02
0.93307	2.40711e-02
0.93317	2.41141e-02
0.93328	2.41652e-02
0.93343	2.42147e-02
0.93363	2.42663e-02
0.93393	2.44136e-02
0.93428	2.45234e-02
0.93467	2.46288e-02
0.93507	2.47511e-02
0.93582	2.45783e-02
0.93654	2.44226e-02
0.93712	2.43468e-02
0.93752	2.43565e-02
0.93777	2.44269e-02
0.93791	2.45345e-02
0.93798	2.46652e-02
0.93800	2.48111e-02
0.93804	2.50383e-02
0.93812	2.52152e-02
0.93815	2.54005e-02
0.93816	2.55929e-02
0.93815	2.57925e-02
0.93813	2.59996e-02
0.93811	2.62144e-02
0.93807	2.64371e-02
0.93808	2.66483e-02
0.93806	2.68765e-02
0.93803	2.71213e-02
0.93800	2.73724e-02
0.93826	2.74545e-02
0.93845	2.75474e-02
0.93859	2.76580e-02
0.93868	2.77887e-02
0.93875	2.79396e-02
0.93886	2.81277e-02
0.93893	2.83258e-02
0.93897	2.85346e-02
0.93900	2.87545e-02
0.93903	2.89850e-02
0.93907	2.92285e-02
0.93911	2.94835e-02
0.93916	2.97498e-02
0.93921	3.00277e-02
0.93152	2.38921e-02
0.93161	2.43595e-02
0.93172	2.48560e-02
0.93204	2.55080e-02
0.93237	2.61797e-02
0.93271	2.68850e-02
0.93308	2.76292e-02
0.93345	2.84043e-02
0.93381	2.91894e-02
0.93414	2.99581e-02
0.93442	3.06887e-02
0.93465	3.13701e-02
0.93484	3.20005e-02
0.93499	3.25845e-02
0.93511	3.31287e-02
0.93520	3.36400e-02
0.93528	3.41240e-02
0.93534	3.45850e-02
0.93539	3.50262e-02
0.93543	3.54497e-02
0.93547	3.58571e-02
0.93550	3.62492e-02
0.93553	3.66266e-02
0.93555	3.69897e-02
0.93557	3.73385e-02
0.93558	3.76732e-02
0.93559	3.79937e-02
0.93560	3.82999e-02
0.93561	3.85917e-02
0.93561	3.88691e-02
0.93560	3.91319e-02
0.93560	3.93801e-02
0.93559	3.96136e-02
0.93557	3.98325e-02
0.93556	4.00366e-02
0.93554	4.02261e-02
0.93552	4.04010e-02
0.93549	4.05613e-02
0.93546	4.07072e-02
0.93574	4.04071e-02
0.93598	4.01573e-02
0.93618	3.99585e-02
0.93633	3.98053e-02
0.93645	3.96875e-02
0.93657	3.95706e-02
0.93667	3.94718e-02
0.93708	3.94441e-02
0.93745	3.94286e-02
0.93776	3.94133e-02
0.93802	3.93892e-02
0.93822	3.93517e-02
0.93841	3.93108e-02
0.93855	3.92525e-02
0.93866	3.91796e-02
0.93875	3.90945e-02
0.93882	3.89991e-02
0.93888	3.88951e-02
0.93893	3.87838e-02
0.93897	3.86662e-02
0.93901	3.85431e-02
0.93904	3.84154e-02
0.93906	3.82837e-02
0.93908	3.81486e-02
0.93909	3.80107e-02
0.93909	3.78703e-02
0.93910	3.77280e-02
0.93909	3.75841e-02
0.93909	3.74390e-02
0.93908	3.72931e-02
0.93906	3.71467e-02
0.93904	3.70000e-02
0.93902	3.68533e-02
0.93899	3.67068e-02
0.93902	3.64522e-02
0.93902	3.62370e-02
0.93905	3.61001e-02
0.93906	3.59702e-02
0.93906	3.58458e-02
0.93904	3.57259e-02
0.93903	3.56099e-02
0.93900	3.54975e-02
0.93898	3.53885e-02
0.93894	3.52827e-02
0.93891	3.51799e-02
0.93888	3.50768e-02
0.93884	3.49784e-02
0.93880	3.48837e-02
0.93876	3.47922e-02
0.93871	3.47034e-02
0.93867	3.46170e-02
0.93862	3.45328e-02
0.93858	3.44506e-02
0.93853	3.43702e-02
0.93849	3.42916e-02
0.93844	3.42145e-02
0.93840	3.41389e-02
0.93835	3.40652e-02
0.93831	3.39926e-02
0.93826	3.39211e-02
0.93822	3.38509e-02
0.93818	3.37820e-02
0.93814	3.37142e-02
0.93811	3.36560e-02
0.93807	3.35928e-02
0.93804	3.35277e-02
0.93800	3.34627e-02
0.93797	3.33986e-02
0.93794	3.33363e-02
0.93792	3.32760e-02
0.93789	3.32181e-02
0.93792	3.31846e-02
0.93793	3.31478e-02
0.93794	3.31097e-02
0.92882	2.63081e-02
0.92882	2.62576e-02
0.92921	2.65355e-02
0.92963	2.68750e-02
0.93002	2.72130e-02
0.93032	2.74840e-02
0.93052	2.76604e-02
0.93063	2.77473e-02
0.93068	2.77657e-02
0.93068	2.77386e-02
0.93067	2.76845e-02
0.93063	2.76166e-02
0.93065	2.75602e-02
0.93065	2.74976e-02
0.93063	2.74345e-02
0.93062	2.73741e-02
0.93060	2.73181e-02
0.93058	2.72675e-02
0.93057	2.72226e-02
0.93057	2.71834e-02
0.93057	2.71497e-02
0.93057	2.71214e-02
0.93058	2.70980e-02
0.93060	2.70793e-02
0.93062	2.70646e-02
0.93065	2.70538e-02
0.93076	2.69458e-02
0.93093	2.67713e-02
0.93152	2.68945e-02
0.93225	2.70030e-02
0.93307	2.70444e-02
0.93387	2.69878e-02
0.93459	2.68453e-02
0.93517	2.66547e-02
0.93561	2.64513e-02
0.93593	2.62559e-02
0.93615	2.60766e-02
0.93630	2.59144e-02
0.93641	2.57675e-02
0.93648	2.56330e-02
0.93655	2.55085e-02
0.93699	2.54745e-02
0.93744	2.54776e-02
0.93828	2.54772e-02
0.93903	2.55051e-02
0.93968	2.55418e-02
0.94021	2.55734e-02
0.94066	2.55930e-02
0.94102	2.56001e-02
0.94134	2.55973e-02
0.94163	2.56063e-02
0.94193	2.56412e-02
0.94226	2.57271e-02
0.94267	2.58984e-02
0.94320	2.61826e-02
0.94388	2.66308e-02
0.94470	2.72443e-02
0.94561	2.79710e-02
0.94654	2.87125e-02
0.94737	2.93680e-02
0.94807	2.98771e-02
0.94862	3.02283e-02
0.94903	3.04423e-02
0.94934	3.05508e-02
0.94957	3.05842e-02
0.94973	3.05670e-02
0.94986	3.05169e-02
0.94995	3.04462e-02
0.95002	3.03635e-02
0.95007	3.02741e-02
0.95011	3.01819e-02
0.95013	3.00890e-02
0.95014	2.99975e-02
0.95014	2.99086e-02
0.95013	2.98229e-02
0.94146	2.47335e-02
0.94142	2.46117e-02
0.94137	2.44915e-02
0.94132	2.43733e-02
0.94125	2.42574e-02
0.94116	2.41441e-02
0.94107	2.40333e-02
0.94097	2.39253e-02
0.94085	2.38201e-02
0.94073	2.37177e-02
0.94059	2.36181e-02
0.94044	2.35211e-02
0.94028	2.34268e-02
0.94011	2.33351e-02
0.93993	2.32457e-02
0.93974	2.31585e-02
0.93954	2.30734e-02
0.93934	2.29902e-02
0.93912	2.29087e-02
0.93889	2.28288e-02
0.93866	2.27502e-02
0.93842	2.26728e-02
0.93817	2.25964e-02
0.93791	2.25208e-02
0.93765	2.24460e-02
0.93738	2.23718e-02
0.93711	2.22981e-02
0.93683	2.22249e-02
0.93654	2.21521e-02
0.93625	2.20799e-02
0.93596	2.20081e-02
0.93567	2.19370e-02
0.93537	2.18666e-02
0.93507	2.17971e-02
0.93477	2.17288e-02
0.93447	2.16620e-02
0.93418	2.15969e-02
0.93388	2.15340e-02
0.93358	2.14737e-02
0.93328	2.14164e-02
0.93299	2.13627e-02
0.93270	2.13130e-02
0.93242	2.12681e-02
0.93213	2.12285e-02
0.93186	2.11948e-02
0.93159	2.11679e-02
0.93134	2.11554e-02
0.93110	2.11496e-02
0.93086	2.11517e-02
0.93063	2.11624e-02
0.93085	2.10755e-02
0.93111	2.10453e-02
0.93133	2.10787e-02
0.93148	2.11601e-02
0.93153	2.12679e-02
0.93151	2.13876e-02
0.93143	2.15134e-02
0.93131	2.16444e-02
0.93118	2.17824e-02
0.93104	2.19291e-02
0.93089	2.20863e-02
0.93075	2.22551e-02
0.93062	2.24364e-02
0.93050	2.26307e-02
0.93039	2.28383e-02
0.93030	2.30593e-02
0.93021	2.32934e-02
0.93020	2.35645e-02
0.93026	2.38833e-02
0.93030	2.41942e-02
0.93034	2.45039e-02
0.93037	2.48161e-02
0.93041	2.51331e-02
0.93046	2.54562e-02
0.93052	2.57860e-02
0.93059	2.61225e-02
0.93067	2.64658e-02
0.93076	2.68155e-02
0.93087	2.71710e-02
0.93099	2.75319e-02
0.93113	2.78975e-02
0.93127	2.82672e-02
0.93144	2.86403e-02
0.93161	2.90160e-02
0.93180	2.93936e-02
0.93199	2.97724e-02
0.93221	3.01518e-02
0.93243	3.05309e-02
0.93266	3.09090e-02
0.93291	3.12856e-02
0.93316	3.16600e-02
0.93343	3.20314e-02
0.93382	3.23914e-02
0.93419	3.27499e-02
0.93453	3.31050e-02
0.93486	3.34556e-02
0.93543	3.33452e-02
0.93594	3.33503e-02
0.93640	3.34297e-02
0.93684	3.35572e-02
0.93726	3.37147e-02
0.93766	3.38898e-02
0.93806	3.40737e-02
0.93846	3.42604e-02
0.93885	3.44458e-02
0.93923	3.46268e-02
0.93962	3.48014e-02
0.94000	3.49680e-02
0.94038	3.51256e-02
0.94076	3.52733e-02
0.94113	3.54105e-02
0.94150	3.55367e-02
0.94187	3.56515e-02
0.94223	3.57548e-02
0.94258	3.58462e-02
0.94293	3.59255e-02
0.94327	3.59928e-02
0.94360	3.60478e-02
0.94393	3.60905e-02
0.94424	3.61210e-02
0.94455	3.61390e-02
0.94484	3.61448e-02
0.94513	3.61383e-02
0.94540	3.61196e-02
0.94566	3.60887e-02
0.94591	3.60457e-02
0.94615	3.59908e-02
0.94637	3.59241e-02
0.94658	3.58457e-02
0.94677	3.57558e-02
0.94695	3.56545e-02
0.94712	3.55421e-02
0.94727	3.54186e-02
0.94740	3.52845e-02
0.94752	3.51397e-02
0.94762	3.49847e-02
0.94770	3.48197e-02
0.94777	3.46448e-02
0.94782	3.44605e-02
0.94786	3.42669e-02
0.94787	3.40643e-02
0.94787	3.38531e-02
0.94786	3.36336e-02
0.94782	3.34060e-02
0.94777	3.31707e-02
0.94770	3.29280e-02
0.94776	3.27511e-02
0.94776	3.25462e-02
0.94772	3.23192e-02
0.94764	3.20747e-02
0.94754	3.18159e-02
0.94741	3.15456e-02
0.94725	3.12656e-02
0.94708	3.09776e-02
0.94689	3.06826e-02
0.94668	3.03818e-02
0.94646	3.00758e-02
0.94622	2.97654e-02
0.94597	2.94511e-02
0.94570	2.91335e-02
0.94542	2.88131e-02
0.94513	2.84904e-02
0.94483	2.81657e-02
0.94453	2.78395e-02
0.94421	2.75120e-02
0.94388	2.71838e-02
0.94354	2.68551e-02
0.94379	2.69854e-02
0.94408	2.71278e-02
0.94423	2.71942e-02
0.94427	2.71952e-02
0.94423	2.71438e-02
0.94413	2.70527e-02
0.94398	2.69328e-02
0.94379	2.67927e-02
0.94359	2.66386e-02
0.94337	2.64755e-02
0.94313	2.63066e-02
0.94289	2.61344e-02
0.94264	2.59608e-02
0.94239	2.57868e-02
0.94214	2.56135e-02
0.94189	2.54416e-02
0.94164	2.52715e-02
0.94140	2.51036e-02
0.94116	2.49383e-02
0.94092	2.47758e-02
0.94069	2.46162e-02
0.94047	2.44598e-02
0.94025	2.43068e-02
0.94005	2.41572e-02
0.93985	2.40113e-02
0.93966	2.38692e-02
0.93948	2.37310e-02
0.93931	2.35970e-02
0.93915	2.34675e-02
0.93946	2.25775e-02
0.93979	2.17152e-02
0.94006	2.09779e-02
0.94025	2.04117e-02
0.94036	2.00111e-02
0.94040	1.97447e-02
0.94038	1.95771e-02
0.94034	1.94788e-02
0.94029	1.94280e-02
0.94023	1.94102e-02
0.94017	1.94159e-02
0.94012	1.94392e-02
0.94008	1.94764e-02
0.94005	1.95256e-02
0.94027	1.99598e-02
0.94041	2.02674e-02
0.94078	2.03763e-02
0.94120	2.04206e-02
0.94195	2.00598e-02
0.94279	1.96136e-02
0.94369	1.91173e-02
0.94459	1.86170e-02
0.94544	1.81625e-02
0.94619	1.77940e-02
0.94684	1.75315e-02
0.94739	1.73748e-02
0.94785	1.73109e-02
0.94824	1.73249e-02
0.94859	1.74054e-02
0.94891	1.75469e-02
0.94923	1.77516e-02
0.94957	1.80312e-02
0.94995	1.84080e-02
0.95041	1.89127e-02
0.95097	1.95756e-02
0.95164	2.04046e-02
0.95239	2.13594e-02
0.95316	2.23468e-02
0.95388	2.32586e-02
0.95449	2.40225e-02
0.95500	2.46217e-02
0.95541	2.50784e-02
0.95575	2.54283e-02
0.95605	2.57051e-02
0.95631	2.59344e-02
0.95655	2.61335e-02
0.95677	2.63136e-02
0.95699	2.64811e-02
0.95720	2.66397e-02
0.95740	2.67914e-02
0.95767	2.68721e-02
0.95792	2.69665e-02
0.95814	2.70674e-02
0.95835	2.71701e-02
0.94958	2.29639e-02
0.94981	2.32035e-02
0.95006	2.34086e-02
0.95028	2.36018e-02
0.95049	2.37823e-02
0.95069	2.39495e-02
0.95087	2.41026e-02
0.95103	2.42411e-02
0.95124	2.43202e-02
0.95142	2.43957e-02
0.95192	2.45672e-02
0.95230	2.46990e-02
0.95260	2.47910e-02
0.95283	2.48433e-02
0.95302	2.48530e-02
0.95320	2.48111e-02
0.95339	2.47002e-02
0.95362	2.44933e-02
0.95403	2.43064e-02
0.95450	2.38624e-02
0.95506	2.32142e-02
0.95582	2.23310e-02
0.95653	2.14840e-02
0.95711	2.07491e-02
0.95754	2.01508e-02
0.95781	1.96709e-02
0.95796	1.92762e-02
0.95801	1.89366e-02
0.95799	1.86303e-02
0.95793	1.83425e-02
0.95785	1.80643e-02
0.95775	1.77900e-02
0.95763	1.75163e-02
0.95751	1.72415e-02
0.95739	1.69644e-02
0.95726	1.66847e-02
0.95712	1.64022e-02
0.95699	1.61170e-02
0.95686	1.58293e-02
0.95673	1.55395e-02
0.95660	1.52479e-02
0.95647	1.49548e-02
0.95634	1.46607e-02
0.95621	1.43660e-02
0.95609	1.40711e-02
0.95597	1.37764e-02
0.95585	1.34823e-02
0.95573	1.31893e-02
0.95562	1.28977e-02
0.95551	1.26080e-02
0.95541	1.23205e-02
0.95531	1.20357e-02
0.95522	1.17540e-02
0.95513	1.14757e-02
0.95505	1.12012e-02
0.95497	1.09310e-02
0.95490	1.06653e-02
0.95483	1.04046e-02
0.95477	1.01494e-02
0.95472	9.89985e-03
0.95475	9.67675e-03
0.95479	9.46740e-03
0.95485	9.27645e-03
0.95495	9.11116e-03
0.95509	8.98306e-03
0.95529	8.90711e-03
0.95556	8.91055e-03
0.95591	9.02042e-03
0.95633	9.25727e-03
0.95680	9.61962e-03
0.95729	1.00744e-02
0.95776	1.05650e-02
0.95818	1.10337e-02
0.95853	1.14407e-02
0.95881	1.17695e-02
0.95902	1.20213e-02
0.95919	1.22069e-02
0.95931	1.23400e-02
0.95941	1.24334e-02
0.95948	1.24980e-02
0.95954	1.25420e-02
0.95959	1.25717e-02
0.95962	1.25917e-02
0.95966	1.26052e-02
0.95968	1.26149e-02
0.95970	1.26224e-02
0.95972	1.26291e-02
0.95974	1.26362e-02
0.95975	1.26445e-02
0.95982	1.26662e-02
0.95986	1.26872e-02
0.95989	1.27094e-02
0.95991	1.27338e-02
0.95992	1.27632e-02
0.95993	1.27976e-02
0.95993	1.28388e-02
0.95993	1.28879e-02
0.95993	1.29455e-02
0.95992	1.30118e-02
0.95991	1.30871e-02
0.95990	1.31712e-02
0.95988	1.32641e-02
0.95987	1.33657e-02
0.95985	1.34757e-02
0.95982	1.35937e-02
0.95980	1.37197e-02
0.95977	1.38531e-02
0.95974	1.39936e-02
0.95970	1.41407e-02
0.95966	1.42941e-02
0.95961	1.44533e-02
0.95956	1.46177e-02
0.96010	1.55642e-02
0.96065	1.65565e-02
0.96115	1.75040e-02
0.96156	1.83332e-02
0.96185	1.90134e-02
0.96204	1.95512e-02
0.96215	1.99730e-02
0.96219	2.03089e-02
0.96218	2.05851e-02
0.96223	2.07825e-02
0.96222	2.09718e-02
0.96218	2.11539e-02
0.96210	2.13307e-02
0.96201	2.15034e-02
0.96190	2.16726e-02
0.96178	2.18389e-02
0.96165	2.20024e-02
0.96152	2.21629e-02
0.96138	2.23204e-02
0.95100	1.59444e-02
0.95102	1.63487e-02
0.95112	1.68357e-02
0.95132	1.74351e-02
0.95164	1.81696e-02
0.95207	1.90398e-02
0.95257	2.00090e-02
0.95309	2.10038e-02
0.95356	2.19384e-02
0.95393	2.27464e-02
0.95417	2.33973e-02
0.95429	2.38929e-02
0.95431	2.42536e-02
0.95425	2.45054e-02
0.95412	2.46725e-02
0.95396	2.47746e-02
0.95376	2.48266e-02
0.95354	2.48392e-02
0.95330	2.48200e-02
0.95304	2.47742e-02
0.95278	2.47056e-02
0.95251	2.46167e-02
0.95224	2.45097e-02
0.95196	2.43858e-02
0.95167	2.42463e-02
0.95139	2.40921e-02
0.95110	2.39239e-02
0.95081	2.37426e-02
0.95052	2.35487e-02
0.95022	2.33430e-02
0.94993	2.31261e-02
0.94979	2.27352e-02
0.94961	2.23811e-02
0.94940	2.20501e-02
0.94917	2.17337e-02
0.94893	2.14263e-02
0.94868	2.11243e-02
0.94843	2.08254e-02
0.94818	2.05284e-02
0.94793	2.02328e-02
0.94767	1.99383e-02
0.94742	1.96452e-02
0.94718	1.93541e-02
0.94693	1.90656e-02
0.94669	1.87807e-02
0.94646	1.85004e-02
0.94623	1.82257e-02
0.94601	1.79579e-02
0.94579	1.76982e-02
0.94558	1.74479e-02
0.94538	1.72084e-02
0.94519	1.69811e-02
0.94500	1.67672e-02
0.94482	1.65681e-02
0.94465	1.63853e-02
0.94448	1.62199e-02
0.94433	1.60731e-02
0.94418	1.59460e-02
0.94404	1.58397e-02
0.94391	1.57550e-02
0.94379	1.56926e-02
0.94368	1.56531e-02
0.94357	1.56368e-02
0.94348	1.56439e-02
0.94339	1.56745e-02
0.94331	1.57284e-02
0.94324	1.58051e-02
0.94318	1.59042e-02
0.94312	1.60250e-02
0.94308	1.61666e-02
0.94304	1.63281e-02
0.94301	1.65085e-02
0.94299	1.67066e-02
0.94297	1.69211e-02
0.94296	1.71510e-02
0.94296	1.73948e-02
0.94296	1.76514e-02
0.94297	1.79194e-02
0.94298	1.81976e-02
0.94379	1.93738e-02
0.94451	2.04612e-02
0.94511	2.14077e-02
0.94558	2.22029e-02
0.94594	2.28654e-02
0.94621	2.34248e-02
0.94641	2.39097e-02
0.94658	2.43431e-02
0.94671	2.47421e-02
0.94683	2.51183e-02
0.94693	2.54793e-02
0.94717	2.56419e-02
0.94747	2.57124e-02
0.94786	2.56585e-02
0.94836	2.54511e-02
0.94899	2.50793e-02
0.94973	2.45687e-02
0.95053	2.39874e-02
0.95131	2.34263e-02
0.95201	2.29632e-02
0.95261	2.26392e-02
0.95308	2.24583e-02
0.95345	2.24018e-02
0.95373	2.24429e-02
0.95395	2.25557e-02
0.95412	2.27190e-02
0.95425	2.29167e-02
0.95448	2.31213e-02
0.95465	2.33436e-02
0.95478	2.35767e-02
0.95489	2.38158e-02
0.95497	2.40576e-02
0.95503	2.42998e-02
0.95507	2.45408e-02
0.95510	2.47794e-02
0.95512	2.50147e-02
0.95512	2.52459e-02
0.95511	2.54725e-02
0.95510	2.56940e-02
0.95507	2.59099e-02
0.95504	2.61200e-02
0.95499	2.63239e-02
0.95494	2.65213e-02
0.95488	2.67120e-02
0.95481	2.68956e-02
0.95473	2.70720e-02
0.95464	2.72409e-02
0.95455	2.74021e-02
0.95497	2.70238e-02
0.95523	2.68082e-02
0.95537	2.67064e-02
0.95543	2.66795e-02
0.95542	2.66998e-02
0.95537	2.67483e-02
0.95528	2.68128e-02
0.95517	2.68853e-02
0.95505	2.69604e-02
0.95490	2.70345e-02
0.95475	2.71052e-02
0.95459	2.71708e-02
0.95441	2.72300e-02
0.95423	2.72819e-02
0.95407	2.73623e-02
0.95392	2.74459e-02
0.95376	2.75324e-02
0.95361	2.76211e-02
0.95347	2.77116e-02
0.95332	2.78033e-02
0.95319	2.78958e-02
0.95305	2.79886e-02
0.95293	2.80814e-02
0.95281	2.81737e-02
0.95269	2.82653e-02
0.93256	1.87828e-03
0.93240	2.22002e-03
0.93226	2.55692e-03
0.93212	2.88852e-03
0.93199	3.21435e-03
0.93188	3.53397e-03
0.93177	3.84692e-03
0.93167	4.15278e-03
0.93159	4.45112e-03
0.93152	4.74153e-03
0.93145	5.02361e-03
0.93140	5.29698e-03
0.93137	5.56125e-03
0.93134	5.81608e-03
0.93133	6.06113e-03
0.93132	6.29608e-03
0.93133	6.52061e-03
0.93136	6.73446e-03
0.93139	6.93734e-03
0.93144	7.12902e-03
0.93150	7.30926e-03
0.93158	7.47788e-03
0.93166	7.63468e-03
0.93176	7.77951e-03
0.93187	7.91224e-03
0.93200	8.03275e-03
0.93214	8.14097e-03
0.93229	8.23682e-03
0.93245	8.32029e-03
0.93262	8.39135e-03
0.93312	8.13732e-03
0.93355	7.95306e-03
0.93394	7.81667e-03
0.93428	7.71216e-03
0.93461	7.62772e-03
0.93493	7.55480e-03
0.93524	7.48730e-03
0.93555	7.42091e-03
0.93585	7.35263e-03
0.93617	7.28037e-03
0.93648	7.20273e-03
0.93680	7.11877e-03
0.93713	7.02790e-03
0.93746	6.92979e-03
0.93780	6.82430e-03
0.93814	6.71144e-03
0.93849	6.59130e-03
0.93884	6.46411e-03
0.93920	6.33012e-03
0.93957	6.18966e-03
0.93994	6.04310e-03
0.94031	5.89085e-03
0.94068	5.73334e-03
0.94106	5.57105e-03
0.94144	5.40445e-03
0.94182	5.23405e-03
0.94221	5.06037e-03
0.94259	4.88394e-03
0.94297	4.70529e-03
0.94336	4.52496e-03
0.94374	4.34351e-03
0.94412	4.16147e-03
0.94450	3.97939e-03
0.94488	3.79781e-03
0.94525	3.61727e-03
0.94562	3.43830e-03
0.94599	3.26142e-03
0.94635	3.08714e-03
0.94670	2.91595e-03
0.94705	2.74833e-03
0.94740	2.58476e-03
0.94774	2.42569e-03
0.94807	2.27153e-03
0.94839	2.12272e-03
0.94871	1.97964e-03
0.94951	2.34180e-03
0.95020	2.60114e-03
0.95080	2.78055e-03
0.95132	2.89893e-03
0.95177	2.97211e-03
0.95218	3.01268e-03
0.95254	3.03038e-03
0.95288	3.03263e-03
0.95318	3.02503e-03
0.95346	3.01180e-03
0.95372	2.99615e-03
0.95396	2.98051e-03
0.95419	2.96674e-03
0.95440	2.95624e-03
0.95459	2.95009e-03
0.95477	2.94912e-03
0.95494	2.95395e-03
0.95510	2.96505e-03
0.95524	2.98273e-03
0.95537	3.00724e-03
0.95549	3.03872e-03
0.95560	3.07724e-03
0.95570	3.12282e-03
0.95579	3.17542e-03
0.95588	3.23495e-03
0.95595	3.30131e-03
0.95601	3.37433e-03
0.95607	3.45383e-03
0.95611	3.53962e-03
0.95675	3.03536e-03
0.95750	2.40672e-03
0.95840	1.64125e-03
0.95941	7.57453e-04
0.96048	1.90988e-04
0.96154	1.12696e-03
0.96250	1.97532e-03
0.96333	2.68565e-03
0.96400	3.23938e-03
0.96452	3.64296e-03
0.96491	3.91618e-03
0.96519	4.08267e-03
0.96538	4.16448e-03
0.96551	4.17993e-03
0.96558	4.14336e-03
0.96561	4.06559e-03
0.96560	3.95467e-03
0.96557	3.81657e-03
0.96551	3.65573e-03
0.96543	3.47551e-03
0.96533	3.27849e-03
0.96521	3.06670e-03
0.96508	2.84180e-03
0.96494	2.60516e-03
0.96478	2.35799e-03
0.96461	2.10133e-03
0.96443	1.83614e-03
0.96424	1.56333e-03
0.96405	1.28375e-03
0.96384	9.98199e-04
0.96363	7.07482e-04
0.96340	4.12369e-04
0.96318	1.13623e-04
0.96294	1.88004e-04
0.96271	4.91766e-04
0.96246	7.96927e-04
0.96222	1.10275e-03
0.96197	1.40852e-03
0.96172	1.71350e-03
0.96147	2.01700e-03
0.96122	2.31830e-03
0.96096	2.61670e-03
0.96071	2.91153e-03
0.96046	3.20211e-03
0.96021	3.48778e-03
0.95996	3.76789e-03
0.95971	4.04180e-03
0.95947	4.30890e-03
0.95923	4.56860e-03
0.95899	4.82030e-03
0.95879	5.09100e-03
0.95859	5.34406e-03
0.95838	5.58192e-03
0.95818	5.80582e-03
0.95798	6.01643e-03
0.95778	6.21410e-03
0.95759	6.39895e-03
0.95741	6.57098e-03
0.95724	6.73011e-03
0.95707	6.87618e-03
0.95691	7.00904e-03
0.95681	7.17520e-03
0.95670	7.31305e-03
0.95659	7.42754e-03
0.95648	7.52160e-03
0.95637	7.59712e-03
0.95628	7.65536e-03
0.95619	7.69717e-03
0.95611	7.72315e-03
0.95603	7.73374e-03
0.95597	7.72927e-03
0.95591	7.71001e-03
0.95587	7.67619e-03
0.95583	7.62805e-03
0.95580	7.56580e-03
0.95579	7.48966e-03
0.95578	7.39989e-03
0.95637	6.70487e-03
0.95678	6.17950e-03
0.95708	5.76708e-03
0.95731	5.42675e-03
0.95748	5.13096e-03
0.95763	4.86187e-03
0.95775	4.60800e-03
0.95786	4.36196e-03
0.95797	4.11894e-03
0.95807	3.87576e-03
0.95817	3.63037e-03
0.95827	3.38140e-03
0.95838	3.12801e-03
0.95848	2.86971e-03
0.95859	2.60627e-03
0.95869	2.33763e-03
0.95880	2.06389e-03
0.95891	1.78527e-03
0.95903	1.50203e-03
0.95914	1.21453e-03
0.95926	9.23157e-04
0.95938	6.28351e-04
0.95949	3.30567e-04
0.95961	3.02870e-05
0.95973	2.71995e-04
0.95985	5.75772e-04
0.95997	8.80531e-04
0.96008	1.18576e-03
0.96020	1.49093e-03
0.96031	1.79555e-03
0.96042	2.09909e-03
0.96053	2.40105e-03
0.96064	2.70094e-03
0.96074	2.99827e-03
0.96084	3.29258e-03
0.96094	3.58338e-03
0.96103	3.87025e-03
0.96112	4.15274e-03
0.96121	4.43043e-03
0.96129	4.70293e-03
0.96137	4.96985e-03
0.96144	5.23083e-03
0.96150	5.48552e-03
0.96156	5.73360e-03
0.96162	5.97476e-03
0.96167	6.20872e-03
0.96172	6.43521e-03
0.96175	6.65400e-03
0.96179	6.86486e-03
0.96182	7.06761e-03
0.96184	7.26206e-03
0.96186	7.44807e-03
0.96187	7.62552e-03
0.96188	7.79429e-03
0.96188	7.95431e-03
0.96188	8.10552e-03
0.96187	8.24789e-03
0.96186	8.38140e-03
0.96185	8.50607e-03
0.96183	8.62193e-03
0.96180	8.72903e-03
0.96177	8.82746e-03
0.96174	8.91730e-03
0.96170	8.99867e-03
0.96167	9.07172e-03
0.96162	9.13660e-03
0.96158	9.19349e-03
0.96153	9.24258e-03
0.96149	9.28408e-03
0.96144	9.31823e-03
0.96257	1.05301e-02
0.96367	1.16975e-02
0.96457	1.26622e-02
0.96520	1.33490e-02
0.96556	1.37681e-02
0.96572	1.39729e-02
0.96573	1.40236e-02
0.96565	1.39708e-02
0.96550	1.38514e-02
0.96532	1.36901e-02
0.96512	1.35032e-02
0.96491	1.33009e-02
0.96559	1.22010e-02
0.96607	1.12944e-02
0.96639	1.05515e-02
0.96658	9.93641e-03
0.96669	9.41605e-03
0.96674	8.96396e-03
0.96676	8.56064e-03
0.96674	8.19235e-03
0.96672	7.84965e-03
0.96669	7.52618e-03
0.96666	7.21771e-03
0.96664	6.92147e-03
0.96661	6.63568e-03
0.96660	6.35923e-03
0.96659	6.09149e-03
0.96660	5.83211e-03
0.96661	5.58095e-03
0.96664	5.33803e-03
0.96668	5.10344e-03
0.96673	4.87736e-03
0.96679	4.65998e-03
0.96687	4.45151e-03
0.96696	4.25220e-03
0.96706	4.06228e-03
0.96717	3.88196e-03
0.96730	3.71146e-03
0.96745	3.55098e-03
0.96760	3.40071e-03
0.96777	3.26081e-03
0.96795	3.13141e-03
0.96815	3.01264e-03
0.96880	3.34874e-03
0.96931	3.53534e-03
0.96971	3.62388e-03
0.97006	3.65061e-03
0.97037	3.64075e-03
0.97067	3.61132e-03
0.97095	3.57344e-03
0.97124	3.53429e-03
0.97153	3.49838e-03
0.97182	3.46852e-03
0.97212	3.44642e-03
0.97243	3.43307e-03
0.97275	3.42897e-03
0.97307	3.43438e-03
0.97340	3.44931e-03
0.97374	3.47366e-03
0.97408	3.50726e-03
0.97443	3.54986e-03
0.97479	3.60116e-03
0.97515	3.66084e-03
0.97551	3.72857e-03
0.97588	3.80398e-03
0.97625	3.88668e-03
0.97662	3.97630e-03
0.97699	4.07242e-03
0.97736	4.17463e-03
0.97773	4.28253e-03
0.97810	4.39568e-03
0.97847	4.51367e-03
0.97884	4.63605e-03
0.97920	4.76239e-03
0.97956	4.89226e-03
0.97991	5.02522e-03
0.98026	5.16084e-03
0.98060	5.29869e-03
0.98093	5.43833e-03
0.98126	5.57935e-03
0.98157	5.72132e-03
0.98188	5.86384e-03
0.98218	6.00649e-03
0.98247	6.14888e-03
0.98274	6.29062e-03
0.98301	6.43134e-03
0.98326	6.57067e-03
0.98350	6.70825e-03
0.98373	6.84376e-03
0.98394	6.97685e-03
0.98413	7.10723e-03
0.98432	7.23459e-03
0.98448	7.35865e-03
0.98463	7.47916e-03
0.98477	7.59586e-03
0.98489	7.70852e-03
0.98499	7.81695e-03
0.98507	7.92094e-03
0.98528	7.88194e-03
0.98541	7.89334e-03
0.98549	7.93211e-03
0.98553	7.98535e-03
0.98555	8.04547e-03
0.98554	8.10796e-03
0.98550	8.17002e-03
0.98545	8.22992e-03
0.98537	8.28656e-03
0.98527	8.33925e-03
0.98516	8.38755e-03
0.98502	8.43120e-03
0.98493	8.53043e-03
0.98483	8.63523e-03
0.98472	8.74599e-03
0.98461	8.86274e-03
0.98449	8.98547e-03
0.98436	9.11415e-03
0.98423	9.24874e-03
0.98409	9.38919e-03
0.98395	9.53545e-03
0.98379	9.68743e-03
0.98364	9.84506e-03
0.97347	0.00000e+00
0.97313	0.00000e+00
0.97278	0.00000e+00
0.97242	0.00000e+00
0.97206	0.00000e+00
0.97168	0.00000e+00
0.97129	0.00000e+00
0.97089	0.00000e+00
0.97049	0.00000e+00
0.97007	0.00000e+00
0.96965	0.00000e+00
0.96921	0.00000e+00
0.96877	0.00000e+00
0.96833	0.00000e+00
0.96787	0.00000e+00
0.96741	0.00000e+00
0.96695	0.00000e+00
0.96648	0.00000e+00
0.96600	0.00000e+00
0.96552	0.00000e+00
0.96503	0.00000e+00
0.96454	0.00000e+00
0.96404	0.00000e+00
0.96355	0.00000e+00
0.96305	0.00000e+00
0.96255	0.00000e+00
0.96204	0.00000e+00
0.96154	0.00000e+00
0.96104	0.00000e+00
0.96053	0.00000e+00
0.96003	0.00000e+00
0.95952	0.00000e+00
0.95902	0.00000e+00
0.95852	0.00000e+00
0.95803	0.00000e+00
0.95753	0.00000e+00
0.95704	0.00000e+00
0.95656	0.00000e+00
0.95608	0.00000e+00
0.95560	0.00000e+00
0.95513	0.00000e+00
0.95467	0.00000e+00
0.95422	0.00000e+00
0.95377	0.00000e+00
0.95333	0.00000e+00
0.95289	0.00000e+00
0.95247	0.00000e+00
0.95206	0.00000e+00
0.95165	0.00000e+00
0.95126	0.00000e+00
0.95088	0.00000e+00
0.95051	0.00000e+00
0.95015	0.00000e+00
0.94980	0.00000e+00
0.94947	0.00000e+00
0.94914	0.00000e+00
0.94884	0.00000e+00
0.94854	0.00000e+00
0.94827	0.00000e+00
0.94800	0.00000e+00
0.94775	0.00000e+00
0.94752	0.00000e+00
0.94730	0.00000e+00
0.94710	0.00000e+00
0.94692	0.00000e+00
0.94675	0.00000e+00
0.94660	0.00000e+00
0.94647	0.00000e+00
0.94635	0.00000e+00
0.94626	0.00000e+00
0.94618	0.00000e+00
0.94612	0.00000e+00
0.94607	0.00000e+00
0.94605	0.00000e+00
0.94604	0.00000e+00
0.94606	0.00000e+00
0.94609	0.00000e+00
0.94665	0.00000e+00
0.94762	0.00000e+00
0.94913	0.00000e+00
0.95122	0.00000e+00
0.95376	0.00000e+00
0.95645	0.00000e+00
0.95892	0.00000e+00
0.96093	0.00000e+00
0.96243	0.00000e+00
0.96346	0.00000e+00
0.96415	0.00000e+00
0.96459	0.00000e+00
0.96489	0.00000e+00
0.96509	0.00000e+00
0.96524	0.00000e+00
0.96536	0.00000e+00
0.96547	0.00000e+00
0.96557	0.00000e+00
0.96568	0.00000e+00
0.96580	0.00000e+00
0.96593	0.00000e+00
0.96606	0.00000e+00
0.96621	0.00000e+00
0.96637	0.00000e+00
0.96654	0.00000e+00
0.96672	0.00000e+00
0.96691	0.00000e+00
0.96711	0.00000e+00
0.96733	0.00000e+00
0.96755	0.00000e+00
0.96778	0.00000e+00
0.96802	0.00000e+00
0.96828	0.00000e+00
0.96854	0.00000e+00
0.96881	0.00000e+00
0.96909	0.00000e+00
0.96937	0.00000e+00
0.96967	0.00000e+00
0.96997	0.00000e+00
0.97028	0.00000e+00
0.97060	0.00000e+00
0.97093	0.00000e+00
0.97126	0.00000e+00
0.97160	0.00000e+00
0.97194	0.00000e+00
0.97229	0.00000e+00
0.97264	0.00000e+00
0.97300	0.00000e+00
0.97337	0.00000e+00
0.97373	0.00000e+00
0.97411	0.00000e+00
0.97448	0.00000e+00
0.97486	0.00000e+00
0.97524	0.00000e+00
0.97562	0.00000e+00
0.97601	0.00000e+00
0.97639	0.00000e+00
0.97678	0.00000e+00
0.97717	0.00000e+00
0.97756	0.00000e+00
0.97795	0.00000e+00
0.97833	0.00000e+00
0.97872	0.00000e+00
0.97910	0.00000e+00
0.97949	0.00000e+00
0.97987	0.00000e+00
0.98024	0.00000e+00
0.98062	0.00000e+00
0.98099	0.00000e+00
0.98136	0.00000e+00
0.98172	0.00000e+00
0.98208	0.00000e+00
0.98243	0.00000e+00
0.98278	0.00000e+00
0.98312	0.00000e+00
0.98345	0.00000e+00
0.98378	0.00000e+00
0.98410	0.00000e+00
0.98441	0.00000e+00
0.98472	0.00000e+00
0.98501	0.00000e+00
0.98530	0.00000e+00
0.98558	0.00000e+00
0.98585	0.00000e+00
0.98611	0.00000e+00
0.98636	0.00000e+00
0.98659	0.00000e+00
0.98682	0.00000e+00
0.98704	0.00000e+00
0.98725	0.00000e+00
0.98744	0.00000e+00
0.98762	0.00000e+00
0.98779	0.00000e+00
0.98795	0.00000e+00
0.98810	0.00000e+00
0.98823	0.00000e+00
0.98835	0.00000e+00
0.98846	0.00000e+00
0.98855	0.00000e+00
0.98863	0.00000e+00
0.98963	0.00000e+00
0.99039	0.00000e+00
0.99098	0.00000e+00
0.99145	0.00000e+00
0.99184	0.00000e+00
0.99216	0.00000e+00
0.99244	0.00000e+00
0.99269	0.00000e+00
0.99291	0.00000e+00
0.99311	0.00000e+00
0.99330	0.00000e+00
0.99347	0.00000e+00
0.99362	0.00000e+00
0.99376	0.00000e+00
0.99389	0.00000e+00
0.99400	0.00000e+00
0.99410	0.00000e+00
0.99420	0.00000e+00
0.99428	0.00000e+00
0.99434	0.00000e+00
0.99440	0.00000e+00
0.99444	0.00000e+00
0.99448	0.00000e+00
0.99450	0.00000e+00
0.99451	0.00000e+00
0.99450	0.00000e+00
0.99449	0.00000e+00
0.99446	0.00000e+00
0.99445	0.00000e+00
0.99444	0.00000e+00
0.99443	0.00000e+00
0.99443	0.00000e+00
0.99442	0.00000e+00
0.99442	0.00000e+00
0.99441	0.00000e+00
0.99441	0.00000e+00
0.99440	0.00000e+00
0.99440	0.00000e+00
0.99440	0.00000e+00
