0.98120	3.96879e-03
0.98107	3.96696e-03
0.98094	3.96938e-03
0.98079	3.97643e-03
0.98064	3.98848e-03
0.98049	4.00589e-03
0.98033	4.02902e-03
0.98016	4.05817e-03
0.97999	4.09362e-03
0.97981	4.13561e-03
0.97963	4.18432e-03
0.97942	4.24319e-03
0.97922	4.30810e-03
0.97900	4.37902e-03
0.97878	4.45588e-03
0.97856	4.53860e-03
0.97833	4.62701e-03
0.97809	4.72095e-03
0.97785	4.82019e-03
0.97761	4.92448e-03
0.97736	5.03354e-03
0.97711	5.14706e-03
0.97685	5.26470e-03
0.97659	5.38612e-03
0.97632	5.51093e-03
0.97606	5.63875e-03
0.97579	5.76919e-03
0.97551	5.90185e-03
0.97524	6.03632e-03
0.97496	6.17218e-03
0.97468	6.30904e-03
0.97440	6.44647e-03
0.97412	6.58408e-03
0.97384	6.72146e-03
0.97356	6.85823e-03
0.97327	6.99400e-03
0.97299	7.12839e-03
0.97271	7.26104e-03
0.97243	7.39160e-03
0.97215	7.51972e-03
0.97187	7.64508e-03
0.97160	7.76738e-03
0.97132	7.88630e-03
0.97105	8.00158e-03
0.97078	8.11295e-03
0.97052	8.22016e-03
0.97026	8.32299e-03
0.97000	8.42123e-03
0.96975	8.51470e-03
0.96950	8.60321e-03
0.96926	8.68663e-03
0.96902	8.76482e-03
0.96879	8.83768e-03
0.96856	8.90512e-03
0.96834	8.96708e-03
0.96812	9.02351e-03
0.96792	9.07439e-03
0.96771	9.11972e-03
0.96752	9.15952e-03
0.96733	9.19382e-03
0.96715	9.22270e-03
0.96697	9.24622e-03
0.96681	9.26450e-03
0.96665	9.27765e-03
0.96650	9.28581e-03
0.96635	9.28914e-03
0.96622	9.28780e-03
0.96609	9.28199e-03
0.96597	9.27192e-03
0.96586	9.25779e-03
0.96576	9.23984e-03
0.96566	9.21831e-03
0.96558	9.19344e-03
0.96548	9.18282e-03
0.96538	9.16834e-03
0.96530	9.15021e-03
0.96523	9.12867e-03
0.96516	9.10397e-03
0.96511	9.07638e-03
0.96506	9.04614e-03
0.96500	9.01043e-03
0.96495	8.97234e-03
0.96491	8.93211e-03
0.96487	8.88993e-03
0.96484	8.84600e-03
0.96482	8.80050e-03
0.96480	8.75359e-03
0.96479	8.70542e-03
0.96477	8.68036e-03
0.96476	8.65407e-03
0.96475	8.62633e-03
0.96474	8.59700e-03
0.96474	8.56602e-03
0.96475	8.53333e-03
0.96476	8.49889e-03
0.96477	8.46265e-03
0.96479	8.42455e-03
0.96481	8.38453e-03
0.96484	8.34251e-03
0.96485	8.32620e-03
0.96477	8.26319e-03
0.96468	8.20760e-03
0.96458	8.14596e-03
0.96448	8.07864e-03
0.96438	8.00605e-03
0.96428	7.92861e-03
0.96417	7.84674e-03
0.96407	7.76087e-03
0.96395	7.67144e-03
0.96384	7.57889e-03
0.96368	7.53565e-03
0.96350	7.51318e-03
0.96331	7.48579e-03
0.96311	7.45743e-03
0.96290	7.42818e-03
0.96269	7.39825e-03
0.96247	7.36791e-03
0.96224	7.33753e-03
0.96200	7.30751e-03
0.96176	7.27828e-03
0.96151	7.25031e-03
0.96125	7.22410e-03
0.96099	7.20014e-03
0.96071	7.17897e-03
0.96043	7.16111e-03
0.96014	7.14711e-03
0.95985	7.13749e-03
0.95955	7.13277e-03
0.95924	7.13348e-03
0.95890	7.15996e-03
0.95854	7.19139e-03
0.95817	7.21868e-03
0.95779	7.24908e-03
0.95740	7.28264e-03
0.95698	7.28086e-03
0.95655	7.27923e-03
0.95612	7.27801e-03
0.95568	7.27746e-03
0.95523	7.27781e-03
0.95477	7.27934e-03
0.95431	7.28233e-03
0.95384	7.28707e-03
0.95337	7.29390e-03
0.95289	7.30314e-03
0.95241	7.31515e-03
0.95193	7.33032e-03
0.95144	7.34903e-03
0.95095	7.37167e-03
0.95046	7.39867e-03
0.94996	7.43044e-03
0.94947	7.46738e-03
0.94898	7.50992e-03
0.94848	7.55846e-03
0.94799	7.61338e-03
0.94750	7.67505e-03
0.94701	7.74382e-03
0.94653	7.82001e-03
0.94605	7.90389e-03
0.94557	7.99571e-03
0.94510	8.09567e-03
0.94463	8.20393e-03
0.94417	8.32060e-03
0.94372	8.44575e-03
0.94327	8.57939e-03
0.94283	8.72149e-03
0.94240	8.87199e-03
0.94198	9.03075e-03
0.94156	9.19762e-03
0.94116	9.37238e-03
0.94077	9.55481e-03
0.94039	9.74462e-03
0.94002	9.94152e-03
0.93966	1.01452e-02
0.93931	1.03552e-02
0.93897	1.05712e-02
0.93865	1.07929e-02
0.93833	1.10207e-02
0.93801	1.12387e-02
0.93770	1.14609e-02
0.93741	1.16868e-02
0.93712	1.19131e-02
0.93684	1.21418e-02
0.93658	1.23725e-02
0.93633	1.26046e-02
0.93610	1.28375e-02
0.93588	1.30710e-02
0.93568	1.33044e-02
0.93547	1.35339e-02
0.93527	1.37623e-02
0.93506	1.39649e-02
0.93486	1.41663e-02
0.93468	1.43664e-02
0.93451	1.45648e-02
0.93436	1.47613e-02
0.93422	1.49557e-02
0.93409	1.51478e-02
0.93396	1.53234e-02
0.93385	1.54969e-02
0.93375	1.56681e-02
0.93364	1.58168e-02
0.93353	1.59612e-02
0.93344	1.61012e-02
0.93335	1.62368e-02
0.93328	1.63679e-02
0.93321	1.64944e-02
0.93316	1.66164e-02
0.93311	1.67337e-02
0.93305	1.68225e-02
0.93299	1.69064e-02
0.93293	1.69854e-02
0.93288	1.70788e-02
0.93283	1.71703e-02
0.93276	1.72744e-02
0.93270	1.73764e-02
0.93265	1.74764e-02
0.93260	1.75746e-02
0.93255	1.76709e-02
0.93250	1.77656e-02
0.93245	1.78589e-02
0.93241	1.79510e-02
0.93237	1.80421e-02
0.93233	1.81322e-02
0.93229	1.82218e-02
0.93225	1.83108e-02
0.93221	1.83996e-02
0.93217	1.84882e-02
0.93213	1.85769e-02
0.93209	1.86658e-02
0.93205	1.87550e-02
0.93199	1.88447e-02
0.93193	1.89350e-02
0.93187	1.90263e-02
0.93180	1.91183e-02
0.93174	1.92114e-02
0.93165	1.93170e-02
0.93157	1.94226e-02
0.93148	1.95279e-02
0.93138	1.96171e-02
0.93127	1.97034e-02
0.93116	1.97870e-02
0.93104	1.98677e-02
0.93092	1.99455e-02
0.93079	2.00202e-02
0.93066	2.00919e-02
0.93052	2.01647e-02
0.93036	2.02344e-02
0.93021	2.03009e-02
0.93004	2.03641e-02
0.92987	2.04239e-02
0.92970	2.04803e-02
0.92952	2.05331e-02
0.92934	2.05824e-02
0.92915	2.06281e-02
0.92896	2.06700e-02
0.92876	2.07082e-02
0.92855	2.07425e-02
0.92835	2.07729e-02
0.92814	2.07992e-02
0.92792	2.08215e-02
0.92770	2.08397e-02
0.92748	2.08536e-02
0.92725	2.08633e-02
0.92700	2.09030e-02
0.92675	2.09379e-02
0.92650	2.09676e-02
0.92624	2.09922e-02
0.92599	2.10115e-02
0.92573	2.10256e-02
0.92547	2.10345e-02
0.92521	2.10382e-02
0.92495	2.10368e-02
0.92469	2.10303e-02
0.92443	2.10188e-02
0.92416	2.10169e-02
0.92387	2.09595e-02
0.92357	2.09002e-02
0.92326	2.08327e-02
0.92296	2.07570e-02
0.92266	2.06732e-02
0.92236	2.05817e-02
0.92205	2.04826e-02
0.92175	2.03762e-02
0.92145	2.02627e-02
0.92115	2.01424e-02
0.92083	2.00635e-02
0.92050	1.99800e-02
0.92017	1.98900e-02
0.91984	1.97935e-02
0.91951	1.96905e-02
0.91918	1.95831e-02
0.91885	1.94699e-02
0.91853	1.93511e-02
0.91821	1.92271e-02
0.91790	1.90985e-02
0.91759	1.89657e-02
0.91729	1.88293e-02
0.91699	1.86899e-02
0.91670	1.85481e-02
0.91642	1.84045e-02
0.91614	1.82598e-02
0.91587	1.81146e-02
0.91560	1.79696e-02
0.91534	1.78256e-02
0.91509	1.76832e-02
0.91484	1.75433e-02
0.91461	1.74065e-02
0.91438	1.72735e-02
0.91415	1.71363e-02
0.91392	1.70046e-02
0.91370	1.68791e-02
0.91350	1.67605e-02
0.91330	1.66494e-02
0.91309	1.65600e-02
0.91289	1.64814e-02
0.91270	1.64137e-02
0.91251	1.63571e-02
0.91233	1.63116e-02
0.91216	1.62775e-02
0.91199	1.62547e-02
0.91183	1.62432e-02
0.91167	1.62428e-02
0.91152	1.62535e-02
0.91138	1.62748e-02
0.91124	1.63065e-02
0.91111	1.63481e-02
0.91099	1.63992e-02
0.91087	1.64591e-02
0.91075	1.65273e-02
0.91065	1.66031e-02
0.91053	1.66942e-02
0.91041	1.67918e-02
0.91031	1.68947e-02
0.91020	1.70022e-02
0.91011	1.71134e-02
0.91001	1.72356e-02
0.90991	1.73603e-02
0.90982	1.74867e-02
0.90972	1.76131e-02
0.90962	1.77386e-02
0.90951	1.78657e-02
0.90941	1.79901e-02
0.90931	1.81111e-02
0.90921	1.82281e-02
0.90912	1.83404e-02
0.90903	1.84477e-02
0.90895	1.85494e-02
0.90886	1.86452e-02
0.90878	1.87346e-02
0.90871	1.88174e-02
0.90860	1.89064e-02
0.90850	1.89882e-02
0.90841	1.90625e-02
0.90831	1.91292e-02
0.90820	1.91915e-02
0.90809	1.92461e-02
0.90798	1.92930e-02
0.90788	1.93323e-02
0.90776	1.93525e-02
0.90765	1.93669e-02
0.90754	1.93757e-02
0.90743	1.93791e-02
0.90733	1.93774e-02
0.90722	1.93709e-02
0.90711	1.93577e-02
0.90701	1.93406e-02
0.90688	1.93283e-02
0.90676	1.93131e-02
0.90663	1.92956e-02
0.90651	1.92764e-02
0.90637	1.92463e-02
0.90623	1.92153e-02
0.90609	1.91842e-02
0.90595	1.91539e-02
0.90581	1.91251e-02
0.90567	1.90988e-02
0.90552	1.90668e-02
0.90537	1.90399e-02
0.90521	1.90189e-02
0.90506	1.90044e-02
0.90491	1.89969e-02
0.90475	1.89970e-02
0.90460	1.90054e-02
0.90444	1.90225e-02
0.90429	1.90488e-02
0.90411	1.91162e-02
0.90394	1.91940e-02
0.90376	1.92826e-02
0.90359	1.93817e-02
0.90341	1.94916e-02
0.90323	1.96120e-02
0.90306	1.97429e-02
0.90288	1.98839e-02
0.90270	2.00349e-02
0.90252	2.01954e-02
0.90234	2.03650e-02
0.90216	2.05433e-02
0.90198	2.07297e-02
0.90180	2.09235e-02
0.90162	2.11242e-02
0.90145	2.13310e-02
0.90127	2.15434e-02
0.90110	2.17605e-02
0.90092	2.19816e-02
0.90075	2.22059e-02
0.90058	2.24328e-02
0.90041	2.26615e-02
0.90024	2.28899e-02
0.90007	2.31187e-02
0.89991	2.33473e-02
0.89975	2.35749e-02
0.89955	2.38480e-02
0.89935	2.41181e-02
0.89915	2.43838e-02
0.89896	2.46444e-02
0.89877	2.48993e-02
0.89859	2.51477e-02
0.89841	2.53892e-02
0.89823	2.56234e-02
0.89806	2.58500e-02
0.89790	2.60687e-02
0.89774	2.62791e-02
0.89758	2.64812e-02
0.89743	2.66748e-02
0.89728	2.68598e-02
0.89714	2.70361e-02
0.89701	2.72040e-02
0.89688	2.73633e-02
0.89675	2.75142e-02
0.89663	2.76570e-02
0.89651	2.77918e-02
0.89640	2.79189e-02
0.89627	2.80579e-02
0.89615	2.81908e-02
0.89603	2.83177e-02
0.89590	2.84201e-02
0.89576	2.85159e-02
0.89564	2.86058e-02
0.89550	2.86757e-02
0.89537	2.87418e-02
0.89524	2.88051e-02
0.89511	2.88662e-02
0.89498	2.89262e-02
0.89486	2.89858e-02
0.89473	2.90458e-02
0.89461	2.91072e-02
0.89449	2.91708e-02
0.89435	2.92702e-02
0.89421	2.93738e-02
0.89407	2.94820e-02
0.89393	2.95956e-02
0.89380	2.97149e-02
0.89366	2.98408e-02
0.89352	2.99736e-02
0.89338	3.01151e-02
0.89323	3.02646e-02
0.89309	3.04224e-02
0.89294	3.05890e-02
0.89278	3.07454e-02
0.89262	3.09086e-02
0.89246	3.10787e-02
0.89229	3.12556e-02
0.89212	3.14394e-02
0.89195	3.16300e-02
0.89178	3.18273e-02
0.89160	3.20310e-02
0.89141	3.22508e-02
0.89122	3.24766e-02
0.89103	3.27078e-02
0.89083	3.29440e-02
0.89060	3.31969e-02
0.89037	3.34527e-02
0.89013	3.37104e-02
0.88988	3.39692e-02
0.88964	3.42282e-02
0.88938	3.44864e-02
0.88909	3.47108e-02
0.88879	3.49310e-02
0.88849	3.51464e-02
0.88818	3.53563e-02
0.88787	3.55600e-02
0.88755	3.57569e-02
0.88722	3.59462e-02
0.88689	3.61274e-02
0.88656	3.62997e-02
0.88622	3.64625e-02
0.88587	3.66153e-02
0.88553	3.67575e-02
0.88517	3.68885e-02
0.88482	3.70080e-02
0.88445	3.71155e-02
0.88409	3.72106e-02
0.88372	3.72931e-02
0.88335	3.73626e-02
0.88298	3.74189e-02
0.88261	3.74619e-02
0.88223	3.74915e-02
0.88185	3.75077e-02
0.88147	3.75104e-02
0.88109	3.74998e-02
0.88071	3.74760e-02
0.88033	3.74392e-02
0.87995	3.73895e-02
0.87957	3.73274e-02
0.87919	3.72532e-02
0.87881	3.71673e-02
0.87843	3.70701e-02
0.87805	3.69544e-02
0.87768	3.68277e-02
0.87730	3.66908e-02
0.87693	3.65443e-02
0.87657	3.63889e-02
0.87620	3.62254e-02
0.87585	3.60546e-02
0.87549	3.58773e-02
0.87515	3.56942e-02
0.87481	3.55062e-02
0.87447	3.53142e-02
0.87414	3.51190e-02
0.87382	3.49214e-02
0.87351	3.47224e-02
0.87320	3.45160e-02
0.87289	3.43100e-02
0.87260	3.41052e-02
0.87232	3.39024e-02
0.87204	3.37023e-02
0.87178	3.35057e-02
0.87153	3.33134e-02
0.87129	3.31259e-02
0.87106	3.29440e-02
0.87084	3.27681e-02
0.87064	3.25989e-02
0.87044	3.24464e-02
0.87025	3.23024e-02
0.87007	3.21670e-02
0.86987	3.20267e-02
0.86968	3.18912e-02
0.86950	3.17605e-02
0.86933	3.16349e-02
0.86918	3.15143e-02
0.86903	3.13987e-02
0.86889	3.12881e-02
0.86877	3.11824e-02
0.86865	3.10815e-02
0.86855	3.09854e-02
0.86846	3.08939e-02
0.86838	3.08070e-02
0.86830	3.07568e-02
0.86823	3.07125e-02
0.86817	3.06734e-02
0.86813	3.06391e-02
0.86810	3.06092e-02
0.86808	3.05836e-02
0.86807	3.05624e-02
0.86805	3.05466e-02
0.86805	3.05361e-02
0.86805	3.05310e-02
0.86807	3.05317e-02
0.86810	3.05388e-02
0.86814	3.05518e-02
0.86819	3.05711e-02
0.86826	3.05969e-02
0.86833	3.06295e-02
0.86842	3.06695e-02
0.86852	3.07170e-02
0.86863	3.07725e-02
0.86873	3.08397e-02
0.86885	3.09147e-02
0.86898	3.09979e-02
0.86911	3.10897e-02
0.86926	3.11905e-02
0.86941	3.13008e-02
0.86957	3.14209e-02
0.86975	3.15512e-02
0.86992	3.16919e-02
0.87011	3.18433e-02
0.87028	3.20146e-02
0.87046	3.21976e-02
0.87065	3.23923e-02
0.87083	3.25923e-02
0.87101	3.28035e-02
0.87119	3.30262e-02
0.87138	3.32601e-02
0.87157	3.35051e-02
0.87177	3.37607e-02
0.87196	3.40266e-02
0.87216	3.43025e-02
0.87230	3.46612e-02
0.87245	3.50348e-02
0.87259	3.54209e-02
0.87273	3.58175e-02
0.87286	3.62230e-02
0.87300	3.66357e-02
0.87313	3.70540e-02
0.87325	3.74766e-02
0.87337	3.79020e-02
0.87349	3.83289e-02
0.87360	3.87559e-02
0.87371	3.91819e-02
0.87381	3.96054e-02
0.87390	4.00312e-02
0.87397	4.04529e-02
0.87404	4.08694e-02
0.87410	4.12794e-02
0.87415	4.16819e-02
0.87420	4.20758e-02
0.87423	4.24600e-02
0.87423	4.28430e-02
0.87422	4.32140e-02
0.87420	4.35720e-02
0.87418	4.39161e-02
0.87414	4.42454e-02
0.87409	4.45590e-02
0.87404	4.48562e-02
0.87397	4.51363e-02
0.87389	4.53984e-02
0.87380	4.56420e-02
0.87370	4.58664e-02
0.87359	4.60711e-02
0.87346	4.62553e-02
0.87333	4.64188e-02
0.87318	4.65610e-02
0.87303	4.66816e-02
0.87286	4.67803e-02
0.87268	4.68566e-02
0.87249	4.69105e-02
0.87229	4.69418e-02
0.87207	4.69503e-02
0.87185	4.69360e-02
0.87161	4.68989e-02
0.87137	4.68390e-02
0.87111	4.67566e-02
0.87082	4.66666e-02
0.87052	4.65550e-02
0.87021	4.64220e-02
0.86987	4.62693e-02
0.86953	4.60959e-02
0.86917	4.59022e-02
0.86881	4.56887e-02
0.86844	4.54559e-02
0.86806	4.52046e-02
0.86768	4.49353e-02
0.86729	4.46490e-02
0.86689	4.43463e-02
0.86648	4.40283e-02
0.86607	4.36959e-02
0.86566	4.33500e-02
0.86523	4.29917e-02
0.86481	4.26223e-02
0.86438	4.22427e-02
0.86395	4.18543e-02
0.86351	4.14583e-02
0.86304	4.11018e-02
0.86257	4.07418e-02
0.86209	4.03788e-02
0.86161	4.00138e-02
0.86114	3.96480e-02
0.86066	3.92826e-02
0.86017	3.89043e-02
0.85969	3.85306e-02
0.85920	3.81626e-02
0.85871	3.77930e-02
0.85823	3.74316e-02
0.85775	3.70792e-02
0.85727	3.67371e-02
0.85680	3.64061e-02
0.85632	3.60836e-02
0.85585	3.57739e-02
0.85537	3.54980e-02
0.85490	3.52382e-02
0.85443	3.49945e-02
0.85396	3.47671e-02
0.85351	3.45560e-02
0.85306	3.43612e-02
0.85262	3.41824e-02
0.85218	3.40192e-02
0.85176	3.38714e-02
0.85134	3.37382e-02
0.85094	3.36190e-02
0.85053	3.35064e-02
0.85013	3.34069e-02
0.84974	3.33304e-02
0.84935	3.32651e-02
0.84898	3.32101e-02
0.84862	3.31641e-02
0.84827	3.31262e-02
0.84794	3.30951e-02
0.84761	3.30697e-02
0.84730	3.30491e-02
0.84700	3.30321e-02
0.84671	3.30178e-02
0.84644	3.30054e-02
0.84618	3.29940e-02
0.84593	3.29831e-02
0.84569	3.29719e-02
0.84546	3.29602e-02
0.84525	3.29474e-02
0.84505	3.29336e-02
0.84486	3.29185e-02
0.84468	3.29024e-02
0.84450	3.28966e-02
0.84433	3.28898e-02
0.84417	3.28824e-02
0.84401	3.28749e-02
0.84387	3.28679e-02
0.84374	3.28622e-02
0.84362	3.28587e-02
0.84348	3.28706e-02
0.84334	3.28914e-02
0.84321	3.29226e-02
0.84308	3.29654e-02
0.84296	3.30215e-02
0.84284	3.30923e-02
0.84272	3.31795e-02
0.84260	3.32845e-02
0.84249	3.34088e-02
0.84238	3.35539e-02
0.84226	3.37209e-02
0.84215	3.39111e-02
0.84204	3.41255e-02
0.84193	3.43648e-02
0.84182	3.46298e-02
0.84171	3.49207e-02
0.84160	3.52380e-02
0.84149	3.55814e-02
0.84138	3.59509e-02
0.84126	3.63459e-02
0.84114	3.67659e-02
0.84102	3.72099e-02
0.84090	3.76768e-02
0.84078	3.81655e-02
0.84065	3.86745e-02
0.84051	3.92061e-02
0.84037	3.97558e-02
0.84022	4.03217e-02
0.84005	4.08893e-02
0.83985	4.14816e-02
0.83964	4.20845e-02
0.83943	4.26959e-02
0.83922	4.33136e-02
0.83899	4.39355e-02
0.83877	4.45596e-02
0.83854	4.51838e-02
0.83830	4.58061e-02
0.83806	4.64244e-02
0.83782	4.70368e-02
0.83757	4.76414e-02
0.83732	4.82362e-02
0.83706	4.88195e-02
0.83678	4.93966e-02
0.83649	4.99593e-02
0.83620	5.05057e-02
0.83590	5.10341e-02
0.83559	5.15430e-02
0.83528	5.20308e-02
0.83497	5.24962e-02
0.83465	5.29379e-02
0.83433	5.33545e-02
0.83399	5.37253e-02
0.83364	5.40657e-02
0.83330	5.43746e-02
0.83293	5.46475e-02
0.83256	5.48871e-02
0.83219	5.50929e-02
0.83181	5.52641e-02
0.83143	5.54004e-02
0.83106	5.55011e-02
0.83066	5.55780e-02
0.83026	5.56187e-02
0.82987	5.56229e-02
0.82947	5.55905e-02
0.82908	5.55217e-02
0.82869	5.54165e-02
0.82830	5.52752e-02
0.82791	5.50983e-02
0.82753	5.48860e-02
0.82715	5.46390e-02
0.82678	5.43579e-02
0.82641	5.40433e-02
0.82605	5.36923e-02
0.82569	5.33094e-02
0.82534	5.28956e-02
0.82499	5.24520e-02
0.82464	5.19704e-02
0.82430	5.14601e-02
0.82397	5.09222e-02
0.82364	5.03580e-02
0.82333	4.97689e-02
0.82302	4.91561e-02
0.82272	4.85212e-02
0.82244	4.78655e-02
0.82216	4.71907e-02
0.82190	4.64983e-02
0.82165	4.57899e-02
0.82141	4.50673e-02
0.82119	4.43322e-02
0.82097	4.35864e-02
0.82078	4.28316e-02
0.82059	4.20699e-02
0.82042	4.13030e-02
0.82024	4.05198e-02
0.82008	3.97364e-02
0.81993	3.89550e-02
0.81980	3.81777e-02
0.81968	3.74068e-02
0.81958	3.66442e-02
0.81950	3.58921e-02
0.81938	3.51777e-02
0.81929	3.44784e-02
0.81921	3.37962e-02
0.81914	3.31328e-02
0.81909	3.24901e-02
0.81906	3.18699e-02
0.81904	3.12738e-02
0.81904	3.07035e-02
0.81906	3.01604e-02
0.81909	2.96459e-02
0.81914	2.91613e-02
0.81920	2.87077e-02
0.81928	2.82859e-02
0.81937	2.78968e-02
0.81948	2.75407e-02
0.81960	2.72182e-02
0.81973	2.69294e-02
0.81988	2.66743e-02
0.82004	2.64526e-02
0.82022	2.62639e-02
0.82040	2.61077e-02
0.82060	2.59834e-02
0.82081	2.58900e-02
0.82103	2.58267e-02
0.82126	2.57924e-02
0.82145	2.58397e-02
0.82165	2.59141e-02
0.82186	2.60138e-02
0.82206	2.61263e-02
0.82226	2.62608e-02
0.82247	2.64162e-02
0.82269	2.65915e-02
0.82290	2.67860e-02
0.82312	2.69989e-02
0.82335	2.72295e-02
0.82355	2.74516e-02
0.82375	2.76910e-02
0.82395	2.79477e-02
0.82415	2.82214e-02
0.82434	2.85123e-02
0.82454	2.88202e-02
0.82473	2.91452e-02
0.82490	2.95036e-02
0.82506	2.98798e-02
0.82522	3.02736e-02
0.82537	3.06847e-02
0.82552	3.11131e-02
0.82565	3.15585e-02
0.82578	3.20209e-02
0.82589	3.25001e-02
0.82600	3.29958e-02
0.82608	3.34980e-02
0.82616	3.40152e-02
0.82621	3.45467e-02
0.82626	3.50921e-02
0.82629	3.56507e-02
0.82630	3.62217e-02
0.82630	3.68045e-02
0.82629	3.73980e-02
0.82626	3.80015e-02
0.82619	3.86140e-02
0.82611	3.92345e-02
0.82601	3.98621e-02
0.82589	4.04956e-02
0.82575	4.11339e-02
0.82559	4.17757e-02
0.82541	4.24198e-02
0.82521	4.30650e-02
0.82499	4.37099e-02
0.82475	4.43532e-02
0.82449	4.49936e-02
0.82421	4.56298e-02
0.82390	4.62526e-02
0.82357	4.68689e-02
0.82322	4.74774e-02
0.82286	4.80765e-02
0.82247	4.86650e-02
0.82207	4.92416e-02
0.82164	4.98052e-02
0.82120	5.03543e-02
0.82074	5.08881e-02
0.82026	5.14053e-02
0.81977	5.19049e-02
0.81926	5.23860e-02
0.81873	5.28476e-02
0.81819	5.32888e-02
0.81763	5.37089e-02
0.81706	5.41072e-02
0.81647	5.44829e-02
0.81587	5.48354e-02
0.81526	5.51643e-02
0.81464	5.54690e-02
0.81401	5.57491e-02
0.81335	5.59945e-02
0.81269	5.62137e-02
0.81202	5.64067e-02
0.81134	5.65735e-02
0.81065	5.67141e-02
0.80996	5.68285e-02
0.80926	5.69170e-02
0.80851	5.70278e-02
0.80776	5.71122e-02
0.80700	5.71704e-02
0.80624	5.72025e-02
0.80549	5.72091e-02
0.80473	5.71907e-02
0.80398	5.71478e-02
0.80322	5.70811e-02
0.80247	5.69913e-02
0.80172	5.68791e-02
0.80098	5.67454e-02
0.80024	5.65909e-02
0.79951	5.64165e-02
0.79879	5.62231e-02
0.79807	5.60117e-02
0.79736	5.57832e-02
0.79666	5.55385e-02
0.79596	5.52787e-02
0.79528	5.50048e-02
0.79461	5.47178e-02
0.79395	5.44187e-02
0.79330	5.41086e-02
0.79267	5.37884e-02
0.79204	5.34593e-02
0.79143	5.31222e-02
0.79083	5.27802e-02
0.79023	5.24316e-02
0.78965	5.20776e-02
0.78907	5.17057e-02
0.78851	5.13280e-02
0.78795	5.09457e-02
0.78742	5.05598e-02
0.78689	5.01713e-02
0.78638	4.97810e-02
0.78588	4.93898e-02
0.78538	4.89778e-02
0.78488	4.85653e-02
0.78440	4.81533e-02
0.78393	4.77427e-02
0.78348	4.73343e-02
0.78305	4.69290e-02
0.78262	4.65274e-02
0.78216	4.61938e-02
0.78171	4.58641e-02
0.78128	4.55380e-02
0.78085	4.52157e-02
0.78045	4.48976e-02
0.78005	4.45844e-02
0.77967	4.42764e-02
0.77930	4.39743e-02
0.77895	4.36786e-02
0.77859	4.33682e-02
0.77824	4.30633e-02
0.77789	4.27506e-02
0.77755	4.24446e-02
0.77722	4.21456e-02
0.77691	4.18542e-02
0.77661	4.15709e-02
0.77632	4.12962e-02
0.77604	4.10306e-02
0.77573	4.08134e-02
0.77543	4.06059e-02
0.77514	4.04077e-02
0.77487	4.02190e-02
0.77460	4.00399e-02
0.77434	3.98708e-02
0.77410	3.97120e-02
0.77387	3.95638e-02
0.77364	3.94266e-02
0.77343	3.93007e-02
0.77322	3.91867e-02
0.77303	3.90847e-02
0.77284	3.89953e-02
0.77267	3.89187e-02
0.77250	3.88553e-02
0.77234	3.88054e-02
0.77219	3.87693e-02
0.77202	3.88018e-02
0.77186	3.88516e-02
0.77170	3.89179e-02
0.77155	3.89997e-02
0.77141	3.90968e-02
0.77127	3.92086e-02
0.77111	3.93626e-02
0.77096	3.95328e-02
0.77080	3.97184e-02
0.77066	3.99189e-02
0.77052	4.01337e-02
0.77038	4.03624e-02
0.77025	4.06044e-02
0.77012	4.08592e-02
0.76999	4.11262e-02
0.76987	4.14048e-02
0.76974	4.16983e-02
0.76961	4.20023e-02
0.76948	4.23160e-02
0.76936	4.26387e-02
0.76923	4.29695e-02
0.76911	4.33076e-02
0.76900	4.36520e-02
0.76888	4.39980e-02
0.76876	4.43488e-02
0.76864	4.47035e-02
0.76853	4.50613e-02
0.76841	4.54213e-02
0.76831	4.57824e-02
0.76820	4.61439e-02
0.76809	4.65047e-02
0.76796	4.68510e-02
0.76783	4.71944e-02
0.76770	4.75340e-02
0.76757	4.78693e-02
0.76744	4.81993e-02
0.76732	4.85235e-02
0.76719	4.88410e-02
0.76707	4.91511e-02
0.76695	4.94533e-02
0.76683	4.97469e-02
0.76671	5.00312e-02
0.76660	5.03057e-02
0.76649	5.05700e-02
0.76638	5.08235e-02
0.76627	5.10658e-02
0.76617	5.12965e-02
0.76607	5.15154e-02
0.76595	5.17349e-02
0.76584	5.19438e-02
0.76572	5.21417e-02
0.76561	5.23285e-02
0.76549	5.25037e-02
0.76538	5.26673e-02
0.76527	5.28192e-02
0.76516	5.29594e-02
0.76506	5.30877e-02
0.76495	5.32043e-02
0.76480	5.33021e-02
0.76465	5.33871e-02
0.76450	5.34595e-02
0.76435	5.35194e-02
0.76420	5.35670e-02
0.76405	5.36027e-02
0.76391	5.36267e-02
0.76376	5.36392e-02
0.76361	5.36402e-02
0.76346	5.36305e-02
0.76332	5.36104e-02
0.76316	5.36034e-02
0.76300	5.35915e-02
0.76284	5.35745e-02
0.76268	5.35523e-02
0.76252	5.35249e-02
0.76235	5.34698e-02
0.76218	5.34075e-02
0.76199	5.33300e-02
0.76182	5.32464e-02
0.76164	5.31569e-02
0.76146	5.30621e-02
0.76128	5.29625e-02
0.76111	5.28583e-02
0.76094	5.27500e-02
0.76073	5.26242e-02
0.76052	5.24953e-02
0.76031	5.23642e-02
0.76011	5.22313e-02
0.75990	5.20971e-02
0.75970	5.19622e-02
0.75950	5.18269e-02
0.75930	5.16917e-02
0.75910	5.15569e-02
0.75891	5.14228e-02
0.75872	5.12897e-02
0.75853	5.11578e-02
0.75835	5.10275e-02
0.75817	5.08988e-02
0.75799	5.07720e-02
0.75782	5.06472e-02
0.75765	5.05245e-02
0.75749	5.04041e-02
0.75733	5.02858e-02
0.75718	5.01699e-02
0.75702	5.00562e-02
0.75688	4.99449e-02
0.75674	4.98358e-02
0.75655	4.98171e-02
0.75637	4.98061e-02
0.75619	4.98011e-02
0.75601	4.98007e-02
0.75584	4.98040e-02
0.75567	4.98099e-02
0.75551	4.98178e-02
0.75535	4.98270e-02
0.75520	4.98368e-02
0.75506	4.98467e-02
0.75492	4.98561e-02
0.75479	4.98646e-02
0.75466	4.98691e-02
0.75453	4.98718e-02
0.75441	4.98725e-02
0.75430	4.98708e-02
0.75420	4.98665e-02
0.75408	4.98383e-02
0.75396	4.98054e-02
0.75386	4.97678e-02
0.75376	4.97256e-02
0.75366	4.96789e-02
0.75358	4.96277e-02
0.75351	4.95720e-02
0.75344	4.95120e-02
0.75338	4.94477e-02
0.75334	4.93792e-02
0.75330	4.93068e-02
0.75327	4.92305e-02
0.75324	4.91507e-02
0.75323	4.90675e-02
0.75323	4.89811e-02
0.75323	4.88919e-02
0.75324	4.88001e-02
0.75326	4.87061e-02
0.75329	4.86101e-02
0.75333	4.85125e-02
0.75337	4.84135e-02
0.75343	4.83137e-02
0.75349	4.82132e-02
0.75356	4.81125e-02
0.75362	4.80085e-02
0.75365	4.79102e-02
0.75368	4.78151e-02
0.75372	4.77239e-02
0.75376	4.76370e-02
0.75380	4.75549e-02
0.75386	4.74780e-02
0.75391	4.74068e-02
0.75398	4.73416e-02
0.75404	4.72828e-02
0.75412	4.72306e-02
0.75417	4.71788e-02
0.75423	4.71335e-02
0.75430	4.70951e-02
0.75436	4.70638e-02
0.75443	4.70396e-02
0.75451	4.70227e-02
0.75458	4.70131e-02
0.75466	4.70108e-02
0.75474	4.70188e-02
0.75481	4.70339e-02
0.75489	4.70558e-02
0.75494	4.71236e-02
0.75498	4.71997e-02
0.75503	4.72838e-02
0.75508	4.73755e-02
0.75513	4.74745e-02
0.75517	4.75734e-02
0.75522	4.76774e-02
0.75525	4.77688e-02
0.75524	4.78565e-02
0.75524	4.79461e-02
0.75523	4.80375e-02
0.75522	4.81300e-02
0.75521	4.82233e-02
0.75519	4.83167e-02
0.75516	4.84196e-02
0.75513	4.85216e-02
0.75510	4.86219e-02
0.75507	4.87199e-02
0.75503	4.88150e-02
0.75499	4.89065e-02
0.75496	4.89940e-02
0.75491	4.90766e-02
0.75487	4.91540e-02
0.75483	4.92255e-02
0.75475	4.92639e-02
0.75467	4.92956e-02
0.75455	4.92870e-02
0.75444	4.92678e-02
0.75432	4.92380e-02
0.75419	4.91976e-02
0.75407	4.91467e-02
0.75394	4.90851e-02
0.75380	4.90128e-02
0.75367	4.89298e-02
0.75353	4.88361e-02
0.75340	4.87319e-02
0.75326	4.86172e-02
0.75311	4.84969e-02
0.75294	4.83564e-02
0.75277	4.82044e-02
0.75259	4.80415e-02
0.75242	4.78682e-02
0.75223	4.76851e-02
0.75205	4.74929e-02
0.75186	4.72922e-02
0.75167	4.70837e-02
0.75148	4.68681e-02
0.75129	4.66463e-02
0.75109	4.64191e-02
0.75086	4.62191e-02
0.75063	4.60179e-02
0.75040	4.58160e-02
0.75016	4.56143e-02
0.74993	4.54138e-02
0.74968	4.52070e-02
0.74944	4.50014e-02
0.74919	4.47984e-02
0.74894	4.45991e-02
0.74869	4.44047e-02
0.74845	4.42162e-02
0.74820	4.40347e-02
0.74795	4.38612e-02
0.74770	4.36968e-02
0.74746	4.35423e-02
0.74722	4.33985e-02
0.74698	4.32663e-02
0.74674	4.31464e-02
0.74650	4.30395e-02
0.74627	4.29460e-02
0.74604	4.28664e-02
0.74582	4.28013e-02
0.74560	4.27508e-02
0.74538	4.27152e-02
0.74517	4.26946e-02
0.74497	4.26890e-02
0.74477	4.26985e-02
0.74458	4.27229e-02
0.74439	4.27620e-02
0.74421	4.28155e-02
0.74402	4.28971e-02
0.74384	4.29926e-02
0.74366	4.31013e-02
0.74349	4.32224e-02
0.74333	4.33554e-02
0.74318	4.34996e-02
0.74303	4.36543e-02
0.74289	4.38190e-02
0.74276	4.39929e-02
0.74263	4.41755e-02
0.74252	4.43660e-02
0.74241	4.45638e-02
0.74231	4.47683e-02
0.74222	4.49787e-02
0.74213	4.51945e-02
0.74206	4.54149e-02
0.74198	4.56240e-02
0.74190	4.58336e-02
0.74180	4.60038e-02
0.74170	4.61716e-02
0.74161	4.63372e-02
0.74151	4.65013e-02
0.74137	4.66240e-02
0.74123	4.67401e-02
0.74109	4.68504e-02
0.74094	4.69660e-02
0.74079	4.70775e-02
0.74063	4.71847e-02
0.74047	4.72873e-02
0.74031	4.73854e-02
0.74015	4.74784e-02
0.73999	4.75663e-02
0.73982	4.76486e-02
0.73965	4.77253e-02
0.73949	4.77960e-02
0.73932	4.78604e-02
0.73915	4.79185e-02
0.73897	4.79698e-02
0.73880	4.80142e-02
0.73862	4.80514e-02
0.73844	4.80812e-02
0.73826	4.81033e-02
0.73808	4.81175e-02
0.73790	4.81236e-02
0.73771	4.81212e-02
0.73752	4.81102e-02
0.73733	4.80904e-02
0.73713	4.80552e-02
0.73693	4.80104e-02
0.73672	4.79559e-02
0.73649	4.78744e-02
0.73626	4.77820e-02
0.73603	4.76786e-02
0.73579	4.75640e-02
0.73555	4.74381e-02
0.73531	4.73008e-02
0.73506	4.71518e-02
0.73482	4.69909e-02
0.73454	4.68330e-02
0.73427	4.66631e-02
0.73399	4.64810e-02
0.73368	4.62596e-02
0.73336	4.60236e-02
0.73304	4.57735e-02
0.73272	4.55093e-02
0.73240	4.52313e-02
0.73207	4.49395e-02
0.73174	4.46341e-02
0.73141	4.43155e-02
0.73107	4.39839e-02
0.73071	4.36866e-02
0.73035	4.33813e-02
0.72999	4.30674e-02
0.72962	4.27447e-02
0.72925	4.24135e-02
0.72886	4.20626e-02
0.72846	4.17020e-02
0.72805	4.13325e-02
0.72765	4.09545e-02
0.72723	4.05690e-02
0.72682	4.01767e-02
0.72641	3.97785e-02
0.72599	3.93755e-02
0.72557	3.89687e-02
0.72515	3.85593e-02
0.72473	3.81485e-02
0.72431	3.77376e-02
0.72389	3.73281e-02
0.72347	3.69215e-02
0.72305	3.65193e-02
0.72262	3.61231e-02
0.72220	3.57347e-02
0.72179	3.53557e-02
0.72137	3.49879e-02
0.72095	3.46332e-02
0.72054	3.42933e-02
0.72013	3.39701e-02
0.71972	3.36654e-02
0.71931	3.33810e-02
0.71891	3.31186e-02
0.71851	3.28799e-02
0.71812	3.26663e-02
0.71766	3.24824e-02
0.71722	3.23259e-02
0.71677	3.21979e-02
0.71633	3.20992e-02
0.71590	3.20306e-02
0.71547	3.19926e-02
0.71504	3.19855e-02
0.71463	3.20094e-02
0.71422	3.20642e-02
0.71381	3.21496e-02
0.71342	3.22649e-02
0.71303	3.24094e-02
0.71265	3.25822e-02
0.71227	3.27821e-02
0.71190	3.29937e-02
0.71154	3.32297e-02
0.71117	3.34650e-02
0.71080	3.37188e-02
0.71044	3.39900e-02
0.71009	3.42772e-02
0.70975	3.45790e-02
0.70942	3.48937e-02
0.70908	3.52049e-02
0.70870	3.55182e-02
0.70833	3.58372e-02
0.70797	3.61602e-02
0.70762	3.64856e-02
0.70727	3.68158e-02
0.70692	3.71458e-02
0.70658	3.74738e-02
0.70626	3.77985e-02
0.70595	3.81182e-02
0.70565	3.84317e-02
0.70536	3.87376e-02
0.70509	3.90345e-02
0.70483	3.93212e-02
0.70459	3.95966e-02
0.70436	3.98596e-02
0.70414	4.01093e-02
0.70394	4.03449e-02
0.70376	4.05657e-02
0.70359	4.07711e-02
0.70344	4.09611e-02
0.70331	4.11354e-02
0.70319	4.12942e-02
0.70304	4.14093e-02
0.70290	4.15060e-02
0.70278	4.15854e-02
0.70267	4.16486e-02
0.70257	4.16969e-02
0.70248	4.17316e-02
0.70240	4.17542e-02
0.70233	4.17661e-02
0.70227	4.17688e-02
0.70221	4.17635e-02
0.70216	4.17514e-02
0.70209	4.17426e-02
0.70202	4.17274e-02
0.70196	4.17062e-02
0.70189	4.16834e-02
0.70182	4.16560e-02
0.70174	4.16242e-02
0.70166	4.15880e-02
0.70158	4.15477e-02
0.70149	4.15032e-02
0.70139	4.14546e-02
0.70129	4.14021e-02
0.70118	4.13456e-02
0.70100	4.13320e-02
0.70081	4.13199e-02
0.70061	4.13094e-02
0.70040	4.13009e-02
0.70018	4.12946e-02
0.69995	4.12910e-02
0.69970	4.12904e-02
0.69944	4.12933e-02
0.69917	4.13001e-02
0.69886	4.13169e-02
0.69854	4.13383e-02
0.69820	4.13648e-02
0.69786	4.13966e-02
0.69750	4.14343e-02
0.69713	4.14781e-02
0.69674	4.15282e-02
0.69635	4.15851e-02
0.69594	4.16490e-02
0.69553	4.17200e-02
0.69510	4.17984e-02
0.69467	4.18842e-02
0.69422	4.19776e-02
0.69376	4.20786e-02
0.69330	4.21872e-02
0.69282	4.23033e-02
0.69234	4.24269e-02
0.69185	4.25579e-02
0.69135	4.26961e-02
0.69085	4.28413e-02
0.69034	4.29933e-02
0.68982	4.31520e-02
0.68930	4.33170e-02
0.68878	4.34881e-02
0.68825	4.36650e-02
0.68771	4.38475e-02
0.68718	4.40352e-02
0.68664	4.42279e-02
0.68611	4.44253e-02
0.68557	4.46272e-02
0.68503	4.48332e-02
0.68450	4.50432e-02
0.68397	4.52568e-02
0.68344	4.54739e-02
0.68291	4.56942e-02
0.68239	4.59175e-02
0.68187	4.61437e-02
0.68135	4.63602e-02
0.68078	4.66227e-02
0.68018	4.68997e-02
0.67958	4.71783e-02
0.67899	4.74578e-02
0.67841	4.77379e-02
0.67784	4.80181e-02
0.67728	4.82980e-02
0.67672	4.85621e-02
0.67615	4.88484e-02
0.67560	4.91331e-02
0.67506	4.94159e-02
0.67454	4.96966e-02
0.67403	4.99750e-02
0.67354	5.02511e-02
0.67308	5.05246e-02
0.67263	5.07955e-02
0.67221	5.10637e-02
0.67181	5.13290e-02
0.67143	5.15916e-02
0.67107	5.18512e-02
0.67074	5.21078e-02
0.67044	5.23614e-02
0.67014	5.26275e-02
0.66987	5.28928e-02
0.66962	5.31571e-02
0.66939	5.34202e-02
0.66920	5.36818e-02
0.66902	5.39418e-02
0.66888	5.42003e-02
0.66876	5.44570e-02
0.66863	5.46983e-02
0.66852	5.49377e-02
0.66844	5.51754e-02
0.66838	5.54117e-02
0.66835	5.56467e-02
0.66835	5.58805e-02
0.66837	5.61130e-02
0.66843	5.63444e-02
0.66851	5.65746e-02
0.66862	5.68034e-02
0.66875	5.70308e-02
0.66890	5.72737e-02
0.66907	5.75158e-02
0.66927	5.77567e-02
0.66948	5.79925e-02
0.66973	5.82266e-02
0.67000	5.84589e-02
0.67029	5.86890e-02
0.67061	5.89167e-02
0.67095	5.91417e-02
0.67132	5.93637e-02
0.67170	5.95823e-02
0.67211	5.97971e-02
0.67253	6.00307e-02
0.67296	6.02607e-02
0.67342	6.04864e-02
0.67388	6.07071e-02
0.67437	6.09224e-02
0.67487	6.11318e-02
0.67539	6.13346e-02
0.67591	6.15306e-02
0.67645	6.17190e-02
0.67699	6.19043e-02
0.67754	6.20818e-02
0.67810	6.22510e-02
0.67867	6.24114e-02
0.67924	6.25625e-02
0.67981	6.27038e-02
0.68038	6.28348e-02
0.68096	6.29551e-02
0.68154	6.30642e-02
0.68211	6.31618e-02
0.68268	6.32473e-02
0.68325	6.33204e-02
0.68381	6.33806e-02
0.68436	6.34277e-02
0.68491	6.34612e-02
0.68544	6.34808e-02
0.68597	6.34863e-02
0.68648	6.34772e-02
0.68698	6.34533e-02
0.68746	6.34145e-02
0.68792	6.33604e-02
0.68837	6.32909e-02
0.68880	6.32058e-02
0.68920	6.31049e-02
0.68959	6.29882e-02
0.68995	6.28556e-02
0.69029	6.27070e-02
0.69061	6.25424e-02
0.69090	6.23618e-02
0.69116	6.21653e-02
0.69139	6.19531e-02
0.69160	6.17251e-02
0.69178	6.14816e-02
0.69193	6.12228e-02
0.69204	6.09489e-02
0.69213	6.06602e-02
0.69219	6.03571e-02
0.69218	5.99958e-02
0.69214	5.96135e-02
0.69202	5.91898e-02
0.69187	5.87495e-02
0.69168	5.82938e-02
0.69146	5.78239e-02
0.69120	5.73407e-02
0.69090	5.68452e-02
0.69051	5.63229e-02
0.69008	5.57921e-02
0.68962	5.52540e-02
0.68912	5.47100e-02
0.68858	5.41611e-02
0.68801	5.36087e-02
0.68740	5.30539e-02
0.68676	5.24980e-02
0.68609	5.19422e-02
0.68539	5.13878e-02
0.68465	5.08361e-02
0.68389	5.02882e-02
0.68309	4.97455e-02
0.68227	4.92091e-02
0.68142	4.86804e-02
0.68053	4.81721e-02
0.67961	4.76731e-02
0.67867	4.71845e-02
0.67771	4.67072e-02
0.67672	4.62422e-02
0.67572	4.57904e-02
0.67470	4.53526e-02
0.67365	4.49296e-02
0.67257	4.45210e-02
0.67147	4.41282e-02
0.67035	4.37519e-02
0.66922	4.33925e-02
0.66807	4.30501e-02
0.66692	4.27249e-02
0.66575	4.24170e-02
0.66458	4.21263e-02
0.66341	4.18525e-02
0.66223	4.15955e-02
0.66104	4.13546e-02
0.65976	4.12162e-02
0.65847	4.11000e-02
0.65718	4.10043e-02
0.65582	4.08505e-02
0.65447	4.07131e-02
0.65311	4.05919e-02
0.65177	4.04861e-02
0.65043	4.03950e-02
0.64910	4.03177e-02
0.64778	4.02531e-02
0.64648	4.02001e-02
0.64519	4.01575e-02
0.64392	4.01295e-02
0.64267	4.01105e-02
0.64143	4.00991e-02
0.64022	4.00943e-02
0.63904	4.00948e-02
0.63788	4.00996e-02
0.63675	4.01078e-02
0.63565	4.01184e-02
0.63458	4.01307e-02
0.63350	4.01278e-02
0.63246	4.01238e-02
0.63146	4.01187e-02
0.63049	4.01125e-02
0.62955	4.01056e-02
0.62866	4.00984e-02
0.62780	4.00914e-02
0.62698	4.00853e-02
0.62620	4.00811e-02
0.62547	4.00797e-02
0.62477	4.00823e-02
0.62412	4.00902e-02
0.62351	4.01048e-02
0.62295	4.01277e-02
0.62243	4.01606e-02
0.62195	4.02051e-02
0.62152	4.02631e-02
0.62113	4.03364e-02
0.62079	4.04269e-02
0.62049	4.05365e-02
0.62023	4.06669e-02
0.62002	4.08199e-02
0.61985	4.09971e-02
0.61972	4.12001e-02
0.61963	4.14303e-02
0.61958	4.16888e-02
0.61958	4.19767e-02
0.61961	4.22948e-02
0.61968	4.26435e-02
0.61978	4.30233e-02
0.61993	4.34341e-02
0.62011	4.38758e-02
0.62032	4.43479e-02
0.62056	4.48496e-02
0.62084	4.53800e-02
0.62114	4.59378e-02
0.62147	4.65218e-02
0.62180	4.70626e-02
0.62214	4.76176e-02
0.62246	4.81592e-02
0.62281	4.87135e-02
0.62317	4.92791e-02
0.62355	4.98544e-02
0.62394	5.04374e-02
0.62435	5.10265e-02
0.62474	5.16035e-02
0.62515	5.21791e-02
0.62556	5.27516e-02
0.62598	5.33191e-02
0.62640	5.38798e-02
0.62682	5.44316e-02
0.62724	5.49727e-02
0.62767	5.55014e-02
0.62809	5.60159e-02
0.62851	5.65143e-02
0.62893	5.69953e-02
0.62935	5.74571e-02
0.62976	5.78984e-02
0.63016	5.83178e-02
0.63056	5.87142e-02
0.63092	5.91302e-02
0.63127	5.95244e-02
0.63161	5.98949e-02
0.63194	6.02401e-02
0.63225	6.05587e-02
0.63256	6.08498e-02
0.63285	6.11125e-02
0.63313	6.13462e-02
0.63334	6.15408e-02
0.63354	6.17050e-02
0.63373	6.18387e-02
0.63390	6.19420e-02
0.63405	6.20150e-02
0.63419	6.20582e-02
0.63431	6.20719e-02
0.63442	6.20568e-02
0.63451	6.20135e-02
0.63458	6.19429e-02
0.63464	6.18459e-02
0.63465	6.17319e-02
0.63464	6.15952e-02
0.63462	6.14371e-02
0.63458	6.12579e-02
0.63452	6.10602e-02
0.63444	6.08455e-02
0.63436	6.06155e-02
0.63426	6.03719e-02
0.63416	6.01165e-02
0.63404	5.98511e-02
0.63391	5.95776e-02
0.63377	5.92977e-02
0.63362	5.90124e-02
0.63346	5.87239e-02
0.63329	5.84340e-02
0.63311	5.81446e-02
0.63292	5.78574e-02
0.63273	5.75740e-02
0.63254	5.72960e-02
0.63234	5.70249e-02
0.63214	5.67622e-02
0.63193	5.65248e-02
0.63172	5.62992e-02
0.63150	5.60864e-02
0.63129	5.58871e-02
0.63108	5.57023e-02
0.63087	5.55325e-02
0.63067	5.53781e-02
0.63047	5.52397e-02
0.63027	5.51173e-02
0.63008	5.50112e-02
0.62989	5.49211e-02
0.62971	5.48470e-02
0.62954	5.47885e-02
0.62938	5.47452e-02
0.62923	5.47166e-02
0.62908	5.47021e-02
0.62895	5.47010e-02
0.62882	5.47126e-02
0.62871	5.47360e-02
0.62861	5.47705e-02
0.62852	5.48151e-02
0.62844	5.48691e-02
0.62832	5.49016e-02
0.62822	5.49415e-02
0.62812	5.49887e-02
0.62804	5.50427e-02
0.62797	5.51030e-02
0.62791	5.51693e-02
0.62787	5.52411e-02
0.62784	5.53180e-02
0.62783	5.53997e-02
0.62782	5.54860e-02
0.62783	5.55767e-02
0.62785	5.56717e-02
0.62789	5.57708e-02
0.62793	5.58742e-02
0.62799	5.59820e-02
0.62805	5.60836e-02
0.62813	5.61872e-02
0.62818	5.62646e-02
0.62824	5.63450e-02
0.62831	5.64293e-02
0.62839	5.65182e-02
0.62847	5.66124e-02
0.62856	5.67123e-02
0.62865	5.68140e-02
0.62874	5.69215e-02
0.62884	5.70353e-02
0.62893	5.71560e-02
0.62904	5.72839e-02
0.62914	5.74195e-02
0.62924	5.75631e-02
0.62934	5.77151e-02
0.62945	5.78757e-02
0.62955	5.80450e-02
0.62964	5.82232e-02
0.62974	5.84104e-02
0.62983	5.86064e-02
0.62991	5.88113e-02
0.62999	5.90248e-02
0.63000	5.92447e-02
0.62999	5.94768e-02
0.62998	5.97208e-02
0.62997	5.99761e-02
0.62994	6.02419e-02
0.62991	6.05177e-02
0.62987	6.08024e-02
0.62982	6.10951e-02
0.62973	6.13778e-02
0.62963	6.16645e-02
0.62951	6.19544e-02
0.62939	6.22464e-02
0.62925	6.25395e-02
0.62910	6.28324e-02
0.62894	6.31242e-02
0.62877	6.34137e-02
0.62859	6.36997e-02
0.62839	6.39811e-02
0.62818	6.42568e-02
0.62795	6.45340e-02
0.62770	6.48035e-02
0.62744	6.50642e-02
0.62714	6.53028e-02
0.62681	6.55295e-02
0.62647	6.57435e-02
0.62612	6.59441e-02
0.62575	6.61305e-02
0.62537	6.63020e-02
0.62498	6.64580e-02
0.62458	6.65978e-02
0.62416	6.67209e-02
0.62370	6.68647e-02
0.62323	6.69944e-02
0.62275	6.71089e-02
0.62225	6.72075e-02
0.62175	6.72893e-02
0.62123	6.73537e-02
0.62070	6.74003e-02
0.62016	6.74285e-02
0.61961	6.74382e-02
0.61898	6.75034e-02
0.61833	6.75508e-02
0.61768	6.75795e-02
0.61702	6.75889e-02
0.61635	6.75785e-02
0.61568	6.75482e-02
0.61500	6.74979e-02
0.61432	6.74277e-02
0.61364	6.73377e-02
0.61295	6.72281e-02
0.61227	6.70990e-02
0.61158	6.69509e-02
0.61089	6.67839e-02
0.61021	6.65985e-02
0.60952	6.63950e-02
0.60884	6.61741e-02
0.60816	6.59361e-02
0.60749	6.56816e-02
0.60682	6.54113e-02
0.60616	6.51257e-02
0.60550	6.48256e-02
0.60485	6.45118e-02
0.60418	6.41989e-02
0.60352	6.38740e-02
0.60287	6.35379e-02
0.60222	6.31913e-02
0.60159	6.28351e-02
0.60096	6.24704e-02
0.60035	6.20982e-02
0.59975	6.17195e-02
0.59916	6.13355e-02
0.59858	6.09475e-02
0.59801	6.05565e-02
0.59746	6.01640e-02
0.59692	5.97713e-02
0.59639	5.93797e-02
0.59588	5.89907e-02
0.59538	5.85987e-02
0.59489	5.82118e-02
0.59440	5.78283e-02
0.59393	5.74524e-02
0.59347	5.70859e-02
0.59303	5.67304e-02
0.59260	5.63875e-02
0.59218	5.60589e-02
0.59176	5.57218e-02
0.59135	5.54025e-02
0.59095	5.51028e-02
0.59056	5.48243e-02
0.59019	5.45685e-02
0.58984	5.43370e-02
0.58950	5.41310e-02
0.58917	5.39519e-02
0.58885	5.38008e-02
0.58855	5.36788e-02
0.58826	5.35868e-02
0.58798	5.35257e-02
0.58772	5.34963e-02
0.58746	5.34990e-02
0.58722	5.35343e-02
0.58698	5.36194e-02
0.58675	5.37371e-02
0.58653	5.38874e-02
0.58632	5.40699e-02
0.58612	5.42843e-02
0.58589	5.45739e-02
0.58566	5.48951e-02
0.58544	5.52469e-02
0.58521	5.56230e-02
0.58499	5.60288e-02
0.58478	5.64630e-02
0.58457	5.69242e-02
0.58437	5.74111e-02
0.58418	5.79220e-02
0.58400	5.84554e-02
0.58382	5.90094e-02
0.58366	5.95824e-02
0.58349	6.01726e-02
0.58333	6.07782e-02
0.58316	6.14048e-02
0.58298	6.20424e-02
0.58281	6.26892e-02
0.58264	6.33434e-02
0.58247	6.40035e-02
0.58231	6.46677e-02
0.58215	6.53342e-02
0.58199	6.60013e-02
0.58184	6.66674e-02
0.58163	6.73853e-02
0.58143	6.80983e-02
0.58123	6.88047e-02
0.58104	6.95027e-02
0.58084	7.01908e-02
0.58065	7.08678e-02
0.58046	7.15322e-02
0.58028	7.21830e-02
0.58010	7.28190e-02
0.57991	7.34391e-02
0.57973	7.40425e-02
0.57956	7.46283e-02
0.57932	7.52722e-02
0.57909	7.59005e-02
0.57886	7.65113e-02
0.57862	7.71035e-02
0.57839	7.76761e-02
0.57816	7.82283e-02
0.57793	7.87595e-02
0.57770	7.92694e-02
0.57747	7.97577e-02
0.57724	8.02241e-02
0.57701	8.06685e-02
0.57678	8.10910e-02
0.57655	8.14917e-02
0.57632	8.18707e-02
0.57609	8.22281e-02
0.57587	8.25645e-02
0.57560	8.28803e-02
0.57534	8.31759e-02
0.57502	8.34894e-02
0.57470	8.37862e-02
0.57438	8.40665e-02
0.57405	8.43304e-02
0.57369	8.45460e-02
0.57332	8.47452e-02
0.57295	8.49293e-02
0.57257	8.50993e-02
0.57220	8.52564e-02
0.57180	8.53802e-02
0.57140	8.54926e-02
0.57099	8.55949e-02
0.57058	8.56885e-02
0.57017	8.57744e-02
0.56976	8.58541e-02
0.56935	8.59286e-02
0.56894	8.59991e-02
0.56852	8.60668e-02
0.56810	8.61328e-02
0.56767	8.61781e-02
0.56723	8.62237e-02
0.56674	8.62355e-02
0.56624	8.62465e-02
0.56574	8.62581e-02
0.56523	8.62713e-02
0.56471	8.62870e-02
0.56420	8.63060e-02
0.56367	8.63289e-02
0.56315	8.63562e-02
0.56262	8.63884e-02
0.56209	8.64260e-02
0.56155	8.64692e-02
0.56101	8.65181e-02
0.56047	8.65730e-02
0.55992	8.66339e-02
0.55937	8.67007e-02
0.55882	8.67734e-02
0.55826	8.68519e-02
0.55769	8.69359e-02
0.55713	8.70251e-02
0.55655	8.71193e-02
0.55598	8.72180e-02
0.55539	8.73208e-02
0.55481	8.74274e-02
0.55422	8.75371e-02
0.55362	8.76495e-02
0.55302	8.77641e-02
0.55233	8.80179e-02
0.55163	8.82792e-02
0.55092	8.85453e-02
0.55015	8.87584e-02
0.54937	8.89703e-02
0.54859	8.91803e-02
0.54779	8.93880e-02
0.54700	8.95929e-02
0.54619	8.97947e-02
0.54538	8.99930e-02
0.54456	9.01874e-02
0.54374	9.03777e-02
0.54291	9.05637e-02
0.54208	9.07451e-02
0.54125	9.09217e-02
0.54041	9.10934e-02
0.53957	9.12601e-02
0.53872	9.14192e-02
0.53787	9.15729e-02
0.53702	9.17215e-02
0.53616	9.18649e-02
0.53531	9.20032e-02
0.53446	9.21367e-02
0.53360	9.22654e-02
0.53275	9.23897e-02
0.53191	9.25095e-02
0.53106	9.26253e-02
0.53022	9.27373e-02
0.52939	9.28456e-02
0.52856	9.29506e-02
0.52774	9.30526e-02
0.52693	9.31517e-02
0.52612	9.32484e-02
0.52533	9.33427e-02
0.52455	9.34350e-02
0.52374	9.35501e-02
0.52295	9.36640e-02
0.52218	9.37767e-02
0.52141	9.38883e-02
0.52066	9.39989e-02
0.51993	9.41085e-02
0.51922	9.42171e-02
0.51852	9.43248e-02
0.51785	9.44316e-02
0.51719	9.45375e-02
0.51656	9.46424e-02
0.51595	9.47463e-02
0.51537	9.48491e-02
0.51481	9.49506e-02
0.51428	9.50508e-02
0.51378	9.51494e-02
0.51320	9.53528e-02
0.51264	9.55588e-02
0.51204	9.58737e-02
0.51145	9.61928e-02
0.51090	9.65141e-02
0.51037	9.68361e-02
0.50986	9.71589e-02
0.50938	9.74798e-02
0.50892	9.77979e-02
0.50851	9.81127e-02
0.50812	9.84237e-02
0.50774	9.87038e-02
0.50740	9.89789e-02
0.50709	9.92491e-02
0.50681	9.95143e-02
0.50657	9.97747e-02
0.50636	1.00030e-01
0.50619	1.00281e-01
0.50605	1.00528e-01
0.50594	1.00770e-01
0.50586	1.01009e-01
0.50580	1.01215e-01
0.50577	1.01416e-01
0.50575	1.01601e-01
0.50576	1.01784e-01
0.50580	1.01963e-01
0.50578	1.02236e-01
0.50579	1.02511e-01
0.50582	1.02788e-01
0.50587	1.03068e-01
0.50594	1.03350e-01
0.50604	1.03635e-01
0.50615	1.03924e-01
0.50628	1.04216e-01
0.50644	1.04513e-01
0.50660	1.04815e-01
0.50679	1.05122e-01
0.50698	1.05435e-01
0.50720	1.05755e-01
0.50742	1.06081e-01
0.50765	1.06414e-01
0.50789	1.06754e-01
0.50814	1.07101e-01
0.50840	1.07457e-01
0.50866	1.07819e-01
0.50893	1.08190e-01
0.50920	1.08568e-01
0.50947	1.08954e-01
0.50974	1.09347e-01
0.50987	1.09896e-01
0.50999	1.10458e-01
0.51010	1.11033e-01
0.51019	1.11611e-01
0.51026	1.12196e-01
0.51032	1.12787e-01
0.51038	1.13382e-01
0.51042	1.13981e-01
0.51045	1.14581e-01
0.51046	1.15181e-01
0.51046	1.15781e-01
0.51045	1.16379e-01
0.51042	1.16974e-01
0.51037	1.17565e-01
0.51031	1.18150e-01
0.51023	1.18728e-01
0.51013	1.19298e-01
0.50995	1.19735e-01
0.50974	1.20158e-01
0.50950	1.20567e-01
0.50925	1.20961e-01
0.50897	1.21341e-01
0.50867	1.21707e-01
0.50832	1.22025e-01
0.50794	1.22325e-01
0.50753	1.22604e-01
0.50710	1.22865e-01
0.50664	1.23105e-01
0.50615	1.23326e-01
0.50564	1.23525e-01
0.50511	1.23703e-01
0.50454	1.23859e-01
0.50396	1.23992e-01
0.50334	1.24103e-01
0.50270	1.24191e-01
0.50203	1.24255e-01
0.50134	1.24295e-01
0.50062	1.24311e-01
0.49987	1.24303e-01
0.49910	1.24271e-01
0.49831	1.24214e-01
0.49749	1.24132e-01
0.49664	1.24026e-01
0.49577	1.23896e-01
0.49488	1.23741e-01
0.49397	1.23563e-01
0.49303	1.23360e-01
0.49208	1.23135e-01
0.49110	1.22886e-01
0.49010	1.22616e-01
0.48909	1.22323e-01
0.48803	1.22015e-01
0.48696	1.21686e-01
0.48587	1.21339e-01
0.48476	1.20973e-01
0.48364	1.20589e-01
0.48251	1.20188e-01
0.48132	1.19767e-01
0.48012	1.19331e-01
0.47891	1.18881e-01
0.47769	1.18417e-01
0.47647	1.17942e-01
0.47522	1.17455e-01
0.47397	1.16958e-01
0.47272	1.16452e-01
0.47147	1.15938e-01
0.47022	1.15416e-01
0.46897	1.14887e-01
0.46774	1.14352e-01
0.46651	1.13811e-01
0.46529	1.13266e-01
0.46409	1.12717e-01
0.46290	1.12163e-01
0.46174	1.11607e-01
0.46056	1.11017e-01
0.45940	1.10423e-01
0.45827	1.09824e-01
0.45716	1.09231e-01
0.45608	1.08635e-01
0.45503	1.08035e-01
0.45401	1.07431e-01
0.45303	1.06823e-01
0.45208	1.06212e-01
0.45117	1.05599e-01
0.45030	1.04982e-01
0.44947	1.04362e-01
0.44869	1.03739e-01
0.44795	1.03114e-01
0.44725	1.02487e-01
0.44660	1.01857e-01
0.44599	1.01224e-01
0.44544	1.00590e-01
0.44493	9.99524e-02
0.44446	9.93127e-02
0.44405	9.86704e-02
0.44369	9.80251e-02
0.44337	9.73768e-02
0.44311	9.67251e-02
0.44290	9.60699e-02
0.44273	9.54109e-02
0.44252	9.48613e-02
0.44234	9.43156e-02
0.44221	9.37727e-02
0.44209	9.32181e-02
0.44201	9.26672e-02
0.44197	9.21203e-02
0.44198	9.15781e-02
0.44203	9.10411e-02
0.44212	9.05102e-02
0.44225	8.99862e-02
0.44242	8.94699e-02
0.44264	8.89624e-02
0.44289	8.84645e-02
0.44317	8.79772e-02
0.44350	8.75015e-02
0.44386	8.70383e-02
0.44425	8.65885e-02
0.44461	8.61062e-02
0.44500	8.56358e-02
0.44542	8.51787e-02
0.44587	8.47358e-02
0.44634	8.43081e-02
0.44684	8.38967e-02
0.44733	8.34568e-02
0.44783	8.30342e-02
0.44836	8.26305e-02
0.44891	8.22472e-02
0.44947	8.18858e-02
0.45005	8.15477e-02
0.45065	8.12344e-02
0.45125	8.09473e-02
0.45187	8.06880e-02
0.45249	8.04578e-02
0.45311	8.02580e-02
0.45373	8.00897e-02
0.45435	7.99535e-02
0.45496	7.98500e-02
0.45557	7.97795e-02
0.45617	7.97419e-02
0.45676	7.97370e-02
0.45734	7.97646e-02
0.45791	7.98240e-02
0.45847	7.99149e-02
0.45901	8.00367e-02
0.45954	8.01887e-02
0.46006	8.03704e-02
0.46056	8.05811e-02
0.46105	8.08202e-02
0.46152	8.10871e-02
0.46198	8.13811e-02
0.46242	8.17016e-02
0.46281	8.20483e-02
0.46319	8.24193e-02
0.46355	8.28140e-02
0.46389	8.32313e-02
0.46421	8.36705e-02
0.46451	8.41307e-02
0.46471	8.45569e-02
0.46489	8.50034e-02
0.46504	8.54702e-02
0.46517	8.59569e-02
0.46527	8.64632e-02
0.46531	8.69716e-02
0.46532	8.74959e-02
0.46531	8.80356e-02
0.46527	8.85901e-02
0.46521	8.91586e-02
0.46512	8.97406e-02
0.46501	9.03350e-02
0.46487	9.09413e-02
0.46472	9.15587e-02
0.46454	9.21864e-02
0.46434	9.28237e-02
0.46412	9.34700e-02
0.46380	9.41149e-02
0.46346	9.47696e-02
0.46310	9.54337e-02
0.46271	9.61055e-02
0.46229	9.67851e-02
0.46186	9.74718e-02
0.46140	9.81650e-02
0.46093	9.88642e-02
0.46043	9.95688e-02
0.45992	1.00278e-01
0.45938	1.00992e-01
0.45883	1.01710e-01
0.45825	1.02431e-01
0.45765	1.03155e-01
0.45703	1.03883e-01
0.45639	1.04614e-01
0.45573	1.05349e-01
0.45506	1.06088e-01
0.45437	1.06832e-01
0.45368	1.07583e-01
0.45298	1.08341e-01
0.45227	1.09107e-01
0.45156	1.09882e-01
0.45085	1.10666e-01
0.45014	1.11457e-01
0.44942	1.12252e-01
0.44868	1.13005e-01
0.44793	1.13749e-01
0.44715	1.14477e-01
0.44631	1.15130e-01
0.44544	1.15753e-01
0.44454	1.16342e-01
0.44361	1.16895e-01
0.44267	1.17408e-01
0.44170	1.17879e-01
0.44072	1.18307e-01
0.43972	1.18690e-01
0.43871	1.19027e-01
0.43770	1.19320e-01
0.43669	1.19567e-01
0.43567	1.19770e-01
0.43466	1.19930e-01
0.43366	1.20046e-01
0.43266	1.20116e-01
0.43167	1.20144e-01
0.43065	1.20153e-01
0.42963	1.20125e-01
0.42862	1.20059e-01
0.42762	1.19957e-01
0.42661	1.19807e-01
0.42561	1.19622e-01
0.42461	1.19401e-01
0.42363	1.19146e-01
0.42267	1.18858e-01
0.42171	1.18537e-01
0.42077	1.18183e-01
0.41984	1.17797e-01
0.41893	1.17379e-01
0.41803	1.16929e-01
0.41715	1.16446e-01
0.41629	1.15931e-01
0.41545	1.15383e-01
0.41463	1.14801e-01
0.41383	1.14187e-01
0.41305	1.13538e-01
0.41230	1.12858e-01
0.41157	1.12145e-01
0.41086	1.11404e-01
0.41018	1.10635e-01
0.40952	1.09843e-01
0.40889	1.09032e-01
0.40828	1.08207e-01
0.40769	1.07372e-01
0.40712	1.06535e-01
0.40657	1.05699e-01
0.40604	1.04870e-01
0.40553	1.04055e-01
0.40502	1.03263e-01
0.40454	1.02494e-01
0.40406	1.01754e-01
0.40361	1.01046e-01
0.40317	1.00374e-01
0.40275	9.97421e-02
0.40231	9.91569e-02
0.40188	9.86174e-02
0.40148	9.81269e-02
0.40109	9.76886e-02
0.40071	9.73057e-02
0.40030	9.69396e-02
0.39990	9.66311e-02
0.39952	9.63833e-02
0.39915	9.61990e-02
0.39880	9.60808e-02
0.39846	9.60306e-02
0.39815	9.60502e-02
0.39785	9.61409e-02
0.39756	9.63037e-02
0.39730	9.65390e-02
0.39705	9.68470e-02
0.39683	9.72270e-02
0.39660	9.76724e-02
0.39640	9.81862e-02
0.39621	9.87665e-02
0.39602	9.94111e-02
0.39585	1.00118e-01
0.39571	1.00883e-01
0.39558	1.01704e-01
0.39547	1.02574e-01
0.39539	1.03490e-01
0.39533	1.04446e-01
0.39530	1.05437e-01
0.39530	1.06457e-01
0.39534	1.07502e-01
0.39540	1.08565e-01
0.39551	1.09643e-01
0.39564	1.10730e-01
0.39582	1.11822e-01
0.39603	1.12917e-01
0.39628	1.14010e-01
0.39656	1.15099e-01
0.39688	1.16181e-01
0.39724	1.17255e-01
0.39763	1.18320e-01
0.39806	1.19374e-01
0.39851	1.20418e-01
0.39898	1.21452e-01
0.39940	1.22561e-01
0.39984	1.23656e-01
0.40029	1.24737e-01
0.40072	1.25771e-01
0.40115	1.26789e-01
0.40159	1.27790e-01
0.40202	1.28773e-01
0.40244	1.29734e-01
0.40286	1.30671e-01
0.40327	1.31582e-01
0.40368	1.32462e-01
0.40407	1.33308e-01
0.40445	1.34117e-01
0.40483	1.34886e-01
0.40519	1.35612e-01
0.40554	1.36292e-01
0.40589	1.36925e-01
0.40623	1.37507e-01
0.40655	1.38038e-01
0.40686	1.38523e-01
0.40716	1.38956e-01
0.40744	1.39336e-01
0.40771	1.39660e-01
0.40795	1.39914e-01
0.40818	1.40113e-01
0.40839	1.40256e-01
0.40858	1.40343e-01
0.40876	1.40376e-01
0.40892	1.40354e-01
0.40906	1.40277e-01
0.40918	1.40146e-01
0.40929	1.39963e-01
0.40937	1.39727e-01
0.40944	1.39440e-01
0.40948	1.39103e-01
0.40950	1.38718e-01
0.40950	1.38285e-01
0.40947	1.37806e-01
0.40942	1.37282e-01
0.40934	1.36715e-01
0.40923	1.36106e-01
0.40909	1.35456e-01
0.40892	1.34767e-01
0.40872	1.34040e-01
0.40848	1.33276e-01
0.40821	1.32476e-01
0.40791	1.31642e-01
0.40757	1.30775e-01
0.40720	1.29877e-01
0.40680	1.28948e-01
0.40636	1.27991e-01
0.40587	1.27005e-01
0.40535	1.25993e-01
0.40479	1.24956e-01
0.40421	1.23898e-01
0.40361	1.22821e-01
0.40299	1.21726e-01
0.40229	1.20603e-01
0.40158	1.19467e-01
0.40085	1.18323e-01
0.40010	1.17171e-01
0.39934	1.16016e-01
0.39852	1.14861e-01
0.39769	1.13706e-01
0.39685	1.12553e-01
0.39599	1.11401e-01
0.39513	1.10254e-01
0.39426	1.09112e-01
0.39339	1.07977e-01
0.39251	1.06850e-01
0.39163	1.05732e-01
0.39074	1.04626e-01
0.38986	1.03532e-01
0.38898	1.02452e-01
0.38800	1.01283e-01
0.38702	1.00131e-01
0.38605	9.89966e-02
0.38505	9.79330e-02
0.38406	9.68971e-02
0.38308	9.58914e-02
0.38211	9.49182e-02
0.38116	9.39799e-02
0.38021	9.30787e-02
0.37928	9.22170e-02
0.37837	9.13967e-02
0.37746	9.06198e-02
0.37657	8.98880e-02
0.37568	8.92031e-02
0.37480	8.85664e-02
0.37392	8.79793e-02
0.37306	8.74429e-02
0.37219	8.69583e-02
0.37133	8.65264e-02
0.37048	8.61478e-02
0.36964	8.58233e-02
0.36881	8.55531e-02
0.36798	8.53374e-02
0.36717	8.51763e-02
0.36636	8.50694e-02
0.36557	8.50162e-02
0.36479	8.50179e-02
0.36402	8.50717e-02
0.36327	8.51765e-02
0.36252	8.53151e-02
0.36178	8.55014e-02
0.36106	8.57340e-02
0.36036	8.60110e-02
0.35968	8.63306e-02
0.35901	8.66906e-02
0.35836	8.70890e-02
0.35773	8.75234e-02
0.35713	8.79916e-02
0.35654	8.84912e-02
0.35597	8.90197e-02
0.35542	8.95748e-02
0.35489	9.01540e-02
0.35438	9.07549e-02
0.35387	9.13760e-02
0.35338	9.20140e-02
0.35287	9.27226e-02
0.35237	9.34489e-02
0.35189	9.41902e-02
0.35143	9.49443e-02
0.35094	9.56327e-02
0.35045	9.63257e-02
0.34999	9.70217e-02
0.34953	9.77190e-02
0.34910	9.84159e-02
0.34868	9.91106e-02
0.34827	9.98013e-02
0.34789	1.00486e-01
0.34752	1.01164e-01
0.34716	1.01833e-01
0.34683	1.02491e-01
0.34651	1.03138e-01
0.34621	1.03771e-01
0.34594	1.04391e-01
0.34568	1.04996e-01
0.34544	1.05585e-01
0.34522	1.06159e-01
0.34501	1.06717e-01
0.34482	1.07259e-01
0.34464	1.07787e-01
0.34448	1.08300e-01
0.34431	1.08800e-01
0.34416	1.09287e-01
0.34400	1.09762e-01
0.34384	1.10226e-01
0.34369	1.10681e-01
0.34353	1.11126e-01
0.34336	1.11565e-01
0.34316	1.11973e-01
0.34296	1.12374e-01
0.34275	1.12771e-01
0.34253	1.13164e-01
0.34230	1.13555e-01
0.34206	1.13945e-01
0.34175	1.14345e-01
0.34143	1.14749e-01
0.34110	1.15158e-01
0.34075	1.15571e-01
0.34039	1.15990e-01
0.34002	1.16412e-01
0.33963	1.16839e-01
0.33922	1.17272e-01
0.33881	1.17710e-01
0.33838	1.18153e-01
0.33794	1.18602e-01
0.33749	1.19056e-01
0.33703	1.19516e-01
0.33657	1.19981e-01
0.33609	1.20452e-01
0.33560	1.20928e-01
0.33511	1.21410e-01
0.33457	1.21904e-01
0.33401	1.22403e-01
0.33345	1.22905e-01
0.33282	1.23443e-01
0.33218	1.23981e-01
0.33154	1.24516e-01
0.33090	1.25048e-01
0.33026	1.25574e-01
0.32961	1.26094e-01
0.32898	1.26606e-01
0.32834	1.27108e-01
0.32772	1.27599e-01
0.32710	1.28079e-01
0.32650	1.28545e-01
0.32590	1.28996e-01
0.32532	1.29432e-01
0.32475	1.29851e-01
0.32419	1.30252e-01
0.32365	1.30625e-01
0.32312	1.30977e-01
0.32261	1.31308e-01
0.32213	1.31615e-01
0.32166	1.31898e-01
0.32122	1.32155e-01
0.32080	1.32384e-01
0.32041	1.32585e-01
0.32001	1.32755e-01
0.31967	1.32831e-01
0.31935	1.32875e-01
0.31900	1.32869e-01
0.31868	1.32829e-01
0.31839	1.32752e-01
0.31812	1.32639e-01
0.31788	1.32488e-01
0.31767	1.32297e-01
0.31748	1.32066e-01
0.31733	1.31795e-01
0.31720	1.31483e-01
0.31711	1.31133e-01
0.31703	1.30744e-01
0.31698	1.30319e-01
0.31696	1.29861e-01
0.31696	1.29372e-01
0.31699	1.28856e-01
0.31703	1.28318e-01
0.31710	1.27761e-01
0.31718	1.27189e-01
0.31729	1.26609e-01
0.31742	1.26022e-01
0.31754	1.25388e-01
0.31766	1.24753e-01
0.31780	1.24121e-01
0.31793	1.23494e-01
0.31806	1.22872e-01
0.31818	1.22255e-01
0.31828	1.21644e-01
0.31836	1.21039e-01
0.31842	1.20442e-01
0.31846	1.19853e-01
0.31847	1.19274e-01
0.31845	1.18706e-01
0.31841	1.18151e-01
0.31834	1.17609e-01
0.31824	1.17083e-01
0.31811	1.16575e-01
0.31795	1.16087e-01
0.31777	1.15622e-01
0.31755	1.15183e-01
0.31732	1.14771e-01
0.31705	1.14389e-01
0.31676	1.14039e-01
0.31645	1.13722e-01
0.31611	1.13440e-01
0.31574	1.13194e-01
0.31535	1.12985e-01
0.31494	1.12813e-01
0.31450	1.12678e-01
0.31404	1.12581e-01
0.31355	1.12521e-01
0.31305	1.12499e-01
0.31252	1.12514e-01
0.31196	1.12565e-01
0.31139	1.12651e-01
0.31071	1.12875e-01
0.31002	1.13122e-01
0.30931	1.13389e-01
0.30860	1.13676e-01
0.30787	1.13981e-01
0.30715	1.14330e-01
0.30643	1.14696e-01
0.30571	1.15076e-01
0.30497	1.15469e-01
0.30423	1.15872e-01
0.30344	1.16269e-01
0.30264	1.16672e-01
0.30183	1.17081e-01
0.30103	1.17494e-01
0.30022	1.17910e-01
0.29941	1.18327e-01
0.29860	1.18744e-01
0.29779	1.19154e-01
0.29697	1.19561e-01
0.29616	1.19963e-01
0.29531	1.20356e-01
0.29446	1.20743e-01
0.29362	1.21123e-01
0.29278	1.21495e-01
0.29195	1.21859e-01
0.29112	1.22214e-01
0.29030	1.22560e-01
0.28949	1.22896e-01
0.28869	1.23222e-01
0.28790	1.23537e-01
0.28712	1.23842e-01
0.28635	1.24137e-01
0.28559	1.24422e-01
0.28485	1.24696e-01
0.28413	1.24961e-01
0.28335	1.25183e-01
0.28259	1.25395e-01
0.28184	1.25598e-01
0.28111	1.25793e-01
0.28041	1.25981e-01
0.27972	1.26163e-01
0.27905	1.26340e-01
0.27841	1.26512e-01
0.27788	1.26538e-01
0.27736	1.26571e-01
0.27688	1.26595e-01
0.27643	1.26611e-01
0.27601	1.26621e-01
0.27561	1.26628e-01
0.27525	1.26633e-01
0.27492	1.26638e-01
0.27461	1.26644e-01
0.27434	1.26653e-01
0.27410	1.26665e-01
0.27388	1.26683e-01
0.27368	1.26705e-01
0.27352	1.26733e-01
0.27337	1.26767e-01
0.27324	1.26805e-01
0.27314	1.26848e-01
0.27301	1.26870e-01
0.27290	1.26896e-01
0.27281	1.26924e-01
0.27272	1.26954e-01
0.27262	1.26975e-01
0.27253	1.26996e-01
0.27245	1.27016e-01
0.27237	1.27036e-01
0.27230	1.27055e-01
0.27223	1.27072e-01
0.27217	1.27088e-01
0.27211	1.27099e-01
0.27206	1.27107e-01
0.27200	1.27108e-01
0.27195	1.27101e-01
0.27189	1.27083e-01
0.27184	1.27053e-01
0.27177	1.27007e-01
0.27170	1.26942e-01
0.27163	1.26856e-01
0.27155	1.26745e-01
0.27146	1.26606e-01
0.27137	1.26437e-01
0.27126	1.26235e-01
0.27115	1.25998e-01
0.27103	1.25723e-01
0.27090	1.25409e-01
0.27075	1.25057e-01
0.27059	1.24666e-01
0.27043	1.24235e-01
0.27025	1.23767e-01
0.27005	1.23262e-01
0.26985	1.22721e-01
0.26963	1.22145e-01
0.26941	1.21536e-01
0.26917	1.20894e-01
0.26892	1.20220e-01
0.26865	1.19516e-01
0.26838	1.18783e-01
0.26810	1.18022e-01
0.26774	1.17325e-01
0.26737	1.16609e-01
0.26698	1.15875e-01
0.26658	1.15122e-01
0.26617	1.14352e-01
0.26574	1.13565e-01
0.26530	1.12764e-01
0.26485	1.11951e-01
0.26439	1.11126e-01
0.26391	1.10291e-01
0.26334	1.09309e-01
0.26275	1.08316e-01
0.26215	1.07315e-01
0.26155	1.06308e-01
0.26093	1.05296e-01
0.26030	1.04284e-01
0.25966	1.03273e-01
0.25909	1.02315e-01
0.25852	1.01365e-01
0.25795	1.00426e-01
0.25736	9.95197e-02
0.25677	9.86312e-02
0.25618	9.77631e-02
0.25560	9.69182e-02
0.25503	9.60994e-02
0.25448	9.53094e-02
0.25394	9.45508e-02
0.25343	9.38262e-02
0.25294	9.31377e-02
0.25248	9.24876e-02
0.25206	9.18783e-02
0.25166	9.13122e-02
0.25130	9.07916e-02
0.25096	9.03194e-02
0.25066	8.98978e-02
0.25037	8.95279e-02
0.25010	8.92130e-02
0.24985	8.89540e-02
0.24962	8.87513e-02
0.24940	8.86045e-02
0.24920	8.85130e-02
0.24901	8.84759e-02
0.24883	8.84923e-02
0.24866	8.85627e-02
0.24849	8.86990e-02
0.24834	8.88861e-02
0.24820	8.91232e-02
0.24808	8.94096e-02
0.24797	8.97446e-02
0.24788	9.01276e-02
0.24780	9.05576e-02
0.24773	9.10337e-02
0.24768	9.15550e-02
0.24764	9.21204e-02
0.24761	9.27284e-02
0.24759	9.33779e-02
0.24758	9.40672e-02
0.24758	9.47948e-02
0.24759	9.55589e-02
0.24760	9.63578e-02
0.24759	9.71411e-02
0.24758	9.79517e-02
0.24757	9.87879e-02
0.24757	9.96477e-02
0.24755	1.00525e-01
0.24753	1.01421e-01
0.24751	1.02335e-01
0.24750	1.03265e-01
0.24749	1.04207e-01
0.24748	1.05160e-01
0.24748	1.06121e-01
0.24748	1.07088e-01
0.24749	1.08059e-01
0.24750	1.09032e-01
0.24752	1.10005e-01
0.24754	1.10976e-01
0.24757	1.11942e-01
0.24761	1.12903e-01
0.24766	1.13854e-01
0.24771	1.14796e-01
0.24777	1.15726e-01
0.24785	1.16641e-01
0.24793	1.17541e-01
0.24811	1.18330e-01
0.24830	1.19098e-01
0.24851	1.19846e-01
0.24873	1.20573e-01
0.24896	1.21277e-01
0.24920	1.21959e-01
0.24945	1.22616e-01
0.24971	1.23249e-01
0.24998	1.23857e-01
0.25027	1.24439e-01
0.25056	1.24995e-01
0.25086	1.25525e-01
0.25116	1.26028e-01
0.25148	1.26505e-01
0.25179	1.26955e-01
0.25212	1.27379e-01
0.25245	1.27777e-01
0.25278	1.28148e-01
0.25311	1.28492e-01
0.25344	1.28810e-01
0.25378	1.29099e-01
0.25411	1.29361e-01
0.25443	1.29570e-01
0.25474	1.29748e-01
0.25505	1.29893e-01
0.25536	1.30006e-01
0.25567	1.30085e-01
0.25593	1.30138e-01
0.25619	1.30158e-01
0.25645	1.30144e-01
0.25669	1.30098e-01
0.25694	1.30019e-01
0.25717	1.29909e-01
0.25740	1.29770e-01
0.25758	1.29558e-01
0.25776	1.29315e-01
0.25793	1.29045e-01
0.25809	1.28745e-01
0.25824	1.28420e-01
0.25839	1.28070e-01
0.25853	1.27696e-01
0.25866	1.27298e-01
0.25879	1.26879e-01
0.25891	1.26438e-01
0.25903	1.25976e-01
0.25914	1.25494e-01
0.25926	1.24994e-01
0.25937	1.24476e-01
0.25947	1.23941e-01
0.25958	1.23390e-01
0.25968	1.22825e-01
0.25979	1.22245e-01
0.25984	1.21622e-01
0.25988	1.20985e-01
0.25994	1.20333e-01
0.25999	1.19667e-01
0.26005	1.18986e-01
0.26013	1.18289e-01
0.26021	1.17575e-01
0.26031	1.16843e-01
0.26039	1.16124e-01
0.26050	1.15357e-01
0.26063	1.14574e-01
0.26078	1.13771e-01
0.26096	1.12950e-01
0.26115	1.12109e-01
0.26136	1.11247e-01
0.26158	1.10361e-01
0.26182	1.09451e-01
0.26206	1.08513e-01
0.26231	1.07544e-01
0.26257	1.06543e-01
0.26282	1.05505e-01
0.26307	1.04431e-01
0.26331	1.03319e-01
0.26355	1.02168e-01
0.26379	1.00980e-01
0.26402	9.97554e-02
0.26424	9.84972e-02
0.26445	9.72079e-02
0.26465	9.58905e-02
0.26486	9.45591e-02
0.26507	9.32086e-02
0.26527	9.18433e-02
0.26546	9.04673e-02
0.26564	8.90851e-02
0.26582	8.77014e-02
0.26599	8.63206e-02
0.26615	8.49476e-02
0.26623	8.36667e-02
0.26630	8.24114e-02
0.26635	8.11862e-02
0.26640	7.99958e-02
0.26644	7.88447e-02
0.26647	7.77373e-02
0.26649	7.66778e-02
0.26650	7.56702e-02
0.26651	7.47182e-02
0.26651	7.38254e-02
0.26651	7.29949e-02
0.26649	7.22384e-02
0.26646	7.15490e-02
0.26644	7.09282e-02
0.26641	7.03774e-02
0.26638	6.98972e-02
0.26635	6.94881e-02
0.26631	6.91498e-02
0.26628	6.88817e-02
0.26625	6.86830e-02
0.26622	6.85521e-02
0.26619	6.84873e-02
0.26617	6.84866e-02
0.26615	6.85473e-02
0.26613	6.86667e-02
0.26612	6.88418e-02
0.26612	6.90693e-02
0.26612	6.93456e-02
0.26613	6.96670e-02
0.26615	7.00293e-02
0.26617	7.04286e-02
0.26621	7.08605e-02
0.26627	7.13207e-02
0.26633	7.18045e-02
0.26641	7.23078e-02
0.26650	7.28264e-02
0.26661	7.33561e-02
0.26674	7.38927e-02
0.26688	7.44330e-02
0.26703	7.49732e-02
0.26720	7.55098e-02
0.26740	7.60398e-02
0.26761	7.65604e-02
0.26784	7.70689e-02
0.26810	7.75631e-02
0.26837	7.80404e-02
0.26867	7.84988e-02
0.26898	7.89376e-02
0.26930	7.93483e-02
0.26965	7.97372e-02
0.27001	8.01043e-02
0.27041	8.04496e-02
0.27082	8.07732e-02
0.27127	8.10757e-02
0.27174	8.13579e-02
0.27225	8.16206e-02
0.27278	8.18653e-02
0.27335	8.20936e-02
0.27396	8.23074e-02
0.27460	8.25093e-02
0.27529	8.27020e-02
0.27602	8.28891e-02
0.27680	8.30745e-02
0.27759	8.32657e-02
0.27842	8.34652e-02
0.27931	8.36773e-02
0.28023	8.39049e-02
0.28117	8.41484e-02
0.28212	8.44047e-02
0.28305	8.46678e-02
0.28394	8.49319e-02
0.28477	8.51930e-02
0.28551	8.54914e-02
0.28620	8.57965e-02
0.28683	8.61100e-02
0.28741	8.64345e-02
0.28794	8.67729e-02
0.28843	8.71278e-02
0.28887	8.75051e-02
0.28928	8.79029e-02
0.28964	8.83228e-02
0.28998	8.87657e-02
0.29028	8.92325e-02
0.29055	8.97242e-02
0.29079	9.02412e-02
0.29099	9.07840e-02
0.29115	9.13531e-02
0.29128	9.19484e-02
0.29130	9.25841e-02
0.29127	9.32499e-02
0.29120	9.39449e-02
0.29107	9.46682e-02
0.29085	9.53756e-02
0.29058	9.61051e-02
0.29025	9.68549e-02
0.28986	9.76227e-02
0.28941	9.84059e-02
0.28890	9.92016e-02
0.28833	1.00007e-01
0.28770	1.00818e-01
0.28700	1.01644e-01
0.28625	1.02471e-01
0.28544	1.03294e-01
0.28457	1.04111e-01
0.28366	1.04919e-01
0.28269	1.05715e-01
0.28168	1.06498e-01
0.28062	1.07263e-01
0.27952	1.08011e-01
0.27837	1.08738e-01
0.27718	1.09443e-01
0.27592	1.10129e-01
0.27462	1.10790e-01
0.27328	1.11425e-01
0.27190	1.12034e-01
0.27048	1.12615e-01
0.26902	1.13166e-01
0.26752	1.13688e-01
0.26599	1.14179e-01
0.26442	1.14638e-01
0.26282	1.15064e-01
0.26119	1.15457e-01
0.25953	1.15815e-01
0.25785	1.16137e-01
0.25614	1.16421e-01
0.25442	1.16666e-01
0.25267	1.16870e-01
0.25091	1.17028e-01
0.24915	1.17136e-01
0.24738	1.17186e-01
0.24561	1.17168e-01
0.24387	1.17067e-01
0.24214	1.16865e-01
0.24044	1.16526e-01
0.23879	1.16059e-01
0.23718	1.15471e-01
0.23561	1.14781e-01
0.23408	1.14012e-01
0.23257	1.13173e-01
0.23107	1.12290e-01
0.22959	1.11376e-01
0.22812	1.10440e-01
0.22667	1.09488e-01
0.22524	1.08526e-01
0.22382	1.07558e-01
0.22240	1.06564e-01
0.22099	1.05565e-01
0.21961	1.04564e-01
0.21823	1.03571e-01
0.21687	1.02581e-01
0.21553	1.01595e-01
0.21421	1.00617e-01
0.21292	9.96449e-02
0.21165	9.86812e-02
0.21040	9.77262e-02
0.20919	9.67802e-02
0.20800	9.58435e-02
0.20684	9.49162e-02
0.20572	9.39981e-02
0.20463	9.30890e-02
0.20357	9.21885e-02
0.20254	9.12958e-02
0.20155	9.04105e-02
0.20060	8.95315e-02
0.19968	8.86581e-02
0.19880	8.77894e-02
0.19795	8.69247e-02
0.19715	8.60634e-02
0.19638	8.52055e-02
0.19564	8.43513e-02
0.19494	8.35018e-02
0.19428	8.26585e-02
0.19363	8.18270e-02
0.19302	8.10060e-02
0.19243	8.01975e-02
0.19187	7.94038e-02
0.19133	7.86267e-02
0.19081	7.78678e-02
0.19031	7.71338e-02
0.18982	7.64216e-02
0.18936	7.57322e-02
0.18891	7.50665e-02
0.18847	7.44254e-02
0.18805	7.38099e-02
0.18765	7.32213e-02
0.18725	7.26606e-02
0.18687	7.21296e-02
0.18651	7.16300e-02
0.18615	7.11662e-02
0.18580	7.07389e-02
0.18546	7.03514e-02
0.18512	7.00075e-02
0.18475	6.97158e-02
0.18438	6.94753e-02
0.18401	6.92899e-02
0.18365	6.91629e-02
0.18328	6.90970e-02
0.18291	6.90948e-02
0.18254	6.91579e-02
0.18217	6.92880e-02
0.18195	6.93186e-02
0.18175	6.94177e-02
0.18156	6.95887e-02
0.18140	6.98343e-02
0.18125	7.01565e-02
0.18113	7.05568e-02
0.18103	7.10361e-02
0.18095	7.15950e-02
0.18091	7.22328e-02
0.18090	7.29484e-02
0.18093	7.37396e-02
0.18092	7.45452e-02
0.18095	7.54195e-02
0.18102	7.63570e-02
0.18114	7.73503e-02
0.18131	7.83898e-02
0.18153	7.94645e-02
0.18181	8.05614e-02
0.18216	8.16671e-02
0.18257	8.27679e-02
0.18304	8.38514e-02
0.18358	8.49078e-02
0.18419	8.59304e-02
0.18486	8.69165e-02
0.18559	8.78672e-02
0.18638	8.87869e-02
0.18721	8.96823e-02
0.18809	9.05612e-02
0.18900	9.14316e-02
0.18994	9.23016e-02
0.19091	9.31780e-02
0.19190	9.40669e-02
0.19290	9.49731e-02
0.19391	9.58905e-02
0.19492	9.68302e-02
0.19594	9.77938e-02
0.19695	9.87821e-02
0.19797	9.97951e-02
0.19888	1.00747e-01
0.19979	1.01717e-01
0.20069	1.02704e-01
0.20158	1.03705e-01
0.20246	1.04720e-01
0.20333	1.05747e-01
0.20418	1.06783e-01
0.20501	1.07792e-01
0.20582	1.08804e-01
0.20661	1.09818e-01
0.20738	1.10826e-01
0.20813	1.11834e-01
0.20886	1.12839e-01
0.20957	1.13837e-01
0.21025	1.14823e-01
0.21091	1.15783e-01
0.21157	1.16685e-01
0.21227	1.17439e-01
0.21309	1.17910e-01
0.21399	1.18147e-01
0.21490	1.18296e-01
0.21578	1.18418e-01
0.21662	1.18535e-01
0.21741	1.18654e-01
0.21814	1.18779e-01
0.21882	1.18911e-01
0.21945	1.19050e-01
0.22002	1.19196e-01
0.22053	1.19348e-01
0.22100	1.19506e-01
0.22140	1.19668e-01
0.22176	1.19835e-01
0.22206	1.20005e-01
0.22230	1.20176e-01
0.22248	1.20371e-01
0.22260	1.20566e-01
0.22266	1.20757e-01
0.22267	1.20942e-01
0.22261	1.21116e-01
0.22250	1.21278e-01
0.22233	1.21421e-01
0.22210	1.21545e-01
0.22182	1.21644e-01
0.22148	1.21716e-01
0.22110	1.21757e-01
0.22068	1.21765e-01
0.22022	1.21737e-01
0.21973	1.21669e-01
0.21921	1.21560e-01
0.21868	1.21406e-01
0.21812	1.21208e-01
0.21756	1.20963e-01
0.21700	1.20671e-01
0.21644	1.20332e-01
0.21588	1.19950e-01
0.21533	1.19526e-01
0.21479	1.19065e-01
0.21425	1.18573e-01
0.21372	1.18055e-01
0.21319	1.17520e-01
0.21266	1.16974e-01
0.21212	1.16424e-01
0.21156	1.15858e-01
0.21099	1.15296e-01
0.21041	1.14740e-01
0.20982	1.14195e-01
0.20922	1.13662e-01
0.20860	1.13141e-01
0.20798	1.12634e-01
0.20736	1.12141e-01
0.20673	1.11661e-01
0.20610	1.11196e-01
0.20547	1.10744e-01
0.20484	1.10306e-01
0.20422	1.09882e-01
0.20361	1.09471e-01
0.20300	1.09073e-01
0.20241	1.08688e-01
0.20183	1.08317e-01
0.20126	1.07958e-01
0.20072	1.07611e-01
0.20019	1.07277e-01
0.19968	1.06954e-01
0.19919	1.06642e-01
0.19872	1.06341e-01
0.19828	1.06050e-01
0.19786	1.05768e-01
0.19747	1.05495e-01
0.19710	1.05229e-01
0.19676	1.04971e-01
0.19645	1.04720e-01
0.19617	1.04474e-01
0.19591	1.04234e-01
0.19568	1.03998e-01
0.19548	1.03766e-01
0.19529	1.03516e-01
0.19512	1.03265e-01
0.19497	1.03013e-01
0.19485	1.02761e-01
0.19475	1.02509e-01
0.19467	1.02255e-01
0.19462	1.02000e-01
0.19459	1.01742e-01
0.19459	1.01479e-01
0.19461	1.01210e-01
0.19466	1.00931e-01
0.19474	1.00641e-01
0.19479	1.00260e-01
0.19488	9.98610e-02
0.19499	9.94411e-02
0.19524	9.90500e-02
0.19552	9.86427e-02
0.19582	9.82203e-02
0.19614	9.77843e-02
0.19648	9.73367e-02
0.19684	9.68796e-02
0.19721	9.64153e-02
0.19758	9.59459e-02
0.19797	9.54737e-02
0.19835	9.50005e-02
0.19874	9.45283e-02
0.19912	9.40587e-02
0.19950	9.35933e-02
0.19987	9.31337e-02
0.20024	9.26812e-02
0.20060	9.22373e-02
0.20094	9.18030e-02
0.20127	9.13798e-02
0.20159	9.09688e-02
0.20190	9.05712e-02
0.20219	9.01880e-02
0.20246	8.98205e-02
0.20271	8.94697e-02
0.20295	8.91369e-02
0.20314	8.88793e-02
0.20330	8.86491e-02
0.20345	8.84472e-02
0.20357	8.82743e-02
0.20366	8.81312e-02
0.20374	8.80186e-02
0.20388	8.79460e-02
0.20399	8.79095e-02
0.20407	8.79093e-02
0.20413	8.79453e-02
0.20415	8.80174e-02
0.20414	8.81256e-02
0.20410	8.82696e-02
0.20403	8.84491e-02
0.20393	8.86641e-02
0.20380	8.89143e-02
0.20358	8.92160e-02
0.20334	8.95529e-02
0.20307	8.99245e-02
0.20278	9.03300e-02
0.20241	9.08004e-02
0.20203	9.13054e-02
0.20163	9.18426e-02
0.20122	9.24094e-02
0.20080	9.30026e-02
0.20037	9.36185e-02
0.19993	9.42525e-02
0.19949	9.48991e-02
0.19902	9.55588e-02
0.19853	9.62176e-02
0.19805	9.68657e-02
0.19755	9.74922e-02
0.19705	9.80862e-02
0.19654	9.86388e-02
0.19602	9.91443e-02
0.19549	9.96015e-02
0.19494	1.00013e-01
0.19437	1.00384e-01
0.19378	1.00719e-01
0.19327	1.00943e-01
0.19275	1.01139e-01
0.19223	1.01313e-01
0.19170	1.01470e-01
0.19117	1.01611e-01
0.19065	1.01739e-01
0.19014	1.01857e-01
0.18964	1.01964e-01
0.18916	1.02061e-01
0.18870	1.02148e-01
0.18827	1.02225e-01
0.18785	1.02289e-01
0.18747	1.02342e-01
0.18710	1.02381e-01
0.18677	1.02406e-01
0.18647	1.02417e-01
0.18619	1.02413e-01
0.18594	1.02396e-01
0.18572	1.02365e-01
0.18553	1.02321e-01
0.18536	1.02266e-01
0.18522	1.02202e-01
0.18503	1.02070e-01
0.18486	1.01928e-01
0.18471	1.01779e-01
0.18458	1.01624e-01
0.18446	1.01466e-01
0.18431	1.01223e-01
0.18417	1.00978e-01
0.18404	1.00734e-01
0.18391	1.00492e-01
0.18379	1.00255e-01
0.18368	1.00025e-01
0.18357	9.98041e-02
0.18344	9.95602e-02
0.18330	9.93256e-02
0.18316	9.91024e-02
0.18301	9.88940e-02
0.18285	9.87016e-02
0.18268	9.85271e-02
0.18251	9.83723e-02
0.18232	9.82391e-02
0.18213	9.81293e-02
0.18192	9.80448e-02
0.18170	9.79874e-02
0.18147	9.79591e-02
0.18123	9.79617e-02
0.18097	9.79971e-02
0.18070	9.80670e-02
0.18042	9.81730e-02
0.18013	9.83163e-02
0.17982	9.84976e-02
0.17951	9.87169e-02
0.17918	9.89732e-02
0.17886	9.92646e-02
0.17853	9.95877e-02
0.17821	9.99381e-02
0.17789	1.00310e-01
0.17759	1.00698e-01
0.17730	1.01094e-01
0.17702	1.01491e-01
0.17674	1.01907e-01
0.17647	1.02310e-01
0.17623	1.02695e-01
0.17600	1.03057e-01
0.17580	1.03392e-01
0.17561	1.03695e-01
0.17545	1.03968e-01
0.17530	1.04210e-01
0.17517	1.04421e-01
0.17506	1.04601e-01
0.17497	1.04753e-01
0.17490	1.04877e-01
0.17485	1.04977e-01
0.17480	1.05053e-01
0.17478	1.05110e-01
0.17476	1.05150e-01
0.17469	1.05166e-01
0.17463	1.05170e-01
0.17457	1.05166e-01
0.17452	1.05156e-01
0.17441	1.05203e-01
0.17430	1.05248e-01
0.17420	1.05292e-01
0.17412	1.05336e-01
0.17404	1.05382e-01
0.17398	1.05429e-01
0.17394	1.05478e-01
0.17391	1.05529e-01
0.17388	1.05581e-01
0.17388	1.05633e-01
0.17389	1.05685e-01
0.17391	1.05732e-01
0.17395	1.05771e-01
0.17401	1.05796e-01
0.17408	1.05799e-01
0.17417	1.05771e-01
0.17428	1.05702e-01
0.17442	1.05581e-01
0.17458	1.05396e-01
0.17479	1.05133e-01
0.17504	1.04798e-01
0.17532	1.04399e-01
0.17563	1.03948e-01
0.17595	1.03461e-01
0.17629	1.02955e-01
0.17663	1.02446e-01
0.17698	1.01947e-01
0.17732	1.01469e-01
0.17767	1.01019e-01
0.17800	1.00606e-01
0.17834	1.00233e-01
0.17867	9.99039e-02
0.17900	9.96216e-02
0.17932	9.93878e-02
0.17964	9.92038e-02
0.17994	9.90706e-02
0.18024	9.89892e-02
0.18053	9.89599e-02
0.18081	9.89824e-02
0.18106	9.90561e-02
0.18130	9.91792e-02
0.18151	9.93453e-02
0.18170	9.95530e-02
0.18187	9.97965e-02
0.18202	1.00068e-01
0.18216	1.00358e-01
0.18221	1.00502e-01
0.18226	1.00628e-01
0.18231	1.00718e-01
0.18237	1.00755e-01
0.18246	1.00719e-01
0.18258	1.00591e-01
0.18275	1.00356e-01
0.18295	9.99888e-02
0.18318	9.95106e-02
0.18346	9.89316e-02
0.18379	9.82558e-02
0.18414	9.75105e-02
0.18451	9.67137e-02
0.18488	9.58826e-02
0.18525	9.50327e-02
0.18561	9.41783e-02
0.18594	9.33316e-02
0.18626	9.25036e-02
0.18653	9.17034e-02
0.18677	9.09384e-02
0.18697	9.02143e-02
0.18712	8.95350e-02
0.18721	8.89031e-02
0.18725	8.83195e-02
0.18723	8.77839e-02
0.18715	8.72949e-02
0.18701	8.68505e-02
0.18681	8.64479e-02
0.18655	8.60838e-02
0.18623	8.57548e-02
0.18586	8.54571e-02
0.18543	8.51867e-02
0.18495	8.49396e-02
0.18443	8.47115e-02
0.18389	8.44632e-02
0.18330	8.42253e-02
0.18267	8.39927e-02
0.18201	8.37602e-02
0.18131	8.35219e-02
0.18057	8.32715e-02
0.17981	8.30036e-02
0.17903	8.27099e-02
0.17824	8.23831e-02
0.17743	8.20163e-02
0.17662	8.16031e-02
0.17581	8.11381e-02
0.17499	8.06179e-02
0.17419	8.00410e-02
0.17339	7.94084e-02
0.17260	7.87236e-02
0.17182	7.79849e-02
0.17104	7.72056e-02
0.17026	7.63939e-02
0.16950	7.55586e-02
0.16872	7.47068e-02
0.16796	7.38472e-02
0.16719	7.29868e-02
0.16643	7.21318e-02
0.16567	7.12870e-02
0.16493	7.04557e-02
0.16419	6.96399e-02
0.16347	6.88403e-02
0.16275	6.80485e-02
0.16205	6.72700e-02
0.16137	6.65038e-02
0.16072	6.57494e-02
0.16010	6.50077e-02
0.15951	6.42813e-02
0.15895	6.35752e-02
0.15843	6.28961e-02
0.15794	6.22527e-02
0.15748	6.16543e-02
0.15705	6.11104e-02
0.15665	6.06308e-02
0.15628	6.02211e-02
0.15594	5.98857e-02
0.15563	5.96256e-02
0.15536	5.94374e-02
0.15512	5.93129e-02
0.15493	5.92376e-02
0.15480	5.91910e-02
0.15472	5.91470e-02
0.15472	5.90763e-02
0.15481	5.89513e-02
0.15499	5.87530e-02
0.15526	5.84761e-02
0.15561	5.81304e-02
0.15605	5.77377e-02
0.15655	5.73252e-02
0.15710	5.69209e-02
0.15769	5.65499e-02
0.15832	5.62335e-02
0.15897	5.59888e-02
0.15964	5.58288e-02
0.16032	5.57633e-02
0.16100	5.58126e-02
0.16169	5.59672e-02
0.16237	5.62271e-02
0.16305	5.65901e-02
0.16372	5.70515e-02
0.16436	5.76132e-02
0.16498	5.82601e-02
0.16557	5.89825e-02
0.16614	5.97704e-02
0.16667	6.06139e-02
0.16716	6.15037e-02
0.16762	6.24308e-02
0.16801	6.34009e-02
0.16837	6.43955e-02
0.16867	6.54076e-02
0.16900	6.64076e-02
0.16929	6.74222e-02
0.16954	6.84464e-02
0.16974	6.94755e-02
0.16990	7.05050e-02
0.17002	7.15306e-02
0.17011	7.25482e-02
0.17015	7.35542e-02
0.17015	7.45448e-02
0.17012	7.55169e-02
0.17005	7.64671e-02
0.16996	7.73925e-02
0.16983	7.82901e-02
0.16967	7.91571e-02
0.16948	7.99908e-02
0.16927	8.07886e-02
0.16903	8.15481e-02
0.16877	8.22672e-02
0.16847	8.29441e-02
0.16816	8.35775e-02
0.16781	8.41663e-02
0.16744	8.47099e-02
0.16704	8.52080e-02
0.16661	8.56607e-02
0.16614	8.60531e-02
0.16565	8.63979e-02
0.16513	8.66959e-02
0.16458	8.69482e-02
0.16401	8.71557e-02
0.16340	8.73197e-02
0.16275	8.74175e-02
0.16208	8.74729e-02
0.16137	8.74877e-02
0.16064	8.74636e-02
0.15988	8.74021e-02
0.15910	8.73048e-02
0.15830	8.71733e-02
0.15747	8.70089e-02
0.15662	8.68131e-02
0.15575	8.65873e-02
0.15486	8.63329e-02
0.15395	8.60511e-02
0.15302	8.57431e-02
0.15208	8.54101e-02
0.15105	8.50421e-02
0.15002	8.46511e-02
0.14897	8.42380e-02
0.14790	8.38038e-02
0.14684	8.33373e-02
0.14576	8.28530e-02
0.14468	8.23523e-02
0.14359	8.18369e-02
0.14250	8.13079e-02
0.14140	8.07671e-02
0.14031	8.02160e-02
0.13921	7.96564e-02
0.13812	7.90900e-02
0.13702	7.85187e-02
0.13593	7.79447e-02
0.13483	7.73699e-02
0.13374	7.67962e-02
0.13265	7.62255e-02
0.13155	7.56591e-02
0.13053	7.50877e-02
0.12952	7.45231e-02
0.12851	7.39646e-02
0.12752	7.34106e-02
0.12655	7.28589e-02
0.12559	7.23075e-02
0.12466	7.17545e-02
0.12376	7.11992e-02
0.12288	7.06421e-02
0.12204	7.00844e-02
0.12123	6.95276e-02
0.12046	6.89731e-02
0.11972	6.84215e-02
0.11903	6.78721e-02
0.11839	6.73223e-02
0.11780	6.67671e-02
0.11728	6.61990e-02
0.11682	6.56078e-02
0.11645	6.49824e-02
0.11617	6.43137e-02
0.11598	6.35980e-02
0.11588	6.28395e-02
0.11586	6.20377e-02
0.11592	6.12181e-02
0.11606	6.03984e-02
0.11627	5.95962e-02
0.11654	5.88280e-02
0.11684	5.80789e-02
0.11720	5.73911e-02
0.11760	5.67772e-02
0.11805	5.62477e-02
0.11854	5.58111e-02
0.11907	5.54740e-02
0.11964	5.52401e-02
0.12019	5.51492e-02
0.12078	5.51552e-02
0.12141	5.52547e-02
0.12206	5.54364e-02
0.12274	5.56980e-02
0.12345	5.60308e-02
0.12419	5.64251e-02
0.12495	5.68709e-02
0.12575	5.73580e-02
0.12657	5.78768e-02
0.12742	5.84191e-02
0.12831	5.89785e-02
0.12922	5.95506e-02
0.13016	6.01329e-02
0.13112	6.07249e-02
0.13211	6.13269e-02
0.13311	6.19397e-02
0.13413	6.25642e-02
0.13517	6.32004e-02
0.13621	6.38476e-02
0.13727	6.45032e-02
0.13833	6.51610e-02
0.13940	6.58071e-02
0.14050	6.64055e-02
0.14168	6.68513e-02
0.14301	6.69487e-02
0.14450	6.67074e-02
0.14601	6.63077e-02
0.14753	6.58615e-02
0.14902	6.54024e-02
0.15050	6.49431e-02
0.15194	6.44891e-02
0.15336	6.40430e-02
0.15480	6.34804e-02
0.15621	6.29164e-02
0.15758	6.23525e-02
0.15892	6.17895e-02
0.16023	6.12278e-02
0.16150	6.06673e-02
0.16273	6.01074e-02
0.16391	5.95477e-02
0.16506	5.89872e-02
0.16616	5.84252e-02
0.16722	5.78570e-02
0.16823	5.72846e-02
0.16920	5.67073e-02
0.17012	5.61246e-02
0.17100	5.55339e-02
0.17183	5.49370e-02
0.17261	5.43340e-02
0.17335	5.37253e-02
0.17402	5.31263e-02
0.17464	5.25250e-02
0.17522	5.19228e-02
0.17574	5.13212e-02
0.17621	5.07222e-02
0.17662	5.01279e-02
0.17698	4.95408e-02
0.17729	4.89639e-02
0.17754	4.84004e-02
0.17774	4.78538e-02
0.17789	4.73283e-02
0.17797	4.68282e-02
0.17800	4.63581e-02
0.17797	4.59224e-02
0.17789	4.55252e-02
0.17774	4.51692e-02
0.17754	4.48579e-02
0.17729	4.45931e-02
0.17698	4.43756e-02
0.17662	4.42054e-02
0.17621	4.40822e-02
0.17575	4.40055e-02
0.17525	4.39747e-02
0.17471	4.39894e-02
0.17413	4.40489e-02
0.17351	4.41527e-02
0.17285	4.43000e-02
0.17215	4.44897e-02
0.17142	4.47201e-02
0.17066	4.49895e-02
0.16987	4.52954e-02
0.16905	4.56353e-02
0.16820	4.60063e-02
0.16732	4.64051e-02
0.16642	4.68285e-02
0.16549	4.72734e-02
0.16453	4.77363e-02
0.16350	4.82629e-02
0.16245	4.88047e-02
0.16137	4.93582e-02
0.16028	4.99194e-02
0.15917	5.04848e-02
0.15804	5.10514e-02
0.15691	5.16151e-02
0.15577	5.21724e-02
0.15462	5.27206e-02
0.15348	5.32568e-02
0.15233	5.37789e-02
0.15119	5.42850e-02
0.15009	5.47831e-02
0.14900	5.52638e-02
0.14792	5.57259e-02
0.14684	5.61719e-02
0.14578	5.65975e-02
0.14473	5.70015e-02
0.14371	5.73823e-02
0.14270	5.77382e-02
0.14173	5.80674e-02
0.14078	5.83677e-02
0.13986	5.86367e-02
0.13897	5.88717e-02
0.13813	5.90697e-02
0.13732	5.92279e-02
0.13655	5.93433e-02
0.13584	5.94133e-02
0.13517	5.94359e-02
0.13455	5.94101e-02
0.13399	5.93361e-02
0.13348	5.92157e-02
0.13302	5.90519e-02
0.13262	5.88497e-02
0.13227	5.86151e-02
0.13198	5.83554e-02
0.13172	5.80785e-02
0.13152	5.77929e-02
0.13135	5.75067e-02
0.13120	5.71948e-02
0.13108	5.68960e-02
0.13099	5.66179e-02
0.13093	5.63676e-02
0.13090	5.61514e-02
0.13090	5.59750e-02
0.13092	5.58429e-02
0.13096	5.57592e-02
0.13103	5.57272e-02
0.13112	5.57491e-02
0.13122	5.58267e-02
0.13135	5.59608e-02
0.13149	5.61516e-02
0.13165	5.63986e-02
0.13183	5.67005e-02
0.13202	5.70554e-02
0.13220	5.74366e-02
0.13239	5.78641e-02
0.13260	5.83348e-02
0.13282	5.88448e-02
0.13303	5.93640e-02
0.13326	5.99111e-02
0.13351	6.04785e-02
0.13379	6.10570e-02
0.13409	6.16366e-02
0.13443	6.22011e-02
0.13481	6.27323e-02
0.13524	6.32089e-02
0.13574	6.36094e-02
0.13631	6.39167e-02
0.13694	6.41242e-02
0.13765	6.42379e-02
0.13842	6.42737e-02
0.13924	6.42507e-02
0.14011	6.41871e-02
0.14101	6.40971e-02
0.14193	6.39908e-02
0.14288	6.38745e-02
0.14385	6.37515e-02
0.14484	6.35954e-02
0.14584	6.34267e-02
0.14684	6.32438e-02
0.14785	6.30444e-02
0.14885	6.28258e-02
0.14984	6.25854e-02
0.15082	6.23207e-02
0.15180	6.20293e-02
0.15276	6.17092e-02
0.15372	6.13584e-02
0.15467	6.09750e-02
0.15562	6.05576e-02
0.15656	6.01054e-02
0.15751	5.96183e-02
0.15846	5.90977e-02
0.15941	5.85461e-02
0.16037	5.79683e-02
0.16133	5.73705e-02
0.16229	5.67613e-02
0.16324	5.61505e-02
0.16420	5.55494e-02
0.16514	5.49693e-02
0.16605	5.44291e-02
0.16695	5.39335e-02
0.16781	5.34914e-02
0.16865	5.31095e-02
0.16944	5.27919e-02
0.17013	5.25746e-02
0.17077	5.24355e-02
0.17136	5.23734e-02
0.17191	5.23860e-02
0.17242	5.24696e-02
0.17289	5.26199e-02
0.17332	5.28317e-02
0.17369	5.30967e-02
0.17403	5.34126e-02
0.17435	5.37727e-02
0.17461	5.41864e-02
0.17485	5.46286e-02
0.17507	5.50920e-02
0.17526	5.55691e-02
0.17543	5.60524e-02
0.17558	5.65347e-02
0.17571	5.70090e-02
0.17582	5.74689e-02
0.17591	5.79086e-02
0.17599	5.83230e-02
0.17605	5.87078e-02
0.17610	5.90595e-02
0.17614	5.93758e-02
0.17616	5.96551e-02
0.17617	5.98967e-02
0.17616	6.01008e-02
0.17614	6.02683e-02
0.17610	6.04007e-02
0.17604	6.04999e-02
0.17596	6.05685e-02
0.17586	6.06089e-02
0.17574	6.06241e-02
0.17560	6.06167e-02
0.17543	6.05895e-02
0.17524	6.05451e-02
0.17502	6.04856e-02
0.17476	6.04133e-02
0.17447	6.03296e-02
0.17414	6.02360e-02
0.17377	6.01338e-02
0.17335	6.00238e-02
0.17288	5.99074e-02
0.17237	5.97860e-02
0.17179	5.96610e-02
0.17117	5.95345e-02
0.17049	5.94085e-02
0.16976	5.92852e-02
0.16897	5.91672e-02
0.16814	5.90566e-02
0.16726	5.89556e-02
0.16631	5.88151e-02
0.16531	5.86830e-02
0.16427	5.85607e-02
0.16319	5.84494e-02
0.16213	5.83886e-02
0.16104	5.83399e-02
0.15993	5.83023e-02
0.15881	5.82745e-02
0.15766	5.82402e-02
0.15651	5.82094e-02
0.15535	5.81806e-02
0.15421	5.81526e-02
0.15307	5.81255e-02
0.15195	5.81001e-02
0.15084	5.80792e-02
0.14977	5.80663e-02
0.14871	5.80662e-02
0.14769	5.80844e-02
0.14669	5.81262e-02
0.14572	5.81971e-02
0.14479	5.83016e-02
0.14388	5.84437e-02
0.14301	5.86265e-02
0.14215	5.88237e-02
0.14131	5.90590e-02
0.14050	5.93329e-02
0.13974	5.96442e-02
0.13900	5.99906e-02
0.13831	6.03675e-02
0.13766	6.07678e-02
0.13707	6.11812e-02
0.13653	6.15934e-02
0.13605	6.19868e-02
0.13565	6.23430e-02
0.13532	6.26487e-02
0.13507	6.29014e-02
0.13490	6.31106e-02
0.13479	6.32913e-02
0.13474	6.34578e-02
0.13473	6.36197e-02
0.13477	6.37821e-02
0.13484	6.39461e-02
0.13495	6.41109e-02
0.13510	6.42743e-02
0.13527	6.44343e-02
0.13545	6.45859e-02
0.13566	6.47303e-02
0.13588	6.48679e-02
0.13611	6.50001e-02
0.13635	6.51291e-02
0.13656	6.52989e-02
0.13678	6.54505e-02
0.13700	6.55881e-02
0.13722	6.57160e-02
0.13744	6.58379e-02
0.13765	6.59561e-02
0.13784	6.60701e-02
0.13799	6.61492e-02
0.13813	6.62067e-02
0.13827	6.62138e-02
0.13844	6.61133e-02
0.13866	6.58261e-02
0.13896	6.53161e-02
0.13931	6.46317e-02
0.13967	6.38412e-02
0.14002	6.29884e-02
0.14034	6.20958e-02
0.14063	6.11749e-02
0.14089	6.02317e-02
0.14112	5.92692e-02
0.14131	5.82890e-02
0.14146	5.72922e-02
0.14157	5.62792e-02
0.14165	5.52505e-02
0.14170	5.42065e-02
0.14171	5.31482e-02
0.14169	5.20764e-02
0.14163	5.09926e-02
0.14154	4.98990e-02
0.14142	4.87981e-02
0.14127	4.76933e-02
0.14110	4.65887e-02
0.14089	4.54893e-02
0.14066	4.44008e-02
0.14037	4.33621e-02
0.14006	4.23499e-02
0.13972	4.13712e-02
0.13936	4.04342e-02
0.13897	3.95475e-02
0.13856	3.87203e-02
0.13812	3.79637e-02
0.13766	3.72862e-02
0.13718	3.66976e-02
0.13668	3.62066e-02
0.13617	3.58215e-02
0.13564	3.55491e-02
0.13509	3.53946e-02
0.13453	3.53613e-02
0.13397	3.54506e-02
0.13339	3.56615e-02
0.13281	3.59911e-02
0.13222	3.64346e-02
0.13162	3.69855e-02
0.13103	3.76360e-02
0.13042	3.83821e-02
0.12982	3.92114e-02
0.12921	4.01145e-02
0.12861	4.10821e-02
0.12800	4.21053e-02
0.12739	4.31752e-02
0.12679	4.42833e-02
0.12618	4.54216e-02
0.12556	4.65818e-02
0.12495	4.77562e-02
0.12434	4.89363e-02
0.12373	5.01133e-02
0.12313	5.12764e-02
0.12254	5.24121e-02
0.12196	5.35018e-02
0.12142	5.45199e-02
0.12092	5.54371e-02
0.12047	5.62356e-02
0.12008	5.69266e-02
0.11972	5.75449e-02
0.11938	5.81256e-02
0.11904	5.86921e-02
0.11870	5.92569e-02
0.11836	5.98253e-02
0.11801	6.03980e-02
0.11766	6.09732e-02
0.11729	6.15470e-02
0.11693	6.21148e-02
0.11656	6.26710e-02
0.11619	6.32091e-02
0.11582	6.37225e-02
0.11546	6.42042e-02
0.11511	6.46468e-02
0.11478	6.50435e-02
0.11447	6.53875e-02
0.11418	6.56731e-02
0.11393	6.58959e-02
0.11370	6.60532e-02
0.11351	6.61443e-02
0.11335	6.61709e-02
0.11323	6.61361e-02
0.11313	6.60487e-02
0.11307	6.59116e-02
0.11303	6.57311e-02
0.11303	6.55135e-02
0.11306	6.52649e-02
0.11309	6.50002e-02
0.11315	6.47150e-02
0.11324	6.44143e-02
0.11335	6.41026e-02
0.11349	6.37847e-02
0.11365	6.34651e-02
0.11384	6.31481e-02
0.11409	6.28361e-02
0.11435	6.25321e-02
0.11464	6.22388e-02
0.11492	6.19463e-02
0.11522	6.16664e-02
0.11553	6.13991e-02
0.11586	6.11433e-02
0.11619	6.08969e-02
0.11653	6.06574e-02
0.11688	6.04222e-02
0.11724	6.01892e-02
0.11760	5.99570e-02
0.11797	5.97254e-02
0.11834	5.94957e-02
0.11871	5.92704e-02
0.11908	5.90531e-02
0.11945	5.88480e-02
0.11981	5.86595e-02
0.12017	5.84920e-02
0.12053	5.83495e-02
0.12089	5.82352e-02
0.12124	5.81517e-02
0.12159	5.81006e-02
0.12194	5.80827e-02
0.12229	5.80978e-02
0.12264	5.81450e-02
0.12299	5.82223e-02
0.12335	5.83249e-02
0.12371	5.84514e-02
0.12409	5.85976e-02
0.12447	5.87586e-02
0.12487	5.89293e-02
0.12529	5.91044e-02
0.12572	5.92783e-02
0.12618	5.94460e-02
0.12666	5.96029e-02
0.12717	5.97452e-02
0.12770	5.98697e-02
0.12826	5.99746e-02
0.12884	6.00587e-02
0.12945	6.01218e-02
0.13009	6.01646e-02
0.13074	6.01879e-02
0.13142	6.01923e-02
0.13212	6.01797e-02
0.13284	6.01513e-02
0.13357	6.01079e-02
0.13428	6.00531e-02
0.13501	5.99854e-02
0.13575	5.99045e-02
0.13650	5.98095e-02
0.13727	5.96877e-02
0.13805	5.95466e-02
0.13885	5.93840e-02
0.13966	5.91979e-02
0.14048	5.89858e-02
0.14131	5.87455e-02
0.14216	5.84750e-02
0.14302	5.81727e-02
0.14389	5.78377e-02
0.14477	5.74696e-02
0.14566	5.70689e-02
0.14655	5.66371e-02
0.14745	5.61762e-02
0.14834	5.56889e-02
0.14922	5.51783e-02
0.15009	5.46480e-02
0.15095	5.41012e-02
0.15178	5.35410e-02
0.15259	5.29703e-02
0.15338	5.23921e-02
0.15414	5.18087e-02
0.15487	5.12227e-02
0.15558	5.06363e-02
0.15625	5.00519e-02
0.15690	4.94716e-02
0.15751	4.88979e-02
0.15810	4.83330e-02
0.15865	4.77792e-02
0.15918	4.72391e-02
0.15967	4.67148e-02
0.16012	4.62085e-02
0.16053	4.57220e-02
0.16091	4.52567e-02
0.16123	4.48135e-02
0.16151	4.43928e-02
0.16174	4.39945e-02
0.16192	4.36185e-02
0.16200	4.32527e-02
0.16203	4.29039e-02
0.16200	4.25717e-02
0.16191	4.22558e-02
0.16177	4.19562e-02
0.16155	4.16504e-02
0.16128	4.13604e-02
0.16095	4.10864e-02
0.16058	4.08285e-02
0.16015	4.05867e-02
0.15967	4.03609e-02
0.15914	4.01512e-02
0.15850	3.99106e-02
0.15782	3.96843e-02
0.15708	3.94726e-02
0.15630	3.92792e-02
0.15548	3.91013e-02
0.15461	3.89388e-02
0.15370	3.87915e-02
0.15275	3.86592e-02
0.15177	3.85412e-02
0.15075	3.84370e-02
0.14970	3.83457e-02
0.14861	3.82663e-02
0.14750	3.81980e-02
0.14637	3.81395e-02
0.14521	3.80899e-02
0.14403	3.80483e-02
0.14284	3.80137e-02
0.14163	3.79855e-02
0.14041	3.79636e-02
0.13918	3.79480e-02
0.13795	3.79390e-02
0.13671	3.79376e-02
0.13547	3.79452e-02
0.13423	3.79635e-02
0.13300	3.79945e-02
0.13177	3.80408e-02
0.13055	3.81049e-02
0.12935	3.81875e-02
0.12815	3.82932e-02
0.12697	3.84249e-02
0.12580	3.85852e-02
0.12465	3.87769e-02
0.12352	3.90025e-02
0.12239	3.92768e-02
0.12128	3.95900e-02
0.12019	3.99439e-02
0.11912	4.03398e-02
0.11806	4.07790e-02
0.11703	4.12626e-02
0.11601	4.17913e-02
0.11502	4.23653e-02
0.11404	4.29839e-02
0.11309	4.36449e-02
0.11215	4.43435e-02
0.11125	4.50683e-02
0.11038	4.57902e-02
0.10959	4.64182e-02
0.10890	4.65783e-02
0.10850	4.61448e-02
0.10826	4.54317e-02
0.10808	4.46648e-02
0.10793	4.39114e-02
0.10780	4.31968e-02
0.10768	4.25314e-02
0.10759	4.19207e-02
0.10751	4.13681e-02
0.10744	4.08760e-02
0.10739	4.04463e-02
0.10735	4.00811e-02
0.10733	3.97825e-02
0.10732	3.95528e-02
0.10732	3.93942e-02
0.10733	3.93087e-02
0.10736	3.92976e-02
0.10739	3.93612e-02
0.10744	3.94985e-02
0.10750	3.97100e-02
0.10758	3.99884e-02
0.10767	4.03276e-02
0.10778	4.07201e-02
0.10791	4.11576e-02
0.10806	4.16317e-02
0.10823	4.21341e-02
0.10843	4.26578e-02
0.10865	4.31967e-02
0.10890	4.37463e-02
0.10917	4.43033e-02
0.10946	4.48655e-02
0.10978	4.54318e-02
0.11011	4.60020e-02
0.11047	4.65765e-02
0.11084	4.71567e-02
0.11123	4.77442e-02
0.11164	4.83411e-02
0.11206	4.89494e-02
0.11249	4.95714e-02
0.11294	5.02093e-02
0.11340	5.08647e-02
0.11388	5.15389e-02
0.11436	5.22327e-02
0.11486	5.29461e-02
0.11537	5.36782e-02
0.11589	5.44268e-02
0.11643	5.51891e-02
0.11697	5.59601e-02
0.11753	5.67336e-02
0.11810	5.75025e-02
0.11868	5.82595e-02
0.11926	5.89976e-02
0.11985	5.97118e-02
0.12040	6.03347e-02
0.12093	6.09345e-02
0.12146	6.15152e-02
0.12198	6.20815e-02
0.12249	6.26383e-02
0.12298	6.31894e-02
0.12345	6.37376e-02
0.12391	6.42842e-02
0.12435	6.48295e-02
0.12478	6.53722e-02
0.12521	6.59102e-02
0.12563	6.64410e-02
0.12605	6.69614e-02
0.12647	6.74682e-02
0.12689	6.79584e-02
0.12731	6.84294e-02
0.12773	6.88787e-02
0.12815	6.93044e-02
0.12857	6.97048e-02
0.12899	7.00783e-02
0.12941	7.04238e-02
0.12982	7.07401e-02
0.13023	7.10258e-02
0.13064	7.12793e-02
0.13104	7.14982e-02
0.13144	7.16793e-02
0.13183	7.18181e-02
0.13223	7.19078e-02
0.13262	7.19424e-02
0.13302	7.19147e-02
0.13343	7.18180e-02
0.13386	7.16472e-02
0.13429	7.13998e-02
0.13474	7.10832e-02
0.13519	7.06931e-02
0.13565	7.02345e-02
0.13611	6.97137e-02
0.13656	6.91380e-02
0.13701	6.85144e-02
0.13744	6.78502e-02
0.13785	6.71524e-02
0.13824	6.64275e-02
0.13860	6.56819e-02
0.13894	6.49206e-02
0.13925	6.41505e-02
0.13952	6.33774e-02
0.13977	6.26071e-02
0.13997	6.18451e-02
0.14015	6.10967e-02
0.14028	6.03671e-02
0.14038	5.96610e-02
0.14044	5.89835e-02
0.14046	5.83381e-02
0.14044	5.77286e-02
0.14039	5.71578e-02
0.14030	5.66279e-02
0.14017	5.61404e-02
0.14001	5.56957e-02
0.13982	5.52931e-02
0.13960	5.49303e-02
0.13936	5.46036e-02
0.13909	5.43071e-02
0.13881	5.40329e-02
0.13852	5.37707e-02
0.13822	5.35077e-02
0.13792	5.32289e-02
0.13764	5.29181e-02
0.13737	5.25595e-02
0.13713	5.21397e-02
0.13692	5.16510e-02
0.13674	5.10932e-02
0.13659	5.04739e-02
0.13646	4.98083e-02
0.13635	4.91167e-02
0.13625	4.84222e-02
0.13615	4.77489e-02
0.13605	4.71201e-02
0.13594	4.65580e-02
0.13582	4.60825e-02
0.13568	4.57117e-02
0.13552	4.54609e-02
0.13533	4.53430e-02
0.13512	4.53678e-02
0.13488	4.55422e-02
0.13462	4.58700e-02
0.13432	4.63519e-02
0.13400	4.69858e-02
0.13364	4.77668e-02
0.13325	4.86897e-02
0.13283	4.97431e-02
0.13238	5.09164e-02
0.13191	5.21974e-02
0.13141	5.35730e-02
0.13088	5.50291e-02
0.13034	5.65505e-02
0.12978	5.81203e-02
0.12921	5.97186e-02
0.12864	6.13201e-02
0.12809	6.28890e-02
0.12759	6.43704e-02
0.12718	6.56811e-02
0.12692	6.67250e-02
0.12683	6.74609e-02
0.12689	6.79431e-02
0.12707	6.82573e-02
0.12731	6.84636e-02
0.12761	6.85922e-02
0.12797	6.86541e-02
0.12836	6.86499e-02
0.12881	6.85746e-02
0.12930	6.84208e-02
0.12984	6.81807e-02
0.13043	6.78476e-02
0.13107	6.74176e-02
0.13175	6.68899e-02
0.13247	6.62672e-02
0.13323	6.55552e-02
0.13401	6.47618e-02
0.13480	6.38966e-02
0.13561	6.29697e-02
0.13641	6.19920e-02
0.13720	6.09742e-02
0.13798	5.99268e-02
0.13873	5.88607e-02
0.13946	5.77864e-02
0.14014	5.67142e-02
0.14079	5.56546e-02
0.14139	5.46149e-02
0.14194	5.36084e-02
0.14244	5.26449e-02
0.14287	5.17340e-02
0.14325	5.08846e-02
0.14356	5.01050e-02
0.14377	4.94172e-02
0.14391	4.88190e-02
0.14399	4.83149e-02
0.14399	4.79074e-02
0.14392	4.75969e-02
0.14379	4.73818e-02
0.14359	4.72583e-02
0.14332	4.72210e-02
0.14299	4.72628e-02
0.14259	4.73752e-02
0.14213	4.75631e-02
0.14161	4.78035e-02
0.14103	4.80857e-02
0.14040	4.83986e-02
0.13972	4.87290e-02
0.13900	4.90681e-02
0.13824	4.94057e-02
0.13744	4.97327e-02
0.13661	5.00495e-02
0.13575	5.03433e-02
0.13487	5.06105e-02
0.13397	5.08497e-02
0.13307	5.10657e-02
0.13215	5.12564e-02
0.13122	5.14258e-02
0.13028	5.15790e-02
0.12933	5.17216e-02
0.12838	5.18589e-02
0.12741	5.19960e-02
0.12644	5.21369e-02
0.12547	5.22850e-02
0.12448	5.24424e-02
0.12349	5.26110e-02
0.12249	5.27922e-02
0.12149	5.29878e-02
0.12048	5.32003e-02
0.11946	5.34328e-02
0.11844	5.36892e-02
0.11741	5.39736e-02
0.11639	5.42902e-02
0.11536	5.46423e-02
0.11435	5.50319e-02
0.11334	5.54582e-02
0.11235	5.59168e-02
0.11138	5.63980e-02
0.11044	5.68864e-02
0.10955	5.73610e-02
0.10872	5.78002e-02
0.10796	5.81908e-02
0.10726	5.85346e-02
0.10663	5.88475e-02
0.10605	5.91498e-02
0.10552	5.94579e-02
0.10503	5.97796e-02
0.10459	6.01128e-02
0.10420	6.04434e-02
0.10388	6.07481e-02
0.10365	6.09894e-02
0.10354	6.11220e-02
0.10359	6.11087e-02
0.10378	6.09357e-02
0.10411	6.06229e-02
0.10456	6.01951e-02
0.10513	5.96676e-02
0.10580	5.90447e-02
0.10657	5.83312e-02
0.10742	5.75453e-02
0.10833	5.67170e-02
0.10929	5.58792e-02
0.11027	5.50714e-02
0.11125	5.43263e-02
0.11222	5.36696e-02
0.11318	5.31200e-02
0.11411	5.26907e-02
0.11500	5.23903e-02
0.11587	5.22228e-02
0.11670	5.21888e-02
0.11748	5.22849e-02
0.11822	5.25049e-02
0.11891	5.28397e-02
0.11955	5.32783e-02
0.12013	5.38083e-02
0.12065	5.44171e-02
0.12111	5.50920e-02
0.12150	5.58213e-02
0.12183	5.65935e-02
0.12210	5.73971e-02
0.12230	5.82193e-02
0.12245	5.90433e-02
0.12255	5.98439e-02
0.12264	6.05772e-02
0.12274	6.11705e-02
0.12290	6.15400e-02
0.12313	6.16708e-02
0.12338	6.16280e-02
0.12363	6.14969e-02
0.12385	6.13221e-02
0.12404	6.11238e-02
0.12418	6.09098e-02
0.12429	6.06822e-02
0.12436	6.04410e-02
0.12440	6.01858e-02
0.12440	5.99173e-02
0.12437	5.96381e-02
0.12431	5.93522e-02
0.12422	5.90655e-02
0.12409	5.87844e-02
0.12394	5.85159e-02
0.12375	5.82668e-02
0.12354	5.80436e-02
0.12330	5.78518e-02
0.12303	5.76959e-02
0.12275	5.75790e-02
0.12244	5.75030e-02
0.12214	5.74600e-02
0.12184	5.74589e-02
0.12153	5.74983e-02
0.12124	5.75765e-02
0.12095	5.76911e-02
0.12069	5.78409e-02
0.12044	5.80245e-02
0.12022	5.82409e-02
0.12004	5.84934e-02
0.11989	5.87790e-02
0.11978	5.90978e-02
0.11971	5.94502e-02
0.11968	5.98359e-02
0.11970	6.02534e-02
0.11977	6.06944e-02
0.11992	6.11210e-02
0.12025	6.13256e-02
0.12088	6.10751e-02
0.12163	6.07076e-02
0.12243	6.03816e-02
0.12325	6.01331e-02
0.12410	5.99772e-02
0.12495	5.99232e-02
0.12581	5.99777e-02
0.12668	6.01450e-02
0.12755	6.04274e-02
0.12841	6.08251e-02
0.12927	6.13367e-02
0.13012	6.19590e-02
0.13096	6.26876e-02
0.13180	6.35169e-02
0.13262	6.44405e-02
0.13342	6.54515e-02
0.13421	6.65423e-02
0.13498	6.77051e-02
0.13573	6.89323e-02
0.13646	7.02157e-02
0.13716	7.15477e-02
0.13784	7.29205e-02
0.13849	7.43268e-02
0.13911	7.57591e-02
0.13970	7.72131e-02
0.14025	7.86801e-02
0.14076	8.01534e-02
0.14124	8.16268e-02
0.14168	8.30942e-02
0.14207	8.45591e-02
0.14242	8.60068e-02
0.14272	8.74322e-02
0.14299	8.88304e-02
0.14320	9.01968e-02
0.14337	9.15270e-02
0.14350	9.28166e-02
0.14357	9.40615e-02
0.14360	9.52574e-02
0.14359	9.64003e-02
0.14352	9.74859e-02
0.14341	9.85100e-02
0.14326	9.94684e-02
0.14306	1.00357e-01
0.14283	1.01172e-01
0.14256	1.01909e-01
0.14226	1.02566e-01
0.14194	1.03139e-01
0.14160	1.03626e-01
0.14124	1.04028e-01
0.14087	1.04342e-01
0.14050	1.04572e-01
0.14012	1.04718e-01
0.13973	1.04784e-01
0.13934	1.04776e-01
0.13894	1.04697e-01
0.13853	1.04552e-01
0.13811	1.04349e-01
0.13766	1.04092e-01
0.13720	1.03787e-01
0.13672	1.03441e-01
0.13622	1.03057e-01
0.13569	1.02641e-01
0.13513	1.02199e-01
0.13455	1.01733e-01
0.13395	1.01249e-01
0.13331	1.00749e-01
0.13265	1.00238e-01
0.13197	9.97171e-02
0.13127	9.91892e-02
0.13055	9.86556e-02
0.12981	9.81170e-02
0.12906	9.75731e-02
0.12830	9.70225e-02
0.12755	9.64620e-02
0.12680	9.58866e-02
0.12608	9.52891e-02
0.12538	9.46597e-02
0.12472	9.39872e-02
0.12412	9.32601e-02
0.12364	9.24730e-02
0.12322	9.16252e-02
0.12287	9.07225e-02
0.12259	8.97772e-02
0.12236	8.88053e-02
0.12218	8.78230e-02
0.12203	8.68451e-02
0.12192	8.58838e-02
0.12187	8.49205e-02
0.12185	8.39872e-02
0.12186	8.30854e-02
0.12190	8.22107e-02
0.12197	8.13528e-02
0.12209	8.04900e-02
0.12228	7.95983e-02
0.12254	7.86611e-02
0.12287	7.76814e-02
0.12325	7.66797e-02
0.12366	7.56827e-02
0.12409	7.47130e-02
0.12452	7.37872e-02
0.12495	7.29154e-02
0.12536	7.21031e-02
0.12576	7.13524e-02
0.12615	7.06620e-02
0.12652	7.00285e-02
0.12687	6.94456e-02
0.12721	6.89053e-02
0.12754	6.83972e-02
0.12785	6.79092e-02
0.12817	6.74280e-02
0.12848	6.69396e-02
0.12878	6.64310e-02
0.12910	6.58919e-02
0.12941	6.53157e-02
0.12972	6.47010e-02
0.13002	6.40516e-02
0.13030	6.33749e-02
0.13057	6.26813e-02
0.13080	6.19817e-02
0.13099	6.12869e-02
0.13113	6.06065e-02
0.13123	5.99486e-02
0.13127	5.93198e-02
0.13125	5.87252e-02
0.13117	5.81692e-02
0.13103	5.76537e-02
0.13082	5.71807e-02
0.13056	5.67508e-02
0.13023	5.63642e-02
0.12981	5.60332e-02
0.12934	5.57457e-02
0.12880	5.55001e-02
0.12820	5.52945e-02
0.12755	5.51266e-02
0.12684	5.49938e-02
0.12608	5.48934e-02
0.12527	5.48223e-02
0.12442	5.47776e-02
0.12353	5.47563e-02
0.12260	5.47555e-02
0.12164	5.47718e-02
0.12065	5.48024e-02
0.11964	5.48440e-02
0.11862	5.48935e-02
0.11758	5.49479e-02
0.11653	5.50040e-02
0.11549	5.50587e-02
0.11445	5.51088e-02
0.11342	5.51510e-02
0.11241	5.51822e-02
0.11143	5.51990e-02
0.11047	5.51984e-02
0.10956	5.51774e-02
0.10868	5.51333e-02
0.10786	5.50639e-02
0.10710	5.49682e-02
0.10639	5.48462e-02
0.10574	5.46999e-02
0.10516	5.45335e-02
0.10465	5.43539e-02
0.10419	5.41702e-02
0.10380	5.39938e-02
0.10345	5.38371e-02
0.10316	5.37086e-02
0.10292	5.36242e-02
0.10271	5.35950e-02
0.10253	5.36309e-02
0.10238	5.37397e-02
0.10225	5.39269e-02
0.10215	5.41956e-02
0.10206	5.45462e-02
0.10199	5.49751e-02
0.10193	5.54728e-02
0.10189	5.60186e-02
0.10191	5.65665e-02
0.10201	5.70230e-02
0.10227	5.72855e-02
0.10265	5.73852e-02
0.10309	5.74322e-02
0.10355	5.74937e-02
0.10400	5.75973e-02
0.10445	5.77529e-02
0.10487	5.79629e-02
0.10531	5.81830e-02
0.10573	5.84493e-02
0.10612	5.87583e-02
0.10648	5.91062e-02
0.10682	5.94884e-02
0.10712	5.99002e-02
0.10738	6.03366e-02
0.10761	6.07925e-02
0.10783	6.12563e-02
0.10800	6.17278e-02
0.10815	6.22014e-02
0.10826	6.26714e-02
0.10834	6.31320e-02
0.10839	6.35768e-02
0.10841	6.39994e-02
0.10840	6.43928e-02
0.10838	6.47499e-02
0.10833	6.50630e-02
0.10828	6.53248e-02
0.10821	6.55281e-02
0.10814	6.56667e-02
0.10808	6.57358e-02
0.10802	6.57322e-02
0.10796	6.56550e-02
0.10791	6.55054e-02
0.10787	6.52862e-02
0.10784	6.50017e-02
0.10782	6.46571e-02
0.10781	6.42579e-02
0.10781	6.38097e-02
0.10782	6.33180e-02
0.10784	6.27880e-02
0.10787	6.22244e-02
0.10792	6.16316e-02
0.10798	6.10133e-02
0.10807	6.03733e-02
0.10817	5.97149e-02
0.10830	5.90418e-02
0.10846	5.83579e-02
0.10864	5.76674e-02
0.10885	5.69756e-02
0.10909	5.62801e-02
0.10936	5.55953e-02
0.10966	5.49292e-02
0.10997	5.42906e-02
0.11031	5.36888e-02
0.11066	5.31336e-02
0.11103	5.26350e-02
0.11141	5.22026e-02
0.11179	5.18453e-02
0.11219	5.15714e-02
0.11259	5.13875e-02
0.11299	5.12990e-02
0.11339	5.13089e-02
0.11380	5.14182e-02
0.11420	5.16251e-02
0.11460	5.19246e-02
0.11501	5.23075e-02
0.11542	5.27605e-02
0.11584	5.32658e-02
0.11628	5.38037e-02
0.11674	5.43578e-02
0.11723	5.49209e-02
0.11773	5.54970e-02
0.11824	5.60963e-02
0.11874	5.67291e-02
0.11925	5.74027e-02
0.11974	5.81207e-02
0.12021	5.88838e-02
0.12066	5.96908e-02
0.12109	6.05388e-02
0.12150	6.14244e-02
0.12188	6.23432e-02
0.12224	6.32908e-02
0.12257	6.42618e-02
0.12287	6.52507e-02
0.12315	6.62510e-02
0.12340	6.72558e-02
0.12363	6.82572e-02
0.12382	6.92466e-02
0.12399	7.02154e-02
0.12413	7.11547e-02
0.12423	7.20559e-02
0.12431	7.29115e-02
0.12435	7.37150e-02
0.12435	7.44612e-02
0.12432	7.51509e-02
0.12425	7.57775e-02
0.12415	7.63396e-02
0.12402	7.68370e-02
0.12386	7.72704e-02
0.12367	7.76410e-02
0.12345	7.79511e-02
0.12321	7.82034e-02
0.12293	7.84009e-02
0.12262	7.85473e-02
0.12229	7.86460e-02
0.12192	7.87010e-02
0.12153	7.87162e-02
0.12110	7.86952e-02
0.12065	7.86402e-02
0.12017	7.85556e-02
0.11966	7.84444e-02
0.11912	7.83094e-02
0.11857	7.81559e-02
0.11799	7.79834e-02
0.11740	7.77935e-02
0.11679	7.75869e-02
0.11617	7.73642e-02
0.11554	7.71226e-02
0.11491	7.68587e-02
0.11429	7.65673e-02
0.11369	7.62419e-02
0.11312	7.58770e-02
0.11258	7.54712e-02
0.11207	7.50287e-02
0.11159	7.45577e-02
0.11115	7.40681e-02
0.11072	7.35687e-02
0.11032	7.30665e-02
0.10994	7.25663e-02
0.10958	7.20715e-02
0.10925	7.15842e-02
0.10894	7.11062e-02
0.10866	7.06393e-02
0.10840	7.01861e-02
0.10817	6.97497e-02
0.10797	6.93341e-02
0.10779	6.89437e-02
0.10763	6.85832e-02
0.10749	6.82570e-02
0.10737	6.79689e-02
0.10727	6.77218e-02
0.10718	6.75177e-02
0.10711	6.73569e-02
0.10706	6.72385e-02
0.10702	6.71602e-02
0.10699	6.71181e-02
0.10699	6.71072e-02
0.10700	6.71211e-02
0.10704	6.71526e-02
0.10713	6.71690e-02
0.10724	6.71820e-02
0.10739	6.71831e-02
0.10758	6.71634e-02
0.10779	6.71148e-02
0.10804	6.70304e-02
0.10833	6.69047e-02
0.10865	6.67342e-02
0.10899	6.65182e-02
0.10936	6.62582e-02
0.10974	6.59582e-02
0.11012	6.56236e-02
0.11051	6.52632e-02
0.11089	6.48823e-02
0.11126	6.44879e-02
0.11160	6.40868e-02
0.11190	6.36846e-02
0.11218	6.32866e-02
0.11241	6.28969e-02
0.11259	6.25191e-02
0.11272	6.21556e-02
0.11280	6.18087e-02
0.11282	6.14796e-02
0.11279	6.11694e-02
0.11269	6.08787e-02
0.11254	6.06078e-02
0.11232	6.03570e-02
0.11204	6.01263e-02
0.11169	5.99160e-02
0.11128	5.97263e-02
0.11080	5.95576e-02
0.11026	5.94103e-02
0.10964	5.92850e-02
0.10896	5.91819e-02
0.10822	5.91012e-02
0.10741	5.90428e-02
0.10653	5.90060e-02
0.10558	5.89892e-02
0.10458	5.89905e-02
0.10351	5.90036e-02
0.10239	5.90275e-02
0.10123	5.90571e-02
0.10001	5.90860e-02
0.09876	5.91063e-02
0.09749	5.91091e-02
0.09619	5.90870e-02
0.09489	5.90275e-02
0.09361	5.89216e-02
0.09235	5.87638e-02
0.09113	5.85533e-02
0.08996	5.82946e-02
0.08884	5.79967e-02
0.08778	5.76706e-02
0.08678	5.73274e-02
0.08584	5.69763e-02
0.08496	5.66245e-02
0.08416	5.62752e-02
0.08344	5.59294e-02
0.08281	5.55864e-02
0.08223	5.52141e-02
0.08176	5.48390e-02
0.08140	5.44612e-02
0.08115	5.40814e-02
0.08102	5.37144e-02
0.08101	5.33482e-02
0.08113	5.29799e-02
0.08136	5.26036e-02
0.08172	5.22146e-02
0.08221	5.18039e-02
0.08283	5.13682e-02
0.08356	5.09116e-02
0.08440	5.04447e-02
0.08533	4.99819e-02
0.08633	4.95378e-02
0.08741	4.91235e-02
0.08854	4.87439e-02
0.08974	4.83926e-02
0.09100	4.80415e-02
0.09236	4.76178e-02
0.09387	4.69996e-02
0.09555	4.61298e-02
0.09734	4.50907e-02
0.09919	4.39768e-02
0.10105	4.28400e-02
0.10292	4.17061e-02
0.10479	4.05899e-02
0.10664	3.95011e-02
0.10848	3.84473e-02
0.11030	3.74353e-02
0.11210	3.64711e-02
0.11387	3.55608e-02
0.11560	3.47101e-02
0.11731	3.39249e-02
0.11898	3.32104e-02
0.12060	3.25719e-02
0.12219	3.20138e-02
0.12373	3.15402e-02
0.12523	3.11540e-02
0.12668	3.08572e-02
0.12807	3.06508e-02
0.12943	3.05303e-02
0.13074	3.05000e-02
0.13199	3.05572e-02
0.13319	3.06983e-02
0.13434	3.09184e-02
0.13544	3.12185e-02
0.13649	3.15865e-02
0.13747	3.20153e-02
0.13840	3.24972e-02
0.13926	3.30245e-02
0.14006	3.35894e-02
0.14081	3.41844e-02
0.14150	3.48170e-02
0.14214	3.54630e-02
0.14271	3.61155e-02
0.14323	3.67676e-02
0.14368	3.74132e-02
0.14407	3.80464e-02
0.14441	3.86618e-02
0.14468	3.92545e-02
0.14490	3.98201e-02
0.14506	4.03548e-02
0.14516	4.08556e-02
0.14520	4.13203e-02
0.14519	4.17474e-02
0.14513	4.21366e-02
0.14500	4.24884e-02
0.14483	4.28044e-02
0.14459	4.30871e-02
0.14431	4.33396e-02
0.14396	4.35661e-02
0.14356	4.37712e-02
0.14311	4.39599e-02
0.14260	4.41372e-02
0.14203	4.43086e-02
0.14140	4.44789e-02
0.14072	4.46531e-02
0.13998	4.48355e-02
0.13918	4.50301e-02
0.13834	4.52411e-02
0.13743	4.54703e-02
0.13648	4.57199e-02
0.13547	4.59915e-02
0.13442	4.62862e-02
0.13331	4.66049e-02
0.13214	4.69710e-02
0.13093	4.73668e-02
0.12967	4.77917e-02
0.12837	4.82454e-02
0.12704	4.87278e-02
0.12567	4.92389e-02
0.12427	4.97789e-02
0.12284	5.03480e-02
0.12139	5.09463e-02
0.11992	5.15736e-02
0.11845	5.22441e-02
0.11696	5.29439e-02
0.11546	5.36675e-02
0.11396	5.44029e-02
0.11248	5.51175e-02
0.11107	5.57177e-02
0.10990	5.58845e-02
0.10908	5.54105e-02
0.10845	5.47081e-02
0.10787	5.39759e-02
0.10733	5.32675e-02
0.10681	5.25977e-02
0.10633	5.19839e-02
0.10588	5.14187e-02
0.10545	5.09060e-02
0.10506	5.04512e-02
0.10469	5.00608e-02
0.10435	4.97416e-02
0.10402	4.94998e-02
0.10372	4.93397e-02
0.10344	4.92636e-02
0.10317	4.92709e-02
0.10293	4.93576e-02
0.10271	4.95148e-02
0.10253	4.97001e-02
0.10259	4.95041e-02
0.10281	4.90964e-02
0.10307	4.87022e-02
0.10336	4.83287e-02
0.10370	4.79734e-02
0.10407	4.76342e-02
0.10448	4.73104e-02
0.10492	4.70031e-02
0.10539	4.67147e-02
0.10589	4.64487e-02
0.10641	4.62092e-02
0.10695	4.60007e-02
0.10750	4.58273e-02
0.10805	4.56927e-02
0.10860	4.56000e-02
0.10915	4.55508e-02
0.10968	4.55460e-02
0.11020	4.55852e-02
0.11069	4.56673e-02
0.11115	4.57907e-02
0.11157	4.59792e-02
0.11194	4.62123e-02
0.11227	4.64885e-02
0.11255	4.68065e-02
0.11278	4.71653e-02
0.11295	4.75597e-02
0.11307	4.79921e-02
0.11313	4.84621e-02
0.11314	4.89695e-02
0.11308	4.95144e-02
0.11297	5.00966e-02
0.11280	5.07160e-02
0.11257	5.13725e-02
0.11228	5.20654e-02
0.11193	5.27939e-02
0.11153	5.35566e-02
0.11106	5.43512e-02
0.11054	5.51741e-02
0.10997	5.60196e-02
0.10935	5.68783e-02
0.10870	5.77341e-02
0.10803	5.85590e-02
0.10736	5.93081e-02
0.10674	5.99306e-02
0.10618	6.04089e-02
0.10566	6.07734e-02
0.10516	6.10653e-02
0.10469	6.13100e-02
0.10422	6.15171e-02
0.10378	6.16868e-02
0.10335	6.18161e-02
0.10295	6.19035e-02
0.10257	6.19531e-02
0.10222	6.19755e-02
0.10189	6.19860e-02
0.10156	6.20016e-02
0.10123	6.20382e-02
0.10089	6.21093e-02
0.10055	6.22253e-02
0.10017	6.24034e-02
0.09979	6.26389e-02
0.09938	6.29348e-02
0.09895	6.32919e-02
0.09850	6.37098e-02
0.09803	6.41864e-02
0.09754	6.47184e-02
0.09704	6.53016e-02
0.09652	6.59300e-02
0.09599	6.65966e-02
0.09545	6.72925e-02
0.09491	6.80066e-02
0.09438	6.87240e-02
0.09387	6.94227e-02
0.09342	7.00627e-02
0.09308	7.05489e-02
0.09300	7.05940e-02
0.09327	7.01728e-02
0.09374	6.94890e-02
0.09428	6.86946e-02
0.09485	6.78486e-02
0.09542	6.69812e-02
0.09598	6.61108e-02
0.09651	6.52503e-02
0.09699	6.43908e-02
0.09743	6.35576e-02
0.09784	6.27560e-02
0.09819	6.19897e-02
0.09850	6.12664e-02
0.09877	6.05829e-02
0.09898	5.99392e-02
0.09915	5.93347e-02
0.09928	5.87680e-02
0.09936	5.82376e-02
0.09940	5.77423e-02
0.09939	5.72815e-02
0.09935	5.68553e-02
0.09926	5.64650e-02
0.09914	5.61131e-02
0.09897	5.58026e-02
0.09875	5.55375e-02
0.09849	5.53214e-02
0.09818	5.51583e-02
0.09783	5.50512e-02
0.09743	5.50024e-02
0.09698	5.50128e-02
0.09648	5.50818e-02
0.09595	5.52060e-02
0.09537	5.53791e-02
0.09477	5.55892e-02
0.09416	5.58182e-02
0.09354	5.60422e-02
0.09294	5.62408e-02
0.09235	5.64106e-02
0.09179	5.65660e-02
0.09123	5.67256e-02
0.09067	5.69029e-02
0.09011	5.71041e-02
0.08955	5.73303e-02
0.08901	5.75808e-02
0.08848	5.78478e-02
0.08793	5.80684e-02
0.08741	5.82828e-02
0.08695	5.84625e-02
0.08664	5.84673e-02
0.08663	5.80776e-02
0.08678	5.75249e-02
0.08698	5.69452e-02
0.08722	5.63726e-02
0.08749	5.58247e-02
0.08778	5.53144e-02
0.08808	5.48521e-02
0.08840	5.44454e-02
0.08873	5.40986e-02
0.08908	5.38134e-02
0.08943	5.35872e-02
0.08981	5.34123e-02
0.09022	5.32740e-02
0.09066	5.31489e-02
0.09116	5.30037e-02
0.09174	5.27980e-02
0.09242	5.24938e-02
0.09320	5.20712e-02
0.09408	5.15375e-02
0.09503	5.09199e-02
0.09603	5.02520e-02
0.09706	4.95631e-02
0.09810	4.88761e-02
0.09915	4.82067e-02
0.10019	4.75655e-02
0.10123	4.69587e-02
0.10226	4.63893e-02
0.10327	4.58576e-02
0.10427	4.53616e-02
0.10526	4.48981e-02
0.10623	4.44632e-02
0.10719	4.40541e-02
0.10813	4.36696e-02
0.10905	4.33115e-02
0.10995	4.29846e-02
0.11082	4.26965e-02
0.11167	4.24561e-02
0.11248	4.22730e-02
0.11324	4.21562e-02
0.11397	4.21138e-02
0.11465	4.21524e-02
0.11528	4.22772e-02
0.11585	4.24916e-02
0.11638	4.27979e-02
0.11685	4.31968e-02
0.11727	4.36882e-02
0.11764	4.42706e-02
0.11794	4.49420e-02
0.11820	4.56996e-02
0.11840	4.65400e-02
0.11855	4.74594e-02
0.11865	4.84311e-02
0.11871	4.94711e-02
0.11871	5.05752e-02
0.11867	5.17389e-02
0.11860	5.29167e-02
0.11849	5.41399e-02
0.11833	5.54025e-02
0.11811	5.66983e-02
0.11785	5.80210e-02
0.11753	5.93625e-02
0.11716	6.07151e-02
0.11673	6.20712e-02
0.11624	6.34235e-02
0.11569	6.47652e-02
0.11508	6.60905e-02
0.11442	6.73934e-02
0.11369	6.86645e-02
0.11298	6.98067e-02
0.11276	7.00371e-02
0.11263	7.00347e-02
0.11246	7.00095e-02
0.11224	6.99721e-02
0.11199	6.99259e-02
0.11169	6.98730e-02
0.11134	6.98156e-02
0.11095	6.97555e-02
0.11053	6.96945e-02
0.11006	6.96343e-02
0.10955	6.95766e-02
0.10900	6.95226e-02
0.10842	6.94735e-02
0.10780	6.94303e-02
0.10714	6.93935e-02
0.10645	6.93630e-02
0.10573	6.93381e-02
0.10499	6.93172e-02
0.10422	6.92972e-02
0.10343	6.92731e-02
0.10262	6.92373e-02
0.10182	6.91781e-02
0.10103	6.90801e-02
0.10026	6.89257e-02
0.09952	6.87007e-02
0.09883	6.83974e-02
0.09818	6.80203e-02
0.09754	6.75816e-02
0.09694	6.70865e-02
0.09637	6.65379e-02
0.09585	6.59396e-02
0.09536	6.52974e-02
0.09491	6.46188e-02
0.09447	6.39196e-02
0.09406	6.32037e-02
0.09367	6.24796e-02
0.09330	6.17543e-02
0.09294	6.10334e-02
0.09259	6.03214e-02
0.09226	5.96218e-02
0.09194	5.89372e-02
0.09164	5.82696e-02
0.09135	5.76205e-02
0.09108	5.69905e-02
0.09083	5.63799e-02
0.09059	5.57886e-02
0.09038	5.52158e-02
0.09019	5.46608e-02
0.09003	5.41232e-02
0.08989	5.36026e-02
0.08978	5.30995e-02
0.08970	5.26153e-02
0.08964	5.21518e-02
0.08961	5.17116e-02
0.08960	5.12975e-02
0.08961	5.09127e-02
0.08965	5.05598e-02
0.08970	5.02417e-02
0.08978	4.99605e-02
0.08987	4.97183e-02
0.08997	4.95166e-02
0.09009	4.93568e-02
0.09023	4.92398e-02
0.09038	4.91660e-02
0.09054	4.91353e-02
0.09071	4.91461e-02
0.09090	4.91931e-02
0.09111	4.92590e-02
0.09137	4.92705e-02
0.09188	4.88950e-02
0.09273	4.79000e-02
0.09370	4.67017e-02
0.09469	4.54509e-02
0.09568	4.42007e-02
0.09667	4.29689e-02
0.09764	4.17657e-02
0.09859	4.05992e-02
0.09952	3.94766e-02
0.10043	3.84046e-02
0.10131	3.73892e-02
0.10216	3.64361e-02
0.10299	3.55502e-02
0.10378	3.47355e-02
0.10454	3.39953e-02
0.10527	3.33318e-02
0.10596	3.27461e-02
0.10662	3.22377e-02
0.10724	3.18062e-02
0.10783	3.14498e-02
0.10839	3.11657e-02
0.10892	3.09504e-02
0.10942	3.07993e-02
0.10989	3.07075e-02
0.11034	3.06695e-02
0.11078	3.07085e-02
0.11121	3.07912e-02
0.11162	3.09119e-02
0.11201	3.10656e-02
0.11239	3.12480e-02
0.11277	3.14561e-02
0.11314	3.16877e-02
0.11351	3.19418e-02
0.11388	3.22185e-02
0.11426	3.25191e-02
0.11463	3.28454e-02
0.11501	3.32002e-02
0.11539	3.35863e-02
0.11578	3.40072e-02
0.11616	3.44660e-02
0.11654	3.49654e-02
0.11693	3.55076e-02
0.11731	3.60936e-02
0.11769	3.67235e-02
0.11806	3.73955e-02
0.11844	3.81063e-02
0.11881	3.88506e-02
0.11919	3.96206e-02
0.11957	4.04060e-02
0.11995	4.11938e-02
0.12036	4.19678e-02
0.12078	4.27102e-02
0.12122	4.34028e-02
0.12170	4.40304e-02
0.12222	4.45847e-02
0.12276	4.50666e-02
0.12331	4.54519e-02
0.12387	4.57842e-02
0.12445	4.60853e-02
0.12504	4.63657e-02
0.12563	4.66371e-02
0.12622	4.69077e-02
0.12680	4.71821e-02
0.12737	4.74644e-02
0.12789	4.77529e-02
0.12840	4.80483e-02
0.12889	4.83489e-02
0.12937	4.86528e-02
0.12984	4.89583e-02
0.13029	4.92640e-02
0.13074	4.95504e-02
0.13117	4.98372e-02
0.13158	5.01255e-02
0.13197	5.04172e-02
0.13234	5.07146e-02
0.13269	5.10203e-02
0.13301	5.13371e-02
0.13329	5.16676e-02
0.13355	5.20141e-02
0.13377	5.23785e-02
0.13396	5.27623e-02
0.13411	5.31663e-02
0.13422	5.35906e-02
0.13429	5.40349e-02
0.13431	5.44980e-02
0.13430	5.49786e-02
0.13425	5.54744e-02
0.13415	5.59830e-02
0.13402	5.65015e-02
0.13384	5.70266e-02
0.13363	5.75549e-02
0.13337	5.80826e-02
0.13308	5.86058e-02
0.13276	5.91204e-02
0.13240	5.96224e-02
0.13201	6.01074e-02
0.13159	6.05712e-02
0.13114	6.10093e-02
0.13067	6.14172e-02
0.13018	6.17903e-02
0.12967	6.21242e-02
0.12914	6.24145e-02
0.12861	6.26575e-02
0.12804	6.28426e-02
0.12746	6.29729e-02
0.12687	6.30483e-02
0.12627	6.30706e-02
0.12567	6.30434e-02
0.12506	6.29709e-02
0.12445	6.28574e-02
0.12383	6.27059e-02
0.12321	6.25175e-02
0.12258	6.22908e-02
0.12196	6.20217e-02
0.12134	6.17029e-02
0.12074	6.13263e-02
0.12017	6.08853e-02
0.11961	6.03772e-02
0.11908	5.98072e-02
0.11857	5.91871e-02
0.11807	5.85346e-02
0.11757	5.78698e-02
0.11708	5.72133e-02
0.11657	5.65841e-02
0.11604	5.59993e-02
0.11550	5.54732e-02
0.11493	5.50179e-02
0.11434	5.46434e-02
0.11372	5.43576e-02
0.11307	5.41664e-02
0.11239	5.40740e-02
0.11168	5.40830e-02
0.11094	5.41942e-02
0.11016	5.44071e-02
0.10936	5.47197e-02
0.10853	5.51288e-02
0.10767	5.56299e-02
0.10679	5.62175e-02
0.10587	5.68848e-02
0.10494	5.76242e-02
0.10398	5.84266e-02
0.10300	5.92815e-02
0.10201	6.01761e-02
0.10101	6.10942e-02
0.10002	6.20146e-02
0.09905	6.29072e-02
0.09814	6.37308e-02
0.09730	6.44346e-02
0.09659	6.49763e-02
0.09600	6.53464e-02
0.09553	6.55682e-02
0.09516	6.56687e-02
0.09487	6.56591e-02
0.09468	6.55328e-02
0.09459	6.52739e-02
0.09461	6.48701e-02
0.09472	6.43127e-02
0.09492	6.36315e-02
0.09520	6.28450e-02
0.09554	6.19700e-02
0.09593	6.10455e-02
0.09633	6.01019e-02
0.09673	5.91618e-02
0.09713	5.82401e-02
0.09751	5.73485e-02
0.09787	5.64962e-02
0.09822	5.56877e-02
0.09853	5.49318e-02
0.09882	5.42342e-02
0.09908	5.36001e-02
0.09934	5.30384e-02
0.09957	5.25549e-02
0.09976	5.21536e-02
0.09991	5.18387e-02
0.10002	5.16149e-02
0.10009	5.14875e-02
0.10012	5.14620e-02
0.10009	5.15434e-02
0.10002	5.17363e-02
0.09989	5.20435e-02
0.09970	5.24665e-02
0.09946	5.30047e-02
0.09916	5.36558e-02
0.09880	5.44157e-02
0.09838	5.52786e-02
0.09790	5.62375e-02
0.09736	5.72839e-02
0.09677	5.84082e-02
0.09612	5.95994e-02
0.09543	6.08446e-02
0.09470	6.21276e-02
0.09394	6.34248e-02
0.09318	6.46939e-02
0.09249	6.58459e-02
0.09197	6.67412e-02
0.09166	6.73556e-02
0.09147	6.78069e-02
0.09135	6.81622e-02
0.09130	6.84283e-02
0.09134	6.85950e-02
0.09146	6.86579e-02
0.09165	6.86206e-02
0.09193	6.84858e-02
0.09228	6.82508e-02
0.09271	6.79125e-02
0.09321	6.74716e-02
0.09378	6.69329e-02
0.09441	6.63018e-02
0.09509	6.55820e-02
0.09582	6.47764e-02
0.09658	6.38905e-02
0.09738	6.29345e-02
0.09819	6.19220e-02
0.09900	6.08667e-02
0.09981	5.97804e-02
0.10060	5.86730e-02
0.10137	5.75521e-02
0.10215	5.64272e-02
0.10289	5.52999e-02
0.10361	5.41750e-02
0.10429	5.30573e-02
0.10493	5.19519e-02
0.10553	5.08639e-02
0.10609	4.97987e-02
0.10661	4.87622e-02
0.10707	4.77593e-02
0.10748	4.67965e-02
0.10784	4.58796e-02
0.10814	4.50140e-02
0.10839	4.42047e-02
0.10858	4.34562e-02
0.10870	4.27719e-02
0.10877	4.21545e-02
0.10877	4.16054e-02
0.10871	4.11250e-02
0.10860	4.07121e-02
0.10842	4.03645e-02
0.10818	4.00783e-02
0.10789	3.98487e-02
0.10754	3.96694e-02
0.10714	3.95335e-02
0.10669	3.94331e-02
0.10620	3.93598e-02
0.10566	3.93052e-02
0.10507	3.92609e-02
0.10446	3.92191e-02
0.10380	3.91727e-02
0.10312	3.91157e-02
0.10241	3.90434e-02
0.10168	3.89524e-02
0.10092	3.88404e-02
0.10014	3.87066e-02
0.09934	3.85509e-02
0.09852	3.83743e-02
0.09769	3.81782e-02
0.09685	3.79644e-02
0.09598	3.77517e-02
0.09510	3.75282e-02
0.09420	3.72915e-02
0.09330	3.70448e-02
0.09239	3.67882e-02
0.09147	3.65210e-02
0.09056	3.62415e-02
0.08960	3.59471e-02
0.08864	3.56305e-02
0.08768	3.52889e-02
0.08672	3.49098e-02
0.08577	3.45049e-02
0.08483	3.40853e-02
0.08390	3.36709e-02
0.08300	3.32532e-02
0.08209	3.28845e-02
0.08117	3.25896e-02
0.08026	3.23892e-02
0.07933	3.22987e-02
0.07839	3.23293e-02
0.07745	3.24875e-02
0.07649	3.27760e-02
0.07554	3.31939e-02
0.07458	3.37369e-02
0.07362	3.43976e-02
0.07267	3.51658e-02
0.07173	3.60282e-02
0.07081	3.69666e-02
0.06993	3.79503e-02
0.06914	3.88994e-02
0.06861	3.94965e-02
0.06860	3.93669e-02
0.06883	3.89583e-02
0.06916	3.85287e-02
0.06957	3.81306e-02
0.07003	3.77770e-02
0.07055	3.74729e-02
0.07112	3.72217e-02
0.07173	3.70266e-02
0.07239	3.68908e-02
0.07309	3.68169e-02
0.07382	3.68067e-02
0.07458	3.68608e-02
0.07536	3.69787e-02
0.07616	3.71589e-02
0.07698	3.73987e-02
0.07781	3.76951e-02
0.07864	3.80442e-02
0.07948	3.84421e-02
0.08033	3.88845e-02
0.08117	3.93672e-02
0.08200	3.98860e-02
0.08282	4.04369e-02
0.08363	4.10162e-02
0.08442	4.16204e-02
0.08519	4.22462e-02
0.08594	4.28907e-02
0.08666	4.35512e-02
0.08735	4.42251e-02
0.08801	4.49102e-02
0.08863	4.56043e-02
0.08922	4.63077e-02
0.08977	4.70164e-02
0.09027	4.77284e-02
0.09073	4.84418e-02
0.09114	4.91545e-02
0.09150	4.98645e-02
0.09181	5.05698e-02
0.09207	5.12682e-02
0.09228	5.19588e-02
0.09243	5.26387e-02
0.09254	5.33056e-02
0.09259	5.39574e-02
0.09259	5.45916e-02
0.09254	5.52053e-02
0.09244	5.57932e-02
0.09230	5.63360e-02
0.09224	5.66403e-02
0.09237	5.65494e-02
0.09248	5.63844e-02
0.09255	5.61932e-02
0.09257	5.59812e-02
0.09254	5.57495e-02
0.09247	5.54974e-02
0.09236	5.52241e-02
0.09221	5.49280e-02
0.09203	5.46069e-02
0.09181	5.42585e-02
0.09156	5.38795e-02
0.09129	5.34664e-02
0.09099	5.30149e-02
0.09069	5.25206e-02
0.09037	5.19791e-02
0.09005	5.13866e-02
0.08973	5.07412e-02
0.08941	5.00429e-02
0.08910	4.92942e-02
0.08879	4.84998e-02
0.08848	4.76659e-02
0.08817	4.67994e-02
0.08786	4.59074e-02
0.08756	4.49970e-02
0.08726	4.40790e-02
0.08697	4.31568e-02
0.08667	4.22368e-02
0.08638	4.13255e-02
0.08608	4.04287e-02
0.08579	3.95520e-02
0.08550	3.86998e-02
0.08521	3.78784e-02
0.08493	3.70963e-02
0.08465	3.63549e-02
0.08438	3.56586e-02
0.08412	3.50115e-02
0.08386	3.44165e-02
0.08362	3.38772e-02
0.08338	3.33966e-02
0.08315	3.29774e-02
0.08293	3.26218e-02
0.08273	3.23316e-02
0.08253	3.21081e-02
0.08235	3.19522e-02
0.08217	3.18643e-02
0.08201	3.18444e-02
0.08185	3.18917e-02
0.08170	3.20054e-02
0.08156	3.21842e-02
0.08142	3.24260e-02
0.08129	3.27286e-02
0.08115	3.30892e-02
0.08102	3.35046e-02
0.08088	3.39711e-02
0.08074	3.44842e-02
0.08060	3.50391e-02
0.08045	3.56303e-02
0.08030	3.62511e-02
0.08013	3.68926e-02
0.07997	3.75407e-02
0.07982	3.81640e-02
0.07972	3.86525e-02
0.07987	3.86345e-02
0.08030	3.80261e-02
0.08080	3.72315e-02
0.08129	3.63932e-02
0.08177	3.55435e-02
0.08223	3.46915e-02
0.08265	3.38394e-02
0.08305	3.29879e-02
0.08342	3.21370e-02
0.08376	3.12868e-02
0.08406	3.04387e-02
0.08433	2.95946e-02
0.08457	2.87583e-02
0.08477	2.79345e-02
0.08492	2.71295e-02
0.08504	2.63510e-02
0.08511	2.56078e-02
0.08513	2.49095e-02
0.08511	2.42666e-02
0.08504	2.36899e-02
0.08491	2.31901e-02
0.08474	2.27789e-02
0.08451	2.24636e-02
0.08424	2.22521e-02
0.08391	2.21506e-02
0.08353	2.21629e-02
0.08310	2.22906e-02
0.08262	2.25329e-02
0.08209	2.28863e-02
0.08151	2.33456e-02
0.08089	2.39037e-02
0.08022	2.45520e-02
0.07951	2.52810e-02
0.07877	2.60800e-02
0.07798	2.69373e-02
0.07717	2.78396e-02
0.07633	2.87714e-02
0.07547	2.97129e-02
0.07461	3.06372e-02
0.07377	3.15057e-02
0.07297	3.22618e-02
0.07226	3.28297e-02
0.07170	3.31252e-02
0.07131	3.30795e-02
0.07113	3.26547e-02
0.07113	3.18669e-02
0.07129	3.07972e-02
0.07155	2.95532e-02
0.07185	2.82285e-02
0.07217	2.68938e-02
0.07250	2.56036e-02
0.07281	2.44043e-02
0.07312	2.33383e-02
0.07340	2.24458e-02
0.07367	2.17647e-02
0.07390	2.13275e-02
0.07411	2.11577e-02
0.07430	2.12665e-02
0.07445	2.16504e-02
0.07457	2.22912e-02
0.07466	2.31587e-02
0.07472	2.42137e-02
0.07474	2.54109e-02
0.07475	2.66989e-02
0.07475	2.80139e-02
0.07478	2.92668e-02
0.07488	3.03398e-02
0.07509	3.11579e-02
0.07540	3.17645e-02
0.07577	3.22266e-02
0.07621	3.25736e-02
0.07670	3.28158e-02
0.07723	3.29653e-02
0.07780	3.30425e-02
0.07839	3.30734e-02
0.07900	3.30843e-02
0.07960	3.30981e-02
0.08019	3.31327e-02
0.08076	3.32012e-02
0.08131	3.33121e-02
0.08184	3.34709e-02
0.08234	3.36799e-02
0.08281	3.39395e-02
0.08325	3.42483e-02
0.08367	3.46037e-02
0.08405	3.50022e-02
0.08440	3.54395e-02
0.08473	3.59111e-02
0.08503	3.64121e-02
0.08530	3.69376e-02
0.08554	3.74827e-02
0.08576	3.80426e-02
0.08596	3.86127e-02
0.08614	3.91884e-02
0.08630	3.97655e-02
0.08643	4.03395e-02
0.08655	4.09061e-02
0.08666	4.14608e-02
0.08676	4.19989e-02
0.08684	4.25156e-02
0.08692	4.30062e-02
0.08700	4.34661e-02
0.08708	4.38920e-02
0.08715	4.42821e-02
0.08723	4.46375e-02
0.08731	4.49619e-02
0.08739	4.52623e-02
0.08746	4.55472e-02
0.08753	4.58264e-02
0.08758	4.61094e-02
0.08761	4.64047e-02
0.08763	4.67184e-02
0.08763	4.70533e-02
0.08761	4.74071e-02
0.08758	4.77703e-02
0.08756	4.81229e-02
0.08756	4.84332e-02
0.08759	4.86678e-02
0.08768	4.88162e-02
0.08781	4.89047e-02
0.08795	4.89773e-02
0.08809	4.90731e-02
0.08820	4.92188e-02
0.08829	4.94313e-02
0.08835	4.97204e-02
0.08838	5.00917e-02
0.08837	5.05471e-02
0.08832	5.10862e-02
0.08825	5.17064e-02
0.08814	5.24014e-02
0.08801	5.31552e-02
0.08791	5.38917e-02
0.08819	5.40311e-02
0.08896	5.33876e-02
0.08981	5.26463e-02
0.09065	5.19210e-02
0.09148	5.12343e-02
0.09230	5.05973e-02
0.09309	5.00184e-02
0.09386	4.95046e-02
0.09460	4.90625e-02
0.09532	4.86978e-02
0.09601	4.84154e-02
0.09667	4.82193e-02
0.09729	4.81122e-02
0.09788	4.80957e-02
0.09844	4.81697e-02
0.09896	4.83329e-02
0.09945	4.85823e-02
0.09990	4.89136e-02
0.10032	4.93209e-02
0.10070	4.97966e-02
0.10105	5.03314e-02
0.10138	5.09133e-02
0.10168	5.15256e-02
0.10197	5.21391e-02
0.10228	5.26850e-02
0.10269	5.29944e-02
0.10328	5.29458e-02
0.10394	5.27030e-02
0.10461	5.23978e-02
0.10526	5.20699e-02
0.10591	5.17263e-02
0.10655	5.13704e-02
0.10715	5.09997e-02
0.10774	5.06115e-02
0.10829	5.02031e-02
0.10882	4.97724e-02
0.10932	4.93181e-02
0.10978	4.88397e-02
0.11022	4.83373e-02
0.11062	4.78116e-02
0.11098	4.72639e-02
0.11130	4.66959e-02
0.11159	4.60981e-02
0.11183	4.54828e-02
0.11204	4.48529e-02
0.11220	4.42232e-02
0.11231	4.35866e-02
0.11238	4.29468e-02
0.11240	4.23080e-02
0.11236	4.16748e-02
0.11228	4.10523e-02
0.11214	4.04459e-02
0.11194	3.98618e-02
0.11169	3.93063e-02
0.11139	3.87866e-02
0.11102	3.83100e-02
0.11060	3.78841e-02
0.11013	3.75168e-02
0.10959	3.72161e-02
0.10900	3.69895e-02
0.10836	3.68446e-02
0.10766	3.67879e-02
0.10690	3.68253e-02
0.10610	3.69615e-02
0.10524	3.71997e-02
0.10433	3.75417e-02
0.10337	3.79876e-02
0.10237	3.85357e-02
0.10133	3.91825e-02
0.10026	3.99223e-02
0.09915	4.07478e-02
0.09802	4.16493e-02
0.09688	4.26148e-02
0.09572	4.36295e-02
0.09458	4.46764e-02
0.09346	4.57321e-02
0.09237	4.67690e-02
0.09136	4.77535e-02
0.09044	4.86473e-02
0.08965	4.94118e-02
0.08902	5.00172e-02
0.08857	5.04531e-02
0.08828	5.07344e-02
0.08816	5.08966e-02
0.08818	5.09842e-02
0.08832	5.10395e-02
0.08856	5.10975e-02
0.08888	5.11833e-02
0.08929	5.13127e-02
0.08976	5.14951e-02
0.09030	5.17300e-02
0.09091	5.20129e-02
0.09159	5.23370e-02
0.09235	5.26963e-02
0.09317	5.30887e-02
0.09406	5.35172e-02
0.09500	5.39886e-02
0.09599	5.45108e-02
0.09701	5.50909e-02
0.09805	5.57340e-02
0.09911	5.64429e-02
0.10018	5.72182e-02
0.10125	5.80588e-02
0.10232	5.89619e-02
0.10338	5.99238e-02
0.10442	6.09398e-02
0.10544	6.20044e-02
0.10643	6.31117e-02
0.10740	6.42555e-02
0.10834	6.54293e-02
0.10924	6.66264e-02
0.11011	6.78399e-02
0.11093	6.90631e-02
0.11172	7.02892e-02
0.11245	7.15113e-02
0.11314	7.27226e-02
0.11378	7.39163e-02
0.11437	7.50854e-02
0.11492	7.62232e-02
0.11541	7.73226e-02
0.11585	7.83762e-02
0.11625	7.93767e-02
0.11659	8.03162e-02
0.11690	8.11864e-02
0.11716	8.19785e-02
0.11739	8.26834e-02
0.11758	8.32915e-02
0.11775	8.37932e-02
0.11789	8.41826e-02
0.11801	8.44495e-02
0.11812	8.45880e-02
0.11821	8.45961e-02
0.11828	8.44742e-02
0.11834	8.42253e-02
0.11837	8.38545e-02
0.11837	8.33680e-02
0.11834	8.27726e-02
0.11827	8.20756e-02
0.11816	8.12845e-02
0.11800	8.04069e-02
0.11780	7.94506e-02
0.11753	7.84236e-02
0.11721	7.73370e-02
0.11682	7.61966e-02
0.11638	7.50109e-02
0.11587	7.37885e-02
0.11529	7.25376e-02
0.11465	7.12660e-02
0.11396	6.99793e-02
0.11320	6.86781e-02
0.11240	6.73467e-02
0.11161	6.59199e-02
0.11090	6.42747e-02
0.11027	6.24281e-02
0.10963	6.05124e-02
0.10896	5.86034e-02
0.10824	5.67378e-02
0.10747	5.49395e-02
0.10665	5.32276e-02
0.10580	5.16192e-02
0.10490	5.01289e-02
0.10398	4.87690e-02
0.10304	4.75486e-02
0.10208	4.64723e-02
0.10113	4.55396e-02
0.10019	4.47440e-02
0.09929	4.40731e-02
0.09844	4.35093e-02
0.09766	4.30323e-02
0.09697	4.26218e-02
0.09637	4.22624e-02
0.09589	4.19470e-02
0.09553	4.16791e-02
0.09527	4.14733e-02
0.09514	4.13424e-02
0.09510	4.13203e-02
0.09515	4.14329e-02
0.09528	4.17025e-02
0.09548	4.21452e-02
0.09573	4.27689e-02
0.09605	4.35725e-02
0.09641	4.45443e-02
0.09684	4.56582e-02
0.09733	4.68630e-02
0.09793	4.80600e-02
0.09870	4.90989e-02
0.09968	4.99154e-02
0.10081	5.06064e-02
0.10203	5.12655e-02
0.10328	5.19433e-02
0.10459	5.26336e-02
0.10593	5.33334e-02
0.10730	5.40390e-02
0.10869	5.47490e-02
0.11009	5.54649e-02
0.11150	5.61899e-02
0.11290	5.69283e-02
0.11426	5.76911e-02
0.11560	5.84736e-02
0.11690	5.92763e-02
0.11816	6.00981e-02
0.11937	6.09361e-02
0.12052	6.17861e-02
0.12162	6.26424e-02
0.12265	6.34980e-02
0.12363	6.43449e-02
0.12455	6.51736e-02
0.12541	6.59738e-02
0.12621	6.67338e-02
0.12696	6.74411e-02
0.12765	6.80828e-02
0.12831	6.86461e-02
0.12892	6.91198e-02
0.12949	6.94956e-02
0.13003	6.97697e-02
0.13052	6.99427e-02
0.13097	7.00196e-02
0.13137	7.00080e-02
0.13172	6.99169e-02
0.13201	6.97549e-02
0.13223	6.95299e-02
0.13239	6.92487e-02
0.13248	6.89165e-02
0.13250	6.85377e-02
0.13246	6.81158e-02
0.13234	6.76537e-02
0.13215	6.71539e-02
0.13189	6.66188e-02
0.13157	6.60505e-02
0.13119	6.54515e-02
0.13073	6.48319e-02
0.13020	6.41894e-02
0.12961	6.35274e-02
0.12897	6.28496e-02
0.12826	6.21603e-02
0.12749	6.14637e-02
0.12667	6.07615e-02
0.12580	6.00615e-02
0.12485	5.93823e-02
0.12386	5.87161e-02
0.12281	5.80679e-02
0.12173	5.74429e-02
0.12059	5.68463e-02
0.11942	5.62828e-02
0.11821	5.57567e-02
0.11695	5.52646e-02
0.11567	5.48167e-02
0.11435	5.44157e-02
0.11301	5.40638e-02
0.11165	5.37617e-02
0.11027	5.35091e-02
0.10888	5.33040e-02
0.10749	5.31425e-02
0.10609	5.30183e-02
0.10470	5.29225e-02
0.10334	5.28433e-02
0.10200	5.27670e-02
0.10070	5.26799e-02
0.09945	5.25716e-02
0.09825	5.24387e-02
0.09711	5.22857e-02
0.09601	5.21234e-02
0.09496	5.19649e-02
0.09395	5.18217e-02
0.09298	5.17018e-02
0.09203	5.16088e-02
0.09113	5.15419e-02
0.09025	5.14961e-02
0.08942	5.14627e-02
0.08863	5.14295e-02
0.08789	5.13818e-02
0.08721	5.13036e-02
0.08659	5.11804e-02
0.08604	5.10013e-02
0.08556	5.07616e-02
0.08515	5.04628e-02
0.08479	5.01107e-02
0.08448	4.97128e-02
0.08422	4.92758e-02
0.08398	4.88045e-02
0.08378	4.83008e-02
0.08361	4.77628e-02
0.08346	4.71839e-02
0.08333	4.65530e-02
0.08325	4.58572e-02
0.08319	4.50910e-02
0.08315	4.42616e-02
0.08313	4.33847e-02
0.08311	4.24767e-02
0.08307	4.15505e-02
0.08303	4.06161e-02
0.08296	3.96809e-02
0.08288	3.87513e-02
0.08277	3.78326e-02
0.08263	3.69298e-02
0.08248	3.60477e-02
0.08230	3.51910e-02
0.08210	3.43644e-02
0.08189	3.35727e-02
0.08165	3.28209e-02
0.08141	3.21143e-02
0.08115	3.14585e-02
0.08088	3.08595e-02
0.08062	3.03234e-02
0.08035	2.98570e-02
0.08009	2.94673e-02
0.07984	2.91617e-02
0.07961	2.89477e-02
0.07940	2.88328e-02
0.07921	2.88242e-02
0.07905	2.89286e-02
0.07892	2.91517e-02
0.07882	2.94984e-02
0.07877	2.99715e-02
0.07876	3.05723e-02
0.07880	3.12985e-02
0.07889	3.21285e-02
0.07944	3.21108e-02
0.08046	3.11855e-02
0.08157	3.02826e-02
0.08275	2.94280e-02
0.08401	2.86295e-02
0.08536	2.78921e-02
0.08677	2.72195e-02
0.08827	2.66138e-02
0.08983	2.60761e-02
0.09147	2.56057e-02
0.09318	2.52011e-02
0.09495	2.48590e-02
0.09679	2.45762e-02
0.09869	2.43490e-02
0.10064	2.41732e-02
0.10265	2.40452e-02
0.10469	2.39616e-02
0.10678	2.39197e-02
0.10890	2.39175e-02
0.11105	2.39533e-02
0.11321	2.40266e-02
0.11539	2.41369e-02
0.11757	2.42844e-02
0.11975	2.44696e-02
0.12193	2.46929e-02
0.12409	2.49551e-02
0.12622	2.52567e-02
0.12833	2.55981e-02
0.13041	2.59793e-02
0.13244	2.64003e-02
0.13443	2.68605e-02
0.13636	2.73589e-02
0.13824	2.78943e-02
0.14006	2.84649e-02
0.14181	2.90690e-02
0.14349	2.97044e-02
0.14509	3.03688e-02
0.14662	3.10601e-02
0.14806	3.17759e-02
0.14942	3.25139e-02
0.15069	3.32718e-02
0.15187	3.40472e-02
0.15295	3.48378e-02
0.15394	3.56411e-02
0.15483	3.64546e-02
0.15562	3.72758e-02
0.15631	3.81020e-02
0.15689	3.89305e-02
0.15737	3.97583e-02
0.15773	4.05826e-02
0.15799	4.14003e-02
0.15815	4.22083e-02
0.15819	4.30035e-02
0.15812	4.37825e-02
0.15795	4.45422e-02
0.15766	4.52792e-02
0.15727	4.59902e-02
0.15677	4.66719e-02
0.15617	4.73210e-02
0.15547	4.79342e-02
0.15466	4.85083e-02
0.15376	4.90401e-02
0.15277	4.95265e-02
0.15168	4.99647e-02
0.15050	5.03516e-02
0.14924	5.06848e-02
0.14790	5.09617e-02
0.14649	5.11815e-02
0.14500	5.13409e-02
0.14345	5.14382e-02
0.14183	5.14720e-02
0.14017	5.14417e-02
0.13845	5.13466e-02
0.13669	5.11870e-02
0.13489	5.09634e-02
0.13306	5.06774e-02
0.13121	5.03311e-02
0.12933	4.99274e-02
0.12745	4.94704e-02
0.12556	4.89653e-02
0.12366	4.84248e-02
0.12176	4.78511e-02
0.11988	4.72536e-02
0.11800	4.66430e-02
0.11615	4.60313e-02
0.11432	4.54318e-02
0.11252	4.48583e-02
0.11074	4.43251e-02
0.10901	4.38461e-02
0.10731	4.34337e-02
0.10566	4.30986e-02
0.10407	4.28480e-02
0.10253	4.26856e-02
0.10107	4.26104e-02
0.09968	4.26160e-02
0.09839	4.26911e-02
0.09720	4.28192e-02
0.09614	4.29792e-02
0.09522	4.31457e-02
0.09446	4.32879e-02
0.09388	4.33678e-02
0.09351	4.33361e-02
0.09337	4.31331e-02
0.09350	4.27014e-02
0.09388	4.20162e-02
0.09451	4.11028e-02
0.09534	4.00192e-02
0.09633	3.88286e-02
0.09744	3.75865e-02
0.09865	3.63386e-02
0.09993	3.51233e-02
0.10125	3.39722e-02
0.10261	3.29123e-02
0.10400	3.19661e-02
0.10539	3.11517e-02
0.10679	3.04833e-02
0.10818	2.99706e-02
0.10955	2.96189e-02
0.11090	2.94287e-02
0.11217	2.93640e-02
0.11341	2.94386e-02
0.11461	2.96424e-02
0.11575	2.99630e-02
0.11685	3.03868e-02
0.11789	3.08997e-02
0.11887	3.14875e-02
0.11979	3.21366e-02
0.12064	3.28342e-02
0.12143	3.35656e-02
0.12215	3.43223e-02
0.12279	3.50947e-02
0.12336	3.58746e-02
0.12385	3.66548e-02
0.12426	3.74293e-02
0.12459	3.81929e-02
0.12484	3.89413e-02
0.12501	3.96710e-02
0.12509	4.03793e-02
0.12508	4.10641e-02
0.12499	4.17237e-02
0.12480	4.23572e-02
0.12454	4.29639e-02
0.12418	4.35436e-02
0.12374	4.40965e-02
0.12321	4.46231e-02
0.12259	4.51241e-02
0.12188	4.56004e-02
0.12109	4.60533e-02
0.12022	4.64841e-02
0.11926	4.68943e-02
0.11821	4.72854e-02
0.11709	4.76591e-02
0.11589	4.80171e-02
0.11461	4.83608e-02
0.11326	4.86920e-02
0.11184	4.90119e-02
0.11034	4.93220e-02
0.10878	4.96233e-02
0.10716	4.99166e-02
0.10548	5.02023e-02
0.10374	5.04804e-02
0.10195	5.07505e-02
0.10012	5.10114e-02
0.09825	5.12613e-02
0.09634	5.14974e-02
0.09442	5.17158e-02
0.09247	5.19115e-02
0.09052	5.20779e-02
0.08858	5.22068e-02
0.08665	5.22886e-02
0.08477	5.23121e-02
0.08293	5.22656e-02
0.08116	5.21380e-02
0.07948	5.19208e-02
0.07789	5.16094e-02
0.07641	5.12040e-02
0.07505	5.07084e-02
0.07380	5.01294e-02
0.07268	4.94749e-02
0.07167	4.87545e-02
0.07079	4.79799e-02
0.07002	4.71658e-02
0.06935	4.63302e-02
0.06878	4.54924e-02
0.06829	4.46711e-02
0.06787	4.38814e-02
0.06753	4.31311e-02
0.06727	4.24158e-02
0.06709	4.17138e-02
0.06702	4.09905e-02
0.06707	4.02271e-02
0.06721	3.94451e-02
0.06742	3.86853e-02
0.06768	3.79791e-02
0.06797	3.73437e-02
0.06829	3.67866e-02
0.06862	3.63092e-02
0.06898	3.59086e-02
0.06935	3.55780e-02
0.06973	3.53058e-02
0.07014	3.50742e-02
0.07058	3.48576e-02
0.07106	3.46234e-02
0.07158	3.43365e-02
0.07216	3.39680e-02
0.07280	3.35056e-02
0.07348	3.29572e-02
0.07418	3.23463e-02
0.07489	3.17023e-02
0.07559	3.10536e-02
0.07627	3.04247e-02
0.07690	2.98277e-02
0.07750	2.92876e-02
0.07805	2.88190e-02
0.07855	2.84303e-02
0.07900	2.81286e-02
0.07940	2.79186e-02
0.07975	2.78027e-02
0.08004	2.77806e-02
0.08029	2.78501e-02
0.08049	2.80066e-02
0.08065	2.82435e-02
0.08076	2.85521e-02
0.08084	2.89219e-02
0.08088	2.93406e-02
0.08090	2.97940e-02
0.08090	3.02659e-02
0.08089	3.07385e-02
0.08086	3.11931e-02
0.08084	3.16046e-02
0.08083	3.19508e-02
0.08085	3.22107e-02
0.08091	3.23668e-02
0.08102	3.24072e-02
0.08118	3.23271e-02
0.08139	3.21282e-02
0.08164	3.18177e-02
0.08195	3.14069e-02
0.08229	3.09096e-02
0.08267	3.03417e-02
0.08308	2.97211e-02
0.08350	2.90670e-02
0.08394	2.83995e-02
0.08439	2.77394e-02
0.08484	2.71072e-02
0.08529	2.65232e-02
0.08573	2.60062e-02
0.08616	2.55735e-02
0.08658	2.52403e-02
0.08698	2.50191e-02
0.08737	2.49193e-02
0.08774	2.49468e-02
0.08808	2.51039e-02
0.08841	2.53898e-02
0.08871	2.58004e-02
0.08899	2.63293e-02
0.08924	2.69679e-02
0.08946	2.76940e-02
0.08965	2.85084e-02
0.08982	2.94004e-02
0.08995	3.03599e-02
0.09006	3.13767e-02
0.09013	3.24412e-02
0.09017	3.35444e-02
0.09018	3.46776e-02
0.09016	3.58327e-02
0.09010	3.70020e-02
0.09001	3.81780e-02
0.08990	3.93534e-02
0.08975	4.05210e-02
0.08957	4.16732e-02
0.08936	4.28022e-02
0.08914	4.38997e-02
0.08890	4.49542e-02
0.08866	4.59495e-02
0.08842	4.68580e-02
0.08821	4.76316e-02
0.08807	4.82163e-02
0.08800	4.86134e-02
0.08797	4.88873e-02
0.08793	4.91157e-02
0.08788	4.93228e-02
0.08779	4.95282e-02
0.08767	4.97432e-02
0.08752	4.99738e-02
0.08732	5.02225e-02
0.08710	5.04878e-02
0.08684	5.07613e-02
0.08656	5.10255e-02
0.08630	5.12309e-02
0.08613	5.12509e-02
0.08618	5.08965e-02
0.08642	5.01877e-02
0.08674	4.93056e-02
0.08709	4.83565e-02
0.08744	4.73856e-02
0.08779	4.64150e-02
0.08812	4.54586e-02
0.08844	4.45256e-02
0.08874	4.36217e-02
0.08904	4.27459e-02
0.08935	4.18835e-02
0.08968	4.09936e-02
0.09007	4.00186e-02
0.09052	3.89464e-02
0.09100	3.78250e-02
0.09151	3.67069e-02
0.09201	3.56295e-02
0.09251	3.46202e-02
0.09301	3.37015e-02
0.09349	3.28936e-02
0.09396	3.22142e-02
0.09441	3.16783e-02
0.09485	3.12982e-02
0.09527	3.10824e-02
0.09567	3.10343e-02
0.09606	3.11521e-02
0.09643	3.14281e-02
0.09679	3.18494e-02
0.09713	3.24079e-02
0.09746	3.30715e-02
0.09779	3.38160e-02
0.09813	3.46167e-02
0.09846	3.54497e-02
0.09880	3.62940e-02
0.09915	3.71254e-02
0.09950	3.79398e-02
0.09987	3.87333e-02
0.10023	3.95072e-02
0.10060	4.02668e-02
0.10095	4.10194e-02
0.10129	4.17727e-02
0.10161	4.25331e-02
0.10189	4.33055e-02
0.10214	4.40927e-02
0.10235	4.48959e-02
0.10252	4.57144e-02
0.10263	4.65462e-02
0.10269	4.73885e-02
0.10271	4.82299e-02
0.10267	4.90728e-02
0.10257	4.99125e-02
0.10241	5.07445e-02
0.10219	5.15642e-02
0.10191	5.23665e-02
0.10157	5.31463e-02
0.10118	5.38976e-02
0.10072	5.46122e-02
0.10021	5.52778e-02
0.09966	5.58715e-02
0.09909	5.63502e-02
0.09855	5.66483e-02
0.09805	5.67347e-02
0.09755	5.66661e-02
0.09703	5.65191e-02
0.09644	5.63390e-02
0.09578	5.61478e-02
0.09505	5.59561e-02
0.09423	5.57695e-02
0.09334	5.55910e-02
0.09236	5.54225e-02
0.09130	5.52648e-02
0.09017	5.51186e-02
0.08895	5.49840e-02
0.08767	5.48613e-02
0.08631	5.47501e-02
0.08488	5.46502e-02
0.08338	5.45612e-02
0.08182	5.44820e-02
0.08020	5.44113e-02
0.07853	5.43463e-02
0.07682	5.42817e-02
0.07507	5.42054e-02
0.07332	5.40882e-02
0.07162	5.38763e-02
0.06999	5.35526e-02
0.06840	5.31664e-02
0.06684	5.27490e-02
0.06532	5.22980e-02
0.06387	5.17860e-02
0.06255	5.11613e-02
0.06152	5.02428e-02
0.06086	4.89430e-02
0.06041	4.74615e-02
0.06006	4.59416e-02
0.05976	4.44457e-02
0.05951	4.30088e-02
0.05928	4.16546e-02
0.05909	4.04005e-02
0.05893	3.92598e-02
0.05881	3.82421e-02
0.05873	3.73538e-02
0.05870	3.65978e-02
0.05871	3.59736e-02
0.05879	3.54777e-02
0.05893	3.51044e-02
0.05914	3.48469e-02
0.05942	3.46992e-02
0.05977	3.46570e-02
0.06018	3.47177e-02
0.06066	3.48798e-02
0.06120	3.51406e-02
0.06178	3.54943e-02
0.06242	3.59278e-02
0.06311	3.64172e-02
0.06388	3.69188e-02
0.06475	3.73596e-02
0.06577	3.76403e-02
0.06694	3.76156e-02
0.06825	3.73761e-02
0.06966	3.69979e-02
0.07112	3.65462e-02
0.07259	3.60614e-02
0.07409	3.55848e-02
0.07558	3.51198e-02
0.07705	3.46775e-02
0.07848	3.42667e-02
0.07988	3.38954e-02
0.08123	3.35710e-02
0.08252	3.33151e-02
0.08375	3.31213e-02
0.08493	3.29952e-02
0.08605	3.29417e-02
0.08711	3.29649e-02
0.08810	3.30676e-02
0.08902	3.32519e-02
0.08988	3.35185e-02
0.09066	3.38669e-02
0.09138	3.42956e-02
0.09203	3.48016e-02
0.09261	3.53805e-02
0.09312	3.60267e-02
0.09356	3.67322e-02
0.09395	3.74868e-02
0.09428	3.82758e-02
0.09456	3.90780e-02
0.09481	3.98604e-02
0.09505	4.05723e-02
0.09531	4.11451e-02
0.09563	4.15172e-02
0.09601	4.16814e-02
0.09643	4.16903e-02
0.09686	4.16114e-02
0.09728	4.14967e-02
0.09768	4.13797e-02
0.09806	4.12816e-02
0.09841	4.12156e-02
0.09873	4.11905e-02
0.09902	4.12121e-02
0.09929	4.12837e-02
0.09952	4.14072e-02
0.09974	4.15830e-02
0.09993	4.18102e-02
0.10010	4.20870e-02
0.10025	4.24101e-02
0.10039	4.27756e-02
0.10051	4.31783e-02
0.10061	4.36127e-02
0.10069	4.40719e-02
0.10076	4.45487e-02
0.10081	4.50361e-02
0.10083	4.55269e-02
0.10084	4.60148e-02
0.10083	4.64939e-02
0.10080	4.69592e-02
0.10076	4.74063e-02
0.10071	4.78318e-02
0.10064	4.82325e-02
0.10057	4.86059e-02
0.10050	4.89500e-02
0.10042	4.92634e-02
0.10034	4.95452e-02
0.10026	4.97921e-02
0.10018	5.00070e-02
0.10009	5.01914e-02
0.10001	5.03471e-02
0.09992	5.04766e-02
0.09982	5.05826e-02
0.09972	5.06680e-02
0.09961	5.07359e-02
0.09949	5.07891e-02
0.09936	5.08300e-02
0.09921	5.08607e-02
0.09905	5.08829e-02
0.09888	5.08978e-02
0.09869	5.09063e-02
0.09848	5.09086e-02
0.09826	5.09049e-02
0.09802	5.08949e-02
0.09776	5.08781e-02
0.09749	5.08538e-02
0.09721	5.08213e-02
0.09692	5.07797e-02
0.09661	5.07284e-02
0.09630	5.06665e-02
0.09597	5.05936e-02
0.09564	5.05092e-02
0.09531	5.04132e-02
0.09497	5.03057e-02
0.09464	5.01871e-02
0.09430	5.00581e-02
0.09397	4.99196e-02
0.09363	4.97726e-02
0.09331	4.96186e-02
0.09299	4.94589e-02
0.09268	4.92945e-02
0.09238	4.91268e-02
0.09210	4.89562e-02
0.09183	4.87832e-02
0.09157	4.86071e-02
0.09134	4.84268e-02
0.09114	4.82396e-02
0.09096	4.80419e-02
0.09082	4.78277e-02
0.09072	4.75891e-02
0.09066	4.73158e-02
0.09066	4.69960e-02
0.09072	4.66186e-02
0.09084	4.61776e-02
0.09103	4.56750e-02
0.09127	4.51210e-02
0.09155	4.45312e-02
0.09188	4.39231e-02
0.09223	4.33136e-02
0.09260	4.27188e-02
0.09299	4.21532e-02
0.09338	4.16301e-02
0.09376	4.11613e-02
0.09414	4.07575e-02
0.09451	4.04276e-02
0.09486	4.01789e-02
0.09519	4.00170e-02
0.09550	3.99451e-02
0.09577	3.99644e-02
0.09602	4.00741e-02
0.09624	4.02707e-02
0.09642	4.05490e-02
0.09656	4.09015e-02
0.09667	4.13189e-02
0.09675	4.17902e-02
0.09679	4.23028e-02
0.09680	4.28427e-02
0.09677	4.33948e-02
0.09673	4.39427e-02
0.09665	4.44695e-02
0.09657	4.49582e-02
0.09647	4.53923e-02
0.09636	4.57570e-02
0.09624	4.60405e-02
0.09613	4.62349e-02
0.09601	4.63372e-02
0.09588	4.63480e-02
0.09575	4.62716e-02
0.09560	4.61139e-02
0.09543	4.58814e-02
0.09524	4.55802e-02
0.09502	4.52161e-02
0.09477	4.47937e-02
0.09449	4.43173e-02
0.09417	4.37907e-02
0.09381	4.32174e-02
0.09342	4.26015e-02
0.09298	4.19467e-02
0.09251	4.12576e-02
0.09199	4.05389e-02
0.09144	3.97958e-02
0.09084	3.90340e-02
0.09020	3.82597e-02
0.08952	3.74796e-02
0.08880	3.67008e-02
0.08804	3.59310e-02
0.08725	3.51785e-02
0.08642	3.44521e-02
0.08555	3.37611e-02
0.08466	3.31152e-02
0.08373	3.25243e-02
0.08278	3.19984e-02
0.08181	3.15471e-02
0.08082	3.11793e-02
0.07982	3.09027e-02
0.07881	3.07235e-02
0.07779	3.06455e-02
0.07678	3.06705e-02
0.07578	3.07974e-02
0.07479	3.10226e-02
0.07384	3.13403e-02
0.07292	3.17426e-02
0.07204	3.22207e-02
0.07122	3.27649e-02
0.07046	3.33655e-02
0.06977	3.40130e-02
0.06917	3.46976e-02
0.06866	3.54085e-02
0.06825	3.61321e-02
0.06796	3.68494e-02
0.06779	3.75329e-02
0.06779	3.81465e-02
0.06796	3.86574e-02
0.06830	3.90563e-02
0.06882	3.93582e-02
0.06949	3.95848e-02
0.07029	3.97532e-02
0.07121	3.98761e-02
0.07223	3.99640e-02
0.07334	4.00261e-02
0.07453	4.00691e-02
0.07578	4.00975e-02
0.07709	4.01131e-02
0.07844	4.01159e-02
0.07983	4.01046e-02
0.08124	4.00781e-02
0.08267	4.00364e-02
0.08411	3.99809e-02
0.08555	3.99136e-02
0.08698	3.98411e-02
0.08840	3.97701e-02
0.08978	3.97075e-02
0.09113	3.96604e-02
0.09243	3.96354e-02
0.09367	3.96382e-02
0.09486	3.96736e-02
0.09599	3.97453e-02
0.09705	3.98559e-02
0.09803	4.00073e-02
0.09894	4.02003e-02
0.09977	4.04350e-02
0.10052	4.07111e-02
0.10119	4.10274e-02
0.10177	4.13829e-02
0.10227	4.17757e-02
0.10268	4.22043e-02
0.10300	4.26669e-02
0.10324	4.31617e-02
0.10339	4.36871e-02
0.10346	4.42414e-02
0.10344	4.48235e-02
0.10333	4.54321e-02
0.10314	4.60663e-02
0.10287	4.67256e-02
0.10251	4.74093e-02
0.10207	4.81159e-02
0.10183	4.82754e-02
0.10188	4.76915e-02
0.10188	4.70925e-02
0.10183	4.64877e-02
0.10173	4.58850e-02
0.10158	4.52933e-02
0.10139	4.47221e-02
0.10114	4.41819e-02
0.10085	4.36835e-02
0.10052	4.32385e-02
0.10014	4.28580e-02
0.09971	4.25531e-02
0.09925	4.23335e-02
0.09875	4.22065e-02
0.09821	4.21760e-02
0.09765	4.22391e-02
0.09706	4.23822e-02
0.09648	4.25716e-02
0.09594	4.27388e-02
0.09549	4.27659e-02
0.09521	4.25179e-02
0.09510	4.19609e-02
0.09513	4.12028e-02
0.09523	4.03848e-02
0.09536	3.96099e-02
0.09549	3.89435e-02
0.09562	3.84277e-02
0.09574	3.80899e-02
0.09584	3.79472e-02
0.09592	3.80081e-02
0.09598	3.82737e-02
0.09602	3.87374e-02
0.09604	3.93891e-02
0.09605	4.02125e-02
0.09603	4.11878e-02
0.09600	4.22919e-02
0.09597	4.34990e-02
0.09593	4.47802e-02
0.09590	4.61024e-02
0.09588	4.74261e-02
0.09591	4.87038e-02
0.09600	4.98845e-02
0.09617	5.09314e-02
0.09642	5.18434e-02
0.09673	5.26515e-02
0.09708	5.33941e-02
0.09745	5.41008e-02
0.09781	5.47905e-02
0.09817	5.54748e-02
0.09850	5.61604e-02
0.09880	5.68512e-02
0.09907	5.75496e-02
0.09930	5.82563e-02
0.09948	5.89711e-02
0.09961	5.96930e-02
0.09969	6.04201e-02
0.09972	6.11499e-02
0.09969	6.18795e-02
0.09960	6.26055e-02
0.09945	6.33244e-02
0.09924	6.40323e-02
0.09897	6.47253e-02
0.09865	6.53994e-02
0.09826	6.60508e-02
0.09782	6.66754e-02
0.09733	6.72693e-02
0.09679	6.78288e-02
0.09620	6.83504e-02
0.09556	6.88301e-02
0.09488	6.92643e-02
0.09417	6.96494e-02
0.09343	6.99819e-02
0.09265	7.02642e-02
0.09185	7.04876e-02
0.09104	7.06486e-02
0.09022	7.07416e-02
0.08942	7.07474e-02
0.08873	7.05566e-02
0.08818	7.01241e-02
0.08767	6.96063e-02
0.08716	6.90414e-02
0.08666	6.84370e-02
0.08617	6.77965e-02
0.08569	6.71222e-02
0.08523	6.64158e-02
0.08480	6.56782e-02
0.08439	6.49093e-02
0.08402	6.41082e-02
0.08369	6.32724e-02
0.08342	6.23984e-02
0.08321	6.14812e-02
0.08307	6.05146e-02
0.08301	5.94913e-02
0.08303	5.84040e-02
0.08316	5.72462e-02
0.08338	5.60137e-02
0.08370	5.47057e-02
0.08412	5.33259e-02
0.08463	5.18829e-02
0.08521	5.03892e-02
0.08587	4.88607e-02
0.08657	4.73155e-02
0.08732	4.57734e-02
0.08811	4.42553e-02
0.08891	4.27828e-02
0.08973	4.13780e-02
0.09055	4.00634e-02
0.09136	3.88617e-02
0.09217	3.77949e-02
0.09295	3.68841e-02
0.09372	3.61481e-02
0.09446	3.56028e-02
0.09517	3.52600e-02
0.09584	3.51263e-02
0.09648	3.52027e-02
0.09707	3.54844e-02
0.09762	3.59572e-02
0.09812	3.66102e-02
0.09857	3.74251e-02
0.09898	3.83812e-02
0.09934	3.94564e-02
0.09966	4.06278e-02
0.09993	4.18728e-02
0.10016	4.31696e-02
0.10035	4.44970e-02
0.10051	4.58352e-02
0.10063	4.71656e-02
0.10073	4.84711e-02
0.10079	4.97364e-02
0.10084	5.09480e-02
0.10088	5.20943e-02
0.10090	5.31641e-02
0.10090	5.41514e-02
0.10090	5.50507e-02
0.10089	5.58584e-02
0.10088	5.65724e-02
0.10087	5.71919e-02
0.10085	5.77172e-02
0.10083	5.81494e-02
0.10081	5.84904e-02
0.10078	5.87424e-02
0.10074	5.89067e-02
0.10071	5.89815e-02
0.10067	5.89579e-02
0.10066	5.88124e-02
0.10068	5.85105e-02
0.10075	5.80431e-02
0.10083	5.74514e-02
0.10091	5.67864e-02
0.10096	5.60831e-02
0.10098	5.53631e-02
0.10096	5.46408e-02
0.10089	5.39270e-02
0.10077	5.32303e-02
0.10061	5.25582e-02
0.10041	5.19171e-02
0.10016	5.13129e-02
0.09986	5.07507e-02
0.09952	5.02347e-02
0.09915	4.97691e-02
0.09873	4.93569e-02
0.09828	4.90008e-02
0.09779	4.87030e-02
0.09728	4.84646e-02
0.09673	4.82866e-02
0.09615	4.81691e-02
0.09556	4.81114e-02
0.09494	4.81125e-02
0.09429	4.81706e-02
0.09364	4.82832e-02
0.09296	4.84475e-02
0.09228	4.86601e-02
0.09158	4.89169e-02
0.09088	4.92137e-02
0.09017	4.95457e-02
0.08946	4.99081e-02
0.08875	5.02957e-02
0.08804	5.07032e-02
0.08733	5.11253e-02
0.08663	5.15569e-02
0.08594	5.19927e-02
0.08525	5.24277e-02
0.08458	5.28569e-02
0.08391	5.32755e-02
0.08327	5.36785e-02
0.08263	5.40609e-02
0.08202	5.44175e-02
0.08142	5.47426e-02
0.08085	5.50298e-02
0.08030	5.52721e-02
0.07978	5.54619e-02
0.07930	5.55909e-02
0.07886	5.56502e-02
0.07846	5.56313e-02
0.07810	5.55263e-02
0.07780	5.53284e-02
0.07756	5.50330e-02
0.07736	5.46383e-02
0.07722	5.41453e-02
0.07712	5.35581e-02
0.07705	5.28839e-02
0.07702	5.21315e-02
0.07700	5.13108e-02
0.07700	5.04315e-02
0.07700	4.95022e-02
0.07700	4.85302e-02
0.07699	4.75212e-02
0.07698	4.64790e-02
0.07696	4.54059e-02
0.07694	4.43028e-02
0.07691	4.31690e-02
0.07687	4.20028e-02
0.07684	4.08017e-02
0.07681	3.95635e-02
0.07678	3.82861e-02
0.07676	3.69691e-02
0.07675	3.56142e-02
0.07674	3.42253e-02
0.07674	3.28093e-02
0.07675	3.13758e-02
0.07676	2.99368e-02
0.07677	2.85069e-02
0.07677	2.71034e-02
0.07678	2.57458e-02
0.07678	2.44566e-02
0.07678	2.32606e-02
0.07678	2.21853e-02
0.07676	2.12596e-02
0.07675	2.05123e-02
0.07673	1.99694e-02
0.07670	1.96511e-02
0.07668	1.95684e-02
0.07665	1.97204e-02
0.07663	2.00946e-02
0.07662	2.06674e-02
0.07661	2.14072e-02
0.07663	2.22779e-02
0.07666	2.32413e-02
0.07673	2.42599e-02
0.07684	2.52983e-02
0.07699	2.63251e-02
0.07719	2.73143e-02
0.07746	2.82472e-02
0.07778	2.91130e-02
0.07816	2.99099e-02
0.07860	3.06439e-02
0.07908	3.13265e-02
0.07960	3.19729e-02
0.08015	3.25988e-02
0.08071	3.32188e-02
0.08128	3.38449e-02
0.08184	3.44859e-02
0.08240	3.51477e-02
0.08293	3.58329e-02
0.08345	3.65422e-02
0.08393	3.72739e-02
0.08439	3.80251e-02
0.08481	3.87921e-02
0.08520	3.95706e-02
0.08555	4.03559e-02
0.08586	4.11435e-02
0.08613	4.19283e-02
0.08635	4.27056e-02
0.08654	4.34697e-02
0.08668	4.42144e-02
0.08679	4.49317e-02
0.08686	4.56108e-02
0.08691	4.62366e-02
0.08693	4.67871e-02
0.08696	4.72309e-02
0.08701	4.75276e-02
0.08711	4.76362e-02
0.08727	4.75337e-02
0.08749	4.72284e-02
0.08774	4.67514e-02
0.08801	4.61385e-02
0.08828	4.54190e-02
0.08854	4.46140e-02
0.08878	4.37383e-02
0.08899	4.28031e-02
0.08919	4.18174e-02
0.08935	4.07901e-02
0.08948	3.97303e-02
0.08959	3.86485e-02
0.08966	3.75566e-02
0.08969	3.64684e-02
0.08969	3.53992e-02
0.08965	3.43657e-02
0.08958	3.33858e-02
0.08947	3.24780e-02
0.08932	3.16610e-02
0.08913	3.09531e-02
0.08890	3.03710e-02
0.08865	2.99295e-02
0.08836	2.96399e-02
0.08804	2.95096e-02
0.08770	2.95411e-02
0.08735	2.97318e-02
0.08697	3.00742e-02
0.08659	3.05562e-02
0.08621	3.11624e-02
0.08583	3.18749e-02
0.08546	3.26751e-02
0.08511	3.35445e-02
0.08479	3.44664e-02
0.08450	3.54272e-02
0.08424	3.64165e-02
0.08402	3.74284e-02
0.08385	3.84606e-02
0.08371	3.95141e-02
0.08360	4.05922e-02
0.08353	4.16993e-02
0.08348	4.28398e-02
0.08346	4.40177e-02
0.08345	4.52357e-02
0.08345	4.64950e-02
0.08345	4.77950e-02
0.08346	4.91321e-02
0.08347	5.04940e-02
0.08355	5.17581e-02
0.08419	5.21733e-02
0.08497	5.23716e-02
0.08574	5.26307e-02
0.08646	5.29673e-02
0.08715	5.33830e-02
0.08779	5.38761e-02
0.08838	5.44431e-02
0.08891	5.50793e-02
0.08940	5.57781e-02
0.08984	5.65292e-02
0.09024	5.73018e-02
0.09072	5.79019e-02
0.09132	5.82714e-02
0.09189	5.86341e-02
0.09242	5.90161e-02
0.09291	5.94096e-02
0.09335	5.98010e-02
0.09377	6.01750e-02
0.09416	6.05188e-02
0.09454	6.08249e-02
0.09489	6.10931e-02
0.09521	6.13291e-02
0.09550	6.15414e-02
0.09576	6.17385e-02
0.09597	6.19276e-02
0.09614	6.21136e-02
0.09626	6.22998e-02
0.09634	6.24876e-02
0.09636	6.26768e-02
0.09635	6.28652e-02
0.09630	6.30475e-02
0.09621	6.32137e-02
0.09611	6.33445e-02
0.09603	6.34048e-02
0.09598	6.33428e-02
0.09602	6.31220e-02
0.09611	6.27623e-02
0.09624	6.23166e-02
0.09637	6.18281e-02
0.09648	6.13228e-02
0.09658	6.08158e-02
0.09666	6.03164e-02
0.09673	5.98305e-02
0.09677	5.93624e-02
0.09679	5.89151e-02
0.09680	5.84905e-02
0.09679	5.80900e-02
0.09678	5.77138e-02
0.09676	5.73616e-02
0.09673	5.70323e-02
0.09671	5.67242e-02
0.09668	5.64347e-02
0.09667	5.61612e-02
0.09666	5.59005e-02
0.09667	5.56496e-02
0.09670	5.54054e-02
0.09674	5.51648e-02
0.09681	5.49241e-02
0.09690	5.46772e-02
0.09702	5.44133e-02
0.09718	5.41114e-02
0.09741	5.37337e-02
0.09772	5.32267e-02
0.09814	5.25504e-02
0.09865	5.17178e-02
0.09922	5.07820e-02
0.09981	4.97958e-02
0.10041	4.87964e-02
0.10100	4.78085e-02
0.10157	4.68487e-02
0.10212	4.59292e-02
0.10263	4.50593e-02
0.10310	4.42464e-02
0.10354	4.34963e-02
0.10393	4.28135e-02
0.10428	4.22014e-02
0.10459	4.16622e-02
0.10484	4.11969e-02
0.10505	4.08054e-02
0.10521	4.04866e-02
0.10531	4.02381e-02
0.10537	4.00565e-02
0.10537	3.99375e-02
0.10533	3.98758e-02
0.10523	3.98651e-02
0.10509	3.98985e-02
0.10490	3.99685e-02
0.10466	4.00671e-02
0.10438	4.01860e-02
0.10406	4.03168e-02
0.10369	4.04515e-02
0.10329	4.05825e-02
0.10286	4.07033e-02
0.10239	4.08083e-02
0.10190	4.08936e-02
0.10137	4.09566e-02
0.10082	4.09963e-02
0.10025	4.10129e-02
0.09965	4.10079e-02
0.09902	4.09833e-02
0.09838	4.09420e-02
0.09771	4.08872e-02
0.09702	4.08222e-02
0.09630	4.07509e-02
0.09558	4.06776e-02
0.09483	4.06067e-02
0.09406	4.05433e-02
0.09329	4.04931e-02
0.09249	4.04619e-02
0.09168	4.04560e-02
0.09086	4.04817e-02
0.09003	4.05450e-02
0.08919	4.06514e-02
0.08834	4.08052e-02
0.08748	4.10095e-02
0.08662	4.12654e-02
0.08575	4.15725e-02
0.08489	4.19280e-02
0.08404	4.23273e-02
0.08320	4.27641e-02
0.08239	4.32307e-02
0.08161	4.37186e-02
0.08086	4.42191e-02
0.08016	4.47240e-02
0.07951	4.52254e-02
0.07892	4.57161e-02
0.07840	4.61881e-02
0.07795	4.66309e-02
0.07760	4.70240e-02
0.07737	4.73127e-02
0.07737	4.73427e-02
0.07762	4.70541e-02
0.07803	4.66095e-02
0.07854	4.60875e-02
0.07913	4.55197e-02
0.07978	4.49316e-02
0.08047	4.43470e-02
0.08119	4.37875e-02
0.08193	4.32715e-02
0.08267	4.28143e-02
0.08340	4.24279e-02
0.08413	4.21214e-02
0.08484	4.19016e-02
0.08552	4.17729e-02
0.08618	4.17375e-02
0.08682	4.17957e-02
0.08742	4.19463e-02
0.08799	4.21863e-02
0.08852	4.25117e-02
0.08901	4.29171e-02
0.08947	4.33967e-02
0.08989	4.39436e-02
0.09027	4.45508e-02
0.09061	4.52109e-02
0.09091	4.59165e-02
0.09117	4.66599e-02
0.09140	4.74337e-02
0.09158	4.82302e-02
0.09173	4.90422e-02
0.09184	4.98619e-02
0.09192	5.06820e-02
0.09197	5.14944e-02
0.09199	5.22912e-02
0.09199	5.30636e-02
0.09197	5.38031e-02
0.09193	5.45010e-02
0.09189	5.51499e-02
0.09184	5.57449e-02
0.09180	5.62844e-02
0.09175	5.67706e-02
0.09169	5.72091e-02
0.09163	5.76071e-02
0.09155	5.79723e-02
0.09146	5.83117e-02
0.09135	5.86315e-02
0.09123	5.89364e-02
0.09108	5.92302e-02
0.09092	5.95155e-02
0.09074	5.97939e-02
0.09054	6.00664e-02
0.09032	6.03332e-02
0.09009	6.05939e-02
0.08985	6.08473e-02
0.08960	6.10920e-02
0.08935	6.13257e-02
0.08909	6.15447e-02
0.08885	6.17418e-02
0.08864	6.18862e-02
0.08855	6.18421e-02
0.08859	6.16239e-02
0.08866	6.13524e-02
0.08876	6.10491e-02
0.08888	6.07174e-02
0.08902	6.03584e-02
0.08918	5.99734e-02
0.08937	5.95643e-02
0.08957	5.91342e-02
0.08979	5.86866e-02
0.09003	5.82259e-02
0.09028	5.77566e-02
0.09054	5.72832e-02
0.09080	5.68099e-02
0.09107	5.63400e-02
0.09134	5.58759e-02
0.09161	5.54185e-02
0.09189	5.49668e-02
0.09216	5.45171e-02
0.09245	5.40627e-02
0.09274	5.35927e-02
0.09305	5.30936e-02
0.09339	5.25518e-02
0.09375	5.19595e-02
0.09414	5.13180e-02
0.09454	5.06369e-02
0.09495	4.99295e-02
0.09535	4.92082e-02
0.09575	4.84833e-02
0.09614	4.77626e-02
0.09650	4.70521e-02
0.09685	4.63558e-02
0.09718	4.56768e-02
0.09748	4.50172e-02
0.09776	4.43782e-02
0.09802	4.37603e-02
0.09826	4.31637e-02
0.09847	4.25877e-02
0.09866	4.20314e-02
0.09883	4.14935e-02
0.09898	4.09723e-02
0.09911	4.04660e-02
0.09922	3.99727e-02
0.09932	3.94904e-02
0.09941	3.90175e-02
0.09948	3.85526e-02
0.09954	3.80948e-02
0.09959	3.76438e-02
0.09963	3.72001e-02
0.09967	3.67652e-02
0.09969	3.63414e-02
0.09971	3.59322e-02
0.09972	3.55420e-02
0.09973	3.51763e-02
0.09972	3.48414e-02
0.09971	3.45446e-02
0.09969	3.42937e-02
0.09966	3.40967e-02
0.09961	3.39621e-02
0.09956	3.38979e-02
0.09949	3.39118e-02
0.09940	3.40107e-02
0.09931	3.42005e-02
0.09919	3.44854e-02
0.09906	3.48687e-02
0.09891	3.53515e-02
0.09874	3.59337e-02
0.09856	3.66133e-02
0.09835	3.73869e-02
0.09813	3.82496e-02
0.09789	3.91955e-02
0.09762	4.02174e-02
0.09734	4.13073e-02
0.09704	4.24557e-02
0.09673	4.36514e-02
0.09641	4.48789e-02
0.09608	4.61110e-02
0.09579	4.72812e-02
0.09562	4.82159e-02
0.09563	4.87977e-02
0.09573	4.92349e-02
0.09583	4.96779e-02
0.09592	5.01645e-02
0.09605	5.05777e-02
0.09680	4.98015e-02
0.09761	4.88756e-02
0.09838	4.79901e-02
0.09912	4.71535e-02
0.09981	4.63687e-02
0.10045	4.56371e-02
0.10105	4.49598e-02
0.10160	4.43371e-02
0.10209	4.37694e-02
0.10254	4.32567e-02
0.10294	4.27989e-02
0.10328	4.23956e-02
0.10357	4.20466e-02
0.10380	4.17514e-02
0.10397	4.15098e-02
0.10409	4.13212e-02
0.10415	4.11852e-02
0.10414	4.11016e-02
0.10408	4.10697e-02
0.10395	4.10892e-02
0.10375	4.11594e-02
0.10349	4.12798e-02
0.10317	4.14495e-02
0.10277	4.16676e-02
0.10231	4.19330e-02
0.10178	4.22442e-02
0.10118	4.25997e-02
0.10051	4.29975e-02
0.09977	4.34354e-02
0.09896	4.39110e-02
0.09808	4.44210e-02
0.09714	4.49620e-02
0.09613	4.55293e-02
0.09506	4.61166e-02
0.09394	4.67140e-02
0.09277	4.73035e-02
0.09157	4.78442e-02
0.09041	4.82291e-02
0.08942	4.82381e-02
0.08864	4.77979e-02
0.08796	4.71343e-02
0.08729	4.64051e-02
0.08662	4.56510e-02
0.08597	4.48248e-02
0.08542	4.37860e-02
0.08498	4.25109e-02
0.08458	4.11458e-02
0.08416	3.97840e-02
0.08373	3.84673e-02
0.08326	3.72208e-02
0.08277	3.60640e-02
0.08225	3.50146e-02
0.08170	3.40893e-02
0.08112	3.33042e-02
0.08052	3.26737e-02
0.07989	3.22104e-02
0.07923	3.19238e-02
0.07856	3.18198e-02
0.07786	3.18999e-02
0.07715	3.21609e-02
0.07642	3.25942e-02
0.07567	3.31856e-02
0.07493	3.39121e-02
0.07419	3.47270e-02
0.07356	3.54413e-02
0.07343	3.52451e-02
0.07369	3.43577e-02
0.07403	3.34164e-02
0.07441	3.25003e-02
0.07483	3.15942e-02
0.07531	3.06683e-02
0.07584	2.97060e-02
0.07641	2.87172e-02
0.07701	2.77332e-02
0.07762	2.67932e-02
0.07822	2.59343e-02
0.07880	2.51878e-02
0.07936	2.45781e-02
0.07988	2.41232e-02
0.08037	2.38342e-02
0.08081	2.37154e-02
0.08121	2.37641e-02
0.08157	2.39712e-02
0.08187	2.43220e-02
0.08213	2.47974e-02
0.08234	2.53752e-02
0.08251	2.60311e-02
0.08263	2.67396e-02
0.08271	2.74747e-02
0.08275	2.82095e-02
0.08276	2.89165e-02
0.08275	2.95670e-02
0.08273	3.01309e-02
0.08270	3.05766e-02
0.08269	3.08730e-02
0.08268	3.09929e-02
0.08271	3.09193e-02
0.08275	3.06498e-02
0.08281	3.01973e-02
0.08287	2.95858e-02
0.08292	2.88442e-02
0.08295	2.80023e-02
0.08295	2.70883e-02
0.08289	2.61285e-02
0.08279	2.51482e-02
0.08263	2.41721e-02
0.08241	2.32257e-02
0.08212	2.23351e-02
0.08176	2.15279e-02
0.08133	2.08329e-02
0.08083	2.02788e-02
0.08026	1.98934e-02
0.07962	1.97009e-02
0.07890	1.97195e-02
0.07811	1.99596e-02
0.07726	2.04224e-02
0.07633	2.11001e-02
0.07534	2.19774e-02
0.07429	2.30331e-02
0.07318	2.42406e-02
0.07202	2.55673e-02
0.07082	2.69679e-02
0.06962	2.83696e-02
0.06848	2.96610e-02
0.06743	3.07767e-02
0.06645	3.18082e-02
0.06549	3.28791e-02
0.06454	3.40496e-02
0.06357	3.53358e-02
0.06259	3.67334e-02
0.06161	3.82270e-02
0.06063	3.97914e-02
0.05970	4.13853e-02
0.05886	4.29279e-02
0.05827	4.42383e-02
0.05811	4.51254e-02
0.05831	4.56949e-02
0.05879	4.60660e-02
0.05954	4.62410e-02
0.06054	4.62489e-02
0.06175	4.61118e-02
0.06324	4.57056e-02
0.06502	4.50023e-02
0.06692	4.41814e-02
0.06887	4.33579e-02
0.07081	4.25776e-02
0.07274	4.18618e-02
0.07465	4.12219e-02
0.07654	4.06644e-02
0.07840	4.01923e-02
0.08022	3.98057e-02
0.08202	3.95019e-02
0.08378	3.92757e-02
0.08551	3.91197e-02
0.08720	3.90249e-02
0.08887	3.89817e-02
0.09050	3.89816e-02
0.09210	3.90184e-02
0.09367	3.90890e-02
0.09519	3.91935e-02
0.09666	3.93341e-02
0.09808	3.95145e-02
0.09945	3.97383e-02
0.10075	4.00085e-02
0.10199	4.03271e-02
0.10316	4.06951e-02
0.10426	4.11121e-02
0.10528	4.15770e-02
0.10623	4.20876e-02
0.10710	4.26414e-02
0.10789	4.32351e-02
0.10860	4.38653e-02
0.10924	4.45283e-02
0.10979	4.52203e-02
0.11026	4.59374e-02
0.11065	4.66757e-02
0.11097	4.74316e-02
0.11120	4.82015e-02
0.11135	4.89818e-02
0.11143	4.97694e-02
0.11143	5.05609e-02
0.11136	5.13536e-02
0.11121	5.21445e-02
0.11100	5.29309e-02
0.11071	5.37105e-02
0.11036	5.44807e-02
0.10995	5.52390e-02
0.10947	5.59832e-02
0.10894	5.67108e-02
0.10835	5.74191e-02
0.10771	5.81051e-02
0.10703	5.87655e-02
0.10631	5.93961e-02
0.10555	5.99918e-02
0.10477	6.05461e-02
0.10397	6.10506e-02
0.10316	6.14952e-02
0.10236	6.18682e-02
0.10158	6.21576e-02
0.10083	6.23540e-02
0.10011	6.24533e-02
0.09944	6.24585e-02
0.09880	6.23784e-02
0.09821	6.22254e-02
0.09765	6.20118e-02
0.09712	6.17486e-02
0.09662	6.14445e-02
0.09615	6.11056e-02
0.09572	6.07357e-02
0.09532	6.03350e-02
0.09496	5.98992e-02
0.09465	5.94171e-02
0.09441	5.88693e-02
0.09425	5.82289e-02
0.09419	5.74711e-02
0.09423	5.65883e-02
0.09437	5.55976e-02
0.09457	5.45319e-02
0.09482	5.34262e-02
0.09510	5.23096e-02
0.09540	5.12042e-02
0.09571	5.01261e-02
0.09602	4.90870e-02
0.09632	4.80955e-02
0.09663	4.71576e-02
0.09693	4.62770e-02
0.09722	4.54560e-02
0.09751	4.46948e-02
0.09779	4.39923e-02
0.09806	4.33462e-02
0.09833	4.27527e-02
0.09859	4.22072e-02
0.09885	4.17045e-02
0.09910	4.12391e-02
0.09934	4.08051e-02
0.09958	4.03974e-02
0.09981	4.00110e-02
0.10003	3.96418e-02
0.10024	3.92867e-02
0.10044	3.89431e-02
0.10063	3.86095e-02
0.10080	3.82852e-02
0.10095	3.79701e-02
0.10108	3.76650e-02
0.10118	3.73708e-02
0.10126	3.70890e-02
0.10130	3.68216e-02
0.10132	3.65705e-02
0.10129	3.63376e-02
0.10123	3.61248e-02
0.10113	3.59341e-02
0.10099	3.57667e-02
0.10080	3.56238e-02
0.10057	3.55059e-02
0.10030	3.54131e-02
0.09997	3.53447e-02
0.09961	3.52995e-02
0.09920	3.52754e-02
0.09874	3.52696e-02
0.09824	3.52785e-02
0.09770	3.52979e-02
0.09713	3.53226e-02
0.09652	3.53468e-02
0.09587	3.53638e-02
0.09520	3.53666e-02
0.09451	3.53474e-02
0.09380	3.52981e-02
0.09308	3.52106e-02
0.09235	3.50765e-02
0.09163	3.48884e-02
0.09090	3.46391e-02
0.09019	3.43233e-02
0.08950	3.39371e-02
0.08882	3.34792e-02
0.08816	3.29509e-02
0.08753	3.23570e-02
0.08692	3.17053e-02
0.08633	3.10072e-02
0.08577	3.02773e-02
0.08522	2.95330e-02
0.08469	2.87941e-02
0.08417	2.80824e-02
0.08366	2.74205e-02
0.08315	2.68307e-02
0.08266	2.63339e-02
0.08217	2.59475e-02
0.08168	2.56833e-02
0.08121	2.55449e-02
0.08075	2.55260e-02
0.08032	2.56075e-02
0.07992	2.57570e-02
0.07958	2.59304e-02
0.07931	2.60774e-02
0.07912	2.61552e-02
0.07904	2.61445e-02
0.07905	2.60575e-02
0.07914	2.59328e-02
0.07929	2.58200e-02
0.07949	2.57665e-02
0.07973	2.58113e-02
0.07999	2.59836e-02
0.08027	2.63033e-02
0.08055	2.67821e-02
0.08084	2.74250e-02
0.08111	2.82308e-02
0.08138	2.91936e-02
0.08163	3.03032e-02
0.08187	3.15466e-02
0.08208	3.29087e-02
0.08227	3.43734e-02
0.08243	3.59241e-02
0.08257	3.75443e-02
0.08268	3.92180e-02
0.08276	4.09299e-02
0.08281	4.26654e-02
0.08284	4.44109e-02
0.08284	4.61534e-02
0.08283	4.78804e-02
0.08280	4.95803e-02
0.08276	5.12416e-02
0.08271	5.28530e-02
0.08266	5.44032e-02
0.08262	5.58803e-02
0.08259	5.72718e-02
0.08258	5.85639e-02
0.08261	5.97413e-02
0.08269	6.07875e-02
0.08284	6.16855e-02
0.08304	6.24246e-02
0.08332	6.29942e-02
0.08367	6.33947e-02
0.08410	6.36368e-02
0.08459	6.37388e-02
0.08511	6.37228e-02
0.08565	6.36106e-02
0.08618	6.34220e-02
0.08671	6.31741e-02
0.08720	6.28811e-02
0.08767	6.25547e-02
0.08809	6.22043e-02
0.08846	6.18369e-02
0.08879	6.14562e-02
0.08907	6.10595e-02
0.08933	6.06282e-02
0.08959	6.00935e-02
0.09000	5.92647e-02
0.09063	5.80032e-02
0.09134	5.64831e-02
0.09205	5.48548e-02
0.09272	5.31765e-02
0.09332	5.14743e-02
0.09385	4.97639e-02
0.09432	4.80580e-02
0.09471	4.63682e-02
0.09503	4.47060e-02
0.09528	4.30835e-02
0.09545	4.15130e-02
0.09555	4.00080e-02
0.09558	3.85824e-02
0.09554	3.72507e-02
0.09543	3.60278e-02
0.09525	3.49288e-02
0.09500	3.39680e-02
0.09470	3.31585e-02
0.09433	3.25117e-02
0.09390	3.20359e-02
0.09342	3.17359e-02
0.09289	3.16123e-02
0.09231	3.16613e-02
0.09168	3.18744e-02
0.09102	3.22389e-02
0.09033	3.27386e-02
0.08962	3.33538e-02
0.08888	3.40624e-02
0.08814	3.48399e-02
0.08740	3.56595e-02
0.08667	3.64919e-02
0.08598	3.73050e-02
0.08533	3.80630e-02
0.08476	3.87273e-02
0.08427	3.92595e-02
0.08390	3.96281e-02
0.08365	3.98183e-02
0.08353	3.98377e-02
0.08351	3.97131e-02
0.08359	3.94806e-02
0.08374	3.91771e-02
0.08394	3.88352e-02
0.08419	3.84824e-02
0.08447	3.81408e-02
0.08476	3.78276e-02
0.08507	3.75562e-02
0.08539	3.73366e-02
0.08571	3.71754e-02
0.08603	3.70770e-02
0.08635	3.70435e-02
0.08666	3.70753e-02
0.08697	3.71712e-02
0.08727	3.73285e-02
0.08756	3.75437e-02
0.08784	3.78124e-02
0.08811	3.81294e-02
0.08837	3.84887e-02
0.08862	3.88836e-02
0.08886	3.93064e-02
0.08909	3.97484e-02
0.08932	4.01993e-02
0.08955	4.06468e-02
0.08979	4.10761e-02
0.09003	4.14699e-02
0.09029	4.18080e-02
0.09058	4.20689e-02
0.09090	4.22324e-02
0.09127	4.22834e-02
0.09168	4.22160e-02
0.09212	4.20347e-02
0.09260	4.17530e-02
0.09310	4.13897e-02
0.09361	4.09653e-02
0.09412	4.04994e-02
0.09462	4.00093e-02
0.09510	3.95104e-02
0.09557	3.90156e-02
0.09601	3.85361e-02
0.09643	3.80815e-02
0.09681	3.76603e-02
0.09717	3.72795e-02
0.09749	3.69454e-02
0.09778	3.66631e-02
0.09804	3.64374e-02
0.09827	3.62710e-02
0.09846	3.61660e-02
0.09863	3.61236e-02
0.09876	3.61436e-02
0.09887	3.62252e-02
0.09895	3.63664e-02
0.09901	3.65644e-02
0.09905	3.68156e-02
0.09906	3.71159e-02
0.09906	3.74606e-02
0.09904	3.78448e-02
0.09901	3.82634e-02
0.09897	3.87107e-02
0.09892	3.91807e-02
0.09887	3.96660e-02
0.09882	4.01563e-02
0.09877	4.06350e-02
0.09874	4.10732e-02
0.09876	4.14198e-02
0.09884	4.16028e-02
0.09902	4.15736e-02
0.09929	4.13595e-02
0.09960	4.10306e-02
0.09994	4.06447e-02
0.10028	4.02309e-02
0.10062	3.98167e-02
0.10095	3.94155e-02
0.10127	3.90367e-02
0.10158	3.86866e-02
0.10187	3.83698e-02
0.10214	3.80896e-02
0.10240	3.78477e-02
0.10263	3.76448e-02
0.10284	3.74806e-02
0.10303	3.73534e-02
0.10320	3.72607e-02
0.10335	3.71989e-02
0.10347	3.71637e-02
0.10358	3.71500e-02
0.10367	3.71523e-02
0.10374	3.71649e-02
0.10380	3.71824e-02
0.10384	3.71999e-02
0.10386	3.72134e-02
0.10387	3.72201e-02
0.10386	3.72187e-02
0.10383	3.72093e-02
0.10378	3.71935e-02
0.10372	3.71739e-02
0.10363	3.71543e-02
0.10352	3.71386e-02
0.10338	3.71310e-02
0.10321	3.71356e-02
0.10301	3.71558e-02
0.10278	3.71942e-02
0.10252	3.72527e-02
0.10223	3.73320e-02
0.10191	3.74316e-02
0.10155	3.75502e-02
0.10117	3.76852e-02
0.10075	3.78330e-02
0.10031	3.79888e-02
0.09984	3.81470e-02
0.09935	3.83009e-02
0.09884	3.84428e-02
0.09832	3.85639e-02
0.09779	3.86547e-02
0.09726	3.87049e-02
0.09673	3.87040e-02
0.09621	3.86420e-02
0.09569	3.85106e-02
0.09520	3.83048e-02
0.09472	3.80233e-02
0.09426	3.76698e-02
0.09381	3.72521e-02
0.09337	3.67812e-02
0.09294	3.62702e-02
0.09251	3.57324e-02
0.09208	3.51807e-02
0.09164	3.46267e-02
0.09120	3.40803e-02
0.09074	3.35499e-02
0.09028	3.30419e-02
0.08981	3.25613e-02
0.08932	3.21115e-02
0.08883	3.16950e-02
0.08832	3.13131e-02
0.08781	3.09666e-02
0.08729	3.06563e-02
0.08677	3.03829e-02
0.08624	3.01473e-02
0.08570	2.99514e-02
0.08515	2.97974e-02
0.08461	2.96884e-02
0.08405	2.96279e-02
0.08348	2.96199e-02
0.08291	2.96680e-02
0.08232	2.97761e-02
0.08172	2.99472e-02
0.08111	3.01837e-02
0.08049	3.04873e-02
0.07984	3.08587e-02
0.07918	3.12975e-02
0.07850	3.18027e-02
0.07781	3.23722e-02
0.07709	3.30031e-02
0.07635	3.36916e-02
0.07559	3.44331e-02
0.07481	3.52217e-02
0.07402	3.60502e-02
0.07321	3.69093e-02
0.07238	3.77864e-02
0.07156	3.86641e-02
0.07075	3.95182e-02
0.06998	4.03179e-02
0.06926	4.10334e-02
0.06860	4.16521e-02
0.06800	4.21725e-02
0.06747	4.26075e-02
0.06707	4.28658e-02
0.06700	4.26485e-02
0.06720	4.20235e-02
0.06748	4.13006e-02
0.06778	4.05864e-02
0.06807	3.99172e-02
0.06834	3.93115e-02
0.06859	3.87824e-02
0.06882	3.83404e-02
0.06902	3.79941e-02
0.06920	3.77505e-02
0.06935	3.76151e-02
0.06948	3.75913e-02
0.06958	3.76808e-02
0.06966	3.78829e-02
0.06971	3.81948e-02
0.06975	3.86112e-02
0.06977	3.91242e-02
0.06977	3.97226e-02
0.06977	4.03906e-02
0.06978	4.11050e-02
0.06982	4.18305e-02
0.06992	4.25134e-02
0.07012	4.30806e-02
0.07048	4.34661e-02
0.07098	4.36597e-02
0.07161	4.37151e-02
0.07232	4.37009e-02
0.07306	4.36685e-02
0.07383	4.36481e-02
0.07460	4.36548e-02
0.07539	4.36934e-02
0.07617	4.37615e-02
0.07697	4.38506e-02
0.07778	4.39465e-02
0.07861	4.40279e-02
0.07948	4.40659e-02
0.08040	4.40310e-02
0.08137	4.39012e-02
0.08239	4.36817e-02
0.08344	4.34002e-02
0.08450	4.30919e-02
0.08554	4.27880e-02
0.08656	4.25125e-02
0.08754	4.22828e-02
0.08848	4.21112e-02
0.08938	4.20063e-02
0.09022	4.19737e-02
0.09101	4.20167e-02
0.09174	4.21369e-02
0.09241	4.23338e-02
0.09303	4.26057e-02
0.09359	4.29495e-02
0.09410	4.33609e-02
0.09455	4.38346e-02
0.09494	4.43645e-02
0.09527	4.49435e-02
0.09556	4.55637e-02
0.09580	4.62165e-02
0.09599	4.68922e-02
0.09614	4.75798e-02
0.09625	4.82671e-02
0.09634	4.89398e-02
0.09641	4.95814e-02
0.09646	5.01730e-02
0.09652	5.06938e-02
0.09660	5.11229e-02
0.09670	5.14420e-02
0.09684	5.16384e-02
0.09702	5.17057e-02
0.09724	5.16428e-02
0.09750	5.14518e-02
0.09781	5.11366e-02
0.09815	5.07028e-02
0.09853	5.01571e-02
0.09894	4.95078e-02
0.09937	4.87643e-02
0.09983	4.79371e-02
0.10030	4.70376e-02
0.10078	4.60781e-02
0.10127	4.50713e-02
0.10175	4.40302e-02
0.10224	4.29681e-02
0.10271	4.18987e-02
0.10317	4.08354e-02
0.10362	3.97918e-02
0.10406	3.87813e-02
0.10448	3.78169e-02
0.10488	3.69112e-02
0.10526	3.60759e-02
0.10563	3.53216e-02
0.10598	3.46575e-02
0.10632	3.40907e-02
0.10664	3.36263e-02
0.10695	3.32665e-02
0.10726	3.30106e-02
0.10755	3.28548e-02
0.10785	3.27924e-02
0.10815	3.28138e-02
0.10845	3.29074e-02
0.10877	3.30608e-02
0.10909	3.32622e-02
0.10944	3.35020e-02
0.10979	3.37750e-02
0.11017	3.40804e-02
0.11056	3.44227e-02
0.11096	3.48093e-02
0.11136	3.52500e-02
0.11177	3.57540e-02
0.11217	3.63296e-02
0.11256	3.69827e-02
0.11294	3.77170e-02
0.11331	3.85336e-02
0.11366	3.94314e-02
0.11398	4.04076e-02
0.11428	4.14578e-02
0.11456	4.25767e-02
0.11482	4.37577e-02
0.11504	4.49941e-02
0.11524	4.62780e-02
0.11541	4.76014e-02
0.11555	4.89549e-02
0.11567	5.03276e-02
0.11577	5.17050e-02
0.11585	5.30661e-02
0.11593	5.43755e-02
0.11605	5.55684e-02
0.11625	5.65327e-02
0.11661	5.71417e-02
0.11713	5.73884e-02
0.11774	5.73971e-02
0.11840	5.72864e-02
0.11905	5.71230e-02
0.11969	5.69395e-02
0.12031	5.67513e-02
0.12091	5.65655e-02
0.12147	5.63843e-02
0.12201	5.62070e-02
0.12252	5.60310e-02
0.12300	5.58520e-02
0.12346	5.56646e-02
0.12390	5.54623e-02
0.12432	5.52379e-02
0.12473	5.49835e-02
0.12512	5.46909e-02
0.12550	5.43520e-02
0.12587	5.39587e-02
0.12625	5.35039e-02
0.12662	5.29814e-02
0.12698	5.23863e-02
0.12735	5.17156e-02
0.12772	5.09680e-02
0.12808	5.01445e-02
0.12844	4.92478e-02
0.12878	4.82824e-02
0.12912	4.72547e-02
0.12943	4.61719e-02
0.12973	4.50424e-02
0.13000	4.38755e-02
0.13024	4.26809e-02
0.13045	4.14685e-02
0.13062	4.02487e-02
0.13075	3.90321e-02
0.13083	3.78292e-02
0.13088	3.66508e-02
0.13087	3.55075e-02
0.13081	3.44100e-02
0.13070	3.33688e-02
0.13054	3.23940e-02
0.13032	3.14954e-02
0.13004	3.06816e-02
0.12971	2.99605e-02
0.12932	2.93383e-02
0.12888	2.88197e-02
0.12838	2.84071e-02
0.12782	2.81009e-02
0.12720	2.78989e-02
0.12653	2.77966e-02
0.12580	2.77874e-02
0.12502	2.78626e-02
0.12418	2.80122e-02
0.12330	2.82250e-02
0.12236	2.84891e-02
0.12138	2.87923e-02
0.12035	2.91226e-02
0.11928	2.94686e-02
0.11816	2.98194e-02
0.11701	3.01652e-02
0.11583	3.04974e-02
0.11460	3.08088e-02
0.11335	3.10935e-02
0.11207	3.13472e-02
0.11076	3.15668e-02
0.10942	3.17511e-02
0.10806	3.18998e-02
0.10667	3.20140e-02
0.10527	3.20952e-02
0.10384	3.21457e-02
0.10240	3.21676e-02
0.10093	3.21627e-02
0.09946	3.21315e-02
0.09797	3.20735e-02
0.09648	3.19859e-02
0.09498	3.18638e-02
0.09349	3.16996e-02
0.09201	3.14835e-02
0.09056	3.12042e-02
0.08913	3.08506e-02
0.08774	3.04145e-02
0.08639	2.98935e-02
0.08510	2.92928e-02
0.08385	2.86253e-02
0.08264	2.79097e-02
0.08148	2.71676e-02
0.08037	2.64213e-02
0.07930	2.56913e-02
0.07827	2.49961e-02
0.07729	2.43518e-02
0.07635	2.37718e-02
0.07547	2.32670e-02
0.07464	2.28458e-02
0.07388	2.25141e-02
0.07317	2.22747e-02
0.07254	2.21268e-02
0.07199	2.20651e-02
0.07151	2.20791e-02
0.07113	2.21517e-02
0.07085	2.22590e-02
0.07068	2.23717e-02
0.07063	2.24589e-02
0.07071	2.24955e-02
0.07092	2.24705e-02
0.07125	2.23916e-02
0.07169	2.22846e-02
0.07223	2.21863e-02
0.07285	2.21359e-02
0.07353	2.21681e-02
0.07426	2.23092e-02
0.07503	2.25752e-02
0.07582	2.29718e-02
0.07664	2.34959e-02
0.07747	2.41373e-02
0.07832	2.48805e-02
0.07917	2.57075e-02
0.08003	2.65989e-02
0.08090	2.75357e-02
0.08177	2.85007e-02
0.08264	2.94787e-02
0.08351	3.04572e-02
0.08438	3.14264e-02
0.08525	3.23790e-02
0.08610	3.33097e-02
0.08694	3.42149e-02
0.08777	3.50917e-02
0.08857	3.59382e-02
0.08936	3.67528e-02
0.09012	3.75339e-02
0.09085	3.82803e-02
0.09154	3.89911e-02
0.09221	3.96655e-02
0.09283	4.03029e-02
0.09342	4.09030e-02
0.09397	4.14658e-02
0.09448	4.19912e-02
0.09494	4.24795e-02
0.09536	4.29308e-02
0.09573	4.33456e-02
0.09605	4.37247e-02
0.09632	4.40692e-02
0.09654	4.43806e-02
0.09672	4.46611e-02
0.09684	4.49136e-02
0.09691	4.51413e-02
0.09692	4.53483e-02
0.09688	4.55390e-02
0.09679	4.57180e-02
0.09663	4.58903e-02
0.09642	4.60605e-02
0.09615	4.62332e-02
0.09583	4.64124e-02
0.09545	4.66018e-02
0.09501	4.68039e-02
0.09451	4.70206e-02
0.09397	4.72528e-02
0.09337	4.75001e-02
0.09273	4.77611e-02
0.09205	4.80332e-02
0.09134	4.83127e-02
0.09059	4.85944e-02
0.08982	4.88705e-02
0.08905	4.91242e-02
0.08832	4.92850e-02
0.08789	4.88857e-02
0.08795	4.75850e-02
0.08812	4.60615e-02
0.08829	4.44964e-02
0.08846	4.29318e-02
0.08860	4.13930e-02
0.08873	3.99023e-02
0.08882	3.84823e-02
0.08889	3.71561e-02
0.08894	3.59463e-02
0.08895	3.48748e-02
0.08894	3.39612e-02
0.08890	3.32213e-02
0.08884	3.26650e-02
0.08876	3.22940e-02
0.08867	3.20993e-02
0.08858	3.20580e-02
0.08851	3.21310e-02
0.08848	3.22631e-02
0.08851	3.23956e-02
0.08862	3.24886e-02
0.08881	3.25407e-02
0.08906	3.25803e-02
0.08936	3.26390e-02
0.08971	3.27361e-02
0.09010	3.28758e-02
0.09053	3.30509e-02
0.09101	3.32468e-02
0.09154	3.34461e-02
0.09212	3.36322e-02
0.09275	3.37931e-02
0.09343	3.39236e-02
0.09416	3.40261e-02
0.09493	3.41108e-02
0.09573	3.41935e-02
0.09654	3.42932e-02
0.09736	3.44301e-02
0.09818	3.46234e-02
0.09899	3.48901e-02
0.09978	3.52440e-02
0.10054	3.56959e-02
0.10126	3.62529e-02
0.10194	3.69184e-02
0.10258	3.76929e-02
0.10317	3.85740e-02
0.10370	3.95571e-02
0.10417	4.06357e-02
0.10459	4.18021e-02
0.10494	4.30473e-02
0.10523	4.43617e-02
0.10545	4.57348e-02
0.10562	4.71552e-02
0.10571	4.86104e-02
0.10575	5.00847e-02
0.10574	5.15568e-02
0.10569	5.29911e-02
0.10564	5.43169e-02
0.10566	5.53967e-02
0.10583	5.60872e-02
0.10613	5.64473e-02
0.10647	5.66458e-02
0.10679	5.67819e-02
0.10708	5.68917e-02
0.10733	5.69752e-02
0.10756	5.70018e-02
0.10779	5.69394e-02
0.10800	5.68127e-02
0.10817	5.66661e-02
0.10828	5.65216e-02
0.10835	5.63859e-02
0.10835	5.62586e-02
0.10830	5.61359e-02
0.10821	5.60124e-02
0.10807	5.58808e-02
0.10789	5.57336e-02
0.10768	5.55628e-02
0.10744	5.53609e-02
0.10717	5.51217e-02
0.10688	5.48404e-02
0.10658	5.45148e-02
0.10626	5.41449e-02
0.10592	5.37331e-02
0.10557	5.32836e-02
0.10520	5.28035e-02
0.10481	5.22970e-02
0.10440	5.17704e-02
0.10397	5.12297e-02
0.10352	5.06807e-02
0.10305	5.01287e-02
0.10256	4.95787e-02
0.10205	4.90355e-02
0.10153	4.85036e-02
0.10098	4.79874e-02
0.10041	4.74910e-02
0.09983	4.70185e-02
0.09924	4.65722e-02
0.09863	4.61504e-02
0.09802	4.57365e-02
0.09742	4.52680e-02
0.09692	4.46332e-02
0.09647	4.38769e-02
0.09604	4.30966e-02
0.09561	4.23358e-02
0.09517	4.16155e-02
0.09472	4.09498e-02
0.09426	4.03505e-02
0.09379	3.98281e-02
0.09329	3.93916e-02
0.09278	3.90492e-02
0.09225	3.88074e-02
0.09169	3.86712e-02
0.09112	3.86437e-02
0.09052	3.87260e-02
0.08989	3.89174e-02
0.08924	3.92150e-02
0.08856	3.96139e-02
0.08787	4.00966e-02
0.08786	3.90916e-02
0.08801	3.77689e-02
0.08810	3.65580e-02
0.08816	3.54701e-02
0.08816	3.45136e-02
0.08812	3.36951e-02
0.08802	3.30188e-02
0.08789	3.24856e-02
0.08770	3.20931e-02
0.08747	3.18350e-02
0.08720	3.17011e-02
0.08689	3.16771e-02
0.08654	3.17445e-02
0.08616	3.18810e-02
0.08575	3.20607e-02
0.08533	3.22547e-02
0.08490	3.24326e-02
0.08447	3.25655e-02
0.08405	3.26306e-02
0.08364	3.26155e-02
0.08324	3.25206e-02
0.08284	3.23566e-02
0.08243	3.21405e-02
0.08200	3.18904e-02
0.08155	3.16224e-02
0.08107	3.13494e-02
0.08056	3.10811e-02
0.08000	3.08240e-02
0.07940	3.05826e-02
0.07876	3.03596e-02
0.07807	3.01560e-02
0.07733	2.99721e-02
0.07655	2.98073e-02
0.07572	2.96604e-02
0.07485	2.95296e-02
0.07393	2.94130e-02
0.07296	2.93082e-02
0.07196	2.92127e-02
0.07092	2.91239e-02
0.06984	2.90393e-02
0.06873	2.89563e-02
0.06758	2.88724e-02
0.06641	2.87855e-02
0.06522	2.86938e-02
0.06401	2.85957e-02
0.06278	2.84899e-02
0.06154	2.83756e-02
0.06030	2.82517e-02
0.05906	2.81177e-02
0.05783	2.79723e-02
0.05662	2.78144e-02
0.05543	2.76418e-02
0.05427	2.74519e-02
0.05315	2.72400e-02
0.05209	2.69984e-02
0.05110	2.67152e-02
0.05020	2.63754e-02
0.04941	2.59699e-02
0.04872	2.55074e-02
0.04814	2.50174e-02
0.04764	2.45380e-02
0.04722	2.41035e-02
0.04688	2.37397e-02
0.04661	2.34639e-02
0.04642	2.32861e-02
0.04630	2.32089e-02
0.04627	2.32169e-02
0.04638	2.32050e-02
0.04677	2.28938e-02
0.04737	2.24229e-02
0.04804	2.20156e-02
0.04877	2.17402e-02
0.04954	2.16261e-02
0.05034	2.16892e-02
0.05115	2.19337e-02
0.05199	2.23495e-02
0.05285	2.28901e-02
0.05384	2.32960e-02
0.05521	2.29842e-02
0.05672	2.24146e-02
0.05825	2.18824e-02
0.05976	2.14400e-02
0.06125	2.11042e-02
0.06271	2.08826e-02
0.06415	2.07781e-02
0.06555	2.07901e-02
0.06692	2.09150e-02
0.06824	2.11460e-02
0.06953	2.14745e-02
0.07077	2.18898e-02
0.07196	2.23801e-02
0.07311	2.29332e-02
0.07422	2.35365e-02
0.07527	2.41779e-02
0.07628	2.48460e-02
0.07724	2.55305e-02
0.07815	2.62223e-02
0.07900	2.69141e-02
0.07981	2.76002e-02
0.08057	2.82767e-02
0.08127	2.89413e-02
0.08192	2.95934e-02
0.08251	3.02331e-02
0.08304	3.08615e-02
0.08352	3.14802e-02
0.08393	3.20907e-02
0.08428	3.26944e-02
0.08457	3.32927e-02
0.08480	3.38864e-02
0.08496	3.44763e-02
0.08506	3.50626e-02
0.08509	3.56449e-02
0.08507	3.62212e-02
0.08499	3.67854e-02
0.08486	3.73156e-02
0.08473	3.77037e-02
0.08480	3.75393e-02
0.08504	3.68488e-02
0.08529	3.60060e-02
0.08552	3.51059e-02
0.08570	3.41746e-02
0.08583	3.32256e-02
0.08592	3.22693e-02
0.08597	3.13160e-02
0.08598	3.03763e-02
0.08594	2.94618e-02
0.08585	2.85850e-02
0.08573	2.77593e-02
0.08556	2.69990e-02
0.08535	2.63193e-02
0.08510	2.57352e-02
0.08481	2.52617e-02
0.08449	2.49130e-02
0.08413	2.47010e-02
0.08374	2.46355e-02
0.08331	2.47229e-02
0.08286	2.49657e-02
0.08238	2.53631e-02
0.08187	2.59102e-02
0.08133	2.65995e-02
0.08078	2.74211e-02
0.08020	2.83634e-02
0.07961	2.94142e-02
0.07901	3.05609e-02
0.07839	3.17911e-02
0.07776	3.30927e-02
0.07712	3.44542e-02
0.07648	3.58647e-02
0.07583	3.73135e-02
0.07519	3.87903e-02
0.07455	4.02847e-02
0.07392	4.17858e-02
0.07331	4.32813e-02
0.07272	4.47563e-02
0.07217	4.61901e-02
0.07169	4.75476e-02
0.07134	4.87318e-02
0.07139	4.93743e-02
0.07188	4.94264e-02
0.07256	4.92537e-02
0.07335	4.89548e-02
0.07422	4.85694e-02
0.07514	4.81235e-02
0.07610	4.76348e-02
0.07709	4.71150e-02
0.07809	4.65725e-02
0.07909	4.60138e-02
0.08010	4.54447e-02
0.08110	4.48708e-02
0.08208	4.42980e-02
0.08305	4.37321e-02
0.08400	4.31793e-02
0.08491	4.26459e-02
0.08579	4.21384e-02
0.08664	4.16628e-02
0.08744	4.12254e-02
0.08820	4.08316e-02
0.08892	4.04868e-02
0.08958	4.01951e-02
0.09019	3.99601e-02
0.09075	3.97839e-02
0.09126	3.96673e-02
0.09171	3.96096e-02
0.09211	3.96080e-02
0.09246	3.96575e-02
0.09277	3.97514e-02
0.09302	3.98805e-02
0.09324	4.00342e-02
0.09343	4.02013e-02
0.09358	4.03719e-02
0.09370	4.05389e-02
0.09380	4.06999e-02
0.09387	4.08579e-02
0.09391	4.10202e-02
0.09392	4.11972e-02
0.09388	4.13997e-02
0.09381	4.16382e-02
0.09369	4.19210e-02
0.09352	4.22545e-02
0.09330	4.26416e-02
0.09304	4.30812e-02
0.09273	4.35617e-02
0.09240	4.40221e-02
0.09231	4.39713e-02
0.09272	4.27892e-02
0.09322	4.13536e-02
0.09368	3.99057e-02
0.09409	3.84861e-02
0.09446	3.71115e-02
0.09477	3.57931e-02
0.09503	3.45400e-02
0.09524	3.33602e-02
0.09541	3.22602e-02
0.09553	3.12454e-02
0.09561	3.03198e-02
0.09565	2.94853e-02
0.09566	2.87421e-02
0.09564	2.80885e-02
0.09559	2.75208e-02
0.09552	2.70337e-02
0.09543	2.66205e-02
0.09533	2.62739e-02
0.09521	2.59864e-02
0.09509	2.57511e-02
0.09496	2.55623e-02
0.09483	2.54163e-02
0.09469	2.53117e-02
0.09456	2.52492e-02
0.09442	2.52321e-02
0.09427	2.52652e-02
0.09412	2.53539e-02
0.09396	2.55032e-02
0.09380	2.57165e-02
0.09362	2.59949e-02
0.09344	2.63359e-02
0.09325	2.67334e-02
0.09305	2.71781e-02
0.09285	2.76581e-02
0.09264	2.81601e-02
0.09244	2.86718e-02
0.09224	2.91839e-02
0.09204	2.96918e-02
0.09185	3.01973e-02
0.09166	3.07081e-02
0.09146	3.12361e-02
0.09125	3.17957e-02
0.09103	3.24007e-02
0.09078	3.30627e-02
0.09050	3.37899e-02
0.09019	3.45863e-02
0.08984	3.54523e-02
0.08946	3.63845e-02
0.08903	3.73765e-02
0.08856	3.84195e-02
0.08806	3.95029e-02
0.08752	4.06141e-02
0.08695	4.17392e-02
0.08635	4.28624e-02
0.08574	4.39648e-02
0.08512	4.50230e-02
0.08451	4.60063e-02
0.08394	4.68744e-02
0.08343	4.75829e-02
0.08300	4.81052e-02
0.08266	4.84536e-02
0.08238	4.86700e-02
0.08213	4.87982e-02
0.08190	4.88702e-02
0.08167	4.89061e-02
0.08144	4.89179e-02
0.08120	4.89113e-02
0.08096	4.88864e-02
0.08071	4.88348e-02
0.08047	4.87328e-02
0.08028	4.85276e-02
0.08018	4.81390e-02
0.08019	4.75332e-02
0.08027	4.67669e-02
0.08038	4.59079e-02
0.08050	4.49933e-02
0.08062	4.40397e-02
0.08073	4.30522e-02
0.08084	4.20298e-02
0.08095	4.09670e-02
0.08106	3.98549e-02
0.08118	3.86823e-02
0.08131	3.74375e-02
0.08146	3.61111e-02
0.08163	3.46990e-02
0.08181	3.32043e-02
0.08199	3.16381e-02
0.08217	3.00184e-02
0.08234	2.83688e-02
0.08249	2.67176e-02
0.08261	2.50972e-02
0.08271	2.35447e-02
0.08276	2.21027e-02
0.08278	2.08197e-02
0.08275	1.97492e-02
0.08268	1.89467e-02
0.08256	1.84635e-02
0.08240	1.83376e-02
0.08219	1.85856e-02
0.08194	1.91989e-02
0.08165	2.01469e-02
0.08131	2.13847e-02
0.08094	2.28619e-02
0.08054	2.45288e-02
0.08010	2.63401e-02
0.07964	2.82551e-02
0.07917	3.02374e-02
0.07870	3.22527e-02
0.07823	3.42675e-02
0.07778	3.62478e-02
0.07739	3.81603e-02
0.07706	3.99772e-02
0.07681	4.16839e-02
0.07666	4.32814e-02
0.07660	4.47765e-02
0.07663	4.61676e-02
0.07679	4.74345e-02
0.07709	4.85423e-02
0.07756	4.94610e-02
0.07819	5.01879e-02
0.07899	5.07466e-02
0.07991	5.11655e-02
0.08095	5.14640e-02
0.08209	5.16522e-02
0.08332	5.17368e-02
0.08464	5.17264e-02
0.08602	5.16330e-02
0.08745	5.14713e-02
0.08891	5.12580e-02
0.09039	5.10102e-02
0.09188	5.07451e-02
0.09335	5.04790e-02
0.09481	5.02274e-02
0.09623	5.00046e-02
0.09761	4.98233e-02
0.09894	4.96952e-02
0.10022	4.96300e-02
0.10143	4.96363e-02
0.10257	4.97206e-02
0.10365	4.98882e-02
0.10465	5.01425e-02
0.10557	5.04853e-02
0.10640	5.09168e-02
0.10716	5.14357e-02
0.10783	5.20394e-02
0.10841	5.27241e-02
0.10890	5.34845e-02
0.10931	5.43147e-02
0.10963	5.52078e-02
0.10986	5.61563e-02
0.11001	5.71520e-02
0.11007	5.81864e-02
0.11005	5.92506e-02
0.10995	6.03356e-02
0.10977	6.14321e-02
0.10952	6.25312e-02
0.10920	6.36236e-02
0.10881	6.47004e-02
0.10837	6.57527e-02
0.10787	6.67716e-02
0.10731	6.77476e-02
0.10672	6.86701e-02
0.10610	6.95263e-02
0.10546	7.02992e-02
0.10482	7.09656e-02
0.10421	7.14948e-02
0.10365	7.18533e-02
0.10316	7.20180e-02
0.10275	7.19908e-02
0.10241	7.17945e-02
0.10212	7.14572e-02
0.10186	7.10030e-02
0.10162	7.04510e-02
0.10139	6.98161e-02
0.10118	6.91113e-02
0.10096	6.83477e-02
0.10074	6.75350e-02
0.10051	6.66818e-02
0.10028	6.57951e-02
0.10003	6.48808e-02
0.09978	6.39428e-02
0.09953	6.29832e-02
0.09927	6.20011e-02
0.09901	6.09930e-02
0.09876	5.99537e-02
0.09852	5.88785e-02
0.09830	5.77687e-02
0.09810	5.66345e-02
0.09789	5.54944e-02
0.09769	5.43720e-02
0.09746	5.32908e-02
0.09721	5.22721e-02
0.09694	5.13339e-02
0.09664	5.04908e-02
0.09630	4.97541e-02
0.09593	4.91318e-02
0.09553	4.86288e-02
0.09510	4.82465e-02
0.09465	4.79831e-02
0.09417	4.78336e-02
0.09368	4.77897e-02
0.09319	4.78400e-02
0.09269	4.79703e-02
0.09219	4.81638e-02
0.09172	4.84016e-02
0.09127	4.86631e-02
0.09087	4.89261e-02
0.09051	4.91678e-02
0.09022	4.93644e-02
0.09001	4.94924e-02
0.08989	4.95301e-02
0.08988	4.94600e-02
0.08996	4.92717e-02
0.09015	4.89638e-02
0.09043	4.85434e-02
0.09080	4.80229e-02
0.09124	4.74171e-02
0.09175	4.67409e-02
0.09230	4.60080e-02
0.09290	4.52311e-02
0.09352	4.44216e-02
0.09418	4.35903e-02
0.09484	4.27477e-02
0.09552	4.19038e-02
0.09620	4.10686e-02
0.09688	4.02519e-02
0.09756	3.94634e-02
0.09822	3.87127e-02
0.09887	3.80093e-02
0.09951	3.73624e-02
0.10012	3.67814e-02
0.10071	3.62750e-02
0.10127	3.58517e-02
0.10181	3.55192e-02
0.10232	3.52844e-02
0.10279	3.51534e-02
0.10324	3.51309e-02
0.10365	3.52201e-02
0.10402	3.54228e-02
0.10436	3.57388e-02
0.10466	3.61665e-02
0.10492	3.67025e-02
0.10515	3.73414e-02
0.10534	3.80764e-02
0.10549	3.88991e-02
0.10561	3.97994e-02
0.10570	4.07657e-02
0.10575	4.17849e-02
0.10578	4.28422e-02
0.10579	4.39212e-02
0.10579	4.50038e-02
0.10578	4.60710e-02
0.10577	4.71032e-02
0.10577	4.80815e-02
0.10579	4.89902e-02
0.10583	4.98184e-02
0.10591	5.05619e-02
0.10600	5.12238e-02
0.10613	5.18135e-02
0.10627	5.23445e-02
0.10642	5.28321e-02
0.10656	5.32915e-02
0.10671	5.37361e-02
0.10683	5.41772e-02
0.10694	5.46239e-02
0.10703	5.50827e-02
0.10709	5.55584e-02
0.10711	5.60540e-02
0.10711	5.65707e-02
0.10707	5.71088e-02
0.10700	5.76672e-02
0.10688	5.82436e-02
0.10674	5.88350e-02
0.10656	5.94374e-02
0.10634	6.00459e-02
0.10610	6.06549e-02
0.10582	6.12583e-02
0.10552	6.18493e-02
0.10520	6.24215e-02
0.10486	6.29686e-02
0.10450	6.34852e-02
0.10412	6.39671e-02
0.10373	6.44119e-02
0.10333	6.48185e-02
0.10292	6.51873e-02
0.10250	6.55194e-02
0.10206	6.58158e-02
0.10161	6.60771e-02
0.10115	6.63027e-02
0.10068	6.64903e-02
0.10020	6.66358e-02
0.09973	6.67334e-02
0.09925	6.67764e-02
0.09880	6.67580e-02
0.09835	6.66739e-02
0.09793	6.65231e-02
0.09752	6.63091e-02
0.09713	6.60388e-02
0.09675	6.57204e-02
0.09638	6.53623e-02
0.09601	6.49708e-02
0.09564	6.45499e-02
0.09529	6.41002e-02
0.09494	6.36162e-02
0.09462	6.30805e-02
0.09436	6.24469e-02
0.09422	6.16198e-02
0.09424	6.05363e-02
0.09437	5.92713e-02
0.09455	5.79134e-02
0.09474	5.65066e-02
0.09495	5.50727e-02
0.09515	5.36258e-02
0.09535	5.21780e-02
0.09554	5.07413e-02
0.09572	4.93279e-02
0.09588	4.79506e-02
0.09602	4.66227e-02
0.09614	4.53578e-02
0.09624	4.41695e-02
0.09631	4.30712e-02
0.09635	4.20759e-02
0.09636	4.11956e-02
0.09634	4.04410e-02
0.09629	3.98209e-02
0.09620	3.93417e-02
0.09609	3.90074e-02
0.09595	3.88187e-02
0.09577	3.87733e-02
0.09557	3.88660e-02
0.09535	3.90892e-02
0.09510	3.94330e-02
0.09482	3.98865e-02
0.09453	4.04382e-02
0.09421	4.10767e-02
0.09388	4.17908e-02
0.09352	4.25698e-02
0.09315	4.34021e-02
0.09277	4.42743e-02
0.09237	4.51683e-02
0.09198	4.60567e-02
0.09206	4.94127e-02
0.09150	5.01970e-02
0.09105	5.07755e-02
0.09075	5.10915e-02
0.09062	5.10835e-02
0.09076	5.05918e-02
0.09125	4.94606e-02
0.09197	4.78373e-02
0.09278	4.59620e-02
0.09359	4.39661e-02
0.09437	4.19102e-02
0.09510	3.98263e-02
0.09577	3.77350e-02
0.09637	3.56519e-02
0.09691	3.35916e-02
0.09738	3.15686e-02
0.09777	2.95987e-02
0.09809	2.77000e-02
0.09833	2.58939e-02
0.09850	2.42056e-02
0.09860	2.26646e-02
0.09863	2.13054e-02
0.09858	2.01657e-02
0.09846	1.92843e-02
0.09484	1.69479e-02
0.09457	1.65618e-02
0.09422	1.65783e-02
0.09381	1.69893e-02
0.09334	1.77582e-02
0.09282	1.88304e-02
0.09224	2.01444e-02
0.09162	2.16404e-02
0.09096	2.32635e-02
0.09027	2.49634e-02
0.08956	2.66909e-02
0.08886	2.83931e-02
0.08818	3.00064e-02
0.08757	3.14518e-02
0.08707	3.26424e-02
0.08673	3.35190e-02
0.08654	3.40961e-02
0.08650	3.44581e-02
0.08655	3.47082e-02
0.08667	3.49293e-02
0.08685	3.51768e-02
0.08707	3.54852e-02
0.08732	3.58750e-02
0.08760	3.63582e-02
0.08791	3.69412e-02
0.08824	3.76269e-02
0.08859	3.84154e-02
0.08896	3.93050e-02
0.08936	4.02920e-02
0.08977	4.13712e-02
0.09020	4.25357e-02
0.09065	4.37773e-02
0.09112	4.50865e-02
0.09160	4.64527e-02
0.09211	4.78644e-02
0.09264	4.93100e-02
0.09320	5.07775e-02
0.09378	5.22552e-02
0.09439	5.37322e-02
0.09504	5.51984e-02
0.09571	5.66450e-02
0.09642	5.80646e-02
0.09716	5.94507e-02
0.09794	6.07974e-02
0.09875	6.20988e-02
0.09959	6.33475e-02
0.10047	6.45331e-02
0.10139	6.56404e-02
0.10236	6.66473e-02
0.10340	6.75258e-02
0.10452	6.82496e-02
0.10572	6.88061e-02
0.10700	6.92031e-02
0.10833	6.94618e-02
0.10969	6.96045e-02
0.11106	6.96489e-02
0.11244	6.96070e-02
0.11381	6.94871e-02
0.11517	6.92946e-02
0.11650	6.90335e-02
0.11780	6.87072e-02
0.11907	6.83185e-02
0.12030	6.78705e-02
0.12148	6.73662e-02
0.12261	6.68091e-02
0.12369	6.62029e-02
0.12472	6.55515e-02
0.12568	6.48593e-02
0.12657	6.41309e-02
0.12739	6.33713e-02
0.12815	6.25854e-02
0.12882	6.17788e-02
0.12942	6.09569e-02
0.12993	6.01253e-02
0.13036	5.92898e-02
0.13070	5.84561e-02
0.13096	5.76300e-02
0.13113	5.68171e-02
0.13121	5.60229e-02
0.13120	5.52529e-02
0.13110	5.45120e-02
0.13092	5.38049e-02
0.13064	5.31362e-02
0.13028	5.25096e-02
0.12983	5.19286e-02
0.12929	5.13961e-02
0.12867	5.09143e-02
0.12798	5.04849e-02
0.12720	5.01088e-02
0.12635	4.97861e-02
0.12543	4.95158e-02
0.12445	4.92959e-02
0.12340	4.91231e-02
0.12230	4.89920e-02
0.12114	4.88955e-02
0.11994	4.88239e-02
0.11871	4.87650e-02
0.11746	4.87040e-02
0.11619	4.86239e-02
0.11493	4.85073e-02
0.11368	4.83380e-02
0.11245	4.81040e-02
0.10925	5.07883e-02
0.10863	5.05401e-02
0.10804	5.01944e-02
0.10747	4.97751e-02
0.10692	4.93128e-02
0.10638	4.88416e-02
0.10582	4.83962e-02
0.10524	4.80102e-02
0.10464	4.77138e-02
0.10400	4.75336e-02
0.10331	4.74911e-02
0.10257	4.76023e-02
0.10178	4.78772e-02
0.10093	4.83195e-02
0.10002	4.89253e-02
0.09907	4.96823e-02
0.09808	5.05657e-02
0.09706	5.15294e-02
0.09608	5.24852e-02
0.09521	5.32697e-02
0.09458	5.36919e-02
0.09420	5.37578e-02
0.09396	5.36648e-02
0.09376	5.35728e-02
0.09356	5.35611e-02
0.09448	5.78852e-02
0.09427	5.81317e-02
0.09404	5.85212e-02
0.09378	5.90529e-02
0.09349	5.97224e-02
0.09317	6.05233e-02
0.09281	6.14474e-02
0.09242	6.24848e-02
0.09199	6.36235e-02
0.09154	6.48486e-02
0.09105	6.61415e-02
0.09054	6.74790e-02
0.09003	6.88318e-02
0.08954	7.01638e-02
0.08910	7.14347e-02
0.08874	7.26071e-02
0.08846	7.36602e-02
0.08828	7.45976e-02
0.08817	7.54419e-02
0.08810	7.62207e-02
0.08805	7.69561e-02
0.08800	7.76622e-02
0.08795	7.83450e-02
0.08790	7.90033e-02
0.08785	7.96214e-02
0.08815	7.98122e-02
0.08943	7.88597e-02
0.09075	7.77961e-02
0.09203	7.66867e-02
0.09328	7.55284e-02
0.09450	7.43135e-02
0.09570	7.30345e-02
0.09687	7.16859e-02
0.09801	7.02653e-02
0.09913	6.87739e-02
0.10021	6.72167e-02
0.10124	6.56020e-02
0.10222	6.39409e-02
0.10315	6.22462e-02
0.10401	6.05321e-02
0.10480	5.88136e-02
0.10550	5.71061e-02
0.10613	5.54254e-02
0.10667	5.37874e-02
0.10712	5.22078e-02
0.10748	5.07024e-02
0.10774	4.92867e-02
0.10792	4.79758e-02
0.10801	4.67837e-02
0.10801	4.57234e-02
0.10792	4.48062e-02
0.10775	4.40410e-02
0.10749	4.34342e-02
0.10716	4.29887e-02
0.10676	4.27040e-02
0.10628	4.25757e-02
0.10575	4.25955e-02
0.10516	4.27514e-02
0.10452	4.30278e-02
0.10384	4.34060e-02
0.10314	4.38647e-02
0.10241	4.43801e-02
0.10167	4.49271e-02
0.10095	4.54789e-02
0.08853	4.14504e-02
0.08759	4.16329e-02
0.08674	4.17738e-02
0.08599	4.18460e-02
0.08536	4.18244e-02
0.08487	4.16857e-02
0.08453	4.14084e-02
0.08434	4.09727e-02
0.08432	4.03616e-02
0.08447	3.95631e-02
0.08478	3.85735e-02
0.08523	3.73997e-02
0.08581	3.60583e-02
0.08649	3.45736e-02
0.08725	3.29740e-02
0.08807	3.12889e-02
0.08892	2.95476e-02
0.08979	2.77784e-02
0.09067	2.60097e-02
0.09155	2.42700e-02
0.09240	2.25899e-02
0.09323	2.10029e-02
0.09403	1.95466e-02
0.09479	1.82633e-02
0.09550	1.71986e-02
0.09617	1.63981e-02
0.09679	1.59012e-02
0.09735	1.57326e-02
0.09786	1.58957e-02
0.09047	5.28383e-03
0.09044	5.06656e-03
0.09038	5.94849e-03
0.09029	7.52670e-03
0.09016	9.42968e-03
0.09000	1.14667e-02
0.08981	1.35457e-02
0.08960	1.56163e-02
0.08937	1.76464e-02
0.08912	1.96111e-02
0.08887	2.14890e-02
0.08862	2.32594e-02
0.08839	2.49018e-02
0.08818	2.63952e-02
0.08801	2.77187e-02
0.08789	2.88527e-02
0.08783	2.97800e-02
0.08785	3.04878e-02
0.08794	3.09699e-02
0.08812	3.12274e-02
0.08837	3.12698e-02
0.08870	3.11141e-02
0.08909	3.07837e-02
0.08953	3.03071e-02
0.09001	2.97159e-02
0.09051	2.90441e-02
0.09103	2.83272e-02
0.09154	2.76020e-02
0.09204	2.69063e-02
0.09252	2.62782e-02
0.09297	2.57563e-02
0.09339	2.53776e-02
0.09377	2.51764e-02
0.09410	2.51816e-02
0.09438	2.54149e-02
0.09461	2.58890e-02
0.09478	2.66073e-02
0.09489	2.75638e-02
0.09494	2.87458e-02
0.09493	3.01351e-02
0.09485	3.17107e-02
0.09471	3.34505e-02
0.09450	3.53329e-02
0.09423	3.73372e-02
0.09388	3.94441e-02
0.09348	4.16362e-02
0.09300	4.38978e-02
0.09246	4.62145e-02
0.09185	4.85734e-02
0.09117	5.09628e-02
0.09043	5.33718e-02
0.08963	5.57905e-02
0.08877	5.82098e-02
0.08784	6.06209e-02
0.08686	6.30155e-02
0.08583	6.53855e-02
0.08474	6.77229e-02
0.08361	7.00193e-02
0.08243	7.22653e-02
0.08123	7.44488e-02
0.08001	7.65503e-02
0.07882	7.85270e-02
0.07781	8.02431e-02
0.07744	8.12806e-02
0.07793	8.14521e-02
0.07877	8.12535e-02
0.07969	8.09289e-02
0.08061	8.05391e-02
0.08153	8.00991e-02
0.08243	7.96110e-02
0.08331	7.90716e-02
0.08417	7.84756e-02
0.08502	7.78169e-02
0.08585	7.70890e-02
0.08667	7.62860e-02
0.08748	7.54026e-02
0.08828	7.44347e-02
0.08906	7.33791e-02
0.08983	7.22340e-02
0.09057	7.09984e-02
0.09129	6.96727e-02
0.09199	6.82577e-02
0.09265	6.67552e-02
0.09328	6.51673e-02
0.09387	6.34965e-02
0.09441	6.17459e-02
0.09491	5.99187e-02
0.09535	5.80184e-02
0.09574	5.60488e-02
0.09608	5.40140e-02
0.09635	5.19183e-02
0.09656	4.97662e-02
0.09670	4.75627e-02
0.09678	4.53128e-02
0.09679	4.30221e-02
0.09673	4.06965e-02
0.09661	3.83423e-02
0.09641	3.59663e-02
0.09615	3.35760e-02
0.09582	3.11794e-02
0.09542	2.87856e-02
0.09496	2.64048e-02
0.09444	2.40486e-02
0.09386	2.17308e-02
0.09322	1.94680e-02
0.09252	1.72811e-02
0.09178	1.51971e-02
0.09100	1.32530e-02
0.09018	1.14996e-02
0.08932	1.00078e-02
0.08845	8.86958e-03
0.08755	8.18274e-03
0.08665	8.00759e-03
0.08575	8.32032e-03
0.08486	9.01948e-03
0.08398	9.98148e-03
0.08312	1.11050e-02
0.08229	1.23227e-02
0.08149	1.35955e-02
0.08073	1.49036e-02
0.08000	1.62389e-02
0.07930	1.75990e-02
0.07864	1.89827e-02
0.07801	2.03861e-02
0.07742	2.17998e-02
0.07686	2.32060e-02
0.07635	2.45763e-02
0.07590	2.58694e-02
0.07553	2.70299e-02
0.07527	2.79910e-02
0.07515	2.86831e-02
0.07521	2.90526e-02
0.07543	2.90832e-02
0.07582	2.88067e-02
0.07632	2.82942e-02
0.07691	2.76354e-02
0.07753	2.69224e-02
0.07816	2.62401e-02
0.07877	2.56641e-02
0.07933	2.52590e-02
0.07983	2.50778e-02
0.08025	2.51594e-02
0.08060	2.55272e-02
0.08085	2.61884e-02
0.08101	2.71354e-02
0.08107	2.83493e-02
0.08103	2.98039e-02
0.08089	3.14690e-02
0.08063	3.33143e-02
0.08027	3.53105e-02
0.07980	3.74311e-02
0.07922	3.96521e-02
0.07854	4.19523e-02
0.07776	4.43129e-02
0.07687	4.67166e-02
0.07589	4.91470e-02
0.07482	5.15851e-02
0.07370	5.39923e-02
0.07278	5.60260e-02
0.07337	5.60690e-02
0.07436	5.56188e-02
0.07535	5.51802e-02
0.07632	5.47776e-02
0.07729	5.43996e-02
0.07829	5.40205e-02
0.07932	5.36048e-02
0.08044	5.31124e-02
0.08164	5.25084e-02
0.08295	5.17747e-02
0.08435	5.09152e-02
0.08583	4.99513e-02
0.08736	4.89129e-02
0.08891	4.78301e-02
0.09049	4.67286e-02
0.09206	4.56290e-02
0.09364	4.45462e-02
0.09520	4.34901e-02
0.09676	4.24663e-02
0.09830	4.14767e-02
0.09984	4.05197e-02
0.10137	3.95911e-02
0.10288	3.86846e-02
0.10439	3.77925e-02
0.10590	3.69063e-02
0.10739	3.60174e-02
0.10888	3.51180e-02
0.11035	3.42013e-02
0.11181	3.32622e-02
0.11325	3.22975e-02
0.11467	3.13061e-02
0.11605	3.02891e-02
0.11740	2.92499e-02
0.11872	2.81939e-02
0.11998	2.71282e-02
0.12119	2.60622e-02
0.12233	2.50065e-02
0.12341	2.39737e-02
0.12442	2.29774e-02
0.12535	2.20327e-02
0.12619	2.11554e-02
0.12695	2.03619e-02
0.12761	1.96686e-02
0.12818	1.90906e-02
0.12864	1.86412e-02
0.12900	1.83304e-02
0.12925	1.81644e-02
0.12939	1.81441e-02
0.12942	1.82657e-02
0.12934	1.85209e-02
0.12914	1.88976e-02
0.12883	1.93814e-02
0.12840	1.99566e-02
0.12785	2.06074e-02
0.12719	2.13187e-02
0.12640	2.20764e-02
0.12551	2.28677e-02
0.12449	2.36817e-02
0.12337	2.45086e-02
0.12213	2.53400e-02
0.12078	2.61691e-02
0.11932	2.69898e-02
0.11775	2.77971e-02
0.11608	2.85869e-02
0.11432	2.93555e-02
0.11245	3.00999e-02
0.11050	3.08175e-02
0.10846	3.15059e-02
0.10634	3.21628e-02
0.10415	3.27861e-02
0.10188	3.33733e-02
0.09956	3.39219e-02
0.09720	3.44289e-02
0.09479	3.48907e-02
0.09236	3.53028e-02
0.08991	3.56597e-02
0.08747	3.59545e-02
0.08505	3.61786e-02
0.08267	3.63208e-02
0.08036	3.63672e-02
0.07815	3.62997e-02
0.07606	3.60959e-02
0.07415	3.57278e-02
0.07244	3.51631e-02
0.07097	3.43677e-02
0.06979	3.33121e-02
0.06891	3.19802e-02
0.06833	3.03765e-02
0.06805	2.85274e-02
0.06804	2.64761e-02
0.06826	2.42751e-02
0.06869	2.19793e-02
0.06930	1.96435e-02
0.07007	1.73222e-02
0.07100	1.50727e-02
0.07206	1.29597e-02
0.07325	1.10631e-02
0.07457	9.48587e-03
0.07601	8.35336e-03
0.07756	7.78052e-03
0.07922	7.79865e-03
0.08100	8.31305e-03
0.08287	9.15919e-03
0.08483	1.01856e-02
0.08688	1.12869e-02
0.08900	1.23984e-02
0.09119	1.34836e-02
0.09343	1.45231e-02
0.09570	1.55077e-02
0.09801	1.64345e-02
0.10032	1.73042e-02
0.10264	1.81195e-02
0.10495	1.88842e-02
0.10724	1.96027e-02
0.10950	2.02793e-02
0.11171	2.09184e-02
0.11387	2.15241e-02
0.11597	2.21001e-02
0.11801	2.26501e-02
0.11997	2.31771e-02
0.12184	2.36842e-02
0.12363	2.41739e-02
0.12532	2.46487e-02
0.12692	2.51105e-02
0.12841	2.55614e-02
0.12979	2.60030e-02
0.13105	2.64367e-02
0.13220	2.68638e-02
0.13324	2.72856e-02
0.13415	2.77029e-02
0.13493	2.81165e-02
0.13560	2.85272e-02
0.13613	2.89355e-02
0.13654	2.93419e-02
0.13681	2.97467e-02
0.13696	3.01502e-02
0.13698	3.05524e-02
0.13687	3.09535e-02
0.13663	3.13535e-02
0.13626	3.17522e-02
0.13576	3.21495e-02
0.13514	3.25452e-02
0.13440	3.29389e-02
0.13353	3.33302e-02
0.13254	3.37188e-02
0.13144	3.41040e-02
0.13022	3.44854e-02
0.12889	3.48622e-02
0.12744	3.52337e-02
0.12590	3.55992e-02
0.12425	3.59577e-02
0.12250	3.63082e-02
0.12066	3.66496e-02
0.10561	3.36988e-02
0.10374	3.43856e-02
0.10181	3.50806e-02
0.09984	3.57787e-02
0.09782	3.64746e-02
0.09576	3.71627e-02
0.09367	3.78372e-02
0.09155	3.84919e-02
0.08941	3.91201e-02
0.08726	3.97142e-02
0.08511	4.02655e-02
0.08297	4.07640e-02
0.08084	4.11973e-02
0.07875	4.15497e-02
0.07671	4.18014e-02
0.07474	4.19269e-02
0.07288	4.18942e-02
0.07116	4.16664e-02
0.06960	4.12065e-02
0.06823	4.04885e-02
0.06706	3.95095e-02
0.06390	4.67487e-02
0.06323	4.50409e-02
0.06271	4.31626e-02
0.06230	4.11678e-02
0.06194	3.91008e-02
0.06161	3.69962e-02
0.06130	3.48800e-02
0.06098	3.27725e-02
0.06065	3.06893e-02
0.06030	2.86428e-02
0.05993	2.66431e-02
0.05954	2.46989e-02
0.05913	2.28173e-02
0.05869	2.10048e-02
0.05825	1.92668e-02
0.05779	1.76083e-02
0.05733	1.60336e-02
0.05688	1.45465e-02
0.05644	1.31502e-02
0.05602	1.18473e-02
0.05564	1.06394e-02
0.05530	9.52763e-03
0.05502	8.51183e-03
0.05481	7.59080e-03
0.05467	6.76201e-03
0.05463	6.02148e-03
0.05469	5.36369e-03
0.05487	4.78153e-03
0.05516	4.26631e-03
0.05559	3.80791e-03
0.05616	3.39497e-03
0.05687	3.01516e-03
0.05773	2.65559e-03
0.05874	2.30311e-03
0.05989	1.94479e-03
0.06120	1.56820e-03
0.06264	1.16175e-03
0.06423	7.14934e-04
0.06596	2.18475e-04
0.06781	3.35601e-04
0.06978	9.53939e-04
0.07186	1.64190e-03
0.07405	2.40362e-03
0.07633	3.24217e-03
0.08285	0.00000e+00
0.08629	0.00000e+00
0.08987	0.00000e+00
0.09358	0.00000e+00
0.09742	0.00000e+00
0.10137	0.00000e+00
0.10543	0.00000e+00
0.10957	0.00000e+00
0.11380	0.00000e+00
0.11809	0.00000e+00
0.12245	0.00000e+00
0.12685	0.00000e+00
0.13129	0.00000e+00
0.13575	0.00000e+00
0.14023	0.00000e+00
