0.99369	1.42466e-03
0.99360	1.42057e-03
0.99350	1.41624e-03
0.99339	1.41178e-03
0.99327	1.40771e-03
0.99315	1.40484e-03
0.99303	1.40421e-03
0.99289	1.40704e-03
0.99275	1.41467e-03
0.99260	1.42850e-03
0.99244	1.44992e-03
0.99226	1.48876e-03
0.99206	1.51477e-03
0.99185	1.54408e-03
0.99163	1.57800e-03
0.99141	1.61759e-03
0.99117	1.66372e-03
0.99093	1.71711e-03
0.99068	1.77829e-03
0.99042	1.84759e-03
0.99016	1.92518e-03
0.98988	2.01105e-03
0.98960	2.10506e-03
0.98932	2.20691e-03
0.98903	2.31623e-03
0.98873	2.43253e-03
0.98843	2.55532e-03
0.98812	2.68402e-03
0.98781	2.81804e-03
0.98749	2.95680e-03
0.98717	3.09968e-03
0.98685	3.24607e-03
0.98652	3.39539e-03
0.98618	3.52679e-03
0.98583	3.66015e-03
0.98549	3.79527e-03
0.98514	3.93166e-03
0.98480	4.06882e-03
0.98446	4.20621e-03
0.98413	4.34330e-03
0.98380	4.47958e-03
0.98347	4.61451e-03
0.98314	4.74760e-03
0.98283	4.87835e-03
0.98251	5.00626e-03
0.98221	5.13087e-03
0.98191	5.25171e-03
0.98161	5.36833e-03
0.98133	5.48031e-03
0.98105	5.58724e-03
0.98078	5.68871e-03
0.98052	5.78436e-03
0.98027	5.87384e-03
0.98003	5.95680e-03
0.97981	6.03296e-03
0.97959	6.10201e-03
0.97938	6.16371e-03
0.97918	6.21783e-03
0.97900	6.26415e-03
0.97883	6.30250e-03
0.97867	6.33273e-03
0.97852	6.35472e-03
0.97839	6.36839e-03
0.97826	6.37367e-03
0.97816	6.37055e-03
0.97806	6.35903e-03
0.97798	6.33915e-03
0.97791	6.31100e-03
0.97786	6.27470e-03
0.97781	6.23865e-03
0.97777	6.19502e-03
0.97774	6.14389e-03
0.97773	6.08549e-03
0.97772	6.02682e-03
0.97771	5.96610e-03
0.97772	5.90409e-03
0.97772	5.84484e-03
0.97773	5.78029e-03
0.97775	5.71095e-03
0.97779	5.63747e-03
0.97783	5.56051e-03
0.97789	5.48076e-03
0.97795	5.39895e-03
0.97802	5.31581e-03
0.97810	5.23212e-03
0.97819	5.14866e-03
0.97829	5.06623e-03
0.97839	4.98565e-03
0.97850	4.90772e-03
0.97862	4.83328e-03
0.97874	4.76310e-03
0.97886	4.69797e-03
0.97899	4.63862e-03
0.97912	4.58571e-03
0.97926	4.53986e-03
0.97939	4.50158e-03
0.97953	4.47129e-03
0.97967	4.44930e-03
0.97982	4.43579e-03
0.97996	4.43083e-03
0.98008	4.43600e-03
0.98020	4.45179e-03
0.98032	4.47771e-03
0.98043	4.51322e-03
0.98055	4.55769e-03
0.98066	4.61045e-03
0.98077	4.67076e-03
0.98087	4.73784e-03
0.98097	4.81091e-03
0.98107	4.88915e-03
0.98115	4.97178e-03
0.98123	5.06528e-03
0.98130	5.16277e-03
0.98136	5.26321e-03
0.98141	5.36569e-03
0.98145	5.46938e-03
0.98148	5.57352e-03
0.98151	5.67741e-03
0.98151	5.78327e-03
0.98150	5.88783e-03
0.98149	5.99058e-03
0.98145	6.09462e-03
0.98140	6.20841e-03
0.98133	6.31872e-03
0.98125	6.42521e-03
0.98116	6.52767e-03
0.98106	6.62594e-03
0.98094	6.71971e-03
0.98080	6.80898e-03
0.98066	6.89371e-03
0.98049	6.97345e-03
0.98031	7.04855e-03
0.98011	7.11906e-03
0.97988	7.16610e-03
0.97962	7.20061e-03
0.97935	7.22958e-03
0.97907	7.25285e-03
0.97877	7.27028e-03
0.97845	7.28179e-03
0.97812	7.28741e-03
0.97777	7.28724e-03
0.97741	7.28144e-03
0.97703	7.27024e-03
0.97664	7.25394e-03
0.97623	7.23290e-03
0.97581	7.20750e-03
0.97537	7.17822e-03
0.97492	7.14553e-03
0.97446	7.10998e-03
0.97398	7.07212e-03
0.97349	7.03257e-03
0.97300	6.99196e-03
0.97249	6.95092e-03
0.97197	6.91013e-03
0.97144	6.87025e-03
0.97090	6.83198e-03
0.97036	6.79598e-03
0.96981	6.76291e-03
0.96925	6.73341e-03
0.96869	6.70810e-03
0.96812	6.68755e-03
0.96755	6.67230e-03
0.96697	6.66281e-03
0.96640	6.65951e-03
0.96582	6.66274e-03
0.96524	6.67279e-03
0.96466	6.68984e-03
0.96408	6.71404e-03
0.96351	6.74542e-03
0.96293	6.78397e-03
0.96236	6.82960e-03
0.96180	6.88214e-03
0.96124	6.94137e-03
0.96069	7.00703e-03
0.96014	7.07880e-03
0.95960	7.15635e-03
0.95907	7.23928e-03
0.95855	7.32723e-03
0.95804	7.41978e-03
0.95755	7.51654e-03
0.95706	7.61712e-03
0.95658	7.72113e-03
0.95612	7.82821e-03
0.95567	7.93801e-03
0.95524	8.05022e-03
0.95482	8.16455e-03
0.95442	8.28074e-03
0.95403	8.39857e-03
0.95366	8.51786e-03
0.95330	8.63844e-03
0.95297	8.76019e-03
0.95265	8.88305e-03
0.95235	9.00694e-03
0.95207	9.13185e-03
0.95180	9.25780e-03
0.95156	9.38482e-03
0.95134	9.51298e-03
0.95111	9.62417e-03
0.95090	9.73376e-03
0.95071	9.84194e-03
0.95052	9.93702e-03
0.95031	9.97532e-03
0.95012	1.00075e-02
0.94994	1.00348e-02
0.94979	1.00581e-02
0.94965	1.00778e-02
0.94952	1.00944e-02
0.94941	1.01083e-02
0.94932	1.01200e-02
0.94924	1.01300e-02
0.94918	1.01388e-02
0.94914	1.01470e-02
0.94911	1.01552e-02
0.94909	1.01640e-02
0.94908	1.01701e-02
0.94907	1.01770e-02
0.94908	1.01856e-02
0.94907	1.02085e-02
0.94905	1.02168e-02
0.94903	1.02255e-02
0.94903	1.02354e-02
0.94903	1.02475e-02
0.94903	1.02740e-02
0.94903	1.03043e-02
0.94905	1.03388e-02
0.94906	1.03943e-02
0.94907	1.04544e-02
0.94909	1.05200e-02
0.94911	1.05904e-02
0.94914	1.06661e-02
0.94917	1.07474e-02
0.94921	1.08347e-02
0.94925	1.09281e-02
0.94930	1.10278e-02
0.94933	1.11203e-02
0.94936	1.12165e-02
0.94939	1.13163e-02
0.94942	1.14196e-02
0.94946	1.15262e-02
0.94949	1.16358e-02
0.94952	1.17480e-02
0.94954	1.18625e-02
0.94957	1.19790e-02
0.94959	1.20972e-02
0.94961	1.22168e-02
0.94963	1.23374e-02
0.94964	1.24589e-02
0.94965	1.25809e-02
0.94966	1.27034e-02
0.94966	1.28260e-02
0.94966	1.29489e-02
0.94965	1.30717e-02
0.94964	1.31945e-02
0.94962	1.33172e-02
0.94958	1.34346e-02
0.94953	1.35519e-02
0.94947	1.36693e-02
0.94941	1.37868e-02
0.94934	1.39046e-02
0.94926	1.40229e-02
0.94918	1.41419e-02
0.94909	1.42617e-02
0.94899	1.43827e-02
0.94888	1.45051e-02
0.94877	1.46292e-02
0.94865	1.47551e-02
0.94851	1.48855e-02
0.94837	1.50182e-02
0.94823	1.51534e-02
0.94807	1.52913e-02
0.94791	1.54321e-02
0.94775	1.55759e-02
0.94757	1.57228e-02
0.94739	1.58728e-02
0.94721	1.60259e-02
0.94700	1.62018e-02
0.94678	1.63793e-02
0.94655	1.65594e-02
0.94631	1.67418e-02
0.94606	1.69262e-02
0.94580	1.71124e-02
0.94554	1.72999e-02
0.94527	1.74885e-02
0.94499	1.76778e-02
0.94471	1.78673e-02
0.94442	1.80565e-02
0.94411	1.82423e-02
0.94380	1.84260e-02
0.94347	1.86276e-02
0.94314	1.88272e-02
0.94279	1.90240e-02
0.94243	1.92142e-02
0.94207	1.94005e-02
0.94171	1.95823e-02
0.94134	1.97589e-02
0.94096	1.99297e-02
0.94059	2.00941e-02
0.94021	2.02517e-02
0.93983	2.04018e-02
0.93945	2.05440e-02
0.93906	2.06778e-02
0.93868	2.08030e-02
0.93829	2.09187e-02
0.93790	2.10247e-02
0.93751	2.11205e-02
0.93712	2.12059e-02
0.93674	2.12807e-02
0.93636	2.13446e-02
0.93598	2.13974e-02
0.93561	2.14391e-02
0.93524	2.14694e-02
0.93488	2.14885e-02
0.93452	2.14962e-02
0.93416	2.14926e-02
0.93381	2.14778e-02
0.93347	2.14520e-02
0.93314	2.14153e-02
0.93281	2.13680e-02
0.93248	2.13269e-02
0.93215	2.12760e-02
0.93184	2.12152e-02
0.93153	2.11448e-02
0.93123	2.10654e-02
0.93094	2.09777e-02
0.93066	2.08833e-02
0.93038	2.07819e-02
0.93011	2.06742e-02
0.92983	2.05449e-02
0.92957	2.04120e-02
0.92932	2.02761e-02
0.92907	2.01375e-02
0.92883	1.99969e-02
0.92861	1.98549e-02
0.92839	1.97119e-02
0.92817	1.95712e-02
0.92795	1.94303e-02
0.92775	1.92901e-02
0.92756	1.91513e-02
0.92738	1.90148e-02
0.92720	1.88815e-02
0.92704	1.87521e-02
0.92689	1.86275e-02
0.92674	1.85086e-02
0.92660	1.83960e-02
0.92647	1.82906e-02
0.92635	1.81929e-02
0.92624	1.81037e-02
0.92614	1.80234e-02
0.92604	1.79525e-02
0.92596	1.78914e-02
0.92588	1.78404e-02
0.92581	1.77997e-02
0.92574	1.77693e-02
0.92569	1.77494e-02
0.92564	1.77396e-02
0.92559	1.77400e-02
0.92556	1.77501e-02
0.92553	1.77696e-02
0.92550	1.77979e-02
0.92548	1.78413e-02
0.92546	1.78934e-02
0.92545	1.79534e-02
0.92544	1.80208e-02
0.92543	1.80949e-02
0.92543	1.81747e-02
0.92543	1.82594e-02
0.92541	1.83434e-02
0.92540	1.84320e-02
0.92539	1.85242e-02
0.92538	1.86193e-02
0.92536	1.87356e-02
0.92533	1.88522e-02
0.92531	1.89679e-02
0.92529	1.90819e-02
0.92526	1.91935e-02
0.92524	1.93021e-02
0.92521	1.94023e-02
0.92517	1.94978e-02
0.92514	1.95880e-02
0.92510	1.96724e-02
0.92506	1.97506e-02
0.92502	1.98220e-02
0.92497	1.98864e-02
0.92492	1.99431e-02
0.92486	1.99921e-02
0.92480	2.00328e-02
0.92473	2.00663e-02
0.92465	2.00910e-02
0.92457	2.01068e-02
0.92449	2.01134e-02
0.92440	2.01107e-02
0.92429	2.01125e-02
0.92418	2.01055e-02
0.92406	2.00896e-02
0.92394	2.00648e-02
0.92381	2.00311e-02
0.92368	1.99889e-02
0.92352	1.99321e-02
0.92335	1.98657e-02
0.92318	1.97902e-02
0.92300	1.97060e-02
0.92280	1.96091e-02
0.92260	1.95050e-02
0.92240	1.93941e-02
0.92218	1.92769e-02
0.92196	1.91536e-02
0.92173	1.90247e-02
0.92150	1.88907e-02
0.92126	1.87520e-02
0.92101	1.86092e-02
0.92076	1.84628e-02
0.92051	1.83134e-02
0.92025	1.81616e-02
0.91998	1.80079e-02
0.91971	1.78531e-02
0.91944	1.76977e-02
0.91916	1.75424e-02
0.91888	1.73879e-02
0.91859	1.72180e-02
0.91829	1.70480e-02
0.91799	1.68793e-02
0.91769	1.67126e-02
0.91738	1.65488e-02
0.91707	1.63967e-02
0.91675	1.62482e-02
0.91644	1.61041e-02
0.91612	1.59649e-02
0.91581	1.58315e-02
0.91550	1.57044e-02
0.91518	1.55843e-02
0.91487	1.54717e-02
0.91456	1.53671e-02
0.91425	1.52711e-02
0.91395	1.51840e-02
0.91363	1.51045e-02
0.91332	1.50340e-02
0.91301	1.49728e-02
0.91271	1.49211e-02
0.91241	1.48789e-02
0.91211	1.48464e-02
0.91182	1.48235e-02
0.91153	1.48055e-02
0.91124	1.47969e-02
0.91097	1.47975e-02
0.91069	1.48069e-02
0.91043	1.48248e-02
0.91017	1.48509e-02
0.90991	1.48848e-02
0.90967	1.49260e-02
0.90943	1.49743e-02
0.90920	1.50290e-02
0.90897	1.50899e-02
0.90875	1.51563e-02
0.90854	1.52280e-02
0.90834	1.53044e-02
0.90815	1.53850e-02
0.90796	1.54695e-02
0.90778	1.55573e-02
0.90761	1.56481e-02
0.90745	1.57414e-02
0.90729	1.58369e-02
0.90715	1.59341e-02
0.90701	1.60328e-02
0.90688	1.61325e-02
0.90676	1.62329e-02
0.90664	1.63338e-02
0.90654	1.64350e-02
0.90644	1.65361e-02
0.90635	1.66370e-02
0.90626	1.67296e-02
0.90615	1.68568e-02
0.90606	1.69868e-02
0.90597	1.71191e-02
0.90589	1.72534e-02
0.90581	1.73896e-02
0.90574	1.75276e-02
0.90566	1.76702e-02
0.90560	1.78150e-02
0.90553	1.79619e-02
0.90547	1.81101e-02
0.90541	1.82604e-02
0.90535	1.84130e-02
0.90530	1.85677e-02
0.90525	1.87247e-02
0.90521	1.88840e-02
0.90517	1.90454e-02
0.90512	1.92110e-02
0.90508	1.93789e-02
0.90504	1.95490e-02
0.90500	1.97202e-02
0.90495	1.98917e-02
0.90489	2.00647e-02
0.90484	2.02392e-02
0.90479	2.04151e-02
0.90474	2.05922e-02
0.90468	2.07685e-02
0.90461	2.09457e-02
0.90455	2.11236e-02
0.90449	2.13022e-02
0.90442	2.14813e-02
0.90435	2.16608e-02
0.90427	2.18341e-02
0.90420	2.20077e-02
0.90412	2.21815e-02
0.90404	2.23555e-02
0.90395	2.25294e-02
0.90387	2.27030e-02
0.90378	2.28762e-02
0.90369	2.30488e-02
0.90360	2.32205e-02
0.90351	2.33912e-02
0.90341	2.35608e-02
0.90331	2.37290e-02
0.90321	2.38957e-02
0.90311	2.40607e-02
0.90300	2.42238e-02
0.90289	2.43850e-02
0.90277	2.45618e-02
0.90265	2.47386e-02
0.90253	2.49146e-02
0.90240	2.50894e-02
0.90227	2.52628e-02
0.90213	2.54345e-02
0.90200	2.56044e-02
0.90186	2.57722e-02
0.90172	2.59378e-02
0.90154	2.60913e-02
0.90137	2.62412e-02
0.90118	2.63878e-02
0.90100	2.65306e-02
0.90081	2.66696e-02
0.90062	2.68044e-02
0.90043	2.69347e-02
0.90023	2.70604e-02
0.90003	2.71804e-02
0.89982	2.72954e-02
0.89961	2.74051e-02
0.89940	2.75092e-02
0.89919	2.76076e-02
0.89898	2.77000e-02
0.89877	2.77861e-02
0.89855	2.78650e-02
0.89832	2.79373e-02
0.89810	2.80027e-02
0.89787	2.80612e-02
0.89764	2.81127e-02
0.89740	2.81573e-02
0.89717	2.81948e-02
0.89693	2.82253e-02
0.89670	2.82489e-02
0.89646	2.82655e-02
0.89622	2.82753e-02
0.89599	2.82784e-02
0.89575	2.82748e-02
0.89551	2.82648e-02
0.89528	2.82485e-02
0.89505	2.82261e-02
0.89482	2.81977e-02
0.89459	2.81638e-02
0.89436	2.81244e-02
0.89414	2.80799e-02
0.89391	2.80305e-02
0.89369	2.79766e-02
0.89348	2.79184e-02
0.89327	2.78562e-02
0.89306	2.77904e-02
0.89285	2.77212e-02
0.89265	2.76490e-02
0.89246	2.75740e-02
0.89225	2.75284e-02
0.89204	2.74850e-02
0.89184	2.74436e-02
0.89164	2.74047e-02
0.89142	2.73602e-02
0.89121	2.73176e-02
0.89099	2.72769e-02
0.89077	2.72307e-02
0.89056	2.71854e-02
0.89034	2.71407e-02
0.89013	2.70965e-02
0.88992	2.70524e-02
0.88972	2.70079e-02
0.88952	2.69628e-02
0.88932	2.69165e-02
0.88912	2.68685e-02
0.88893	2.68183e-02
0.88873	2.67516e-02
0.88851	2.66690e-02
0.88829	2.65768e-02
0.88806	2.64679e-02
0.88782	2.63485e-02
0.88759	2.62184e-02
0.88735	2.60772e-02
0.88711	2.59246e-02
0.88688	2.57602e-02
0.88664	2.55837e-02
0.88641	2.53948e-02
0.88618	2.51933e-02
0.88594	2.49789e-02
0.88571	2.47517e-02
0.88546	2.44996e-02
0.88520	2.42349e-02
0.88495	2.39572e-02
0.88469	2.36667e-02
0.88444	2.33634e-02
0.88419	2.30476e-02
0.88394	2.27196e-02
0.88370	2.23795e-02
0.88346	2.20278e-02
0.88322	2.16649e-02
0.88298	2.12913e-02
0.88274	2.09075e-02
0.88251	2.05141e-02
0.88229	2.01120e-02
0.88206	1.97020e-02
0.88184	1.92849e-02
0.88163	1.88618e-02
0.88140	1.84327e-02
0.88116	1.80000e-02
0.88094	1.75651e-02
0.88071	1.71300e-02
0.88049	1.66967e-02
0.88027	1.62674e-02
0.88006	1.58447e-02
0.87985	1.54315e-02
0.87965	1.50309e-02
0.87944	1.46577e-02
0.87924	1.43066e-02
0.87904	1.39817e-02
0.87885	1.36872e-02
0.87866	1.34274e-02
0.87848	1.32068e-02
0.87830	1.30297e-02
0.87813	1.29003e-02
0.87796	1.28106e-02
0.87777	1.27784e-02
0.87759	1.28013e-02
0.87741	1.28813e-02
0.87724	1.30191e-02
0.87708	1.32147e-02
0.87692	1.34671e-02
0.87676	1.37851e-02
0.87659	1.41538e-02
0.87644	1.45703e-02
0.87629	1.50315e-02
0.87615	1.55340e-02
0.87602	1.60742e-02
0.87589	1.66485e-02
0.87577	1.72536e-02
0.87566	1.78859e-02
0.87555	1.85421e-02
0.87545	1.92192e-02
0.87533	1.99312e-02
0.87522	2.06595e-02
0.87510	2.14014e-02
0.87500	2.21542e-02
0.87489	2.29156e-02
0.87479	2.36833e-02
0.87469	2.44552e-02
0.87459	2.52294e-02
0.87450	2.60040e-02
0.87441	2.67774e-02
0.87432	2.75480e-02
0.87423	2.83141e-02
0.87415	2.90744e-02
0.87406	2.98276e-02
0.87398	3.05723e-02
0.87391	3.13073e-02
0.87383	3.20314e-02
0.87376	3.27379e-02
0.87368	3.34313e-02
0.87361	3.41112e-02
0.87354	3.47766e-02
0.87347	3.54267e-02
0.87341	3.60605e-02
0.87334	3.66773e-02
0.87328	3.72763e-02
0.87322	3.78568e-02
0.87316	3.84181e-02
0.87311	3.89596e-02
0.87305	3.94808e-02
0.87300	3.99811e-02
0.87293	4.04505e-02
0.87287	4.08973e-02
0.87280	4.13211e-02
0.87274	4.17216e-02
0.87267	4.20922e-02
0.87258	4.24511e-02
0.87249	4.27872e-02
0.87240	4.30994e-02
0.87230	4.33873e-02
0.87220	4.36505e-02
0.87210	4.38886e-02
0.87200	4.41014e-02
0.87189	4.42889e-02
0.87178	4.44508e-02
0.87167	4.45872e-02
0.87156	4.46979e-02
0.87144	4.47830e-02
0.87132	4.48426e-02
0.87117	4.49110e-02
0.87102	4.49594e-02
0.87085	4.49870e-02
0.87068	4.49943e-02
0.87050	4.49808e-02
0.87032	4.49463e-02
0.87013	4.48911e-02
0.86994	4.48152e-02
0.86975	4.47188e-02
0.86955	4.46020e-02
0.86935	4.44650e-02
0.86915	4.43080e-02
0.86894	4.41312e-02
0.86874	4.39348e-02
0.86853	4.37192e-02
0.86833	4.34845e-02
0.86812	4.32310e-02
0.86789	4.29839e-02
0.86765	4.27194e-02
0.86742	4.24372e-02
0.86718	4.21375e-02
0.86695	4.18206e-02
0.86672	4.14866e-02
0.86649	4.11360e-02
0.86626	4.07691e-02
0.86604	4.03861e-02
0.86582	3.99877e-02
0.86560	3.95741e-02
0.86539	3.91459e-02
0.86518	3.87035e-02
0.86498	3.82474e-02
0.86478	3.77781e-02
0.86459	3.72962e-02
0.86440	3.68023e-02
0.86422	3.62938e-02
0.86405	3.57741e-02
0.86388	3.52439e-02
0.86372	3.47040e-02
0.86357	3.41549e-02
0.86343	3.35974e-02
0.86330	3.30323e-02
0.86316	3.24540e-02
0.86304	3.18687e-02
0.86293	3.12775e-02
0.86282	3.06811e-02
0.86272	3.00806e-02
0.86264	2.94770e-02
0.86256	2.88711e-02
0.86249	2.82642e-02
0.86243	2.76572e-02
0.86239	2.70515e-02
0.86235	2.64482e-02
0.86231	2.58745e-02
0.86228	2.53062e-02
0.86226	2.47444e-02
0.86225	2.41903e-02
0.86225	2.36452e-02
0.86226	2.31105e-02
0.86228	2.25877e-02
0.86231	2.20782e-02
0.86236	2.15834e-02
0.86241	2.11048e-02
0.86248	2.06440e-02
0.86255	2.02022e-02
0.86263	1.97810e-02
0.86273	1.93815e-02
0.86283	1.90052e-02
0.86294	1.86530e-02
0.86307	1.83261e-02
0.86318	1.80211e-02
0.86329	1.77492e-02
0.86340	1.75058e-02
0.86353	1.72907e-02
0.86366	1.71039e-02
0.86380	1.69452e-02
0.86394	1.68138e-02
0.86409	1.67092e-02
0.86424	1.66304e-02
0.86440	1.65761e-02
0.86456	1.65449e-02
0.86473	1.65355e-02
0.86490	1.65459e-02
0.86506	1.65841e-02
0.86522	1.66399e-02
0.86538	1.67112e-02
0.86553	1.67820e-02
0.86567	1.68672e-02
0.86580	1.69469e-02
0.86592	1.70340e-02
0.86604	1.71262e-02
0.86615	1.72213e-02
0.86625	1.73173e-02
0.86635	1.74123e-02
0.86643	1.75046e-02
0.86651	1.75927e-02
0.86658	1.76750e-02
0.86663	1.77550e-02
0.86666	1.78274e-02
0.86668	1.78912e-02
0.86669	1.79454e-02
0.86667	1.79815e-02
0.86665	1.80064e-02
0.86659	1.79967e-02
0.86652	1.79717e-02
0.86644	1.79316e-02
0.86633	1.78766e-02
0.86622	1.78067e-02
0.86608	1.77225e-02
0.86593	1.76242e-02
0.86576	1.75124e-02
0.86558	1.73880e-02
0.86537	1.72518e-02
0.86515	1.71049e-02
0.86492	1.69486e-02
0.86467	1.67842e-02
0.86440	1.66133e-02
0.86411	1.64378e-02
0.86378	1.62420e-02
0.86342	1.60425e-02
0.86305	1.58419e-02
0.86266	1.56428e-02
0.86225	1.54480e-02
0.86182	1.52603e-02
0.86138	1.50825e-02
0.86092	1.49176e-02
0.86044	1.47687e-02
0.85995	1.46387e-02
0.85944	1.45304e-02
0.85892	1.44467e-02
0.85839	1.43899e-02
0.85784	1.43623e-02
0.85728	1.43658e-02
0.85672	1.44018e-02
0.85614	1.44712e-02
0.85554	1.45730e-02
0.85493	1.47071e-02
0.85432	1.48730e-02
0.85370	1.50698e-02
0.85307	1.52963e-02
0.85244	1.55506e-02
0.85181	1.58310e-02
0.85117	1.61350e-02
0.85053	1.64603e-02
0.84989	1.68044e-02
0.84925	1.71645e-02
0.84860	1.75265e-02
0.84794	1.79109e-02
0.84728	1.83002e-02
0.84662	1.86913e-02
0.84596	1.90818e-02
0.84531	1.94694e-02
0.84467	1.98519e-02
0.84402	2.02517e-02
0.84338	2.06447e-02
0.84275	2.10289e-02
0.84213	2.14026e-02
0.84151	2.17642e-02
0.84091	2.21121e-02
0.84032	2.24451e-02
0.83975	2.27619e-02
0.83918	2.30614e-02
0.83863	2.33423e-02
0.83810	2.36038e-02
0.83758	2.38449e-02
0.83708	2.40650e-02
0.83660	2.42632e-02
0.83613	2.44392e-02
0.83568	2.45924e-02
0.83526	2.47226e-02
0.83485	2.48294e-02
0.83446	2.49128e-02
0.83410	2.49728e-02
0.83375	2.50096e-02
0.83342	2.50181e-02
0.83311	2.50038e-02
0.83282	2.49672e-02
0.83256	2.49088e-02
0.83232	2.48296e-02
0.83210	2.47302e-02
0.83191	2.46118e-02
0.83174	2.44755e-02
0.83160	2.43224e-02
0.83147	2.41541e-02
0.83138	2.39721e-02
0.83129	2.37722e-02
0.83120	2.35257e-02
0.83111	2.32569e-02
0.83104	2.29735e-02
0.83099	2.26778e-02
0.83096	2.23720e-02
0.83094	2.20584e-02
0.83094	2.17393e-02
0.83095	2.14173e-02
0.83098	2.10950e-02
0.83103	2.07750e-02
0.83110	2.04603e-02
0.83117	2.01537e-02
0.83127	1.98581e-02
0.83137	1.95764e-02
0.83150	1.93117e-02
0.83162	1.90693e-02
0.83176	1.88495e-02
0.83190	1.86517e-02
0.83204	1.84798e-02
0.83220	1.83356e-02
0.83237	1.82207e-02
0.83254	1.81365e-02
0.83272	1.80696e-02
0.83290	1.80350e-02
0.83309	1.80329e-02
0.83328	1.80631e-02
0.83348	1.81249e-02
0.83368	1.82168e-02
0.83389	1.83374e-02
0.83411	1.84847e-02
0.83432	1.86563e-02
0.83454	1.88498e-02
0.83473	1.90351e-02
0.83492	1.92340e-02
0.83510	1.94442e-02
0.83529	1.96633e-02
0.83547	1.98886e-02
0.83565	2.01177e-02
0.83582	2.03480e-02
0.83599	2.05771e-02
0.83616	2.08027e-02
0.83631	2.10225e-02
0.83647	2.12346e-02
0.83661	2.14369e-02
0.83675	2.16276e-02
0.83688	2.18052e-02
0.83700	2.19680e-02
0.83711	2.21148e-02
0.83721	2.22443e-02
0.83729	2.23681e-02
0.83735	2.24731e-02
0.83741	2.25583e-02
0.83745	2.26232e-02
0.83749	2.26671e-02
0.83751	2.26897e-02
0.83751	2.26907e-02
0.83750	2.26700e-02
0.83748	2.26275e-02
0.83745	2.25634e-02
0.83740	2.24779e-02
0.83734	2.23746e-02
0.83724	2.22728e-02
0.83713	2.21503e-02
0.83701	2.20078e-02
0.83688	2.18461e-02
0.83673	2.16661e-02
0.83656	2.14691e-02
0.83638	2.12600e-02
0.83618	2.10368e-02
0.83596	2.08011e-02
0.83573	2.05545e-02
0.83549	2.02990e-02
0.83524	2.00364e-02
0.83497	1.97688e-02
0.83468	1.95142e-02
0.83437	1.92609e-02
0.83406	1.90110e-02
0.83372	1.87670e-02
0.83338	1.85312e-02
0.83303	1.83062e-02
0.83266	1.80944e-02
0.83228	1.78983e-02
0.83190	1.77203e-02
0.83150	1.75628e-02
0.83110	1.74279e-02
0.83066	1.73456e-02
0.83022	1.72930e-02
0.82976	1.72711e-02
0.82930	1.72807e-02
0.82882	1.73221e-02
0.82833	1.73883e-02
0.82783	1.74842e-02
0.82731	1.76134e-02
0.82679	1.77708e-02
0.82626	1.79546e-02
0.82572	1.81631e-02
0.82518	1.83944e-02
0.82464	1.86463e-02
0.82409	1.89168e-02
0.82353	1.92028e-02
0.82297	1.95017e-02
0.82240	1.97997e-02
0.82182	2.01056e-02
0.82125	2.04172e-02
0.82067	2.07324e-02
0.82010	2.10490e-02
0.81952	2.13650e-02
0.81895	2.16788e-02
0.81838	2.19888e-02
0.81781	2.22934e-02
0.81725	2.25915e-02
0.81669	2.28820e-02
0.81614	2.31640e-02
0.81560	2.34367e-02
0.81506	2.36996e-02
0.81452	2.39508e-02
0.81400	2.41916e-02
0.81347	2.44282e-02
0.81294	2.46558e-02
0.81243	2.48744e-02
0.81192	2.50844e-02
0.81142	2.52863e-02
0.81094	2.54808e-02
0.81046	2.56686e-02
0.80999	2.58504e-02
0.80953	2.60274e-02
0.80909	2.62005e-02
0.80865	2.63709e-02
0.80823	2.65396e-02
0.80782	2.67079e-02
0.80742	2.68771e-02
0.80703	2.70483e-02
0.80665	2.72271e-02
0.80627	2.74107e-02
0.80591	2.75957e-02
0.80555	2.77863e-02
0.80521	2.79834e-02
0.80487	2.81878e-02
0.80455	2.84001e-02
0.80423	2.86209e-02
0.80393	2.88507e-02
0.80364	2.90897e-02
0.80336	2.93382e-02
0.80309	2.95961e-02
0.80282	2.98633e-02
0.80257	3.01396e-02
0.80233	3.04245e-02
0.80210	3.07174e-02
0.80188	3.10178e-02
0.80167	3.13242e-02
0.80146	3.16367e-02
0.80125	3.19351e-02
0.80105	3.22344e-02
0.80086	3.25339e-02
0.80067	3.28326e-02
0.80049	3.31292e-02
0.80032	3.34225e-02
0.80015	3.37112e-02
0.79999	3.39941e-02
0.79984	3.42697e-02
0.79970	3.45366e-02
0.79956	3.47937e-02
0.79943	3.50394e-02
0.79931	3.52725e-02
0.79919	3.54918e-02
0.79908	3.56960e-02
0.79897	3.58839e-02
0.79885	3.60512e-02
0.79873	3.61986e-02
0.79862	3.63253e-02
0.79850	3.64304e-02
0.79840	3.65132e-02
0.79829	3.65729e-02
0.79819	3.66092e-02
0.79809	3.66214e-02
0.79800	3.66094e-02
0.79790	3.65727e-02
0.79781	3.65115e-02
0.79773	3.64256e-02
0.79765	3.63152e-02
0.79757	3.61806e-02
0.79749	3.60221e-02
0.79742	3.58403e-02
0.79735	3.56357e-02
0.79728	3.54090e-02
0.79721	3.51695e-02
0.79715	3.49093e-02
0.79709	3.46295e-02
0.79703	3.43316e-02
0.79697	3.40170e-02
0.79692	3.36871e-02
0.79687	3.33437e-02
0.79680	3.29920e-02
0.79673	3.26294e-02
0.79667	3.22575e-02
0.79661	3.18781e-02
0.79655	3.14930e-02
0.79650	3.11042e-02
0.79645	3.07136e-02
0.79640	3.03233e-02
0.79636	2.99353e-02
0.79631	2.95493e-02
0.79626	2.91693e-02
0.79621	2.87976e-02
0.79617	2.84361e-02
0.79613	2.80867e-02
0.79609	2.77511e-02
0.79606	2.74311e-02
0.79604	2.71283e-02
0.79602	2.68441e-02
0.79600	2.65797e-02
0.79598	2.63262e-02
0.79597	2.60931e-02
0.79596	2.58814e-02
0.79595	2.56915e-02
0.79594	2.55220e-02
0.79594	2.53745e-02
0.79593	2.52488e-02
0.79593	2.51448e-02
0.79594	2.50619e-02
0.79595	2.49996e-02
0.79596	2.49569e-02
0.79598	2.49330e-02
0.79601	2.49267e-02
0.79604	2.49368e-02
0.79607	2.49620e-02
0.79611	2.50010e-02
0.79616	2.50524e-02
0.79621	2.51146e-02
0.79626	2.51864e-02
0.79632	2.52661e-02
0.79639	2.53525e-02
0.79645	2.54498e-02
0.79652	2.55518e-02
0.79658	2.56635e-02
0.79664	2.57775e-02
0.79671	2.58925e-02
0.79678	2.60074e-02
0.79685	2.61210e-02
0.79693	2.62325e-02
0.79701	2.63411e-02
0.79710	2.64462e-02
0.79719	2.65473e-02
0.79728	2.66439e-02
0.79737	2.67357e-02
0.79747	2.68227e-02
0.79757	2.69046e-02
0.79767	2.69817e-02
0.79777	2.70539e-02
0.79786	2.71016e-02
0.79795	2.71444e-02
0.79802	2.71809e-02
0.79808	2.72255e-02
0.79813	2.72684e-02
0.79817	2.73100e-02
0.79822	2.73508e-02
0.79825	2.73914e-02
0.79828	2.74324e-02
0.79830	2.74746e-02
0.79831	2.75186e-02
0.79832	2.75652e-02
0.79828	2.76059e-02
0.79823	2.76501e-02
0.79812	2.77485e-02
0.79799	2.78578e-02
0.79784	2.79779e-02
0.79768	2.81092e-02
0.79750	2.82523e-02
0.79731	2.84075e-02
0.79711	2.85754e-02
0.79688	2.87561e-02
0.79665	2.89499e-02
0.79640	2.91570e-02
0.79612	2.93683e-02
0.79582	2.95910e-02
0.79551	2.98250e-02
0.79518	3.00701e-02
0.79483	3.03258e-02
0.79447	3.05916e-02
0.79409	3.08668e-02
0.79369	3.11507e-02
0.79328	3.14423e-02
0.79286	3.17407e-02
0.79242	3.20449e-02
0.79197	3.23537e-02
0.79149	3.26825e-02
0.79100	3.30132e-02
0.79050	3.33444e-02
0.78999	3.36748e-02
0.78946	3.40033e-02
0.78893	3.43285e-02
0.78838	3.46492e-02
0.78779	3.49320e-02
0.78719	3.52021e-02
0.78657	3.54594e-02
0.78595	3.57032e-02
0.78532	3.59323e-02
0.78469	3.61458e-02
0.78405	3.63427e-02
0.78340	3.65218e-02
0.78275	3.66823e-02
0.78211	3.68231e-02
0.78146	3.69434e-02
0.78081	3.70423e-02
0.78017	3.71193e-02
0.77953	3.71735e-02
0.77889	3.72045e-02
0.77826	3.72117e-02
0.77764	3.71948e-02
0.77702	3.71535e-02
0.77642	3.70876e-02
0.77582	3.69969e-02
0.77524	3.68815e-02
0.77467	3.67415e-02
0.77412	3.65769e-02
0.77358	3.63881e-02
0.77307	3.61755e-02
0.77257	3.59396e-02
0.77209	3.56808e-02
0.77163	3.53999e-02
0.77119	3.50976e-02
0.77078	3.47749e-02
0.77039	3.44326e-02
0.77003	3.40719e-02
0.76969	3.36939e-02
0.76938	3.32998e-02
0.76910	3.28912e-02
0.76885	3.24693e-02
0.76863	3.20358e-02
0.76844	3.15922e-02
0.76828	3.11405e-02
0.76815	3.06823e-02
0.76805	3.02126e-02
0.76797	2.97393e-02
0.76792	2.92706e-02
0.76789	2.88048e-02
0.76790	2.83446e-02
0.76794	2.78929e-02
0.76802	2.74524e-02
0.76812	2.70262e-02
0.76826	2.66171e-02
0.76843	2.62280e-02
0.76863	2.58619e-02
0.76886	2.55216e-02
0.76913	2.52097e-02
0.76942	2.49289e-02
0.76975	2.46814e-02
0.77011	2.44693e-02
0.77051	2.42945e-02
0.77091	2.41491e-02
0.77135	2.40427e-02
0.77180	2.39821e-02
0.77228	2.39620e-02
0.77279	2.39822e-02
0.77332	2.40424e-02
0.77388	2.41416e-02
0.77447	2.42785e-02
0.77507	2.44515e-02
0.77570	2.46586e-02
0.77635	2.48977e-02
0.77702	2.51663e-02
0.77770	2.54574e-02
0.77839	2.57710e-02
0.77909	2.61088e-02
0.77981	2.64629e-02
0.78054	2.68302e-02
0.78128	2.72080e-02
0.78203	2.75935e-02
0.78278	2.79842e-02
0.78355	2.83775e-02
0.78432	2.87711e-02
0.78510	2.91628e-02
0.78588	2.95505e-02
0.78662	2.98739e-02
0.78736	3.01858e-02
0.78810	3.04854e-02
0.78884	3.07718e-02
0.78957	3.10439e-02
0.79030	3.13006e-02
0.79102	3.15410e-02
0.79173	3.17640e-02
0.79243	3.19690e-02
0.79312	3.21552e-02
0.79380	3.23220e-02
0.79446	3.24691e-02
0.79510	3.26011e-02
0.79571	3.27144e-02
0.79631	3.28087e-02
0.79688	3.28843e-02
0.79743	3.29413e-02
0.79796	3.29804e-02
0.79846	3.30020e-02
0.79890	3.29998e-02
0.79932	3.29840e-02
0.79970	3.29566e-02
0.80004	3.29194e-02
0.80036	3.28747e-02
0.80064	3.28247e-02
0.80088	3.27718e-02
0.80109	3.27184e-02
0.80126	3.26673e-02
0.80139	3.26211e-02
0.80149	3.25824e-02
0.80155	3.25539e-02
0.80157	3.25384e-02
0.80155	3.25384e-02
0.80149	3.25566e-02
0.80139	3.25953e-02
0.80126	3.26568e-02
0.80108	3.27433e-02
0.80087	3.28564e-02
0.80062	3.29979e-02
0.80033	3.31690e-02
0.80000	3.33707e-02
0.79964	3.36036e-02
0.79924	3.38680e-02
0.79880	3.41639e-02
0.79832	3.44910e-02
0.79781	3.48484e-02
0.79727	3.52352e-02
0.79670	3.56500e-02
0.79609	3.60912e-02
0.79545	3.65570e-02
0.79478	3.70453e-02
0.79408	3.75538e-02
0.79335	3.80800e-02
0.79260	3.86215e-02
0.79182	3.91756e-02
0.79102	3.97395e-02
0.79020	4.03104e-02
0.78935	4.08856e-02
0.78849	4.14623e-02
0.78759	4.20246e-02
0.78667	4.25797e-02
0.78574	4.31243e-02
0.78475	4.36560e-02
0.78374	4.41714e-02
0.78272	4.46683e-02
0.78168	4.51442e-02
0.78064	4.55972e-02
0.77958	4.60206e-02
0.77852	4.64163e-02
0.77745	4.67823e-02
0.77638	4.71172e-02
0.77531	4.74196e-02
0.77424	4.76880e-02
0.77318	4.79215e-02
0.77212	4.81191e-02
0.77108	4.82800e-02
0.77003	4.83923e-02
0.76900	4.84661e-02
0.76799	4.85018e-02
0.76699	4.84992e-02
0.76601	4.84587e-02
0.76505	4.83804e-02
0.76412	4.82648e-02
0.76320	4.81125e-02
0.76232	4.79242e-02
0.76146	4.77008e-02
0.76063	4.74433e-02
0.75983	4.71532e-02
0.75902	4.68166e-02
0.75824	4.64523e-02
0.75747	4.60718e-02
0.75673	4.56695e-02
0.75602	4.52479e-02
0.75535	4.48098e-02
0.75470	4.43579e-02
0.75409	4.38954e-02
0.75352	4.34252e-02
0.75298	4.29507e-02
0.75248	4.24752e-02
0.75201	4.20020e-02
0.75157	4.15359e-02
0.75117	4.10793e-02
0.75081	4.06353e-02
0.75049	4.02076e-02
0.75020	3.97992e-02
0.74994	3.94133e-02
0.74973	3.90530e-02
0.74955	3.87210e-02
0.74940	3.84199e-02
0.74929	3.81518e-02
0.74922	3.79188e-02
0.74918	3.77225e-02
0.74913	3.76325e-02
0.74911	3.75848e-02
0.74913	3.75767e-02
0.74917	3.76067e-02
0.74925	3.76732e-02
0.74935	3.77745e-02
0.74949	3.79090e-02
0.74964	3.80692e-02
0.74982	3.82571e-02
0.75003	3.84707e-02
0.75026	3.87075e-02
0.75052	3.89652e-02
0.75080	3.92413e-02
0.75110	3.95330e-02
0.75142	3.98380e-02
0.75176	4.01534e-02
0.75212	4.04769e-02
0.75249	4.08059e-02
0.75288	4.11379e-02
0.75328	4.14706e-02
0.75370	4.18018e-02
0.75413	4.21294e-02
0.75456	4.24513e-02
0.75501	4.27657e-02
0.75546	4.30707e-02
0.75592	4.33649e-02
0.75638	4.36467e-02
0.75685	4.39147e-02
0.75732	4.41678e-02
0.75779	4.44049e-02
0.75826	4.46251e-02
0.75872	4.48274e-02
0.75918	4.50113e-02
0.75964	4.51761e-02
0.76010	4.53215e-02
0.76054	4.54470e-02
0.76098	4.55525e-02
0.76141	4.56379e-02
0.76183	4.57031e-02
0.76224	4.57483e-02
0.76263	4.57736e-02
0.76301	4.57794e-02
0.76338	4.57660e-02
0.76373	4.57339e-02
0.76407	4.56837e-02
0.76439	4.56161e-02
0.76470	4.55317e-02
0.76497	4.54323e-02
0.76523	4.53179e-02
0.76545	4.52077e-02
0.76564	4.50627e-02
0.76580	4.49030e-02
0.76594	4.47298e-02
0.76606	4.45442e-02
0.76616	4.43472e-02
0.76622	4.41409e-02
0.76625	4.39257e-02
0.76626	4.37029e-02
0.76624	4.34737e-02
0.76620	4.32391e-02
0.76614	4.30004e-02
0.76605	4.27587e-02
0.76594	4.25153e-02
0.76580	4.22713e-02
0.76563	4.20300e-02
0.76543	4.17905e-02
0.76521	4.15538e-02
0.76496	4.13209e-02
0.76469	4.10928e-02
0.76440	4.08702e-02
0.76408	4.06541e-02
0.76375	4.04452e-02
0.76339	4.02442e-02
0.76301	4.00518e-02
0.76262	3.98686e-02
0.76220	3.96951e-02
0.76177	3.95314e-02
0.76132	3.93776e-02
0.76085	3.92348e-02
0.76036	3.91025e-02
0.75986	3.89809e-02
0.75935	3.88701e-02
0.75883	3.87700e-02
0.75829	3.86809e-02
0.75774	3.86027e-02
0.75719	3.85355e-02
0.75662	3.84793e-02
0.75605	3.84341e-02
0.75545	3.84383e-02
0.75485	3.84558e-02
0.75424	3.84857e-02
0.75362	3.85281e-02
0.75301	3.85830e-02
0.75239	3.86503e-02
0.75177	3.87303e-02
0.75116	3.88230e-02
0.75054	3.89287e-02
0.74993	3.90475e-02
0.74932	3.91797e-02
0.74872	3.93253e-02
0.74811	3.94968e-02
0.74751	3.96833e-02
0.74691	3.98847e-02
0.74632	4.01009e-02
0.74574	4.03320e-02
0.74517	4.05781e-02
0.74461	4.08391e-02
0.74404	4.11201e-02
0.74348	4.14165e-02
0.74294	4.17278e-02
0.74241	4.20538e-02
0.74189	4.23941e-02
0.74138	4.27480e-02
0.74088	4.31150e-02
0.74040	4.34944e-02
0.73993	4.38854e-02
0.73948	4.42871e-02
0.73904	4.46986e-02
0.73862	4.51187e-02
0.73820	4.55464e-02
0.73781	4.59804e-02
0.73743	4.64194e-02
0.73706	4.68620e-02
0.73671	4.73067e-02
0.73637	4.77522e-02
0.73604	4.81967e-02
0.73573	4.86387e-02
0.73543	4.90767e-02
0.73515	4.95089e-02
0.73488	4.99336e-02
0.73462	5.03493e-02
0.73438	5.07543e-02
0.73415	5.11468e-02
0.73393	5.15253e-02
0.73372	5.18881e-02
0.73352	5.22336e-02
0.73334	5.25604e-02
0.73316	5.28669e-02
0.73300	5.31517e-02
0.73284	5.34134e-02
0.73270	5.36507e-02
0.73256	5.38624e-02
0.73243	5.40472e-02
0.73231	5.42042e-02
0.73218	5.43131e-02
0.73206	5.43905e-02
0.73195	5.44359e-02
0.73182	5.44503e-02
0.73169	5.44323e-02
0.73157	5.43851e-02
0.73141	5.43424e-02
0.73125	5.42691e-02
0.73110	5.41646e-02
0.73095	5.40283e-02
0.73080	5.38600e-02
0.73064	5.36648e-02
0.73048	5.34380e-02
0.73032	5.31795e-02
0.73015	5.28893e-02
0.72999	5.25674e-02
0.72982	5.22142e-02
0.72965	5.18299e-02
0.72948	5.14151e-02
0.72930	5.09703e-02
0.72910	5.05190e-02
0.72888	5.00420e-02
0.72867	4.95394e-02
0.72844	4.90119e-02
0.72822	4.84606e-02
0.72799	4.78866e-02
0.72775	4.72915e-02
0.72752	4.66766e-02
0.72727	4.60437e-02
0.72703	4.53946e-02
0.72678	4.47312e-02
0.72653	4.40556e-02
0.72626	4.33639e-02
0.72600	4.26654e-02
0.72572	4.19563e-02
0.72545	4.12454e-02
0.72517	4.05359e-02
0.72489	3.98308e-02
0.72461	3.91335e-02
0.72433	3.84473e-02
0.72405	3.77757e-02
0.72378	3.71222e-02
0.72350	3.64906e-02
0.72323	3.58845e-02
0.72294	3.52697e-02
0.72264	3.46817e-02
0.72235	3.41255e-02
0.72205	3.36056e-02
0.72177	3.31261e-02
0.72148	3.26909e-02
0.72121	3.23034e-02
0.72094	3.19668e-02
0.72067	3.16837e-02
0.72042	3.14562e-02
0.72018	3.12859e-02
0.71994	3.11738e-02
0.71970	3.11460e-02
0.71947	3.11767e-02
0.71925	3.12637e-02
0.71905	3.14050e-02
0.71886	3.15982e-02
0.71869	3.18402e-02
0.71853	3.21280e-02
0.71838	3.24613e-02
0.71825	3.28337e-02
0.71814	3.32413e-02
0.71804	3.36801e-02
0.71797	3.41460e-02
0.71790	3.46239e-02
0.71786	3.51197e-02
0.71783	3.56297e-02
0.71783	3.61502e-02
0.71784	3.66775e-02
0.71788	3.72080e-02
0.71794	3.77384e-02
0.71802	3.82656e-02
0.71812	3.87865e-02
0.71824	3.92984e-02
0.71839	3.97988e-02
0.71853	4.02540e-02
0.71869	4.06921e-02
0.71887	4.11117e-02
0.71907	4.15114e-02
0.71929	4.18899e-02
0.71953	4.22460e-02
0.71979	4.25785e-02
0.72007	4.28865e-02
0.72036	4.31693e-02
0.72068	4.34260e-02
0.72102	4.36562e-02
0.72137	4.38596e-02
0.72174	4.40357e-02
0.72212	4.41846e-02
0.72252	4.43061e-02
0.72293	4.44005e-02
0.72336	4.44680e-02
0.72380	4.45090e-02
0.72425	4.45240e-02
0.72470	4.45071e-02
0.72516	4.44659e-02
0.72563	4.44012e-02
0.72611	4.43141e-02
0.72659	4.42057e-02
0.72703	4.39750e-02
0.72747	4.37152e-02
0.72791	4.34297e-02
0.72833	4.31195e-02
0.72876	4.27888e-02
0.72918	4.24399e-02
0.72959	4.20753e-02
0.73000	4.16977e-02
0.73041	4.13098e-02
0.73081	4.09145e-02
0.73120	4.05146e-02
0.73158	4.01132e-02
0.73195	3.97135e-02
0.73230	3.93188e-02
0.73264	3.89314e-02
0.73297	3.85556e-02
0.73328	3.81948e-02
0.73354	3.79100e-02
0.73378	3.76522e-02
0.73399	3.74232e-02
0.73419	3.72253e-02
0.73437	3.70604e-02
0.73453	3.69308e-02
0.73466	3.68381e-02
0.73478	3.67841e-02
0.73487	3.67699e-02
0.73494	3.67966e-02
0.73499	3.68648e-02
0.73502	3.69745e-02
0.73501	3.71190e-02
0.73498	3.73025e-02
0.73492	3.75294e-02
0.73483	3.77929e-02
0.73472	3.80913e-02
0.73458	3.84226e-02
0.73442	3.87846e-02
0.73424	3.91748e-02
0.73403	3.95908e-02
0.73380	4.00297e-02
0.73354	4.04890e-02
0.73326	4.09655e-02
0.73294	4.14423e-02
0.73260	4.19303e-02
0.73223	4.24273e-02
0.73184	4.29309e-02
0.73142	4.34383e-02
0.73099	4.39469e-02
0.73053	4.44542e-02
0.73005	4.49577e-02
0.72955	4.54549e-02
0.72903	4.59434e-02
0.72849	4.64210e-02
0.72793	4.68855e-02
0.72733	4.73975e-02
0.72670	4.79018e-02
0.72605	4.83943e-02
0.72539	4.88720e-02
0.72470	4.93326e-02
0.72401	4.97740e-02
0.72329	5.01945e-02
0.72255	5.05813e-02
0.72180	5.09421e-02
0.72103	5.12758e-02
0.72025	5.15814e-02
0.71946	5.18580e-02
0.71866	5.21048e-02
0.71784	5.23212e-02
0.71702	5.25067e-02
0.71619	5.26607e-02
0.71536	5.27830e-02
0.71451	5.28733e-02
0.71367	5.29316e-02
0.71282	5.29579e-02
0.71197	5.29522e-02
0.71112	5.29147e-02
0.71026	5.28458e-02
0.70941	5.27504e-02
0.70855	5.26249e-02
0.70770	5.24695e-02
0.70685	5.22849e-02
0.70600	5.20718e-02
0.70517	5.18310e-02
0.70434	5.15633e-02
0.70351	5.12698e-02
0.70270	5.09515e-02
0.70190	5.06096e-02
0.70111	5.02455e-02
0.70033	4.98603e-02
0.69957	4.94557e-02
0.69882	4.90330e-02
0.69808	4.85940e-02
0.69737	4.81402e-02
0.69665	4.76683e-02
0.69595	4.71842e-02
0.69526	4.66901e-02
0.69456	4.61574e-02
0.69387	4.56164e-02
0.69320	4.50701e-02
0.69254	4.45210e-02
0.69191	4.39716e-02
0.69129	4.34238e-02
0.69068	4.28798e-02
0.69010	4.23419e-02
0.68953	4.18124e-02
0.68898	4.12936e-02
0.68846	4.07877e-02
0.68795	4.02971e-02
0.68746	3.98239e-02
0.68700	3.93703e-02
0.68654	3.89266e-02
0.68609	3.85040e-02
0.68566	3.81046e-02
0.68525	3.77301e-02
0.68486	3.73822e-02
0.68448	3.70622e-02
0.68413	3.67712e-02
0.68379	3.65100e-02
0.68345	3.62956e-02
0.68313	3.61125e-02
0.68282	3.59603e-02
0.68253	3.58387e-02
0.68226	3.57468e-02
0.68200	3.56839e-02
0.68176	3.56487e-02
0.68153	3.56400e-02
0.68132	3.56560e-02
0.68112	3.56950e-02
0.68093	3.57551e-02
0.68075	3.58341e-02
0.68058	3.59230e-02
0.68041	3.60265e-02
0.68024	3.61432e-02
0.68008	3.62705e-02
0.67992	3.64060e-02
0.67977	3.65472e-02
0.67962	3.66918e-02
0.67948	3.68374e-02
0.67934	3.69816e-02
0.67921	3.71223e-02
0.67908	3.72572e-02
0.67895	3.73844e-02
0.67880	3.74769e-02
0.67866	3.75515e-02
0.67851	3.76071e-02
0.67836	3.76421e-02
0.67820	3.76552e-02
0.67804	3.76449e-02
0.67788	3.76102e-02
0.67771	3.75498e-02
0.67753	3.74630e-02
0.67735	3.73489e-02
0.67716	3.72070e-02
0.67696	3.70368e-02
0.67672	3.68688e-02
0.67647	3.66735e-02
0.67621	3.64501e-02
0.67595	3.61985e-02
0.67567	3.59188e-02
0.67538	3.56116e-02
0.67509	3.52777e-02
0.67478	3.49269e-02
0.67445	3.45527e-02
0.67412	3.41559e-02
0.67378	3.37377e-02
0.67342	3.32997e-02
0.67306	3.28435e-02
0.67269	3.23709e-02
0.67231	3.18841e-02
0.67193	3.13852e-02
0.67153	3.08768e-02
0.67113	3.03614e-02
0.67072	2.98419e-02
0.67030	2.93212e-02
0.66988	2.88012e-02
0.66945	2.82862e-02
0.66901	2.77798e-02
0.66856	2.72786e-02
0.66811	2.67929e-02
0.66765	2.63269e-02
0.66718	2.58847e-02
0.66672	2.54703e-02
0.66625	2.50879e-02
0.66579	2.47413e-02
0.66532	2.44345e-02
0.66486	2.41710e-02
0.66439	2.39540e-02
0.66393	2.37865e-02
0.66348	2.36708e-02
0.66302	2.36088e-02
0.66258	2.36015e-02
0.66214	2.36496e-02
0.66170	2.37529e-02
0.66128	2.39107e-02
0.66086	2.41216e-02
0.66045	2.43837e-02
0.66001	2.46828e-02
0.65958	2.50214e-02
0.65916	2.53965e-02
0.65874	2.58050e-02
0.65835	2.62437e-02
0.65795	2.67108e-02
0.65756	2.72020e-02
0.65719	2.77141e-02
0.65683	2.82442e-02
0.65648	2.87891e-02
0.65616	2.93460e-02
0.65585	2.99122e-02
0.65556	3.04852e-02
0.65529	3.10626e-02
0.65500	3.17193e-02
0.65472	3.23833e-02
0.65445	3.30504e-02
0.65421	3.37180e-02
0.65398	3.43839e-02
0.65378	3.50465e-02
0.65359	3.57043e-02
0.65343	3.63561e-02
0.65325	3.69873e-02
0.65310	3.76107e-02
0.65296	3.82261e-02
0.65285	3.88332e-02
0.65275	3.94315e-02
0.65268	4.00208e-02
0.65262	4.06008e-02
0.65258	4.11713e-02
0.65256	4.17323e-02
0.65257	4.22836e-02
0.65259	4.28253e-02
0.65263	4.33574e-02
0.65268	4.38800e-02
0.65276	4.43932e-02
0.65282	4.48807e-02
0.65289	4.53568e-02
0.65298	4.58221e-02
0.65309	4.62769e-02
0.65321	4.67215e-02
0.65334	4.71563e-02
0.65348	4.75817e-02
0.65364	4.79978e-02
0.65381	4.84051e-02
0.65400	4.88038e-02
0.65419	4.91946e-02
0.65438	4.95772e-02
0.65459	4.99517e-02
0.65481	5.03183e-02
0.65504	5.06772e-02
0.65527	5.10285e-02
0.65551	5.13723e-02
0.65576	5.17087e-02
0.65602	5.20376e-02
0.65627	5.23591e-02
0.65654	5.26730e-02
0.65681	5.29794e-02
0.65707	5.32917e-02
0.65733	5.35981e-02
0.65760	5.38981e-02
0.65786	5.41914e-02
0.65813	5.44775e-02
0.65839	5.47559e-02
0.65865	5.50263e-02
0.65891	5.52811e-02
0.65916	5.55272e-02
0.65940	5.57644e-02
0.65964	5.59922e-02
0.65988	5.62104e-02
0.66011	5.64184e-02
0.66034	5.66159e-02
0.66056	5.68026e-02
0.66077	5.69781e-02
0.66098	5.71421e-02
0.66117	5.72942e-02
0.66136	5.74343e-02
0.66154	5.75619e-02
0.66170	5.76658e-02
0.66185	5.77551e-02
0.66198	5.78300e-02
0.66210	5.78872e-02
0.66220	5.79294e-02
0.66229	5.79564e-02
0.66237	5.79684e-02
0.66243	5.79654e-02
0.66248	5.79475e-02
0.66252	5.79150e-02
0.66254	5.78679e-02
0.66255	5.78066e-02
0.66254	5.77314e-02
0.66252	5.76426e-02
0.66249	5.75407e-02
0.66244	5.74262e-02
0.66237	5.72996e-02
0.66230	5.71614e-02
0.66221	5.70124e-02
0.66211	5.68533e-02
0.66199	5.66847e-02
0.66186	5.65074e-02
0.66172	5.63195e-02
0.66156	5.61246e-02
0.66138	5.59236e-02
0.66120	5.57174e-02
0.66101	5.55069e-02
0.66075	5.52566e-02
0.66047	5.50012e-02
0.66018	5.47430e-02
0.65988	5.44842e-02
0.65957	5.42262e-02
0.65925	5.39707e-02
0.65892	5.37190e-02
0.65858	5.34724e-02
0.65823	5.32322e-02
0.65786	5.30076e-02
0.65749	5.27940e-02
0.65711	5.25921e-02
0.65673	5.24026e-02
0.65633	5.22264e-02
0.65594	5.20643e-02
0.65554	5.19172e-02
0.65514	5.17856e-02
0.65472	5.16844e-02
0.65429	5.15996e-02
0.65387	5.15315e-02
0.65345	5.14803e-02
0.65301	5.14406e-02
0.65258	5.14167e-02
0.65215	5.14089e-02
0.65172	5.14175e-02
0.65129	5.14427e-02
0.65087	5.14846e-02
0.65045	5.15431e-02
0.65004	5.16183e-02
0.64964	5.17099e-02
0.64924	5.18179e-02
0.64884	5.19437e-02
0.64844	5.20857e-02
0.64806	5.22435e-02
0.64768	5.24168e-02
0.64731	5.26052e-02
0.64696	5.28084e-02
0.64661	5.30260e-02
0.64627	5.32576e-02
0.64595	5.35026e-02
0.64563	5.37607e-02
0.64531	5.40174e-02
0.64500	5.42831e-02
0.64470	5.45572e-02
0.64441	5.48393e-02
0.64413	5.51288e-02
0.64386	5.54252e-02
0.64360	5.57279e-02
0.64336	5.60364e-02
0.64312	5.63502e-02
0.64290	5.66687e-02
0.64269	5.69916e-02
0.64249	5.73184e-02
0.64226	5.77357e-02
0.64204	5.81623e-02
0.64182	5.85956e-02
0.64162	5.90338e-02
0.64143	5.94757e-02
0.64125	5.99205e-02
0.64108	6.03675e-02
0.64088	6.08096e-02
0.64070	6.12525e-02
0.64052	6.16959e-02
0.64036	6.21398e-02
0.64019	6.25837e-02
0.64004	6.30276e-02
0.63989	6.34712e-02
0.63975	6.39143e-02
0.63962	6.43568e-02
0.63949	6.47984e-02
0.63935	6.52196e-02
0.63922	6.56373e-02
0.63909	6.60517e-02
0.63892	6.64561e-02
0.63876	6.68559e-02
0.63859	6.72511e-02
0.63842	6.76416e-02
0.63824	6.80270e-02
0.63806	6.84071e-02
0.63787	6.87817e-02
0.63768	6.91504e-02
0.63749	6.95130e-02
0.63728	6.98691e-02
0.63707	7.02183e-02
0.63685	7.05603e-02
0.63663	7.08948e-02
0.63639	7.12213e-02
0.63615	7.15395e-02
0.63590	7.18490e-02
0.63563	7.21493e-02
0.63536	7.24401e-02
0.63508	7.27208e-02
0.63478	7.29911e-02
0.63448	7.32506e-02
0.63416	7.34988e-02
0.63384	7.37353e-02
0.63350	7.39597e-02
0.63315	7.41716e-02
0.63279	7.43705e-02
0.63242	7.45562e-02
0.63203	7.47167e-02
0.63162	7.48623e-02
0.63120	7.49930e-02
0.63077	7.51084e-02
0.63033	7.52083e-02
0.62988	7.52909e-02
0.62942	7.53576e-02
0.62895	7.54081e-02
0.62847	7.54425e-02
0.62798	7.54602e-02
0.62747	7.54614e-02
0.62696	7.54459e-02
0.62644	7.54137e-02
0.62592	7.53649e-02
0.62540	7.52995e-02
0.62487	7.52176e-02
0.62434	7.51193e-02
0.62375	7.50380e-02
0.62316	7.49442e-02
0.62257	7.48370e-02
0.62197	7.47160e-02
0.62137	7.45811e-02
0.62077	7.44322e-02
0.62017	7.42694e-02
0.61958	7.40927e-02
0.61899	7.39025e-02
0.61840	7.36990e-02
0.61782	7.34825e-02
0.61725	7.32534e-02
0.61668	7.30120e-02
0.61613	7.27590e-02
0.61558	7.24995e-02
0.61500	7.22474e-02
0.61444	7.19874e-02
0.61389	7.17196e-02
0.61336	7.14445e-02
0.61284	7.11626e-02
0.61233	7.08747e-02
0.61185	7.05816e-02
0.61138	7.02843e-02
0.61093	6.99838e-02
0.61047	6.96607e-02
0.61003	6.93342e-02
0.60961	6.90060e-02
0.60921	6.86773e-02
0.60884	6.83495e-02
0.60849	6.80235e-02
0.60816	6.77007e-02
0.60786	6.73821e-02
0.60759	6.70688e-02
0.60734	6.67618e-02
0.60708	6.64853e-02
0.60684	6.62195e-02
0.60662	6.59773e-02
0.60642	6.57471e-02
0.60625	6.55289e-02
0.60611	6.53229e-02
0.60600	6.51295e-02
0.60592	6.49490e-02
0.60587	6.47815e-02
0.60584	6.46274e-02
0.60584	6.44865e-02
0.60588	6.43589e-02
0.60594	6.42445e-02
0.60603	6.41429e-02
0.60615	6.40537e-02
0.60629	6.39764e-02
0.60647	6.39104e-02
0.60667	6.38549e-02
0.60690	6.38091e-02
0.60714	6.37478e-02
0.60740	6.36903e-02
0.60768	6.36364e-02
0.60793	6.36186e-02
0.60819	6.36048e-02
0.60847	6.35933e-02
0.60875	6.35884e-02
0.60905	6.35832e-02
0.60937	6.35763e-02
0.60970	6.35661e-02
0.61005	6.35514e-02
0.61042	6.35307e-02
0.61081	6.35029e-02
0.61121	6.34667e-02
0.61163	6.34210e-02
0.61206	6.33648e-02
0.61250	6.32971e-02
0.61295	6.32170e-02
0.61341	6.31236e-02
0.61387	6.30163e-02
0.61434	6.28944e-02
0.61482	6.27574e-02
0.61530	6.26048e-02
0.61579	6.24363e-02
0.61627	6.22516e-02
0.61676	6.20506e-02
0.61724	6.18332e-02
0.61772	6.15995e-02
0.61819	6.13495e-02
0.61866	6.10837e-02
0.61909	6.08101e-02
0.61951	6.05224e-02
0.61991	6.02208e-02
0.62030	5.99057e-02
0.62068	5.95776e-02
0.62103	5.92253e-02
0.62136	5.88607e-02
0.62167	5.84850e-02
0.62197	5.80993e-02
0.62220	5.77248e-02
0.62241	5.73427e-02
0.62259	5.69533e-02
0.62275	5.65575e-02
0.62289	5.61560e-02
0.62300	5.57497e-02
0.62308	5.53397e-02
0.62314	5.49270e-02
0.62316	5.45126e-02
0.62316	5.40977e-02
0.62313	5.36834e-02
0.62308	5.32709e-02
0.62299	5.28614e-02
0.62287	5.24561e-02
0.62272	5.20562e-02
0.62253	5.16630e-02
0.62232	5.12777e-02
0.62208	5.09015e-02
0.62180	5.05357e-02
0.62149	5.01814e-02
0.62115	4.98398e-02
0.62078	4.95120e-02
0.62038	4.91993e-02
0.61995	4.89025e-02
0.61948	4.86226e-02
0.61899	4.83608e-02
0.61846	4.81176e-02
0.61790	4.78940e-02
0.61732	4.76907e-02
0.61670	4.75081e-02
0.61606	4.73469e-02
0.61539	4.72074e-02
0.61466	4.70862e-02
0.61391	4.69890e-02
0.61313	4.69161e-02
0.61233	4.68674e-02
0.61150	4.68427e-02
0.61065	4.68415e-02
0.60978	4.68634e-02
0.60889	4.69076e-02
0.60798	4.69735e-02
0.60705	4.70600e-02
0.60608	4.71880e-02
0.60510	4.73388e-02
0.60409	4.75373e-02
0.60306	4.77593e-02
0.60201	4.80024e-02
0.60095	4.82649e-02
0.59987	4.85450e-02
0.59879	4.88411e-02
0.59769	4.91515e-02
0.59659	4.94749e-02
0.59548	4.98096e-02
0.59436	5.01542e-02
0.59324	5.05072e-02
0.59211	5.08673e-02
0.59099	5.12331e-02
0.58987	5.16032e-02
0.58874	5.19765e-02
0.58762	5.23518e-02
0.58651	5.27279e-02
0.58538	5.30852e-02
0.58427	5.34410e-02
0.58315	5.37950e-02
0.58201	5.41206e-02
0.58088	5.44427e-02
0.57975	5.47614e-02
0.57862	5.50640e-02
0.57751	5.53593e-02
0.57640	5.56469e-02
0.57531	5.59265e-02
0.57424	5.61979e-02
0.57319	5.64608e-02
0.57215	5.67149e-02
0.57113	5.69598e-02
0.57013	5.71955e-02
0.56916	5.74216e-02
0.56820	5.76380e-02
0.56727	5.78446e-02
0.56637	5.80411e-02
0.56549	5.82276e-02
0.56463	5.84038e-02
0.56380	5.85698e-02
0.56300	5.87255e-02
0.56222	5.88709e-02
0.56147	5.90060e-02
0.56075	5.91308e-02
0.56006	5.92455e-02
0.55940	5.93501e-02
0.55877	5.94448e-02
0.55817	5.95299e-02
0.55758	5.95870e-02
0.55702	5.96321e-02
0.55649	5.96665e-02
0.55599	5.96911e-02
0.55551	5.97066e-02
0.55504	5.97043e-02
0.55461	5.96923e-02
0.55419	5.96716e-02
0.55381	5.96432e-02
0.55343	5.96271e-02
0.55307	5.96077e-02
0.55274	5.95858e-02
0.55244	5.95626e-02
0.55216	5.95392e-02
0.55191	5.95170e-02
0.55168	5.94976e-02
0.55148	5.94825e-02
0.55130	5.94733e-02
0.55115	5.94718e-02
0.55102	5.94798e-02
0.55091	5.94991e-02
0.55083	5.95316e-02
0.55076	5.95791e-02
0.55072	5.96435e-02
0.55070	5.97266e-02
0.55069	5.98303e-02
0.55070	5.99562e-02
0.55073	6.01060e-02
0.55077	6.02813e-02
0.55083	6.04833e-02
0.55090	6.07134e-02
0.55099	6.09726e-02
0.55109	6.12619e-02
0.55120	6.15819e-02
0.55131	6.19331e-02
0.55144	6.23158e-02
0.55157	6.27300e-02
0.55172	6.31756e-02
0.55186	6.36522e-02
0.55201	6.41592e-02
0.55217	6.46957e-02
0.55230	6.52386e-02
0.55242	6.58079e-02
0.55255	6.64031e-02
0.55267	6.70230e-02
0.55279	6.76663e-02
0.55291	6.83313e-02
0.55302	6.90162e-02
0.55313	6.97193e-02
0.55323	7.04384e-02
0.55333	7.11714e-02
0.55340	7.19533e-02
0.55345	7.27493e-02
0.55348	7.35855e-02
0.55349	7.44363e-02
0.55348	7.52983e-02
0.55345	7.61681e-02
0.55342	7.70429e-02
0.55336	7.79197e-02
0.55330	7.87958e-02
0.55321	7.96686e-02
0.55311	8.05357e-02
0.55300	8.13947e-02
0.55288	8.22434e-02
0.55274	8.30798e-02
0.55258	8.39019e-02
0.55241	8.47081e-02
0.55223	8.54965e-02
0.55203	8.62657e-02
0.55183	8.70143e-02
0.55160	8.77311e-02
0.55135	8.84249e-02
0.55110	8.90947e-02
0.55078	8.97208e-02
0.55044	9.03198e-02
0.55009	9.08917e-02
0.54971	9.14523e-02
0.54931	9.19861e-02
0.54891	9.24926e-02
0.54849	9.29717e-02
0.54806	9.34233e-02
0.54761	9.38477e-02
0.54716	9.42450e-02
0.54670	9.46158e-02
0.54623	9.49634e-02
0.54574	9.52859e-02
0.54525	9.55837e-02
0.54475	9.58579e-02
0.54424	9.61093e-02
0.54373	9.63389e-02
0.54321	9.65478e-02
0.54268	9.67370e-02
0.54215	9.69077e-02
0.54162	9.70611e-02
0.54108	9.71985e-02
0.54054	9.73211e-02
0.53999	9.74302e-02
0.53944	9.75271e-02
0.53889	9.76130e-02
0.53834	9.76892e-02
0.53775	9.77175e-02
0.53717	9.77326e-02
0.53658	9.77358e-02
0.53599	9.77285e-02
0.53539	9.77118e-02
0.53478	9.76782e-02
0.53418	9.76369e-02
0.53356	9.75890e-02
0.53295	9.75352e-02
0.53234	9.74765e-02
0.53173	9.74132e-02
0.53111	9.73461e-02
0.53050	9.72755e-02
0.52989	9.72018e-02
0.52927	9.71251e-02
0.52866	9.70456e-02
0.52805	9.69632e-02
0.52745	9.68779e-02
0.52684	9.67894e-02
0.52624	9.66974e-02
0.52564	9.66014e-02
0.52504	9.65009e-02
0.52444	9.63953e-02
0.52385	9.62838e-02
0.52326	9.61659e-02
0.52268	9.60405e-02
0.52210	9.59069e-02
0.52153	9.57640e-02
0.52095	9.56111e-02
0.52039	9.54471e-02
0.51983	9.52710e-02
0.51922	9.51444e-02
0.51862	9.50077e-02
0.51803	9.48589e-02
0.51743	9.46962e-02
0.51684	9.45183e-02
0.51626	9.43244e-02
0.51567	9.41137e-02
0.51510	9.38855e-02
0.51452	9.36394e-02
0.51396	9.33751e-02
0.51332	9.30226e-02
0.51269	9.26454e-02
0.51205	9.22453e-02
0.51142	9.18236e-02
0.51079	9.13816e-02
0.51016	9.09204e-02
0.50953	9.04411e-02
0.50891	8.99450e-02
0.50829	8.94333e-02
0.50767	8.89075e-02
0.50705	8.83690e-02
0.50644	8.78196e-02
0.50581	8.72736e-02
0.50518	8.67216e-02
0.50456	8.61655e-02
0.50393	8.56070e-02
0.50330	8.50483e-02
0.50266	8.44945e-02
0.50201	8.39454e-02
0.50137	8.34029e-02
0.50071	8.28692e-02
0.50006	8.23464e-02
0.49940	8.18368e-02
0.49874	8.13425e-02
0.49808	8.08656e-02
0.49742	8.04082e-02
0.49675	7.99725e-02
0.49609	7.95603e-02
0.49542	7.91737e-02
0.49472	7.87657e-02
0.49401	7.83837e-02
0.49331	7.80304e-02
0.49255	7.77350e-02
0.49178	7.74711e-02
0.49102	7.72390e-02
0.49023	7.70466e-02
0.48945	7.68875e-02
0.48867	7.67621e-02
0.48788	7.66705e-02
0.48710	7.66128e-02
0.48631	7.65892e-02
0.48553	7.65994e-02
0.48475	7.66432e-02
0.48397	7.67205e-02
0.48319	7.68306e-02
0.48242	7.69733e-02
0.48165	7.71478e-02
0.48088	7.73535e-02
0.48012	7.75899e-02
0.47936	7.78562e-02
0.47861	7.81516e-02
0.47786	7.84754e-02
0.47712	7.88268e-02
0.47638	7.92051e-02
0.47565	7.96094e-02
0.47493	8.00392e-02
0.47421	8.04936e-02
0.47351	8.09719e-02
0.47281	8.14734e-02
0.47209	8.19745e-02
0.47139	8.24956e-02
0.47069	8.30369e-02
0.47000	8.35981e-02
0.46932	8.41789e-02
0.46864	8.47783e-02
0.46796	8.53964e-02
0.46729	8.60329e-02
0.46662	8.66874e-02
0.46597	8.73596e-02
0.46531	8.80488e-02
0.46467	8.87548e-02
0.46404	8.94769e-02
0.46341	9.02147e-02
0.46279	9.09676e-02
0.46219	9.17350e-02
0.46159	9.25164e-02
0.46100	9.33111e-02
0.46042	9.41184e-02
0.45986	9.49377e-02
0.45930	9.57681e-02
0.45876	9.66091e-02
0.45822	9.74596e-02
0.45770	9.83190e-02
0.45719	9.91863e-02
0.45670	1.00061e-01
0.45621	1.00941e-01
0.45575	1.01826e-01
0.45529	1.02716e-01
0.45485	1.03609e-01
0.45442	1.04504e-01
0.45401	1.05409e-01
0.45360	1.06318e-01
0.45321	1.07228e-01
0.45284	1.08139e-01
0.45249	1.09047e-01
0.45215	1.09952e-01
0.45182	1.10852e-01
0.45152	1.11746e-01
0.45123	1.12631e-01
0.45096	1.13506e-01
0.45069	1.14337e-01
0.45043	1.15153e-01
0.45019	1.15956e-01
0.44997	1.16742e-01
0.44978	1.17513e-01
0.44961	1.18265e-01
0.44946	1.18999e-01
0.44934	1.19713e-01
0.44924	1.20406e-01
0.44917	1.21076e-01
0.44913	1.21723e-01
0.44911	1.22345e-01
0.44908	1.22968e-01
0.44909	1.23566e-01
0.44911	1.24138e-01
0.44917	1.24682e-01
0.44926	1.25197e-01
0.44933	1.25699e-01
0.44942	1.26172e-01
0.44954	1.26615e-01
0.44969	1.27028e-01
0.44986	1.27409e-01
0.45006	1.27758e-01
0.45029	1.28074e-01
0.45055	1.28357e-01
0.45084	1.28607e-01
0.45116	1.28823e-01
0.45150	1.29004e-01
0.45188	1.29152e-01
0.45227	1.29248e-01
0.45270	1.29308e-01
0.45315	1.29331e-01
0.45359	1.29350e-01
0.45404	1.29339e-01
0.45452	1.29298e-01
0.45498	1.29192e-01
0.45546	1.29050e-01
0.45595	1.28875e-01
0.45647	1.28668e-01
0.45700	1.28429e-01
0.45755	1.28160e-01
0.45812	1.27862e-01
0.45871	1.27534e-01
0.45931	1.27179e-01
0.45993	1.26797e-01
0.46057	1.26390e-01
0.46123	1.25957e-01
0.46190	1.25500e-01
0.46259	1.25021e-01
0.46329	1.24519e-01
0.46400	1.23996e-01
0.46472	1.23454e-01
0.46546	1.22891e-01
0.46620	1.22311e-01
0.46696	1.21713e-01
0.46772	1.21098e-01
0.46849	1.20468e-01
0.46927	1.19822e-01
0.47005	1.19162e-01
0.47080	1.18436e-01
0.47155	1.17690e-01
0.47230	1.16928e-01
0.47305	1.16152e-01
0.47379	1.15361e-01
0.47451	1.14548e-01
0.47521	1.13721e-01
0.47591	1.12880e-01
0.47661	1.12026e-01
0.47729	1.11159e-01
0.47796	1.10280e-01
0.47863	1.09388e-01
0.47928	1.08486e-01
0.47992	1.07571e-01
0.48055	1.06646e-01
0.48116	1.05710e-01
0.48175	1.04763e-01
0.48233	1.03806e-01
0.48290	1.02839e-01
0.48344	1.01863e-01
0.48396	1.00877e-01
0.48447	9.98829e-02
0.48495	9.88803e-02
0.48540	9.78700e-02
0.48584	9.68525e-02
0.48624	9.58287e-02
0.48663	9.47991e-02
0.48698	9.37646e-02
0.48730	9.27260e-02
0.48760	9.16843e-02
0.48787	9.06404e-02
0.48809	8.96061e-02
0.48829	8.85741e-02
0.48845	8.75452e-02
0.48857	8.65201e-02
0.48866	8.55001e-02
0.48871	8.44862e-02
0.48873	8.34796e-02
0.48871	8.24817e-02
0.48865	8.14937e-02
0.48855	8.05172e-02
0.48840	7.95637e-02
0.48821	7.86251e-02
0.48797	7.77024e-02
0.48770	7.67970e-02
0.48739	7.59099e-02
0.48704	7.50425e-02
0.48665	7.41960e-02
0.48622	7.33717e-02
0.48575	7.25708e-02
0.48524	7.17947e-02
0.48469	7.10445e-02
0.48411	7.03214e-02
0.48349	6.96287e-02
0.48283	6.89655e-02
0.48213	6.83330e-02
0.48139	6.77321e-02
0.48062	6.71637e-02
0.47980	6.66214e-02
0.47893	6.61118e-02
0.47803	6.56354e-02
0.47710	6.51929e-02
0.47614	6.47847e-02
0.47514	6.44112e-02
0.47411	6.40727e-02
0.47305	6.37695e-02
0.47196	6.35016e-02
0.47084	6.32692e-02
0.46970	6.30721e-02
0.46853	6.29102e-02
0.46732	6.27723e-02
0.46609	6.26693e-02
0.46484	6.26012e-02
0.46354	6.26165e-02
0.46221	6.26711e-02
0.46086	6.27629e-02
0.45941	6.28464e-02
0.45794	6.29602e-02
0.45645	6.31042e-02
0.45494	6.32777e-02
0.45342	6.34801e-02
0.45189	6.37102e-02
0.45036	6.39672e-02
0.44882	6.42499e-02
0.44727	6.45572e-02
0.44572	6.48881e-02
0.44417	6.52412e-02
0.44263	6.56155e-02
0.44109	6.60098e-02
0.43956	6.64229e-02
0.43803	6.68537e-02
0.43652	6.73012e-02
0.43502	6.77642e-02
0.43354	6.82417e-02
0.43207	6.87328e-02
0.43062	6.92364e-02
0.42920	6.97517e-02
0.42779	7.02778e-02
0.42642	7.08139e-02
0.42507	7.13593e-02
0.42373	7.18777e-02
0.42241	7.24020e-02
0.42113	7.29322e-02
0.41988	7.34683e-02
0.41867	7.40101e-02
0.41745	7.45171e-02
0.41627	7.50274e-02
0.41513	7.55417e-02
0.41403	7.60604e-02
0.41297	7.65837e-02
0.41195	7.71120e-02
0.41098	7.76454e-02
0.41006	7.81842e-02
0.40919	7.87285e-02
0.40836	7.92786e-02
0.40758	7.98348e-02
0.40685	8.03974e-02
0.40617	8.09666e-02
0.40555	8.15428e-02
0.40497	8.21262e-02
0.40444	8.27172e-02
0.40397	8.33162e-02
0.40354	8.39233e-02
0.40317	8.45390e-02
0.40284	8.51635e-02
0.40257	8.57970e-02
0.40234	8.64399e-02
0.40216	8.70924e-02
0.40203	8.77546e-02
0.40195	8.84266e-02
0.40191	8.91086e-02
0.40185	8.98954e-02
0.40183	9.06978e-02
0.40185	9.15137e-02
0.40190	9.23413e-02
0.40200	9.31797e-02
0.40212	9.40278e-02
0.40228	9.48848e-02
0.40248	9.57498e-02
0.40270	9.66221e-02
0.40295	9.75008e-02
0.40322	9.83841e-02
0.40352	9.92716e-02
0.40383	1.00162e-01
0.40417	1.01055e-01
0.40452	1.01948e-01
0.40488	1.02841e-01
0.40526	1.03732e-01
0.40565	1.04620e-01
0.40605	1.05503e-01
0.40645	1.06381e-01
0.40686	1.07250e-01
0.40727	1.08110e-01
0.40764	1.08987e-01
0.40800	1.09854e-01
0.40836	1.10711e-01
0.40864	1.11539e-01
0.40890	1.12353e-01
0.40913	1.13158e-01
0.40935	1.13948e-01
0.40955	1.14721e-01
0.40973	1.15475e-01
0.40989	1.16209e-01
0.41003	1.16920e-01
0.41015	1.17607e-01
0.41025	1.18269e-01
0.41032	1.18903e-01
0.41038	1.19509e-01
0.41040	1.20085e-01
0.41041	1.20629e-01
0.41039	1.21137e-01
0.41034	1.21610e-01
0.41026	1.22046e-01
0.41007	1.22464e-01
0.40985	1.22844e-01
0.40960	1.23185e-01
0.40930	1.23469e-01
0.40897	1.23710e-01
0.40862	1.23908e-01
0.40823	1.24062e-01
0.40781	1.24172e-01
0.40737	1.24237e-01
0.40690	1.24256e-01
0.40641	1.24229e-01
0.40588	1.24155e-01
0.40534	1.24033e-01
0.40477	1.23864e-01
0.40418	1.23647e-01
0.40357	1.23382e-01
0.40295	1.23068e-01
0.40230	1.22706e-01
0.40163	1.22296e-01
0.40095	1.21837e-01
0.40025	1.21331e-01
0.39954	1.20778e-01
0.39881	1.20178e-01
0.39808	1.19531e-01
0.39733	1.18840e-01
0.39657	1.18104e-01
0.39581	1.17326e-01
0.39500	1.16460e-01
0.39419	1.15548e-01
0.39337	1.14591e-01
0.39254	1.13592e-01
0.39170	1.12553e-01
0.39084	1.11479e-01
0.38997	1.10370e-01
0.38910	1.09229e-01
0.38822	1.08059e-01
0.38733	1.06864e-01
0.38645	1.05645e-01
0.38556	1.04408e-01
0.38467	1.03154e-01
0.38377	1.01889e-01
0.38288	1.00616e-01
0.38199	9.93381e-02
0.38110	9.80601e-02
0.38021	9.67858e-02
0.37933	9.55193e-02
0.37845	9.42645e-02
0.37757	9.30255e-02
0.37670	9.18062e-02
0.37584	9.06105e-02
0.37499	8.94422e-02
0.37414	8.83050e-02
0.37331	8.72024e-02
0.37248	8.61377e-02
0.37167	8.51140e-02
0.37087	8.41342e-02
0.37009	8.32009e-02
0.36932	8.23165e-02
0.36859	8.14688e-02
0.36788	8.06724e-02
0.36719	7.99291e-02
0.36653	7.92400e-02
0.36589	7.86061e-02
0.36528	7.80278e-02
0.36469	7.75054e-02
0.36413	7.70387e-02
0.36361	7.66273e-02
0.36311	7.62706e-02
0.36264	7.59675e-02
0.36220	7.57169e-02
0.36180	7.55175e-02
0.36143	7.53676e-02
0.36110	7.52656e-02
0.36080	7.52099e-02
0.36054	7.51986e-02
0.36031	7.52299e-02
0.36012	7.53020e-02
0.35996	7.54131e-02
0.35985	7.55616e-02
0.35976	7.57457e-02
0.35971	7.59740e-02
0.35969	7.62359e-02
0.35970	7.65297e-02
0.35971	7.68140e-02
0.35974	7.71186e-02
0.35979	7.74544e-02
0.35986	7.78107e-02
0.35996	7.81868e-02
0.36008	7.85816e-02
0.36023	7.89942e-02
0.36041	7.94238e-02
0.36061	7.98692e-02
0.36082	8.03296e-02
0.36106	8.08040e-02
0.36132	8.12913e-02
0.36159	8.17905e-02
0.36189	8.23005e-02
0.36217	8.27718e-02
0.36246	8.32479e-02
0.36276	8.37278e-02
0.36295	8.42703e-02
0.36314	8.48219e-02
0.36332	8.53800e-02
0.36346	8.59525e-02
0.36359	8.65251e-02
0.36371	8.70956e-02
0.36382	8.76624e-02
0.36393	8.82240e-02
0.36402	8.87794e-02
0.36410	8.93275e-02
0.36418	8.98673e-02
0.36423	9.03982e-02
0.36428	9.09194e-02
0.36431	9.14303e-02
0.36432	9.19305e-02
0.36431	9.24197e-02
0.36429	9.28975e-02
0.36424	9.33638e-02
0.36417	9.38187e-02
0.36408	9.42621e-02
0.36397	9.46942e-02
0.36383	9.51153e-02
0.36367	9.55258e-02
0.36348	9.59261e-02
0.36326	9.63169e-02
0.36302	9.66987e-02
0.36275	9.70724e-02
0.36237	9.74065e-02
0.36196	9.77282e-02
0.36151	9.80395e-02
0.36102	9.83421e-02
0.36050	9.86371e-02
0.35994	9.89257e-02
0.35935	9.92091e-02
0.35873	9.94883e-02
0.35806	9.97643e-02
0.35737	1.00038e-01
0.35664	1.00311e-01
0.35588	1.00584e-01
0.35509	1.00857e-01
0.35426	1.01132e-01
0.35340	1.01410e-01
0.35252	1.01691e-01
0.35160	1.01976e-01
0.35065	1.02265e-01
0.34968	1.02559e-01
0.34868	1.02858e-01
0.34765	1.03164e-01
0.34660	1.03474e-01
0.34553	1.03791e-01
0.34443	1.04113e-01
0.34332	1.04441e-01
0.34219	1.04774e-01
0.34104	1.05112e-01
0.33988	1.05453e-01
0.33870	1.05799e-01
0.33751	1.06146e-01
0.33632	1.06496e-01
0.33508	1.06889e-01
0.33384	1.07286e-01
0.33258	1.07685e-01
0.33133	1.08084e-01
0.33007	1.08483e-01
0.32882	1.08878e-01
0.32757	1.09268e-01
0.32633	1.09652e-01
0.32510	1.10029e-01
0.32387	1.10395e-01
0.32266	1.10751e-01
0.32147	1.11093e-01
0.32029	1.11421e-01
0.31914	1.11734e-01
0.31800	1.12029e-01
0.31689	1.12305e-01
0.31580	1.12562e-01
0.31475	1.12798e-01
0.31372	1.13013e-01
0.31272	1.13204e-01
0.31175	1.13373e-01
0.31082	1.13519e-01
0.30991	1.13655e-01
0.30904	1.13766e-01
0.30821	1.13849e-01
0.30740	1.13890e-01
0.30664	1.13900e-01
0.30592	1.13881e-01
0.30524	1.13832e-01
0.30461	1.13753e-01
0.30401	1.13647e-01
0.30347	1.13513e-01
0.30296	1.13354e-01
0.30250	1.13170e-01
0.30208	1.12964e-01
0.30171	1.12737e-01
0.30137	1.12490e-01
0.30108	1.12226e-01
0.30083	1.11946e-01
0.30054	1.11574e-01
0.30028	1.11182e-01
0.30006	1.10773e-01
0.29984	1.10369e-01
0.29966	1.09950e-01
0.29950	1.09519e-01
0.29934	1.09070e-01
0.29922	1.08611e-01
0.29911	1.08142e-01
0.29903	1.07666e-01
0.29898	1.07182e-01
0.29895	1.06693e-01
0.29894	1.06198e-01
0.29895	1.05698e-01
0.29898	1.05195e-01
0.29903	1.04687e-01
0.29910	1.04177e-01
0.29919	1.03663e-01
0.29930	1.03147e-01
0.29942	1.02628e-01
0.29956	1.02107e-01
0.29972	1.01585e-01
0.29989	1.01060e-01
0.30008	1.00534e-01
0.30028	1.00006e-01
0.30049	9.94766e-02
0.30071	9.89461e-02
0.30095	9.84146e-02
0.30119	9.78822e-02
0.30145	9.73491e-02
0.30165	9.67718e-02
0.30185	9.61912e-02
0.30205	9.56080e-02
0.30225	9.50227e-02
0.30244	9.44358e-02
0.30264	9.38477e-02
0.30283	9.32588e-02
0.30302	9.26693e-02
0.30320	9.20797e-02
0.30338	9.14902e-02
0.30355	9.09010e-02
0.30372	9.03124e-02
0.30387	8.97245e-02
0.30402	8.91375e-02
0.30416	8.85514e-02
0.30429	8.79665e-02
0.30442	8.73828e-02
0.30453	8.68003e-02
0.30463	8.62191e-02
0.30471	8.56394e-02
0.30479	8.50611e-02
0.30485	8.44843e-02
0.30490	8.39093e-02
0.30494	8.33360e-02
0.30496	8.27647e-02
0.30498	8.21955e-02
0.30497	8.16288e-02
0.30495	8.10648e-02
0.30492	8.05040e-02
0.30488	7.99467e-02
0.30482	7.93935e-02
0.30469	7.88984e-02
0.30454	7.84169e-02
0.30436	7.79477e-02
0.30417	7.74903e-02
0.30395	7.70449e-02
0.30373	7.66123e-02
0.30348	7.61935e-02
0.30322	7.57895e-02
0.30294	7.54019e-02
0.30266	7.50323e-02
0.30236	7.46824e-02
0.30204	7.43540e-02
0.30172	7.40492e-02
0.30139	7.37699e-02
0.30104	7.35182e-02
0.30069	7.32964e-02
0.30034	7.31065e-02
0.29997	7.29506e-02
0.29960	7.28309e-02
0.29923	7.27493e-02
0.29886	7.27077e-02
0.29848	7.27080e-02
0.29809	7.27663e-02
0.29770	7.28707e-02
0.29731	7.30219e-02
0.29683	7.30595e-02
0.29635	7.31353e-02
0.29580	7.33174e-02
0.29525	7.35501e-02
0.29469	7.38334e-02
0.29414	7.41671e-02
0.29360	7.45507e-02
0.29306	7.49834e-02
0.29253	7.54641e-02
0.29202	7.59916e-02
0.29152	7.65643e-02
0.29103	7.71805e-02
0.29056	7.78383e-02
0.29011	7.85352e-02
0.28966	7.92659e-02
0.28924	8.00306e-02
0.28884	8.08268e-02
0.28846	8.16470e-02
0.28811	8.24905e-02
0.28779	8.33535e-02
0.28746	8.42075e-02
0.28716	8.50697e-02
0.28688	8.59371e-02
0.28664	8.68067e-02
0.28642	8.76753e-02
0.28623	8.85399e-02
0.28607	8.93974e-02
0.28595	9.02445e-02
0.28585	9.10784e-02
0.28579	9.18961e-02
0.28576	9.26949e-02
0.28576	9.34721e-02
0.28579	9.42250e-02
0.28584	9.49386e-02
0.28591	9.56217e-02
0.28601	9.62725e-02
0.28614	9.68893e-02
0.28630	9.74704e-02
0.28648	9.80143e-02
0.28669	9.85195e-02
0.28692	9.89849e-02
0.28717	9.94095e-02
0.28745	9.97923e-02
0.28774	1.00133e-01
0.28802	1.00385e-01
0.28831	1.00586e-01
0.28861	1.00738e-01
0.28892	1.00842e-01
0.28925	1.00898e-01
0.28958	1.00907e-01
0.28992	1.00870e-01
0.29026	1.00789e-01
0.29061	1.00663e-01
0.29097	1.00494e-01
0.29133	1.00283e-01
0.29169	1.00032e-01
0.29205	9.97423e-02
0.29242	9.94148e-02
0.29278	9.90513e-02
0.29314	9.86533e-02
0.29350	9.82225e-02
0.29385	9.77605e-02
0.29420	9.72690e-02
0.29455	9.67495e-02
0.29489	9.62037e-02
0.29522	9.56329e-02
0.29555	9.50386e-02
0.29588	9.44219e-02
0.29620	9.37837e-02
0.29651	9.31246e-02
0.29682	9.24447e-02
0.29713	9.17439e-02
0.29743	9.10215e-02
0.29774	9.02767e-02
0.29804	8.95091e-02
0.29835	8.87253e-02
0.29866	8.79254e-02
0.29897	8.71174e-02
0.29927	8.63151e-02
0.29955	8.55362e-02
0.29982	8.47985e-02
0.30005	8.41162e-02
0.30026	8.34970e-02
0.30043	8.29431e-02
0.30056	8.24533e-02
0.30067	8.20249e-02
0.30074	8.16547e-02
0.30079	8.13399e-02
0.30082	8.10779e-02
0.30082	8.08664e-02
0.30080	8.07033e-02
0.30076	8.05868e-02
0.30071	8.05152e-02
0.30063	8.04868e-02
0.30054	8.05001e-02
0.30043	8.05535e-02
0.30030	8.06453e-02
0.30016	8.07738e-02
0.30001	8.09373e-02
0.29984	8.11339e-02
0.29966	8.13617e-02
0.29947	8.16182e-02
0.29925	8.19044e-02
0.29902	8.22136e-02
0.29878	8.25426e-02
0.29852	8.28879e-02
0.29826	8.32461e-02
0.29799	8.36131e-02
0.29771	8.39848e-02
0.29743	8.43565e-02
0.29714	8.47231e-02
0.29686	8.50791e-02
0.29658	8.54186e-02
0.29630	8.57349e-02
0.29599	8.59642e-02
0.29570	8.61525e-02
0.29541	8.62934e-02
0.29510	8.63697e-02
0.29480	8.63818e-02
0.29452	8.63223e-02
0.29426	8.61842e-02
0.29402	8.59616e-02
0.29381	8.56495e-02
0.29363	8.52447e-02
0.29347	8.47457e-02
0.29335	8.41530e-02
0.29325	8.34690e-02
0.29317	8.26979e-02
0.29313	8.18454e-02
0.29310	8.09185e-02
0.29310	7.99253e-02
0.29312	7.88741e-02
0.29315	7.77739e-02
0.29320	7.66348e-02
0.29326	7.54631e-02
0.29333	7.42671e-02
0.29342	7.30548e-02
0.29351	7.18340e-02
0.29360	7.06123e-02
0.29370	6.93969e-02
0.29381	6.81948e-02
0.29391	6.70125e-02
0.29402	6.58564e-02
0.29413	6.47322e-02
0.29413	6.35591e-02
0.29411	6.24165e-02
0.29409	6.13107e-02
0.29406	6.02474e-02
0.29403	5.92312e-02
0.29399	5.82667e-02
0.29395	5.73577e-02
0.29389	5.65017e-02
0.29383	5.57061e-02
0.29376	5.49736e-02
0.29368	5.43063e-02
0.29360	5.37059e-02
0.29352	5.31734e-02
0.29342	5.27096e-02
0.29332	5.23146e-02
0.29321	5.19881e-02
0.29309	5.17293e-02
0.29297	5.15370e-02
0.29284	5.14094e-02
0.29270	5.13445e-02
0.29255	5.13399e-02
0.29240	5.13928e-02
0.29223	5.15002e-02
0.29206	5.16589e-02
0.29188	5.18654e-02
0.29169	5.21163e-02
0.29149	5.24078e-02
0.29128	5.27364e-02
0.29106	5.30982e-02
0.29083	5.34896e-02
0.29059	5.39070e-02
0.29032	5.43859e-02
0.29004	5.48865e-02
0.28975	5.54047e-02
0.28945	5.59369e-02
0.28914	5.64796e-02
0.28882	5.70297e-02
0.28849	5.75840e-02
0.28815	5.81396e-02
0.28781	5.86938e-02
0.28745	5.92441e-02
0.28709	5.97879e-02
0.28673	6.03230e-02
0.28635	6.08471e-02
0.28598	6.13584e-02
0.28560	6.18550e-02
0.28522	6.23351e-02
0.28483	6.27972e-02
0.28445	6.32399e-02
0.28406	6.36620e-02
0.28368	6.40624e-02
0.28330	6.44403e-02
0.28292	6.47948e-02
0.28253	6.51365e-02
0.28215	6.54547e-02
0.28177	6.57490e-02
0.28129	6.60574e-02
0.28081	6.63425e-02
0.28032	6.66232e-02
0.27983	6.68833e-02
0.27934	6.71230e-02
0.27887	6.73429e-02
0.27840	6.75441e-02
0.27794	6.77277e-02
0.27749	6.78955e-02
0.27706	6.80493e-02
0.27663	6.81911e-02
0.27622	6.83233e-02
0.27583	6.84484e-02
0.27544	6.85691e-02
0.27507	6.86720e-02
0.27470	6.87741e-02
0.27435	6.88784e-02
0.27396	6.90038e-02
0.27358	6.91408e-02
0.27321	6.92927e-02
0.27284	6.94631e-02
0.27248	6.96552e-02
0.27212	6.98726e-02
0.27175	7.01187e-02
0.27139	7.03971e-02
0.27102	7.07112e-02
0.27064	7.10645e-02
0.27026	7.14607e-02
0.26985	7.19031e-02
0.26943	7.23947e-02
0.26900	7.29377e-02
0.26854	7.35328e-02
0.26807	7.41778e-02
0.26752	7.48080e-02
0.26697	7.54789e-02
0.26643	7.61819e-02
0.26592	7.69081e-02
0.26544	7.76514e-02
0.26499	7.84089e-02
0.26458	7.91797e-02
0.26420	7.99643e-02
0.26384	8.07629e-02
0.26350	8.15755e-02
0.26319	8.24012e-02
0.26277	8.33507e-02
0.26237	8.43137e-02
0.26198	8.52850e-02
0.26159	8.62604e-02
0.26121	8.72364e-02
0.26084	8.82096e-02
0.26048	8.91770e-02
0.26011	9.01182e-02
0.25974	9.10452e-02
0.25937	9.19552e-02
0.25901	9.28450e-02
0.25866	9.37113e-02
0.25832	9.45502e-02
0.25800	9.53582e-02
0.25769	9.61315e-02
0.25740	9.68670e-02
0.25713	9.75620e-02
0.25688	9.82141e-02
0.25666	9.88214e-02
0.25646	9.93822e-02
0.25627	9.98951e-02
0.25611	1.00359e-01
0.25598	1.00772e-01
0.25586	1.01134e-01
0.25576	1.01444e-01
0.25569	1.01700e-01
0.25563	1.01903e-01
0.25560	1.02052e-01
0.25558	1.02145e-01
0.25558	1.02184e-01
0.25560	1.02168e-01
0.25548	1.02129e-01
0.25537	1.02040e-01
0.25527	1.01900e-01
0.25519	1.01712e-01
0.25511	1.01474e-01
0.25506	1.01190e-01
0.25501	1.00859e-01
0.25498	1.00484e-01
0.25496	1.00067e-01
0.25495	9.96101e-02
0.25495	9.91149e-02
0.25497	9.85842e-02
0.25499	9.80209e-02
0.25501	9.74277e-02
0.25505	9.68079e-02
0.25508	9.61645e-02
0.25513	9.55010e-02
0.25517	9.48208e-02
0.25521	9.41275e-02
0.25526	9.34246e-02
0.25530	9.27158e-02
0.25534	9.20047e-02
0.25543	9.12759e-02
0.25553	9.05493e-02
0.25563	8.98284e-02
0.25568	8.91844e-02
0.25572	8.85593e-02
0.25572	8.78993e-02
0.25571	8.72559e-02
0.25568	8.66315e-02
0.25565	8.60286e-02
0.25559	8.54489e-02
0.25553	8.48937e-02
0.25545	8.43639e-02
0.25535	8.38599e-02
0.25524	8.33815e-02
0.25512	8.29281e-02
0.25498	8.24985e-02
0.25483	8.20909e-02
0.25464	8.16967e-02
0.25443	8.13192e-02
0.25421	8.09550e-02
0.25397	8.05994e-02
0.25372	8.02479e-02
0.25345	7.98953e-02
0.25318	7.95360e-02
0.25289	7.91640e-02
0.25260	7.87731e-02
0.25230	7.83574e-02
0.25200	7.79112e-02
0.25169	7.74292e-02
0.25134	7.69168e-02
0.25098	7.63624e-02
0.25061	7.57639e-02
0.25023	7.51203e-02
0.24984	7.44325e-02
0.24944	7.37026e-02
0.24903	7.29343e-02
0.24859	7.21427e-02
0.24813	7.13239e-02
0.24766	7.04845e-02
0.24716	6.96314e-02
0.24664	6.87720e-02
0.24610	6.79139e-02
0.24552	6.70644e-02
0.24492	6.62310e-02
0.24429	6.54208e-02
0.24362	6.46404e-02
0.24292	6.38964e-02
0.24216	6.31614e-02
0.24136	6.24688e-02
0.24052	6.18245e-02
0.23964	6.12333e-02
0.23872	6.06997e-02
0.23776	6.02274e-02
0.23676	5.98196e-02
0.23572	5.94785e-02
0.23465	5.92065e-02
0.23354	5.90052e-02
0.23239	5.88758e-02
0.23121	5.88187e-02
0.22999	5.88342e-02
0.22873	5.89220e-02
0.22745	5.90814e-02
0.22613	5.93115e-02
0.22478	5.96111e-02
0.22340	5.99786e-02
0.22199	6.04123e-02
0.22056	6.09105e-02
0.21910	6.14710e-02
0.21762	6.20920e-02
0.21612	6.27713e-02
0.21459	6.35068e-02
0.21305	6.42964e-02
0.21150	6.51380e-02
0.20992	6.60295e-02
0.20834	6.69690e-02
0.20675	6.79543e-02
0.20514	6.89837e-02
0.20354	7.00552e-02
0.20187	7.12766e-02
0.20020	7.25418e-02
0.19853	7.38432e-02
0.19687	7.51709e-02
0.19522	7.65108e-02
0.19360	7.78407e-02
0.19203	7.91221e-02
0.19054	8.02814e-02
0.18920	8.11784e-02
0.18810	8.16071e-02
0.18732	8.14558e-02
0.18678	8.08547e-02
0.18641	8.00050e-02
0.18615	7.90375e-02
0.18597	7.80207e-02
0.18585	7.69911e-02
0.18565	7.58118e-02
0.18549	7.46442e-02
0.18538	7.35008e-02
0.18531	7.23906e-02
0.18527	7.13206e-02
0.18528	7.02966e-02
0.18533	6.93233e-02
0.18542	6.84050e-02
0.18554	6.75452e-02
0.18570	6.67459e-02
0.18589	6.60099e-02
0.18611	6.53385e-02
0.18636	6.47328e-02
0.18664	6.41929e-02
0.18694	6.37183e-02
0.18727	6.33078e-02
0.18761	6.29593e-02
0.18798	6.26703e-02
0.18837	6.24375e-02
0.18878	6.22571e-02
0.18920	6.21250e-02
0.18963	6.20366e-02
0.19008	6.19871e-02
0.19054	6.19715e-02
0.19100	6.19836e-02
0.19146	6.20195e-02
0.19189	6.20732e-02
0.19232	6.21406e-02
0.19274	6.22174e-02
0.19315	6.22996e-02
0.19356	6.23835e-02
0.19396	6.24657e-02
0.19435	6.25431e-02
0.19473	6.26129e-02
0.19510	6.26726e-02
0.19544	6.27525e-02
0.19575	6.28223e-02
0.19605	6.28789e-02
0.19633	6.29201e-02
0.19659	6.29440e-02
0.19683	6.29493e-02
0.19705	6.29349e-02
0.19725	6.29001e-02
0.19742	6.28446e-02
0.19757	6.27682e-02
0.19770	6.26711e-02
0.19781	6.25538e-02
0.19789	6.24169e-02
0.19795	6.22615e-02
0.19798	6.20886e-02
0.19799	6.18999e-02
0.19798	6.16969e-02
0.19794	6.14816e-02
0.19781	6.11861e-02
0.19765	6.08721e-02
0.19745	6.05435e-02
0.19723	6.02039e-02
0.19699	5.98569e-02
0.19672	5.95058e-02
0.19642	5.91542e-02
0.19610	5.88082e-02
0.19576	5.84698e-02
0.19538	5.81622e-02
0.19498	5.78720e-02
0.19456	5.76011e-02
0.19411	5.73515e-02
0.19365	5.71249e-02
0.19317	5.69226e-02
0.19268	5.67459e-02
0.19218	5.65954e-02
0.19166	5.64713e-02
0.19114	5.63735e-02
0.19061	5.63012e-02
0.19007	5.62532e-02
0.18954	5.62276e-02
0.18900	5.62220e-02
0.18847	5.62335e-02
0.18794	5.62585e-02
0.18741	5.62962e-02
0.18690	5.63388e-02
0.18639	5.63808e-02
0.18590	5.64169e-02
0.18544	5.64411e-02
0.18499	5.64473e-02
0.18457	5.64340e-02
0.18418	5.63905e-02
0.18381	5.63104e-02
0.18349	5.61880e-02
0.18320	5.60185e-02
0.18294	5.57980e-02
0.18273	5.55237e-02
0.18255	5.51946e-02
0.18242	5.48110e-02
0.18233	5.43751e-02
0.18227	5.38904e-02
0.18225	5.33621e-02
0.18227	5.27967e-02
0.18231	5.22018e-02
0.18239	5.15859e-02
0.18249	5.09578e-02
0.18262	5.03270e-02
0.18277	4.97028e-02
0.18294	4.90947e-02
0.18313	4.85118e-02
0.18333	4.79629e-02
0.18355	4.74561e-02
0.18378	4.69990e-02
0.18403	4.65986e-02
0.18428	4.62610e-02
0.18445	4.57898e-02
0.18462	4.53816e-02
0.18480	4.50471e-02
0.18498	4.47937e-02
0.18518	4.46268e-02
0.18539	4.45495e-02
0.18561	4.45639e-02
0.18585	4.46703e-02
0.18611	4.48681e-02
0.18639	4.51558e-02
0.18668	4.55310e-02
0.18700	4.59906e-02
0.18734	4.65310e-02
0.18770	4.71485e-02
0.18809	4.78387e-02
0.18850	4.85971e-02
0.18894	4.94198e-02
0.18938	5.03223e-02
0.18984	5.12860e-02
0.19033	5.23072e-02
0.19084	5.33819e-02
0.19137	5.45064e-02
0.19192	5.56769e-02
0.19250	5.68895e-02
0.19310	5.81406e-02
0.19372	5.94261e-02
0.19434	6.07331e-02
0.19498	6.20647e-02
0.19564	6.34174e-02
0.19630	6.47874e-02
0.19698	6.61710e-02
0.19768	6.75640e-02
0.19838	6.89622e-02
0.19910	7.03614e-02
0.19982	7.17572e-02
0.20055	7.31450e-02
0.20128	7.45206e-02
0.20202	7.58794e-02
0.20277	7.72171e-02
0.20351	7.85297e-02
0.20425	7.98132e-02
0.20499	8.10640e-02
0.20572	8.22789e-02
0.20644	8.34553e-02
0.20719	8.45354e-02
0.20793	8.55601e-02
0.20866	8.65304e-02
0.20938	8.74479e-02
0.21008	8.83148e-02
0.21075	8.91344e-02
0.21139	8.99108e-02
0.21200	9.06488e-02
0.21256	9.13535e-02
0.21307	9.20183e-02
0.21351	9.26534e-02
0.21390	9.32586e-02
0.21423	9.38288e-02
0.21451	9.43530e-02
0.21474	9.48169e-02
0.21494	9.52076e-02
0.21511	9.55178e-02
0.21525	9.57473e-02
0.21534	9.59010e-02
0.21539	9.59863e-02
0.21539	9.60107e-02
0.21533	9.59808e-02
0.21521	9.59022e-02
0.21503	9.57795e-02
0.21478	9.56166e-02
0.21443	9.54615e-02
0.21400	9.52710e-02
0.21350	9.50505e-02
0.21293	9.48020e-02
0.21228	9.45276e-02
0.21156	9.42296e-02
0.21077	9.39066e-02
0.20990	9.35635e-02
0.20896	9.32024e-02
0.20796	9.28251e-02
0.20689	9.24334e-02
0.20576	9.20290e-02
0.20456	9.16132e-02
0.20331	9.11873e-02
0.20201	9.07523e-02
0.20066	9.03090e-02
0.19926	8.98578e-02
0.19782	8.93991e-02
0.19635	8.89326e-02
0.19484	8.84581e-02
0.19332	8.79748e-02
0.19177	8.74819e-02
0.19021	8.69782e-02
0.18865	8.64623e-02
0.18709	8.59327e-02
0.18553	8.53880e-02
0.18400	8.48267e-02
0.18249	8.42478e-02
0.18101	8.36501e-02
0.17957	8.30332e-02
0.17818	8.23969e-02
0.17683	8.17394e-02
0.17555	8.10640e-02
0.17434	8.03726e-02
0.17321	7.96678e-02
0.17216	7.89538e-02
0.17120	7.82372e-02
0.17034	7.75274e-02
0.16957	7.68374e-02
0.16890	7.61833e-02
0.16831	7.55828e-02
0.16780	7.50522e-02
0.16736	7.46051e-02
0.16699	7.42505e-02
0.16669	7.39933e-02
0.16644	7.38348e-02
0.16625	7.37821e-02
0.16612	7.38258e-02
0.16608	7.39565e-02
0.16611	7.41779e-02
0.16622	7.44856e-02
0.16639	7.48742e-02
0.16664	7.53376e-02
0.16695	7.58690e-02
0.16720	7.63058e-02
0.16752	7.67918e-02
0.16789	7.73229e-02
0.16832	7.78966e-02
0.16881	7.85051e-02
0.16935	7.91429e-02
0.16996	7.98044e-02
0.17061	8.04840e-02
0.17132	8.11767e-02
0.17209	8.18775e-02
0.17289	8.25820e-02
0.17375	8.32861e-02
0.17465	8.39862e-02
0.17558	8.46788e-02
0.17656	8.53608e-02
0.17756	8.60293e-02
0.17860	8.66816e-02
0.17967	8.73149e-02
0.18076	8.79265e-02
0.18187	8.85138e-02
0.18301	8.90742e-02
0.18417	8.96154e-02
0.18536	9.01334e-02
0.18657	9.06257e-02
0.18781	9.10888e-02
0.18907	9.15195e-02
0.19035	9.19141e-02
0.19164	9.22691e-02
0.19295	9.25824e-02
0.19428	9.28503e-02
0.19561	9.30688e-02
0.19695	9.32366e-02
0.19831	9.33518e-02
0.19967	9.34126e-02
0.20103	9.34178e-02
0.20240	9.33664e-02
0.20378	9.32580e-02
0.20515	9.30928e-02
0.20652	9.28713e-02
0.20789	9.25945e-02
0.20926	9.22639e-02
0.21062	9.18814e-02
0.21197	9.14495e-02
0.21331	9.09710e-02
0.21464	9.04489e-02
0.21595	8.98867e-02
0.21725	8.92917e-02
0.21853	8.86615e-02
0.21978	8.80001e-02
0.22100	8.73120e-02
0.22220	8.66015e-02
0.22336	8.58733e-02
0.22448	8.51220e-02
0.22556	8.43591e-02
0.22661	8.35892e-02
0.22761	8.28166e-02
0.22858	8.20457e-02
0.22950	8.12806e-02
0.23038	8.05252e-02
0.23122	7.97833e-02
0.23201	7.90586e-02
0.23276	7.83542e-02
0.23346	7.76734e-02
0.23411	7.70189e-02
0.23472	7.63933e-02
0.23527	7.57988e-02
0.23578	7.52373e-02
0.23623	7.47105e-02
0.23664	7.42197e-02
0.23700	7.37659e-02
0.23730	7.33498e-02
0.23755	7.29717e-02
0.23776	7.26317e-02
0.23791	7.23296e-02
0.23800	7.20650e-02
0.23805	7.18371e-02
0.23805	7.16451e-02
0.23804	7.15077e-02
0.23798	7.14076e-02
0.23787	7.13428e-02
0.23770	7.13111e-02
0.23749	7.13101e-02
0.23723	7.13377e-02
0.23692	7.13916e-02
0.23655	7.14695e-02
0.23614	7.15696e-02
0.23567	7.16898e-02
0.23516	7.18282e-02
0.23460	7.19834e-02
0.23399	7.21538e-02
0.23334	7.23381e-02
0.23264	7.25352e-02
0.23188	7.27703e-02
0.23108	7.30224e-02
0.23020	7.32816e-02
0.22928	7.35550e-02
0.22832	7.38421e-02
0.22731	7.41424e-02
0.22627	7.44559e-02
0.22519	7.47823e-02
0.22401	7.50557e-02
0.22279	7.53323e-02
0.22154	7.56134e-02
0.22024	7.59027e-02
0.21891	7.61981e-02
0.21756	7.64994e-02
0.21618	7.68058e-02
0.21478	7.71158e-02
0.21336	7.74269e-02
0.21192	7.77351e-02
0.21049	7.80350e-02
0.20904	7.83186e-02
0.20761	7.85755e-02
0.20619	7.87921e-02
0.20479	7.89522e-02
0.20343	7.90382e-02
0.20212	7.90342e-02
0.20086	7.89309e-02
0.19965	7.87286e-02
0.19851	7.84381e-02
0.19741	7.80779e-02
0.19635	7.76770e-02
0.19534	7.72501e-02
0.19435	7.68150e-02
0.19340	7.63860e-02
0.19249	7.59742e-02
0.19160	7.55877e-02
0.19073	7.52325e-02
0.18990	7.49030e-02
0.18909	7.46084e-02
0.18830	7.43501e-02
0.18755	7.41285e-02
0.18682	7.39433e-02
0.18613	7.37936e-02
0.18547	7.36781e-02
0.18485	7.35948e-02
0.18426	7.35417e-02
0.18371	7.35164e-02
0.18320	7.35162e-02
0.18272	7.35383e-02
0.18228	7.35794e-02
0.18188	7.36361e-02
0.18152	7.37048e-02
0.18120	7.37814e-02
0.18091	7.38617e-02
0.18067	7.39411e-02
0.18038	7.40366e-02
0.18014	7.41258e-02
0.17992	7.42035e-02
0.17974	7.42648e-02
0.17959	7.43048e-02
0.17948	7.43188e-02
0.17940	7.43015e-02
0.17935	7.42504e-02
0.17933	7.41632e-02
0.17934	7.40383e-02
0.17937	7.38752e-02
0.17944	7.36747e-02
0.17952	7.34384e-02
0.17962	7.31689e-02
0.17974	7.28694e-02
0.17987	7.25439e-02
0.18001	7.21963e-02
0.18015	7.18310e-02
0.18029	7.14522e-02
0.18043	7.10641e-02
0.18056	7.06706e-02
0.18068	7.02754e-02
0.18079	6.98820e-02
0.18088	6.94934e-02
0.18095	6.91125e-02
0.18101	6.87417e-02
0.18104	6.83834e-02
0.18105	6.80397e-02
0.18104	6.77122e-02
0.18100	6.74025e-02
0.18093	6.71121e-02
0.18083	6.68456e-02
0.18071	6.66007e-02
0.18056	6.63779e-02
0.18038	6.61776e-02
0.18017	6.60001e-02
0.17993	6.58452e-02
0.17966	6.57125e-02
0.17937	6.56015e-02
0.17905	6.55111e-02
0.17871	6.54399e-02
0.17834	6.53858e-02
0.17795	6.53465e-02
0.17753	6.53188e-02
0.17710	6.52989e-02
0.17666	6.52820e-02
0.17622	6.52303e-02
0.17577	6.51622e-02
0.17531	6.50696e-02
0.17486	6.49442e-02
0.17442	6.47775e-02
0.17399	6.45615e-02
0.17356	6.42900e-02
0.17316	6.39593e-02
0.17276	6.35646e-02
0.17237	6.31134e-02
0.17199	6.26130e-02
0.17162	6.20730e-02
0.17127	6.15048e-02
0.17091	6.09206e-02
0.17056	6.03327e-02
0.17021	5.97529e-02
0.16985	5.91924e-02
0.16949	5.86614e-02
0.16911	5.81689e-02
0.16873	5.77232e-02
0.16833	5.73314e-02
0.16792	5.69996e-02
0.16749	5.67328e-02
0.16705	5.65350e-02
0.16660	5.64088e-02
0.16613	5.63558e-02
0.16565	5.63759e-02
0.16515	5.64679e-02
0.16464	5.66288e-02
0.16409	5.68638e-02
0.16353	5.71600e-02
0.16297	5.75093e-02
0.16240	5.79017e-02
0.16183	5.83255e-02
0.16127	5.87672e-02
0.16072	5.92128e-02
0.16018	5.96423e-02
0.15967	6.00463e-02
0.15915	6.04131e-02
0.15866	6.07353e-02
0.15820	6.10110e-02
0.15777	6.12441e-02
0.15737	6.14435e-02
0.15698	6.16226e-02
0.15662	6.17970e-02
0.15626	6.19831e-02
0.15591	6.21965e-02
0.15556	6.24511e-02
0.15520	6.27584e-02
0.15483	6.31271e-02
0.15445	6.35627e-02
0.15406	6.40679e-02
0.15365	6.46418e-02
0.15324	6.52801e-02
0.15278	6.59646e-02
0.15232	6.66825e-02
0.15185	6.74225e-02
0.15140	6.81597e-02
0.15097	6.88622e-02
0.15060	6.94931e-02
0.15028	7.00169e-02
0.15005	7.04116e-02
0.14989	7.06790e-02
0.14979	7.08430e-02
0.14975	7.09384e-02
0.14975	7.09991e-02
0.14975	7.10338e-02
0.14975	7.10766e-02
0.14977	7.11401e-02
0.14978	7.12314e-02
0.14980	7.13540e-02
0.14982	7.15083e-02
0.14985	7.16934e-02
0.14987	7.19066e-02
0.14990	7.21444e-02
0.14994	7.24028e-02
0.14999	7.26771e-02
0.15003	7.29583e-02
0.15009	7.32445e-02
0.15017	7.35310e-02
0.15026	7.38135e-02
0.15036	7.40883e-02
0.15048	7.43528e-02
0.15062	7.46055e-02
0.15077	7.48462e-02
0.15094	7.50759e-02
0.15112	7.52958e-02
0.15130	7.55079e-02
0.15150	7.57144e-02
0.15171	7.59166e-02
0.15192	7.61147e-02
0.15214	7.63073e-02
0.15237	7.64908e-02
0.15260	7.66591e-02
0.15285	7.68045e-02
0.15311	7.69183e-02
0.15338	7.69937e-02
0.15368	7.70277e-02
0.15399	7.70233e-02
0.15430	7.69882e-02
0.15462	7.69329e-02
0.15494	7.68677e-02
0.15524	7.68018e-02
0.15553	7.67418e-02
0.15580	7.66926e-02
0.15605	7.66571e-02
0.15627	7.66368e-02
0.15648	7.66319e-02
0.15665	7.66495e-02
0.15679	7.66807e-02
0.15691	7.67240e-02
0.15702	7.67781e-02
0.15709	7.68400e-02
0.15714	7.69074e-02
0.15717	7.69776e-02
0.15717	7.70482e-02
0.15715	7.71167e-02
0.15710	7.71809e-02
0.15704	7.72387e-02
0.15695	7.72883e-02
0.15684	7.73283e-02
0.15671	7.73577e-02
0.15656	7.73757e-02
0.15638	7.73819e-02
0.15619	7.73765e-02
0.15597	7.73597e-02
0.15573	7.73323e-02
0.15548	7.72950e-02
0.15520	7.72492e-02
0.15490	7.71964e-02
0.15459	7.71378e-02
0.15425	7.70748e-02
0.15389	7.70091e-02
0.15351	7.69424e-02
0.15310	7.68763e-02
0.15268	7.68126e-02
0.15224	7.67534e-02
0.15178	7.67004e-02
0.15130	7.66557e-02
0.15080	7.66214e-02
0.15029	7.65998e-02
0.14977	7.65932e-02
0.14923	7.66042e-02
0.14869	7.66357e-02
0.14815	7.66906e-02
0.14761	7.67724e-02
0.14707	7.68847e-02
0.14653	7.70313e-02
0.14601	7.72162e-02
0.14549	7.74423e-02
0.14498	7.77118e-02
0.14446	7.80247e-02
0.14395	7.83785e-02
0.14343	7.87682e-02
0.14289	7.91811e-02
0.14235	7.96005e-02
0.14182	7.99811e-02
0.14138	8.01933e-02
0.14117	8.00146e-02
0.14116	7.94932e-02
0.14122	7.88421e-02
0.14130	7.81554e-02
0.14140	7.74607e-02
0.14150	7.67588e-02
0.14163	7.60279e-02
0.14181	7.52250e-02
0.14205	7.43278e-02
0.14233	7.33695e-02
0.14263	7.23925e-02
0.14294	7.14218e-02
0.14325	7.04711e-02
0.14356	6.95487e-02
0.14386	6.86608e-02
0.14416	6.78121e-02
0.14446	6.70070e-02
0.14475	6.62496e-02
0.14504	6.55434e-02
0.14533	6.48846e-02
0.14562	6.42833e-02
0.14590	6.37432e-02
0.14617	6.32675e-02
0.14643	6.28594e-02
0.14668	6.25217e-02
0.14693	6.22566e-02
0.14716	6.20663e-02
0.14738	6.19518e-02
0.14758	6.19146e-02
0.14777	6.19551e-02
0.14795	6.20729e-02
0.14811	6.22673e-02
0.14825	6.25368e-02
0.14837	6.28793e-02
0.14847	6.32946e-02
0.14855	6.37781e-02
0.14861	6.43260e-02
0.14864	6.49340e-02
0.14865	6.55978e-02
0.14864	6.63122e-02
0.14861	6.70721e-02
0.14855	6.78719e-02
0.14847	6.87059e-02
0.14837	6.95682e-02
0.14824	7.04527e-02
0.14808	7.13533e-02
0.14791	7.22640e-02
0.14771	7.31784e-02
0.14749	7.40903e-02
0.14725	7.49936e-02
0.14699	7.58803e-02
0.14671	7.67452e-02
0.14641	7.75821e-02
0.14609	7.83673e-02
0.14575	7.91091e-02
0.14540	7.98020e-02
0.14504	8.04406e-02
0.14467	8.10195e-02
0.14429	8.15338e-02
0.14391	8.19788e-02
0.14352	8.23505e-02
0.14313	8.26452e-02
0.14274	8.28599e-02
0.14235	8.29924e-02
0.14197	8.30408e-02
0.14158	8.30039e-02
0.14119	8.28807e-02
0.14080	8.26706e-02
0.14041	8.23731e-02
0.14002	8.19878e-02
0.13963	8.15142e-02
0.13918	8.09499e-02
0.13872	8.02999e-02
0.13826	7.95650e-02
0.13779	7.87467e-02
0.13732	7.78472e-02
0.13684	7.68698e-02
0.13634	7.58184e-02
0.13583	7.46978e-02
0.13531	7.35133e-02
0.13476	7.22709e-02
0.13419	7.09766e-02
0.13359	6.96366e-02
0.13296	6.82568e-02
0.13230	6.68432e-02
0.13160	6.54015e-02
0.13087	6.39378e-02
0.13011	6.24580e-02
0.12931	6.09681e-02
0.12847	5.94745e-02
0.12759	5.79834e-02
0.12667	5.65016e-02
0.12572	5.50359e-02
0.12473	5.35936e-02
0.12370	5.21823e-02
0.12264	5.08099e-02
0.12155	4.94847e-02
0.12042	4.82150e-02
0.11925	4.70097e-02
0.11806	4.58776e-02
0.11685	4.48274e-02
0.11560	4.38677e-02
0.11434	4.30063e-02
0.11306	4.22505e-02
0.11176	4.16064e-02
0.11045	4.10784e-02
0.10913	4.06694e-02
0.10781	4.03801e-02
0.10650	4.02179e-02
0.10520	4.01723e-02
0.10392	4.02371e-02
0.10266	4.04036e-02
0.10144	4.06620e-02
0.10025	4.10009e-02
0.09911	4.14089e-02
0.09803	4.18749e-02
0.09701	4.23892e-02
0.09605	4.29436e-02
0.09518	4.35325e-02
0.09437	4.41608e-02
0.09365	4.48176e-02
0.09301	4.54990e-02
0.09245	4.62001e-02
0.09199	4.69134e-02
0.09163	4.76275e-02
0.09138	4.83230e-02
0.09126	4.89682e-02
0.09131	4.94803e-02
0.09153	4.98625e-02
0.09191	5.01280e-02
0.09243	5.03140e-02
0.09306	5.04534e-02
0.09380	5.05670e-02
0.09462	5.06669e-02
0.09552	5.07598e-02
0.09649	5.08486e-02
0.09752	5.09335e-02
0.09862	5.10129e-02
0.09977	5.10839e-02
0.10098	5.11437e-02
0.10223	5.11901e-02
0.10350	5.12291e-02
0.10481	5.12643e-02
0.10615	5.12915e-02
0.10750	5.13138e-02
0.10888	5.13352e-02
0.11025	5.13599e-02
0.11163	5.13921e-02
0.11301	5.14357e-02
0.11438	5.14939e-02
0.11567	5.15452e-02
0.11693	5.16157e-02
0.11816	5.17080e-02
0.11936	5.18253e-02
0.12052	5.19686e-02
0.12165	5.21391e-02
0.12273	5.23378e-02
0.12377	5.25651e-02
0.12477	5.28214e-02
0.12573	5.31067e-02
0.12664	5.34209e-02
0.12751	5.37636e-02
0.12833	5.41343e-02
0.12910	5.45324e-02
0.12982	5.49573e-02
0.13050	5.54080e-02
0.13113	5.58837e-02
0.13171	5.63832e-02
0.13224	5.69056e-02
0.13273	5.74494e-02
0.13317	5.80135e-02
0.13356	5.85962e-02
0.13390	5.91960e-02
0.13420	5.98111e-02
0.13446	6.04392e-02
0.13467	6.10781e-02
0.13485	6.17250e-02
0.13498	6.23766e-02
0.13508	6.30293e-02
0.13514	6.36787e-02
0.13517	6.43197e-02
0.13518	6.49464e-02
0.13516	6.55522e-02
0.13512	6.61298e-02
0.13507	6.66703e-02
0.13501	6.71627e-02
0.13495	6.75871e-02
0.13493	6.78893e-02
0.13503	6.79141e-02
0.13529	6.75468e-02
0.13564	6.69522e-02
0.13602	6.62550e-02
0.13639	6.54999e-02
0.13675	6.47078e-02
0.13710	6.38926e-02
0.13743	6.30652e-02
0.13773	6.22348e-02
0.13800	6.14098e-02
0.13824	6.05979e-02
0.13845	5.98060e-02
0.13863	5.90403e-02
0.13876	5.83067e-02
0.13886	5.76103e-02
0.13892	5.69557e-02
0.13894	5.63470e-02
0.13892	5.57876e-02
0.13886	5.52802e-02
0.13875	5.48268e-02
0.13860	5.44277e-02
0.13841	5.40846e-02
0.13817	5.37975e-02
0.13790	5.35654e-02
0.13758	5.33868e-02
0.13723	5.32593e-02
0.13683	5.31797e-02
0.13640	5.31442e-02
0.13593	5.31484e-02
0.13543	5.31871e-02
0.13490	5.32548e-02
0.13434	5.33462e-02
0.13375	5.34538e-02
0.13314	5.35706e-02
0.13251	5.36893e-02
0.13187	5.38025e-02
0.13121	5.39026e-02
0.13054	5.39818e-02
0.12987	5.40319e-02
0.12921	5.40435e-02
0.12855	5.40057e-02
0.12790	5.39044e-02
0.12728	5.37215e-02
0.12670	5.34339e-02
0.12616	5.30133e-02
0.12569	5.24290e-02
0.12530	5.16541e-02
0.12499	5.06723e-02
0.12475	4.94847e-02
0.12459	4.81086e-02
0.12448	4.65734e-02
0.12441	4.49138e-02
0.12437	4.31651e-02
0.12433	4.13610e-02
0.12430	3.95325e-02
0.12427	3.77118e-02
0.12422	3.59298e-02
0.12415	3.42190e-02
0.12407	3.26134e-02
0.12397	3.11494e-02
0.12384	2.98658e-02
0.12369	2.88021e-02
0.12352	2.79970e-02
0.12332	2.74847e-02
0.12309	2.72911e-02
0.12284	2.74263e-02
0.12256	2.78913e-02
0.12226	2.86735e-02
0.12193	2.97496e-02
0.12158	3.10899e-02
0.12122	3.26611e-02
0.12083	3.44301e-02
0.12043	3.63656e-02
0.12001	3.84390e-02
0.11957	4.06254e-02
0.11912	4.29027e-02
0.11866	4.52521e-02
0.11820	4.76573e-02
0.11772	5.01041e-02
0.11724	5.25799e-02
0.11676	5.50738e-02
0.11627	5.75759e-02
0.11579	6.00771e-02
0.11528	6.25737e-02
0.11477	6.50572e-02
0.11427	6.75205e-02
0.11378	6.99565e-02
0.11330	7.23587e-02
0.11284	7.47208e-02
0.11240	7.70372e-02
0.11198	7.93031e-02
0.11160	8.15146e-02
0.11124	8.36676e-02
0.11092	8.57596e-02
0.11064	8.77884e-02
0.11039	8.97497e-02
0.11020	9.16269e-02
0.11013	9.33304e-02
0.11046	9.45546e-02
0.11111	9.54064e-02
0.11184	9.61461e-02
0.11261	9.68286e-02
0.11340	9.74660e-02
0.11420	9.80620e-02
0.11502	9.86173e-02
0.11584	9.91322e-02
0.11667	9.96061e-02
0.11750	1.00039e-01
0.11832	1.00429e-01
0.11915	1.00777e-01
0.11996	1.01082e-01
0.12076	1.01345e-01
0.12156	1.01563e-01
0.12234	1.01730e-01
0.12319	1.01759e-01
0.12419	1.01541e-01
0.12518	1.01258e-01
0.12613	1.00942e-01
0.12705	1.00602e-01
0.12791	1.00243e-01
0.12873	9.98678e-02
0.12949	9.94814e-02
0.13020	9.90870e-02
0.13085	9.86875e-02
0.13144	9.82850e-02
0.13197	9.78804e-02
0.13245	9.74722e-02
0.13287	9.70554e-02
0.13325	9.66196e-02
0.13359	9.61491e-02
0.13391	9.56286e-02
0.13422	9.50536e-02
0.13450	9.44321e-02
0.13475	9.37765e-02
0.13497	9.30978e-02
0.13514	9.24038e-02
0.13527	9.17004e-02
0.13536	9.09913e-02
0.13540	9.02798e-02
0.13539	8.95681e-02
0.13535	8.88571e-02
0.13525	8.81469e-02
0.13512	8.74366e-02
0.13496	8.67231e-02
0.13476	8.60011e-02
0.13454	8.52621e-02
0.13430	8.44927e-02
0.13406	8.36743e-02
0.13384	8.27841e-02
0.13365	8.17991e-02
0.13350	8.07044e-02
0.13338	7.95006e-02
0.13329	7.82040e-02
0.13321	7.68366e-02
0.13312	7.54298e-02
0.13302	7.40022e-02
0.13289	7.25720e-02
0.13273	7.11539e-02
0.13253	6.97598e-02
0.13230	6.83996e-02
0.13202	6.70818e-02
0.13171	6.58137e-02
0.13135	6.46020e-02
0.13095	6.34523e-02
0.13051	6.23698e-02
0.13003	6.13600e-02
0.12951	6.04257e-02
0.12895	5.95699e-02
0.12836	5.87946e-02
0.12773	5.81011e-02
0.12707	5.74898e-02
0.12638	5.69600e-02
0.12567	5.65097e-02
0.12493	5.61360e-02
0.12417	5.58344e-02
0.12339	5.55993e-02
0.12261	5.54230e-02
0.12182	5.52963e-02
0.12103	5.52077e-02
0.12025	5.51428e-02
0.11950	5.50846e-02
0.11878	5.50123e-02
0.11810	5.49020e-02
0.11748	5.47207e-02
0.11692	5.44455e-02
0.11646	5.40522e-02
0.11610	5.35239e-02
0.11583	5.28529e-02
0.11567	5.20413e-02
0.11560	5.10996e-02
0.11562	5.00444e-02
0.11572	4.88967e-02
0.11588	4.76798e-02
0.11609	4.64183e-02
0.11635	4.51365e-02
0.11665	4.38579e-02
0.11698	4.26050e-02
0.11733	4.13991e-02
0.11770	4.02604e-02
0.11808	3.92085e-02
0.11848	3.82615e-02
0.11888	3.74369e-02
0.11929	3.67503e-02
0.11970	3.62153e-02
0.12012	3.58433e-02
0.12054	3.56423e-02
0.12096	3.56170e-02
0.12138	3.57683e-02
0.12180	3.60935e-02
0.12221	3.65864e-02
0.12262	3.72377e-02
0.12303	3.80357e-02
0.12343	3.89671e-02
0.12383	4.00176e-02
0.12422	4.11723e-02
0.12460	4.24164e-02
0.12498	4.37354e-02
0.12534	4.51157e-02
0.12570	4.65442e-02
0.12605	4.80091e-02
0.12640	4.94967e-02
0.12673	5.09993e-02
0.12705	5.25076e-02
0.12736	5.40137e-02
0.12766	5.55101e-02
0.12794	5.69905e-02
0.12821	5.84492e-02
0.12846	5.98811e-02
0.12870	6.12822e-02
0.12892	6.26489e-02
0.12912	6.39782e-02
0.12928	6.52688e-02
0.12942	6.65177e-02
0.12953	6.77235e-02
0.12961	6.88850e-02
0.12966	7.00014e-02
0.12967	7.10722e-02
0.12965	7.20971e-02
0.12960	7.30758e-02
0.12949	7.39849e-02
0.12935	7.48390e-02
0.12916	7.56416e-02
0.12892	7.63925e-02
0.12865	7.70915e-02
0.12833	7.77376e-02
0.12796	7.83299e-02
0.12755	7.88668e-02
0.12710	7.93463e-02
0.12661	7.97663e-02
0.12608	8.01241e-02
0.12551	8.04167e-02
0.12491	8.06412e-02
0.12429	8.07946e-02
0.12363	8.08807e-02
0.12294	8.08928e-02
0.12224	8.08298e-02
0.12151	8.06917e-02
0.12078	8.04792e-02
0.12003	8.01939e-02
0.11927	7.98368e-02
0.11850	7.94073e-02
0.11774	7.89021e-02
0.11697	7.83136e-02
0.11622	7.76301e-02
0.11550	7.68385e-02
0.11485	7.59213e-02
0.11423	7.48917e-02
0.11366	7.37599e-02
0.11313	7.25365e-02
0.11264	7.12265e-02
0.11220	6.98293e-02
0.11180	6.83413e-02
0.11146	6.67619e-02
0.11117	6.50978e-02
0.11093	6.33639e-02
0.11072	6.15794e-02
0.11055	5.97641e-02
0.11040	5.79361e-02
0.11027	5.61114e-02
0.11016	5.43044e-02
0.11007	5.25280e-02
0.11000	5.07942e-02
0.10994	4.91147e-02
0.10990	4.75005e-02
0.10989	4.59625e-02
0.10989	4.45113e-02
0.10992	4.31569e-02
0.10997	4.19088e-02
0.11004	4.07753e-02
0.11014	3.97635e-02
0.11026	3.88786e-02
0.11042	3.81236e-02
0.11059	3.74717e-02
0.11078	3.69438e-02
0.11101	3.65347e-02
0.11127	3.62361e-02
0.11157	3.60368e-02
0.11190	3.59224e-02
0.11226	3.58770e-02
0.11267	3.58830e-02
0.11312	3.59230e-02
0.11361	3.59807e-02
0.11414	3.60420e-02
0.11471	3.60966e-02
0.11532	3.61382e-02
0.11596	3.61655e-02
0.11662	3.61811e-02
0.11731	3.61915e-02
0.11801	3.62058e-02
0.11871	3.62345e-02
0.11941	3.62884e-02
0.12010	3.63783e-02
0.12078	3.65136e-02
0.12143	3.67025e-02
0.12205	3.69514e-02
0.12263	3.72653e-02
0.12318	3.76473e-02
0.12369	3.80991e-02
0.12415	3.86209e-02
0.12457	3.92120e-02
0.12494	3.98705e-02
0.12526	4.05940e-02
0.12553	4.13792e-02
0.12575	4.22227e-02
0.12592	4.31207e-02
0.12604	4.40692e-02
0.12611	4.50643e-02
0.12613	4.61019e-02
0.12610	4.71778e-02
0.12602	4.82882e-02
0.12589	4.94290e-02
0.12572	5.05970e-02
0.12550	5.17873e-02
0.12524	5.29959e-02
0.12495	5.42185e-02
0.12461	5.54507e-02
0.12425	5.66882e-02
0.12386	5.79262e-02
0.12344	5.91598e-02
0.12300	6.03842e-02
0.12253	6.15294e-02
0.12204	6.26464e-02
0.12155	6.37305e-02
0.12106	6.47762e-02
0.12058	6.57776e-02
0.12011	6.67287e-02
0.11966	6.76233e-02
0.11925	6.84554e-02
0.11886	6.92197e-02
0.11852	6.99114e-02
0.11823	7.05269e-02
0.11799	7.10638e-02
0.11780	7.15214e-02
0.11766	7.19006e-02
0.11758	7.22039e-02
0.11755	7.24348e-02
0.11757	7.25982e-02
0.11764	7.26996e-02
0.11776	7.27450e-02
0.11791	7.27406e-02
0.11810	7.26927e-02
0.11831	7.26073e-02
0.11858	7.24500e-02
0.11888	7.22579e-02
0.11920	7.20380e-02
0.11953	7.17969e-02
0.11986	7.15402e-02
0.12021	7.12734e-02
0.12054	7.10013e-02
0.12088	7.07281e-02
0.12120	7.04577e-02
0.12150	7.01931e-02
0.12179	6.99370e-02
0.12205	6.96914e-02
0.12229	6.94575e-02
0.12251	6.92361e-02
0.12269	6.90272e-02
0.12285	6.88303e-02
0.12297	6.86441e-02
0.12307	6.84672e-02
0.12313	6.82973e-02
0.12316	6.81322e-02
0.12316	6.79696e-02
0.12314	6.78058e-02
0.12308	6.76399e-02
0.12300	6.74703e-02
0.12289	6.72959e-02
0.12275	6.71161e-02
0.12259	6.69310e-02
0.12240	6.67411e-02
0.12219	6.65473e-02
0.12196	6.63507e-02
0.12170	6.61504e-02
0.12141	6.59489e-02
0.12111	6.57468e-02
0.12079	6.55439e-02
0.12046	6.53392e-02
0.12011	6.51308e-02
0.11976	6.49157e-02
0.11941	6.46900e-02
0.11907	6.44492e-02
0.11874	6.41883e-02
0.11842	6.39033e-02
0.11813	6.35915e-02
0.11787	6.32524e-02
0.11763	6.28889e-02
0.11743	6.25069e-02
0.11725	6.21150e-02
0.11710	6.17239e-02
0.11698	6.13455e-02
0.11687	6.09919e-02
0.11679	6.06747e-02
0.11672	6.04048e-02
0.11666	6.01915e-02
0.11662	6.00423e-02
0.11659	5.99631e-02
0.11657	5.99577e-02
0.11656	6.00282e-02
0.11656	6.01743e-02
0.11658	6.03941e-02
0.11662	6.06878e-02
0.11667	6.10478e-02
0.11675	6.14679e-02
0.11684	6.19413e-02
0.11696	6.24608e-02
0.11710	6.30188e-02
0.11727	6.36079e-02
0.11747	6.42201e-02
0.11770	6.48477e-02
0.11795	6.54820e-02
0.11823	6.61140e-02
0.11855	6.67337e-02
0.11890	6.73304e-02
0.11929	6.78923e-02
0.11972	6.84073e-02
0.12019	6.88629e-02
0.12070	6.92474e-02
0.12126	6.95503e-02
0.12186	6.97633e-02
0.12251	6.98813e-02
0.12319	6.99022e-02
0.12391	6.98262e-02
0.12466	6.96568e-02
0.12543	6.93994e-02
0.12620	6.90606e-02
0.12697	6.86479e-02
0.12774	6.81687e-02
0.12849	6.76301e-02
0.12922	6.70393e-02
0.12992	6.64024e-02
0.13059	6.57257e-02
0.13121	6.50147e-02
0.13180	6.42749e-02
0.13232	6.35145e-02
0.13279	6.27330e-02
0.13320	6.19383e-02
0.13356	6.11358e-02
0.13385	6.03313e-02
0.13408	5.95311e-02
0.13424	5.87417e-02
0.13434	5.79702e-02
0.13437	5.72241e-02
0.13433	5.65138e-02
0.13422	5.58454e-02
0.13405	5.52272e-02
0.13380	5.46664e-02
0.13348	5.41715e-02
0.13310	5.37500e-02
0.13265	5.34085e-02
0.13214	5.31530e-02
0.13157	5.29879e-02
0.13093	5.29161e-02
0.13024	5.29387e-02
0.12950	5.30545e-02
0.12871	5.32593e-02
0.12788	5.35455e-02
0.12702	5.39008e-02
0.12614	5.43065e-02
0.12526	5.47351e-02
0.12439	5.51459e-02
0.12358	5.54811e-02
0.12285	5.56636e-02
0.12226	5.56067e-02
0.12182	5.52717e-02
0.12157	5.46161e-02
0.12147	5.36918e-02
0.12149	5.25871e-02
0.12158	5.13904e-02
0.12172	5.01736e-02
0.12188	4.89917e-02
0.12206	4.78864e-02
0.12223	4.68896e-02
0.12242	4.60579e-02
0.12260	4.53858e-02
0.12277	4.48874e-02
0.12292	4.45717e-02
0.12307	4.44426e-02
0.12319	4.44994e-02
0.12330	4.47367e-02
0.12340	4.51451e-02
0.12347	4.57118e-02
0.12353	4.64213e-02
0.12357	4.72563e-02
0.12360	4.81983e-02
0.12361	4.92281e-02
0.12360	5.03268e-02
0.12359	5.14757e-02
0.12355	5.26567e-02
0.12351	5.38527e-02
0.12345	5.50474e-02
0.12339	5.62257e-02
0.12332	5.73733e-02
0.12324	5.84770e-02
0.12317	5.95245e-02
0.12309	6.05041e-02
0.12301	6.14052e-02
0.12294	6.22175e-02
0.12287	6.29313e-02
0.12281	6.35373e-02
0.12277	6.40266e-02
0.12274	6.43904e-02
0.12273	6.46218e-02
0.12273	6.47150e-02
0.12276	6.46661e-02
0.12280	6.44744e-02
0.12286	6.41424e-02
0.12292	6.36757e-02
0.12299	6.30830e-02
0.12306	6.23746e-02
0.12312	6.15627e-02
0.12317	6.06595e-02
0.12318	5.96722e-02
0.12317	5.86176e-02
0.12312	5.75078e-02
0.12303	5.63550e-02
0.12290	5.51709e-02
0.12274	5.39671e-02
0.12253	5.27549e-02
0.12227	5.15453e-02
0.12197	5.03483e-02
0.12163	4.91722e-02
0.12126	4.80228e-02
0.12085	4.69014e-02
0.12041	4.58024e-02
0.11997	4.47097e-02
0.11953	4.35951e-02
0.11911	4.24213e-02
0.11873	4.11561e-02
0.11840	3.97943e-02
0.11809	3.83682e-02
0.11781	3.69369e-02
0.11753	3.55680e-02
0.11725	3.43256e-02
0.11694	3.32772e-02
0.11661	3.24632e-02
0.11626	3.19200e-02
0.11589	3.16714e-02
0.11549	3.17272e-02
0.11507	3.20825e-02
0.11464	3.27184e-02
0.11420	3.36041e-02
0.11375	3.47005e-02
0.11331	3.59628e-02
0.11289	3.73434e-02
0.11248	3.87944e-02
0.11214	4.02496e-02
0.11186	4.16836e-02
0.11164	4.30620e-02
0.11150	4.43613e-02
0.11143	4.55715e-02
0.11145	4.66960e-02
0.11153	4.77483e-02
0.11168	4.87474e-02
0.11187	4.97122e-02
0.11209	5.06579e-02
0.11234	5.15938e-02
0.11261	5.25222e-02
0.11289	5.34375e-02
0.11319	5.43253e-02
0.11351	5.51590e-02
0.11388	5.58964e-02
0.11430	5.64783e-02
0.11482	5.68405e-02
0.11544	5.69489e-02
0.11615	5.68251e-02
0.11691	5.65273e-02
0.11769	5.61145e-02
0.11845	5.56316e-02
0.11919	5.51089e-02
0.11988	5.45672e-02
0.12052	5.40215e-02
0.12110	5.34830e-02
0.12160	5.29614e-02
0.12204	5.24642e-02
0.12240	5.19980e-02
0.12268	5.15689e-02
0.12288	5.11823e-02
0.12299	5.08432e-02
0.12303	5.05559e-02
0.12298	5.03245e-02
0.12284	5.01520e-02
0.12263	5.00411e-02
0.12233	4.99933e-02
0.12194	5.00094e-02
0.12148	5.00888e-02
0.12094	5.02295e-02
0.12033	5.04276e-02
0.11965	5.06768e-02
0.11890	5.09682e-02
0.11810	5.12885e-02
0.11727	5.16200e-02
0.11640	5.19392e-02
0.11552	5.22175e-02
0.11465	5.24245e-02
0.11380	5.25356e-02
0.11299	5.25415e-02
0.11222	5.24531e-02
0.11148	5.22971e-02
0.11075	5.21068e-02
0.11004	5.19135e-02
0.10933	5.17340e-02
0.10863	5.15936e-02
0.10792	5.15044e-02
0.10722	5.14729e-02
0.10652	5.15016e-02
0.10583	5.15890e-02
0.10515	5.17305e-02
0.10449	5.19190e-02
0.10386	5.21457e-02
0.10327	5.24012e-02
0.10271	5.26764e-02
0.10220	5.29654e-02
0.10174	5.32626e-02
0.10133	5.35661e-02
0.10097	5.38761e-02
0.10066	5.41940e-02
0.10040	5.45208e-02
0.10018	5.48556e-02
0.10002	5.51945e-02
0.09990	5.55159e-02
0.09982	5.58190e-02
0.09979	5.60862e-02
0.09984	5.62974e-02
0.09997	5.64331e-02
0.10017	5.64806e-02
0.10046	5.64384e-02
0.10081	5.63178e-02
0.10121	5.61377e-02
0.10165	5.59190e-02
0.10211	5.56802e-02
0.10259	5.54355e-02
0.10306	5.51950e-02
0.10352	5.49652e-02
0.10395	5.47268e-02
0.10436	5.44997e-02
0.10474	5.42853e-02
0.10509	5.40844e-02
0.10542	5.38973e-02
0.10571	5.37240e-02
0.10597	5.35646e-02
0.10619	5.34192e-02
0.10638	5.32880e-02
0.10651	5.31576e-02
0.10661	5.30378e-02
0.10667	5.29289e-02
0.10668	5.28306e-02
0.10666	5.27422e-02
0.10659	5.26635e-02
0.10649	5.25938e-02
0.10633	5.25324e-02
0.10614	5.24784e-02
0.10591	5.24305e-02
0.10564	5.23873e-02
0.10533	5.23471e-02
0.10499	5.23083e-02
0.10462	5.22689e-02
0.10422	5.22269e-02
0.10380	5.21807e-02
0.10335	5.21285e-02
0.10288	5.20687e-02
0.10239	5.20001e-02
0.10189	5.19218e-02
0.10138	5.18331e-02
0.10085	5.17373e-02
0.10031	5.16311e-02
0.09977	5.15143e-02
0.09922	5.13866e-02
0.09868	5.12476e-02
0.09814	5.10970e-02
0.09761	5.09345e-02
0.09708	5.07606e-02
0.09657	5.05767e-02
0.09607	5.03854e-02
0.09559	5.01904e-02
0.09511	4.99970e-02
0.09465	4.98106e-02
0.09419	4.96370e-02
0.09374	4.94816e-02
0.09330	4.93487e-02
0.09286	4.92415e-02
0.09242	4.91616e-02
0.09199	4.91095e-02
0.09156	4.90841e-02
0.09114	4.90828e-02
0.09073	4.91023e-02
0.09033	4.91379e-02
0.08993	4.91844e-02
0.08955	4.92361e-02
0.08919	4.92872e-02
0.08884	4.93324e-02
0.08851	4.93674e-02
0.08820	4.93889e-02
0.08790	4.93953e-02
0.08763	4.93866e-02
0.08736	4.93639e-02
0.08711	4.93297e-02
0.08687	4.92866e-02
0.08663	4.92366e-02
0.08640	4.91802e-02
0.08617	4.91138e-02
0.08595	4.90213e-02
0.08576	4.88736e-02
0.08564	4.86041e-02
0.08562	4.81407e-02
0.08570	4.75039e-02
0.08581	4.67837e-02
0.08593	4.60482e-02
0.08602	4.53342e-02
0.08609	4.46626e-02
0.08612	4.40469e-02
0.08612	4.34972e-02
0.08607	4.30265e-02
0.08599	4.26372e-02
0.08587	4.23339e-02
0.08571	4.21198e-02
0.08552	4.19969e-02
0.08530	4.19655e-02
0.08504	4.20245e-02
0.08476	4.21720e-02
0.08444	4.24022e-02
0.08411	4.27113e-02
0.08376	4.30975e-02
0.08339	4.35576e-02
0.08301	4.40890e-02
0.08262	4.46895e-02
0.08222	4.53569e-02
0.08181	4.60886e-02
0.08140	4.68816e-02
0.08098	4.77321e-02
0.08056	4.86356e-02
0.08015	4.95867e-02
0.07974	5.05797e-02
0.07934	5.16082e-02
0.07895	5.26684e-02
0.07857	5.37495e-02
0.07823	5.48397e-02
0.07792	5.59212e-02
0.07767	5.69643e-02
0.07752	5.79226e-02
0.07751	5.87476e-02
0.07764	5.94315e-02
0.07789	6.00141e-02
0.07821	6.05395e-02
0.07860	6.10323e-02
0.07904	6.14994e-02
0.07953	6.19293e-02
0.08009	6.23146e-02
0.08071	6.26402e-02
0.08140	6.28913e-02
0.08217	6.30582e-02
0.08302	6.31382e-02
0.08393	6.31346e-02
0.08489	6.30544e-02
0.08590	6.29057e-02
0.08694	6.26964e-02
0.08800	6.24343e-02
0.08907	6.21268e-02
0.09015	6.17810e-02
0.09121	6.14038e-02
0.09227	6.10020e-02
0.09330	6.05824e-02
0.09431	6.01517e-02
0.09529	5.97167e-02
0.09622	5.92848e-02
0.09712	5.88627e-02
0.09797	5.84574e-02
0.09877	5.80763e-02
0.09952	5.77265e-02
0.10021	5.74151e-02
0.10084	5.71494e-02
0.10141	5.69361e-02
0.10192	5.67821e-02
0.10239	5.66811e-02
0.10279	5.66500e-02
0.10312	5.66945e-02
0.10340	5.68195e-02
0.10361	5.70295e-02
0.10376	5.73278e-02
0.10384	5.77169e-02
0.10387	5.81985e-02
0.10383	5.87732e-02
0.10374	5.94405e-02
0.10360	6.01991e-02
0.10340	6.10465e-02
0.10316	6.19794e-02
0.10287	6.29935e-02
0.10255	6.40830e-02
0.10219	6.52395e-02
0.10181	6.64420e-02
0.10154	6.75085e-02
0.10185	6.77483e-02
0.10231	6.78052e-02
0.10278	6.79048e-02
0.10326	6.80645e-02
0.10373	6.82869e-02
0.10422	6.85715e-02
0.10470	6.89170e-02
0.10520	6.93213e-02
0.10571	6.97822e-02
0.10623	7.02969e-02
0.10666	7.08213e-02
0.10710	7.13883e-02
0.10755	7.19960e-02
0.10801	7.26417e-02
0.10848	7.33220e-02
0.10896	7.40331e-02
0.10946	7.47712e-02
0.10997	7.55320e-02
0.11050	7.63115e-02
0.11103	7.71058e-02
0.11158	7.79108e-02
0.11213	7.87395e-02
0.11269	7.95683e-02
0.11325	8.03912e-02
0.11383	8.12020e-02
0.11443	8.19945e-02
0.11503	8.27622e-02
0.11564	8.34992e-02
0.11626	8.42000e-02
0.11689	8.48608e-02
0.11752	8.54639e-02
0.11814	8.60207e-02
0.11876	8.65297e-02
0.11937	8.69900e-02
0.11997	8.74012e-02
0.12055	8.77627e-02
0.12110	8.80743e-02
0.12163	8.83360e-02
0.12212	8.85477e-02
0.12258	8.87097e-02
0.12299	8.88178e-02
0.12336	8.88760e-02
0.12368	8.88844e-02
0.12395	8.88433e-02
0.12416	8.87528e-02
0.12431	8.86132e-02
0.12440	8.84247e-02
0.12442	8.81877e-02
0.12438	8.79026e-02
0.12427	8.75699e-02
0.12408	8.71901e-02
0.12383	8.67639e-02
0.12349	8.62877e-02
0.12309	8.57658e-02
0.12260	8.51988e-02
0.12209	8.45623e-02
0.12151	8.38824e-02
0.12085	8.31611e-02
0.12013	8.24001e-02
0.11934	8.16012e-02
0.11849	8.07658e-02
0.11757	7.98949e-02
0.11659	7.89894e-02
0.11555	7.80498e-02
0.11446	7.70758e-02
0.11332	7.60664e-02
0.11213	7.50200e-02
0.11091	7.39338e-02
0.10967	7.28045e-02
0.10840	7.16289e-02
0.10712	7.04045e-02
0.10584	6.91307e-02
0.10456	6.78086e-02
0.10327	6.64249e-02
0.10199	6.49979e-02
0.10072	6.35328e-02
0.09947	6.20380e-02
0.09824	6.05266e-02
0.09703	5.90171e-02
0.09582	5.75309e-02
0.09463	5.60901e-02
0.09345	5.47149e-02
0.09230	5.34009e-02
0.09117	5.21832e-02
0.09006	5.10702e-02
0.08898	5.00634e-02
0.08795	4.91546e-02
0.08700	4.83203e-02
0.08615	4.75110e-02
0.08547	4.66377e-02
0.08502	4.55798e-02
0.08484	4.42626e-02
0.08491	4.27318e-02
0.08515	4.10972e-02
0.08551	3.94552e-02
0.08597	3.78771e-02
0.08650	3.64192e-02
0.08707	3.51310e-02
0.08768	3.40582e-02
0.08832	3.32423e-02
0.08897	3.27181e-02
0.08962	3.25108e-02
0.09027	3.26333e-02
0.09091	3.30848e-02
0.09153	3.38515e-02
0.09213	3.49090e-02
0.09271	3.62256e-02
0.09326	3.77658e-02
0.09378	3.94920e-02
0.09426	4.13646e-02
0.09472	4.33399e-02
0.09533	4.50186e-02
0.09621	4.61743e-02
0.09709	4.73396e-02
0.09795	4.85548e-02
0.09879	4.98111e-02
0.09960	5.10957e-02
0.10039	5.23959e-02
0.10115	5.36991e-02
0.10188	5.49937e-02
0.10258	5.62682e-02
0.10326	5.75107e-02
0.10392	5.87100e-02
0.10455	5.98543e-02
0.10517	6.09306e-02
0.10577	6.19257e-02
0.10638	6.28265e-02
0.10698	6.36211e-02
0.10758	6.43019e-02
0.10819	6.48664e-02
0.10881	6.53006e-02
0.10942	6.56356e-02
0.11002	6.58828e-02
0.11059	6.60525e-02
0.11113	6.61531e-02
0.11163	6.61912e-02
0.11210	6.61723e-02
0.11252	6.61005e-02
0.11291	6.59793e-02
0.11325	6.58116e-02
0.11356	6.56021e-02
0.11382	6.53510e-02
0.11404	6.50605e-02
0.11422	6.47410e-02
0.11434	6.43880e-02
0.11443	6.40038e-02
0.11447	6.35911e-02
0.11448	6.31532e-02
0.11444	6.26940e-02
0.11436	6.22182e-02
0.11423	6.17315e-02
0.11407	6.12404e-02
0.11386	6.07524e-02
0.11360	6.02752e-02
0.11330	5.98170e-02
0.11296	5.93629e-02
0.11258	5.89399e-02
0.11214	5.85557e-02
0.11166	5.82175e-02
0.11113	5.79315e-02
0.11055	5.77030e-02
0.10992	5.75362e-02
0.10924	5.74339e-02
0.10851	5.73980e-02
0.10774	5.74288e-02
0.10692	5.75255e-02
0.10606	5.76856e-02
0.10516	5.79054e-02
0.10423	5.81796e-02
0.10326	5.85010e-02
0.10227	5.88603e-02
0.10127	5.92459e-02
0.10026	5.96434e-02
0.09925	6.00374e-02
0.09827	6.04051e-02
0.09733	6.07237e-02
0.09644	6.09718e-02
0.09562	6.11336e-02
0.09487	6.12036e-02
0.09420	6.11865e-02
0.09360	6.10952e-02
0.09307	6.09465e-02
0.09259	6.07563e-02
0.09215	6.05420e-02
0.09175	6.03168e-02
0.09138	6.00905e-02
0.09105	5.98697e-02
0.09075	5.96580e-02
0.09048	5.94568e-02
0.09024	5.92649e-02
0.09005	5.90792e-02
0.08990	5.88946e-02
0.08980	5.87040e-02
0.08976	5.84987e-02
0.08978	5.82693e-02
0.08988	5.80069e-02
0.09006	5.77047e-02
0.09032	5.73591e-02
0.09067	5.69693e-02
0.09110	5.65367e-02
0.09161	5.60626e-02
0.09220	5.55478e-02
0.09288	5.49925e-02
0.09363	5.43970e-02
0.09446	5.37627e-02
0.09536	5.30936e-02
0.09634	5.23962e-02
0.09737	5.16791e-02
0.09846	5.09529e-02
0.09960	5.02286e-02
0.10078	4.95265e-02
0.10200	4.88514e-02
0.10325	4.82133e-02
0.10453	4.76213e-02
0.10583	4.70834e-02
0.10715	4.66063e-02
0.10848	4.61956e-02
0.10982	4.58556e-02
0.11117	4.55895e-02
0.11253	4.53993e-02
0.11390	4.52860e-02
0.11526	4.52479e-02
0.11663	4.52857e-02
0.11799	4.53974e-02
0.11935	4.55808e-02
0.12070	4.58329e-02
0.12204	4.61502e-02
0.12337	4.65293e-02
0.12468	4.69662e-02
0.12598	4.74496e-02
0.12726	4.79790e-02
0.12853	4.85524e-02
0.12976	4.91662e-02
0.13097	4.98166e-02
0.13214	5.05000e-02
0.13328	5.12130e-02
0.13438	5.19518e-02
0.13545	5.27131e-02
0.13647	5.34934e-02
0.13744	5.42892e-02
0.13837	5.50945e-02
0.13926	5.59082e-02
0.14009	5.67272e-02
0.14080	5.74345e-02
0.14145	5.81322e-02
0.14204	5.88189e-02
0.14256	5.94929e-02
0.14303	6.01526e-02
0.14343	6.07963e-02
0.14376	6.14227e-02
0.14403	6.20302e-02
0.14424	6.26177e-02
0.14438	6.31693e-02
0.14444	6.36981e-02
0.14445	6.42038e-02
0.14439	6.46866e-02
0.14427	6.51464e-02
0.14408	6.55836e-02
0.14384	6.59988e-02
0.14353	6.63928e-02
0.14317	6.67667e-02
0.14275	6.71218e-02
0.14228	6.74595e-02
0.14175	6.77815e-02
0.14117	6.80895e-02
0.14054	6.83853e-02
0.13985	6.86708e-02
0.13912	6.89478e-02
0.13835	6.92182e-02
0.13753	6.94836e-02
0.13667	6.97457e-02
0.13578	7.00058e-02
0.13484	7.02653e-02
0.13388	7.05220e-02
0.13288	7.07793e-02
0.13186	7.10381e-02
0.13081	7.12993e-02
0.12974	7.15639e-02
0.12865	7.18331e-02
0.12754	7.21079e-02
0.12642	7.23900e-02
0.12528	7.26809e-02
0.12413	7.29781e-02
0.12297	7.32864e-02
0.12181	7.36049e-02
0.12065	7.39083e-02
0.12002	7.33553e-02
0.11978	7.22033e-02
0.11954	7.10357e-02
0.11932	6.98709e-02
0.11910	6.87144e-02
0.11889	6.75702e-02
0.11867	6.64416e-02
0.11846	6.53311e-02
0.11825	6.42410e-02
0.11804	6.31732e-02
0.11783	6.21289e-02
0.11762	6.11093e-02
0.11741	6.01150e-02
0.11719	5.91461e-02
0.11697	5.82026e-02
0.11674	5.72842e-02
0.11650	5.63901e-02
0.11625	5.55196e-02
0.11599	5.46716e-02
0.11573	5.38450e-02
0.11545	5.30386e-02
0.11515	5.22512e-02
0.11484	5.14819e-02
0.11451	5.07296e-02
0.11416	4.99935e-02
0.11379	4.92732e-02
0.11338	4.85880e-02
0.11294	4.79215e-02
0.11248	4.72735e-02
0.11198	4.66436e-02
0.11145	4.60318e-02
0.11089	4.54384e-02
0.11029	4.48637e-02
0.10967	4.43084e-02
0.10900	4.37736e-02
0.10830	4.32608e-02
0.10757	4.27718e-02
0.10680	4.23091e-02
0.10599	4.18757e-02
0.10515	4.14752e-02
0.10427	4.11117e-02
0.10336	4.07900e-02
0.10241	4.05155e-02
0.10142	4.02992e-02
0.10041	4.01430e-02
0.09935	4.00531e-02
0.09827	4.00356e-02
0.09714	4.00964e-02
0.09599	4.02405e-02
0.09480	4.04710e-02
0.09359	4.07871e-02
0.09236	4.11743e-02
0.09115	4.15377e-02
0.09022	4.13608e-02
0.08960	4.05960e-02
0.08900	3.98705e-02
0.08838	3.92914e-02
0.08775	3.88768e-02
0.08711	3.86507e-02
0.08645	3.86072e-02
0.08581	3.86971e-02
0.08528	3.87066e-02
0.08511	3.81211e-02
0.08524	3.70534e-02
0.08545	3.59838e-02
0.08567	3.50872e-02
0.08587	3.44165e-02
0.08607	3.40026e-02
0.08626	3.38505e-02
0.08645	3.39467e-02
0.08666	3.42615e-02
0.08690	3.47449e-02
0.08719	3.53269e-02
0.08758	3.59166e-02
0.08810	3.64079e-02
0.08879	3.67010e-02
0.08967	3.67401e-02
0.09072	3.65338e-02
0.09192	3.61368e-02
0.09324	3.56185e-02
0.09462	3.50461e-02
0.09605	3.44800e-02
0.09750	3.39732e-02
0.09895	3.35711e-02
0.10038	3.33114e-02
0.10179	3.32232e-02
0.10315	3.33273e-02
0.10447	3.36468e-02
0.10573	3.41743e-02
0.10694	3.49055e-02
0.10808	3.58295e-02
0.10916	3.69311e-02
0.11018	3.81915e-02
0.11113	3.95904e-02
0.11201	4.11065e-02
0.11283	4.27188e-02
0.11359	4.43953e-02
0.11428	4.61256e-02
0.11491	4.78911e-02
0.11549	4.96743e-02
0.11601	5.14584e-02
0.11648	5.32275e-02
0.11690	5.49666e-02
0.11729	5.66615e-02
0.11764	5.82987e-02
0.11796	5.98657e-02
0.11826	6.13515e-02
0.11854	6.27464e-02
0.11882	6.40428e-02
0.11908	6.52359e-02
0.11934	6.63239e-02
0.11960	6.73087e-02
0.11985	6.81954e-02
0.12009	6.89918e-02
0.12032	6.97073e-02
0.12054	7.03522e-02
0.12072	7.09362e-02
0.12088	7.14684e-02
0.12101	7.19570e-02
0.12111	7.24087e-02
0.12116	7.28292e-02
0.12118	7.32233e-02
0.12116	7.35949e-02
0.12109	7.39471e-02
0.12099	7.42836e-02
0.12083	7.46056e-02
0.12064	7.49149e-02
0.12041	7.52128e-02
0.12013	7.55004e-02
0.11981	7.57784e-02
0.11945	7.60470e-02
0.11905	7.63059e-02
0.11862	7.65538e-02
0.11815	7.67884e-02
0.11765	7.70054e-02
0.11712	7.72024e-02
0.11657	7.73662e-02
0.11602	7.74816e-02
0.11548	7.75268e-02
0.11497	7.74735e-02
0.11451	7.72906e-02
0.11412	7.69551e-02
0.11381	7.64627e-02
0.11356	7.58227e-02
0.11336	7.50645e-02
0.11318	7.42123e-02
0.11303	7.32844e-02
0.11288	7.22936e-02
0.11274	7.12477e-02
0.11260	7.01521e-02
0.11246	6.90105e-02
0.11232	6.78261e-02
0.11217	6.66023e-02
0.11202	6.53434e-02
0.11185	6.40541e-02
0.11167	6.27413e-02
0.11147	6.14131e-02
0.11125	6.00704e-02
0.11099	5.87303e-02
0.11071	5.74046e-02
0.11040	5.61059e-02
0.11005	5.48475e-02
0.10965	5.36433e-02
0.10921	5.25077e-02
0.10873	5.14551e-02
0.10819	5.05002e-02
0.10761	4.96583e-02
0.10697	4.89437e-02
0.10628	4.83693e-02
0.10553	4.79386e-02
0.10474	4.76669e-02
0.10388	4.75609e-02
0.10296	4.76249e-02
0.10199	4.78602e-02
0.10096	4.82651e-02
0.09987	4.88353e-02
0.09872	4.95642e-02
0.09751	5.04428e-02
0.09625	5.14607e-02
0.09494	5.26060e-02
0.09357	5.38664e-02
0.09216	5.52287e-02
0.09070	5.66795e-02
0.08920	5.82055e-02
0.08766	5.97928e-02
0.08609	6.14271e-02
0.08450	6.30924e-02
0.08289	6.47695e-02
0.08129	6.64344e-02
0.07973	6.80608e-02
0.07821	6.96337e-02
0.07674	7.11575e-02
0.07532	7.26424e-02
0.07395	7.40865e-02
0.07265	7.54642e-02
0.07154	7.66930e-02
0.07085	7.75572e-02
0.07091	7.77861e-02
0.07161	7.74733e-02
0.07261	7.69280e-02
0.07374	7.62887e-02
0.07495	7.55954e-02
0.07621	7.48642e-02
0.07750	7.41066e-02
0.07881	7.33333e-02
0.08013	7.25535e-02
0.08144	7.17746e-02
0.08273	7.10026e-02
0.08400	7.02418e-02
0.08524	6.94958e-02
0.08644	6.87673e-02
0.08761	6.80586e-02
0.08874	6.73713e-02
0.08982	6.67069e-02
0.09085	6.60664e-02
0.09184	6.54507e-02
0.09277	6.48605e-02
0.09365	6.42961e-02
0.09448	6.37580e-02
0.09525	6.32464e-02
0.09597	6.27615e-02
0.09662	6.23036e-02
0.09722	6.18727e-02
0.09776	6.14691e-02
0.09824	6.10931e-02
0.09866	6.07449e-02
0.09899	6.04369e-02
0.09927	6.01597e-02
0.09948	5.99136e-02
0.09962	5.96993e-02
0.09970	5.95176e-02
0.09972	5.93692e-02
0.09968	5.92548e-02
0.09957	5.91753e-02
0.09941	5.91315e-02
0.09919	5.91280e-02
0.09892	5.91635e-02
0.09860	5.92386e-02
0.09822	5.93537e-02
0.09780	5.95087e-02
0.09733	5.97034e-02
0.09681	5.99366e-02
0.09626	6.02065e-02
0.09567	6.05105e-02
0.09506	6.08449e-02
0.09442	6.12046e-02
0.09377	6.15839e-02
0.09311	6.19762e-02
0.09246	6.23757e-02
0.09182	6.27779e-02
0.09119	6.31812e-02
0.09058	6.35869e-02
0.08999	6.39983e-02
0.08943	6.44193e-02
0.08889	6.48538e-02
0.08838	6.53007e-02
0.08791	6.57567e-02
0.08748	6.62136e-02
0.08711	6.66595e-02
0.08682	6.70762e-02
0.08664	6.74114e-02
0.08698	6.71647e-02
0.08766	6.65425e-02
0.08846	6.58336e-02
0.08935	6.50650e-02
0.09032	6.42563e-02
0.09134	6.34243e-02
0.09240	6.25873e-02
0.09349	6.17590e-02
0.09460	6.09507e-02
0.09573	6.01710e-02
0.09686	5.94268e-02
0.09799	5.87236e-02
0.09912	5.80656e-02
0.10025	5.74559e-02
0.10136	5.68968e-02
0.10246	5.63899e-02
0.10354	5.59366e-02
0.10461	5.55377e-02
0.10564	5.51941e-02
0.10666	5.49066e-02
0.10764	5.46762e-02
0.10859	5.45036e-02
0.10950	5.43894e-02
0.11037	5.43343e-02
0.11120	5.43381e-02
0.11197	5.44003e-02
0.11270	5.45200e-02
0.11338	5.46945e-02
0.11400	5.49208e-02
0.11457	5.51948e-02
0.11509	5.55112e-02
0.11554	5.58635e-02
0.11595	5.62440e-02
0.11630	5.66432e-02
0.11660	5.70502e-02
0.11685	5.74525e-02
0.11706	5.78355e-02
0.11723	5.81837e-02
0.11738	5.84813e-02
0.11750	5.87140e-02
0.11760	5.88707e-02
0.11769	5.89455e-02
0.11777	5.89385e-02
0.11782	5.88551e-02
0.11785	5.87049e-02
0.11784	5.84991e-02
0.11781	5.82496e-02
0.11773	5.79678e-02
0.11761	5.76640e-02
0.11743	5.73479e-02
0.11721	5.70287e-02
0.11693	5.67150e-02
0.11660	5.64152e-02
0.11620	5.61379e-02
0.11575	5.58912e-02
0.11523	5.56835e-02
0.11464	5.55224e-02
0.11399	5.54154e-02
0.11328	5.53690e-02
0.11249	5.53888e-02
0.11164	5.54793e-02
0.11072	5.56436e-02
0.10973	5.58832e-02
0.10867	5.61980e-02
0.10755	5.65860e-02
0.10637	5.70412e-02
0.10513	5.75591e-02
0.10384	5.81316e-02
0.10250	5.87478e-02
0.10112	5.93943e-02
0.09972	6.00544e-02
0.09830	6.07084e-02
0.09689	6.13338e-02
0.09550	6.19075e-02
0.09415	6.24084e-02
0.09285	6.28197e-02
0.09163	6.31282e-02
0.09050	6.33180e-02
0.08948	6.33625e-02
0.08861	6.32261e-02
0.08790	6.28886e-02
0.08734	6.23728e-02
0.08689	6.17322e-02
0.08653	6.10128e-02
0.08622	6.02432e-02
0.08597	5.94374e-02
0.08576	5.86009e-02
0.08560	5.77343e-02
0.08548	5.68320e-02
0.08542	5.58740e-02
0.08545	5.48239e-02
0.08556	5.36543e-02
0.08575	5.23874e-02
0.08597	5.10834e-02
0.08619	4.97998e-02
0.08638	4.85775e-02
0.08653	4.74477e-02
0.08663	4.64259e-02
0.08668	4.55257e-02
0.08667	4.47561e-02
0.08661	4.41226e-02
0.08649	4.36268e-02
0.08633	4.32664e-02
0.08612	4.30338e-02
0.08587	4.29156e-02
0.08559	4.28898e-02
0.08529	4.29250e-02
0.08501	4.29793e-02
0.08475	4.30064e-02
0.08454	4.29730e-02
0.08438	4.28768e-02
0.08426	4.27455e-02
0.08415	4.26175e-02
0.08404	4.25252e-02
0.08392	4.24885e-02
0.08378	4.25125e-02
0.08364	4.25848e-02
0.08352	4.26638e-02
0.08346	4.26542e-02
0.08356	4.23924e-02
0.08386	4.17616e-02
0.08431	4.08404e-02
0.08485	3.97759e-02
0.08541	3.86614e-02
0.08599	3.75429e-02
0.08656	3.64427e-02
0.08712	3.53778e-02
0.08767	3.43498e-02
0.08822	3.33611e-02
0.08876	3.24130e-02
0.08931	3.15065e-02
0.08985	3.06436e-02
0.09039	2.98276e-02
0.09093	2.90635e-02
0.09147	2.83578e-02
0.09200	2.77202e-02
0.09252	2.71576e-02
0.09304	2.66786e-02
0.09354	2.62913e-02
0.09404	2.60026e-02
0.09453	2.58182e-02
0.09500	2.57422e-02
0.09545	2.57766e-02
0.09589	2.59222e-02
0.09630	2.61776e-02
0.09670	2.65405e-02
0.09707	2.70070e-02
0.09742	2.75720e-02
0.09774	2.82295e-02
0.09803	2.89724e-02
0.09829	2.97929e-02
0.09851	3.06823e-02
0.09870	3.16311e-02
0.09886	3.26293e-02
0.09898	3.36657e-02
0.09907	3.47284e-02
0.09912	3.58040e-02
0.09914	3.68769e-02
0.09913	3.79280e-02
0.09911	3.89334e-02
0.09908	3.98618e-02
0.09905	4.06742e-02
0.09905	4.13285e-02
0.09910	4.17954e-02
0.09918	4.20754e-02
0.09928	4.21990e-02
0.09940	4.22081e-02
0.09950	4.21389e-02
0.09958	4.20161e-02
0.09964	4.18546e-02
0.09966	4.16623e-02
0.09964	4.14422e-02
0.09959	4.11946e-02
0.09950	4.09177e-02
0.09937	4.06086e-02
0.09922	4.02634e-02
0.09902	3.98783e-02
0.09880	3.94491e-02
0.09855	3.89717e-02
0.09827	3.84426e-02
0.09797	3.78586e-02
0.09764	3.72174e-02
0.09728	3.65271e-02
0.09689	3.57799e-02
0.09648	3.49765e-02
0.09605	3.41194e-02
0.09559	3.32132e-02
0.09511	3.22644e-02
0.09460	3.12816e-02
0.09406	3.02760e-02
0.09349	2.92610e-02
0.09289	2.82524e-02
0.09226	2.72682e-02
0.09159	2.63288e-02
0.09088	2.54560e-02
0.09014	2.46733e-02
0.08936	2.40040e-02
0.08854	2.34710e-02
0.08767	2.30945e-02
0.08678	2.28903e-02
0.08584	2.28688e-02
0.08487	2.30331e-02
0.08387	2.33792e-02
0.08285	2.38963e-02
0.08180	2.45680e-02
0.08073	2.53735e-02
0.07965	2.62914e-02
0.07857	2.72989e-02
0.07750	2.83738e-02
0.07644	2.94954e-02
0.07540	3.06459e-02
0.07439	3.18102e-02
0.07343	3.29768e-02
0.07251	3.41375e-02
0.07165	3.52862e-02
0.07085	3.64177e-02
0.07012	3.75242e-02
0.06948	3.85904e-02
0.06896	3.95757e-02
0.06863	4.03537e-02
0.06864	4.07029e-02
0.06894	4.07009e-02
0.06942	4.05597e-02
0.07002	4.03642e-02
0.07071	4.01484e-02
0.07149	3.99320e-02
0.07232	3.97303e-02
0.07322	3.95560e-02
0.07417	3.94200e-02
0.07515	3.93319e-02
0.07616	3.92991e-02
0.07721	3.93257e-02
0.07827	3.94100e-02
0.07937	3.95412e-02
0.08049	3.96945e-02
0.08167	3.98268e-02
0.08292	3.98808e-02
0.08426	3.98060e-02
0.08570	3.95884e-02
0.08720	3.92566e-02
0.08874	3.88591e-02
0.09029	3.84416e-02
0.09185	3.80395e-02
0.09338	3.76787e-02
0.09489	3.73777e-02
0.09636	3.71497e-02
0.09780	3.70038e-02
0.09919	3.69461e-02
0.10055	3.69800e-02
0.10185	3.71063e-02
0.10312	3.73241e-02
0.10433	3.76304e-02
0.10550	3.80207e-02
0.10662	3.84891e-02
0.10769	3.90285e-02
0.10871	3.96307e-02
0.10969	4.02867e-02
0.11063	4.09862e-02
0.11152	4.17181e-02
0.11237	4.24696e-02
0.11318	4.32261e-02
0.11397	4.39701e-02
0.11473	4.46808e-02
0.11547	4.53339e-02
0.11620	4.59034e-02
0.11694	4.63670e-02
0.11768	4.67131e-02
0.11842	4.69461e-02
0.11916	4.70835e-02
0.11988	4.71480e-02
0.12058	4.71604e-02
0.12124	4.71373e-02
0.12187	4.70900e-02
0.12245	4.70258e-02
0.12299	4.69489e-02
0.12349	4.68610e-02
0.12394	4.67623e-02
0.12435	4.66514e-02
0.12471	4.65265e-02
0.12503	4.63849e-02
0.12531	4.62235e-02
0.12554	4.60393e-02
0.12575	4.58404e-02
0.12593	4.56140e-02
0.12607	4.53564e-02
0.12619	4.50658e-02
0.12627	4.47402e-02
0.12632	4.43783e-02
0.12634	4.39797e-02
0.12633	4.35447e-02
0.12630	4.30746e-02
0.12623	4.25721e-02
0.12614	4.20409e-02
0.12602	4.14861e-02
0.12586	4.09141e-02
0.12568	4.03327e-02
0.12546	3.97521e-02
0.12520	3.91807e-02
0.12491	3.86293e-02
0.12458	3.81087e-02
0.12421	3.76300e-02
0.12380	3.72039e-02
0.12336	3.68401e-02
0.12287	3.65467e-02
0.12234	3.63302e-02
0.12178	3.61947e-02
0.12118	3.61416e-02
0.12054	3.61693e-02
0.11987	3.62740e-02
0.11918	3.64495e-02
0.11846	3.66884e-02
0.11773	3.69829e-02
0.11697	3.73263e-02
0.11621	3.77136e-02
0.11544	3.81426e-02
0.11465	3.86135e-02
0.11386	3.91291e-02
0.11306	3.96931e-02
0.11226	4.03100e-02
0.11144	4.09832e-02
0.11061	4.17150e-02
0.10978	4.25059e-02
0.10893	4.33543e-02
0.10808	4.42564e-02
0.10722	4.52062e-02
0.10636	4.61957e-02
0.10551	4.72132e-02
0.10465	4.82469e-02
0.10382	4.92807e-02
0.10301	5.02955e-02
0.10224	5.12677e-02
0.10152	5.21692e-02
0.10088	5.29678e-02
0.10033	5.36301e-02
0.09990	5.41278e-02
0.09960	5.44446e-02
0.09942	5.45806e-02
0.09937	5.45502e-02
0.09943	5.43767e-02
0.09958	5.40863e-02
0.09981	5.37041e-02
0.10010	5.32513e-02
0.10044	5.27448e-02
0.10082	5.21973e-02
0.10123	5.16185e-02
0.10167	5.10154e-02
0.10214	5.03942e-02
0.10262	4.97597e-02
0.10312	4.91163e-02
0.10362	4.84679e-02
0.10413	4.78176e-02
0.10465	4.71681e-02
0.10517	4.65215e-02
0.10569	4.58791e-02
0.10620	4.52419e-02
0.10672	4.46105e-02
0.10723	4.39852e-02
0.10774	4.33663e-02
0.10824	4.27541e-02
0.10873	4.21490e-02
0.10922	4.15516e-02
0.10970	4.09627e-02
0.11017	4.03832e-02
0.11064	3.98144e-02
0.11109	3.92577e-02
0.11154	3.87145e-02
0.11197	3.81864e-02
0.11239	3.76753e-02
0.11281	3.71828e-02
0.11321	3.67109e-02
0.11360	3.62615e-02
0.11399	3.58365e-02
0.11436	3.54380e-02
0.11472	3.50682e-02
0.11506	3.47290e-02
0.11540	3.44228e-02
0.11573	3.41520e-02
0.11604	3.39192e-02
0.11634	3.37267e-02
0.11664	3.35771e-02
0.11691	3.34730e-02
0.11718	3.34168e-02
0.11743	3.34111e-02
0.11767	3.34579e-02
0.11790	3.35592e-02
0.11811	3.37165e-02
0.11831	3.39310e-02
0.11849	3.42032e-02
0.11865	3.45333e-02
0.11879	3.49207e-02
0.11892	3.53640e-02
0.11903	3.58613e-02
0.11912	3.64100e-02
0.11918	3.70068e-02
0.11923	3.76476e-02
0.11925	3.83280e-02
0.11926	3.90427e-02
0.11924	3.97864e-02
0.11920	4.05531e-02
0.11914	4.13368e-02
0.11907	4.21308e-02
0.11897	4.29285e-02
0.11885	4.37232e-02
0.11872	4.45080e-02
0.11857	4.52762e-02
0.11840	4.60207e-02
0.11822	4.67352e-02
0.11803	4.74136e-02
0.11783	4.80510e-02
0.11762	4.86412e-02
0.11740	4.91793e-02
0.11717	4.96614e-02
0.11694	5.00840e-02
0.11670	5.04448e-02
0.11646	5.07422e-02
0.11621	5.09758e-02
0.11596	5.11459e-02
0.11570	5.12537e-02
0.11543	5.13014e-02
0.11515	5.12914e-02
0.11487	5.12268e-02
0.11457	5.11111e-02
0.11425	5.09478e-02
0.11393	5.07405e-02
0.11358	5.04926e-02
0.11322	5.02074e-02
0.11284	4.98879e-02
0.11245	4.95366e-02
0.11203	4.91556e-02
0.11160	4.87465e-02
0.11114	4.83104e-02
0.11068	4.78478e-02
0.11019	4.73589e-02
0.10970	4.68437e-02
0.10919	4.63025e-02
0.10867	4.57357e-02
0.10814	4.51451e-02
0.10760	4.45334e-02
0.10705	4.39052e-02
0.10650	4.32664e-02
0.10594	4.26246e-02
0.10536	4.19883e-02
0.10478	4.13665e-02
0.10418	4.07685e-02
0.10357	4.02028e-02
0.10295	3.96774e-02
0.10231	3.91991e-02
0.10166	3.87736e-02
0.10100	3.84050e-02
0.10033	3.80962e-02
0.09966	3.78485e-02
0.09897	3.76619e-02
0.09828	3.75351e-02
0.09759	3.74658e-02
0.09691	3.74504e-02
0.09622	3.74848e-02
0.09554	3.75637e-02
0.09487	3.76815e-02
0.09422	3.78319e-02
0.09357	3.80079e-02
0.09295	3.82022e-02
0.09234	3.84067e-02
0.09176	3.86130e-02
0.09121	3.88125e-02
0.09068	3.89964e-02
0.09019	3.91570e-02
0.08973	3.92881e-02
0.08931	3.93861e-02
0.08892	3.94505e-02
0.08857	3.94842e-02
0.08824	3.94926e-02
0.08793	3.94829e-02
0.08764	3.94632e-02
0.08735	3.94410e-02
0.08708	3.94235e-02
0.08680	3.94166e-02
0.08652	3.94249e-02
0.08623	3.94519e-02
0.08593	3.94996e-02
0.08562	3.95691e-02
0.08529	3.96601e-02
0.08495	3.97718e-02
0.08459	3.99023e-02
0.08421	4.00494e-02
0.08381	4.02091e-02
0.08339	4.03795e-02
0.08296	4.05577e-02
0.08251	4.07408e-02
0.08205	4.09266e-02
0.08157	4.11132e-02
0.08109	4.12993e-02
0.08059	4.14845e-02
0.08009	4.16693e-02
0.07957	4.18551e-02
0.07906	4.20438e-02
0.07853	4.22380e-02
0.07800	4.24406e-02
0.07747	4.26541e-02
0.07695	4.28793e-02
0.07643	4.31135e-02
0.07592	4.33464e-02
0.07546	4.35545e-02
0.07506	4.36924e-02
0.07477	4.36937e-02
0.07464	4.35056e-02
0.07465	4.31419e-02
0.07477	4.26735e-02
0.07497	4.21739e-02
0.07521	4.16963e-02
0.07548	4.12750e-02
0.07577	4.09318e-02
0.07609	4.06810e-02
0.07643	4.05314e-02
0.07680	4.04883e-02
0.07719	4.05553e-02
0.07762	4.07348e-02
0.07807	4.10289e-02
0.07855	4.14386e-02
0.07906	4.19636e-02
0.07960	4.26012e-02
0.08018	4.33455e-02
0.08078	4.41876e-02
0.08143	4.51159e-02
0.08211	4.61171e-02
0.08284	4.71781e-02
0.08361	4.82885e-02
0.08442	4.94421e-02
0.08528	5.06373e-02
0.08616	5.18766e-02
0.08707	5.31640e-02
0.08799	5.45030e-02
0.08892	5.58949e-02
0.08985	5.73373e-02
0.09077	5.88236e-02
0.09170	6.03417e-02
0.09262	6.18725e-02
0.09356	6.33877e-02
0.09454	6.48497e-02
0.09558	6.62209e-02
0.09668	6.74818e-02
0.09783	6.86341e-02
0.09904	6.96840e-02
0.10030	7.06284e-02
0.10160	7.14555e-02
0.10295	7.21517e-02
0.10436	7.27100e-02
0.10581	7.31346e-02
0.10728	7.34396e-02
0.10875	7.36447e-02
0.11021	7.37700e-02
0.11164	7.38335e-02
0.11302	7.38493e-02
0.11435	7.38284e-02
0.11561	7.37788e-02
0.11679	7.37062e-02
0.11791	7.36143e-02
0.11894	7.35053e-02
0.11989	7.33802e-02
0.12075	7.32386e-02
0.12153	7.30789e-02
0.12223	7.28984e-02
0.12285	7.26930e-02
0.12338	7.24572e-02
0.12384	7.21842e-02
0.12423	7.18660e-02
0.12454	7.14942e-02
0.12480	7.10604e-02
0.12500	7.05578e-02
0.12514	6.99817e-02
0.12522	6.93307e-02
0.12525	6.86062e-02
0.12523	6.78119e-02
0.12514	6.69527e-02
0.12500	6.60342e-02
0.12479	6.50727e-02
0.12451	6.40621e-02
0.12417	6.30071e-02
0.12377	6.19120e-02
0.12331	6.07806e-02
0.12279	5.96170e-02
0.12221	5.84245e-02
0.12158	5.72069e-02
0.12089	5.59676e-02
0.12014	5.47107e-02
0.11935	5.34403e-02
0.11850	5.21611e-02
0.11761	5.08786e-02
0.11668	4.95992e-02
0.11570	4.83302e-02
0.11468	4.70801e-02
0.11362	4.58583e-02
0.11252	4.46755e-02
0.11138	4.35431e-02
0.11021	4.24734e-02
0.10901	4.14786e-02
0.10777	4.05713e-02
0.10650	3.97632e-02
0.10521	3.90650e-02
0.10389	3.84859e-02
0.10254	3.80326e-02
0.10118	3.77093e-02
0.09980	3.75168e-02
0.09841	3.74524e-02
0.09702	3.75091e-02
0.09563	3.76760e-02
0.09426	3.79369e-02
0.09291	3.82705e-02
0.09159	3.86498e-02
0.09032	3.90232e-02
0.08912	3.93685e-02
0.08800	3.96527e-02
0.08700	3.98571e-02
0.08610	3.99838e-02
0.08530	4.00526e-02
0.08460	4.00897e-02
0.08398	4.01176e-02
0.08343	4.01502e-02
0.08297	4.01931e-02
0.08258	4.02443e-02
0.08227	4.02967e-02
0.08204	4.03390e-02
0.08191	4.03585e-02
0.08186	4.03426e-02
0.08192	4.02810e-02
0.08206	4.01673e-02
0.08231	3.99999e-02
0.08264	3.97813e-02
0.08305	3.95178e-02
0.08354	3.92183e-02
0.08409	3.88935e-02
0.08469	3.85559e-02
0.08533	3.82185e-02
0.08601	3.78951e-02
0.08672	3.75998e-02
0.08744	3.73460e-02
0.08817	3.71467e-02
0.08889	3.70138e-02
0.08962	3.69578e-02
0.09033	3.69875e-02
0.09102	3.71102e-02
0.09169	3.73309e-02
0.09234	3.76527e-02
0.09297	3.80766e-02
0.09356	3.86012e-02
0.09412	3.92233e-02
0.09465	3.99376e-02
0.09515	4.07370e-02
0.09562	4.16126e-02
0.09606	4.25536e-02
0.09647	4.35473e-02
0.09686	4.45787e-02
0.09723	4.56298e-02
0.09759	4.66782e-02
0.09796	4.76947e-02
0.09836	4.86396e-02
0.09880	4.94594e-02
0.09933	5.00921e-02
0.09997	5.04940e-02
0.10071	5.06691e-02
0.10153	5.06600e-02
0.10240	5.05166e-02
0.10330	5.02787e-02
0.10422	4.99763e-02
0.10513	4.96317e-02
0.10604	4.92625e-02
0.10692	4.88795e-02
0.10778	4.84959e-02
0.10862	4.81198e-02
0.10942	4.77565e-02
0.11018	4.74087e-02
0.11092	4.70764e-02
0.11162	4.67568e-02
0.11229	4.64445e-02
0.11293	4.61315e-02
0.11355	4.58076e-02
0.11414	4.54606e-02
0.11472	4.50773e-02
0.11529	4.46446e-02
0.11584	4.41508e-02
0.11639	4.35873e-02
0.11693	4.29494e-02
0.11746	4.22380e-02
0.11798	4.14590e-02
0.11848	4.06234e-02
0.11895	3.97463e-02
0.11939	3.88460e-02
0.11980	3.79429e-02
0.12015	3.70592e-02
0.12046	3.62178e-02
0.12071	3.54417e-02
0.12090	3.47539e-02
0.12103	3.41759e-02
0.12109	3.37275e-02
0.12108	3.34236e-02
0.12101	3.32804e-02
0.12086	3.33064e-02
0.12063	3.35048e-02
0.12034	3.38735e-02
0.11997	3.44052e-02
0.11954	3.50880e-02
0.11904	3.59060e-02
0.11848	3.68408e-02
0.11786	3.78717e-02
0.11718	3.89765e-02
0.11647	4.01322e-02
0.11571	4.13147e-02
0.11493	4.24991e-02
0.11414	4.36582e-02
0.11334	4.47619e-02
0.11256	4.57746e-02
0.11182	4.66528e-02
0.11115	4.73440e-02
0.11058	4.77904e-02
0.11013	4.79446e-02
0.10983	4.77920e-02
0.10965	4.73620e-02
0.10957	4.67149e-02
0.10956	4.59182e-02
0.10960	4.50316e-02
0.10965	4.41041e-02
0.10971	4.31747e-02
0.10977	4.22753e-02
0.10982	4.14325e-02
0.10984	4.06688e-02
0.10984	4.00031e-02
0.10980	3.94507e-02
0.10974	3.90220e-02
0.10964	3.87261e-02
0.10950	3.85669e-02
0.10932	3.85443e-02
0.10911	3.86546e-02
0.10887	3.88903e-02
0.10858	3.92412e-02
0.10827	3.96943e-02
0.10792	4.02351e-02
0.10752	4.08123e-02
0.10708	4.14449e-02
0.10662	4.21184e-02
0.10613	4.28183e-02
0.10562	4.35310e-02
0.10510	4.42436e-02
0.10456	4.49441e-02
0.10401	4.56213e-02
0.10345	4.62645e-02
0.10289	4.68625e-02
0.10232	4.74031e-02
0.10176	4.78723e-02
0.10121	4.82550e-02
0.10067	4.85389e-02
0.10015	4.87201e-02
0.09964	4.88059e-02
0.09913	4.88096e-02
0.09862	4.87443e-02
0.09810	4.86196e-02
0.09756	4.84415e-02
0.09701	4.82131e-02
0.09644	4.79361e-02
0.09585	4.76105e-02
0.09523	4.72359e-02
0.09460	4.68114e-02
0.09394	4.63364e-02
0.09327	4.58099e-02
0.09257	4.52319e-02
0.09186	4.46024e-02
0.09113	4.39220e-02
0.09037	4.31920e-02
0.08960	4.24142e-02
0.08881	4.15911e-02
0.08801	4.07258e-02
0.08718	3.98223e-02
0.08634	3.88857e-02
0.08548	3.79219e-02
0.08461	3.69381e-02
0.08371	3.59427e-02
0.08281	3.49440e-02
0.08189	3.39534e-02
0.08095	3.29818e-02
0.08001	3.20403e-02
0.07906	3.11397e-02
0.07810	3.02895e-02
0.07714	2.94975e-02
0.07618	2.87687e-02
0.07524	2.81049e-02
0.07432	2.75036e-02
0.07344	2.69572e-02
0.07260	2.64547e-02
0.07182	2.59809e-02
0.07112	2.55182e-02
0.07051	2.50480e-02
0.07001	2.45527e-02
0.06962	2.40186e-02
0.06935	2.34393e-02
0.06921	2.28190e-02
0.06919	2.21760e-02
0.06929	2.15426e-02
0.06949	2.09634e-02
0.06978	2.04877e-02
0.07015	2.01684e-02
0.07058	2.00502e-02
0.07107	2.01651e-02
0.07162	2.05291e-02
0.07220	2.11411e-02
0.07283	2.19853e-02
0.07350	2.30355e-02
0.07420	2.42596e-02
0.07493	2.56246e-02
0.07570	2.70967e-02
0.07650	2.86445e-02
0.07734	3.02402e-02
0.07821	3.18565e-02
0.07912	3.34700e-02
0.08007	3.50599e-02
0.08107	3.66087e-02
0.08211	3.81016e-02
0.08320	3.95273e-02
0.08433	4.08773e-02
0.08550	4.21457e-02
0.08671	4.33287e-02
0.08796	4.44240e-02
0.08924	4.54302e-02
0.09055	4.63463e-02
0.09189	4.71720e-02
0.09324	4.79068e-02
0.09460	4.85507e-02
0.09598	4.91035e-02
0.09736	4.95659e-02
0.09874	4.99383e-02
0.10011	5.02222e-02
0.10148	5.04192e-02
0.10283	5.05317e-02
0.10416	5.05626e-02
0.10547	5.05153e-02
0.10674	5.03937e-02
0.10799	5.02023e-02
0.10920	4.99457e-02
0.11036	4.96287e-02
0.11148	4.92564e-02
0.11255	4.88336e-02
0.11357	4.83650e-02
0.11454	4.78550e-02
0.11545	4.73075e-02
0.11630	4.67260e-02
0.11710	4.61129e-02
0.11784	4.54703e-02
0.11853	4.47990e-02
0.11916	4.40991e-02
0.11974	4.33697e-02
0.12026	4.26096e-02
0.12074	4.18168e-02
0.12117	4.09896e-02
0.12156	4.01272e-02
0.12190	3.92300e-02
0.12220	3.83004e-02
0.12246	3.73438e-02
0.12268	3.63684e-02
0.12286	3.53861e-02
0.12299	3.44120e-02
0.12307	3.34643e-02
0.12311	3.25641e-02
0.12310	3.17345e-02
0.12303	3.09996e-02
0.12291	3.03840e-02
0.12274	2.99109e-02
0.12251	2.96010e-02
0.12223	2.94708e-02
0.12189	2.95315e-02
0.12149	2.97880e-02
0.12104	3.02388e-02
0.12054	3.08759e-02
0.11998	3.16862e-02
0.11938	3.26524e-02
0.11873	3.37544e-02
0.11804	3.49705e-02
0.11731	3.62781e-02
0.11653	3.76766e-02
0.11572	3.91243e-02
0.11489	4.05975e-02
0.11404	4.20720e-02
0.11318	4.35213e-02
0.11233	4.49166e-02
0.11151	4.62243e-02
0.11072	4.74070e-02
0.11000	4.84263e-02
0.10936	4.92516e-02
0.10882	4.98723e-02
0.10836	5.03039e-02
0.10797	5.05801e-02
0.10765	5.07395e-02
0.10736	5.08148e-02
0.10710	5.08296e-02
0.10686	5.07988e-02
0.10664	5.07305e-02
0.10642	5.06268e-02
0.10622	5.04801e-02
0.10604	5.02906e-02
0.10586	5.00500e-02
0.10570	4.97492e-02
0.10556	4.93804e-02
0.10543	4.89399e-02
0.10531	4.84303e-02
0.10520	4.78607e-02
0.10508	4.72464e-02
0.10495	4.66054e-02
0.10479	4.59565e-02
0.10460	4.53173e-02
0.10438	4.47031e-02
0.10411	4.41263e-02
0.10379	4.35966e-02
0.10341	4.31319e-02
0.10297	4.27302e-02
0.10248	4.23938e-02
0.10193	4.21227e-02
0.10134	4.19145e-02
0.10069	4.17643e-02
0.10001	4.16651e-02
0.09928	4.16079e-02
0.09852	4.15822e-02
0.09774	4.15768e-02
0.09694	4.15806e-02
0.09614	4.15840e-02
0.09532	4.15801e-02
0.09451	4.15657e-02
0.09371	4.15415e-02
0.09291	4.15117e-02
0.09212	4.14830e-02
0.09134	4.14623e-02
0.09056	4.14610e-02
0.08980	4.14795e-02
0.08906	4.15210e-02
0.08833	4.15874e-02
0.08763	4.16788e-02
0.08697	4.17929e-02
0.08634	4.19204e-02
0.08578	4.20329e-02
0.08532	4.20537e-02
0.08503	4.18394e-02
0.08497	4.13168e-02
0.08507	4.06067e-02
0.08526	3.98504e-02
0.08550	3.91266e-02
0.08579	3.84761e-02
0.08611	3.79223e-02
0.08646	3.74792e-02
0.08684	3.71550e-02
0.08725	3.69534e-02
0.08768	3.68742e-02
0.08815	3.69143e-02
0.08865	3.70679e-02
0.08918	3.73274e-02
0.08975	3.76838e-02
0.09034	3.81270e-02
0.09097	3.86466e-02
0.09164	3.92319e-02
0.09233	3.98720e-02
0.09305	4.05559e-02
0.09380	4.12726e-02
0.09458	4.20110e-02
0.09539	4.27592e-02
0.09622	4.35053e-02
0.09708	4.42366e-02
0.09796	4.49400e-02
0.09887	4.56027e-02
0.09981	4.62131e-02
0.10077	4.67624e-02
0.10175	4.72464e-02
0.10274	4.76662e-02
0.10374	4.80286e-02
0.10473	4.83441e-02
0.10571	4.86248e-02
0.10666	4.88830e-02
0.10757	4.91300e-02
0.10843	4.93760e-02
0.10924	4.96298e-02
0.10999	4.98988e-02
0.11067	5.01890e-02
0.11127	5.05057e-02
0.11180	5.08529e-02
0.11224	5.12339e-02
0.11260	5.16510e-02
0.11286	5.21060e-02
0.11303	5.25997e-02
0.11311	5.31326e-02
0.11308	5.37093e-02
0.11296	5.43246e-02
0.11274	5.49771e-02
0.11242	5.56648e-02
0.11200	5.63853e-02
0.11147	5.71353e-02
0.11085	5.79110e-02
0.11012	5.87074e-02
0.10930	5.95179e-02
0.10839	6.03333e-02
0.10740	6.11393e-02
0.10633	6.19026e-02
0.10522	6.25882e-02
0.10411	6.31265e-02
0.10311	6.34107e-02
0.10218	6.34760e-02
0.10128	6.33950e-02
0.10037	6.32401e-02
0.09944	6.30550e-02
0.09846	6.28627e-02
0.09744	6.26751e-02
0.09638	6.24979e-02
0.09528	6.23328e-02
0.09414	6.21652e-02
0.09298	6.20027e-02
0.09181	6.18394e-02
0.09064	6.16662e-02
0.08948	6.14699e-02
0.08837	6.12321e-02
0.08731	6.09262e-02
0.08636	6.05150e-02
0.08555	5.99511e-02
0.08492	5.91892e-02
0.08449	5.82106e-02
0.08424	5.70383e-02
0.08415	5.57218e-02
0.08416	5.43137e-02
0.08427	5.28592e-02
0.08443	5.13956e-02
0.08465	4.99538e-02
0.08490	4.85611e-02
0.08517	4.72409e-02
0.08547	4.60144e-02
0.08578	4.48999e-02
0.08610	4.39129e-02
0.08643	4.30662e-02
0.08676	4.23695e-02
0.08710	4.18291e-02
0.08744	4.14474e-02
0.08779	4.12229e-02
0.08814	4.11489e-02
0.08850	4.12130e-02
0.08887	4.13954e-02
0.08925	4.16772e-02
0.08966	4.20062e-02
0.09012	4.23303e-02
0.09065	4.25949e-02
0.09127	4.27625e-02
0.09196	4.28322e-02
0.09271	4.28364e-02
0.09349	4.28188e-02
0.09426	4.28171e-02
0.09503	4.28573e-02
0.09577	4.29555e-02
0.09646	4.30942e-02
0.09710	4.33000e-02
0.09769	4.35741e-02
0.09822	4.39154e-02
0.09870	4.43219e-02
0.09912	4.47903e-02
0.09947	4.53170e-02
0.09976	4.58978e-02
0.09998	4.65284e-02
0.10014	4.72044e-02
0.10022	4.79211e-02
0.10024	4.86737e-02
0.10019	4.94574e-02
0.10007	5.02673e-02
0.09988	5.10981e-02
0.09963	5.19448e-02
0.09931	5.28020e-02
0.09893	5.36643e-02
0.09850	5.45262e-02
0.09801	5.53819e-02
0.09746	5.62255e-02
0.09688	5.70511e-02
0.09625	5.78525e-02
0.09559	5.86233e-02
0.09491	5.93570e-02
0.09421	6.00468e-02
0.09350	6.06857e-02
0.09279	6.12668e-02
0.09209	6.17829e-02
0.09142	6.22267e-02
0.09077	6.25912e-02
0.09017	6.28699e-02
0.08962	6.30567e-02
0.08914	6.31467e-02
0.08873	6.31360e-02
0.08839	6.30222e-02
0.08814	6.28044e-02
0.08798	6.24833e-02
0.08791	6.20613e-02
0.08792	6.15433e-02
0.08803	6.09368e-02
0.08821	6.02522e-02
0.08846	5.95027e-02
0.08877	5.87033e-02
0.08913	5.78705e-02
0.08953	5.70207e-02
0.08996	5.61697e-02
0.09041	5.53325e-02
0.09088	5.45223e-02
0.09135	5.37509e-02
0.09183	5.30278e-02
0.09230	5.23611e-02
0.09277	5.17559e-02
0.09323	5.12155e-02
0.09369	5.07398e-02
0.09414	5.03262e-02
0.09458	4.99682e-02
0.09502	4.96566e-02
0.09547	4.93786e-02
0.09592	4.91189e-02
0.09638	4.88611e-02
0.09686	4.85891e-02
0.09736	4.82896e-02
0.09788	4.79528e-02
0.09842	4.75735e-02
0.09897	4.71496e-02
0.09953	4.66811e-02
0.10010	4.61683e-02
0.10066	4.56113e-02
0.10123	4.50094e-02
0.10178	4.43611e-02
0.10233	4.36653e-02
0.10286	4.29214e-02
0.10338	4.21298e-02
0.10387	4.12931e-02
0.10434	4.04157e-02
0.10478	3.95044e-02
0.10518	3.85681e-02
0.10554	3.76178e-02
0.10585	3.66662e-02
0.10611	3.57277e-02
0.10632	3.48180e-02
0.10646	3.39540e-02
0.10654	3.31534e-02
0.10655	3.24344e-02
0.10649	3.18153e-02
0.10636	3.13139e-02
0.10616	3.09464e-02
0.10588	3.07273e-02
0.10553	3.06678e-02
0.10511	3.07755e-02
0.10461	3.10539e-02
0.10403	3.15017e-02
0.10339	3.21135e-02
0.10268	3.28795e-02
0.10191	3.37865e-02
0.10108	3.48185e-02
0.10020	3.59566e-02
0.09927	3.71800e-02
0.09830	3.84661e-02
0.09731	3.97950e-02
0.09630	4.11390e-02
0.09529	4.24719e-02
0.09430	4.37678e-02
0.09335	4.50036e-02
0.09245	4.61603e-02
0.09161	4.72238e-02
0.09087	4.81734e-02
0.09027	4.89467e-02
0.08988	4.94120e-02
0.08971	4.95770e-02
0.08967	4.96209e-02
0.08970	4.96508e-02
0.08979	4.97061e-02
0.08993	4.97998e-02
0.09011	4.99329e-02
0.09034	5.01001e-02
0.09063	5.02930e-02
0.09097	5.05011e-02
0.09138	5.07133e-02
0.09186	5.09173e-02
0.09241	5.11014e-02
0.09303	5.12556e-02
0.09373	5.13744e-02
0.09449	5.14572e-02
0.09532	5.15073e-02
0.09620	5.15283e-02
0.09713	5.15214e-02
0.09811	5.14836e-02
0.09913	5.14090e-02
0.10019	5.12913e-02
0.10128	5.11265e-02
0.10240	5.09145e-02
0.10354	5.06589e-02
0.10470	5.03641e-02
0.10586	5.00338e-02
0.10702	4.96687e-02
0.10817	4.92665e-02
0.10931	4.88218e-02
0.11045	4.83265e-02
0.11157	4.77711e-02
0.11269	4.71458e-02
0.11379	4.64421e-02
0.11487	4.56539e-02
0.11593	4.47781e-02
0.11697	4.38155e-02
0.11797	4.27701e-02
0.11894	4.16487e-02
0.11986	4.04603e-02
0.12072	3.92155e-02
0.12152	3.79079e-02
0.12225	3.65643e-02
0.12290	3.51973e-02
0.12348	3.38203e-02
0.12398	3.24477e-02
0.12439	3.10947e-02
0.12472	2.97779e-02
0.12496	2.85153e-02
0.12511	2.73265e-02
0.12516	2.62327e-02
0.12512	2.52554e-02
0.12498	2.44172e-02
0.12476	2.37404e-02
0.12443	2.32450e-02
0.12402	2.29475e-02
0.12351	2.28587e-02
0.12292	2.29826e-02
0.12223	2.33159e-02
0.12146	2.38485e-02
0.12060	2.45648e-02
0.11966	2.54454e-02
0.11864	2.64687e-02
0.11754	2.76128e-02
0.11636	2.88562e-02
0.11512	3.01785e-02
0.11381	3.15601e-02
0.11244	3.29822e-02
0.11101	3.44241e-02
0.10954	3.58561e-02
0.10806	3.72030e-02
0.10671	3.80630e-02
0.10590	3.73497e-02
0.10534	3.58859e-02
0.10480	3.43410e-02
0.10424	3.28261e-02
0.10364	3.13720e-02
0.10302	2.99936e-02
0.10237	2.87010e-02
0.10169	2.75021e-02
0.10100	2.64042e-02
0.10029	2.54140e-02
0.09956	2.45378e-02
0.09882	2.37816e-02
0.09808	2.31511e-02
0.09732	2.26512e-02
0.09656	2.22860e-02
0.09580	2.20579e-02
0.09503	2.19679e-02
0.09426	2.20145e-02
0.09349	2.21940e-02
0.09271	2.25007e-02
0.09193	2.29268e-02
0.09114	2.34632e-02
0.09035	2.40998e-02
0.08956	2.48264e-02
0.08875	2.56327e-02
0.08795	2.65089e-02
0.08713	2.74459e-02
0.08630	2.84352e-02
0.08547	2.94690e-02
0.08462	3.05402e-02
0.08376	3.16418e-02
0.08288	3.27673e-02
0.08199	3.39097e-02
0.08109	3.50608e-02
0.08017	3.62068e-02
0.07927	3.72999e-02
0.07856	3.79640e-02
0.07820	3.79297e-02
0.07788	3.78194e-02
0.07754	3.77463e-02
0.07719	3.77211e-02
0.07682	3.77419e-02
0.07643	3.78033e-02
0.07603	3.78978e-02
0.07563	3.80176e-02
0.07521	3.81542e-02
0.07480	3.82994e-02
0.07439	3.84458e-02
0.07399	3.85873e-02
0.07360	3.87197e-02
0.07322	3.88411e-02
0.07285	3.89520e-02
0.07251	3.90552e-02
0.07217	3.91555e-02
0.07185	3.92592e-02
0.07153	3.93863e-02
0.07122	3.95306e-02
0.07091	3.96991e-02
0.07061	3.98989e-02
0.07032	4.01369e-02
0.07003	4.04194e-02
0.06974	4.07517e-02
0.06945	4.11367e-02
0.06917	4.15730e-02
0.06890	4.20484e-02
0.06868	4.25199e-02
0.06860	4.28332e-02
0.06888	4.26413e-02
0.06950	4.19728e-02
0.07028	4.11518e-02
0.07110	4.03116e-02
0.07195	3.94940e-02
0.07281	3.87159e-02
0.07369	3.79865e-02
0.07458	3.73119e-02
0.07548	3.66975e-02
0.07639	3.61487e-02
0.07731	3.56712e-02
0.07822	3.52717e-02
0.07913	3.49557e-02
0.08004	3.47293e-02
0.08095	3.45984e-02
0.08185	3.45678e-02
0.08275	3.46413e-02
0.08364	3.48215e-02
0.08453	3.51094e-02
0.08540	3.55044e-02
0.08626	3.60043e-02
0.08710	3.66059e-02
0.08793	3.73045e-02
0.08874	3.80944e-02
0.08954	3.89693e-02
0.09032	3.99225e-02
0.09107	4.09466e-02
0.09181	4.20344e-02
0.09253	4.31783e-02
0.09323	4.43711e-02
0.09390	4.56050e-02
0.09456	4.68710e-02
0.09520	4.81475e-02
0.09608	4.89446e-02
0.09738	4.89022e-02
0.09869	4.88218e-02
0.09998	4.87395e-02
0.10126	4.86574e-02
0.10251	4.85749e-02
0.10375	4.84909e-02
0.10497	4.84042e-02
0.10616	4.83137e-02
0.10732	4.82184e-02
0.10846	4.81175e-02
0.10957	4.80106e-02
0.11065	4.78972e-02
0.11170	4.77775e-02
0.11272	4.76515e-02
0.11370	4.75198e-02
0.11464	4.73829e-02
0.11554	4.72415e-02
0.11640	4.70964e-02
0.11721	4.69485e-02
0.11798	4.67986e-02
0.11870	4.66474e-02
0.11938	4.64955e-02
0.12000	4.63435e-02
0.12058	4.61917e-02
0.12110	4.60401e-02
0.12156	4.58889e-02
0.12198	4.57377e-02
0.12233	4.55862e-02
0.12263	4.54339e-02
0.12288	4.52801e-02
0.12307	4.51241e-02
0.12320	4.49651e-02
0.12327	4.48022e-02
0.12329	4.46345e-02
0.12324	4.44612e-02
0.12314	4.42816e-02
0.12299	4.40947e-02
0.12277	4.39001e-02
0.12250	4.36971e-02
0.12217	4.34853e-02
0.12178	4.32643e-02
0.12134	4.30339e-02
0.12084	4.27938e-02
0.12029	4.25442e-02
0.11969	4.22850e-02
0.11903	4.20164e-02
0.11832	4.17385e-02
0.11755	4.14516e-02
0.11674	4.11559e-02
0.11588	4.08518e-02
0.11497	4.05396e-02
0.11402	4.02195e-02
0.11303	3.98917e-02
0.11199	3.95565e-02
0.11092	3.92140e-02
0.10981	3.88643e-02
0.10866	3.85074e-02
0.10749	3.81432e-02
0.10629	3.77716e-02
0.10506	3.73926e-02
0.10382	3.70058e-02
0.10256	3.66113e-02
0.10128	3.62091e-02
0.10000	3.57994e-02
0.09871	3.53826e-02
0.09741	3.49595e-02
0.09613	3.45315e-02
0.09484	3.41002e-02
0.09357	3.36679e-02
0.09231	3.32377e-02
0.09107	3.28130e-02
0.08985	3.23976e-02
0.08865	3.19961e-02
0.08748	3.16128e-02
0.08633	3.12522e-02
0.08522	3.09183e-02
0.08415	3.06145e-02
0.08312	3.03432e-02
0.08212	3.01057e-02
0.08118	2.99024e-02
0.08028	2.97320e-02
0.07944	2.95927e-02
0.07866	2.94817e-02
0.07794	2.93962e-02
0.07728	2.93332e-02
0.07668	2.92896e-02
0.07616	2.92626e-02
0.07570	2.92492e-02
0.07532	2.92460e-02
0.07500	2.92498e-02
0.07476	2.92580e-02
0.07458	2.92697e-02
0.07447	2.92863e-02
0.07443	2.93109e-02
0.07444	2.93475e-02
0.07450	2.93980e-02
0.07461	2.94608e-02
0.07477	2.95280e-02
0.07497	2.95861e-02
0.07524	2.96166e-02
0.07555	2.95997e-02
0.07592	2.95200e-02
0.07635	2.93703e-02
0.07682	2.91533e-02
0.07733	2.88786e-02
0.07787	2.85600e-02
0.07843	2.82120e-02
0.07900	2.78495e-02
0.07956	2.74870e-02
0.08012	2.71387e-02
0.08067	2.68190e-02
0.08119	2.65414e-02
0.08169	2.63192e-02
0.08215	2.61649e-02
0.08258	2.60899e-02
0.08297	2.61044e-02
0.08332	2.62173e-02
0.08362	2.64359e-02
0.08387	2.67659e-02
0.08407	2.72112e-02
0.08422	2.77739e-02
0.08431	2.84544e-02
0.08434	2.92512e-02
0.08432	3.01611e-02
0.08423	3.11794e-02
0.08409	3.22997e-02
0.08389	3.35143e-02
0.08363	3.48141e-02
0.08331	3.61888e-02
0.08294	3.76266e-02
0.08253	3.91142e-02
0.08206	4.06368e-02
0.08157	4.21773e-02
0.08105	4.37162e-02
0.08052	4.52307e-02
0.08000	4.66936e-02
0.07952	4.80703e-02
0.07912	4.93125e-02
0.07883	5.03545e-02
0.07873	5.11378e-02
0.07880	5.16759e-02
0.07899	5.20523e-02
0.07926	5.23503e-02
0.07957	5.26235e-02
0.07990	5.29028e-02
0.08024	5.32048e-02
0.08058	5.35363e-02
0.08093	5.38969e-02
0.08128	5.42785e-02
0.08165	5.46639e-02
0.08205	5.50250e-02
0.08251	5.53256e-02
0.08305	5.55378e-02
0.08365	5.56630e-02
0.08430	5.57278e-02
0.08498	5.57615e-02
0.08566	5.57844e-02
0.08634	5.58071e-02
0.08701	5.58331e-02
0.08768	5.58613e-02
0.08833	5.58865e-02
0.08897	5.59000e-02
0.08960	5.58888e-02
0.09024	5.58347e-02
0.09088	5.57143e-02
0.09156	5.54997e-02
0.09226	5.51661e-02
0.09300	5.47018e-02
0.09377	5.41134e-02
0.09454	5.34211e-02
0.09530	5.26493e-02
0.09603	5.18200e-02
0.09671	5.09510e-02
0.09735	5.00562e-02
0.09792	4.91465e-02
0.09843	4.82305e-02
0.09886	4.73157e-02
0.09922	4.64081e-02
0.09951	4.55132e-02
0.09972	4.46360e-02
0.09984	4.37809e-02
0.09989	4.29519e-02
0.09986	4.21530e-02
0.09975	4.13876e-02
0.09955	4.06592e-02
0.09928	3.99710e-02
0.09893	3.93261e-02
0.09851	3.87274e-02
0.09801	3.81778e-02
0.09744	3.76802e-02
0.09680	3.72372e-02
0.09610	3.68515e-02
0.09533	3.65256e-02
0.09450	3.62621e-02
0.09362	3.60630e-02
0.09268	3.59304e-02
0.09169	3.58656e-02
0.09067	3.58695e-02
0.08960	3.59421e-02
0.08850	3.60822e-02
0.08737	3.62873e-02
0.08623	3.65526e-02
0.08507	3.68712e-02
0.08392	3.72327e-02
0.08277	3.76229e-02
0.08166	3.80227e-02
0.08059	3.84089e-02
0.07960	3.87558e-02
0.07869	3.90402e-02
0.07789	3.92490e-02
0.07721	3.93843e-02
0.07663	3.94629e-02
0.07617	3.95089e-02
0.07581	3.95462e-02
0.07555	3.95940e-02
0.07537	3.96669e-02
0.07529	3.97772e-02
0.07529	3.99376e-02
0.07536	4.01614e-02
0.07551	4.04616e-02
0.07571	4.08477e-02
0.07596	4.13233e-02
0.07627	4.18838e-02
0.07663	4.25153e-02
0.07706	4.31950e-02
0.07755	4.38947e-02
0.07812	4.45883e-02
0.07877	4.52597e-02
0.07949	4.59039e-02
0.08028	4.65189e-02
0.08114	4.70934e-02
0.08207	4.75997e-02
0.08309	4.79964e-02
0.08420	4.82469e-02
0.08541	4.83454e-02
0.08669	4.83232e-02
0.08798	4.82287e-02
0.08928	4.81056e-02
0.09054	4.79856e-02
0.09175	4.78889e-02
0.09290	4.78276e-02
0.09398	4.78081e-02
0.09498	4.78328e-02
0.09591	4.79015e-02
0.09675	4.80123e-02
0.09751	4.81615e-02
0.09818	4.83447e-02
0.09876	4.85569e-02
0.09925	4.87923e-02
0.09965	4.90452e-02
0.09996	4.93096e-02
0.10019	4.95794e-02
0.10032	4.98487e-02
0.10037	5.01119e-02
0.10033	5.03633e-02
0.10021	5.05977e-02
0.10000	5.08101e-02
0.09972	5.09957e-02
0.09935	5.11502e-02
0.09892	5.12696e-02
0.09841	5.13502e-02
0.09783	5.13887e-02
0.09718	5.13823e-02
0.09648	5.13287e-02
0.09572	5.12261e-02
0.09490	5.10738e-02
0.09403	5.08717e-02
0.09312	5.06208e-02
0.09216	5.03232e-02
0.09117	4.99809e-02
0.09014	4.95944e-02
0.08909	4.91560e-02
0.08804	4.86231e-02
0.08708	4.78619e-02
0.08624	4.68208e-02
0.08544	4.56632e-02
0.08462	4.44879e-02
0.08377	4.33357e-02
0.08290	4.22315e-02
0.08199	4.11957e-02
0.08105	4.02468e-02
0.08009	3.94018e-02
0.07909	3.86751e-02
0.07808	3.80779e-02
0.07706	3.76162e-02
0.07603	3.72889e-02
0.07500	3.70847e-02
0.07401	3.69794e-02
0.07307	3.69334e-02
0.07222	3.68947e-02
0.07150	3.68127e-02
0.07091	3.66620e-02
0.07047	3.64560e-02
0.07016	3.62311e-02
0.06995	3.60173e-02
0.06987	3.58188e-02
0.06991	3.56061e-02
0.07010	3.53203e-02
0.07049	3.48891e-02
0.07108	3.42604e-02
0.07186	3.34329e-02
0.07280	3.24544e-02
0.07385	3.13930e-02
0.07497	3.03127e-02
0.07613	2.92643e-02
0.07732	2.82849e-02
0.07851	2.73998e-02
0.07971	2.66250e-02
0.08090	2.59679e-02
0.08208	2.54296e-02
0.08326	2.50052e-02
0.08442	2.46855e-02
0.08556	2.44583e-02
0.08670	2.43097e-02
0.08781	2.42254e-02
0.08891	2.41913e-02
0.08999	2.41949e-02
0.09105	2.42250e-02
0.09209	2.42727e-02
0.09310	2.43307e-02
0.09407	2.43934e-02
0.09502	2.44568e-02
0.09593	2.45184e-02
0.09681	2.45767e-02
0.09764	2.46311e-02
0.09843	2.46818e-02
0.09918	2.47297e-02
0.09988	2.47764e-02
0.10054	2.48239e-02
0.10114	2.48746e-02
0.10170	2.49317e-02
0.10220	2.49985e-02
0.10265	2.50788e-02
0.10305	2.51771e-02
0.10339	2.52978e-02
0.10368	2.54458e-02
0.10392	2.56261e-02
0.10410	2.58437e-02
0.10423	2.61035e-02
0.10430	2.64099e-02
0.10433	2.67672e-02
0.10429	2.71786e-02
0.10421	2.76467e-02
0.10408	2.81729e-02
0.10389	2.87576e-02
0.10366	2.93999e-02
0.10338	3.00975e-02
0.10306	3.08468e-02
0.10270	3.16426e-02
0.10230	3.24783e-02
0.10187	3.33460e-02
0.10140	3.42362e-02
0.10092	3.51381e-02
0.10041	3.60405e-02
0.09990	3.69316e-02
0.09938	3.78010e-02
0.09886	3.86404e-02
0.09835	3.94454e-02
0.09785	4.02162e-02
0.09736	4.09578e-02
0.09687	4.16783e-02
0.09640	4.23870e-02
0.09592	4.30929e-02
0.09545	4.38021e-02
0.09498	4.45172e-02
0.09452	4.52358e-02
0.09406	4.59499e-02
0.09361	4.66451e-02
0.09320	4.72998e-02
0.09282	4.78860e-02
0.09251	4.83723e-02
0.09228	4.87310e-02
0.09213	4.89472e-02
0.09206	4.90245e-02
0.09207	4.89822e-02
0.09214	4.88475e-02
0.09226	4.86476e-02
0.09240	4.84063e-02
0.09257	4.81432e-02
0.09274	4.78745e-02
0.09291	4.76145e-02
0.09308	4.73761e-02
0.09324	4.71713e-02
0.09338	4.70114e-02
0.09350	4.69067e-02
0.09359	4.68659e-02
0.09365	4.68958e-02
0.09368	4.70008e-02
0.09368	4.71818e-02
0.09365	4.74360e-02
0.09359	4.77547e-02
0.09352	4.81197e-02
0.09346	4.84942e-02
0.09344	4.88059e-02
0.09351	4.89568e-02
0.09370	4.89249e-02
0.09395	4.88051e-02
0.09422	4.86966e-02
0.09447	4.86586e-02
0.09470	4.87251e-02
0.09488	4.89168e-02
0.09503	4.92474e-02
0.09513	4.97253e-02
0.09519	5.03548e-02
0.09520	5.11371e-02
0.09516	5.20701e-02
0.09508	5.31493e-02
0.09496	5.43681e-02
0.09479	5.57179e-02
0.09459	5.71882e-02
0.09435	5.87664e-02
0.09408	6.04361e-02
0.09381	6.21720e-02
0.09355	6.39188e-02
0.09344	6.54968e-02
0.09385	6.64191e-02
0.09477	6.66740e-02
0.09588	6.67538e-02
0.09703	6.68367e-02
0.09821	6.69667e-02
0.09939	6.71547e-02
0.10058	6.74006e-02
0.10177	6.76987e-02
0.10298	6.80401e-02
0.10420	6.84133e-02
0.10544	6.88045e-02
0.10671	6.91987e-02
0.10801	6.95807e-02
0.10935	6.99361e-02
0.11072	7.02530e-02
0.11213	7.05231e-02
0.11358	7.07419e-02
0.11505	7.09087e-02
0.11655	7.10259e-02
0.11806	7.10987e-02
0.11956	7.11339e-02
0.12106	7.11393e-02
0.12255	7.11235e-02
0.12400	7.10949e-02
0.12541	7.10618e-02
0.12677	7.10318e-02
0.12808	7.10119e-02
0.12932	7.10079e-02
0.13049	7.10250e-02
0.13158	7.10671e-02
0.13259	7.11371e-02
0.13351	7.12372e-02
0.13434	7.13681e-02
0.13508	7.15299e-02
0.13571	7.17213e-02
0.13625	7.19398e-02
0.13669	7.21819e-02
0.13702	7.24421e-02
0.13726	7.27126e-02
0.13740	7.29822e-02
0.13745	7.32344e-02
0.13742	7.34430e-02
0.13733	7.35663e-02
0.13722	7.35390e-02
0.13713	7.32746e-02
0.13710	7.27018e-02
0.13712	7.18208e-02
0.13716	7.06978e-02
0.13716	6.94095e-02
0.13711	6.80120e-02
0.13698	6.65412e-02
0.13676	6.50196e-02
0.13645	6.34619e-02
0.13604	6.18786e-02
0.13553	6.02778e-02
0.13492	5.86663e-02
0.13421	5.70500e-02
0.13341	5.54348e-02
0.13251	5.38266e-02
0.13153	5.22314e-02
0.13045	5.06556e-02
0.12929	4.91064e-02
0.12805	4.75914e-02
0.12673	4.61191e-02
0.12534	4.46992e-02
0.12387	4.33421e-02
0.12234	4.20596e-02
0.12075	4.08643e-02
0.11910	3.97701e-02
0.11741	3.87917e-02
0.11566	3.79443e-02
0.11387	3.72432e-02
0.11205	3.67030e-02
0.11019	3.63369e-02
0.10831	3.61559e-02
0.10641	3.61675e-02
0.10449	3.63753e-02
0.10257	3.67783e-02
0.10064	3.73706e-02
0.09872	3.81410e-02
0.09682	3.90733e-02
0.09494	4.01458e-02
0.09311	4.13313e-02
0.09134	4.25954e-02
0.08965	4.38949e-02
0.08809	4.51744e-02
0.08670	4.63615e-02
0.08554	4.73642e-02
0.08469	4.80747e-02
0.08423	4.83944e-02
0.08419	4.82787e-02
0.08454	4.77676e-02
0.08522	4.69633e-02
0.08614	4.59833e-02
0.08722	4.49297e-02
0.08842	4.38826e-02
0.08969	4.29014e-02
0.09101	4.20295e-02
0.09236	4.12979e-02
0.09372	4.07280e-02
0.09507	4.03330e-02
0.09642	4.01197e-02
0.09775	4.00888e-02
0.09905	4.02364e-02
0.10032	4.05546e-02
0.10155	4.10322e-02
0.10273	4.16562e-02
0.10387	4.24115e-02
0.10495	4.32826e-02
0.10598	4.42533e-02
0.10694	4.53074e-02
0.10784	4.64294e-02
0.10867	4.76038e-02
0.10943	4.88161e-02
0.11011	5.00525e-02
0.11072	5.12997e-02
0.11125	5.25452e-02
0.11171	5.37774e-02
0.11208	5.49851e-02
0.11238	5.61576e-02
0.11261	5.72849e-02
0.11276	5.83574e-02
0.11283	5.93659e-02
0.11284	6.03019e-02
0.11278	6.11570e-02
0.11265	6.19236e-02
0.11247	6.25948e-02
0.11222	6.31645e-02
0.11193	6.36276e-02
0.11158	6.39803e-02
0.11118	6.42205e-02
0.11074	6.43477e-02
0.11025	6.43632e-02
0.10971	6.42704e-02
0.10913	6.40744e-02
0.10851	6.37822e-02
0.10783	6.34020e-02
0.10710	6.29435e-02
0.10632	6.24168e-02
0.10549	6.18331e-02
0.10460	6.12033e-02
0.10365	6.05390e-02
0.10264	5.98514e-02
0.10157	5.91517e-02
0.10044	5.84506e-02
0.09925	5.77586e-02
0.09801	5.70852e-02
0.09670	5.64394e-02
0.09535	5.58288e-02
0.09396	5.52596e-02
0.09252	5.47353e-02
0.09105	5.42567e-02
0.08955	5.38197e-02
0.08806	5.34136e-02
0.08658	5.30171e-02
0.08515	5.25871e-02
0.08386	5.20142e-02
0.08283	5.10954e-02
0.08205	4.98849e-02
0.08140	4.85746e-02
0.08083	4.72506e-02
0.08033	4.59558e-02
0.07988	4.47202e-02
0.07949	4.35690e-02
0.07914	4.25249e-02
0.07883	4.16084e-02
0.07857	4.08348e-02
0.07834	4.02102e-02
0.07817	3.97267e-02
0.07806	3.93559e-02
0.07804	3.90434e-02
0.07816	3.87073e-02
0.07845	3.82510e-02
0.07893	3.76015e-02
0.07961	3.67494e-02
0.08044	3.57500e-02
0.08136	3.46867e-02
0.08234	3.36384e-02
0.08333	3.26676e-02
0.08432	3.18200e-02
0.08529	3.11280e-02
0.08622	3.06126e-02
0.08712	3.02851e-02
0.08797	3.01482e-02
0.08877	3.01972e-02
0.08951	3.04206e-02
0.09019	3.08020e-02
0.09081	3.13213e-02
0.09137	3.19565e-02
0.09187	3.26843e-02
0.09231	3.34816e-02
0.09268	3.43261e-02
0.09298	3.51965e-02
0.09323	3.60729e-02
0.09342	3.69370e-02
0.09354	3.77719e-02
0.09361	3.85623e-02
0.09363	3.92948e-02
0.09359	3.99574e-02
0.09351	4.05402e-02
0.09338	4.10351e-02
0.09321	4.14359e-02
0.09299	4.17386e-02
0.09273	4.19409e-02
0.09243	4.20424e-02
0.09210	4.20444e-02
0.09172	4.19496e-02
0.09130	4.17618e-02
0.09084	4.14861e-02
0.09034	4.11284e-02
0.08980	4.06953e-02
0.08922	4.01942e-02
0.08860	3.96327e-02
0.08794	3.90193e-02
0.08724	3.83627e-02
0.08650	3.76720e-02
0.08572	3.69569e-02
0.08491	3.62274e-02
0.08407	3.54936e-02
0.08321	3.47665e-02
0.08232	3.40568e-02
0.08141	3.33760e-02
0.08048	3.27356e-02
0.07955	3.21470e-02
0.07861	3.16219e-02
0.07768	3.11716e-02
0.07675	3.08074e-02
0.07584	3.05396e-02
0.07495	3.03778e-02
0.07408	3.03299e-02
0.07325	3.04017e-02
0.07246	3.05960e-02
0.07172	3.09111e-02
0.07103	3.13402e-02
0.07041	3.18704e-02
0.06987	3.24849e-02
0.06942	3.31682e-02
0.06906	3.39144e-02
0.06879	3.47316e-02
0.06860	3.56354e-02
0.06848	3.66375e-02
0.06843	3.77362e-02
0.06846	3.89067e-02
0.06859	4.00788e-02
0.06894	4.10739e-02
0.06968	4.15803e-02
0.07084	4.15490e-02
0.07222	4.12769e-02
0.07369	4.09616e-02
0.07519	4.06790e-02
0.07670	4.04572e-02
0.07822	4.03055e-02
0.07972	4.02247e-02
0.08120	4.02109e-02
0.08266	4.02572e-02
0.08409	4.03553e-02
0.08550	4.04962e-02
0.08687	4.06714e-02
0.08820	4.08734e-02
0.08949	4.10962e-02
0.09073	4.13357e-02
0.09192	4.15891e-02
0.09305	4.18553e-02
0.09411	4.21338e-02
0.09511	4.24249e-02
0.09603	4.27289e-02
0.09687	4.30460e-02
0.09762	4.33762e-02
0.09829	4.37191e-02
0.09887	4.40739e-02
0.09936	4.44395e-02
0.09976	4.48141e-02
0.10006	4.51955e-02
0.10027	4.55809e-02
0.10038	4.59662e-02
0.10040	4.63456e-02
0.10033	4.67102e-02
0.10018	4.70445e-02
0.09997	4.73203e-02
0.09971	4.74820e-02
0.09947	4.74305e-02
0.09930	4.70504e-02
0.09920	4.63266e-02
0.09913	4.53605e-02
0.09904	4.42559e-02
0.09889	4.30767e-02
0.09869	4.18592e-02
0.09841	4.06267e-02
0.09807	3.93962e-02
0.09765	3.81820e-02
0.09717	3.69969e-02
0.09662	3.58533e-02
0.09602	3.47632e-02
0.09535	3.37384e-02
0.09463	3.27900e-02
0.09387	3.19283e-02
0.09307	3.11625e-02
0.09223	3.05000e-02
0.09136	2.99457e-02
0.09047	2.95022e-02
0.08958	2.91687e-02
0.08868	2.89414e-02
0.08779	2.88127e-02
0.08692	2.87721e-02
0.08608	2.88059e-02
0.08528	2.88977e-02
0.08454	2.90292e-02
0.08386	2.91818e-02
0.08325	2.93394e-02
0.08273	2.94916e-02
0.08230	2.96376e-02
0.08195	2.97865e-02
0.08169	2.99554e-02
0.08150	3.01653e-02
0.08138	3.04360e-02
0.08131	3.07832e-02
0.08130	3.12172e-02
0.08133	3.17426e-02
0.08140	3.23588e-02
0.08151	3.30611e-02
0.08165	3.38421e-02
0.08181	3.46922e-02
0.08200	3.56012e-02
0.08221	3.65589e-02
0.08243	3.75556e-02
0.08266	3.85824e-02
0.08290	3.96313e-02
0.08313	4.06956e-02
0.08336	4.17691e-02
0.08358	4.28460e-02
0.08379	4.39209e-02
0.08397	4.49879e-02
0.08414	4.60402e-02
0.08427	4.70702e-02
0.08438	4.80683e-02
0.08447	4.90226e-02
0.08453	4.99188e-02
0.08457	5.07393e-02
0.08461	5.14641e-02
0.08465	5.20721e-02
0.08471	5.25432e-02
0.08478	5.28615e-02
0.08488	5.30167e-02
0.08501	5.30056e-02
0.08516	5.28330e-02
0.08531	5.25120e-02
0.08546	5.20613e-02
0.08559	5.15018e-02
0.08568	5.08536e-02
0.08573	5.01344e-02
0.08572	4.93593e-02
0.08566	4.85413e-02
0.08552	4.76917e-02
0.08532	4.68207e-02
0.08505	4.59380e-02
0.08470	4.50529e-02
0.08429	4.41750e-02
0.08379	4.33137e-02
0.08323	4.24788e-02
0.08259	4.16805e-02
0.08188	4.09290e-02
0.08111	4.02341e-02
0.08026	3.96035e-02
0.07936	3.90343e-02
0.07846	3.84210e-02
0.07783	3.72291e-02
0.07729	3.58283e-02
0.07670	3.45140e-02
0.07604	3.33397e-02
0.07533	3.23379e-02
0.07456	3.15366e-02
0.07373	3.09605e-02
0.07284	3.06299e-02
0.07191	3.05581e-02
0.07092	3.07510e-02
0.06989	3.12058e-02
0.06882	3.19117e-02
0.06770	3.28511e-02
0.06656	3.40016e-02
0.06538	3.53380e-02
0.06418	3.68336e-02
0.06296	3.84619e-02
0.06173	4.01970e-02
0.06050	4.20133e-02
0.05927	4.38841e-02
0.05808	4.57733e-02
0.05699	4.75965e-02
0.05630	4.90305e-02
0.05673	4.92903e-02
0.05778	4.89695e-02
0.05892	4.86449e-02
0.06013	4.83495e-02
0.06139	4.80759e-02
0.06271	4.78011e-02
0.06411	4.74941e-02
0.06560	4.71289e-02
0.06716	4.66981e-02
0.06877	4.62144e-02
0.07040	4.56982e-02
0.07204	4.51687e-02
0.07367	4.46406e-02
0.07527	4.41248e-02
0.07684	4.36300e-02
0.07836	4.31631e-02
0.07983	4.27301e-02
0.08125	4.23362e-02
0.08260	4.19858e-02
0.08389	4.16827e-02
0.08511	4.14303e-02
0.08625	4.12311e-02
0.08732	4.10868e-02
0.08831	4.09985e-02
0.08923	4.09666e-02
0.09006	4.09904e-02
0.09082	4.10688e-02
0.09149	4.11996e-02
0.09209	4.13799e-02
0.09261	4.16063e-02
0.09305	4.18746e-02
0.09342	4.21802e-02
0.09372	4.25179e-02
0.09394	4.28826e-02
0.09410	4.32686e-02
0.09420	4.36703e-02
0.09424	4.40823e-02
0.09422	4.44991e-02
0.09416	4.49152e-02
0.09404	4.53254e-02
0.09389	4.57244e-02
0.09369	4.61065e-02
0.09347	4.64658e-02
0.09323	4.67960e-02
0.09296	4.70896e-02
0.09269	4.73389e-02
0.09242	4.75350e-02
0.09215	4.76683e-02
0.09190	4.77288e-02
0.09168	4.77065e-02
0.09149	4.75928e-02
0.09134	4.73816e-02
0.09124	4.70712e-02
0.09118	4.66617e-02
0.09116	4.61663e-02
0.09118	4.55997e-02
0.09123	4.49793e-02
0.09130	4.43237e-02
0.09138	4.36511e-02
0.09148	4.29778e-02
0.09157	4.23178e-02
0.09167	4.16823e-02
0.09177	4.10799e-02
0.09186	4.05165e-02
0.09196	3.99951e-02
0.09205	3.95165e-02
0.09214	3.90794e-02
0.09223	3.86807e-02
0.09233	3.83155e-02
0.09243	3.79783e-02
0.09254	3.76627e-02
0.09266	3.73622e-02
0.09279	3.70703e-02
0.09292	3.67811e-02
0.09307	3.64897e-02
0.09323	3.61926e-02
0.09339	3.58879e-02
0.09356	3.55760e-02
0.09374	3.52591e-02
0.09391	3.49416e-02
0.09407	3.46292e-02
0.09422	3.43288e-02
0.09436	3.40481e-02
0.09448	3.37943e-02
0.09457	3.35744e-02
0.09463	3.33943e-02
0.09465	3.32586e-02
0.09464	3.31707e-02
0.09460	3.31322e-02
0.09451	3.31433e-02
0.09439	3.32027e-02
0.09422	3.33074e-02
0.09401	3.34533e-02
0.09376	3.36352e-02
0.09347	3.38471e-02
0.09315	3.40826e-02
0.09279	3.43350e-02
0.09240	3.45983e-02
0.09197	3.48674e-02
0.09152	3.51382e-02
0.09103	3.54083e-02
0.09052	3.56772e-02
0.08999	3.59456e-02
0.08942	3.62154e-02
0.08883	3.64890e-02
0.08822	3.67688e-02
0.08758	3.70569e-02
0.08692	3.73543e-02
0.08624	3.76610e-02
0.08553	3.79763e-02
0.08481	3.82984e-02
0.08408	3.86252e-02
0.08334	3.89545e-02
0.08259	3.92845e-02
0.08184	3.96138e-02
0.08108	3.99420e-02
0.08033	4.02695e-02
0.07959	4.05977e-02
0.07884	4.09289e-02
0.07811	4.12667e-02
0.07738	4.16155e-02
0.07665	4.19803e-02
0.07593	4.23658e-02
0.07521	4.27760e-02
0.07449	4.32127e-02
0.07378	4.36742e-02
0.07308	4.41530e-02
0.07240	4.46308e-02
0.07177	4.50635e-02
0.07125	4.53482e-02
0.07094	4.53624e-02
0.07079	4.51591e-02
0.07073	4.48637e-02
0.07072	4.45359e-02
0.07075	4.41959e-02
0.07080	4.38470e-02
0.07089	4.34752e-02
0.07104	4.30351e-02
0.07131	4.24235e-02
0.07177	4.15052e-02
0.07241	4.02612e-02
0.07315	3.88055e-02
0.07392	3.72451e-02
0.07468	3.56413e-02
0.07540	3.40287e-02
0.07608	3.24296e-02
0.07671	3.08612e-02
0.07729	2.93382e-02
0.07780	2.78750e-02
0.07826	2.64859e-02
0.07865	2.51858e-02
0.07898	2.39900e-02
0.07925	2.29145e-02
0.07945	2.19749e-02
0.07959	2.11861e-02
0.07967	2.05607e-02
0.07968	2.01079e-02
0.07964	1.98323e-02
0.07954	1.97330e-02
0.07938	1.98032e-02
0.07917	2.00309e-02
0.07892	2.03999e-02
0.07861	2.08913e-02
0.07826	2.14852e-02
0.07787	2.21615e-02
0.07745	2.29015e-02
0.07700	2.36879e-02
0.07652	2.45051e-02
0.07603	2.53398e-02
0.07552	2.61804e-02
0.07500	2.70167e-02
0.07447	2.78403e-02
0.07395	2.86440e-02
0.07344	2.94221e-02
0.07294	3.01698e-02
0.07245	3.08841e-02
0.07199	3.15628e-02
0.07156	3.22054e-02
0.07116	3.28112e-02
0.07079	3.33796e-02
0.07046	3.39083e-02
0.07019	3.43908e-02
0.06997	3.48130e-02
0.06982	3.51513e-02
0.06977	3.53745e-02
0.06982	3.54597e-02
0.06998	3.54136e-02
0.07023	3.52761e-02
0.07053	3.51007e-02
0.07087	3.49345e-02
0.07122	3.48124e-02
0.07157	3.47577e-02
0.07193	3.47848e-02
0.07227	3.49013e-02
0.07261	3.51088e-02
0.07293	3.54042e-02
0.07325	3.57805e-02
0.07355	3.62273e-02
0.07385	3.67317e-02
0.07415	3.72788e-02
0.07446	3.78530e-02
0.07477	3.84382e-02
0.07510	3.90196e-02
0.07544	3.95836e-02
0.07580	4.01200e-02
0.07618	4.06214e-02
0.07659	4.10840e-02
0.07701	4.15064e-02
0.07744	4.18884e-02
0.07789	4.22298e-02
0.07835	4.25296e-02
0.07882	4.27856e-02
0.07929	4.29952e-02
0.07977	4.31561e-02
0.08026	4.32669e-02
0.08075	4.33283e-02
0.08124	4.33427e-02
0.08173	4.33146e-02
0.08221	4.32494e-02
0.08267	4.31527e-02
0.08312	4.30304e-02
0.08355	4.28874e-02
0.08395	4.27280e-02
0.08434	4.25557e-02
0.08469	4.23733e-02
0.08502	4.21827e-02
0.08532	4.19853e-02
0.08560	4.17820e-02
0.08585	4.15731e-02
0.08608	4.13590e-02
0.08629	4.11394e-02
0.08647	4.09145e-02
0.08664	4.06845e-02
0.08680	4.04499e-02
0.08692	4.02147e-02
0.08703	3.99775e-02
0.08712	3.97408e-02
0.08720	3.95079e-02
0.08726	3.92832e-02
0.08731	3.90714e-02
0.08735	3.88780e-02
0.08737	3.87089e-02
0.08738	3.85699e-02
0.08737	3.84666e-02
0.08735	3.84045e-02
0.08731	3.83884e-02
0.08726	3.84227e-02
0.08720	3.85109e-02
0.08712	3.86559e-02
0.08702	3.88597e-02
0.08691	3.91237e-02
0.08679	3.94484e-02
0.08666	3.98334e-02
0.08651	4.02777e-02
0.08634	4.07797e-02
0.08617	4.13366e-02
0.08598	4.19451e-02
0.08577	4.26005e-02
0.08556	4.32969e-02
0.08534	4.40258e-02
0.08511	4.47741e-02
0.08490	4.55201e-02
0.08469	4.62328e-02
0.08453	4.68397e-02
0.08448	4.72826e-02
0.08450	4.75841e-02
0.08455	4.78226e-02
0.08460	4.80577e-02
0.08464	4.83186e-02
0.08464	4.86174e-02
0.08461	4.89578e-02
0.08455	4.93387e-02
0.08444	4.97562e-02
0.08430	5.02045e-02
0.08412	5.06760e-02
0.08391	5.11611e-02
0.08366	5.16483e-02
0.08340	5.21230e-02
0.08313	5.25667e-02
0.08285	5.29558e-02
0.08260	5.32608e-02
0.08238	5.34494e-02
0.08222	5.34948e-02
0.08213	5.33857e-02
0.08210	5.31302e-02
0.08210	5.27477e-02
0.08214	5.22594e-02
0.08219	5.16833e-02
0.08225	5.10339e-02
0.08231	5.03229e-02
0.08235	4.95602e-02
0.08238	4.87551e-02
0.08239	4.79165e-02
0.08238	4.70531e-02
0.08234	4.61737e-02
0.08226	4.52873e-02
0.08215	4.44035e-02
0.08201	4.35310e-02
0.08183	4.26795e-02
0.08161	4.18585e-02
0.08135	4.10776e-02
0.08105	4.03466e-02
0.08070	3.96751e-02
0.08032	3.90726e-02
0.07990	3.85481e-02
0.07943	3.81100e-02
0.07893	3.77660e-02
0.07839	3.75225e-02
0.07781	3.73849e-02
0.07720	3.73566e-02
0.07655	3.74387e-02
0.07587	3.76283e-02
0.07517	3.79139e-02
0.07448	3.82572e-02
0.07385	3.85256e-02
0.07338	3.85485e-02
0.07301	3.84754e-02
0.07265	3.84594e-02
0.07228	3.85468e-02
0.07190	3.87512e-02
0.07150	3.90751e-02
0.07108	3.95163e-02
0.07064	4.00691e-02
0.07019	4.07252e-02
0.06973	4.14738e-02
0.06926	4.23016e-02
0.06878	4.31913e-02
0.06831	4.41187e-02
0.06788	4.50441e-02
0.06752	4.58937e-02
0.06733	4.65342e-02
0.06742	4.68364e-02
0.06773	4.68514e-02
0.06817	4.67344e-02
0.06864	4.65863e-02
0.06913	4.64527e-02
0.06960	4.63526e-02
0.07006	4.62936e-02
0.07050	4.62777e-02
0.07091	4.63036e-02
0.07129	4.63688e-02
0.07164	4.64694e-02
0.07196	4.66006e-02
0.07225	4.67576e-02
0.07251	4.69346e-02
0.07274	4.71259e-02
0.07294	4.73255e-02
0.07311	4.75270e-02
0.07325	4.77242e-02
0.07337	4.79103e-02
0.07347	4.80790e-02
0.07354	4.82239e-02
0.07359	4.83390e-02
0.07363	4.84189e-02
0.07366	4.84590e-02
0.07367	4.84559e-02
0.07367	4.84071e-02
0.07366	4.83116e-02
0.07364	4.81690e-02
0.07361	4.79796e-02
0.07357	4.77443e-02
0.07352	4.74636e-02
0.07347	4.71383e-02
0.07341	4.67689e-02
0.07334	4.63554e-02
0.07328	4.58979e-02
0.07321	4.53960e-02
0.07314	4.48488e-02
0.07308	4.42548e-02
0.07303	4.36116e-02
0.07300	4.29163e-02
0.07298	4.21663e-02
0.07299	4.13603e-02
0.07302	4.05000e-02
0.07307	3.95910e-02
0.07313	3.86432e-02
0.07322	3.76700e-02
0.07331	3.66870e-02
0.07340	3.57112e-02
0.07349	3.47590e-02
0.07358	3.38456e-02
0.07367	3.29844e-02
0.07374	3.21848e-02
0.07382	3.14562e-02
0.07389	3.08027e-02
0.07396	3.02255e-02
0.07404	2.97222e-02
0.07413	2.92884e-02
0.07423	2.89183e-02
0.07435	2.86062e-02
0.07450	2.83470e-02
0.07466	2.81367e-02
0.07485	2.79720e-02
0.07507	2.78493e-02
0.07530	2.77643e-02
0.07557	2.77116e-02
0.07586	2.76847e-02
0.07617	2.76766e-02
0.07651	2.76806e-02
0.07687	2.76913e-02
0.07725	2.77051e-02
0.07765	2.77209e-02
0.07806	2.77401e-02
0.07848	2.77666e-02
0.07890	2.78058e-02
0.07932	2.78645e-02
0.07973	2.79494e-02
0.08013	2.80669e-02
0.08050	2.82220e-02
0.08085	2.84179e-02
0.08117	2.86560e-02
0.08145	2.89350e-02
0.08170	2.92518e-02
0.08192	2.96009e-02
0.08209	2.99746e-02
0.08223	3.03636e-02
0.08233	3.07569e-02
0.08241	3.11425e-02
0.08245	3.15072e-02
0.08246	3.18381e-02
0.08246	3.21231e-02
0.08243	3.23519e-02
0.08239	3.25178e-02
0.08233	3.26182e-02
0.08226	3.26549e-02
0.08217	3.26332e-02
0.08205	3.25612e-02
0.08192	3.24483e-02
0.08176	3.23041e-02
0.08157	3.21381e-02
0.08135	3.19583e-02
0.08110	3.17721e-02
0.08082	3.15851e-02
0.08051	3.14015e-02
0.08018	3.12238e-02
0.07982	3.10523e-02
0.07943	3.08856e-02
0.07904	3.07201e-02
0.07863	3.05510e-02
0.07822	3.03732e-02
0.07781	3.01836e-02
0.07741	2.99830e-02
0.07701	2.97784e-02
0.07663	2.95827e-02
0.07624	2.94135e-02
0.07586	2.92904e-02
0.07547	2.92326e-02
0.07509	2.92567e-02
0.07469	2.93754e-02
0.07429	2.95969e-02
0.07389	2.99251e-02
0.07348	3.03589e-02
0.07308	3.08930e-02
0.07268	3.15178e-02
0.07229	3.22194e-02
0.07192	3.29803e-02
0.07158	3.37784e-02
0.07128	3.45883e-02
0.07103	3.53816e-02
0.07086	3.61307e-02
0.07077	3.68141e-02
0.07077	3.74216e-02
0.07087	3.79557e-02
0.07104	3.84269e-02
0.07130	3.88476e-02
0.07162	3.92274e-02
0.07200	3.95730e-02
0.07244	3.98893e-02
0.07293	4.01816e-02
0.07346	4.04568e-02
0.07402	4.07235e-02
0.07461	4.09914e-02
0.07520	4.12699e-02
0.07580	4.15675e-02
0.07639	4.18914e-02
0.07697	4.22471e-02
0.07753	4.26386e-02
0.07806	4.30686e-02
0.07856	4.35382e-02
0.07903	4.40472e-02
0.07946	4.45943e-02
0.07984	4.51712e-02
0.08019	4.57777e-02
0.08049	4.64056e-02
0.08075	4.70390e-02
0.08100	4.76448e-02
0.08126	4.81714e-02
0.08153	4.86007e-02
0.08181	4.89710e-02
0.08206	4.93159e-02
0.08228	4.96495e-02
0.08246	4.99756e-02
0.08261	5.02944e-02
0.08272	5.06040e-02
0.08280	5.09020e-02
0.08284	5.11852e-02
0.08287	5.14503e-02
0.08287	5.16938e-02
0.08285	5.19122e-02
0.08282	5.21022e-02
0.08278	5.22611e-02
0.08273	5.23867e-02
0.08268	5.24781e-02
0.08264	5.25358e-02
0.08260	5.25615e-02
0.08257	5.25582e-02
0.08254	5.25299e-02
0.08253	5.24811e-02
0.08253	5.24164e-02
0.08255	5.23405e-02
0.08258	5.22574e-02
0.08263	5.21711e-02
0.08270	5.20846e-02
0.08279	5.20004e-02
0.08291	5.19198e-02
0.08307	5.18417e-02
0.08326	5.17583e-02
0.08352	5.16442e-02
0.08388	5.14366e-02
0.08439	5.10674e-02
0.08502	5.05702e-02
0.08573	5.00229e-02
0.08650	4.94721e-02
0.08729	4.89423e-02
0.08812	4.84494e-02
0.08898	4.80054e-02
0.08986	4.76202e-02
0.09075	4.73017e-02
0.09166	4.70562e-02
0.09258	4.68882e-02
0.09352	4.67997e-02
0.09446	4.67905e-02
0.09542	4.68575e-02
0.09639	4.69942e-02
0.09737	4.71908e-02
0.09837	4.74331e-02
0.09939	4.77031e-02
0.10045	4.79785e-02
0.10154	4.82348e-02
0.10267	4.84481e-02
0.10385	4.86001e-02
0.10508	4.86817e-02
0.10635	4.86941e-02
0.10765	4.86460e-02
0.10897	4.85483e-02
0.11030	4.84116e-02
0.11163	4.82436e-02
0.11296	4.80494e-02
0.11427	4.78314e-02
0.11557	4.75904e-02
0.11686	4.73260e-02
0.11811	4.70372e-02
0.11935	4.67230e-02
0.12055	4.63830e-02
0.12172	4.60170e-02
0.12285	4.56260e-02
0.12394	4.52117e-02
0.12498	4.47765e-02
0.12598	4.43240e-02
0.12692	4.38580e-02
0.12781	4.33831e-02
0.12864	4.29046e-02
0.12941	4.24277e-02
0.13011	4.19583e-02
0.13074	4.15022e-02
0.13130	4.10654e-02
0.13179	4.06541e-02
0.13221	4.02741e-02
0.13254	3.99312e-02
0.13280	3.96312e-02
0.13297	3.93792e-02
0.13307	3.91801e-02
0.13308	3.90382e-02
0.13301	3.89573e-02
0.13285	3.89400e-02
0.13262	3.89889e-02
0.13229	3.91053e-02
0.13189	3.92897e-02
0.13140	3.95417e-02
0.13083	3.98604e-02
0.13018	4.02435e-02
0.12945	4.06883e-02
0.12865	4.11914e-02
0.12776	4.17487e-02
0.12681	4.23555e-02
0.12578	4.30067e-02
0.12468	4.36968e-02
0.12351	4.44202e-02
0.12228	4.51708e-02
0.12099	4.59426e-02
0.11964	4.67293e-02
0.11824	4.75246e-02
0.11680	4.83223e-02
0.11530	4.91161e-02
0.11377	4.98999e-02
0.11221	5.06676e-02
0.11061	5.14132e-02
0.10900	5.21312e-02
0.10736	5.28161e-02
0.10571	5.34629e-02
0.10406	5.40672e-02
0.10242	5.46252e-02
0.10077	5.51340e-02
0.09914	5.55916e-02
0.09753	5.59974e-02
0.09594	5.63519e-02
0.09438	5.66564e-02
0.09285	5.69112e-02
0.09139	5.70563e-02
0.09062	5.61114e-02
0.09004	5.48946e-02
0.08949	5.36470e-02
0.08897	5.23811e-02
0.08848	5.11049e-02
0.08802	4.98257e-02
0.08757	4.85505e-02
0.08715	4.72856e-02
0.08674	4.60366e-02
0.08635	4.48081e-02
0.08597	4.36034e-02
0.08561	4.24252e-02
0.08527	4.12748e-02
0.08495	4.01538e-02
0.08465	3.90637e-02
0.08436	3.80077e-02
0.08409	3.69909e-02
0.08383	3.60205e-02
0.08359	3.51064e-02
0.08335	3.42597e-02
0.08312	3.34924e-02
0.08288	3.28164e-02
0.08265	3.22424e-02
0.08240	3.17797e-02
0.08216	3.14355e-02
0.08190	3.12145e-02
0.08163	3.11193e-02
0.08135	3.11496e-02
0.08105	3.13033e-02
0.08075	3.15762e-02
0.08043	3.19624e-02
0.08009	3.24552e-02
0.07975	3.30470e-02
0.07939	3.37298e-02
0.07901	3.44957e-02
0.07862	3.53372e-02
0.07822	3.62469e-02
0.07780	3.72182e-02
0.07736	3.82450e-02
0.07690	3.93216e-02
0.07643	4.04430e-02
0.07593	4.16044e-02
0.07542	4.28015e-02
0.07488	4.40297e-02
0.07433	4.52845e-02
0.07375	4.65608e-02
0.07315	4.78526e-02
0.07254	4.91522e-02
0.07191	5.04492e-02
0.07128	5.17285e-02
0.07067	5.29662e-02
0.07012	5.41094e-02
0.06992	5.47819e-02
0.07013	5.49544e-02
0.07046	5.49789e-02
0.07087	5.49005e-02
0.07135	5.47462e-02
0.07187	5.45342e-02
0.07243	5.42768e-02
0.07301	5.39844e-02
0.07361	5.36670e-02
0.07421	5.33345e-02
0.07481	5.29960e-02
0.07540	5.26593e-02
0.07598	5.23298e-02
0.07655	5.20107e-02
0.07709	5.17026e-02
0.07763	5.14038e-02
0.07814	5.11095e-02
0.07865	5.08122e-02
0.07916	5.05012e-02
0.07967	5.01626e-02
0.08019	4.97803e-02
0.08074	4.93373e-02
0.08131	4.88186e-02
0.08192	4.82147e-02
0.08256	4.75216e-02
0.08322	4.67401e-02
0.08391	4.58737e-02
0.08461	4.49268e-02
0.08533	4.39047e-02
0.08604	4.28130e-02
0.08676	4.16579e-02
0.08746	4.04465e-02
0.08815	3.91866e-02
0.08883	3.78868e-02
0.08948	3.65567e-02
0.09010	3.52068e-02
0.09068	3.38483e-02
0.09123	3.24936e-02
0.09174	3.11561e-02
0.09221	2.98501e-02
0.09263	2.85914e-02
0.09300	2.73967e-02
0.09332	2.62839e-02
0.09360	2.52714e-02
0.09382	2.43780e-02
0.09400	2.36214e-02
0.09412	2.30174e-02
0.09420	2.25782e-02
0.09422	2.23110e-02
0.09421	2.22166e-02
0.09415	2.22889e-02
0.09405	2.25150e-02
0.09391	2.28759e-02
0.09375	2.33478e-02
0.09356	2.39036e-02
0.09336	2.45146e-02
0.09314	2.51522e-02
0.09292	2.57893e-02
0.09271	2.64025e-02
0.09251	2.69736e-02
0.09232	2.74911e-02
0.09215	2.79518e-02
0.09200	2.83601e-02
0.09187	2.87277e-02
0.09174	2.90711e-02
0.09163	2.94097e-02
0.09151	2.97630e-02
0.09138	3.01494e-02
0.09124	3.05842e-02
0.09109	3.10790e-02
0.09091	3.16414e-02
0.09071	3.22742e-02
0.09048	3.29753e-02
0.09023	3.37374e-02
0.08995	3.45468e-02
0.08966	3.53823e-02
0.08937	3.62142e-02
0.08908	3.70055e-02
0.08882	3.77214e-02
0.08860	3.83459e-02
0.08840	3.88932e-02
0.08821	3.93991e-02
0.08802	3.99019e-02
0.08781	4.04311e-02
0.08757	4.10050e-02
0.08729	4.16330e-02
0.08698	4.23177e-02
0.08662	4.30564e-02
0.08622	4.38415e-02
0.08579	4.46592e-02
0.08534	4.54856e-02
0.08488	4.62751e-02
0.08447	4.69395e-02
0.08418	4.73532e-02
0.08404	4.74803e-02
0.08399	4.74318e-02
0.08396	4.73184e-02
0.08391	4.71958e-02
0.08385	4.70872e-02
0.08376	4.70005e-02
0.08364	4.69367e-02
0.08349	4.68927e-02
0.08332	4.68631e-02
0.08314	4.68407e-02
0.08294	4.68176e-02
0.08272	4.67848e-02
0.08251	4.67328e-02
0.08230	4.66519e-02
0.08210	4.65324e-02
0.08191	4.63646e-02
0.08174	4.61391e-02
0.08160	4.58472e-02
0.08150	4.54810e-02
0.08142	4.50343e-02
0.08138	4.45031e-02
0.08138	4.38865e-02
0.08142	4.31873e-02
0.08148	4.24122e-02
0.08156	4.15715e-02
0.08167	4.06779e-02
0.08178	3.97460e-02
0.08189	3.87911e-02
0.08199	3.78288e-02
0.08208	3.68744e-02
0.08216	3.59427e-02
0.08221	3.50478e-02
0.08224	3.42029e-02
0.08224	3.34203e-02
0.08221	3.27109e-02
0.08215	3.20841e-02
0.08206	3.15478e-02
0.08193	3.11079e-02
0.08178	3.07682e-02
0.08160	3.05304e-02
0.08139	3.03944e-02
0.08115	3.03582e-02
0.08088	3.04186e-02
0.08059	3.05714e-02
0.08028	3.08120e-02
0.07994	3.11355e-02
0.07958	3.15374e-02
0.07920	3.20130e-02
0.07879	3.25578e-02
0.07836	3.31668e-02
0.07791	3.38345e-02
0.07744	3.45538e-02
0.07694	3.53158e-02
0.07643	3.61093e-02
0.07591	3.69193e-02
0.07538	3.77261e-02
0.07486	3.85043e-02
0.07437	3.92230e-02
0.07392	3.98492e-02
0.07353	4.03581e-02
0.07321	4.07450e-02
0.07295	4.10297e-02
0.07273	4.12457e-02
0.07252	4.14263e-02
0.07233	4.15955e-02
0.07213	4.17665e-02
0.07193	4.19426e-02
0.07173	4.21192e-02
0.07153	4.22855e-02
0.07135	4.24274e-02
0.07118	4.25312e-02
0.07104	4.25883e-02
0.07093	4.25981e-02
0.07084	4.25690e-02
0.07077	4.25150e-02
0.07069	4.24518e-02
0.07062	4.23935e-02
0.07053	4.23513e-02
0.07043	4.23325e-02
0.07031	4.23413e-02
0.07017	4.23792e-02
0.07001	4.24449e-02
0.06984	4.25355e-02
0.06965	4.26467e-02
0.06946	4.27731e-02
0.06926	4.29089e-02
0.06906	4.30476e-02
0.06887	4.31818e-02
0.06869	4.33013e-02
0.06853	4.33900e-02
0.06841	4.34191e-02
0.06836	4.33416e-02
0.06841	4.31053e-02
0.06858	4.26979e-02
0.06883	4.21623e-02
0.06912	4.15534e-02
0.06944	4.09098e-02
0.06975	4.02557e-02
0.07007	3.96060e-02
0.07037	3.89709e-02
0.07066	3.83575e-02
0.07094	3.77710e-02
0.07119	3.72154e-02
0.07143	3.66936e-02
0.07165	3.62077e-02
0.07186	3.57595e-02
0.07204	3.53507e-02
0.07221	3.49827e-02
0.07235	3.46573e-02
0.07248	3.43763e-02
0.07258	3.41413e-02
0.07267	3.39541e-02
0.07272	3.38161e-02
0.07276	3.37280e-02
0.07277	3.36898e-02
0.07276	3.37004e-02
0.07273	3.37571e-02
0.07267	3.38558e-02
0.07259	3.39902e-02
0.07250	3.41522e-02
0.07240	3.43316e-02
0.07228	3.45167e-02
0.07217	3.46960e-02
0.07206	3.48599e-02
0.07195	3.50027e-02
0.07185	3.51229e-02
0.07175	3.52226e-02
0.07166	3.53052e-02
0.07157	3.53743e-02
0.07148	3.54324e-02
0.07139	3.54806e-02
0.07130	3.55184e-02
0.07122	3.55442e-02
0.07114	3.55553e-02
0.07107	3.55485e-02
0.07101	3.55206e-02
0.07097	3.54684e-02
0.07094	3.53898e-02
0.07092	3.52839e-02
0.07093	3.51515e-02
0.07095	3.49952e-02
0.07099	3.48198e-02
0.07104	3.46318e-02
0.07110	3.44389e-02
0.07117	3.42498e-02
0.07125	3.40737e-02
0.07134	3.39193e-02
0.07142	3.37950e-02
0.07150	3.37078e-02
0.07158	3.36638e-02
0.07166	3.36677e-02
0.07173	3.37223e-02
0.07180	3.38295e-02
0.07187	3.39895e-02
0.07193	3.42016e-02
0.07200	3.44644e-02
0.07206	3.47758e-02
0.07213	3.51340e-02
0.07219	3.55372e-02
0.07226	3.59843e-02
0.07233	3.64747e-02
0.07239	3.70083e-02
0.07246	3.75854e-02
0.07252	3.82063e-02
0.07257	3.88706e-02
0.07262	3.95778e-02
0.07266	4.03258e-02
0.07269	4.11115e-02
0.07271	4.19302e-02
0.07272	4.27752e-02
0.07273	4.36371e-02
0.07274	4.45034e-02
0.07276	4.53566e-02
0.07279	4.61729e-02
0.07287	4.69207e-02
0.07302	4.75613e-02
0.07326	4.80562e-02
0.07361	4.83811e-02
0.07406	4.85350e-02
0.07461	4.85335e-02
0.07524	4.83935e-02
0.07593	4.81254e-02
0.07668	4.77324e-02
0.07748	4.72153e-02
0.07833	4.65772e-02
0.07921	4.58264e-02
0.08011	4.49762e-02
0.08102	4.40431e-02
0.08192	4.30445e-02
0.08280	4.19970e-02
0.08365	4.09161e-02
0.08446	3.98156e-02
0.08523	3.87086e-02
0.08595	3.76069e-02
0.08661	3.65221e-02
0.08722	3.54653e-02
0.08777	3.44475e-02
0.08826	3.34797e-02
0.08868	3.25727e-02
0.08905	3.17373e-02
0.08935	3.09838e-02
0.08959	3.03221e-02
0.08978	2.97613e-02
0.08989	2.93091e-02
0.08995	2.89716e-02
0.08996	2.87533e-02
0.08990	2.86563e-02
0.08980	2.86803e-02
0.08964	2.88229e-02
0.08943	2.90795e-02
0.08917	2.94435e-02
0.08887	2.99068e-02
0.08853	3.04605e-02
0.08816	3.10946e-02
0.08775	3.17990e-02
0.08732	3.25636e-02
0.08686	3.33782e-02
0.08637	3.42333e-02
0.08588	3.51193e-02
0.08537	3.60273e-02
0.08485	3.69485e-02
0.08433	3.78746e-02
0.08382	3.87976e-02
0.08331	3.97097e-02
0.08282	4.06041e-02
0.08235	4.14746e-02
0.08190	4.23167e-02
0.08148	4.31272e-02
0.08109	4.39049e-02
0.08073	4.46500e-02
0.08040	4.53633e-02
0.08011	4.60431e-02
0.07987	4.66784e-02
0.07969	4.72284e-02
0.07965	4.75702e-02
0.07987	4.75167e-02
0.08031	4.71264e-02
0.08083	4.66008e-02
0.08139	4.60420e-02
0.08195	4.54906e-02
0.08250	4.49646e-02
0.08304	4.44736e-02
0.08355	4.40224e-02
0.08405	4.36124e-02
0.08452	4.32422e-02
0.08497	4.29074e-02
0.08540	4.26007e-02
0.08581	4.23122e-02
0.08621	4.20295e-02
0.08660	4.17395e-02
0.08699	4.14305e-02
0.08737	4.10940e-02
0.08774	4.07257e-02
0.08811	4.03259e-02
0.08847	3.98969e-02
0.08881	3.94423e-02
0.08913	3.89654e-02
0.08943	3.84684e-02
0.08971	3.79527e-02
0.08996	3.74184e-02
0.09018	3.68652e-02
0.09038	3.62919e-02
0.09055	3.56969e-02
0.09069	3.50786e-02
0.09081	3.44354e-02
0.09090	3.37658e-02
0.09096	3.30689e-02
0.09100	3.23444e-02
0.09101	3.15927e-02
0.09099	3.08152e-02
0.09094	3.00147e-02
0.09087	2.91949e-02
0.09077	2.83609e-02
0.09064	2.75192e-02
0.09048	2.66775e-02
0.09029	2.58449e-02
0.09007	2.50315e-02
0.08982	2.42481e-02
0.08954	2.35067e-02
0.08923	2.28191e-02
0.08889	2.21971e-02
0.08852	2.16517e-02
0.08812	2.11925e-02
0.08770	2.08267e-02
0.08726	2.05586e-02
0.08679	2.03891e-02
0.08632	2.03153e-02
0.08583	2.03308e-02
0.08534	2.04258e-02
0.08484	2.05882e-02
0.08435	2.08042e-02
0.08387	2.10599e-02
0.08340	2.13417e-02
0.08295	2.16377e-02
0.08253	2.19383e-02
0.08213	2.22370e-02
0.08176	2.25302e-02
0.08143	2.28181e-02
0.08112	2.31040e-02
0.08084	2.33943e-02
0.08059	2.36979e-02
0.08036	2.40251e-02
0.08015	2.43870e-02
0.07995	2.47945e-02
0.07977	2.52569e-02
0.07959	2.57815e-02
0.07941	2.63727e-02
0.07923	2.70322e-02
0.07905	2.77586e-02
0.07885	2.85477e-02
0.07864	2.93932e-02
0.07843	3.02869e-02
0.07820	3.12193e-02
0.07796	3.21802e-02
0.07770	3.31593e-02
0.07744	3.41461e-02
0.07717	3.51309e-02
0.07688	3.61047e-02
0.07660	3.70593e-02
0.07631	3.79876e-02
0.07601	3.88833e-02
0.07572	3.97410e-02
0.07542	4.05554e-02
0.07513	4.13211e-02
0.07485	4.20325e-02
0.07458	4.26831e-02
0.07432	4.32660e-02
0.07408	4.37738e-02
0.07387	4.41995e-02
0.07368	4.45375e-02
0.07353	4.47843e-02
0.07342	4.49394e-02
0.07335	4.50054e-02
0.07330	4.49880e-02
0.07329	4.48950e-02
0.07330	4.47352e-02
0.07334	4.45182e-02
0.07339	4.42529e-02
0.07346	4.39477e-02
0.07355	4.36099e-02
0.07365	4.32456e-02
0.07376	4.28600e-02
0.07388	4.24578e-02
0.07402	4.20433e-02
0.07417	4.16214e-02
0.07433	4.11977e-02
0.07452	4.07792e-02
0.07471	4.03729e-02
0.07493	3.99858e-02
0.07516	3.96233e-02
0.07541	3.92877e-02
0.07569	3.89773e-02
0.07599	3.86850e-02
0.07634	3.83979e-02
0.07674	3.80974e-02
0.07721	3.77619e-02
0.07775	3.73731e-02
0.07837	3.69233e-02
0.07906	3.64211e-02
0.07982	3.58912e-02
0.08062	3.53685e-02
0.08145	3.48917e-02
0.08228	3.44978e-02
0.08312	3.42200e-02
0.08395	3.40853e-02
0.08476	3.41145e-02
0.08554	3.43211e-02
0.08629	3.47113e-02
0.08701	3.52840e-02
0.08769	3.60297e-02
0.08834	3.69289e-02
0.08896	3.79432e-02
0.08960	3.89796e-02
0.09036	3.97594e-02
0.09143	3.98692e-02
0.09269	3.95451e-02
0.09399	3.91490e-02
0.09526	3.88039e-02
0.09648	3.85492e-02
0.09764	3.84000e-02
0.09875	3.83616e-02
0.09980	3.84342e-02
0.10078	3.86147e-02
0.10170	3.88974e-02
0.10255	3.92745e-02
0.10333	3.97365e-02
0.10405	4.02728e-02
0.10470	4.08716e-02
0.10529	4.15208e-02
0.10581	4.22078e-02
0.10627	4.29200e-02
0.10667	4.36450e-02
0.10701	4.43710e-02
0.10729	4.50868e-02
0.10752	4.57825e-02
0.10770	4.64493e-02
0.10783	4.70800e-02
0.10791	4.76688e-02
0.10794	4.82117e-02
0.10793	4.87060e-02
0.10787	4.91503e-02
0.10777	4.95441e-02
0.10762	4.98877e-02
0.10743	5.01813e-02
0.10720	5.04254e-02
0.10693	5.06201e-02
0.10662	5.07650e-02
0.10627	5.08590e-02
0.10589	5.09004e-02
0.10549	5.08867e-02
0.10505	5.08147e-02
0.10460	5.06803e-02
0.10413	5.04792e-02
0.10366	5.02066e-02
0.10318	4.98580e-02
0.10271	4.94296e-02
0.10224	4.89186e-02
0.10178	4.83237e-02
0.10135	4.76452e-02
0.10093	4.68850e-02
0.10053	4.60460e-02
0.10015	4.51323e-02
0.09979	4.41487e-02
0.09946	4.31008e-02
0.09915	4.19948e-02
0.09887	4.08383e-02
0.09861	3.96404e-02
0.09837	3.84126e-02
0.09815	3.71691e-02
0.09795	3.59271e-02
0.09776	3.47076e-02
0.09758	3.35350e-02
0.09740	3.24369e-02
0.09722	3.14435e-02
0.09703	3.05865e-02
0.09683	2.98972e-02
0.09662	2.94044e-02
0.09639	2.91319e-02
0.09615	2.90961e-02
0.09587	2.93043e-02
0.09558	2.97539e-02
0.09526	3.04327e-02
0.09492	3.13206e-02
0.09455	3.23919e-02
0.09417	3.36174e-02
0.09376	3.49665e-02
0.09334	3.64091e-02
0.09292	3.79163e-02
0.09248	3.94618e-02
0.09205	4.10224e-02
0.09162	4.25782e-02
0.09120	4.41136e-02
0.09079	4.56166e-02
0.09039	4.70794e-02
0.09001	4.84967e-02
0.08964	4.98655e-02
0.08928	5.11833e-02
0.08893	5.24468e-02
0.08860	5.36498e-02
0.08829	5.47805e-02
0.08800	5.58170e-02
0.08778	5.67217e-02
0.08764	5.74452e-02
0.08761	5.79602e-02
0.08766	5.82983e-02
0.08776	5.85223e-02
0.08786	5.86814e-02
0.08795	5.88029e-02
0.08801	5.88999e-02
0.08805	5.89781e-02
0.08805	5.90393e-02
0.08802	5.90832e-02
0.08795	5.91083e-02
0.08784	5.91122e-02
0.08770	5.90919e-02
0.08754	5.90437e-02
0.08734	5.89628e-02
0.08712	5.88438e-02
0.08688	5.86805e-02
0.08662	5.84662e-02
0.08636	5.81953e-02
0.08609	5.78635e-02
0.08581	5.74698e-02
0.08553	5.70165e-02
0.08525	5.65087e-02
0.08495	5.59539e-02
0.08465	5.53602e-02
0.08433	5.47354e-02
0.08398	5.40869e-02
0.08362	5.34208e-02
0.08324	5.27423e-02
0.08284	5.20558e-02
0.08242	5.13651e-02
0.08198	5.06738e-02
0.08152	4.99856e-02
0.08104	4.93040e-02
0.08055	4.86328e-02
0.08004	4.79757e-02
0.07860	4.98134e-02
0.07787	4.91202e-02
0.07714	4.84399e-02
0.07641	4.77688e-02
0.07568	4.70970e-02
0.07497	4.64051e-02
0.07431	4.56634e-02
0.07371	4.48380e-02
0.07319	4.39086e-02
0.07275	4.28840e-02
0.07955	3.87267e-02
0.07886	3.79179e-02
0.07816	3.71493e-02
0.07744	3.64219e-02
0.07671	3.57362e-02
0.07597	3.50922e-02
0.07522	3.44894e-02
0.07446	3.39270e-02
0.07368	3.34037e-02
0.07290	3.29179e-02
0.07211	3.24676e-02
0.07131	3.20504e-02
0.07051	3.16634e-02
0.06970	3.13035e-02
0.06889	3.09672e-02
0.06808	3.06508e-02
0.06726	3.03510e-02
0.06645	3.00651e-02
0.06565	2.97922e-02
0.06484	2.95331e-02
0.06404	2.92910e-02
0.06324	2.90709e-02
0.06244	2.88786e-02
0.06163	2.87201e-02
0.06082	2.86009e-02
0.06000	2.85252e-02
0.05918	2.84959e-02
0.05836	2.85145e-02
0.05753	2.85807e-02
0.05671	2.86928e-02
0.05589	2.88467e-02
0.05507	2.90348e-02
0.05428	2.92418e-02
0.05354	2.94334e-02
0.05289	2.95233e-02
0.05244	2.93417e-02
0.05224	2.88163e-02
0.05219	2.81028e-02
0.05223	2.73349e-02
0.05232	2.65720e-02
0.05245	2.58417e-02
0.05262	2.51608e-02
0.05282	2.45416e-02
0.05306	2.39945e-02
0.05334	2.35292e-02
0.05365	2.31549e-02
0.05400	2.28802e-02
0.05438	2.27126e-02
0.05243	2.32808e-02
0.05293	2.33958e-02
0.05347	2.36405e-02
0.05404	2.40032e-02
0.05466	2.44391e-02
0.05540	2.47854e-02
0.05635	2.48612e-02
0.05741	2.48245e-02
0.05853	2.47935e-02
0.05970	2.47968e-02
0.06090	2.48391e-02
0.06214	2.49176e-02
0.06341	2.50267e-02
0.06470	2.51588e-02
0.06603	2.53060e-02
0.06738	2.54603e-02
0.06875	2.56140e-02
0.07014	2.57605e-02
0.07155	2.58946e-02
0.07297	2.60126e-02
0.07441	2.61124e-02
0.07584	2.61937e-02
0.07728	2.62578e-02
0.07871	2.63071e-02
0.08013	2.63454e-02
0.08154	2.63771e-02
0.08292	2.64075e-02
0.08428	2.64420e-02
0.08562	2.64864e-02
0.08691	2.65463e-02
0.08818	2.66274e-02
0.08940	2.67350e-02
0.09057	2.68738e-02
0.09170	2.70484e-02
0.09278	2.72623e-02
0.08883	2.66457e-02
0.08969	2.68702e-02
0.09051	2.71621e-02
0.09128	2.75229e-02
0.09200	2.79531e-02
0.09267	2.84516e-02
0.09329	2.90163e-02
0.09385	2.96437e-02
0.09437	3.03293e-02
0.09483	3.10676e-02
0.09525	3.18523e-02
0.09561	3.26765e-02
0.09593	3.35327e-02
0.09621	3.44131e-02
0.09644	3.53098e-02
0.09662	3.62146e-02
0.09677	3.71196e-02
0.09688	3.80172e-02
0.09696	3.89005e-02
0.09700	3.97635e-02
0.09702	4.06011e-02
0.09700	4.14101e-02
0.09696	4.21885e-02
0.09689	4.29362e-02
0.09679	4.36547e-02
0.09666	4.43470e-02
0.09649	4.50172e-02
0.09629	4.56704e-02
0.09606	4.63118e-02
0.09578	4.69469e-02
0.09545	4.75805e-02
0.09507	4.82170e-02
0.09464	4.88601e-02
0.09416	4.95121e-02
0.09361	5.01749e-02
0.09301	5.08489e-02
0.09234	5.15340e-02
0.09161	5.22289e-02
0.09081	5.29316e-02
0.08994	5.36391e-02
0.08901	5.43476e-02
0.08801	5.50520e-02
0.08695	5.57455e-02
0.08583	5.64174e-02
0.08466	5.70493e-02
0.08348	5.76018e-02
0.08233	5.79863e-02
0.08133	5.80730e-02
0.08047	5.78706e-02
0.07966	5.75214e-02
0.07883	5.71179e-02
0.07795	5.66986e-02
0.07701	5.62800e-02
0.07601	5.58698e-02
0.07495	5.54724e-02
0.07382	5.50904e-02
0.07262	5.47255e-02
0.07136	5.43787e-02
0.07005	5.40506e-02
0.06867	5.37417e-02
0.06724	5.34521e-02
0.06575	5.31813e-02
0.06422	5.29288e-02
0.06265	5.26929e-02
0.06104	5.24712e-02
0.05941	5.22596e-02
0.05777	5.20514e-02
0.05614	5.18360e-02
0.05454	5.15955e-02
0.05303	5.13013e-02
0.05165	5.09065e-02
0.05051	5.03404e-02
0.04971	4.95126e-02
0.04934	4.83472e-02
0.04941	4.68318e-02
0.04985	4.50207e-02
0.05056	4.29917e-02
0.05146	4.08137e-02
0.05249	3.85392e-02
0.05361	3.62082e-02
0.05479	3.38538e-02
0.05602	3.15060e-02
0.05728	2.91955e-02
0.05856	2.69566e-02
0.05986	2.48297e-02
0.06117	2.28642e-02
0.06249	2.11205e-02
0.06381	1.96697e-02
0.06755	1.94786e-02
0.06852	1.90009e-02
0.06948	1.90471e-02
0.07294	2.11983e-02
0.07389	2.24003e-02
0.07482	2.40587e-02
0.07575	2.60757e-02
0.07665	2.83624e-02
0.07755	3.08448e-02
0.07843	3.34644e-02
0.07929	3.61758e-02
0.08014	3.89436e-02
0.08097	4.17402e-02
0.08177	4.45437e-02
0.08255	4.73361e-02
0.08331	5.01026e-02
0.08405	5.28302e-02
0.08475	5.55074e-02
0.08543	5.81227e-02
0.08609	6.06628e-02
0.08673	6.31054e-02
0.08739	6.53883e-02
0.08831	6.72096e-02
0.08996	6.79645e-02
0.09190	6.81833e-02
0.09384	6.82675e-02
0.09569	6.82903e-02
0.09746	6.82683e-02
0.09912	6.82060e-02
0.10066	6.81041e-02
0.10210	6.79623e-02
0.10342	6.77798e-02
0.10461	6.75556e-02
0.10569	6.72889e-02
0.10663	6.69786e-02
0.10745	6.66242e-02
0.10814	6.62250e-02
0.10869	6.57805e-02
0.10912	6.52904e-02
0.10941	6.47545e-02
0.10956	6.41727e-02
0.10958	6.35451e-02
0.10947	6.28720e-02
0.10922	6.21536e-02
0.10883	6.13903e-02
0.10832	6.05827e-02
0.10767	5.97315e-02
0.10689	5.88373e-02
0.10598	5.79010e-02
0.10495	5.69236e-02
0.10379	5.59058e-02
0.10252	5.48488e-02
0.10112	5.37536e-02
0.09962	5.26213e-02
0.09800	5.14530e-02
0.09628	5.02498e-02
0.09446	4.90127e-02
0.09255	4.77429e-02
0.09055	4.64412e-02
0.08847	4.51087e-02
0.08631	4.37462e-02
0.08409	4.23546e-02
0.08181	4.09346e-02
0.07947	3.94871e-02
0.07710	3.80132e-02
0.07470	3.65141e-02
0.07228	3.49918e-02
0.06984	3.34490e-02
0.06741	3.18900e-02
0.06500	3.03210e-02
0.06260	2.87508e-02
0.06025	2.71916e-02
0.05793	2.56590e-02
0.05568	2.41726e-02
0.05350	2.27548e-02
0.05141	2.14287e-02
0.04942	2.02133e-02
0.04756	1.91158e-02
0.04587	1.81204e-02
0.04439	1.71748e-02
0.04319	1.61830e-02
0.04233	1.50187e-02
0.04185	1.35734e-02
0.04173	1.18156e-02
0.04192	9.81751e-03
0.04233	7.75119e-03
0.04290	5.93873e-03
0.04357	5.00281e-03
0.04429	5.57932e-03
0.04505	7.37332e-03
0.04582	9.73891e-03
0.04659	1.23364e-02
0.04735	1.50214e-02
0.04809	1.77244e-02
0.04881	2.04051e-02
0.04951	2.30324e-02
0.05019	2.55686e-02
0.05091	2.79288e-02
0.05184	2.97852e-02
0.05342	3.04475e-02
0.05540	3.03262e-02
0.05741	2.99902e-02
0.05937	2.95783e-02
0.06126	2.91250e-02
0.06305	2.86413e-02
0.06475	2.81312e-02
0.06634	2.75971e-02
0.06783	2.70404e-02
0.06922	2.64632e-02
0.07049	2.58679e-02
0.07166	2.52580e-02
0.07272	2.46380e-02
0.07366	2.40138e-02
0.07449	2.33928e-02
0.07520	2.27841e-02
0.07580	2.21987e-02
0.07629	2.16496e-02
0.07666	2.11517e-02
0.07693	2.07221e-02
0.07708	2.03793e-02
0.07712	2.01426e-02
0.07705	2.00314e-02
0.07687	2.00636e-02
0.07659	2.02546e-02
0.07621	2.06157e-02
0.07572	2.11536e-02
0.07514	2.18699e-02
0.07446	2.27614e-02
0.07368	2.38210e-02
0.07282	2.50385e-02
0.07187	2.64021e-02
0.07083	2.78984e-02
0.06972	2.95140e-02
0.06854	3.12351e-02
0.06728	3.30476e-02
0.06597	3.49371e-02
0.06460	3.68875e-02
0.06319	3.88787e-02
0.06177	4.08806e-02
0.06038	4.28356e-02
0.05914	4.46060e-02
0.05835	4.58578e-02
0.05834	4.62553e-02
0.05889	4.60926e-02
0.05969	4.57851e-02
0.06058	4.55117e-02
0.06151	4.53374e-02
0.06247	4.52861e-02
0.03728	1.43233e-03
0.03825	4.39195e-03
0.03927	7.43508e-03
0.04034	1.04400e-02
0.04147	1.33851e-02
0.04266	1.62594e-02
0.04392	1.90566e-02
0.04523	2.17737e-02
0.04661	2.44101e-02
0.04803	2.69669e-02
0.04950	2.94464e-02
0.05100	3.18509e-02
0.05252	3.41824e-02
0.05406	3.64417e-02
0.05560	3.86287e-02
0.05713	4.07410e-02
0.05865	4.27739e-02
0.06016	4.47186e-02
0.06165	4.65597e-02
0.06315	4.82699e-02
0.06468	4.98024e-02
0.06628	5.10885e-02
0.06800	5.20673e-02
0.06983	5.27400e-02
0.07171	5.31650e-02
0.07357	5.34028e-02
0.07539	5.34935e-02
0.07714	5.34602e-02
0.07881	5.33163e-02
0.08038	5.30697e-02
0.08184	5.27260e-02
0.08320	5.22888e-02
0.08444	5.17613e-02
0.08196	6.23289e-02
0.08253	6.13844e-02
0.08297	6.03241e-02
0.08327	5.91498e-02
0.08345	5.78634e-02
0.08350	5.64669e-02
0.08342	5.49624e-02
0.08321	5.33523e-02
0.08287	5.16392e-02
0.08241	4.98256e-02
0.08182	4.79145e-02
0.08111	4.59091e-02
0.08028	4.38125e-02
0.07933	4.16284e-02
0.07826	3.93603e-02
0.07708	3.70123e-02
0.07579	3.45883e-02
0.07439	3.20928e-02
0.07289	2.95303e-02
0.07129	2.69054e-02
0.06959	2.42232e-02
0.06780	2.14890e-02
0.06593	1.87083e-02
0.06397	1.58869e-02
0.06193	1.30311e-02
0.05982	1.01478e-02
0.05765	7.24434e-03
0.05542	4.32922e-03
0.05314	1.41219e-03
0.05082	1.49497e-03
0.04847	4.37729e-03
0.04613	7.21457e-03
0.04380	9.97767e-03
0.04155	1.26213e-02
0.03943	1.50704e-02
0.03759	1.71948e-02
0.03624	1.87762e-02
0.03566	1.95217e-02
0.03606	1.92401e-02
0.03732	1.80434e-02
0.03915	1.62234e-02
0.04129	1.40292e-02
0.04359	1.16149e-02
0.04597	9.06876e-03
0.04836	6.44235e-03
0.05075	3.76785e-03
0.05310	1.06657e-03
0.05540	1.64636e-03
0.05764	4.35959e-03
0.05982	7.06411e-03
0.06191	9.75248e-03
0.06392	1.24184e-02
0.06584	1.50562e-02
0.06767	1.76610e-02
0.06939	2.02282e-02
0.07102	2.27537e-02
0.07253	2.52337e-02
0.07394	2.76646e-02
0.07523	3.00432e-02
0.07640	3.23664e-02
0.07745	3.46313e-02
0.07839	3.68354e-02
0.07920	3.89761e-02
0.07988	4.10513e-02
0.08044	4.30589e-02
0.08087	4.49970e-02
0.03431	0.00000e+00
0.03269	0.00000e+00
0.03101	0.00000e+00
0.02928	0.00000e+00
0.02750	0.00000e+00
0.02566	0.00000e+00
0.02377	0.00000e+00
0.02183	0.00000e+00
0.01985	0.00000e+00
0.01782	0.00000e+00
0.01574	0.00000e+00
0.01362	0.00000e+00
0.01146	0.00000e+00
0.00926	0.00000e+00
0.00702	0.00000e+00
0.00476	0.00000e+00
0.00252	0.00000e+00
0.00085	0.00000e+00
0.00251	0.00000e+00
0.00485	0.00000e+00
0.00726	0.00000e+00
0.00971	0.00000e+00
0.01219	0.00000e+00
0.01469	0.00000e+00
0.01720	0.00000e+00
0.01973	0.00000e+00
0.02228	0.00000e+00
0.02483	0.00000e+00
0.02740	0.00000e+00
0.02996	0.00000e+00
0.03253	0.00000e+00
0.03510	0.00000e+00
0.03766	0.00000e+00
0.04021	0.00000e+00
0.04276	0.00000e+00
0.04529	0.00000e+00
0.04781	0.00000e+00
0.05031	0.00000e+00
0.05279	0.00000e+00
0.05524	0.00000e+00
0.05767	0.00000e+00
0.06007	0.00000e+00
0.06243	0.00000e+00
0.06476	0.00000e+00
0.06705	0.00000e+00
0.06930	0.00000e+00
0.07150	0.00000e+00
0.07366	0.00000e+00
0.07577	0.00000e+00
0.07782	0.00000e+00
0.07982	0.00000e+00
0.08177	0.00000e+00
0.08365	0.00000e+00
0.08547	0.00000e+00
0.08722	0.00000e+00
0.08891	0.00000e+00
0.09052	0.00000e+00
0.09206	0.00000e+00
0.09353	0.00000e+00
0.09493	0.00000e+00
0.09624	0.00000e+00
0.09747	0.00000e+00
0.09862	0.00000e+00
0.09969	0.00000e+00
0.10067	0.00000e+00
0.10157	0.00000e+00
0.10237	0.00000e+00
0.10309	0.00000e+00
0.10371	0.00000e+00
0.10424	0.00000e+00
0.10468	0.00000e+00
0.10503	0.00000e+00
0.10528	0.00000e+00
0.10543	0.00000e+00
0.10549	0.00000e+00
0.10546	0.00000e+00
0.10533	0.00000e+00
0.10510	0.00000e+00
0.10477	0.00000e+00
0.10435	0.00000e+00
0.10384	0.00000e+00
0.10323	0.00000e+00
0.10252	0.00000e+00
0.10173	0.00000e+00
