0.13058	6.45820e-02
0.12995	6.41844e-02
0.12941	6.37364e-02
0.12899	6.32146e-02
0.12870	6.25979e-02
0.12855	6.18726e-02
0.12855	6.10353e-02
0.12870	6.00954e-02
0.12900	5.90730e-02
0.12943	5.79965e-02
0.12998	5.68987e-02
0.13063	5.58138e-02
0.13138	5.47754e-02
0.13221	5.38146e-02
0.13311	5.29587e-02
0.13407	5.22297e-02
0.13509	5.16434e-02
0.13616	5.12077e-02
0.13728	5.09210e-02
0.13845	5.07714e-02
0.13967	5.07351e-02
0.14095	5.07769e-02
0.14230	5.08518e-02
0.14372	5.09117e-02
0.14523	5.09142e-02
0.14682	5.08348e-02
0.14848	5.06727e-02
0.15019	5.04489e-02
0.15193	5.01972e-02
0.15369	4.99544e-02
0.15545	4.97541e-02
0.15718	4.96233e-02
0.15888	4.95824e-02
0.16054	4.96454e-02
0.16215	4.98207e-02
0.16370	5.01123e-02
0.16519	5.05203e-02
0.16662	5.10418e-02
0.16797	5.16713e-02
0.16926	5.24013e-02
0.17048	5.32228e-02
0.17162	5.41254e-02
0.17269	5.50980e-02
0.17369	5.61287e-02
0.17461	5.72054e-02
0.17546	5.83153e-02
0.17623	5.94459e-02
0.17694	6.05844e-02
0.17756	6.17184e-02
0.17812	6.28355e-02
0.17861	6.39240e-02
0.17902	6.49726e-02
0.17937	6.59711e-02
0.17964	6.69106e-02
0.17985	6.77837e-02
0.17999	6.85847e-02
0.18006	6.93103e-02
0.18007	6.99596e-02
0.18000	7.05337e-02
0.17986	7.10363e-02
0.17965	7.14727e-02
0.17936	7.18498e-02
0.17899	7.21754e-02
0.17854	7.24581e-02
0.17801	7.27067e-02
0.17739	7.29298e-02
0.17669	7.31363e-02
0.17589	7.33341e-02
0.17501	7.35313e-02
0.17405	7.37353e-02
0.17299	7.39530e-02
0.17185	7.41908e-02
0.17062	7.44550e-02
0.16931	7.47507e-02
0.16791	7.50831e-02
0.16644	7.54562e-02
0.16490	7.58734e-02
0.16328	7.63368e-02
0.16161	7.68474e-02
0.15988	7.74041e-02
0.15810	7.80032e-02
0.15629	7.86379e-02
0.15446	7.92969e-02
0.15262	7.99633e-02
0.15080	8.06147e-02
0.14903	8.12244e-02
0.14733	8.17669e-02
0.14571	8.22276e-02
0.14420	8.26113e-02
0.14278	8.29436e-02
0.14145	8.32628e-02
0.14019	8.36074e-02
0.13899	8.40062e-02
0.13786	8.44639e-02
0.13688	8.48512e-02
0.13677	8.40161e-02
0.13737	8.21946e-02
0.13808	8.03763e-02
0.13881	7.86811e-02
0.13956	7.71417e-02
0.13992	7.56303e-02
0.14029	7.43408e-02
0.14067	7.32916e-02
0.14107	7.24990e-02
0.14146	7.19764e-02
0.14186	7.17330e-02
0.14226	7.17732e-02
0.14266	7.20957e-02
0.14307	7.26926e-02
0.14347	7.35488e-02
0.14389	7.46395e-02
0.14432	7.59281e-02
0.14479	7.73594e-02
0.14534	7.88492e-02
0.14602	8.02707e-02
0.14693	8.14581e-02
0.14814	8.22770e-02
0.14963	8.27319e-02
0.15133	8.29481e-02
0.15319	8.29860e-02
0.15565	8.19970e-02
0.15845	8.04114e-02
0.16126	7.87804e-02
0.16407	7.71554e-02
0.16686	7.55546e-02
0.16961	7.39875e-02
0.17232	7.24600e-02
0.17499	7.09756e-02
0.17762	6.95363e-02
0.18020	6.81431e-02
0.18272	6.67966e-02
0.18519	6.54972e-02
0.18759	6.42452e-02
0.18994	6.30415e-02
0.19222	6.18872e-02
0.19444	6.07842e-02
0.19660	5.97351e-02
0.19868	5.87435e-02
0.20070	5.78140e-02
0.20264	5.69519e-02
0.20452	5.61636e-02
0.20632	5.54562e-02
0.20805	5.48371e-02
0.20971	5.43142e-02
0.21130	5.38951e-02
0.21281	5.35869e-02
0.21425	5.33958e-02
0.21562	5.33265e-02
0.21691	5.33823e-02
0.21812	5.35641e-02
0.21927	5.38710e-02
0.22033	5.42995e-02
0.22132	5.48441e-02
0.22224	5.54975e-02
0.22308	5.62505e-02
0.22385	5.70924e-02
0.22455	5.80118e-02
0.22518	5.89963e-02
0.22574	6.00333e-02
0.22624	6.11101e-02
0.22668	6.22141e-02
0.22706	6.33332e-02
0.22739	6.44555e-02
0.22768	6.55698e-02
0.22791	6.66657e-02
0.22811	6.77335e-02
0.22826	6.87643e-02
0.22839	6.97501e-02
0.22848	7.06839e-02
0.22855	7.15601e-02
0.22859	7.23739e-02
0.22860	7.31222e-02
0.22859	7.38030e-02
0.22856	7.44159e-02
0.22850	7.49617e-02
0.22841	7.54430e-02
0.22830	7.58631e-02
0.22816	7.62268e-02
0.22799	7.65395e-02
0.22778	7.68074e-02
0.22754	7.70369e-02
0.22725	7.72347e-02
0.22692	7.74070e-02
0.22654	7.75599e-02
0.22611	7.76992e-02
0.22563	7.78299e-02
0.22510	7.79564e-02
0.22451	7.80827e-02
0.22386	7.82121e-02
0.22315	7.83476e-02
0.22239	7.84917e-02
0.22156	7.86468e-02
0.22067	7.88150e-02
0.21972	7.89981e-02
0.21870	7.91982e-02
0.21762	7.94168e-02
0.21648	7.96555e-02
0.21526	7.99157e-02
0.21398	8.01983e-02
0.21263	8.05038e-02
0.21078	8.07840e-02
0.20886	8.10806e-02
0.20687	8.13907e-02
0.20482	8.17106e-02
0.20271	8.20352e-02
0.20054	8.23579e-02
0.19832	8.26709e-02
0.19604	8.29648e-02
0.19373	8.32288e-02
0.19139	8.34508e-02
0.18902	8.36175e-02
0.18664	8.37150e-02
0.18425	8.37290e-02
0.18188	8.36455e-02
0.17953	8.34510e-02
0.17721	8.31337e-02
0.17494	8.26837e-02
0.17272	8.20938e-02
0.17056	8.13598e-02
0.16847	8.04790e-02
0.16646	7.94474e-02
0.16453	7.82547e-02
0.16269	7.68786e-02
0.16098	7.52816e-02
0.15941	7.34187e-02
0.15798	7.12587e-02
0.15670	6.88086e-02
0.15552	6.61182e-02
0.15442	6.32595e-02
0.15336	6.03051e-02
0.15231	5.73186e-02
0.15125	5.43536e-02
0.15017	5.14568e-02
0.14905	4.86710e-02
0.14789	4.60373e-02
0.14669	4.35962e-02
0.14544	4.13883e-02
0.14415	3.94532e-02
0.14281	3.78274e-02
0.14143	3.65412e-02
0.14002	3.56149e-02
0.13858	3.50546e-02
0.13712	3.48497e-02
0.13565	3.49725e-02
0.13419	3.53807e-02
0.13275	3.60221e-02
0.13135	3.68405e-02
0.12999	3.77827e-02
0.12871	3.88048e-02
0.12750	3.98769e-02
0.12637	4.09855e-02
0.12533	4.21319e-02
0.12438	4.33286e-02
0.12350	4.45928e-02
0.12269	4.59415e-02
0.12194	4.73872e-02
0.12125	4.89367e-02
0.12060	5.05901e-02
0.12000	5.23421e-02
0.11943	5.41827e-02
0.11890	5.60986e-02
0.11840	5.80745e-02
0.11871	5.85548e-02
0.11960	5.80176e-02
0.12050	5.75878e-02
0.12141	5.72565e-02
0.12233	5.70153e-02
0.12325	5.68590e-02
0.12417	5.67866e-02
0.12508	5.68010e-02
0.12597	5.69086e-02
0.12682	5.71172e-02
0.12763	5.74347e-02
0.12839	5.78673e-02
0.12908	5.84188e-02
0.12971	5.90904e-02
0.13026	5.98801e-02
0.13073	6.07823e-02
0.13112	6.17880e-02
0.13143	6.28822e-02
0.13166	6.40413e-02
0.13184	6.52225e-02
0.13199	6.63397e-02
0.13221	6.72138e-02
0.13264	6.75864e-02
0.13330	6.74067e-02
0.13407	6.68962e-02
0.13485	6.62437e-02
0.13559	6.55408e-02
0.13628	6.48297e-02
0.13690	6.41315e-02
0.13745	6.34576e-02
0.13794	6.28143e-02
0.13835	6.22047e-02
0.13869	6.16298e-02
0.13897	6.10892e-02
0.13919	6.05813e-02
0.13935	6.01040e-02
0.13945	5.96552e-02
0.13950	5.92336e-02
0.13917	5.88276e-02
0.13880	5.84502e-02
0.13840	5.81029e-02
0.13796	5.77888e-02
0.13749	5.75120e-02
0.13699	5.72770e-02
0.13644	5.70873e-02
0.13585	5.69452e-02
0.13522	5.68506e-02
0.13454	5.68013e-02
0.13383	5.67920e-02
0.13307	5.68144e-02
0.13228	5.68574e-02
0.13146	5.69078e-02
0.13062	5.69504e-02
0.12976	5.69707e-02
0.12888	5.69559e-02
0.12800	5.68976e-02
0.12712	5.67928e-02
0.12623	5.66441e-02
0.12534	5.64592e-02
0.12444	5.62488e-02
0.12354	5.60253e-02
0.12262	5.58010e-02
0.12170	5.55877e-02
0.12076	5.53957e-02
0.11981	5.52343e-02
0.11885	5.51114e-02
0.11789	5.50336e-02
0.11692	5.50068e-02
0.11594	5.50360e-02
0.11497	5.51250e-02
0.11400	5.52761e-02
0.11304	5.54872e-02
0.11210	5.57451e-02
0.11122	5.60024e-02
0.11047	5.60956e-02
0.11011	5.55577e-02
0.11031	5.40340e-02
0.11082	5.19740e-02
0.11143	4.97654e-02
0.11208	4.75636e-02
0.11274	4.54483e-02
0.11339	4.34779e-02
0.11403	4.17048e-02
0.11465	4.01788e-02
0.11524	3.89463e-02
0.11582	3.80474e-02
0.11637	3.75122e-02
0.11690	3.73570e-02
0.11740	3.75817e-02
0.11790	3.81707e-02
0.11837	3.90951e-02
0.11884	4.03169e-02
0.11931	4.17942e-02
0.11977	4.34848e-02
0.12023	4.53498e-02
0.12069	4.73550e-02
0.12115	4.94708e-02
0.12161	5.16728e-02
0.12207	5.39400e-02
0.12252	5.62546e-02
0.12297	5.86012e-02
0.12341	6.09652e-02
0.12384	6.33334e-02
0.12426	6.56922e-02
0.12467	6.80274e-02
0.12507	7.03220e-02
0.12548	7.25526e-02
0.12591	7.46808e-02
0.12641	7.66328e-02
0.12707	7.82637e-02
0.12800	7.93860e-02
0.12921	7.99898e-02
0.13059	8.02654e-02
0.13202	8.03704e-02
0.13347	8.03809e-02
0.13489	8.03307e-02
0.13629	8.02355e-02
0.13766	8.01029e-02
0.13898	7.99372e-02
0.14027	7.97404e-02
0.14151	7.95140e-02
0.14271	7.92584e-02
0.14386	7.89736e-02
0.14497	7.86587e-02
0.14604	7.83114e-02
0.14707	7.79280e-02
0.14806	7.75027e-02
0.14902	7.70265e-02
0.14995	7.64884e-02
0.15086	7.58761e-02
0.15175	7.51794e-02
0.15262	7.43944e-02
0.15347	7.35252e-02
0.15430	7.25826e-02
0.15509	7.15811e-02
0.15583	7.05358e-02
0.15653	6.94606e-02
0.15717	6.83681e-02
0.15749	6.73068e-02
0.15776	6.62457e-02
0.15798	6.51933e-02
0.15813	6.41578e-02
0.15822	6.31473e-02
0.15824	6.21695e-02
0.15820	6.12320e-02
0.15809	6.03422e-02
0.15791	5.95070e-02
0.15766	5.87332e-02
0.15734	5.80267e-02
0.15694	5.73932e-02
0.15647	5.68376e-02
0.15593	5.63640e-02
0.15530	5.59759e-02
0.15460	5.56757e-02
0.15383	5.54652e-02
0.15297	5.53450e-02
0.15203	5.53151e-02
0.15102	5.53747e-02
0.14993	5.55220e-02
0.14876	5.57546e-02
0.14751	5.60697e-02
0.14619	5.64635e-02
0.14479	5.69320e-02
0.14333	5.74706e-02
0.14180	5.80739e-02
0.14020	5.87363e-02
0.13855	5.94513e-02
0.13682	6.01918e-02
0.13504	6.09666e-02
0.13323	6.17651e-02
0.13140	6.25739e-02
0.12956	6.33756e-02
0.12774	6.41462e-02
0.12596	6.48515e-02
0.12427	6.54403e-02
0.12271	6.58369e-02
0.12137	6.59399e-02
0.12031	6.56501e-02
0.11957	6.49316e-02
0.11913	6.38350e-02
0.11894	6.24478e-02
0.11897	6.08446e-02
0.11919	5.90806e-02
0.11958	5.72054e-02
0.12010	5.52730e-02
0.12074	5.33426e-02
0.12147	5.14733e-02
0.12228	4.97208e-02
0.12315	4.81355e-02
0.12407	4.67616e-02
0.12505	4.56365e-02
0.12606	4.47894e-02
0.12712	4.42399e-02
0.12821	4.39967e-02
0.12934	4.40573e-02
0.13051	4.44083e-02
0.13172	4.50271e-02
0.13296	4.58842e-02
0.13424	4.69453e-02
0.13556	4.81743e-02
0.13691	4.95350e-02
0.13830	5.09925e-02
0.13972	5.25147e-02
0.14118	5.40724e-02
0.14267	5.56400e-02
0.14419	5.71950e-02
0.14573	5.87186e-02
0.14730	6.01948e-02
0.14889	6.16104e-02
0.15049	6.29551e-02
0.15211	6.42204e-02
0.15373	6.54002e-02
0.15536	6.64898e-02
0.15698	6.74860e-02
0.15860	6.83871e-02
0.16020	6.91920e-02
0.16178	6.99005e-02
0.16335	7.05132e-02
0.16489	7.10311e-02
0.16639	7.14555e-02
0.16786	7.17882e-02
0.16929	7.20310e-02
0.17068	7.21862e-02
0.17202	7.22559e-02
0.17331	7.22425e-02
0.17454	7.21486e-02
0.17571	7.19767e-02
0.17682	7.17295e-02
0.17787	7.14099e-02
0.17885	7.10208e-02
0.17976	7.05653e-02
0.18060	7.00467e-02
0.18137	6.94685e-02
0.18205	6.88343e-02
0.18267	6.81480e-02
0.18320	6.74139e-02
0.18365	6.66365e-02
0.18402	6.58206e-02
0.18410	6.50304e-02
0.18409	6.42176e-02
0.18400	6.33879e-02
0.18381	6.25471e-02
0.18355	6.17018e-02
0.18320	6.08587e-02
0.18276	6.00251e-02
0.18225	5.92090e-02
0.18165	5.84189e-02
0.18097	5.76636e-02
0.18021	5.69528e-02
0.17938	5.62966e-02
0.17847	5.57055e-02
0.17748	5.51902e-02
0.17642	5.47614e-02
0.17529	5.44298e-02
0.17409	5.42053e-02
0.17282	5.40971e-02
0.17148	5.41131e-02
0.17007	5.42596e-02
0.16860	5.45410e-02
0.16708	5.49598e-02
0.16549	5.55159e-02
0.16384	5.62070e-02
0.16215	5.70285e-02
0.16040	5.79733e-02
0.15861	5.90326e-02
0.15678	6.01954e-02
0.15491	6.14496e-02
0.15298	6.27373e-02
0.15102	6.40877e-02
0.14906	6.54855e-02
0.14708	6.69142e-02
0.14511	6.83569e-02
0.14316	6.97954e-02
0.14124	7.12104e-02
0.13936	7.25806e-02
0.13755	7.38815e-02
0.13583	7.50835e-02
0.13422	7.61494e-02
0.13278	7.70315e-02
0.13154	7.76726e-02
0.13054	7.80179e-02
0.12982	7.80388e-02
0.12938	7.77477e-02
0.12918	7.71869e-02
0.12921	7.64100e-02
0.12941	7.54708e-02
0.12977	7.44183e-02
0.13026	7.32955e-02
0.13084	7.21392e-02
0.13151	7.09799e-02
0.13224	6.98433e-02
0.13302	6.87510e-02
0.13384	6.77208e-02
0.13469	6.67678e-02
0.13556	6.59045e-02
0.13644	6.51411e-02
0.13733	6.44860e-02
0.13821	6.39455e-02
0.13909	6.35246e-02
0.13995	6.32262e-02
0.14079	6.30518e-02
0.14161	6.30013e-02
0.14240	6.30729e-02
0.14316	6.32629e-02
0.14388	6.35665e-02
0.14457	6.39770e-02
0.14521	6.44862e-02
0.14582	6.50845e-02
0.14638	6.57611e-02
0.14689	6.65038e-02
0.14737	6.72990e-02
0.14780	6.81322e-02
0.14820	6.89876e-02
0.14856	6.98486e-02
0.14888	7.06973e-02
0.14919	7.15158e-02
0.14946	7.22855e-02
0.14972	7.29889e-02
0.14997	7.36102e-02
0.15021	7.41363e-02
0.15044	7.45584e-02
0.15066	7.48727e-02
0.15086	7.50802e-02
0.15105	7.51868e-02
0.15120	7.52015e-02
0.15132	7.51358e-02
0.15140	7.50019e-02
0.15142	7.48120e-02
0.15138	7.45777e-02
0.15127	7.43095e-02
0.15109	7.40169e-02
0.15083	7.37083e-02
0.15049	7.33912e-02
0.15007	7.30723e-02
0.14956	7.27576e-02
0.14897	7.24526e-02
0.14830	7.21624e-02
0.14754	7.18915e-02
0.14675	7.15080e-02
0.14589	7.11452e-02
0.14495	7.08078e-02
0.14393	7.05002e-02
0.14286	7.02267e-02
0.14172	6.99913e-02
0.14053	6.97972e-02
0.13929	6.96476e-02
0.13800	6.95443e-02
0.13668	6.94888e-02
0.13533	6.94812e-02
0.13397	6.95203e-02
0.13259	6.96033e-02
0.13122	6.97260e-02
0.12987	6.98821e-02
0.12854	7.00635e-02
0.12725	7.02607e-02
0.12603	7.04628e-02
0.12487	7.06589e-02
0.12380	7.08385e-02
0.12283	7.09927e-02
0.12198	7.11140e-02
0.12125	7.11963e-02
0.12065	7.12344e-02
0.12019	7.12233e-02
0.11987	7.11588e-02
0.11970	7.10371e-02
0.11969	7.08562e-02
0.11983	7.06154e-02
0.12015	7.03470e-02
0.12061	7.00229e-02
0.12121	6.96466e-02
0.12194	6.92235e-02
0.12279	6.87608e-02
0.12374	6.82680e-02
0.12479	6.77564e-02
0.12591	6.72390e-02
0.12709	6.67291e-02
0.12833	6.62395e-02
0.12959	6.57815e-02
0.13089	6.53642e-02
0.13220	6.49940e-02
0.13353	6.46741e-02
0.13486	6.44045e-02
0.13619	6.41819e-02
0.13753	6.39998e-02
0.13886	6.38488e-02
0.14020	6.37172e-02
0.14154	6.35916e-02
0.14289	6.34583e-02
0.14424	6.33039e-02
0.14561	6.31174e-02
0.14698	6.28906e-02
0.14836	6.26191e-02
0.14974	6.23021e-02
0.15111	6.19426e-02
0.15248	6.15460e-02
0.15382	6.11194e-02
0.15514	6.06710e-02
0.15643	6.02092e-02
0.15768	5.97420e-02
0.15889	5.92771e-02
0.16004	5.88217e-02
0.16113	5.83824e-02
0.16216	5.79653e-02
0.16312	5.75764e-02
0.16400	5.72211e-02
0.16481	5.69051e-02
0.16553	5.66337e-02
0.16617	5.64122e-02
0.16672	5.62458e-02
0.16718	5.61396e-02
0.16754	5.60984e-02
0.16780	5.61267e-02
0.16797	5.62285e-02
0.16803	5.64071e-02
0.16799	5.66655e-02
0.16785	5.70055e-02
0.16759	5.74283e-02
0.16724	5.79342e-02
0.16678	5.85228e-02
0.16621	5.91926e-02
0.16554	5.99415e-02
0.16476	6.07663e-02
0.16388	6.16634e-02
0.16291	6.26284e-02
0.16184	6.36564e-02
0.16067	6.47416e-02
0.15942	6.58781e-02
0.15808	6.70591e-02
0.15666	6.82772e-02
0.15518	6.95245e-02
0.15362	7.07917e-02
0.15201	7.20680e-02
0.15036	7.33403e-02
0.14867	7.45914e-02
0.14696	7.57979e-02
0.14526	7.69283e-02
0.14360	7.79446e-02
0.14200	7.88155e-02
0.14036	7.93632e-02
0.13876	7.98433e-02
0.13718	8.02794e-02
0.13562	8.06889e-02
0.13408	8.10829e-02
0.13255	8.14666e-02
0.13105	8.18408e-02
0.12957	8.22018e-02
0.12813	8.25416e-02
0.12674	8.28462e-02
0.12542	8.30951e-02
0.12418	8.32617e-02
0.12306	8.33170e-02
0.12205	8.31860e-02
0.12117	8.29197e-02
0.12041	8.25393e-02
0.11976	8.20790e-02
0.11919	8.15733e-02
0.11869	8.10502e-02
0.11823	8.05300e-02
0.11782	8.00262e-02
0.11744	7.95479e-02
0.11710	7.91003e-02
0.11679	7.86864e-02
0.11651	7.83073e-02
0.11626	7.79630e-02
0.11604	7.76527e-02
0.11585	7.73748e-02
0.11569	7.71276e-02
0.11555	7.68997e-02
0.11543	7.66963e-02
0.11533	7.65144e-02
0.11527	7.63505e-02
0.11522	7.62001e-02
0.11521	7.60572e-02
0.11522	7.59139e-02
0.11526	7.57599e-02
0.11534	7.55830e-02
0.11545	7.53695e-02
0.11561	7.51058e-02
0.11582	7.47815e-02
0.11608	7.43908e-02
0.11637	7.39342e-02
0.11670	7.34174e-02
0.11705	7.28499e-02
0.11742	7.22425e-02
0.11778	7.16060e-02
0.11814	7.09508e-02
0.11849	7.02860e-02
0.11882	6.96199e-02
0.11911	6.89598e-02
0.11938	6.83124e-02
0.11961	6.76839e-02
0.11981	6.70801e-02
0.11996	6.65066e-02
0.12006	6.59686e-02
0.12013	6.54710e-02
0.12014	6.50183e-02
0.12011	6.46147e-02
0.12003	6.42637e-02
0.11990	6.39684e-02
0.11972	6.37309e-02
0.11949	6.35527e-02
0.11921	6.34343e-02
0.11889	6.33749e-02
0.11853	6.33728e-02
0.11812	6.34251e-02
0.11768	6.35274e-02
0.11720	6.36739e-02
0.11669	6.38571e-02
0.11616	6.40679e-02
0.11561	6.42953e-02
0.11506	6.45263e-02
0.11451	6.47467e-02
0.11397	6.49411e-02
0.11346	6.50940e-02
0.11299	6.51896e-02
0.11256	6.52107e-02
0.11221	6.51358e-02
0.11193	6.49385e-02
0.11176	6.45948e-02
0.11169	6.40986e-02
0.11172	6.34710e-02
0.11183	6.27518e-02
0.11198	6.19837e-02
0.11217	6.12028e-02
0.11238	6.04369e-02
0.11260	5.97067e-02
0.11283	5.90275e-02
0.11307	5.84100e-02
0.11332	5.78609e-02
0.11358	5.73824e-02
0.11385	5.69718e-02
0.11415	5.66198e-02
0.11448	5.63093e-02
0.11486	5.60140e-02
0.11531	5.56994e-02
0.11585	5.53279e-02
0.11648	5.48697e-02
0.11723	5.43155e-02
0.11799	5.35690e-02
0.11883	5.27631e-02
0.11974	5.19381e-02
0.12069	5.11322e-02
0.12167	5.03769e-02
0.12266	4.96966e-02
0.12365	4.91092e-02
0.12464	4.86269e-02
0.12563	4.82572e-02
0.12659	4.80032e-02
0.12754	4.78649e-02
0.12846	4.78390e-02
0.12936	4.79203e-02
0.13026	4.80607e-02
0.13113	4.82856e-02
0.13197	4.85864e-02
0.13276	4.89544e-02
0.13351	4.93812e-02
0.13422	4.98588e-02
0.13488	5.03799e-02
0.13549	5.09381e-02
0.13606	5.15275e-02
0.13657	5.21428e-02
0.13702	5.27796e-02
0.13743	5.34334e-02
0.13777	5.41006e-02
0.13806	5.47776e-02
0.13830	5.54608e-02
0.13847	5.61471e-02
0.13857	5.68282e-02
0.13861	5.75037e-02
0.13859	5.81703e-02
0.13851	5.88245e-02
0.13837	5.94625e-02
0.13817	6.00804e-02
0.13792	6.06741e-02
0.13761	6.12393e-02
0.13725	6.17717e-02
0.13683	6.22666e-02
0.13636	6.27196e-02
0.13585	6.31263e-02
0.13528	6.34827e-02
0.13468	6.37850e-02
0.13403	6.40301e-02
0.13335	6.42156e-02
0.13263	6.43397e-02
0.13187	6.44016e-02
0.13108	6.44010e-02
0.13027	6.43388e-02
0.12943	6.42164e-02
0.12856	6.40355e-02
0.12767	6.37988e-02
0.12677	6.35089e-02
0.12584	6.31686e-02
0.12490	6.27810e-02
0.12396	6.23491e-02
0.12300	6.18758e-02
0.12204	6.13640e-02
0.12108	6.08165e-02
0.12013	6.02363e-02
0.11918	5.96262e-02
0.11825	5.89890e-02
0.11733	5.83279e-02
0.11644	5.76462e-02
0.11557	5.69473e-02
0.11473	5.62351e-02
0.11393	5.55137e-02
0.11315	5.47876e-02
0.11242	5.40618e-02
0.11172	5.33413e-02
0.11107	5.26317e-02
0.11046	5.19384e-02
0.10989	5.12670e-02
0.10936	5.06228e-02
0.10888	5.00109e-02
0.10844	4.94357e-02
0.10804	4.89012e-02
0.10769	4.84105e-02
0.10738	4.79664e-02
0.10710	4.75710e-02
0.10687	4.72262e-02
0.10668	4.69339e-02
0.10653	4.66962e-02
0.10642	4.65155e-02
0.10634	4.63948e-02
0.10630	4.63377e-02
0.10629	4.63480e-02
0.10631	4.64298e-02
0.10637	4.65871e-02
0.10646	4.68232e-02
0.10657	4.71405e-02
0.10672	4.75404e-02
0.10691	4.80223e-02
0.10712	4.85841e-02
0.10738	4.92215e-02
0.10769	4.99276e-02
0.10804	5.06923e-02
0.10845	5.15004e-02
0.10894	5.23280e-02
0.10951	5.31354e-02
0.11022	5.38887e-02
0.11113	5.44189e-02
0.11227	5.46386e-02
0.11363	5.45629e-02
0.11516	5.42841e-02
0.11681	5.38911e-02
0.11854	5.34427e-02
0.12032	5.29745e-02
0.12213	5.25096e-02
0.12396	5.20644e-02
0.12581	5.16509e-02
0.12764	5.12792e-02
0.12946	5.09573e-02
0.13127	5.06984e-02
0.13305	5.05015e-02
0.13478	5.03703e-02
0.13647	5.03075e-02
0.13810	5.03144e-02
0.13967	5.03916e-02
0.14117	5.05386e-02
0.14260	5.07544e-02
0.14394	5.10373e-02
0.14520	5.13850e-02
0.14637	5.17949e-02
0.14744	5.22643e-02
0.14842	5.27901e-02
0.14929	5.33695e-02
0.15006	5.39993e-02
0.15072	5.46768e-02
0.15130	5.53604e-02
0.15177	5.60807e-02
0.15213	5.68352e-02
0.15237	5.76213e-02
0.15249	5.84367e-02
0.15250	5.92789e-02
0.15239	6.01455e-02
0.15216	6.10339e-02
0.15181	6.19416e-02
0.15135	6.28653e-02
0.15076	6.38018e-02
0.15007	6.47466e-02
0.14927	6.56947e-02
0.14835	6.66391e-02
0.14734	6.75705e-02
0.14624	6.84765e-02
0.14505	6.93392e-02
0.14381	7.01343e-02
0.14252	7.08302e-02
0.14121	7.13899e-02
0.13991	7.17762e-02
0.13865	7.19522e-02
0.13747	7.18620e-02
0.13642	7.14094e-02
0.13557	7.05128e-02
0.13487	6.92292e-02
0.13425	6.77154e-02
0.13364	6.61062e-02
0.13301	6.44868e-02
0.13234	6.29107e-02
0.13161	6.14147e-02
0.13083	6.00268e-02
0.12999	5.87700e-02
0.12910	5.76636e-02
0.12815	5.67238e-02
0.12714	5.59639e-02
0.12608	5.53935e-02
0.12497	5.50183e-02
0.12383	5.48392e-02
0.12264	5.48516e-02
0.12143	5.50448e-02
0.12020	5.54004e-02
0.11898	5.58900e-02
0.11778	5.64707e-02
0.11664	5.70745e-02
0.11563	5.75883e-02
0.11484	5.78393e-02
0.11438	5.76660e-02
0.11424	5.70746e-02
0.11435	5.62085e-02
0.11465	5.51999e-02
0.11511	5.41326e-02
0.11569	5.30634e-02
0.11639	5.20385e-02
0.11718	5.11018e-02
0.11806	5.02964e-02
0.11902	4.96644e-02
0.12003	4.92449e-02
0.12110	4.90717e-02
0.12221	4.91709e-02
0.12336	4.95592e-02
0.12454	5.02425e-02
0.12575	5.12148e-02
0.12699	5.24579e-02
0.12826	5.39399e-02
0.12958	5.56130e-02
0.13095	5.74089e-02
0.13240	5.92365e-02
0.13398	6.09927e-02
0.13571	6.26039e-02
0.13758	6.40728e-02
0.13953	6.55255e-02
0.14152	6.69930e-02
0.14350	6.85219e-02
0.14545	7.01343e-02
0.14733	7.18351e-02
0.14914	7.36192e-02
0.15087	7.54757e-02
0.15249	7.73912e-02
0.15401	7.93516e-02
0.15542	8.13428e-02
0.15671	8.33521e-02
0.15787	8.53677e-02
0.15891	8.73793e-02
0.15982	8.93762e-02
0.16060	9.13517e-02
0.16126	9.32983e-02
0.16178	9.52089e-02
0.16217	9.70755e-02
0.16245	9.88860e-02
0.16262	1.00610e-01
0.16278	1.02101e-01
0.16335	1.02720e-01
0.16422	1.02614e-01
0.16505	1.02348e-01
0.16577	1.02028e-01
0.16637	1.01677e-01
0.16685	1.01302e-01
0.16720	1.00908e-01
0.16744	1.00495e-01
0.16754	1.00089e-01
0.16752	9.96684e-02
0.16739	9.92335e-02
0.16715	9.87843e-02
0.16680	9.83201e-02
0.16634	9.78402e-02
0.16579	9.73431e-02
0.16514	9.68262e-02
0.16440	9.62850e-02
0.16357	9.57115e-02
0.16268	9.50911e-02
0.16173	9.43973e-02
0.16076	9.35829e-02
0.15982	9.25722e-02
0.15895	9.12750e-02
0.15818	8.96465e-02
0.15749	8.77298e-02
0.15682	8.56120e-02
0.15614	8.33694e-02
0.15540	8.10542e-02
0.15460	7.87015e-02
0.15374	7.63362e-02
0.15279	7.39776e-02
0.15176	7.16416e-02
0.15066	6.93426e-02
0.14948	6.70938e-02
0.14822	6.49076e-02
0.14689	6.27961e-02
0.14549	6.07708e-02
0.14403	5.88430e-02
0.14251	5.70237e-02
0.14094	5.53238e-02
0.13933	5.37536e-02
0.13767	5.23236e-02
0.13599	5.10437e-02
0.13429	4.99233e-02
0.13258	4.89710e-02
0.13086	4.81945e-02
0.12914	4.75993e-02
0.12743	4.71894e-02
0.12574	4.69657e-02
0.12408	4.69268e-02
0.12244	4.70683e-02
0.12084	4.73829e-02
0.11929	4.78609e-02
0.11778	4.84898e-02
0.11633	4.92543e-02
0.11494	5.01362e-02
0.11363	5.11131e-02
0.11239	5.21577e-02
0.11125	5.32372e-02
0.11023	5.43176e-02
0.10933	5.53736e-02
0.10856	5.64016e-02
0.10792	5.74223e-02
0.10737	5.84673e-02
0.10691	5.95628e-02
0.10652	6.07224e-02
0.10621	6.19459e-02
0.10596	6.32214e-02
0.10579	6.45273e-02
0.10571	6.58357e-02
0.10574	6.71171e-02
0.10588	6.83497e-02
0.10613	6.95265e-02
0.10649	7.06553e-02
0.10695	7.17480e-02
0.10749	7.28015e-02
0.10816	7.37507e-02
0.10916	7.42845e-02
0.11073	7.40396e-02
0.11258	7.33558e-02
0.11453	7.25457e-02
0.11651	7.16732e-02
0.11850	7.07548e-02
0.12050	6.97967e-02
0.12249	6.88030e-02
0.12446	6.77788e-02
0.12640	6.67304e-02
0.12830	6.56651e-02
0.13015	6.45909e-02
0.13194	6.35159e-02
0.13366	6.24479e-02
0.13531	6.13946e-02
0.13685	6.03213e-02
0.13830	5.92764e-02
0.13966	5.82664e-02
0.14092	5.72972e-02
0.14208	5.63743e-02
0.14313	5.55019e-02
0.14408	5.46836e-02
0.14492	5.39218e-02
0.14565	5.32176e-02
0.14627	5.25704e-02
0.14678	5.19782e-02
0.14719	5.14374e-02
0.14749	5.09425e-02
0.14769	5.04867e-02
0.14779	5.00617e-02
0.14780	4.96585e-02
0.14774	4.92441e-02
0.14760	4.88331e-02
0.14737	4.84173e-02
0.14706	4.79904e-02
0.14668	4.75483e-02
0.14623	4.70895e-02
0.14570	4.66152e-02
0.14511	4.61293e-02
0.14445	4.56378e-02
0.14372	4.51480e-02
0.14292	4.46684e-02
0.14207	4.42075e-02
0.14114	4.37734e-02
0.14016	4.33733e-02
0.13911	4.30132e-02
0.13801	4.26976e-02
0.13685	4.24298e-02
0.13564	4.22111e-02
0.13438	4.20418e-02
0.13308	4.19211e-02
0.13173	4.18468e-02
0.13036	4.18165e-02
0.12895	4.18269e-02
0.12751	4.18748e-02
0.12605	4.19565e-02
0.12458	4.20689e-02
0.12309	4.22088e-02
0.12160	4.23736e-02
0.12010	4.25613e-02
0.11861	4.27704e-02
0.11711	4.30005e-02
0.11563	4.32522e-02
0.11416	4.35271e-02
0.11270	4.38278e-02
0.11125	4.41581e-02
0.10982	4.45224e-02
0.10842	4.49259e-02
0.10703	4.53738e-02
0.10566	4.58714e-02
0.10432	4.64239e-02
0.10300	4.70360e-02
0.10170	4.77116e-02
0.10044	4.84542e-02
0.09920	4.92667e-02
0.09799	5.01511e-02
0.09682	5.11083e-02
0.09568	5.21376e-02
0.09458	5.32362e-02
0.09353	5.43973e-02
0.09254	5.56089e-02
0.09161	5.68501e-02
0.09078	5.80883e-02
0.09008	5.92792e-02
0.08955	6.03798e-02
0.08920	6.13785e-02
0.08901	6.23099e-02
0.08895	6.32313e-02
0.08897	6.41913e-02
0.08907	6.52164e-02
0.08925	6.62735e-02
0.08979	6.69993e-02
0.09051	6.76311e-02
0.09127	6.83399e-02
0.09207	6.91299e-02
0.09289	6.99936e-02
0.09374	7.09200e-02
0.09462	7.18963e-02
0.09553	7.29080e-02
0.09648	7.39377e-02
0.09746	7.49642e-02
0.09850	7.59593e-02
0.09945	7.69046e-02
0.10049	7.77266e-02
0.10167	7.83747e-02
0.10299	7.88234e-02
0.10442	7.90895e-02
0.10593	7.92121e-02
0.10748	7.92265e-02
0.10904	7.91564e-02
0.11061	7.90164e-02
0.11215	7.88157e-02
0.11368	7.85606e-02
0.11517	7.82560e-02
0.11663	7.79058e-02
0.11806	7.75150e-02
0.11945	7.70865e-02
0.12078	7.66238e-02
0.12205	7.61302e-02
0.12326	7.56088e-02
0.12440	7.50627e-02
0.12548	7.44950e-02
0.12647	7.39084e-02
0.12740	7.33055e-02
0.12824	7.26885e-02
0.12900	7.20593e-02
0.12969	7.14193e-02
0.13029	7.07692e-02
0.13081	7.01089e-02
0.13124	6.94373e-02
0.13160	6.87523e-02
0.13187	6.80501e-02
0.13207	6.73253e-02
0.13220	6.65710e-02
0.13226	6.57794e-02
0.13227	6.49419e-02
0.13221	6.40510e-02
0.13211	6.31019e-02
0.13195	6.20939e-02
0.13175	6.10321e-02
0.13150	5.99267e-02
0.13119	5.87925e-02
0.13083	5.76474e-02
0.13040	5.65107e-02
0.12992	5.54026e-02
0.12936	5.43428e-02
0.12875	5.33509e-02
0.12806	5.24458e-02
0.12731	5.16453e-02
0.12650	5.09661e-02
0.12563	5.04237e-02
0.12470	5.00314e-02
0.12372	4.98005e-02
0.12268	4.97395e-02
0.12160	4.98544e-02
0.12048	5.01477e-02
0.11933	5.06191e-02
0.11814	5.12652e-02
0.11692	5.20801e-02
0.11569	5.30553e-02
0.11445	5.41804e-02
0.11320	5.54437e-02
0.11196	5.68317e-02
0.11072	5.83303e-02
0.10951	5.99237e-02
0.10833	6.15947e-02
0.10719	6.33233e-02
0.10611	6.50853e-02
0.10512	6.68492e-02
0.10425	6.85730e-02
0.10354	7.02021e-02
0.10304	7.16749e-02
0.10280	7.29462e-02
0.10275	7.39392e-02
0.10296	7.47602e-02
0.10384	7.48336e-02
0.10567	7.37188e-02
0.10765	7.25246e-02
0.10969	7.13368e-02
0.11177	7.01821e-02
0.11388	6.90779e-02
0.11601	6.80366e-02
0.11814	6.70676e-02
0.12027	6.61775e-02
0.12239	6.53706e-02
0.12448	6.46491e-02
0.12655	6.40132e-02
0.12858	6.34614e-02
0.13057	6.29907e-02
0.13252	6.25968e-02
0.13441	6.22742e-02
0.13625	6.20168e-02
0.13803	6.18178e-02
0.13975	6.16702e-02
0.14140	6.15666e-02
0.14298	6.15001e-02
0.14450	6.14634e-02
0.14594	6.14501e-02
0.14731	6.14538e-02
0.14861	6.14687e-02
0.14983	6.14898e-02
0.15097	6.15123e-02
0.15209	6.14654e-02
0.15314	6.14145e-02
0.15411	6.13574e-02
0.15500	6.12920e-02
0.15582	6.12167e-02
0.15656	6.11304e-02
0.15722	6.10321e-02
0.15780	6.09211e-02
0.15831	6.07967e-02
0.15874	6.06584e-02
0.15908	6.05057e-02
0.15935	6.03383e-02
0.15954	6.01557e-02
0.15965	5.99577e-02
0.15967	5.97440e-02
0.15962	5.95147e-02
0.15949	5.92698e-02
0.15927	5.90097e-02
0.15898	5.87353e-02
0.15860	5.84474e-02
0.15815	5.81476e-02
0.15761	5.78376e-02
0.15700	5.75197e-02
0.15631	5.71962e-02
0.15554	5.68702e-02
0.15470	5.65447e-02
0.15379	5.62230e-02
0.15281	5.59087e-02
0.15175	5.56054e-02
0.15066	5.53475e-02
0.14949	5.51090e-02
0.14828	5.48934e-02
0.14700	5.47039e-02
0.14568	5.45436e-02
0.14431	5.44155e-02
0.14289	5.43225e-02
0.14143	5.42670e-02
0.13994	5.42512e-02
0.13842	5.42766e-02
0.13686	5.43441e-02
0.13529	5.44534e-02
0.13369	5.46031e-02
0.13208	5.47896e-02
0.13046	5.50067e-02
0.12884	5.52445e-02
0.12723	5.54876e-02
0.12564	5.57122e-02
0.12410	5.58832e-02
0.12263	5.59512e-02
0.12127	5.58557e-02
0.12004	5.55429e-02
0.11897	5.49958e-02
0.11803	5.42488e-02
0.11720	5.33674e-02
0.11644	5.24184e-02
0.11575	5.14540e-02
0.11510	5.05111e-02
0.11449	4.96153e-02
0.11391	4.87839e-02
0.11336	4.80297e-02
0.11283	4.73622e-02
0.11233	4.67889e-02
0.11186	4.63160e-02
0.11141	4.59482e-02
0.11098	4.56888e-02
0.11058	4.55396e-02
0.11019	4.54999e-02
0.10983	4.55666e-02
0.10949	4.57337e-02
0.10918	4.59921e-02
0.10889	4.63294e-02
0.10864	4.67224e-02
0.10843	4.71622e-02
0.10826	4.76273e-02
0.10814	4.80945e-02
0.10807	4.85401e-02
0.10807	4.89429e-02
0.10814	4.92874e-02
0.10828	4.95665e-02
0.10849	4.97830e-02
0.10876	4.99485e-02
0.10908	5.00802e-02
0.10944	5.01977e-02
0.10982	5.03200e-02
0.11021	5.04641e-02
0.11061	5.06440e-02
0.11101	5.08707e-02
0.11140	5.11524e-02
0.11177	5.14942e-02
0.11212	5.18994e-02
0.11244	5.23687e-02
0.11273	5.29016e-02
0.11298	5.34958e-02
0.11319	5.41480e-02
0.11337	5.48541e-02
0.11350	5.56091e-02
0.11358	5.64076e-02
0.11361	5.72441e-02
0.11360	5.81125e-02
0.11354	5.90069e-02
0.11334	5.98811e-02
0.11310	6.07756e-02
0.11280	6.16850e-02
0.11245	6.26037e-02
0.11205	6.35247e-02
0.11161	6.44392e-02
0.11113	6.53328e-02
0.11062	6.61793e-02
0.11013	6.69270e-02
0.10970	6.75022e-02
0.10935	6.78642e-02
0.10911	6.80018e-02
0.10895	6.79350e-02
0.10883	6.77628e-02
0.10869	6.75609e-02
0.10853	6.73615e-02
0.10833	6.71781e-02
0.10811	6.70166e-02
0.10785	6.68786e-02
0.10756	6.67632e-02
0.10726	6.66668e-02
0.10696	6.65834e-02
0.10665	6.65038e-02
0.10637	6.64166e-02
0.10611	6.63082e-02
0.10590	6.61653e-02
0.10575	6.59779e-02
0.10566	6.57416e-02
0.10564	6.54600e-02
0.10570	6.51278e-02
0.10583	6.47720e-02
0.10602	6.44076e-02
0.10626	6.40481e-02
0.10655	6.37027e-02
0.10690	6.33757e-02
0.10730	6.30649e-02
0.10776	6.27604e-02
0.10829	6.24439e-02
0.10891	6.20902e-02
0.10963	6.16729e-02
0.11044	6.11742e-02
0.11136	6.05914e-02
0.11236	5.99350e-02
0.11343	5.92208e-02
0.11456	5.84635e-02
0.11573	5.76744e-02
0.11694	5.68608e-02
0.11817	5.60280e-02
0.11943	5.51800e-02
0.12069	5.43207e-02
0.12196	5.34543e-02
0.12323	5.25858e-02
0.12448	5.17209e-02
0.12573	5.08659e-02
0.12695	5.00273e-02
0.12816	4.92116e-02
0.12933	4.84254e-02
0.13047	4.76747e-02
0.13157	4.69653e-02
0.13264	4.63024e-02
0.13367	4.56908e-02
0.13465	4.51346e-02
0.13559	4.46377e-02
0.13648	4.42035e-02
0.13732	4.38348e-02
0.13811	4.35345e-02
0.13885	4.33048e-02
0.13954	4.31478e-02
0.14016	4.30655e-02
0.14073	4.30593e-02
0.14124	4.31304e-02
0.14171	4.32972e-02
0.14212	4.35436e-02
0.14246	4.38688e-02
0.14274	4.42712e-02
0.14295	4.47482e-02
0.14310	4.52957e-02
0.14318	4.59082e-02
0.14320	4.65783e-02
0.14316	4.72963e-02
0.14306	4.80498e-02
0.14290	4.88233e-02
0.14270	4.95981e-02
0.14247	5.03515e-02
0.14220	5.10582e-02
0.14192	5.16911e-02
0.14164	5.22250e-02
0.14136	5.26405e-02
0.14110	5.29279e-02
0.14085	5.30894e-02
0.14063	5.31370e-02
0.14041	5.30883e-02
0.14021	5.29601e-02
0.14001	5.27636e-02
0.13983	5.24998e-02
0.13966	5.21573e-02
0.13953	5.17133e-02
0.13945	5.11390e-02
0.13942	5.04121e-02
0.13945	4.95304e-02
0.13958	4.85928e-02
0.13976	4.75527e-02
0.13995	4.64627e-02
0.14016	4.53747e-02
0.14037	4.43354e-02
0.14058	4.33848e-02
0.14077	4.25565e-02
0.14096	4.18780e-02
0.14114	4.13713e-02
0.14131	4.10529e-02
0.14147	4.09338e-02
0.14163	4.10193e-02
0.14179	4.13097e-02
0.14195	4.18003e-02
0.14211	4.24822e-02
0.14228	4.33430e-02
0.14246	4.43676e-02
0.14266	4.55386e-02
0.14286	4.68370e-02
0.14308	4.82425e-02
0.14332	4.97334e-02
0.14359	5.12867e-02
0.14387	5.28778e-02
0.14420	5.44802e-02
0.14456	5.60651e-02
0.14497	5.76015e-02
0.14545	5.90574e-02
0.14599	6.04016e-02
0.14662	6.16080e-02
0.14734	6.26563e-02
0.14814	6.35466e-02
0.14903	6.42885e-02
0.15000	6.49014e-02
0.15103	6.54084e-02
0.15211	6.58313e-02
0.15323	6.61869e-02
0.15438	6.64849e-02
0.15557	6.67271e-02
0.15680	6.69075e-02
0.15806	6.70139e-02
0.15935	6.70302e-02
0.16070	6.69409e-02
0.16208	6.67355e-02
0.16351	6.64122e-02
0.16498	6.59782e-02
0.16647	6.54472e-02
0.16798	6.48362e-02
0.16950	6.41621e-02
0.17102	6.34403e-02
0.17252	6.26837e-02
0.17401	6.19034e-02
0.17548	6.11084e-02
0.17693	6.03064e-02
0.17835	5.95043e-02
0.17973	5.87081e-02
0.18108	5.79236e-02
0.18238	5.71561e-02
0.18364	5.64106e-02
0.18486	5.56920e-02
0.18602	5.50046e-02
0.18712	5.43521e-02
0.18817	5.37378e-02
0.18916	5.31641e-02
0.19008	5.26325e-02
0.19094	5.21435e-02
0.19173	5.16967e-02
0.19245	5.12905e-02
0.19310	5.09227e-02
0.19368	5.05898e-02
0.19419	5.02877e-02
0.19463	5.00118e-02
0.19505	4.98189e-02
0.19540	4.96492e-02
0.19569	4.94961e-02
0.19592	4.93533e-02
0.19609	4.92143e-02
0.19620	4.90728e-02
0.19626	4.89229e-02
0.19627	4.87595e-02
0.19623	4.85779e-02
0.19615	4.83744e-02
0.19603	4.81467e-02
0.19587	4.78933e-02
0.19567	4.76144e-02
0.19544	4.73116e-02
0.19518	4.69879e-02
0.19489	4.66482e-02
0.19457	4.62985e-02
0.19423	4.59463e-02
0.19385	4.55999e-02
0.19344	4.52686e-02
0.19301	4.49618e-02
0.19254	4.46889e-02
0.19203	4.44588e-02
0.19149	4.42796e-02
0.19091	4.41580e-02
0.19029	4.40997e-02
0.18962	4.41086e-02
0.18891	4.41875e-02
0.18816	4.43376e-02
0.18731	4.45532e-02
0.18641	4.48335e-02
0.18546	4.51775e-02
0.18446	4.55839e-02
0.18341	4.60507e-02
0.18232	4.65760e-02
0.18118	4.71576e-02
0.18000	4.77931e-02
0.17878	4.84801e-02
0.17752	4.92157e-02
0.17622	4.99972e-02
0.17489	5.08213e-02
0.17353	5.16844e-02
0.17214	5.25828e-02
0.17073	5.35122e-02
0.16930	5.44681e-02
0.16786	5.54456e-02
0.16640	5.64394e-02
0.16493	5.74439e-02
0.16346	5.84530e-02
0.16199	5.94603e-02
0.16052	6.04587e-02
0.15905	6.14403e-02
0.15760	6.23959e-02
0.15617	6.33148e-02
0.15476	6.41844e-02
0.15338	6.49890e-02
0.15204	6.57102e-02
0.15076	6.63266e-02
0.14954	6.68155e-02
0.14841	6.71552e-02
0.14737	6.73277e-02
0.14644	6.73239e-02
0.14561	6.71464e-02
0.14488	6.68087e-02
0.14424	6.63317e-02
0.14369	6.57396e-02
0.14321	6.50566e-02
0.14279	6.43046e-02
0.14243	6.35026e-02
0.14212	6.26673e-02
0.14185	6.18128e-02
0.14162	6.09517e-02
0.14143	6.00950e-02
0.14127	5.92526e-02
0.14113	5.84332e-02
0.14103	5.76446e-02
0.14094	5.68936e-02
0.14087	5.61861e-02
0.14082	5.55268e-02
0.14079	5.49198e-02
0.14076	5.43685e-02
0.14074	5.38756e-02
0.14073	5.34433e-02
0.14072	5.30739e-02
0.14070	5.27693e-02
0.14069	5.25314e-02
0.14066	5.23625e-02
0.14062	5.22648e-02
0.14057	5.22407e-02
0.14050	5.22931e-02
0.14040	5.24244e-02
0.14028	5.26373e-02
0.14012	5.29344e-02
0.13993	5.33177e-02
0.13970	5.37888e-02
0.13943	5.43547e-02
0.13912	5.50022e-02
0.13876	5.57308e-02
0.13837	5.65393e-02
0.13793	5.74255e-02
0.13744	5.83972e-02
0.13690	5.94375e-02
0.13632	6.05402e-02
0.13569	6.16978e-02
0.13502	6.29011e-02
0.13432	6.41391e-02
0.13358	6.53989e-02
0.13282	6.66651e-02
0.13203	6.79200e-02
0.13124	6.91427e-02
0.13046	7.03107e-02
0.12969	7.14006e-02
0.12895	7.23922e-02
0.12825	7.32722e-02
0.12760	7.40376e-02
0.12698	7.46958e-02
0.12640	7.52617e-02
0.12585	7.57519e-02
0.12530	7.61818e-02
0.12476	7.65629e-02
0.12421	7.69027e-02
0.12366	7.72049e-02
0.12310	7.74705e-02
0.12254	7.76985e-02
0.12196	7.78870e-02
0.12137	7.80338e-02
0.12077	7.81367e-02
0.12016	7.81943e-02
0.11954	7.82050e-02
0.11900	7.81449e-02
0.11845	7.80344e-02
0.11790	7.78588e-02
0.11740	7.75799e-02
0.11698	7.71098e-02
0.11673	7.63442e-02
0.11663	7.53126e-02
0.11659	7.41337e-02
0.11657	7.28840e-02
0.11655	7.15990e-02
0.11651	7.02962e-02
0.11647	6.89854e-02
0.11642	6.76734e-02
0.11636	6.63653e-02
0.11630	6.50657e-02
0.11623	6.37787e-02
0.11617	6.25082e-02
0.11611	6.12584e-02
0.11605	6.00334e-02
0.11601	5.88376e-02
0.11597	5.76754e-02
0.11595	5.65515e-02
0.11595	5.54706e-02
0.11597	5.44376e-02
0.11600	5.34575e-02
0.11606	5.25351e-02
0.11614	5.16753e-02
0.11624	5.08831e-02
0.11637	5.01632e-02
0.11652	4.95225e-02
0.11670	4.89621e-02
0.11689	4.84859e-02
0.11711	4.80973e-02
0.11735	4.77991e-02
0.11761	4.75934e-02
0.11789	4.74811e-02
0.11818	4.74620e-02
0.11850	4.75346e-02
0.11883	4.76960e-02
0.11918	4.79419e-02
0.11955	4.82662e-02
0.11994	4.86617e-02
0.12036	4.91195e-02
0.12080	4.96294e-02
0.12128	5.01796e-02
0.12179	5.07573e-02
0.12234	5.13483e-02
0.12293	5.19374e-02
0.12358	5.25082e-02
0.12429	5.30435e-02
0.12507	5.35257e-02
0.12592	5.39368e-02
0.12686	5.42590e-02
0.12788	5.44754e-02
0.12900	5.45705e-02
0.13022	5.45310e-02
0.13153	5.43472e-02
0.13293	5.40130e-02
0.13443	5.35272e-02
0.13601	5.28934e-02
0.13767	5.21201e-02
0.13938	5.12196e-02
0.14114	5.02077e-02
0.14294	4.91024e-02
0.14475	4.79233e-02
0.14657	4.66905e-02
0.14838	4.54249e-02
0.15017	4.41463e-02
0.15192	4.28741e-02
0.15363	4.16271e-02
0.15529	4.04233e-02
0.15690	3.92812e-02
0.15843	3.82180e-02
0.15989	3.72486e-02
0.16127	3.63862e-02
0.16255	3.56422e-02
0.16375	3.50254e-02
0.16485	3.45420e-02
0.16584	3.41949e-02
0.16673	3.39840e-02
0.16752	3.39058e-02
0.16820	3.39539e-02
0.16877	3.41196e-02
0.16923	3.43918e-02
0.16957	3.47582e-02
0.16981	3.52055e-02
0.16994	3.57202e-02
0.16996	3.62886e-02
0.16986	3.68977e-02
0.16967	3.75350e-02
0.16936	3.81888e-02
0.16896	3.88484e-02
0.16845	3.95039e-02
0.16785	4.01464e-02
0.16715	4.07679e-02
0.16635	4.13614e-02
0.16546	4.19205e-02
0.16449	4.24398e-02
0.16343	4.29146e-02
0.16228	4.33408e-02
0.16105	4.37203e-02
0.15974	4.40491e-02
0.15835	4.43252e-02
0.15689	4.45473e-02
0.15535	4.47146e-02
0.15375	4.48272e-02
0.15208	4.48855e-02
0.15034	4.48910e-02
0.14855	4.48456e-02
0.14669	4.47522e-02
0.14478	4.46143e-02
0.14281	4.44361e-02
0.14079	4.42224e-02
0.13871	4.39785e-02
0.13659	4.37102e-02
0.13442	4.34234e-02
0.13221	4.31237e-02
0.12996	4.28166e-02
0.12767	4.25071e-02
0.12535	4.21994e-02
0.12300	4.18968e-02
0.12064	4.16020e-02
0.11826	4.13174e-02
0.11587	4.10459e-02
0.11348	4.07916e-02
0.11110	4.05615e-02
0.10873	4.03658e-02
0.10638	4.02183e-02
0.10404	4.01359e-02
0.10169	4.01646e-02
0.09936	4.02949e-02
0.09705	4.05412e-02
0.09478	4.09129e-02
0.09254	4.14145e-02
0.09034	4.20443e-02
0.08820	4.27945e-02
0.08612	4.36509e-02
0.08413	4.45931e-02
0.08223	4.55933e-02
0.08047	4.66179e-02
0.07886	4.76295e-02
0.07745	4.85936e-02
0.07626	4.94735e-02
0.07540	5.01514e-02
0.07507	5.03168e-02
0.07518	5.01305e-02
0.07549	4.99344e-02
0.07594	4.98349e-02
0.07647	4.98656e-02
0.07709	5.00380e-02
0.07778	5.03481e-02
0.07859	5.06993e-02
0.08000	5.03135e-02
0.08164	4.97302e-02
0.08331	4.92386e-02
0.08498	4.88529e-02
0.08666	4.85727e-02
0.08833	4.83939e-02
0.08998	4.83103e-02
0.09162	4.83141e-02
0.09323	4.83962e-02
0.09481	4.85467e-02
0.09636	4.87551e-02
0.09787	4.90107e-02
0.09934	4.93032e-02
0.10076	4.96229e-02
0.10214	4.99607e-02
0.10347	5.03097e-02
0.10474	5.06636e-02
0.10596	5.10173e-02
0.10711	5.13665e-02
0.10818	5.17224e-02
0.10917	5.20706e-02
0.11009	5.24085e-02
0.11094	5.27340e-02
0.11171	5.30449e-02
0.11241	5.33391e-02
0.11303	5.36146e-02
0.11358	5.38696e-02
0.11405	5.41020e-02
0.11445	5.43101e-02
0.11478	5.44921e-02
0.11504	5.46462e-02
0.11523	5.47706e-02
0.11535	5.48634e-02
0.11541	5.49227e-02
0.11541	5.49464e-02
0.11535	5.49318e-02
0.11524	5.48756e-02
0.11508	5.47723e-02
0.11487	5.46121e-02
0.11464	5.43748e-02
0.11440	5.40160e-02
0.11419	5.34594e-02
0.11404	5.26648e-02
0.11390	5.17014e-02
0.11375	5.06570e-02
0.11356	4.95830e-02
0.11333	4.85086e-02
0.11305	4.74532e-02
0.11270	4.65436e-02
0.11230	4.56904e-02
0.11186	4.49079e-02
0.11138	4.42106e-02
0.11085	4.36126e-02
0.11029	4.31274e-02
0.10968	4.27678e-02
0.10905	4.25448e-02
0.10838	4.24673e-02
0.10768	4.25417e-02
0.10696	4.27712e-02
0.10623	4.31551e-02
0.10548	4.36878e-02
0.10472	4.43577e-02
0.10398	4.51429e-02
0.10325	4.60049e-02
0.10260	4.68717e-02
0.10207	4.76177e-02
0.10174	4.80967e-02
0.10163	4.82997e-02
0.10167	4.83839e-02
0.10179	4.85003e-02
0.10195	4.87296e-02
0.10213	4.91051e-02
0.10234	4.96347e-02
0.10256	5.03124e-02
0.10281	5.11249e-02
0.10309	5.20555e-02
0.10340	5.30868e-02
0.10374	5.42030e-02
0.10412	5.53873e-02
0.10454	5.66224e-02
0.10501	5.78890e-02
0.10553	5.91656e-02
0.10611	6.04291e-02
0.10675	6.16571e-02
0.10747	6.28313e-02
0.10826	6.39407e-02
0.10911	6.49830e-02
0.11003	6.59638e-02
0.11099	6.68942e-02
0.11199	6.77869e-02
0.11301	6.86537e-02
0.11404	6.95040e-02
0.11506	7.03433e-02
0.11608	7.11734e-02
0.11709	7.19915e-02
0.11808	7.27889e-02
0.11906	7.35499e-02
0.12004	7.42489e-02
0.12104	7.48510e-02
0.12207	7.53215e-02
0.12313	7.56460e-02
0.12421	7.58418e-02
0.12527	7.59434e-02
0.12630	7.59826e-02
0.12727	7.59805e-02
0.12817	7.59489e-02
0.12900	7.58928e-02
0.12975	7.58133e-02
0.13042	7.57088e-02
0.13099	7.55824e-02
0.13149	7.54257e-02
0.13190	7.52340e-02
0.13223	7.50018e-02
0.13249	7.47242e-02
0.13267	7.43995e-02
0.13278	7.40199e-02
0.13283	7.35823e-02
0.13283	7.30849e-02
0.13277	7.25274e-02
0.13267	7.19317e-02
0.13253	7.12802e-02
0.13235	7.05790e-02
0.13211	6.98356e-02
0.13183	6.90594e-02
0.13150	6.82606e-02
0.13113	6.74502e-02
0.13071	6.66398e-02
0.13025	6.58408e-02
0.12975	6.50643e-02
0.12920	6.43208e-02
0.12862	6.36193e-02
0.12800	6.29677e-02
0.12734	6.23713e-02
0.12667	6.18329e-02
0.12597	6.13512e-02
0.12526	6.09206e-02
0.12456	6.05297e-02
0.12388	6.01625e-02
0.12322	5.98003e-02
0.12261	5.94282e-02
0.12205	5.90415e-02
0.12154	5.86506e-02
0.12107	5.82783e-02
0.12064	5.79534e-02
0.12023	5.77044e-02
0.11984	5.75557e-02
0.11946	5.75262e-02
0.11908	5.76291e-02
0.11869	5.79025e-02
0.11831	5.83123e-02
0.11794	5.88607e-02
0.11758	5.95465e-02
0.11723	6.03642e-02
0.11689	6.13056e-02
0.11656	6.23591e-02
0.11624	6.35113e-02
0.11595	6.47468e-02
0.11567	6.60498e-02
0.11542	6.74044e-02
0.11519	6.87959e-02
0.11500	7.02116e-02
0.11483	7.16400e-02
0.11469	7.30695e-02
0.11459	7.44790e-02
0.11458	7.57797e-02
0.11504	7.63984e-02
0.11615	7.60750e-02
0.11736	7.55867e-02
0.11856	7.51030e-02
0.11973	7.46534e-02
0.12086	7.42471e-02
0.12194	7.38877e-02
0.12296	7.35762e-02
0.12393	7.33122e-02
0.12483	7.30943e-02
0.12568	7.29199e-02
0.12646	7.27859e-02
0.12717	7.26869e-02
0.12783	7.26197e-02
0.12842	7.25790e-02
0.12895	7.25591e-02
0.12942	7.25540e-02
0.12984	7.25579e-02
0.13019	7.25650e-02
0.13050	7.25697e-02
0.13075	7.25676e-02
0.13095	7.25547e-02
0.13109	7.25283e-02
0.13119	7.24869e-02
0.13123	7.24298e-02
0.13121	7.23576e-02
0.13114	7.22715e-02
0.13102	7.21735e-02
0.13083	7.20660e-02
0.13058	7.19519e-02
0.13027	7.18343e-02
0.12989	7.17164e-02
0.12945	7.16015e-02
0.12895	7.14929e-02
0.12838	7.13935e-02
0.12775	7.13059e-02
0.12705	7.12321e-02
0.12630	7.11732e-02
0.12549	7.11291e-02
0.12464	7.10974e-02
0.12375	7.10728e-02
0.12283	7.10449e-02
0.12190	7.09958e-02
0.12098	7.08974e-02
0.12010	7.07110e-02
0.11929	7.04000e-02
0.11860	6.99002e-02
0.11832	6.87356e-02
0.11822	6.72748e-02
0.11811	6.58485e-02
0.11806	6.43728e-02
0.11804	6.28759e-02
0.11805	6.13787e-02
0.11809	5.98983e-02
0.11817	5.84448e-02
0.11827	5.70357e-02
0.11841	5.56850e-02
0.11857	5.44065e-02
0.11877	5.32142e-02
0.11899	5.21220e-02
0.11924	5.11439e-02
0.11952	5.02933e-02
0.11983	4.95829e-02
0.12017	4.90240e-02
0.12054	4.86261e-02
0.12093	4.83963e-02
0.12136	4.83388e-02
0.12181	4.84545e-02
0.12229	4.87406e-02
0.12281	4.91899e-02
0.12336	4.97907e-02
0.12394	5.05253e-02
0.12457	5.13667e-02
0.12526	5.22737e-02
0.12603	5.31803e-02
0.12692	5.39914e-02
0.12796	5.46215e-02
0.12915	5.50740e-02
0.13045	5.54326e-02
0.13181	5.57773e-02
0.13321	5.61549e-02
0.13464	5.65865e-02
0.13608	5.70794e-02
0.13753	5.76544e-02
0.13898	5.82889e-02
0.14043	5.89755e-02
0.14187	5.97054e-02
0.14330	6.04693e-02
0.14471	6.12575e-02
0.14610	6.20603e-02
0.14746	6.28687e-02
0.14879	6.36738e-02
0.15008	6.44678e-02
0.15133	6.52435e-02
0.15254	6.59948e-02
0.15370	6.67165e-02
0.15480	6.74045e-02
0.15586	6.80558e-02
0.15685	6.86684e-02
0.15779	6.92415e-02
0.15866	6.97753e-02
0.15948	7.02710e-02
0.16023	7.07308e-02
0.16091	7.11575e-02
0.16152	7.15550e-02
0.16206	7.19274e-02
0.16253	7.22794e-02
0.16292	7.26156e-02
0.16324	7.29410e-02
0.16348	7.32601e-02
0.16364	7.35772e-02
0.16371	7.38961e-02
0.16373	7.42223e-02
0.16367	7.45583e-02
0.16352	7.49064e-02
0.16329	7.52680e-02
0.16298	7.56441e-02
0.16259	7.60348e-02
0.16211	7.64395e-02
0.16155	7.68573e-02
0.16091	7.72866e-02
0.16020	7.77255e-02
0.15941	7.81717e-02
0.15855	7.86226e-02
0.15762	7.90755e-02
0.15663	7.95275e-02
0.15558	7.99756e-02
0.15447	8.04170e-02
0.15331	8.08488e-02
0.15210	8.12679e-02
0.15085	8.16711e-02
0.14957	8.20545e-02
0.14825	8.24115e-02
0.14692	8.27298e-02
0.14559	8.29778e-02
0.14431	8.30678e-02
0.14319	8.28375e-02
0.14223	8.22915e-02
0.14134	8.15954e-02
0.14047	8.08348e-02
0.13960	8.00349e-02
0.13874	7.91971e-02
0.13790	7.83102e-02
0.13710	7.73527e-02
0.13634	7.62948e-02
0.13565	7.51048e-02
0.13504	7.37603e-02
0.13451	7.22595e-02
0.13405	7.06228e-02
0.13364	6.88843e-02
0.13326	6.70818e-02
0.13290	6.52507e-02
0.13254	6.34220e-02
0.13216	6.16226e-02
0.13178	5.98712e-02
0.13138	5.81944e-02
0.13097	5.66132e-02
0.13053	5.51469e-02
0.13007	5.38131e-02
0.12959	5.26264e-02
0.12910	5.15976e-02
0.12860	5.07319e-02
0.12809	5.00267e-02
0.12759	4.94688e-02
0.12711	4.90318e-02
0.12668	4.86738e-02
0.12631	4.83389e-02
0.12603	4.79656e-02
0.12586	4.75061e-02
0.12581	4.69467e-02
0.12586	4.63151e-02
0.12599	4.56679e-02
0.12618	4.50702e-02
0.12641	4.45817e-02
0.12665	4.42498e-02
0.12690	4.41089e-02
0.12715	4.41810e-02
0.12738	4.44769e-02
0.12760	4.49977e-02
0.12780	4.57364e-02
0.12797	4.66794e-02
0.12812	4.78081e-02
0.12825	4.91003e-02
0.12832	5.05236e-02
0.12837	5.20630e-02
0.12839	5.36908e-02
0.12839	5.53770e-02
0.12838	5.70864e-02
0.12837	5.87730e-02
0.12839	6.03675e-02
0.12850	6.17562e-02
0.12878	6.27731e-02
0.12928	6.32933e-02
0.12999	6.33783e-02
0.13081	6.32001e-02
0.13167	6.28928e-02
0.13253	6.25302e-02
0.13337	6.21504e-02
0.13417	6.17735e-02
0.13493	6.14109e-02
0.13564	6.10688e-02
0.13631	6.07513e-02
0.13692	6.04602e-02
0.13748	6.01965e-02
0.13798	5.99604e-02
0.13843	5.97513e-02
0.13883	5.95686e-02
0.13917	5.94112e-02
0.13945	5.92779e-02
0.13967	5.91675e-02
0.13984	5.90789e-02
0.13996	5.90110e-02
0.14003	5.89537e-02
0.14004	5.89125e-02
0.14000	5.88858e-02
0.13991	5.88719e-02
0.13976	5.88688e-02
0.13957	5.88739e-02
0.13933	5.88838e-02
0.13904	5.88946e-02
0.13871	5.89009e-02
0.13833	5.88966e-02
0.13792	5.88743e-02
0.13748	5.88263e-02
0.13701	5.87443e-02
0.13651	5.86214e-02
0.13599	5.84525e-02
0.13545	5.82356e-02
0.13490	5.79725e-02
0.13432	5.76683e-02
0.13373	5.73308e-02
0.13311	5.69688e-02
0.13247	5.65910e-02
0.13181	5.62053e-02
0.13111	5.58177e-02
0.13040	5.54322e-02
0.12966	5.50511e-02
0.12891	5.46749e-02
0.12813	5.43023e-02
0.12735	5.39310e-02
0.12655	5.35577e-02
0.12575	5.31784e-02
0.12494	5.27891e-02
0.12414	5.23857e-02
0.12336	5.19748e-02
0.12258	5.15422e-02
0.12181	5.10857e-02
0.12105	5.06041e-02
0.12031	5.00979e-02
0.11958	4.95617e-02
0.11886	4.90080e-02
0.11816	4.84430e-02
0.11748	4.78744e-02
0.11680	4.73110e-02
0.11614	4.67624e-02
0.11548	4.62383e-02
0.11484	4.57485e-02
0.11420	4.53022e-02
0.11357	4.49074e-02
0.11295	4.45712e-02
0.11233	4.42994e-02
0.11173	4.40965e-02
0.11113	4.39658e-02
0.11054	4.39089e-02
0.10995	4.39265e-02
0.10938	4.40181e-02
0.10882	4.41821e-02
0.10827	4.44158e-02
0.10773	4.47160e-02
0.10721	4.50787e-02
0.10670	4.54992e-02
0.10620	4.59724e-02
0.10572	4.64931e-02
0.10525	4.70552e-02
0.10479	4.76526e-02
0.10435	4.82787e-02
0.10393	4.89264e-02
0.10353	4.95879e-02
0.10315	5.02551e-02
0.10279	5.09189e-02
0.10246	5.15698e-02
0.10216	5.21986e-02
0.10189	5.27962e-02
0.10167	5.34163e-02
0.10147	5.39984e-02
0.10130	5.45356e-02
0.10117	5.50200e-02
0.10108	5.54395e-02
0.10103	5.57741e-02
0.10106	5.59894e-02
0.10117	5.60336e-02
0.10141	5.58496e-02
0.10178	5.54130e-02
0.10226	5.47551e-02
0.10281	5.39358e-02
0.10339	5.30085e-02
0.10399	5.20106e-02
0.10457	5.09669e-02
0.10514	4.98946e-02
0.10568	4.88064e-02
0.10619	4.77123e-02
0.10666	4.66208e-02
0.10709	4.55392e-02
0.10748	4.44741e-02
0.10782	4.34314e-02
0.10812	4.24162e-02
0.10837	4.14335e-02
0.10858	4.04874e-02
0.10874	3.95815e-02
0.10886	3.87193e-02
0.10894	3.79034e-02
0.10898	3.71363e-02
0.10898	3.64227e-02
0.10894	3.57619e-02
0.10886	3.51558e-02
0.10876	3.46057e-02
0.10862	3.41136e-02
0.10847	3.36812e-02
0.10828	3.33110e-02
0.10808	3.30056e-02
0.10785	3.27682e-02
0.10760	3.26025e-02
0.10734	3.25121e-02
0.10705	3.25009e-02
0.10675	3.25724e-02
0.10643	3.27293e-02
0.10610	3.29738e-02
0.10575	3.33068e-02
0.10538	3.37277e-02
0.10499	3.42349e-02
0.10459	3.48249e-02
0.10417	3.54928e-02
0.10374	3.62319e-02
0.10329	3.70338e-02
0.10283	3.78878e-02
0.10237	3.87805e-02
0.10191	3.96947e-02
0.10145	4.06085e-02
0.10102	4.14931e-02
0.10061	4.23131e-02
0.10027	4.30280e-02
0.09999	4.35999e-02
0.09981	4.40055e-02
0.09971	4.42408e-02
0.09970	4.43111e-02
0.09979	4.42041e-02
0.10000	4.38665e-02
0.10035	4.32355e-02
0.10083	4.23464e-02
0.10136	4.13387e-02
0.10192	4.02822e-02
0.10249	3.92300e-02
0.10305	3.82168e-02
0.10360	3.72708e-02
0.10412	3.64152e-02
0.10463	3.56652e-02
0.10511	3.50385e-02
0.10558	3.45510e-02
0.10601	3.42161e-02
0.10643	3.40442e-02
0.10682	3.40423e-02
0.10719	3.42135e-02
0.10754	3.45565e-02
0.10786	3.50661e-02
0.10816	3.57386e-02
0.10843	3.65577e-02
0.10869	3.75094e-02
0.10893	3.85785e-02
0.10915	3.97491e-02
0.10936	4.10053e-02
0.10955	4.23319e-02
0.10974	4.37143e-02
0.10991	4.51389e-02
0.11007	4.65934e-02
0.11023	4.80668e-02
0.11038	4.95490e-02
0.11053	5.10309e-02
0.11067	5.25041e-02
0.11081	5.39597e-02
0.11095	5.53893e-02
0.11110	5.67830e-02
0.11125	5.81278e-02
0.11142	5.94053e-02
0.11162	6.05912e-02
0.11188	6.16456e-02
0.11220	6.25462e-02
0.11260	6.32998e-02
0.11303	6.39375e-02
0.11349	6.44927e-02
0.11396	6.49889e-02
0.11443	6.54391e-02
0.11489	6.58488e-02
0.11534	6.62189e-02
0.11578	6.65477e-02
0.11622	6.68319e-02
0.11664	6.70679e-02
0.11706	6.72517e-02
0.11748	6.73801e-02
0.11789	6.74503e-02
0.11829	6.74604e-02
0.11870	6.74092e-02
0.11911	6.72967e-02
0.11951	6.71236e-02
0.11992	6.68914e-02
0.12033	6.66026e-02
0.12074	6.62607e-02
0.12114	6.58701e-02
0.12154	6.54362e-02
0.12194	6.49652e-02
0.12233	6.44647e-02
0.12271	6.39426e-02
0.12308	6.34079e-02
0.12344	6.28704e-02
0.12378	6.23399e-02
0.12409	6.18271e-02
0.12438	6.13424e-02
0.12465	6.08963e-02
0.12488	6.04988e-02
0.12509	6.01590e-02
0.12525	5.98852e-02
0.12539	5.96837e-02
0.12548	5.95590e-02
0.12554	5.95131e-02
0.12557	5.95450e-02
0.12555	5.96506e-02
0.12551	5.98228e-02
0.12544	6.00518e-02
0.12534	6.03257e-02
0.12523	6.06300e-02
0.12510	6.09455e-02
0.12499	6.12393e-02
0.12491	6.14408e-02
0.12496	6.13883e-02
0.12526	6.08100e-02
0.12586	5.95948e-02
0.12664	5.79595e-02
0.12748	5.61285e-02
0.12832	5.42203e-02
0.12914	5.22956e-02
0.12993	5.03916e-02
0.13067	4.85356e-02
0.13136	4.67506e-02
0.13200	4.50577e-02
0.13259	4.34772e-02
0.13310	4.19915e-02
0.13355	4.06532e-02
0.13396	3.94793e-02
0.13431	3.84842e-02
0.13461	3.76791e-02
0.13488	3.70627e-02
0.13510	3.66431e-02
0.13527	3.64161e-02
0.13541	3.63719e-02
0.13551	3.64956e-02
0.13559	3.67678e-02
0.13564	3.71674e-02
0.13566	3.76693e-02
0.13566	3.82476e-02
0.13564	3.88767e-02
0.13561	3.95319e-02
0.13556	4.01909e-02
0.13551	4.08333e-02
0.13545	4.14420e-02
0.13539	4.20026e-02
0.13532	4.25042e-02
0.13526	4.29391e-02
0.13519	4.33027e-02
0.13511	4.35931e-02
0.13503	4.38111e-02
0.13494	4.39595e-02
0.13483	4.40428e-02
0.13471	4.40666e-02
0.13457	4.40373e-02
0.13440	4.39617e-02
0.13421	4.38471e-02
0.13398	4.37005e-02
0.13372	4.35288e-02
0.13342	4.33386e-02
0.13307	4.31364e-02
0.13268	4.29276e-02
0.13224	4.27176e-02
0.13175	4.25113e-02
0.13120	4.23131e-02
0.13068	4.21159e-02
0.13009	4.19431e-02
0.12945	4.17976e-02
0.12876	4.16815e-02
0.12799	4.15962e-02
0.12717	4.15427e-02
0.12629	4.15211e-02
0.12534	4.15310e-02
0.12433	4.15716e-02
0.12326	4.16415e-02
0.12213	4.17387e-02
0.12095	4.18611e-02
0.11970	4.20061e-02
0.11841	4.21707e-02
0.11706	4.23520e-02
0.11567	4.25468e-02
0.11423	4.27521e-02
0.11275	4.29650e-02
0.11124	4.31828e-02
0.10969	4.34032e-02
0.10812	4.36242e-02
0.10652	4.38441e-02
0.10491	4.40614e-02
0.10328	4.42746e-02
0.10164	4.44820e-02
0.10000	4.46809e-02
0.09837	4.48672e-02
0.09675	4.50340e-02
0.09515	4.51706e-02
0.09359	4.52598e-02
0.09209	4.52750e-02
0.09067	4.51730e-02
0.08938	4.48838e-02
0.08827	4.43068e-02
0.08739	4.33757e-02
0.08670	4.21456e-02
0.08614	4.07275e-02
0.08568	3.92060e-02
0.08529	3.76365e-02
0.08495	3.60590e-02
0.08466	3.45060e-02
0.08440	3.30071e-02
0.08418	3.15914e-02
0.08398	3.02889e-02
0.08382	2.91313e-02
0.08368	2.81513e-02
0.08356	2.73817e-02
0.08347	2.68531e-02
0.08340	2.65908e-02
0.08336	2.66123e-02
0.08333	2.69243e-02
0.08334	2.75225e-02
0.08336	2.83920e-02
0.08341	2.95098e-02
0.08348	3.08474e-02
0.08358	3.23733e-02
0.08371	3.40553e-02
0.08387	3.58604e-02
0.08406	3.77552e-02
0.08431	3.97039e-02
0.08461	4.16649e-02
0.08499	4.35732e-02
0.08548	4.53798e-02
0.08613	4.70180e-02
0.08695	4.84474e-02
0.08795	4.96835e-02
0.08910	5.07807e-02
0.09035	5.18118e-02
0.09166	5.28272e-02
0.09302	5.38524e-02
0.09443	5.48564e-02
0.09607	5.55694e-02
0.09790	5.60176e-02
0.09977	5.64491e-02
0.10165	5.69038e-02
0.10353	5.73896e-02
0.10541	5.79087e-02
0.10728	5.84613e-02
0.10914	5.90464e-02
0.11099	5.96618e-02
0.11282	6.03049e-02
0.11463	6.09716e-02
0.11642	6.16570e-02
0.11819	6.23547e-02
0.11994	6.30570e-02
0.12168	6.37542e-02
0.12340	6.44349e-02
0.12511	6.50867e-02
0.12682	6.56968e-02
0.12852	6.62540e-02
0.13020	6.67636e-02
0.13188	6.72100e-02
0.13354	6.75962e-02
0.13519	6.79293e-02
0.13681	6.82185e-02
0.13840	6.84673e-02
0.13994	6.86929e-02
0.14144	6.89023e-02
0.14288	6.91014e-02
0.14426	6.92946e-02
0.14561	6.94877e-02
0.14688	6.96776e-02
0.14809	6.98658e-02
0.14921	7.00534e-02
0.15027	7.02411e-02
0.15125	7.04292e-02
0.15215	7.06181e-02
0.15297	7.08080e-02
0.15372	7.09990e-02
0.15439	7.11913e-02
0.15499	7.13847e-02
0.15551	7.15790e-02
0.15596	7.17737e-02
0.15634	7.19681e-02
0.15666	7.21607e-02
0.15690	7.23497e-02
0.15708	7.25330e-02
0.15720	7.27076e-02
0.15725	7.28705e-02
0.15723	7.30183e-02
0.15716	7.31478e-02
0.15702	7.32564e-02
0.15682	7.33421e-02
0.15655	7.34039e-02
0.15621	7.34420e-02
0.15580	7.34574e-02
0.15532	7.34518e-02
0.15477	7.34273e-02
0.15414	7.33860e-02
0.15343	7.33296e-02
0.15264	7.32596e-02
0.15177	7.31766e-02
0.15082	7.30811e-02
0.14980	7.29728e-02
0.14869	7.28510e-02
0.14751	7.27148e-02
0.14626	7.25630e-02
0.14494	7.23945e-02
0.14356	7.22081e-02
0.14211	7.20029e-02
0.14061	7.17780e-02
0.13905	7.15330e-02
0.13744	7.12679e-02
0.13579	7.09831e-02
0.13409	7.06794e-02
0.13237	7.03579e-02
0.13061	7.00200e-02
0.12883	6.96674e-02
0.12702	6.93016e-02
0.12521	6.89239e-02
0.12338	6.85351e-02
0.12156	6.81350e-02
0.11975	6.77223e-02
0.11795	6.72939e-02
0.11619	6.68452e-02
0.11446	6.63694e-02
0.11278	6.58589e-02
0.11117	6.53061e-02
0.10964	6.47053e-02
0.10819	6.40554e-02
0.10682	6.33609e-02
0.10553	6.26267e-02
0.10433	6.18730e-02
0.10321	6.11162e-02
0.10217	6.03723e-02
0.10119	5.96566e-02
0.10029	5.89821e-02
0.09945	5.83602e-02
0.09867	5.78002e-02
0.09795	5.73093e-02
0.09730	5.68932e-02
0.09671	5.65547e-02
0.09619	5.62964e-02
0.09573	5.61188e-02
0.09534	5.60212e-02
0.09502	5.60011e-02
0.09478	5.60545e-02
0.09461	5.61746e-02
0.09453	5.63487e-02
0.09454	5.65522e-02
0.09468	5.67417e-02
0.09495	5.68738e-02
0.09537	5.69567e-02
0.09588	5.70434e-02
0.09646	5.71755e-02
0.09709	5.73667e-02
0.09778	5.76086e-02
0.09853	5.78746e-02
0.09936	5.81245e-02
0.10029	5.83156e-02
0.10131	5.84230e-02
0.10241	5.84477e-02
0.10359	5.84144e-02
0.10481	5.83534e-02
0.10605	5.82879e-02
0.10728	5.82473e-02
0.10851	5.82243e-02
0.10972	5.82199e-02
0.11092	5.82324e-02
0.11210	5.82590e-02
0.11320	5.83234e-02
0.11428	5.83994e-02
0.11532	5.84849e-02
0.11632	5.85791e-02
0.11728	5.86825e-02
0.11820	5.87965e-02
0.11906	5.89231e-02
0.11986	5.90645e-02
0.12061	5.92226e-02
0.12129	5.93995e-02
0.12191	5.95966e-02
0.12246	5.98148e-02
0.12295	6.00545e-02
0.12337	6.03153e-02
0.12372	6.05958e-02
0.12401	6.08939e-02
0.12424	6.12061e-02
0.12441	6.15280e-02
0.12453	6.18540e-02
0.12460	6.21775e-02
0.12462	6.24913e-02
0.12461	6.27886e-02
0.12456	6.30635e-02
0.12448	6.33121e-02
0.12438	6.35336e-02
0.12425	6.37311e-02
0.12410	6.39110e-02
0.12392	6.40831e-02
0.12370	6.42594e-02
0.12346	6.44533e-02
0.12317	6.46779e-02
0.12312	6.44156e-02
0.12345	6.33704e-02
0.12376	6.23315e-02
0.12403	6.13147e-02
0.12426	6.03349e-02
0.12446	5.94063e-02
0.12461	5.85428e-02
0.12471	5.77577e-02
0.12477	5.70636e-02
0.12477	5.64721e-02
0.12473	5.59938e-02
0.12464	5.56381e-02
0.12450	5.54131e-02
0.12430	5.53251e-02
0.12407	5.53786e-02
0.12378	5.55761e-02
0.12345	5.59179e-02
0.12308	5.64019e-02
0.12266	5.70238e-02
0.12221	5.77772e-02
0.12173	5.86532e-02
0.12121	5.96411e-02
0.12067	6.07278e-02
0.12010	6.18987e-02
0.11952	6.31367e-02
0.11894	6.44229e-02
0.11835	6.57355e-02
0.11778	6.70494e-02
0.11724	6.83345e-02
0.11676	6.95522e-02
0.11637	7.06397e-02
0.11613	7.15212e-02
0.11609	7.20948e-02
0.11629	7.23274e-02
0.11667	7.22905e-02
0.11718	7.20668e-02
0.11778	7.17072e-02
0.11846	7.12405e-02
0.11920	7.06851e-02
0.11998	7.00537e-02
0.12080	6.93592e-02
0.12166	6.86060e-02
0.12254	6.78023e-02
0.12344	6.69563e-02
0.12435	6.60768e-02
0.12527	6.51726e-02
0.12619	6.42531e-02
0.12711	6.33281e-02
0.12802	6.24073e-02
0.12892	6.15002e-02
0.12980	6.06163e-02
0.13067	5.97643e-02
0.13150	5.89523e-02
0.13231	5.81877e-02
0.13309	5.74769e-02
0.13383	5.68250e-02
0.13454	5.62365e-02
0.13522	5.57141e-02
0.13585	5.52596e-02
0.13645	5.48706e-02
0.13701	5.45490e-02
0.13752	5.42924e-02
0.13799	5.40973e-02
0.13842	5.39587e-02
0.13881	5.38727e-02
0.13916	5.38298e-02
0.13947	5.38223e-02
0.13973	5.38420e-02
0.13995	5.38805e-02
0.14014	5.39307e-02
0.14029	5.39819e-02
0.14041	5.40268e-02
0.14049	5.40587e-02
0.14053	5.40720e-02
0.14055	5.40621e-02
0.14053	5.40255e-02
0.14048	5.39601e-02
0.14041	5.38649e-02
0.14031	5.37401e-02
0.14018	5.35874e-02
0.14002	5.34095e-02
0.13985	5.32103e-02
0.13964	5.29951e-02
0.13941	5.27699e-02
0.13916	5.25421e-02
0.13887	5.23197e-02
0.13856	5.21118e-02
0.13822	5.19279e-02
0.13785	5.17781e-02
0.13745	5.16729e-02
0.13701	5.16227e-02
0.13654	5.16375e-02
0.13603	5.17269e-02
0.13549	5.18996e-02
0.13491	5.21630e-02
0.13428	5.25231e-02
0.13362	5.29839e-02
0.13292	5.35478e-02
0.13217	5.42148e-02
0.13139	5.49830e-02
0.13056	5.58486e-02
0.12969	5.68056e-02
0.12878	5.78464e-02
0.12783	5.89616e-02
0.12685	6.01405e-02
0.12583	6.13700e-02
0.12477	6.26350e-02
0.12370	6.39162e-02
0.12262	6.51872e-02
0.12155	6.64090e-02
0.12053	6.75216e-02
0.11960	6.84424e-02
0.11883	6.90985e-02
0.11821	6.94887e-02
0.11772	6.96838e-02
0.11731	6.97637e-02
0.11695	6.97836e-02
0.11661	6.97763e-02
0.11630	6.97605e-02
0.11601	6.97476e-02
0.11573	6.97448e-02
0.11546	6.97565e-02
0.11520	6.97857e-02
0.11496	6.98333e-02
0.11473	6.98989e-02
0.11451	6.99800e-02
0.11430	7.00713e-02
0.11412	7.01640e-02
0.11397	7.02443e-02
0.11386	7.02921e-02
0.11381	7.02802e-02
0.11384	7.01751e-02
0.11396	6.99428e-02
0.11420	6.95596e-02
0.11454	6.90216e-02
0.11498	6.83453e-02
0.11550	6.75587e-02
0.11608	6.66915e-02
0.11670	6.57695e-02
0.11735	6.48141e-02
0.11802	6.38478e-02
0.11871	6.28849e-02
0.11940	6.19418e-02
0.12010	6.10353e-02
0.12079	6.01820e-02
0.12148	5.93985e-02
0.12215	5.87009e-02
0.12281	5.81036e-02
0.12345	5.76193e-02
0.12407	5.72582e-02
0.12467	5.70274e-02
0.12525	5.69303e-02
0.12581	5.69657e-02
0.12635	5.71278e-02
0.12688	5.74051e-02
0.12740	5.77800e-02
0.12792	5.82291e-02
0.12846	5.87231e-02
0.12902	5.92295e-02
0.12961	5.97185e-02
0.13026	6.01575e-02
0.13095	6.05244e-02
0.13171	6.08040e-02
0.13252	6.09868e-02
0.13337	6.10608e-02
0.13426	6.10357e-02
0.13520	6.09175e-02
0.13617	6.07195e-02
0.13715	6.04610e-02
0.13814	6.01577e-02
0.13911	5.98554e-02
0.14005	5.95758e-02
0.14096	5.93371e-02
0.14181	5.91536e-02
0.14260	5.90362e-02
0.14333	5.89930e-02
0.14400	5.90289e-02
0.14459	5.91468e-02
0.14511	5.93476e-02
0.14555	5.96305e-02
0.14591	5.99935e-02
0.14619	6.04332e-02
0.14639	6.09453e-02
0.14650	6.15249e-02
0.14654	6.21662e-02
0.14649	6.28631e-02
0.14636	6.36089e-02
0.14615	6.43967e-02
0.14585	6.52194e-02
0.14547	6.60697e-02
0.14502	6.69401e-02
0.14448	6.78236e-02
0.14386	6.87128e-02
0.14316	6.96010e-02
0.14239	7.04814e-02
0.14154	7.13478e-02
0.14062	7.21947e-02
0.13963	7.30167e-02
0.13858	7.38093e-02
0.13746	7.45686e-02
0.13629	7.52912e-02
0.13506	7.59743e-02
0.13377	7.66158e-02
0.13244	7.72137e-02
0.13107	7.77665e-02
0.12965	7.82725e-02
0.12820	7.87301e-02
0.12672	7.91375e-02
0.12521	7.94921e-02
0.12369	7.97908e-02
0.12215	8.00290e-02
0.12062	8.02000e-02
0.11909	8.02945e-02
0.11760	8.02997e-02
0.11614	8.01992e-02
0.11475	7.99741e-02
0.11345	7.96055e-02
0.11225	7.90786e-02
0.11116	7.83850e-02
0.11020	7.75247e-02
0.10935	7.65045e-02
0.10862	7.53361e-02
0.10799	7.40343e-02
0.10747	7.26151e-02
0.10703	7.10946e-02
0.10668	6.94872e-02
0.10639	6.78051e-02
0.10618	6.60577e-02
0.10602	6.42519e-02
0.10593	6.23919e-02
0.10589	6.04811e-02
0.10590	5.85193e-02
0.10596	5.65069e-02
0.10607	5.44448e-02
0.10621	5.23356e-02
0.10640	5.01846e-02
0.10660	4.79998e-02
0.10682	4.57922e-02
0.10704	4.35752e-02
0.10726	4.13645e-02
0.10746	3.91770e-02
0.10765	3.70327e-02
0.10779	3.49524e-02
0.10790	3.29587e-02
0.10796	3.10764e-02
0.10797	2.93326e-02
0.10792	2.77564e-02
0.10781	2.63786e-02
0.10763	2.52301e-02
0.10739	2.43392e-02
0.10709	2.37291e-02
0.10672	2.34139e-02
0.10629	2.33964e-02
0.10579	2.36670e-02
0.10523	2.42050e-02
0.10461	2.49815e-02
0.10394	2.59634e-02
0.10321	2.71168e-02
0.10244	2.84090e-02
0.10163	2.98126e-02
0.10078	3.12909e-02
0.09991	3.28226e-02
0.09902	3.43892e-02
0.09813	3.59750e-02
0.09723	3.75634e-02
0.09634	3.91450e-02
0.09545	4.07071e-02
0.09460	4.22352e-02
0.09377	4.37091e-02
0.09300	4.50857e-02
0.09232	4.63174e-02
0.09181	4.72904e-02
0.09154	4.78807e-02
0.09150	4.81165e-02
0.09162	4.81593e-02
0.09182	4.81381e-02
0.09208	4.81198e-02
0.09237	4.81378e-02
0.09269	4.82092e-02
0.09303	4.83413e-02
0.09340	4.85310e-02
0.09380	4.87590e-02
0.09425	4.89710e-02
0.09485	4.90352e-02
0.09569	4.87073e-02
0.09687	4.78081e-02
0.09831	4.64575e-02
0.09988	4.48587e-02
0.10151	4.31323e-02
0.10319	4.13394e-02
0.10488	3.95154e-02
0.10659	3.76855e-02
0.10830	3.58712e-02
0.11001	3.40937e-02
0.11172	3.23755e-02
0.11342	3.07414e-02
0.11511	2.92192e-02
0.11678	2.78396e-02
0.11843	2.66360e-02
0.12007	2.56430e-02
0.12167	2.48939e-02
0.12324	2.44177e-02
0.12478	2.42353e-02
0.12628	2.43562e-02
0.12774	2.47772e-02
0.12916	2.54828e-02
0.13053	2.64483e-02
0.13184	2.76428e-02
0.13311	2.90334e-02
0.13433	3.05874e-02
0.13549	3.22741e-02
0.13659	3.40658e-02
0.13764	3.59377e-02
0.13864	3.78677e-02
0.13959	3.98361e-02
0.14048	4.18249e-02
0.14133	4.38174e-02
0.14214	4.57975e-02
0.14291	4.77495e-02
0.14364	4.96572e-02
0.14435	5.15042e-02
0.14504	5.32734e-02
0.14571	5.49479e-02
0.14639	5.65113e-02
0.14707	5.79496e-02
0.14776	5.92533e-02
0.14847	6.04184e-02
0.14919	6.14480e-02
0.14993	6.23514e-02
0.15067	6.31423e-02
0.15141	6.38287e-02
0.15214	6.44341e-02
0.15286	6.49735e-02
0.15356	6.54599e-02
0.15422	6.59037e-02
0.15486	6.63132e-02
0.15546	6.66949e-02
0.15602	6.70534e-02
0.15653	6.73921e-02
0.15700	6.77131e-02
0.15743	6.80193e-02
0.15780	6.83101e-02
0.15812	6.85857e-02
0.15838	6.88457e-02
0.15859	6.90897e-02
0.15875	6.93171e-02
0.15884	6.95272e-02
0.15888	6.97194e-02
0.15886	6.98933e-02
0.15877	7.00485e-02
0.15863	7.01850e-02
0.15843	7.03030e-02
0.15818	7.04029e-02
0.15786	7.04854e-02
0.15749	7.05515e-02
0.15706	7.06021e-02
0.15658	7.06387e-02
0.15604	7.06623e-02
0.15546	7.06741e-02
0.15483	7.06735e-02
0.15415	7.06638e-02
0.15342	7.06457e-02
0.15265	7.06196e-02
0.15183	7.05854e-02
0.15098	7.05454e-02
0.15010	7.04968e-02
0.14918	7.04389e-02
0.14822	7.03707e-02
0.14723	7.02912e-02
0.14617	7.02604e-02
0.14508	7.02226e-02
0.14396	7.01768e-02
0.14282	7.01219e-02
0.14165	7.00566e-02
0.14047	6.99801e-02
0.13928	6.98913e-02
0.13807	6.97897e-02
0.13685	6.96747e-02
0.13562	6.95461e-02
0.13438	6.94039e-02
0.13314	6.92483e-02
0.13189	6.90798e-02
0.13063	6.88987e-02
0.12938	6.87057e-02
0.12812	6.85010e-02
0.12686	6.82846e-02
0.12560	6.80563e-02
0.12434	6.78152e-02
0.12308	6.75598e-02
0.12183	6.72880e-02
0.12059	6.69969e-02
0.11935	6.66827e-02
0.11813	6.63407e-02
0.11693	6.59651e-02
0.11575	6.55489e-02
0.11460	6.50833e-02
0.11349	6.45580e-02
0.11241	6.39602e-02
0.11138	6.32753e-02
0.11041	6.24929e-02
0.10950	6.15892e-02
0.10867	6.05500e-02
0.10791	5.93676e-02
0.10722	5.80444e-02
0.10660	5.65931e-02
0.10602	5.50350e-02
0.10547	5.33961e-02
0.10494	5.17035e-02
0.10441	4.99838e-02
0.10386	4.82616e-02
0.10330	4.65603e-02
0.10271	4.49018e-02
0.10210	4.33075e-02
0.10144	4.17984e-02
0.10076	4.03956e-02
0.10003	3.91198e-02
0.09928	3.79916e-02
0.09848	3.70302e-02
0.09765	3.62533e-02
0.09679	3.56752e-02
0.09590	3.53064e-02
0.09498	3.51517e-02
0.09405	3.52099e-02
0.09309	3.54731e-02
0.09212	3.59263e-02
0.09115	3.65479e-02
0.09018	3.73091e-02
0.08923	3.81743e-02
0.08833	3.91002e-02
0.08748	4.00358e-02
0.08674	4.09291e-02
0.08611	4.17208e-02
0.08563	4.23713e-02
0.08531	4.28724e-02
0.08512	4.32495e-02
0.08506	4.35468e-02
0.08510	4.38057e-02
0.08522	4.40486e-02
0.08542	4.42707e-02
0.08570	4.44463e-02
0.08608	4.45596e-02
0.08653	4.46314e-02
0.08702	4.47053e-02
0.08753	4.48143e-02
0.08804	4.49724e-02
0.08856	4.51788e-02
0.08907	4.54219e-02
0.08959	4.56834e-02
0.09011	4.59396e-02
0.09064	4.61656e-02
0.09120	4.63392e-02
0.09177	4.64452e-02
0.09237	4.64778e-02
0.09298	4.64390e-02
0.09360	4.63355e-02
0.09422	4.61753e-02
0.09483	4.59656e-02
0.09542	4.57128e-02
0.09600	4.54222e-02
0.09656	4.50987e-02
0.09709	4.47470e-02
0.09760	4.43725e-02
0.09807	4.39811e-02
0.09852	4.35796e-02
0.09892	4.31701e-02
0.09928	4.27671e-02
0.09960	4.23797e-02
0.09989	4.20175e-02
0.10013	4.16899e-02
0.10026	4.14417e-02
0.10036	4.12482e-02
0.10040	4.11158e-02
0.10040	4.10487e-02
0.10036	4.10493e-02
0.10026	4.11172e-02
0.10013	4.12497e-02
0.09995	4.14414e-02
0.09973	4.16846e-02
0.09948	4.19693e-02
0.09920	4.22838e-02
0.09890	4.26145e-02
0.09858	4.29470e-02
0.09825	4.32662e-02
0.09792	4.35571e-02
0.09760	4.38060e-02
0.09730	4.40008e-02
0.09702	4.41321e-02
0.09677	4.41941e-02
0.09655	4.41840e-02
0.09636	4.41022e-02
0.09621	4.39519e-02
0.09610	4.37380e-02
0.09602	4.34664e-02
0.09598	4.31440e-02
0.09597	4.27775e-02
0.09600	4.23739e-02
0.09606	4.19397e-02
0.09616	4.14812e-02
0.09628	4.10042e-02
0.09645	4.05138e-02
0.09664	4.00158e-02
0.09687	3.95154e-02
0.09713	3.90178e-02
0.09742	3.85284e-02
0.09774	3.80527e-02
0.09810	3.75963e-02
0.09848	3.71649e-02
0.09890	3.67649e-02
0.09935	3.64023e-02
0.09983	3.60837e-02
0.10034	3.58156e-02
0.10088	3.56045e-02
0.10145	3.54563e-02
0.10204	3.53770e-02
0.10266	3.53716e-02
0.10331	3.54442e-02
0.10398	3.55978e-02
0.10468	3.58341e-02
0.10539	3.61531e-02
0.10613	3.65533e-02
0.10688	3.70315e-02
0.10765	3.75828e-02
0.10843	3.82009e-02
0.10922	3.88781e-02
0.11002	3.96056e-02
0.11083	4.03738e-02
0.11165	4.11725e-02
0.11246	4.19913e-02
0.11329	4.28196e-02
0.11411	4.36470e-02
0.11492	4.44678e-02
0.11574	4.52683e-02
0.11655	4.60404e-02
0.11737	4.67772e-02
0.11818	4.74739e-02
0.11898	4.81279e-02
0.11978	4.87392e-02
0.12057	4.93105e-02
0.12135	4.98469e-02
0.12211	5.03556e-02
0.12285	5.08348e-02
0.12355	5.13037e-02
0.12423	5.17719e-02
0.12487	5.22492e-02
0.12548	5.27447e-02
0.12604	5.32669e-02
0.12656	5.38233e-02
0.12703	5.44202e-02
0.12746	5.50627e-02
0.12784	5.57544e-02
0.12817	5.64972e-02
0.12845	5.72905e-02
0.12869	5.81305e-02
0.12888	5.90063e-02
0.12905	5.98878e-02
0.12923	6.06821e-02
0.12952	6.12074e-02
0.12989	6.14997e-02
0.13027	6.17489e-02
0.13060	6.20324e-02
0.13089	6.23704e-02
0.13112	6.27664e-02
0.13130	6.32176e-02
0.13143	6.37185e-02
0.13151	6.42623e-02
0.13154	6.48405e-02
0.13153	6.54444e-02
0.13148	6.60649e-02
0.13138	6.66926e-02
0.13124	6.72718e-02
0.13107	6.78370e-02
0.13088	6.83794e-02
0.13066	6.88900e-02
0.13042	6.93601e-02
0.13017	6.97812e-02
0.12991	7.01462e-02
0.12964	7.04496e-02
0.12935	7.06882e-02
0.12907	7.08617e-02
0.12877	7.09723e-02
0.12845	7.10248e-02
0.12813	7.10249e-02
0.12778	7.09789e-02
0.12740	7.08927e-02
0.12701	7.07710e-02
0.12658	7.06173e-02
0.12613	7.04334e-02
0.12564	7.02197e-02
0.12513	6.99751e-02
0.12460	6.96972e-02
0.12404	6.93825e-02
0.12347	6.90264e-02
0.12288	6.86234e-02
0.12228	6.81675e-02
0.12168	6.76524e-02
0.12109	6.70714e-02
0.12049	6.64181e-02
0.11991	6.56869e-02
0.11934	6.48727e-02
0.11878	6.39755e-02
0.11825	6.29897e-02
0.11773	6.19149e-02
0.11723	6.07523e-02
0.11676	5.95050e-02
0.11629	5.81773e-02
0.11585	5.67749e-02
0.11541	5.53046e-02
0.11499	5.37740e-02
0.11457	5.21913e-02
0.11414	5.05657e-02
0.11371	4.89067e-02
0.11328	4.72244e-02
0.11284	4.55295e-02
0.11238	4.38336e-02
0.11191	4.21492e-02
0.11142	4.04900e-02
0.11092	3.88706e-02
0.11039	3.73073e-02
0.10985	3.58177e-02
0.10928	3.44208e-02
0.10869	3.31371e-02
0.10809	3.19883e-02
0.10746	3.09962e-02
0.10682	3.01824e-02
0.10615	2.95661e-02
0.10548	2.91634e-02
0.10480	2.89848e-02
0.10411	2.90343e-02
0.10341	2.93084e-02
0.10272	2.97955e-02
0.10205	3.04750e-02
0.10139	3.13230e-02
0.10077	3.23070e-02
0.10018	3.33889e-02
0.09965	3.45243e-02
0.09921	3.56636e-02
0.09886	3.67535e-02
0.09865	3.77428e-02
0.09858	3.85921e-02
0.09867	3.92850e-02
0.09892	3.98465e-02
0.09931	4.02898e-02
0.09984	4.06486e-02
0.10050	4.09566e-02
0.10125	4.12427e-02
0.10210	4.15301e-02
0.10303	4.18365e-02
0.10402	4.21750e-02
0.10506	4.25539e-02
0.10616	4.29778e-02
0.10729	4.34477e-02
0.10845	4.39617e-02
0.10963	4.45152e-02
0.11083	4.51011e-02
0.11203	4.57112e-02
0.11325	4.63354e-02
0.11446	4.69632e-02
0.11567	4.75830e-02
0.11688	4.81834e-02
0.11807	4.87528e-02
0.11926	4.92800e-02
0.12043	4.97547e-02
0.12159	5.01675e-02
0.12273	5.05107e-02
0.12385	5.07603e-02
0.12494	5.09304e-02
0.12601	5.10194e-02
0.12705	5.10274e-02
0.12807	5.09560e-02
0.12902	5.07741e-02
0.12994	5.05170e-02
0.13083	5.01889e-02
0.13169	4.97940e-02
0.13251	4.93369e-02
0.13330	4.88220e-02
0.13404	4.82540e-02
0.13476	4.76376e-02
0.13543	4.69777e-02
0.13607	4.62795e-02
0.13667	4.55484e-02
0.13724	4.47901e-02
0.13778	4.40109e-02
0.13828	4.32173e-02
0.13875	4.24163e-02
0.13918	4.16155e-02
0.13959	4.08227e-02
0.13997	4.00465e-02
0.14032	3.92953e-02
0.14064	3.85783e-02
0.14093	3.79045e-02
0.14119	3.72828e-02
0.14142	3.67221e-02
0.14163	3.62308e-02
0.14180	3.58166e-02
0.14194	3.54861e-02
0.14205	3.52453e-02
0.14213	3.50985e-02
0.14217	3.50489e-02
0.14218	3.50983e-02
0.14214	3.52430e-02
0.14207	3.54862e-02
0.14196	3.58252e-02
0.14181	3.62562e-02
0.14162	3.67740e-02
0.14140	3.73723e-02
0.14114	3.80438e-02
0.14084	3.87801e-02
0.14052	3.95720e-02
0.14016	4.04095e-02
0.13978	4.12819e-02
0.13940	4.21589e-02
0.13899	4.30446e-02
0.13858	4.39275e-02
0.13815	4.47966e-02
0.13772	4.56424e-02
0.13729	4.64573e-02
0.13685	4.72369e-02
0.13643	4.79799e-02
0.13600	4.86893e-02
0.13558	4.93710e-02
0.13516	5.00339e-02
0.13474	5.06883e-02
0.13431	5.13450e-02
0.13387	5.20136e-02
0.13342	5.27026e-02
0.13295	5.34176e-02
0.13246	5.41617e-02
0.13196	5.49347e-02
0.13145	5.57317e-02
0.13092	5.65415e-02
0.13039	5.73324e-02
0.12988	5.80590e-02
0.12945	5.85925e-02
0.12922	5.86822e-02
0.12925	5.82031e-02
0.12944	5.73735e-02
0.12969	5.63971e-02
0.12996	5.53597e-02
0.13024	5.42936e-02
0.13052	5.32110e-02
0.13079	5.21158e-02
0.13106	5.10112e-02
0.13132	4.98987e-02
0.13158	4.87805e-02
0.13182	4.76594e-02
0.13206	4.65399e-02
0.13228	4.54271e-02
0.13249	4.43274e-02
0.13267	4.32473e-02
0.13283	4.21939e-02
0.13297	4.11742e-02
0.13307	4.01948e-02
0.13314	3.92618e-02
0.13318	3.83807e-02
0.13319	3.75560e-02
0.13315	3.67917e-02
0.13307	3.60907e-02
0.13295	3.54551e-02
0.13278	3.48863e-02
0.13257	3.43851e-02
0.13232	3.39516e-02
0.13201	3.35859e-02
0.13166	3.32877e-02
0.13126	3.30565e-02
0.13081	3.28959e-02
0.13031	3.28022e-02
0.12977	3.27751e-02
0.12918	3.28149e-02
0.12854	3.29216e-02
0.12784	3.30784e-02
0.12710	3.33023e-02
0.12632	3.35939e-02
0.12550	3.39530e-02
0.12464	3.43792e-02
0.12374	3.48713e-02
0.12282	3.54273e-02
0.12186	3.60444e-02
0.12089	3.67190e-02
0.11989	3.74464e-02
0.11888	3.82215e-02
0.11785	3.90383e-02
0.11682	3.98911e-02
0.11578	4.07744e-02
0.11475	4.16834e-02
0.11372	4.26149e-02
0.11270	4.35672e-02
0.11170	4.45401e-02
0.11071	4.55345e-02
0.10974	4.65512e-02
0.10879	4.75897e-02
0.10787	4.86455e-02
0.10698	4.97059e-02
0.10615	5.07422e-02
0.10541	5.16941e-02
0.10482	5.24524e-02
0.10445	5.29046e-02
0.10430	5.30699e-02
0.10430	5.30832e-02
0.10440	5.30557e-02
0.10458	5.30420e-02
0.10481	5.30639e-02
0.10511	5.31277e-02
0.10547	5.32316e-02
0.10589	5.33703e-02
0.10638	5.35359e-02
0.10694	5.37193e-02
0.10758	5.39105e-02
0.10829	5.40986e-02
0.10908	5.42725e-02
0.10995	5.44212e-02
0.11089	5.45392e-02
0.11192	5.46133e-02
0.11303	5.46379e-02
0.11421	5.46107e-02
0.11546	5.45327e-02
0.11677	5.44080e-02
0.11813	5.42430e-02
0.11953	5.40461e-02
0.12095	5.38264e-02
0.12240	5.35937e-02
0.12386	5.33580e-02
0.12531	5.31293e-02
0.12675	5.29177e-02
0.12818	5.27325e-02
0.12957	5.25833e-02
0.13093	5.24788e-02
0.13225	5.24273e-02
0.13352	5.24363e-02
0.13473	5.25124e-02
0.13588	5.26611e-02
0.13697	5.28866e-02
0.13798	5.31915e-02
0.13892	5.35768e-02
0.13979	5.40415e-02
0.14057	5.45822e-02
0.14128	5.51920e-02
0.14190	5.58594e-02
0.14245	5.65635e-02
0.14293	5.72641e-02
0.14338	5.78776e-02
0.14384	5.82469e-02
0.14438	5.82177e-02
0.14498	5.78482e-02
0.14557	5.73055e-02
0.14610	5.66981e-02
0.14655	5.60791e-02
0.14691	5.54765e-02
0.14718	5.49073e-02
0.14734	5.43835e-02
0.14740	5.39149e-02
0.14737	5.35096e-02
0.14723	5.31752e-02
0.14699	5.29179e-02
0.14666	5.27435e-02
0.14623	5.26564e-02
0.14572	5.26600e-02
0.14511	5.27563e-02
0.14443	5.29454e-02
0.14366	5.32256e-02
0.14283	5.35929e-02
0.14192	5.40406e-02
0.14096	5.45590e-02
0.13995	5.51345e-02
0.13890	5.57493e-02
0.13783	5.63797e-02
0.13675	5.69970e-02
0.13567	5.75677e-02
0.13463	5.80570e-02
0.13364	5.84358e-02
0.13271	5.86964e-02
0.13185	5.88360e-02
0.13105	5.88763e-02
0.13030	5.88490e-02
0.12960	5.87870e-02
0.12893	5.87191e-02
0.12828	5.86686e-02
0.12767	5.86527e-02
0.12707	5.86833e-02
0.12650	5.87684e-02
0.12595	5.89121e-02
0.12543	5.91151e-02
0.12495	5.93752e-02
0.12450	5.96870e-02
0.12410	6.00418e-02
0.12376	6.04271e-02
0.12348	6.08269e-02
0.12328	6.12218e-02
0.12318	6.15909e-02
0.12317	6.19157e-02
0.12327	6.21832e-02
0.12348	6.23895e-02
0.12380	6.25373e-02
0.12422	6.26332e-02
0.12474	6.26849e-02
0.12534	6.27014e-02
0.12602	6.26942e-02
0.12677	6.26782e-02
0.12757	6.26708e-02
0.12840	6.26903e-02
0.12926	6.27537e-02
0.13013	6.28757e-02
0.13099	6.30677e-02
0.13185	6.33379e-02
0.13268	6.36911e-02
0.13349	6.41293e-02
0.13427	6.46520e-02
0.13501	6.52568e-02
0.13571	6.59395e-02
0.13637	6.66949e-02
0.13698	6.75164e-02
0.13758	6.84171e-02
0.13813	6.93691e-02
0.13864	7.03637e-02
0.13910	7.13918e-02
0.13951	7.24444e-02
0.13987	7.35121e-02
0.14019	7.45854e-02
0.14045	7.56550e-02
0.14067	7.67114e-02
0.14083	7.77452e-02
0.14095	7.87475e-02
0.14102	7.97097e-02
0.14103	8.06239e-02
0.14100	8.14829e-02
0.14092	8.22808e-02
0.14078	8.30128e-02
0.14060	8.36754e-02
0.14036	8.42662e-02
0.14007	8.47844e-02
0.13972	8.52297e-02
0.13931	8.56049e-02
0.13884	8.59096e-02
0.13831	8.61457e-02
0.13772	8.63158e-02
0.13706	8.64230e-02
0.13635	8.64704e-02
0.13557	8.64615e-02
0.13472	8.64003e-02
0.13381	8.62908e-02
0.13284	8.61373e-02
0.13178	8.59573e-02
0.13067	8.57438e-02
0.12949	8.55020e-02
0.12825	8.52369e-02
0.12695	8.49532e-02
0.12560	8.46556e-02
0.12420	8.43475e-02
0.12275	8.40316e-02
0.12126	8.37083e-02
0.11974	8.33752e-02
0.11821	8.30258e-02
0.11668	8.26479e-02
0.11516	8.22226e-02
0.11371	8.17221e-02
0.11235	8.11016e-02
0.11115	8.02790e-02
0.11022	7.91423e-02
0.10955	7.76788e-02
0.10907	7.60195e-02
0.10868	7.42960e-02
0.10833	7.25887e-02
0.10800	7.09437e-02
0.10769	6.93785e-02
0.10747	6.77921e-02
0.10783	6.54238e-02
0.10856	6.25050e-02
0.10933	5.95618e-02
0.11009	5.66686e-02
0.11084	5.38525e-02
0.11153	5.10820e-02
0.11220	4.84269e-02
0.11285	4.59078e-02
0.11347	4.35469e-02
0.11406	4.13678e-02
0.11463	3.93955e-02
0.11517	3.76557e-02
0.11569	3.61733e-02
0.11618	3.49711e-02
0.11665	3.40669e-02
0.11709	3.34719e-02
0.11751	3.31883e-02
0.11791	3.32084e-02
0.11829	3.35147e-02
0.11864	3.40819e-02
0.11899	3.48785e-02
0.11931	3.58702e-02
0.11962	3.70214e-02
0.11992	3.82978e-02
0.12020	3.96671e-02
0.12048	4.10997e-02
0.12075	4.25692e-02
0.12102	4.40524e-02
0.12128	4.55291e-02
0.12154	4.69820e-02
0.12180	4.83966e-02
0.12206	4.97611e-02
0.12232	5.10663e-02
0.12258	5.23053e-02
0.12284	5.34739e-02
0.12311	5.45687e-02
0.12337	5.55905e-02
0.12362	5.65403e-02
0.12387	5.74204e-02
0.12411	5.82339e-02
0.12433	5.89845e-02
0.12454	5.96760e-02
0.12472	6.03124e-02
0.12488	6.08974e-02
0.12501	6.14347e-02
0.12511	6.19277e-02
0.12515	6.23449e-02
0.12515	6.27244e-02
0.12512	6.30691e-02
0.12504	6.33819e-02
0.12492	6.36655e-02
0.12476	6.39218e-02
0.12455	6.41523e-02
0.12429	6.43577e-02
0.12399	6.45366e-02
0.12365	6.46839e-02
0.12327	6.47847e-02
0.12288	6.47984e-02
0.12251	6.46395e-02
0.12221	6.42579e-02
0.12192	6.37294e-02
0.12161	6.31306e-02
0.12125	6.24954e-02
0.12085	6.18376e-02
0.12040	6.11639e-02
0.11990	6.04779e-02
0.11933	5.98003e-02
0.11871	5.91158e-02
0.11803	5.84259e-02
0.11731	5.77317e-02
0.11654	5.70342e-02
0.11572	5.63342e-02
0.11486	5.56324e-02
0.11395	5.49294e-02
0.11300	5.42256e-02
0.11202	5.35212e-02
0.11100	5.28181e-02
0.10995	5.21143e-02
0.10887	5.14094e-02
0.10776	5.07031e-02
0.10664	4.99946e-02
0.10550	4.92827e-02
0.10435	4.85663e-02
0.10320	4.78435e-02
0.10205	4.71123e-02
0.10090	4.63703e-02
0.09976	4.56143e-02
0.09865	4.48412e-02
0.09756	4.40470e-02
0.09650	4.32278e-02
0.09549	4.23794e-02
0.09452	4.14980e-02
0.09360	4.05802e-02
0.09274	3.96239e-02
0.09195	3.86283e-02
0.09122	3.75946e-02
0.09055	3.65263e-02
0.08996	3.54287e-02
0.08943	3.43096e-02
0.08897	3.31786e-02
0.08857	3.20461e-02
0.08824	3.09249e-02
0.08797	2.98282e-02
0.08775	2.87702e-02
0.08759	2.77657e-02
0.08746	2.68320e-02
0.08738	2.59816e-02
0.08735	2.52295e-02
0.08737	2.45899e-02
0.08744	2.40754e-02
0.08756	2.36968e-02
0.08773	2.34616e-02
0.08793	2.33738e-02
0.08819	2.34337e-02
0.08849	2.36376e-02
0.08883	2.39782e-02
0.08922	2.44453e-02
0.08965	2.50270e-02
0.09013	2.57100e-02
0.09065	2.64806e-02
0.09122	2.73256e-02
0.09184	2.82325e-02
0.09249	2.91900e-02
0.09320	3.01879e-02
0.09395	3.12176e-02
0.09474	3.22715e-02
0.09558	3.33434e-02
0.09646	3.44280e-02
0.09737	3.55209e-02
0.09833	3.66185e-02
0.09932	3.77177e-02
0.10035	3.88154e-02
0.10141	3.99087e-02
0.10251	4.09940e-02
0.10363	4.20666e-02
0.10479	4.31197e-02
0.10597	4.41422e-02
0.10720	4.51157e-02
0.10847	4.60111e-02
0.10981	4.67846e-02
0.11124	4.73865e-02
0.11276	4.77885e-02
0.11436	4.80079e-02
0.11601	4.80935e-02
0.11770	4.80956e-02
0.11940	4.80524e-02
0.12110	4.79915e-02
0.12278	4.79299e-02
0.12444	4.78809e-02
0.12607	4.78548e-02
0.12767	4.78593e-02
0.12923	4.79005e-02
0.13074	4.79828e-02
0.13220	4.81094e-02
0.13360	4.82823e-02
0.13495	4.85021e-02
0.13623	4.87687e-02
0.13744	4.90809e-02
0.13859	4.94369e-02
0.13965	4.98341e-02
0.14064	5.02696e-02
0.14155	5.07399e-02
0.14238	5.12416e-02
0.14313	5.17710e-02
0.14379	5.23246e-02
0.14437	5.28989e-02
0.14486	5.34930e-02
0.14526	5.41019e-02
0.14558	5.47232e-02
0.14582	5.53552e-02
0.14597	5.59967e-02
0.14605	5.66472e-02
0.14604	5.73067e-02
0.14596	5.79763e-02
0.14581	5.86574e-02
0.14558	5.93522e-02
0.14528	6.00684e-02
0.14491	6.08042e-02
0.14447	6.15627e-02
0.14396	6.23474e-02
0.14339	6.31617e-02
0.14276	6.40086e-02
0.14207	6.48912e-02
0.14133	6.58117e-02
0.14052	6.67719e-02
0.13967	6.77729e-02
0.13876	6.88149e-02
0.13781	6.98972e-02
0.13682	7.10176e-02
0.13579	7.21729e-02
0.13472	7.33569e-02
0.13363	7.45592e-02
0.13253	7.57587e-02
0.13146	7.69032e-02
0.13050	7.78451e-02
0.12983	7.83121e-02
0.12944	7.83420e-02
0.12915	7.82329e-02
0.12888	7.81284e-02
0.12861	7.80757e-02
0.12831	7.80901e-02
0.12799	7.81767e-02
0.12765	7.83335e-02
0.12730	7.85529e-02
0.12693	7.88166e-02
0.12661	7.90726e-02
0.12642	7.91584e-02
0.12653	7.87807e-02
0.12694	7.79508e-02
0.12747	7.69435e-02
0.12802	7.58959e-02
0.12857	7.48561e-02
0.12910	7.38434e-02
0.12960	7.28670e-02
0.13008	7.19312e-02
0.13054	7.10380e-02
0.13096	7.01871e-02
0.13135	6.93766e-02
0.13172	6.86031e-02
0.13205	6.78620e-02
0.13237	6.71482e-02
0.13265	6.64562e-02
0.13292	6.57817e-02
0.13316	6.51216e-02
0.13338	6.44754e-02
0.13358	6.38448e-02
0.13375	6.32340e-02
0.13388	6.26490e-02
0.13399	6.20973e-02
0.13406	6.15867e-02
0.13409	6.11247e-02
0.13407	6.07183e-02
0.13401	6.03729e-02
0.13391	6.00926e-02
0.13376	5.98796e-02
0.13356	5.97333e-02
0.13332	5.96522e-02
0.13305	5.96320e-02
0.13273	5.96656e-02
0.13238	5.97431e-02
0.13201	5.98519e-02
0.13163	5.99765e-02
0.13123	6.00989e-02
0.13084	6.01998e-02
0.13046	6.02606e-02
0.13011	6.02657e-02
0.12978	6.02047e-02
0.12948	6.00737e-02
0.12921	5.98733e-02
0.12898	5.96070e-02
0.12877	5.92783e-02
0.12859	5.88896e-02
0.12844	5.84413e-02
0.12832	5.79324e-02
0.12823	5.73614e-02
0.12817	5.67268e-02
0.12814	5.60287e-02
0.12814	5.52691e-02
0.12817	5.44527e-02
0.12821	5.35861e-02
0.12827	5.26783e-02
0.12835	5.17396e-02
0.12844	5.07815e-02
0.12853	4.98166e-02
0.12863	4.88575e-02
0.12872	4.79177e-02
0.12880	4.70106e-02
0.12887	4.61499e-02
0.12893	4.53488e-02
0.12897	4.46207e-02
0.12900	4.39778e-02
0.12900	4.34318e-02
0.12898	4.29927e-02
0.12895	4.26691e-02
0.12889	4.24674e-02
0.12880	4.23917e-02
0.12870	4.24432e-02
0.12857	4.26223e-02
0.12842	4.29261e-02
0.12825	4.33493e-02
0.12808	4.38841e-02
0.12789	4.45210e-02
0.12769	4.52491e-02
0.12750	4.60566e-02
0.12731	4.69314e-02
0.12712	4.78620e-02
0.12695	4.88373e-02
0.12680	4.98474e-02
0.12666	5.08827e-02
0.12655	5.19341e-02
0.12647	5.29913e-02
0.12641	5.40460e-02
0.12640	5.50731e-02
0.12644	5.60471e-02
0.12655	5.69323e-02
0.12675	5.76830e-02
0.12707	5.82508e-02
0.12751	5.86010e-02
0.12808	5.87324e-02
0.12876	5.86805e-02
0.12952	5.85012e-02
0.13033	5.82517e-02
0.13117	5.79791e-02
0.13201	5.77193e-02
0.13284	5.74979e-02
0.13367	5.73509e-02
0.13446	5.72739e-02
0.13523	5.72752e-02
0.13595	5.73595e-02
0.13664	5.75290e-02
0.13728	5.77838e-02
0.13787	5.81221e-02
0.13842	5.85403e-02
0.13892	5.90339e-02
0.13937	5.95972e-02
0.13976	6.02234e-02
0.14011	6.09055e-02
0.14040	6.16359e-02
0.14065	6.24067e-02
0.14084	6.32099e-02
0.14098	6.40377e-02
0.14107	6.48823e-02
0.14111	6.57361e-02
0.14110	6.65917e-02
0.14104	6.74421e-02
0.14094	6.82806e-02
0.14080	6.91007e-02
0.14061	6.98962e-02
0.14038	7.06612e-02
0.14012	7.13905e-02
0.13982	7.20791e-02
0.13949	7.27227e-02
0.13913	7.33181e-02
0.13875	7.38632e-02
0.13834	7.43571e-02
0.13788	7.48171e-02
0.13740	7.52293e-02
0.13689	7.55972e-02
0.13636	7.59255e-02
0.13581	7.62197e-02
0.13522	7.64855e-02
0.13461	7.67283e-02
0.13397	7.69524e-02
0.13330	7.71609e-02
0.13261	7.73548e-02
0.13189	7.75327e-02
0.13117	7.76814e-02
0.13043	7.77982e-02
0.12970	7.78716e-02
0.12898	7.78872e-02
0.12828	7.78306e-02
0.12762	7.76902e-02
0.12700	7.74610e-02
0.12642	7.71458e-02
0.12587	7.67531e-02
0.12536	7.62932e-02
0.12488	7.57752e-02
0.12442	7.52042e-02
0.12399	7.45822e-02
0.12359	7.39077e-02
0.12322	7.31776e-02
0.12288	7.23880e-02
0.12259	7.15346e-02
0.12233	7.06129e-02
0.12211	6.96183e-02
0.12194	6.85460e-02
0.12179	6.73976e-02
0.12168	6.61671e-02
0.12162	6.48557e-02
0.12160	6.34688e-02
0.12161	6.20152e-02
0.12165	6.05073e-02
0.12171	5.89590e-02
0.12179	5.73858e-02
0.12187	5.58032e-02
0.12195	5.42269e-02
0.12202	5.26721e-02
0.12209	5.11537e-02
0.12215	4.96863e-02
0.12220	4.82838e-02
0.12223	4.69602e-02
0.12224	4.57283e-02
0.12225	4.46004e-02
0.12223	4.35875e-02
0.12221	4.26989e-02
0.12217	4.19419e-02
0.12212	4.13209e-02
0.12206	4.08373e-02
0.12200	4.04890e-02
0.12193	4.02697e-02
0.12188	4.01696e-02
0.12183	4.01768e-02
0.12179	4.02726e-02
0.12178	4.04382e-02
0.12179	4.06538e-02
0.12184	4.09003e-02
0.12193	4.11608e-02
0.12206	4.14227e-02
0.12223	4.16779e-02
0.12244	4.19240e-02
0.12268	4.21636e-02
0.12295	4.24029e-02
0.12325	4.26506e-02
0.12355	4.29158e-02
0.12386	4.32072e-02
0.12421	4.34984e-02
0.12455	4.38266e-02
0.12486	4.41944e-02
0.12515	4.46021e-02
0.12540	4.50481e-02
0.12561	4.55287e-02
0.12579	4.60393e-02
0.12592	4.65739e-02
0.12600	4.71260e-02
0.12604	4.76887e-02
0.12603	4.82548e-02
0.12597	4.88173e-02
0.12588	4.93694e-02
0.12574	4.99044e-02
0.12556	5.04162e-02
0.12534	5.08989e-02
0.12510	5.13470e-02
0.12482	5.17541e-02
0.12453	5.21128e-02
0.12422	5.24108e-02
0.12391	5.26251e-02
0.12363	5.27078e-02
0.12341	5.25690e-02
0.12331	5.21130e-02
0.12331	5.13577e-02
0.12336	5.04171e-02
0.12343	4.93869e-02
0.12350	4.83236e-02
0.12355	4.72618e-02
0.12358	4.62263e-02
0.12359	4.52310e-02
0.12357	4.42989e-02
0.12352	4.34445e-02
0.12346	4.26798e-02
0.12337	4.20140e-02
0.12326	4.14522e-02
0.12313	4.09953e-02
0.12299	4.06394e-02
0.12284	4.03757e-02
0.12270	4.01905e-02
0.12256	4.00670e-02
0.12244	3.99836e-02
0.12234	3.99240e-02
0.12227	3.98726e-02
0.12223	3.98195e-02
0.12221	3.97621e-02
0.12223	3.97053e-02
0.12228	3.96611e-02
0.12233	3.96459e-02
0.12240	3.96779e-02
0.12246	3.97743e-02
0.12252	3.99492e-02
0.12256	4.02123e-02
0.12257	4.05674e-02
0.12256	4.10134e-02
0.12252	4.15438e-02
0.12245	4.21482e-02
0.12234	4.28132e-02
0.12219	4.35236e-02
0.12201	4.42636e-02
0.12180	4.50184e-02
0.12155	4.57710e-02
0.12126	4.65139e-02
0.12095	4.72390e-02
0.12060	4.79411e-02
0.12021	4.86178e-02
0.11979	4.92689e-02
0.11933	4.98958e-02
0.11883	5.05010e-02
0.11829	5.10878e-02
0.11771	5.16592e-02
0.11710	5.22319e-02
0.11645	5.27962e-02
0.11576	5.33543e-02
0.11503	5.39077e-02
0.11427	5.44575e-02
0.11347	5.50043e-02
0.11265	5.55480e-02
0.11180	5.60877e-02
0.11094	5.66218e-02
0.11007	5.71475e-02
0.10921	5.76607e-02
0.10836	5.81556e-02
0.10753	5.86246e-02
0.10673	5.90580e-02
0.10599	5.94446e-02
0.10531	5.97735e-02
0.10471	6.00317e-02
0.10419	6.02093e-02
0.10377	6.02988e-02
0.10346	6.02955e-02
0.10325	6.01987e-02
0.10315	6.00129e-02
0.10314	5.97492e-02
0.10323	5.94234e-02
0.10338	5.90541e-02
0.10359	5.86594e-02
0.10385	5.82561e-02
0.10415	5.78579e-02
0.10446	5.74758e-02
0.10478	5.71177e-02
0.10511	5.67900e-02
0.10544	5.64965e-02
0.10575	5.62393e-02
0.10605	5.60191e-02
0.10633	5.58354e-02
0.10658	5.56872e-02
0.10681	5.55728e-02
0.10700	5.54899e-02
0.10715	5.54363e-02
0.10727	5.54096e-02
0.10736	5.54073e-02
0.10740	5.54270e-02
0.10740	5.54661e-02
0.10736	5.55222e-02
0.10728	5.55927e-02
0.10716	5.56750e-02
0.10700	5.57661e-02
0.10681	5.58626e-02
0.10659	5.59604e-02
0.10633	5.60546e-02
0.10605	5.61395e-02
0.10575	5.62076e-02
0.10544	5.62501e-02
0.10511	5.62565e-02
0.10479	5.62145e-02
0.10447	5.61108e-02
0.10417	5.59325e-02
0.10388	5.56690e-02
0.10362	5.53137e-02
0.10337	5.48519e-02
0.10314	5.43039e-02
0.10292	5.36797e-02
0.10270	5.29911e-02
0.10248	5.22503e-02
0.10225	5.14687e-02
0.10200	5.06564e-02
0.10173	4.98225e-02
0.10144	4.89752e-02
0.10112	4.81224e-02
0.10076	4.72718e-02
0.10037	4.64303e-02
0.09994	4.56077e-02
0.09947	4.48132e-02
0.09896	4.40569e-02
0.09841	4.33493e-02
0.09782	4.27012e-02
0.09718	4.21236e-02
0.09650	4.16267e-02
0.09577	4.12194e-02
0.09500	4.09087e-02
0.09419	4.06980e-02
0.09335	4.05858e-02
0.09247	4.05632e-02
0.09157	4.06106e-02
0.09068	4.06933e-02
0.08982	4.07582e-02
0.08902	4.07395e-02
0.08832	4.05862e-02
0.08771	4.02986e-02
0.08719	3.99300e-02
0.08672	3.95499e-02
0.08628	3.92207e-02
0.08586	3.89847e-02
0.08544	3.88684e-02
0.08503	3.88873e-02
0.08462	3.90484e-02
0.08422	3.93529e-02
0.08383	3.97971e-02
0.08344	4.03738e-02
0.08306	4.10726e-02
0.08268	4.18836e-02
0.08232	4.27875e-02
0.08198	4.37643e-02
0.08168	4.47880e-02
0.08144	4.58215e-02
0.08127	4.68073e-02
0.08125	4.76558e-02
0.08144	4.82524e-02
0.08188	4.85245e-02
0.08256	4.85114e-02
0.08339	4.83161e-02
0.08433	4.80255e-02
0.08534	4.76928e-02
0.08640	4.73482e-02
0.08750	4.70092e-02
0.08863	4.67337e-02
0.08979	4.64835e-02
0.09096	4.62643e-02
0.09214	4.60805e-02
0.09332	4.59364e-02
0.09450	4.58357e-02
0.09567	4.57816e-02
0.09683	4.57771e-02
0.09798	4.58246e-02
0.09910	4.59260e-02
0.10019	4.60825e-02
0.10125	4.62947e-02
0.10227	4.65627e-02
0.10326	4.68857e-02
0.10420	4.72648e-02
0.10509	4.76953e-02
0.10592	4.81747e-02
0.10670	4.86998e-02
0.10742	4.92668e-02
0.10808	4.98714e-02
0.10867	5.05093e-02
0.10919	5.11760e-02
0.10963	5.18671e-02
0.11001	5.25789e-02
0.11031	5.33079e-02
0.11052	5.40514e-02
0.11066	5.48075e-02
0.11072	5.55744e-02
0.11070	5.63505e-02
0.11059	5.71335e-02
0.11040	5.79195e-02
0.11013	5.87022e-02
0.10980	5.94708e-02
0.10941	6.02084e-02
0.10897	6.08906e-02
0.10851	6.14853e-02
0.10806	6.19588e-02
0.10764	6.22881e-02
0.10725	6.24733e-02
0.10689	6.25373e-02
0.10654	6.25133e-02
0.10619	6.24328e-02
0.10584	6.23202e-02
0.10549	6.21917e-02
0.10513	6.20591e-02
0.10478	6.19270e-02
0.10443	6.17978e-02
0.10409	6.16714e-02
0.10378	6.15453e-02
0.10351	6.14139e-02
0.10329	6.12698e-02
0.10313	6.11058e-02
0.10304	6.09196e-02
0.10303	6.07176e-02
0.10308	6.05165e-02
0.10321	6.03885e-02
0.10339	6.03116e-02
0.10361	6.03109e-02
0.10385	6.04061e-02
0.10411	6.06108e-02
0.10438	6.09316e-02
0.10468	6.13687e-02
0.10499	6.19161e-02
0.10532	6.25612e-02
0.10567	6.32848e-02
0.10607	6.40593e-02
0.10652	6.48469e-02
0.10705	6.55970e-02
0.10770	6.62498e-02
0.10849	6.67536e-02
0.10941	6.70916e-02
0.11046	6.72883e-02
0.11158	6.73853e-02
0.11276	6.74181e-02
0.11397	6.74103e-02
0.11519	6.73749e-02
0.11642	6.73183e-02
0.11764	6.72427e-02
0.11885	6.71475e-02
0.12004	6.70307e-02
0.12122	6.68887e-02
0.12237	6.67170e-02
0.12349	6.65106e-02
0.12459	6.62636e-02
0.12566	6.59699e-02
0.12670	6.56131e-02
0.12771	6.51971e-02
0.12870	6.47166e-02
0.12965	6.41666e-02
0.13059	6.35435e-02
0.13149	6.28448e-02
0.13237	6.20695e-02
0.13321	6.12181e-02
0.13403	6.02925e-02
0.13481	5.92965e-02
0.13556	5.82347e-02
0.13626	5.71133e-02
0.13693	5.59393e-02
0.13755	5.47208e-02
0.13812	5.34664e-02
0.13864	5.21872e-02
0.13912	5.08922e-02
0.13953	4.95925e-02
0.13990	4.82999e-02
0.14021	4.70268e-02
0.14046	4.57867e-02
0.14065	4.45938e-02
0.14079	4.34631e-02
0.14088	4.24106e-02
0.14091	4.14526e-02
0.14088	4.06062e-02
0.14080	3.98880e-02
0.14067	3.93146e-02
0.14048	3.89012e-02
0.14022	3.86348e-02
0.13991	3.85576e-02
0.13956	3.86783e-02
0.13917	3.90019e-02
0.13873	3.95290e-02
0.13826	4.02562e-02
0.13774	4.11760e-02
0.13720	4.22776e-02
0.13661	4.35474e-02
0.13601	4.49691e-02
0.13537	4.65247e-02
0.13472	4.81945e-02
0.13405	4.99574e-02
0.13338	5.17904e-02
0.13271	5.36691e-02
0.13205	5.55676e-02
0.13142	5.74585e-02
0.13084	5.93137e-02
0.13032	6.11035e-02
0.12988	6.27892e-02
0.12958	6.42960e-02
0.12950	6.54379e-02
0.12986	6.58457e-02
0.13073	6.53521e-02
0.13192	6.43121e-02
0.13326	6.30597e-02
0.13466	6.17515e-02
0.13608	6.04613e-02
0.13750	5.92307e-02
0.13891	5.80868e-02
0.14028	5.70636e-02
0.14162	5.61631e-02
0.14293	5.53961e-02
0.14419	5.47700e-02
0.14541	5.42893e-02
0.14657	5.39551e-02
0.14769	5.37660e-02
0.14874	5.37180e-02
0.14974	5.38046e-02
0.15067	5.40177e-02
0.15154	5.43476e-02
0.15234	5.47863e-02
0.15307	5.53199e-02
0.15373	5.59362e-02
0.15433	5.66233e-02
0.15485	5.73691e-02
0.15531	5.81618e-02
0.15571	5.89898e-02
0.15604	5.98420e-02
0.15630	6.07072e-02
0.15651	6.15750e-02
0.15667	6.24346e-02
0.15677	6.32759e-02
0.15683	6.40887e-02
0.15684	6.48632e-02
0.15682	6.55898e-02
0.15676	6.62595e-02
0.15667	6.68641e-02
0.15655	6.73963e-02
0.15642	6.78498e-02
0.15627	6.82199e-02
0.15611	6.85007e-02
0.15594	6.86878e-02
0.15577	6.87808e-02
0.15560	6.87811e-02
0.15542	6.86905e-02
0.15525	6.85117e-02
0.15507	6.82478e-02
0.15490	6.79026e-02
0.15472	6.74802e-02
0.15455	6.69856e-02
0.15437	6.64066e-02
0.15419	6.57665e-02
0.15400	6.50729e-02
0.15382	6.43340e-02
0.15363	6.35585e-02
0.15344	6.27553e-02
0.15324	6.19335e-02
0.15303	6.11020e-02
0.15281	6.02690e-02
0.15257	5.94421e-02
0.15233	5.86281e-02
0.15207	5.78327e-02
0.15179	5.70607e-02
0.15150	5.63158e-02
0.15119	5.56012e-02
0.15086	5.49188e-02
0.15051	5.42713e-02
0.15014	5.36604e-02
0.14976	5.30881e-02
0.14935	5.25567e-02
0.14893	5.20685e-02
0.14849	5.16266e-02
0.14803	5.12341e-02
0.14755	5.08944e-02
0.14705	5.06108e-02
0.14653	5.03866e-02
0.14600	5.02243e-02
0.14545	5.01260e-02
0.14489	5.00928e-02
0.14432	5.01285e-02
0.14375	5.02278e-02
0.14317	5.03880e-02
0.14259	5.06055e-02
0.14202	5.08750e-02
0.14146	5.11902e-02
0.14091	5.15435e-02
0.14039	5.19267e-02
0.13989	5.23308e-02
0.13943	5.27465e-02
0.13900	5.31649e-02
0.13862	5.35778e-02
0.13829	5.39781e-02
0.13800	5.43601e-02
0.13777	5.47204e-02
0.13759	5.50573e-02
0.13747	5.53716e-02
0.13740	5.56658e-02
0.13737	5.59443e-02
0.13739	5.62123e-02
0.13745	5.64759e-02
0.13754	5.67407e-02
0.13766	5.70117e-02
0.13781	5.72926e-02
0.13797	5.75848e-02
0.13816	5.78867e-02
0.13836	5.81937e-02
0.13858	5.84964e-02
0.13882	5.87807e-02
0.13909	5.90274e-02
0.13940	5.92124e-02
0.13975	5.93095e-02
0.14015	5.92944e-02
0.14062	5.91507e-02
0.14115	5.88745e-02
0.14173	5.84762e-02
0.14236	5.79769e-02
0.14302	5.74041e-02
0.14371	5.67863e-02
0.14441	5.61504e-02
0.14512	5.55204e-02
0.14584	5.49087e-02
0.14655	5.43386e-02
0.14725	5.38242e-02
0.14795	5.33768e-02
0.14863	5.30055e-02
0.14929	5.27168e-02
0.14994	5.25150e-02
0.15058	5.24023e-02
0.15120	5.23792e-02
0.15181	5.24440e-02
0.15240	5.25936e-02
0.15298	5.28231e-02
0.15355	5.31266e-02
0.15410	5.34964e-02
0.15464	5.39241e-02
0.15518	5.44000e-02
0.15570	5.49134e-02
0.15622	5.54529e-02
0.15674	5.60061e-02
0.15726	5.65603e-02
0.15777	5.70975e-02
0.15829	5.76092e-02
0.15882	5.80823e-02
0.15937	5.85050e-02
0.15993	5.88664e-02
0.16052	5.91578e-02
0.16113	5.93728e-02
0.16176	5.95079e-02
0.16242	5.95624e-02
0.16310	5.95389e-02
0.16379	5.94364e-02
0.16449	5.92693e-02
0.16521	5.90473e-02
0.16592	5.87812e-02
0.16664	5.84823e-02
0.16736	5.81623e-02
0.16806	5.78321e-02
0.16875	5.75023e-02
0.16941	5.71821e-02
0.17006	5.68799e-02
0.17067	5.66025e-02
0.17126	5.63557e-02
0.17181	5.61441e-02
0.17232	5.59711e-02
0.17279	5.58390e-02
0.17320	5.57517e-02
0.17357	5.57071e-02
0.17389	5.57051e-02
0.17416	5.57456e-02
0.17437	5.58274e-02
0.17453	5.59495e-02
0.17463	5.61100e-02
0.17468	5.63067e-02
0.17466	5.65373e-02
0.17458	5.67988e-02
0.17444	5.70878e-02
0.17424	5.74009e-02
0.17397	5.77339e-02
0.17363	5.80829e-02
0.17320	5.84688e-02
0.17271	5.88698e-02
0.17215	5.92796e-02
0.17153	5.96925e-02
0.17085	6.01024e-02
0.17011	6.05038e-02
0.16930	6.08914e-02
0.16845	6.12601e-02
0.16754	6.16051e-02
0.16658	6.19220e-02
0.16558	6.22066e-02
0.16454	6.24550e-02
0.16346	6.26637e-02
0.16235	6.28293e-02
0.16120	6.29488e-02
0.16003	6.30192e-02
0.15884	6.30382e-02
0.15763	6.30037e-02
0.15640	6.29141e-02
0.15516	6.27681e-02
0.15391	6.25652e-02
0.15266	6.23055e-02
0.15140	6.19901e-02
0.15015	6.16210e-02
0.14889	6.12012e-02
0.14765	6.07350e-02
0.14640	6.02283e-02
0.14517	5.96882e-02
0.14394	5.91233e-02
0.14271	5.85438e-02
0.14153	5.79193e-02
0.14035	5.73025e-02
0.13918	5.67080e-02
0.13801	5.61513e-02
0.13685	5.56479e-02
0.13569	5.52128e-02
0.13453	5.48603e-02
0.13338	5.46031e-02
0.13222	5.44520e-02
0.13107	5.44154e-02
0.12992	5.44989e-02
0.12878	5.47032e-02
0.12765	5.50290e-02
0.12653	5.54720e-02
0.12542	5.60239e-02
0.12434	5.66730e-02
0.12328	5.74035e-02
0.12226	5.81959e-02
0.12130	5.90268e-02
0.12039	5.98694e-02
0.11957	6.06947e-02
0.11883	6.14734e-02
0.11821	6.21796e-02
0.11771	6.27935e-02
0.11734	6.33030e-02
0.11710	6.37031e-02
0.11699	6.39934e-02
0.11700	6.41762e-02
0.11713	6.42562e-02
0.11737	6.42400e-02
0.11770	6.41359e-02
0.11813	6.39530e-02
0.11862	6.37012e-02
0.11918	6.33896e-02
0.11979	6.30267e-02
0.12045	6.26206e-02
0.12113	6.21791e-02
0.12184	6.17102e-02
0.12256	6.12220e-02
0.12329	6.07229e-02
0.12403	6.02215e-02
0.12475	5.97348e-02
0.12546	5.92618e-02
0.12616	5.88113e-02
0.12685	5.83912e-02
0.12752	5.80090e-02
0.12817	5.76712e-02
0.12880	5.73832e-02
0.12941	5.71490e-02
0.12998	5.69709e-02
0.13053	5.68496e-02
0.13106	5.67836e-02
0.13155	5.67694e-02
0.13203	5.68014e-02
0.13248	5.68722e-02
0.13291	5.69722e-02
0.13332	5.70909e-02
0.13372	5.72173e-02
0.13411	5.73411e-02
0.13450	5.74537e-02
0.13488	5.75498e-02
0.13525	5.76277e-02
0.13562	5.76895e-02
0.13598	5.77408e-02
0.13633	5.77897e-02
0.13665	5.78455e-02
0.13696	5.79182e-02
0.13725	5.80169e-02
0.13750	5.81503e-02
0.13772	5.83255e-02
0.13789	5.85417e-02
0.13802	5.88083e-02
0.13811	5.91278e-02
0.13817	5.95011e-02
0.13820	5.99276e-02
0.13820	6.04048e-02
0.13817	6.09284e-02
0.13812	6.14925e-02
0.13804	6.20892e-02
0.13795	6.27087e-02
0.13785	6.33395e-02
0.13774	6.39683e-02
0.13764	6.45803e-02
0.13756	6.51596e-02
0.13749	6.56894e-02
0.13745	6.61530e-02
0.13745	6.65342e-02
0.13750	6.68187e-02
0.13759	6.69952e-02
0.13774	6.70569e-02
0.13793	6.70029e-02
0.13816	6.68391e-02
0.13844	6.65768e-02
0.13873	6.62319e-02
0.13904	6.58221e-02
0.13935	6.53655e-02
0.13965	6.48784e-02
0.13993	6.43748e-02
0.14019	6.38651e-02
0.14041	6.33537e-02
0.14061	6.28365e-02
0.14079	6.22790e-02
0.14100	6.15917e-02
0.14127	6.06578e-02
0.14159	5.95092e-02
0.14190	5.82665e-02
0.14218	5.70022e-02
0.14240	5.57503e-02
0.14256	5.45298e-02
0.14265	5.33536e-02
0.14269	5.22327e-02
0.14264	5.11607e-02
0.14252	5.01611e-02
0.14234	4.92428e-02
0.14209	4.84139e-02
0.14176	4.76822e-02
0.14137	4.70542e-02
0.14091	4.65351e-02
0.14038	4.61286e-02
0.13979	4.58364e-02
0.13913	4.56578e-02
0.13841	4.55899e-02
0.13763	4.56273e-02
0.13679	4.57623e-02
0.13590	4.59848e-02
0.13496	4.62830e-02
0.13398	4.66432e-02
0.13296	4.70504e-02
0.13191	4.74884e-02
0.13084	4.79405e-02
0.12976	4.83896e-02
0.12867	4.88159e-02
0.12759	4.92065e-02
0.12653	4.95459e-02
0.12549	4.98204e-02
0.12449	5.00190e-02
0.12354	5.01336e-02
0.12264	5.01602e-02
0.12180	5.00983e-02
0.12102	4.99519e-02
0.12029	4.97279e-02
0.11962	4.94199e-02
0.11900	4.90501e-02
0.11844	4.86303e-02
0.11793	4.81714e-02
0.11747	4.76826e-02
0.11707	4.71705e-02
0.11671	4.66388e-02
0.11642	4.60886e-02
0.11619	4.55190e-02
0.11602	4.49285e-02
0.11593	4.43169e-02
0.11590	4.36867e-02
0.11596	4.30455e-02
0.11608	4.24070e-02
0.11627	4.17913e-02
0.11653	4.12257e-02
0.11684	4.07404e-02
0.11720	4.03688e-02
0.11760	4.01438e-02
0.11804	4.00938e-02
0.11851	4.02391e-02
0.11901	4.05871e-02
0.11954	4.11274e-02
0.12011	4.18254e-02
0.12075	4.26149e-02
0.12149	4.33947e-02
0.12235	4.40495e-02
0.12338	4.45115e-02
0.12455	4.48134e-02
0.12580	4.49839e-02
0.12710	4.51938e-02
0.12844	4.55120e-02
0.12979	4.59745e-02
0.13115	4.65916e-02
0.13250	4.73558e-02
0.13386	4.82465e-02
0.13522	4.92344e-02
0.13658	5.02846e-02
0.13796	5.13597e-02
0.13937	5.24237e-02
0.14079	5.34449e-02
0.14225	5.43991e-02
0.14373	5.52719e-02
0.14524	5.60590e-02
0.14676	5.67651e-02
0.14828	5.74013e-02
0.14978	5.79824e-02
0.15127	5.85246e-02
0.15271	5.90434e-02
0.15411	5.95527e-02
0.15544	6.00639e-02
0.15670	6.05865e-02
0.15789	6.11274e-02
0.15899	6.16802e-02
0.16001	6.22587e-02
0.16092	6.28644e-02
0.16173	6.34980e-02
0.16242	6.41588e-02
0.16301	6.48455e-02
0.16346	6.55585e-02
0.16379	6.62929e-02
0.16400	6.70465e-02
0.16409	6.78173e-02
0.16407	6.86029e-02
0.16392	6.94012e-02
0.16365	7.02100e-02
0.16327	7.10268e-02
0.16277	7.18490e-02
0.16215	7.26730e-02
0.16144	7.34949e-02
0.16061	7.43157e-02
0.15969	7.51270e-02
0.15868	7.59224e-02
0.15759	7.66929e-02
0.15642	7.74274e-02
0.15520	7.81116e-02
0.15394	7.87293e-02
0.15265	7.92623e-02
0.15136	7.96916e-02
0.15008	7.99937e-02
0.14885	8.01332e-02
0.14769	8.00527e-02
0.14667	7.96817e-02
0.14581	7.89860e-02
0.14508	7.80086e-02
0.14446	7.68331e-02
0.14389	7.55330e-02
0.14337	7.41586e-02
0.14287	7.27431e-02
0.14239	7.13091e-02
0.14193	6.98695e-02
0.14146	6.84394e-02
0.14101	6.70298e-02
0.14056	6.56502e-02
0.14012	6.43095e-02
0.13968	6.30156e-02
0.13925	6.17762e-02
0.13881	6.05985e-02
0.13838	5.94893e-02
0.13795	5.84551e-02
0.13753	5.74958e-02
0.13710	5.66238e-02
0.13668	5.58442e-02
0.13626	5.51621e-02
0.13585	5.45815e-02
0.13544	5.41063e-02
0.13504	5.37393e-02
0.13465	5.34828e-02
0.13426	5.33380e-02
0.13388	5.33053e-02
0.13351	5.33838e-02
0.13315	5.35716e-02
0.13280	5.38655e-02
0.13246	5.42609e-02
0.13213	5.47517e-02
0.13180	5.53279e-02
0.13148	5.59825e-02
0.13117	5.67047e-02
0.13088	5.74822e-02
0.13060	5.83012e-02
0.13034	5.91464e-02
0.13010	6.00020e-02
0.12988	6.08522e-02
0.12970	6.16828e-02
0.12956	6.24828e-02
0.12945	6.32452e-02
0.12938	6.39679e-02
0.12934	6.46526e-02
0.12934	6.53031e-02
0.12932	6.59239e-02
0.12932	6.65119e-02
0.12935	6.70686e-02
0.12939	6.75926e-02
0.12946	6.80791e-02
0.12955	6.85185e-02
0.12967	6.88961e-02
0.12982	6.91912e-02
0.13003	6.93773e-02
0.13031	6.94246e-02
0.13066	6.93058e-02
0.13110	6.90045e-02
0.13163	6.85214e-02
0.13222	6.78753e-02
0.13285	6.70975e-02
0.13352	6.62242e-02
0.13419	6.52909e-02
0.13484	6.43298e-02
0.13548	6.33691e-02
0.13608	6.24332e-02
0.13663	6.15432e-02
0.13713	6.07175e-02
0.13758	5.99720e-02
0.13796	5.93204e-02
0.13827	5.87740e-02
0.13851	5.83422e-02
0.13869	5.80320e-02
0.13878	5.78485e-02
0.13881	5.77945e-02
0.13875	5.78709e-02
0.13864	5.80745e-02
0.13844	5.84060e-02
0.13818	5.88608e-02
0.13784	5.94314e-02
0.13744	6.01063e-02
0.13697	6.08645e-02
0.13647	6.16575e-02
0.13599	6.23393e-02
0.13567	6.26313e-02
0.13549	6.26011e-02
0.13532	6.25123e-02
0.13515	6.24841e-02
0.13494	6.25187e-02
0.13468	6.26188e-02
0.13440	6.27789e-02
0.13408	6.29895e-02
0.13373	6.32383e-02
0.13337	6.35115e-02
0.13299	6.37942e-02
0.13261	6.40715e-02
0.13223	6.43292e-02
0.13187	6.45554e-02
0.13151	6.47413e-02
0.13118	6.48822e-02
0.13086	6.49779e-02
0.13057	6.50319e-02
0.13028	6.50505e-02
0.13001	6.50417e-02
0.12975	6.50136e-02
0.12949	6.49736e-02
0.12924	6.49275e-02
0.12898	6.48848e-02
0.12872	6.48419e-02
0.12847	6.47978e-02
0.12822	6.47489e-02
0.12798	6.46887e-02
0.12775	6.46082e-02
0.12754	6.44960e-02
0.12735	6.43394e-02
0.12720	6.41257e-02
0.12709	6.38440e-02
0.12701	6.34847e-02
0.12698	6.30500e-02
0.12698	6.25444e-02
0.12701	6.19779e-02
0.12707	6.13637e-02
0.12714	6.07170e-02
0.12721	6.00525e-02
0.12728	5.93841e-02
0.12734	5.87240e-02
0.12738	5.80828e-02
0.12740	5.74694e-02
0.12739	5.68915e-02
0.12735	5.63559e-02
0.12727	5.58682e-02
0.12716	5.54337e-02
0.12700	5.50568e-02
0.12679	5.47420e-02
0.12654	5.44930e-02
0.12623	5.43127e-02
0.12588	5.42036e-02
0.12548	5.41674e-02
0.12503	5.42050e-02
0.12452	5.43165e-02
0.12396	5.45010e-02
0.12335	5.47568e-02
0.12269	5.50810e-02
0.12198	5.54697e-02
0.12122	5.59183e-02
0.12041	5.64210e-02
0.11962	5.69350e-02
0.11878	5.74891e-02
0.11791	5.80758e-02
0.11701	5.86867e-02
0.11608	5.93129e-02
0.11513	5.99447e-02
0.11417	6.05721e-02
0.11320	6.11843e-02
0.11222	6.17704e-02
0.11126	6.23192e-02
0.11031	6.28194e-02
0.10940	6.32598e-02
0.10852	6.36300e-02
0.10770	6.39205e-02
0.10694	6.41233e-02
0.10625	6.42323e-02
0.10565	6.42436e-02
0.10514	6.41560e-02
0.10472	6.39709e-02
0.10440	6.36914e-02
0.10419	6.33220e-02
0.10409	6.28661e-02
0.10409	6.23249e-02
0.10421	6.16943e-02
0.10446	6.09911e-02
0.10484	6.01792e-02
0.10534	5.92563e-02
0.10596	5.82366e-02
0.10667	5.71483e-02
0.10745	5.60252e-02
0.10830	5.48949e-02
0.10918	5.37898e-02
0.11008	5.27335e-02
0.11100	5.17458e-02
0.11193	5.08439e-02
0.11286	5.00421e-02
0.11378	4.93529e-02
0.11470	4.87864e-02
0.11561	4.83506e-02
0.11652	4.80510e-02
0.11741	4.78911e-02
0.11829	4.78753e-02
0.11916	4.79983e-02
0.12001	4.82563e-02
0.12086	4.86436e-02
0.12170	4.91531e-02
0.12253	4.97766e-02
0.12336	5.05050e-02
0.12417	5.13293e-02
0.12498	5.22401e-02
0.12578	5.32282e-02
0.12657	5.42847e-02
0.12735	5.54002e-02
0.12812	5.65654e-02
0.12887	5.77699e-02
0.12961	5.90019e-02
0.13034	6.02478e-02
0.13105	6.14912e-02
0.13175	6.27125e-02
0.13245	6.38894e-02
0.13315	6.49979e-02
0.13385	6.60194e-02
0.13457	6.69361e-02
0.13528	6.77456e-02
0.13599	6.84585e-02
0.13668	6.90944e-02
0.13733	6.96763e-02
0.13793	7.02254e-02
0.13847	7.07585e-02
0.13892	7.12879e-02
0.13930	7.18211e-02
0.13957	7.23581e-02
0.13976	7.29052e-02
0.13985	7.34619e-02
0.13984	7.40262e-02
0.13974	7.45954e-02
0.13954	7.51663e-02
0.13925	7.57356e-02
0.13887	7.63004e-02
0.13839	7.68581e-02
0.13783	7.74067e-02
0.13718	7.79449e-02
0.13644	7.84716e-02
0.13563	7.89858e-02
0.13473	7.94860e-02
0.13376	7.99698e-02
0.13271	8.03979e-02
0.13160	8.07960e-02
0.13044	8.11500e-02
0.12926	8.14370e-02
0.12809	8.16238e-02
0.12695	8.16719e-02
0.12587	8.15550e-02
0.12486	8.12799e-02
0.12390	8.08846e-02
0.12296	8.04164e-02
0.12203	7.99138e-02
0.12110	7.94023e-02
0.12016	7.88959e-02
0.11921	7.83981e-02
0.11828	7.78925e-02
0.11737	7.73744e-02
0.11651	7.68193e-02
0.11571	7.61965e-02
0.11501	7.54798e-02
0.11441	7.46620e-02
0.11390	7.37614e-02
0.11347	7.28143e-02
0.11308	7.18604e-02
0.11274	7.09334e-02
0.11242	7.00581e-02
0.11212	6.92504e-02
0.11185	6.85188e-02
0.11159	6.78653e-02
0.11137	6.72859e-02
0.11119	6.67711e-02
0.11106	6.63064e-02
0.11099	6.58728e-02
0.11100	6.54481e-02
0.11111	6.50071e-02
0.11132	6.45201e-02
0.11168	6.39329e-02
0.11223	6.31445e-02
0.11295	6.21755e-02
0.11378	6.11383e-02
0.11467	6.00875e-02
0.11560	5.90544e-02
0.11657	5.80638e-02
0.11754	5.71377e-02
0.11852	5.62953e-02
0.11948	5.55841e-02
0.12041	5.49901e-02
0.12131	5.45247e-02
0.12217	5.41963e-02
0.12299	5.40103e-02
0.12376	5.39685e-02
0.12447	5.40702e-02
0.12511	5.43115e-02
0.12569	5.46862e-02
0.12620	5.51859e-02
0.12663	5.58005e-02
0.12698	5.65168e-02
0.12725	5.73247e-02
0.12744	5.82114e-02
0.12754	5.91640e-02
0.12756	6.01696e-02
0.12749	6.12156e-02
0.12734	6.22898e-02
0.12709	6.33805e-02
0.12677	6.44763e-02
0.12636	6.55669e-02
0.12586	6.66422e-02
0.12528	6.76929e-02
0.12462	6.87106e-02
0.12388	6.96871e-02
0.12307	7.06153e-02
0.12218	7.14884e-02
0.12122	7.23006e-02
0.12019	7.30465e-02
0.11910	7.37212e-02
0.11795	7.43205e-02
0.11673	7.48439e-02
0.11546	7.52831e-02
0.11415	7.56345e-02
0.11279	7.58939e-02
0.11140	7.60574e-02
0.10998	7.61204e-02
0.10854	7.60778e-02
0.10708	7.59244e-02
0.10562	7.56548e-02
0.10417	7.52633e-02
0.10273	7.47429e-02
0.10132	7.40709e-02
0.10004	7.31389e-02
0.09894	7.18805e-02
0.09788	7.04646e-02
0.09683	6.89623e-02
0.09578	6.73989e-02
0.09470	6.57904e-02
0.09360	6.41505e-02
0.09248	6.24909e-02
0.09133	6.08220e-02
0.09015	5.91536e-02
0.08894	5.74943e-02
0.08771	5.58521e-02
0.08646	5.42346e-02
0.08517	5.26551e-02
0.08386	5.11140e-02
0.08254	4.96175e-02
0.08122	4.81721e-02
0.07988	4.67842e-02
0.07855	4.54601e-02
0.07723	4.42064e-02
0.07593	4.30299e-02
0.07465	4.19375e-02
0.07340	4.09361e-02
0.07220	4.00322e-02
0.07104	3.92311e-02
0.06995	3.85354e-02
0.06894	3.79418e-02
0.06810	3.73896e-02
0.06740	3.68722e-02
0.06689	3.63446e-02
0.06658	3.57980e-02
0.06645	3.52813e-02
0.06649	3.48514e-02
0.06670	3.45256e-02
0.06710	3.42641e-02
0.06775	3.39741e-02
0.06869	3.35516e-02
0.06994	3.29608e-02
0.07143	3.22693e-02
0.07312	3.15965e-02
0.07493	3.10547e-02
0.07683	3.07270e-02
0.07879	3.06657e-02
0.08080	3.08951e-02
0.08284	3.14149e-02
0.08491	3.22050e-02
0.08700	3.32304e-02
0.08910	3.44470e-02
0.09123	3.58078e-02
0.09337	3.72667e-02
0.09553	3.87834e-02
0.09769	4.03251e-02
0.09986	4.18707e-02
0.10203	4.34077e-02
0.10419	4.49320e-02
0.10632	4.64451e-02
0.10841	4.79515e-02
0.11045	4.94509e-02
0.11242	5.09549e-02
0.11433	5.24677e-02
0.11616	5.39925e-02
0.11792	5.55309e-02
0.11958	5.70828e-02
0.12116	5.86459e-02
0.12265	6.02132e-02
0.12405	6.17659e-02
0.12540	6.32438e-02
0.12681	6.44439e-02
0.12840	6.51227e-02
0.13006	6.54862e-02
0.13170	6.57346e-02
0.13328	6.59348e-02
0.13478	6.61100e-02
0.13619	6.62717e-02
0.13752	6.64275e-02
0.13877	6.65834e-02
0.13993	6.67448e-02
0.14100	6.69166e-02
0.14200	6.71033e-02
0.14291	6.73091e-02
0.14374	6.75380e-02
0.14450	6.77936e-02
0.14518	6.80788e-02
0.14580	6.83964e-02
0.14636	6.87486e-02
0.14686	6.91370e-02
0.14732	6.95632e-02
0.14772	7.00284e-02
0.14809	7.05338e-02
0.14843	7.10807e-02
0.14874	7.16706e-02
0.14902	7.23051e-02
0.14929	7.29861e-02
0.14955	7.37153e-02
0.14979	7.44943e-02
0.15002	7.53239e-02
0.15025	7.62040e-02
0.15047	7.71333e-02
0.15069	7.81178e-02
0.15091	7.91439e-02
0.15112	8.02052e-02
0.15133	8.12934e-02
0.15154	8.23985e-02
0.15174	8.35087e-02
0.15195	8.46109e-02
0.15215	8.56910e-02
0.15236	8.67340e-02
0.15258	8.77257e-02
0.15281	8.86531e-02
0.15305	8.95063e-02
0.15330	9.02794e-02
0.15356	9.09711e-02
0.15381	9.15844e-02
0.15407	9.21253e-02
0.15431	9.26022e-02
0.15452	9.30238e-02
0.15471	9.33980e-02
0.15487	9.37318e-02
0.15498	9.40306e-02
0.15505	9.42982e-02
0.15508	9.45369e-02
0.15505	9.47480e-02
0.15497	9.49311e-02
0.15484	9.50855e-02
0.15465	9.52098e-02
0.15440	9.53023e-02
0.15410	9.53619e-02
0.15376	9.54114e-02
0.15337	9.54279e-02
0.15291	9.54115e-02
0.15240	9.53624e-02
0.15182	9.52810e-02
0.15118	9.51671e-02
0.15048	9.50191e-02
0.14972	9.48340e-02
0.14891	9.46065e-02
0.14804	9.43286e-02
0.14712	9.39893e-02
0.14617	9.35743e-02
0.14519	9.30674e-02
0.14420	9.24528e-02
0.14320	9.17188e-02
0.14220	9.08625e-02
0.14120	8.98918e-02
0.14017	8.88245e-02
0.13911	8.76844e-02
0.13801	8.64966e-02
0.13684	8.52844e-02
0.13561	8.40679e-02
0.13430	8.28636e-02
0.13290	8.16847e-02
0.13142	8.05386e-02
0.12986	7.94348e-02
0.12822	7.83771e-02
0.12649	7.73659e-02
0.12470	7.63971e-02
0.12284	7.54613e-02
0.12096	7.45352e-02
0.11905	7.36020e-02
0.11716	7.26344e-02
0.11529	7.16106e-02
0.11347	7.05213e-02
0.11171	6.93636e-02
0.11003	6.81185e-02
0.10848	6.67234e-02
0.10715	6.50756e-02
0.10605	6.31227e-02
0.10517	6.09321e-02
0.10443	5.86164e-02
0.10381	5.62336e-02
0.10331	5.38185e-02
0.10292	5.13845e-02
0.10266	4.89411e-02
0.10251	4.64996e-02
0.10249	4.40769e-02
0.10259	4.16968e-02
0.10280	3.93894e-02
0.10313	3.71905e-02
0.10357	3.51404e-02
0.10411	3.32834e-02
0.10476	3.16666e-02
0.10551	3.03375e-02
0.10635	2.93411e-02
0.10728	2.87150e-02
0.10830	2.84838e-02
0.10941	2.86555e-02
0.11061	2.92199e-02
0.11188	3.01498e-02
0.11323	3.14060e-02
0.11465	3.29413e-02
0.11615	3.47052e-02
0.11771	3.66447e-02
0.11934	3.87051e-02
0.12105	4.08260e-02
0.12285	4.29371e-02
0.12475	4.49527e-02
0.12679	4.67712e-02
0.12900	4.82956e-02
0.13138	4.94734e-02
0.13392	5.03386e-02
0.13657	5.09817e-02
0.13929	5.15023e-02
0.14202	5.19794e-02
0.14474	5.24671e-02
0.14743	5.29997e-02
0.15008	5.35978e-02
0.15266	5.42728e-02
0.15517	5.50296e-02
0.15759	5.58683e-02
0.15993	5.67861e-02
0.16218	5.77770e-02
0.16432	5.88333e-02
0.16635	5.99458e-02
0.16829	6.10985e-02
0.17012	6.22837e-02
0.17182	6.34898e-02
0.17340	6.47051e-02
0.17485	6.59179e-02
0.17616	6.71173e-02
0.17734	6.82930e-02
0.17837	6.94357e-02
0.17927	7.05371e-02
0.18002	7.15904e-02
0.18063	7.25897e-02
0.18110	7.35304e-02
0.18143	7.44091e-02
0.18162	7.52231e-02
0.18167	7.59776e-02
0.18158	7.66657e-02
0.18137	7.72865e-02
0.18102	7.78396e-02
0.18055	7.83241e-02
0.17997	7.87388e-02
0.17927	7.90819e-02
0.17847	7.93501e-02
0.17757	7.95392e-02
0.17657	7.96431e-02
0.17550	7.96544e-02
0.17437	7.95638e-02
0.17317	7.93613e-02
0.17193	7.90367e-02
0.17066	7.85812e-02
0.16937	7.79888e-02
0.16807	7.72585e-02
0.16676	7.63951e-02
0.16545	7.54099e-02
0.16414	7.43202e-02
0.16283	7.31481e-02
0.16152	7.19190e-02
0.16020	7.06598e-02
0.15886	6.93981e-02
0.15751	6.81601e-02
0.15614	6.69725e-02
0.15477	6.58595e-02
0.15338	6.48429e-02
0.15198	6.39419e-02
0.15057	6.31728e-02
0.14916	6.25479e-02
0.14775	6.20767e-02
0.14634	6.17646e-02
0.14493	6.16131e-02
0.14354	6.16197e-02
0.14215	6.17786e-02
0.14079	6.20807e-02
0.13944	6.25145e-02
0.13813	6.30666e-02
0.13684	6.37218e-02
0.13560	6.44643e-02
0.13439	6.52734e-02
0.13323	6.61387e-02
0.13210	6.70672e-02
0.13104	6.80220e-02
0.13004	6.89916e-02
0.12910	6.99673e-02
0.12823	7.09445e-02
0.12742	7.19226e-02
0.12667	7.29051e-02
0.12598	7.38983e-02
0.12534	7.49105e-02
0.12473	7.59502e-02
0.12416	7.70253e-02
0.12362	7.81422e-02
0.12310	7.93053e-02
0.12259	8.05165e-02
0.12210	8.17748e-02
0.12162	8.30739e-02
0.12117	8.43948e-02
0.12078	8.56647e-02
0.12073	8.65302e-02
0.12130	8.65821e-02
0.12210	8.63563e-02
0.12295	8.61140e-02
0.12381	8.59037e-02
0.12466	8.57325e-02
0.12552	8.55882e-02
0.12639	8.54300e-02
0.12741	8.50717e-02
0.12875	8.42049e-02
0.13030	8.29930e-02
0.13185	8.17086e-02
0.13335	8.04404e-02
0.13476	7.92163e-02
0.13609	7.80475e-02
0.13732	7.69393e-02
0.13845	7.58938e-02
0.13948	7.49109e-02
0.14039	7.39880e-02
0.14120	7.31203e-02
0.14190	7.22996e-02
0.14249	7.15138e-02
0.14298	7.07459e-02
0.14337	6.99746e-02
0.14367	6.91770e-02
0.14390	6.83337e-02
0.14404	6.74352e-02
0.14410	6.64821e-02
0.14407	6.54819e-02
0.14396	6.44451e-02
0.14374	6.33820e-02
0.14343	6.23024e-02
0.14303	6.12154e-02
0.14252	6.01299e-02
0.14192	5.90546e-02
0.14122	5.79985e-02
0.14043	5.69711e-02
0.13956	5.59825e-02
0.13859	5.50430e-02
0.13753	5.41297e-02
0.13638	5.32881e-02
0.13517	5.25293e-02
0.13389	5.18646e-02
0.13254	5.13044e-02
0.13114	5.08588e-02
0.12968	5.05365e-02
0.12818	5.03450e-02
0.12664	5.02896e-02
0.12506	5.03739e-02
0.12344	5.05989e-02
0.12181	5.09631e-02
0.12015	5.14620e-02
0.11848	5.20881e-02
0.11681	5.28304e-02
0.11514	5.36738e-02
0.11348	5.45984e-02
0.11185	5.55780e-02
0.11026	5.65786e-02
0.10874	5.75564e-02
0.10733	5.84580e-02
0.10605	5.92247e-02
0.10495	5.98026e-02
0.10406	6.01509e-02
0.10339	6.02400e-02
0.10297	6.00472e-02
0.10279	5.95629e-02
0.10284	5.88048e-02
0.10307	5.78226e-02
0.10345	5.66852e-02
0.10393	5.54645e-02
0.10446	5.42142e-02
0.10502	5.29758e-02
0.10559	5.17774e-02
0.10616	5.06360e-02
0.10672	4.95597e-02
0.10728	4.85495e-02
0.10784	4.76006e-02
0.10840	4.67043e-02
0.10895	4.58503e-02
0.10952	4.50284e-02
0.11009	4.42288e-02
0.11067	4.34481e-02
0.11127	4.26827e-02
0.11187	4.19293e-02
0.11249	4.11842e-02
0.11311	4.04419e-02
0.11375	3.96968e-02
0.11440	3.89443e-02
0.11506	3.81841e-02
0.11573	3.74228e-02
0.11641	3.66745e-02
0.11708	3.59609e-02
0.11774	3.53094e-02
0.11838	3.47508e-02
0.11898	3.43164e-02
0.11956	3.40353e-02
0.12009	3.39329e-02
0.12057	3.40285e-02
0.12100	3.43346e-02
0.12136	3.48560e-02
0.12167	3.55909e-02
0.12192	3.65307e-02
0.12210	3.76624e-02
0.12220	3.89694e-02
0.12224	4.04332e-02
0.12221	4.20347e-02
0.12210	4.37554e-02
0.12192	4.55746e-02
0.12167	4.74764e-02
0.12134	4.94448e-02
0.12094	5.14667e-02
0.12048	5.35097e-02
0.12001	5.54573e-02
0.11998	5.63513e-02
0.12042	5.61844e-02
0.12087	5.59462e-02
0.12129	5.57543e-02
0.12165	5.56304e-02
0.12196	5.55832e-02
0.12222	5.56165e-02
0.12244	5.57308e-02
0.12262	5.59217e-02
0.12276	5.61770e-02
0.12289	5.64711e-02
0.12302	5.67562e-02
0.12320	5.69537e-02
0.12348	5.69665e-02
0.12388	5.67452e-02
0.12438	5.63358e-02
0.12493	5.58301e-02
0.12552	5.53037e-02
0.12611	5.48026e-02
0.12670	5.43492e-02
0.12729	5.39503e-02
0.12789	5.36011e-02
0.12849	5.32891e-02
0.12911	5.29979e-02
0.12975	5.27131e-02
0.13041	5.24283e-02
0.13110	5.21489e-02
0.13181	5.18879e-02
0.13252	5.16652e-02
0.13322	5.15009e-02
0.13391	5.14126e-02
0.13458	5.14131e-02
0.13522	5.15107e-02
0.13583	5.17093e-02
0.13641	5.20095e-02
0.13695	5.24086e-02
0.13745	5.29019e-02
0.13791	5.34830e-02
0.13833	5.41442e-02
0.13871	5.48771e-02
0.13904	5.56731e-02
0.13933	5.65232e-02
0.13958	5.74187e-02
0.13979	5.83510e-02
0.13995	5.93116e-02
0.14007	6.02926e-02
0.14015	6.12863e-02
0.14019	6.22857e-02
0.14019	6.32837e-02
0.14015	6.42739e-02
0.14008	6.52449e-02
0.13998	6.61984e-02
0.13984	6.71282e-02
0.13966	6.80287e-02
0.13945	6.88946e-02
0.13921	6.97209e-02
0.13894	7.05044e-02
0.13865	7.12393e-02
0.13832	7.19212e-02
0.13797	7.25463e-02
0.13760	7.31109e-02
0.13721	7.36117e-02
0.13680	7.40455e-02
0.13637	7.44096e-02
0.13593	7.47017e-02
0.13548	7.49199e-02
0.13502	7.50631e-02
0.13454	7.51372e-02
0.13407	7.51360e-02
0.13359	7.50605e-02
0.13311	7.49114e-02
0.13263	7.46899e-02
0.13215	7.43963e-02
0.13168	7.40309e-02
0.13122	7.35932e-02
0.13078	7.30829e-02
0.13034	7.24995e-02
0.12993	7.18433e-02
0.12953	7.11155e-02
0.12915	7.03182e-02
0.12879	6.94551e-02
0.12845	6.85307e-02
0.12813	6.75504e-02
0.12782	6.65204e-02
0.12753	6.54474e-02
0.12725	6.43385e-02
0.12698	6.32011e-02
0.12672	6.20430e-02
0.12646	6.08723e-02
0.12621	5.96970e-02
0.12597	5.85257e-02
0.12573	5.73672e-02
0.12550	5.62305e-02
0.12527	5.51250e-02
0.12505	5.40635e-02
0.12483	5.30515e-02
0.12461	5.20992e-02
0.12440	5.12128e-02
0.12419	5.04073e-02
0.12398	4.96927e-02
0.12378	4.90785e-02
0.12358	4.85732e-02
0.12339	4.81836e-02
0.12320	4.79141e-02
0.12302	4.77665e-02
0.12285	4.77393e-02
0.12270	4.78273e-02
0.12257	4.80214e-02
0.12245	4.83090e-02
0.12237	4.86737e-02
0.12233	4.90966e-02
0.12234	4.95562e-02
0.12239	5.00270e-02
0.12251	5.04899e-02
0.12270	5.09239e-02
0.12296	5.13110e-02
0.12330	5.16370e-02
0.12372	5.18927e-02
0.12421	5.20750e-02
0.12477	5.21862e-02
0.12540	5.22340e-02
0.12608	5.22303e-02
0.12680	5.21897e-02
0.12756	5.21285e-02
0.12833	5.20631e-02
0.12912	5.20097e-02
0.12992	5.19607e-02
0.13071	5.19511e-02
0.13148	5.19920e-02
0.13224	5.20925e-02
0.13296	5.22598e-02
0.13366	5.24991e-02
0.13431	5.28136e-02
0.13492	5.32048e-02
0.13548	5.36721e-02
0.13599	5.42131e-02
0.13645	5.48233e-02
0.13686	5.54961e-02
0.13721	5.62222e-02
0.13751	5.69889e-02
0.13777	5.77784e-02
0.13798	5.85658e-02
0.13817	5.93159e-02
0.13835	5.99811e-02
0.13854	6.05092e-02
0.13877	6.08650e-02
0.13903	6.10529e-02
0.13930	6.11089e-02
0.13957	6.10751e-02
0.13982	6.09834e-02
0.14004	6.08463e-02
0.14022	6.06812e-02
0.14038	6.04931e-02
0.14051	6.02833e-02
0.14062	6.00510e-02
0.14069	5.97937e-02
0.14075	5.95070e-02
0.14079	5.91890e-02
0.14082	5.88366e-02
0.14083	5.84479e-02
0.14083	5.80221e-02
0.14081	5.75603e-02
0.14078	5.70653e-02
0.14074	5.65418e-02
0.14068	5.59965e-02
0.14060	5.54375e-02
0.14049	5.48745e-02
0.14036	5.43176e-02
0.14019	5.37780e-02
0.13999	5.32670e-02
0.13975	5.27957e-02
0.13947	5.23751e-02
0.13915	5.20154e-02
0.13879	5.17262e-02
0.13838	5.15160e-02
0.13792	5.13921e-02
0.13742	5.13604e-02
0.13688	5.14251e-02
0.13629	5.15889e-02
0.13566	5.18524e-02
0.13500	5.22143e-02
0.13430	5.26715e-02
0.13356	5.32188e-02
0.13280	5.38494e-02
0.13202	5.45547e-02
0.13121	5.53249e-02
0.13040	5.61490e-02
0.12957	5.70152e-02
0.12875	5.79112e-02
0.12793	5.88243e-02
0.12713	5.97418e-02
0.12635	6.06504e-02
0.12559	6.15360e-02
0.12488	6.23826e-02
0.12423	6.31745e-02
0.12364	6.38833e-02
0.12314	6.44815e-02
0.12275	6.49457e-02
0.12246	6.52672e-02
0.12227	6.54564e-02
0.12219	6.55335e-02
0.12218	6.55149e-02
0.12227	6.54063e-02
0.12243	6.52052e-02
0.12268	6.49092e-02
0.12301	6.45238e-02
0.12340	6.40649e-02
0.12384	6.35541e-02
0.12432	6.30139e-02
0.12483	6.24639e-02
0.12534	6.19202e-02
0.12586	6.13955e-02
0.12637	6.08996e-02
0.12687	6.04403e-02
0.12735	6.00232e-02
0.12781	5.96518e-02
0.12825	5.93282e-02
0.12866	5.90530e-02
0.12903	5.88250e-02
0.12937	5.86418e-02
0.12967	5.84996e-02
0.12993	5.83932e-02
0.13015	5.83167e-02
0.13032	5.82632e-02
0.13046	5.82258e-02
0.13054	5.81977e-02
0.13055	5.81818e-02
0.13052	5.81625e-02
0.13043	5.81353e-02
0.13030	5.80969e-02
0.13012	5.80451e-02
0.12989	5.79781e-02
0.12960	5.78947e-02
0.12926	5.77937e-02
0.12887	5.76737e-02
0.12842	5.75332e-02
0.12792	5.73705e-02
0.12737	5.71840e-02
0.12676	5.69725e-02
0.12611	5.67354e-02
0.12542	5.64729e-02
0.12468	5.61865e-02
0.12389	5.58788e-02
0.12306	5.55539e-02
0.12220	5.52169e-02
0.12129	5.48741e-02
0.12034	5.45327e-02
0.11935	5.42007e-02
0.11832	5.38865e-02
0.11726	5.35988e-02
0.11617	5.33466e-02
0.11504	5.31385e-02
0.11388	5.29826e-02
0.11269	5.28865e-02
0.11148	5.28565e-02
0.11025	5.28975e-02
0.10901	5.30172e-02
0.10776	5.32125e-02
0.10651	5.34822e-02
0.10528	5.38221e-02
0.10407	5.42240e-02
0.10290	5.46744e-02
0.10180	5.51515e-02
0.10078	5.56259e-02
0.09990	5.60394e-02
0.09919	5.63223e-02
0.09871	5.64173e-02
0.09847	5.63201e-02
0.09845	5.60687e-02
0.09863	5.57006e-02
0.09899	5.52349e-02
0.09954	5.46770e-02
0.10026	5.40287e-02
0.10115	5.32954e-02
0.10217	5.24905e-02
0.10332	5.16360e-02
0.10455	5.07605e-02
0.10585	4.98969e-02
0.10719	4.90782e-02
0.10853	4.83406e-02
0.10987	4.77077e-02
0.11117	4.72029e-02
0.11243	4.68441e-02
0.11363	4.66439e-02
0.11477	4.66091e-02
0.11583	4.67411e-02
0.11681	4.70360e-02
0.11770	4.74851e-02
0.11851	4.80755e-02
0.11922	4.87900e-02
0.11985	4.96072e-02
0.12040	5.05007e-02
0.12088	5.14362e-02
0.12130	5.23662e-02
0.12171	5.32176e-02
0.12213	5.38850e-02
0.12263	5.42522e-02
0.12320	5.42890e-02
0.12381	5.40890e-02
0.12441	5.37578e-02
0.12498	5.33613e-02
0.12551	5.29334e-02
0.12599	5.24925e-02
0.12641	5.20507e-02
0.12678	5.16189e-02
0.12709	5.12087e-02
0.12734	5.08335e-02
0.12752	5.05080e-02
0.12764	5.02475e-02
0.12768	5.00677e-02
0.12766	4.99833e-02
0.12755	5.00076e-02
0.12737	5.01498e-02
0.12711	5.04200e-02
0.12676	5.08240e-02
0.12633	5.13647e-02
0.12582	5.20423e-02
0.12522	5.28541e-02
0.12454	5.37954e-02
0.12378	5.48592e-02
0.12293	5.60373e-02
0.12200	5.73201e-02
0.12099	5.86972e-02
0.11991	6.01576e-02
0.11875	6.16894e-02
0.11752	6.32792e-02
0.11624	6.49123e-02
0.11490	6.65593e-02
0.11356	6.81604e-02
0.11232	6.95460e-02
0.11143	7.03586e-02
0.11092	7.05786e-02
0.11059	7.05729e-02
0.11030	7.05256e-02
0.11005	7.04984e-02
0.10980	7.05157e-02
0.10958	7.05894e-02
0.10936	7.07265e-02
0.10917	7.09308e-02
0.10901	7.12043e-02
0.10887	7.15477e-02
0.10878	7.19600e-02
0.10872	7.24391e-02
0.10871	7.29817e-02
0.10876	7.35837e-02
0.10886	7.42397e-02
0.10902	7.49437e-02
0.10926	7.56879e-02
0.10956	7.64630e-02
0.10994	7.72565e-02
0.11040	7.80506e-02
0.11096	7.88235e-02
0.11163	7.95496e-02
0.11241	8.02071e-02
0.11330	8.07873e-02
0.11429	8.12977e-02
0.11535	8.17539e-02
0.11647	8.21748e-02
0.11761	8.25721e-02
0.11877	8.29512e-02
0.11994	8.33112e-02
0.12111	8.36449e-02
0.12229	8.39398e-02
0.12347	8.41781e-02
0.12468	8.43402e-02
0.12592	8.44091e-02
0.12717	8.43763e-02
0.12845	8.42429e-02
0.12974	8.40163e-02
0.13102	8.37067e-02
0.13230	8.33229e-02
0.13356	8.28726e-02
0.13479	8.23613e-02
0.13600	8.17937e-02
0.13717	8.11732e-02
0.13831	8.05033e-02
0.13940	7.97870e-02
0.14045	7.90277e-02
0.14146	7.82287e-02
0.14242	7.73967e-02
0.14333	7.65328e-02
0.14419	7.56409e-02
0.14499	7.47255e-02
0.14574	7.37911e-02
0.14644	7.28426e-02
0.14707	7.18849e-02
0.14765	7.09235e-02
0.14817	6.99638e-02
0.14864	6.90116e-02
0.14905	6.80728e-02
0.14941	6.71535e-02
0.14971	6.62597e-02
0.14996	6.53973e-02
0.15016	6.45720e-02
0.15030	6.37935e-02
0.15040	6.30619e-02
0.15044	6.23811e-02
0.15043	6.17532e-02
0.15038	6.11807e-02
0.15028	6.06641e-02
0.15013	6.02030e-02
0.14994	5.97959e-02
0.14971	5.94402e-02
0.14944	5.91325e-02
0.14914	5.88689e-02
0.14879	5.86451e-02
0.14842	5.84572e-02
0.14801	5.83015e-02
0.14757	5.81754e-02
0.14710	5.80776e-02
0.14661	5.80078e-02
0.14609	5.79673e-02
0.14555	5.79587e-02
0.14498	5.79855e-02
0.14439	5.80522e-02
0.14378	5.81636e-02
0.14314	5.83244e-02
0.14249	5.85391e-02
0.14181	5.88115e-02
0.14112	5.91445e-02
0.14042	5.95401e-02
0.13970	5.99988e-02
0.13897	6.05201e-02
0.13823	6.11024e-02
0.13750	6.17425e-02
0.13676	6.24363e-02
0.13601	6.31497e-02
0.13528	6.39003e-02
0.13456	6.46812e-02
0.13387	6.54841e-02
0.13321	6.62995e-02
0.13259	6.71157e-02
0.13202	6.79191e-02
0.13151	6.86931e-02
0.13107	6.94178e-02
0.13073	7.00696e-02
0.13049	7.06221e-02
0.13038	7.10483e-02
0.13041	7.13247e-02
0.13058	7.14367e-02
0.13091	7.13825e-02
0.13137	7.11722e-02
0.13196	7.08245e-02
0.13267	7.03602e-02
0.13347	6.97988e-02
0.13436	6.91562e-02
0.13532	6.84450e-02
0.13634	6.76750e-02
0.13741	6.68542e-02
0.13852	6.59897e-02
0.13968	6.50831e-02
0.14086	6.41471e-02
0.14205	6.31883e-02
0.14324	6.22133e-02
0.14443	6.12289e-02
0.14559	6.02417e-02
0.14675	5.92548e-02
0.14787	5.82739e-02
0.14895	5.73056e-02
0.14999	5.63567e-02
0.15097	5.54341e-02
0.15190	5.45445e-02
0.15276	5.36949e-02
0.15355	5.28921e-02
0.15428	5.21430e-02
0.15493	5.14544e-02
0.15551	5.08330e-02
0.15602	5.02853e-02
0.15644	4.98177e-02
0.15679	4.94360e-02
0.15706	4.91456e-02
0.15725	4.89515e-02
0.15736	4.88578e-02
0.15739	4.88680e-02
0.15735	4.89846e-02
0.15723	4.92091e-02
0.15703	4.95424e-02
0.15676	4.99840e-02
0.15641	5.05327e-02
0.15598	5.11779e-02
0.15548	5.19261e-02
0.15491	5.27734e-02
0.15426	5.37153e-02
0.15355	5.47465e-02
0.15277	5.58614e-02
0.15192	5.70538e-02
0.15101	5.83172e-02
0.15003	5.96451e-02
0.14898	6.10306e-02
0.14787	6.24666e-02
0.14671	6.39461e-02
0.14548	6.54621e-02
0.14420	6.70072e-02
0.14286	6.85742e-02
0.14146	7.01383e-02
0.14001	7.17090e-02
0.13851	7.32789e-02
0.13697	7.48404e-02
0.13539	7.63847e-02
0.13378	7.79026e-02
0.13214	7.93841e-02
0.13049	8.08178e-02
0.12882	8.21908e-02
0.12716	8.34887e-02
0.12551	8.46962e-02
0.12390	8.57988e-02
0.12232	8.67857e-02
0.12080	8.76506e-02
0.11933	8.83903e-02
0.11792	8.90003e-02
0.11659	8.94725e-02
0.11535	8.97990e-02
0.11419	8.99791e-02
0.11312	9.00244e-02
0.11211	8.99548e-02
0.11115	8.97917e-02
0.11024	8.95536e-02
0.10935	8.92549e-02
0.10847	8.89070e-02
0.10761	8.85191e-02
0.10676	8.80989e-02
0.10590	8.76526e-02
0.10505	8.71859e-02
0.10419	8.67035e-02
0.10333	8.62094e-02
0.10247	8.57067e-02
0.10162	8.51864e-02
0.10077	8.46593e-02
0.09993	8.41184e-02
0.09914	8.35342e-02
0.09849	8.27945e-02
0.09813	8.17087e-02
0.09799	8.03858e-02
0.09792	7.89985e-02
0.09787	7.76050e-02
0.09783	7.62261e-02
0.09779	7.48727e-02
0.09776	7.35520e-02
0.09773	7.22703e-02
0.09771	7.10329e-02
0.09770	6.98445e-02
0.09769	6.87098e-02
0.09770	6.76326e-02
0.09771	6.66165e-02
0.09774	6.56645e-02
0.09778	6.47791e-02
0.09783	6.39625e-02
0.09791	6.32164e-02
0.09800	6.25423e-02
0.09811	6.19418e-02
0.09823	6.14120e-02
0.09837	6.09592e-02
0.09853	6.05853e-02
0.09872	6.02916e-02
0.09892	6.00794e-02
0.09914	5.99489e-02
0.09937	5.99062e-02
0.09961	5.99424e-02
0.09987	6.00541e-02
0.10014	6.02360e-02
0.10043	6.04807e-02
0.10075	6.07786e-02
0.10108	6.11174e-02
0.10145	6.14815e-02
0.10185	6.18532e-02
0.10229	6.22136e-02
0.10279	6.25463e-02
0.10333	6.28411e-02
0.10392	6.30937e-02
0.10456	6.33036e-02
0.10524	6.34719e-02
0.10595	6.36020e-02
0.10669	6.36999e-02
0.10744	6.37733e-02
0.10821	6.38296e-02
0.10898	6.38745e-02
0.10975	6.39115e-02
0.11051	6.39425e-02
0.11127	6.39680e-02
0.11202	6.39850e-02
0.11276	6.39961e-02
0.11348	6.40005e-02
0.11421	6.39969e-02
0.11492	6.39845e-02
0.11562	6.39623e-02
0.11632	6.39297e-02
0.11701	6.38862e-02
0.11769	6.38317e-02
0.11838	6.37664e-02
0.11905	6.36906e-02
0.11973	6.36052e-02
0.12040	6.35116e-02
0.12107	6.34112e-02
0.12174	6.33063e-02
0.12242	6.32022e-02
0.12309	6.30997e-02
0.12377	6.30023e-02
0.12444	6.29149e-02
0.12511	6.28403e-02
0.12577	6.27828e-02
0.12642	6.27468e-02
0.12707	6.27366e-02
0.12770	6.27565e-02
0.12831	6.28104e-02
0.12890	6.29020e-02
0.12947	6.30348e-02
0.13001	6.32117e-02
0.13052	6.34349e-02
0.13099	6.37061e-02
0.13143	6.40263e-02
0.13182	6.43957e-02
0.13217	6.48132e-02
0.13247	6.52771e-02
0.13271	6.57842e-02
0.13291	6.63298e-02
0.13305	6.69075e-02
0.13313	6.75091e-02
0.13317	6.81233e-02
0.13315	6.87359e-02
0.13310	6.93286e-02
0.13302	6.98784e-02
0.13292	7.03579e-02
0.13282	7.07372e-02
0.13274	7.09880e-02
0.13268	7.10896e-02
0.13266	7.10334e-02
0.13265	7.08070e-02
0.13267	7.04237e-02
0.13274	6.98712e-02
0.13286	6.91152e-02
0.13307	6.81045e-02
0.13338	6.67990e-02
0.13379	6.52041e-02
0.13426	6.33726e-02
0.13475	6.13742e-02
0.13523	5.92718e-02
0.13568	5.71145e-02
0.13609	5.49402e-02
0.13644	5.27789e-02
0.13673	5.06558e-02
0.13696	4.85935e-02
0.13712	4.66124e-02
0.13722	4.47320e-02
0.13724	4.29708e-02
0.13720	4.13464e-02
0.13710	3.98751e-02
0.13693	3.85714e-02
0.13669	3.74475e-02
0.13639	3.65126e-02
0.13603	3.57720e-02
0.13561	3.52282e-02
0.13514	3.48754e-02
0.13461	3.47045e-02
0.13404	3.47022e-02
0.13342	3.48511e-02
0.13277	3.51310e-02
0.13206	3.55347e-02
0.13133	3.60253e-02
0.13057	3.65789e-02
0.12980	3.71718e-02
0.12901	3.77819e-02
0.12822	3.83889e-02
0.12743	3.89748e-02
0.12664	3.95251e-02
0.12587	4.00284e-02
0.12510	4.04775e-02
0.12436	4.08688e-02
0.12363	4.12024e-02
0.12291	4.14815e-02
0.12222	4.17120e-02
0.12154	4.19011e-02
0.12087	4.20572e-02
0.12022	4.21888e-02
0.11958	4.23039e-02
0.11894	4.24101e-02
0.11832	4.25139e-02
0.11771	4.26207e-02
0.11710	4.27347e-02
0.11650	4.28592e-02
0.11591	4.29789e-02
0.11532	4.31123e-02
0.11474	4.32596e-02
0.11418	4.34207e-02
0.11362	4.35945e-02
0.11307	4.37797e-02
0.11254	4.39744e-02
0.11202	4.41765e-02
0.11151	4.43840e-02
0.11102	4.45945e-02
0.11054	4.48060e-02
0.11008	4.50164e-02
0.10963	4.52240e-02
0.10920	4.54271e-02
0.10879	4.56246e-02
0.10838	4.58195e-02
0.10800	4.60083e-02
0.10763	4.61919e-02
0.10728	4.63725e-02
0.10695	4.65516e-02
0.10664	4.67336e-02
0.10635	4.69237e-02
0.10607	4.71287e-02
0.10581	4.73562e-02
0.10556	4.76146e-02
0.10532	4.79126e-02
0.10509	4.82585e-02
0.10487	4.86603e-02
0.10466	4.91249e-02
0.10445	4.96583e-02
0.10424	5.02647e-02
0.10404	5.09472e-02
0.10384	5.17069e-02
0.10364	5.25438e-02
0.10344	5.34560e-02
0.10325	5.44404e-02
0.10306	5.54926e-02
0.10288	5.66066e-02
0.10270	5.77752e-02
0.10253	5.89894e-02
0.10238	6.02382e-02
0.10224	6.15076e-02
0.10213	6.27784e-02
0.10207	6.40239e-02
0.10207	6.52041e-02
0.10218	6.62604e-02
0.10244	6.71152e-02
0.10293	6.76992e-02
0.10363	6.80026e-02
0.10449	6.80884e-02
0.10545	6.80355e-02
0.10647	6.79030e-02
0.10753	6.77277e-02
0.10859	6.75323e-02
0.10966	6.73305e-02
0.11071	6.71313e-02
0.11175	6.69406e-02
0.11277	6.67626e-02
0.11375	6.66004e-02
0.11471	6.64565e-02
0.11562	6.63329e-02
0.11649	6.62310e-02
0.11732	6.61524e-02
0.11809	6.60980e-02
0.11881	6.60688e-02
0.11947	6.60654e-02
0.12006	6.60880e-02
0.12059	6.61368e-02
0.12104	6.62114e-02
0.12143	6.63112e-02
0.12174	6.64351e-02
0.12198	6.65828e-02
0.12214	6.67513e-02
0.12223	6.69385e-02
0.12223	6.71423e-02
0.12215	6.73600e-02
0.12200	6.75889e-02
0.12175	6.78334e-02
0.12143	6.80826e-02
0.12103	6.83329e-02
0.12055	6.85803e-02
0.12000	6.88202e-02
0.11938	6.90462e-02
0.11869	6.92481e-02
0.11795	6.94041e-02
0.11720	6.94571e-02
0.11650	6.92828e-02
0.11589	6.88287e-02
0.11530	6.82055e-02
0.11469	6.74905e-02
0.11404	6.67109e-02
0.11335	6.58762e-02
0.11262	6.49899e-02
0.11185	6.40536e-02
0.11104	6.30680e-02
0.11019	6.20331e-02
0.10930	6.09491e-02
0.10839	5.98158e-02
0.10745	5.86331e-02
0.10648	5.74006e-02
0.10551	5.61126e-02
0.10453	5.47722e-02
0.10354	5.33785e-02
0.10257	5.19310e-02
0.10160	5.04292e-02
0.10066	4.88730e-02
0.09974	4.72626e-02
0.09885	4.55998e-02
0.09801	4.38885e-02
0.09720	4.21362e-02
0.09644	4.03559e-02
0.09572	3.85675e-02
0.09505	3.67983e-02
0.09441	3.50844e-02
0.09381	3.34698e-02
0.09324	3.20058e-02
0.09269	3.07497e-02
0.09216	2.97614e-02
0.09165	2.90937e-02
0.09116	2.87982e-02
0.09068	2.89077e-02
0.09021	2.94334e-02
0.08976	3.03639e-02
0.08932	3.16671e-02
0.08891	3.32960e-02
0.08852	3.51924e-02
0.08818	3.72861e-02
0.08791	3.94751e-02
0.08781	4.15358e-02
0.08817	4.29297e-02
0.08909	4.34817e-02
0.09029	4.37584e-02
0.09164	4.40338e-02
0.09309	4.43699e-02
0.09463	4.47721e-02
0.09626	4.52294e-02
0.09798	4.57256e-02
0.09978	4.62437e-02
0.10167	4.67677e-02
0.10363	4.72842e-02
0.10567	4.77833e-02
0.10777	4.82590e-02
0.10993	4.87093e-02
0.11213	4.91350e-02
0.11437	4.95390e-02
0.11663	4.99252e-02
0.11890	5.02976e-02
0.12116	5.06621e-02
0.12341	5.10188e-02
0.12564	5.13700e-02
0.12785	5.17170e-02
0.13001	5.20604e-02
0.13214	5.24003e-02
0.13420	5.27357e-02
0.13621	5.30655e-02
0.13816	5.33876e-02
0.14003	5.36997e-02
0.14182	5.39989e-02
0.14353	5.42819e-02
0.14515	5.45451e-02
0.14667	5.47844e-02
0.14811	5.49957e-02
0.14944	5.51746e-02
0.15067	5.53167e-02
0.15179	5.54176e-02
0.15281	5.54731e-02
0.15373	5.54793e-02
0.15454	5.54327e-02
0.15524	5.53300e-02
0.15584	5.51688e-02
0.15634	5.49473e-02
0.15673	5.46666e-02
0.15702	5.43244e-02
0.15722	5.39218e-02
0.15731	5.34606e-02
0.15732	5.29440e-02
0.15723	5.23763e-02
0.15702	5.17819e-02
0.15672	5.11495e-02
0.15634	5.04871e-02
0.15587	4.98037e-02
0.15532	4.91097e-02
0.15468	4.84166e-02
0.15397	4.77368e-02
0.15318	4.70835e-02
0.15231	4.64705e-02
0.15137	4.59117e-02
0.15036	4.54208e-02
0.14928	4.50108e-02
0.14813	4.46934e-02
0.14693	4.44784e-02
0.14567	4.43726e-02
0.14436	4.43798e-02
0.14301	4.44996e-02
0.14162	4.47272e-02
0.14021	4.50531e-02
0.13879	4.54640e-02
0.13737	4.59436e-02
0.13597	4.64756e-02
0.13459	4.70469e-02
0.13322	4.76089e-02
0.13190	4.82043e-02
0.13063	4.88423e-02
0.12941	4.95361e-02
0.12826	5.02984e-02
0.12717	5.11388e-02
0.12614	5.20614e-02
0.12518	5.30655e-02
0.12430	5.41469e-02
0.12350	5.53006e-02
0.12278	5.65231e-02
0.12216	5.78145e-02
0.12161	5.91784e-02
0.12115	6.06214e-02
0.12075	6.21506e-02
0.12043	6.37773e-02
0.12016	6.54997e-02
0.11995	6.73169e-02
0.11978	6.92230e-02
0.11966	7.12097e-02
0.11957	7.32586e-02
0.11954	7.53283e-02
0.11966	7.72469e-02
0.12025	7.85288e-02
0.12114	7.94408e-02
0.12210	8.03227e-02
0.12308	8.12181e-02
0.12407	8.21154e-02
0.12509	8.29893e-02
0.12613	8.38104e-02
0.12719	8.45522e-02
0.12829	8.51978e-02
0.12941	8.57439e-02
0.13054	8.61988e-02
0.13164	8.65762e-02
0.13272	8.68906e-02
0.13375	8.71540e-02
0.13473	8.73754e-02
0.13564	8.75616e-02
0.13648	8.77171e-02
0.13724	8.78456e-02
0.13793	8.79497e-02
0.13853	8.80319e-02
0.13906	8.80944e-02
0.13950	8.81393e-02
0.13986	8.81689e-02
0.14013	8.81857e-02
0.14030	8.82055e-02
0.14039	8.82161e-02
0.14040	8.82201e-02
0.14032	8.82201e-02
0.14017	8.82185e-02
0.13994	8.82176e-02
0.13964	8.82194e-02
0.13926	8.82255e-02
0.13881	8.82371e-02
0.13829	8.82549e-02
0.13769	8.82789e-02
0.13704	8.83083e-02
0.13632	8.83415e-02
0.13555	8.83758e-02
0.13472	8.84073e-02
0.13385	8.84302e-02
0.13294	8.84371e-02
0.13201	8.84175e-02
0.13106	8.83576e-02
0.13012	8.82390e-02
0.12920	8.80387e-02
0.12833	8.77290e-02
0.12752	8.72816e-02
0.12681	8.66737e-02
0.12618	8.58954e-02
0.12564	8.49496e-02
0.12520	8.38523e-02
0.12484	8.26253e-02
0.12454	8.12919e-02
0.12429	7.98733e-02
0.12409	7.83813e-02
0.12393	7.68357e-02
0.12379	7.52479e-02
0.12369	7.36267e-02
0.12361	7.19794e-02
0.12356	7.03121e-02
0.12354	6.86305e-02
0.12354	6.69399e-02
0.12356	6.52459e-02
0.12361	6.35545e-02
0.12368	6.18722e-02
0.12378	6.02061e-02
0.12390	5.85643e-02
0.12403	5.69555e-02
0.12419	5.53897e-02
0.12436	5.38774e-02
0.12455	5.24302e-02
0.12476	5.10604e-02
0.12497	4.97807e-02
0.12519	4.86040e-02
0.12541	4.75426e-02
0.12564	4.66081e-02
0.12586	4.58104e-02
0.12608	4.51588e-02
0.12629	4.46569e-02
0.12648	4.43061e-02
0.12667	4.41043e-02
0.12683	4.40458e-02
0.12697	4.41217e-02
0.12709	4.43206e-02
0.12719	4.46289e-02
0.12727	4.50320e-02
0.12732	4.55145e-02
0.12735	4.60611e-02
0.12735	4.66571e-02
0.12734	4.72884e-02
0.12731	4.79422e-02
0.12727	4.86067e-02
0.12720	4.92588e-02
0.12711	4.99055e-02
0.12703	5.05384e-02
0.12694	5.11422e-02
0.12685	5.17183e-02
0.12678	5.22616e-02
0.12671	5.27678e-02
0.12666	5.32337e-02
0.12663	5.36568e-02
0.12662	5.40357e-02
0.12663	5.43699e-02
0.12666	5.46599e-02
0.12672	5.49074e-02
0.12680	5.51152e-02
0.12691	5.52872e-02
0.12705	5.54287e-02
0.12720	5.55459e-02
0.12737	5.56458e-02
0.12756	5.57363e-02
0.12776	5.58258e-02
0.12797	5.59227e-02
0.12818	5.60352e-02
0.12840	5.61715e-02
0.12861	5.63387e-02
0.12882	5.65431e-02
0.12902	5.67899e-02
0.12920	5.70826e-02
0.12936	5.74181e-02
0.12949	5.78017e-02
0.12961	5.82312e-02
0.12971	5.87018e-02
0.12979	5.92059e-02
0.12983	5.97138e-02
0.12987	6.02263e-02
0.12990	6.07223e-02
0.12994	6.11755e-02
0.12999	6.15566e-02
0.13009	6.18388e-02
0.13021	6.20044e-02
0.13038	6.20564e-02
0.13057	6.20114e-02
0.13078	6.18928e-02
0.13099	6.17239e-02
0.13119	6.15233e-02
0.13139	6.13051e-02
0.13156	6.10790e-02
0.13171	6.08521e-02
0.13184	6.06299e-02
0.13195	6.04170e-02
0.13202	6.02179e-02
0.13206	6.00370e-02
0.13207	5.98794e-02
0.13205	5.97501e-02
0.13198	5.96545e-02
0.13188	5.95981e-02
0.13173	5.95861e-02
0.13155	5.96158e-02
0.13131	5.96978e-02
0.13104	5.98351e-02
0.13071	6.00294e-02
0.13033	6.02810e-02
0.12991	6.05887e-02
0.12942	6.09585e-02
0.12889	6.13777e-02
0.12832	6.18399e-02
0.12771	6.23375e-02
0.12708	6.28611e-02
0.12642	6.34005e-02
0.12574	6.39442e-02
0.12506	6.44806e-02
0.12438	6.49979e-02
0.12370	6.54852e-02
0.12304	6.59329e-02
0.12240	6.63339e-02
0.12178	6.66839e-02
0.12119	6.69816e-02
0.12063	6.72291e-02
0.12009	6.74310e-02
0.11958	6.75932e-02
0.11909	6.77227e-02
0.11862	6.78260e-02
0.11816	6.79087e-02
0.11771	6.79750e-02
0.11728	6.80276e-02
0.11686	6.80679e-02
0.11645	6.81100e-02
0.11606	6.81380e-02
0.11569	6.81509e-02
0.11533	6.81477e-02
0.11499	6.81283e-02
0.11468	6.80932e-02
0.11439	6.80438e-02
0.11412	6.79823e-02
0.11387	6.79117e-02
0.11365	6.78352e-02
0.11346	6.77560e-02
0.11329	6.76774e-02
0.11314	6.76022e-02
0.11303	6.75331e-02
0.11294	6.74724e-02
0.11288	6.74261e-02
0.11285	6.73925e-02
0.11285	6.73729e-02
0.11287	6.73717e-02
0.11291	6.73846e-02
0.11298	6.74046e-02
0.11309	6.74097e-02
0.11328	6.73363e-02
0.11361	6.70478e-02
0.11413	6.64660e-02
0.11477	6.57089e-02
0.11544	6.48949e-02
0.11612	6.40790e-02
0.11679	6.32861e-02
0.11743	6.25302e-02
0.11805	6.18204e-02
0.11864	6.11635e-02
0.11920	6.05644e-02
0.11972	6.00271e-02
0.12022	5.95546e-02
0.12068	5.91490e-02
0.12111	5.88116e-02
0.12151	5.85431e-02
0.12189	5.83435e-02
0.12225	5.82126e-02
0.12259	5.81498e-02
0.12291	5.81544e-02
0.12321	5.82260e-02
0.12351	5.83640e-02
0.12380	5.85686e-02
0.12408	5.88398e-02
0.12436	5.91782e-02
0.12464	5.95863e-02
0.12493	6.00640e-02
0.12521	6.06092e-02
0.12551	6.12149e-02
0.12582	6.18598e-02
0.12617	6.24768e-02
0.12667	6.28875e-02
0.12737	6.29429e-02
0.12821	6.28075e-02
0.12909	6.26406e-02
0.12998	6.25031e-02
0.13087	6.24191e-02
0.13176	6.23998e-02
0.13262	6.24511e-02
0.13347	6.25758e-02
0.13428	6.27743e-02
0.13506	6.30455e-02
0.13581	6.33860e-02
0.13651	6.37914e-02
0.13717	6.42554e-02
0.13778	6.47706e-02
0.13834	6.53282e-02
0.13885	6.59185e-02
0.13931	6.65306e-02
0.13972	6.71639e-02
0.14009	6.77930e-02
0.14041	6.84062e-02
0.14069	6.89926e-02
0.14092	6.95424e-02
0.14112	7.00484e-02
0.14128	7.05058e-02
0.14140	7.09133e-02
0.14149	7.12727e-02
0.14155	7.15880e-02
0.14158	7.18652e-02
0.14157	7.21107e-02
0.14153	7.23308e-02
0.14147	7.25305e-02
0.14138	7.27135e-02
0.14126	7.28814e-02
0.14112	7.30366e-02
0.14097	7.31739e-02
0.14082	7.32899e-02
0.14067	7.33809e-02
0.14053	7.34438e-02
0.14039	7.34761e-02
0.14028	7.34798e-02
0.14018	7.34591e-02
0.14010	7.34215e-02
0.14003	7.33776e-02
0.13998	7.33400e-02
0.13993	7.33225e-02
0.13988	7.33388e-02
0.13981	7.34012e-02
0.13974	7.35226e-02
0.13965	7.37121e-02
0.13954	7.39767e-02
0.13941	7.43208e-02
0.13926	7.47461e-02
0.13908	7.52519e-02
0.13887	7.58349e-02
0.13864	7.64896e-02
0.13838	7.72087e-02
0.13810	7.79830e-02
0.13779	7.88021e-02
0.13746	7.96546e-02
0.13711	8.05288e-02
0.13674	8.14133e-02
0.13635	8.22946e-02
0.13594	8.31656e-02
0.13552	8.40186e-02
0.13507	8.48505e-02
0.13461	8.56553e-02
0.13413	8.64311e-02
0.13362	8.71774e-02
0.13308	8.78946e-02
0.13252	8.85828e-02
0.13193	8.92404e-02
0.13131	8.98612e-02
0.13068	9.04265e-02
0.13008	9.08791e-02
0.12963	9.10464e-02
0.12952	9.06680e-02
0.12967	8.98460e-02
0.12992	8.88349e-02
0.13017	8.77455e-02
0.13040	8.66187e-02
0.13061	8.54735e-02
0.13080	8.43212e-02
0.13095	8.31693e-02
0.13107	8.20234e-02
0.13116	8.08874e-02
0.13124	7.97628e-02
0.13129	7.86481e-02
0.13134	7.75374e-02
0.13138	7.64183e-02
0.13144	7.52719e-02
0.13154	7.40796e-02
0.13166	7.28387e-02
0.13181	7.15724e-02
0.13195	7.03158e-02
0.13209	6.91090e-02
0.13220	6.79821e-02
0.13227	6.69583e-02
0.13230	6.60561e-02
0.13228	6.52904e-02
0.13222	6.46733e-02
0.13210	6.42142e-02
0.13192	6.39194e-02
0.13169	6.37925e-02
0.13139	6.38336e-02
0.13103	6.40396e-02
0.13061	6.44041e-02
0.13012	6.49174e-02
0.12957	6.55664e-02
0.12896	6.63351e-02
0.12830	6.72042e-02
0.12759	6.81520e-02
0.12684	6.91539e-02
0.12606	7.01832e-02
0.12526	7.12125e-02
0.12446	7.22154e-02
0.12367	7.31692e-02
0.12290	7.40572e-02
0.12216	7.48716e-02
0.12145	7.56081e-02
0.12077	7.62676e-02
0.12012	7.68521e-02
0.11951	7.73628e-02
0.11893	7.77994e-02
0.11838	7.81420e-02
0.11788	7.84051e-02
0.11742	7.85854e-02
0.11702	7.86800e-02
0.11666	7.86860e-02
0.11636	7.86015e-02
0.11611	7.84250e-02
0.11592	7.81561e-02
0.11578	7.77954e-02
0.11570	7.73447e-02
0.11566	7.68010e-02
0.11567	7.61757e-02
0.11571	7.54752e-02
0.11579	7.47065e-02
0.11589	7.38759e-02
0.11602	7.29873e-02
0.11616	7.20453e-02
0.11631	7.10509e-02
0.11648	7.00030e-02
0.11665	6.89007e-02
0.11684	6.77448e-02
0.11702	6.65399e-02
0.11721	6.52950e-02
0.11738	6.40012e-02
0.11753	6.26945e-02
0.11767	6.13912e-02
0.11777	6.01076e-02
0.11784	5.88589e-02
0.11787	5.76596e-02
0.11787	5.65233e-02
0.11783	5.54630e-02
0.11775	5.44911e-02
0.11763	5.36198e-02
0.11748	5.28605e-02
0.11730	5.22242e-02
0.11708	5.17210e-02
0.11682	5.13599e-02
0.11654	5.11479e-02
0.11623	5.10902e-02
0.11589	5.11889e-02
0.11552	5.14428e-02
0.11514	5.18468e-02
0.11474	5.23906e-02
0.11434	5.30551e-02
0.11394	5.38080e-02
0.11359	5.45912e-02
0.11331	5.53015e-02
0.11320	5.57851e-02
0.11331	5.59375e-02
0.11359	5.58340e-02
0.11397	5.56346e-02
0.11439	5.54518e-02
0.11481	5.53421e-02
0.11522	5.53303e-02
0.11561	5.54244e-02
0.11598	5.56239e-02
0.11633	5.59230e-02
0.11664	5.63129e-02
0.11693	5.67826e-02
0.11718	5.73200e-02
0.11741	5.79120e-02
0.11760	5.85446e-02
0.11777	5.92033e-02
0.11791	5.98731e-02
0.11802	6.05385e-02
0.11810	6.11841e-02
0.11817	6.17947e-02
0.11822	6.23565e-02
0.11826	6.28577e-02
0.11828	6.32888e-02
0.11830	6.36441e-02
0.11831	6.39166e-02
0.11831	6.40996e-02
0.11832	6.41822e-02
0.11834	6.41473e-02
0.11838	6.39753e-02
0.11845	6.36564e-02
0.11854	6.32055e-02
0.11864	6.26615e-02
0.11871	6.20727e-02
0.11874	6.14834e-02
0.11872	6.09294e-02
0.11863	6.04387e-02
0.11847	6.00330e-02
0.11824	5.97295e-02
0.11792	5.95416e-02
0.11753	5.94796e-02
0.11707	5.95504e-02
0.11653	5.97582e-02
0.11591	6.01040e-02
0.11524	6.05855e-02
0.11450	6.11969e-02
0.11371	6.19285e-02
0.11289	6.27651e-02
0.11203	6.36764e-02
0.11118	6.46096e-02
0.11047	6.53537e-02
0.11023	6.53815e-02
0.11034	6.49066e-02
0.11058	6.43143e-02
0.11089	6.36872e-02
0.11126	6.30408e-02
0.11170	6.23793e-02
0.11221	6.17056e-02
0.11277	6.10241e-02
0.11338	6.03392e-02
0.11405	5.96561e-02
0.11475	5.89804e-02
0.11550	5.83195e-02
0.11627	5.76833e-02
0.11708	5.70778e-02
0.11790	5.65208e-02
0.11872	5.60249e-02
0.11955	5.56005e-02
0.12037	5.52545e-02
0.12117	5.49844e-02
0.12197	5.47946e-02
0.12277	5.46815e-02
0.12356	5.46394e-02
0.12435	5.46620e-02
0.12515	5.47430e-02
0.12595	5.48773e-02
0.12676	5.50608e-02
0.12758	5.52885e-02
0.12842	5.55587e-02
0.12926	5.58677e-02
0.13013	5.62101e-02
0.13101	5.65778e-02
0.13192	5.69596e-02
0.13285	5.73406e-02
0.13382	5.77029e-02
0.13484	5.80259e-02
0.13591	5.82881e-02
0.13704	5.84688e-02
0.13822	5.85509e-02
0.13947	5.85230e-02
0.14078	5.83812e-02
0.14213	5.81290e-02
0.14352	5.77769e-02
0.14494	5.73402e-02
0.14636	5.68371e-02
0.14778	5.62892e-02
0.14917	5.57124e-02
0.15053	5.51231e-02
0.15185	5.45356e-02
0.15311	5.39620e-02
0.15431	5.34125e-02
0.15544	5.28952e-02
0.15649	5.24168e-02
0.15746	5.19824e-02
0.15836	5.15963e-02
0.15917	5.12619e-02
0.15989	5.09821e-02
0.16053	5.07594e-02
0.16109	5.05959e-02
0.16156	5.04937e-02
0.16195	5.04543e-02
0.16227	5.04792e-02
0.16250	5.05692e-02
0.16266	5.07246e-02
0.16275	5.09447e-02
0.16276	5.12281e-02
0.16272	5.15723e-02
0.16261	5.19736e-02
0.16245	5.24271e-02
0.16223	5.29264e-02
0.16197	5.34641e-02
0.16166	5.40313e-02
0.16132	5.46180e-02
0.16096	5.52134e-02
0.16057	5.58056e-02
0.16016	5.63824e-02
0.15975	5.69314e-02
0.15935	5.74408e-02
0.15894	5.79001e-02
0.15856	5.83004e-02
0.15819	5.86358e-02
0.15785	5.89034e-02
0.15753	5.91041e-02
0.15724	5.92386e-02
0.15697	5.93187e-02
0.15673	5.93553e-02
0.15651	5.93621e-02
0.15632	5.93546e-02
0.15614	5.93500e-02
0.15597	5.93660e-02
0.15581	5.94208e-02
0.15565	5.95326e-02
0.15549	5.97184e-02
0.15532	5.99941e-02
0.15514	6.03735e-02
0.15495	6.08675e-02
0.15474	6.14836e-02
0.15451	6.22248e-02
0.15426	6.30917e-02
0.15399	6.40703e-02
0.15371	6.51389e-02
0.15344	6.62574e-02
0.15320	6.73528e-02
0.15306	6.83004e-02
0.15308	6.89372e-02
0.15332	6.91665e-02
0.15373	6.90828e-02
0.15423	6.88704e-02
0.15474	6.86709e-02
0.15523	6.85637e-02
0.15568	6.85860e-02
0.15608	6.87465e-02
0.15643	6.90294e-02
0.15676	6.93853e-02
0.15712	6.97115e-02
0.15760	6.97664e-02
0.15834	6.92131e-02
0.15938	6.79449e-02
0.16057	6.62182e-02
0.16181	6.42951e-02
0.16301	6.23180e-02
0.16416	6.03593e-02
0.16523	5.84597e-02
0.16621	5.66459e-02
0.16711	5.49374e-02
0.16791	5.33498e-02
0.16861	5.18960e-02
0.16921	5.05614e-02
0.16971	4.93814e-02
0.17011	4.83629e-02
0.17040	4.75106e-02
0.17060	4.68264e-02
0.17069	4.63098e-02
0.17067	4.59575e-02
0.17056	4.57638e-02
0.17035	4.57206e-02
0.17004	4.58175e-02
0.16963	4.60426e-02
0.16914	4.63826e-02
0.16855	4.68231e-02
0.16788	4.73486e-02
0.16713	4.79432e-02
0.16630	4.85898e-02
0.16541	4.92702e-02
0.16445	4.99644e-02
0.16344	5.06489e-02
0.16239	5.12973e-02
0.16131	5.18762e-02
0.16022	5.23445e-02
0.15913	5.26526e-02
0.15808	5.27461e-02
0.15707	5.25764e-02
0.15613	5.21180e-02
0.15524	5.13781e-02
0.15440	5.03927e-02
0.15360	4.92105e-02
0.15280	4.78788e-02
0.15202	4.64373e-02
0.15122	4.49173e-02
0.15042	4.33437e-02
0.14960	4.17369e-02
0.14877	4.01148e-02
0.14792	3.84944e-02
0.14706	3.68928e-02
0.14618	3.53282e-02
0.14530	3.38206e-02
0.14440	3.23924e-02
0.14351	3.10693e-02
0.14260	2.98797e-02
0.14170	2.88552e-02
0.14081	2.80290e-02
0.13991	2.74347e-02
0.13903	2.71029e-02
0.13816	2.70587e-02
0.13730	2.73137e-02
0.13645	2.78769e-02
0.13563	2.87401e-02
0.13483	2.98841e-02
0.13406	3.12809e-02
0.13332	3.28966e-02
0.13262	3.46935e-02
0.13196	3.66324e-02
0.13135	3.86738e-02
0.13081	4.07814e-02
0.13033	4.29143e-02
0.12994	4.50351e-02
0.12965	4.71094e-02
0.12946	4.91078e-02
0.12938	5.10077e-02
0.12942	5.27957e-02
0.12959	5.44676e-02
0.12989	5.60267e-02
0.13030	5.74802e-02
0.13082	5.88323e-02
0.13146	6.00775e-02
0.13222	6.11924e-02
0.13311	6.21388e-02
0.13414	6.28917e-02
0.13528	6.34713e-02
0.13651	6.39536e-02
0.13777	6.44042e-02
0.13905	6.48663e-02
0.14033	6.53637e-02
0.14158	6.59077e-02
0.14281	6.65084e-02
0.14399	6.71587e-02
0.14513	6.78532e-02
0.14621	6.85835e-02
0.14724	6.93396e-02
0.14820	7.01099e-02
0.14909	7.08816e-02
0.14992	7.16413e-02
0.15066	7.23753e-02
0.15133	7.30703e-02
0.15191	7.37269e-02
0.15241	7.43213e-02
0.15283	7.48439e-02
0.15316	7.52875e-02
0.15341	7.56478e-02
0.15356	7.59098e-02
0.15362	7.60859e-02
0.15360	7.61777e-02
0.15348	7.61880e-02
0.15326	7.61196e-02
0.15296	7.59755e-02
0.15257	7.57587e-02
0.15209	7.54717e-02
0.15152	7.51271e-02
0.15087	7.47174e-02
0.15015	7.42445e-02
0.14934	7.37101e-02
0.14847	7.31160e-02
0.14754	7.24639e-02
0.14654	7.17559e-02
0.14548	7.09945e-02
0.14437	7.01822e-02
0.14320	6.93226e-02
0.14200	6.84196e-02
0.14075	6.74778e-02
0.13946	6.65028e-02
0.13814	6.55010e-02
0.13679	6.44795e-02
0.13541	6.34465e-02
0.13401	6.24108e-02
0.13259	6.13823e-02
0.13115	6.03703e-02
0.12969	5.93804e-02
0.12822	5.84306e-02
0.12674	5.75330e-02
0.12526	5.66995e-02
0.12378	5.59425e-02
0.12230	5.52739e-02
0.12082	5.47049e-02
0.11934	5.42459e-02
0.11788	5.39063e-02
0.11642	5.36934e-02
0.11497	5.36127e-02
0.11353	5.36672e-02
0.11210	5.38539e-02
0.11068	5.41709e-02
0.10929	5.46086e-02
0.10793	5.51502e-02
0.10661	5.57674e-02
0.10535	5.64131e-02
0.10420	5.70092e-02
0.10323	5.74405e-02
0.10250	5.75893e-02
0.10203	5.74321e-02
0.10177	5.70720e-02
0.10163	5.66467e-02
0.10156	5.62574e-02
0.10151	5.59629e-02
0.10147	5.57935e-02
0.10144	5.57604e-02
0.10138	5.58644e-02
0.10134	5.60782e-02
0.10133	5.63485e-02
0.10140	5.65705e-02
0.10162	5.66462e-02
0.10194	5.66135e-02
0.10233	5.65538e-02
0.10275	5.65010e-02
0.10321	5.64577e-02
0.10369	5.64034e-02
0.10420	5.63360e-02
0.10475	5.62439e-02
0.10533	5.61187e-02
0.10593	5.59568e-02
0.10656	5.57593e-02
0.10720	5.55311e-02
0.10784	5.52797e-02
0.10848	5.50134e-02
0.10909	5.47406e-02
0.10968	5.44684e-02
0.11023	5.42028e-02
0.11075	5.39484e-02
0.11121	5.37083e-02
0.11163	5.34846e-02
0.11200	5.32728e-02
0.11231	5.30802e-02
0.11256	5.29068e-02
0.11275	5.27520e-02
0.11288	5.26151e-02
0.11294	5.24952e-02
0.11293	5.23868e-02
0.11284	5.22931e-02
0.11270	5.22135e-02
0.11249	5.21473e-02
0.11223	5.20944e-02
0.11190	5.20546e-02
0.11152	5.20278e-02
0.11108	5.20140e-02
0.11060	5.20130e-02
0.11007	5.20245e-02
0.10948	5.20533e-02
0.10886	5.20944e-02
0.10820	5.21454e-02
0.10752	5.22036e-02
0.10681	5.22651e-02
0.10608	5.23249e-02
0.10534	5.23741e-02
0.10460	5.24031e-02
0.10387	5.23993e-02
0.10317	5.23458e-02
0.10250	5.22201e-02
0.10190	5.19941e-02
0.10137	5.16370e-02
0.10093	5.11270e-02
0.10059	5.04574e-02
0.10034	4.96477e-02
0.10017	4.87319e-02
0.10007	4.77463e-02
0.10001	4.67233e-02
0.10000	4.56896e-02
0.10002	4.46674e-02
0.10008	4.36746e-02
0.10016	4.27259e-02
0.10028	4.18336e-02
0.10044	4.10077e-02
0.10063	4.02567e-02
0.10086	3.95882e-02
0.10113	3.90095e-02
0.10145	3.85283e-02
0.10181	3.81537e-02
0.10221	3.78962e-02
0.10267	3.77651e-02
0.10316	3.77766e-02
0.10369	3.79442e-02
0.10426	3.82799e-02
0.10485	3.87934e-02
0.10547	3.94912e-02
0.10611	4.03754e-02
0.10676	4.14444e-02
0.10743	4.26924e-02
0.10811	4.41102e-02
0.10879	4.56860e-02
0.10948	4.74058e-02
0.11017	4.92539e-02
0.11083	5.12605e-02
0.11148	5.33640e-02
0.11214	5.55469e-02
0.11278	5.77914e-02
0.11343	6.00791e-02
0.11408	6.23909e-02
0.11473	6.47063e-02
0.11540	6.70026e-02
0.11609	6.92548e-02
0.11681	7.14352e-02
0.11758	7.35151e-02
0.11842	7.54669e-02
0.11933	7.72611e-02
0.12039	7.88138e-02
0.12171	7.99259e-02
0.12320	8.07266e-02
0.12476	8.13857e-02
0.12633	8.19488e-02
0.12792	8.24333e-02
0.12949	8.28506e-02
0.13105	8.32099e-02
0.13259	8.35192e-02
0.13408	8.37853e-02
0.13554	8.40134e-02
0.13694	8.42078e-02
0.13828	8.43702e-02
0.13957	8.45047e-02
0.14079	8.46129e-02
0.14195	8.46960e-02
0.14304	8.47550e-02
0.14406	8.47909e-02
0.14501	8.48050e-02
0.14588	8.47987e-02
0.14669	8.47738e-02
0.14741	8.47323e-02
0.14806	8.46766e-02
0.14863	8.46095e-02
0.14911	8.45337e-02
0.14952	8.44526e-02
0.14984	8.43692e-02
0.15008	8.42774e-02
0.15025	8.41900e-02
0.15033	8.41104e-02
0.15032	8.40418e-02
0.15023	8.39875e-02
0.15006	8.39504e-02
0.14978	8.39492e-02
0.14943	8.39697e-02
0.14900	8.40132e-02
0.14848	8.40799e-02
0.14790	8.41686e-02
0.14724	8.42758e-02
0.14652	8.43941e-02
0.14575	8.45105e-02
0.14495	8.46022e-02
0.14414	8.46324e-02
0.14335	8.45542e-02
0.14264	8.43010e-02
0.14201	8.38383e-02
0.14147	8.31777e-02
0.14100	8.23597e-02
0.14059	8.14372e-02
0.14021	8.04146e-02
0.13988	7.92870e-02
0.13960	7.80310e-02
0.13940	7.66241e-02
0.13926	7.50721e-02
0.13917	7.34086e-02
0.13911	7.16734e-02
0.13905	6.98951e-02
0.13898	6.81047e-02
0.13891	6.63230e-02
0.13883	6.45682e-02
0.13873	6.28578e-02
0.13861	6.12091e-02
0.13847	5.96401e-02
0.13830	5.81694e-02
0.13810	5.68160e-02
0.13787	5.55993e-02
0.13760	5.45385e-02
0.13728	5.36516e-02
0.13693	5.29547e-02
0.13652	5.24614e-02
0.13606	5.21816e-02
0.13554	5.21209e-02
0.13496	5.22803e-02
0.13432	5.26558e-02
0.13360	5.32489e-02
0.13281	5.40360e-02
0.13194	5.50018e-02
0.13101	5.61289e-02
0.12999	5.73989e-02
0.12891	5.87926e-02
0.12774	6.02912e-02
0.12651	6.18761e-02
0.12520	6.35296e-02
0.12382	6.52347e-02
0.12238	6.69752e-02
0.12088	6.87356e-02
0.11932	7.05013e-02
0.11772	7.22588e-02
0.11609	7.39961e-02
0.11443	7.57034e-02
0.11274	7.73741e-02
0.11104	7.90046e-02
0.10932	8.05935e-02
0.10760	8.21372e-02
0.10590	8.36120e-02
0.10437	8.48468e-02
0.10396	8.47028e-02
0.10490	8.28932e-02
0.10605	8.08036e-02
0.10720	7.86749e-02
0.10832	7.65512e-02
0.10940	7.44498e-02
0.11045	7.23800e-02
0.11145	7.03498e-02
0.11242	6.83544e-02
0.11335	6.63926e-02
0.11426	6.44641e-02
0.11515	6.25736e-02
0.11600	6.07327e-02
0.11682	5.89602e-02
0.11758	5.72800e-02
0.11830	5.57183e-02
0.11893	5.43050e-02
0.11949	5.30565e-02
0.11998	5.19922e-02
0.12039	5.11273e-02
0.12073	5.04719e-02
0.12099	5.00309e-02
0.12117	4.98035e-02
0.12128	4.97835e-02
0.12132	4.99593e-02
0.12130	5.03149e-02
0.12121	5.08301e-02
0.12107	5.14819e-02
0.12088	5.22447e-02
0.12065	5.30917e-02
0.12039	5.39951e-02
0.12011	5.49257e-02
0.11982	5.58575e-02
0.11952	5.67662e-02
0.11925	5.76308e-02
0.11899	5.84352e-02
0.11877	5.91687e-02
0.11859	5.98239e-02
0.11845	6.04058e-02
0.11834	6.09190e-02
0.11828	6.13704e-02
0.11825	6.17665e-02
0.11826	6.21136e-02
0.11831	6.24176e-02
0.11840	6.26847e-02
0.11851	6.29220e-02
0.11866	6.31366e-02
0.11884	6.33309e-02
0.11906	6.35056e-02
0.11931	6.36559e-02
0.11961	6.37655e-02
0.11998	6.38030e-02
0.12044	6.37288e-02
0.12101	6.34819e-02
0.12172	6.30237e-02
0.12256	6.23491e-02
0.12351	6.14871e-02
0.12454	6.04812e-02
0.12563	5.93710e-02
0.12676	5.81841e-02
0.12791	5.69395e-02
0.12908	5.56437e-02
0.13026	5.43026e-02
0.13144	5.29233e-02
0.13262	5.15158e-02
0.13379	5.00946e-02
0.13493	4.86780e-02
0.13604	4.72872e-02
0.13710	4.59444e-02
0.13811	4.46725e-02
0.13905	4.34931e-02
0.13993	4.24262e-02
0.14073	4.14890e-02
0.14145	4.06957e-02
0.14208	4.00567e-02
0.14262	3.95782e-02
0.14307	3.92622e-02
0.14343	3.91060e-02
0.14370	3.90934e-02
0.14388	3.92216e-02
0.14397	3.94773e-02
0.14396	3.98453e-02
0.14387	4.03086e-02
0.14369	4.08500e-02
0.14342	4.14519e-02
0.14307	4.20973e-02
0.14264	4.27700e-02
0.14213	4.34551e-02
0.14155	4.41393e-02
0.14090	4.48106e-02
0.14018	4.54587e-02
0.13939	4.60641e-02
0.13854	4.66308e-02
0.13763	4.71536e-02
0.13667	4.76287e-02
0.13565	4.80537e-02
0.13458	4.84274e-02
0.13346	4.87495e-02
0.13229	4.90205e-02
0.13109	4.92417e-02
0.12984	4.94147e-02
0.12855	4.95415e-02
0.12723	4.96246e-02
0.12587	4.96665e-02
0.12449	4.96699e-02
0.12308	4.96381e-02
0.12165	4.95742e-02
0.12020	4.94816e-02
0.11874	4.93637e-02
0.11727	4.92245e-02
0.11579	4.90685e-02
0.11432	4.89003e-02
0.11285	4.87248e-02
0.11139	4.85472e-02
0.10994	4.83729e-02
0.10851	4.82075e-02
0.10709	4.80595e-02
0.10570	4.79331e-02
0.10434	4.78347e-02
0.10301	4.77709e-02
0.10171	4.77484e-02
0.10044	4.77740e-02
0.09922	4.78540e-02
0.09803	4.79939e-02
0.09688	4.81983e-02
0.09578	4.84701e-02
0.09472	4.88106e-02
0.09371	4.92190e-02
0.09275	4.96926e-02
0.09184	5.02271e-02
0.09099	5.08169e-02
0.09021	5.14518e-02
0.08949	5.21282e-02
0.08884	5.28410e-02
0.08826	5.35854e-02
0.08775	5.43562e-02
0.08731	5.51443e-02
0.08696	5.59152e-02
0.08672	5.66343e-02
0.08666	5.71980e-02
0.08687	5.74731e-02
0.08733	5.74689e-02
0.08794	5.73328e-02
0.08862	5.71753e-02
0.08933	5.70475e-02
0.09005	5.69705e-02
0.09077	5.69518e-02
0.09149	5.69909e-02
0.09221	5.70847e-02
0.09292	5.72267e-02
0.09362	5.74082e-02
0.09432	5.76187e-02
0.09502	5.78378e-02
0.09572	5.80605e-02
0.09643	5.82734e-02
0.09715	5.84641e-02
0.09790	5.86227e-02
0.09866	5.87427e-02
0.09944	5.88220e-02
0.10024	5.88624e-02
0.10104	5.88676e-02
0.10185	5.88444e-02
0.10266	5.87969e-02
0.10346	5.87347e-02
0.10425	5.86638e-02
0.10503	5.85899e-02
0.10579	5.85175e-02
0.10653	5.84504e-02
0.10725	5.83912e-02
0.10794	5.83420e-02
0.10860	5.83040e-02
0.10923	5.82778e-02
0.10982	5.82635e-02
0.11038	5.82608e-02
0.11089	5.82691e-02
0.11136	5.82878e-02
0.11179	5.83159e-02
0.11217	5.83528e-02
0.11250	5.83937e-02
0.11279	5.84428e-02
0.11302	5.85002e-02
0.11320	5.85662e-02
0.11333	5.86415e-02
0.11341	5.87275e-02
0.11345	5.88256e-02
0.11344	5.89383e-02
0.11339	5.90683e-02
0.11329	5.92189e-02
0.11317	5.93940e-02
0.11301	5.95980e-02
0.11282	5.98356e-02
0.11262	6.01181e-02
0.11239	6.04441e-02
0.11215	6.08186e-02
0.11189	6.12461e-02
0.11163	6.17306e-02
0.11137	6.22755e-02
0.11110	6.28833e-02
0.11085	6.35557e-02
0.11060	6.42933e-02
0.11038	6.50960e-02
0.11018	6.59629e-02
0.11001	6.68923e-02
0.10987	6.78824e-02
0.10978	6.89308e-02
0.10972	7.00351e-02
0.10971	7.11927e-02
0.10976	7.24006e-02
0.10985	7.36547e-02
0.11000	7.49495e-02
0.11020	7.62747e-02
0.11048	7.76100e-02
0.11085	7.89127e-02
0.11137	8.01155e-02
0.11205	8.11941e-02
0.11285	8.21905e-02
0.11375	8.31328e-02
0.11474	8.40139e-02
0.11585	8.48064e-02
0.11708	8.54754e-02
0.11845	8.59951e-02
0.11994	8.63647e-02
0.12154	8.66059e-02
0.12321	8.67479e-02
0.12492	8.68155e-02
0.12666	8.68253e-02
0.12840	8.67870e-02
0.13014	8.67053e-02
0.13187	8.65817e-02
0.13359	8.64158e-02
0.13528	8.62060e-02
0.13694	8.59441e-02
0.13856	8.56332e-02
0.14015	8.52716e-02
0.14171	8.48575e-02
0.14323	8.43900e-02
0.14470	8.38686e-02
0.14613	8.32911e-02
0.14751	8.26604e-02
0.14883	8.19775e-02
0.15009	8.12440e-02
0.15129	8.04620e-02
0.15242	7.96336e-02
0.15348	7.87614e-02
0.15447	7.78481e-02
0.15537	7.68966e-02
0.15620	7.59100e-02
0.15694	7.48981e-02
0.15760	7.38571e-02
0.15817	7.27903e-02
0.15865	7.17011e-02
0.15904	7.05929e-02
0.15933	6.94533e-02
0.15952	6.83010e-02
0.15962	6.71395e-02
0.15962	6.59726e-02
0.15953	6.48044e-02
0.15935	6.36388e-02
0.15908	6.24802e-02
0.15872	6.13329e-02
0.15827	6.02167e-02
0.15773	5.91227e-02
0.15709	5.80720e-02
0.15638	5.70567e-02
0.15560	5.60828e-02
0.15474	5.51572e-02
0.15382	5.42867e-02
0.15284	5.34788e-02
0.15180	5.27411e-02
0.15071	5.20813e-02
0.14957	5.15071e-02
0.14839	5.10258e-02
0.14718	5.06443e-02
0.14593	5.03684e-02
0.14465	5.02030e-02
0.14335	5.01507e-02
0.14204	5.02125e-02
0.14072	5.03865e-02
0.13940	5.06643e-02
0.13809	5.10423e-02
0.13679	5.15084e-02
0.13552	5.20466e-02
0.13428	5.26377e-02
0.13310	5.32605e-02
0.13198	5.38948e-02
0.13094	5.45250e-02
0.12997	5.51442e-02
0.12909	5.57563e-02
0.12829	5.63755e-02
0.12757	5.70221e-02
0.12690	5.77181e-02
0.12627	5.84869e-02
0.12569	5.93404e-02
0.12514	6.02866e-02
0.12461	6.13276e-02
0.12411	6.24605e-02
0.12362	6.36783e-02
0.12314	6.49705e-02
0.12266	6.63245e-02
0.12220	6.77257e-02
0.12173	6.91584e-02
0.12128	7.06056e-02
0.12082	7.20493e-02
0.12038	7.34702e-02
0.11995	7.48465e-02
0.11955	7.61524e-02
0.11918	7.73559e-02
0.11888	7.84169e-02
0.11867	7.92917e-02
0.11856	7.99492e-02
0.11857	8.03910e-02
0.11865	8.06490e-02
0.11877	8.07633e-02
0.11892	8.07676e-02
0.11907	8.06867e-02
0.11921	8.05382e-02
0.11931	8.03347e-02
0.11938	8.00863e-02
0.11941	7.98009e-02
0.11938	7.94846e-02
0.11930	7.91427e-02
0.11916	7.87795e-02
0.11896	7.83988e-02
0.11869	7.80042e-02
0.11836	7.75988e-02
0.11797	7.71856e-02
0.11750	7.67673e-02
0.11697	7.63466e-02
0.11636	7.59260e-02
0.11569	7.55078e-02
0.11495	7.50939e-02
0.11415	7.46784e-02
0.11329	7.42700e-02
0.11236	7.38695e-02
0.11136	7.34773e-02
0.11030	7.30928e-02
0.10919	7.27145e-02
0.10801	7.23220e-02
0.10679	7.19283e-02
0.10552	7.15271e-02
0.10421	7.11095e-02
0.10289	7.06628e-02
0.10156	7.01703e-02
0.10024	6.96115e-02
0.09895	6.89644e-02
0.09771	6.82116e-02
0.09653	6.73479e-02
0.09540	6.63844e-02
0.09431	6.53433e-02
0.09325	6.42532e-02
0.09220	6.31414e-02
0.09115	6.20308e-02
0.09008	6.09484e-02
0.08899	5.98993e-02
0.08789	5.88932e-02
0.08678	5.79369e-02
0.08565	5.70335e-02
0.08452	5.61828e-02
0.08339	5.53808e-02
0.08227	5.46184e-02
0.08119	5.38836e-02
0.08016	5.31618e-02
0.07921	5.24339e-02
0.07835	5.16879e-02
0.07761	5.09127e-02
0.07700	5.00938e-02
0.07656	4.92124e-02
0.07630	4.82510e-02
0.07623	4.72065e-02
0.07636	4.60989e-02
0.07665	4.49709e-02
0.07709	4.38782e-02
0.07766	4.28803e-02
0.07832	4.20330e-02
0.07907	4.13856e-02
0.07988	4.09780e-02
0.08076	4.08399e-02
0.08168	4.09894e-02
0.08263	4.14001e-02
0.08362	4.21028e-02
0.08464	4.30801e-02
0.08568	4.43044e-02
0.08676	4.57394e-02
0.08786	4.73411e-02
0.08899	4.90590e-02
0.09017	5.08363e-02
0.09140	5.26125e-02
0.09270	5.43322e-02
0.09408	5.59589e-02
0.09552	5.74847e-02
0.09702	5.89252e-02
0.09853	6.03052e-02
0.10004	6.16439e-02
0.10153	6.29550e-02
0.10298	6.42466e-02
0.10439	6.55229e-02
0.10575	6.67857e-02
0.10705	6.80350e-02
0.10830	6.92701e-02
0.10948	7.04892e-02
0.11060	7.16898e-02
0.11166	7.28677e-02
0.11266	7.40166e-02
0.11362	7.51261e-02
0.11453	7.61781e-02
0.11542	7.71411e-02
0.11634	7.79609e-02
0.11732	7.85589e-02
0.11843	7.88651e-02
0.11965	7.88787e-02
0.12093	7.86652e-02
0.12224	7.82971e-02
0.12353	7.78250e-02
0.12478	7.72799e-02
0.12598	7.66809e-02
0.12713	7.60406e-02
0.12822	7.53667e-02
0.12924	7.46674e-02
0.13019	7.39483e-02
0.13107	7.32142e-02
0.13188	7.24692e-02
0.13261	7.17169e-02
0.13327	7.09605e-02
0.13385	7.02026e-02
0.13436	6.94455e-02
0.13478	6.86912e-02
0.13513	6.79410e-02
0.13540	6.71962e-02
0.13558	6.64576e-02
0.13569	6.57260e-02
0.13571	6.50020e-02
0.13566	6.42862e-02
0.13553	6.35794e-02
0.13531	6.28823e-02
0.13502	6.21963e-02
0.13465	6.15227e-02
0.13420	6.08635e-02
0.13369	6.02028e-02
0.13311	5.95600e-02
0.13245	5.89378e-02
0.13172	5.83394e-02
0.13093	5.77677e-02
0.13008	5.72254e-02
0.12916	5.67146e-02
0.12819	5.62366e-02
0.12718	5.57915e-02
0.12612	5.53777e-02
0.12502	5.49916e-02
0.12390	5.46270e-02
0.12277	5.42745e-02
0.12163	5.39211e-02
0.12050	5.35495e-02
0.11940	5.31467e-02
0.11836	5.26845e-02
0.11736	5.21504e-02
0.11644	5.15477e-02
0.11557	5.08991e-02
0.11476	5.02406e-02
0.11398	4.96126e-02
0.11324	4.90532e-02
0.11252	4.86069e-02
0.11182	4.82806e-02
0.11114	4.80986e-02
0.11047	4.80717e-02
0.10983	4.82036e-02
0.10921	4.84913e-02
0.10863	4.89247e-02
0.10809	4.94866e-02
0.10760	5.01521e-02
0.10717	5.08878e-02
0.10684	5.16509e-02
0.10663	5.23898e-02
0.10655	5.30481e-02
0.10665	5.35738e-02
0.10694	5.39313e-02
0.10741	5.41076e-02
0.10807	5.41060e-02
0.10890	5.39360e-02
0.10988	5.36117e-02
0.11100	5.31411e-02
0.11225	5.25416e-02
0.11359	5.18372e-02
0.11500	5.10556e-02
0.11647	5.02249e-02
0.11796	4.93705e-02
0.11947	4.85152e-02
0.12098	4.76787e-02
0.12248	4.68785e-02
0.12395	4.61304e-02
0.12540	4.54490e-02
0.12681	4.48477e-02
0.12815	4.43317e-02
0.12945	4.39194e-02
0.13070	4.36208e-02
0.13189	4.34444e-02
0.13301	4.33969e-02
0.13408	4.34829e-02
0.13508	4.37050e-02
0.13601	4.40634e-02
0.13686	4.45563e-02
0.13765	4.51796e-02
0.13836	4.59272e-02
0.13899	4.67916e-02
0.13954	4.77638e-02
0.14001	4.88338e-02
0.14039	4.99908e-02
0.14069	5.12238e-02
0.14089	5.25215e-02
0.14100	5.38729e-02
0.14102	5.52672e-02
0.14095	5.66942e-02
0.14077	5.81440e-02
0.14051	5.96078e-02
0.14014	6.10768e-02
0.13968	6.25433e-02
0.13913	6.39998e-02
0.13848	6.54368e-02
0.13775	6.68495e-02
0.13693	6.82305e-02
0.13604	6.95722e-02
0.13507	7.08651e-02
0.13403	7.20971e-02
0.13295	7.32505e-02
0.13184	7.42952e-02
0.13074	7.51754e-02
0.12971	7.57988e-02
0.12881	7.60850e-02
0.12803	7.60508e-02
0.12737	7.57434e-02
0.12682	7.51572e-02
0.12642	7.42536e-02
0.12615	7.30221e-02
0.12601	7.15113e-02
0.12593	6.97983e-02
0.12588	6.79519e-02
0.12582	6.60237e-02
0.12574	6.40522e-02
0.12562	6.20853e-02
0.12545	6.01331e-02
0.12523	5.82205e-02
0.12495	5.63716e-02
0.12459	5.46103e-02
0.12417	5.29607e-02
0.12366	5.14467e-02
0.12308	5.00918e-02
0.12241	4.89190e-02
0.12166	4.79492e-02
0.12081	4.71809e-02
0.11987	4.66502e-02
0.11885	4.63671e-02
0.11774	4.63353e-02
0.11656	4.65500e-02
0.11530	4.69942e-02
0.11398	4.76282e-02
0.11265	4.83471e-02
0.11146	4.88309e-02
0.11063	4.85765e-02
0.11006	4.78545e-02
0.10955	4.71539e-02
0.10902	4.66560e-02
0.10844	4.64118e-02
0.10781	4.64611e-02
0.10716	4.68117e-02
0.10647	4.74375e-02
0.10576	4.83249e-02
0.10503	4.94461e-02
0.10430	5.07655e-02
0.10359	5.22403e-02
0.10291	5.38202e-02
0.10230	5.54489e-02
0.10177	5.70704e-02
0.10137	5.86426e-02
0.10109	6.01530e-02
0.10092	6.16203e-02
0.10085	6.30767e-02
0.10084	6.45471e-02
0.10093	6.59837e-02
0.10198	6.60417e-02
0.10349	6.54807e-02
0.10501	6.49501e-02
0.10653	6.44640e-02
0.10805	6.40177e-02
0.10956	6.36024e-02
0.11105	6.32077e-02
0.11253	6.28228e-02
0.11399	6.24369e-02
0.11543	6.20401e-02
0.11685	6.16245e-02
0.11824	6.11843e-02
0.11959	6.07167e-02
0.12091	6.02220e-02
0.12218	5.97020e-02
0.12340	5.91668e-02
0.12456	5.86249e-02
0.12565	5.80858e-02
0.12666	5.75593e-02
0.12760	5.70554e-02
0.12844	5.65834e-02
0.12920	5.61515e-02
0.12986	5.57669e-02
0.13042	5.54357e-02
0.13089	5.51625e-02
0.13126	5.49510e-02
0.13153	5.48038e-02
0.13170	5.47223e-02
0.13178	5.47073e-02
0.13176	5.47588e-02
0.13164	5.48761e-02
0.13144	5.50582e-02
0.13115	5.53035e-02
0.13077	5.56101e-02
0.13031	5.59758e-02
0.12978	5.63980e-02
0.12917	5.68741e-02
0.12848	5.74011e-02
0.12773	5.79757e-02
0.12691	5.85881e-02
0.12602	5.92417e-02
0.12508	5.99320e-02
0.12408	6.06542e-02
0.12303	6.14030e-02
0.12193	6.21725e-02
0.12080	6.29562e-02
0.11964	6.37471e-02
0.11844	6.45379e-02
0.11722	6.53205e-02
0.11599	6.60864e-02
0.11476	6.68263e-02
0.11352	6.75288e-02
0.11231	6.81779e-02
0.11113	6.87479e-02
0.11002	6.91913e-02
0.10904	6.94202e-02
0.10829	6.93121e-02
0.10780	6.88099e-02
0.10751	6.80037e-02
0.10734	6.70269e-02
0.10722	6.59689e-02
0.10714	6.48823e-02
0.10706	6.37987e-02
0.10697	6.27406e-02
0.10688	6.17268e-02
0.10676	6.07744e-02
0.10662	5.98999e-02
0.10644	5.91193e-02
0.10621	5.84476e-02
0.10594	5.78981e-02
0.10562	5.74820e-02
0.10524	5.72099e-02
0.10481	5.70883e-02
0.10431	5.71207e-02
0.10376	5.73078e-02
0.10315	5.76467e-02
0.10249	5.81309e-02
0.10178	5.87487e-02
0.10102	5.94740e-02
0.10029	6.01975e-02
0.09995	6.03300e-02
0.09996	5.99335e-02
0.10000	5.95474e-02
0.10003	5.92497e-02
0.10003	5.90536e-02
0.10001	5.89345e-02
0.09998	5.88946e-02
0.09996	5.89107e-02
0.09995	5.89541e-02
0.09998	5.89917e-02
0.10006	5.89926e-02
0.10020	5.89386e-02
0.10040	5.88303e-02
0.10064	5.86837e-02
0.10091	5.85205e-02
0.10119	5.83606e-02
0.10148	5.82198e-02
0.10175	5.81100e-02
0.10200	5.80408e-02
0.10223	5.80205e-02
0.10242	5.80562e-02
0.10256	5.81510e-02
0.10265	5.83139e-02
0.10269	5.85484e-02
0.10266	5.88561e-02
0.10258	5.92347e-02
0.10243	5.96713e-02
0.10228	6.00701e-02
0.10276	5.93298e-02
0.10375	5.76041e-02
0.10471	5.58104e-02
0.10559	5.40242e-02
0.10639	5.22641e-02
0.10710	5.05415e-02
0.10772	4.88664e-02
0.10825	4.72490e-02
0.10869	4.56996e-02
0.10905	4.42285e-02
0.10932	4.28464e-02
0.10950	4.15636e-02
0.10960	4.03901e-02
0.10962	3.93350e-02
0.10956	3.84063e-02
0.10942	3.76107e-02
0.10921	3.69528e-02
0.10892	3.64356e-02
0.10858	3.60596e-02
0.10816	3.58234e-02
0.10769	3.57239e-02
0.10716	3.57561e-02
0.10657	3.59139e-02
0.10594	3.61902e-02
0.10525	3.65773e-02
0.10452	3.70669e-02
0.10375	3.76506e-02
0.10293	3.83194e-02
0.10208	3.90638e-02
0.10119	3.98740e-02
0.10028	4.07393e-02
0.09933	4.16496e-02
0.09836	4.25917e-02
0.09737	4.35528e-02
0.09638	4.45203e-02
0.09538	4.54820e-02
0.09439	4.64282e-02
0.09341	4.73525e-02
0.09244	4.82522e-02
0.09149	4.91280e-02
0.09056	4.99817e-02
0.08964	5.08144e-02
0.08875	5.16231e-02
0.08789	5.23975e-02
0.08708	5.31152e-02
0.08635	5.37341e-02
0.08575	5.41824e-02
0.08535	5.43620e-02
0.08520	5.41977e-02
0.08530	5.37026e-02
0.08558	5.29604e-02
0.08600	5.20611e-02
0.08649	5.10748e-02
0.08704	5.00524e-02
0.08761	4.90309e-02
0.08820	4.80384e-02
0.08880	4.70975e-02
0.08941	4.62275e-02
0.09001	4.54453e-02
0.09061	4.47663e-02
0.09121	4.42044e-02
0.09181	4.37722e-02
0.09240	4.34811e-02
0.09300	4.33378e-02
0.09360	4.33465e-02
0.09421	4.35074e-02
0.09484	4.38159e-02
0.09548	4.42613e-02
0.09615	4.48265e-02
0.09686	4.54873e-02
0.09763	4.62121e-02
0.09846	4.69647e-02
0.09937	4.77090e-02
0.10038	4.84174e-02
0.10148	4.90787e-02
0.10268	4.96961e-02
0.10394	5.02916e-02
0.10527	5.08886e-02
0.10662	5.15029e-02
0.10801	5.21456e-02
0.10940	5.28207e-02
0.11080	5.35258e-02
0.11220	5.42522e-02
0.11360	5.49845e-02
0.11501	5.57002e-02
0.11641	5.63696e-02
0.11784	5.69604e-02
0.11928	5.74486e-02
0.12073	5.78301e-02
0.12218	5.81196e-02
0.12360	5.83383e-02
0.12499	5.85052e-02
0.12634	5.86338e-02
0.12761	5.87279e-02
0.12882	5.87987e-02
0.12996	5.88497e-02
0.13102	5.88832e-02
0.13201	5.89006e-02
0.13292	5.89027e-02
0.13375	5.88901e-02
0.13449	5.88630e-02
0.13515	5.88217e-02
0.13573	5.87662e-02
0.13623	5.86967e-02
0.13664	5.86134e-02
0.13697	5.85165e-02
0.13722	5.84064e-02
0.13738	5.82837e-02
0.13747	5.81491e-02
0.13749	5.80033e-02
0.13742	5.78472e-02
0.13729	5.76816e-02
0.13709	5.75072e-02
0.13682	5.73244e-02
0.13649	5.71328e-02
0.13610	5.69310e-02
0.13566	5.67161e-02
0.13517	5.64824e-02
0.13464	5.62210e-02
0.13409	5.59184e-02
0.13352	5.55576e-02
0.13294	5.51193e-02
0.13237	5.45887e-02
0.13182	5.39624e-02
0.13128	5.32532e-02
0.13074	5.24887e-02
0.13020	5.17040e-02
0.12965	5.09362e-02
0.12909	5.02207e-02
0.12849	4.95892e-02
0.12787	4.90701e-02
0.12720	4.86787e-02
0.12649	4.84469e-02
0.12575	4.83917e-02
0.12497	4.85253e-02
0.12415	4.88548e-02
0.12330	4.93817e-02
0.12240	5.01009e-02
0.12148	5.09995e-02
0.12052	5.20543e-02
0.11956	5.32258e-02
0.11861	5.44442e-02
0.11774	5.55812e-02
0.11705	5.64255e-02
0.11664	5.67894e-02
0.11649	5.67450e-02
0.11646	5.65340e-02
0.11648	5.63389e-02
0.11650	5.62552e-02
0.11648	5.63285e-02
0.11642	5.65789e-02
0.11630	5.70121e-02
0.11611	5.76258e-02
0.11586	5.84098e-02
0.11556	5.93501e-02
0.11519	6.04299e-02
0.11477	6.16301e-02
0.11430	6.29305e-02
0.11379	6.43095e-02
0.11323	6.57448e-02
0.11265	6.72131e-02
0.11205	6.86891e-02
0.11145	7.01455e-02
0.11086	7.15531e-02
0.11032	7.28810e-02
0.10983	7.40998e-02
0.10943	7.51855e-02
0.10912	7.61217e-02
0.10893	7.68968e-02
0.10885	7.74986e-02
0.10890	7.79137e-02
0.10908	7.81352e-02
0.10940	7.81728e-02
0.10982	7.80539e-02
0.11031	7.78147e-02
0.11085	7.74941e-02
0.11140	7.71085e-02
0.11195	7.66884e-02
0.11249	7.62558e-02
0.11300	7.58267e-02
0.11348	7.54144e-02
0.11391	7.50301e-02
0.11430	7.46835e-02
0.11463	7.43825e-02
0.11505	7.38947e-02
0.11570	7.30035e-02
0.11630	7.21458e-02
0.11683	7.13253e-02
0.11731	7.05442e-02
0.11772	6.98035e-02
0.11808	6.91025e-02
0.11839	6.84391e-02
0.11864	6.78087e-02
0.11884	6.72051e-02
0.11900	6.66168e-02
0.11914	6.60283e-02
0.11925	6.54178e-02
0.11937	6.47543e-02
0.11952	6.39970e-02
0.11971	6.30975e-02
0.11998	6.20104e-02
0.12034	6.07090e-02
0.12077	5.91953e-02
0.12127	5.74962e-02
0.12181	5.56504e-02
0.12237	5.36976e-02
0.12291	5.16456e-02
0.12345	4.95521e-02
0.12397	4.74447e-02
0.12447	4.53493e-02
0.12493	4.32914e-02
0.12537	4.12970e-02
0.12577	3.93938e-02
0.12614	3.76113e-02
0.12647	3.59810e-02
0.12676	3.45366e-02
0.12702	3.33122e-02
0.12723	3.23410e-02
0.12741	3.16525e-02
0.12755	3.12696e-02
0.12764	3.12054e-02
0.12770	3.14617e-02
0.12772	3.20285e-02
0.12771	3.28853e-02
0.12765	3.40039e-02
0.12757	3.53510e-02
0.12745	3.68916e-02
0.12730	3.85907e-02
0.12713	4.04149e-02
0.12694	4.23324e-02
0.12673	4.43135e-02
0.12652	4.63267e-02
0.12631	4.83470e-02
0.12610	5.03449e-02
0.12593	5.22875e-02
0.12580	5.41369e-02
0.12573	5.58479e-02
0.12576	5.73701e-02
0.12592	5.86570e-02
0.12621	5.96836e-02
0.12664	6.04610e-02
0.12720	6.10330e-02
0.12784	6.14567e-02
0.12856	6.17848e-02
0.12931	6.20596e-02
0.13009	6.23117e-02
0.13088	6.25630e-02
0.13167	6.28279e-02
0.13246	6.31150e-02
0.13323	6.34277e-02
0.13399	6.37648e-02
0.13473	6.41202e-02
0.13548	6.44645e-02
0.13621	6.48022e-02
0.13693	6.51162e-02
0.13764	6.53869e-02
0.13835	6.55947e-02
0.13906	6.57222e-02
0.13977	6.57580e-02
0.14049	6.56978e-02
0.14120	6.55448e-02
0.14191	6.53073e-02
0.14260	6.50061e-02
0.14326	6.46405e-02
0.14389	6.42201e-02
0.14448	6.37529e-02
0.14503	6.32447e-02
0.14553	6.26997e-02
0.14599	6.21209e-02
0.14640	6.15106e-02
0.14676	6.08704e-02
0.14707	6.02020e-02
0.14734	5.95071e-02
0.14755	5.87877e-02
0.14771	5.80461e-02
0.14782	5.72811e-02
0.14787	5.65014e-02
0.14785	5.57105e-02
0.14779	5.49016e-02
0.14766	5.40865e-02
0.14749	5.32691e-02
0.14726	5.24535e-02
0.14698	5.16436e-02
0.14664	5.08436e-02
0.14625	5.00576e-02
0.14581	4.92896e-02
0.14532	4.85440e-02
0.14478	4.78250e-02
0.14419	4.71367e-02
0.14356	4.64835e-02
0.14289	4.58697e-02
0.14218	4.52994e-02
0.14143	4.47770e-02
0.14065	4.43082e-02
0.13985	4.38949e-02
0.13902	4.35409e-02
0.13817	4.32502e-02
0.13730	4.30262e-02
0.13641	4.28722e-02
0.13551	4.27914e-02
0.13460	4.27860e-02
0.13369	4.28579e-02
0.13277	4.30083e-02
0.13186	4.32370e-02
0.13095	4.35429e-02
0.13005	4.39239e-02
0.12917	4.43770e-02
0.12831	4.48959e-02
0.12746	4.54738e-02
0.12665	4.61021e-02
0.12586	4.67705e-02
0.12511	4.74669e-02
0.12441	4.81766e-02
0.12375	4.88824e-02
0.12316	4.95641e-02
0.12264	5.01985e-02
0.12221	5.07604e-02
0.12187	5.12246e-02
0.12164	5.15693e-02
0.12152	5.17793e-02
0.12152	5.18490e-02
0.12163	5.17816e-02
0.12185	5.15881e-02
0.12217	5.12851e-02
0.12257	5.08937e-02
0.12305	5.04383e-02
0.12358	4.99454e-02
0.12415	4.94428e-02
0.12475	4.89575e-02
0.12537	4.85150e-02
0.12600	4.81385e-02
0.12662	4.78455e-02
0.12724	4.76535e-02
0.12784	4.75753e-02
0.12841	4.76200e-02
0.12895	4.77927e-02
0.12947	4.80953e-02
0.12995	4.85261e-02
0.13040	4.90803e-02
0.13081	4.97501e-02
0.13118	5.05256e-02
0.13152	5.13942e-02
0.13183	5.23412e-02
0.13210	5.33499e-02
0.13235	5.44013e-02
0.13257	5.54734e-02
0.13277	5.65414e-02
0.13297	5.75769e-02
0.13316	5.85476e-02
0.13336	5.94187e-02
0.13359	6.01558e-02
0.13385	6.07304e-02
0.13414	6.11229e-02
0.13446	6.13362e-02
0.13480	6.13846e-02
0.13513	6.12910e-02
0.13546	6.10842e-02
0.13575	6.07848e-02
0.13599	6.04135e-02
0.13617	5.99872e-02
0.13629	5.95197e-02
0.13633	5.90224e-02
0.13629	5.85041e-02
0.13616	5.79724e-02
0.13595	5.74327e-02
0.13565	5.68890e-02
0.13527	5.63434e-02
0.13480	5.57958e-02
0.13425	5.52443e-02
0.13362	5.46844e-02
0.13292	5.41097e-02
0.13216	5.35118e-02
0.13134	5.28816e-02
0.13047	5.22107e-02
0.12956	5.14925e-02
0.12860	5.07246e-02
0.12762	4.99086e-02
0.12659	4.90445e-02
0.12554	4.81481e-02
0.12445	4.72341e-02
0.12334	4.63195e-02
0.12219	4.54214e-02
0.12102	4.45567e-02
0.11982	4.37414e-02
0.11859	4.29903e-02
0.11734	4.23171e-02
0.11608	4.17339e-02
0.11480	4.12512e-02
0.11351	4.08781e-02
0.11221	4.06216e-02
0.11091	4.04867e-02
0.10961	4.04764e-02
0.10832	4.05914e-02
0.10704	4.08314e-02
0.10578	4.11923e-02
0.10453	4.16695e-02
0.10330	4.22572e-02
0.10210	4.29485e-02
0.10092	4.37358e-02
0.09978	4.46112e-02
0.09867	4.55658e-02
0.09760	4.65896e-02
0.09658	4.76703e-02
0.09561	4.87902e-02
0.09471	4.99206e-02
0.09391	5.10100e-02
0.09326	5.19726e-02
0.09282	5.27101e-02
0.09261	5.32242e-02
0.09256	5.36164e-02
0.09263	5.39738e-02
0.09280	5.43333e-02
0.09305	5.46982e-02
0.09340	5.50528e-02
0.09386	5.53748e-02
0.09442	5.56454e-02
0.09510	5.58546e-02
0.09588	5.59926e-02
0.09679	5.60251e-02
0.09786	5.58685e-02
0.09914	5.54256e-02
0.10060	5.47090e-02
0.10216	5.38269e-02
0.10377	5.28712e-02
0.10539	5.18939e-02
0.10700	5.09235e-02
0.10859	4.99769e-02
0.11015	4.90653e-02
0.11167	4.81969e-02
0.11316	4.73781e-02
0.11460	4.66142e-02
0.11599	4.59096e-02
0.11734	4.52682e-02
0.11863	4.46935e-02
0.11988	4.41883e-02
0.12107	4.37548e-02
0.12220	4.33949e-02
0.12328	4.31097e-02
0.12430	4.28996e-02
0.12526	4.27646e-02
0.12616	4.27039e-02
0.12701	4.27159e-02
0.12779	4.27986e-02
0.12851	4.29494e-02
0.12917	4.31652e-02
0.12977	4.34426e-02
0.13031	4.37778e-02
0.13078	4.41670e-02
0.13120	4.46064e-02
0.13155	4.50921e-02
0.13184	4.56205e-02
0.13207	4.61881e-02
0.13224	4.67883e-02
0.13235	4.74211e-02
0.13240	4.80835e-02
0.13239	4.87728e-02
0.13233	4.94842e-02
0.13221	5.02172e-02
0.13204	5.09686e-02
0.13182	5.17347e-02
0.13156	5.25107e-02
0.13125	5.32906e-02
0.13091	5.40656e-02
0.13053	5.48232e-02
0.13013	5.55451e-02
0.12972	5.62036e-02
0.12933	5.67589e-02
0.12897	5.71576e-02
0.12868	5.73426e-02
0.12848	5.72768e-02
0.12836	5.69646e-02
0.12831	5.64472e-02
0.12830	5.57777e-02
0.12831	5.50030e-02
0.12833	5.41586e-02
0.12834	5.32758e-02
0.12832	5.23786e-02
0.12828	5.14645e-02
0.12820	5.05573e-02
0.12810	4.96656e-02
0.12797	4.87991e-02
0.12780	4.79666e-02
0.12761	4.71761e-02
0.12739	4.64355e-02
0.12714	4.57515e-02
0.12685	4.51304e-02
0.12653	4.45778e-02
0.12619	4.40980e-02
0.12582	4.36947e-02
0.12542	4.33698e-02
0.12499	4.31245e-02
0.12454	4.29582e-02
0.12408	4.28691e-02
0.12359	4.28525e-02
0.12310	4.29066e-02
0.12259	4.30257e-02
0.12208	4.32031e-02
0.12157	4.34313e-02
0.12106	4.37024e-02
0.12056	4.40083e-02
0.12007	4.43410e-02
0.11959	4.46930e-02
0.11912	4.50575e-02
0.11868	4.54287e-02
0.11826	4.58017e-02
0.11786	4.61724e-02
0.11749	4.65401e-02
0.11715	4.68994e-02
0.11684	4.72474e-02
0.11655	4.75814e-02
0.11630	4.78984e-02
0.11608	4.81948e-02
0.11589	4.84672e-02
0.11573	4.87116e-02
0.11562	4.89240e-02
0.11554	4.91007e-02
0.11550	4.92378e-02
0.11551	4.93321e-02
0.11555	4.93807e-02
0.11565	4.93814e-02
0.11579	4.93326e-02
0.11597	4.92334e-02
0.11620	4.90834e-02
0.11648	4.88832e-02
0.11679	4.86335e-02
0.11715	4.83360e-02
0.11755	4.79924e-02
0.11798	4.76052e-02
0.11844	4.71767e-02
0.11894	4.67098e-02
0.11945	4.62074e-02
0.11999	4.56739e-02
0.12054	4.51118e-02
0.12110	4.45250e-02
0.12167	4.39177e-02
0.12225	4.32946e-02
0.12282	4.26611e-02
0.12340	4.20229e-02
0.12396	4.13866e-02
0.12452	4.07590e-02
0.12506	4.01477e-02
0.12558	3.95605e-02
0.12609	3.90056e-02
0.12657	3.84912e-02
0.12703	3.80254e-02
0.12747	3.76160e-02
0.12788	3.72704e-02
0.12827	3.69952e-02
0.12863	3.67961e-02
0.12896	3.66774e-02
0.12927	3.66426e-02
0.12955	3.66935e-02
0.12982	3.68170e-02
0.13007	3.70242e-02
0.13030	3.73130e-02
0.13050	3.76804e-02
0.13067	3.80993e-02
0.13081	3.85851e-02
0.13094	3.91324e-02
0.13104	3.97350e-02
0.13113	4.03862e-02
0.13120	4.10792e-02
0.13127	4.18068e-02
0.13132	4.25617e-02
0.13136	4.33369e-02
0.13139	4.41252e-02
0.13143	4.49198e-02
0.13145	4.57141e-02
0.13148	4.65021e-02
0.13151	4.72781e-02
0.13154	4.80373e-02
0.13157	4.87755e-02
0.13160	4.94892e-02
0.13164	5.01761e-02
0.13167	5.08343e-02
0.13171	5.14598e-02
0.13175	5.20635e-02
0.13177	5.26408e-02
0.13179	5.31886e-02
0.13180	5.37084e-02
0.13180	5.42021e-02
0.13179	5.46717e-02
0.13176	5.51192e-02
0.13171	5.55465e-02
0.13164	5.59558e-02
0.13154	5.63491e-02
0.13140	5.67282e-02
0.13124	5.70952e-02
0.13103	5.74520e-02
0.13079	5.78006e-02
0.13050	5.81429e-02
0.13018	5.84809e-02
0.12980	5.88164e-02
0.12939	5.91366e-02
0.12893	5.94565e-02
0.12843	5.97776e-02
0.12787	6.01016e-02
0.12726	6.04299e-02
0.12661	6.07637e-02
0.12590	6.11042e-02
0.12515	6.14520e-02
0.12435	6.18076e-02
0.12350	6.21712e-02
0.12261	6.25420e-02
0.12168	6.29171e-02
0.12072	6.32875e-02
0.11975	6.35958e-02
0.11897	6.34718e-02
0.11858	6.26009e-02
0.11824	6.15704e-02
0.11790	6.05090e-02
0.11755	5.94388e-02
0.11719	5.83691e-02
0.11681	5.73063e-02
0.11642	5.62564e-02
0.11602	5.52251e-02
0.11561	5.42184e-02
0.11519	5.32422e-02
0.11476	5.23030e-02
0.11433	5.14070e-02
0.11389	5.05608e-02
0.11344	4.97708e-02
0.11299	4.90432e-02
0.11254	4.83840e-02
0.11208	4.77990e-02
0.11162	4.72933e-02
0.11116	4.68713e-02
0.11070	4.65368e-02
0.11024	4.62925e-02
0.10978	4.61402e-02
0.10933	4.60803e-02
0.10887	4.61060e-02
0.10842	4.62218e-02
0.10798	4.64245e-02
0.10755	4.67094e-02
0.10713	4.70705e-02
0.10673	4.75001e-02
0.10636	4.79892e-02
0.10601	4.85276e-02
0.10569	4.91038e-02
0.10542	4.97060e-02
0.10518	5.03216e-02
0.10500	5.09382e-02
0.10487	5.15408e-02
0.10481	5.21071e-02
0.10485	5.25889e-02
0.10503	5.28736e-02
0.10545	5.27978e-02
0.10609	5.23714e-02
0.10686	5.17599e-02
0.10771	5.10722e-02
0.10860	5.03567e-02
0.10953	4.96144e-02
0.11048	4.88816e-02
0.11145	4.81670e-02
0.11243	4.74780e-02
0.11341	4.68234e-02
0.11441	4.62071e-02
0.11540	4.56350e-02
0.11638	4.51126e-02
0.11735	4.46458e-02
0.11831	4.42400e-02
0.11925	4.39005e-02
0.12017	4.36325e-02
0.12107	4.34408e-02
0.12193	4.33293e-02
0.12277	4.33016e-02
0.12357	4.33605e-02
0.12434	4.35077e-02
0.12507	4.37441e-02
0.12577	4.40696e-02
0.12642	4.44831e-02
0.12704	4.49828e-02
0.12762	4.55658e-02
0.12815	4.62288e-02
0.12864	4.69616e-02
0.12907	4.77689e-02
0.12948	4.86446e-02
0.12984	4.95786e-02
0.13016	5.05695e-02
0.13044	5.16123e-02
0.13067	5.27022e-02
0.13085	5.38342e-02
0.13100	5.50036e-02
0.13109	5.62057e-02
0.13114	5.74358e-02
0.13114	5.86884e-02
0.13110	5.99565e-02
0.13102	6.12268e-02
0.13092	6.24573e-02
0.13092	6.33979e-02
0.13134	6.33992e-02
0.13193	6.29667e-02
0.13252	6.24872e-02
0.13307	6.19952e-02
0.13358	6.15047e-02
0.13406	6.10222e-02
0.13449	6.05517e-02
0.13488	6.00965e-02
0.13522	5.96594e-02
0.13551	5.92430e-02
0.13576	5.88496e-02
0.13596	5.84816e-02
0.13611	5.81409e-02
0.13621	5.78292e-02
0.13625	5.75481e-02
0.13624	5.72990e-02
0.13618	5.70829e-02
0.13606	5.69005e-02
0.13589	5.67524e-02
0.13566	5.66390e-02
0.13538	5.65605e-02
0.13504	5.65169e-02
0.13464	5.65078e-02
0.13419	5.65330e-02
0.13368	5.65919e-02
0.13312	5.66836e-02
0.13251	5.68072e-02
0.13184	5.69615e-02
0.13113	5.71450e-02
0.13037	5.73559e-02
0.12957	5.75921e-02
0.12873	5.78510e-02
0.12785	5.81297e-02
0.12695	5.84247e-02
0.12601	5.87319e-02
0.12506	5.90465e-02
0.12409	5.93629e-02
0.12311	5.96742e-02
0.12213	5.99723e-02
0.12116	6.02470e-02
0.12021	6.04969e-02
0.11929	6.06950e-02
0.11842	6.08210e-02
0.11763	6.08512e-02
0.11693	6.07618e-02
0.11634	6.05359e-02
0.11587	6.01718e-02
0.11551	5.96852e-02
0.11526	5.91041e-02
0.11511	5.84610e-02
0.11505	5.77870e-02
0.11506	5.71108e-02
0.11515	5.64579e-02
0.11530	5.58514e-02
0.11551	5.53123e-02
0.11579	5.48592e-02
0.11612	5.45083e-02
0.11651	5.42726e-02
0.11695	5.41618e-02
0.11744	5.41810e-02
0.11798	5.43299e-02
0.11855	5.46105e-02
0.11918	5.49942e-02
0.11988	5.54485e-02
0.12066	5.59195e-02
0.12155	5.63247e-02
0.12258	5.65960e-02
0.12376	5.67107e-02
0.12505	5.67164e-02
0.12641	5.66884e-02
0.12780	5.66895e-02
0.12921	5.67614e-02
0.13061	5.69299e-02
0.13199	5.72104e-02
0.13335	5.76109e-02
0.13467	5.81344e-02
0.13595	5.87792e-02
0.13719	5.95396e-02
0.13838	6.04049e-02
0.13954	6.13579e-02
0.14067	6.23723e-02
0.14177	6.34072e-02
0.14288	6.43990e-02
0.14404	6.52566e-02
0.14528	6.58779e-02
0.14662	6.62122e-02
0.14806	6.62896e-02
0.14955	6.62119e-02
0.15105	6.60480e-02
0.15253	6.58561e-02
0.15396	6.56732e-02
0.15534	6.55226e-02
0.15667	6.54192e-02
0.15792	6.53723e-02
0.15910	6.53881e-02
0.16020	6.54701e-02
0.16123	6.56202e-02
0.16217	6.58386e-02
0.16303	6.61243e-02
0.16380	6.64753e-02
0.16448	6.68885e-02
0.16506	6.73596e-02
0.16555	6.78829e-02
0.16595	6.84520e-02
0.16624	6.90581e-02
0.16644	6.96887e-02
0.16655	7.03259e-02
0.16657	7.09404e-02
0.16653	7.14821e-02
0.16645	7.18655e-02
0.16640	7.19761e-02
0.16638	7.17495e-02
0.16639	7.12463e-02
0.16635	7.05814e-02
0.16624	6.98413e-02
0.16603	6.90769e-02
0.16571	6.83171e-02
0.16528	6.75793e-02
0.16473	6.68754e-02
0.16406	6.62140e-02
0.16327	6.56024e-02
0.16236	6.50466e-02
0.16134	6.45520e-02
0.16021	6.41236e-02
0.15897	6.37660e-02
0.15761	6.34829e-02
0.15616	6.32777e-02
0.15460	6.31529e-02
0.15294	6.31102e-02
0.15119	6.31502e-02
0.14935	6.32725e-02
0.14742	6.34752e-02
0.14541	6.37551e-02
0.14333	6.41077e-02
0.14117	6.45265e-02
0.13896	6.50031e-02
0.13669	6.55268e-02
0.13439	6.60836e-02
0.13205	6.66544e-02
0.12972	6.72106e-02
0.12741	6.76999e-02
0.12519	6.80250e-02
0.12321	6.79673e-02
0.12159	6.73063e-02
0.12030	6.61524e-02
0.11923	6.46883e-02
0.11835	6.30006e-02
0.11762	6.11373e-02
0.11703	5.91337e-02
0.11657	5.70164e-02
0.11623	5.48048e-02
0.11600	5.25136e-02
0.11588	5.01557e-02
0.11585	4.77447e-02
0.11591	4.52971e-02
0.11606	4.28337e-02
0.11627	4.03805e-02
0.11655	3.79706e-02
0.11688	3.56443e-02
0.11724	3.34509e-02
0.11764	3.14492e-02
0.11805	2.97049e-02
0.11848	2.82918e-02
0.11890	2.72838e-02
0.11932	2.67448e-02
0.11973	2.67163e-02
0.12011	2.72090e-02
0.12047	2.81987e-02
0.12081	2.96342e-02
0.12110	3.14480e-02
0.12137	3.35675e-02
0.12159	3.59215e-02
0.12178	3.84427e-02
0.12194	4.10664e-02
0.12209	4.37252e-02
0.12223	4.63405e-02
0.12241	4.88096e-02
0.12269	5.10013e-02
0.12311	5.27977e-02
0.12369	5.41886e-02
0.12438	5.52880e-02
0.12512	5.62332e-02
0.12586	5.71178e-02
0.12655	5.79912e-02
0.12720	5.88755e-02
0.12777	5.97790e-02
0.12825	6.06874e-02
0.12866	6.16012e-02
0.12898	6.25106e-02
0.12921	6.33976e-02
0.12937	6.42289e-02
0.12950	6.49217e-02
0.12970	6.52315e-02
0.13018	6.47894e-02
0.13083	6.37600e-02
0.13148	6.24809e-02
0.13206	6.10819e-02
0.13256	5.96068e-02
0.13296	5.80744e-02
0.13326	5.64963e-02
0.13347	5.48817e-02
0.13358	5.32393e-02
0.13361	5.15771e-02
0.13354	4.99078e-02
0.13339	4.82435e-02
0.13316	4.65982e-02
0.13285	4.49878e-02
0.13246	4.34303e-02
0.13201	4.19459e-02
0.13148	4.05567e-02
0.13090	3.92865e-02
0.13026	3.81606e-02
0.12957	3.72044e-02
0.12883	3.64424e-02
0.12805	3.58968e-02
0.12723	3.55817e-02
0.12638	3.55143e-02
0.12551	3.57001e-02
0.12463	3.61375e-02
0.12373	3.68176e-02
0.12284	3.77255e-02
0.12196	3.88413e-02
0.12109	4.01422e-02
0.12024	4.16039e-02
0.11942	4.32017e-02
0.11864	4.49116e-02
0.11790	4.67110e-02
0.11722	4.85793e-02
0.11658	5.04974e-02
0.11601	5.24487e-02
0.11551	5.44184e-02
0.11508	5.63936e-02
0.11472	5.83635e-02
0.11444	6.03186e-02
0.11424	6.22511e-02
0.11412	6.41535e-02
0.11409	6.60152e-02
0.11416	6.77966e-02
0.11460	6.90552e-02
0.11554	6.95822e-02
0.11659	7.00015e-02
0.11770	7.04062e-02
0.11885	7.08039e-02
0.12005	7.11956e-02
0.12128	7.15815e-02
0.12255	7.19619e-02
0.12383	7.23368e-02
0.12513	7.27069e-02
0.12644	7.30727e-02
0.12776	7.34346e-02
0.12907	7.37932e-02
0.13038	7.41487e-02
0.13167	7.45014e-02
0.13295	7.48511e-02
0.13421	7.51973e-02
0.13544	7.55394e-02
0.13663	7.58762e-02
0.13779	7.62062e-02
0.13891	7.65274e-02
0.13999	7.68375e-02
0.14101	7.71338e-02
0.14199	7.74028e-02
0.14290	7.76521e-02
0.14376	7.78779e-02
0.14454	7.80761e-02
0.14526	7.82461e-02
0.14590	7.83800e-02
0.14646	7.84735e-02
0.14695	7.85228e-02
0.14736	7.85238e-02
0.14768	7.84733e-02
0.14792	7.83681e-02
0.14807	7.82055e-02
0.14814	7.79836e-02
0.14812	7.77008e-02
0.14802	7.73562e-02
0.14784	7.69493e-02
0.14757	7.64803e-02
0.14722	7.59498e-02
0.14678	7.53591e-02
0.14628	7.47096e-02
0.14569	7.40031e-02
0.14504	7.32417e-02
0.14431	7.24278e-02
0.14352	7.15636e-02
0.14266	7.06508e-02
0.14175	6.96930e-02
0.14079	6.86916e-02
0.13978	6.76494e-02
0.13872	6.65696e-02
0.13762	6.54561e-02
0.13648	6.43137e-02
0.13532	6.31488e-02
0.13412	6.19699e-02
0.13290	6.07873e-02
0.13165	5.96140e-02
0.13039	5.84655e-02
0.12910	5.73594e-02
0.12779	5.63151e-02
0.12645	5.53533e-02
0.12510	5.44955e-02
0.12373	5.37625e-02
0.12234	5.31766e-02
0.12093	5.27536e-02
0.11952	5.25069e-02
0.11809	5.24437e-02
0.11666	5.25636e-02
0.11525	5.28553e-02
0.11386	5.32925e-02
0.11253	5.38270e-02
0.11130	5.43808e-02
0.11024	5.48468e-02
0.10940	5.51229e-02
0.10882	5.51816e-02
0.10846	5.50937e-02
0.10826	5.49696e-02
0.10821	5.48934e-02
0.10826	5.49164e-02
0.10841	5.50640e-02
0.10865	5.53481e-02
0.10898	5.57757e-02
0.10940	5.63535e-02
0.10989	5.70883e-02
0.11044	5.79848e-02
0.11107	5.90408e-02
0.11175	6.02416e-02
0.11251	6.15469e-02
0.11340	6.28577e-02
0.11455	6.39358e-02
0.11613	6.44483e-02
0.11810	6.44526e-02
0.12026	6.42754e-02
0.12251	6.40980e-02
0.12480	6.39881e-02
0.12711	6.39705e-02
0.12942	6.40535e-02
0.13174	6.42390e-02
0.13406	6.45252e-02
0.13636	6.49088e-02
0.13864	6.53851e-02
0.14089	6.59596e-02
0.14310	6.66138e-02
0.14528	6.73404e-02
0.14742	6.81316e-02
0.14950	6.89790e-02
0.15154	6.98738e-02
0.15352	7.08069e-02
0.15545	7.17686e-02
0.15731	7.27488e-02
0.15911	7.37363e-02
0.16086	7.47184e-02
0.16254	7.56805e-02
0.16417	7.66045e-02
0.16575	7.74692e-02
0.16729	7.82508e-02
0.16880	7.89265e-02
0.17028	7.94810e-02
0.17174	7.99126e-02
0.17315	8.02347e-02
0.17451	8.04700e-02
0.17581	8.06438e-02
0.17703	8.07808e-02
0.17816	8.08972e-02
0.17920	8.10069e-02
0.18014	8.11198e-02
0.18097	8.12454e-02
0.18170	8.13858e-02
0.18231	8.15434e-02
0.18282	8.17194e-02
0.18322	8.19125e-02
0.18351	8.21196e-02
0.18370	8.23343e-02
0.18380	8.25465e-02
0.18380	8.27398e-02
0.18373	8.28896e-02
0.18360	8.29607e-02
0.18343	8.29062e-02
0.18325	8.26751e-02
0.18308	8.22291e-02
0.18292	8.15622e-02
0.18276	8.07037e-02
0.18258	7.97024e-02
0.18236	7.86083e-02
0.18208	7.74642e-02
0.18172	7.63038e-02
0.18129	7.51550e-02
0.18078	7.40423e-02
0.18018	7.29816e-02
0.17949	7.19885e-02
0.17871	7.10768e-02
0.17784	7.02586e-02
0.17687	6.95442e-02
0.17581	6.89426e-02
0.17466	6.84611e-02
0.17342	6.81052e-02
0.17208	6.78789e-02
0.17066	6.77841e-02
0.16916	6.78211e-02
0.16757	6.79883e-02
0.16590	6.82820e-02
0.16415	6.86970e-02
0.16234	6.92258e-02
0.16045	6.98650e-02
0.15850	7.05990e-02
0.15652	7.14012e-02
0.15449	7.22662e-02
0.15245	7.31718e-02
0.15039	7.40895e-02
0.14836	7.49828e-02
0.14638	7.58062e-02
0.14448	7.65082e-02
0.14270	7.70415e-02
0.14107	7.73823e-02
0.13958	7.75450e-02
0.13823	7.75774e-02
0.13697	7.75312e-02
0.13579	7.74715e-02
0.13467	7.74406e-02
0.13359	7.74672e-02
0.13254	7.75691e-02
0.13153	7.77556e-02
0.13054	7.80289e-02
0.12958	7.83842e-02
0.12865	7.88080e-02
0.12778	7.92733e-02
0.12699	7.97270e-02
0.12634	8.00696e-02
0.12593	8.01539e-02
0.12581	7.98904e-02
0.12593	7.93663e-02
0.12617	7.87355e-02
0.12647	7.81001e-02
0.12679	7.75077e-02
0.12711	7.69733e-02
0.12745	7.64920e-02
0.12779	7.60453e-02
0.12816	7.56051e-02
0.12856	7.51416e-02
0.12900	7.46320e-02
0.12948	7.40695e-02
0.12998	7.34632e-02
0.13050	7.28301e-02
0.13101	7.21889e-02
0.13151	7.15547e-02
0.13198	7.09384e-02
0.13242	7.03467e-02
0.13282	6.97833e-02
0.13318	6.92498e-02
0.13350	6.87466e-02
0.13377	6.82731e-02
0.13400	6.78287e-02
0.13419	6.74129e-02
0.13433	6.70255e-02
0.13442	6.66667e-02
0.13446	6.63370e-02
0.13446	6.60377e-02
0.13442	6.57698e-02
0.13432	6.55345e-02
0.13418	6.53327e-02
0.13399	6.51643e-02
0.13376	6.50277e-02
0.13348	6.49066e-02
0.13317	6.48055e-02
0.13282	6.47124e-02
0.13245	6.46087e-02
0.13207	6.44641e-02
0.13171	6.42511e-02
0.13137	6.39445e-02
0.13105	6.35395e-02
0.13076	6.30584e-02
0.13047	6.25409e-02
0.13017	6.20284e-02
0.12983	6.15551e-02
0.12946	6.11459e-02
0.12903	6.08178e-02
0.12856	6.05810e-02
0.12804	6.04410e-02
0.12746	6.03990e-02
0.12683	6.04530e-02
0.12615	6.05981e-02
0.12542	6.08270e-02
0.12464	6.11305e-02
0.12381	6.14975e-02
0.12294	6.19157e-02
0.12202	6.23731e-02
0.12107	6.28563e-02
0.12007	6.33579e-02
0.11905	6.38545e-02
0.11799	6.43321e-02
0.11692	6.47777e-02
0.11582	6.51797e-02
0.11471	6.55280e-02
0.11359	6.58144e-02
0.11246	6.60332e-02
0.11132	6.61808e-02
0.11018	6.62559e-02
0.10903	6.62594e-02
0.10788	6.61940e-02
0.10672	6.60641e-02
0.10555	6.58752e-02
0.10437	6.56336e-02
0.10318	6.53463e-02
0.10200	6.50171e-02
0.10080	6.46573e-02
0.09959	6.42625e-02
0.09837	6.38562e-02
0.09714	6.34460e-02
0.09588	6.30389e-02
0.09461	6.26416e-02
0.09332	6.22598e-02
0.09201	6.18981e-02
0.09068	6.15601e-02
0.08934	6.12480e-02
0.08799	6.09620e-02
0.08664	6.06997e-02
0.08528	6.04557e-02
0.08394	6.02159e-02
0.08264	5.99563e-02
0.08142	5.96351e-02
0.08033	5.91874e-02
0.07942	5.85388e-02
0.07876	5.76277e-02
0.07837	5.64067e-02
0.07825	5.48800e-02
0.07832	5.31345e-02
0.07850	5.12723e-02
0.07875	4.93642e-02
0.07903	4.74555e-02
0.07934	4.55783e-02
0.07966	4.37591e-02
0.07999	4.20231e-02
0.08033	4.03960e-02
0.08068	3.89050e-02
0.08103	3.75790e-02
0.08138	3.64486e-02
0.08174	3.55444e-02
0.08210	3.48954e-02
0.08246	3.45265e-02
0.08283	3.44555e-02
0.08320	3.46911e-02
0.08357	3.52312e-02
0.08395	3.60619e-02
0.08433	3.71597e-02
0.08472	3.84912e-02
0.08512	4.00111e-02
0.08557	4.16518e-02
0.08611	4.32870e-02
0.08688	4.46381e-02
0.08807	4.53315e-02
0.08963	4.54758e-02
0.09134	4.54553e-02
0.09309	4.54647e-02
0.09484	4.55743e-02
0.09657	4.58091e-02
0.09827	4.61758e-02
0.09993	4.66729e-02
0.10154	4.72938e-02
0.10311	4.80288e-02
0.10463	4.88662e-02
0.10611	4.97930e-02
0.10753	5.07946e-02
0.10890	5.18494e-02
0.11022	5.29468e-02
0.11150	5.40686e-02
0.11273	5.51944e-02
0.11392	5.62948e-02
0.11508	5.73474e-02
0.11622	5.83217e-02
0.11736	5.91888e-02
0.11851	5.99283e-02
0.11965	6.05348e-02
0.12079	6.10178e-02
0.12192	6.13951e-02
0.12302	6.16858e-02
0.12407	6.19069e-02
0.12508	6.20720e-02
0.12603	6.21915e-02
0.12691	6.22733e-02
0.12772	6.23239e-02
0.12846	6.23483e-02
0.12912	6.23507e-02
0.12969	6.23349e-02
0.13018	6.23041e-02
0.13058	6.22610e-02
0.13090	6.22034e-02
0.13111	6.21348e-02
0.13124	6.20597e-02
0.13127	6.19825e-02
0.13120	6.19054e-02
0.13104	6.18306e-02
0.13078	6.17602e-02
0.13043	6.16963e-02
0.12998	6.16410e-02
0.12944	6.15961e-02
0.12881	6.15635e-02
0.12809	6.15447e-02
0.12728	6.15409e-02
0.12640	6.15528e-02
0.12543	6.15806e-02
0.12439	6.16232e-02
0.12328	6.16784e-02
0.12212	6.17418e-02
0.12090	6.18060e-02
0.11964	6.18565e-02
0.11835	6.18701e-02
0.11707	6.18214e-02
0.11581	6.16741e-02
0.11461	6.13888e-02
0.11348	6.09368e-02
0.11244	6.03149e-02
0.11149	5.95482e-02
0.11059	5.86774e-02
0.10975	5.77433e-02
0.10895	5.67788e-02
0.10817	5.58070e-02
0.10744	5.48597e-02
0.10674	5.39274e-02
0.10606	5.30271e-02
0.10542	5.21444e-02
0.10483	5.12775e-02
0.10429	5.04255e-02
0.10380	4.95898e-02
0.10336	4.87752e-02
0.10298	4.79899e-02
0.10264	4.72455e-02
0.10235	4.65551e-02
0.10209	4.59321e-02
0.10187	4.53886e-02
0.10168	4.49313e-02
0.10152	4.45694e-02
0.10138	4.43052e-02
0.10126	4.41376e-02
0.10117	4.40615e-02
0.10110	4.40687e-02
0.10105	4.41478e-02
0.10103	4.42856e-02
0.10104	4.44671e-02
0.10109	4.46768e-02
0.10117	4.48992e-02
0.10128	4.51197e-02
0.10143	4.53357e-02
0.10161	4.55284e-02
0.10183	4.56898e-02
0.10210	4.58148e-02
0.10240	4.59009e-02
0.10273	4.59480e-02
0.10310	4.59579e-02
0.10349	4.59340e-02
0.10390	4.58807e-02
0.10433	4.58037e-02
0.10476	4.57093e-02
0.10521	4.56043e-02
0.10565	4.54960e-02
0.10609	4.53912e-02
0.10651	4.52963e-02
0.10692	4.52166e-02
0.10730	4.51559e-02
0.10766	4.51164e-02
0.10798	4.50981e-02
0.10828	4.50987e-02
0.10853	4.51140e-02
0.10875	4.51349e-02
0.10894	4.51551e-02
0.10908	4.51643e-02
0.10919	4.51501e-02
0.10927	4.50980e-02
0.10932	4.49936e-02
0.10934	4.48208e-02
0.10935	4.45631e-02
0.10934	4.42060e-02
0.10933	4.37376e-02
0.10931	4.31511e-02
0.10930	4.24459e-02
0.10928	4.16277e-02
0.10927	4.07084e-02
0.10925	3.97038e-02
0.10922	3.86327e-02
0.10917	3.75144e-02
0.10912	3.63676e-02
0.10906	3.52091e-02
0.10899	3.40527e-02
0.10892	3.29085e-02
0.10885	3.17827e-02
0.10879	3.06768e-02
0.10875	2.95885e-02
0.10875	2.85244e-02
0.10878	2.74749e-02
0.10885	2.64326e-02
0.10897	2.54040e-02
0.10915	2.44070e-02
0.10938	2.34728e-02
0.10967	2.26461e-02
0.11000	2.19834e-02
0.11038	2.15469e-02
0.11078	2.13961e-02
0.11122	2.15781e-02
0.11168	2.21186e-02
0.11215	2.30178e-02
0.11263	2.42526e-02
0.11311	2.57839e-02
0.11359	2.75641e-02
0.11406	2.95442e-02
0.11451	3.16798e-02
0.11495	3.39249e-02
0.11537	3.62529e-02
0.11577	3.86191e-02
0.11613	4.09953e-02
0.11646	4.33570e-02
0.11676	4.56832e-02
0.11703	4.79550e-02
0.11726	5.01560e-02
0.11746	5.22709e-02
0.11764	5.42858e-02
0.11779	5.61879e-02
0.11793	5.79655e-02
0.11806	5.96065e-02
0.11818	6.11045e-02
0.11829	6.24552e-02
0.11841	6.36585e-02
0.11852	6.47191e-02
0.11862	6.56459e-02
0.11872	6.64511e-02
0.11880	6.71490e-02
0.11885	6.77545e-02
0.11888	6.82828e-02
0.11887	6.87479e-02
0.11881	6.91628e-02
0.11871	6.95392e-02
0.11854	6.98892e-02
0.11833	7.02174e-02
0.11806	7.05175e-02
0.11785	7.06213e-02
0.11795	7.01168e-02
0.11806	6.94989e-02
0.11810	6.88940e-02
0.11807	6.83201e-02
0.11798	6.77855e-02
0.11781	6.72949e-02
0.11757	6.68505e-02
0.11727	6.64527e-02
0.11690	6.60965e-02
0.11648	6.57814e-02
0.11600	6.55022e-02
0.11548	6.52530e-02
0.11492	6.50274e-02
0.11433	6.48194e-02
0.11371	6.46236e-02
0.11307	6.44352e-02
0.11242	6.42492e-02
0.11176	6.40587e-02
0.11110	6.38519e-02
0.11045	6.36080e-02
0.10985	6.32921e-02
0.10933	6.28529e-02
0.10891	6.22314e-02
0.10863	6.13884e-02
0.10848	6.03346e-02
0.10843	5.91290e-02
0.10843	5.78478e-02
0.10844	5.65602e-02
0.10845	5.53208e-02
0.10844	5.41583e-02
0.10839	5.31177e-02
0.10830	5.22233e-02
0.10817	5.14931e-02
0.10800	5.09408e-02
0.10780	5.05721e-02
0.10756	5.03894e-02
0.10728	5.03900e-02
0.10697	5.05669e-02
0.10664	5.09092e-02
0.10629	5.14029e-02
0.10593	5.20309e-02
0.10556	5.27747e-02
0.10519	5.36137e-02
0.10484	5.45269e-02
0.10451	5.54921e-02
0.10422	5.64869e-02
0.10397	5.74885e-02
0.10377	5.84743e-02
0.10365	5.94225e-02
0.10361	6.03134e-02
0.10367	6.11310e-02
0.10381	6.18647e-02
0.10406	6.25101e-02
0.10441	6.30766e-02
0.10485	6.35673e-02
0.10536	6.39872e-02
0.10594	6.43446e-02
0.10657	6.46457e-02
0.10726	6.48945e-02
0.10799	6.50920e-02
0.10875	6.52368e-02
0.10955	6.53256e-02
0.11037	6.53539e-02
0.11121	6.53168e-02
0.11207	6.52091e-02
0.11295	6.50266e-02
0.11383	6.47661e-02
0.11471	6.44221e-02
0.11559	6.39989e-02
0.11646	6.34982e-02
0.11732	6.29218e-02
0.11816	6.22759e-02
0.11897	6.15517e-02
0.11974	6.07718e-02
0.12047	5.99455e-02
0.12116	5.90832e-02
0.12180	5.81961e-02
0.12238	5.72965e-02
0.12291	5.63973e-02
0.12337	5.55124e-02
0.12377	5.46562e-02
0.12411	5.38436e-02
0.12437	5.30899e-02
0.12457	5.24106e-02
0.12469	5.18209e-02
0.12474	5.13355e-02
0.12472	5.09682e-02
0.12463	5.07311e-02
0.12446	5.06348e-02
0.12421	5.06875e-02
0.12390	5.08947e-02
0.12351	5.12593e-02
0.12305	5.17813e-02
0.12252	5.24578e-02
0.12193	5.32831e-02
0.12126	5.42491e-02
0.12056	5.53558e-02
0.11980	5.65765e-02
0.11898	5.78955e-02
0.11812	5.92942e-02
0.11723	6.07488e-02
0.11631	6.22285e-02
0.11540	6.36920e-02
0.11454	6.50855e-02
0.11374	6.63481e-02
0.11304	6.74489e-02
0.11245	6.84019e-02
0.11194	6.92575e-02
0.11149	7.00647e-02
0.11106	7.08663e-02
0.11065	7.16847e-02
0.11025	7.25307e-02
0.10985	7.34076e-02
0.10946	7.43128e-02
0.10908	7.52384e-02
0.10872	7.61742e-02
0.10839	7.70939e-02
0.10812	7.79610e-02
0.10795	7.87180e-02
0.10793	7.92898e-02
0.10811	7.96226e-02
0.10847	7.97276e-02
0.10897	7.96547e-02
0.10959	7.94407e-02
0.11030	7.90953e-02
0.11110	7.86124e-02
0.11200	7.79838e-02
0.11297	7.72100e-02
0.11402	7.63023e-02
0.11512	7.53089e-02
0.11626	7.42159e-02
0.11740	7.30379e-02
0.11853	7.17864e-02
0.11964	7.04705e-02
0.12073	6.90983e-02
0.12178	6.76772e-02
0.12277	6.62143e-02
0.12372	6.47164e-02
0.12460	6.31907e-02
0.12541	6.16440e-02
0.12614	6.00833e-02
0.12680	5.85152e-02
0.12737	5.69464e-02
0.12785	5.53837e-02
0.12823	5.38337e-02
0.12853	5.23033e-02
0.12873	5.07994e-02
0.12883	4.93293e-02
0.12883	4.79004e-02
0.12874	4.65204e-02
0.12856	4.51974e-02
0.12827	4.39398e-02
0.12790	4.27529e-02
0.12744	4.16490e-02
0.12689	4.06345e-02
0.12625	3.97225e-02
0.12553	3.89216e-02
0.12473	3.82400e-02
0.12385	3.76852e-02
0.12290	3.72634e-02
0.12188	3.69793e-02
0.12080	3.68361e-02
0.11965	3.68351e-02
0.11844	3.69758e-02
0.11718	3.72555e-02
0.11587	3.76699e-02
0.11451	3.82132e-02
0.11311	3.88781e-02
0.11167	3.96563e-02
0.11020	4.05387e-02
0.10870	4.15273e-02
0.10717	4.26005e-02
0.10563	4.37490e-02
0.10406	4.49616e-02
0.10249	4.62277e-02
0.10091	4.75365e-02
0.09933	4.88765e-02
0.09776	5.02351e-02
0.09620	5.15983e-02
0.09467	5.29490e-02
0.09319	5.42652e-02
0.09178	5.55142e-02
0.09048	5.66340e-02
0.08938	5.74933e-02
0.08861	5.79487e-02
0.08809	5.81226e-02
0.08771	5.81878e-02
0.08743	5.82130e-02
0.08726	5.81740e-02
0.08733	5.78791e-02
0.08762	5.73512e-02
0.08797	5.68210e-02
0.08834	5.63632e-02
0.08869	5.59985e-02
0.08903	5.57342e-02
0.08936	5.55720e-02
0.08967	5.55111e-02
0.08995	5.55460e-02
0.09022	5.56701e-02
0.09046	5.58752e-02
0.09067	5.61519e-02
0.09086	5.64900e-02
0.09103	5.68784e-02
0.09117	5.73057e-02
0.09128	5.77606e-02
0.09137	5.82316e-02
0.09144	5.87077e-02
0.09149	5.91782e-02
0.09153	5.96220e-02
0.09155	6.00403e-02
0.09155	6.04237e-02
0.09154	6.07619e-02
0.09151	6.10437e-02
0.09148	6.12563e-02
0.09145	6.13855e-02
0.09142	6.14166e-02
0.09140	6.13384e-02
0.09140	6.11475e-02
0.09140	6.08497e-02
0.09141	6.04573e-02
0.09141	5.99857e-02
0.09140	5.94496e-02
0.09135	5.88613e-02
0.09128	5.82311e-02
0.09117	5.75672e-02
0.09102	5.68764e-02
0.09083	5.61643e-02
0.09061	5.54361e-02
0.09034	5.46963e-02
0.09006	5.39818e-02
0.08973	5.32636e-02
0.08938	5.25456e-02
0.08898	5.18315e-02
0.08856	5.11249e-02
0.08810	5.04299e-02
0.08761	4.97501e-02
0.08710	4.90893e-02
0.08656	4.84465e-02
0.08600	4.78303e-02
0.08541	4.72446e-02
0.08480	4.66928e-02
0.08416	4.61783e-02
0.08350	4.57040e-02
0.08282	4.52729e-02
0.08212	4.48869e-02
0.08140	4.45475e-02
0.08067	4.42551e-02
0.07992	4.40086e-02
0.07916	4.38042e-02
0.07840	4.36339e-02
0.07764	4.34822e-02
0.07692	4.33211e-02
0.07625	4.31077e-02
0.07565	4.28026e-02
0.07515	4.24091e-02
0.07471	4.19521e-02
0.07432	4.14653e-02
0.07396	4.09707e-02
0.07364	4.04802e-02
0.07335	3.99998e-02
0.07309	3.95329e-02
0.07286	3.90816e-02
0.07265	3.86481e-02
0.07248	3.82353e-02
0.07234	3.78463e-02
0.07223	3.74843e-02
0.07215	3.71523e-02
0.07209	3.68524e-02
0.07206	3.65853e-02
0.07206	3.63500e-02
0.07208	3.61481e-02
0.07213	3.59692e-02
0.07221	3.58087e-02
0.07234	3.56593e-02
0.07249	3.55150e-02
0.07269	3.53721e-02
0.07291	3.52294e-02
0.07317	3.50888e-02
0.07346	3.49543e-02
0.07376	3.48311e-02
0.07409	3.47241e-02
0.07443	3.46376e-02
0.07477	3.45747e-02
0.07512	3.45377e-02
0.07548	3.45280e-02
0.07584	3.45462e-02
0.07620	3.45929e-02
0.07655	3.46686e-02
0.07691	3.47739e-02
0.07726	3.49095e-02
0.07761	3.50767e-02
0.07795	3.52769e-02
0.07829	3.55121e-02
0.07863	3.57842e-02
0.07896	3.60958e-02
0.07929	3.64489e-02
0.07961	3.68475e-02
0.07992	3.72933e-02
0.08023	3.77880e-02
0.08054	3.83323e-02
0.08085	3.89263e-02
0.08116	3.95690e-02
0.08147	4.02581e-02
0.08179	4.09901e-02
0.08212	4.17594e-02
0.08246	4.25586e-02
0.08282	4.33769e-02
0.08321	4.41994e-02
0.08364	4.50055e-02
0.08412	4.57636e-02
0.08469	4.64320e-02
0.08536	4.69618e-02
0.08617	4.73137e-02
0.08710	4.74797e-02
0.08815	4.74874e-02
0.08927	4.73839e-02
0.09045	4.72042e-02
0.09168	4.69778e-02
0.09292	4.67253e-02
0.09419	4.64608e-02
0.09545	4.61944e-02
0.09672	4.59332e-02
0.09799	4.56827e-02
0.09924	4.54472e-02
0.10047	4.52299e-02
0.10169	4.50337e-02
0.10289	4.48610e-02
0.10406	4.47138e-02
0.10520	4.45936e-02
0.10631	4.44995e-02
0.10737	4.44263e-02
0.10840	4.43826e-02
0.10939	4.43695e-02
0.11034	4.43965e-02
0.11123	4.44553e-02
0.11209	4.45467e-02
0.11289	4.46714e-02
0.11364	4.48302e-02
0.11435	4.50242e-02
0.11500	4.52542e-02
0.11559	4.55217e-02
0.11613	4.58281e-02
0.11661	4.61749e-02
0.11703	4.65640e-02
0.11739	4.69971e-02
0.11768	4.74757e-02
0.11792	4.80010e-02
0.11809	4.85724e-02
0.11821	4.91851e-02
0.11827	4.98194e-02
0.11832	5.03792e-02
0.11854	5.04585e-02
0.11896	4.99908e-02
0.11939	4.94201e-02
0.11977	4.88847e-02
0.12009	4.84230e-02
0.12033	4.80526e-02
0.12050	4.77863e-02
0.12060	4.76336e-02
0.12063	4.76020e-02
0.12058	4.76970e-02
0.12046	4.79218e-02
0.12026	4.82772e-02
0.11999	4.87622e-02
0.11964	4.93734e-02
0.11923	5.01054e-02
0.11874	5.09513e-02
0.11819	5.19024e-02
0.11757	5.29486e-02
0.11688	5.40790e-02
0.11615	5.52667e-02
0.11537	5.65121e-02
0.11452	5.78087e-02
0.11364	5.91322e-02
0.11273	6.04635e-02
0.11180	6.17793e-02
0.11087	6.30504e-02
0.10997	6.42403e-02
0.10914	6.53086e-02
0.10838	6.62238e-02
0.10772	6.69831e-02
0.10714	6.76177e-02
0.10661	6.81760e-02
0.10611	6.87034e-02
0.10562	6.92333e-02
0.10512	6.97883e-02
0.10461	7.03825e-02
0.10407	7.10247e-02
0.10352	7.17199e-02
0.10293	7.24696e-02
0.10232	7.32722e-02
0.10168	7.41209e-02
0.10104	7.49923e-02
0.10048	7.57644e-02
0.10036	7.59613e-02
0.10057	7.57562e-02
0.10080	7.55174e-02
0.10102	7.53186e-02
0.10122	7.51707e-02
0.10139	7.50736e-02
0.10153	7.50235e-02
0.10166	7.50137e-02
0.10177	7.50355e-02
0.10187	7.50779e-02
0.10197	7.51278e-02
0.10207	7.51698e-02
0.10219	7.51867e-02
0.10235	7.51599e-02
0.10254	7.50704e-02
0.10279	7.49005e-02
0.10309	7.46357e-02
0.10346	7.42658e-02
0.10389	7.37860e-02
0.10438	7.31971e-02
0.10491	7.25037e-02
0.10548	7.17176e-02
0.10608	7.08445e-02
0.10670	6.98962e-02
0.10731	6.88856e-02
0.10793	6.78253e-02
0.10852	6.67276e-02
0.10909	6.56039e-02
0.10962	6.44645e-02
0.11011	6.33185e-02
0.11056	6.21739e-02
0.11096	6.10377e-02
0.11130	5.99161e-02
0.11159	5.88145e-02
0.11182	5.77376e-02
0.11200	5.66966e-02
0.11212	5.56616e-02
0.11217	5.46631e-02
0.11217	5.37046e-02
0.11210	5.27943e-02
0.11197	5.19307e-02
0.11179	5.11167e-02
0.11155	5.03554e-02
0.11126	4.96495e-02
0.11091	4.90023e-02
0.11051	4.84169e-02
0.11007	4.78965e-02
0.10958	4.74444e-02
0.10904	4.70638e-02
0.10846	4.67577e-02
0.10784	4.65287e-02
0.10718	4.63789e-02
0.10649	4.63095e-02
0.10576	4.63210e-02
0.10501	4.64124e-02
0.10422	4.65816e-02
0.10342	4.68252e-02
0.10259	4.71380e-02
0.10175	4.75146e-02
0.10090	4.79464e-02
0.10005	4.84355e-02
0.09920	4.89607e-02
0.09837	4.95099e-02
0.09756	5.00690e-02
0.09678	5.06207e-02
0.09605	5.11421e-02
0.09539	5.16005e-02
0.09483	5.19443e-02
0.09442	5.20919e-02
0.09423	5.19447e-02
0.09428	5.14617e-02
0.09454	5.06981e-02
0.09495	4.97368e-02
0.09549	4.86436e-02
0.09612	4.74672e-02
0.09682	4.62477e-02
0.09760	4.50267e-02
0.09843	4.38300e-02
0.09930	4.26879e-02
0.10020	4.16295e-02
0.10113	4.06822e-02
0.10207	3.98715e-02
0.10304	3.92205e-02
0.10403	3.87495e-02
0.10503	3.84751e-02
0.10606	3.84089e-02
0.10709	3.85580e-02
0.10815	3.89239e-02
0.10922	3.95034e-02
0.11032	4.02888e-02
0.11142	4.12691e-02
0.11255	4.24307e-02
0.11369	4.37585e-02
0.11485	4.52366e-02
0.11603	4.68486e-02
0.11721	4.85778e-02
0.11841	5.04073e-02
0.11963	5.23183e-02
0.12085	5.42878e-02
0.12211	5.62815e-02
0.12340	5.82370e-02
0.12479	6.00474e-02
0.12631	6.16398e-02
0.12791	6.30946e-02
0.12954	6.45148e-02
0.13116	6.59477e-02
0.13277	6.74074e-02
0.13435	6.88938e-02
0.13590	7.04018e-02
0.13742	7.19233e-02
0.13890	7.34494e-02
0.14035	7.49707e-02
0.14176	7.64779e-02
0.14313	7.79615e-02
0.14447	7.94127e-02
0.14577	8.08232e-02
0.14703	8.21852e-02
0.14826	8.34921e-02
0.14945	8.47378e-02
0.15060	8.59175e-02
0.15171	8.70277e-02
0.15279	8.80666e-02
0.15382	8.90315e-02
0.15481	8.99220e-02
0.15576	9.07387e-02
0.15666	9.14827e-02
0.15751	9.21561e-02
0.15830	9.27610e-02
0.15905	9.33001e-02
0.15974	9.37761e-02
0.16037	9.41920e-02
0.16094	9.45506e-02
0.16144	9.48547e-02
0.16189	9.51066e-02
0.16227	9.53086e-02
0.16259	9.54624e-02
0.16284	9.55744e-02
0.16303	9.56383e-02
0.16316	9.56528e-02
0.16323	9.56266e-02
0.16324	9.55445e-02
0.16319	9.54013e-02
0.16308	9.51917e-02
0.16292	9.49110e-02
0.16270	9.45570e-02
0.16243	9.41306e-02
0.16211	9.36366e-02
0.16173	9.30830e-02
0.16128	9.24796e-02
0.16076	9.18373e-02
0.16017	9.11670e-02
0.15950	9.04796e-02
0.15875	8.97858e-02
0.15792	8.90958e-02
0.15700	8.84196e-02
0.15600	8.77672e-02
0.15491	8.71482e-02
0.15374	8.65719e-02
0.15246	8.60572e-02
0.15111	8.56042e-02
0.14967	8.52200e-02
0.14815	8.49108e-02
0.14656	8.46807e-02
0.14490	8.45308e-02
0.14317	8.44569e-02
0.14140	8.44442e-02
0.13961	8.44515e-02
0.13788	8.43575e-02
0.13643	8.38220e-02
0.13548	8.24926e-02
0.13486	8.06733e-02
0.13432	7.87260e-02
0.13381	7.67903e-02
0.13328	7.49206e-02
0.13273	7.31448e-02
0.13215	7.14821e-02
0.13154	6.99485e-02
0.13091	6.85589e-02
0.13023	6.73290e-02
0.12952	6.62725e-02
0.12877	6.54030e-02
0.12798	6.47317e-02
0.12714	6.42667e-02
0.12626	6.40119e-02
0.12533	6.39659e-02
0.12436	6.41214e-02
0.12335	6.44642e-02
0.12230	6.49719e-02
0.12124	6.56111e-02
0.12017	6.63331e-02
0.11915	6.70661e-02
0.11822	6.77121e-02
0.11745	6.81687e-02
0.11685	6.83942e-02
0.11640	6.84476e-02
0.11604	6.84323e-02
0.11572	6.84220e-02
0.11543	6.84166e-02
0.11525	6.82682e-02
0.11527	6.78477e-02
0.11536	6.73592e-02
0.11543	6.69422e-02
0.11545	6.66348e-02
0.11541	6.64454e-02
0.11532	6.63723e-02
0.11518	6.64091e-02
0.11498	6.65468e-02
0.11473	6.67752e-02
0.11443	6.70827e-02
0.11408	6.74575e-02
0.11368	6.78872e-02
0.11324	6.83597e-02
0.11276	6.88628e-02
0.11224	6.93848e-02
0.11168	6.99147e-02
0.11109	7.04418e-02
0.11048	7.09563e-02
0.10983	7.14493e-02
0.10916	7.19128e-02
0.10846	7.23394e-02
0.10775	7.27228e-02
0.10701	7.30583e-02
0.10626	7.33405e-02
0.10549	7.35654e-02
0.10470	7.37294e-02
0.10390	7.38295e-02
0.10309	7.38628e-02
0.10227	7.38259e-02
0.10144	7.37151e-02
0.10061	7.35247e-02
0.09979	7.32440e-02
0.09901	7.28438e-02
0.09832	7.22334e-02
0.09780	7.13296e-02
0.09737	7.02351e-02
0.09697	6.90288e-02
0.09658	6.77278e-02
0.09619	6.63470e-02
0.09582	6.48953e-02
0.09544	6.33869e-02
0.09505	6.18299e-02
0.09466	6.02367e-02
0.09425	5.86206e-02
0.09383	5.69960e-02
0.09338	5.53779e-02
0.09290	5.37817e-02
0.09238	5.22233e-02
0.09183	5.07189e-02
0.09124	4.92845e-02
0.09061	4.79357e-02
0.08993	4.66876e-02
0.08921	4.55538e-02
0.08844	4.45459e-02
0.08762	4.36724e-02
0.08676	4.29384e-02
0.08586	4.23439e-02
0.08492	4.18835e-02
0.08396	4.15450e-02
0.08298	4.13171e-02
0.08200	4.11670e-02
0.08104	4.10647e-02
0.08011	4.09774e-02
0.07923	4.08777e-02
0.07841	4.07499e-02
0.07765	4.05941e-02
0.07695	4.04240e-02
0.07629	4.02610e-02
0.07568	4.01263e-02
0.07509	4.00362e-02
0.07453	3.99988e-02
0.07400	4.00140e-02
0.07350	4.00749e-02
0.07303	4.01727e-02
0.07260	4.03021e-02
0.07221	4.04643e-02
0.07184	4.06647e-02
0.07151	4.09143e-02
0.07119	4.12090e-02
0.07089	4.15538e-02
0.07061	4.19445e-02
0.07034	4.23785e-02
0.07008	4.28502e-02
0.06985	4.33396e-02
0.06973	4.36888e-02
0.07011	4.32770e-02
0.07071	4.25521e-02
0.07135	4.17848e-02
0.07201	4.09998e-02
0.07270	4.01990e-02
0.07340	3.93804e-02
0.07412	3.85411e-02
0.07486	3.76791e-02
0.07562	3.67938e-02
0.07639	3.58859e-02
0.07718	3.49579e-02
0.07798	3.40142e-02
0.07879	3.30602e-02
0.07961	3.21031e-02
0.08043	3.11509e-02
0.08125	3.02126e-02
0.08207	2.92978e-02
0.08288	2.84165e-02
0.08368	2.75786e-02
0.08448	2.67943e-02
0.08526	2.60729e-02
0.08604	2.54235e-02
0.08681	2.48540e-02
0.08757	2.43716e-02
0.08833	2.39828e-02
0.08907	2.36939e-02
0.08981	2.35113e-02
0.09055	2.34419e-02
0.09127	2.34937e-02
0.09199	2.36754e-02
0.09269	2.39961e-02
0.09338	2.44647e-02
0.09405	2.50889e-02
0.09470	2.58743e-02
0.09533	2.68239e-02
0.09593	2.79377e-02
0.09650	2.92126e-02
0.09704	3.06429e-02
0.09753	3.22204e-02
0.09799	3.39354e-02
0.09841	3.57766e-02
0.09878	3.77316e-02
0.09910	3.97869e-02
0.09938	4.19278e-02
0.09962	4.41384e-02
0.09982	4.64008e-02
0.09998	4.86950e-02
0.10012	5.09989e-02
0.10024	5.32888e-02
0.10036	5.55417e-02
0.10048	5.77369e-02
0.10063	5.98546e-02
0.10086	6.17990e-02
0.10145	6.31162e-02
0.10262	6.34856e-02
0.10396	6.35691e-02
0.10530	6.36055e-02
0.10661	6.36416e-02
0.10789	6.36716e-02
0.10922	6.35457e-02
0.11085	6.27852e-02
0.11260	6.17031e-02
0.11429	6.05631e-02
0.11591	5.94083e-02
0.11744	5.82520e-02
0.11887	5.71017e-02
0.12021	5.59632e-02
0.12145	5.48420e-02
0.12260	5.37435e-02
0.12364	5.26732e-02
0.12458	5.16365e-02
0.12541	5.06392e-02
0.12615	4.96870e-02
0.12679	4.87860e-02
0.12734	4.79322e-02
0.12779	4.71405e-02
0.12814	4.64168e-02
0.12841	4.57665e-02
0.12859	4.51946e-02
0.12869	4.47054e-02
0.12870	4.43023e-02
0.12864	4.39878e-02
0.12849	4.37632e-02
0.12828	4.36286e-02
0.12800	4.35829e-02
0.12766	4.36234e-02
0.12725	4.37465e-02
0.12679	4.39471e-02
0.12628	4.42193e-02
0.12571	4.45560e-02
0.12510	4.49496e-02
0.12446	4.53915e-02
0.12379	4.58903e-02
0.12309	4.64133e-02
0.12237	4.69475e-02
0.12161	4.74856e-02
0.12084	4.80173e-02
0.12006	4.85321e-02
0.11927	4.90203e-02
0.11847	4.94731e-02
0.11768	4.98837e-02
0.11690	5.02479e-02
0.11612	5.05646e-02
0.11536	5.08356e-02
0.11461	5.10655e-02
0.11387	5.12600e-02
0.11314	5.14251e-02
0.11243	5.15657e-02
0.11173	5.16843e-02
0.11104	5.17802e-02
0.11038	5.18485e-02
0.10975	5.18802e-02
0.10915	5.18611e-02
0.10861	5.17734e-02
0.10813	5.15964e-02
0.10772	5.13100e-02
0.10740	5.08977e-02
0.10717	5.03505e-02
0.10705	4.96650e-02
0.10702	4.88559e-02
0.10708	4.79406e-02
0.10720	4.69438e-02
0.10738	4.58948e-02
0.10760	4.48253e-02
0.10785	4.37656e-02
0.10813	4.27430e-02
0.10843	4.17798e-02
0.10873	4.08932e-02
0.10905	4.00956e-02
0.10938	3.93944e-02
0.10973	3.87934e-02
0.11009	3.82926e-02
0.11046	3.78895e-02
0.11085	3.75797e-02
0.11126	3.73578e-02
0.11170	3.72179e-02
0.11215	3.71542e-02
0.11262	3.71617e-02
0.11312	3.72352e-02
0.11363	3.73708e-02
0.11415	3.75652e-02
0.11468	3.78151e-02
0.11522	3.81178e-02
0.11576	3.84700e-02
0.11630	3.88681e-02
0.11684	3.93081e-02
0.11738	3.97851e-02
0.11791	4.02934e-02
0.11843	4.08268e-02
0.11894	4.13784e-02
0.11944	4.19408e-02
0.11994	4.25109e-02
0.12045	4.30697e-02
0.12095	4.36174e-02
0.12143	4.41471e-02
0.12192	4.46517e-02
0.12239	4.51259e-02
0.12286	4.55655e-02
0.12333	4.59674e-02
0.12379	4.63295e-02
0.12424	4.66507e-02
0.12470	4.69309e-02
0.12514	4.71705e-02
0.12558	4.73706e-02
0.12602	4.75324e-02
0.12644	4.76573e-02
0.12686	4.77469e-02
0.12726	4.78025e-02
0.12765	4.78256e-02
0.12803	4.78175e-02
0.12839	4.77795e-02
0.12873	4.77130e-02
0.12905	4.76196e-02
0.12934	4.75009e-02
0.12962	4.73605e-02
0.12987	4.71984e-02
0.13009	4.70142e-02
0.13028	4.68109e-02
0.13043	4.65911e-02
0.13054	4.63571e-02
0.13062	4.61114e-02
0.13065	4.58566e-02
0.13064	4.55947e-02
0.13057	4.53280e-02
0.13046	4.50580e-02
0.13029	4.47864e-02
0.13007	4.45142e-02
0.12980	4.42426e-02
0.12947	4.39721e-02
0.12907	4.37036e-02
0.12862	4.34375e-02
0.12811	4.31744e-02
0.12753	4.29145e-02
0.12689	4.26588e-02
0.12618	4.24082e-02
0.12541	4.21643e-02
0.12458	4.19285e-02
0.12368	4.17028e-02
0.12272	4.14893e-02
0.12169	4.12903e-02
0.12060	4.11085e-02
0.11945	4.09464e-02
0.11823	4.08070e-02
0.11695	4.06928e-02
0.11562	4.06067e-02
0.11422	4.05511e-02
0.11277	4.05279e-02
0.11126	4.05390e-02
0.10971	4.05853e-02
0.10811	4.06670e-02
0.10646	4.07834e-02
0.10478	4.09333e-02
0.10306	4.11131e-02
0.10132	4.13179e-02
0.09956	4.15408e-02
0.09778	4.17729e-02
0.09601	4.20029e-02
0.09425	4.22177e-02
0.09251	4.24042e-02
0.09080	4.25478e-02
0.08915	4.26391e-02
0.08755	4.26753e-02
0.08603	4.26548e-02
0.08457	4.25915e-02
0.08318	4.24927e-02
0.08187	4.23595e-02
0.08064	4.21822e-02
0.07952	4.19353e-02
0.07854	4.15757e-02
0.07773	4.10537e-02
0.07711	4.03382e-02
0.07667	3.94322e-02
0.07642	3.83593e-02
0.07631	3.71509e-02
0.07635	3.58440e-02
0.07650	3.44815e-02
0.07673	3.31104e-02
0.07704	3.17786e-02
0.07740	3.05307e-02
0.07781	2.94086e-02
0.07825	2.84501e-02
0.07871	2.76861e-02
0.07919	2.71382e-02
0.07970	2.68157e-02
0.08022	2.67120e-02
0.08078	2.68027e-02
0.08137	2.70447e-02
0.08201	2.73784e-02
0.08271	2.77357e-02
0.08349	2.80559e-02
0.08435	2.83065e-02
0.08529	2.85079e-02
0.08628	2.86786e-02
0.08731	2.88579e-02
0.08835	2.90807e-02
0.08940	2.93698e-02
0.09043	2.97413e-02
0.09144	3.02018e-02
0.09243	3.07527e-02
0.09340	3.13893e-02
0.09434	3.21079e-02
0.09525	3.29015e-02
0.09613	3.37621e-02
0.09698	3.46815e-02
0.09779	3.56516e-02
0.09857	3.66644e-02
0.09932	3.77128e-02
0.10003	3.87900e-02
0.10071	3.98903e-02
0.10135	4.10085e-02
0.10195	4.21405e-02
0.10251	4.32826e-02
0.10303	4.44319e-02
0.10351	4.55857e-02
0.10394	4.67424e-02
0.10434	4.78988e-02
0.10468	4.90522e-02
0.10498	5.01990e-02
0.10523	5.13343e-02
0.10543	5.24522e-02
0.10559	5.35441e-02
0.10572	5.45996e-02
0.10581	5.56051e-02
0.10587	5.65445e-02
0.10593	5.73997e-02
0.10599	5.81507e-02
0.10606	5.87729e-02
0.10618	5.92192e-02
0.10640	5.93851e-02
0.10678	5.91869e-02
0.10725	5.87326e-02
0.10773	5.81592e-02
0.10819	5.75431e-02
0.10860	5.69165e-02
0.10897	5.62912e-02
0.10928	5.56974e-02
0.10952	5.51495e-02
0.10970	5.46598e-02
0.10979	5.42383e-02
0.10981	5.38930e-02
0.10976	5.36302e-02
0.10963	5.34543e-02
0.10943	5.33674e-02
0.10915	5.33686e-02
0.10880	5.34508e-02
0.10839	5.35906e-02
0.10798	5.36965e-02
0.10771	5.34513e-02
0.10766	5.27370e-02
0.10763	5.19034e-02
0.10758	5.10968e-02
0.10747	5.03581e-02
0.10730	4.97046e-02
0.10708	4.91463e-02
0.10681	4.86894e-02
0.10648	4.83378e-02
0.10610	4.80922e-02
0.10568	4.79502e-02
0.10522	4.79176e-02
0.10474	4.79614e-02
0.10425	4.80376e-02
0.10380	4.80449e-02
0.10349	4.78001e-02
0.10333	4.72460e-02
0.10327	4.65214e-02
0.10323	4.57640e-02
0.10320	4.50420e-02
0.10316	4.43863e-02
0.10311	4.38117e-02
0.10304	4.33257e-02
0.10296	4.29312e-02
0.10287	4.26285e-02
0.10278	4.24162e-02
0.10268	4.22919e-02
0.10258	4.22528e-02
0.10249	4.22968e-02
0.10240	4.24225e-02
0.10233	4.26257e-02
0.10227	4.29103e-02
0.10222	4.32746e-02
0.10217	4.37139e-02
0.10215	4.42177e-02
0.10216	4.47666e-02
0.10220	4.53291e-02
0.10230	4.58588e-02
0.10250	4.62978e-02
0.10281	4.65934e-02
0.10324	4.67253e-02
0.10378	4.67207e-02
0.10441	4.66376e-02
0.10509	4.65377e-02
0.10581	4.64628e-02
0.10654	4.64642e-02
0.10728	4.65538e-02
0.10801	4.67432e-02
0.10873	4.70366e-02
0.10944	4.74334e-02
0.11013	4.79289e-02
0.11080	4.85153e-02
0.11146	4.91819e-02
0.11210	4.99168e-02
0.11272	5.07053e-02
0.11332	5.15291e-02
0.11392	5.23644e-02
0.11453	5.31783e-02
0.11515	5.39263e-02
0.11581	5.45633e-02
0.11651	5.50742e-02
0.11723	5.54877e-02
0.11796	5.58454e-02
0.11866	5.61776e-02
0.11934	5.65006e-02
0.11998	5.68222e-02
0.12058	5.71455e-02
0.12114	5.74565e-02
0.12165	5.77696e-02
0.12212	5.80827e-02
0.12254	5.83931e-02
0.12290	5.86984e-02
0.12322	5.89961e-02
0.12348	5.92837e-02
0.12369	5.95588e-02
0.12385	5.98192e-02
0.12395	6.00628e-02
0.12400	6.02880e-02
0.12400	6.04931e-02
0.12394	6.06768e-02
0.12384	6.08384e-02
0.12368	6.09772e-02
0.12348	6.10930e-02
0.12324	6.11858e-02
0.12294	6.12562e-02
0.12263	6.13139e-02
0.12227	6.13516e-02
0.12188	6.13647e-02
0.12145	6.13583e-02
0.12099	6.13341e-02
0.12050	6.12939e-02
0.11998	6.12395e-02
0.11944	6.11731e-02
0.11886	6.10966e-02
0.11827	6.10121e-02
0.11766	6.09288e-02
0.11703	6.08426e-02
0.11638	6.07551e-02
0.11572	6.06679e-02
0.11505	6.05822e-02
0.11436	6.04988e-02
0.11367	6.04182e-02
0.11296	6.03404e-02
0.11225	6.02647e-02
0.11154	6.01900e-02
0.11083	6.01140e-02
0.11011	6.00339e-02
0.10941	5.99458e-02
0.10870	5.98448e-02
0.10801	5.97251e-02
0.10734	5.95799e-02
0.10669	5.94070e-02
0.10607	5.91923e-02
0.10547	5.89271e-02
0.10492	5.86030e-02
0.10440	5.82091e-02
0.10393	5.77439e-02
0.10351	5.72049e-02
0.10313	5.65936e-02
0.10281	5.59155e-02
0.10253	5.51799e-02
0.10229	5.43999e-02
0.10208	5.35904e-02
0.10190	5.27681e-02
0.10174	5.19501e-02
0.10159	5.11530e-02
0.10145	5.03929e-02
0.10131	4.96844e-02
0.10117	4.90407e-02
0.10103	4.84732e-02
0.10088	4.79835e-02
0.10073	4.75859e-02
0.10056	4.72851e-02
0.10039	4.70834e-02
0.10021	4.69807e-02
0.10003	4.69747e-02
0.09984	4.70608e-02
0.09965	4.72323e-02
0.09946	4.74813e-02
0.09927	4.77983e-02
0.09909	4.81726e-02
0.09891	4.85931e-02
0.09875	4.90481e-02
0.09860	4.95255e-02
0.09847	5.00149e-02
0.09836	5.05029e-02
0.09828	5.09774e-02
0.09823	5.14267e-02
0.09823	5.18412e-02
0.09827	5.22109e-02
0.09834	5.25286e-02
0.09845	5.27901e-02
0.09860	5.29947e-02
0.09878	5.31444e-02
0.09899	5.32438e-02
0.09922	5.32985e-02
0.09947	5.33143e-02
0.09973	5.32969e-02
0.10001	5.32512e-02
0.10028	5.31818e-02
0.10057	5.30919e-02
0.10085	5.29846e-02
0.10113	5.28617e-02
0.10142	5.27245e-02
0.10171	5.25731e-02
0.10200	5.24069e-02
0.10230	5.22244e-02
0.10260	5.20236e-02
0.10293	5.18006e-02
0.10327	5.15516e-02
0.10363	5.12725e-02
0.10403	5.09597e-02
0.10445	5.06103e-02
0.10491	5.02227e-02
0.10541	4.97972e-02
0.10595	4.93360e-02
0.10653	4.88435e-02
0.10714	4.83260e-02
0.10780	4.77920e-02
0.10848	4.72513e-02
0.10920	4.67152e-02
0.10994	4.61962e-02
0.11071	4.57077e-02
0.11150	4.52633e-02
0.11230	4.48769e-02
0.11310	4.45722e-02
0.11391	4.43521e-02
0.11473	4.42218e-02
0.11555	4.41971e-02
0.11637	4.42852e-02
0.11718	4.44908e-02
0.11799	4.48154e-02
0.11878	4.52574e-02
0.11958	4.58117e-02
0.12036	4.64705e-02
0.12114	4.72253e-02
0.12192	4.80601e-02
0.12269	4.89599e-02
0.12346	4.99087e-02
0.12424	5.08905e-02
0.12503	5.18900e-02
0.12583	5.28936e-02
0.12665	5.38906e-02
0.12747	5.48731e-02
0.12831	5.58366e-02
0.12917	5.67796e-02
0.13003	5.77031e-02
0.13090	5.86098e-02
0.13176	5.95037e-02
0.13263	6.03889e-02
0.13348	6.12735e-02
0.13432	6.21540e-02
0.13515	6.30359e-02
0.13595	6.39208e-02
0.13673	6.48092e-02
0.13747	6.56992e-02
0.13817	6.65910e-02
0.13884	6.74814e-02
0.13947	6.83664e-02
0.14006	6.92410e-02
0.14060	7.00993e-02
0.14111	7.09348e-02
0.14157	7.17406e-02
0.14199	7.25093e-02
0.14238	7.32334e-02
0.14272	7.39054e-02
0.14303	7.45180e-02
0.14330	7.50640e-02
0.14354	7.55367e-02
0.14376	7.59298e-02
0.14396	7.62331e-02
0.14413	7.64467e-02
0.14428	7.65667e-02
0.14441	7.65902e-02
0.14452	7.65154e-02
0.14461	7.63419e-02
0.14468	7.60705e-02
0.14474	7.57033e-02
0.14477	7.52436e-02
0.14477	7.46957e-02
0.14475	7.40648e-02
0.14469	7.33568e-02
0.14460	7.25783e-02
0.14447	7.17361e-02
0.14431	7.08422e-02
0.14409	6.98992e-02
0.14383	6.89136e-02
0.14351	6.78924e-02
0.14314	6.68390e-02
0.14271	6.57630e-02
0.14222	6.46710e-02
0.14167	6.35693e-02
0.14105	6.24645e-02
0.14037	6.13631e-02
0.13963	6.02716e-02
0.13882	5.91967e-02
0.13795	5.81453e-02
0.13703	5.71248e-02
0.13604	5.61427e-02
0.13499	5.52068e-02
0.13389	5.43254e-02
0.13273	5.35069e-02
0.13152	5.27599e-02
0.13027	5.20927e-02
0.12896	5.15135e-02
0.12761	5.10298e-02
0.12622	5.06478e-02
0.12480	5.03766e-02
0.12335	5.02138e-02
0.12187	5.01586e-02
0.12037	5.02053e-02
0.11886	5.03396e-02
0.11735	5.05300e-02
0.11588	5.07061e-02
0.11453	5.07099e-02
0.11341	5.02844e-02
0.11258	4.93395e-02
0.11194	4.80926e-02
0.11139	4.67534e-02
0.11089	4.54258e-02
0.11042	4.41580e-02
0.10999	4.29740e-02
0.10960	4.18860e-02
0.10923	4.08995e-02
0.10890	4.00154e-02
0.10862	3.92307e-02
0.10838	3.85397e-02
0.10820	3.79327e-02
0.10808	3.74029e-02
0.10802	3.69421e-02
0.10802	3.65437e-02
0.10809	3.62035e-02
0.10821	3.59196e-02
0.10840	3.56926e-02
0.10863	3.55251e-02
0.10891	3.54128e-02
0.10924	3.53684e-02
0.10960	3.53955e-02
0.10999	3.54967e-02
0.11041	3.56733e-02
0.11085	3.59256e-02
0.11130	3.62524e-02
0.11176	3.66519e-02
0.11222	3.71212e-02
0.11267	3.76567e-02
0.11312	3.82544e-02
0.11354	3.89094e-02
0.11395	3.96167e-02
0.11434	4.03704e-02
0.11469	4.11643e-02
0.11500	4.19885e-02
0.11528	4.28383e-02
0.11552	4.37066e-02
0.11572	4.45860e-02
0.11588	4.54690e-02
0.11599	4.63518e-02
0.11607	4.72234e-02
0.11609	4.80770e-02
0.11608	4.89067e-02
0.11602	4.97073e-02
0.11592	5.04745e-02
0.11578	5.12056e-02
0.11559	5.18985e-02
0.11537	5.25526e-02
0.11510	5.31681e-02
0.11480	5.37460e-02
0.11445	5.42875e-02
0.11407	5.47938e-02
0.11365	5.52643e-02
0.11320	5.56954e-02
0.11272	5.60762e-02
0.11224	5.63706e-02
0.11181	5.64797e-02
0.11154	5.61814e-02
0.11149	5.53519e-02
0.11157	5.41848e-02
0.11169	5.28449e-02
0.11182	5.13927e-02
0.11194	4.98473e-02
0.11207	4.82147e-02
0.11219	4.64990e-02
0.11231	4.47075e-02
0.11243	4.28531e-02
0.11253	4.09560e-02
0.11261	3.90650e-02
0.11267	3.72045e-02
0.11270	3.54091e-02
0.11270	3.37268e-02
0.11266	3.22095e-02
0.11258	3.09182e-02
0.11247	2.99128e-02
0.11232	2.92492e-02
0.11213	2.89723e-02
0.11190	2.91084e-02
0.11165	2.96609e-02
0.11137	3.06100e-02
0.11108	3.19164e-02
0.11079	3.35285e-02
0.11050	3.53885e-02
0.11023	3.74385e-02
0.10999	3.96232e-02
0.10980	4.18923e-02
0.10969	4.42014e-02
0.10965	4.65127e-02
0.10973	4.87954e-02
0.10992	5.10252e-02
0.11024	5.31812e-02
0.11072	5.52364e-02
0.11139	5.71065e-02
0.11240	5.85475e-02
0.11390	5.92746e-02
0.11575	5.95204e-02
0.11779	5.96055e-02
0.11993	5.96636e-02
0.12214	5.97495e-02
0.12440	5.98909e-02
0.12668	6.01041e-02
0.12899	6.03987e-02
0.13131	6.07797e-02
0.13363	6.12487e-02
0.13594	6.18045e-02
0.13824	6.24437e-02
0.14052	6.31610e-02
0.14277	6.39497e-02
0.14500	6.48020e-02
0.14718	6.57092e-02
0.14933	6.66621e-02
0.15144	6.76473e-02
0.15349	6.86602e-02
0.15549	6.96914e-02
0.15742	7.07315e-02
0.15930	7.17715e-02
0.16110	7.28029e-02
0.16283	7.38175e-02
0.16448	7.48079e-02
0.16605	7.57656e-02
0.16754	7.66858e-02
0.16894	7.75631e-02
0.17024	7.83923e-02
0.17146	7.91691e-02
0.17257	7.98898e-02
0.17358	8.05513e-02
0.17450	8.11509e-02
0.17531	8.16866e-02
0.17601	8.21571e-02
0.17661	8.25616e-02
0.17710	8.28996e-02
0.17749	8.31715e-02
0.17778	8.33780e-02
0.17796	8.35204e-02
0.17804	8.35993e-02
0.17801	8.36185e-02
0.17789	8.35807e-02
0.17768	8.34890e-02
0.17737	8.33471e-02
0.17698	8.31635e-02
0.17650	8.29384e-02
0.17594	8.26766e-02
0.17531	8.23827e-02
0.17460	8.20618e-02
0.17382	8.17186e-02
0.17297	8.13577e-02
0.17207	8.09834e-02
0.17111	8.05996e-02
0.17011	8.02094e-02
0.16906	7.98151e-02
0.16798	7.94184e-02
0.16687	7.90196e-02
0.16575	7.86186e-02
0.16461	7.82141e-02
0.16348	7.77945e-02
0.16235	7.73667e-02
0.16124	7.69283e-02
0.16014	7.64776e-02
0.15908	7.60135e-02
0.15804	7.55359e-02
0.15704	7.50458e-02
0.15608	7.45454e-02
0.15516	7.40372e-02
0.15429	7.35239e-02
0.15346	7.30073e-02
0.15269	7.24873e-02
0.15196	7.19616e-02
0.15129	7.14260e-02
0.15067	7.08695e-02
0.15010	7.03006e-02
0.14959	6.97184e-02
0.14913	6.91345e-02
0.14871	6.85630e-02
0.14832	6.80351e-02
0.14794	6.75769e-02
0.14756	6.72120e-02
0.14716	6.69596e-02
0.14674	6.68334e-02
0.14629	6.68417e-02
0.14579	6.69879e-02
0.14526	6.72711e-02
0.14467	6.76866e-02
0.14404	6.82266e-02
0.14334	6.88812e-02
0.14260	6.96384e-02
0.14179	7.04852e-02
0.14093	7.14075e-02
0.14001	7.23910e-02
0.13904	7.34208e-02
0.13800	7.44822e-02
0.13692	7.55604e-02
0.13579	7.66486e-02
0.13462	7.77231e-02
0.13341	7.87672e-02
0.13217	7.97610e-02
0.13091	8.06774e-02
0.12967	8.14706e-02
0.12851	8.20479e-02
0.12754	8.22399e-02
0.12684	8.19255e-02
0.12634	8.12349e-02
0.12591	8.03578e-02
0.12548	7.93962e-02
0.12503	7.83963e-02
0.12454	7.73808e-02
0.12400	7.63632e-02
0.12342	7.53522e-02
0.12280	7.43543e-02
0.12212	7.33745e-02
0.12139	7.24168e-02
0.12061	7.14845e-02
0.11978	7.05623e-02
0.11890	6.96700e-02
0.11797	6.88099e-02
0.11700	6.79838e-02
0.11599	6.71933e-02
0.11494	6.64395e-02
0.11385	6.57229e-02
0.11273	6.50425e-02
0.11157	6.43864e-02
0.11040	6.37539e-02
0.10922	6.31221e-02
0.10808	6.24333e-02
0.10706	6.15610e-02
0.10623	6.03728e-02
0.10557	5.89258e-02
0.10499	5.73667e-02
0.10445	5.57847e-02
0.10392	5.42253e-02
0.10341	5.27158e-02
0.10290	5.12768e-02
0.10240	4.99263e-02
0.10192	4.86813e-02
0.10144	4.75577e-02
0.10101	4.65473e-02
0.10058	4.56917e-02
0.10017	4.49965e-02
0.09979	4.44703e-02
0.09942	4.41184e-02
0.09908	4.39431e-02
0.09878	4.39404e-02
0.09850	4.41031e-02
0.09827	4.44202e-02
0.09807	4.48784e-02
0.09792	4.54627e-02
0.09781	4.61579e-02
0.09776	4.69497e-02
0.09774	4.78253e-02
0.09778	4.87734e-02
0.09786	4.97832e-02
0.09798	5.08423e-02
0.09814	5.19315e-02
0.09835	5.30180e-02
0.09863	5.40552e-02
0.09899	5.50199e-02
0.09939	5.59429e-02
0.09982	5.68643e-02
0.10024	5.78040e-02
0.10065	5.87669e-02
0.10104	5.97499e-02
0.10139	6.07466e-02
0.10172	6.17484e-02
0.10201	6.27459e-02
0.10227	6.37289e-02
0.10249	6.46861e-02
0.10268	6.56044e-02
0.10285	6.64661e-02
0.10300	6.72443e-02
0.10316	6.78977e-02
0.10340	6.83372e-02
0.10376	6.84770e-02
0.10424	6.83312e-02
0.10478	6.80093e-02
0.10532	6.75755e-02
0.10583	6.70684e-02
0.10630	6.65051e-02
0.10673	6.58923e-02
0.10711	6.52317e-02
0.10745	6.45215e-02
0.10775	6.37588e-02
0.10802	6.29405e-02
0.10825	6.20650e-02
0.10846	6.11338e-02
0.10863	6.01519e-02
0.10876	5.91279e-02
0.10885	5.80728e-02
0.10891	5.69988e-02
0.10892	5.59192e-02
0.10888	5.48469e-02
0.10879	5.37950e-02
0.10865	5.27763e-02
0.10846	5.18037e-02
0.10822	5.08891e-02
0.10794	5.00441e-02
0.10761	4.92801e-02
0.10723	4.86078e-02
0.10682	4.80369e-02
0.10638	4.75762e-02
0.10590	4.72329e-02
0.10540	4.70127e-02
0.10489	4.69197e-02
0.10436	4.69555e-02
0.10384	4.71200e-02
0.10332	4.74108e-02
0.10281	4.78234e-02
0.10233	4.83515e-02
0.10188	4.89870e-02
0.10146	4.97202e-02
0.10111	5.05399e-02
0.10081	5.14334e-02
0.10058	5.23856e-02
0.10044	5.33766e-02
0.10039	5.43843e-02
0.10047	5.53770e-02
0.10068	5.63127e-02
0.10106	5.71411e-02
0.10162	5.78190e-02
0.10239	5.83338e-02
0.10332	5.87124e-02
0.10440	5.89998e-02
0.10558	5.92383e-02
0.10684	5.94563e-02
0.10816	5.96695e-02
0.10952	5.98850e-02
0.11092	6.01039e-02
0.11235	6.03231e-02
0.11381	6.05368e-02
0.11527	6.07377e-02
0.11675	6.09181e-02
0.11824	6.10710e-02
0.11973	6.11911e-02
0.12121	6.12763e-02
0.12269	6.13276e-02
0.12414	6.13488e-02
0.12556	6.13463e-02
0.12695	6.13347e-02
0.12830	6.13145e-02
0.12959	6.12932e-02
0.13083	6.12780e-02
0.13198	6.12830e-02
0.13306	6.13056e-02
0.13406	6.13511e-02
0.13499	6.14240e-02
0.13584	6.15285e-02
0.13661	6.16683e-02
0.13730	6.18468e-02
0.13790	6.20673e-02
0.13842	6.23323e-02
0.13885	6.26445e-02
0.13921	6.30059e-02
0.13948	6.34184e-02
0.13966	6.38835e-02
0.13977	6.44023e-02
0.13980	6.49755e-02
0.13976	6.56037e-02
0.13964	6.62864e-02
0.13944	6.70230e-02
0.13918	6.78127e-02
0.13884	6.86540e-02
0.13843	6.95450e-02
0.13796	7.04827e-02
0.13743	7.14634e-02
0.13684	7.24815e-02
0.13619	7.35293e-02
0.13550	7.45945e-02
0.13477	7.56573e-02
0.13404	7.66835e-02
0.13333	7.76124e-02
0.13271	7.83467e-02
0.13224	7.87793e-02
0.13194	7.89139e-02
0.13176	7.88385e-02
0.13164	7.86526e-02
0.13155	7.84131e-02
0.13147	7.81529e-02
0.13140	7.78881e-02
0.13134	7.76241e-02
0.13130	7.73588e-02
0.13127	7.70827e-02
0.13128	7.67797e-02
0.13135	7.64273e-02
0.13148	7.59995e-02
0.13170	7.54734e-02
0.13201	7.48371e-02
0.13241	7.40961e-02
0.13288	7.32718e-02
0.13341	7.23957e-02
0.13399	7.15008e-02
0.13458	7.06176e-02
0.13519	6.97721e-02
0.13580	6.89849e-02
0.13640	6.82718e-02
0.13698	6.76453e-02
0.13754	6.71140e-02
0.13808	6.66827e-02
0.13859	6.63526e-02
0.13907	6.61203e-02
0.13952	6.59776e-02
0.13994	6.59109e-02
0.14034	6.59007e-02
0.14073	6.59247e-02
0.14110	6.59629e-02
0.14145	6.60054e-02
0.14179	6.60549e-02
0.14210	6.61229e-02
0.14237	6.62221e-02
0.14259	6.63623e-02
0.14275	6.65491e-02
0.14285	6.67840e-02
0.14288	6.70657e-02
0.14284	6.73908e-02
0.14273	6.77553e-02
0.14254	6.81531e-02
0.14228	6.85777e-02
0.14195	6.90228e-02
0.14154	6.94814e-02
0.14105	6.99470e-02
0.14050	7.04121e-02
0.13987	7.08669e-02
0.13919	7.12896e-02
0.13851	7.15509e-02
0.13818	7.09951e-02
0.13802	6.99482e-02
0.13782	6.88309e-02
0.13756	6.76937e-02
0.13723	6.65491e-02
0.13683	6.54042e-02
0.13636	6.42650e-02
0.13582	6.31377e-02
0.13521	6.20290e-02
0.13454	6.09464e-02
0.13380	5.98975e-02
0.13301	5.88907e-02
0.13215	5.79341e-02
0.13124	5.70378e-02
0.13026	5.61883e-02
0.12923	5.54079e-02
0.12815	5.46997e-02
0.12704	5.40627e-02
0.12588	5.35003e-02
0.12472	5.29864e-02
0.12355	5.24945e-02
0.12241	5.19842e-02
0.12132	5.14017e-02
0.12031	5.06905e-02
0.11941	4.98134e-02
0.11861	4.87728e-02
0.11790	4.76105e-02
0.11726	4.63872e-02
0.11667	4.51628e-02
0.11611	4.39865e-02
0.11557	4.28957e-02
0.11505	4.19166e-02
0.11455	4.10665e-02
0.11407	4.03598e-02
0.11362	3.97937e-02
0.11319	3.93657e-02
0.11279	3.90692e-02
0.11242	3.88947e-02
0.11210	3.88316e-02
0.11182	3.88690e-02
0.11159	3.89966e-02
0.11140	3.92061e-02
0.11127	3.94910e-02
0.11120	3.98464e-02
0.11117	4.02691e-02
0.11120	4.07567e-02
0.11127	4.13071e-02
0.11139	4.19181e-02
0.11157	4.26008e-02
0.11179	4.33348e-02
0.11206	4.41122e-02
0.11236	4.49222e-02
0.11271	4.57530e-02
0.11310	4.65901e-02
0.11354	4.74186e-02
0.11402	4.82239e-02
0.11455	4.89932e-02
0.11511	4.97173e-02
0.11572	5.03913e-02
0.11636	5.10144e-02
0.11701	5.15890e-02
0.11769	5.21194e-02
0.11836	5.26100e-02
0.11903	5.30639e-02
0.11968	5.34829e-02
0.12030	5.38675e-02
0.12090	5.42175e-02
0.12146	5.45323e-02
0.12198	5.48123e-02
0.12244	5.50582e-02
0.12286	5.52693e-02
0.12322	5.54483e-02
0.12351	5.55959e-02
0.12374	5.57115e-02
0.12390	5.57924e-02
0.12398	5.58330e-02
0.12401	5.58238e-02
0.12397	5.57498e-02
0.12389	5.55895e-02
0.12377	5.53163e-02
0.12363	5.49029e-02
0.12348	5.43308e-02
0.12331	5.36005e-02
0.12313	5.27317e-02
0.12292	5.17553e-02
0.12267	5.07043e-02
0.12238	4.96080e-02
0.12203	4.84911e-02
0.12163	4.73741e-02
0.12117	4.62746e-02
0.12066	4.52076e-02
0.12010	4.41872e-02
0.11949	4.32257e-02
0.11884	4.23343e-02
0.11815	4.15233e-02
0.11742	4.08013e-02
0.11667	4.01758e-02
0.11590	3.96526e-02
0.11510	3.92354e-02
0.11430	3.89264e-02
0.11348	3.87254e-02
0.11267	3.86308e-02
0.11185	3.86389e-02
0.11105	3.87443e-02
0.11025	3.89403e-02
0.10947	3.92183e-02
0.10871	3.95678e-02
0.10797	3.99756e-02
0.10726	4.04251e-02
0.10659	4.08953e-02
0.10597	4.13589e-02
0.10540	4.17826e-02
0.10491	4.21279e-02
0.10452	4.23561e-02
0.10422	4.24356e-02
0.10403	4.23599e-02
0.10394	4.21448e-02
0.10393	4.18260e-02
0.10397	4.14480e-02
0.10406	4.10567e-02
0.10416	4.06912e-02
0.10427	4.03831e-02
0.10438	4.01561e-02
0.10447	4.00267e-02
0.10456	4.00049e-02
0.10462	4.00944e-02
0.10466	4.02935e-02
0.10468	4.05944e-02
0.10469	4.09839e-02
0.10469	4.14436e-02
0.10469	4.19499e-02
0.10469	4.24760e-02
0.10471	4.29952e-02
0.10476	4.34853e-02
0.10483	4.39373e-02
0.10494	4.43520e-02
0.10506	4.47390e-02
0.10521	4.51116e-02
0.10536	4.54826e-02
0.10552	4.58627e-02
0.10568	4.62603e-02
0.10582	4.66812e-02
0.10596	4.71295e-02
0.10609	4.76075e-02
0.10620	4.81163e-02
0.10628	4.86553e-02
0.10635	4.92232e-02
0.10640	4.98172e-02
0.10642	5.04346e-02
0.10643	5.10724e-02
0.10641	5.17267e-02
0.10637	5.23902e-02
0.10631	5.30611e-02
0.10624	5.37341e-02
0.10615	5.44043e-02
0.10605	5.50668e-02
0.10595	5.57158e-02
0.10585	5.63449e-02
0.10576	5.69462e-02
0.10568	5.75107e-02
0.10561	5.80274e-02
0.10558	5.84840e-02
0.10559	5.88673e-02
0.10564	5.91651e-02
0.10575	5.93669e-02
0.10592	5.94624e-02
0.10619	5.93958e-02
0.10667	5.89589e-02
0.10724	5.83381e-02
0.10785	5.76573e-02
0.10846	5.69474e-02
0.10907	5.62324e-02
0.10967	5.55325e-02
0.11024	5.48660e-02
0.11079	5.42495e-02
0.11129	5.36976e-02
0.11175	5.32233e-02
0.11216	5.28376e-02
0.11252	5.25495e-02
0.11283	5.23656e-02
0.11308	5.22902e-02
0.11327	5.23250e-02
0.11341	5.24692e-02
0.11349	5.27194e-02
0.11351	5.30699e-02
0.11349	5.35131e-02
0.11341	5.40393e-02
0.11329	5.46378e-02
0.11313	5.52966e-02
0.11293	5.60036e-02
0.11270	5.67435e-02
0.11243	5.75064e-02
0.11214	5.82810e-02
0.11183	5.90568e-02
0.11150	5.98246e-02
0.11117	6.05760e-02
0.11083	6.13034e-02
0.11048	6.19999e-02
0.11015	6.26587e-02
0.10982	6.32726e-02
0.10951	6.38330e-02
0.10922	6.43293e-02
0.10897	6.47488e-02
0.10876	6.50781e-02
0.10860	6.53082e-02
0.10849	6.54399e-02
0.10843	6.54842e-02
0.10841	6.54567e-02
0.10842	6.53719e-02
0.10845	6.52409e-02
0.10850	6.50720e-02
0.10856	6.48713e-02
0.10863	6.46438e-02
0.10871	6.43936e-02
0.10880	6.41262e-02
0.10889	6.38432e-02
0.10899	6.35463e-02
0.10909	6.32366e-02
0.10920	6.29106e-02
0.10931	6.25714e-02
0.10943	6.22180e-02
0.10957	6.18490e-02
0.10971	6.14629e-02
0.10986	6.10582e-02
0.11003	6.06341e-02
0.11021	6.01901e-02
0.11040	5.97269e-02
0.11062	5.92458e-02
0.11084	5.87492e-02
0.11108	5.82402e-02
0.11133	5.77231e-02
0.11160	5.72025e-02
0.11186	5.66840e-02
0.11215	5.61650e-02
0.11244	5.56620e-02
0.11272	5.51813e-02
0.11300	5.47284e-02
0.11327	5.43082e-02
0.11353	5.39249e-02
0.11379	5.35815e-02
0.11403	5.32805e-02
0.11427	5.30236e-02
0.11450	5.28125e-02
0.11473	5.26489e-02
0.11494	5.25351e-02
0.11515	5.24740e-02
0.11536	5.24688e-02
0.11556	5.25160e-02
0.11576	5.26314e-02
0.11596	5.28104e-02
0.11615	5.30541e-02
0.11634	5.33623e-02
0.11652	5.37311e-02
0.11671	5.41579e-02
0.11690	5.46387e-02
0.11709	5.51684e-02
0.11729	5.57419e-02
0.11750	5.63543e-02
0.11772	5.70012e-02
0.11795	5.76792e-02
0.11818	5.83861e-02
0.11843	5.91207e-02
0.11868	5.98827e-02
0.11894	6.06725e-02
0.11919	6.14906e-02
0.11945	6.23372e-02
0.11970	6.32118e-02
0.11994	6.41124e-02
0.12017	6.50357e-02
0.12038	6.59765e-02
0.12057	6.69486e-02
0.12075	6.79233e-02
0.12091	6.88878e-02
0.12107	6.98265e-02
0.12123	7.07216e-02
0.12140	7.15535e-02
0.12158	7.23019e-02
0.12178	7.29476e-02
0.12203	7.34747e-02
0.12230	7.38723e-02
0.12262	7.41367e-02
0.12297	7.42716e-02
0.12334	7.42868e-02
0.12373	7.41959e-02
0.12412	7.40137e-02
0.12451	7.37543e-02
0.12488	7.34303e-02
0.12523	7.30521e-02
0.12556	7.26284e-02
0.12585	7.21656e-02
0.12611	7.16700e-02
0.12634	7.11420e-02
0.12654	7.05805e-02
0.12671	6.99819e-02
0.12686	6.93388e-02
0.12699	6.86410e-02
0.12711	6.78755e-02
0.12723	6.70284e-02
0.12735	6.60873e-02
0.12749	6.50444e-02
0.12763	6.38987e-02
0.12778	6.26562e-02
0.12793	6.13293e-02
0.12806	5.99333e-02
0.12818	5.84850e-02
0.12828	5.70003e-02
0.12834	5.54937e-02
0.12837	5.39781e-02
0.12837	5.24646e-02
0.12833	5.09627e-02
0.12825	4.94808e-02
0.12813	4.80264e-02
0.12798	4.66061e-02
0.12779	4.52312e-02
0.12756	4.39013e-02
0.12730	4.26216e-02
0.12702	4.13973e-02
0.12672	4.02335e-02
0.12640	3.91336e-02
0.12607	3.81048e-02
0.12573	3.71526e-02
0.12538	3.62825e-02
0.12503	3.55004e-02
0.12468	3.48120e-02
0.12434	3.42231e-02
0.12400	3.37393e-02
0.12368	3.33657e-02
0.12337	3.31070e-02
0.12309	3.29667e-02
0.12283	3.29474e-02
0.12259	3.30502e-02
0.12238	3.32747e-02
0.12220	3.36188e-02
0.12205	3.40788e-02
0.12194	3.46492e-02
0.12186	3.53230e-02
0.12180	3.60922e-02
0.12178	3.69477e-02
0.12180	3.78799e-02
0.12184	3.88784e-02
0.12191	3.99327e-02
0.12200	4.10323e-02
0.12212	4.21667e-02
0.12226	4.33256e-02
0.12242	4.44989e-02
0.12260	4.56770e-02
0.12280	4.68506e-02
0.12300	4.80137e-02
0.12323	4.91569e-02
0.12346	5.02702e-02
0.12371	5.13466e-02
0.12396	5.23831e-02
0.12422	5.33689e-02
0.12448	5.43008e-02
0.12475	5.51748e-02
0.12503	5.59881e-02
0.12532	5.67387e-02
0.12561	5.74255e-02
0.12590	5.80486e-02
0.12621	5.86087e-02
0.12651	5.91076e-02
0.12682	5.95478e-02
0.12713	5.99324e-02
0.12744	6.02652e-02
0.12775	6.05506e-02
0.12805	6.07931e-02
0.12834	6.09977e-02
0.12862	6.11697e-02
0.12889	6.13143e-02
0.12914	6.14368e-02
0.12938	6.15413e-02
0.12959	6.16336e-02
0.12977	6.17191e-02
0.12992	6.18025e-02
0.13004	6.18886e-02
0.13011	6.19817e-02
0.13014	6.20856e-02
0.13013	6.22038e-02
0.13006	6.23396e-02
0.12994	6.24955e-02
0.12976	6.26741e-02
0.12951	6.28772e-02
0.12920	6.31064e-02
0.12883	6.33627e-02
0.12838	6.36467e-02
0.12786	6.39582e-02
0.12726	6.42965e-02
0.12659	6.46594e-02
0.12585	6.50435e-02
0.12504	6.54425e-02
0.12417	6.58551e-02
0.12324	6.62550e-02
0.12227	6.66128e-02
0.12129	6.68854e-02
0.12033	6.70290e-02
0.11940	6.70304e-02
0.11849	6.69151e-02
0.11759	6.67186e-02
0.11668	6.64670e-02
0.11576	6.61760e-02
0.11484	6.58546e-02
0.11391	6.55082e-02
0.11298	6.51406e-02
0.11205	6.47551e-02
0.11112	6.43550e-02
0.11020	6.39435e-02
0.10930	6.35239e-02
0.10841	6.30992e-02
0.10753	6.26717e-02
0.10667	6.22426e-02
0.10584	6.18116e-02
0.10503	6.13765e-02
0.10425	6.09308e-02
0.10352	6.04596e-02
0.10285	5.99237e-02
0.10230	5.92415e-02
0.10189	5.83516e-02
0.10159	5.73130e-02
0.10135	5.62020e-02
0.10115	5.50644e-02
0.10097	5.39252e-02
0.10080	5.28031e-02
0.10064	5.17142e-02
0.10047	5.06740e-02
0.10030	4.96972e-02
0.10011	4.87978e-02
0.09991	4.79891e-02
0.09969	4.72835e-02
0.09946	4.66919e-02
0.09921	4.62233e-02
0.09894	4.58848e-02
0.09866	4.56809e-02
0.09836	4.56135e-02
0.09806	4.56816e-02
0.09775	4.58816e-02
0.09744	4.62073e-02
0.09714	4.66507e-02
0.09685	4.72019e-02
0.09659	4.78504e-02
0.09634	4.85844e-02
0.09613	4.93918e-02
0.09595	5.02586e-02
0.09582	5.11683e-02
0.09574	5.21000e-02
0.09574	5.30283e-02
0.09581	5.39281e-02
0.09596	5.47842e-02
0.09620	5.55903e-02
0.09651	5.63591e-02
0.09689	5.70993e-02
0.09732	5.78112e-02
0.09781	5.84901e-02
0.09837	5.91179e-02
0.09897	5.96955e-02
0.09962	6.02135e-02
0.10032	6.06633e-02
0.10106	6.10383e-02
0.10184	6.13339e-02
0.10264	6.15476e-02
0.10347	6.16785e-02
0.10431	6.17274e-02
0.10515	6.16967e-02
0.10599	6.15894e-02
0.10682	6.14097e-02
0.10763	6.11624e-02
0.10841	6.08529e-02
0.10915	6.04868e-02
0.10986	6.00703e-02
0.11052	5.96095e-02
0.11112	5.91107e-02
0.11168	5.85800e-02
0.11217	5.80239e-02
0.11260	5.74483e-02
0.11296	5.68587e-02
0.11327	5.62602e-02
0.11350	5.56577e-02
0.11367	5.50552e-02
0.11377	5.44565e-02
0.11380	5.38643e-02
0.11377	5.32809e-02
0.11368	5.27077e-02
0.11354	5.21454e-02
0.11333	5.15964e-02
0.11308	5.10568e-02
0.11278	5.05248e-02
0.11243	4.99973e-02
0.11205	4.94707e-02
0.11165	4.89408e-02
0.11121	4.84035e-02
0.11076	4.78547e-02
0.11030	4.72961e-02
0.10983	4.67231e-02
0.10936	4.61361e-02
0.10889	4.55377e-02
0.10842	4.49320e-02
0.10796	4.43249e-02
0.10751	4.37233e-02
0.10707	4.31351e-02
0.10664	4.25686e-02
0.10622	4.20325e-02
0.10582	4.15359e-02
0.10545	4.10879e-02
0.10509	4.06974e-02
0.10477	4.03730e-02
0.10447	4.01228e-02
0.10421	3.99541e-02
0.10398	3.98728e-02
0.10379	3.98838e-02
0.10364	3.99901e-02
0.10354	4.01928e-02
0.10349	4.04913e-02
0.10349	4.08827e-02
0.10354	4.13620e-02
0.10367	4.19218e-02
0.10387	4.25392e-02
0.10413	4.32075e-02
0.10448	4.38938e-02
0.10493	4.45287e-02
0.10555	4.49654e-02
0.10642	4.50167e-02
0.10753	4.46796e-02
0.10878	4.41519e-02
0.11011	4.35958e-02
0.11146	4.30962e-02
0.11283	4.26970e-02
0.11420	4.24230e-02
0.11556	4.22886e-02
0.11690	4.23006e-02
0.11822	4.24602e-02
0.11952	4.27638e-02
0.12078	4.32035e-02
0.12201	4.37684e-02
0.12321	4.44449e-02
0.12440	4.52335e-02
0.12555	4.61030e-02
0.12666	4.70367e-02
0.12774	4.80179e-02
0.12878	4.90308e-02
0.12979	5.00605e-02
0.13077	5.10940e-02
0.13170	5.21194e-02
0.13261	5.31266e-02
0.13348	5.41069e-02
0.13431	5.50531e-02
0.13511	5.59593e-02
0.13586	5.68207e-02
0.13658	5.76335e-02
0.13726	5.83945e-02
0.13791	5.91211e-02
0.13851	5.97908e-02
0.13907	6.04023e-02
0.13955	6.09707e-02
0.13999	6.14812e-02
0.14037	6.19343e-02
0.14069	6.23316e-02
0.14096	6.26754e-02
0.14116	6.29691e-02
0.14129	6.32167e-02
0.14136	6.34233e-02
0.14135	6.35944e-02
0.14127	6.37360e-02
0.14111	6.38543e-02
0.14087	6.39553e-02
0.14055	6.40452e-02
0.14015	6.41294e-02
0.13966	6.42128e-02
0.13909	6.42996e-02
0.13843	6.43932e-02
0.13769	6.44961e-02
0.13687	6.46097e-02
0.13596	6.47303e-02
0.13497	6.48628e-02
0.13391	6.50060e-02
0.13278	6.51581e-02
0.13158	6.53166e-02
0.13033	6.54786e-02
0.12901	6.56405e-02
0.12765	6.57986e-02
0.12625	6.59491e-02
0.12480	6.60879e-02
0.12332	6.62111e-02
0.12182	6.63146e-02
0.12028	6.63987e-02
0.11873	6.64561e-02
0.11717	6.64833e-02
0.11561	6.64765e-02
0.11406	6.64323e-02
0.11251	6.63469e-02
0.11098	6.62162e-02
0.10948	6.60360e-02
0.10802	6.58027e-02
0.10660	6.55094e-02
0.10524	6.51489e-02
0.10396	6.47132e-02
0.10275	6.41939e-02
0.10164	6.35848e-02
0.10062	6.28847e-02
0.09972	6.20996e-02
0.09891	6.12415e-02
0.09821	6.03258e-02
0.09759	5.93687e-02
0.09707	5.83865e-02
0.09663	5.73960e-02
0.09626	5.64137e-02
0.09597	5.54560e-02
0.09574	5.45383e-02
0.09557	5.36753e-02
0.09545	5.28797e-02
0.09539	5.21629e-02
0.09536	5.15337e-02
0.09538	5.09989e-02
0.09543	5.05615e-02
0.09553	5.02202e-02
0.09566	4.99655e-02
0.09583	4.97852e-02
0.09605	4.96650e-02
0.09631	4.96020e-02
0.09661	4.96075e-02
0.09692	4.96986e-02
0.09724	4.98898e-02
0.09756	5.01905e-02
0.09786	5.06054e-02
0.09815	5.11353e-02
0.09840	5.17779e-02
0.09863	5.25282e-02
0.09883	5.33791e-02
0.09898	5.43219e-02
0.09911	5.53469e-02
0.09919	5.64433e-02
0.09923	5.76000e-02
0.09922	5.88058e-02
0.09918	6.00497e-02
0.09910	6.13210e-02
0.09897	6.26092e-02
0.09881	6.38990e-02
0.09913	6.44012e-02
0.10027	6.35644e-02
0.10136	6.27214e-02
0.10239	6.18900e-02
0.10336	6.10740e-02
0.10425	6.02762e-02
0.10508	5.94999e-02
0.10583	5.87484e-02
0.10651	5.80251e-02
0.10712	5.73334e-02
0.10766	5.66767e-02
0.10812	5.60579e-02
0.10852	5.54781e-02
0.10886	5.49386e-02
0.10914	5.44420e-02
0.10936	5.39886e-02
0.10954	5.35750e-02
0.10967	5.32027e-02
0.10977	5.28691e-02
0.10983	5.25709e-02
0.10987	5.23042e-02
0.10989	5.20657e-02
0.10989	5.18530e-02
0.10989	5.16653e-02
0.10989	5.15046e-02
0.10989	5.13754e-02
0.10990	5.12855e-02
0.10991	5.12454e-02
0.10992	5.12674e-02
0.10993	5.13650e-02
0.10994	5.15517e-02
0.10996	5.18402e-02
0.10997	5.22416e-02
0.10999	5.27647e-02
0.11000	5.34154e-02
0.11001	5.41966e-02
0.11003	5.51073e-02
0.11005	5.61426e-02
0.11008	5.72924e-02
0.11012	5.85396e-02
0.11020	5.98559e-02
0.11033	6.11925e-02
0.11057	6.24624e-02
0.11099	6.35255e-02
0.11167	6.42464e-02
0.11261	6.46405e-02
0.11373	6.48465e-02
0.11493	6.49827e-02
0.11619	6.51116e-02
0.11748	6.52604e-02
0.11879	6.54377e-02
0.12012	6.56424e-02
0.12145	6.58682e-02
0.12279	6.61072e-02
0.12413	6.63513e-02
0.12549	6.65966e-02
0.12684	6.68349e-02
0.12819	6.70654e-02
0.12951	6.72902e-02
0.13080	6.75145e-02
0.13205	6.77453e-02
0.13326	6.79910e-02
0.13440	6.82603e-02
0.13549	6.85619e-02
0.13649	6.89034e-02
0.13742	6.92917e-02
0.13826	6.97324e-02
0.13901	7.02296e-02
0.13966	7.07862e-02
0.14022	7.14034e-02
0.14068	7.20814e-02
0.14103	7.28189e-02
0.14129	7.36134e-02
0.14145	7.44614e-02
0.14152	7.53583e-02
0.14148	7.62987e-02
0.14136	7.72766e-02
0.14114	7.82851e-02
0.14084	7.93154e-02
0.14046	8.03724e-02
0.14000	8.14385e-02
0.13946	8.25068e-02
0.13885	8.35712e-02
0.13818	8.46241e-02
0.13743	8.56628e-02
0.13662	8.66845e-02
0.13574	8.76874e-02
0.13480	8.86710e-02
0.13379	8.96357e-02
0.13271	9.05831e-02
0.13157	9.15151e-02
0.13037	9.24341e-02
0.12910	9.33426e-02
0.12777	9.42428e-02
0.12638	9.51369e-02
0.12494	9.60260e-02
0.12344	9.69105e-02
0.12190	9.77887e-02
0.12034	9.86695e-02
0.11875	9.95263e-02
0.11719	1.00322e-01
0.11579	1.00920e-01
0.11489	1.00927e-01
0.11453	1.00337e-01
0.11439	9.95178e-02
0.11439	9.85760e-02
0.11451	9.75194e-02
0.11477	9.63368e-02
0.11517	9.50194e-02
0.11572	9.35690e-02
0.11640	9.20001e-02
0.11718	9.03371e-02
0.11803	8.86178e-02
0.11895	8.68583e-02
0.11991	8.50834e-02
0.12090	8.33125e-02
0.12191	8.15643e-02
0.12293	7.98505e-02
0.12396	7.81831e-02
0.12499	7.65729e-02
0.12601	7.50298e-02
0.12703	7.35628e-02
0.12803	7.21804e-02
0.12902	7.08904e-02
0.12999	6.97000e-02
0.13093	6.86159e-02
0.13184	6.76439e-02
0.13272	6.67893e-02
0.13356	6.60562e-02
0.13435	6.54480e-02
0.13511	6.49671e-02
0.13581	6.46147e-02
0.13646	6.43911e-02
0.13705	6.42952e-02
0.13759	6.43251e-02
0.13807	6.44779e-02
0.13849	6.47477e-02
0.13885	6.51294e-02
0.13914	6.56172e-02
0.13937	6.62044e-02
0.13954	6.68836e-02
0.13964	6.76470e-02
0.13968	6.84864e-02
0.13965	6.93931e-02
0.13955	7.03582e-02
0.13940	7.13725e-02
0.13918	7.24270e-02
0.13891	7.35024e-02
0.13858	7.45990e-02
0.13820	7.57076e-02
0.13776	7.68185e-02
0.13726	7.79223e-02
0.13672	7.90088e-02
0.13613	8.00675e-02
0.13550	8.10868e-02
0.13484	8.20516e-02
0.13416	8.29482e-02
0.13347	8.37577e-02
0.13278	8.44572e-02
0.13212	8.50175e-02
0.13149	8.54079e-02
0.13094	8.56026e-02
0.13046	8.55913e-02
0.13005	8.53847e-02
0.12970	8.50089e-02
0.12939	8.44948e-02
0.12910	8.38699e-02
0.12883	8.31558e-02
0.12855	8.23685e-02
0.12828	8.15201e-02
0.12800	8.06202e-02
0.12771	7.96770e-02
0.12742	7.86980e-02
0.12712	7.76909e-02
0.12680	7.66633e-02
0.12648	7.56235e-02
0.12614	7.45800e-02
0.12579	7.35415e-02
0.12542	7.25154e-02
0.12505	7.15044e-02
0.12466	7.05239e-02
0.12425	6.95794e-02
0.12381	6.86738e-02
0.12337	6.78244e-02
0.12291	6.70081e-02
0.12244	6.62147e-02
0.12196	6.54295e-02
0.12150	6.46334e-02
0.12105	6.38067e-02
0.12063	6.29337e-02
0.12024	6.20074e-02
0.11988	6.10322e-02
0.11953	6.00226e-02
0.11920	5.89991e-02
0.11886	5.79838e-02
0.11852	5.69981e-02
0.11816	5.60605e-02
0.11779	5.51865e-02
0.11741	5.43965e-02
0.11701	5.36920e-02
0.11660	5.30791e-02
0.11618	5.25614e-02
0.11576	5.21392e-02
0.11534	5.18100e-02
0.11495	5.15678e-02
0.11457	5.14035e-02
0.11424	5.13047e-02
0.11396	5.12566e-02
0.11374	5.12430e-02
0.11359	5.12483e-02
0.11354	5.12593e-02
0.11358	5.12674e-02
0.11371	5.12706e-02
0.11395	5.12655e-02
0.11428	5.12579e-02
0.11472	5.12520e-02
0.11525	5.12516e-02
0.11587	5.12588e-02
0.11658	5.12741e-02
0.11738	5.12964e-02
0.11827	5.13234e-02
0.11923	5.13516e-02
0.12027	5.13772e-02
0.12138	5.13960e-02
0.12255	5.14038e-02
0.12380	5.13968e-02
0.12510	5.13714e-02
0.12645	5.13250e-02
0.12785	5.12555e-02
0.12929	5.11616e-02
0.13077	5.10431e-02
0.13228	5.09006e-02
0.13381	5.07354e-02
0.13536	5.05494e-02
0.13693	5.03450e-02
0.13850	5.01356e-02
0.14008	4.99128e-02
0.14164	4.96795e-02
0.14320	4.94387e-02
0.14473	4.91929e-02
0.14625	4.89448e-02
0.14773	4.86967e-02
0.14918	4.84507e-02
0.15059	4.82086e-02
0.15195	4.79722e-02
0.15327	4.77427e-02
0.15453	4.75212e-02
0.15573	4.73139e-02
0.15687	4.71161e-02
0.15794	4.69285e-02
0.15895	4.67513e-02
0.15988	4.65849e-02
0.16075	4.64296e-02
0.16154	4.62855e-02
0.16225	4.61527e-02
0.16290	4.60501e-02
0.16347	4.59595e-02
0.16397	4.58808e-02
0.16439	4.58102e-02
0.16473	4.57505e-02
0.16500	4.57009e-02
0.16519	4.56608e-02
0.16531	4.56288e-02
0.16536	4.56038e-02
0.16534	4.55844e-02
0.16525	4.55691e-02
0.16509	4.55567e-02
0.16488	4.55460e-02
0.16459	4.55365e-02
0.16425	4.55280e-02
0.16385	4.55214e-02
0.16339	4.55184e-02
0.16286	4.55215e-02
0.16228	4.55342e-02
0.16164	4.55608e-02
0.16093	4.56059e-02
0.16016	4.56747e-02
0.15933	4.57721e-02
0.15841	4.59177e-02
0.15745	4.61071e-02
0.15641	4.63366e-02
0.15530	4.66087e-02
0.15412	4.69246e-02
0.15286	4.72962e-02
0.15154	4.77114e-02
0.15014	4.81690e-02
0.14867	4.86672e-02
0.14713	4.92039e-02
0.14552	4.97766e-02
0.14385	5.03823e-02
0.14212	5.10182e-02
0.14034	5.16810e-02
0.13850	5.23672e-02
0.13662	5.30733e-02
0.13470	5.37951e-02
0.13275	5.45281e-02
0.13077	5.52671e-02
0.12877	5.60060e-02
0.12676	5.67376e-02
0.12476	5.74526e-02
0.12276	5.81386e-02
0.12080	5.87782e-02
0.11888	5.93450e-02
0.11705	5.97972e-02
0.11534	6.00686e-02
0.11382	6.00726e-02
0.11253	5.97479e-02
0.11148	5.91173e-02
0.11062	5.82630e-02
0.10992	5.72626e-02
0.10937	5.61693e-02
0.10895	5.50188e-02
0.10866	5.38616e-02
0.10848	5.27017e-02
0.10841	5.15643e-02
0.10845	5.04755e-02
0.10859	4.94624e-02
0.10881	4.85527e-02
0.10913	4.77736e-02
0.10952	4.71515e-02
0.10998	4.67099e-02
0.11051	4.64693e-02
0.11110	4.64453e-02
0.11175	4.66485e-02
0.11246	4.70837e-02
0.11321	4.77502e-02
0.11401	4.86416e-02
0.11484	4.97472e-02
0.11572	5.10517e-02
0.11663	5.25342e-02
0.11759	5.41403e-02
0.11877	5.54617e-02
0.12011	5.66348e-02
0.12150	5.78914e-02
0.12291	5.92288e-02
0.12436	6.06330e-02
0.12583	6.20839e-02
0.12733	6.35624e-02
0.12884	6.50479e-02
0.13038	6.65183e-02
0.13194	6.79488e-02
0.13353	6.93108e-02
0.13516	7.05705e-02
0.13683	7.16899e-02
0.13857	7.26304e-02
0.14036	7.33626e-02
0.14222	7.38760e-02
0.14413	7.41823e-02
0.14606	7.43059e-02
0.14799	7.42748e-02
0.14990	7.41138e-02
0.15177	7.38422e-02
0.15358	7.34750e-02
0.15534	7.30233e-02
0.15702	7.24963e-02
0.15864	7.19138e-02
0.16016	7.12713e-02
0.16160	7.05753e-02
0.16295	6.98309e-02
0.16419	6.90466e-02
0.16534	6.82294e-02
0.16638	6.73869e-02
0.16732	6.65268e-02
0.16816	6.56577e-02
0.16888	6.47882e-02
0.16950	6.39276e-02
0.17002	6.30858e-02
0.17043	6.22730e-02
0.17073	6.14996e-02
0.17094	6.07767e-02
0.17104	6.01152e-02
0.17104	5.95261e-02
0.17095	5.90204e-02
0.17077	5.86083e-02
0.17050	5.82993e-02
0.17014	5.81019e-02
0.16971	5.80228e-02
0.16920	5.80667e-02
0.16864	5.82345e-02
0.16802	5.85335e-02
0.16734	5.89560e-02
0.16662	5.94943e-02
0.16585	6.01365e-02
0.16506	6.08648e-02
0.16425	6.16569e-02
0.16344	6.24810e-02
0.16264	6.32953e-02
0.16188	6.40454e-02
0.16119	6.46628e-02
0.16060	6.50681e-02
0.16016	6.51838e-02
0.15989	6.49572e-02
0.15979	6.43820e-02
0.15984	6.34993e-02
0.16002	6.23777e-02
0.16029	6.10909e-02
0.16063	5.97053e-02
0.16101	5.82764e-02
0.16144	5.68426e-02
0.16188	5.54499e-02
0.16235	5.41330e-02
0.16282	5.29230e-02
0.16330	5.18479e-02
0.16380	5.09333e-02
0.16430	5.02013e-02
0.16482	4.96703e-02
0.16534	4.93543e-02
0.16589	4.92619e-02
0.16645	4.93960e-02
0.16703	4.97537e-02
0.16764	5.03265e-02
0.16828	5.11014e-02
0.16895	5.20629e-02
0.16966	5.31893e-02
0.17041	5.44588e-02
0.17120	5.58497e-02
0.17202	5.73409e-02
0.17289	5.89130e-02
0.17379	6.05482e-02
0.17473	6.22310e-02
0.17569	6.39481e-02
0.17668	6.56882e-02
0.17769	6.74418e-02
0.17871	6.92012e-02
0.17973	7.09600e-02
0.18075	7.27127e-02
0.18176	7.44549e-02
0.18275	7.61826e-02
0.18372	7.78923e-02
0.18465	7.95810e-02
0.18556	8.12457e-02
0.18642	8.28839e-02
0.18723	8.44933e-02
0.18800	8.60718e-02
0.18871	8.76180e-02
0.18936	8.91308e-02
0.18995	9.06098e-02
0.19048	9.20550e-02
0.19093	9.34669e-02
0.19130	9.48465e-02
0.19160	9.61952e-02
0.19182	9.75144e-02
0.19195	9.88056e-02
0.19200	1.00070e-01
0.19195	1.01310e-01
0.19182	1.02525e-01
0.19159	1.03717e-01
0.19126	1.04893e-01
0.19084	1.06046e-01
0.19032	1.07175e-01
0.18972	1.08278e-01
0.18902	1.09348e-01
0.18824	1.10377e-01
0.18739	1.11341e-01
0.18651	1.12173e-01
0.18574	1.12672e-01
0.18529	1.12468e-01
0.18512	1.11656e-01
0.18499	1.10609e-01
0.18482	1.09482e-01
0.18457	1.08329e-01
0.18423	1.07174e-01
0.18379	1.06029e-01
0.18325	1.04902e-01
0.18261	1.03800e-01
0.18187	1.02727e-01
0.18104	1.01686e-01
0.18010	1.00680e-01
0.17907	9.97106e-02
0.17794	9.87799e-02
0.17672	9.78883e-02
0.17541	9.70358e-02
0.17401	9.62222e-02
0.17254	9.54467e-02
0.17098	9.47079e-02
0.16935	9.40041e-02
0.16766	9.33331e-02
0.16590	9.26921e-02
0.16408	9.20792e-02
0.16222	9.14917e-02
0.16032	9.09215e-02
0.15839	9.03619e-02
0.15644	8.98050e-02
0.15448	8.92368e-02
0.15253	8.86507e-02
0.15059	8.80341e-02
0.14868	8.73746e-02
0.14681	8.66618e-02
0.14499	8.58894e-02
0.14323	8.50561e-02
0.14154	8.41651e-02
0.13991	8.32214e-02
0.13835	8.22293e-02
0.13686	8.11897e-02
0.13545	8.00994e-02
0.13413	7.89522e-02
0.13290	7.77413e-02
0.13176	7.64625e-02
0.13074	7.51062e-02
0.12981	7.36919e-02
0.12897	7.22332e-02
0.12821	7.07467e-02
0.12751	6.92498e-02
0.12687	6.77592e-02
0.12628	6.62907e-02
0.12573	6.48586e-02
0.12521	6.34756e-02
0.12472	6.21529e-02
0.12424	6.09003e-02
0.12379	5.97262e-02
0.12334	5.86380e-02
0.12290	5.76424e-02
0.12246	5.67453e-02
0.12201	5.59592e-02
0.12155	5.52860e-02
0.12107	5.47310e-02
0.12057	5.42987e-02
0.12005	5.39930e-02
0.11950	5.38163e-02
0.11891	5.37696e-02
0.11828	5.38520e-02
0.11760	5.40603e-02
0.11688	5.43895e-02
0.11612	5.48320e-02
0.11530	5.53787e-02
0.11443	5.60185e-02
0.11352	5.67386e-02
0.11255	5.75248e-02
0.11155	5.83618e-02
0.11051	5.92330e-02
0.10944	6.01203e-02
0.10835	6.10047e-02
0.10726	6.18652e-02
0.10616	6.26793e-02
0.10509	6.34220e-02
0.10408	6.41014e-02
0.10314	6.46551e-02
0.10229	6.50542e-02
0.10155	6.52727e-02
0.10095	6.52915e-02
0.10049	6.51015e-02
0.10018	6.47048e-02
0.10001	6.41133e-02
0.09997	6.33478e-02
0.10004	6.24356e-02
0.10021	6.14078e-02
0.10045	6.02962e-02
0.10074	5.91286e-02
0.10108	5.79325e-02
0.10145	5.67304e-02
0.10183	5.55421e-02
0.10223	5.43856e-02
0.10263	5.32775e-02
0.10303	5.22333e-02
0.10343	5.12672e-02
0.10382	5.03913e-02
0.10421	4.96150e-02
0.10458	4.89451e-02
0.10496	4.83767e-02
0.10533	4.79169e-02
0.10569	4.75605e-02
0.10606	4.72974e-02
0.10643	4.71135e-02
0.10681	4.69918e-02
0.10721	4.69135e-02
0.10764	4.68600e-02
0.10810	4.68149e-02
0.10859	4.67652e-02
0.10912	4.67015e-02
0.10968	4.66185e-02
0.11028	4.65137e-02
0.11091	4.63871e-02
0.11157	4.62406e-02
0.11224	4.60777e-02
0.11294	4.59039e-02
0.11364	4.57266e-02
0.11434	4.55549e-02
0.11504	4.53999e-02
0.11572	4.52723e-02
0.11639	4.51729e-02
0.11702	4.51268e-02
0.11761	4.51451e-02
0.11815	4.52372e-02
0.11863	4.54105e-02
0.11905	4.56690e-02
0.11939	4.60143e-02
0.11966	4.64452e-02
0.11985	4.69581e-02
0.11996	4.75470e-02
0.11999	4.82043e-02
0.11994	4.89209e-02
0.11981	4.96868e-02
0.11961	5.04909e-02
0.11933	5.13220e-02
0.11899	5.21683e-02
0.11859	5.30177e-02
0.11814	5.38579e-02
0.11764	5.46760e-02
0.11711	5.54582e-02
0.11656	5.61890e-02
0.11600	5.68506e-02
0.11544	5.74233e-02
0.11489	5.78859e-02
0.11438	5.82206e-02
0.11391	5.84180e-02
0.11348	5.84820e-02
0.11308	5.84285e-02
0.11271	5.82799e-02
0.11235	5.80586e-02
0.11199	5.77834e-02
0.11162	5.74686e-02
0.11125	5.71240e-02
0.11086	5.67592e-02
0.11045	5.63779e-02
0.11002	5.59790e-02
0.10957	5.55626e-02
0.10911	5.51279e-02
0.10863	5.46730e-02
0.10814	5.41950e-02
0.10764	5.36898e-02
0.10714	5.31519e-02
0.10663	5.25742e-02
0.10614	5.19488e-02
0.10566	5.12674e-02
0.10520	5.05239e-02
0.10478	4.97166e-02
0.10437	4.88508e-02
0.10400	4.79406e-02
0.10364	4.70082e-02
0.10330	4.60818e-02
0.10296	4.51931e-02
0.10262	4.43746e-02
0.10228	4.36574e-02
0.10192	4.30698e-02
0.10155	4.26352e-02
0.10117	4.23695e-02
0.10078	4.22816e-02
0.10038	4.23690e-02
0.10000	4.26137e-02
0.09964	4.29756e-02
0.09935	4.33834e-02
0.09917	4.37268e-02
0.09918	4.38755e-02
0.09940	4.37481e-02
0.09982	4.33745e-02
0.10040	4.28580e-02
0.10109	4.22994e-02
0.10185	4.17643e-02
0.10267	4.12895e-02
0.10355	4.08900e-02
0.10448	4.05666e-02
0.10547	4.03120e-02
0.10651	4.01167e-02
0.10761	3.99741e-02
0.10875	3.98848e-02
0.10993	3.98522e-02
0.11114	3.98969e-02
0.11236	4.00367e-02
0.11360	4.02836e-02
0.11484	4.06580e-02
0.11607	4.11696e-02
0.11727	4.18229e-02
0.11846	4.26179e-02
0.11960	4.35507e-02
0.12072	4.46142e-02
0.12179	4.57992e-02
0.12282	4.70950e-02
0.12381	4.84899e-02
0.12475	4.99722e-02
0.12563	5.15299e-02
0.12647	5.31515e-02
0.12725	5.48258e-02
0.12797	5.65422e-02
0.12864	5.82907e-02
0.12925	6.00619e-02
0.12980	6.18468e-02
0.13029	6.36372e-02
0.13072	6.54252e-02
0.13108	6.72042e-02
0.13140	6.89625e-02
0.13166	7.06965e-02
0.13186	7.24003e-02
0.13201	7.40683e-02
0.13210	7.56970e-02
0.13213	7.72800e-02
0.13211	7.88132e-02
0.13205	8.02930e-02
0.13193	8.17159e-02
0.13177	8.30785e-02
0.13157	8.43776e-02
0.13132	8.56099e-02
0.13104	8.67722e-02
0.13073	8.78612e-02
0.13039	8.88738e-02
0.13002	8.98072e-02
0.12964	9.06595e-02
0.12924	9.14296e-02
0.12882	9.21175e-02
0.12841	9.27185e-02
0.12798	9.32411e-02
0.12755	9.36872e-02
0.12711	9.40586e-02
0.12667	9.43559e-02
0.12624	9.45784e-02
0.12581	9.47239e-02
0.12540	9.47892e-02
0.12500	9.47709e-02
0.12464	9.46668e-02
0.12431	9.44768e-02
0.12401	9.42040e-02
0.12374	9.38550e-02
0.12350	9.34386e-02
0.12328	9.29649e-02
0.12309	9.24476e-02
0.12291	9.18922e-02
0.12274	9.13060e-02
0.12257	9.06944e-02
0.12242	9.00603e-02
0.12226	8.94047e-02
0.12212	8.87268e-02
0.12199	8.80251e-02
0.12187	8.72986e-02
0.12175	8.65477e-02
0.12165	8.57752e-02
0.12154	8.49860e-02
0.12143	8.41858e-02
0.12131	8.33806e-02
0.12118	8.25752e-02
0.12103	8.17729e-02
0.12085	8.09744e-02
0.12067	8.01777e-02
0.12046	7.93780e-02
0.12024	7.85669e-02
0.12001	7.77331e-02
0.11979	7.68623e-02
0.11959	7.59501e-02
0.11941	7.49761e-02
0.11924	7.39342e-02
0.11910	7.28266e-02
0.11896	7.16638e-02
0.11883	7.04618e-02
0.11868	6.92383e-02
0.11852	6.80109e-02
0.11833	6.67952e-02
0.11812	6.56052e-02
0.11788	6.44530e-02
0.11760	6.33495e-02
0.11729	6.23061e-02
0.11695	6.13300e-02
0.11657	6.04300e-02
0.11616	5.96140e-02
0.11572	5.88898e-02
0.11525	5.82645e-02
0.11475	5.77446e-02
0.11421	5.73357e-02
0.11364	5.70448e-02
0.11303	5.68725e-02
0.11240	5.68204e-02
0.11174	5.68889e-02
0.11105	5.70768e-02
0.11033	5.73803e-02
0.10960	5.77937e-02
0.10885	5.83086e-02
0.10809	5.89138e-02
0.10734	5.95946e-02
0.10660	6.03321e-02
0.10589	6.11023e-02
0.10523	6.18751e-02
0.10464	6.26153e-02
0.10416	6.32835e-02
0.10382	6.38294e-02
0.10373	6.40695e-02
0.10388	6.40453e-02
0.10417	6.38937e-02
0.10459	6.36470e-02
0.10512	6.33297e-02
0.10575	6.29635e-02
0.10645	6.25688e-02
0.10721	6.21659e-02
0.10801	6.17514e-02
0.10884	6.13639e-02
0.10970	6.10178e-02
0.11058	6.07226e-02
0.11147	6.04817e-02
0.11239	6.02951e-02
0.11332	6.01564e-02
0.11427	6.00546e-02
0.11526	5.99751e-02
0.11628	5.99010e-02
0.11734	5.98154e-02
0.11845	5.97032e-02
0.11961	5.95527e-02
0.12082	5.93568e-02
0.12208	5.91128e-02
0.12339	5.88212e-02
0.12473	5.84845e-02
0.12611	5.81059e-02
0.12751	5.76886e-02
0.12894	5.72354e-02
0.13038	5.67495e-02
0.13184	5.62330e-02
0.13329	5.56883e-02
0.13475	5.51182e-02
0.13620	5.45264e-02
0.13764	5.39172e-02
0.13906	5.32961e-02
0.14045	5.26695e-02
0.14181	5.20449e-02
0.14313	5.14306e-02
0.14440	5.08357e-02
0.14562	5.02699e-02
0.14679	4.97434e-02
0.14789	4.92640e-02
0.14892	4.88522e-02
0.14989	4.85116e-02
0.15077	4.82521e-02
0.15157	4.80831e-02
0.15229	4.80133e-02
0.15292	4.80502e-02
0.15346	4.82003e-02
0.15391	4.84686e-02
0.15426	4.88586e-02
0.15453	4.93725e-02
0.15471	5.00106e-02
0.15479	5.07718e-02
0.15478	5.16535e-02
0.15469	5.26517e-02
0.15451	5.37608e-02
0.15425	5.49740e-02
0.15391	5.62833e-02
0.15350	5.76792e-02
0.15301	5.91506e-02
0.15245	6.06847e-02
0.15184	6.22661e-02
0.15118	6.38756e-02
0.15047	6.54885e-02
0.14974	6.70710e-02
0.14901	6.85750e-02
0.14832	6.99300e-02
0.14772	7.10396e-02
0.14726	7.17974e-02
0.14699	7.21407e-02
0.14690	7.20988e-02
0.14693	7.17693e-02
0.14705	7.12544e-02
0.14720	7.06294e-02
0.14737	6.99426e-02
0.14754	6.92328e-02
0.14772	6.85082e-02
0.14787	6.77793e-02
0.14802	6.70533e-02
0.14815	6.63355e-02
0.14826	6.56308e-02
0.14835	6.49441e-02
0.14842	6.42809e-02
0.14848	6.36284e-02
0.14851	6.30107e-02
0.14852	6.24353e-02
0.14849	6.19149e-02
0.14843	6.14525e-02
0.14834	6.10546e-02
0.14821	6.07266e-02
0.14805	6.04730e-02
0.14785	6.02973e-02
0.14762	6.02015e-02
0.14736	6.01865e-02
0.14706	6.02518e-02
0.14674	6.03953e-02
0.14638	6.06137e-02
0.14600	6.09019e-02
0.14560	6.12531e-02
0.14518	6.16587e-02
0.14475	6.21076e-02
0.14431	6.25863e-02
0.14388	6.30776e-02
0.14345	6.35604e-02
0.14304	6.40091e-02
0.14266	6.43937e-02
0.14234	6.46854e-02
0.14208	6.48587e-02
0.14188	6.48932e-02
0.14174	6.47886e-02
0.14165	6.45593e-02
0.14161	6.42231e-02
0.14159	6.38063e-02
0.14158	6.33277e-02
0.14157	6.28016e-02
0.14154	6.22386e-02
0.14149	6.16461e-02
0.14142	6.10297e-02
0.14131	6.03938e-02
0.14115	5.97424e-02
0.14095	5.90790e-02
0.14070	5.84075e-02
0.14039	5.77318e-02
0.14002	5.70561e-02
0.13959	5.63848e-02
0.13909	5.57225e-02
0.13852	5.50742e-02
0.13788	5.44436e-02
0.13717	5.38348e-02
0.13639	5.32512e-02
0.13555	5.26962e-02
0.13464	5.21722e-02
0.13366	5.16812e-02
0.13263	5.12244e-02
0.13154	5.08024e-02
0.13039	5.04148e-02
0.12920	5.00607e-02
0.12796	4.97383e-02
0.12669	4.94450e-02
0.12538	4.91774e-02
0.12404	4.89315e-02
0.12268	4.87046e-02
0.12131	4.84898e-02
0.11993	4.82789e-02
0.11855	4.80706e-02
0.11718	4.78603e-02
0.11580	4.76438e-02
0.11444	4.74182e-02
0.11309	4.71821e-02
0.11176	4.69363e-02
0.11046	4.66835e-02
0.10917	4.64288e-02
0.10791	4.61798e-02
0.10668	4.59455e-02
0.10546	4.57366e-02
0.10427	4.55644e-02
0.10311	4.54403e-02
0.10196	4.53751e-02
0.10084	4.53783e-02
0.09974	4.54578e-02
0.09867	4.56190e-02
0.09763	4.58647e-02
0.09662	4.61949e-02
0.09564	4.66074e-02
0.09471	4.70941e-02
0.09384	4.76442e-02
0.09302	4.82412e-02
0.09228	4.88571e-02
0.09167	4.94235e-02
0.09130	4.96997e-02
0.09137	4.93626e-02
0.09172	4.86955e-02
0.09222	4.79156e-02
0.09284	4.70704e-02
0.09356	4.61717e-02
0.09438	4.52253e-02
0.09529	4.42380e-02
0.09628	4.32173e-02
0.09733	4.21719e-02
0.09843	4.11111e-02
0.09957	4.00440e-02
0.10075	3.89800e-02
0.10195	3.79281e-02
0.10315	3.69138e-02
0.10437	3.59308e-02
0.10558	3.49868e-02
0.10678	3.40883e-02
0.10798	3.32445e-02
0.10917	3.24622e-02
0.11035	3.17481e-02
0.11151	3.11082e-02
0.11266	3.05480e-02
0.11380	3.00723e-02
0.11492	2.96852e-02
0.11602	2.93898e-02
0.11711	2.91883e-02
0.11818	2.90819e-02
0.11924	2.90707e-02
0.12028	2.91538e-02
0.12131	2.93292e-02
0.12233	2.95941e-02
0.12333	2.99447e-02
0.12432	3.03767e-02
0.12529	3.08849e-02
0.12626	3.14639e-02
0.12721	3.21080e-02
0.12817	3.28110e-02
0.12910	3.35960e-02
0.13003	3.44314e-02
0.13094	3.53121e-02
0.13186	3.62334e-02
0.13276	3.71911e-02
0.13367	3.81813e-02
0.13457	3.92009e-02
0.13546	4.02472e-02
0.13636	4.13179e-02
0.13724	4.24111e-02
0.13812	4.35254e-02
0.13900	4.46594e-02
0.13986	4.58121e-02
0.14071	4.69822e-02
0.14155	4.81685e-02
0.14236	4.93695e-02
0.14316	5.05827e-02
0.14393	5.18042e-02
0.14468	5.30272e-02
0.14543	5.42382e-02
0.14616	5.54013e-02
0.14691	5.64274e-02
0.14777	5.71081e-02
0.14878	5.73018e-02
0.14986	5.72107e-02
0.15094	5.70301e-02
0.15199	5.68388e-02
0.15299	5.66679e-02
0.15394	5.65316e-02
0.15484	5.64375e-02
0.15568	5.63898e-02
0.15647	5.63903e-02
0.15720	5.64396e-02
0.15787	5.65336e-02
0.15847	5.66717e-02
0.15902	5.68530e-02
0.15951	5.70754e-02
0.15994	5.73328e-02
0.16032	5.76205e-02
0.16065	5.79329e-02
0.16091	5.82647e-02
0.16112	5.86099e-02
0.16126	5.89630e-02
0.16135	5.93179e-02
0.16138	5.96690e-02
0.16135	6.00104e-02
0.16125	6.03362e-02
0.16109	6.06402e-02
0.16087	6.09159e-02
0.16059	6.11561e-02
0.16025	6.13524e-02
0.15985	6.14952e-02
0.15939	6.15728e-02
0.15888	6.15718e-02
0.15833	6.14768e-02
0.15774	6.12724e-02
0.15710	6.09479e-02
0.15644	6.04941e-02
0.15575	5.99139e-02
0.15502	5.92190e-02
0.15425	5.84270e-02
0.15343	5.75574e-02
0.15256	5.66287e-02
0.15163	5.56574e-02
0.15064	5.46573e-02
0.14959	5.36401e-02
0.14847	5.26160e-02
0.14730	5.15940e-02
0.14606	5.05835e-02
0.14476	4.95903e-02
0.14341	4.86222e-02
0.14199	4.76867e-02
0.14052	4.67914e-02
0.13899	4.59442e-02
0.13741	4.51529e-02
0.13578	4.44253e-02
0.13410	4.37704e-02
0.13237	4.31954e-02
0.13060	4.27078e-02
0.12880	4.23130e-02
0.12697	4.20191e-02
0.12510	4.18314e-02
0.12322	4.17543e-02
0.12131	4.17907e-02
0.11939	4.19420e-02
0.11747	4.22079e-02
0.11554	4.25864e-02
0.11362	4.30738e-02
0.11170	4.36644e-02
0.10981	4.43508e-02
0.10794	4.51238e-02
0.10611	4.59720e-02
0.10432	4.68818e-02
0.10258	4.78364e-02
0.10092	4.88152e-02
0.09935	4.97917e-02
0.09789	5.07313e-02
0.09658	5.15876e-02
0.09546	5.22975e-02
0.09458	5.27806e-02
0.09400	5.29677e-02
0.09372	5.28503e-02
0.09370	5.25090e-02
0.09388	5.20449e-02
0.09420	5.15338e-02
0.09464	5.10231e-02
0.09518	5.05407e-02
0.09581	5.01024e-02
0.09651	4.97163e-02
0.09727	4.93855e-02
0.09810	4.91101e-02
0.09898	4.88885e-02
0.09991	4.87181e-02
0.10089	4.85958e-02
0.10191	4.85183e-02
0.10297	4.84820e-02
0.10406	4.84828e-02
0.10518	4.85159e-02
0.10633	4.85749e-02
0.10751	4.86525e-02
0.10871	4.87368e-02
0.10993	4.88138e-02
0.11119	4.88675e-02
0.11248	4.88812e-02
0.11381	4.88406e-02
0.11517	4.87374e-02
0.11655	4.85716e-02
0.11796	4.83519e-02
0.11939	4.80938e-02
0.12081	4.78172e-02
0.12222	4.75431e-02
0.12362	4.72927e-02
0.12498	4.70854e-02
0.12631	4.69370e-02
0.12759	4.68654e-02
0.12882	4.68808e-02
0.13000	4.70060e-02
0.13112	4.72362e-02
0.13218	4.75753e-02
0.13318	4.80244e-02
0.13410	4.85821e-02
0.13495	4.92443e-02
0.13573	5.00051e-02
0.13644	5.08565e-02
0.13708	5.17899e-02
0.13764	5.27954e-02
0.13813	5.38623e-02
0.13855	5.49799e-02
0.13891	5.61371e-02
0.13920	5.73231e-02
0.13944	5.85274e-02
0.13961	5.97401e-02
0.13974	6.09521e-02
0.13982	6.21551e-02
0.13986	6.33419e-02
0.13987	6.45065e-02
0.13984	6.56442e-02
0.13977	6.67514e-02
0.13968	6.78258e-02
0.13957	6.88653e-02
0.13943	6.98677e-02
0.13927	7.08280e-02
0.13911	7.17322e-02
0.13896	7.25353e-02
0.13889	7.30915e-02
0.13905	7.31743e-02
0.13935	7.29031e-02
0.13969	7.25130e-02
0.13998	7.20950e-02
0.14024	7.16851e-02
0.14044	7.12991e-02
0.14058	7.09466e-02
0.14067	7.06340e-02
0.14068	7.03662e-02
0.14063	7.01468e-02
0.14050	6.99783e-02
0.14030	6.98622e-02
0.14003	6.97986e-02
0.13968	6.97855e-02
0.13927	6.98213e-02
0.13879	6.98804e-02
0.13829	6.98800e-02
0.13792	6.95507e-02
0.13768	6.88504e-02
0.13745	6.80530e-02
0.13718	6.72558e-02
0.13685	6.64849e-02
0.13647	6.57503e-02
0.13604	6.50577e-02
0.13555	6.44112e-02
0.13502	6.38144e-02
0.13443	6.32707e-02
0.13380	6.27835e-02
0.13313	6.23561e-02
0.13242	6.19921e-02
0.13168	6.16950e-02
0.13090	6.14682e-02
0.13008	6.13150e-02
0.12924	6.12385e-02
0.12837	6.12410e-02
0.12747	6.13192e-02
0.12655	6.14773e-02
0.12562	6.17137e-02
0.12467	6.20246e-02
0.12371	6.24029e-02
0.12275	6.28376e-02
0.12180	6.33121e-02
0.12087	6.38032e-02
0.11998	6.42800e-02
0.11916	6.47060e-02
0.11843	6.50433e-02
0.11781	6.52508e-02
0.11746	6.50649e-02
0.11785	6.35976e-02
0.11848	6.17428e-02
0.11917	5.97796e-02
0.11991	5.77555e-02
0.12067	5.56973e-02
0.12145	5.36246e-02
0.12222	5.15523e-02
0.12300	4.94959e-02
0.12377	4.74683e-02
0.12453	4.54820e-02
0.12529	4.35493e-02
0.12604	4.16829e-02
0.12677	3.98959e-02
0.12748	3.82024e-02
0.12817	3.66168e-02
0.12884	3.51546e-02
0.12948	3.38316e-02
0.13010	3.26635e-02
0.13068	3.16658e-02
0.13123	3.08521e-02
0.13175	3.02338e-02
0.13223	2.98193e-02
0.13267	2.96120e-02
0.13306	2.96230e-02
0.13342	2.98367e-02
0.13373	3.02411e-02
0.13400	3.08205e-02
0.13423	3.15564e-02
0.13442	3.24291e-02
0.13457	3.34187e-02
0.13468	3.45101e-02
0.13475	3.56817e-02
0.13478	3.69174e-02
0.13478	3.82027e-02
0.13474	3.95251e-02
0.13467	4.08740e-02
0.13456	4.22403e-02
0.13441	4.36165e-02
0.13424	4.49961e-02
0.13403	4.63737e-02
0.13378	4.77443e-02
0.13350	4.91035e-02
0.13319	5.04467e-02
0.13284	5.17677e-02
0.13245	5.30622e-02
0.13204	5.43233e-02
0.13159	5.55428e-02
0.13113	5.67098e-02
0.13065	5.78113e-02
0.13016	5.88315e-02
0.12967	5.97529e-02
0.12919	6.05582e-02
0.12874	6.12345e-02
0.12831	6.17770e-02
0.12791	6.21914e-02
0.12754	6.24937e-02
0.12718	6.27041e-02
0.12684	6.28443e-02
0.12649	6.29345e-02
0.12614	6.29914e-02
0.12578	6.30288e-02
0.12542	6.30576e-02
0.12504	6.30864e-02
0.12465	6.31221e-02
0.12425	6.31702e-02
0.12384	6.32349e-02
0.12342	6.33195e-02
0.12299	6.34279e-02
0.12255	6.35597e-02
0.12211	6.37147e-02
0.12166	6.38910e-02
0.12121	6.40852e-02
0.12076	6.42913e-02
0.12032	6.45011e-02
0.11989	6.47038e-02
0.11947	6.48866e-02
0.11909	6.50351e-02
0.11873	6.51351e-02
0.11841	6.51747e-02
0.11814	6.51463e-02
0.11791	6.50477e-02
0.11772	6.48823e-02
0.11756	6.46573e-02
0.11743	6.43817e-02
0.11732	6.40645e-02
0.11723	6.37132e-02
0.11714	6.33333e-02
0.11707	6.29260e-02
0.11700	6.24966e-02
0.11694	6.20471e-02
0.11688	6.15800e-02
0.11682	6.10984e-02
0.11675	6.06070e-02
0.11668	6.01118e-02
0.11660	5.96202e-02
0.11650	5.91407e-02
0.11639	5.86825e-02
0.11625	5.82545e-02
0.11608	5.78655e-02
0.11588	5.75227e-02
0.11564	5.72313e-02
0.11538	5.69936e-02
0.11508	5.68078e-02
0.11475	5.66677e-02
0.11440	5.65647e-02
0.11403	5.64912e-02
0.11365	5.64546e-02
0.11325	5.64454e-02
0.11284	5.64640e-02
0.11242	5.65066e-02
0.11199	5.65623e-02
0.11157	5.66108e-02
0.11118	5.66192e-02
0.11084	5.65402e-02
0.11059	5.63147e-02
0.11046	5.58857e-02
0.11045	5.52231e-02
0.11057	5.43420e-02
0.11078	5.32940e-02
0.11105	5.21421e-02
0.11135	5.09380e-02
0.11167	4.97401e-02
0.11198	4.85808e-02
0.11227	4.74898e-02
0.11253	4.64902e-02
0.11276	4.56014e-02
0.11295	4.48399e-02
0.11310	4.42191e-02
0.11321	4.37494e-02
0.11327	4.34384e-02
0.11328	4.32906e-02
0.11325	4.33074e-02
0.11317	4.34874e-02
0.11304	4.38265e-02
0.11287	4.43180e-02
0.11265	4.49535e-02
0.11238	4.57231e-02
0.11207	4.66155e-02
0.11171	4.76190e-02
0.11131	4.87211e-02
0.11087	4.99088e-02
0.11040	5.11684e-02
0.10989	5.24848e-02
0.10934	5.38357e-02
0.10878	5.52034e-02
0.10823	5.65556e-02
0.10770	5.78443e-02
0.10724	5.89998e-02
0.10690	5.99458e-02
0.10671	6.06457e-02
0.10667	6.11230e-02
0.10675	6.14213e-02
0.10693	6.15840e-02
0.10719	6.16647e-02
0.10749	6.17199e-02
0.10781	6.17912e-02
0.10815	6.19080e-02
0.10848	6.20857e-02
0.10881	6.23312e-02
0.10913	6.26449e-02
0.10946	6.30224e-02
0.10979	6.34541e-02
0.11014	6.39246e-02
0.11052	6.44101e-02
0.11095	6.48736e-02
0.11147	6.52632e-02
0.11209	6.55312e-02
0.11282	6.56761e-02
0.11367	6.56922e-02
0.11462	6.55778e-02
0.11568	6.53320e-02
0.11683	6.49623e-02
0.11806	6.44859e-02
0.11937	6.39246e-02
0.12072	6.32988e-02
0.12210	6.26253e-02
0.12352	6.19157e-02
0.12495	6.11777e-02
0.12640	6.04162e-02
0.12786	5.96348e-02
0.12933	5.88369e-02
0.13079	5.80271e-02
0.13225	5.72108e-02
0.13370	5.63951e-02
0.13514	5.55884e-02
0.13655	5.48004e-02
0.13794	5.40419e-02
0.13929	5.33157e-02
0.14061	5.26429e-02
0.14188	5.20359e-02
0.14310	5.15073e-02
0.14427	5.10691e-02
0.14538	5.07325e-02
0.14643	5.05072e-02
0.14742	5.04011e-02
0.14834	5.04198e-02
0.14919	5.05669e-02
0.14997	5.08431e-02
0.15068	5.12470e-02
0.15131	5.17745e-02
0.15187	5.24197e-02
0.15237	5.31746e-02
0.15279	5.40299e-02
0.15315	5.49751e-02
0.15345	5.59988e-02
0.15368	5.70891e-02
0.15388	5.82456e-02
0.15402	5.94439e-02
0.15411	6.06718e-02
0.15416	6.19172e-02
0.15418	6.31684e-02
0.15416	6.44137e-02
0.15412	6.56416e-02
0.15405	6.68408e-02
0.15397	6.80000e-02
0.15389	6.91080e-02
0.15380	7.01534e-02
0.15371	7.11253e-02
0.15363	7.20132e-02
0.15357	7.28079e-02
0.15353	7.35025e-02
0.15352	7.40911e-02
0.15352	7.45746e-02
0.15354	7.49778e-02
0.15357	7.52877e-02
0.15361	7.55132e-02
0.15366	7.56652e-02
0.15371	7.57555e-02
0.15375	7.57963e-02
0.15377	7.57996e-02
0.15379	7.57709e-02
0.15378	7.57259e-02
0.15373	7.56748e-02
0.15365	7.56266e-02
0.15352	7.55899e-02
0.15335	7.55723e-02
0.15313	7.55804e-02
0.15286	7.56203e-02
0.15254	7.56971e-02
0.15216	7.58148e-02
0.15172	7.59768e-02
0.15124	7.61851e-02
0.15069	7.64411e-02
0.15010	7.67458e-02
0.14946	7.70969e-02
0.14877	7.74920e-02
0.14805	7.79277e-02
0.14728	7.83984e-02
0.14649	7.88963e-02
0.14567	7.94101e-02
0.14485	7.99225e-02
0.14403	8.04047e-02
0.14326	8.08024e-02
0.14260	8.10080e-02
0.14214	8.08522e-02
0.14194	8.02442e-02
0.14193	7.92964e-02
0.14203	7.81474e-02
0.14218	7.68694e-02
0.14238	7.54930e-02
0.14261	7.40313e-02
0.14285	7.24915e-02
0.14311	7.08796e-02
0.14336	6.92026e-02
0.14362	6.74687e-02
0.14385	6.56875e-02
0.14407	6.38692e-02
0.14426	6.20346e-02
0.14442	6.01853e-02
0.14454	5.83331e-02
0.14462	5.64901e-02
0.14465	5.46687e-02
0.14464	5.28823e-02
0.14457	5.11452e-02
0.14446	4.94728e-02
0.14429	4.78816e-02
0.14409	4.63900e-02
0.14384	4.50172e-02
0.14354	4.37840e-02
0.14321	4.27115e-02
0.14285	4.18209e-02
0.14245	4.11322e-02
0.14202	4.06629e-02
0.14157	4.04267e-02
0.14111	4.04319e-02
0.14062	4.06805e-02
0.14012	4.11674e-02
0.13963	4.18587e-02
0.13914	4.27566e-02
0.13865	4.38376e-02
0.13817	4.50741e-02
0.13770	4.64351e-02
0.13726	4.78876e-02
0.13685	4.93976e-02
0.13648	5.09307e-02
0.13616	5.24532e-02
0.13590	5.39329e-02
0.13571	5.53406e-02
0.13560	5.66510e-02
0.13558	5.78445e-02
0.13565	5.89075e-02
0.13582	5.98332e-02
0.13607	6.06205e-02
0.13641	6.12727e-02
0.13683	6.17967e-02
0.13733	6.22012e-02
0.13789	6.24892e-02
0.13851	6.26778e-02
0.13917	6.27779e-02
0.13987	6.28005e-02
0.14060	6.27569e-02
0.14135	6.26583e-02
0.14211	6.25158e-02
0.14287	6.23407e-02
0.14363	6.21442e-02
0.14439	6.19371e-02
0.14513	6.17302e-02
0.14584	6.15337e-02
0.14654	6.13577e-02
0.14720	6.12115e-02
0.14783	6.10987e-02
0.14842	6.10319e-02
0.14897	6.10184e-02
0.14948	6.10638e-02
0.14995	6.11748e-02
0.15037	6.13561e-02
0.15074	6.16113e-02
0.15105	6.19428e-02
0.15131	6.23518e-02
0.15151	6.28384e-02
0.15166	6.34031e-02
0.15176	6.40422e-02
0.15179	6.47522e-02
0.15177	6.55285e-02
0.15169	6.63655e-02
0.15154	6.72569e-02
0.15135	6.81954e-02
0.15109	6.91731e-02
0.15077	7.01815e-02
0.15040	7.12113e-02
0.14997	7.22525e-02
0.14948	7.32884e-02
0.14894	7.43122e-02
0.14835	7.53124e-02
0.14771	7.62709e-02
0.14704	7.71684e-02
0.14635	7.79812e-02
0.14565	7.86798e-02
0.14495	7.92308e-02
0.14429	7.96012e-02
0.14368	7.97690e-02
0.14310	7.97342e-02
0.14256	7.95201e-02
0.14204	7.91640e-02
0.14150	7.87050e-02
0.14095	7.81766e-02
0.14035	7.76047e-02
0.13971	7.70086e-02
0.13903	7.64021e-02
0.13829	7.57956e-02
0.13751	7.51966e-02
0.13668	7.46106e-02
0.13581	7.40415e-02
0.13491	7.34918e-02
0.13397	7.29634e-02
0.13301	7.24568e-02
0.13203	7.19723e-02
0.13104	7.15097e-02
0.13006	7.10677e-02
0.12908	7.06454e-02
0.12812	7.02413e-02
0.12719	6.98541e-02
0.12630	6.94825e-02
0.12545	6.91256e-02
0.12466	6.87828e-02
0.12393	6.84539e-02
0.12328	6.81388e-02
0.12271	6.78381e-02
0.12222	6.75521e-02
0.12183	6.72810e-02
0.12153	6.70247e-02
0.12135	6.67821e-02
0.12127	6.65516e-02
0.12131	6.63313e-02
0.12147	6.61200e-02
0.12176	6.59184e-02
0.12215	6.57300e-02
0.12267	6.55586e-02
0.12330	6.54177e-02
0.12402	6.53196e-02
0.12483	6.52769e-02
0.12572	6.53009e-02
0.12668	6.54013e-02
0.12769	6.55852e-02
0.12875	6.58577e-02
0.12986	6.62216e-02
0.13099	6.66782e-02
0.13215	6.72271e-02
0.13333	6.78670e-02
0.13452	6.85956e-02
0.13571	6.94100e-02
0.13690	7.03064e-02
0.13808	7.12807e-02
0.13925	7.23283e-02
0.14039	7.34439e-02
0.14150	7.46222e-02
0.14256	7.58750e-02
0.14358	7.71793e-02
0.14457	7.85284e-02
0.14551	7.99152e-02
0.14641	8.13325e-02
0.14727	8.27732e-02
0.14808	8.42298e-02
0.14885	8.56952e-02
0.14957	8.71622e-02
0.15025	8.86236e-02
0.15089	9.00722e-02
0.15148	9.15009e-02
0.15203	9.29024e-02
0.15253	9.42694e-02
0.15301	9.55941e-02
0.15345	9.68802e-02
0.15386	9.81086e-02
0.15425	9.92817e-02
0.15461	1.00381e-01
0.15495	1.01397e-01
0.15527	1.02321e-01
0.15558	1.03144e-01
0.15588	1.03856e-01
0.15618	1.04450e-01
0.15648	1.04917e-01
0.15679	1.05251e-01
0.15710	1.05446e-01
0.15743	1.05500e-01
0.15776	1.05414e-01
0.15809	1.05190e-01
0.15843	1.04833e-01
0.15876	1.04352e-01
0.15907	1.03754e-01
0.15937	1.03048e-01
0.15964	1.02245e-01
0.15987	1.01358e-01
0.16006	1.00390e-01
0.16020	9.93524e-02
0.16030	9.82490e-02
0.16035	9.70863e-02
0.16034	9.58702e-02
0.16028	9.46059e-02
0.16016	9.32987e-02
0.15998	9.19536e-02
0.15974	9.05755e-02
0.15945	8.91697e-02
0.15909	8.77419e-02
0.15867	8.62982e-02
0.15820	8.48453e-02
0.15766	8.33893e-02
0.15705	8.19396e-02
0.15639	8.05052e-02
0.15565	7.90958e-02
0.15485	7.77216e-02
0.15398	7.63935e-02
0.15304	7.51227e-02
0.15203	7.39207e-02
0.15095	7.27989e-02
0.14980	7.17685e-02
0.14857	7.08406e-02
0.14728	7.00254e-02
0.14593	6.93305e-02
0.14451	6.87654e-02
0.14303	6.83366e-02
0.14149	6.80490e-02
0.13990	6.79050e-02
0.13825	6.79044e-02
0.13657	6.80439e-02
0.13484	6.83163e-02
0.13309	6.87098e-02
0.13132	6.92065e-02
0.12955	6.97797e-02
0.12780	7.03911e-02
0.12611	7.09862e-02
0.12452	7.14944e-02
0.12307	7.18435e-02
0.12180	7.19935e-02
0.12071	7.19627e-02
0.11976	7.17999e-02
0.11896	7.14974e-02
0.11846	7.08132e-02
0.11837	6.95382e-02
0.11846	6.80466e-02
0.11858	6.65709e-02
0.11870	6.51833e-02
0.11879	6.39126e-02
0.11885	6.27737e-02
0.11887	6.17746e-02
0.11886	6.09191e-02
0.11880	6.02075e-02
0.11870	5.96369e-02
0.11856	5.92013e-02
0.11837	5.88914e-02
0.11816	5.86947e-02
0.11791	5.85945e-02
0.11764	5.85696e-02
0.11735	5.85925e-02
0.11707	5.86285e-02
0.11680	5.86355e-02
0.11658	5.85702e-02
0.11642	5.84136e-02
0.11632	5.81466e-02
0.11625	5.77863e-02
0.11622	5.73601e-02
0.11619	5.68939e-02
0.11616	5.64081e-02
0.11612	5.59173e-02
0.11606	5.54321e-02
0.11597	5.49604e-02
0.11585	5.45074e-02
0.11569	5.40770e-02
0.11549	5.36710e-02
0.11526	5.32901e-02
0.11497	5.29335e-02
0.11465	5.26018e-02
0.11427	5.22896e-02
0.11385	5.19947e-02
0.11339	5.17113e-02
0.11290	5.14385e-02
0.11236	5.11726e-02
0.11178	5.09100e-02
0.11118	5.06474e-02
0.11054	5.03814e-02
0.10987	5.01087e-02
0.10919	4.98249e-02
0.10848	4.95199e-02
0.10778	4.91484e-02
0.10723	4.84126e-02
0.10689	4.71397e-02
0.10657	4.57651e-02
0.10622	4.43959e-02
0.10584	4.30550e-02
0.10541	4.17546e-02
0.10495	4.05052e-02
0.10445	3.93178e-02
0.10391	3.82020e-02
0.10334	3.71734e-02
0.10273	3.62415e-02
0.10208	3.54250e-02
0.10140	3.47389e-02
0.10069	3.41973e-02
0.09995	3.38132e-02
0.09918	3.35973e-02
0.09839	3.35577e-02
0.09758	3.36986e-02
0.09675	3.40204e-02
0.09592	3.45191e-02
0.09507	3.51865e-02
0.09424	3.60104e-02
0.09340	3.69723e-02
0.09258	3.80558e-02
0.09179	3.92392e-02
0.09104	4.04991e-02
0.09034	4.18116e-02
0.08970	4.31541e-02
0.08914	4.45080e-02
0.08867	4.58588e-02
0.08829	4.71948e-02
0.08802	4.84981e-02
0.08789	4.97294e-02
0.08794	5.08078e-02
0.08825	5.16264e-02
0.08882	5.21635e-02
0.08959	5.25276e-02
0.09049	5.28422e-02
0.09146	5.31826e-02
0.09248	5.35868e-02
0.09352	5.40716e-02
0.09459	5.46416e-02
0.09568	5.52931e-02
0.09677	5.60152e-02
0.09789	5.67915e-02
0.09902	5.76020e-02
0.10019	5.84261e-02
0.10138	5.92474e-02
0.10260	6.00574e-02
0.10384	6.08573e-02
0.10510	6.16553e-02
0.10635	6.24629e-02
0.10758	6.32917e-02
0.10879	6.41512e-02
0.10997	6.50478e-02
0.11110	6.59844e-02
0.11219	6.69609e-02
0.11323	6.79739e-02
0.11423	6.90164e-02
0.11518	7.00764e-02
0.11610	7.11332e-02
0.11701	7.21473e-02
0.11796	7.30346e-02
0.11904	7.36494e-02
0.12029	7.39233e-02
0.12165	7.39709e-02
0.12303	7.39142e-02
0.12439	7.38207e-02
0.12571	7.37293e-02
0.12697	7.36657e-02
0.12817	7.36484e-02
0.12930	7.36918e-02
0.13035	7.38069e-02
0.13132	7.40030e-02
0.13220	7.42856e-02
0.13299	7.46587e-02
0.13369	7.51245e-02
0.13429	7.56836e-02
0.13479	7.63346e-02
0.13519	7.70747e-02
0.13550	7.78995e-02
0.13570	7.88028e-02
0.13580	7.97766e-02
0.13580	8.08102e-02
0.13571	8.18889e-02
0.13554	8.29909e-02
0.13531	8.40828e-02
0.13505	8.51111e-02
0.13481	8.60184e-02
0.13462	8.67495e-02
0.13451	8.72669e-02
0.13452	8.75190e-02
0.13466	8.74853e-02
0.13490	8.72264e-02
0.13518	8.68327e-02
0.13546	8.63688e-02
0.13572	8.58722e-02
0.13594	8.53645e-02
0.13613	8.48594e-02
0.13628	8.43658e-02
0.13638	8.38904e-02
0.13644	8.34379e-02
0.13647	8.30117e-02
0.13645	8.26137e-02
0.13639	8.22446e-02
0.13630	8.19024e-02
0.13618	8.15830e-02
0.13604	8.12786e-02
0.13590	8.09693e-02
0.13574	8.06621e-02
0.13556	8.03606e-02
0.13537	8.00775e-02
0.13516	7.98251e-02
0.13492	7.96120e-02
0.13465	7.94423e-02
0.13435	7.93152e-02
0.13402	7.92247e-02
0.13368	7.91585e-02
0.13333	7.90961e-02
0.13300	7.90072e-02
0.13270	7.88537e-02
0.13246	7.86001e-02
0.13227	7.82310e-02
0.13214	7.77670e-02
0.13203	7.72475e-02
0.13192	7.67126e-02
0.13180	7.61943e-02
0.13165	7.57145e-02
0.13145	7.52881e-02
0.13121	7.49242e-02
0.13092	7.46285e-02
0.13058	7.44040e-02
0.13018	7.42514e-02
0.12973	7.41702e-02
0.12922	7.41623e-02
0.12865	7.42212e-02
0.12802	7.43427e-02
0.12735	7.45352e-02
0.12662	7.47797e-02
0.12584	7.50700e-02
0.12501	7.53991e-02
0.12413	7.57597e-02
0.12320	7.61440e-02
0.12224	7.65443e-02
0.12123	7.69528e-02
0.12020	7.73618e-02
0.11914	7.77640e-02
0.11807	7.81526e-02
0.11698	7.85210e-02
0.11588	7.88631e-02
0.11478	7.91730e-02
0.11370	7.94445e-02
0.11263	7.96703e-02
0.11160	7.98420e-02
0.11061	7.99481e-02
0.10969	7.99738e-02
0.10886	7.99006e-02
0.10813	7.97072e-02
0.10754	7.93747e-02
0.10709	7.88944e-02
0.10678	7.82738e-02
0.10660	7.75373e-02
0.10654	7.67190e-02
0.10656	7.58544e-02
0.10666	7.49734e-02
0.10682	7.40935e-02
0.10706	7.32006e-02
0.10747	7.21544e-02
0.10834	7.05119e-02
0.10963	6.82871e-02
0.11106	6.58838e-02
0.11252	6.34439e-02
0.11398	6.10142e-02
0.11544	5.86252e-02
0.11689	5.62903e-02
0.11832	5.40260e-02
0.11973	5.18481e-02
0.12111	4.97722e-02
0.12246	4.78134e-02
0.12377	4.59871e-02
0.12504	4.43076e-02
0.12627	4.27886e-02
0.12746	4.14424e-02
0.12860	4.02794e-02
0.12968	3.93075e-02
0.13072	3.85319e-02
0.13170	3.79540e-02
0.13262	3.75747e-02
0.13349	3.73759e-02
0.13430	3.73573e-02
0.13505	3.75090e-02
0.13574	3.78146e-02
0.13637	3.82587e-02
0.13693	3.88252e-02
0.13743	3.94979e-02
0.13786	4.02606e-02
0.13822	4.10980e-02
0.13852	4.19955e-02
0.13875	4.29395e-02
0.13892	4.39174e-02
0.13902	4.49177e-02
0.13906	4.59298e-02
0.13904	4.69443e-02
0.13895	4.79527e-02
0.13880	4.89474e-02
0.13859	4.99218e-02
0.13831	5.08701e-02
0.13799	5.17874e-02
0.13759	5.26612e-02
0.13714	5.34960e-02
0.13665	5.42929e-02
0.13610	5.50467e-02
0.13551	5.57563e-02
0.13487	5.64215e-02
0.13418	5.70423e-02
0.13344	5.76194e-02
0.13267	5.81537e-02
0.13186	5.86464e-02
0.13101	5.90990e-02
0.13013	5.95128e-02
0.12921	5.98894e-02
0.12827	6.02301e-02
0.12730	6.05233e-02
0.12632	6.07840e-02
0.12531	6.10134e-02
0.12428	6.12125e-02
0.12325	6.13823e-02
0.12220	6.15233e-02
0.12114	6.16359e-02
0.12009	6.17199e-02
0.11904	6.17745e-02
0.11800	6.17983e-02
0.11698	6.17889e-02
0.11598	6.17429e-02
0.11502	6.16547e-02
0.11410	6.15196e-02
0.11324	6.13308e-02
0.11245	6.10756e-02
0.11173	6.07514e-02
0.11109	6.03508e-02
0.11055	5.98671e-02
0.11012	5.92948e-02
0.10978	5.86302e-02
0.10956	5.78714e-02
0.10946	5.70197e-02
0.10946	5.60798e-02
0.10957	5.50608e-02
0.10978	5.39753e-02
0.11008	5.28387e-02
0.11046	5.16682e-02
0.11091	5.04808e-02
0.11143	4.92932e-02
0.11200	4.81208e-02
0.11262	4.69776e-02
0.11329	4.58763e-02
0.11399	4.48288e-02
0.11473	4.38462e-02
0.11550	4.29388e-02
0.11630	4.21171e-02
0.11712	4.13909e-02
0.11796	4.07704e-02
0.11882	4.02648e-02
0.11970	3.98834e-02
0.12058	3.96340e-02
0.12147	3.95231e-02
0.12237	3.95554e-02
0.12327	3.97328e-02
0.12417	4.00541e-02
0.12507	4.05144e-02
0.12597	4.11044e-02
0.12687	4.18095e-02
0.12777	4.26081e-02
0.12867	4.34700e-02
0.12959	4.43527e-02
0.13054	4.51942e-02
0.13155	4.59110e-02
0.13264	4.63999e-02
0.13386	4.65618e-02
0.13521	4.63465e-02
0.13666	4.57776e-02
0.13819	4.49269e-02
0.13975	4.38741e-02
0.14131	4.26841e-02
0.14285	4.14048e-02
0.14435	4.00709e-02
0.14580	3.87089e-02
0.14719	3.73400e-02
0.14851	3.59830e-02
0.14975	3.46539e-02
0.15090	3.33687e-02
0.15195	3.21369e-02
0.15290	3.09800e-02
0.15376	2.99135e-02
0.15450	2.89522e-02
0.15513	2.81104e-02
0.15565	2.74009e-02
0.15605	2.68349e-02
0.15633	2.64208e-02
0.15648	2.61641e-02
0.15651	2.60666e-02
0.15641	2.61265e-02
0.15618	2.63383e-02
0.15583	2.66933e-02
0.15535	2.71800e-02
0.15474	2.77852e-02
0.15400	2.84942e-02
0.15315	2.92921e-02
0.15217	3.01634e-02
0.15108	3.10960e-02
0.14987	3.20721e-02
0.14856	3.30778e-02
0.14715	3.40999e-02
0.14565	3.51253e-02
0.14406	3.61420e-02
0.14239	3.71378e-02
0.14066	3.81012e-02
0.13886	3.90207e-02
0.13702	3.98852e-02
0.13514	4.06837e-02
0.13323	4.14058e-02
0.13132	4.20414e-02
0.12940	4.25815e-02
0.12750	4.30280e-02
0.12562	4.33638e-02
0.12379	4.35846e-02
0.12202	4.36884e-02
0.12031	4.36760e-02
0.11868	4.35512e-02
0.11715	4.33203e-02
0.11571	4.29928e-02
0.11438	4.25805e-02
0.11316	4.20978e-02
0.11206	4.15611e-02
0.11108	4.09887e-02
0.11023	4.04065e-02
0.10950	3.98295e-02
0.10889	3.92814e-02
0.10840	3.87778e-02
0.10802	3.83549e-02
0.10776	3.80407e-02
0.10761	3.78631e-02
0.10756	3.78486e-02
0.10761	3.80204e-02
0.10774	3.83967e-02
0.10795	3.89895e-02
0.10823	3.98038e-02
0.10858	4.08371e-02
0.10898	4.20802e-02
0.10943	4.35175e-02
0.10993	4.51275e-02
0.11048	4.68837e-02
0.11106	4.87551e-02
0.11169	5.07077e-02
0.11237	5.27065e-02
0.11310	5.47208e-02
0.11387	5.67298e-02
0.11469	5.87272e-02
0.11554	6.07211e-02
0.11639	6.27271e-02
0.11723	6.47615e-02
0.11804	6.68346e-02
0.11881	6.89361e-02
0.11987	7.04920e-02
0.12140	7.11984e-02
0.12288	7.19244e-02
0.12429	7.27046e-02
0.12560	7.35397e-02
0.12683	7.44268e-02
0.12795	7.53614e-02
0.12897	7.63383e-02
0.12988	7.73520e-02
0.13069	7.83968e-02
0.13138	7.94672e-02
0.13196	8.05572e-02
0.13243	8.16626e-02
0.13278	8.27787e-02
0.13302	8.39012e-02
0.13316	8.50263e-02
0.13318	8.61506e-02
0.13311	8.72708e-02
0.13293	8.83839e-02
0.13266	8.94874e-02
0.13230	9.05784e-02
0.13185	9.16544e-02
0.13133	9.27126e-02
0.13074	9.37498e-02
0.13009	9.47627e-02
0.12940	9.57473e-02
0.12867	9.66985e-02
0.12791	9.76109e-02
0.12716	9.84967e-02
0.12642	9.93310e-02
0.12569	1.00107e-01
0.12501	1.00818e-01
0.12438	1.01457e-01
0.12382	1.02020e-01
0.12335	1.02497e-01
0.12298	1.02875e-01
0.12276	1.03125e-01
0.12272	1.03198e-01
0.12294	1.03027e-01
0.12344	1.02591e-01
0.12416	1.01942e-01
0.12505	1.01157e-01
0.12605	1.00290e-01
0.12713	9.93778e-02
0.12829	9.84406e-02
0.12950	9.74897e-02
0.13075	9.65286e-02
0.13208	9.55264e-02
0.13355	9.43580e-02
0.13534	9.27622e-02
0.13736	9.08112e-02
0.13946	8.87208e-02
0.14156	8.65684e-02
0.14365	8.43793e-02
0.14572	8.21646e-02
0.14774	7.99311e-02
0.14972	7.76837e-02
0.15164	7.54269e-02
0.15351	7.31648e-02
0.15530	7.09017e-02
0.15703	6.86367e-02
0.15869	6.63792e-02
0.16025	6.41346e-02
0.16174	6.19092e-02
0.16312	5.97095e-02
0.16442	5.75431e-02
0.16561	5.54184e-02
0.16670	5.33450e-02
0.16768	5.13334e-02
0.16855	4.93957e-02
0.16931	4.75452e-02
0.16997	4.57969e-02
0.17051	4.41709e-02
0.17094	4.26794e-02
0.17126	4.13410e-02
0.17148	4.01657e-02
0.17158	3.91806e-02
0.17157	3.84030e-02
0.17145	3.78477e-02
0.17123	3.75257e-02
0.17090	3.74430e-02
0.17046	3.75999e-02
0.16993	3.79905e-02
0.16930	3.86031e-02
0.16857	3.94206e-02
0.16775	4.04216e-02
0.16684	4.15814e-02
0.16585	4.28727e-02
0.16478	4.42662e-02
0.16365	4.57310e-02
0.16244	4.72345e-02
0.16119	4.87420e-02
0.15989	5.02163e-02
0.15857	5.16179e-02
0.15723	5.29058e-02
0.15591	5.40405e-02
0.15460	5.49904e-02
0.15333	5.57391e-02
0.15209	5.62929e-02
0.15089	5.66809e-02
0.14971	5.69486e-02
0.14853	5.71480e-02
0.14734	5.73288e-02
0.14612	5.75328e-02
0.14486	5.77931e-02
0.14356	5.81335e-02
0.14221	5.85701e-02
0.14081	5.91126e-02
0.13935	5.97651e-02
0.13785	6.05276e-02
0.13630	6.13965e-02
0.13472	6.23644e-02
0.13311	6.34239e-02
0.13146	6.45651e-02
0.12979	6.57770e-02
0.12811	6.70473e-02
0.12644	6.83626e-02
0.12477	6.97080e-02
0.12313	7.10658e-02
0.12155	7.24133e-02
0.12005	7.37131e-02
0.11872	7.48314e-02
0.11791	7.52761e-02
0.11747	7.52796e-02
0.11724	7.51329e-02
0.11721	7.48642e-02
0.11735	7.44921e-02
0.11766	7.40295e-02
0.11812	7.34901e-02
0.11872	7.29065e-02
0.11943	7.22987e-02
0.12025	7.16825e-02
0.12114	7.10687e-02
0.12211	7.04641e-02
0.12314	6.98715e-02
0.12423	6.92912e-02
0.12536	6.87215e-02
0.12653	6.81605e-02
0.12774	6.76075e-02
0.12896	6.70643e-02
0.13019	6.65354e-02
0.13141	6.60278e-02
0.13262	6.55492e-02
0.13380	6.51075e-02
0.13494	6.47094e-02
0.13604	6.43598e-02
0.13707	6.40642e-02
0.13805	6.38222e-02
0.13896	6.36509e-02
0.13981	6.35331e-02
0.14058	6.34672e-02
0.14127	6.34504e-02
0.14188	6.34796e-02
0.14241	6.35510e-02
0.14285	6.36606e-02
0.14321	6.38038e-02
0.14347	6.39762e-02
0.14366	6.41726e-02
0.14375	6.43882e-02
0.14375	6.46177e-02
0.14367	6.48564e-02
0.14350	6.50980e-02
0.14326	6.53366e-02
0.14293	6.55664e-02
0.14252	6.57810e-02
0.14204	6.59738e-02
0.14150	6.61377e-02
0.14089	6.62651e-02
0.14022	6.63479e-02
0.13950	6.63775e-02
0.13873	6.63445e-02
0.13793	6.62392e-02
0.13710	6.60470e-02
0.13625	6.57604e-02
0.13540	6.53689e-02
0.13455	6.48525e-02
0.13371	6.42107e-02
0.13289	6.34356e-02
0.13210	6.25206e-02
0.13134	6.14612e-02
0.13062	6.02551e-02
0.12994	5.89029e-02
0.12932	5.74087e-02
0.12874	5.57807e-02
0.12821	5.40315e-02
0.12773	5.21785e-02
0.12729	5.02440e-02
0.12690	4.82552e-02
0.12654	4.62443e-02
0.12620	4.42487e-02
0.12590	4.23111e-02
0.12562	4.04800e-02
0.12535	3.88093e-02
0.12510	3.73575e-02
0.12487	3.61861e-02
0.12464	3.53551e-02
0.12442	3.49182e-02
0.12421	3.49160e-02
0.12400	3.53706e-02
0.12380	3.62829e-02
0.12359	3.76336e-02
0.12338	3.93871e-02
0.12317	4.14978e-02
0.12295	4.39152e-02
0.12272	4.65882e-02
0.12249	4.94675e-02
0.12225	5.25064e-02
0.12201	5.56611e-02
0.12177	5.88891e-02
0.12153	6.21480e-02
0.12132	6.53923e-02
0.12116	6.85922e-02
0.12107	7.16613e-02
0.12110	7.45209e-02
0.12131	7.70892e-02
0.12173	7.93149e-02
0.12236	8.12019e-02
0.12319	8.27933e-02
0.12415	8.41439e-02
0.12522	8.53084e-02
0.12635	8.63353e-02
0.12750	8.72635e-02
0.12865	8.81214e-02
0.12976	8.89277e-02
0.13084	8.96932e-02
0.13188	9.04284e-02
0.13285	9.11312e-02
0.13376	9.17945e-02
0.13461	9.24102e-02
0.13540	9.29695e-02
0.13614	9.34606e-02
0.13684	9.38714e-02
0.13748	9.41912e-02
0.13809	9.44125e-02
0.13865	9.45271e-02
0.13920	9.44972e-02
0.13984	9.41655e-02
0.14056	9.35368e-02
0.14123	9.27822e-02
0.14184	9.19504e-02
0.14236	9.10538e-02
0.14279	9.00960e-02
0.14313	8.90773e-02
0.14339	8.79957e-02
0.14356	8.68479e-02
0.14365	8.56300e-02
0.14365	8.43395e-02
0.14357	8.29708e-02
0.14341	8.15252e-02
0.14318	7.99966e-02
0.14286	7.83854e-02
0.14247	7.66936e-02
0.14201	7.49250e-02
0.14146	7.30845e-02
0.14083	7.11784e-02
0.14013	6.92135e-02
0.13934	6.71975e-02
0.13847	6.51384e-02
0.13751	6.30451e-02
0.13648	6.09268e-02
0.13537	5.87931e-02
0.13418	5.66556e-02
0.13292	5.45270e-02
0.13159	5.24211e-02
0.13019	5.03538e-02
0.12873	4.83426e-02
0.12721	4.64070e-02
0.12564	4.45683e-02
0.12403	4.28484e-02
0.12238	4.12693e-02
0.12071	3.98508e-02
0.11903	3.86079e-02
0.11735	3.75554e-02
0.11570	3.66813e-02
0.11410	3.59657e-02
0.11260	3.53749e-02
0.11121	3.48706e-02
0.10996	3.44225e-02
0.10888	3.40262e-02
0.10796	3.37139e-02
0.10721	3.35503e-02
0.10661	3.36149e-02
0.10615	3.39804e-02
0.10582	3.46951e-02
0.10561	3.57749e-02
0.10552	3.72044e-02
0.10554	3.89431e-02
0.10570	4.09355e-02
0.10599	4.31188e-02
0.10642	4.54301e-02
0.10702	4.78107e-02
0.10778	5.02076e-02
0.10872	5.25716e-02
0.10986	5.48452e-02
0.11124	5.69202e-02
0.11297	5.85561e-02
0.11514	5.95901e-02
0.11761	6.02479e-02
0.12025	6.07278e-02
0.12300	6.11004e-02
0.12584	6.13881e-02
0.12873	6.15969e-02
0.13167	6.17266e-02
0.13464	6.17754e-02
0.13762	6.17415e-02
0.14061	6.16245e-02
0.14358	6.14262e-02
0.14652	6.11506e-02
0.14942	6.08038e-02
0.15227	6.03939e-02
0.15505	5.99306e-02
0.15777	5.94161e-02
0.16040	5.88697e-02
0.16294	5.83042e-02
0.16539	5.77326e-02
0.16773	5.71686e-02
0.16996	5.66258e-02
0.17207	5.61177e-02
0.17407	5.56577e-02
0.17594	5.52585e-02
0.17769	5.49321e-02
0.17931	5.46891e-02
0.18080	5.45391e-02
0.18215	5.44894e-02
0.18337	5.45458e-02
0.18445	5.47148e-02
0.18539	5.49981e-02
0.18618	5.53903e-02
0.18684	5.58911e-02
0.18734	5.64902e-02
0.18769	5.71800e-02
0.18789	5.79518e-02
0.18794	5.87955e-02
0.18783	5.97005e-02
0.18757	6.06559e-02
0.18715	6.16508e-02
0.18657	6.26746e-02
0.18584	6.37172e-02
0.18496	6.47693e-02
0.18393	6.58223e-02
0.18274	6.68687e-02
0.18142	6.79018e-02
0.17995	6.89159e-02
0.17834	6.99060e-02
0.17661	7.08673e-02
0.17474	7.17941e-02
0.17276	7.26773e-02
0.17068	7.34695e-02
0.16868	7.38137e-02
0.16711	7.29321e-02
0.16561	7.16835e-02
0.16402	7.04129e-02
0.16235	6.91736e-02
0.16057	6.79869e-02
0.15871	6.68684e-02
0.15677	6.58314e-02
0.15474	6.48884e-02
0.15264	6.40506e-02
0.15048	6.33277e-02
0.14825	6.27271e-02
0.14597	6.22603e-02
0.14366	6.19176e-02
0.14132	6.16918e-02
0.13897	6.15661e-02
0.13665	6.15095e-02
0.13439	6.14710e-02
0.13224	6.13710e-02
0.13026	6.10984e-02
0.12854	6.05288e-02
0.12713	5.95802e-02
0.12602	5.82694e-02
0.12518	5.67007e-02
0.12454	5.50118e-02
0.12407	5.33063e-02
0.12372	5.16695e-02
0.12349	5.01656e-02
0.12335	4.88432e-02
0.12330	4.77395e-02
0.12333	4.68816e-02
0.12344	4.62870e-02
0.12363	4.59633e-02
0.12388	4.59080e-02
0.12421	4.61100e-02
0.12460	4.65500e-02
0.12505	4.72033e-02
0.12557	4.80417e-02
0.12614	4.90355e-02
0.12677	5.01559e-02
0.12744	5.13759e-02
0.12815	5.26714e-02
0.12890	5.40217e-02
0.12967	5.54092e-02
0.13045	5.68193e-02
0.13124	5.82400e-02
0.13202	5.96612e-02
0.13279	6.10746e-02
0.13353	6.24731e-02
0.13425	6.38508e-02
0.13493	6.52021e-02
0.13556	6.65221e-02
0.13615	6.78061e-02
0.13669	6.90495e-02
0.13716	7.02472e-02
0.13759	7.13933e-02
0.13795	7.24801e-02
0.13827	7.34965e-02
0.13854	7.44243e-02
0.13877	7.52316e-02
0.13901	7.58620e-02
0.13930	7.62304e-02
0.13968	7.62671e-02
0.14012	7.60026e-02
0.14059	7.55135e-02
0.14104	7.48721e-02
0.14146	7.41220e-02
0.14183	7.32864e-02
0.14215	7.23774e-02
0.14241	7.14011e-02
0.14263	7.03596e-02
0.14279	6.92533e-02
0.14291	6.80818e-02
0.14299	6.68452e-02
0.14304	6.55453e-02
0.14304	6.41873e-02
0.14301	6.27805e-02
0.14295	6.13391e-02
0.14286	5.98763e-02
0.14272	5.84187e-02
0.14255	5.70053e-02
0.14233	5.56491e-02
0.14206	5.43776e-02
0.14174	5.32179e-02
0.14137	5.21966e-02
0.14095	5.13382e-02
0.14047	5.06644e-02
0.13995	5.01929e-02
0.13938	4.99364e-02
0.13876	4.99018e-02
0.13810	5.00902e-02
0.13741	5.04967e-02
0.13670	5.11108e-02
0.13596	5.19180e-02
0.13521	5.29005e-02
0.13445	5.40387e-02
0.13370	5.53122e-02
0.13296	5.67006e-02
0.13226	5.81747e-02
0.13158	5.97258e-02
0.13095	6.13355e-02
0.13038	6.29765e-02
0.12987	6.46187e-02
0.12946	6.62221e-02
0.12918	6.77315e-02
0.12907	6.90740e-02
0.12919	7.01644e-02
0.12958	7.09311e-02
0.13026	7.13533e-02
0.13120	7.14747e-02
0.13236	7.13763e-02
0.13367	7.11393e-02
0.13511	7.08282e-02
0.13664	7.04880e-02
0.13824	7.01501e-02
0.13988	6.98360e-02
0.14156	6.95613e-02
0.14327	6.93376e-02
0.14498	6.91738e-02
0.14670	6.90770e-02
0.14841	6.90532e-02
0.15010	6.91068e-02
0.15177	6.92414e-02
0.15340	6.94593e-02
0.15499	6.97607e-02
0.15653	7.01458e-02
0.15801	7.06131e-02
0.15945	7.11900e-02
0.16083	7.18380e-02
0.16213	7.25522e-02
0.16337	7.33266e-02
0.16453	7.41548e-02
0.16561	7.50301e-02
0.16662	7.59460e-02
0.16755	7.68964e-02
0.16839	7.78764e-02
0.16916	7.88820e-02
0.16984	7.99106e-02
0.17044	8.09606e-02
0.17096	8.20313e-02
0.17138	8.31224e-02
0.17172	8.42326e-02
0.17197	8.53591e-02
0.17214	8.64959e-02
0.17222	8.76318e-02
0.17224	8.87478e-02
0.17221	8.98136e-02
0.17215	9.07836e-02
0.17210	9.15982e-02
0.17209	9.21949e-02
0.17216	9.25358e-02
0.17230	9.26324e-02
0.17249	9.25396e-02
0.17268	9.23279e-02
0.17286	9.20609e-02
0.17299	9.17877e-02
0.17307	9.15444e-02
0.17309	9.13569e-02
0.17303	9.12432e-02
0.17291	9.12148e-02
0.17273	9.12761e-02
0.17249	9.14217e-02
0.17221	9.16306e-02
0.17192	9.18475e-02
0.17169	9.19828e-02
0.17159	9.18685e-02
0.17172	9.13697e-02
0.17203	9.05434e-02
0.17245	8.95553e-02
0.17290	8.85335e-02
0.17336	8.75505e-02
0.17380	8.66465e-02
0.17422	8.58444e-02
0.17462	8.51576e-02
0.17500	8.45933e-02
0.17535	8.41543e-02
0.17569	8.38401e-02
0.17600	8.36517e-02
0.17629	8.35794e-02
0.17657	8.36169e-02
0.17685	8.37565e-02
0.17711	8.39894e-02
0.17737	8.43069e-02
0.17763	8.47006e-02
0.17789	8.51618e-02
0.17814	8.56811e-02
0.17840	8.62456e-02
0.17867	8.68302e-02
0.17897	8.73682e-02
0.17942	8.76463e-02
0.18015	8.73548e-02
0.18108	8.66747e-02
0.18205	8.58715e-02
0.18303	8.50331e-02
0.18400	8.41852e-02
0.18495	8.33360e-02
0.18587	8.24875e-02
0.18677	8.16398e-02
0.18764	8.07872e-02
0.18848	7.99333e-02
0.18929	7.90661e-02
0.19007	7.81950e-02
0.19082	7.73201e-02
0.19153	7.64418e-02
0.19221	7.55614e-02
0.19284	7.46802e-02
0.19343	7.38003e-02
0.19398	7.29236e-02
0.19448	7.20524e-02
0.19493	7.11890e-02
0.19532	7.03357e-02
0.19566	6.94946e-02
0.19594	6.86655e-02
0.19616	6.78524e-02
0.19631	6.70571e-02
0.19640	6.62815e-02
0.19642	6.55271e-02
0.19637	6.47956e-02
0.19625	6.40885e-02
0.19605	6.34077e-02
0.19579	6.27550e-02
0.19546	6.21326e-02
0.19505	6.15426e-02
0.19458	6.09877e-02
0.19405	6.04686e-02
0.19344	5.99903e-02
0.19278	5.95559e-02
0.19207	5.91730e-02
0.19131	5.88405e-02
0.19050	5.85615e-02
0.18963	5.83393e-02
0.18873	5.81764e-02
0.18778	5.80750e-02
0.18680	5.80368e-02
0.18579	5.80627e-02
0.18476	5.81527e-02
0.18370	5.83060e-02
0.18263	5.85209e-02
0.18154	5.87948e-02
0.18045	5.91240e-02
0.17934	5.95041e-02
0.17823	5.99299e-02
0.17712	6.03952e-02
0.17601	6.08933e-02
0.17490	6.14170e-02
0.17380	6.19584e-02
0.17270	6.25096e-02
0.17160	6.30622e-02
0.17051	6.36076e-02
0.16943	6.41371e-02
0.16836	6.46418e-02
0.16729	6.51127e-02
0.16623	6.55402e-02
0.16519	6.59143e-02
0.16416	6.62238e-02
0.16314	6.64564e-02
0.16215	6.65983e-02
0.16117	6.66346e-02
0.16022	6.65504e-02
0.15931	6.63337e-02
0.15842	6.59778e-02
0.15757	6.54842e-02
0.15674	6.48633e-02
0.15593	6.41391e-02
0.15512	6.33248e-02
0.15432	6.24412e-02
0.15350	6.15075e-02
0.15267	6.05407e-02
0.15182	5.95554e-02
0.15094	5.85643e-02
0.15004	5.75782e-02
0.14910	5.66067e-02
0.14815	5.56584e-02
0.14716	5.47408e-02
0.14615	5.38610e-02
0.14510	5.30254e-02
0.14404	5.22396e-02
0.14295	5.15066e-02
0.14185	5.08247e-02
0.14073	5.02061e-02
0.13960	4.96586e-02
0.13845	4.91809e-02
0.13729	4.87757e-02
0.13612	4.84451e-02
0.13493	4.81906e-02
0.13375	4.80136e-02
0.13256	4.79147e-02
0.13137	4.78940e-02
0.13018	4.79510e-02
0.12900	4.80841e-02
0.12783	4.82906e-02
0.12668	4.85666e-02
0.12554	4.89068e-02
0.12442	4.93046e-02
0.12333	4.97522e-02
0.12227	5.02411e-02
0.12124	5.07622e-02
0.12025	5.13067e-02
0.11930	5.18670e-02
0.11840	5.24362e-02
0.11754	5.30042e-02
0.11673	5.35702e-02
0.11596	5.41316e-02
0.11523	5.46877e-02
0.11453	5.52391e-02
0.11386	5.57875e-02
0.11322	5.63353e-02
0.11261	5.68851e-02
0.11201	5.74397e-02
0.11141	5.80013e-02
0.11083	5.85717e-02
0.11025	5.91520e-02
0.10967	5.97423e-02
0.10908	6.03420e-02
0.10849	6.09507e-02
0.10790	6.15674e-02
0.10730	6.21911e-02
0.10669	6.28205e-02
0.10608	6.34547e-02
0.10547	6.40929e-02
0.10485	6.47343e-02
0.10424	6.53789e-02
0.10362	6.60265e-02
0.10301	6.66768e-02
0.10241	6.73275e-02
0.10182	6.79789e-02
0.10124	6.86274e-02
0.10068	6.92597e-02
0.10016	6.98666e-02
0.09969	7.04199e-02
0.09931	7.08661e-02
0.09910	7.11228e-02
0.09909	7.11224e-02
0.09928	7.08847e-02
0.09960	7.04888e-02
0.10001	6.99997e-02
0.10047	6.94542e-02
0.10097	6.88714e-02
0.10150	6.82612e-02
0.10206	6.76296e-02
0.10263	6.69805e-02
0.10322	6.63173e-02
0.10382	6.56437e-02
0.10443	6.49641e-02
0.10504	6.42840e-02
0.10566	6.36102e-02
0.10627	6.29507e-02
0.10686	6.23144e-02
0.10745	6.17110e-02
0.10801	6.11507e-02
0.10856	6.06437e-02
0.10907	6.02001e-02
0.10956	5.98291e-02
0.11001	5.95392e-02
0.11043	5.93372e-02
0.11081	5.92277e-02
0.11115	5.92119e-02
0.11146	5.92857e-02
0.11175	5.94363e-02
0.11202	5.96341e-02
0.11232	5.98218e-02
0.11268	5.99135e-02
0.11315	5.98490e-02
0.11369	5.96645e-02
0.11426	5.94349e-02
0.11485	5.92230e-02
0.11542	5.90657e-02
0.11598	5.89834e-02
0.11652	5.89873e-02
0.11704	5.90830e-02
0.11754	5.92730e-02
0.11802	5.95569e-02
0.11848	5.99324e-02
0.11894	6.03958e-02
0.11938	6.09417e-02
0.11983	6.15641e-02
0.12028	6.22561e-02
0.12073	6.30106e-02
0.12119	6.38185e-02
0.12166	6.46754e-02
0.12215	6.55720e-02
0.12265	6.65072e-02
0.12317	6.74779e-02
0.12370	6.84824e-02
0.12425	6.95202e-02
0.12481	7.05917e-02
0.12538	7.16979e-02
0.12596	7.28400e-02
0.12653	7.40190e-02
0.12710	7.52349e-02
0.12767	7.64867e-02
0.12823	7.77713e-02
0.12878	7.90831e-02
0.12932	8.04115e-02
0.12987	8.17373e-02
0.13044	8.30248e-02
0.13107	8.42059e-02
0.13184	8.51721e-02
0.13280	8.58370e-02
0.13393	8.62254e-02
0.13515	8.64506e-02
0.13641	8.66020e-02
0.13766	8.67290e-02
0.13889	8.68576e-02
0.14009	8.70024e-02
0.14124	8.71725e-02
0.14235	8.73740e-02
0.14340	8.76114e-02
0.14439	8.78880e-02
0.14532	8.82065e-02
0.14618	8.85689e-02
0.14697	8.89768e-02
0.14768	8.94312e-02
0.14832	8.99330e-02
0.14889	9.04823e-02
0.14938	9.10786e-02
0.14979	9.17202e-02
0.15012	9.24032e-02
0.15038	9.31199e-02
0.15058	9.38523e-02
0.15074	9.45540e-02
0.15096	9.50879e-02
0.15144	9.51380e-02
0.15224	9.45949e-02
0.15316	9.37705e-02
0.15407	9.28661e-02
0.15493	9.19538e-02
0.15573	9.10631e-02
0.15647	9.02081e-02
0.15712	8.93971e-02
0.15770	8.86354e-02
0.15821	8.79260e-02
0.15864	8.72702e-02
0.15900	8.66684e-02
0.15929	8.61199e-02
0.15951	8.56234e-02
0.15966	8.51767e-02
0.15974	8.47777e-02
0.15976	8.44236e-02
0.15972	8.41110e-02
0.15961	8.38364e-02
0.15944	8.35950e-02
0.15922	8.33813e-02
0.15895	8.31886e-02
0.15862	8.30085e-02
0.15825	8.28321e-02
0.15784	8.26471e-02
0.15740	8.24403e-02
0.15692	8.21961e-02
0.15643	8.19000e-02
0.15592	8.15364e-02
0.15541	8.10910e-02
0.15490	8.05520e-02
0.15439	7.99118e-02
0.15390	7.91673e-02
0.15340	7.83201e-02
0.15291	7.73758e-02
0.15241	7.63428e-02
0.15191	7.52314e-02
0.15138	7.40523e-02
0.15084	7.28163e-02
0.15027	7.15340e-02
0.14968	7.02158e-02
0.14908	6.88602e-02
0.14844	6.74902e-02
0.14777	6.61160e-02
0.14705	6.47486e-02
0.14630	6.33991e-02
0.14550	6.20789e-02
0.14466	6.07998e-02
0.14378	5.95739e-02
0.14284	5.84125e-02
0.14187	5.73268e-02
0.14085	5.63265e-02
0.13978	5.54195e-02
0.13867	5.46113e-02
0.13752	5.39040e-02
0.13633	5.32918e-02
0.13512	5.27744e-02
0.13388	5.23368e-02
0.13263	5.19719e-02
0.13136	5.16565e-02
0.13009	5.13769e-02
0.12882	5.11257e-02
0.12754	5.09040e-02
0.12626	5.07202e-02
0.12497	5.05871e-02
0.12366	5.05161e-02
0.12234	5.05139e-02
0.12100	5.05798e-02
0.11965	5.07058e-02
0.11830	5.08782e-02
0.11694	5.10807e-02
0.11559	5.13006e-02
0.11426	5.15336e-02
0.11293	5.17884e-02
0.11160	5.20846e-02
0.11026	5.24489e-02
0.10890	5.29024e-02
0.10751	5.34732e-02
0.10608	5.41829e-02
0.10461	5.50299e-02
0.10309	5.60123e-02
0.10152	5.71207e-02
0.09990	5.83391e-02
0.09826	5.96427e-02
0.09661	6.09935e-02
0.09499	6.23279e-02
0.09348	6.35368e-02
0.09219	6.44808e-02
0.09118	6.51233e-02
0.09038	6.55766e-02
0.08972	6.59409e-02
0.08922	6.62043e-02
0.08905	6.61537e-02
0.08939	6.55478e-02
0.09005	6.46381e-02
0.09084	6.36593e-02
0.09171	6.26891e-02
0.09263	6.17572e-02
0.09361	6.08817e-02
0.09463	6.00776e-02
0.09568	5.93594e-02
0.09676	5.87413e-02
0.09786	5.82315e-02
0.09897	5.78460e-02
0.10009	5.75949e-02
0.10121	5.74853e-02
0.10233	5.75216e-02
0.10344	5.77051e-02
0.10455	5.80333e-02
0.10565	5.84997e-02
0.10674	5.90937e-02
0.10782	5.97989e-02
0.10891	6.05917e-02
0.11002	6.14373e-02
0.11116	6.22848e-02
0.11237	6.30617e-02
0.11370	6.36845e-02
0.11516	6.40955e-02
0.11676	6.42935e-02
0.11846	6.43131e-02
0.12023	6.41883e-02
0.12206	6.39426e-02
0.12393	6.35924e-02
0.12582	6.31568e-02
0.12771	6.26492e-02
0.12960	6.20860e-02
0.13148	6.14906e-02
0.13333	6.08695e-02
0.13513	6.02352e-02
0.13689	5.95981e-02
0.13859	5.89660e-02
0.14023	5.83446e-02
0.14181	5.77375e-02
0.14332	5.71464e-02
0.14477	5.65719e-02
0.14615	5.60132e-02
0.14747	5.54692e-02
0.14872	5.49387e-02
0.14990	5.44208e-02
0.15101	5.39154e-02
0.15206	5.34234e-02
0.15305	5.29486e-02
0.15396	5.24925e-02
0.15481	5.20598e-02
0.15559	5.16561e-02
0.15630	5.12879e-02
0.15695	5.09618e-02
0.15752	5.06846e-02
0.15802	5.04626e-02
0.15845	5.03017e-02
0.15880	5.02073e-02
0.15908	5.01834e-02
0.15929	5.02336e-02
0.15942	5.03600e-02
0.15948	5.05639e-02
0.15947	5.08374e-02
0.15940	5.11808e-02
0.15925	5.16003e-02
0.15904	5.20917e-02
0.15875	5.26523e-02
0.15840	5.32785e-02
0.15796	5.39663e-02
0.15746	5.47113e-02
0.15688	5.55089e-02
0.15623	5.63543e-02
0.15550	5.72426e-02
0.15471	5.81690e-02
0.15385	5.91286e-02
0.15293	6.01166e-02
0.15194	6.11282e-02
0.15089	6.21587e-02
0.14977	6.32047e-02
0.14860	6.42593e-02
0.14738	6.53169e-02
0.14611	6.63716e-02
0.14480	6.74162e-02
0.14344	6.84487e-02
0.14205	6.94534e-02
0.14064	7.04255e-02
0.13921	7.13466e-02
0.13779	7.22031e-02
0.13636	7.29811e-02
0.13496	7.36676e-02
0.13358	7.42524e-02
0.13223	7.47291e-02
0.13092	7.50960e-02
0.12965	7.53546e-02
0.12842	7.55079e-02
0.12724	7.55582e-02
0.12611	7.55046e-02
0.12503	7.53427e-02
0.12402	7.50648e-02
0.12309	7.46611e-02
0.12224	7.41235e-02
0.12148	7.34482e-02
0.12081	7.26389e-02
0.12022	7.17063e-02
0.11971	7.06670e-02
0.11927	6.95397e-02
0.11888	6.83431e-02
0.11854	6.70945e-02
0.11824	6.58092e-02
0.11797	6.45008e-02
0.11772	6.31805e-02
0.11750	6.18577e-02
0.11729	6.05395e-02
0.11711	5.92295e-02
0.11694	5.79281e-02
0.11681	5.66325e-02
0.11669	5.53377e-02
0.11661	5.40390e-02
0.11656	5.27341e-02
0.11655	5.14261e-02
0.11656	5.01252e-02
0.11660	4.88489e-02
0.11665	4.76209e-02
0.11670	4.64692e-02
0.11676	4.54235e-02
0.11680	4.45136e-02
0.11682	4.37675e-02
0.11682	4.32099e-02
0.11680	4.28613e-02
0.11674	4.27369e-02
0.11665	4.28466e-02
0.11652	4.31932e-02
0.11635	4.37741e-02
0.11614	4.45769e-02
0.11589	4.55939e-02
0.11560	4.68094e-02
0.11528	4.82046e-02
0.11492	4.97590e-02
0.11453	5.14495e-02
0.11412	5.32500e-02
0.11369	5.51276e-02
0.11326	5.70353e-02
0.11289	5.88937e-02
0.11263	6.05646e-02
0.11261	6.18801e-02
0.11284	6.28010e-02
0.11332	6.33856e-02
0.11409	6.35212e-02
0.11520	6.31743e-02
0.11646	6.26331e-02
0.11776	6.20848e-02
0.11906	6.15954e-02
0.12037	6.11894e-02
0.12165	6.08766e-02
0.12293	6.06594e-02
0.12418	6.05360e-02
0.12541	6.05041e-02
0.12663	6.05548e-02
0.12782	6.06790e-02
0.12899	6.08661e-02
0.13015	6.11038e-02
0.13129	6.13787e-02
0.13241	6.16739e-02
0.13353	6.19765e-02
0.13463	6.22699e-02
0.13572	6.25332e-02
0.13680	6.27529e-02
0.13788	6.29116e-02
0.13896	6.29938e-02
0.14005	6.29876e-02
0.14114	6.28866e-02
0.14222	6.26911e-02
0.14329	6.24077e-02
0.14435	6.20481e-02
0.14538	6.16269e-02
0.14637	6.11599e-02
0.14733	6.06628e-02
0.14823	6.01505e-02
0.14908	5.96405e-02
0.14988	5.91416e-02
0.15061	5.86652e-02
0.15128	5.82218e-02
0.15188	5.78204e-02
0.15242	5.74694e-02
0.15290	5.71756e-02
0.15331	5.69418e-02
0.15367	5.67763e-02
0.15396	5.66826e-02
0.15420	5.66630e-02
0.15437	5.67185e-02
0.15449	5.68487e-02
0.15456	5.70521e-02
0.15457	5.73260e-02
0.15454	5.76665e-02
0.15446	5.80688e-02
0.15433	5.85273e-02
0.15417	5.90353e-02
0.15396	5.95856e-02
0.15372	6.01700e-02
0.15345	6.07791e-02
0.15315	6.14025e-02
0.15282	6.20278e-02
0.15247	6.26397e-02
0.15212	6.32183e-02
0.15176	6.37374e-02
0.15141	6.41617e-02
0.15110	6.44489e-02
0.15083	6.45592e-02
0.15061	6.44758e-02
0.15043	6.42141e-02
0.15027	6.38180e-02
0.15011	6.33308e-02
0.14993	6.27866e-02
0.14972	6.22091e-02
0.14946	6.16140e-02
0.14916	6.10123e-02
0.14880	6.04120e-02
0.14838	5.98192e-02
0.14790	5.92394e-02
0.14735	5.86773e-02
0.14673	5.81378e-02
0.14604	5.76258e-02
0.14528	5.71465e-02
0.14443	5.67054e-02
0.14351	5.63080e-02
0.14250	5.59607e-02
0.14142	5.56699e-02
0.14026	5.54422e-02
0.13902	5.52846e-02
0.13771	5.52043e-02
0.13631	5.52110e-02
0.13484	5.53088e-02
0.13331	5.55042e-02
0.13172	5.57940e-02
0.13006	5.61927e-02
0.12835	5.67041e-02
0.12659	5.73308e-02
0.12479	5.80736e-02
0.12294	5.89312e-02
0.12107	5.99001e-02
0.11917	6.09740e-02
0.11726	6.21429e-02
0.11535	6.33915e-02
0.11346	6.46940e-02
0.11162	6.59993e-02
0.10993	6.71769e-02
0.10859	6.79209e-02
0.10772	6.80957e-02
0.10713	6.80171e-02
0.10674	6.78398e-02
0.10654	6.75511e-02
0.10662	6.70355e-02
0.10706	6.61427e-02
0.10785	6.48805e-02
0.10886	6.34060e-02
0.11001	6.18485e-02
0.11125	6.02905e-02
0.11255	5.87676e-02
0.11389	5.73090e-02
0.11524	5.59351e-02
0.11661	5.46607e-02
0.11798	5.34964e-02
0.11935	5.24639e-02
0.12071	5.15526e-02
0.12206	5.07637e-02
0.12340	5.00948e-02
0.12471	4.95463e-02
0.12599	4.91137e-02
0.12724	4.87913e-02
0.12846	4.85723e-02
0.12964	4.84491e-02
0.13078	4.84139e-02
0.13187	4.84584e-02
0.13292	4.85746e-02
0.13392	4.87547e-02
0.13487	4.89914e-02
0.13577	4.92774e-02
0.13662	4.96064e-02
0.13741	4.99706e-02
0.13814	5.03662e-02
0.13881	5.07882e-02
0.13943	5.12320e-02
0.13999	5.16936e-02
0.14050	5.21693e-02
0.14095	5.26557e-02
0.14135	5.31596e-02
0.14169	5.36688e-02
0.14198	5.41809e-02
0.14223	5.46937e-02
0.14242	5.52052e-02
0.14258	5.57135e-02
0.14269	5.62171e-02
0.14276	5.67143e-02
0.14279	5.72038e-02
0.14279	5.76841e-02
0.14275	5.81536e-02
0.14268	5.86109e-02
0.14258	5.90540e-02
0.14245	5.94810e-02
0.14229	5.98894e-02
0.14211	6.02766e-02
0.14190	6.06397e-02
0.14167	6.09753e-02
0.14142	6.12801e-02
0.14115	6.15508e-02
0.14087	6.17842e-02
0.14058	6.19780e-02
0.14027	6.21302e-02
0.13995	6.22403e-02
0.13963	6.23027e-02
0.13931	6.23253e-02
0.13897	6.23118e-02
0.13863	6.22675e-02
0.13828	6.21987e-02
0.13792	6.21127e-02
0.13755	6.20176e-02
0.13717	6.19219e-02
0.13677	6.18339e-02
0.13635	6.17614e-02
0.13592	6.17116e-02
0.13548	6.16903e-02
0.13502	6.17017e-02
0.13454	6.17475e-02
0.13406	6.18268e-02
0.13357	6.19348e-02
0.13309	6.20629e-02
0.13261	6.21990e-02
0.13217	6.23297e-02
0.13176	6.24441e-02
0.13139	6.25385e-02
0.13107	6.26160e-02
0.13079	6.26878e-02
0.13057	6.27702e-02
0.13037	6.28858e-02
0.13022	6.30481e-02
0.13010	6.32735e-02
0.13002	6.35777e-02
0.12996	6.39749e-02
0.12993	6.44782e-02
0.12992	6.50987e-02
0.12993	6.58453e-02
0.12995	6.67241e-02
0.12998	6.77382e-02
0.13001	6.88871e-02
0.13005	7.01674e-02
0.13009	7.15720e-02
0.13012	7.30911e-02
0.13016	7.47124e-02
0.13019	7.64396e-02
0.13023	7.82395e-02
0.13027	8.00969e-02
0.13032	8.19978e-02
0.13038	8.39296e-02
0.13045	8.58814e-02
0.13053	8.78410e-02
0.13064	8.97877e-02
0.13080	9.16731e-02
0.13108	9.33971e-02
0.13152	9.49178e-02
0.13203	9.63446e-02
0.13257	9.77550e-02
0.13312	9.91481e-02
0.13386	1.00288e-01
0.13539	1.00359e-01
0.13721	1.00036e-01
0.13914	9.95418e-02
0.14119	9.88366e-02
0.14336	9.79105e-02
0.14561	9.68023e-02
0.14790	9.55677e-02
0.15019	9.42530e-02
0.15245	9.28899e-02
0.15468	9.14995e-02
0.15686	9.00959e-02
0.15898	8.86893e-02
0.16105	8.72875e-02
0.16305	8.58964e-02
0.16498	8.45215e-02
0.16686	8.31677e-02
0.16866	8.18384e-02
0.17039	8.05370e-02
0.17205	7.92668e-02
0.17363	7.80309e-02
0.17513	7.68319e-02
0.17655	7.56721e-02
0.17788	7.45556e-02
0.17913	7.34813e-02
0.18029	7.24507e-02
0.18136	7.14649e-02
0.18233	7.05244e-02
0.18320	6.96294e-02
0.18397	6.87796e-02
0.18464	6.79743e-02
0.18520	6.72122e-02
0.18566	6.64916e-02
0.18600	6.58105e-02
0.18623	6.51664e-02
0.18634	6.45565e-02
0.18634	6.39779e-02
0.18622	6.34275e-02
0.18599	6.29023e-02
0.18563	6.23990e-02
0.18516	6.19148e-02
0.18458	6.14470e-02
0.18387	6.09930e-02
0.18305	6.05508e-02
0.18212	6.01187e-02
0.18107	5.96953e-02
0.17992	5.92799e-02
0.17866	5.88664e-02
0.17730	5.84610e-02
0.17583	5.80645e-02
0.17426	5.76779e-02
0.17259	5.73032e-02
0.17083	5.69423e-02
0.16897	5.65978e-02
0.16702	5.62726e-02
0.16497	5.59698e-02
0.16284	5.56927e-02
0.16062	5.54450e-02
0.15832	5.52300e-02
0.15594	5.50512e-02
0.15348	5.49120e-02
0.15095	5.48152e-02
0.14834	5.47633e-02
0.14567	5.47580e-02
0.14293	5.47999e-02
0.14014	5.48881e-02
0.13729	5.50190e-02
0.13441	5.51842e-02
0.13151	5.53543e-02
0.12861	5.54818e-02
0.12580	5.54167e-02
0.12319	5.49549e-02
0.12073	5.41936e-02
0.11835	5.33449e-02
0.11602	5.24966e-02
0.11374	5.16722e-02
0.11151	5.08703e-02
0.10935	5.00753e-02
0.10728	4.92605e-02
0.10533	4.83909e-02
0.10353	4.74279e-02
0.10189	4.63389e-02
0.10042	4.51059e-02
0.09914	4.37310e-02
0.09804	4.22342e-02
0.09709	4.06485e-02
0.09629	3.90123e-02
0.09562	3.73744e-02
0.09505	3.57839e-02
0.09458	3.42912e-02
0.09418	3.29460e-02
0.09386	3.17952e-02
0.09360	3.08803e-02
0.09340	3.02348e-02
0.09327	2.98589e-02
0.09319	2.97872e-02
0.09316	3.00179e-02
0.09319	3.05366e-02
0.09327	3.13190e-02
0.09341	3.23348e-02
0.09360	3.35496e-02
0.09385	3.49322e-02
0.09415	3.64527e-02
0.09451	3.80843e-02
0.09493	3.98060e-02
0.09541	4.15992e-02
0.09594	4.34486e-02
0.09653	4.53415e-02
0.09718	4.72666e-02
0.09788	4.92133e-02
0.09864	5.11703e-02
0.09945	5.31240e-02
0.10034	5.50562e-02
0.10130	5.69395e-02
0.10237	5.87313e-02
0.10358	6.03687e-02
0.10497	6.17766e-02
0.10657	6.29101e-02
0.10837	6.37877e-02
0.11033	6.44694e-02
0.11241	6.50117e-02
0.11458	6.54506e-02
0.11682	6.58042e-02
0.11915	6.60740e-02
0.12153	6.62648e-02
0.12397	6.63751e-02
0.12647	6.64062e-02
0.12901	6.63644e-02
0.13158	6.62613e-02
0.13417	6.61111e-02
0.13677	6.59284e-02
0.13937	6.57266e-02
0.14196	6.55169e-02
0.14452	6.53091e-02
0.14706	6.51111e-02
0.14957	6.49298e-02
0.15203	6.47710e-02
0.15445	6.46395e-02
0.15682	6.45398e-02
0.15913	6.44754e-02
0.16139	6.44494e-02
0.16358	6.44643e-02
0.16570	6.45221e-02
0.16776	6.46242e-02
0.16974	6.47715e-02
0.17165	6.49643e-02
0.17348	6.52023e-02
0.17525	6.54827e-02
0.17693	6.58051e-02
0.17854	6.61676e-02
0.18006	6.65673e-02
0.18151	6.70013e-02
0.18288	6.74657e-02
0.18416	6.79568e-02
0.18537	6.84702e-02
0.18650	6.90018e-02
0.18754	6.95473e-02
0.18851	7.01029e-02
0.18939	7.06654e-02
0.19019	7.12321e-02
0.19091	7.18011e-02
0.19155	7.23712e-02
0.19209	7.29419e-02
0.19255	7.35131e-02
0.19291	7.40851e-02
0.19318	7.46581e-02
0.19336	7.52325e-02
0.19344	7.58080e-02
0.19343	7.63861e-02
0.19331	7.69635e-02
0.19310	7.75389e-02
0.19279	7.81137e-02
0.19238	7.86812e-02
0.19188	7.92379e-02
0.19127	7.97793e-02
0.19058	8.03002e-02
0.18979	8.07944e-02
0.18892	8.12545e-02
0.18797	8.16723e-02
0.18695	8.20379e-02
0.18586	8.23405e-02
0.18472	8.25674e-02
0.18353	8.27050e-02
0.18231	8.27385e-02
0.18107	8.26532e-02
0.17982	8.24361e-02
0.17857	8.20781e-02
0.17733	8.15742e-02
0.17610	8.09256e-02
0.17488	8.01403e-02
0.17367	7.92316e-02
0.17247	7.82170e-02
0.17126	7.71159e-02
0.17004	7.59483e-02
0.16881	7.47329e-02
0.16756	7.34895e-02
0.16627	7.22362e-02
0.16496	7.09897e-02
0.16360	6.97661e-02
0.16221	6.85803e-02
0.16076	6.74584e-02
0.15926	6.64017e-02
0.15771	6.54223e-02
0.15612	6.45334e-02
0.15449	6.37412e-02
0.15280	6.30534e-02
0.15107	6.24757e-02
0.14930	6.20115e-02
0.14749	6.16620e-02
0.14565	6.14257e-02
0.14378	6.12991e-02
0.14189	6.12762e-02
0.13999	6.13489e-02
0.13809	6.15076e-02
0.13621	6.17414e-02
0.13434	6.20388e-02
0.13250	6.23804e-02
0.13071	6.27630e-02
0.12898	6.31770e-02
0.12732	6.36149e-02
0.12573	6.40719e-02
0.12424	6.45466e-02
0.12283	6.50412e-02
0.12152	6.55650e-02
0.12030	6.61244e-02
0.11919	6.67305e-02
0.11817	6.73957e-02
0.11724	6.81325e-02
0.11639	6.89515e-02
0.11563	6.98608e-02
0.11495	7.08653e-02
0.11435	7.19657e-02
0.11382	7.31590e-02
0.11337	7.44381e-02
0.11300	7.57926e-02
0.11272	7.72069e-02
0.11252	7.86555e-02
0.11246	8.00841e-02
0.11261	8.13631e-02
0.11308	8.23298e-02
0.11383	8.30637e-02
0.11469	8.37453e-02
0.11562	8.44555e-02
0.11656	8.52175e-02
0.11751	8.60336e-02
0.11847	8.68976e-02
0.11942	8.77992e-02
0.12037	8.87262e-02
0.12131	8.96668e-02
0.12225	9.06075e-02
0.12317	9.15351e-02
0.12410	9.24368e-02
0.12502	9.33006e-02
0.12595	9.41157e-02
0.12687	9.48730e-02
0.12780	9.55650e-02
0.12874	9.61864e-02
0.12968	9.67339e-02
0.13062	9.72059e-02
0.13155	9.76025e-02
0.13249	9.79252e-02
0.13341	9.81763e-02
0.13432	9.83589e-02
0.13521	9.84767e-02
0.13608	9.85337e-02
0.13693	9.85346e-02
0.13776	9.84840e-02
0.13855	9.83873e-02
0.13931	9.82515e-02
0.14003	9.80806e-02
0.14072	9.78808e-02
0.14137	9.76530e-02
0.14199	9.74086e-02
0.14256	9.71543e-02
0.14309	9.68962e-02
0.14358	9.66396e-02
0.14402	9.63879e-02
0.14443	9.61403e-02
0.14481	9.58841e-02
0.14520	9.55702e-02
0.14570	9.50348e-02
0.14650	9.39982e-02
0.14755	9.25270e-02
0.14866	9.08697e-02
0.14978	8.91366e-02
0.15087	8.73691e-02
0.15193	8.55886e-02
0.15295	8.38077e-02
0.15393	8.20374e-02
0.15486	8.02878e-02
0.15573	7.85689e-02
0.15655	7.68912e-02
0.15732	7.52653e-02
0.15802	7.37023e-02
0.15866	7.22168e-02
0.15924	7.08184e-02
0.15975	6.95190e-02
0.16020	6.83308e-02
0.16059	6.72652e-02
0.16091	6.63332e-02
0.16116	6.55455e-02
0.16136	6.49099e-02
0.16148	6.44334e-02
0.16153	6.41017e-02
0.16151	6.39377e-02
0.16143	6.39420e-02
0.16128	6.41125e-02
0.16107	6.44452e-02
0.16080	6.49337e-02
0.16047	6.55697e-02
0.16007	6.63433e-02
0.15961	6.72433e-02
0.15910	6.82573e-02
0.15853	6.93717e-02
0.15791	7.05723e-02
0.15724	7.18439e-02
0.15654	7.31822e-02
0.15581	7.45574e-02
0.15504	7.59505e-02
0.15426	7.73403e-02
0.15347	7.87035e-02
0.15270	8.00149e-02
0.15195	8.12492e-02
0.15123	8.23895e-02
0.15058	8.34151e-02
0.14999	8.43224e-02
0.14946	8.51197e-02
0.14900	8.58240e-02
0.14858	8.64550e-02
0.14821	8.70298e-02
0.14789	8.75540e-02
0.14763	8.79822e-02
0.14766	8.79675e-02
0.14809	8.73215e-02
0.14862	8.65142e-02
0.14919	8.56708e-02
0.14978	8.48191e-02
0.15038	8.39717e-02
0.15098	8.31374e-02
0.15158	8.23233e-02
0.15217	8.15357e-02
0.15275	8.07799e-02
0.15331	8.00608e-02
0.15386	7.93827e-02
0.15438	7.87492e-02
0.15487	7.81635e-02
0.15532	7.76280e-02
0.15575	7.71412e-02
0.15613	7.67086e-02
0.15647	7.63308e-02
0.15676	7.60074e-02
0.15699	7.57376e-02
0.15717	7.55192e-02
0.15728	7.53495e-02
0.15734	7.52244e-02
0.15733	7.51388e-02
0.15725	7.50859e-02
0.15711	7.50568e-02
0.15691	7.50402e-02
0.15665	7.50210e-02
0.15634	7.49796e-02
0.15600	7.48910e-02
0.15562	7.47262e-02
0.15523	7.44576e-02
0.15483	7.40686e-02
0.15443	7.35617e-02
0.15401	7.29574e-02
0.15356	7.22842e-02
0.15307	7.15722e-02
0.15253	7.08411e-02
0.15194	7.01070e-02
0.15130	6.93896e-02
0.15061	6.86864e-02
0.14987	6.80029e-02
0.14908	6.73430e-02
0.14824	6.67101e-02
0.14736	6.61066e-02
0.14643	6.55352e-02
0.14546	6.49983e-02
0.14445	6.44985e-02
0.14341	6.40382e-02
0.14232	6.36202e-02
0.14120	6.32465e-02
0.14004	6.29191e-02
0.13884	6.26392e-02
0.13760	6.24075e-02
0.13633	6.22236e-02
0.13503	6.20862e-02
0.13369	6.19928e-02
0.13232	6.19394e-02
0.13092	6.19206e-02
0.12949	6.19295e-02
0.12805	6.19578e-02
0.12659	6.19956e-02
0.12513	6.20345e-02
0.12368	6.20614e-02
0.12223	6.20665e-02
0.12081	6.20425e-02
0.11941	6.19843e-02
0.11804	6.18853e-02
0.11673	6.17198e-02
0.11552	6.14016e-02
0.11457	6.06526e-02
0.11405	5.91545e-02
0.11381	5.71390e-02
0.11370	5.49212e-02
0.11363	5.26318e-02
0.11358	5.03267e-02
0.11354	4.80387e-02
0.11350	4.57932e-02
0.11346	4.36132e-02
0.11341	4.15216e-02
0.11335	3.95421e-02
0.11328	3.76989e-02
0.11320	3.60169e-02
0.11310	3.45204e-02
0.11298	3.32286e-02
0.11285	3.21649e-02
0.11271	3.13442e-02
0.11255	3.07745e-02
0.11237	3.04557e-02
0.11219	3.03790e-02
0.11199	3.05279e-02
0.11179	3.08645e-02
0.11158	3.13776e-02
0.11137	3.20380e-02
0.11118	3.28170e-02
0.11100	3.36876e-02
0.11084	3.46257e-02
0.11071	3.56109e-02
0.11061	3.66269e-02
0.11055	3.76618e-02
0.11053	3.87080e-02
0.11056	3.97617e-02
0.11064	4.08232e-02
0.11077	4.18961e-02
0.11096	4.29868e-02
0.11120	4.41037e-02
0.11149	4.52564e-02
0.11184	4.64545e-02
0.11223	4.77069e-02
0.11268	4.90201e-02
0.11317	5.03973e-02
0.11370	5.18358e-02
0.11429	5.33219e-02
0.11495	5.48112e-02
0.11575	5.61340e-02
0.11693	5.68651e-02
0.11843	5.70792e-02
0.12008	5.71222e-02
0.12182	5.70680e-02
0.12367	5.69087e-02
0.12561	5.66238e-02
0.12763	5.61999e-02
0.12973	5.56377e-02
0.13189	5.49523e-02
0.13408	5.41682e-02
0.13628	5.33143e-02
0.13847	5.24199e-02
0.14063	5.15123e-02
0.14274	5.06165e-02
0.14480	4.97548e-02
0.14679	4.89471e-02
0.14870	4.82113e-02
0.15052	4.75633e-02
0.15226	4.70170e-02
0.15391	4.65848e-02
0.15545	4.62769e-02
0.15692	4.61062e-02
0.15828	4.60740e-02
0.15955	4.61835e-02
0.16072	4.64401e-02
0.16180	4.68374e-02
0.16278	4.73701e-02
0.16368	4.80305e-02
0.16449	4.88080e-02
0.16523	4.96897e-02
0.16589	5.06602e-02
0.16650	5.17022e-02
0.16704	5.27966e-02
0.16754	5.39229e-02
0.16801	5.50598e-02
0.16844	5.61856e-02
0.16886	5.72793e-02
0.16926	5.83220e-02
0.16967	5.92976e-02
0.17010	6.02149e-02
0.17054	6.10487e-02
0.17100	6.17989e-02
0.17147	6.24714e-02
0.17195	6.30771e-02
0.17243	6.36304e-02
0.17291	6.41480e-02
0.17338	6.46469e-02
0.17384	6.51410e-02
0.17427	6.56461e-02
0.17469	6.61729e-02
0.17507	6.67281e-02
0.17543	6.73139e-02
0.17575	6.79276e-02
0.17604	6.85660e-02
0.17630	6.92121e-02
0.17654	6.98478e-02
0.17676	7.04691e-02
0.17698	7.10306e-02
0.17721	7.15073e-02
0.17745	7.18795e-02
0.17771	7.21361e-02
0.17799	7.22768e-02
0.17828	7.23114e-02
0.17858	7.22572e-02
0.17888	7.21355e-02
0.17917	7.19687e-02
0.17945	7.17780e-02
0.17970	7.15828e-02
0.17991	7.14002e-02
0.18010	7.12484e-02
0.18026	7.11372e-02
0.18038	7.10773e-02
0.18046	7.10774e-02
0.18051	7.11442e-02
0.18051	7.12827e-02
0.18048	7.14957e-02
0.18042	7.17814e-02
0.18032	7.21414e-02
0.18019	7.25721e-02
0.18003	7.30681e-02
0.17984	7.36215e-02
0.17963	7.42230e-02
0.17938	7.48613e-02
0.17912	7.55238e-02
0.17884	7.61971e-02
0.17854	7.68671e-02
0.17823	7.75195e-02
0.17791	7.81400e-02
0.17758	7.87152e-02
0.17724	7.92326e-02
0.17691	7.96811e-02
0.17658	8.00510e-02
0.17624	8.03348e-02
0.17591	8.05265e-02
0.17558	8.06223e-02
0.17525	8.06203e-02
0.17493	8.05201e-02
0.17459	8.03230e-02
0.17426	8.00319e-02
0.17392	7.96506e-02
0.17357	7.91911e-02
0.17321	7.86520e-02
0.17283	7.80403e-02
0.17244	7.73635e-02
0.17202	7.66300e-02
0.17157	7.58489e-02
0.17109	7.50296e-02
0.17058	7.41819e-02
0.17003	7.33158e-02
0.16944	7.24415e-02
0.16882	7.15690e-02
0.16815	7.07078e-02
0.16744	6.98672e-02
0.16669	6.90554e-02
0.16590	6.82796e-02
0.16506	6.75455e-02
0.16420	6.68569e-02
0.16329	6.62150e-02
0.16236	6.56185e-02
0.16141	6.50622e-02
0.16044	6.45373e-02
0.15947	6.40309e-02
0.15851	6.35265e-02
0.15757	6.30052e-02
0.15666	6.24529e-02
0.15578	6.18501e-02
0.15496	6.11886e-02
0.15418	6.04693e-02
0.15344	5.97013e-02
0.15274	5.89002e-02
0.15208	5.80840e-02
0.15144	5.72703e-02
0.15083	5.64743e-02
0.15022	5.57081e-02
0.14963	5.49802e-02
0.14905	5.42962e-02
0.14848	5.36595e-02
0.14791	5.30717e-02
0.14734	5.25333e-02
0.14680	5.20601e-02
0.14626	5.16406e-02
0.14572	5.12742e-02
0.14517	5.09605e-02
0.14462	5.06993e-02
0.14406	5.04900e-02
0.14350	5.03323e-02
0.14293	5.02254e-02
0.14235	5.01685e-02
0.14177	5.01597e-02
0.14119	5.01973e-02
0.14061	5.02785e-02
0.14003	5.04001e-02
0.13945	5.05579e-02
0.13888	5.07569e-02
0.13832	5.09783e-02
0.13779	5.12139e-02
0.13728	5.14483e-02
0.13681	5.16747e-02
0.13637	5.18803e-02
0.13598	5.20512e-02
0.13563	5.21727e-02
0.13534	5.22310e-02
0.13510	5.22140e-02
0.13492	5.21135e-02
0.13480	5.19258e-02
0.13473	5.16532e-02
0.13472	5.13039e-02
0.13474	5.08912e-02
0.13480	5.04323e-02
0.13488	4.99477e-02
0.13498	4.94566e-02
0.13508	4.89784e-02
0.13518	4.85307e-02
0.13527	4.81284e-02
0.13535	4.77827e-02
0.13541	4.75010e-02
0.13546	4.72754e-02
0.13550	4.71129e-02
0.13552	4.70046e-02
0.13554	4.69345e-02
0.13556	4.68795e-02
0.13559	4.68102e-02
0.13564	4.66935e-02
0.13573	4.64980e-02
0.13585	4.62018e-02
0.13602	4.57986e-02
0.13623	4.52997e-02
0.13646	4.47304e-02
0.13671	4.41234e-02
0.13697	4.35131e-02
0.13722	4.29319e-02
0.13745	4.24087e-02
0.13766	4.19685e-02
0.13784	4.16323e-02
0.13800	4.14171e-02
0.13812	4.13360e-02
0.13820	4.13982e-02
0.13825	4.16085e-02
0.13827	4.19677e-02
0.13825	4.24721e-02
0.13821	4.31021e-02
0.13815	4.38572e-02
0.13807	4.47223e-02
0.13798	4.56790e-02
0.13789	4.67063e-02
0.13780	4.77821e-02
0.13773	4.88844e-02
0.13769	4.99932e-02
0.13768	5.10924e-02
0.13772	5.21735e-02
0.13780	5.32290e-02
0.13793	5.42591e-02
0.13810	5.52668e-02
0.13832	5.62543e-02
0.13859	5.72183e-02
0.13890	5.81445e-02
0.13927	5.90019e-02
0.13973	5.97441e-02
0.14028	6.03290e-02
0.14092	6.07559e-02
0.14163	6.10778e-02
0.14238	6.13690e-02
0.14313	6.16935e-02
0.14387	6.20940e-02
0.14458	6.25958e-02
0.14525	6.32115e-02
0.14588	6.39461e-02
0.14646	6.47995e-02
0.14701	6.57678e-02
0.14751	6.68447e-02
0.14798	6.80222e-02
0.14841	6.92912e-02
0.14881	7.06419e-02
0.14918	7.20640e-02
0.14953	7.35476e-02
0.14986	7.50824e-02
0.15017	7.66590e-02
0.15048	7.82681e-02
0.15078	7.99015e-02
0.15109	8.15391e-02
0.15141	8.31875e-02
0.15173	8.48415e-02
0.15207	8.64968e-02
0.15243	8.81503e-02
0.15280	8.97998e-02
0.15319	9.14439e-02
0.15360	9.30816e-02
0.15404	9.47129e-02
0.15449	9.63350e-02
0.15496	9.79451e-02
0.15543	9.95389e-02
0.15592	1.01111e-01
0.15640	1.02653e-01
0.15688	1.04164e-01
0.15734	1.05628e-01
0.15780	1.07036e-01
0.15824	1.08383e-01
0.15866	1.09655e-01
0.15906	1.10846e-01
0.15944	1.11949e-01
0.15980	1.12962e-01
0.16015	1.13880e-01
0.16047	1.14703e-01
0.16078	1.15431e-01
0.16107	1.16068e-01
0.16134	1.16617e-01
0.16160	1.17084e-01
0.16184	1.17474e-01
0.16205	1.17793e-01
0.16225	1.18047e-01
0.16242	1.18240e-01
0.16256	1.18377e-01
0.16268	1.18460e-01
0.16278	1.18493e-01
0.16286	1.18476e-01
0.16292	1.18411e-01
0.16297	1.18292e-01
0.16301	1.18126e-01
0.16303	1.17912e-01
0.16304	1.17650e-01
0.16305	1.17340e-01
0.16304	1.16982e-01
0.16303	1.16578e-01
0.16301	1.16129e-01
0.16299	1.15636e-01
0.16296	1.15103e-01
0.16293	1.14532e-01
0.16288	1.13928e-01
0.16283	1.13294e-01
0.16277	1.12635e-01
0.16270	1.11954e-01
0.16261	1.11255e-01
0.16252	1.10541e-01
0.16241	1.09816e-01
0.16229	1.09083e-01
0.16216	1.08344e-01
0.16202	1.07601e-01
0.16187	1.06855e-01
0.16171	1.06105e-01
0.16153	1.05352e-01
0.16136	1.04601e-01
0.16119	1.03843e-01
0.16101	1.03076e-01
0.16084	1.02295e-01
0.16067	1.01497e-01
0.16051	1.00678e-01
0.16035	9.98339e-02
0.16021	9.89624e-02
0.16008	9.80609e-02
0.15996	9.71277e-02
0.15986	9.61621e-02
0.15977	9.51643e-02
0.15970	9.41358e-02
0.15964	9.30786e-02
0.15959	9.19960e-02
0.15955	9.08922e-02
0.15952	8.97724e-02
0.15950	8.86428e-02
0.15947	8.75104e-02
0.15944	8.63830e-02
0.15939	8.52691e-02
0.15934	8.41702e-02
0.15928	8.31025e-02
0.15919	8.20747e-02
0.15907	8.10939e-02
0.15891	8.01688e-02
0.15873	7.93055e-02
0.15850	7.85089e-02
0.15823	7.77819e-02
0.15792	7.71257e-02
0.15756	7.65391e-02
0.15716	7.60189e-02
0.15672	7.55597e-02
0.15624	7.51542e-02
0.15572	7.47932e-02
0.15516	7.44661e-02
0.15457	7.41616e-02
0.15395	7.38685e-02
0.15331	7.35758e-02
0.15265	7.32720e-02
0.15198	7.29520e-02
0.15129	7.26114e-02
0.15058	7.22485e-02
0.14985	7.18642e-02
0.14910	7.14614e-02
0.14832	7.10444e-02
0.14753	7.06178e-02
0.14671	7.01849e-02
0.14587	6.97511e-02
0.14500	6.93196e-02
0.14411	6.88924e-02
0.14321	6.84705e-02
0.14229	6.80539e-02
0.14135	6.76457e-02
0.14040	6.72411e-02
0.13946	6.68377e-02
0.13853	6.64621e-02
0.13761	6.60807e-02
0.13671	6.56900e-02
0.13584	6.52858e-02
0.13500	6.48638e-02
0.13421	6.44191e-02
0.13346	6.39474e-02
0.13277	6.34453e-02
0.13215	6.29118e-02
0.13158	6.23495e-02
0.13109	6.17660e-02
0.13065	6.11733e-02
0.13028	6.05876e-02
0.12996	6.00266e-02
0.12968	5.95046e-02
0.12945	5.90387e-02
0.12925	5.86381e-02
0.12910	5.83064e-02
0.12899	5.80401e-02
0.12893	5.78306e-02
0.12891	5.76659e-02
0.12895	5.75338e-02
0.12904	5.74266e-02
0.12918	5.73443e-02
0.12936	5.72958e-02
0.12958	5.72978e-02
0.12982	5.73715e-02
0.13006	5.75392e-02
0.13030	5.78211e-02
0.13052	5.82338e-02
0.13071	5.87888e-02
0.13087	5.94929e-02
0.13098	6.03485e-02
0.13104	6.13540e-02
0.13105	6.25047e-02
0.13100	6.37936e-02
0.13089	6.52120e-02
0.13072	6.67502e-02
0.13049	6.83979e-02
0.13019	7.01448e-02
0.12983	7.19806e-02
0.12941	7.38955e-02
0.12892	7.58798e-02
0.12837	7.79244e-02
0.12777	8.00124e-02
0.12711	8.21418e-02
0.12639	8.43045e-02
0.12561	8.64923e-02
0.12478	8.86974e-02
0.12390	9.09093e-02
0.12296	9.31235e-02
0.12198	9.53324e-02
0.12095	9.75284e-02
0.11987	9.97026e-02
0.11876	1.01843e-01
0.11763	1.03924e-01
0.11659	1.05826e-01
0.11619	1.06960e-01
0.11672	1.07050e-01
0.11758	1.06727e-01
0.11848	1.06325e-01
0.11936	1.05898e-01
0.12020	1.05461e-01
0.12100	1.05022e-01
0.12177	1.04584e-01
0.12250	1.04176e-01
0.12321	1.03765e-01
0.12391	1.03328e-01
0.12466	1.02798e-01
0.12558	1.02032e-01
0.12673	1.00940e-01
0.12803	9.96299e-02
0.12938	9.82267e-02
0.13072	9.67935e-02
0.13204	9.53611e-02
0.13334	9.39482e-02
0.13462	9.25684e-02
0.13586	9.12331e-02
0.13709	8.99521e-02
0.13829	8.87344e-02
0.13948	8.75877e-02
0.14065	8.65189e-02
0.14182	8.55331e-02
0.14299	8.46359e-02
0.14415	8.38276e-02
0.14533	8.31089e-02
0.14652	8.24785e-02
0.14773	8.19338e-02
0.14897	8.14707e-02
0.15024	8.10842e-02
0.15154	8.07689e-02
0.15288	8.05147e-02
0.15427	8.03243e-02
0.15569	8.01931e-02
0.15715	8.01168e-02
0.15865	8.00915e-02
0.16019	8.01134e-02
0.16176	8.01838e-02
0.16336	8.02941e-02
0.16500	8.04406e-02
0.16666	8.06201e-02
0.16835	8.08263e-02
0.17007	8.10541e-02
0.17180	8.12983e-02
0.17356	8.15535e-02
0.17532	8.18142e-02
0.17710	8.20750e-02
0.17888	8.23307e-02
0.18066	8.25763e-02
0.18243	8.28073e-02
0.18420	8.30195e-02
0.18595	8.32093e-02
0.18768	8.33740e-02
0.18939	8.35110e-02
0.19108	8.36201e-02
0.19272	8.36988e-02
0.19433	8.37464e-02
0.19590	8.37627e-02
0.19741	8.37479e-02
0.19887	8.37025e-02
0.20028	8.36259e-02
0.20163	8.35197e-02
0.20291	8.33841e-02
0.20413	8.32194e-02
0.20528	8.30254e-02
0.20635	8.28017e-02
0.20736	8.25475e-02
0.20830	8.22617e-02
0.20917	8.19428e-02
0.20996	8.15890e-02
0.21069	8.11982e-02
0.21136	8.07685e-02
0.21196	8.02978e-02
0.21250	7.97841e-02
0.21298	7.92257e-02
0.21341	7.86215e-02
0.21378	7.79708e-02
0.21410	7.72735e-02
0.21437	7.65303e-02
0.21458	7.57429e-02
0.21475	7.49136e-02
0.21487	7.40457e-02
0.21493	7.31433e-02
0.21494	7.22111e-02
0.21491	7.12760e-02
0.21483	7.03228e-02
0.21469	6.93581e-02
0.21449	6.83886e-02
0.21423	6.74217e-02
0.21391	6.64727e-02
0.21353	6.55426e-02
0.21308	6.46404e-02
0.21257	6.37736e-02
0.21198	6.29505e-02
0.21133	6.21795e-02
0.21059	6.14693e-02
0.20979	6.08283e-02
0.20891	6.02652e-02
0.20796	5.97886e-02
0.20693	5.94070e-02
0.20583	5.91288e-02
0.20466	5.89618e-02
0.20342	5.89136e-02
0.20211	5.89910e-02
0.20073	5.91999e-02
0.19929	5.95454e-02
0.19779	6.00312e-02
0.19622	6.06596e-02
0.19460	6.14374e-02
0.19291	6.23586e-02
0.19118	6.34204e-02
0.18940	6.46185e-02
0.18757	6.59468e-02
0.18571	6.73975e-02
0.18380	6.89608e-02
0.18187	7.06253e-02
0.17991	7.23778e-02
0.17793	7.42028e-02
0.17594	7.60823e-02
0.17395	7.79955e-02
0.17198	7.99177e-02
0.17004	8.18195e-02
0.16816	8.36660e-02
0.16637	8.54072e-02
0.16470	8.70037e-02
0.16318	8.84033e-02
0.16185	8.95554e-02
0.16075	9.04212e-02
0.15989	9.09846e-02
0.15926	9.12590e-02
0.15885	9.12849e-02
0.15863	9.11139e-02
0.15856	9.08109e-02
0.15859	9.04318e-02
0.15870	9.00228e-02
0.15885	8.96191e-02
0.15903	8.92455e-02
0.15923	8.89263e-02
0.15944	8.86604e-02
0.15963	8.84480e-02
0.15983	8.82754e-02
0.16002	8.81365e-02
0.16020	8.80095e-02
0.16040	8.78630e-02
0.16062	8.76527e-02
0.16091	8.73212e-02
0.16127	8.68048e-02
0.16174	8.60537e-02
0.16231	8.50552e-02
0.16297	8.38382e-02
0.16368	8.24536e-02
0.16440	8.09525e-02
0.16513	7.93760e-02
0.16583	7.77549e-02
0.16650	7.61110e-02
0.16714	7.44633e-02
0.16774	7.28267e-02
0.16829	7.12140e-02
0.16880	6.96374e-02
0.16926	6.81087e-02
0.16968	6.66409e-02
0.17004	6.52444e-02
0.17036	6.39313e-02
0.17062	6.27140e-02
0.17083	6.16047e-02
0.17099	6.06152e-02
0.17109	5.97568e-02
0.17113	5.90401e-02
0.17111	5.84740e-02
0.17104	5.80662e-02
0.17090	5.78224e-02
0.17069	5.77463e-02
0.17042	5.78395e-02
0.17008	5.81014e-02
0.16968	5.85295e-02
0.16921	5.91194e-02
0.16866	5.98652e-02
0.16805	6.07598e-02
0.16737	6.17950e-02
0.16662	6.29620e-02
0.16580	6.42515e-02
0.16492	6.56542e-02
0.16397	6.71606e-02
0.16296	6.87614e-02
0.16190	7.04509e-02
0.16078	7.22162e-02
0.15961	7.40483e-02
0.15840	7.59381e-02
0.15714	7.78766e-02
0.15585	7.98510e-02
0.15453	8.18568e-02
0.15318	8.38734e-02
0.15181	8.58985e-02
0.15042	8.79169e-02
0.14904	8.99019e-02
0.14770	9.17818e-02
0.14661	9.32566e-02
0.14618	9.36972e-02
0.14616	9.35476e-02
0.14623	9.33047e-02
0.14632	9.30719e-02
0.14642	9.28650e-02
0.14654	9.26774e-02
0.14670	9.24922e-02
0.14692	9.22854e-02
0.14721	9.20264e-02
0.14761	9.16797e-02
0.14814	9.12091e-02
0.14881	9.05858e-02
0.14965	8.97912e-02
0.15065	8.88257e-02
0.15178	8.77044e-02
0.15305	8.64507e-02
0.15442	8.50907e-02
0.15588	8.36501e-02
0.15740	8.21525e-02
0.15898	8.06193e-02
0.16060	7.90698e-02
0.16224	7.75213e-02
0.16389	7.59894e-02
0.16555	7.44883e-02
0.16719	7.30314e-02
0.16882	7.16307e-02
0.17041	7.03061e-02
0.17197	6.90587e-02
0.17349	6.78978e-02
0.18526	6.24582e-02
0.18681	6.10608e-02
0.18830	5.97858e-02
0.18972	5.86425e-02
0.19107	5.76393e-02
0.19235	5.67762e-02
0.19355	5.60669e-02
0.19467	5.55169e-02
0.19571	5.51307e-02
0.19667	5.49113e-02
0.19755	5.48606e-02
0.19837	5.49873e-02
0.19910	5.52838e-02
0.19976	5.57474e-02
0.20034	5.63737e-02
0.20085	5.71568e-02
0.20127	5.80898e-02
0.20162	5.91644e-02
0.20190	6.03716e-02
0.20210	6.17017e-02
0.20222	6.31444e-02
0.20226	6.46893e-02
0.20223	6.63258e-02
0.20212	6.80433e-02
0.20193	6.98314e-02
0.20166	7.16798e-02
0.20131	7.35788e-02
0.20089	7.55187e-02
0.20039	7.74866e-02
0.19981	7.94769e-02
0.19916	8.14808e-02
0.19843	8.34900e-02
0.19763	8.54962e-02
0.19677	8.74910e-02
0.19584	8.94589e-02
0.19486	9.13990e-02
0.19382	9.33021e-02
0.19274	9.51584e-02
0.19162	9.69567e-02
0.19047	9.86848e-02
0.18931	1.00329e-01
0.18815	1.01874e-01
0.18700	1.03303e-01
0.18588	1.04600e-01
0.18481	1.05748e-01
0.18380	1.06733e-01
0.18287	1.07545e-01
0.18204	1.08180e-01
0.18131	1.08638e-01
0.18068	1.08924e-01
0.18015	1.09050e-01
0.17973	1.09030e-01
0.17941	1.08882e-01
0.17919	1.08627e-01
0.17904	1.08284e-01
0.17898	1.07877e-01
0.17899	1.07423e-01
0.17907	1.06940e-01
0.17920	1.06440e-01
0.17940	1.05936e-01
0.17965	1.05436e-01
0.17996	1.04944e-01
0.18032	1.04461e-01
0.18074	1.03993e-01
0.18122	1.03525e-01
0.18175	1.03054e-01
0.18233	1.02571e-01
0.18298	1.02072e-01
0.18368	1.01553e-01
0.18442	1.01014e-01
0.18522	1.00457e-01
0.18605	9.98865e-02
0.18691	9.93096e-02
0.18779	9.87337e-02
0.18868	9.81666e-02
0.18957	9.76162e-02
0.19046	9.70894e-02
0.19134	9.65924e-02
0.19220	9.61301e-02
0.19303	9.57065e-02
0.19383	9.53245e-02
0.19460	9.49860e-02
0.20038	9.92898e-02
0.20098	9.90607e-02
0.20154	9.88751e-02
0.20206	9.87315e-02
0.20253	9.86276e-02
0.20296	9.85601e-02
0.20333	9.85251e-02
0.20364	9.85182e-02
0.20391	9.85340e-02
0.20411	9.85671e-02
0.20426	9.86114e-02
0.20435	9.86608e-02
0.20438	9.87089e-02
0.20436	9.87493e-02
0.20428	9.87760e-02
0.20416	9.87689e-02
0.20398	9.87356e-02
0.20375	9.86714e-02
0.20348	9.85720e-02
0.20315	9.84338e-02
0.20278	9.82543e-02
0.20237	9.80316e-02
0.20191	9.77651e-02
0.20141	9.74536e-02
0.20087	9.70994e-02
0.20029	9.67043e-02
0.19968	9.62710e-02
0.19903	9.58027e-02
0.19834	9.53031e-02
0.19762	9.47828e-02
0.19687	9.42387e-02
0.19608	9.36745e-02
0.19527	9.30938e-02
0.19442	9.24996e-02
0.19354	9.18945e-02
0.19264	9.12807e-02
0.19170	9.06595e-02
0.19074	9.00319e-02
0.18976	8.93985e-02
0.18874	8.87597e-02
0.18770	8.81157e-02
0.18664	8.74669e-02
0.18555	8.68141e-02
0.18443	8.61583e-02
0.18328	8.55014e-02
0.18209	8.48453e-02
0.18087	8.41923e-02
0.17962	8.35457e-02
0.17832	8.29088e-02
0.17699	8.22846e-02
0.17562	8.16759e-02
0.17420	8.10849e-02
0.17278	8.05001e-02
0.17131	7.99347e-02
0.16982	7.93881e-02
0.16829	7.88578e-02
0.16674	7.83396e-02
0.16516	7.78271e-02
0.16358	7.73112e-02
0.16200	7.67803e-02
0.16042	7.62197e-02
0.15887	7.56128e-02
0.15735	7.49414e-02
0.15588	7.41881e-02
0.15448	7.33383e-02
0.15314	7.23825e-02
0.15187	7.13173e-02
0.15069	7.01458e-02
0.14959	6.88755e-02
0.14856	6.75172e-02
0.14761	6.60832e-02
0.14673	6.45867e-02
0.14592	6.30415e-02
0.14518	6.14617e-02
0.14451	5.98623e-02
0.14389	5.82590e-02
0.14334	5.66683e-02
0.14283	5.51071e-02
0.14236	5.35925e-02
0.14194	5.21416e-02
0.14155	5.07710e-02
0.14120	4.95079e-02
0.14087	4.83546e-02
0.14056	4.73317e-02
0.14027	4.64419e-02
0.13998	4.56943e-02
0.13969	4.50956e-02
0.13940	4.46504e-02
0.13910	4.43610e-02
0.13878	4.42276e-02
0.13844	4.42484e-02
0.13808	4.44201e-02
0.13770	4.47375e-02
0.13728	4.51947e-02
0.13682	4.57849e-02
0.13633	4.65006e-02
0.13580	4.73342e-02
0.13523	4.82781e-02
0.13462	4.93249e-02
0.13396	5.04673e-02
0.13327	5.16982e-02
0.13253	5.30111e-02
0.13175	5.43992e-02
0.13094	5.58559e-02
0.13009	5.73742e-02
0.12921	5.89465e-02
0.12831	6.05640e-02
0.12740	6.22157e-02
0.12647	6.38874e-02
0.12555	6.55590e-02
0.12467	6.72005e-02
0.12384	6.87628e-02
0.12312	7.01630e-02
0.12261	7.12657e-02
0.12241	7.19054e-02
0.11212	7.10748e-02
0.11291	7.10323e-02
0.11397	7.06728e-02
0.11524	7.00860e-02
0.11668	6.93112e-02
0.11827	6.83666e-02
0.11998	6.72689e-02
0.12178	6.60395e-02
0.12365	6.47036e-02
0.12557	6.32862e-02
0.12751	6.18094e-02
0.12946	6.02910e-02
0.13139	5.87449e-02
0.13330	5.71813e-02
0.13518	5.56083e-02
0.13701	5.40305e-02
0.13881	5.24516e-02
0.14054	5.08744e-02
0.14222	4.93009e-02
0.14384	4.77333e-02
0.14539	4.61736e-02
0.14687	4.46244e-02
0.14829	4.30890e-02
0.14962	4.15716e-02
0.15088	4.00776e-02
0.15207	3.86133e-02
0.15317	3.71865e-02
0.15419	3.58060e-02
0.15513	3.44817e-02
0.15598	3.32243e-02
0.15674	3.20449e-02
0.15741	3.09458e-02
0.15799	2.99489e-02
0.15848	2.90637e-02
0.15889	2.82978e-02
0.15921	2.76563e-02
0.15944	2.71418e-02
0.15960	2.67490e-02
0.15968	2.64816e-02
0.15969	2.63347e-02
0.15962	2.63022e-02
0.15949	2.63773e-02
0.15929	2.65538e-02
0.15904	2.68259e-02
0.15873	2.71894e-02
0.15838	2.76418e-02
0.15798	2.81819e-02
0.15754	2.88098e-02
0.15707	2.95264e-02
0.15657	3.03333e-02
0.15604	3.12318e-02
0.15550	3.22228e-02
0.15493	3.33064e-02
0.15437	3.44818e-02
0.15379	3.57468e-02
0.15322	3.70987e-02
0.15266	3.85333e-02
0.15212	4.00462e-02
0.15159	4.16320e-02
0.15109	4.32855e-02
0.15063	4.50010e-02
0.15021	4.67736e-02
0.14984	4.85979e-02
0.14951	5.04695e-02
0.14924	5.23845e-02
0.14903	5.43402e-02
0.14888	5.63370e-02
0.14879	5.83702e-02
0.14879	6.04473e-02
0.14885	6.25593e-02
0.14896	6.47072e-02
0.14914	6.68912e-02
0.14938	6.91068e-02
0.14969	7.13120e-02
0.15055	7.25258e-02
0.15230	7.20840e-02
0.15413	7.16064e-02
0.15599	7.12104e-02
0.15786	7.09153e-02
0.15974	7.07310e-02
0.16161	7.06643e-02
0.16347	7.07198e-02
0.16531	7.08997e-02
0.16712	7.12043e-02
0.16888	7.16317e-02
0.17060	7.21779e-02
0.17227	7.28368e-02
0.17388	7.36004e-02
0.17541	7.44591e-02
0.17688	7.54015e-02
0.17826	7.64149e-02
0.17957	7.74852e-02
0.18078	7.85969e-02
0.18191	7.97334e-02
0.18295	8.08765e-02
0.18390	8.20063e-02
0.18476	8.31015e-02
0.18553	8.41383e-02
0.18623	8.50914e-02
0.18686	8.59337e-02
0.18742	8.66383e-02
0.18793	8.71799e-02
0.18840	8.75388e-02
0.18882	8.77032e-02
0.18920	8.76721e-02
0.18953	8.74545e-02
0.18980	8.70672e-02
0.19000	8.65317e-02
0.19013	8.58696e-02
0.19017	8.51043e-02
0.19012	8.42561e-02
0.18996	8.33431e-02
0.18970	8.23809e-02
0.18933	8.13833e-02
0.18884	8.03509e-02
0.18824	7.93049e-02
0.18752	7.82544e-02
0.18669	7.72072e-02
0.18574	7.61699e-02
0.18467	7.51482e-02
0.18349	7.41467e-02
0.18221	7.31691e-02
0.18081	7.22181e-02
0.17930	7.12957e-02
0.17769	7.04028e-02
0.17597	6.95399e-02
0.17416	6.87063e-02
0.17225	6.79007e-02
0.17025	6.71210e-02
0.16817	6.63643e-02
0.16600	6.56270e-02
0.17725	6.03335e-02
0.17544	5.86235e-02
0.17353	5.68931e-02
0.17154	5.51426e-02
0.16946	5.33724e-02
0.16729	5.15834e-02
0.16507	4.98018e-02
0.16277	4.80062e-02
0.16040	4.61994e-02
0.15795	4.43852e-02
0.15543	4.25680e-02
0.15285	4.07536e-02
0.15019	3.89492e-02
0.14748	3.71635e-02
0.14472	3.54071e-02
0.14189	3.36930e-02
0.13902	3.20369e-02
0.13611	3.04575e-02
0.13315	2.89766e-02
0.13017	2.76195e-02
0.12716	2.64144e-02
0.12412	2.53908e-02
0.12108	2.45777e-02
0.11804	2.40003e-02
0.11500	2.36756e-02
0.11199	2.36084e-02
0.10901	2.37882e-02
0.10609	2.41868e-02
0.10324	2.47591e-02
0.10049	2.54437e-02
0.09790	2.61586e-02
0.09548	2.68284e-02
0.09328	2.73682e-02
0.09134	2.77116e-02
0.08968	2.78343e-02
0.08832	2.77716e-02
0.08724	2.76068e-02
0.08643	2.74370e-02
0.08584	2.73750e-02
0.08546	2.75055e-02
0.08527	2.78753e-02
0.08525	2.84929e-02
0.08541	2.93340e-02
0.08574	3.03516e-02
0.08625	3.14885e-02
0.08695	3.26891e-02
0.08782	3.39119e-02
0.08888	3.51357e-02
0.09010	3.63603e-02
0.09145	3.75986e-02
0.09293	3.88679e-02
0.09450	4.01826e-02
0.09615	4.15518e-02
0.09786	4.29786e-02
0.09962	4.44625e-02
0.10142	4.60002e-02
0.10324	4.75875e-02
0.10510	4.92196e-02
0.10697	5.08921e-02
0.10884	5.26008e-02
0.11072	5.43416e-02
0.11260	5.61109e-02
0.11447	5.79044e-02
0.11632	5.97180e-02
0.11815	6.15465e-02
0.11996	6.33845e-02
0.12174	6.52254e-02
0.12348	6.70621e-02
0.12518	6.88866e-02
0.12685	7.06905e-02
0.12847	7.24649e-02
0.13004	7.42008e-02
0.13157	7.58892e-02
0.13306	7.75217e-02
0.13450	7.90900e-02
0.13589	8.05865e-02
0.13725	8.20039e-02
0.13859	8.33407e-02
0.13989	8.45818e-02
0.14117	8.57166e-02
0.14243	8.67293e-02
0.14370	8.75965e-02
0.14499	8.82836e-02
0.14632	8.87578e-02
0.14774	8.89597e-02
0.14926	8.88594e-02
0.15088	8.84616e-02
0.15257	8.77998e-02
0.15431	8.69176e-02
0.15608	8.58543e-02
0.15785	8.46418e-02
0.15962	8.33044e-02
0.16137	8.18616e-02
0.16310	8.03291e-02
0.16480	7.87204e-02
0.16647	7.70474e-02
0.16810	7.53209e-02
0.16969	7.35508e-02
0.17123	7.17466e-02
0.17273	6.99170e-02
0.17418	6.80706e-02
0.17558	6.62155e-02
0.17692	6.43598e-02
0.17820	6.25113e-02
0.17943	6.06778e-02
0.18060	5.88670e-02
0.18836	6.03720e-02
0.18887	5.87449e-02
0.18932	5.71554e-02
0.18971	5.56117e-02
0.19004	5.41223e-02
0.19031	5.26961e-02
0.19053	5.13426e-02
0.19069	5.00712e-02
0.19079	4.88917e-02
0.19083	4.78137e-02
0.19081	4.68460e-02
0.19073	4.59970e-02
0.19060	4.52737e-02
0.19040	4.46814e-02
0.19015	4.42237e-02
0.18983	4.39018e-02
0.18945	4.37145e-02
0.18902	4.36583e-02
0.18852	4.37269e-02
0.18797	4.39123e-02
0.18735	4.42042e-02
0.18668	4.45908e-02
0.18596	4.50592e-02
0.18519	4.55955e-02
0.18437	4.61966e-02
0.18351	4.68352e-02
0.18262	4.74957e-02
0.18170	4.81632e-02
0.18076	4.88224e-02
0.17982	4.94899e-02
0.17889	5.01194e-02
0.17796	5.06970e-02
0.17704	5.12092e-02
0.17614	5.16431e-02
0.17527	5.19869e-02
0.17444	5.22298e-02
0.17365	5.23626e-02
0.17290	5.23778e-02
0.17222	5.22701e-02
0.17158	5.20364e-02
0.17100	5.16765e-02
0.17048	5.11924e-02
0.17001	5.05888e-02
0.16960	4.98729e-02
0.16923	4.90537e-02
0.16890	4.81421e-02
0.16861	4.71505e-02
0.16835	4.60921e-02
0.16812	4.49811e-02
0.16790	4.38319e-02
0.16769	4.26591e-02
0.16749	4.14775e-02
0.16729	4.03014e-02
0.16708	3.91446e-02
0.16686	3.80203e-02
0.16662	3.69408e-02
0.16636	3.59167e-02
0.16608	3.49575e-02
0.16577	3.40704e-02
0.16542	3.32604e-02
0.16504	3.25302e-02
0.16462	3.18800e-02
0.16415	3.13072e-02
0.16364	3.08070e-02
0.16309	3.03727e-02
0.16248	2.99960e-02
0.16183	2.96676e-02
0.16112	2.93777e-02
0.16037	2.91169e-02
0.15956	2.88761e-02
0.15871	2.86475e-02
0.15781	2.84239e-02
0.15687	2.82008e-02
0.15587	2.79743e-02
0.15483	2.77421e-02
0.15374	2.75034e-02
0.15260	2.72583e-02
0.15142	2.70109e-02
0.15020	2.67595e-02
0.14893	2.65065e-02
0.14762	2.62551e-02
0.14627	2.60086e-02
0.14487	2.57706e-02
0.14343	2.55444e-02
0.14195	2.53336e-02
0.14042	2.51411e-02
0.13886	2.49702e-02
0.13726	2.48237e-02
0.13562	2.47042e-02
0.13395	2.46143e-02
0.13224	2.45567e-02
0.13050	2.45338e-02
0.12872	2.45483e-02
0.12692	2.46031e-02
0.12509	2.47010e-02
0.12323	2.48453e-02
0.12135	2.50391e-02
0.11946	2.52861e-02
0.11754	2.55898e-02
0.11561	2.59539e-02
0.11367	2.63822e-02
0.11172	2.68781e-02
0.10976	2.74451e-02
0.10780	2.80864e-02
0.10584	2.88046e-02
0.10388	2.96019e-02
0.10192	3.04797e-02
0.09997	3.14387e-02
0.09802	3.24786e-02
0.09609	3.35976e-02
0.09416	3.47928e-02
0.09225	3.60596e-02
0.09037	3.73914e-02
0.08850	3.87796e-02
0.08667	4.02123e-02
0.08489	4.16744e-02
0.08317	4.31458e-02
0.08153	4.46003e-02
0.08001	4.60038e-02
0.07864	4.73132e-02
0.07748	4.84785e-02
0.07657	4.94502e-02
0.07597	5.01945e-02
0.07570	5.07089e-02
0.07572	5.10456e-02
0.07601	5.12411e-02
0.07656	5.13537e-02
0.07731	5.14338e-02
0.07824	5.15190e-02
0.05464	1.68302e-02
0.05604	1.85932e-02
0.05762	2.06015e-02
0.05936	2.27636e-02
0.06127	2.50115e-02
0.06333	2.72916e-02
0.06553	2.95630e-02
0.06788	3.17968e-02
0.07035	3.39743e-02
0.07294	3.60861e-02
0.07564	3.81294e-02
0.07842	4.01062e-02
0.08127	4.20207e-02
0.08417	4.38783e-02
0.08711	4.56839e-02
0.09008	4.74417e-02
0.09306	4.91549e-02
0.09605	5.08256e-02
0.09903	5.24550e-02
0.10201	5.40433e-02
0.10496	5.55899e-02
0.10790	5.70934e-02
0.11080	5.85515e-02
0.11367	5.99616e-02
0.11650	6.13200e-02
0.11928	6.26228e-02
0.12201	6.38655e-02
0.12468	6.50433e-02
0.12729	6.61515e-02
0.12983	6.71852e-02
0.13229	6.81401e-02
0.13467	6.90121e-02
0.13697	6.97979e-02
0.13917	7.04948e-02
0.14128	7.11010e-02
0.14329	7.16151e-02
0.14519	7.20367e-02
0.14698	7.23656e-02
0.14865	7.26024e-02
0.15021	7.27480e-02
0.15166	7.28034e-02
0.15298	7.27702e-02
0.15420	7.26430e-02
0.15530	7.24314e-02
0.15627	7.21374e-02
0.15713	7.17631e-02
0.15787	7.13111e-02
0.15850	7.07842e-02
0.15901	7.01866e-02
0.15941	6.95210e-02
0.15971	6.87915e-02
0.15990	6.80026e-02
0.15999	6.71589e-02
0.15999	6.62655e-02
0.15989	6.53278e-02
0.15971	6.43514e-02
0.15943	6.33420e-02
0.15908	6.23054e-02
0.15865	6.12476e-02
0.15814	6.01743e-02
0.15756	5.90915e-02
0.15691	5.80046e-02
0.15620	5.69191e-02
0.15542	5.58402e-02
0.15459	5.47724e-02
0.15371	5.37200e-02
0.15278	5.26869e-02
0.15180	5.16763e-02
0.15078	5.06907e-02
0.14973	4.97321e-02
0.14864	4.88021e-02
0.14753	4.79014e-02
0.14639	4.70305e-02
0.14524	4.61892e-02
0.14407	4.53772e-02
0.14289	4.45940e-02
0.14171	4.38391e-02
0.14053	4.31121e-02
0.13935	4.24129e-02
0.13819	4.17418e-02
0.13704	4.10999e-02
0.13592	4.04886e-02
0.13482	3.99102e-02
0.13376	3.93674e-02
0.13273	3.88637e-02
0.13174	3.84028e-02
0.13081	3.79885e-02
0.12993	3.76245e-02
0.12912	3.73141e-02
0.12837	3.70597e-02
0.12770	3.68625e-02
0.12711	3.67222e-02
0.12662	3.66373e-02
0.12622	3.66046e-02
0.12592	3.66199e-02
0.12575	3.66761e-02
0.12569	3.67702e-02
0.12575	3.68987e-02
0.12593	3.70600e-02
0.12623	3.72550e-02
0.12664	3.74872e-02
0.12715	3.77630e-02
0.11392	3.41865e-02
0.11408	3.39050e-02
0.11431	3.37071e-02
0.11458	3.36074e-02
0.11488	3.36167e-02
0.11518	3.37408e-02
0.11547	3.39801e-02
0.11572	3.43298e-02
0.11593	3.47804e-02
0.11607	3.53192e-02
0.11614	3.59309e-02
0.11612	3.65995e-02
0.11601	3.73086e-02
0.11579	3.80423e-02
0.11548	3.87859e-02
0.11505	3.95256e-02
0.11451	4.02492e-02
0.11386	4.09454e-02
0.11310	4.16042e-02
0.11223	4.22163e-02
0.11124	4.27734e-02
0.11015	4.32675e-02
0.10896	4.36909e-02
0.10767	4.40362e-02
0.10629	4.42959e-02
0.10483	4.44623e-02
0.10328	4.45274e-02
0.10167	4.44828e-02
0.10000	4.43197e-02
0.09828	4.40289e-02
0.09652	4.36013e-02
0.09474	4.30276e-02
0.09295	4.22995e-02
0.09116	4.14099e-02
0.08939	4.03541e-02
0.08764	3.91299e-02
0.08593	3.77390e-02
0.08425	3.61871e-02
0.08262	3.44839e-02
0.08105	3.26433e-02
0.08272	3.71686e-02
0.08188	3.44295e-02
0.08110	3.15234e-02
0.08038	2.84652e-02
0.07973	2.52698e-02
0.07913	2.19518e-02
0.07857	1.85358e-02
0.07805	1.50310e-02
0.07757	1.14503e-02
0.07713	7.80577e-03
0.07673	4.10926e-03
0.07637	3.72348e-04
0.07606	3.39331e-03
0.07580	7.17563e-03
0.07558	1.09617e-02
0.07543	1.47374e-02
0.07535	1.84863e-02
0.07535	2.21893e-02
0.07546	2.58234e-02
0.07569	2.93606e-02
0.07607	3.27667e-02
0.07665	3.60009e-02
0.07745	3.90157e-02
0.07854	4.17602e-02
0.07995	4.41849e-02
0.08172	4.62506e-02
0.08386	4.79358e-02
0.08637	4.92416e-02
0.08922	5.01889e-02
0.09238	5.08121e-02
0.09579	5.11503e-02
0.09941	5.12409e-02
0.10321	5.11164e-02
0.10714	5.08029e-02
0.11120	5.03207e-02
0.11534	4.96850e-02
0.11956	4.89068e-02
0.12385	4.79940e-02
0.12818	4.69522e-02
0.13255	4.57855e-02
0.13696	4.44967e-02
0.14139	4.30880e-02
0.14583	4.15612e-02
0.15029	3.99179e-02
0.15475	3.81597e-02
0.15922	3.62884e-02
0.16368	3.43061e-02
0.16813	3.22149e-02
0.17258	3.00178e-02
0.17701	2.77180e-02
0.18142	2.53195e-02
0.18581	2.28270e-02
0.19018	2.02465e-02
0.19448	1.76345e-02
0.19874	1.49542e-02
0.20296	1.22140e-02
0.20714	9.42397e-03
0.21128	6.59520e-03
0.21537	3.74004e-03
0.21940	8.71808e-04
0.22337	1.99566e-03
0.22726	4.84845e-03
0.23108	7.67318e-03
0.23480	1.04576e-02
0.23843	1.31909e-02
0.24195	1.58647e-02
0.24535	1.84724e-02
0.24863	2.10099e-02
0.25178	2.34751e-02
0.25479	2.58677e-02
0.25765	2.81886e-02
0.26035	3.04396e-02
0.26290	3.26231e-02
0.26527	3.47413e-02
0.26748	3.67963e-02
0.26951	3.87896e-02
0.27136	4.07222e-02
0.27304	4.25945e-02
0.27454	4.44062e-02
0.27586	4.61567e-02
0.27701	4.78448e-02
0.27799	4.94692e-02
0.27880	5.10281e-02
0.27945	5.25200e-02
0.27994	5.39429e-02
0.28028	5.52951e-02
0.28048	5.65747e-02
0.28054	5.77799e-02
0.28048	5.89089e-02
0.28029	5.99596e-02
0.27999	6.09303e-02
0.27959	6.18190e-02
0.27908	6.26235e-02
0.27849	6.33415e-02
0.27781	6.39709e-02
0.27706	6.45091e-02
0.27625	6.49534e-02
0.27538	6.53012e-02
0.27445	6.55494e-02
0.27349	6.56952e-02
0.27250	6.57353e-02
0.27147	6.56668e-02
0.27043	6.54863e-02
0.26938	6.51910e-02
0.26833	6.47778e-02
0.26728	6.42439e-02
0.26622	6.36041e-02
0.26517	6.28417e-02
0.26413	6.19546e-02
0.26312	6.09413e-02
0.26212	5.98006e-02
0.26116	5.85318e-02
0.26021	5.71352e-02
0.25930	5.56113e-02
0.25841	5.39616e-02
0.25755	5.21883e-02
0.25671	5.02941e-02
0.25589	4.82826e-02
0.25509	4.61580e-02
0.25431	4.39251e-02
0.25353	4.15894e-02
0.25275	3.91566e-02
0.25197	3.66333e-02
0.25119	3.40261e-02
0.25039	3.13421e-02
0.24957	2.85888e-02
0.24873	2.57740e-02
0.24786	2.29058e-02
0.24696	1.99927e-02
0.24602	1.70437e-02
0.24504	1.40681e-02
0.24401	1.10758e-02
0.24294	8.07738e-03
0.24183	5.08394e-03
0.24067	2.10747e-03
0.23948	8.39194e-04
0.23824	3.74226e-03
0.23697	6.58692e-03
0.23569	9.35725e-03
0.23438	1.20362e-02
0.23308	1.46056e-02
0.23179	1.70462e-02
0.23053	1.93378e-02
0.22932	2.14594e-02
0.22817	2.33900e-02
0.22712	2.51083e-02
0.22616	2.65942e-02
0.22534	2.78289e-02
0.22466	2.87962e-02
0.22414	2.94833e-02
0.22380	2.98814e-02
0.22364	2.99871e-02
0.22366	2.98023e-02
0.25320	0.00000e+00
0.25284	0.00000e+00
0.25240	0.00000e+00
0.25187	0.00000e+00
0.25126	0.00000e+00
0.25058	0.00000e+00
0.24984	0.00000e+00
0.24904	0.00000e+00
0.24818	0.00000e+00
0.24727	0.00000e+00
0.24632	0.00000e+00
0.24532	0.00000e+00
0.24429	0.00000e+00
0.24321	0.00000e+00
0.24210	0.00000e+00
0.24095	0.00000e+00
0.23977	0.00000e+00
0.23855	0.00000e+00
0.23729	0.00000e+00
0.23599	0.00000e+00
0.23465	0.00000e+00
0.23326	0.00000e+00
0.23181	0.00000e+00
0.23032	0.00000e+00
0.22876	0.00000e+00
0.22714	0.00000e+00
0.22544	0.00000e+00
0.22367	0.00000e+00
0.22182	0.00000e+00
0.21989	0.00000e+00
0.21786	0.00000e+00
0.21575	0.00000e+00
0.21353	0.00000e+00
0.21122	0.00000e+00
0.20881	0.00000e+00
0.20629	0.00000e+00
0.20368	0.00000e+00
0.20096	0.00000e+00
0.19815	0.00000e+00
0.19526	0.00000e+00
0.19228	0.00000e+00
0.18922	0.00000e+00
0.18610	0.00000e+00
0.18294	0.00000e+00
0.17974	0.00000e+00
0.17652	0.00000e+00
0.17332	0.00000e+00
0.17015	0.00000e+00
0.16704	0.00000e+00
0.16403	0.00000e+00
0.16116	0.00000e+00
0.15846	0.00000e+00
0.15598	0.00000e+00
